issued_utc,valid_utc,station_id,lead_h,cams_raw,corrected,cams24,corr24,blend24,obs_basis,correctedA,blend24A,correctedML,blend24ML,inc,fire,blh,ws,pr,obs_last,obs24_last,kfAb,hloc,doy,t2,rh,ws10,wd,o_ws,o_wd,o_t2,o_rh,monitor
2026-10-04T14:00Z,2026-10-04T15:00Z,a4t:119t,1,5.45,10.1,5.2,10.1,10.4,h,10.1,10.4,,,0,0,118.019,1.575,0.103,11,10.4,0.576,22,277,26.09,94.037,0.84,194.489,2,298,28.2,91,1
2026-10-04T14:00Z,2026-10-04T17:00Z,a4t:119t,3,5.3,9.6,5,9.6,10.4,h,9.6,10.4,,,0,0,51.322,0.962,0.008,11,10.4,0.576,0,277,25.877,94.072,0.231,292.926,2,298,28.2,91,1
2026-10-04T14:00Z,2026-10-04T20:00Z,a4t:119t,6,3.7,6.7,4.7,8.9,10.4,h,6.7,10.4,,,0,0,89.683,1.244,0,11,10.4,0.576,3,277,25.031,96.395,0.789,3.824,2,298,28.2,91,1
2026-10-04T14:00Z,2026-10-05T02:00Z,a4t:119t,12,3.8499999999999996,6.5,4.4,8.2,10,h,6.5,10,,,0,0,585.321,3.473,0,11,10.4,0.576,9,278,28.001,81.298,2.706,252.785,2,298,28.2,91,1
2026-10-04T14:00Z,2026-10-05T14:00Z,a4t:119t,24,3.25,4.9,3.9,6.7,9.2,h,4.9,9.2,,,0,0,211.548,2.851,2.106,11,10.4,0.576,21,278,24.961,96.592,1.325,313.777,2,298,28.2,91,1
2026-10-04T14:00Z,2026-10-06T14:00Z,a4t:119t,48,2.35,3.1,2.5,3.6,7,h,3.1,7,,,0,0,133.737,2.237,0.963,11,10.4,0.576,21,279,24.86,96.787,1.268,313.218,2,298,28.2,91,1
2026-10-04T14:00Z,2026-10-04T15:00Z,a4t:02t,1,15.200000000000001,21.8,15.3,22.5,17.8,h,21.8,17.8,,,0,0,92.193,0.821,0.179,24,17.8,0.364,22,277,25.342,96.18,0.343,119.1,,,,,1
2026-10-04T14:00Z,2026-10-04T17:00Z,a4t:02t,3,21.65,30.5,15.9,23.2,17.9,h,30.5,17.9,,,0,0,68.631,0.555,0,24,17.8,0.364,0,277,25.22,95.827,0.123,111.399,,,,,1
2026-10-04T14:00Z,2026-10-04T20:00Z,a4t:02t,6,26.450000000000003,36.4,17.3,25,18.3,h,36.4,18.3,,,0,0.002,99.944,1.327,0,24,17.8,0.364,3,277,24.949,96.346,0.581,88.776,,,,,1
2026-10-04T14:00Z,2026-10-05T02:00Z,a4t:02t,12,26,34.4,19.8,27.8,19.8,h,34.4,19.8,,,0,0.004,429.27,0.58,0.1,24,17.8,0.364,9,278,28.185,82.536,0.439,57.279,,,,,1
2026-10-04T14:00Z,2026-10-05T14:00Z,a4t:02t,24,32.85,40.8,29.6,38.8,24.5,h,40.8,24.5,,,0,0,62.918,0.483,0.068,24,17.8,0.364,21,278,25.229,96.6,0.187,90.775,,,,,1
2026-10-04T14:00Z,2026-10-06T14:00Z,a4t:02t,48,40.95,46.7,22.3,26.5,22.1,h,46.7,22.1,,,0,0,87.065,1.748,0.164,24,17.8,0.364,21,279,25.36,96.721,0.747,358.386,,,,,1
2026-10-04T14:00Z,2026-10-04T15:00Z,a4t:50t,1,15.200000000000001,26.8,15.3,27.6,21.5,h,26.8,21.5,,,0,0,89.865,0.76,0.196,24,21.5,0.565,22,277,25.313,96.243,0.295,127.458,,,30.2,71,1
2026-10-04T14:00Z,2026-10-04T17:00Z,a4t:50t,3,21.65,37.1,15.9,28.5,21.6,h,37.1,21.6,,,0,0,68.748,0.648,0,24,21.5,0.565,0,277,25.197,95.981,0.188,113.712,,,30.2,71,1
2026-10-04T14:00Z,2026-10-04T20:00Z,a4t:50t,6,26.450000000000003,43.7,17.3,30.6,22,h,43.7,22,,,0,0.003,98.758,1.414,0,24,21.5,0.565,3,277,24.943,96.425,0.614,92.993,,,30.2,71,1
2026-10-04T14:00Z,2026-10-05T02:00Z,a4t:50t,12,26,40.5,19.8,33.7,23.7,h,40.5,23.7,,,0,0.003,425.814,0.597,0.1,24,21.5,0.565,9,278,28.204,82.534,0.452,70.827,,,30.2,71,1
2026-10-04T14:00Z,2026-10-05T14:00Z,a4t:50t,24,32.85,46.3,29.6,45.5,29.2,h,46.3,29.2,,,0,0,61.971,0.548,0.063,24,21.5,0.565,21,278,25.221,96.735,0.235,95.401,,,30.2,71,1
2026-10-04T14:00Z,2026-10-06T14:00Z,a4t:50t,48,40.95,50.4,22.3,29.3,25.4,h,50.4,25.4,,,0,0,83.15,1.671,0.15,24,21.5,0.565,21,279,25.358,96.763,0.686,0.173,,,30.2,71,1
2026-10-04T14:00Z,2026-10-04T15:00Z,a4t:52t,1,15.200000000000001,23.5,15.3,24.1,20.6,h,23.5,20.6,,,0,0,91.98,0.812,0.177,16,20.6,0.431,22,277,25.349,96.163,0.339,118.768,,,,,1
2026-10-04T14:00Z,2026-10-04T17:00Z,a4t:52t,3,21.65,32.7,15.9,24.9,20.7,h,32.7,20.7,,,0,0,68.602,0.549,0,16,20.6,0.431,0,277,25.225,95.821,0.118,111.62,,,,,1
2026-10-04T14:00Z,2026-10-04T20:00Z,a4t:52t,6,26.450000000000003,38.8,17.3,26.8,21,h,38.8,21,,,0,0.002,99.858,1.317,0,16,20.6,0.431,3,277,24.952,96.342,0.575,88.781,,,,,1
2026-10-04T14:00Z,2026-10-05T02:00Z,a4t:52t,12,26,36.5,19.8,29.7,22.4,h,36.5,22.4,,,0,0.004,429.608,0.583,0.1,16,20.6,0.431,9,278,28.186,82.547,0.442,56.849,,,,,1
2026-10-04T14:00Z,2026-10-05T14:00Z,a4t:52t,24,32.85,42.7,29.6,41.1,27.2,h,42.7,27.2,,,0,0,62.992,0.478,0.07,16,20.6,0.431,21,278,25.229,96.6,0.184,91.293,,,,,1
2026-10-04T14:00Z,2026-10-06T14:00Z,a4t:52t,48,40.95,48,22.3,27.4,24,h,48,24,,,0,0,87.466,1.754,0.168,16,20.6,0.431,21,279,25.36,96.715,0.749,358.477,,,,,1
2026-10-04T14:00Z,2026-10-04T15:00Z,a4t:53t,1,15.200000000000001,24,15.3,24.8,21,h,24,21,,,0,0.001,90.5,0.802,0.236,34,21,0.463,22,277,25.191,96.534,0.302,139.211,,,27.7,28,1
2026-10-04T14:00Z,2026-10-04T17:00Z,a4t:53t,3,21.65,33.4,15.9,25.7,21.1,h,33.4,21.1,,,0,0.001,69.167,0.775,0,34,21,0.463,0,277,25.108,96.213,0.286,112.404,,,27.7,28,1
2026-10-04T14:00Z,2026-10-04T20:00Z,a4t:53t,6,26.450000000000003,39.6,17.3,27.6,21.5,h,39.6,21.5,,,0,0.005,98.16,1.607,0,34,21,0.463,3,277,24.892,96.582,0.707,94.571,,,27.7,28,1
2026-10-04T14:00Z,2026-10-05T02:00Z,a4t:53t,12,26,37.1,19.8,30.5,23,h,37.1,23,,,0,0.004,417.998,0.617,0.1,34,21,0.463,9,278,28.214,82.443,0.474,86.521,,,27.7,28,1
2026-10-04T14:00Z,2026-10-05T14:00Z,a4t:53t,24,32.85,43.3,29.6,41.8,27.7,h,43.3,27.7,,,0,0,60.185,0.655,0.042,34,21,0.463,21,278,25.195,96.862,0.291,92.725,,,27.7,28,1
2026-10-04T14:00Z,2026-10-06T14:00Z,a4t:53t,48,40.95,48.4,22.3,27.7,24.4,h,48.4,24.4,,,0,0,74.113,1.517,0.1,34,21,0.463,21,279,25.367,96.905,0.603,359.151,,,27.7,28,1
2026-10-04T14:00Z,2026-10-04T15:00Z,a4t:59t,1,15.200000000000001,12.5,15.3,12.5,15.8,h,12.5,15.8,,,0,0,92.31,0.84,0.212,14,15.8,-0.193,22,277,25.243,96.413,0.337,129.074,0.3,191,25.8,99,1
2026-10-04T14:00Z,2026-10-04T17:00Z,a4t:59t,3,21.65,18,15.9,13,15.8,h,18,15.8,,,0,0.001,69.004,0.681,0,14,15.8,-0.193,0,277,25.15,96.027,0.219,111.215,0.3,191,25.8,99,1
2026-10-04T14:00Z,2026-10-04T20:00Z,a4t:59t,6,26.450000000000003,22.3,17.3,14.2,15.9,h,22.3,15.9,,,0,0.004,99.517,1.496,0,14,15.8,-0.193,3,277,24.911,96.469,0.664,91.664,0.3,191,25.8,99,1
2026-10-04T14:00Z,2026-10-05T02:00Z,a4t:59t,12,26,22.4,19.8,16.5,16.4,h,22.4,16.4,,,0,0.004,422.723,0.57,0.1,14,15.8,-0.193,9,278,28.197,82.444,0.431,73.285,0.3,191,25.8,99,1
2026-10-04T14:00Z,2026-10-05T14:00Z,a4t:59t,24,32.85,29.3,29.6,25.6,18.9,h,29.3,18.9,,,0,0,61.358,0.585,0.05,14,15.8,-0.193,21,278,25.211,96.721,0.247,90.042,0.3,191,25.8,99,1
2026-10-04T14:00Z,2026-10-06T14:00Z,a4t:59t,48,40.95,38.2,22.3,20.4,18.1,h,38.2,18.1,,,0,0,79.487,1.617,0.12,14,15.8,-0.193,21,279,25.367,96.829,0.671,358.374,0.3,191,25.8,99,1
2026-10-04T14:00Z,2026-10-04T15:00Z,a4t:61t,1,16.65,23.9,19.4,28.2,18.1,h,23.9,18.1,,,0,0.001,88.281,0.757,0.236,25,18.1,0.357,22,277,25.21,96.485,0.268,143.419,,,,,1
2026-10-04T14:00Z,2026-10-04T17:00Z,a4t:61t,3,19.25,27.1,19.1,27.6,18.2,h,27.1,18.2,,,0,0.001,69.112,0.807,0,25,18.1,0.357,0,277,25.119,96.264,0.305,114.216,,,,,1
2026-10-04T14:00Z,2026-10-04T20:00Z,a4t:61t,6,20.35,28.1,18.8,27,18.4,h,28.1,18.4,,,0,0.005,97.304,1.618,0,25,18.1,0.357,3,277,24.905,96.597,0.702,96.862,,,,,1
2026-10-04T14:00Z,2026-10-05T02:00Z,a4t:61t,12,14.149999999999999,18.9,17.2,24.3,19,h,18.9,19,,,0,0.003,417.791,0.661,0.1,25,18.1,0.357,9,278,28.227,82.479,0.51,90.457,,,,,1
2026-10-04T14:00Z,2026-10-05T14:00Z,a4t:61t,24,15.65,19.6,18.2,24.3,20.1,h,19.6,20.1,,,0,0,60.012,0.672,0.044,25,18.1,0.357,21,278,25.197,96.932,0.31,96.532,,,,,1
2026-10-04T14:00Z,2026-10-06T14:00Z,a4t:61t,48,30.049999999999997,34.3,13.6,16.2,17.1,h,34.3,17.1,,,0,0,73.949,1.507,0.107,25,18.1,0.357,21,279,25.363,96.893,0.582,1.144,,,,,1
2026-10-04T14:00Z,2026-10-04T15:00Z,a4t:o10,1,16.65,27.8,19.4,33,20.3,h,27.8,20.3,,,0,0.002,87.336,0.757,0.252,39,20.3,0.51,22,277,25.174,96.567,0.26,150.235,,,,,1
2026-10-04T14:00Z,2026-10-04T17:00Z,a4t:o10,3,19.25,31.4,19.1,32.3,20.4,h,31.4,20.4,,,0,0.002,69.221,0.863,0,39,20.3,0.51,0,277,25.091,96.378,0.346,114.528,,,,,1
2026-10-04T14:00Z,2026-10-04T20:00Z,a4t:o10,6,20.35,32.2,18.8,31.5,20.6,h,32.2,20.6,,,0,0.006,96.511,1.691,0,39,20.3,0.51,3,277,24.892,96.667,0.731,98.182,,,,,1
2026-10-04T14:00Z,2026-10-05T02:00Z,a4t:o10,12,14.149999999999999,21.4,17.2,28.2,21.3,h,21.4,21.3,,,0,0.003,414.794,0.707,0.1,39,20.3,0.51,9,278,28.236,82.475,0.55,96.635,,,,,1
2026-10-04T14:00Z,2026-10-05T14:00Z,a4t:o10,24,15.65,21.5,18.2,27.4,22.6,h,21.5,22.6,,,0,0,59.281,0.715,0.039,39,20.3,0.51,21,278,25.186,97.016,0.336,97.36,,,,,1
2026-10-04T14:00Z,2026-10-06T14:00Z,a4t:o10,48,30.049999999999997,36.3,13.6,17.4,18.9,h,36.3,18.9,,,0,0,70.535,1.444,0.094,39,20.3,0.51,21,279,25.364,96.943,0.542,1.568,,,,,1
2026-10-04T14:00Z,2026-10-04T15:00Z,a4t:79t,1,9.85,25.1,9.8,25.9,23.8,h,25.1,23.8,,,0,0,83.778,1.146,0.007,21,23.8,0.913,22,277,23.941,97.391,0.57,84.219,,,,,1
2026-10-04T14:00Z,2026-10-04T17:00Z,a4t:79t,3,10.75,26.2,10,26.1,23.8,h,26.2,23.8,,,0,0.003,51.432,0.505,0,21,23.8,0.913,0,277,23.663,96.796,0.434,223.819,,,,,1
2026-10-04T14:00Z,2026-10-04T20:00Z,a4t:79t,6,13.75,31.5,10.6,27.2,23.9,h,31.5,23.9,,,0,0.009,87.674,0.223,0,21,23.8,0.913,3,277,23.217,96.891,0.071,51.91,,,,,1
2026-10-04T14:00Z,2026-10-05T02:00Z,a4t:79t,12,9.850000000000001,20.8,11.8,28.9,24.5,h,20.8,24.5,,,0,0.025,495.444,0.856,0.052,21,23.8,0.913,9,278,26.441,81.548,0.694,15.566,,,,,1
2026-10-04T14:00Z,2026-10-05T14:00Z,a4t:79t,24,11.5,20.5,10.9,23.2,23.6,h,20.5,23.6,,,0,0.001,53.095,0.314,0,21,23.8,0.913,21,278,23.902,97.321,0.179,92.986,,,,,1
2026-10-04T14:00Z,2026-10-06T14:00Z,a4t:79t,48,9.6,13.7,7.5,12.1,18,h,13.7,18,,,0,0,110.925,1.455,0.017,21,23.8,0.913,21,279,23.756,96.938,0.757,19.777,,,,,1
2026-10-04T14:00Z,2026-10-04T15:00Z,a4t:107t,1,4.3,12.8,5.7,17.1,11.2,h,12.8,11.2,,,0,0,99.142,0.865,0,16,11.2,0.994,22,277,25.049,97.829,0.391,81.913,1.1,133,28,75,1
2026-10-04T14:00Z,2026-10-04T17:00Z,a4t:107t,3,5.15,14.3,5.6,16.7,11.2,h,14.3,11.2,,,0,0,88.889,1.555,0.065,16,11.2,0.994,0,277,24.738,98.873,0.823,154.322,1.1,133,28,75,1
2026-10-04T14:00Z,2026-10-04T20:00Z,a4t:107t,6,4.05,10.9,5.4,15.8,11.3,h,10.9,11.3,,,0,0,92.864,1.259,0,16,11.2,0.994,3,277,24.527,98.51,0.601,88.098,1.1,133,28,75,1
2026-10-04T14:00Z,2026-10-05T02:00Z,a4t:107t,12,2.25,5.9,4,11.6,11.2,h,5.9,11.2,,,0,0,452.521,1.778,1.26,16,11.2,0.994,9,278,26.212,87.01,1.343,71.535,1.1,133,28,75,1
2026-10-04T14:00Z,2026-10-05T14:00Z,a4t:107t,24,4.8,9.5,3.9,9.5,10.7,h,9.5,10.7,,,0,0,151.173,2.776,0.379,16,11.2,0.994,21,278,24.214,95.173,0.716,61.418,1.1,133,28,75,1
2026-10-04T14:00Z,2026-10-06T14:00Z,a4t:107t,48,11.25,16.5,7.4,12,11.6,h,16.5,11.6,,,0,0,347.805,5.389,0,16,11.2,0.994,21,279,24.611,82.221,2.689,76.254,1.1,133,28,75,1
2026-10-04T14:00Z,2026-10-04T15:00Z,a4t:94t,1,9.2,12.4,10.6,14.3,13.2,h,12.4,13.2,,,0,0.002,192.004,2.481,1.219,11,13.2,0.281,22,277,24.601,95.65,1.491,222.011,1.6,233,,,1
2026-10-04T14:00Z,2026-10-04T17:00Z,a4t:94t,3,9.55,12.7,10.5,14.3,13.2,h,12.7,13.2,,,0,0.002,27.571,0.134,0.18,11,13.2,0.281,0,277,24.472,96.01,0.026,277.926,1.6,233,,,1
2026-10-04T14:00Z,2026-10-04T20:00Z,a4t:94t,6,9.6,12.5,10.4,14,13.2,h,12.5,13.2,,,0,0.002,82.132,0.904,0,11,13.2,0.281,3,277,24.209,97.721,0.239,348.564,1.6,233,,,1
2026-10-04T14:00Z,2026-10-05T02:00Z,a4t:94t,12,7.25,9.2,9.5,12.7,13.1,h,9.2,13.1,,,0,0.002,437.773,1.033,0.081,11,13.2,0.281,9,278,26.791,83.908,0.834,15.149,1.6,233,,,1
2026-10-04T14:00Z,2026-10-05T14:00Z,a4t:94t,24,5.85,7.1,7.7,9.8,12.1,h,7.1,12.1,,,0,0.001,151.175,3.224,0.217,11,13.2,0.281,21,278,25.08,98.613,2.274,14.645,1.6,233,,,1
2026-10-04T14:00Z,2026-10-06T14:00Z,a4t:94t,48,5.85,6.6,3.7,4.3,8.8,h,6.6,8.8,,,0,0,81.405,1.442,1.798,11,13.2,0.281,21,279,24.609,95.823,1.23,345.585,1.6,233,,,1
2026-10-04T14:00Z,2026-10-04T15:00Z,a4t:46t,1,10.65,20,8.7,16.8,19,h,20,19,,,0,0,80.489,0.365,0,32,19,0.615,22,277,24.754,98.092,0.261,335.546,,,,,1
2026-10-04T14:00Z,2026-10-04T17:00Z,a4t:46t,3,11.4,20.8,8.8,17.1,19.1,h,20.8,19.1,,,0,0,63.341,0.991,0.112,32,19,0.615,0,277,24.463,99.463,0.48,135.83,,,,,1
2026-10-04T14:00Z,2026-10-04T20:00Z,a4t:46t,6,9.8,17.4,9,17.2,19.2,h,17.4,19.2,,,0,0,65.613,0.673,0,32,19,0.615,3,277,24.436,98.183,0.36,51.784,,,,,1
2026-10-04T14:00Z,2026-10-05T02:00Z,a4t:46t,12,4.800000000000001,8.3,8.4,15.7,18.7,h,8.3,18.7,,,0,0,406.866,0.946,2.186,32,19,0.615,9,278,25.602,88.782,0.679,46.809,,,,,1
2026-10-04T14:00Z,2026-10-05T14:00Z,a4t:46t,24,6.4,9.7,6.5,11.3,16.5,h,9.7,16.5,,,0,0,82.305,1.861,0.804,32,19,0.615,21,278,24.022,95.312,0.193,59.122,,,,,1
2026-10-04T14:00Z,2026-10-06T14:00Z,a4t:46t,48,17.3,21.8,8.7,11.6,15.3,h,21.8,15.3,,,0,0,260.4,5.148,0,32,19,0.615,21,279,24.948,80.038,2.429,71.763,,,,,1
2026-10-04T14:00Z,2026-10-04T15:00Z,a4t:100t,1,7.199999999999999,12.8,,,,h,12.8,,,,0,0,212.039,1.985,0,,,0.589,22,277,26.477,89.48,1.162,150.095,2.3,179,30.8,68,1
2026-10-04T14:00Z,2026-10-04T17:00Z,a4t:100t,3,6.75,11.8,,,,h,11.8,,,,0,0,215.027,1.965,0,,,0.589,0,277,26.108,89.67,1.216,150.118,2.3,179,30.8,68,1
2026-10-04T14:00Z,2026-10-04T20:00Z,a4t:100t,6,5.75,9.8,,,,h,9.8,,,,0,0,164.744,2.529,0.07,,,0.589,3,277,25.309,91.742,1.386,156.706,2.3,179,30.8,68,1
2026-10-04T14:00Z,2026-10-05T02:00Z,a4t:100t,12,4.95,8,,,,h,8,,,,0,0,495.411,1.114,0.025,,,0.589,9,278,28.081,79.999,0.994,157.204,2.3,179,30.8,68,1
2026-10-04T14:00Z,2026-10-05T14:00Z,a4t:100t,24,4.4,6.5,,,,h,6.5,,,,0,0,187.508,1.02,0.049,,,0.589,21,278,26.078,90.02,1.462,110.808,2.3,179,30.8,68,1
2026-10-04T14:00Z,2026-10-06T14:00Z,a4t:100t,48,4.4,5.6,,,,h,5.6,,,,0,0,187.558,1.259,0.178,,,0.589,21,279,25.769,91.591,0.831,25.888,2.3,179,30.8,68,1
2026-10-04T14:00Z,2026-10-04T15:00Z,a4t:60t,1,14.2,18.7,18,24,17.9,h,18.7,17.9,,,0,0,57.471,1.204,0.21,16,17.9,0.276,22,277,25.313,96.135,0.247,182.698,,,,,1
2026-10-04T14:00Z,2026-10-04T17:00Z,a4t:60t,3,14.15,18.4,17.2,23,18,h,18.4,18,,,0,0,63.095,1.804,0,16,17.9,0.276,0,277,25.095,96.891,1.007,123.301,,,,,1
2026-10-04T14:00Z,2026-10-04T20:00Z,a4t:60t,6,16.8,21.5,16.3,21.7,18,h,21.5,18,,,0,0,76.179,2.067,0,16,17.9,0.276,3,277,24.929,96.715,0.92,126.555,,,,,1
2026-10-04T14:00Z,2026-10-05T02:00Z,a4t:60t,12,9.8,12.3,13.5,17.8,17.9,h,12.3,17.9,,,0,0,417.237,1.374,0.071,16,17.9,0.276,9,278,28.365,81.604,1.091,124.667,,,,,1
2026-10-04T14:00Z,2026-10-05T14:00Z,a4t:60t,24,8.3,9.9,11,13.9,16.6,h,9.9,16.6,,,0,0,56.142,1.232,0,16,17.9,0.276,21,278,25.232,97.478,0.841,117.004,,,,,1
2026-10-04T14:00Z,2026-10-06T14:00Z,a4t:60t,48,17.8,19.7,8.5,9.7,13.8,h,19.7,13.8,,,0,0,49.801,1.393,0,16,17.9,0.276,21,279,25.223,97.068,0.642,43.606,,,,,1
2026-10-04T14:00Z,2026-10-04T15:00Z,a4t:33t,1,13,21.3,13.9,23.2,20.4,h,21.3,20.4,,,0,0,43.77,1.575,0.025,15,20.4,0.487,22,277,25.941,94.3,0.737,140.725,,,,,1
2026-10-04T14:00Z,2026-10-04T17:00Z,a4t:33t,3,13.100000000000001,21.1,13.7,22.7,20.4,h,21.1,20.4,,,0,0,67.11,2.653,0,15,20.4,0.487,0,277,25.721,96.011,1.435,133.758,,,,,1
2026-10-04T14:00Z,2026-10-04T20:00Z,a4t:33t,6,14.2,22.2,13.4,22.2,20.3,h,22.2,20.3,,,0,0,100.727,3.343,0,15,20.4,0.487,3,277,25.391,95.251,1.624,145.33,,,,,1
2026-10-04T14:00Z,2026-10-05T02:00Z,a4t:33t,12,9.25,13.9,12.3,20,20,h,13.9,20,,,0,0,450.542,2.113,0.09,15,20.4,0.487,9,278,28.537,80.913,1.656,124.121,,,,,1
2026-10-04T14:00Z,2026-10-05T14:00Z,a4t:33t,24,6.1,8.5,10.1,15.4,18.8,h,8.5,18.8,,,0,0,55.958,1.842,0,15,20.4,0.487,21,278,25.67,97.716,1.491,134.121,,,,,1
2026-10-04T14:00Z,2026-10-06T14:00Z,a4t:33t,48,12.45,15,6.2,8.1,14.2,h,15,14.2,,,0,0,96.848,3.344,0,15,20.4,0.487,21,279,25.137,95.529,1.607,54.426,,,,,1
2026-10-04T14:00Z,2026-10-04T15:00Z,a4t:34t,1,11.3,13.3,11.1,13.3,11.1,h,13.3,11.1,,,0,0,54.956,1.108,0.174,9,11.1,0.161,22,277,25.578,95.404,0.263,161.696,,,,,1
2026-10-04T14:00Z,2026-10-04T17:00Z,a4t:34t,3,12.95,15.2,11.4,13.5,11.2,h,15.2,11.2,,,0,0,69.866,2.093,0,9,11.1,0.161,0,277,25.442,96.666,1.112,129.25,,,,,1
2026-10-04T14:00Z,2026-10-04T20:00Z,a4t:34t,6,13.2,15.3,11.8,14,11.5,h,15.3,11.5,,,0,0,99.059,2.821,0,9,11.1,0.161,3,277,25.242,96.069,1.292,134.177,,,,,1
2026-10-04T14:00Z,2026-10-05T02:00Z,a4t:34t,12,13.25,15.1,12.3,14.4,12.3,h,15.1,12.3,,,0,0,422.696,1.921,0.1,9,11.1,0.161,9,278,28.483,81.775,1.533,123.363,,,,,1
2026-10-04T14:00Z,2026-10-05T14:00Z,a4t:34t,24,10.2,11.3,14.4,16.4,12.8,h,11.3,12.8,,,0,0,56.869,1.622,0.007,9,11.1,0.161,21,278,25.472,97.951,1.168,124.397,,,,,1
2026-10-04T14:00Z,2026-10-06T14:00Z,a4t:34t,48,10.9,11.6,8,8.7,9.9,h,11.6,9.9,,,0,0,79.358,2.394,0.016,9,11.1,0.161,21,279,25.272,96.076,1.081,49.515,,,,,1
2026-10-04T14:00Z,2026-10-04T15:00Z,a4t:o61,1,11.3,16.1,11.1,16.2,14.9,h,16.1,14.9,,,0,0,47.407,1.105,0.055,16,14.9,0.352,22,277,25.95,94.458,0.544,141.435,,,,,1
2026-10-04T14:00Z,2026-10-04T17:00Z,a4t:o61,3,12.95,18.2,11.4,16.5,14.9,h,18.2,14.9,,,0,0,69.283,2.188,0,16,14.9,0.352,0,277,25.738,96.128,1.132,133.321,,,,,1
2026-10-04T14:00Z,2026-10-04T20:00Z,a4t:o61,6,13.2,18.1,11.8,17,15,h,18.1,15,,,0,0,103.322,2.863,0,16,14.9,0.352,3,277,25.449,95.472,1.383,143.322,,,,,1
2026-10-04T14:00Z,2026-10-05T02:00Z,a4t:o61,12,13.25,17.5,12.3,17.3,15.3,h,17.5,15.3,,,0,0,443.488,1.941,0.1,16,14.9,0.352,9,278,28.518,81.649,1.534,119.039,,,,,1
2026-10-04T14:00Z,2026-10-05T14:00Z,a4t:o61,24,10.2,12.7,14.4,19,16.2,h,12.7,16.2,,,0,0,60.437,1.722,0.036,16,14.9,0.352,21,278,25.627,97.827,1.32,131.681,,,,,1
2026-10-04T14:00Z,2026-10-06T14:00Z,a4t:o61,48,10.9,12.5,8,9.5,12.2,h,12.5,12.2,,,0,0,103.11,3.089,0.086,16,14.9,0.352,21,279,25.231,95.482,1.366,50.504,,,,,1
2026-10-04T14:00Z,2026-10-04T15:00Z,a4t:117t,1,9.850000000000001,21.3,13.7,30.6,13.9,h,21.3,13.9,,,0,0.008,110.891,1.457,0.014,23,13.9,0.768,22,277,25.567,95.346,0.678,237.678,1,171,31.3,77,1
2026-10-04T14:00Z,2026-10-04T17:00Z,a4t:117t,3,11.55,24.1,13.4,29.7,14,h,24.1,14,,,0,0.01,108.064,1.037,0,23,13.9,0.768,0,277,25.2,96.162,0.366,204.294,1,171,31.3,77,1
2026-10-04T14:00Z,2026-10-04T20:00Z,a4t:117t,6,13.2,26.2,12.5,27.6,14.4,h,26.2,14.4,,,0,0.007,92.838,1.119,0,23,13.9,0.768,3,277,24.849,98,0.441,123.659,1,171,31.3,77,1
2026-10-04T14:00Z,2026-10-05T02:00Z,a4t:117t,12,14.100000000000001,25.8,11.6,24.2,16,h,25.8,16,,,0,0.01,461.277,0.572,0.033,23,13.9,0.768,9,278,27.273,83.147,0.491,85.634,1,171,31.3,77,1
2026-10-04T14:00Z,2026-10-05T14:00Z,a4t:117t,24,12.399999999999999,20,13.7,25,17.5,h,20,17.5,,,0,0.001,134.451,2.281,0.037,23,13.9,0.768,21,278,25.055,95.673,1.317,281.119,1,171,31.3,77,1
2026-10-04T14:00Z,2026-10-06T14:00Z,a4t:117t,48,10.6,14.2,6.5,9.7,11.8,h,14.2,11.8,,,0,0,111.513,3.041,0,23,13.9,0.768,21,279,24.932,95.432,1.687,352.277,1,171,31.3,77,1
2026-10-04T14:00Z,2026-10-04T15:00Z,a4t:108t,1,8.7,9.1,9.8,10.2,10.5,h,9.1,10.5,,,0,0,95.207,1.161,0,11,10.5,0.042,22,277,24.117,96.985,0.524,313.354,,,,,1
2026-10-04T14:00Z,2026-10-04T17:00Z,a4t:108t,3,7.35,7.7,9.6,10,10.5,h,7.7,10.5,,,0,0,56.697,0.417,0,11,10.5,0.042,0,277,23.946,98.447,0.088,291.735,,,,,1
2026-10-04T14:00Z,2026-10-04T20:00Z,a4t:108t,6,7.65,8,9.4,9.8,10.5,h,8,10.5,,,0,0,41.152,1.077,0,11,10.5,0.042,3,277,23.741,99.022,0.259,55.313,,,,,1
2026-10-04T14:00Z,2026-10-05T02:00Z,a4t:108t,12,4.3,4.5,9.4,9.8,10.4,h,4.5,10.4,,,0,0,380.83,1.837,0.206,11,10.5,0.042,9,278,26.1,89.02,1.467,84.77,,,,,1
2026-10-04T14:00Z,2026-10-05T14:00Z,a4t:108t,24,4.55,4.7,5.4,5.6,8.9,h,4.7,8.9,,,0,0,184.725,3.384,0.819,11,10.5,0.042,21,278,23.491,96.292,1.911,68.921,,,,,1
2026-10-04T14:00Z,2026-10-06T14:00Z,a4t:108t,48,11.3,11.5,5.6,5.7,8.1,h,11.5,8.1,,,0,0,162.499,4.303,0.007,11,10.5,0.042,21,279,25.06,81.08,1.667,62.404,,,,,1
2026-10-04T14:00Z,2026-10-04T15:00Z,a4t:118t,1,8.1,11.4,7.2,10.3,10.6,h,11.4,10.6,,,0,0,184.991,4.026,0.01,10,10.6,0.329,22,277,25.041,94.167,2.291,294.285,1.3,291,26.8,86,1
2026-10-04T14:00Z,2026-10-04T17:00Z,a4t:118t,3,9.1,12.6,7.4,10.6,10.6,h,12.6,10.6,,,0,0,174.875,3.805,0.019,10,10.6,0.329,0,277,24.812,94.265,2.172,297.298,1.3,291,26.8,86,1
2026-10-04T14:00Z,2026-10-04T20:00Z,a4t:118t,6,9.5,12.9,7.7,11,10.7,h,12.9,10.7,,,0,0,148.275,3.333,0.029,10,10.6,0.329,3,277,24.509,94.293,1.832,302.607,1.3,291,26.8,86,1
2026-10-04T14:00Z,2026-10-05T02:00Z,a4t:118t,12,8.600000000000001,11.3,8.5,11.8,10.8,h,11.3,10.8,,,0,0,482.092,2.17,0.089,10,10.6,0.329,9,278,27.53,83.347,1.727,306.102,1.3,291,26.8,86,1
2026-10-04T14:00Z,2026-10-05T14:00Z,a4t:118t,24,6.15,7.7,8,10.6,10.6,h,7.7,10.6,,,0,0,144.618,2.602,0.222,10,10.6,0.329,21,278,25.017,93.547,1.271,314.716,1.3,291,26.8,86,1
2026-10-04T14:00Z,2026-10-06T14:00Z,a4t:118t,48,4.3,5,5.5,6.5,8.6,h,5,8.6,,,0,0,132.626,0.08,1.4,10,10.6,0.329,21,279,24.392,95.117,0.399,178.987,1.3,291,26.8,86,1
2026-10-04T14:00Z,2026-10-04T15:00Z,a4t:93t,1,6.4,16.4,,,,h,16.4,,,,0,0,175.534,2.759,0.041,,,0.952,22,277,25.942,90.988,1.303,261.97,,,,,1
2026-10-04T14:00Z,2026-10-04T17:00Z,a4t:93t,3,5.550000000000001,13.9,,,,h,13.9,,,,0,0,185.294,2.532,0.035,,,0.952,0,277,25.807,90.547,1.226,282.214,,,,,1
2026-10-04T14:00Z,2026-10-04T20:00Z,a4t:93t,6,4.949999999999999,11.9,,,,h,11.9,,,,0,0,149.209,2.16,0.035,,,0.952,3,277,25.026,92.293,0.936,290.939,,,,,1
2026-10-04T14:00Z,2026-10-05T02:00Z,a4t:93t,12,6.05,12.9,,,,h,12.9,,,,0,0,561.019,3.168,0.152,,,0.952,9,278,27.669,81.093,2.467,260,,,,,1
2026-10-04T14:00Z,2026-10-05T14:00Z,a4t:93t,24,3.2,6.1,,,,h,6.1,,,,0,0,246.759,2.779,0.563,,,0.952,21,278,25.495,92.321,1.497,278.595,,,,,1
2026-10-04T14:00Z,2026-10-06T14:00Z,a4t:93t,48,2.75,4.2,,,,h,4.2,,,,0,0,197.774,2.218,0.409,,,0.952,21,279,25.497,92.746,1.092,274.332,,,,,1
2026-10-04T14:00Z,2026-10-04T15:00Z,a4t:87t,1,5.050000000000001,12.5,6.7,16.8,14.7,h,12.5,14.7,,,0,0,213.335,0.563,0,12,14.7,0.837,22,277,25.774,90.927,0.433,108.265,,,,,1
2026-10-04T14:00Z,2026-10-04T17:00Z,a4t:87t,3,5.75,13.6,6.5,16.2,14.7,h,13.6,14.7,,,0,0,219.161,0.401,0,12,14.7,0.837,0,277,25.436,91.296,0.222,184.364,,,,,1
2026-10-04T14:00Z,2026-10-04T20:00Z,a4t:87t,6,5,11.4,6.3,15.7,14.7,h,11.4,14.7,,,0,0,165.656,1.928,0.073,12,14.7,0.837,3,277,24.796,93.111,1.091,179.713,,,,,1
2026-10-04T14:00Z,2026-10-05T02:00Z,a4t:87t,12,5.05,10.5,5.7,13.8,14.4,h,10.5,14.4,,,0,0.002,500.68,1.169,0.049,12,14.7,0.837,9,278,27.967,79.665,1.116,117.472,,,,,1
2026-10-04T14:00Z,2026-10-05T14:00Z,a4t:87t,24,3.5999999999999996,6.6,4.8,10.2,13.3,h,6.6,13.3,,,0,0,213.23,2.177,0.129,12,14.7,0.837,21,278,25.315,91.66,1.924,76.575,,,,,1
2026-10-04T14:00Z,2026-10-06T14:00Z,a4t:87t,48,4.949999999999999,7,3.1,5,9.9,h,7,9.9,,,0,0,203.669,1.135,0.344,12,14.7,0.837,21,279,25.253,91.224,0.839,48.973,,,,,1
2026-10-04T14:00Z,2026-10-04T15:00Z,a4t:105t,1,8.25,8.8,16.9,17.9,20.8,h,8.8,20.8,,,0,0.003,89.513,1.388,0.344,12,20.8,0.055,22,277,25.023,96.608,0.65,216.915,1.4,65,22.8,84,1
2026-10-04T14:00Z,2026-10-04T17:00Z,a4t:105t,3,8.8,9.3,16.5,17.5,20.7,h,9.3,20.7,,,0,0.003,101.996,0.989,0,12,20.8,0.055,0,277,24.907,96.707,0.547,108.201,1.4,65,22.8,84,1
2026-10-04T14:00Z,2026-10-04T20:00Z,a4t:105t,6,12.8,13.5,16,16.9,20.3,h,13.5,20.3,,,0,0.002,106.661,1.477,0,12,20.8,0.055,3,277,24.879,96.823,0.578,103.551,1.4,65,22.8,84,1
2026-10-04T14:00Z,2026-10-05T02:00Z,a4t:105t,12,13.149999999999999,13.8,13.5,14.3,19.6,h,13.8,19.6,,,0,0.001,397.531,1.019,0.078,12,20.8,0.055,9,278,28.139,82.89,0.836,113.382,1.4,65,22.8,84,1
2026-10-04T14:00Z,2026-10-05T14:00Z,a4t:105t,24,6.3,6.5,12,12.5,18.1,h,6.5,18.1,,,0,0,87.765,1.61,0.035,12,20.8,0.055,21,278,25.191,96.94,0.745,81.233,1.4,65,22.8,84,1
2026-10-04T14:00Z,2026-10-06T14:00Z,a4t:105t,48,11.600000000000001,11.9,4.8,4.9,12.9,h,11.9,12.9,,,0,0,48.523,0.831,0.004,12,20.8,0.055,21,279,25.407,97.012,0.251,42.014,1.4,65,22.8,84,1
2026-10-04T14:00Z,2026-10-04T15:00Z,a4t:81t,1,11.399999999999999,11.6,11.9,12.1,10.9,h,11.6,10.9,,,0,0.004,117.221,2.124,0.024,12,10.9,0.015,22,277,25.526,95.761,1.075,91.217,,,,,1
2026-10-04T14:00Z,2026-10-04T17:00Z,a4t:81t,3,14.15,14.4,12.2,12.4,11,h,14.4,11,,,0,0.004,68.418,0.221,0,12,10.9,0.015,0,277,25.414,94.371,0.306,14.087,,,,,1
2026-10-04T14:00Z,2026-10-04T20:00Z,a4t:81t,6,20.700000000000003,21,13.2,13.4,11.2,h,21,11.2,,,0,0.04,116.321,1.096,0,12,10.9,0.015,3,277,25.002,95.461,0.508,45.013,,,,,1
2026-10-04T14:00Z,2026-10-05T02:00Z,a4t:81t,12,19.85,20.1,16,16.2,12.2,h,20.1,12.2,,,0,0.011,458.726,1.232,0.1,12,10.9,0.015,9,278,28.02,82.046,1.008,352.895,,,,,1
2026-10-04T14:00Z,2026-10-05T14:00Z,a4t:81t,24,23.299999999999997,23.5,19.3,19.5,13.6,h,23.5,13.6,,,0,0.001,70.52,0.449,0.079,12,10.9,0.015,21,278,25.363,95.332,0.184,13.963,,,,,1
2026-10-04T14:00Z,2026-10-06T14:00Z,a4t:81t,48,22.8,22.9,13.2,13.3,12.1,h,22.9,12.1,,,0,0,119.826,2.437,0.19,12,10.9,0.015,21,279,25.382,96.245,1.278,352.333,,,,,1
2026-10-04T14:00Z,2026-10-04T15:00Z,a4t:88t,1,6.6,16,9,22.1,19.3,h,16,19.3,,,0,0,36.935,0.333,0.073,15,19.3,0.838,22,277,24.108,99.405,0.171,97.217,,,,,1
2026-10-04T14:00Z,2026-10-04T17:00Z,a4t:88t,3,4.75,11.4,8.5,20.8,19.3,h,11.4,19.3,,,0,0.001,77.722,0.842,0,15,19.3,0.838,0,277,23.895,98.902,0.559,112.577,,,,,1
2026-10-04T14:00Z,2026-10-04T20:00Z,a4t:88t,6,2.9000000000000004,7,7.2,17.8,19.1,h,7,19.1,,,0,0,115.436,1.84,0,15,19.3,0.838,3,277,23.308,97.803,1.114,61.386,,,,,1
2026-10-04T14:00Z,2026-10-05T02:00Z,a4t:88t,12,2.35,5.3,5,12.4,17.7,h,5.3,17.7,,,0,0.004,561.669,3.048,0.159,15,19.3,0.838,9,278,25.699,85.052,2.232,36.071,,,,,1
2026-10-04T14:00Z,2026-10-05T14:00Z,a4t:88t,24,2.3,4.4,2.7,6.3,15.1,h,4.4,15.1,,,0,0,299.303,4.087,0,15,19.3,0.838,21,278,22.288,88.716,1.961,27.698,,,,,1
2026-10-04T14:00Z,2026-10-06T14:00Z,a4t:88t,48,21,28.8,11.6,17.3,18.3,h,28.8,18.3,,,0,0,297.455,4.735,0,15,19.3,0.838,21,279,22.078,76.03,2.512,33.495,,,,,1
2026-10-04T14:00Z,2026-10-04T15:00Z,a4t:47t,1,6.75,11,11.3,18.4,19.5,h,11,19.5,,,0,0,77.703,1.264,0,16,19.5,0.454,22,277,24.567,96.902,0.747,203.966,,,,,1
2026-10-04T14:00Z,2026-10-04T17:00Z,a4t:47t,3,6.300000000000001,10.1,10.9,17.7,19.4,h,10.1,19.4,,,0,0.001,81.446,1.878,0,16,19.5,0.454,0,277,24.244,98.623,1.059,40.677,,,,,1
2026-10-04T14:00Z,2026-10-04T20:00Z,a4t:47t,6,6.5,10.1,10.2,16.5,19.2,h,10.1,19.2,,,0,0.001,31.474,0.53,0,16,19.5,0.454,3,277,24.016,98.098,0.028,55.281,,,,,1
2026-10-04T14:00Z,2026-10-05T02:00Z,a4t:47t,12,7.8,11.4,9.2,14.6,18.3,h,11.4,18.3,,,0,0,520.567,1.407,0.008,16,19.5,0.454,9,278,27.157,81.26,1.189,53.623,,,,,1
2026-10-04T14:00Z,2026-10-05T14:00Z,a4t:47t,24,7.55,10.2,7.3,10.7,16.7,h,10.2,16.7,,,0,0,147.194,3.173,0.703,16,19.5,0.454,21,278,24.285,95.851,1.931,50.287,,,,,1
2026-10-04T14:00Z,2026-10-06T14:00Z,a4t:47t,48,10.350000000000001,12.4,5.9,7.5,13.5,h,12.4,13.5,,,0,0,158.385,3.552,0.108,16,19.5,0.454,21,279,23.954,94.705,1.287,105.759,,,,,1
2026-10-04T14:00Z,2026-10-04T15:00Z,a4t:13t,1,27.299999999999997,15.2,27.1,14.6,11.9,h,15.2,11.9,,,0,0,96.253,0.967,0.226,18,11.9,-0.595,22,277,25.163,96.609,0.412,128.154,,,,,1
2026-10-04T14:00Z,2026-10-04T17:00Z,a4t:13t,3,32.45,18.6,27.4,14.8,12,h,18.6,12,,,0,0.001,69.307,0.701,0,18,11.9,-0.595,0,277,25.099,96.031,0.244,107.647,,,,,1
2026-10-04T14:00Z,2026-10-04T20:00Z,a4t:13t,6,41.25,24.5,28,15.4,12.3,h,24.5,12.3,,,0,0.005,101.017,1.576,0,18,11.9,-0.595,3,277,24.873,96.493,0.721,89.132,,,,,1
2026-10-04T14:00Z,2026-10-05T02:00Z,a4t:13t,12,35.95,22.7,30.6,17.6,13.4,h,22.7,13.4,,,0,0.005,419.971,0.524,0.1,18,11.9,-0.595,9,278,28.182,82.319,0.394,72.34,,,,,1
2026-10-04T14:00Z,2026-10-05T14:00Z,a4t:13t,24,33.1,23.1,35.4,22.4,15.3,h,23.1,15.3,,,0,0,60.883,0.624,0.035,18,11.9,-0.595,21,278,25.204,96.658,0.258,82.675,,,,,1
2026-10-04T14:00Z,2026-10-06T14:00Z,a4t:13t,48,49.5,39.9,21.5,16.2,14.1,h,39.9,14.1,,,0,0,76.149,1.577,0.083,18,11.9,-0.595,21,279,25.377,96.894,0.671,355.572,,,,,1
2026-10-04T14:00Z,2026-10-04T15:00Z,a4t:22t,1,27.299999999999997,16.5,27.1,15.9,14.8,h,16.5,14.8,,,0,0.001,98.677,1.044,0.243,18,14.8,-0.511,22,277,25.088,96.788,0.458,129.786,,,,,1
2026-10-04T14:00Z,2026-10-04T17:00Z,a4t:22t,3,32.45,20.1,27.4,16.1,14.8,h,20.1,14.8,,,0,0.001,69.572,0.74,0,18,14.8,-0.511,0,277,25.048,96.087,0.281,105.612,,,,,1
2026-10-04T14:00Z,2026-10-04T20:00Z,a4t:22t,6,41.25,26.4,28,16.7,15.1,h,26.4,15.1,,,0,0.007,101.704,1.666,0,18,14.8,-0.511,3,277,24.839,96.544,0.775,88.172,,,,,1
2026-10-04T14:00Z,2026-10-05T02:00Z,a4t:22t,12,35.95,24.2,30.6,19,16,h,24.2,16,,,0,0.005,416.596,0.499,0.1,18,14.8,-0.511,9,278,28.175,82.229,0.375,75.864,,,,,1
2026-10-04T14:00Z,2026-10-05T14:00Z,a4t:22t,24,33.1,24.3,35.4,23.9,17.7,h,24.3,17.7,,,0,0,60.209,0.674,0.021,18,14.8,-0.511,21,278,25.193,96.65,0.281,78.797,,,,,1
2026-10-04T14:00Z,2026-10-06T14:00Z,a4t:22t,48,49.5,41.2,21.5,16.9,15.9,h,41.2,15.9,,,0,0,72.161,1.522,0.051,18,14.8,-0.511,21,279,25.386,96.966,0.653,353.395,,,,,1
2026-10-04T14:00Z,2026-10-04T15:00Z,a4t:62t,1,18.2,20.8,,,,h,20.8,,,,0,0,249.849,2.645,0.201,,,0.141,22,277,26.691,89.609,1.717,213.966,,,,,1
2026-10-04T14:00Z,2026-10-04T17:00Z,a4t:62t,3,18.9,21.5,,,,h,21.5,,,,0,0,269.767,2.448,0.07,,,0.141,0,277,26.267,89.955,1.762,225.418,,,,,1
2026-10-04T14:00Z,2026-10-04T20:00Z,a4t:62t,6,18.45,20.8,,,,h,20.8,,,,0,0,279.161,2.349,0,,,0.141,3,277,26.011,90.264,1.97,225.579,,,,,1
2026-10-04T14:00Z,2026-10-05T02:00Z,a4t:62t,12,22.200000000000003,24.7,,,,h,24.7,,,,0,0,529.73,2.541,0,,,0.141,9,278,27.947,81.889,2.167,216.971,,,,,1
2026-10-04T14:00Z,2026-10-05T14:00Z,a4t:62t,24,11.75,12.8,,,,h,12.8,,,,0,0,241.769,1.243,0.26,,,0.141,21,278,26.186,90.689,1.148,176.609,,,,,1
2026-10-04T14:00Z,2026-10-06T14:00Z,a4t:62t,48,7.6499999999999995,8.1,,,,h,8.1,,,,0,0,241.06,0.244,0.175,,,0.141,21,279,25.887,90.845,0.196,298.001,,,,,1
2026-10-04T14:00Z,2026-10-04T15:00Z,a4t:67t,1,9.4,13.2,11.7,16.5,17.3,h,13.2,17.3,,,0,0.034,35.111,0.274,0,13,17.3,0.322,22,277,25.451,95.721,0.318,326.723,,,,,1
2026-10-04T14:00Z,2026-10-04T17:00Z,a4t:67t,3,7.2,10,10.9,15.3,17.3,h,10,17.3,,,0,0.009,42.995,2.015,0.824,13,17.3,0.322,0,277,23.93,95.927,0.616,180.705,,,,,1
2026-10-04T14:00Z,2026-10-04T20:00Z,a4t:67t,6,5.15,7.1,9.8,13.8,17.1,h,7.1,17.1,,,0,0.002,116.901,2.905,0.105,13,17.3,0.322,3,277,23.083,98.105,1.554,18.012,,,,,1
2026-10-04T14:00Z,2026-10-05T02:00Z,a4t:67t,12,5.2,6.9,7.8,11,16.4,h,6.9,16.4,,,0,0.004,264.843,1.913,0.544,13,17.3,0.322,9,278,24.395,95.01,1.269,6.415,,,,,1
2026-10-04T14:00Z,2026-10-05T14:00Z,a4t:67t,24,6.25,7.8,5.9,7.9,14.3,h,7.8,14.3,,,0,0.001,76.89,2.289,0.142,13,17.3,0.322,21,278,24.291,97.667,1.028,58.944,,,,,1
2026-10-04T14:00Z,2026-10-06T14:00Z,a4t:67t,48,5.1,5.8,4.2,5,11.1,h,5.8,11.1,,,0,0,40.561,1.256,0.084,13,17.3,0.322,21,279,24.064,96.544,0.527,14.039,,,,,1
2026-10-04T14:00Z,2026-10-04T15:00Z,a4t:106t,1,5.5,7.4,6,8.1,10.5,h,7.4,10.5,,,0,0,99.211,2.163,0.684,9,10.5,0.262,22,277,21.744,95.227,1.313,96.023,2.7,201,25.1,93,1
2026-10-04T14:00Z,2026-10-04T17:00Z,a4t:106t,3,4.5,6,5.6,7.6,10.5,h,6,10.5,,,0,0,65.216,1.18,0.012,9,10.5,0.262,0,277,21.604,95.763,0.574,60.155,2.7,201,25.1,93,1
2026-10-04T14:00Z,2026-10-04T20:00Z,a4t:106t,6,3.2,4.3,4.9,6.7,10.5,h,4.3,10.5,,,0,0,60.846,1.018,0,9,10.5,0.262,3,277,21.329,96.466,0.598,100.211,2.7,201,25.1,93,1
2026-10-04T14:00Z,2026-10-05T02:00Z,a4t:106t,12,3.2,4.1,4.3,5.7,10.1,h,4.1,10.1,,,0,0,500.371,1.379,0.535,9,10.5,0.262,9,278,23.286,88.215,0.855,79.464,2.7,201,25.1,93,1
2026-10-04T14:00Z,2026-10-05T14:00Z,a4t:106t,24,6.25,7.5,3.5,4.5,8.6,h,7.5,8.6,,,0,0,109.676,1.807,0.111,9,10.5,0.262,21,278,21.997,95.134,0.574,73.832,2.7,201,25.1,93,1
2026-10-04T14:00Z,2026-10-06T14:00Z,a4t:106t,48,11.25,12.5,7.6,8.7,9.6,h,12.5,9.6,,,0,0,57.822,2.233,0,9,10.5,0.262,21,279,21.166,83.821,0.909,54.799,2.7,201,25.1,93,1
2026-10-04T14:00Z,2026-10-04T15:00Z,a4t:20t,1,21.9,19.8,30.7,27.6,19.6,h,19.8,19.6,,,0,0.002,101.787,1.006,0.297,29,19.6,-0.103,22,277,24.942,97.075,0.445,146.544,,,,,1
2026-10-04T14:00Z,2026-10-04T17:00Z,a4t:20t,3,24.200000000000003,22,29.6,26.6,19.6,h,22,19.6,,,0,0.004,74.608,0.816,0,29,19.6,-0.103,0,277,24.939,96.292,0.353,105.735,,,,,1
2026-10-04T14:00Z,2026-10-04T20:00Z,a4t:20t,6,28.25,25.8,27.9,25.1,19.7,h,25.8,19.7,,,0,0.011,104.131,1.841,0,29,19.6,-0.103,3,277,24.78,96.724,0.848,89.302,,,,,1
2026-10-04T14:00Z,2026-10-05T02:00Z,a4t:20t,12,16,14.7,23.9,21.7,19.8,h,14.7,19.8,,,0,0.005,407.342,0.536,0.099,29,19.6,-0.103,9,278,28.157,82.27,0.417,93.061,,,,,1
2026-10-04T14:00Z,2026-10-05T14:00Z,a4t:20t,24,10.6,9.9,18.1,16.7,18.7,h,9.9,18.7,,,0,0.001,63.292,0.795,0,29,19.6,-0.103,21,278,25.168,96.717,0.335,74.112,,,,,1
2026-10-04T14:00Z,2026-10-06T14:00Z,a4t:20t,48,28.1,27.1,11.6,11,15.3,h,27.1,15.3,,,0,0,62.856,1.364,0,29,19.6,-0.103,21,279,25.408,97.12,0.575,349.788,,,,,1
2026-10-04T14:00Z,2026-10-04T15:00Z,a4t:103t,1,6.85,6,6.7,5.8,10.2,h,6,10.2,,,0,0,148.008,3.05,0.025,5,10.2,-0.115,22,277,26.878,89.366,2.199,315.25,1.5,254,27.8,70,1
2026-10-04T14:00Z,2026-10-04T17:00Z,a4t:103t,3,6.300000000000001,5.6,6.8,6,10.2,h,5.6,10.2,,,0,0,110.217,2.708,0.035,5,10.2,-0.115,0,277,26.282,91.125,2.233,296.936,1.5,254,27.8,70,1
2026-10-04T14:00Z,2026-10-04T20:00Z,a4t:103t,6,6,5.3,7.1,6.2,10.2,h,5.3,10.2,,,0,0,98.211,2.084,0.012,5,10.2,-0.115,3,277,25.856,93.093,1.566,315.119,1.5,254,27.8,70,1
2026-10-04T14:00Z,2026-10-05T02:00Z,a4t:103t,12,7.05,6.4,7.3,6.4,10.1,h,6.4,10.1,,,0,0,413.751,2.881,0.055,5,10.2,-0.115,9,278,27.762,84.684,2.484,349.119,1.5,254,27.8,70,1
2026-10-04T14:00Z,2026-10-05T14:00Z,a4t:103t,24,7,6.5,7.4,6.7,9.1,h,6.5,9.1,,,0,0,117.48,1.91,0.6,5,10.2,-0.115,21,278,25.644,90.825,1.89,302.391,1.5,254,27.8,70,1
2026-10-04T14:00Z,2026-10-06T14:00Z,a4t:103t,48,5.35,5.1,5.6,5.2,7.7,h,5.1,7.7,,,0,0,169.842,3.47,0.928,5,10.2,-0.115,21,279,25.861,92.657,2.804,326.327,1.5,254,27.8,70,1
2026-10-04T14:00Z,2026-10-04T15:00Z,a4t:77t,1,10.75,22.3,16.3,34.4,23.7,h,22.3,23.7,,,0,0,50.584,1.17,0.188,22,23.7,0.715,22,277,25.33,96.635,0.298,211.167,,,,,1
2026-10-04T14:00Z,2026-10-04T17:00Z,a4t:77t,3,10.65,21.5,15.5,32.5,23.7,h,21.5,23.7,,,0,0,57.703,1.473,0,22,23.7,0.715,0,277,24.974,97.245,0.892,104.581,,,,,1
2026-10-04T14:00Z,2026-10-04T20:00Z,a4t:77t,6,14.100000000000001,27,14.4,30,23.7,h,27,23.7,,,0,0,56.905,0.741,0,22,23.7,0.715,3,277,24.979,97.26,0.411,114.446,,,,,1
2026-10-04T14:00Z,2026-10-05T02:00Z,a4t:77t,12,8.45,15.3,11.5,23.2,23.5,h,15.3,23.5,,,0,0,406.121,0.967,0.041,22,23.7,0.715,9,278,28.3,81.654,0.786,115.621,,,,,1
2026-10-04T14:00Z,2026-10-05T14:00Z,a4t:77t,24,8.15,13,10.5,19,22.2,h,13,22.2,,,0,0,70.551,1.466,0,22,23.7,0.715,21,278,25.147,97.312,0.819,95.036,,,,,1
2026-10-04T14:00Z,2026-10-06T14:00Z,a4t:77t,48,12.1,15.9,6.2,9,16.4,h,15.9,16.4,,,0,0,33.875,0.736,0,22,23.7,0.715,21,279,25.345,97.406,0.408,58.808,,,,,1
2026-10-04T14:00Z,2026-10-04T15:00Z,a4t:121t,1,10.1,14.7,8.5,12.7,14.1,h,14.7,14.1,,,0,0.016,449.18,3.64,0.253,11,14.1,0.369,22,277,28.014,83.104,3.157,229.197,0.9,257,30.5,75,1
2026-10-04T14:00Z,2026-10-04T17:00Z,a4t:121t,3,9.35,13.4,8.6,12.8,14.1,h,13.4,14.1,,,0,0.009,399.001,3.698,0.045,11,14.1,0.369,0,277,27.526,84.909,3.395,223.499,0.9,257,30.5,75,1
2026-10-04T14:00Z,2026-10-04T20:00Z,a4t:121t,6,8.05,11.4,8.6,12.8,14.1,h,11.4,14.1,,,0,0.001,378.393,3.608,0,11,14.1,0.369,3,277,27.032,87.271,3.306,220.179,0.9,257,30.5,75,1
2026-10-04T14:00Z,2026-10-05T02:00Z,a4t:121t,12,5.6,7.7,8.7,12.6,13.8,h,7.7,13.8,,,0,0,523.675,3.495,0,11,14.1,0.369,9,278,27.88,81.385,3.19,224.122,0.9,257,30.5,75,1
2026-10-04T14:00Z,2026-10-05T14:00Z,a4t:121t,24,4.949999999999999,6.4,6,8.4,12.3,h,6.4,12.3,,,0,0,409.285,3.38,0.606,11,14.1,0.369,21,278,27.339,83.189,3.05,210.609,0.9,257,30.5,75,1
2026-10-04T14:00Z,2026-10-06T14:00Z,a4t:121t,48,5.75,6.7,5,6.1,10.1,h,6.7,10.1,,,0,0,423.769,2.142,0.058,11,14.1,0.369,21,279,27.263,82.941,1.891,199.166,0.9,257,30.5,75,1
2026-10-04T14:00Z,2026-10-04T15:00Z,a4t:21t,1,20.9,13.1,25.1,15.4,18.4,h,13.1,18.4,,,0,0.005,119.044,0.953,0.238,21,18.4,-0.463,22,277,25.176,95.936,0.337,173.92,,,,,1
2026-10-04T14:00Z,2026-10-04T17:00Z,a4t:21t,3,25.15,16.1,24.6,15.2,18.4,h,16.1,18.4,,,0,0.004,110.284,0.585,0,21,18.4,-0.463,0,277,25.145,95.174,0.191,128.591,,,,,1
2026-10-04T14:00Z,2026-10-04T20:00Z,a4t:21t,6,33.5,22.1,24.1,15,18.5,h,22.1,18.5,,,0,0.005,139.416,1.449,0,21,18.4,-0.463,3,277,24.962,95.961,0.646,98.78,,,,,1
2026-10-04T14:00Z,2026-10-05T02:00Z,a4t:21t,12,28.6,19.8,25.2,16.2,18.5,h,19.8,18.5,,,0,0.004,425.05,0.621,0.085,21,18.4,-0.463,9,278,27.938,82.682,0.493,70.874,,,,,1
2026-10-04T14:00Z,2026-10-05T14:00Z,a4t:21t,24,17.25,12.9,25.9,17.8,18.2,h,12.9,18.2,,,0,0.001,108.925,0.896,0,21,18.4,-0.463,21,278,25.429,95.853,0.393,49.675,,,,,1
2026-10-04T14:00Z,2026-10-06T14:00Z,a4t:21t,48,24.55,20.6,12.8,10.1,14.2,h,20.6,14.2,,,0,0,94.557,1.869,0,21,18.4,-0.463,21,279,25.464,96.334,0.842,6.753,,,,,1
2026-10-04T14:00Z,2026-10-04T15:00Z,a4t:70t,1,11.9,17.6,10.7,16.1,13.4,h,17.6,13.4,,,0,0.004,113.557,3.249,0,21,13.4,0.383,22,277,24.583,93.273,1.494,165.818,,,,,1
2026-10-04T14:00Z,2026-10-04T17:00Z,a4t:70t,3,11.2,16.3,10.3,15.6,13.4,h,16.3,13.4,,,0,0.01,108.337,2.395,0.321,21,13.4,0.383,0,277,23.839,95.076,1,170.671,,,,,1
2026-10-04T14:00Z,2026-10-04T20:00Z,a4t:70t,6,5.4,7.9,9.6,14.4,13.4,h,7.9,13.4,,,0,0.01,101.202,1.044,0.46,21,13.4,0.383,3,277,22.733,97.369,0.88,349.723,,,,,1
2026-10-04T14:00Z,2026-10-05T02:00Z,a4t:70t,12,5.050000000000001,7.1,8.4,12.4,13.1,h,7.1,13.1,,,0,0.005,318.552,2.225,0.043,21,13.4,0.383,9,278,23.52,89.931,1.707,354.894,,,,,1
2026-10-04T14:00Z,2026-10-05T14:00Z,a4t:70t,24,4,5.3,6.2,8.7,11.9,h,5.3,11.9,,,0,0,75.454,2.039,0,21,13.4,0.383,21,278,22.939,97.71,0.95,356.662,,,,,1
2026-10-04T14:00Z,2026-10-06T14:00Z,a4t:70t,48,4.45,5.3,2.7,3.4,8.4,h,5.3,8.4,,,0,0,30.322,0.576,0,21,13.4,0.383,21,279,22.302,97.716,0.332,29.416,,,,,1
2026-10-04T14:00Z,2026-10-04T15:00Z,a4t:120t,1,6,8.4,5.2,7.4,11.2,h,8.4,11.2,,,0,0,170.226,3.765,0.01,6,11.2,0.309,22,277,25.505,92.37,1.679,261.049,1.7,314,28,79,1
2026-10-04T14:00Z,2026-10-04T17:00Z,a4t:120t,3,6.25,8.6,5.2,7.4,11.2,h,8.6,11.2,,,0,0,157.33,3.49,0.006,6,11.2,0.309,0,277,25.161,92.588,1.528,266.492,1.7,314,28,79,1
2026-10-04T14:00Z,2026-10-04T20:00Z,a4t:120t,6,6.6,8.9,5.2,7.3,11.1,h,8.9,11.1,,,0,0,119.246,3.038,0.009,6,11.2,0.309,3,277,24.517,93.289,1.202,270.679,1.7,314,28,79,1
2026-10-04T14:00Z,2026-10-05T02:00Z,a4t:120t,12,5.6,7.3,5.2,7.2,10.7,h,7.3,10.7,,,0,0,584.282,2.891,0.22,6,11.2,0.309,9,278,27.812,80.531,2.147,254.118,1.7,314,28,79,1
2026-10-04T14:00Z,2026-10-05T14:00Z,a4t:120t,24,4.05,5,5.4,7.1,9.9,h,5,9.9,,,0,0,138.509,2.74,0.041,6,11.2,0.309,21,278,24.867,95.078,1.2,264.223,1.7,314,28,79,1
2026-10-04T14:00Z,2026-10-06T14:00Z,a4t:120t,48,2,2.3,2.8,3.4,7.3,h,2.3,7.3,,,0,0,148.582,2.137,0.073,6,11.2,0.309,21,279,25.082,95.72,0.81,266.362,1.7,314,28,79,1
2026-10-04T14:00Z,2026-10-04T15:00Z,a4t:95t,1,7.95,15.4,13.4,26.1,12.8,h,15.4,12.8,,,0,0.004,272.218,4.067,0,20,12.8,0.631,22,277,25.561,95.552,2.138,218.424,0.8,141,,,1
2026-10-04T14:00Z,2026-10-04T17:00Z,a4t:95t,3,7.949999999999999,15,12.9,25.1,12.9,h,15,12.9,,,0,0.001,136.82,1.831,0,20,12.8,0.631,0,277,25.151,98.546,0.883,162.792,0.8,141,,,1
2026-10-04T14:00Z,2026-10-04T20:00Z,a4t:95t,6,11.5,20.6,12.3,23.7,13.1,h,20.6,13.1,,,0,0.002,97.686,1.002,0,20,12.8,0.631,3,277,25.159,96.429,0.469,180.183,0.8,141,,,1
2026-10-04T14:00Z,2026-10-05T02:00Z,a4t:95t,12,9.5,16,10.8,20.2,14,h,16,14,,,0,0.004,478.374,1.623,0,20,12.8,0.631,9,278,27.377,83.135,1.297,98.166,0.8,141,,,1
2026-10-04T14:00Z,2026-10-05T14:00Z,a4t:95t,24,5.4,8.3,8.7,14.9,13.5,h,8.3,13.5,,,0,0.001,56.938,1.164,0,20,12.8,0.631,21,278,26.011,95.157,0.793,238.295,0.8,141,,,1
2026-10-04T14:00Z,2026-10-06T14:00Z,a4t:95t,48,7.9,10.2,4.4,6.2,9.5,h,10.2,9.5,,,0,0,50.27,1.387,0.013,20,12.8,0.631,21,279,25.139,97.092,0.427,348.002,0.8,141,,,1
2026-10-04T14:00Z,2026-10-04T15:00Z,a4t:86t,1,9.4,14.5,13.7,21.3,14.6,h,14.5,14.6,,,0,0.001,266.14,3.733,0.247,16,14.6,0.418,22,277,25.726,97.316,1.759,217.881,,,,,1
2026-10-04T14:00Z,2026-10-04T17:00Z,a4t:86t,3,8.6,13.1,13.3,20.6,14.6,h,13.1,14.6,,,0,0.002,86.739,1.079,0,16,14.6,0.418,0,277,25.071,98.316,0.419,208.247,,,,,1
2026-10-04T14:00Z,2026-10-04T20:00Z,a4t:86t,6,10.45,15.4,12.5,19.4,14.8,h,15.4,14.8,,,0,0.006,170.767,1.495,0.069,16,14.6,0.418,3,277,25.415,94.719,0.972,155.473,,,,,1
2026-10-04T14:00Z,2026-10-05T02:00Z,a4t:86t,12,8.5,12.1,10.9,16.6,15,h,12.1,15,,,0,0.007,442.166,2.043,0,16,14.6,0.418,9,278,27.363,86.306,1.593,142.875,,,,,1
2026-10-04T14:00Z,2026-10-05T14:00Z,a4t:86t,24,7.300000000000001,9.6,8.7,12.5,13.9,h,9.6,13.9,,,0,0.001,118.782,2.607,0.671,16,14.6,0.418,21,278,25.777,93.391,1.464,293.297,,,,,1
2026-10-04T14:00Z,2026-10-06T14:00Z,a4t:86t,48,11.649999999999999,13.7,5.2,6.5,10.6,h,13.7,10.6,,,0,0,132.745,3.518,0,16,14.6,0.418,21,279,25.339,96.493,1.539,348.299,,,,,1
2026-10-04T14:00Z,2026-10-04T15:00Z,a4t:114t,1,9.8,14.1,7.8,11.4,10.1,h,14.1,10.1,,,0,0,99.335,0.758,0,28,10.1,0.348,22,277,25.194,97.161,0.326,151.187,1.3,187,28.6,83,1
2026-10-04T14:00Z,2026-10-04T17:00Z,a4t:114t,3,9.55,13.5,8.1,11.8,10.2,h,13.5,10.2,,,0,0,97.648,1.655,0.037,28,10.1,0.348,0,277,24.803,98.684,0.789,155.411,1.3,187,28.6,83,1
2026-10-04T14:00Z,2026-10-04T20:00Z,a4t:114t,6,10.7,14.8,8.6,12.4,10.4,h,14.8,10.4,,,0,0,87.15,1.101,0,28,10.1,0.348,3,277,24.612,98.558,0.39,100.841,1.3,187,28.6,83,1
2026-10-04T14:00Z,2026-10-05T02:00Z,a4t:114t,12,4.55,6.2,8.8,12.6,10.7,h,6.2,10.7,,,0,0,504.804,1.891,0.758,28,10.1,0.348,9,278,26.715,85.519,1.434,87.509,1.3,187,28.6,83,1
2026-10-04T14:00Z,2026-10-05T14:00Z,a4t:114t,24,6.25,7.9,6.6,9,9.7,h,7.9,9.7,,,0,0,100.305,2.049,0.806,28,10.1,0.348,21,278,24.448,94.601,0.295,71.262,1.3,187,28.6,83,1
2026-10-04T14:00Z,2026-10-06T14:00Z,a4t:114t,48,12.45,14.2,8,9.5,9.8,h,14.2,9.8,,,0,0,406.045,5.943,0,28,10.1,0.348,21,279,25.242,80.08,3.09,70.683,1.3,187,28.6,83,1
2026-10-04T14:00Z,2026-10-04T15:00Z,a4t:102t,1,8.05,16.7,9.3,19.8,15.2,h,16.7,15.2,,,0,0,76.169,1.207,0,19,15.2,0.701,22,277,24.887,98.17,0.515,110.18,0.8,280,25.7,86,1
2026-10-04T14:00Z,2026-10-04T17:00Z,a4t:102t,3,6.6,13.5,9.2,19.4,15.2,h,13.5,15.2,,,0,0,89.1,1.873,0,19,15.2,0.701,0,277,24.594,98.176,0.967,156.775,0.8,280,25.7,86,1
2026-10-04T14:00Z,2026-10-04T20:00Z,a4t:102t,6,3.2,6.7,8.8,18.5,15.2,h,6.7,15.2,,,0,0,96.258,1.757,0,19,15.2,0.701,3,277,24.107,98.243,0.961,96.519,0.8,280,25.7,86,1
2026-10-04T14:00Z,2026-10-05T02:00Z,a4t:102t,12,4.8,8.9,7.3,15.1,14.6,h,8.9,14.6,,,0,0,540.246,2.332,0.093,19,15.2,0.701,9,278,26.762,85.17,1.859,63.995,0.8,280,25.7,86,1
2026-10-04T14:00Z,2026-10-05T14:00Z,a4t:102t,24,2.95,5,4.7,8.9,13.2,h,5,13.2,,,0,0.002,303.617,5.006,0,19,15.2,0.701,21,278,23.928,91.227,2.425,54.624,0.8,280,25.7,86,1
2026-10-04T14:00Z,2026-10-06T14:00Z,a4t:102t,48,18.5,24.1,7.8,10.9,13,h,24.1,13,,,0,0,440.571,6.17,0,19,15.2,0.701,21,279,23.544,79.098,3.502,58.487,0.8,280,25.7,86,1
2026-10-04T14:00Z,2026-10-04T15:00Z,a4t:63t,1,17.05,19.7,,,,h,19.7,,,,0,0,290.01,2.97,0.188,,,0.151,22,277,26.446,88.853,2.092,223.447,,,,,1
2026-10-04T14:00Z,2026-10-04T17:00Z,a4t:63t,3,16.2,18.6,,,,h,18.6,,,,0,0,258.128,2.76,0.031,,,0.151,0,277,25.923,90.001,2.147,221.58,,,,,1
2026-10-04T14:00Z,2026-10-04T20:00Z,a4t:63t,6,13.899999999999999,15.8,,,,h,15.8,,,,0,0,251.942,2.75,0,,,0.151,3,277,25.387,91.853,2.167,211.161,,,,,1
2026-10-04T14:00Z,2026-10-05T02:00Z,a4t:63t,12,7.65,8.6,,,,h,8.6,,,,0,0,543.163,2.92,0,,,0.151,9,278,27.456,81.793,2.486,220.639,,,,,1
2026-10-04T14:00Z,2026-10-05T14:00Z,a4t:63t,24,7.4,8.1,,,,h,8.1,,,,0,0,273.761,2.526,0.385,,,0.151,21,278,25.848,89.251,1.96,202.219,,,,,1
2026-10-04T14:00Z,2026-10-06T14:00Z,a4t:63t,48,8.45,8.9,,,,h,8.9,,,,0,0,278.6,1.545,0.089,,,0.151,21,279,25.832,89.04,1.143,197.525,,,,,1
2026-10-04T14:00Z,2026-10-04T15:00Z,a4t:78t,1,27.05,17.3,,,,h,17.3,,,,0,0,31.198,1.446,0.071,,,-0.476,22,277,23.369,98.508,0.365,216.868,,,,,1
2026-10-04T14:00Z,2026-10-04T17:00Z,a4t:78t,3,25.8,16.8,,,,h,16.8,,,,0,0,21.16,1.011,0,,,-0.476,0,277,22.882,98.56,0.285,212.302,,,,,1
2026-10-04T14:00Z,2026-10-04T20:00Z,a4t:78t,6,24.4,16.3,,,,h,16.3,,,,0,0,32.678,1.554,0,,,-0.476,3,277,22.206,99.932,1.017,172.427,,,,,1
2026-10-04T14:00Z,2026-10-05T02:00Z,a4t:78t,12,16.7,11.6,,,,h,11.6,,,,0,0,546.43,1.917,0.044,,,-0.476,9,278,25.942,84.353,1.276,212.508,,,,,1
2026-10-04T14:00Z,2026-10-05T14:00Z,a4t:78t,24,9.100000000000001,6.7,,,,h,6.7,,,,0,0,42.232,1.357,0.014,,,-0.476,21,278,22.901,99.188,0.765,178.787,,,,,1
2026-10-04T14:00Z,2026-10-06T14:00Z,a4t:78t,48,9.3,7.8,,,,h,7.8,,,,0,0,31.751,1.198,0.148,,,-0.476,21,279,23.203,97.612,0.44,182.257,,,,,1
2026-10-04T14:00Z,2026-10-04T15:00Z,a4t:109t,1,6.05,7.9,4.9,6.5,14.5,h,7.9,14.5,,,0,0,115.352,1.823,0,6,14.5,0.247,22,277,25.112,96.183,0.725,106.423,,,,,1
2026-10-04T14:00Z,2026-10-04T17:00Z,a4t:109t,3,6.05,7.8,5,6.7,14.4,h,7.8,14.4,,,0,0,116.403,1.83,0.018,6,14.5,0.247,0,277,24.794,97.271,0.747,138.87,,,,,1
2026-10-04T14:00Z,2026-10-04T20:00Z,a4t:109t,6,5.85,7.4,5.2,6.9,14.1,h,7.4,14.1,,,0,0,133.751,2.435,0.003,6,14.5,0.247,3,277,24.414,97.656,0.967,109.627,,,,,1
2026-10-04T14:00Z,2026-10-05T02:00Z,a4t:109t,12,4.05,5.1,4.9,6.4,13,h,5.1,13,,,0,0,527.17,2.535,0.076,6,14.5,0.247,9,278,27.234,82.697,2.036,89.225,,,,,1
2026-10-04T14:00Z,2026-10-05T14:00Z,a4t:109t,24,5.6,6.6,4.9,6.2,11.8,h,6.6,11.8,,,0,0.001,260.706,3.941,0.068,6,14.5,0.247,21,278,24.494,94.239,1.828,60.893,,,,,1
2026-10-04T14:00Z,2026-10-06T14:00Z,a4t:109t,48,9.2,10.1,5.7,6.4,10.5,h,10.1,10.5,,,0,0,635.032,6.889,0,6,14.5,0.247,21,279,24.975,79.412,3.896,57.178,,,,,1
2026-10-04T14:00Z,2026-10-04T15:00Z,a4t:28t,1,16.05,58.4,14.1,55.6,36.6,h,58.4,36.6,,,0,0,58.57,1.726,0,36,36.5,1.328,22,277,25.999,93.752,0.771,141.887,,,,,1
2026-10-04T14:00Z,2026-10-04T17:00Z,a4t:28t,3,15.8,54.6,14.2,55.4,36.7,h,54.6,36.7,,,0,0,75.429,2.676,0.002,36,36.5,1.328,0,277,25.729,95.306,1.453,135.794,,,,,1
2026-10-04T14:00Z,2026-10-04T20:00Z,a4t:28t,6,15.35,49.3,14.2,54.3,37,h,49.3,37,,,0,0,104.022,3.326,0.001,36,36.5,1.328,3,277,25.324,94.81,1.619,146.363,,,,,1
2026-10-04T14:00Z,2026-10-05T02:00Z,a4t:28t,12,8.05,23.4,13.1,47,37.7,h,23.4,37.7,,,0,0,458.936,1.915,0.077,36,36.5,1.328,9,278,28.479,80.647,1.484,126.079,,,,,1
2026-10-04T14:00Z,2026-10-05T14:00Z,a4t:28t,24,7.25,16.9,10.9,32.7,35.3,h,16.9,35.3,,,0,0,63.077,1.621,0.001,36,36.5,1.328,21,278,25.695,96.824,1.365,140.14,,,,,1
2026-10-04T14:00Z,2026-10-06T14:00Z,a4t:28t,48,10.149999999999999,16.8,5.9,11.7,24.1,h,16.8,24.1,,,0,0,102.022,3.183,0.002,36,36.5,1.328,21,279,25.125,95.342,1.569,52.416,,,,,1
2026-10-04T14:00Z,2026-10-04T15:00Z,a4t:30t,1,16.05,20.8,,,,h,20.8,,,,0,0,218.866,1.267,0,,,0.334,22,277,27.003,88.606,0.33,158.709,,,,,1
2026-10-04T14:00Z,2026-10-04T17:00Z,a4t:30t,3,15.8,20.2,,,,h,20.2,,,,0,0,208.004,2.117,0.025,,,0.334,0,277,26.665,89.891,1.205,141.613,,,,,1
2026-10-04T14:00Z,2026-10-04T20:00Z,a4t:30t,6,15.35,19.4,,,,h,19.4,,,,0,0,226.279,3.14,0.015,,,0.334,3,277,26.264,90.323,1.839,152.931,,,,,1
2026-10-04T14:00Z,2026-10-05T02:00Z,a4t:30t,12,8.05,10,,,,h,10,,,,0,0,441.321,1.972,0.052,,,0.334,9,278,28.311,81.419,1.658,132.649,,,,,1
2026-10-04T14:00Z,2026-10-05T14:00Z,a4t:30t,24,7.25,8.6,,,,h,8.6,,,,0,0,192.643,1.356,0.008,,,0.334,21,278,26.646,90.76,1.254,120.278,,,,,1
2026-10-04T14:00Z,2026-10-06T14:00Z,a4t:30t,48,10.149999999999999,11.2,,,,h,11.2,,,,0,0,225.995,2.907,0.025,,,0.334,21,279,26.181,89.687,1.766,51.458,,,,,1
2026-10-04T14:00Z,2026-10-04T15:00Z,a4t:31t,1,16.05,17.1,14.1,15.1,61.4,h,17.1,61.4,,,0,0,190.559,1.198,0,25,61.6,0.062,22,277,26.889,89.441,0.273,155.571,0.4,208,,,1
2026-10-04T14:00Z,2026-10-04T17:00Z,a4t:31t,3,15.8,16.8,14.2,15.2,60.9,h,16.8,60.9,,,0,0,184.246,2.187,0.023,25,61.6,0.062,0,277,26.571,90.941,1.218,139.206,0.4,208,,,1
2026-10-04T14:00Z,2026-10-04T20:00Z,a4t:31t,6,15.35,16.2,14.2,15.2,59,h,16.2,59,,,0,0,211.582,3.228,0.007,25,61.6,0.062,3,277,26.223,91.006,1.842,151.748,0.4,208,,,1
2026-10-04T14:00Z,2026-10-05T02:00Z,a4t:31t,12,8.05,8.5,13.1,13.9,51.3,h,8.5,51.3,,,0,0,438.112,2.096,0.064,25,61.6,0.062,9,278,28.372,81.487,1.741,129.353,0.4,208,,,1
2026-10-04T14:00Z,2026-10-05T14:00Z,a4t:31t,24,7.25,7.6,10.9,11.5,45.6,h,7.6,45.6,,,0,0,171.453,1.493,0.004,25,61.6,0.062,21,278,26.54,92.019,1.293,122.942,0.4,208,,,1
2026-10-04T14:00Z,2026-10-06T14:00Z,a4t:31t,48,10.149999999999999,10.4,5.9,6.1,33.9,h,10.4,33.9,,,0,0,210.092,3.186,0.023,25,61.6,0.062,21,279,26.04,90.439,1.84,52.86,0.4,208,,,1
2026-10-04T14:00Z,2026-10-04T15:00Z,a4t:113t,1,7.15,12.4,5.5,9.9,12.3,h,12.4,12.3,,,0,0,114.172,1.45,0,12,12.3,0.521,22,277,25.208,96.539,0.578,122.795,1.1,126,28.1,78,1
2026-10-04T14:00Z,2026-10-04T17:00Z,a4t:113t,3,7.699999999999999,13,5.7,10.1,12.3,h,13,12.3,,,0,0,116.258,1.913,0.006,12,12.3,0.521,0,277,24.846,97.83,0.837,151.237,1.1,126,28.1,78,1
2026-10-04T14:00Z,2026-10-04T20:00Z,a4t:113t,6,7.5,12.3,5.9,10.4,12.3,h,12.3,12.3,,,0,0,121.766,1.87,0,12,12.3,0.521,3,277,24.582,98.384,0.759,107.063,1.1,126,28.1,78,1
2026-10-04T14:00Z,2026-10-05T02:00Z,a4t:113t,12,2.8,4.7,5.4,9.4,12.1,h,4.7,12.1,,,0,0,532.64,2.549,0.149,12,12.3,0.521,9,278,27.112,83.506,2,94.891,1.1,126,28.1,78,1
2026-10-04T14:00Z,2026-10-05T14:00Z,a4t:113t,24,6.25,8.9,5.2,8.3,11,h,8.9,11,,,0,0,145.663,2.785,0.46,12,12.3,0.521,21,278,24.489,94.729,0.803,70.006,1.1,126,28.1,78,1
2026-10-04T14:00Z,2026-10-06T14:00Z,a4t:113t,48,10.5,12.9,7.3,9.4,10.9,h,12.9,10.9,,,0,0,520.588,6.238,0,12,12.3,0.521,21,279,25.201,80.065,3.363,69.43,1.1,126,28.1,78,1
2026-10-04T14:00Z,2026-10-04T15:00Z,a4t:99t,1,16.5,14.9,23.7,21.3,15.3,h,14.9,15.3,,,0,0.019,183.878,2.069,0.194,26,15.3,-0.101,22,277,25.067,95.44,1.049,191.387,,,30.2,66,1
2026-10-04T14:00Z,2026-10-04T17:00Z,a4t:99t,3,17.9,16.3,23.4,21.1,15.3,h,16.3,15.3,,,0,0.007,77.604,1.101,0,26,15.3,-0.101,0,277,24.743,96.52,0.383,204.713,,,30.2,66,1
2026-10-04T14:00Z,2026-10-04T20:00Z,a4t:99t,6,24.65,22.6,23.1,20.9,15.3,h,22.6,15.3,,,0,0.019,96.679,2.045,0,26,15.3,-0.101,3,277,24.463,97.88,0.608,133.678,,,30.2,66,1
2026-10-04T14:00Z,2026-10-05T02:00Z,a4t:99t,12,22.799999999999997,21.1,21.6,19.7,15.9,h,21.1,15.9,,,0,0.036,416.349,0.564,0.08,26,15.3,-0.101,9,278,27.898,82.32,0.359,143.601,,,30.2,66,1
2026-10-04T14:00Z,2026-10-05T14:00Z,a4t:99t,24,10.5,9.8,19.2,17.7,16.1,h,9.8,16.1,,,0,0.002,76.111,0.669,0,26,15.3,-0.101,21,278,25.579,96.189,0.242,36.935,,,30.2,66,1
2026-10-04T14:00Z,2026-10-06T14:00Z,a4t:99t,48,14.15,13.6,7.3,6.9,11.1,h,13.6,11.1,,,0,0,112.34,3.153,0.01,26,15.3,-0.101,21,279,25.45,94.275,1.362,19.441,,,30.2,66,1
2026-10-04T14:00Z,2026-10-04T15:00Z,a4t:40t,1,12.35,9.7,11.3,8.8,12.1,h,9.7,12.1,,,0,0.001,41.562,1.214,0,11,12.1,-0.233,22,277,24.529,98.77,0.681,152.014,,,,,1
2026-10-04T14:00Z,2026-10-04T17:00Z,a4t:40t,3,5.6,4.3,10.8,8.4,12,h,4.3,12,,,0,0.003,177.755,2.879,4.148,11,12.1,-0.233,0,277,22.838,97.777,1.509,169.6,,,,,1
2026-10-04T14:00Z,2026-10-04T20:00Z,a4t:40t,6,4.9,3.8,10,7.7,11.9,h,3.8,11.9,,,0,0.002,54.968,0.892,0.056,11,12.1,-0.233,3,277,22.219,97.947,0.437,0.117,,,,,1
2026-10-04T14:00Z,2026-10-05T02:00Z,a4t:40t,12,5.949999999999999,4.8,9.5,7.4,11.2,h,4.8,11.2,,,0,0.005,389.8,1.309,0.113,11,12.1,-0.233,9,278,25.037,91.118,1.007,98.563,,,,,1
2026-10-04T14:00Z,2026-10-05T14:00Z,a4t:40t,24,7.45,6.4,6.9,5.7,10,h,6.4,10,,,0,0.001,64.147,1.193,0.314,11,12.1,-0.233,21,278,23.492,96.036,0.279,33.985,,,,,1
2026-10-04T14:00Z,2026-10-06T14:00Z,a4t:40t,48,5.699999999999999,5.2,4.8,4.2,8.1,h,5.2,8.1,,,0,0,26.998,1.517,0,11,12.1,-0.233,21,279,23.232,97.148,0.328,28.14,,,,,1
2026-10-04T14:00Z,2026-10-04T15:00Z,a4t:68t,1,9.45,13.3,7.3,10.6,13,h,13.3,13,,,0,0.016,30.531,0.368,0,16,13,0.328,22,277,24.664,95.318,0.202,42.242,,,,,1
2026-10-04T14:00Z,2026-10-04T17:00Z,a4t:68t,3,3.55,5.2,6.7,9.6,13,h,5.2,13,,,0,0.017,47.6,1.11,0.068,16,13,0.328,0,277,24.227,96.575,0.704,171.56,,,,,1
2026-10-04T14:00Z,2026-10-04T20:00Z,a4t:68t,6,2.6,3.8,5.9,8.5,12.8,h,3.8,12.8,,,0,0.009,93.958,1.702,0.1,16,13,0.328,3,277,23.328,97.586,0.868,351.807,,,,,1
2026-10-04T14:00Z,2026-10-05T02:00Z,a4t:68t,12,6,8,6.1,8.7,12.1,h,8,12.1,,,0,0.007,340.292,0.386,0.038,16,13,0.328,9,278,25.213,86.151,0.336,51.681,,,,,1
2026-10-04T14:00Z,2026-10-05T14:00Z,a4t:68t,24,9.1,11.3,6,8,11.4,h,11.3,11.4,,,0,0,99.572,1.312,0.135,16,13,0.328,21,278,24.04,94.648,0.995,253.787,,,,,1
2026-10-04T14:00Z,2026-10-06T14:00Z,a4t:68t,48,7.8,8.9,5.2,6.3,9.6,h,8.9,9.6,,,0,0,89.665,1.885,0.276,16,13,0.328,21,279,22.776,95.845,0.918,296.627,,,,,1
2026-10-04T14:00Z,2026-10-04T15:00Z,a4t:112t,1,9.649999999999999,12.2,7.4,9.5,11.9,h,12.2,11.9,,,0,0.001,101.252,1.22,0,13,11.9,0.223,22,277,25.151,96.615,0.711,91.587,0.7,93,25,87,1
2026-10-04T14:00Z,2026-10-04T17:00Z,a4t:112t,3,10,12.5,7.8,10,11.9,h,12.5,11.9,,,0,0.001,101.221,1.449,0.061,13,11.9,0.223,0,277,24.789,97.345,0.649,111.89,0.7,93,25,87,1
2026-10-04T14:00Z,2026-10-04T20:00Z,a4t:112t,6,8.2,10.2,8.6,10.9,11.8,h,10.2,11.8,,,0,0.001,102.2,2.522,0.03,13,11.9,0.223,3,277,24.183,95.904,0.819,112.156,0.7,93,25,87,1
2026-10-04T14:00Z,2026-10-05T02:00Z,a4t:112t,12,7.15,8.7,8.5,10.7,11.5,h,8.7,11.5,,,0,0.001,465.017,1.869,0.276,13,11.9,0.223,9,278,27.228,84.16,1.561,75.328,0.7,93,25,87,1
2026-10-04T14:00Z,2026-10-05T14:00Z,a4t:112t,24,6.2,7.2,7.1,8.6,10.8,h,7.2,10.8,,,0,0.003,280.363,2.757,0.304,13,11.9,0.223,21,278,24.441,94.531,1.443,59.462,0.7,93,25,87,1
2026-10-04T14:00Z,2026-10-06T14:00Z,a4t:112t,48,8.3,9.1,4.7,5.3,8.6,h,9.1,8.6,,,0,0.001,608.541,7.897,0,13,11.9,0.223,21,279,25.041,81.033,4.517,35.813,0.7,93,25,87,1
2026-10-04T14:00Z,2026-10-04T15:00Z,a4t:90t,1,5.699999999999999,1.9,8.3,2.9,10.2,h,1.9,10.2,,,0,0,77.437,1.652,0.109,0,10.2,-0.879,22,277,24.643,99.572,0.873,71.283,,,,,1
2026-10-04T14:00Z,2026-10-04T17:00Z,a4t:90t,3,4.3,1.4,8.3,2.9,10.1,h,1.4,10.1,,,0,0,77.728,1.489,0,0,10.2,-0.879,0,277,24.37,99.504,0.978,167.969,,,,,1
2026-10-04T14:00Z,2026-10-04T20:00Z,a4t:90t,6,3,0.9,8.1,2.8,9.9,h,0.9,9.9,,,0,0,67.261,1.383,0,0,10.2,-0.879,3,277,23.899,99.35,0.951,75.433,,,,,1
2026-10-04T14:00Z,2026-10-05T02:00Z,a4t:90t,12,3.25,1.2,6,2,8.7,h,1.2,8.7,,,0,0,438.832,2.614,0.177,0,10.2,-0.879,9,278,25.804,88.911,2.042,58.223,,,,,1
2026-10-04T14:00Z,2026-10-05T14:00Z,a4t:90t,24,2.9000000000000004,1.3,3.4,1.3,7.3,h,1.3,7.3,,,0,0,268.915,3.74,0,0,10.2,-0.879,21,278,23.646,94.512,1.405,58.317,,,,,1
2026-10-04T14:00Z,2026-10-06T14:00Z,a4t:90t,48,12.9,9.1,8.3,5.3,7.8,h,9.1,7.8,,,0,0,171.438,3.834,0,0,10.2,-0.879,21,279,23.002,86.543,1.698,84,,,,,1
2026-10-04T14:00Z,2026-10-04T15:00Z,a4t:08t,1,15.200000000000001,27.7,15.3,28.5,23.8,h,27.7,23.8,,,0,0,86.324,0.654,0.18,23,23.8,0.595,22,277,25.392,96.05,0.239,127.407,,,,,1
2026-10-04T14:00Z,2026-10-04T17:00Z,a4t:08t,3,21.65,38.1,15.9,29.4,23.9,h,38.1,23.9,,,0,0,68.466,0.633,0,23,23.8,0.595,0,277,25.249,95.962,0.172,117.499,,,,,1
2026-10-04T14:00Z,2026-10-04T20:00Z,a4t:08t,6,26.450000000000003,44.9,17.3,31.6,24.3,h,44.9,24.3,,,0,0.002,97.569,1.339,0,23,23.8,0.595,3,277,24.981,96.389,0.564,95.856,,,,,1
2026-10-04T14:00Z,2026-10-05T02:00Z,a4t:08t,12,26,41.5,19.8,34.7,25.7,h,41.5,25.7,,,0,0.003,428.762,0.638,0.1,23,23.8,0.595,9,278,28.218,82.642,0.486,71.147,,,,,1
2026-10-04T14:00Z,2026-10-05T14:00Z,a4t:08t,24,32.85,47.2,29.6,46.6,31.1,h,47.2,31.1,,,0,0,62.49,0.529,0.077,23,23.8,0.595,21,278,25.231,96.784,0.239,103.688,,,,,1
2026-10-04T14:00Z,2026-10-06T14:00Z,a4t:08t,48,40.95,51,22.3,29.7,26.7,h,51,26.7,,,0,0,86.687,1.722,0.184,23,23.8,0.595,21,279,25.348,96.693,0.691,2.717,,,,,1
2026-10-04T14:00Z,2026-10-04T15:00Z,a4t:16t,1,15.200000000000001,11.9,15.3,11.8,15.7,h,11.9,15.7,,,0,0,83.519,0.581,0.172,13,15.7,-0.242,22,277,25.443,95.923,0.203,128.96,,,,,1
2026-10-04T14:00Z,2026-10-04T17:00Z,a4t:16t,3,21.65,17.2,15.9,12.3,15.7,h,17.2,15.7,,,0,0,68.305,0.646,0,13,15.7,-0.242,0,277,25.282,95.969,0.178,120.449,,,,,1
2026-10-04T14:00Z,2026-10-04T20:00Z,a4t:16t,6,26.450000000000003,21.4,17.3,13.5,15.8,h,21.4,15.8,,,0,0.001,96.697,1.309,0,13,15.7,-0.242,3,277,25.007,96.37,0.541,98.922,,,,,1
2026-10-04T14:00Z,2026-10-05T02:00Z,a4t:16t,12,26,21.5,19.8,15.7,16,h,21.5,16,,,0,0.002,430.33,0.674,0.1,13,15.7,-0.242,9,278,28.231,82.705,0.515,73.506,,,,,1
2026-10-04T14:00Z,2026-10-05T14:00Z,a4t:16t,24,32.85,28.4,29.6,24.6,18.6,h,28.4,18.6,,,0,0,62.696,0.538,0.085,13,15.7,-0.242,21,278,25.239,96.838,0.259,110.035,,,,,1
2026-10-04T14:00Z,2026-10-06T14:00Z,a4t:16t,48,40.95,37.5,22.3,19.9,17.8,h,37.5,17.8,,,0,0,88.588,1.751,0.203,13,15.7,-0.242,21,279,25.341,96.645,0.685,4.98,,,,,1
2026-10-04T14:00Z,2026-10-04T15:00Z,a4t:17t,1,15.200000000000001,17.4,15.3,17.7,19.3,h,17.4,19.3,,,0,0,86.238,0.641,0.173,21,19.3,0.136,22,277,25.415,95.998,0.24,124.748,,,,,1
2026-10-04T14:00Z,2026-10-04T17:00Z,a4t:17t,3,21.65,24.6,15.9,18.3,19.3,h,24.6,19.3,,,0,0,68.371,0.601,0,21,19.3,0.136,0,277,25.264,95.92,0.149,117.821,,,,,1
2026-10-04T14:00Z,2026-10-04T20:00Z,a4t:17t,6,26.450000000000003,29.8,17.3,19.8,19.5,h,29.8,19.5,,,0,0.001,97.559,1.297,0,21,19.3,0.136,3,277,24.989,96.366,0.543,95.199,,,,,1
2026-10-04T14:00Z,2026-10-05T02:00Z,a4t:17t,12,26,28.9,19.8,22.5,19.8,h,28.9,19.8,,,0,0.003,430.194,0.638,0.1,21,19.3,0.136,9,278,28.215,82.671,0.486,67.77,,,,,1
2026-10-04T14:00Z,2026-10-05T14:00Z,a4t:17t,24,32.85,35.6,29.6,32.7,23.6,h,35.6,23.6,,,0,0,62.842,0.504,0.081,21,19.3,0.136,21,278,25.233,96.758,0.225,104.559,,,,,1
2026-10-04T14:00Z,2026-10-06T14:00Z,a4t:17t,48,40.95,43,22.3,23.8,21.6,h,43,21.6,,,0,0,88.355,1.75,0.195,21,19.3,0.136,21,279,25.347,96.671,0.707,2.507,,,,,1
2026-10-04T14:00Z,2026-10-04T15:00Z,a4t:84t,1,10.75,8.6,11.5,9.2,10.3,h,8.6,10.3,,,0,0,94.764,1.038,0.005,9,10.3,-0.207,22,277,25.959,94.878,0.445,19.899,,,,,1
2026-10-04T14:00Z,2026-10-04T17:00Z,a4t:84t,3,12.5,10.2,11.7,9.3,10.3,h,10.2,10.3,,,0,0,64.427,1.148,0,9,10.3,-0.207,0,277,25.566,94.628,1.089,302.926,,,,,1
2026-10-04T14:00Z,2026-10-04T20:00Z,a4t:84t,6,17.05,14.1,12.3,9.9,10.3,h,14.1,10.3,,,0,0,90.177,1.456,0,9,10.3,-0.207,3,277,25.06,96.146,0.641,349.384,,,,,1
2026-10-04T14:00Z,2026-10-05T02:00Z,a4t:84t,12,18,15.2,13.8,11.2,10.5,h,15.2,10.5,,,0,0.005,470.054,1.901,0.1,9,10.3,-0.207,9,278,28.012,84.365,1.55,351.903,,,,,1
2026-10-04T14:00Z,2026-10-05T14:00Z,a4t:84t,24,27.35,24.1,18.7,15.9,12.1,h,24.1,12.1,,,0,0,75.221,0.767,0.279,9,10.3,-0.207,21,278,25.108,95.631,0.752,283.131,,,,,1
2026-10-04T14:00Z,2026-10-06T14:00Z,a4t:84t,48,32.05,29.7,16.1,14.5,12.4,h,29.7,12.4,,,0,0,135.522,2.77,0.669,9,10.3,-0.207,21,279,25.341,96.564,1.659,335.913,,,,,1
2026-10-04T14:00Z,2026-10-04T15:00Z,a4t:14t,1,15.200000000000001,21,15.3,21.5,19.8,h,21,19.8,,,0,0,98.407,1.04,0.111,19,19.8,0.324,22,277,25.488,95.856,0.491,96.46,,,,,1
2026-10-04T14:00Z,2026-10-04T17:00Z,a4t:14t,3,21.65,29.3,15.9,22.3,19.9,h,29.3,19.9,,,0,0,67.984,0.201,0,19,19.8,0.324,0,277,25.329,95.278,0.143,88.768,,,,,1
2026-10-04T14:00Z,2026-10-04T20:00Z,a4t:14t,6,26.450000000000003,35.1,17.3,24,20.1,h,35.1,20.1,,,0,0.001,102.899,1.035,0,19,19.8,0.324,3,277,24.987,96.071,0.437,68.02,,,,,1
2026-10-04T14:00Z,2026-10-05T02:00Z,a4t:14t,12,26,33.4,19.8,26.8,21,h,33.4,21,,,0,0.004,443.062,0.791,0.1,19,19.8,0.324,9,278,28.123,82.655,0.627,17.014,,,,,1
2026-10-04T14:00Z,2026-10-05T14:00Z,a4t:14t,24,32.85,39.9,29.6,37.7,25.5,h,39.9,25.5,,,0,0,66.633,0.251,0.101,19,19.8,0.324,21,278,25.253,96.148,0.035,62.169,,,,,1
2026-10-04T14:00Z,2026-10-06T14:00Z,a4t:14t,48,40.95,46,22.3,26,22.9,h,46,22.9,,,0,0,102.85,2.051,0.242,19,19.8,0.324,21,279,25.361,96.554,0.982,353.362,,,,,1
2026-10-04T14:00Z,2026-10-04T15:00Z,a4t:27t,1,15.200000000000001,11.1,15.3,11,14.8,h,11.1,14.8,,,0,0,92.159,0.719,0.073,7,14.8,-0.308,22,277,25.697,95.392,0.349,70.391,,,,,1
2026-10-04T14:00Z,2026-10-04T17:00Z,a4t:27t,3,21.65,16.2,15.9,11.5,14.8,h,16.2,14.8,,,0,0,66.693,0.18,0,7,14.8,-0.308,0,277,25.442,95.152,0.407,311.734,,,,,1
2026-10-04T14:00Z,2026-10-04T20:00Z,a4t:27t,6,26.450000000000003,20.1,17.3,12.6,14.7,h,20.1,14.7,,,0,0,97.188,0.797,0,7,14.8,-0.308,3,277,25.046,96.098,0.245,44.428,,,,,1
2026-10-04T14:00Z,2026-10-05T02:00Z,a4t:27t,12,26,20.4,19.8,14.8,14.8,h,20.4,14.8,,,0,0.003,452.31,1.047,0.1,7,14.8,-0.308,9,278,28.115,83.275,0.843,9.378,,,,,1
2026-10-04T14:00Z,2026-10-05T14:00Z,a4t:27t,24,32.85,27.3,29.6,23.4,17.6,h,27.3,17.6,,,0,0,69.202,0.07,0.165,7,14.8,-0.308,21,278,25.217,96.125,0.203,293.903,,,,,1
2026-10-04T14:00Z,2026-10-06T14:00Z,a4t:27t,48,40.95,36.6,22.3,19.3,17.1,h,36.6,17.1,,,0,0,114.16,2.228,0.397,7,14.8,-0.308,21,279,25.343,96.503,1.116,350.017,,,,,1
2026-10-04T14:00Z,2026-10-04T15:00Z,a4t:24t,1,16.5,21.1,23.7,30.6,28,h,21.1,28,,,0,0.011,131.78,2.017,0.191,25,28,0.248,22,277,24.321,97.231,0.858,184.675,,,,,1
2026-10-04T14:00Z,2026-10-04T17:00Z,a4t:24t,3,17.9,22.6,23.4,30.2,27.9,h,22.6,27.9,,,0,0.02,98.842,1.614,0,25,28,0.248,0,277,23.973,97.357,0.533,187.893,,,,,1
2026-10-04T14:00Z,2026-10-04T20:00Z,a4t:24t,6,24.65,30.7,23.1,29.7,27.6,h,30.7,27.6,,,0,0.035,79.894,1.233,0,25,28,0.248,3,277,23.686,97.845,0.392,138.583,,,,,1
2026-10-04T14:00Z,2026-10-05T02:00Z,a4t:24t,12,22.799999999999997,27.7,21.6,27.4,27.5,h,27.7,27.5,,,0,0.043,375.577,0.657,0.074,25,28,0.248,9,278,27.069,83.475,0.487,121.976,,,,,1
2026-10-04T14:00Z,2026-10-05T14:00Z,a4t:24t,24,10.5,12.3,19.2,23.4,26.5,h,12.3,26.5,,,0,0.001,71.171,1.381,0,25,28,0.248,21,278,24.854,95.463,0.429,69.11,,,,,1
2026-10-04T14:00Z,2026-10-06T14:00Z,a4t:24t,48,14.15,15.5,7.3,8.3,18.2,h,15.5,18.2,,,0,0,92.807,3.393,0,25,28,0.248,21,279,24.411,94.608,1.512,29.99,,,,,1
2026-10-04T14:00Z,2026-10-04T15:00Z,a4t:25t,1,20.65,17.3,27.5,22.9,17.9,h,17.3,17.9,,,0,0.007,100.232,1.541,0.253,20,17.9,-0.176,22,277,25.1,96.81,0.758,161.933,,,,,1
2026-10-04T14:00Z,2026-10-04T17:00Z,a4t:25t,3,22.95,19.4,27.3,22.8,17.9,h,19.4,17.9,,,0,0.002,145.38,2.091,0,20,17.9,-0.176,0,277,24.842,97.44,0.779,153.497,,,,,1
2026-10-04T14:00Z,2026-10-04T20:00Z,a4t:25t,6,30.75,26.3,27.3,22.8,18,h,26.3,18,,,0,0.006,82.399,0.185,0,20,17.9,-0.176,3,277,24.419,98.144,0.353,97.657,,,,,1
2026-10-04T14:00Z,2026-10-05T02:00Z,a4t:25t,12,23.65,20.6,26.2,22.1,18.8,h,20.6,18.8,,,0,0.015,380.228,0.43,0.011,20,17.9,-0.176,9,278,28.056,81.888,0.286,132.221,,,,,1
2026-10-04T14:00Z,2026-10-05T14:00Z,a4t:25t,24,14,12.5,23.2,20.1,18.6,h,12.5,18.6,,,0,0.001,75.549,1.301,0,20,17.9,-0.176,21,278,25.679,94.619,0.631,160.108,,,,,1
2026-10-04T14:00Z,2026-10-06T14:00Z,a4t:25t,48,24.450000000000003,22.9,10.9,10,14,h,22.9,14,,,0,0,94.863,3.188,0,20,17.9,-0.176,21,279,25.289,94.647,1.307,25.96,,,,,1
2026-10-04T14:00Z,2026-10-04T15:00Z,a4t:71t,1,9.25,9.5,10.2,10.6,8.4,h,9.5,8.4,,,0,0,55.039,0.704,0,8,8.4,0.029,22,277,25.91,95.376,0.153,216.104,,,,,1
2026-10-04T14:00Z,2026-10-04T17:00Z,a4t:71t,3,10.600000000000001,10.9,10.2,10.5,8.4,h,10.9,8.4,,,0,0,54.422,0.272,0,8,8.4,0.029,0,277,25.344,96.893,0.298,141.094,,,,,1
2026-10-04T14:00Z,2026-10-04T20:00Z,a4t:71t,6,15.45,15.9,10.5,10.9,8.5,h,15.9,8.5,,,0,0,33.756,0.457,0,8,8.4,0.029,3,277,25.037,97.712,0.448,139.242,,,,,1
2026-10-04T14:00Z,2026-10-05T02:00Z,a4t:71t,12,7.8,8,10.2,10.5,8.7,h,8,8.7,,,0,0,478.786,0.581,0.063,8,8.4,0.029,9,278,28.117,82.739,0.404,68.919,,,,,1
2026-10-04T14:00Z,2026-10-05T14:00Z,a4t:71t,24,8.1,8.3,9.3,9.5,8.8,h,8.3,8.8,,,0,0,108.089,0.9,0.721,8,8.4,0.029,21,278,24.926,95.834,0.662,27.69,,,,,1
2026-10-04T14:00Z,2026-10-06T14:00Z,a4t:71t,48,7.2,7.3,5.6,5.7,7.1,h,7.3,7.1,,,0,0,94.327,1.99,0.512,8,8.4,0.029,21,279,24.844,95.697,0.844,16.651,,,,,1
2026-10-04T14:00Z,2026-10-04T15:00Z,a4t:104t,1,12.4,19.1,18.8,29.2,17.2,h,19.1,17.2,,,0,0.001,162.04,1.833,0.243,23,17.2,0.422,22,277,25.084,94.399,1.016,195.914,,,,,1
2026-10-04T14:00Z,2026-10-04T17:00Z,a4t:104t,3,16.4,24.7,18.2,28.2,17.2,h,24.7,17.2,,,0,0.001,72.166,1.123,0,23,17.2,0.422,0,277,24.735,95.974,0.539,191.909,,,,,1
2026-10-04T14:00Z,2026-10-04T20:00Z,a4t:104t,6,23.6,34.4,17.6,27.1,17.3,h,34.4,17.3,,,0,0.003,78.701,1.529,0,23,17.2,0.422,3,277,24.395,97.904,0.341,129.7,,,,,1
2026-10-04T14:00Z,2026-10-05T02:00Z,a4t:104t,12,25.5,35.6,17.8,26.5,18.9,h,35.6,18.9,,,0,0.015,408.156,0.302,0.028,23,17.2,0.422,9,278,27.816,81.052,0.181,87.034,,,,,1
2026-10-04T14:00Z,2026-10-05T14:00Z,a4t:104t,24,12.95,16.9,20,28.1,20.7,h,16.9,20.7,,,0,0.002,97.212,1.333,0,23,17.2,0.422,21,278,25.509,95.608,0.794,283.666,,,,,1
2026-10-04T14:00Z,2026-10-06T14:00Z,a4t:104t,48,13.1,15.4,8.2,10.2,13.7,h,15.4,13.7,,,0,0,125.294,3.071,0,23,17.2,0.422,21,279,25.626,95.522,1.435,5.35,,,,,1
2026-10-04T14:00Z,2026-10-04T15:00Z,a4t:85t,1,11.4,13.2,12.5,14.6,11.6,h,13.2,11.6,,,0,0.039,117.149,0.916,0.074,12,11.6,0.143,22,277,25.297,95.926,0.116,143.248,,,,,1
2026-10-04T14:00Z,2026-10-04T17:00Z,a4t:85t,3,13.5,15.5,12.5,14.6,11.7,h,15.5,11.7,,,0,0.036,74.258,0.495,0,12,11.6,0.143,0,277,25.21,94.928,0.102,127.852,,,,,1
2026-10-04T14:00Z,2026-10-04T20:00Z,a4t:85t,6,18.15,20.6,12.9,15,11.9,h,20.6,11.9,,,0,0.027,117.307,1.171,0,12,11.6,0.143,3,277,24.924,96.318,0.648,87.332,,,,,1
2026-10-04T14:00Z,2026-10-05T02:00Z,a4t:85t,12,16.2,18.1,14.7,16.8,12.9,h,18.1,12.9,,,0,0.011,455.531,0.892,0.056,12,11.6,0.143,9,278,27.736,81.689,0.729,24.495,,,,,1
2026-10-04T14:00Z,2026-10-05T14:00Z,a4t:85t,24,16.549999999999997,18.1,16.4,18.3,13.7,h,18.1,13.7,,,0,0.001,127.064,1.153,0,12,11.6,0.143,21,278,25.423,95.489,0.528,315.261,,,,,1
2026-10-04T14:00Z,2026-10-06T14:00Z,a4t:85t,48,14,14.8,9.9,10.6,11.1,h,14.8,11.1,,,0,0,142.013,2.916,0,12,11.6,0.143,21,279,25.373,96.008,1.456,350.033,,,,,1
2026-10-04T14:00Z,2026-10-04T15:00Z,a4t:111t,1,8.2,14.3,7.3,13.1,11.9,h,14.3,11.9,,,0,0,51.381,0.425,0,18,11.9,0.531,22,277,25.156,96.558,0.383,96.735,0.3,267,27.1,83,1
2026-10-04T14:00Z,2026-10-04T17:00Z,a4t:111t,3,7.6,13,7.5,13.4,11.9,h,13,11.9,,,0,0,60.646,0.963,0.044,18,11.9,0.531,0,277,24.793,98,0.379,78.824,0.3,267,27.1,83,1
2026-10-04T14:00Z,2026-10-04T20:00Z,a4t:111t,6,9.25,15.2,7.7,13.7,12,h,15.2,12,,,0,0,99.503,2.454,0,18,11.9,0.531,3,277,24.295,97.633,0.865,102.62,0.3,267,27.1,83,1
2026-10-04T14:00Z,2026-10-05T02:00Z,a4t:111t,12,6.25,9.9,7.5,12.9,12.1,h,9.9,12.1,,,0,0.001,416.287,1.537,0.306,18,11.9,0.531,9,278,26.954,87.579,1.252,81.044,0.3,267,27.1,83,1
2026-10-04T14:00Z,2026-10-05T14:00Z,a4t:111t,24,6.5,9.3,6.8,10.8,11.6,h,9.3,11.6,,,0,0,250.792,2.683,2.226,18,11.9,0.531,21,278,23.941,96.631,1.635,67.834,0.3,267,27.1,83,1
2026-10-04T14:00Z,2026-10-06T14:00Z,a4t:111t,48,7.1,8.8,4.7,6.3,9.1,h,8.8,9.1,,,0,0,344.254,5.44,0.012,18,11.9,0.531,21,279,24.648,87.656,2.634,37.186,0.3,267,27.1,83,1
2026-10-04T14:00Z,2026-10-04T15:00Z,a4t:96t,1,10.8,15.2,12.6,17.9,12.4,h,15.2,12.4,,,0,0.15,286.514,3.835,0.235,16,12.4,0.33,22,277,25.516,94.572,2.477,196,2.7,98,24.5,65,1
2026-10-04T14:00Z,2026-10-04T17:00Z,a4t:96t,3,10.1,14,12.4,17.6,12.4,h,14,12.4,,,0,0.038,100.406,0.292,0,16,12.4,0.33,0,277,24.541,96.565,0.096,341.009,2.7,98,24.5,65,1
2026-10-04T14:00Z,2026-10-04T20:00Z,a4t:96t,6,10.1,13.8,11.9,16.8,12.6,h,13.8,12.6,,,0,0.036,56.295,0.227,0.001,16,12.4,0.33,3,277,24.195,97.404,0.075,114.387,2.7,98,24.5,65,1
2026-10-04T14:00Z,2026-10-05T02:00Z,a4t:96t,12,8.3,11,10.2,14.2,12.8,h,11,12.8,,,0,0.024,457.436,1.315,0.195,16,12.4,0.33,9,278,26.805,85.683,1.059,150.752,2.7,98,24.5,65,1
2026-10-04T14:00Z,2026-10-05T14:00Z,a4t:96t,24,8.399999999999999,10.4,8.9,11.8,12.2,h,10.4,12.2,,,0,0.002,97.755,1.191,1.705,16,12.4,0.33,21,278,25.422,92.897,0.964,2,2.7,98,24.5,65,1
2026-10-04T14:00Z,2026-10-06T14:00Z,a4t:96t,48,9.55,10.9,6,7.2,9.8,h,10.9,9.8,,,0,0,90.593,1.874,0.078,16,12.4,0.33,21,279,24.705,93.747,0.574,344.385,2.7,98,24.5,65,1
2026-10-04T14:00Z,2026-10-04T15:00Z,a4t:82t,1,8.6,10.7,13.9,17.4,20.4,h,10.7,20.4,,,0,0,158.462,3.562,1.142,9,20.4,0.209,22,277,24.009,97.048,2.039,74.645,,,,,1
2026-10-04T14:00Z,2026-10-04T17:00Z,a4t:82t,3,8.25,10.2,13.1,16.4,20.3,h,10.2,20.3,,,0,0,87.566,1.513,0.074,9,20.4,0.209,0,277,23.719,97.17,0.646,67.529,,,,,1
2026-10-04T14:00Z,2026-10-04T20:00Z,a4t:82t,6,5.3,6.5,11.8,14.8,20,h,6.5,20,,,0,0,136.002,2.23,0.048,9,20.4,0.209,3,277,23.778,97.509,1.243,59.629,,,,,1
2026-10-04T14:00Z,2026-10-05T02:00Z,a4t:82t,12,4.9,5.9,8.8,10.9,18.4,h,5.9,18.4,,,0,0,458.084,4.109,1.392,9,20.4,0.209,9,278,24.194,89.899,2.998,71.327,,,,,1
2026-10-04T14:00Z,2026-10-05T14:00Z,a4t:82t,24,8,9.2,5.3,6.4,15.9,h,9.2,15.9,,,0,0,112.16,3.016,0.05,9,20.4,0.209,21,278,23.992,96.944,0.96,59.524,,,,,1
2026-10-04T14:00Z,2026-10-06T14:00Z,a4t:82t,48,9.25,10.1,8.1,9,14.7,h,10.1,14.7,,,0,0,84.296,3.501,0,9,20.4,0.209,21,279,24.093,82.789,1.457,79.554,,,,,1
2026-10-04T14:00Z,2026-10-04T15:00Z,a4t:115t,1,5.35,6.6,9.7,11.9,10.6,h,6.6,10.6,,,0,0,128.224,3.211,0,12,10.6,0.193,22,277,24.44,98.187,1.752,39.562,2.6,321,25,80,1
2026-10-04T14:00Z,2026-10-04T17:00Z,a4t:115t,3,4.75,5.9,9.1,11.3,10.5,h,5.9,10.5,,,0,0,133.715,2.15,0,12,10.6,0.193,0,277,24.188,98.813,0.764,70.537,2.6,321,25,80,1
2026-10-04T14:00Z,2026-10-04T20:00Z,a4t:115t,6,4.95,6,8.4,10.3,10.5,h,6,10.5,,,0,0,62.87,1.058,0,12,10.6,0.193,3,277,23.989,96.862,0.539,74.92,2.6,321,25,80,1
2026-10-04T14:00Z,2026-10-05T02:00Z,a4t:115t,12,4,4.8,6.4,7.9,10,h,4.8,10,,,0,0,360.545,4.39,2.802,12,10.6,0.193,9,278,23.785,95.678,3.055,38.257,2.6,321,25,80,1
2026-10-04T14:00Z,2026-10-05T14:00Z,a4t:115t,24,5.1,5.8,4.1,5,8.8,h,5.8,8.8,,,0,0,134.003,2.355,0.149,12,10.6,0.193,21,278,23.499,97.091,0.603,74.157,2.6,321,25,80,1
2026-10-04T14:00Z,2026-10-06T14:00Z,a4t:115t,48,14.1,15.2,7.3,8,9.3,h,15.2,9.3,,,0,0,186.785,4.151,0,12,10.6,0.193,21,279,24.37,79.181,1.494,81.514,2.6,321,25,80,1
2026-10-04T14:00Z,2026-10-04T15:00Z,a4t:110t,1,9.1,20,,,,h,20,,,,0,0,127.284,1.939,0,,,0.828,22,277,24.876,96.047,0.828,112.298,1.2,21,22.9,90,1
2026-10-04T14:00Z,2026-10-04T17:00Z,a4t:110t,3,8.15,17.4,,,,h,17.4,,,,0,0,113.154,2.129,0.005,,,0.828,0,277,24.506,97.515,0.865,150.343,1.2,21,22.9,90,1
2026-10-04T14:00Z,2026-10-04T20:00Z,a4t:110t,6,6.300000000000001,13.1,,,,h,13.1,,,,0,0,99.124,1.924,0.008,,,0.828,3,277,24.172,98.219,0.773,120.243,1.2,21,22.9,90,1
2026-10-04T14:00Z,2026-10-05T02:00Z,a4t:110t,12,3.8499999999999996,7.7,,,,h,7.7,,,,0,0,544.565,2.254,0.026,,,0.828,9,278,27.143,82.11,1.843,77.821,1.2,21,22.9,90,1
2026-10-04T14:00Z,2026-10-05T14:00Z,a4t:110t,24,3.35,5.8,,,,h,5.8,,,,0,0.004,369.492,5.371,0.045,,,0.828,21,278,24.55,91.653,2.861,50.162,1.2,21,22.9,90,1
2026-10-04T14:00Z,2026-10-06T14:00Z,a4t:110t,48,15.600000000000001,20.8,,,,h,20.8,,,,0,0,659.803,7.821,0,,,0.828,21,279,24.482,77.692,4.599,48.184,1.2,21,22.9,90,1
2026-10-04T14:00Z,2026-10-04T15:00Z,a4t:91t,1,6.35,8.8,11.1,15.4,14.5,h,8.8,14.5,,,0,0,119.796,2.345,0.563,9,14.5,0.305,22,277,24.385,97.901,1.264,43.732,,,,,1
2026-10-04T14:00Z,2026-10-04T17:00Z,a4t:91t,3,6,8.2,10.9,15.1,14.4,h,8.2,14.4,,,0,0,59.11,1.209,0.155,9,14.5,0.305,0,277,24.181,98.487,0.334,73.927,,,,,1
2026-10-04T14:00Z,2026-10-04T20:00Z,a4t:91t,6,5.25,7.1,10.4,14.4,14.3,h,7.1,14.3,,,0,0,104.611,1.502,0.018,9,14.5,0.305,3,277,24.296,97.31,0.897,46.116,,,,,1
2026-10-04T14:00Z,2026-10-05T02:00Z,a4t:91t,12,3.4,4.5,7.6,10.5,13.5,h,4.5,13.5,,,0,0,373.538,2.066,3.052,9,14.5,0.305,9,278,24.324,91.268,1.479,45.723,,,,,1
2026-10-04T14:00Z,2026-10-05T14:00Z,a4t:91t,24,4.5,5.6,4.1,5.5,11.6,h,5.6,11.6,,,0,0,92.368,2.55,0.193,9,14.5,0.305,21,278,23.905,96.671,0.72,54.735,,,,,1
2026-10-04T14:00Z,2026-10-06T14:00Z,a4t:91t,48,11.2,12.6,7,8.1,11.3,h,12.6,11.3,,,0,0,90.147,3.779,0,9,14.5,0.305,21,279,24.356,81.596,1.509,82.375,,,,,1
2026-10-04T14:00Z,2026-10-04T15:00Z,a4t:92t,1,10.45,22.6,10.3,22.9,15,h,22.6,15,,,0,0.015,114.817,2.541,0,25,15,0.755,22,277,24.864,98.092,1.115,196.817,,,,,1
2026-10-04T14:00Z,2026-10-04T17:00Z,a4t:92t,3,10,21,9.8,21.9,15.1,h,21,15.1,,,0,0.024,76.239,1.09,0.124,25,15,0.755,0,277,24.36,97.536,0.687,283.658,,,,,1
2026-10-04T14:00Z,2026-10-04T20:00Z,a4t:92t,6,6.45,13.3,9.3,20.5,15.2,h,13.3,15.2,,,0,0.029,56.597,0.649,0,25,15,0.755,3,277,24.259,97.873,0.473,62.597,,,,,1
2026-10-04T14:00Z,2026-10-05T02:00Z,a4t:92t,12,6.45,12.3,8.2,17.8,15.5,h,12.3,15.5,,,0,0.02,276.372,0.648,0.239,25,15,0.755,9,278,25.612,93.704,0.513,128.132,,,,,1
2026-10-04T14:00Z,2026-10-05T14:00Z,a4t:92t,24,8.9,14.5,7.3,14,14.7,h,14.5,14.7,,,0,0.001,52.465,0.52,0.207,25,15,0.755,21,278,25.098,95.792,0.185,353.018,,,,,1
2026-10-04T14:00Z,2026-10-06T14:00Z,a4t:92t,48,9.4,12.7,7.1,10.7,12.8,h,12.7,12.8,,,0,0,47.31,1.894,0.057,25,15,0.755,21,279,24.212,97.477,0.69,349.064,,,,,1
2026-10-04T14:00Z,2026-10-04T15:00Z,a4t:98t,1,9.850000000000001,22.3,13.7,31.6,14.3,h,22.3,14.3,,,0,0.008,90.919,1.306,0.054,28,14.3,0.798,22,277,25.541,94.739,0.571,235.289,0.6,147,32,71,1
2026-10-04T14:00Z,2026-10-04T17:00Z,a4t:98t,3,11.55,25.2,13.4,30.7,14.4,h,25.2,14.4,,,0,0.01,73.993,0.795,0,28,14.3,0.798,0,277,25.151,96.108,0.249,190.198,0.6,147,32,71,1
2026-10-04T14:00Z,2026-10-04T20:00Z,a4t:98t,6,13.2,27.3,12.5,28.6,14.7,h,27.3,14.7,,,0,0.013,89.006,1.312,0,28,14.3,0.798,3,277,24.809,98.485,0.572,111.282,0.6,147,32,71,1
2026-10-04T14:00Z,2026-10-05T02:00Z,a4t:98t,12,14.100000000000001,26.8,11.6,25.1,16.1,h,26.8,16.1,,,0,0.015,350.773,0.643,0.155,28,14.3,0.798,9,278,26.978,84.846,0.537,81.524,0.6,147,32,71,1
2026-10-04T14:00Z,2026-10-05T14:00Z,a4t:98t,24,12.399999999999999,20.5,13.7,25.9,18,h,20.5,18,,,0,0.001,126.858,1.262,0.005,28,14.3,0.798,21,278,25.072,95.154,0.535,250.998,0.6,147,32,71,1
2026-10-04T14:00Z,2026-10-06T14:00Z,a4t:98t,48,10.6,14.5,6.5,9.9,12.1,h,14.5,12.1,,,0,0,108.615,3.203,1.261,28,14.3,0.798,21,279,24.109,97.346,2.179,331.776,0.6,147,32,71,1
2026-10-04T14:00Z,2026-10-04T15:00Z,a4t:83t,1,11.05,9.8,9.1,8,14.3,h,9.8,14.3,,,0,0.001,174.949,2.188,0,10,14.3,-0.119,22,277,25.128,96.116,1.168,94.363,,,,,1
2026-10-04T14:00Z,2026-10-04T17:00Z,a4t:83t,3,11.35,10.1,9.5,8.4,14.2,h,10.1,14.2,,,0,0.001,135.964,2.173,0.012,10,14.3,-0.119,0,277,24.679,96.685,0.994,145.691,,,,,1
2026-10-04T14:00Z,2026-10-04T20:00Z,a4t:83t,6,7,6.2,10.3,9.1,14.1,h,6.2,14.1,,,0,0.001,105.568,2.478,0.064,10,14.3,-0.119,3,277,24.205,96.06,0.916,124.208,,,,,1
2026-10-04T14:00Z,2026-10-05T02:00Z,a4t:83t,12,7.95,7.2,9.9,8.8,13,h,7.2,13,,,0,0.001,467.867,1.735,0.11,10,14.3,-0.119,9,278,27.342,81.826,1.426,89.666,,,,,1
2026-10-04T14:00Z,2026-10-05T14:00Z,a4t:83t,24,6.1,5.6,7.6,6.9,11.9,h,5.6,11.9,,,0,0.009,203.954,2.028,0.29,10,14.3,-0.119,21,278,24.509,93.115,0.887,47.359,,,,,1
2026-10-04T14:00Z,2026-10-06T14:00Z,a4t:83t,48,8.2,7.8,4.3,4,9.1,h,7.8,9.1,,,0,0.002,548.711,7.845,0,10,14.3,-0.119,21,279,24.692,82.677,4.468,29.952,,,,,1
2026-10-04T14:00Z,2026-10-04T15:00Z,a4t:116t,1,12.4,18,18.8,27.7,15.1,h,18,15.1,,,0,0.004,106.802,1.916,0.984,20,15.1,0.374,22,277,24.757,95.15,0.648,170.624,0.8,134,30.5,66,1
2026-10-04T14:00Z,2026-10-04T17:00Z,a4t:116t,3,16.4,23.4,18.2,26.8,15.1,h,23.4,15.1,,,0,0.005,57.327,0.938,0.047,20,15.1,0.374,0,277,24.787,96.079,0.219,157.506,0.8,134,30.5,66,1
2026-10-04T14:00Z,2026-10-04T20:00Z,a4t:116t,6,23.6,32.8,17.6,25.7,15.5,h,32.8,15.5,,,0,0.005,97.116,2.072,0,20,15.1,0.374,3,277,24.649,98.346,0.693,113.249,0.8,134,30.5,66,1
2026-10-04T14:00Z,2026-10-05T02:00Z,a4t:116t,12,25.5,34,17.8,25.2,17.3,h,34,17.3,,,0,0.006,454.625,0.853,0.103,20,15.1,0.374,9,278,27.974,82.361,0.603,129.628,0.8,134,30.5,66,1
2026-10-04T14:00Z,2026-10-05T14:00Z,a4t:116t,24,12.95,16.3,20,26.9,18.9,h,16.3,18.9,,,0,0.002,67.219,1.079,0.011,20,15.1,0.374,21,278,25.299,95.72,0.73,321.985,0.8,134,30.5,66,1
2026-10-04T14:00Z,2026-10-06T14:00Z,a4t:116t,48,13.1,15.1,8.2,9.9,12.5,h,15.1,12.5,,,0,0,145.042,3.775,0.011,20,15.1,0.374,21,279,25.592,95.654,1.769,355.211,0.8,134,30.5,66,1
2026-10-04T14:00Z,2026-10-04T15:00Z,a4t:57t,1,10.3,11.7,10.7,12.1,13,h,11.7,13,,,0,0.04,34.839,1.475,0.019,10,13,0.118,22,277,23.914,97.856,0.426,142.983,,,,,1
2026-10-04T14:00Z,2026-10-04T17:00Z,a4t:57t,3,9.2,10.4,10.3,11.7,12.9,h,10.4,12.9,,,0,0.018,119.106,0.152,3.667,10,13,0.118,0,277,22.044,98.064,0.153,105.376,,,,,1
2026-10-04T14:00Z,2026-10-04T20:00Z,a4t:57t,6,5.5,6.2,9.4,10.7,12.7,h,6.2,12.7,,,0,0.008,172.022,1.912,5.692,10,13,0.118,3,277,20.883,98.664,0.962,102.372,,,,,1
2026-10-04T14:00Z,2026-10-05T02:00Z,a4t:57t,12,4.95,5.5,7.7,8.7,12.1,h,5.5,12.1,,,0,0.001,305.631,2.189,0.071,10,13,0.118,9,278,22.581,91.113,1.593,11.701,,,,,1
2026-10-04T14:00Z,2026-10-05T14:00Z,a4t:57t,24,5.8,6.3,5.9,6.6,10.9,h,6.3,10.9,,,0,0,70.196,1.817,0.28,10,13,0.118,21,278,22.103,98,0.816,352.756,,,,,1
2026-10-04T14:00Z,2026-10-06T14:00Z,a4t:57t,48,10.85,11.4,4.9,5.2,9.1,h,11.4,9.1,,,0,0,22.564,0.786,0.011,10,13,0.118,21,279,22.311,94.501,0.32,4.912,,,,,1
2026-10-04T14:00Z,2026-10-04T15:00Z,a4t:73t,1,9.149999999999999,20.6,10,23.1,19.7,h,20.6,19.7,,,0,0.037,40.594,0.7,0,27,19.7,0.79,22,277,23.846,97.453,0.305,76.456,,,,,1
2026-10-04T14:00Z,2026-10-04T17:00Z,a4t:73t,3,7.2,16,9.5,22,19.7,h,16,19.7,,,0,0.022,110.301,0.627,1.921,27,19.7,0.79,0,277,22.469,97.909,0.345,88.066,,,,,1
2026-10-04T14:00Z,2026-10-04T20:00Z,a4t:73t,6,4.85,10.6,8.5,19.7,19.6,h,10.6,19.6,,,0,0.01,225.91,2.684,4.349,27,19.7,0.79,3,277,21.382,97.927,1.563,110.457,,,,,1
2026-10-04T14:00Z,2026-10-05T02:00Z,a4t:73t,12,4.8,9.6,6.9,15.7,19,h,9.6,19,,,0,0.001,455.741,1.945,0,27,19.7,0.79,9,278,23.433,85.682,1.492,29.781,,,,,1
2026-10-04T14:00Z,2026-10-05T14:00Z,a4t:73t,24,5.5,9.4,5.3,10.7,16.8,h,9.4,16.8,,,0,0,49.47,1.157,0.038,27,19.7,0.79,21,278,22.165,97.824,0.566,1.391,,,,,1
2026-10-04T14:00Z,2026-10-06T14:00Z,a4t:73t,48,13.95,18.9,5.4,8,13.9,h,18.9,13.9,,,0,0,29.357,0.872,0.016,27,19.7,0.79,21,279,22.554,87.856,0.306,35.705,,,,,1
2026-10-04T14:00Z,2026-10-04T15:00Z,a4t:35t,1,15.2,23.8,10.3,16.6,16.8,h,23.8,16.8,,,0,0.003,35.172,0.448,0,21,16.8,0.444,22,277,24.02,97.319,0.375,11.636,,,,,1
2026-10-04T14:00Z,2026-10-04T17:00Z,a4t:35t,3,12.05,18.6,10,16,16.8,h,18.6,16.8,,,0,0.008,24.392,0.576,0,21,16.8,0.444,0,277,23.767,97.123,0.218,201.213,,,,,1
2026-10-04T14:00Z,2026-10-04T20:00Z,a4t:35t,6,10.75,16.2,9.6,15.4,16.8,h,16.2,16.8,,,0,0.006,126.605,2.284,0.154,21,16.8,0.444,3,277,22.967,96.408,1.054,354.534,,,,,1
2026-10-04T14:00Z,2026-10-05T02:00Z,a4t:35t,12,6.3,9.2,9.5,15,16.5,h,9.2,16.5,,,0,0.004,455.426,0.613,0,21,16.8,0.444,9,278,25.451,83.494,0.521,273.319,,,,,1
2026-10-04T14:00Z,2026-10-05T14:00Z,a4t:35t,24,12.899999999999999,17.1,10,14.5,16.1,h,17.1,16.1,,,0,0,62.395,0.749,0.008,21,16.8,0.444,21,278,24.2,94.527,0.339,314.788,,,,,1
2026-10-04T14:00Z,2026-10-06T14:00Z,a4t:35t,48,17.55,20.8,8,10,13.4,h,20.8,13.4,,,0,0,38.595,1.139,0.357,21,16.8,0.444,21,279,22.738,97.045,0.507,300.436,,,,,1
2026-10-04T14:00Z,2026-10-04T15:00Z,a4t:36t,1,15.2,16.6,10.3,11.3,14.1,h,16.6,14.1,,,0,0.005,32.744,0.481,0,14,14.1,0.086,22,277,24.399,97.113,0.411,6.321,0.3,150,33.1,,1
2026-10-04T14:00Z,2026-10-04T17:00Z,a4t:36t,3,12.05,13.1,10,10.9,14,h,13.1,14,,,0,0.012,27.628,0.811,0,14,14.1,0.086,0,277,24.291,95.952,0.261,206.192,0.3,150,33.1,,1
2026-10-04T14:00Z,2026-10-04T20:00Z,a4t:36t,6,10.75,11.6,9.6,10.6,13.8,h,11.6,13.8,,,0,0.008,123.616,2.405,0.119,14,14.1,0.086,3,277,23.435,95.605,1.108,359.842,0.3,150,33.1,,1
2026-10-04T14:00Z,2026-10-05T02:00Z,a4t:36t,12,6.3,6.8,9.5,10.4,13.2,h,6.8,13.2,,,0,0.005,444.09,0.786,0,14,14.1,0.086,9,278,25.808,83.096,0.692,264.364,0.3,150,33.1,,1
2026-10-04T14:00Z,2026-10-05T14:00Z,a4t:36t,24,12.899999999999999,13.6,10,10.8,13,h,13.6,13,,,0,0,77.769,0.86,0.003,14,14.1,0.086,21,278,24.653,94.167,0.384,299.191,0.3,150,33.1,,1
2026-10-04T14:00Z,2026-10-06T14:00Z,a4t:36t,48,17.55,18.1,8,8.3,11.2,h,18.1,11.2,,,0,0,29.132,1.003,0.383,14,14.1,0.086,21,279,23.209,96.441,0.414,306.331,0.3,150,33.1,,1
2026-10-04T14:00Z,2026-10-04T15:00Z,a4t:97t,1,8.15,9.2,10.7,12.1,11.7,h,9.2,11.7,,,0,0.011,95.673,0.698,0,14,11.7,0.117,22,277,23.591,95.896,0.349,2.832,0.9,157,29.1,,1
2026-10-04T14:00Z,2026-10-04T17:00Z,a4t:97t,3,6.35,7.2,10.3,11.6,11.7,h,7.2,11.7,,,0,0.009,57.968,0.798,0,14,11.7,0.117,0,277,23.147,96.44,0.355,196.644,0.9,157,29.1,,1
2026-10-04T14:00Z,2026-10-04T20:00Z,a4t:97t,6,5.35,6,9.4,10.6,11.7,h,6,11.7,,,0,0.006,70.361,0.341,0,14,11.7,0.117,3,277,22.946,96.55,0.182,260.619,0.9,157,29.1,,1
2026-10-04T14:00Z,2026-10-05T02:00Z,a4t:97t,12,3.8,4.2,8.4,9.5,11.3,h,4.2,11.3,,,0,0.004,296.762,0.96,0.408,14,11.7,0.117,9,278,24.647,92.281,0.746,5.156,0.9,157,29.1,,1
2026-10-04T14:00Z,2026-10-05T14:00Z,a4t:97t,24,8.3,9,5.5,6.1,9.9,h,9,9.9,,,0,0.001,114.205,2.531,0.299,14,11.7,0.117,21,278,23.656,96.435,1.482,358.348,0.9,157,29.1,,1
2026-10-04T14:00Z,2026-10-06T14:00Z,a4t:97t,48,15.45,16.2,6.5,7,9.3,h,16.2,9.3,,,0,0,72.842,2.466,0,14,11.7,0.117,21,279,23.743,91.472,1.067,7.047,0.9,157,29.1,,1
2026-10-04T14:00Z,2026-10-04T15:00Z,a4t:69t,1,10.25,8.1,11.2,8.8,12.2,h,8.1,12.2,,,0,0.105,31.435,0.722,0,9,12.2,-0.217,22,277,24.138,99.35,0.217,177.509,7.9,307,,7,1
2026-10-04T14:00Z,2026-10-04T17:00Z,a4t:69t,3,9.05,7.2,10.7,8.5,12.1,h,7.2,12.1,,,0,0.027,104.338,1.827,1.747,9,12.2,-0.217,0,277,23.424,97.145,0.664,214.696,7.9,307,,7,1
2026-10-04T14:00Z,2026-10-04T20:00Z,a4t:69t,6,4.85,3.9,9.8,7.7,12,h,3.9,12,,,0,0.015,79.784,0.521,0,9,12.2,-0.217,3,277,23.315,97.838,0.303,76.648,7.9,307,,7,1
2026-10-04T14:00Z,2026-10-05T02:00Z,a4t:69t,12,5.5,4.5,8.3,6.5,11.3,h,4.5,11.3,,,0,0.009,295.82,0.687,0.133,9,12.2,-0.217,9,278,24.994,92.693,0.54,22.344,7.9,307,,7,1
2026-10-04T14:00Z,2026-10-05T14:00Z,a4t:69t,24,8.65,7.5,6.9,5.7,10.1,h,7.5,10.1,,,0,0.001,20,0.893,0,9,12.2,-0.217,21,278,23.829,96.52,0.205,61.886,7.9,307,,7,1
2026-10-04T14:00Z,2026-10-06T14:00Z,a4t:69t,48,8.95,8.2,6.5,5.8,9,h,8.2,9,,,0,0,30.269,1.504,0,9,12.2,-0.217,21,279,23.82,94.829,0.506,46.244,7.9,307,,7,1
2026-10-04T14:00Z,2026-10-04T15:00Z,a4t:58t,1,5.800000000000001,14,8.1,19.8,13.6,h,14,13.6,,,0,0.002,28.065,0.501,0,15,13.6,0.827,22,277,23.642,95.711,0.21,151.949,,,,,1
2026-10-04T14:00Z,2026-10-04T17:00Z,a4t:58t,3,5.6,13.1,7.6,18.5,13.6,h,13.1,13.6,,,0,0.002,27.265,0.894,0,15,13.6,0.827,0,277,22.877,97.678,0.366,193.25,,,,,1
2026-10-04T14:00Z,2026-10-04T20:00Z,a4t:58t,6,5.550000000000001,12.4,6.6,16.1,13.6,h,12.4,13.6,,,0,0.001,26.804,0.702,0.031,15,13.6,0.827,3,277,22.338,97.653,0.324,181.633,,,,,1
2026-10-04T14:00Z,2026-10-05T02:00Z,a4t:58t,12,4.550000000000001,9.4,5.5,13.2,13.5,h,9.4,13.5,,,0,0.001,351.694,1.266,0.083,15,13.6,0.827,9,278,24.536,90.713,0.898,334.698,,,,,1
2026-10-04T14:00Z,2026-10-05T14:00Z,a4t:58t,24,4.9,8.6,4.9,10.2,12.5,h,8.6,12.5,,,0,0,21.773,0.444,0,15,13.6,0.827,21,278,22.698,96.454,0.081,36.156,,,,,1
2026-10-04T14:00Z,2026-10-06T14:00Z,a4t:58t,48,3.25,4.7,3.7,5.9,9.8,h,4.7,9.8,,,0,0,34.422,1.359,0.002,15,13.6,0.827,21,279,22.943,95.18,0.592,65.057,,,,,1
2026-10-04T14:00Z,2026-10-04T15:00Z,a4t:101t,1,6.95,10.6,7.6,11.8,14.7,h,10.6,14.7,,,0,0,64.757,0.69,0,14,14.7,0.402,22,277,25.148,96.112,0.547,93.24,0.2,203,27.6,79,1
2026-10-04T14:00Z,2026-10-04T17:00Z,a4t:101t,3,6.9,10.3,7.5,11.7,14.7,h,10.3,14.7,,,0,0,59.795,0.928,0.01,14,14.7,0.402,0,277,24.753,98,0.173,84.868,0.2,203,27.6,79,1
2026-10-04T14:00Z,2026-10-04T20:00Z,a4t:101t,6,8.35,12.1,7.4,11.5,14.6,h,12.1,14.6,,,0,0,112.864,2.523,0,14,14.7,0.402,3,277,24.407,98.694,0.961,99.592,0.2,203,27.6,79,1
2026-10-04T14:00Z,2026-10-05T02:00Z,a4t:101t,12,6.199999999999999,8.7,7.1,10.7,14.1,h,8.7,14.1,,,0,0,354.984,1.431,0.294,14,14.7,0.402,9,278,26.723,89.321,1.132,102.751,0.2,203,27.6,79,1
2026-10-04T14:00Z,2026-10-05T14:00Z,a4t:101t,24,7.7,10,6.6,9.3,13,h,10,13,,,0,0,180.704,2.085,3.368,14,14.7,0.402,21,278,23.557,97.565,1.284,83.423,0.2,203,27.6,79,1
2026-10-04T14:00Z,2026-10-06T14:00Z,a4t:101t,48,8.1,9.5,5.4,6.6,10.7,h,9.5,10.7,,,0,0,150.392,3.782,0.01,14,14.7,0.402,21,279,24.323,92.43,1.414,37.278,0.2,203,27.6,79,1
2026-10-04T14:00Z,2026-10-04T15:00Z,a4t:05t,1,16.65,16.9,,,,h,16.9,,,,0,0,83.728,0.642,0.202,,,0.015,22,277,25.35,96.139,0.2,140.409,,,,,1
2026-10-04T14:00Z,2026-10-04T17:00Z,a4t:05t,3,19.25,19.5,,,,h,19.5,,,,0,0,68.684,0.774,0,,,0.015,0,277,25.218,96.15,0.269,118.956,,,,,1
2026-10-04T14:00Z,2026-10-04T20:00Z,a4t:05t,6,20.35,20.6,,,,h,20.6,,,,0,0.002,96.566,1.484,0,,,0.015,3,277,24.973,96.474,0.627,100.897,,,,,1
2026-10-04T14:00Z,2026-10-05T02:00Z,a4t:05t,12,14.149999999999999,14.3,,,,h,14.3,,,,0,0.002,424.292,0.704,0.1,,,0.015,9,278,28.242,82.597,0.542,86.304,,,,,1
2026-10-04T14:00Z,2026-10-05T14:00Z,a4t:05t,24,15.65,15.8,,,,h,15.8,,,,0,0,61.223,0.634,0.066,,,0.015,21,278,25.226,96.949,0.314,106.396,,,,,1
2026-10-04T14:00Z,2026-10-06T14:00Z,a4t:05t,48,30.049999999999997,30.2,,,,h,30.2,,,,0,0,81.573,1.634,0.158,,,0.015,21,279,25.346,96.736,0.618,5.934,,,,,1
2026-10-04T14:00Z,2026-10-04T15:00Z,a4t:12t,1,15.200000000000001,18.1,,,,h,18.1,,,,0,0,88.313,0.718,0.194,,,0.195,22,277,25.334,96.191,0.269,129.098,,,,,1
2026-10-04T14:00Z,2026-10-04T17:00Z,a4t:12t,3,21.65,25.5,,,,h,25.5,,,,0,0,68.679,0.66,0,,,0.195,0,277,25.209,96.002,0.194,115.237,,,,,1
2026-10-04T14:00Z,2026-10-04T20:00Z,a4t:12t,6,26.450000000000003,30.9,,,,h,30.9,,,,0,0.002,98.176,1.406,0,,,0.195,3,277,24.954,96.427,0.604,94.593,,,,,1
2026-10-04T14:00Z,2026-10-05T02:00Z,a4t:12t,12,26,29.8,,,,h,29.8,,,,0,0.003,426.166,0.617,0.1,,,0.195,9,278,28.212,82.568,0.469,73.181,,,,,1
2026-10-04T14:00Z,2026-10-05T14:00Z,a4t:12t,24,32.85,36.5,,,,h,36.5,,,,0,0,61.973,0.553,0.066,,,0.195,21,278,25.223,96.774,0.244,98.668,,,,,1
2026-10-04T14:00Z,2026-10-06T14:00Z,a4t:12t,48,40.95,43.6,,,,h,43.6,,,,0,0,83.612,1.675,0.159,,,0.195,21,279,25.355,96.747,0.677,1.37,,,,,1
2026-10-04T14:00Z,2026-10-04T15:00Z,a4t:54t,1,15.200000000000001,19.8,,,,h,19.8,,,,0,0,90.854,0.797,0.21,,,0.297,22,277,25.263,96.364,0.31,130.536,,,,,1
2026-10-04T14:00Z,2026-10-04T17:00Z,a4t:54t,3,21.65,27.8,,,,h,27.8,,,,0,0.001,68.932,0.688,0,,,0.297,0,277,25.162,96.046,0.221,112.574,,,,,1
2026-10-04T14:00Z,2026-10-04T20:00Z,a4t:54t,6,26.450000000000003,33.4,,,,h,33.4,,,,0,0.004,98.932,1.485,0,,,0.297,3,277,24.921,96.472,0.652,92.975,,,,,1
2026-10-04T14:00Z,2026-10-05T02:00Z,a4t:54t,12,26,32,,,,h,32,,,,0,0.004,423.071,0.589,0.1,,,0.297,9,278,28.204,82.48,0.447,75.29,,,,,1
2026-10-04T14:00Z,2026-10-05T14:00Z,a4t:54t,24,32.85,38.6,,,,h,38.6,,,,0,0,61.371,0.585,0.053,,,0.297,21,278,25.213,96.757,0.252,92.918,,,,,1
2026-10-04T14:00Z,2026-10-06T14:00Z,a4t:54t,48,40.95,45.1,,,,h,45.1,,,,0,0,79.944,1.619,0.128,,,0.297,21,279,25.363,96.815,0.662,359.435,,,,,1
2026-10-04T14:00Z,2026-10-04T15:00Z,a4t:89t,1,5,9.4,,,,h,9.4,,,,0,0,139.263,3.391,0.002,,,0.623,22,277,25.748,94.217,1.676,258.444,,,,,1
2026-10-04T14:00Z,2026-10-04T17:00Z,a4t:89t,3,4.95,9.1,,,,h,9.1,,,,0,0,133.392,3.551,0,,,0.623,0,277,25.367,95.303,1.667,263.892,,,,,1
2026-10-04T14:00Z,2026-10-04T20:00Z,a4t:89t,6,5,8.8,,,,h,8.8,,,,0,0,100.666,3.088,0,,,0.623,3,277,24.689,95.543,1.38,275.567,,,,,1
2026-10-04T14:00Z,2026-10-05T02:00Z,a4t:89t,12,6.1,10,,,,h,10,,,,0,0,550.434,1.66,0,,,0.623,9,278,28.728,78.327,1.262,262.545,,,,,1
2026-10-04T14:00Z,2026-10-05T14:00Z,a4t:89t,24,3.9499999999999997,6,,,,h,6,,,,0,0,92.155,1.999,0.385,,,0.623,21,278,25.204,96.363,1.008,267.322,,,,,1
2026-10-04T14:00Z,2026-10-06T14:00Z,a4t:89t,48,1.65,2.3,,,,h,2.3,,,,0,0,121.678,2.536,0.294,,,0.623,21,279,25.022,98,1.216,274.005,,,,,1
2026-10-04T14:00Z,2026-10-04T15:00Z,a4t:41t,1,9.15,8.7,,,,h,8.7,,,,0,0.005,173.754,2.751,0.026,,,-0.048,22,277,25.27,95.971,1.434,228.727,,,,,1
2026-10-04T14:00Z,2026-10-04T17:00Z,a4t:41t,3,9.75,9.3,,,,h,9.3,,,,0,0.007,42.342,0.47,0,,,-0.048,0,277,25.072,96.226,0.078,213.189,,,,,1
2026-10-04T14:00Z,2026-10-04T20:00Z,a4t:41t,6,11,10.6,,,,h,10.6,,,,0,0.02,89.965,1.087,0,,,-0.048,3,277,24.73,98.142,0.509,101.413,,,,,1
2026-10-04T14:00Z,2026-10-05T02:00Z,a4t:41t,12,11.8,11.4,,,,h,11.4,,,,0,0.024,395.285,1.341,0.137,,,-0.048,9,278,27.314,82.822,1.11,57.015,,,,,1
2026-10-04T14:00Z,2026-10-05T14:00Z,a4t:41t,24,10.05,9.8,,,,h,9.8,,,,0,0.001,86.277,1.166,0,,,-0.048,21,278,25.44,96.386,0.462,225.787,,,,,1
2026-10-04T14:00Z,2026-10-06T14:00Z,a4t:41t,48,7.6499999999999995,7.5,,,,h,7.5,,,,0,0,94.21,0.588,0.495,,,-0.048,21,279,24.573,96.397,0.644,305.877,,,,,1
2026-10-04T14:00Z,2026-10-04T15:00Z,a4t:43t,1,4.55,12.4,,,,h,12.4,,,,0,0,272.8,2.296,0.147,,,1.001,22,277,27.212,85.826,1.997,296.25,,,31.6,67,1
2026-10-04T14:00Z,2026-10-04T17:00Z,a4t:43t,3,4.1,10.9,,,,h,10.9,,,,0,0,278.05,2.939,0.063,,,1.001,0,277,27.003,86.344,2.459,318.047,,,31.6,67,1
2026-10-04T14:00Z,2026-10-04T20:00Z,a4t:43t,6,3.1500000000000004,8.2,,,,h,8.2,,,,0,0,357.913,2.725,0.051,,,1.001,3,277,26.905,84.942,2.183,323.013,,,31.6,67,1
2026-10-04T14:00Z,2026-10-05T02:00Z,a4t:43t,12,3.6500000000000004,8.4,,,,h,8.4,,,,0,0,441.916,2.297,0.014,,,1.001,9,278,27.348,81.679,1.957,274.544,,,31.6,67,1
2026-10-04T14:00Z,2026-10-05T14:00Z,a4t:43t,24,3.2,6.3,,,,h,6.3,,,,0,0,426.293,3.87,0.831,,,1.001,21,278,27.013,85.773,2.906,299.424,,,31.6,67,1
2026-10-04T14:00Z,2026-10-06T14:00Z,a4t:43t,48,2.4,3.7,,,,h,3.7,,,,0,0,303.633,3.167,0.701,,,1.001,21,279,26.335,87.574,2.499,286.747,,,31.6,67,1
2026-10-04T14:00Z,2026-10-04T15:00Z,a4t:37t,1,12.35,10.4,,,,h,10.4,,,,0,0.002,37.88,1.431,0,,,-0.187,22,277,25.074,98.139,0.889,154.373,,,,,1
2026-10-04T14:00Z,2026-10-04T17:00Z,a4t:37t,3,5.6,4.7,,,,h,4.7,,,,0,0.002,218.277,4.587,2.256,,,-0.187,0,277,23.908,95.746,2.92,146.986,,,,,1
2026-10-04T14:00Z,2026-10-04T20:00Z,a4t:37t,6,4.9,4.1,,,,h,4.1,,,,0,0.002,66.141,0.892,0.002,,,-0.187,3,277,23.116,97.363,1.044,61.878,,,,,1
2026-10-04T14:00Z,2026-10-05T02:00Z,a4t:37t,12,5.949999999999999,5.1,,,,h,5.1,,,,0,0.004,374.802,0.992,0.111,,,-0.187,9,278,25.691,87.818,0.768,91.611,,,,,1
2026-10-04T14:00Z,2026-10-05T14:00Z,a4t:37t,24,7.45,6.7,,,,h,6.7,,,,0,0.001,98.536,1.939,0.864,,,-0.187,21,278,23.7,95.893,1.513,313.912,,,,,1
2026-10-04T14:00Z,2026-10-06T14:00Z,a4t:37t,48,5.699999999999999,5.3,,,,h,5.3,,,,0,0,26.771,0.376,0,,,-0.187,21,279,23.923,95.938,0.216,11.527,,,,,1
2026-10-04T14:00Z,2026-10-04T15:00Z,a4t:38t,1,12.35,10.1,,,,h,10.1,,,,0,0.002,38.977,1.02,0,,,-0.222,22,277,24.499,99.059,0.53,148.563,,,,,1
2026-10-04T14:00Z,2026-10-04T17:00Z,a4t:38t,3,5.6,4.5,,,,h,4.5,,,,0,0.005,148.428,2.193,5.848,,,-0.222,0,277,22.348,98.944,1.12,202.991,,,,,1
2026-10-04T14:00Z,2026-10-04T20:00Z,a4t:38t,6,4.9,4,,,,h,4,,,,0,0.004,48.301,1.279,0.094,,,-0.222,3,277,21.985,98.118,0.39,346.022,,,,,1
2026-10-04T14:00Z,2026-10-05T02:00Z,a4t:38t,12,5.949999999999999,5,,,,h,5,,,,0,0.006,399.446,1.41,0.1,,,-0.222,9,278,24.962,93.055,1.102,102.046,,,,,1
2026-10-04T14:00Z,2026-10-05T14:00Z,a4t:38t,24,7.45,6.5,,,,h,6.5,,,,0,0.001,38.977,1.856,0,,,-0.222,21,278,23.737,96.115,0.575,70.101,,,,,1
2026-10-04T14:00Z,2026-10-06T14:00Z,a4t:38t,48,5.699999999999999,5.2,,,,h,5.2,,,,0,0,21.268,2.031,0,,,-0.222,21,279,23.264,97.886,0.531,27.828,,,,,1
2026-10-04T14:00Z,2026-10-04T15:00Z,a4t:39t,1,12.35,9.9,,,,h,9.9,,,,0,0.002,59.956,1.6,0,,,-0.235,22,277,23.048,99.716,0.647,169.041,,,,,1
2026-10-04T14:00Z,2026-10-04T17:00Z,a4t:39t,3,5.6,4.5,,,,h,4.5,,,,0,0.002,170.73,3.664,2.081,,,-0.235,0,277,21.929,98.948,1.661,177.351,,,,,1
2026-10-04T14:00Z,2026-10-04T20:00Z,a4t:39t,6,4.9,3.9,,,,h,3.9,,,,0,0.002,42.876,1.193,0.028,,,-0.235,3,277,20.91,99.411,0.443,298.48,,,,,1
2026-10-04T14:00Z,2026-10-05T02:00Z,a4t:39t,12,5.949999999999999,4.9,,,,h,4.9,,,,0,0.007,400.126,1.752,0.169,,,-0.235,9,278,23.752,92.966,1.252,99.331,,,,,1
2026-10-04T14:00Z,2026-10-05T14:00Z,a4t:39t,24,7.45,6.5,,,,h,6.5,,,,0,0.001,59.956,2.49,0,,,-0.235,21,278,22.049,96.747,1.203,54.3,,,,,1
2026-10-04T14:00Z,2026-10-06T14:00Z,a4t:39t,48,5.699999999999999,5.2,,,,h,5.2,,,,0,0,54.672,2.833,0,,,-0.235,21,279,21.346,97.297,1.351,38.568,,,,,1
2026-10-04T14:00Z,2026-10-04T15:00Z,a4t:44t,1,4.800000000000001,12.6,,,,h,12.6,,,,0,0,266.466,3.11,0.097,,,0.969,22,277,26.212,89.06,1.971,249.407,,,,,1
2026-10-04T14:00Z,2026-10-04T17:00Z,a4t:44t,3,4.9,12.4,,,,h,12.4,,,,0,0,203.01,2.489,0.002,,,0.969,0,277,25.965,89.018,1.828,238.918,,,,,1
2026-10-04T14:00Z,2026-10-04T20:00Z,a4t:44t,6,4.9,11.8,,,,h,11.8,,,,0,0,187.36,2.247,0.003,,,0.969,3,277,25.464,90.471,1.712,241.363,,,,,1
2026-10-04T14:00Z,2026-10-05T02:00Z,a4t:44t,12,4.65,10.2,,,,h,10.2,,,,0,0,453.102,3.703,0.303,,,0.969,9,278,26.852,84.92,3.014,231.551,,,,,1
2026-10-04T14:00Z,2026-10-05T14:00Z,a4t:44t,24,3.1,6,,,,h,6,,,,0,0,289.149,3.042,0.388,,,0.969,21,278,25.903,89.708,2.273,229.431,,,,,1
2026-10-04T14:00Z,2026-10-06T14:00Z,a4t:44t,48,3.1500000000000004,4.7,,,,h,4.7,,,,0,0,300.024,2.466,0.006,,,0.969,21,279,26.052,87.749,1.553,208.552,,,,,1
2026-10-04T14:00Z,2026-10-04T15:00Z,a4t:80t,1,4.300000000000001,14.7,,,,h,14.7,,,,0,0,228.886,2.566,0.011,,,1.23,22,277,25.835,89.322,1.36,269.839,,,,,1
2026-10-04T14:00Z,2026-10-04T17:00Z,a4t:80t,3,4.75,15.3,,,,h,15.3,,,,0,0,243.961,1.99,0,,,1.23,0,277,25.888,87.345,1.165,274.891,,,,,1
2026-10-04T14:00Z,2026-10-04T20:00Z,a4t:80t,6,4.699999999999999,14.2,,,,h,14.2,,,,0,0,225.448,1.759,0,,,1.23,3,277,25.435,87.869,0.885,279.374,,,,,1
2026-10-04T14:00Z,2026-10-05T02:00Z,a4t:80t,12,3.3,9.2,,,,h,9.2,,,,0,0,442.039,3.708,0.385,,,1.23,9,278,26.298,85.5,2.976,252.317,,,,,1
2026-10-04T14:00Z,2026-10-05T14:00Z,a4t:80t,24,2.55,6,,,,h,6,,,,0,0,200.978,1.502,0.664,,,1.23,21,278,25.41,90.122,0.598,252.994,,,,,1
2026-10-04T14:00Z,2026-10-06T14:00Z,a4t:80t,48,2.45,4.2,,,,h,4.2,,,,0,0,345.231,2.545,0.038,,,1.23,21,279,26.188,86.228,1.42,223.387,,,,,1
2026-10-04T14:00Z,2026-10-04T15:00Z,a4t:42t,1,4.05,11,,,,h,11,,,,0,0.011,77.545,2.099,0.004,,,0.985,22,277,25.075,96.644,0.709,242.479,,,,,1
2026-10-04T14:00Z,2026-10-04T17:00Z,a4t:42t,3,4.55,11.8,,,,h,11.8,,,,0,0.008,71.774,2.125,0.008,,,0.985,0,277,24.824,96.136,0.751,247.89,,,,,1
2026-10-04T14:00Z,2026-10-04T20:00Z,a4t:42t,6,4.6,11.3,,,,h,11.3,,,,0,0.002,56.637,1.597,0.012,,,0.985,3,277,24.298,96.994,0.532,268.762,,,,,1
2026-10-04T14:00Z,2026-10-05T02:00Z,a4t:42t,12,6.199999999999999,13.4,,,,h,13.4,,,,0,0,393.793,1.593,0.029,,,0.985,9,278,27.966,83.914,1.252,236.094,,,,,1
2026-10-04T14:00Z,2026-10-05T14:00Z,a4t:42t,24,3.6,6.9,,,,h,6.9,,,,0,0,86.071,1.207,0.419,,,0.985,21,278,24.883,97.594,0.562,199.56,,,,,1
2026-10-04T14:00Z,2026-10-06T14:00Z,a4t:42t,48,2.45,3.8,,,,h,3.8,,,,0,0,140.086,1.664,0.846,,,0.985,21,279,24.422,97.344,0.823,184.837,,,,,1
2026-10-04T14:00Z,2026-10-04T15:00Z,a4t:29t,1,16.05,19.9,,,,h,19.9,,,,0,0,204.565,1.203,0,,,0.408,22,277,26.956,89.018,0.27,157.501,,,,,1
2026-10-04T14:00Z,2026-10-04T17:00Z,a4t:29t,3,15.8,19.4,,,,h,19.4,,,,0,0,195.632,2.145,0.024,,,0.408,0,277,26.628,90.443,1.204,140.134,,,,,1
2026-10-04T14:00Z,2026-10-04T20:00Z,a4t:29t,6,15.35,18.7,,,,h,18.7,,,,0,0,220.067,3.193,0.01,,,0.408,3,277,26.265,90.649,1.848,152.28,,,,,1
2026-10-04T14:00Z,2026-10-05T02:00Z,a4t:29t,12,8.05,9.7,,,,h,9.7,,,,0,0,438.376,2.056,0.059,,,0.408,9,278,28.347,81.494,1.717,130.484,,,,,1
2026-10-04T14:00Z,2026-10-05T14:00Z,a4t:29t,24,7.25,8.4,,,,h,8.4,,,,0,0,182.038,1.437,0.005,,,0.408,21,278,26.602,91.431,1.272,121.627,,,,,1
2026-10-04T14:00Z,2026-10-06T14:00Z,a4t:29t,48,10.149999999999999,11,,,,h,11,,,,0,0,218.879,3.09,0.024,,,0.408,21,279,26.116,90.032,1.824,52.364,,,,,1
2026-10-04T14:00Z,2026-10-04T15:00Z,a4t:75t,1,8.4,8.4,,,,h,8.4,,,,0,0.001,62.2,0.504,0.145,,,0,22,277,21.712,98.85,0.28,238.426,,,,,1
2026-10-04T14:00Z,2026-10-04T17:00Z,a4t:75t,3,2.75,2.8,,,,h,2.8,,,,0,0.001,65.482,1.779,0,,,0,0,277,21.107,99.546,0.815,85.77,,,,,1
2026-10-04T14:00Z,2026-10-04T20:00Z,a4t:75t,6,2.05,2.1,,,,h,2.1,,,,0,0,90.938,1.033,0.286,,,0,3,277,20.613,98.795,0.839,321.99,,,,,1
2026-10-04T14:00Z,2026-10-05T02:00Z,a4t:75t,12,5.199999999999999,5.2,,,,h,5.2,,,,0,0,380.533,2.239,0.043,,,0,9,278,22.92,91.97,1.585,69.184,,,,,1
2026-10-04T14:00Z,2026-10-05T14:00Z,a4t:75t,24,3.65,3.7,,,,h,3.7,,,,0,0,65.834,2.126,0.249,,,0,21,278,21.62,96.615,0.841,71.545,,,,,1
2026-10-04T14:00Z,2026-10-06T14:00Z,a4t:75t,48,9.15,9.2,,,,h,9.2,,,,0,0,27.952,1.296,0,,,0,21,279,21.929,91.47,0.45,95.786,,,,,1
2026-10-04T14:00Z,2026-10-04T15:00Z,a4t:03t,1,15.200000000000001,15.2,,,,h,15.2,,,,0,0,90.489,0.713,0.132,,,0,22,277,25.507,95.8,0.32,102.772,,,,,1
2026-10-04T14:00Z,2026-10-04T17:00Z,a4t:03t,3,21.65,21.7,,,,h,21.7,,,,0,0,67.871,0.317,0,,,0,0,277,25.328,95.569,0.061,112.271,,,,,1
2026-10-04T14:00Z,2026-10-04T20:00Z,a4t:03t,6,26.450000000000003,26.5,,,,h,26.5,,,,0,0.001,98.901,1.044,0,,,0,3,277,25.006,96.217,0.419,81.11,,,,,1
2026-10-04T14:00Z,2026-10-05T02:00Z,a4t:03t,12,26,26,,,,h,26,,,,0,0.003,439.021,0.689,0.1,,,0,9,278,28.169,82.805,0.534,36.03,,,,,1
2026-10-04T14:00Z,2026-10-05T14:00Z,a4t:03t,24,32.85,32.9,,,,h,32.9,,,,0,0,65.35,0.294,0.106,,,0,21,278,25.238,96.456,0.074,96.795,,,,,1
2026-10-04T14:00Z,2026-10-06T14:00Z,a4t:03t,48,40.95,41,,,,h,41,,,,0,0,98.513,1.936,0.255,,,0,21,279,25.349,96.59,0.864,357.125,,,,,1
2026-10-04T14:00Z,2026-10-04T15:00Z,a4t:19t,1,16.65,16.7,,,,h,16.7,,,,0,0,71.67,0.735,0.224,,,0,22,277,25.369,96.038,0.118,168.641,,,,,1
2026-10-04T14:00Z,2026-10-04T17:00Z,a4t:19t,3,19.25,19.3,,,,h,19.3,,,,0,0,69.082,1.246,0,,,0,0,277,25.238,96.562,0.579,124.635,,,,,1
2026-10-04T14:00Z,2026-10-04T20:00Z,a4t:19t,6,20.35,20.4,,,,h,20.4,,,,0,0.001,94.392,1.932,0,,,0,3,277,25.032,96.529,0.819,116.849,,,,,1
2026-10-04T14:00Z,2026-10-05T02:00Z,a4t:19t,12,14.149999999999999,14.2,,,,h,14.2,,,,0,0.001,418.087,1.145,0.1,,,0,9,278,28.337,82.448,0.908,111.799,,,,,1
2026-10-04T14:00Z,2026-10-05T14:00Z,a4t:19t,24,15.65,15.7,,,,h,15.7,,,,0,0,58.569,0.992,0.046,,,0,21,278,25.268,97.451,0.603,117.23,,,,,1
2026-10-04T14:00Z,2026-10-06T14:00Z,a4t:19t,48,30.049999999999997,30.1,,,,h,30.1,,,,0,0,74.519,1.619,0.11,,,0,21,279,25.323,96.651,0.555,24.196,,,,,1
2026-10-04T14:00Z,2026-10-04T15:00Z,4946812,1,11.1,11.7,23.6,24.9,24.3,h,11.7,24.3,,,0,0.065,441.736,4.961,3.447,28.87,24.3,0.05,22,277,24.122,95.623,2.815,32.777,,,,,1
2026-10-04T14:00Z,2026-10-04T17:00Z,4946812,3,6.6,7,21.9,23.1,24.1,h,7,24.1,,,0,0.115,527.75,5.616,0.585,28.87,24.3,0.05,0,277,23.899,95.033,3.267,39.697,,,,,1
2026-10-04T14:00Z,2026-10-04T20:00Z,4946812,6,6.7,7,19,20,23.7,h,7,23.7,,,0,0,640.014,5.832,4.8,28.87,24.3,0.05,3,277,23.043,92.647,3.244,40.739,,,,,1
2026-10-04T14:00Z,2026-10-05T02:00Z,4946812,12,11.1,11.6,14.2,15,22.4,h,11.6,22.4,,,0,0,743.299,7.418,3.072,28.87,24.3,0.05,9,278,21.355,89.565,4.585,9.921,,,,,1
2026-10-04T14:00Z,2026-10-05T14:00Z,4946812,24,37.7,38.9,14.4,14.9,21.3,h,38.9,21.3,,,0,0,243.723,4.154,0,28.87,24.3,0.05,21,278,23.442,77.237,1.714,13.153,,,,,1
2026-10-04T14:00Z,2026-10-06T14:00Z,4946812,48,83.4,85,31,31.7,28,h,85,28,,,0,0,67.91,3.94,0,28.87,24.3,0.05,21,279,21.826,67.23,1.294,62.602,,,,,1
2026-10-04T14:00Z,2026-10-04T15:00Z,4946813,1,6.9,2.8,23.3,10.6,25.3,h,2.8,25.3,,,0,0.042,464.521,5.249,3.523,19.17,25.3,-0.743,22,277,24.2,95.488,2.971,32.949,,,,,1
2026-10-04T14:00Z,2026-10-04T17:00Z,4946813,3,5.4,2.2,21.3,9.6,25,h,2.2,25,,,0,0.041,549.056,5.866,0.543,19.17,25.3,-0.743,0,277,23.98,94.803,3.405,39.502,,,,,1
2026-10-04T14:00Z,2026-10-04T20:00Z,4946813,6,5.5,2.4,18.3,8.3,24.3,h,2.4,24.3,,,0,0,671.751,6.093,5.015,19.17,25.3,-0.743,3,277,23.091,92.274,3.383,40.651,,,,,1
2026-10-04T14:00Z,2026-10-05T02:00Z,4946813,12,10.1,5.2,13.9,6.3,22.3,h,5.2,22.3,,,0,0,749.407,7.624,3.23,19.17,25.3,-0.743,9,278,21.36,89.641,4.699,9.056,,,,,1
2026-10-04T14:00Z,2026-10-05T14:00Z,4946813,24,19,11.8,11.5,6.3,19.2,h,11.8,19.2,,,0,0,257.849,4.332,0,19.17,25.3,-0.743,21,278,23.541,76.704,1.806,12.874,,,,,1
2026-10-04T14:00Z,2026-10-06T14:00Z,4946813,48,52.4,39.7,23.8,16.7,21,h,39.7,21,,,0,0,70.91,4.157,0,19.17,25.3,-0.743,21,279,21.882,66.689,1.393,62.318,,,,,1
2026-10-04T14:00Z,2026-10-04T15:00Z,a4t:bkp100t,1,16.2,19.2,19.3,23,25.5,24,19.3,25.5,,,0,0.003,86.528,0.76,0.263,,25.6,0.168,22,277,25.151,96.621,0.258,155.342,,,,,1
2026-10-04T14:00Z,2026-10-04T17:00Z,a4t:bkp100t,3,20.4,24,19,22.6,25.4,24,24,25.4,,,0,0.003,69.289,0.904,0,,25.6,0.168,0,277,25.073,96.46,0.375,114.81,,,,,1
2026-10-04T14:00Z,2026-10-04T20:00Z,a4t:bkp100t,6,20.3,23.6,18.7,22.2,25.2,24,23.7,25.2,,,0,0.006,95.879,1.743,0,,25.6,0.168,3,277,24.883,96.718,0.75,99.135,,,,,1
2026-10-04T14:00Z,2026-10-05T02:00Z,a4t:bkp100t,12,13.7,15.7,17,20,24.4,24,15.7,24.4,,,0,0.003,412.693,0.745,0.1,,25.6,0.168,9,278,28.244,82.477,0.584,100.573,,,,,1
2026-10-04T14:00Z,2026-10-05T14:00Z,a4t:bkp100t,24,13.7,15.2,18.2,20.8,24.3,24,15.3,24.3,,,0,0,58.764,0.746,0.036,,25.6,0.168,21,278,25.178,97.079,0.355,98.093,,,,,1
2026-10-04T14:00Z,2026-10-06T14:00Z,a4t:bkp100t,48,31.2,33.2,13.9,15.1,21.1,24,33.2,21.1,,,0,0,68.149,1.4,0.085,,25.6,0.168,21,279,25.364,96.978,0.513,1.966,,,,,1
2026-10-04T14:00Z,2026-10-04T15:00Z,a4t:bkp101t,1,20.5,14.5,30.5,21.5,19.9,24,14.5,19.9,,,0,0.008,88.367,0.82,0.303,,19.9,-0.335,22,277,25.026,96.931,0.319,164.31,,,,,1
2026-10-04T14:00Z,2026-10-04T17:00Z,a4t:bkp101t,3,25.6,18.4,29.3,20.7,19.9,24,18.4,19.9,,,0,0.006,69.585,0.948,0,,19.9,-0.335,0,277,24.977,96.66,0.418,112.212,,,,,1
2026-10-04T14:00Z,2026-10-04T20:00Z,a4t:bkp101t,6,28.7,21.1,27.7,19.6,19.9,24,21.1,19.9,,,0,0.009,94.856,1.877,0,,19.9,-0.335,3,277,24.821,96.899,0.81,97.148,,,,,1
2026-10-04T14:00Z,2026-10-05T02:00Z,a4t:bkp101t,12,14.3,10.8,23.7,17,19.2,24,10.8,19.2,,,0,0.003,405.359,0.769,0.1,,19.9,-0.335,9,278,28.241,82.46,0.61,106.997,,,,,1
2026-10-04T14:00Z,2026-10-05T14:00Z,a4t:bkp101t,24,10.1,8,17.9,13.4,17.5,24,8.1,17.5,,,0,0,57.321,0.796,0.021,,19.9,-0.335,21,278,25.137,97.153,0.362,93.604,,,,,1
2026-10-04T14:00Z,2026-10-06T14:00Z,a4t:bkp101t,48,29.5,25.9,12,10.1,14.1,24,26,14.1,,,0,0,59.72,1.256,0.05,,19.9,-0.335,21,279,25.376,97.154,0.451,356.615,,,,,1
2026-10-04T14:00Z,2026-10-04T15:00Z,a4t:bkp102t,1,16.1,17.2,15.4,16.5,17,24,17.3,17,,,0,0,89.591,0.722,0.164,,17,0.07,22,277,25.413,96.011,0.297,116.584,,,,,1
2026-10-04T14:00Z,2026-10-04T17:00Z,a4t:bkp102t,3,23.6,25.2,16.1,17.3,17,24,25.3,17,,,0,0,68.337,0.508,0,,17,0.07,0,277,25.266,95.79,0.086,114.334,,,,,1
2026-10-04T14:00Z,2026-10-04T20:00Z,a4t:bkp102t,6,26.6,28.3,17.5,18.8,17.2,24,28.4,17.2,,,0,0.001,98.842,1.235,0,,17,0.07,3,277,24.979,96.316,0.523,89.552,,,,,1
2026-10-04T14:00Z,2026-10-05T02:00Z,a4t:bkp102t,12,24.2,25.5,20,21.3,18,24,25.6,18,,,0,0.003,432.253,0.614,0.1,,17,0.07,9,278,28.192,82.654,0.467,55.017,,,,,1
2026-10-04T14:00Z,2026-10-05T14:00Z,a4t:bkp102t,24,29.8,31.1,29.9,31.5,21.8,24,31.1,21.8,,,0,0,63.545,0.438,0.083,,17,0.07,21,278,25.234,96.618,0.169,97.579,,,,,1
2026-10-04T14:00Z,2026-10-06T14:00Z,a4t:bkp102t,48,42.7,43.8,22.6,23.3,20.6,24,43.8,20.7,,,0,0,90.636,1.798,0.2,,17,0.07,21,279,25.352,96.666,0.763,359.544,,,,,1
2026-10-04T14:00Z,2026-10-04T15:00Z,a4t:bkp103t,1,16.1,23.1,15.4,22.3,22.8,24,23.2,22.8,,,0,0,94.471,0.908,0.2,,22.8,0.354,22,277,25.254,96.39,0.383,123.31,,,,,1
2026-10-04T14:00Z,2026-10-04T17:00Z,a4t:bkp103t,3,23.6,33.2,16.1,23.2,22.8,24,33.3,22.8,,,0,0,68.98,0.627,0,,22.8,0.354,0,277,25.162,95.914,0.183,109.23,,,,,1
2026-10-04T14:00Z,2026-10-04T20:00Z,a4t:bkp103t,6,26.6,36.6,17.5,25.1,23.1,24,36.7,23.1,,,0,0.004,100.734,1.45,0,,22.8,0.354,3,277,24.912,96.407,0.652,88.9,,,,,1
2026-10-04T14:00Z,2026-10-05T02:00Z,a4t:bkp103t,12,24.2,32.1,20,27.9,24.1,24,32.2,24.1,,,0,0.004,424.917,0.546,0.1,,22.8,0.354,9,278,28.183,82.414,0.411,63.739,,,,,1
2026-10-04T14:00Z,2026-10-05T14:00Z,a4t:bkp103t,24,29.8,37.1,29.9,39.3,29.2,24,37.2,29.3,,,0,0,61.961,0.553,0.051,,22.8,0.354,21,278,25.219,96.617,0.222,85.861,,,,,1
2026-10-04T14:00Z,2026-10-06T14:00Z,a4t:bkp103t,48,42.7,48.7,22.6,26.8,27.6,24,48.8,27.7,,,0,0,81.928,1.669,0.122,,22.8,0.354,21,279,25.369,96.8,0.713,357.193,,,,,1
2026-10-04T14:00Z,2026-10-04T15:00Z,a4t:bkp104t,1,16.1,16.2,15.4,15.5,16.4,24,16.3,16.4,,,0,0,93.811,0.856,0.142,,16.4,0.011,22,277,25.439,95.962,0.384,106.121,,,,,1
2026-10-04T14:00Z,2026-10-04T17:00Z,a4t:bkp104t,3,23.6,23.7,16.1,16.2,16.4,24,23.9,16.4,,,0,0,68.205,0.367,0,,16.4,0.011,0,277,25.288,95.567,0.014,107.68,,,,,1
2026-10-04T14:00Z,2026-10-04T20:00Z,a4t:bkp104t,6,26.6,26.7,17.5,17.6,16.5,24,26.9,16.5,,,0,0.001,100.712,1.136,0,,16.4,0.011,3,277,24.979,96.213,0.485,80.699,,,,,1
2026-10-04T14:00Z,2026-10-05T02:00Z,a4t:bkp104t,12,24.2,24.3,20,20.1,17.2,24,24.4,17.2,,,0,0.004,436.713,0.652,0.1,,16.4,0.011,9,278,28.16,82.646,0.504,35.587,,,,,1
2026-10-04T14:00Z,2026-10-05T14:00Z,a4t:bkp104t,24,29.8,29.9,29.9,30,20.8,24,30,20.8,,,0,0,64.856,0.344,0.09,,16.4,0.011,21,278,25.241,96.407,0.09,85.575,,,,,1
2026-10-04T14:00Z,2026-10-06T14:00Z,a4t:bkp104t,48,42.7,42.8,22.6,22.7,19.6,24,42.9,19.6,,,0,0,95.659,1.903,0.215,,16.4,0.011,21,279,25.357,96.625,0.857,356.33,,,,,1
2026-10-04T14:00Z,2026-10-04T15:00Z,a4t:bkp105t,1,16.1,26.3,15.4,25.7,27.7,24,26.4,27.7,,,0,0,90.764,0.739,0.144,,27.8,0.49,22,277,25.465,95.895,0.323,107.78,,,,,1
2026-10-04T14:00Z,2026-10-04T17:00Z,a4t:bkp105t,3,23.6,37.6,16.1,26.7,27.7,24,37.6,27.7,,,0,0,68.082,0.388,0,,27.8,0.49,0,277,25.302,95.639,0.019,112.472,,,,,1
2026-10-04T14:00Z,2026-10-04T20:00Z,a4t:bkp105t,6,26.6,41.1,17.5,28.8,28,24,41.2,28,,,0,0.001,99.223,1.119,0,,27.8,0.49,3,277,24.993,96.247,0.464,84.132,,,,,1
2026-10-04T14:00Z,2026-10-05T02:00Z,a4t:bkp105t,12,24.2,35.6,20,31.7,29,24,35.6,29,,,0,0.003,436.465,0.65,0.1,,27.8,0.49,9,278,28.175,82.726,0.501,41.73,,,,,1
2026-10-04T14:00Z,2026-10-05T14:00Z,a4t:bkp105t,24,29.8,40.2,29.9,43.5,34.7,24,40.2,34.7,,,0,0,64.683,0.349,0.096,,27.8,0.49,21,278,25.238,96.5,0.107,95.283,,,,,1
2026-10-04T14:00Z,2026-10-06T14:00Z,a4t:bkp105t,48,42.7,51.1,22.6,28.5,32.6,24,51.1,32.7,,,0,0,95.507,1.886,0.23,,27.8,0.49,21,279,25.351,96.619,0.829,357.803,,,,,1
2026-10-04T14:00Z,2026-10-04T15:00Z,a4t:bkp114t,1,16.1,14.2,15.4,13.5,14.8,24,14.2,14.8,,,0,0,89.609,0.757,0.199,,14.8,-0.12,22,277,25.305,96.262,0.29,129.054,,,,,1
2026-10-04T14:00Z,2026-10-04T17:00Z,a4t:bkp114t,3,23.6,21,16.1,14.2,14.8,24,21,14.8,,,0,0,68.781,0.665,0,,14.8,-0.12,0,277,25.19,96.009,0.201,113.896,,,,,1
2026-10-04T14:00Z,2026-10-04T20:00Z,a4t:bkp114t,6,26.6,23.9,17.5,15.5,14.9,24,23.9,14.9,,,0,0.003,98.603,1.433,0,,14.8,-0.12,3,277,24.94,96.441,0.623,93.57,,,,,1
2026-10-04T14:00Z,2026-10-05T02:00Z,a4t:bkp114t,12,24.2,22,20,17.8,15.4,24,22,15.4,,,0,0.003,425.074,0.601,0.1,,14.8,-0.12,9,278,28.207,82.529,0.456,73.11,,,,,1
2026-10-04T14:00Z,2026-10-05T14:00Z,a4t:bkp114t,24,29.8,27.7,29.9,27.2,18.5,24,27.7,18.5,,,0,0,61.781,0.561,0.061,,14.8,-0.12,21,278,25.219,96.756,0.243,95.763,,,,,1
2026-10-04T14:00Z,2026-10-06T14:00Z,a4t:bkp114t,48,42.7,40.8,22.6,21.3,17.4,24,40.8,17.4,,,0,0,82.303,1.656,0.146,,14.8,-0.12,21,279,25.359,96.774,0.675,0.396,,,,,1
2026-10-04T14:00Z,2026-10-04T15:00Z,a4t:bkp115t,1,27.9,16.1,27.2,15.3,15.8,24,16.1,15.8,,,0,0,93.115,0.866,0.225,,15.8,-0.546,22,277,25.197,96.523,0.35,131.802,,,,,1
2026-10-04T14:00Z,2026-10-04T17:00Z,a4t:bkp115t,3,34.3,20.3,27.4,15.5,15.8,24,20.4,15.8,,,0,0.001,69.16,0.716,0,,15.8,-0.546,0,277,25.118,96.09,0.248,110.354,,,,,1
2026-10-04T14:00Z,2026-10-04T20:00Z,a4t:bkp115t,6,42.6,26.1,28.2,16.2,15.8,24,26.2,15.8,,,0,0.005,99.566,1.558,0,,15.8,-0.546,3,277,24.891,96.516,0.697,91.657,,,,,1
2026-10-04T14:00Z,2026-10-05T02:00Z,a4t:bkp115t,12,30.6,19.8,30.8,18.3,16.1,24,19.8,16.1,,,0,0.004,420.19,0.565,0.1,,15.8,-0.546,9,278,28.197,82.403,0.428,77.519,,,,,1
2026-10-04T14:00Z,2026-10-05T14:00Z,a4t:bkp115t,24,30.5,21.7,35.5,23,17.2,24,21.8,17.2,,,0,0,60.81,0.619,0.042,,15.8,-0.546,21,278,25.203,96.745,0.263,88.305,,,,,1
2026-10-04T14:00Z,2026-10-06T14:00Z,a4t:bkp115t,48,52.3,42.7,22,16.9,14,24,42.8,14.1,,,0,0,76.536,1.569,0.101,,15.8,-0.546,21,279,25.371,96.879,0.649,357.524,,,,,1
2026-10-04T14:00Z,2026-10-04T15:00Z,a4t:bkp116t,1,27.9,16.1,27.2,15.4,16.5,24,16.2,16.5,,,0,0,92.782,0.856,0.221,,16.5,-0.542,22,277,25.211,96.489,0.344,131.207,,,,,1
2026-10-04T14:00Z,2026-10-04T17:00Z,a4t:bkp116t,3,34.3,20.4,27.4,15.6,16.4,24,20.4,16.4,,,0,0.001,69.113,0.707,0,,16.5,-0.542,0,277,25.127,96.075,0.24,110.689,,,,,1
2026-10-04T14:00Z,2026-10-04T20:00Z,a4t:bkp116t,6,42.6,26.2,28.2,16.2,16.4,24,26.3,16.4,,,0,0.005,99.51,1.541,0,,16.5,-0.542,3,277,24.897,96.504,0.687,91.772,,,,,1
2026-10-04T14:00Z,2026-10-05T02:00Z,a4t:bkp116t,12,30.6,19.9,30.8,18.4,16.7,24,19.9,16.7,,,0,0.004,420.893,0.568,0.1,,16.5,-0.542,9,278,28.198,82.416,0.43,76.567,,,,,1
2026-10-04T14:00Z,2026-10-05T14:00Z,a4t:bkp116t,24,30.5,21.8,35.5,23.1,17.7,24,21.8,17.7,,,0,0,60.956,0.61,0.044,,16.5,-0.542,21,278,25.205,96.741,0.259,88.978,,,,,1
2026-10-04T14:00Z,2026-10-06T14:00Z,a4t:bkp116t,48,52.3,42.8,22,16.9,14.4,24,42.8,14.4,,,0,0,77.359,1.582,0.106,,16.5,-0.542,21,279,25.369,96.864,0.654,357.856,,,,,1
2026-10-04T14:00Z,2026-10-04T15:00Z,a4t:bkp117t,1,16.2,11.9,19.3,14,13.3,24,11.9,13.3,,,0,0.001,82.494,0.675,0.226,,13.3,-0.299,22,277,25.288,96.282,0.19,151.591,,,,,1
2026-10-04T14:00Z,2026-10-04T17:00Z,a4t:bkp117t,3,20.4,15.2,19,13.8,13.3,24,15.3,13.3,,,0,0.001,68.933,0.889,0,,13.3,-0.299,0,277,25.172,96.328,0.352,118.917,,,,,1
2026-10-04T14:00Z,2026-10-04T20:00Z,a4t:bkp117t,6,20.3,15.4,18.7,13.7,13.3,24,15.4,13.3,,,0,0.003,95.791,1.63,0,,13.3,-0.299,3,277,24.953,96.572,0.69,103.32,,,,,1
2026-10-04T14:00Z,2026-10-05T02:00Z,a4t:bkp117t,12,13.7,10.7,17,12.6,13.1,24,10.7,13.1,,,0,0.002,419.332,0.779,0.1,,13.3,-0.299,9,278,28.259,82.546,0.607,96.837,,,,,1
2026-10-04T14:00Z,2026-10-05T14:00Z,a4t:bkp117t,24,13.7,11.3,18.2,14.2,13.3,24,11.3,13.3,,,0,0,59.959,0.723,0.053,,13.3,-0.299,21,278,25.215,97.081,0.37,106.23,,,,,1
2026-10-04T14:00Z,2026-10-06T14:00Z,a4t:bkp117t,48,31.2,27.9,13.9,12,11.7,24,27.9,11.7,,,0,0,75.871,1.537,0.128,,13.3,-0.299,21,279,25.348,96.807,0.556,7.711,,,,,1
2026-10-04T14:00Z,2026-10-04T15:00Z,a4t:bkp119t,1,16.1,16.6,15.4,15.9,15.8,24,16.6,15.8,,,0,0,88.47,0.736,0.208,,15.8,0.031,22,277,25.291,96.291,0.269,133.589,,,,,1
2026-10-04T14:00Z,2026-10-04T17:00Z,a4t:bkp119t,3,23.6,24.2,16.1,16.6,15.8,24,24.3,15.9,,,0,0,68.837,0.71,0,,15.8,0.031,0,277,25.179,96.084,0.232,114.777,,,,,1
2026-10-04T14:00Z,2026-10-04T20:00Z,a4t:bkp119t,6,26.6,27.3,17.5,18,16,24,27.4,16.1,,,0,0.003,98.032,1.478,0,,15.8,0.031,3,277,24.937,96.478,0.639,95.403,,,,,1
2026-10-04T14:00Z,2026-10-05T02:00Z,a4t:bkp119t,12,24.2,24.7,20,20.5,16.8,24,24.8,16.9,,,0,0.003,423.421,0.623,0.1,,15.8,0.031,9,278,28.217,82.528,0.475,79.109,,,,,1
2026-10-04T14:00Z,2026-10-05T14:00Z,a4t:bkp119t,24,29.8,30.3,29.9,30.5,20.6,24,30.4,20.6,,,0,0,61.326,0.594,0.058,,15.8,0.031,21,278,25.215,96.822,0.267,97.595,,,,,1
2026-10-04T14:00Z,2026-10-06T14:00Z,a4t:bkp119t,48,42.7,43.1,22.6,22.9,19.5,24,43.2,19.6,,,0,0,80.431,1.62,0.14,,15.8,0.031,21,279,25.358,96.794,0.647,1.358,,,,,1
2026-10-04T14:00Z,2026-10-04T15:00Z,a4t:bkp120t,1,27.9,22.4,27.2,21.6,16.9,24,22.5,16.9,,,0,0.001,98.117,1.01,0.264,,16.8,-0.218,22,277,25.037,96.914,0.441,135.575,,,,,1
2026-10-04T14:00Z,2026-10-04T17:00Z,a4t:bkp120t,3,34.3,27.8,27.4,21.9,17.1,24,27.9,17.1,,,0,0.002,69.693,0.787,0,,16.8,-0.218,0,277,25.007,96.224,0.317,105.787,,,,,1
2026-10-04T14:00Z,2026-10-04T20:00Z,a4t:bkp120t,6,42.6,35,28.2,22.6,17.4,24,35.1,17.4,,,0,0.008,100.641,1.742,0,,16.8,-0.218,3,277,24.816,96.645,0.805,89.069,,,,,1
2026-10-04T14:00Z,2026-10-05T02:00Z,a4t:bkp120t,12,30.6,25.7,30.8,25,18.5,24,25.8,18.5,,,0,0.005,412.687,0.518,0.1,,16.8,-0.218,9,278,28.183,82.24,0.395,84.939,,,,,1
2026-10-04T14:00Z,2026-10-05T14:00Z,a4t:bkp120t,24,30.5,26.6,35.5,29.8,20.5,24,26.7,20.5,,,0,0,59.342,0.712,0.015,,16.8,-0.218,21,278,25.174,96.736,0.301,79.649,,,,,1
2026-10-04T14:00Z,2026-10-06T14:00Z,a4t:bkp120t,48,52.3,48.2,22,19.8,17.1,24,48.3,17.1,,,0,0,67.713,1.445,0.037,,16.8,-0.218,21,279,25.389,97.046,0.608,352.079,,,,,1
2026-10-04T14:00Z,2026-10-04T15:00Z,a4t:bkp121t,1,16.1,14.3,15.4,13.6,14.6,24,14.3,14.6,,,0,0,87.9,0.664,0.16,,14.6,-0.115,22,277,25.443,95.939,0.269,116.725,,,,,1
2026-10-04T14:00Z,2026-10-04T17:00Z,a4t:bkp121t,3,23.6,21.1,16.1,14.2,14.6,24,21.1,14.6,,,0,0,68.22,0.506,0,,14.6,-0.115,0,277,25.284,95.798,0.085,116.41,,,,,1
2026-10-04T14:00Z,2026-10-04T20:00Z,a4t:bkp121t,6,26.6,23.9,17.5,15.5,14.7,24,24,14.7,,,0,0.001,98.14,1.207,0,,14.6,-0.115,3,277,24.993,96.314,0.502,90.981,,,,,1
2026-10-04T14:00Z,2026-10-05T02:00Z,a4t:bkp121t,12,24.2,22,20,17.8,15.3,24,22.1,15.3,,,0,0.003,433.111,0.63,0.1,,14.6,-0.115,9,278,28.199,82.707,0.48,56.45,,,,,1
2026-10-04T14:00Z,2026-10-05T14:00Z,a4t:bkp121t,24,29.8,27.7,29.9,27.3,18.4,24,27.8,18.4,,,0,0,63.678,0.434,0.089,,14.6,-0.115,21,278,25.235,96.651,0.174,102.193,,,,,1
2026-10-04T14:00Z,2026-10-06T14:00Z,a4t:bkp121t,48,42.7,40.9,22.6,21.4,17.3,24,40.9,17.3,,,0,0,91.699,1.811,0.214,,14.6,-0.115,21,279,25.348,96.645,0.759,0.507,,,,,1
2026-10-04T14:00Z,2026-10-04T15:00Z,a4t:bkp122t,1,16.1,14.5,15.4,13.8,14,24,14.6,14,,,0,0,88.964,0.745,0.205,,14,-0.099,22,277,25.294,96.287,0.278,131.967,,,,,1
2026-10-04T14:00Z,2026-10-04T17:00Z,a4t:bkp122t,3,23.6,21.4,16.1,14.4,14,24,21.5,14,,,0,0,68.825,0.695,0,,14,-0.099,0,277,25.182,96.058,0.222,114.386,,,,,1
2026-10-04T14:00Z,2026-10-04T20:00Z,a4t:bkp122t,6,26.6,24.3,17.5,15.8,14.2,24,24.3,14.2,,,0,0.003,98.26,1.464,0,,14,-0.099,3,277,24.937,96.466,0.635,94.695,,,,,1
2026-10-04T14:00Z,2026-10-05T02:00Z,a4t:bkp122t,12,24.2,22.3,20,18.1,14.9,24,22.4,14.9,,,0,0.003,423.916,0.614,0.1,,14,-0.099,9,278,28.213,82.526,0.467,77.056,,,,,1
2026-10-04T14:00Z,2026-10-05T14:00Z,a4t:bkp122t,24,29.8,28,29.9,27.6,18.1,24,28,18.2,,,0,0,61.471,0.583,0.059,,14,-0.099,21,278,25.216,96.798,0.258,96.772,,,,,1
2026-10-04T14:00Z,2026-10-06T14:00Z,a4t:bkp122t,48,42.7,41.1,22.6,21.5,17.2,24,41.2,17.2,,,0,0,80.987,1.631,0.141,,14,-0.099,21,279,25.358,96.789,0.656,0.937,,,,,1
2026-10-04T14:00Z,2026-10-04T15:00Z,a4t:bkp123t,1,27.9,16.2,27.2,15.4,16.4,24,16.2,16.4,,,0,0,93.026,0.863,0.221,,16.4,-0.542,22,277,25.209,96.495,0.349,130.869,,,,,1
2026-10-04T14:00Z,2026-10-04T17:00Z,a4t:bkp123t,3,34.3,20.4,27.4,15.6,16.3,24,20.4,16.3,,,0,0.001,69.123,0.705,0,,16.4,-0.542,0,277,25.126,96.07,0.239,110.475,,,,,1
2026-10-04T14:00Z,2026-10-04T20:00Z,a4t:bkp123t,6,42.6,26.3,28.2,16.2,16.4,24,26.3,16.4,,,0,0.005,99.619,1.541,0,,16.4,-0.542,3,277,24.896,96.502,0.689,91.551,,,,,1
2026-10-04T14:00Z,2026-10-05T02:00Z,a4t:bkp123t,12,30.6,19.9,30.8,18.4,16.6,24,19.9,16.6,,,0,0.004,420.897,0.564,0.1,,16.4,-0.542,9,278,28.197,82.411,0.427,76.111,,,,,1
2026-10-04T14:00Z,2026-10-05T14:00Z,a4t:bkp123t,24,30.5,21.8,35.5,23.1,17.6,24,21.8,17.6,,,0,0,60.968,0.609,0.044,,16.4,-0.542,21,278,25.205,96.734,0.258,88.527,,,,,1
2026-10-04T14:00Z,2026-10-06T14:00Z,a4t:bkp123t,48,52.3,42.8,22,17,14.4,24,42.8,14.4,,,0,0,77.354,1.583,0.105,,16.4,-0.542,21,279,25.37,96.865,0.656,357.691,,,,,1
2026-10-04T14:00Z,2026-10-04T15:00Z,a4t:bkp124t,1,16.1,19.7,15.4,19,20,24,19.8,20,,,0,0,95.031,0.925,0.181,,20,0.202,22,277,25.307,96.266,0.402,117.281,,,,,1
2026-10-04T14:00Z,2026-10-04T17:00Z,a4t:bkp124t,3,23.6,28.6,16.1,19.9,20,24,28.6,20,,,0,0,68.785,0.548,0,,20,0.202,0,277,25.201,95.78,0.125,108.388,,,,,1
2026-10-04T14:00Z,2026-10-04T20:00Z,a4t:bkp124t,6,26.6,31.8,17.5,21.5,20.2,24,31.9,20.2,,,0,0.003,101.299,1.354,0,,20,0.202,3,277,24.932,96.327,0.607,86.426,,,,,1
2026-10-04T14:00Z,2026-10-05T02:00Z,a4t:bkp124t,12,24.2,28.4,20,24.1,21,24,28.4,21,,,0,0.004,428.851,0.559,0.1,,20,0.202,9,278,28.173,82.451,0.423,52.632,,,,,1
2026-10-04T14:00Z,2026-10-05T14:00Z,a4t:bkp124t,24,29.8,33.7,29.9,34.9,25.4,24,33.7,25.4,,,0,0,62.921,0.492,0.061,,20,0.202,21,278,25.23,96.526,0.184,84.366,,,,,1
2026-10-04T14:00Z,2026-10-06T14:00Z,a4t:bkp124t,48,42.7,46,22.6,24.9,23.9,24,46,23.9,,,0,0,86.453,1.749,0.146,,20,0.202,21,279,25.366,96.737,0.765,356.933,,,,,1
2026-10-04T14:00Z,2026-10-04T15:00Z,a4t:bkp125t,1,16.2,18,19.3,21.6,23.2,24,18.1,23.2,,,0,0.003,86.355,0.761,0.264,,23.2,0.108,22,277,25.148,96.629,0.257,156.253,,,,,1
2026-10-04T14:00Z,2026-10-04T17:00Z,a4t:bkp125t,3,20.4,22.6,19,21.2,23.1,24,22.6,23.1,,,0,0.003,69.3,0.911,0,,23.2,0.108,0,277,25.07,96.475,0.38,114.883,,,,,1
2026-10-04T14:00Z,2026-10-04T20:00Z,a4t:bkp125t,6,20.3,22.3,18.7,20.9,23,24,22.4,23,,,0,0.006,95.761,1.751,0,,23.2,0.108,3,277,24.882,96.727,0.753,99.326,,,,,1
2026-10-04T14:00Z,2026-10-05T02:00Z,a4t:bkp125t,12,13.7,14.9,17,18.9,22.3,24,15,22.3,,,0,0.003,412.352,0.753,0.1,,23.2,0.108,9,278,28.245,82.478,0.591,101.219,,,,,1
2026-10-04T14:00Z,2026-10-05T14:00Z,a4t:bkp125t,24,13.7,14.7,18.2,19.8,22.3,24,14.7,22.3,,,0,0,58.678,0.751,0.035,,23.2,0.108,21,278,25.177,97.09,0.358,98.27,,,,,1
2026-10-04T14:00Z,2026-10-06T14:00Z,a4t:bkp125t,48,31.2,32.5,13.9,14.7,19.4,24,32.5,19.4,,,0,0,67.763,1.392,0.084,,23.2,0.108,21,279,25.364,96.984,0.508,2.077,,,,,1
2026-10-04T14:00Z,2026-10-04T15:00Z,a4t:bkp126t,1,16.1,16.5,15.4,15.8,17.6,24,16.5,17.6,,,0,0,94.372,0.871,0.132,,17.7,0.027,22,277,25.466,95.9,0.397,102.362,,,,,1
2026-10-04T14:00Z,2026-10-04T17:00Z,a4t:bkp126t,3,23.6,24.2,16.1,16.5,17.6,24,24.2,17.6,,,0,0,68.069,0.306,0,,17.7,0.027,0,277,25.307,95.49,0.059,105.173,,,,,1
2026-10-04T14:00Z,2026-10-04T20:00Z,a4t:bkp126t,6,26.6,27.2,17.5,18,17.7,24,27.2,17.7,,,0,0.001,100.881,1.083,0,,17.7,0.027,3,277,24.986,96.178,0.455,77.337,,,,,1
2026-10-04T14:00Z,2026-10-05T02:00Z,a4t:bkp126t,12,24.2,24.7,20,20.4,18.3,24,24.7,18.3,,,0,0.004,438.911,0.69,0.1,,17.7,0.027,9,278,28.151,82.686,0.538,29.815,,,,,1
2026-10-04T14:00Z,2026-10-05T14:00Z,a4t:bkp126t,24,29.8,30.2,29.9,30.5,21.8,24,30.3,21.9,,,0,0,65.448,0.3,0.097,,17.7,0.027,21,278,25.243,96.346,0.058,82.528,,,,,1
2026-10-04T14:00Z,2026-10-06T14:00Z,a4t:bkp126t,48,42.7,43.1,22.6,22.9,20.4,24,43.1,20.5,,,0,0,98.203,1.949,0.232,,17.7,0.027,21,279,25.357,96.6,0.893,355.54,,,,,1
2026-10-04T14:00Z,2026-10-04T15:00Z,a4t:bkp127t,1,16.1,16,15.4,15.3,15.9,24,16,15.9,,,0,0,98.787,1.072,0.131,,15.9,-0.004,22,277,25.42,96.012,0.501,102.485,,,,,1
2026-10-04T14:00Z,2026-10-04T17:00Z,a4t:bkp127t,3,23.6,23.5,16.1,16,15.9,24,23.5,15.9,,,0,0,68.34,0.317,0,,15.9,-0.004,0,277,25.285,95.396,0.059,98.356,,,,,1
2026-10-04T14:00Z,2026-10-04T20:00Z,a4t:bkp127t,6,26.6,26.5,17.5,17.4,16.1,24,26.5,16.1,,,0,0.001,103.458,1.14,0,,15.9,-0.004,3,277,24.966,96.119,0.506,74.529,,,,,1
2026-10-04T14:00Z,2026-10-05T02:00Z,a4t:bkp127t,12,24.2,24.1,20,19.9,16.8,24,24.1,16.8,,,0,0.005,438.814,0.693,0.1,,15.9,-0.004,9,278,28.133,82.521,0.543,23.875,,,,,1
2026-10-04T14:00Z,2026-10-05T14:00Z,a4t:bkp127t,24,29.8,29.7,29.9,29.8,20.3,24,29.7,20.3,,,0,0,65.511,0.339,0.083,,15.9,-0.004,21,278,25.254,96.224,0.076,69.389,,,,,1
2026-10-04T14:00Z,2026-10-06T14:00Z,a4t:bkp127t,48,42.7,42.6,22.6,22.6,19.2,24,42.6,19.2,,,0,0,97.852,1.965,0.199,,15.9,-0.004,21,279,25.365,96.6,0.921,354.443,,,,,1
2026-10-04T14:00Z,2026-10-04T15:00Z,a4t:bkp129t,1,20.5,12.6,30.5,18.6,18.6,24,12.7,18.6,,,0,0.028,80.89,0.984,0.367,,18.6,-0.473,22,277,24.919,97.181,0.432,195.185,,,,,1
2026-10-04T14:00Z,2026-10-04T17:00Z,a4t:bkp129t,3,25.6,16.2,29.3,17.9,18.6,24,16.2,18.6,,,0,0.014,69.796,1.171,0,,18.6,-0.473,0,277,24.88,97.207,0.575,114.99,,,,,1
2026-10-04T14:00Z,2026-10-04T20:00Z,a4t:bkp129t,6,28.7,18.7,27.7,17,18.4,24,18.7,18.4,,,0,0.008,89.361,2.156,0,,18.6,-0.473,3,277,24.783,97.245,0.887,102.718,,,,,1
2026-10-04T14:00Z,2026-10-05T02:00Z,a4t:bkp129t,12,14.3,9.6,23.7,14.8,17.7,24,9.7,17.7,,,0,0.002,393.053,1.104,0.1,,18.6,-0.473,9,278,28.295,82.592,0.897,120.631,,,,,1
2026-10-04T14:00Z,2026-10-05T14:00Z,a4t:bkp129t,24,10.1,7.4,17.9,11.9,16.1,24,7.4,16.1,,,0,0,54.272,0.963,0.01,,18.6,-0.473,21,278,25.082,97.596,0.461,100.555,,,,,1
2026-10-04T14:00Z,2026-10-06T14:00Z,a4t:bkp129t,48,29.5,24.7,12,9.5,12.8,24,24.7,12.9,,,0,0,45.911,0.983,0.025,,18.6,-0.473,21,279,25.373,97.366,0.265,359.206,,,,,1
2026-10-04T14:00Z,2026-10-04T15:00Z,a4t:bkp130t,1,20.5,11.9,30.5,17.5,15.9,24,11.9,15.9,,,0,0.002,93.153,0.871,0.272,,15.9,-0.533,22,277,25.063,96.846,0.352,145.609,,,,,1
2026-10-04T14:00Z,2026-10-04T17:00Z,a4t:bkp130t,3,25.6,15.3,29.3,16.9,16,24,15.3,16,,,0,0.003,69.537,0.834,0,,15.9,-0.533,0,277,25.016,96.378,0.341,109.44,,,,,1
2026-10-04T14:00Z,2026-10-04T20:00Z,a4t:bkp130t,6,28.7,17.7,27.7,16,15.9,24,17.7,15.9,,,0,0.008,97.996,1.755,0,,15.9,-0.533,3,277,24.832,96.727,0.783,92.912,,,,,1
2026-10-04T14:00Z,2026-10-05T02:00Z,a4t:bkp130t,12,14.3,9.2,23.7,14,15.4,24,9.2,15.4,,,0,0.004,411.127,0.613,0.1,,15.9,-0.533,9,278,28.209,82.368,0.476,94.467,,,,,1
2026-10-04T14:00Z,2026-10-05T14:00Z,a4t:bkp130t,24,10.1,7.1,17.9,11.4,14,24,7.1,14,,,0,0,58.807,0.721,0.023,,15.9,-0.533,21,278,25.163,96.908,0.314,87.256,,,,,1
2026-10-04T14:00Z,2026-10-06T14:00Z,a4t:bkp130t,48,29.5,24.2,12,9.2,11.3,24,24.2,11.3,,,0,0,66.141,1.39,0.056,,15.9,-0.533,21,279,25.38,97.06,0.551,354.753,,,,,1
2026-10-04T14:00Z,2026-10-04T15:00Z,a4t:bkp131t,1,16.1,18.3,15.4,17.7,17.9,24,18.4,17.9,,,0,0,88.476,0.704,0.178,,17.9,0.132,22,277,25.381,96.082,0.275,123.059,,,,,1
2026-10-04T14:00Z,2026-10-04T17:00Z,a4t:bkp131t,3,23.6,26.7,16.1,18.4,17.9,24,26.8,17.9,,,0,0,68.485,0.588,0,,17.9,0.132,0,277,25.243,95.899,0.142,115.41,,,,,1
2026-10-04T14:00Z,2026-10-04T20:00Z,a4t:bkp131t,6,26.6,29.8,17.5,20,18.1,24,29.9,18.1,,,0,0.002,98.371,1.315,0,,17.9,0.132,3,277,24.971,96.369,0.56,92.797,,,,,1
2026-10-04T14:00Z,2026-10-05T02:00Z,a4t:bkp131t,12,24.2,26.8,20,22.5,19,24,26.9,19,,,0,0.003,429.422,0.613,0.1,,17.9,0.132,9,278,28.204,82.62,0.465,64.804,,,,,1
2026-10-04T14:00Z,2026-10-05T14:00Z,a4t:bkp131t,24,29.8,32.2,29.9,33,23.1,24,32.3,23.1,,,0,0,62.779,0.497,0.076,,17.9,0.132,21,278,25.23,96.706,0.21,99.344,,,,,1
2026-10-04T14:00Z,2026-10-06T14:00Z,a4t:bkp131t,48,42.7,44.8,22.6,24,21.9,24,44.8,21.9,,,0,0,87.384,1.74,0.182,,17.9,0.132,21,279,25.352,96.699,0.717,0.85,,,,,1
2026-10-04T14:00Z,2026-10-04T15:00Z,a4t:bkp133t,1,16.1,16.9,15.4,16.2,17,24,16.9,17,,,0,0,93.715,0.879,0.19,,17,0.048,22,277,25.292,96.3,0.371,121.149,,,,,1
2026-10-04T14:00Z,2026-10-04T17:00Z,a4t:bkp133t,3,23.6,24.6,16.1,16.9,17,24,24.7,17,,,0,0,68.834,0.593,0,,17,0.048,0,277,25.188,95.867,0.155,109.902,,,,,1
2026-10-04T14:00Z,2026-10-04T20:00Z,a4t:bkp133t,6,26.6,27.7,17.5,18.3,17.2,24,27.8,17.2,,,0,0.003,100.534,1.395,0,,17,0.048,3,277,24.928,96.375,0.622,88.625,,,,,1
2026-10-04T14:00Z,2026-10-05T02:00Z,a4t:bkp133t,12,24.2,25.1,20,20.8,17.9,24,25.1,17.9,,,0,0.004,426.949,0.558,0.1,,17,0.048,9,278,28.183,82.46,0.421,60.117,,,,,1
2026-10-04T14:00Z,2026-10-05T14:00Z,a4t:bkp133t,24,29.8,30.6,29.9,30.9,21.6,24,30.7,21.6,,,0,0,62.416,0.521,0.058,,17,0.048,21,278,25.224,96.6,0.205,87.367,,,,,1
2026-10-04T14:00Z,2026-10-06T14:00Z,a4t:bkp133t,48,42.7,43.4,22.6,23.1,20.3,24,43.5,20.4,,,0,0,84.31,1.707,0.14,,17,0.048,21,279,25.366,96.763,0.731,357.647,,,,,1
2026-10-04T14:00Z,2026-10-04T15:00Z,a4t:bkp56t,1,16.1,18.5,15.4,17.7,19,24,18.5,19,,,0,0,90.445,0.788,0.213,,19,0.135,22,277,25.258,96.375,0.302,132.105,,,,,1
2026-10-04T14:00Z,2026-10-04T17:00Z,a4t:bkp56t,3,23.6,26.8,16.1,18.5,19,24,26.9,19,,,0,0.001,68.949,0.703,0,,19,0.135,0,277,25.158,96.074,0.232,112.898,,,,,1
2026-10-04T14:00Z,2026-10-04T20:00Z,a4t:bkp56t,6,26.6,30,17.5,20.1,19.1,24,30.1,19.1,,,0,0.004,98.703,1.5,0,,19,0.135,3,277,24.92,96.487,0.658,93.581,,,,,1
2026-10-04T14:00Z,2026-10-05T02:00Z,a4t:bkp56t,12,24.2,26.9,20,22.7,19.9,24,27,19.9,,,0,0.004,422.467,0.597,0.1,,19,0.135,9,278,28.207,82.482,0.454,77.435,,,,,1
2026-10-04T14:00Z,2026-10-05T14:00Z,a4t:bkp56t,24,29.8,32.4,29.9,33.1,23.9,24,32.4,23.9,,,0,0,61.209,0.595,0.053,,19,0.135,21,278,25.211,96.781,0.259,93.608,,,,,1
2026-10-04T14:00Z,2026-10-06T14:00Z,a4t:bkp56t,48,42.7,44.9,22.6,24.1,22.5,24,44.9,22.5,,,0,0,79.261,1.606,0.126,,19,0.135,21,279,25.363,96.823,0.652,359.718,,,,,1
2026-10-04T14:00Z,2026-10-04T15:00Z,a4t:bkp57t,1,16.2,15,19.3,17.9,18.6,24,15.1,18.6,,,0,0,84.554,0.671,0.212,,18.6,-0.067,22,277,25.312,96.233,0.211,142.586,,,,,1
2026-10-04T14:00Z,2026-10-04T17:00Z,a4t:bkp57t,3,20.4,19,19,17.6,18.5,24,19.1,18.5,,,0,0.001,68.811,0.796,0,,18.6,-0.067,0,277,25.19,96.198,0.288,117.915,,,,,1
2026-10-04T14:00Z,2026-10-04T20:00Z,a4t:bkp57t,6,20.3,19,18.7,17.3,18.5,24,19.1,18.5,,,0,0.003,96.636,1.532,0,,18.6,-0.067,3,277,24.956,96.513,0.651,100.333,,,,,1
2026-10-04T14:00Z,2026-10-05T02:00Z,a4t:bkp57t,12,13.7,12.9,17,15.8,18,24,13,18,,,0,0.002,422.234,0.703,0.1,,18.6,-0.067,9,278,28.241,82.563,0.542,88.707,,,,,1
2026-10-04T14:00Z,2026-10-05T14:00Z,a4t:bkp57t,24,13.7,13.1,18.2,17.1,18,24,13.1,18.1,,,0,0,60.793,0.653,0.059,,18.6,-0.067,21,278,25.219,96.963,0.32,104.18,,,,,1
2026-10-04T14:00Z,2026-10-06T14:00Z,a4t:bkp57t,48,31.2,30.3,13.9,13.4,15.7,24,30.4,15.8,,,0,0,79.173,1.593,0.143,,18.6,-0.067,21,279,25.35,96.779,0.602,5.205,,,,,1
2026-10-04T14:00Z,2026-10-04T15:00Z,a4t:bkp58t,1,16.1,23.8,15.4,23,23.9,24,23.9,23.9,,,0,0,88.843,0.709,0.173,,23.9,0.385,22,277,25.393,96.055,0.282,120.694,,,,,1
2026-10-04T14:00Z,2026-10-04T17:00Z,a4t:bkp58t,3,23.6,34.2,16.1,24,23.9,24,34.3,23.9,,,0,0,68.43,0.559,0,,23.9,0.385,0,277,25.251,95.86,0.122,115.104,,,,,1
2026-10-04T14:00Z,2026-10-04T20:00Z,a4t:bkp58t,6,26.6,37.6,17.5,25.9,24.1,24,37.8,24.2,,,0,0.002,98.533,1.285,0,,23.9,0.385,3,277,24.974,96.35,0.546,91.718,,,,,1
2026-10-04T14:00Z,2026-10-05T02:00Z,a4t:bkp58t,12,24.2,32.9,20,28.8,25.2,24,33,25.2,,,0,0.003,430.464,0.612,0.1,,23.9,0.385,9,278,28.2,82.632,0.465,61.321,,,,,1
2026-10-04T14:00Z,2026-10-05T14:00Z,a4t:bkp58t,24,29.8,37.8,29.9,40.3,30.4,24,37.9,30.5,,,0,0,63.058,0.476,0.079,,23.9,0.385,21,278,25.231,96.675,0.195,98.851,,,,,1
2026-10-04T14:00Z,2026-10-06T14:00Z,a4t:bkp58t,48,42.7,49.3,22.6,27.2,28.7,24,49.4,28.8,,,0,0,88.582,1.761,0.188,,23.9,0.385,21,279,25.352,96.687,0.733,0.404,,,,,1
2026-10-04T14:00Z,2026-10-04T15:00Z,a4t:bkp59t,1,16.1,24.9,15.4,24.1,25.5,24,25,25.5,,,0,0,91.392,0.809,0.203,,25.5,0.429,22,277,25.278,96.33,0.321,127.637,,,,,1
2026-10-04T14:00Z,2026-10-04T17:00Z,a4t:bkp59t,3,23.6,35.7,16.1,25.1,25.5,24,35.8,25.5,,,0,0,68.879,0.658,0,,25.5,0.429,0,277,25.173,95.993,0.2,112.159,,,,,1
2026-10-04T14:00Z,2026-10-04T20:00Z,a4t:bkp59t,6,26.6,39.2,17.5,27.1,25.7,24,39.3,25.7,,,0,0.003,99.286,1.451,0,,25.5,0.429,3,277,24.926,96.442,0.639,91.953,,,,,1
2026-10-04T14:00Z,2026-10-05T02:00Z,a4t:bkp59t,12,24.2,34.1,20,30,26.7,24,34.2,26.7,,,0,0.004,424.433,0.579,0.1,,25.5,0.429,9,278,28.199,82.484,0.438,71.051,,,,,1
2026-10-04T14:00Z,2026-10-05T14:00Z,a4t:bkp59t,24,29.8,38.9,29.9,41.7,32.1,24,39,32.2,,,0,0,61.718,0.563,0.056,,25.5,0.429,21,278,25.217,96.716,0.237,92.048,,,,,1
2026-10-04T14:00Z,2026-10-06T14:00Z,a4t:bkp59t,48,42.7,50.1,22.6,27.8,30.3,24,50.2,30.4,,,0,0,81.497,1.648,0.135,,25.5,0.429,21,279,25.363,96.795,0.683,359.088,,,,,1
2026-10-04T14:00Z,2026-10-04T15:00Z,a4t:bkp60t,1,16.1,18.2,15.4,17.5,18.4,24,18.2,18.4,,,0,0,92.878,0.854,0.202,,18.4,0.121,22,277,25.265,96.363,0.35,125.589,,,,,1
2026-10-04T14:00Z,2026-10-04T17:00Z,a4t:bkp60t,3,23.6,26.5,16.1,18.2,18.4,24,26.6,18.4,,,0,0,68.93,0.644,0,,18.4,0.121,0,277,25.167,95.958,0.192,110.748,,,,,1
2026-10-04T14:00Z,2026-10-04T20:00Z,a4t:bkp60t,6,26.6,29.6,17.5,19.8,18.6,24,29.7,18.6,,,0,0.004,99.953,1.452,0,,18.4,0.121,3,277,24.919,96.428,0.646,90.468,,,,,1
2026-10-04T14:00Z,2026-10-05T02:00Z,a4t:bkp60t,12,24.2,26.6,20,22.3,19.3,24,26.7,19.3,,,0,0.004,424.56,0.562,0.1,,18.4,0.121,9,278,28.191,82.451,0.424,67.784,,,,,1
2026-10-04T14:00Z,2026-10-05T14:00Z,a4t:bkp60t,24,29.8,32.1,29.9,32.8,23.3,24,32.1,23.3,,,0,0,61.814,0.558,0.053,,18.4,0.121,21,278,25.217,96.67,0.229,89.059,,,,,1
2026-10-04T14:00Z,2026-10-06T14:00Z,a4t:bkp60t,48,42.7,44.6,22.6,23.9,22,24,44.7,22,,,0,0,81.583,1.656,0.128,,18.4,0.121,21,279,25.366,96.8,0.696,358.109,,,,,1
2026-10-04T14:00Z,2026-10-04T15:00Z,a4t:bkp61t,1,16.1,21.6,15.4,20.8,22.6,24,21.6,22.6,,,0,0,92.17,0.829,0.194,,22.7,0.286,22,277,25.295,96.29,0.338,124.057,,,,,1
2026-10-04T14:00Z,2026-10-04T17:00Z,a4t:bkp61t,3,23.6,31.1,16.1,21.7,22.6,24,31.2,22.6,,,0,0,68.816,0.62,0,,22.7,0.286,0,277,25.187,95.925,0.172,111.46,,,,,1
2026-10-04T14:00Z,2026-10-04T20:00Z,a4t:bkp61t,6,26.6,34.4,17.5,23.4,22.8,24,34.5,22.8,,,0,0.003,99.76,1.41,0,,22.7,0.286,3,277,24.931,96.404,0.622,90.481,,,,,1
2026-10-04T14:00Z,2026-10-05T02:00Z,a4t:bkp61t,12,24.2,30.4,20,26.2,23.6,24,30.5,23.6,,,0,0.004,426.111,0.571,0.1,,22.7,0.286,9,278,28.192,82.488,0.431,65.374,,,,,1
2026-10-04T14:00Z,2026-10-05T14:00Z,a4t:bkp61t,24,29.8,35.6,29.9,37.3,28.2,24,35.6,28.3,,,0,0,62.152,0.535,0.059,,22.7,0.286,21,278,25.221,96.661,0.218,90.62,,,,,1
2026-10-04T14:00Z,2026-10-06T14:00Z,a4t:bkp61t,48,42.7,47.5,22.6,25.9,26.5,24,47.6,26.6,,,0,0,83.405,1.684,0.142,,22.7,0.286,21,279,25.363,96.771,0.709,358.571,,,,,1
2026-10-04T14:00Z,2026-10-04T15:00Z,a4t:bkp62t,1,16.1,22.4,15.4,21.6,18.8,24,22.5,18.8,,,0,0,91.287,0.798,0.189,,18.7,0.325,22,277,25.32,96.23,0.323,123.373,,,,,1
2026-10-04T14:00Z,2026-10-04T17:00Z,a4t:bkp62t,3,23.6,32.3,16.1,22.5,18.9,24,32.4,18.9,,,0,0,68.719,0.606,0,,18.7,0.325,0,277,25.203,95.909,0.16,112.368,,,,,1
2026-10-04T14:00Z,2026-10-04T20:00Z,a4t:bkp62t,6,26.6,35.6,17.5,24.3,19.3,24,35.8,19.4,,,0,0.003,99.441,1.379,0,,18.7,0.325,3,277,24.942,96.39,0.603,90.849,,,,,1
2026-10-04T14:00Z,2026-10-05T02:00Z,a4t:bkp62t,12,24.2,31.4,20,27.2,20.7,24,31.5,20.7,,,0,0.004,427.198,0.581,0.1,,18.7,0.325,9,278,28.194,82.524,0.44,64.465,,,,,1
2026-10-04T14:00Z,2026-10-05T14:00Z,a4t:bkp62t,24,29.8,36.4,29.9,38.4,26,24,36.5,26.1,,,0,0,62.374,0.52,0.064,,18.7,0.325,21,278,25.224,96.666,0.212,92.621,,,,,1
2026-10-04T14:00Z,2026-10-06T14:00Z,a4t:bkp62t,48,42.7,48.2,22.6,26.4,25.1,24,48.3,25.2,,,0,0,84.699,1.703,0.154,,18.7,0.325,21,279,25.36,96.749,0.714,359.103,,,,,1
2026-10-04T14:00Z,2026-10-04T15:00Z,a4t:bkp63t,1,16.1,20.1,15.4,19.3,18.9,24,20.1,18.9,,,0,0,92.604,0.848,0.209,,18.9,0.217,22,277,25.247,96.405,0.343,128.018,,,,,1
2026-10-04T14:00Z,2026-10-04T17:00Z,a4t:bkp63t,3,23.6,29,16.1,20.1,19,24,29.2,19,,,0,0.001,68.992,0.671,0,,18.9,0.217,0,277,25.153,96.007,0.212,110.965,,,,,1
2026-10-04T14:00Z,2026-10-04T20:00Z,a4t:bkp63t,6,26.6,32.3,17.5,21.8,19.2,24,32.4,19.2,,,0,0.004,99.694,1.485,0,,18.9,0.217,3,277,24.912,96.458,0.66,91.24,,,,,1
2026-10-04T14:00Z,2026-10-05T02:00Z,a4t:bkp63t,12,24.2,28.7,20,24.5,20.2,24,28.8,20.2,,,0,0.004,423.168,0.566,0.1,,18.9,0.217,9,278,28.195,82.442,0.427,71.675,,,,,1
2026-10-04T14:00Z,2026-10-05T14:00Z,a4t:bkp63t,24,29.8,34,29.9,35.3,24.8,24,34.1,24.8,,,0,0,61.475,0.579,0.05,,18.9,0.217,21,278,25.213,96.704,0.242,89.509,,,,,1
2026-10-04T14:00Z,2026-10-06T14:00Z,a4t:bkp63t,48,42.7,46.2,22.6,25.1,23.5,24,46.3,23.6,,,0,0,79.988,1.627,0.121,,18.9,0.217,21,279,25.367,96.823,0.678,358.21,,,,,1
2026-10-04T14:00Z,2026-10-04T15:00Z,a4t:bkp64t,1,16.2,19.1,19.3,22.8,22.9,24,19.1,22.9,,,0,0.001,88.375,0.764,0.242,,22.9,0.159,22,277,25.192,96.527,0.271,145.138,,,,,1
2026-10-04T14:00Z,2026-10-04T17:00Z,a4t:bkp64t,3,20.4,23.8,19,22.4,22.9,24,23.8,22.9,,,0,0.002,69.165,0.822,0,,22.9,0.159,0,277,25.106,96.298,0.317,113.984,,,,,1
2026-10-04T14:00Z,2026-10-04T20:00Z,a4t:bkp64t,6,20.3,23.5,18.7,22,22.8,24,23.5,22.8,,,0,0.005,97.168,1.643,0,,22.9,0.159,3,277,24.897,96.621,0.714,96.914,,,,,1
2026-10-04T14:00Z,2026-10-05T02:00Z,a4t:bkp64t,12,13.7,15.6,17,19.9,22.3,24,15.6,22.3,,,0,0.003,416.666,0.668,0.1,,22.9,0.159,9,278,28.228,82.47,0.517,92.222,,,,,1
2026-10-04T14:00Z,2026-10-05T14:00Z,a4t:bkp64t,24,13.7,15.2,18.2,20.7,22.4,24,15.2,22.4,,,0,0,59.764,0.684,0.042,,22.9,0.159,21,278,25.192,96.95,0.316,96.109,,,,,1
2026-10-04T14:00Z,2026-10-06T14:00Z,a4t:bkp64t,48,31.2,33.1,13.9,15.1,19.7,24,33.1,19.7,,,0,0,72.653,1.484,0.1,,22.9,0.159,21,279,25.364,96.915,0.571,0.866,,,,,1
2026-10-04T14:00Z,2026-10-04T15:00Z,a4t:bkp65t,1,16.1,22,15.4,21.2,22,24,22.1,22,,,0,0,90.393,0.774,0.194,,22,0.309,22,277,25.315,96.241,0.305,126.024,,,,,1
2026-10-04T14:00Z,2026-10-04T17:00Z,a4t:bkp65t,3,23.6,31.6,16.1,22,22,24,31.9,22,,,0,0,68.741,0.633,0,,22,0.309,0,277,25.198,95.957,0.179,113.225,,,,,1
2026-10-04T14:00Z,2026-10-04T20:00Z,a4t:bkp65t,6,26.6,35,17.5,23.8,22.2,24,35.3,22.2,,,0,0.003,99.003,1.403,0,,22,0.309,3,277,24.942,96.414,0.611,92.235,,,,,1
2026-10-04T14:00Z,2026-10-05T02:00Z,a4t:bkp65t,12,24.2,30.9,20,26.6,23.2,24,31.1,23.2,,,0,0.003,426.25,0.59,0.1,,22,0.309,9,278,28.201,82.53,0.447,68.678,,,,,1
2026-10-04T14:00Z,2026-10-05T14:00Z,a4t:bkp65t,24,29.8,36,29.9,37.8,28,24,36.2,28.1,,,0,0,62.103,0.539,0.063,,22,0.309,21,278,25.222,96.711,0.227,94.385,,,,,1
2026-10-04T14:00Z,2026-10-06T14:00Z,a4t:bkp65t,48,42.7,47.8,22.6,26.2,26.4,24,48,26.6,,,0,0,83.636,1.682,0.151,,22,0.309,21,279,25.359,96.76,0.696,359.766,,,,,1
2026-10-04T14:00Z,2026-10-04T15:00Z,a4t:bkp66t,1,16.1,20.3,15.4,19.5,20.5,24,20.3,20.5,,,0,0,90.058,0.763,0.192,,20.5,0.226,22,277,25.324,96.219,0.299,125.837,,,,,1
2026-10-04T14:00Z,2026-10-04T17:00Z,a4t:bkp66t,3,23.6,29.3,16.1,20.3,20.5,24,29.4,20.5,,,0,0,68.708,0.629,0,,20.5,0.226,0,277,25.204,95.952,0.175,113.58,,,,,1
2026-10-04T14:00Z,2026-10-04T20:00Z,a4t:bkp66t,6,26.6,32.6,17.5,22,20.7,24,32.7,20.7,,,0,0.003,98.888,1.392,0,,20.5,0.226,3,277,24.946,96.409,0.604,92.425,,,,,1
2026-10-04T14:00Z,2026-10-05T02:00Z,a4t:bkp66t,12,24.2,29,20,24.7,21.5,24,29.1,21.6,,,0,0.003,426.629,0.594,0.1,,20.5,0.226,9,278,28.202,82.542,0.45,68.441,,,,,1
2026-10-04T14:00Z,2026-10-05T14:00Z,a4t:bkp66t,24,29.8,34.2,29.9,35.6,26,24,34.3,26,,,0,0,62.178,0.534,0.065,,20.5,0.226,21,278,25.223,96.713,0.226,95.166,,,,,1
2026-10-04T14:00Z,2026-10-06T14:00Z,a4t:bkp66t,48,42.7,46.4,22.6,25.2,24.5,24,46.5,24.5,,,0,0,84.087,1.688,0.155,,20.5,0.226,21,279,25.358,96.752,0.697,359.987,,,,,1
2026-10-04T14:00Z,2026-10-04T15:00Z,a4t:bkp67t,1,16.1,23.7,15.4,22.9,23.7,24,23.8,23.7,,,0,0,89.205,0.734,0.186,,23.7,0.381,22,277,25.348,96.161,0.285,125.2,,,,,1
2026-10-04T14:00Z,2026-10-04T17:00Z,a4t:bkp67t,3,23.6,34.1,16.1,23.9,23.7,24,34.2,23.7,,,0,0,68.617,0.617,0,,23.7,0.381,0,277,25.22,95.938,0.164,114.508,,,,,1
2026-10-04T14:00Z,2026-10-04T20:00Z,a4t:bkp67t,6,26.6,37.5,17.5,25.8,24,24,37.6,24,,,0,0.002,98.599,1.364,0,,23.7,0.381,3,277,24.957,96.395,0.587,92.879,,,,,1
2026-10-04T14:00Z,2026-10-05T02:00Z,a4t:bkp67t,12,24.2,32.8,20,28.6,25,24,32.9,25,,,0,0.003,427.671,0.604,0.1,,23.7,0.381,9,278,28.204,82.575,0.458,67.653,,,,,1
2026-10-04T14:00Z,2026-10-05T14:00Z,a4t:bkp67t,24,29.8,37.7,29.9,40.1,30.2,24,37.8,30.3,,,0,0,62.387,0.522,0.069,,23.7,0.381,21,278,25.226,96.719,0.222,97.226,,,,,1
2026-10-04T14:00Z,2026-10-06T14:00Z,a4t:bkp67t,48,42.7,49.2,22.6,27.1,28.6,24,49.3,28.6,,,0,0,85.325,1.707,0.166,,23.7,0.381,21,279,25.355,96.73,0.702,0.53,,,,,1
2026-10-04T14:00Z,2026-10-04T15:00Z,a4t:bkp69t,1,16.1,29.3,15.4,28.4,29.5,24,29.4,29.5,,,0,0,86.918,0.675,0.186,,29.5,0.586,22,277,25.371,96.101,0.247,128.435,,,,,1
2026-10-04T14:00Z,2026-10-04T17:00Z,a4t:bkp69t,3,23.6,41.6,16.1,29.5,29.5,24,41.7,29.5,,,0,0,68.546,0.647,0,,29.5,0.586,0,277,25.234,95.982,0.182,116.768,,,,,1
2026-10-04T14:00Z,2026-10-04T20:00Z,a4t:bkp69t,6,26.6,45.2,17.5,31.8,29.8,24,45.3,29.8,,,0,0.002,97.744,1.366,0,,29.5,0.586,3,277,24.971,96.405,0.58,95.597,,,,,1
2026-10-04T14:00Z,2026-10-05T02:00Z,a4t:bkp69t,12,24.2,38.7,20,34.9,31.1,24,38.8,31.1,,,0,0.003,427.722,0.632,0.1,,29.5,0.586,9,278,28.217,82.615,0.481,72.39,,,,,1
2026-10-04T14:00Z,2026-10-05T14:00Z,a4t:bkp69t,24,29.8,42.9,29.9,47.2,37.4,24,43,37.5,,,0,0,62.27,0.54,0.073,,29.5,0.586,21,278,25.228,96.786,0.243,102.036,,,,,1
2026-10-04T14:00Z,2026-10-06T14:00Z,a4t:bkp69t,48,42.7,53.2,22.6,30,35.4,24,53.2,35.5,,,0,0,85.462,1.703,0.174,,29.5,0.586,21,279,25.35,96.713,0.683,2.369,,,,,1
2026-10-04T14:00Z,2026-10-04T15:00Z,a4t:bkp70t,1,16.1,16.1,15.4,15.4,16.6,24,16.2,16.6,,,0,0,87.347,0.715,0.211,,16.6,0.005,22,277,25.291,96.288,0.251,136.716,,,,,1
2026-10-04T14:00Z,2026-10-04T17:00Z,a4t:bkp70t,3,23.6,23.6,16.1,16.1,16.6,24,23.7,16.6,,,0,0.001,68.845,0.74,0,,16.6,0.005,0,277,25.178,96.129,0.252,115.673,,,,,1
2026-10-04T14:00Z,2026-10-04T20:00Z,a4t:bkp70t,6,26.6,26.6,17.5,17.5,16.7,24,26.7,16.7,,,0,0.003,97.564,1.501,0,,16.6,0.005,3,277,24.94,96.497,0.646,96.888,,,,,1
2026-10-04T14:00Z,2026-10-05T02:00Z,a4t:bkp70t,12,24.2,24.2,20,20,17.3,24,24.3,17.4,,,0,0.003,422.695,0.646,0.1,,16.6,0.005,9,278,28.224,82.537,0.494,82.77,,,,,1
2026-10-04T14:00Z,2026-10-05T14:00Z,a4t:bkp70t,24,29.8,29.8,29.9,29.9,20.8,24,29.9,20.9,,,0,0,61.088,0.614,0.058,,16.6,0.005,21,278,25.215,96.869,0.283,99.484,,,,,1
2026-10-04T14:00Z,2026-10-06T14:00Z,a4t:bkp70t,48,42.7,42.7,22.6,22.6,19.6,24,42.8,19.7,,,0,0,79.628,1.604,0.139,,16.6,0.005,21,279,25.356,96.797,0.629,2.371,,,,,1
2026-10-04T14:00Z,2026-10-04T15:00Z,a4t:bkp71t,1,16.2,14.5,19.3,17.3,18.1,24,14.6,18.1,,,0,0.001,84.783,0.712,0.238,,18.1,-0.101,22,277,25.235,96.415,0.221,150.883,,,,,1
2026-10-04T14:00Z,2026-10-04T17:00Z,a4t:bkp71t,3,20.4,18.4,19,17,18,24,18.5,18,,,0,0.001,69.063,0.874,0,,18.1,-0.101,0,277,25.135,96.35,0.347,116.871,,,,,1
2026-10-04T14:00Z,2026-10-04T20:00Z,a4t:bkp71t,6,20.3,18.4,18.7,16.8,18,24,18.5,18,,,0,0.004,96.116,1.655,0,,18.1,-0.101,3,277,24.924,96.617,0.707,100.795,,,,,1
2026-10-04T14:00Z,2026-10-05T02:00Z,a4t:bkp71t,12,13.7,12.5,17,15.3,17.5,24,12.6,17.5,,,0,0.002,417.242,0.744,0.1,,18.1,-0.101,9,278,28.248,82.515,0.579,96.593,,,,,1
2026-10-04T14:00Z,2026-10-05T14:00Z,a4t:bkp71t,24,13.7,12.8,18.2,16.7,17.5,24,12.8,17.5,,,0,0,59.655,0.715,0.047,,18.1,-0.101,21,278,25.201,97.049,0.351,102.074,,,,,1
2026-10-04T14:00Z,2026-10-06T14:00Z,a4t:bkp71t,48,31.2,30,13.9,13.2,15.3,24,30,15.3,,,0,0,73.414,1.492,0.112,,18.1,-0.101,21,279,25.356,96.871,0.549,4.843,,,,,1
2026-10-04T14:00Z,2026-10-04T15:00Z,a4t:bkp72t,1,16.2,18.1,19.3,21.7,21.7,24,18.2,21.7,,,0,0,82.532,0.649,0.212,,21.7,0.112,22,277,25.329,96.185,0.186,146.63,,,,,1
2026-10-04T14:00Z,2026-10-04T17:00Z,a4t:bkp72t,3,20.4,22.7,19,21.3,21.7,24,22.8,21.7,,,0,0,68.789,0.84,0,,21.7,0.112,0,277,25.202,96.24,0.315,119.435,,,,,1
2026-10-04T14:00Z,2026-10-04T20:00Z,a4t:bkp72t,6,20.3,22.4,18.7,20.9,21.6,24,22.5,21.6,,,0,0.002,96.087,1.557,0,,21.7,0.112,3,277,24.969,96.515,0.657,102.899,,,,,1
2026-10-04T14:00Z,2026-10-05T02:00Z,a4t:bkp72t,12,13.7,15,17,19,21.1,24,15,21.1,,,0,0.002,422.118,0.75,0.1,,21.7,0.112,9,278,28.254,82.575,0.581,92.365,,,,,1
2026-10-04T14:00Z,2026-10-05T14:00Z,a4t:bkp72t,24,13.7,14.7,18.2,19.9,21.3,24,14.7,21.3,,,0,0,60.614,0.684,0.061,,21.7,0.112,21,278,25.224,97.027,0.349,107.312,,,,,1
2026-10-04T14:00Z,2026-10-06T14:00Z,a4t:bkp72t,48,31.2,32.5,13.9,14.7,18.7,24,32.5,18.7,,,0,0,79.085,1.593,0.145,,21.7,0.112,21,279,25.346,96.759,0.586,7.523,,,,,1
2026-10-04T14:00Z,2026-10-04T15:00Z,a4t:bkp73t,1,27.9,28.8,27.2,28.1,27.8,24,29,27.8,,,0,0.001,93.457,0.877,0.242,,27.8,0.038,22,277,25.146,96.647,0.354,136.19,,,,,1
2026-10-04T14:00Z,2026-10-04T17:00Z,a4t:bkp73t,3,34.3,35.3,27.4,28.3,27.8,24,35.6,27.8,,,0,0.001,69.321,0.761,0,,27.8,0.038,0,277,25.08,96.186,0.284,109.822,,,,,1
2026-10-04T14:00Z,2026-10-04T20:00Z,a4t:bkp73t,6,42.6,43.8,28.2,29.1,27.9,24,44,28,,,0,0.006,99.228,1.633,0,,27.8,0.038,3,277,24.869,96.586,0.732,92.041,,,,,1
2026-10-04T14:00Z,2026-10-05T02:00Z,a4t:bkp73t,12,30.6,31.4,30.8,31.7,28.7,24,31.5,28.7,,,0,0.004,416.923,0.573,0.1,,27.8,0.038,9,278,28.2,82.375,0.437,83.773,,,,,1
2026-10-04T14:00Z,2026-10-05T14:00Z,a4t:bkp73t,24,30.5,31.1,35.5,36.4,30.6,24,31.2,30.7,,,0,0,60.088,0.659,0.034,,27.8,0.038,21,278,25.19,96.795,0.283,87.414,,,,,1
2026-10-04T14:00Z,2026-10-06T14:00Z,a4t:bkp73t,48,52.3,52.9,22,22.3,25.3,24,53,25.3,,,0,0,72.768,1.506,0.082,,27.8,0.038,21,279,25.375,96.943,0.615,356.591,,,,,1
2026-10-04T14:00Z,2026-10-04T15:00Z,a4t:bkp74t,1,27.9,16.7,27.2,16.1,15.6,24,16.8,15.6,,,0,0.002,95.974,0.941,0.271,,15.6,-0.495,22,277,25.04,96.906,0.399,140.48,,,,,1
2026-10-04T14:00Z,2026-10-04T17:00Z,a4t:bkp74t,3,34.3,21.1,27.4,16.3,15.6,24,21.2,15.6,,,0,0.003,69.639,0.811,0,,15.6,-0.495,0,277,25.004,96.31,0.33,107.284,,,,,1
2026-10-04T14:00Z,2026-10-04T20:00Z,a4t:bkp74t,6,42.6,27.1,28.2,17,15.7,24,27.2,15.7,,,0,0.009,99.32,1.757,0,,15.6,-0.495,3,277,24.819,96.698,0.799,90.674,,,,,1
2026-10-04T14:00Z,2026-10-05T02:00Z,a4t:bkp74t,12,30.6,20.4,30.8,19.1,16.2,24,20.5,16.2,,,0,0.005,411.418,0.56,0.1,,15.6,-0.495,9,278,28.194,82.3,0.431,90.271,,,,,1
2026-10-04T14:00Z,2026-10-05T14:00Z,a4t:bkp74t,24,30.5,22.3,35.5,23.7,17.4,24,22.3,17.4,,,0,0,58.993,0.719,0.018,,15.6,-0.495,21,278,25.165,96.821,0.306,82.845,,,,,1
2026-10-04T14:00Z,2026-10-06T14:00Z,a4t:bkp74t,48,52.3,43.4,22,17.2,14.3,24,43.4,14.3,,,0,0,66.36,1.41,0.043,,15.6,-0.495,21,279,25.386,97.067,0.578,352.777,,,,,1
2026-10-04T14:00Z,2026-10-04T15:00Z,a4t:bkp75t,1,20.5,16,30.5,23.6,22.1,24,16,22.1,,,0,0.005,92.104,0.857,0.296,,22.1,-0.243,22,277,25.01,96.976,0.35,154.681,,,,,1
2026-10-04T14:00Z,2026-10-04T17:00Z,a4t:bkp75t,3,25.6,20.2,29.3,22.7,22.1,24,20.3,22.1,,,0,0.005,69.647,0.888,0,,22.1,-0.243,0,277,24.971,96.54,0.381,109.621,,,,,1
2026-10-04T14:00Z,2026-10-04T20:00Z,a4t:bkp75t,6,28.7,23,27.7,21.5,22,24,23.1,22,,,0,0.01,96.559,1.84,0,,22.1,-0.243,3,277,24.808,96.846,0.812,93.849,,,,,1
2026-10-04T14:00Z,2026-10-05T02:00Z,a4t:bkp75t,12,14.3,11.7,23.7,18.6,21.3,24,11.7,21.3,,,0,0.004,406.744,0.668,0.1,,22.1,-0.243,9,278,28.219,82.396,0.526,101.792,,,,,1
2026-10-04T14:00Z,2026-10-05T14:00Z,a4t:bkp75t,24,10.1,8.6,17.9,14.5,19.4,24,8.6,19.4,,,0,0,57.827,0.764,0.018,,22.1,-0.243,21,278,25.141,97.017,0.334,88.231,,,,,1
2026-10-04T14:00Z,2026-10-06T14:00Z,a4t:bkp75t,48,29.5,26.9,12,10.6,15.6,24,26.9,15.7,,,0,0,61.177,1.301,0.042,,22.1,-0.243,21,279,25.383,97.15,0.498,353.366,,,,,1
2026-10-04T14:00Z,2026-10-04T15:00Z,a4t:bkp77t,1,20.5,12.9,30.5,19.1,18.1,24,12.9,18.1,,,0,0.005,87.057,0.784,0.279,,18.1,-0.443,22,277,25.101,96.745,0.279,159.595,,,,,1
2026-10-04T14:00Z,2026-10-04T17:00Z,a4t:bkp77t,3,25.6,16.5,29.3,18.4,18.1,24,16.5,18.1,,,0,0.004,69.417,0.93,0,,18.1,-0.443,0,277,25.034,96.549,0.398,113.906,,,,,1
2026-10-04T14:00Z,2026-10-04T20:00Z,a4t:bkp77t,6,28.7,19,27.7,17.5,18,24,19.1,18,,,0,0.007,95.421,1.803,0,,18.1,-0.443,3,277,24.859,96.793,0.776,98.602,,,,,1
2026-10-04T14:00Z,2026-10-05T02:00Z,a4t:bkp77t,12,14.3,9.8,23.7,15.2,17.4,24,9.8,17.4,,,0,0.003,409.598,0.762,0.1,,18.1,-0.443,9,278,28.244,82.468,0.601,103.738,,,,,1
2026-10-04T14:00Z,2026-10-05T14:00Z,a4t:bkp77t,24,10.1,7.5,17.9,12.2,15.8,24,7.5,15.9,,,0,0,58.13,0.771,0.029,,18.1,-0.443,21,278,25.162,97.118,0.362,96.524,,,,,1
2026-10-04T14:00Z,2026-10-06T14:00Z,a4t:bkp77t,48,29.5,24.9,12,9.6,12.7,24,24.9,12.7,,,0,0,64.594,1.337,0.07,,18.1,-0.443,21,279,25.369,97.048,0.484,0.304,,,,,1
2026-10-04T14:00Z,2026-10-04T15:00Z,a4t:bkp78t,1,16.2,17.2,19.3,20.5,21.5,24,17.3,21.5,,,0,0.005,78.478,0.801,0.283,,21.5,0.062,22,277,25.16,96.576,0.229,176.069,,,,,1
2026-10-04T14:00Z,2026-10-04T17:00Z,a4t:bkp78t,3,20.4,21.6,19,20.2,21.4,24,21.7,21.4,,,0,0.003,69.4,1.141,0,,21.5,0.062,0,277,25.074,96.76,0.531,119.325,,,,,1
2026-10-04T14:00Z,2026-10-04T20:00Z,a4t:bkp78t,6,20.3,21.4,18.7,19.9,21.3,24,21.5,21.3,,,0,0.004,93.133,1.954,0,,21.5,0.062,3,277,24.91,96.818,0.818,107.822,,,,,1
2026-10-04T14:00Z,2026-10-05T02:00Z,a4t:bkp78t,12,13.7,14.4,17,18,20.8,24,14.4,20.8,,,0,0.001,408.069,1.031,0.1,,21.5,0.062,9,278,28.301,82.492,0.823,113.346,,,,,1
2026-10-04T14:00Z,2026-10-05T14:00Z,a4t:bkp78t,24,13.7,14.2,18.2,19,20.8,24,14.3,20.8,,,0,0,57.098,0.917,0.03,,21.5,0.062,21,278,25.184,97.412,0.492,107.395,,,,,1
2026-10-04T14:00Z,2026-10-06T14:00Z,a4t:bkp78t,48,31.2,31.9,13.9,14.4,18.2,24,31.9,18.2,,,0,0,63.008,1.318,0.072,,21.5,0.062,21,279,25.35,96.974,0.427,12.63,,,,,1
2026-10-04T14:00Z,2026-10-04T15:00Z,a4t:bkp79t,1,20.5,15.1,30.5,22.5,22.2,24,15.2,22.2,,,0,0.008,84.94,0.801,0.298,,22.2,-0.291,22,277,25.069,96.818,0.286,169.545,,,,,1
2026-10-04T14:00Z,2026-10-04T17:00Z,a4t:bkp79t,3,25.6,19.2,29.3,21.6,22.2,24,19.2,22.2,,,0,0.006,69.501,1.003,0,,22.2,-0.291,0,277,25.007,96.705,0.45,114.807,,,,,1
2026-10-04T14:00Z,2026-10-04T20:00Z,a4t:bkp79t,6,28.7,21.9,27.7,20.5,22,24,22,22,,,0,0.008,93.994,1.891,0,,22.2,-0.291,3,277,24.849,96.887,0.804,100.589,,,,,1
2026-10-04T14:00Z,2026-10-05T02:00Z,a4t:bkp79t,12,14.3,11.2,23.7,17.7,21.1,24,11.2,21.1,,,0,0.002,406.03,0.854,0.1,,22.2,-0.291,9,278,28.261,82.491,0.68,109.45,,,,,1
2026-10-04T14:00Z,2026-10-05T14:00Z,a4t:bkp79t,24,10.1,8.3,17.9,13.9,19.3,24,8.3,19.3,,,0,0,57.223,0.826,0.025,,22.2,-0.291,21,278,25.149,97.246,0.396,98.695,,,,,1
2026-10-04T14:00Z,2026-10-06T14:00Z,a4t:bkp79t,48,29.5,26.4,12,10.4,15.5,24,26.4,15.5,,,0,0,60.573,1.26,0.06,,22.2,-0.291,21,279,25.368,97.105,0.43,1.548,,,,,1
2026-10-04T14:00Z,2026-10-04T15:00Z,a4t:bkp80t,1,20.5,15.7,30.5,23.3,24,24,15.8,24,,,0,0.029,80.684,0.992,0.369,,24,-0.254,22,277,24.917,97.187,0.437,195.814,,,,,1
2026-10-04T14:00Z,2026-10-04T17:00Z,a4t:bkp80t,3,25.6,19.9,29.3,22.4,23.9,24,19.9,23.9,,,0,0.014,69.801,1.177,0,,24,-0.254,0,277,24.878,97.221,0.579,115.058,,,,,1
2026-10-04T14:00Z,2026-10-04T20:00Z,a4t:bkp80t,6,28.7,22.6,27.7,21.2,23.7,24,22.7,23.7,,,0,0.008,89.219,2.164,0,,24,-0.254,3,277,24.782,97.253,0.889,102.858,,,,,1
2026-10-04T14:00Z,2026-10-05T02:00Z,a4t:bkp80t,12,14.3,11.5,23.7,18.3,22.7,24,11.6,22.7,,,0,0.001,392.739,1.114,0.1,,24,-0.254,9,278,28.296,82.595,0.905,120.878,,,,,1
2026-10-04T14:00Z,2026-10-05T14:00Z,a4t:bkp80t,24,10.1,8.5,17.9,14.3,20.7,24,8.5,20.7,,,0,0,54.193,0.968,0.01,,24,-0.254,21,278,25.081,97.608,0.464,100.719,,,,,1
2026-10-04T14:00Z,2026-10-06T14:00Z,a4t:bkp80t,48,29.5,26.7,12,10.5,16.5,24,26.8,16.5,,,0,0,45.559,0.976,0.024,,24,-0.254,21,279,25.373,97.371,0.26,359.332,,,,,1
2026-10-04T14:00Z,2026-10-04T15:00Z,a4t:bkp81t,1,16.2,25.3,19.3,30.4,31.8,24,25.4,31.8,,,0,0.001,83.296,0.679,0.225,,31.8,0.437,22,277,25.285,96.292,0.198,149.558,,,,,1
2026-10-04T14:00Z,2026-10-04T17:00Z,a4t:bkp81t,3,20.4,31.2,19,29.8,31.7,24,31.3,31.7,,,0,0.001,68.927,0.867,0,,31.8,0.437,0,277,25.17,96.303,0.337,118.397,,,,,1
2026-10-04T14:00Z,2026-10-04T20:00Z,a4t:bkp81t,6,20.3,30.2,18.7,29.2,31.5,24,30.3,31.5,,,0,0.003,96.024,1.612,0,,31.8,0.437,3,277,24.949,96.566,0.684,102.304,,,,,1
2026-10-04T14:00Z,2026-10-05T02:00Z,a4t:bkp81t,12,13.7,19.6,17,26.1,30.7,24,19.7,30.7,,,0,0.002,419.633,0.756,0.1,,31.8,0.437,9,278,28.253,82.545,0.588,95.171,,,,,1
2026-10-04T14:00Z,2026-10-05T14:00Z,a4t:bkp81t,24,13.7,18.1,18.2,25.9,30.8,24,18.2,30.8,,,0,0,60.092,0.706,0.054,,31.8,0.437,21,278,25.214,97.05,0.356,105.165,,,,,1
2026-10-04T14:00Z,2026-10-06T14:00Z,a4t:bkp81t,48,31.2,36.8,13.9,17.3,26.9,24,36.8,27,,,0,0,76.201,1.542,0.129,,31.8,0.437,21,279,25.35,96.811,0.565,6.72,,,,,1
2026-10-04T14:00Z,2026-10-04T15:00Z,a4t:bkp82t,1,16.1,17.9,15.4,17.1,18.7,24,17.9,18.7,,,0,0,90.934,0.772,0.171,,18.7,0.104,22,277,25.379,96.094,0.32,117.729,,,,,1
2026-10-04T14:00Z,2026-10-04T17:00Z,a4t:bkp82t,3,23.6,26,16.1,17.9,18.7,24,26.1,18.7,,,0,0,68.48,0.529,0,,18.7,0.104,0,277,25.244,95.805,0.102,112.759,,,,,1
2026-10-04T14:00Z,2026-10-04T20:00Z,a4t:bkp82t,6,26.6,29.2,17.5,19.4,18.8,24,29.2,18.8,,,0,0.002,99.418,1.279,0,,18.7,0.104,3,277,24.964,96.329,0.551,89.054,,,,,1
2026-10-04T14:00Z,2026-10-05T02:00Z,a4t:bkp82t,12,24.2,26.2,20,22,19.5,24,26.3,19.5,,,0,0.003,430.852,0.597,0.1,,18.7,0.104,9,278,28.188,82.595,0.453,55.811,,,,,1
2026-10-04T14:00Z,2026-10-05T14:00Z,a4t:bkp82t,24,29.8,31.7,29.9,32.3,23.3,24,31.8,23.4,,,0,0,63.255,0.459,0.076,,18.7,0.104,21,278,25.231,96.606,0.176,93.926,,,,,1
2026-10-04T14:00Z,2026-10-06T14:00Z,a4t:bkp82t,48,42.7,44.3,22.6,23.7,21.9,24,44.4,21.9,,,0,0,88.954,1.775,0.182,,18.7,0.104,21,279,25.356,96.693,0.756,358.944,,,,,1
2026-10-04T14:00Z,2026-10-04T15:00Z,a4t:bkp83t,1,16.1,15.8,15.4,15.1,15,24,15.8,15,,,0,0,90.595,0.772,0.183,,15,-0.016,22,277,25.345,96.172,0.311,122.262,,,,,1
2026-10-04T14:00Z,2026-10-04T17:00Z,a4t:bkp83t,3,23.6,23.1,16.1,15.7,15,24,23.2,15,,,0,0,68.623,0.587,0,,15,-0.016,0,277,25.22,95.888,0.145,113.115,,,,,1
2026-10-04T14:00Z,2026-10-04T20:00Z,a4t:bkp83t,6,26.6,26.1,17.5,17.1,15.2,24,26.2,15.2,,,0,0.002,99.201,1.346,0,,15,-0.016,3,277,24.953,96.374,0.584,90.964,,,,,1
2026-10-04T14:00Z,2026-10-05T02:00Z,a4t:bkp83t,12,24.2,23.8,20,19.6,16,24,23.9,16,,,0,0.003,428.372,0.59,0.1,,15,-0.016,9,278,28.195,82.558,0.447,62.937,,,,,1
2026-10-04T14:00Z,2026-10-05T14:00Z,a4t:bkp83t,24,29.8,29.4,29.9,29.4,19.6,24,29.5,19.6,,,0,0,62.627,0.503,0.069,,15,-0.016,21,278,25.227,96.664,0.205,94.322,,,,,1
2026-10-04T14:00Z,2026-10-06T14:00Z,a4t:bkp83t,48,42.7,42.4,22.6,22.4,18.6,24,42.4,18.6,,,0,0,86.087,1.724,0.165,,15,-0.016,21,279,25.358,96.727,0.723,359.472,,,,,1
2026-10-04T14:00Z,2026-10-04T15:00Z,a4t:bkp84t,1,16.1,18.1,15.4,17.4,15.2,24,18.1,15.2,,,0,0,92.614,0.832,0.173,,15.1,0.115,22,277,25.355,96.151,0.353,116.906,,,,,1
2026-10-04T14:00Z,2026-10-04T17:00Z,a4t:bkp84t,3,23.6,26.3,16.1,18.1,15.3,24,26.4,15.3,,,0,0,68.578,0.527,0,,15.1,0.115,0,277,25.23,95.783,0.103,110.86,,,,,1
2026-10-04T14:00Z,2026-10-04T20:00Z,a4t:bkp84t,6,26.6,29.5,17.5,19.7,15.6,24,29.6,15.6,,,0,0.002,100.177,1.298,0,,15.1,0.115,3,277,24.953,96.323,0.568,87.613,,,,,1
2026-10-04T14:00Z,2026-10-05T02:00Z,a4t:bkp84t,12,24.2,26.5,20,22.2,16.7,24,26.6,16.7,,,0,0.004,430.419,0.584,0.1,,15.1,0.115,9,278,28.181,82.545,0.443,53.446,,,,,1
2026-10-04T14:00Z,2026-10-05T14:00Z,a4t:bkp84t,24,29.8,32,29.9,32.6,21,24,32,21,,,0,0,63.218,0.463,0.071,,15.1,0.115,21,278,25.231,96.565,0.172,89.811,,,,,1
2026-10-04T14:00Z,2026-10-06T14:00Z,a4t:bkp84t,48,42.7,44.5,22.6,23.9,20.2,24,44.6,20.3,,,0,0,88.381,1.772,0.171,,15.1,0.115,21,279,25.36,96.706,0.765,358.029,,,,,1
2026-10-04T14:00Z,2026-10-04T15:00Z,a4t:bkp85t,1,16.1,20.7,15.4,20,21.1,24,20.8,21.1,,,0,0,93.833,0.881,0.183,,21.1,0.247,22,277,25.313,96.25,0.375,118.847,,,,,1
2026-10-04T14:00Z,2026-10-04T17:00Z,a4t:bkp85t,3,23.6,30,16.1,20.8,21.1,24,30,21.1,,,0,0,68.753,0.562,0,,21.1,0.247,0,277,25.203,95.818,0.132,109.69,,,,,1
2026-10-04T14:00Z,2026-10-04T20:00Z,a4t:bkp85t,6,26.6,33.3,17.5,22.5,21.3,24,33.3,21.3,,,0,0.003,100.682,1.357,0,,21.1,0.247,3,277,24.936,96.346,0.603,87.708,,,,,1
2026-10-04T14:00Z,2026-10-05T02:00Z,a4t:bkp85t,12,24.2,29.5,20,25.2,22.1,24,29.6,22.1,,,0,0.004,428.445,0.564,0.1,,21.1,0.247,9,278,28.179,82.479,0.426,56.052,,,,,1
2026-10-04T14:00Z,2026-10-05T14:00Z,a4t:bkp85t,24,29.8,34.7,29.9,36.2,26.7,24,34.8,26.7,,,0,0,62.781,0.497,0.062,,21.1,0.247,21,278,25.228,96.568,0.19,87.053,,,,,1
2026-10-04T14:00Z,2026-10-06T14:00Z,a4t:bkp85t,48,42.7,46.8,22.6,25.5,25.1,24,46.9,25.2,,,0,0,86.037,1.737,0.15,,21.1,0.247,21,279,25.364,96.74,0.75,357.54,,,,,1
2026-10-04T14:00Z,2026-10-04T15:00Z,a4t:bkp86t,1,16.1,17.4,15.4,16.6,17.2,24,17.4,17.2,,,0,0,97.381,1.019,0.167,,17.2,0.077,22,277,25.325,96.228,0.46,112.171,,,,,1
2026-10-04T14:00Z,2026-10-04T17:00Z,a4t:bkp86t,3,23.6,25.3,16.1,17.4,17.2,24,25.4,17.2,,,0,0,68.743,0.486,0,,17.2,0.077,0,277,25.218,95.645,0.085,105.276,,,,,1
2026-10-04T14:00Z,2026-10-04T20:00Z,a4t:bkp86t,6,26.6,28.4,17.5,18.9,17.4,24,28.5,17.4,,,0,0.002,102.673,1.304,0,,17.2,0.077,3,277,24.935,96.251,0.593,82.756,,,,,1
2026-10-04T14:00Z,2026-10-05T02:00Z,a4t:bkp86t,12,24.2,25.7,20,21.4,18.2,24,25.8,18.2,,,0,0.005,431.592,0.575,0.1,,17.2,0.077,9,278,28.156,82.42,0.438,41.441,,,,,1
2026-10-04T14:00Z,2026-10-05T14:00Z,a4t:bkp86t,24,29.8,31.2,29.9,31.6,22,24,31.3,22,,,0,0,63.658,0.458,0.063,,17.2,0.077,21,278,25.24,96.406,0.156,78.437,,,,,1
2026-10-04T14:00Z,2026-10-06T14:00Z,a4t:bkp86t,48,42.7,43.9,22.6,23.4,20.8,24,44,20.8,,,0,0,89.517,1.814,0.151,,17.2,0.077,21,279,25.369,96.698,0.816,355.853,,,,,1
2026-10-04T14:00Z,2026-10-04T15:00Z,a4t:bkp87t,1,16.1,18.5,15.4,17.8,19.2,24,18.6,19.2,,,0,0,98.823,1.075,0.132,,19.2,0.139,22,277,25.415,96.023,0.502,102.873,,,,,1
2026-10-04T14:00Z,2026-10-04T17:00Z,a4t:bkp87t,3,23.6,27,16.1,18.6,19.2,24,27,19.2,,,0,0,68.364,0.324,0,,19.2,0.139,0,277,25.282,95.404,0.055,98.702,,,,,1
2026-10-04T14:00Z,2026-10-04T20:00Z,a4t:bkp87t,6,26.6,30.1,17.5,20.2,19.3,24,30.2,19.3,,,0,0.001,103.493,1.147,0,,19.2,0.139,3,277,24.964,96.122,0.51,74.894,,,,,1
2026-10-04T14:00Z,2026-10-05T02:00Z,a4t:bkp87t,12,24.2,27,20,22.7,20,24,27.1,20.1,,,0,0.005,438.522,0.687,0.1,,19.2,0.139,9,278,28.134,82.512,0.538,24.374,,,,,1
2026-10-04T14:00Z,2026-10-05T14:00Z,a4t:bkp87t,24,29.8,32.5,29.9,33.2,24.1,24,32.5,24.1,,,0,0,65.435,0.345,0.082,,19.2,0.139,21,278,25.253,96.229,0.08,69.686,,,,,1
2026-10-04T14:00Z,2026-10-06T14:00Z,a4t:bkp87t,48,42.7,44.9,22.6,24.1,22.6,24,45,22.7,,,0,0,97.509,1.959,0.196,,19.2,0.139,21,279,25.366,96.604,0.918,354.5,,,,,1
2026-10-04T14:00Z,2026-10-04T15:00Z,a4t:bkp88t,1,16.1,21.5,15.4,20.7,22.1,24,21.6,22.1,,,0,0,92.98,0.839,0.163,,22.1,0.283,22,277,25.382,96.09,0.363,113.437,,,,,1
2026-10-04T14:00Z,2026-10-04T17:00Z,a4t:bkp88t,3,23.6,31,16.1,21.6,22.1,24,31.1,22.1,,,0,0,68.464,0.478,0,,22.1,0.283,0,277,25.249,95.714,0.067,110.179,,,,,1
2026-10-04T14:00Z,2026-10-04T20:00Z,a4t:bkp88t,6,26.6,34.4,17.5,23.4,22.3,24,34.4,22.3,,,0,0.002,100.382,1.246,0,,22.1,0.283,3,277,24.961,96.286,0.542,85.741,,,,,1
2026-10-04T14:00Z,2026-10-05T02:00Z,a4t:bkp88t,12,24.2,30.4,20,26.1,23.1,24,30.4,23.1,,,0,0.004,432.436,0.599,0.1,,22.1,0.283,9,278,28.174,82.574,0.456,47.539,,,,,1
2026-10-04T14:00Z,2026-10-05T14:00Z,a4t:bkp88t,24,29.8,35.5,29.9,37.2,27.8,24,35.6,27.8,,,0,0,63.735,0.426,0.077,,22.1,0.283,21,278,25.235,96.515,0.148,88.827,,,,,1
2026-10-04T14:00Z,2026-10-06T14:00Z,a4t:bkp88t,48,42.7,47.5,22.6,25.9,26.2,24,47.5,26.2,,,0,0,90.71,1.813,0.184,,22.1,0.283,21,279,25.359,96.678,0.793,357.563,,,,,1
2026-10-04T14:00Z,2026-10-04T15:00Z,a4t:bkp89t,1,16.1,20.2,15.4,19.4,20.4,24,20.2,20.4,,,0,0,97.197,0.989,0.121,,20.4,0.222,22,277,25.47,95.895,0.462,99.116,,,,,1
2026-10-04T14:00Z,2026-10-04T17:00Z,a4t:bkp89t,3,23.6,29.2,16.1,20.3,20.4,24,29.3,20.4,,,0,0,68.066,0.249,0,,20.4,0.222,0,277,25.315,95.364,0.103,96.849,,,,,1
2026-10-04T14:00Z,2026-10-04T20:00Z,a4t:bkp89t,6,26.6,32.5,17.5,21.9,20.6,24,32.6,20.6,,,0,0.001,102.336,1.064,0,,20.4,0.222,3,277,24.983,96.113,0.453,72.056,,,,,1
2026-10-04T14:00Z,2026-10-05T02:00Z,a4t:bkp89t,12,24.2,28.9,20,24.6,21.4,24,28.9,21.4,,,0,0.004,441.066,0.74,0.1,,20.4,0.222,9,278,28.133,82.645,0.583,21.739,,,,,1
2026-10-04T14:00Z,2026-10-05T14:00Z,a4t:bkp89t,24,29.8,34.2,29.9,35.5,25.9,24,34.2,25.9,,,0,0,66.081,0.277,0.097,,20.4,0.222,21,278,25.25,96.223,0.037,70.333,,,,,1
2026-10-04T14:00Z,2026-10-06T14:00Z,a4t:bkp89t,48,42.7,46.4,22.6,25.1,24.4,24,46.4,24.4,,,0,0,100.578,2.005,0.232,,20.4,0.222,21,279,25.36,96.577,0.944,354.164,,,,,1
2026-10-04T14:00Z,2026-10-04T15:00Z,a4t:bkp90t,1,16.1,24.5,15.4,23.6,24.6,24,24.5,24.6,,,0,0,92.394,0.773,0.119,,24.6,0.409,22,277,25.53,95.755,0.356,97.088,,,,,1
2026-10-04T14:00Z,2026-10-04T17:00Z,a4t:bkp90t,3,23.6,35,16.1,24.6,24.6,24,35.1,24.6,,,0,0,67.737,0.225,0,,24.6,0.409,0,277,25.344,95.449,0.121,105.998,,,,,1
2026-10-04T14:00Z,2026-10-04T20:00Z,a4t:bkp90t,6,26.6,38.5,17.5,26.6,24.8,24,38.6,24.9,,,0,0,99.551,0.988,0,,24.6,0.409,3,277,25.008,96.168,0.39,74.555,,,,,1
2026-10-04T14:00Z,2026-10-05T02:00Z,a4t:bkp90t,12,24.2,33.6,20,29.5,25.9,24,33.7,25.9,,,0,0.003,441.725,0.744,0.1,,24.6,0.409,9,278,28.152,82.834,0.584,26.919,,,,,1
2026-10-04T14:00Z,2026-10-05T14:00Z,a4t:bkp90t,24,29.8,38.4,29.9,41.1,31.3,24,38.5,31.3,,,0,0,66.149,0.229,0.113,,24.6,0.409,21,278,25.239,96.345,0.025,88.602,,,,,1
2026-10-04T14:00Z,2026-10-06T14:00Z,a4t:bkp90t,48,42.7,49.8,22.6,27.5,29.5,24,49.8,29.6,,,0,0,101.604,1.999,0.272,,24.6,0.409,21,279,25.35,96.568,0.921,355.302,,,,,1
2026-10-04T14:00Z,2026-10-04T15:00Z,a4t:bkp91t,1,16.1,17.1,15.4,16.3,16.6,24,17.1,16.6,,,0,0,87.693,0.661,0.162,,16.6,0.061,22,277,25.438,95.949,0.266,117.828,,,,,1
2026-10-04T14:00Z,2026-10-04T17:00Z,a4t:bkp91t,3,23.6,24.9,16.1,17.1,16.6,24,25,16.6,,,0,0,68.243,0.52,0,,16.6,0.061,0,277,25.281,95.816,0.094,116.606,,,,,1
2026-10-04T14:00Z,2026-10-04T20:00Z,a4t:bkp91t,6,26.6,28,17.5,18.6,16.8,24,28.1,16.8,,,0,0.001,98.07,1.22,0,,16.6,0.061,3,277,24.992,96.321,0.508,91.595,,,,,1
2026-10-04T14:00Z,2026-10-05T02:00Z,a4t:bkp91t,12,24.2,25.3,20,21,17.6,24,25.4,17.6,,,0,0.003,432.68,0.63,0.1,,16.6,0.061,9,278,28.201,82.701,0.48,58.052,,,,,1
2026-10-04T14:00Z,2026-10-05T14:00Z,a4t:bkp91t,24,29.8,30.8,29.9,31.2,21.4,24,31,21.5,,,0,0,63.556,0.444,0.088,,16.6,0.061,21,278,25.235,96.666,0.181,102.494,,,,,1
2026-10-04T14:00Z,2026-10-06T14:00Z,a4t:bkp91t,48,42.7,43.6,22.6,23.2,20.3,24,43.7,20.3,,,0,0,91.203,1.802,0.211,,16.6,0.061,21,279,25.348,96.649,0.751,0.767,,,,,1
2026-10-04T14:00Z,2026-10-04T15:00Z,a4t:bkp92t,1,16.1,23.5,15.4,22.7,23.5,24,23.6,23.5,,,0,0,93.249,0.863,0.191,,23.5,0.371,22,277,25.295,96.291,0.361,121.742,,,,,1
2026-10-04T14:00Z,2026-10-04T17:00Z,a4t:bkp92t,3,23.6,33.8,16.1,23.7,23.5,24,33.9,23.5,,,0,0,68.819,0.597,0,,23.5,0.371,0,277,25.189,95.879,0.157,110.375,,,,,1
2026-10-04T14:00Z,2026-10-04T20:00Z,a4t:bkp92t,6,26.6,37.2,17.5,25.5,23.7,24,37.3,23.8,,,0,0.003,100.307,1.395,0,,23.5,0.371,3,277,24.93,96.38,0.62,89.094,,,,,1
2026-10-04T14:00Z,2026-10-05T02:00Z,a4t:bkp92t,12,24.2,32.6,20,28.4,24.8,24,32.6,24.8,,,0,0.004,426.863,0.562,0.1,,23.5,0.371,9,278,28.185,82.472,0.424,61.28,,,,,1
2026-10-04T14:00Z,2026-10-05T14:00Z,a4t:bkp92t,24,29.8,37.5,29.9,39.9,29.9,24,37.6,30,,,0,0,62.377,0.522,0.059,,23.5,0.371,21,278,25.224,96.615,0.207,88.362,,,,,1
2026-10-04T14:00Z,2026-10-06T14:00Z,a4t:bkp92t,48,42.7,49,22.6,27,28.3,24,49.1,28.4,,,0,0,84.23,1.703,0.142,,23.5,0.371,21,279,25.365,96.763,0.726,357.91,,,,,1
2026-10-04T14:00Z,2026-10-04T15:00Z,a4t:bkp93t,1,16.1,16,15.4,15.3,16.4,24,16,16.4,,,0,0.001,90.219,0.789,0.225,,16.4,-0.006,22,277,25.224,96.454,0.297,136.335,,,,,1
2026-10-04T14:00Z,2026-10-04T17:00Z,a4t:bkp93t,3,23.6,23.4,16.1,16,16.4,24,23.5,16.4,,,0,0.001,69.062,0.746,0,,16.4,-0.006,0,277,25.133,96.153,0.264,112.867,,,,,1
2026-10-04T14:00Z,2026-10-04T20:00Z,a4t:bkp93t,6,26.6,26.4,17.5,17.4,16.5,24,26.5,16.5,,,0,0.005,98.334,1.559,0,,16.4,-0.006,3,277,24.907,96.538,0.684,94.44,,,,,1
2026-10-04T14:00Z,2026-10-05T02:00Z,a4t:bkp93t,12,24.2,24,20,19.8,17.1,24,24.1,17.2,,,0,0.004,420.065,0.611,0.1,,16.4,-0.006,9,278,28.213,82.463,0.467,82.949,,,,,1
2026-10-04T14:00Z,2026-10-05T14:00Z,a4t:bkp93t,24,29.8,29.6,29.9,29.7,20.6,24,29.7,20.7,,,0,0,60.641,0.63,0.047,,16.4,-0.006,21,278,25.203,96.832,0.279,93.599,,,,,1
2026-10-04T14:00Z,2026-10-06T14:00Z,a4t:bkp93t,48,42.7,42.6,22.6,22.5,19.4,24,42.6,19.4,,,0,0,76.502,1.557,0.113,,16.4,-0.006,21,279,25.365,96.865,0.623,359.696,,,,,1
2026-10-04T14:00Z,2026-10-04T15:00Z,a4t:bkp94t,1,16.1,23.3,15.4,22.6,24.3,24,23.3,24.3,,,0,0,86.725,0.698,0.207,,24.4,0.368,22,277,25.31,96.244,0.242,136.377,,,,,1
2026-10-04T14:00Z,2026-10-04T17:00Z,a4t:bkp94t,3,23.6,33.4,16.1,23.5,24.4,24,33.5,24.4,,,0,0,68.787,0.735,0,,24.4,0.368,0,277,25.191,96.116,0.247,116.326,,,,,1
2026-10-04T14:00Z,2026-10-04T20:00Z,a4t:bkp94t,6,26.6,36.8,17.5,25.4,24.5,24,36.9,24.5,,,0,0.003,97.424,1.483,0,,24.4,0.368,3,277,24.949,96.483,0.635,97.389,,,,,1
2026-10-04T14:00Z,2026-10-05T02:00Z,a4t:bkp94t,12,24.2,32.3,20,28.2,25.5,24,32.4,25.5,,,0,0.003,423.503,0.652,0.1,,24.4,0.368,9,278,28.226,82.555,0.499,82.264,,,,,1
2026-10-04T14:00Z,2026-10-05T14:00Z,a4t:bkp94t,24,29.8,37.3,29.9,39.5,30.5,24,37.3,30.5,,,0,0,61.24,0.608,0.061,,24.4,0.368,21,278,25.218,96.873,0.283,100.874,,,,,1
2026-10-04T14:00Z,2026-10-06T14:00Z,a4t:bkp94t,48,42.7,48.8,22.6,26.9,28.7,24,48.9,28.7,,,0,0,80.581,1.619,0.146,,24.4,0.368,21,279,25.354,96.778,0.633,2.936,,,,,1
2026-10-04T14:00Z,2026-10-04T15:00Z,a4t:bkp95t,1,27.9,21.1,27.2,20.4,20.3,24,21.2,20.3,,,0,0,93.73,0.884,0.218,,20.3,-0.271,22,277,25.211,96.49,0.363,128.995,,,,,1
2026-10-04T14:00Z,2026-10-04T17:00Z,a4t:bkp95t,3,34.3,26.3,27.4,20.6,20.3,24,26.4,20.3,,,0,0.001,69.12,0.69,0,,20.3,-0.271,0,277,25.129,96.035,0.229,109.88,,,,,1
2026-10-04T14:00Z,2026-10-04T20:00Z,a4t:bkp95t,6,42.6,33.2,28.2,21.4,20.4,24,33.3,20.4,,,0,0.005,100.019,1.528,0,,20.3,-0.271,3,277,24.896,96.482,0.686,90.744,,,,,1
2026-10-04T14:00Z,2026-10-05T02:00Z,a4t:bkp95t,12,30.6,24.5,30.8,23.7,20.9,24,24.6,20.9,,,0,0.004,421.544,0.554,0.1,,20.3,-0.271,9,278,28.192,82.399,0.418,73.329,,,,,1
2026-10-04T14:00Z,2026-10-05T14:00Z,a4t:bkp95t,24,30.5,25.7,35.5,28.5,22.4,24,25.7,22.4,,,0,0,61.146,0.6,0.044,,20.3,-0.271,21,278,25.208,96.702,0.251,87.254,,,,,1
2026-10-04T14:00Z,2026-10-06T14:00Z,a4t:bkp95t,48,52.3,47.2,22,19.2,18.4,24,47.2,18.4,,,0,0,78.069,1.599,0.106,,20.3,-0.271,21,279,25.371,96.857,0.669,357.319,,,,,1
2026-10-04T14:00Z,2026-10-04T15:00Z,a4t:bkp96t,1,20.5,14.6,30.5,21.5,20.9,24,14.6,20.9,,,0,0.001,90.225,0.8,0.244,,20.9,-0.334,22,277,25.17,96.584,0.299,142.255,,,,,1
2026-10-04T14:00Z,2026-10-04T17:00Z,a4t:bkp96t,3,25.6,18.5,29.3,20.7,20.9,24,18.6,20.9,,,0,0.002,69.229,0.801,0,,20.9,-0.334,0,277,25.092,96.269,0.306,112.445,,,,,1
2026-10-04T14:00Z,2026-10-04T20:00Z,a4t:bkp96t,6,28.7,21.2,27.7,19.7,20.7,24,21.3,20.8,,,0,0.006,97.807,1.644,0,,20.9,-0.334,3,277,24.884,96.619,0.722,95.082,,,,,1
2026-10-04T14:00Z,2026-10-05T02:00Z,a4t:bkp96t,12,14.3,10.9,23.7,17.1,20,24,10.9,20,,,0,0.004,416.41,0.633,0.1,,20.9,-0.334,9,278,28.218,82.439,0.488,89.851,,,,,1
2026-10-04T14:00Z,2026-10-05T14:00Z,a4t:bkp96t,24,10.1,8.1,17.9,13.5,18.2,24,8.1,18.2,,,0,0,59.813,0.675,0.039,,20.9,-0.334,21,278,25.189,96.9,0.302,92.917,,,,,1
2026-10-04T14:00Z,2026-10-06T14:00Z,a4t:bkp96t,48,29.5,26,12,10.2,14.6,24,26,14.6,,,0,0,72.299,1.484,0.093,,20.9,-0.334,21,279,25.368,96.934,0.583,359.068,,,,,1
2026-10-04T14:00Z,2026-10-04T15:00Z,a4t:bkp97t,1,27.9,22.6,27.2,21.8,20.1,24,22.6,20.1,,,0,0.001,95.586,0.935,0.257,,20,-0.21,22,277,25.082,96.803,0.392,137.27,,,,,1
2026-10-04T14:00Z,2026-10-04T17:00Z,a4t:bkp97t,3,34.3,28.1,27.4,22.1,20.1,24,28.1,20.1,,,0,0.002,69.526,0.783,0,,20,-0.21,0,277,25.036,96.234,0.307,107.846,,,,,1
2026-10-04T14:00Z,2026-10-04T20:00Z,a4t:bkp97t,6,42.6,35.3,28.2,22.8,20.3,24,35.4,20.3,,,0,0.008,99.678,1.702,0,,20,-0.21,3,277,24.838,96.637,0.773,90.728,,,,,1
2026-10-04T14:00Z,2026-10-05T02:00Z,a4t:bkp97t,12,30.6,25.9,30.8,25.2,21,24,25.9,21,,,0,0.005,414.033,0.552,0.1,,20,-0.21,9,278,28.193,82.312,0.422,86.066,,,,,1
2026-10-04T14:00Z,2026-10-05T14:00Z,a4t:bkp97t,24,30.5,26.8,35.5,30.1,22.7,24,26.8,22.7,,,0,0,59.541,0.691,0.024,,20,-0.21,21,278,25.178,96.785,0.294,83.642,,,,,1
2026-10-04T14:00Z,2026-10-06T14:00Z,a4t:bkp97t,48,52.3,48.4,22,19.9,18.8,24,48.4,18.8,,,0,0,69.367,1.458,0.057,,20,-0.21,21,279,25.382,97.01,0.602,354.183,,,,,1
2026-10-04T14:00Z,2026-10-04T15:00Z,a4t:bkp98t,1,27.9,21.2,27.2,20.5,20,24,21.2,20,,,0,0.002,94.13,0.895,0.26,,20,-0.269,22,277,25.087,96.788,0.366,140.414,,,,,1
2026-10-04T14:00Z,2026-10-04T17:00Z,a4t:bkp98t,3,34.3,26.4,27.4,20.8,20,24,26.4,20,,,0,0.002,69.489,0.8,0,,20,-0.269,0,277,25.037,96.284,0.317,108.939,,,,,1
2026-10-04T14:00Z,2026-10-04T20:00Z,a4t:bkp98t,6,42.6,33.4,28.2,21.5,20.1,24,33.4,20.1,,,0,0.008,98.891,1.71,0,,20,-0.269,3,277,24.842,96.664,0.769,91.939,,,,,1
2026-10-04T14:00Z,2026-10-05T02:00Z,a4t:bkp98t,12,30.6,24.6,30.8,23.8,20.7,24,24.6,20.7,,,0,0.004,413.421,0.58,0.1,,20,-0.269,9,278,28.201,82.348,0.446,89.321,,,,,1
2026-10-04T14:00Z,2026-10-05T14:00Z,a4t:bkp98t,24,30.5,25.7,35.5,28.6,22.2,24,25.8,22.2,,,0,0,59.347,0.697,0.026,,20,-0.269,21,278,25.175,96.839,0.3,85.949,,,,,1
2026-10-04T14:00Z,2026-10-06T14:00Z,a4t:bkp98t,48,52.3,47.3,22,19.3,18.3,24,47.3,18.3,,,0,0,68.727,1.44,0.061,,20,-0.269,21,279,25.38,97.017,0.583,354.957,,,,,1
2026-10-04T14:00Z,2026-10-04T15:00Z,a4t:bkp99t,1,16.2,14.1,19.3,16.8,17.8,24,14.2,17.8,,,0,0.003,85.016,0.75,0.264,,17.8,-0.128,22,277,25.162,96.592,0.243,158.676,,,,,1
2026-10-04T14:00Z,2026-10-04T17:00Z,a4t:bkp99t,3,20.4,17.9,19,16.5,17.7,24,18,17.7,,,0,0.003,69.274,0.935,0,,17.8,-0.128,0,277,25.079,96.499,0.395,115.876,,,,,1
2026-10-04T14:00Z,2026-10-04T20:00Z,a4t:bkp99t,6,20.3,17.9,18.7,16.3,17.6,24,18,17.6,,,0,0.006,95.383,1.762,0,,17.8,-0.128,3,277,24.891,96.727,0.753,100.759,,,,,1
2026-10-04T14:00Z,2026-10-05T02:00Z,a4t:bkp99t,12,13.7,12.3,17,14.9,17.1,24,12.3,17.2,,,0,0.003,412.414,0.786,0.1,,17.8,-0.128,9,278,28.253,82.49,0.618,102.728,,,,,1
2026-10-04T14:00Z,2026-10-05T14:00Z,a4t:bkp99t,24,13.7,12.6,18.2,16.3,17.2,24,12.6,17.2,,,0,0,58.596,0.766,0.036,,17.8,-0.128,21,278,25.18,97.13,0.373,100.289,,,,,1
2026-10-04T14:00Z,2026-10-06T14:00Z,a4t:bkp99t,48,31.2,29.7,13.9,13.1,14.9,24,29.7,15,,,0,0,67.868,1.392,0.087,,17.8,-0.128,21,279,25.361,96.969,0.499,3.747,,,,,1
2026-10-04T14:00Z,2026-10-04T15:00Z,225576,1,16.6,12.5,14.1,10.5,10.2,24,12.6,10.2,,,0,0,232.144,1.364,0,,10.2,-0.272,22,277,27.039,88.223,0.433,158.976,,,,,1
2026-10-04T14:00Z,2026-10-04T17:00Z,225576,3,15.4,11.7,14.2,10.6,10.2,24,11.8,10.2,,,0,0,220.619,2.107,0.024,,10.2,-0.272,0,277,26.692,89.34,1.22,143.345,,,,,1
2026-10-04T14:00Z,2026-10-04T20:00Z,225576,6,15.1,11.7,14.2,10.6,10.2,24,11.7,10.2,,,0,0,230.784,3.085,0.023,,10.2,-0.272,3,277,26.243,90.04,1.828,153.729,,,,,1
2026-10-04T14:00Z,2026-10-05T02:00Z,225576,12,7.9,6.2,13,9.8,10.1,24,6.2,10.1,,,0,0,445.941,1.879,0.044,,10.2,-0.272,9,278,28.272,81.296,1.593,135.558,,,,,1
2026-10-04T14:00Z,2026-10-05T14:00Z,225576,24,7.1,5.9,10.7,8.4,9.4,24,5.9,9.5,,,0,0,202.862,1.285,0.011,,10.2,-0.272,21,278,26.68,90.095,1.261,118.537,,,,,1
2026-10-04T14:00Z,2026-10-06T14:00Z,225576,48,11.6,10.4,6,5.2,7.2,24,10.4,7.3,,,0,0,231.977,2.689,0.024,,10.2,-0.272,21,279,26.24,89.386,1.688,50.415,,,,,1
2026-10-04T14:00Z,2026-10-04T15:00Z,228541,1,4,4,6.1,6.1,6.1,24,4,6.1,,,0,0,136.97,3.24,0,,,0,22,277,24.554,96.147,1.919,65.473,,,,,1
2026-10-04T14:00Z,2026-10-04T17:00Z,228541,3,3.1,3.1,5.4,5.4,5.4,24,3.1,5.4,,,0,0,102.174,1.549,0,,,0,0,277,23.518,98.131,0.643,3.197,,,,,1
2026-10-04T14:00Z,2026-10-04T20:00Z,228541,6,3.2,3.2,4.7,4.7,4.7,24,3.2,4.7,,,0,0,72.897,1.405,0,,,0,3,277,23.153,98.195,0.803,48.77,,,,,1
2026-10-04T14:00Z,2026-10-05T02:00Z,228541,12,2.8,2.8,4.4,4.4,4.4,24,2.8,4.4,,,0,0,330.917,1.276,0.21,,,0,9,278,25.068,93.069,0.928,56.212,,,,,1
2026-10-04T14:00Z,2026-10-05T14:00Z,228541,24,4.2,4.2,3.5,3.5,3.5,24,4.2,3.5,,,0,0,73.104,1.203,0.395,,,0,21,278,23.455,98.016,0.528,172.946,,,,,1
2026-10-04T14:00Z,2026-10-06T14:00Z,228541,48,11.9,11.9,5.7,5.7,5.7,24,11.9,5.7,,,0,0,60.22,1.508,0,,,0,21,279,24.251,88.082,0.585,47.502,,,,,1
2026-10-04T14:00Z,2026-10-04T15:00Z,7880,1,23,23,,,,h,23,,,,0,0,25.185,0.763,0.221,,,0,22,277,23.257,98.359,0.465,156.625,,,,,1
2026-10-04T14:00Z,2026-10-04T17:00Z,7880,3,22.4,22.4,,,,h,22.4,,,,0,0,66.542,2.034,0,,,0,0,277,23.001,98.396,0.887,160.116,,,,,1
2026-10-04T14:00Z,2026-10-04T20:00Z,7880,6,20.7,20.7,,,,h,20.7,,,,0,0,57.668,1.772,0,,,0,3,277,22.19,98.991,0.835,179.015,,,,,1
2026-10-04T14:00Z,2026-10-05T02:00Z,7880,12,22.2,22.2,,,,h,22.2,,,,0,0,257.249,0.709,0.02,,,0,9,278,24.61,90.028,0.47,119.9,,,,,1
2026-10-04T14:00Z,2026-10-05T14:00Z,7880,24,20.5,20.5,,,,h,20.5,,,,0,0,24.392,1.138,0.024,,,0,21,278,22.96,99.155,0.466,124.298,,,,,1
2026-10-04T14:00Z,2026-10-06T14:00Z,7880,48,18.5,18.5,,,,h,18.5,,,,0,0,50.684,2.064,0.008,,,0,21,279,23.482,97.91,0.927,146.038,,,,,1
2026-10-04T14:00Z,2026-10-04T15:00Z,2161292,1,11.1,11.1,,,,h,11.1,,,,0,0.062,445.32,4.994,3.438,,,0,22,277,24.098,95.637,2.829,33.016,,,,,1
2026-10-04T14:00Z,2026-10-04T17:00Z,2161292,3,6.6,6.6,,,,h,6.6,,,,0,0.178,530.624,5.663,0.581,,,0,0,277,23.867,95.034,3.291,39.669,,,,,1
2026-10-04T14:00Z,2026-10-04T20:00Z,2161292,6,6.7,6.7,,,,h,6.7,,,,0,0,642.047,5.875,4.769,,,0,3,277,23.009,92.625,3.267,40.803,,,,,1
2026-10-04T14:00Z,2026-10-05T02:00Z,2161292,12,11.1,11.1,,,,h,11.1,,,,0,0,743.926,7.419,3.054,,,0,9,278,21.34,89.478,4.582,10.11,,,,,1
2026-10-04T14:00Z,2026-10-05T14:00Z,2161292,24,37.7,37.7,,,,h,37.7,,,,0,0,249.93,4.198,0,,,0,21,278,23.43,77.095,1.739,13.417,,,,,1
2026-10-04T14:00Z,2026-10-06T14:00Z,2161292,48,83.4,83.4,,,,h,83.4,,,,0,0,69.119,3.972,0,,,0,21,279,21.806,67.061,1.31,62.249,,,,,1
2026-10-04T14:00Z,2026-10-04T15:00Z,2161306,1,11.1,11.1,,,,h,11.1,,,,0,0.006,419.85,4.626,3.296,,,0,22,277,23.908,95.891,2.62,33.352,,,,,1
2026-10-04T14:00Z,2026-10-04T17:00Z,2161306,3,6.6,6.6,,,,h,6.6,,,,0,0,504.96,5.402,0.639,,,0,0,277,23.649,95.398,3.14,39.824,,,,,1
2026-10-04T14:00Z,2026-10-04T20:00Z,2161306,6,6.7,6.7,,,,h,6.7,,,,0,0,597.39,5.585,4.337,,,0,3,277,22.834,93.154,3.111,41.15,,,,,1
2026-10-04T14:00Z,2026-10-05T02:00Z,2161306,12,11.1,11.1,,,,h,11.1,,,,0,0,736.09,7.092,2.749,,,0,9,278,21.294,89.095,4.39,12.179,,,,,1
2026-10-04T14:00Z,2026-10-05T14:00Z,2161306,24,37.7,37.7,,,,h,37.7,,,,0,0,245.33,4.036,0,,,0,21,278,23.248,77.51,1.664,14.633,,,,,1
2026-10-04T14:00Z,2026-10-06T14:00Z,2161306,48,83.4,83.4,,,,h,83.4,,,,0,0,67.86,3.719,0,,,0,21,279,21.668,67.442,1.199,61.698,,,,,1
2026-10-04T14:00Z,2026-10-04T15:00Z,3133267,1,11.6,10.8,,,,h,10.8,,,,0,0.006,117.25,2.115,0.017,10.75,,-0.069,22,277,25.552,95.706,1.069,89.871,,,,,0
2026-10-04T14:00Z,2026-10-04T17:00Z,3133267,3,15.4,14.4,,,,h,14.4,,,,0,0.005,68.266,0.242,0,10.75,,-0.069,0,277,25.429,94.323,0.344,0.451,,,,,0
2026-10-04T14:00Z,2026-10-04T20:00Z,3133267,6,21.3,20,,,,h,20,,,,0,0.046,116.035,1.089,0,10.75,,-0.069,3,277,25.008,95.448,0.486,41.114,,,,,0
2026-10-04T14:00Z,2026-10-05T02:00Z,3133267,12,17.1,16.1,,,,h,16.2,,,,0,0.011,460.371,1.291,0.1,10.75,,-0.069,9,278,28.015,82.107,1.057,352.071,,,,,0
2026-10-04T14:00Z,2026-10-05T14:00Z,3133267,24,23.9,22.9,,,,h,22.9,,,,0,0.001,70.988,0.445,0.087,10.75,,-0.069,21,278,25.361,95.296,0.2,8.39,,,,,0
2026-10-04T14:00Z,2026-10-06T14:00Z,3133267,48,24.6,24,,,,h,24,,,,0,0,121.769,2.473,0.208,10.75,,-0.069,21,279,25.381,96.233,1.306,351.696,,,,,0
2026-10-04T14:00Z,2026-10-04T15:00Z,1235990,1,27.9,27.9,,,,h,27.9,,,,0,0.001,94.306,0.901,0.242,,,0,22,277,25.137,96.67,0.37,135.003,,,,,0
2026-10-04T14:00Z,2026-10-04T17:00Z,1235990,3,34.3,34.3,,,,h,34.3,,,,0,0.001,69.357,0.755,0,,,0,0,277,25.075,96.17,0.282,109.115,,,,,0
2026-10-04T14:00Z,2026-10-04T20:00Z,1235990,6,42.6,42.6,,,,h,42.6,,,,0,0.006,99.602,1.637,0,,,0,3,277,24.864,96.581,0.738,91.335,,,,,0
2026-10-04T14:00Z,2026-10-05T02:00Z,1235990,12,30.6,30.6,,,,h,30.6,,,,0,0.004,416.881,0.559,0.1,,,0,9,278,28.196,82.354,0.426,82.471,,,,,0
2026-10-04T14:00Z,2026-10-05T14:00Z,1235990,24,30.5,30.5,,,,h,30.5,,,,0,0,60.115,0.659,0.032,,,0,21,278,25.19,96.771,0.281,85.953,,,,,0
2026-10-04T14:00Z,2026-10-06T14:00Z,1235990,48,52.3,52.3,,,,h,52.3,,,,0,0,72.684,1.508,0.077,,,0,21,279,25.377,96.947,0.622,355.988,,,,,0
2026-10-04T14:00Z,2026-10-04T15:00Z,1235996,1,3,16,5.3,27.5,18.8,h,16,18.8,,,0,0.001,27.801,0.455,0,32.8,18.8,1.509,22,277,21.915,99.106,0.298,312.762,,,,,0
2026-10-04T14:00Z,2026-10-04T17:00Z,1235996,3,2.9,14.6,4.9,25.4,18.8,h,14.6,18.8,,,0,0.001,56.242,0.527,0,32.8,18.8,1.509,0,277,21.499,98.217,0.245,328.603,,,,,0
2026-10-04T14:00Z,2026-10-04T20:00Z,1235996,6,2.9,13.4,4.2,21.7,18.6,h,13.4,18.6,,,0,0.001,69.129,1.922,0.531,32.8,18.8,1.509,3,277,20.792,97.655,0.866,117.911,,,,,0
2026-10-04T14:00Z,2026-10-05T02:00Z,1235996,12,3.1,12,3.6,18.4,18,h,12,18,,,0,0,374.386,0.435,0,32.8,18.8,1.509,9,278,23.234,89.611,0.243,6.981,,,,,0
2026-10-04T14:00Z,2026-10-05T14:00Z,1235996,24,2,6.4,3.1,11.9,16.6,h,6.4,16.6,,,0,0,40.603,0.793,0,32.8,18.8,1.509,21,278,20.831,98.957,0.343,37.134,,,,,0
2026-10-04T14:00Z,2026-10-06T14:00Z,1235996,48,1.8,3.8,2,5.1,12,h,3.8,12,,,0,0,40.44,1.36,0,32.8,18.8,1.509,21,279,21.025,99.063,0.557,89.137,,,,,0
2026-10-04T14:00Z,2026-10-04T15:00Z,1235999,1,15.3,15.3,,,,h,15.3,,,,0,0.002,35.177,0.429,0,,,0,22,277,23.824,97.439,0.367,11.096,,,,,0
2026-10-04T14:00Z,2026-10-04T17:00Z,1235999,3,11.8,11.8,,,,h,11.8,,,,0,0.007,23.172,0.525,0,,,0,0,277,23.52,97.467,0.207,199.356,,,,,0
2026-10-04T14:00Z,2026-10-04T20:00Z,1235999,6,10.1,10.1,,,,h,10.1,,,,0,0.006,126.756,2.272,0.169,,,0,3,277,22.739,96.68,1.063,351.542,,,,,0
2026-10-04T14:00Z,2026-10-05T02:00Z,1235999,12,6.8,6.8,,,,h,6.8,,,,0,0.004,454.235,0.55,0,,,0,9,278,25.264,83.814,0.463,274.016,,,,,0
2026-10-04T14:00Z,2026-10-05T14:00Z,1235999,24,13.2,13.2,,,,h,13.2,,,,0,0,57.511,0.692,0.01,,,0,21,278,23.968,94.748,0.319,319.806,,,,,0
2026-10-04T14:00Z,2026-10-06T14:00Z,1235999,48,18,18,,,,h,18,,,,0,0,40.457,1.142,0.353,,,0,21,279,22.527,97.266,0.527,299.956,,,,,0
2026-10-04T14:00Z,2026-10-04T15:00Z,1236013,1,12.1,25,11.3,24.1,72.4,h,25,72.4,,,0,0.002,36.242,1.4,0,27.5,72.6,0.716,22,277,25.034,98.197,0.833,154.772,,,,,0
2026-10-04T14:00Z,2026-10-04T17:00Z,1236013,3,3.1,6.9,10.6,22.6,71.8,h,6.9,71.8,,,0,0.002,220.759,4.602,2.143,27.5,72.6,0.716,0,277,23.883,95.963,2.901,149.556,,,,,0
2026-10-04T14:00Z,2026-10-04T20:00Z,1236013,6,4.9,10,9.9,21,69.8,h,10,69.8,,,0,0.002,68.261,0.867,0.001,27.5,72.6,0.716,3,277,23.154,97.426,0.978,59.523,,,,,0
2026-10-04T14:00Z,2026-10-05T02:00Z,1236013,12,6.1,11.3,9.5,19.9,61.2,h,11.3,61.2,,,0,0.004,364.476,0.991,0.113,27.5,72.6,0.716,9,278,25.624,87.921,0.768,92.902,,,,,0
2026-10-04T14:00Z,2026-10-05T14:00Z,1236013,24,6.9,11.1,6.8,12.4,53.3,h,11.1,53.3,,,0,0.001,96.009,1.877,0.943,27.5,72.6,0.716,21,278,23.623,95.987,1.503,311.819,,,,,0
2026-10-04T14:00Z,2026-10-06T14:00Z,1236013,48,5.3,7.2,4.7,6.9,39.8,h,7.2,39.8,,,0,0,27.282,0.302,0.007,27.5,72.6,0.716,21,279,23.938,95.506,0.205,8.845,,,,,0
2026-10-04T14:00Z,2026-10-04T15:00Z,1236024,1,15.3,25.9,10.2,17.9,18.8,h,25.9,18.8,,,0,0.001,40.67,0.408,0,27,18.8,0.524,22,277,23.483,97.39,0.322,25.318,,,,,0
2026-10-04T14:00Z,2026-10-04T17:00Z,1236024,3,11.8,19.7,9.9,17.3,18.8,h,19.7,18.8,,,0,0.004,20.334,0.229,0,27,18.8,0.524,0,277,23.026,98.923,0.158,192.264,,,,,0
2026-10-04T14:00Z,2026-10-04T20:00Z,1236024,6,10.1,16.5,9.6,16.7,18.7,h,16.5,18.7,,,0,0.004,129.371,1.866,0.227,27,18.8,0.524,3,277,22.302,97.64,0.909,345.68,,,,,0
2026-10-04T14:00Z,2026-10-05T02:00Z,1236024,12,6.8,10.6,9.5,16.2,18.2,h,10.6,18.2,,,0,0.003,484.355,0.434,0,27,18.8,0.524,9,278,24.997,83.679,0.308,313.296,,,,,0
2026-10-04T14:00Z,2026-10-05T14:00Z,1236024,24,13.2,18.4,10,15.4,17.7,h,18.4,17.7,,,0,0,40.667,0.814,0.004,27,18.8,0.524,21,278,23.608,94.823,0.269,346.91,,,,,0
2026-10-04T14:00Z,2026-10-06T14:00Z,1236024,48,18,21.9,8.1,10.6,14.7,h,21.9,14.7,,,0,0,51.439,1.273,0.246,27,18.8,0.524,21,279,22.082,97.89,0.663,292.647,,,,,0
2026-10-04T14:00Z,2026-10-04T15:00Z,1236034,1,27.9,27.9,,,,h,27.9,,,,0,0,96.006,0.963,0.207,,,0,22,277,25.218,96.476,0.414,123.622,,,,,0
2026-10-04T14:00Z,2026-10-04T17:00Z,1236034,3,34.3,34.3,,,,h,34.3,,,,0,0,69.123,0.644,0,,,0,0,277,25.139,95.924,0.2,107.847,,,,,0
2026-10-04T14:00Z,2026-10-04T20:00Z,1236034,6,42.6,42.6,,,,h,42.6,,,,0,0.004,101.356,1.491,0,,,0,3,277,24.896,96.419,0.68,88.189,,,,,0
2026-10-04T14:00Z,2026-10-05T02:00Z,1236034,12,30.6,30.6,,,,h,30.6,,,,0,0.005,423.563,0.528,0.1,,,0,9,278,28.178,82.355,0.397,64.125,,,,,0
2026-10-04T14:00Z,2026-10-05T14:00Z,1236034,24,30.5,30.5,,,,h,30.5,,,,0,0,61.699,0.576,0.044,,,0,21,278,25.217,96.598,0.232,82.958,,,,,0
2026-10-04T14:00Z,2026-10-06T14:00Z,1236034,48,52.3,52.3,,,,h,52.3,,,,0,0,80.296,1.648,0.105,,,0,21,279,25.373,96.828,0.71,356.282,,,,,0
2026-10-04T14:00Z,2026-10-04T15:00Z,1236035,1,8.7,8.7,,,,h,8.7,,,,0,0,158.236,3.55,1.146,,,0,22,277,24.024,97.022,2.028,74.027,,,,,0
2026-10-04T14:00Z,2026-10-04T17:00Z,1236035,3,7.9,7.9,,,,h,7.9,,,,0,0,88.332,1.536,0.074,,,0,0,277,23.744,97.156,0.649,67.304,,,,,0
2026-10-04T14:00Z,2026-10-04T20:00Z,1236035,6,5,5,,,,h,5,,,,0,0,135.61,2.224,0.044,,,0,3,277,23.807,97.47,1.237,59.661,,,,,0
2026-10-04T14:00Z,2026-10-05T02:00Z,1236035,12,4.8,4.8,,,,h,4.8,,,,0,0,457.629,4.101,1.459,,,0,9,278,24.18,89.904,2.987,70.691,,,,,0
2026-10-04T14:00Z,2026-10-05T14:00Z,1236035,24,8.3,8.3,,,,h,8.3,,,,0,0,111.811,3.036,0.05,,,0,21,278,24.008,96.934,0.96,59.874,,,,,0
2026-10-04T14:00Z,2026-10-06T14:00Z,1236035,48,8.9,8.9,,,,h,8.9,,,,0,0,85.547,3.563,0,,,0,21,279,24.132,82.404,1.488,79.962,,,,,0
2026-10-04T14:00Z,2026-10-04T15:00Z,1236050,1,15.3,15.3,,,,h,15.3,,,,0,0.001,37.891,0.304,0,,,0,22,277,22.716,97.726,0.317,13.66,,,,,0
2026-10-04T14:00Z,2026-10-04T17:00Z,1236050,3,11.8,11.8,,,,h,11.8,,,,0,0.003,17.617,0.256,0,,,0,0,277,22.141,99.453,0.163,206.032,,,,,0
2026-10-04T14:00Z,2026-10-04T20:00Z,1236050,6,10.1,10.1,,,,h,10.1,,,,0,0.003,123.668,1.854,0.3,,,0,3,277,21.455,98.276,1.024,330.889,,,,,0
2026-10-04T14:00Z,2026-10-05T02:00Z,1236050,12,6.8,6.8,,,,h,6.8,,,,0,0.003,464.962,0.225,0,,,0,9,278,24.301,85.036,0.135,330.335,,,,,0
2026-10-04T14:00Z,2026-10-05T14:00Z,1236050,24,13.2,13.2,,,,h,13.2,,,,0,0,32.579,0.695,0.005,,,0,21,278,22.747,95.637,0.203,6.602,,,,,0
2026-10-04T14:00Z,2026-10-06T14:00Z,1236050,48,18,18,,,,h,18,,,,0,0,47.317,0.959,0.198,,,0,21,279,21.372,98.426,0.577,295.991,,,,,0
2026-10-04T14:00Z,2026-10-04T15:00Z,1641558,1,15.3,23.6,10.2,16.2,16.6,h,23.6,16.6,,,0,0.001,38.041,0.3,0,16.3,16.6,0.431,22,277,22.686,97.725,0.315,13.995,,,,,0
2026-10-04T14:00Z,2026-10-04T17:00Z,1641558,3,11.8,18,9.9,15.7,16.6,h,18,16.6,,,0,0.002,17.488,0.249,0,16.3,16.6,0.431,0,277,22.103,99.512,0.162,207.015,,,,,0
2026-10-04T14:00Z,2026-10-04T20:00Z,1641558,6,10.1,15.1,9.6,15.2,16.7,h,15.1,16.7,,,0,0.003,123.523,1.836,0.304,16.3,16.6,0.431,3,277,21.42,98.323,1.024,330.101,,,,,0
2026-10-04T14:00Z,2026-10-05T02:00Z,1641558,12,6.8,9.8,9.5,14.8,16.4,h,9.8,16.4,,,0,0.003,465.734,0.226,0,16.3,16.6,0.431,9,278,24.277,85.054,0.136,334.44,,,,,0
2026-10-04T14:00Z,2026-10-05T14:00Z,1641558,24,13.2,17.3,10,14.2,15.8,h,17.3,15.8,,,0,0,31.91,0.706,0.005,16.3,16.6,0.431,21,278,22.716,95.653,0.2,7.789,,,,,0
2026-10-04T14:00Z,2026-10-06T14:00Z,1641558,48,18,21.2,8.1,10.1,13.3,h,21.2,13.3,,,0,0,47.472,0.951,0.191,16.3,16.6,0.431,21,279,21.341,98.457,0.578,295.792,,,,,0
2026-10-04T14:00Z,2026-10-04T15:00Z,1646752,1,15.3,31.6,10.2,22,21.5,h,31.6,21.5,,,0,0.002,41.11,0.427,0,25.5,21.5,0.721,22,277,23.62,97.323,0.324,26.596,,,,,0
2026-10-04T14:00Z,2026-10-04T17:00Z,1646752,3,11.8,23.9,9.9,21.2,21.5,h,23.9,21.5,,,0,0.005,20.89,0.231,0,25.5,21.5,0.721,0,277,23.187,98.806,0.159,190.932,,,,,0
2026-10-04T14:00Z,2026-10-04T20:00Z,1646752,6,10.1,19.7,9.6,20.5,21.6,h,19.7,21.6,,,0,0.004,130.182,1.874,0.215,25.5,21.5,0.721,3,277,22.455,97.514,0.893,348.261,,,,,0
2026-10-04T14:00Z,2026-10-05T02:00Z,1646752,12,6.8,12.5,9.5,19.8,21.3,h,12.5,21.3,,,0,0.003,487.55,0.472,0,25.5,21.5,0.721,9,278,25.123,83.434,0.34,311.627,,,,,0
2026-10-04T14:00Z,2026-10-05T14:00Z,1646752,24,13.2,20.8,10,18,20.4,h,20.8,20.4,,,0,0,42.45,0.843,0.004,25.5,21.5,0.721,21,278,23.765,94.673,0.282,343.924,,,,,0
2026-10-04T14:00Z,2026-10-06T14:00Z,1646752,48,18,23.6,8.1,11.7,16.6,h,23.6,16.6,,,0,0,51.824,1.319,0.252,25.5,21.5,0.721,21,279,22.212,97.784,0.673,292.311,,,,,0
2026-10-04T14:00Z,2026-10-04T15:00Z,2124016,1,3,3,,,,h,3,,,,0,0.001,29.099,0.458,0,,,0,22,277,21.9,99.158,0.341,306.415,,,,,0
2026-10-04T14:00Z,2026-10-04T17:00Z,2124016,3,2.9,2.9,,,,h,2.9,,,,0,0.001,60.262,0.538,0,,,0,0,277,21.532,98.175,0.288,326.305,,,,,0
2026-10-04T14:00Z,2026-10-04T20:00Z,2124016,6,2.9,2.9,,,,h,2.9,,,,0,0.001,71.806,1.896,0.535,,,0,3,277,20.835,97.412,0.901,115.521,,,,,0
2026-10-04T14:00Z,2026-10-05T02:00Z,2124016,12,3.1,3.1,,,,h,3.1,,,,0,0,380.683,0.469,0,,,0,9,278,23.215,89.531,0.261,11.381,,,,,0
2026-10-04T14:00Z,2026-10-05T14:00Z,2124016,24,2,2,,,,h,2,,,,0,0,43.047,0.867,0,,,0,21,278,20.793,99.075,0.388,35.617,,,,,0
2026-10-04T14:00Z,2026-10-06T14:00Z,2124016,48,1.8,1.8,,,,h,1.8,,,,0,0,39.111,1.383,0,,,0,21,279,20.963,99.234,0.607,85.324,,,,,0
2026-10-04T14:00Z,2026-10-04T15:00Z,2136949,1,3,13.7,5.3,23.4,17.2,h,13.7,17.2,,,0,0.001,26.23,0.451,0,33,17.2,1.354,22,277,21.935,98.954,0.246,318.26,,,,,0
2026-10-04T14:00Z,2026-10-04T17:00Z,2136949,3,2.9,12.6,4.9,21.6,17.1,h,12.6,17.1,,,0,0.001,52.262,0.504,0,33,17.2,1.354,0,277,21.458,98.192,0.196,336.66,,,,,0
2026-10-04T14:00Z,2026-10-04T20:00Z,2136949,6,2.9,11.6,4.2,18.5,17,h,11.6,17,,,0,0.001,68.667,2.027,0.574,33,17.2,1.354,3,277,20.701,97.848,0.831,120.365,,,,,0
2026-10-04T14:00Z,2026-10-05T02:00Z,2136949,12,3.1,10.5,3.6,15.7,16.3,h,10.5,16.3,,,0,0,363.327,0.356,0,33,17.2,1.354,9,278,23.207,89.732,0.197,354.914,,,,,0
2026-10-04T14:00Z,2026-10-05T14:00Z,2136949,24,2,5.7,3.1,10.5,15,h,5.7,15,,,0,0,37.514,0.693,0,33,17.2,1.354,21,278,20.862,98.939,0.299,32.261,,,,,0
2026-10-04T14:00Z,2026-10-06T14:00Z,2136949,48,1.8,3.6,2,4.7,10.9,h,3.6,10.9,,,0,0,41.048,1.319,0,33,17.2,1.354,21,279,21.094,98.893,0.517,92.646,,,,,0
2026-10-04T14:00Z,2026-10-04T15:00Z,2142493,1,3,7.3,5.3,12.5,9.8,h,7.3,9.8,,,0,0.001,29.205,0.457,0,13.6,9.8,0.759,22,277,21.896,99.137,0.344,305.207,,,,,0
2026-10-04T14:00Z,2026-10-04T17:00Z,2142493,3,2.9,6.8,4.9,11.5,9.8,h,6.8,9.8,,,0,0.001,60.85,0.532,0,13.6,9.8,0.759,0,277,21.53,98.151,0.29,327.51,,,,,0
2026-10-04T14:00Z,2026-10-04T20:00Z,2142493,6,2.9,6.5,4.2,9.9,9.7,h,6.5,9.7,,,0,0.001,72.856,1.912,0.55,13.6,9.8,0.759,3,277,20.825,97.361,0.907,115.255,,,,,0
2026-10-04T14:00Z,2026-10-05T02:00Z,2142493,12,3.1,6.3,3.6,8.5,9.3,h,6.3,9.3,,,0,0,380.404,0.459,0,13.6,9.8,0.759,9,278,23.195,89.53,0.252,10.29,,,,,0
2026-10-04T14:00Z,2026-10-05T14:00Z,2142493,24,2,3.7,3.1,6.2,8.7,h,3.7,8.7,,,0,0,43.255,0.87,0,13.6,9.8,0.759,21,278,20.783,99.127,0.396,33.806,,,,,0
2026-10-04T14:00Z,2026-10-06T14:00Z,2142493,48,1.8,2.7,2,3.3,6.5,h,2.7,6.5,,,0,0,38.627,1.381,0,13.6,9.8,0.759,21,279,20.951,99.264,0.615,84.608,,,,,0
2026-10-04T14:00Z,2026-10-04T15:00Z,2142801,1,3,3,,,,h,3,,,,0,0.001,29.187,0.463,0,,,0,22,277,21.904,99.21,0.345,307.25,,,,,0
2026-10-04T14:00Z,2026-10-04T17:00Z,2142801,3,2.9,2.9,,,,h,2.9,,,,0,0.001,60.056,0.552,0,,,0,0,277,21.542,98.21,0.294,323.68,,,,,0
2026-10-04T14:00Z,2026-10-04T20:00Z,2142801,6,2.9,2.9,,,,h,2.9,,,,0,0.001,70.459,1.859,0.509,,,0,3,277,20.863,97.453,0.9,115.48,,,,,0
2026-10-04T14:00Z,2026-10-05T02:00Z,2142801,12,3.1,3.1,,,,h,3.1,,,,0,0,382.617,0.498,0,,,0,9,278,23.247,89.517,0.284,13.998,,,,,0
2026-10-04T14:00Z,2026-10-05T14:00Z,2142801,24,2,2,,,,h,2,,,,0,0,43.209,0.879,0,,,0,21,278,20.803,99.006,0.385,38.623,,,,,0
2026-10-04T14:00Z,2026-10-06T14:00Z,2142801,48,1.8,1.8,,,,h,1.8,,,,0,0,39.696,1.394,0,,,0,21,279,20.969,99.216,0.603,85.813,,,,,0
2026-10-04T14:00Z,2026-10-04T15:00Z,2147304,1,3,6.1,5.3,10.5,14.8,h,6.1,14.8,,,0,0.001,24.074,0.448,0,9.9,14.8,0.603,22,277,21.964,98.715,0.177,325.151,,,,,0
2026-10-04T14:00Z,2026-10-04T17:00Z,2147304,3,2.9,5.8,4.9,9.7,14.7,h,5.8,14.7,,,0,0.001,47.109,0.49,0,9.9,14.8,0.603,0,277,21.401,98.13,0.16,350.555,,,,,0
2026-10-04T14:00Z,2026-10-04T20:00Z,2147304,6,2.9,5.6,4.2,8.3,14.3,h,5.6,14.3,,,0,0.001,69,2.2,0.65,9.9,14.8,0.603,3,277,20.562,98.077,0.79,123.203,,,,,0
2026-10-04T14:00Z,2026-10-05T02:00Z,2147304,12,3.1,5.5,3.6,7.2,13.1,h,5.5,13.1,,,0,0,346.906,0.284,0,9.9,14.8,0.603,9,278,23.153,89.908,0.19,325.825,,,,,0
2026-10-04T14:00Z,2026-10-05T14:00Z,2147304,24,2,3.3,3.1,5.4,11.8,h,3.3,11.8,,,0,0,33.218,0.571,0,9.9,14.8,0.603,21,278,20.9,98.957,0.244,19.829,,,,,0
2026-10-04T14:00Z,2026-10-06T14:00Z,2147304,48,1.8,2.5,2,3,8.9,h,2.5,8.9,,,0,0,41.55,1.263,0,9.9,14.8,0.603,21,279,21.189,98.672,0.482,97.377,,,,,0
2026-10-04T14:00Z,2026-10-04T15:00Z,2151718,1,3,3,,,,h,3,,,,0,0.001,27.802,0.455,0,,,0,22,277,21.916,99.108,0.298,312.796,,,,,0
2026-10-04T14:00Z,2026-10-04T17:00Z,2151718,3,2.9,2.9,,,,h,2.9,,,,0,0.001,56.229,0.528,0,,,0,0,277,21.5,98.218,0.245,328.517,,,,,0
2026-10-04T14:00Z,2026-10-04T20:00Z,2151718,6,2.9,2.9,,,,h,2.9,,,,0,0.001,69.082,1.921,0.53,,,0,3,277,20.793,97.657,0.866,117.915,,,,,0
2026-10-04T14:00Z,2026-10-05T02:00Z,2151718,12,3.1,3.1,,,,h,3.1,,,,0,0,374.436,0.435,0,,,0,9,278,23.235,89.61,0.243,7.085,,,,,0
2026-10-04T14:00Z,2026-10-05T14:00Z,2151718,24,2,2,,,,h,2,,,,0,0,40.604,0.793,0,,,0,21,278,20.831,98.954,0.343,37.242,,,,,0
2026-10-04T14:00Z,2026-10-06T14:00Z,2151718,48,1.8,1.8,,,,h,1.8,,,,0,0,40.462,1.361,0,,,0,21,279,21.025,99.062,0.557,89.157,,,,,0
2026-10-04T14:00Z,2026-10-04T15:00Z,2158149,1,3,3,,,,h,3,,,,0,0.001,26.302,0.456,0,,,0,22,277,21.942,98.99,0.25,318.679,,,,,0
2026-10-04T14:00Z,2026-10-04T17:00Z,2158149,3,2.9,2.9,,,,h,2.9,,,,0,0.001,52.152,0.512,0,,,0,0,277,21.47,98.214,0.199,334.462,,,,,0
2026-10-04T14:00Z,2026-10-04T20:00Z,2158149,6,2.9,2.9,,,,h,2.9,,,,0,0.001,67.73,2.003,0.555,,,0,3,277,20.723,97.876,0.829,120.396,,,,,0
2026-10-04T14:00Z,2026-10-05T02:00Z,2158149,12,3.1,3.1,,,,h,3.1,,,,0,0,364.48,0.37,0,,,0,9,278,23.233,89.724,0.204,358.769,,,,,0
2026-10-04T14:00Z,2026-10-05T14:00Z,2158149,24,2,2,,,,h,2,,,,0,0,37.593,0.7,0,,,0,21,278,20.872,98.885,0.297,34.946,,,,,0
2026-10-04T14:00Z,2026-10-06T14:00Z,2158149,48,1.8,1.8,,,,h,1.8,,,,0,0,41.541,1.327,0,,,0,21,279,21.104,98.876,0.515,92.955,,,,,0
2026-10-04T14:00Z,2026-10-04T15:00Z,2165656,1,3,3,,,,h,3,,,,0,0.001,26.733,0.445,0,,,0,22,277,21.917,98.966,0.26,315.594,,,,,0
2026-10-04T14:00Z,2026-10-04T17:00Z,2165656,3,2.9,2.9,,,,h,2.9,,,,0,0.001,53.91,0.5,0,,,0,0,277,21.456,98.174,0.209,336.345,,,,,0
2026-10-04T14:00Z,2026-10-04T20:00Z,2165656,6,2.9,2.9,,,,h,2.9,,,,0,0.001,70.047,2.017,0.583,,,0,3,277,20.705,97.737,0.846,119.435,,,,,0
2026-10-04T14:00Z,2026-10-05T02:00Z,2165656,12,3.1,3.1,,,,h,3.1,,,,0,0,366.136,0.366,0,,,0,9,278,23.183,89.695,0.203,355.113,,,,,0
2026-10-04T14:00Z,2026-10-05T14:00Z,2165656,24,2,2,,,,h,2,,,,0,0,38.603,0.722,0,,,0,21,278,20.836,99.016,0.319,30.951,,,,,0
2026-10-04T14:00Z,2026-10-06T14:00Z,2165656,48,1.8,1.8,,,,h,1.8,,,,0,0,40.154,1.324,0,,,0,21,279,21.054,98.982,0.535,90.874,,,,,0
2026-10-04T14:00Z,2026-10-04T15:00Z,2181641,1,16.1,31.8,15.4,31.4,23.2,h,31.8,23.2,,,0,0,87.858,0.728,0.213,23.9,23.2,0.681,22,277,25.28,96.317,0.259,136.596,,,,,0
2026-10-04T14:00Z,2026-10-04T17:00Z,2181641,3,23.6,45,16.1,32.5,23.3,h,45,23.3,,,0,0.001,68.882,0.74,0,23.9,23.2,0.681,0,277,25.17,96.132,0.253,115.171,,,,,0
2026-10-04T14:00Z,2026-10-04T20:00Z,2181641,6,26.6,48.7,17.5,34.8,23.9,h,48.7,23.9,,,0,0.003,97.7,1.51,0,23.9,23.2,0.681,3,277,24.934,96.504,0.652,96.423,,,,,0
2026-10-04T14:00Z,2026-10-05T02:00Z,2181641,12,24.2,41.3,20,37.9,26.1,h,41.3,26.1,,,0,0.003,422.257,0.639,0.1,23.9,23.2,0.681,9,278,28.222,82.525,0.489,82.725,,,,,0
2026-10-04T14:00Z,2026-10-05T14:00Z,2181641,24,29.8,45.1,29.9,50.3,31.9,h,45.1,31.9,,,0,0,61.016,0.616,0.056,23.9,23.2,0.681,21,278,25.213,96.862,0.282,98.423,,,,,0
2026-10-04T14:00Z,2026-10-06T14:00Z,2181641,48,42.7,54.8,22.6,31.2,27.2,h,54.8,27.2,,,0,0,79.107,1.596,0.134,23.9,23.2,0.681,21,279,25.358,96.809,0.628,1.898,,,,,0
2026-10-04T14:00Z,2026-10-04T15:00Z,2327978,1,3,12,5.3,20.4,16.5,h,12,16.5,,,0,0.001,26.165,0.436,0,16.5,16.5,1.225,22,277,21.909,98.874,0.239,316.778,,,,,0
2026-10-04T14:00Z,2026-10-04T17:00Z,2327978,3,2.9,11,4.9,18.9,16.4,h,11,16.4,,,0,0.001,52.835,0.484,0,16.5,16.5,1.225,0,277,21.421,98.142,0.195,341.995,,,,,0
2026-10-04T14:00Z,2026-10-04T20:00Z,2327978,6,2.9,10.2,4.2,16.2,16.3,h,10.2,16.3,,,0,0.001,71.108,2.078,0.621,16.5,16.5,1.225,3,277,20.645,97.757,0.839,120.1,,,,,0
2026-10-04T14:00Z,2026-10-05T02:00Z,2327978,12,3.1,9.4,3.6,13.8,15.6,h,9.4,15.6,,,0,0,361.654,0.337,0,16.5,16.5,1.225,9,278,23.137,89.737,0.197,344.196,,,,,0
2026-10-04T14:00Z,2026-10-05T14:00Z,2327978,24,2,5.2,3.1,9.4,14.2,h,5.2,14.2,,,0,0,37.635,0.689,0,16.5,16.5,1.225,21,278,20.829,99.086,0.309,25.706,,,,,0
2026-10-04T14:00Z,2026-10-06T14:00Z,2327978,48,1.8,3.4,2,4.3,10.4,h,3.4,10.4,,,0,0,39.593,1.302,0,16.5,16.5,1.225,21,279,21.055,98.96,0.528,91.528,,,,,0
2026-10-04T14:00Z,2026-10-04T15:00Z,2340282,1,3,9.1,5.3,15.5,14.1,h,9.1,14.1,,,0,0.001,25.057,0.459,0,25.5,14.1,0.965,22,277,21.971,98.871,0.213,322.937,,,,,0
2026-10-04T14:00Z,2026-10-04T17:00Z,2340282,3,2.9,8.5,4.9,14.4,14,h,8.5,14,,,0,0.001,48.988,0.504,0,25.5,14.1,0.965,0,277,21.452,98.188,0.169,340.853,,,,,0
2026-10-04T14:00Z,2026-10-04T20:00Z,2340282,6,2.9,8,4.2,12.3,13.9,h,8,13.9,,,0,0.001,67.264,2.092,0.587,25.5,14.1,0.965,3,277,20.66,98.037,0.802,122.224,,,,,0
2026-10-04T14:00Z,2026-10-05T02:00Z,2340282,12,3.1,7.6,3.6,10.6,13.2,h,7.6,13.2,,,0,0,355.013,0.312,0,25.5,14.1,0.965,9,278,23.224,89.83,0.175,348.493,,,,,0
2026-10-04T14:00Z,2026-10-05T14:00Z,2340282,24,2,4.3,3.1,7.5,12,h,4.3,12,,,0,0,34.984,0.622,0,25.5,14.1,0.965,21,278,20.907,98.85,0.261,30.591,,,,,0
2026-10-04T14:00Z,2026-10-06T14:00Z,2340282,48,1.8,3,2,3.7,8.9,h,3,8.9,,,0,0,42.329,1.298,0,25.5,14.1,0.965,21,279,21.176,98.721,0.488,95.978,,,,,0
2026-10-04T14:00Z,2026-10-04T15:00Z,2375197,1,3,4.6,5.3,8,5.7,h,4.6,5.7,,,0,0.001,28.121,0.463,0,8.9,5.7,0.351,22,277,21.917,99.2,0.309,313.253,,,,,0
2026-10-04T14:00Z,2026-10-04T17:00Z,2375197,3,2.9,4.4,4.9,7.3,5.7,h,4.4,5.7,,,0,0.001,56.422,0.55,0,8.9,5.7,0.351,0,277,21.517,98.273,0.26,323.763,,,,,0
2026-10-04T14:00Z,2026-10-04T20:00Z,2375197,6,2.9,4.3,4.2,6.3,5.6,h,4.3,5.6,,,0,0.001,67.212,1.855,0.487,8.9,5.7,0.351,3,277,20.843,97.691,0.87,117.587,,,,,0
2026-10-04T14:00Z,2026-10-05T02:00Z,2375197,12,3.1,4.4,3.6,5.4,5.5,h,4.4,5.5,,,0,0,378.705,0.486,0,8.9,5.7,0.351,9,278,23.282,89.573,0.281,12.113,,,,,0
2026-10-04T14:00Z,2026-10-05T14:00Z,2375197,24,2,2.7,3.1,4.3,5.3,h,2.7,5.3,,,0,0,41.244,0.826,0,8.9,5.7,0.351,21,278,20.84,98.861,0.344,42.294,,,,,0
2026-10-04T14:00Z,2026-10-06T14:00Z,2375197,48,1.8,2.2,2,2.5,4.1,h,2.2,4.1,,,0,0,41.178,1.383,0,8.9,5.7,0.351,21,279,21.023,99.061,0.558,89.398,,,,,0
2026-10-04T14:00Z,2026-10-04T15:00Z,2384279,1,3,9.8,5.3,16.8,14.6,h,9.8,14.6,,,0,0.001,27.871,0.47,0,15.5,14.6,1.038,22,277,21.916,99.284,0.298,316.803,,,,,0
2026-10-04T14:00Z,2026-10-04T17:00Z,2384279,3,2.9,9.1,4.9,15.5,14.6,h,9.1,14.6,,,0,0.001,54.704,0.57,0,15.5,14.6,1.038,0,277,21.51,98.363,0.255,319.557,,,,,0
2026-10-04T14:00Z,2026-10-04T20:00Z,2384279,6,2.9,8.6,4.2,13.3,14.4,h,8.6,14.4,,,0,0.001,63.742,1.787,0.436,15.5,14.6,1.038,3,277,20.874,97.844,0.862,118.359,,,,,0
2026-10-04T14:00Z,2026-10-05T02:00Z,2384279,12,3.1,8,3.6,11.4,13.6,h,8,13.6,,,0,0,381.274,0.531,0,15.5,14.6,1.038,9,278,23.337,89.559,0.32,14.295,,,,,0
2026-10-04T14:00Z,2026-10-05T14:00Z,2384279,24,2,4.6,3.1,8,12.5,h,4.6,12.5,,,0,0,40.938,0.841,0,15.5,14.6,1.038,21,278,20.862,98.707,0.326,48.867,,,,,0
2026-10-04T14:00Z,2026-10-06T14:00Z,2384279,48,1.8,3.1,2,3.9,9.2,h,3.1,9.2,,,0,0,42.458,1.401,0,15.5,14.6,1.038,21,279,21.039,98.991,0.541,91.441,,,,,0
2026-10-04T14:00Z,2026-10-04T15:00Z,2384280,1,3,21.2,5.3,36.6,24.3,h,21.2,24.3,,,0,0.001,28.087,0.457,0,35.1,24.3,1.788,22,277,21.913,99.139,0.307,311.911,,,,,0
2026-10-04T14:00Z,2026-10-04T17:00Z,2384280,3,2.9,19.2,4.9,33.8,24.3,h,19.2,24.3,,,0,0.001,56.913,0.535,0,35.1,24.3,1.788,0,277,21.509,98.225,0.255,326.917,,,,,0
2026-10-04T14:00Z,2026-10-04T20:00Z,2384280,6,2.9,17.3,4.2,28.9,24.3,h,17.3,24.3,,,0,0.001,69.032,1.9,0.52,35.1,24.3,1.788,3,277,20.812,97.627,0.872,117.457,,,,,0
2026-10-04T14:00Z,2026-10-05T02:00Z,2384280,12,3.1,15,3.6,24.3,23.8,h,15,23.8,,,0,0,376.514,0.453,0,35.1,24.3,1.788,9,278,23.244,89.588,0.255,9.157,,,,,0
2026-10-04T14:00Z,2026-10-05T14:00Z,2384280,24,2,7.7,3.1,15,21.3,h,7.7,21.3,,,0,0,41.153,0.812,0,35.1,24.3,1.788,21,278,20.827,98.949,0.35,38.283,,,,,0
2026-10-04T14:00Z,2026-10-06T14:00Z,2384280,48,1.8,4.3,2,6,15.1,h,4.3,15.1,,,0,0,40.432,1.369,0,35.1,24.3,1.788,21,279,21.015,99.089,0.565,88.611,,,,,0
2026-10-04T14:00Z,2026-10-04T15:00Z,2393909,1,3,8.3,5.3,14.3,10.4,h,8.3,10.4,,,0,0.001,26.73,0.456,0,21.2,10.4,0.885,22,277,21.935,99.035,0.264,317.27,,,,,0
2026-10-04T14:00Z,2026-10-04T17:00Z,2393909,3,2.9,7.8,4.9,13.2,10.3,h,7.8,10.3,,,0,0.001,53.208,0.518,0,21.2,10.4,0.885,0,277,21.479,98.224,0.212,332.095,,,,,0
2026-10-04T14:00Z,2026-10-04T20:00Z,2393909,6,2.9,7.4,4.2,11.3,10.3,h,7.4,10.3,,,0,0.001,67.768,1.971,0.542,21.2,10.4,0.885,3,277,20.748,97.827,0.839,119.75,,,,,0
2026-10-04T14:00Z,2026-10-05T02:00Z,2393909,12,3.1,7.1,3.6,9.7,9.9,h,7.1,9.9,,,0,0,367.712,0.393,0,21.2,10.4,0.885,9,278,23.24,89.689,0.218,2.162,,,,,0
2026-10-04T14:00Z,2026-10-05T14:00Z,2393909,24,2,4.1,3.1,7,9.3,h,4.1,9.3,,,0,0,38.461,0.728,0,21.2,10.4,0.885,21,278,20.863,98.888,0.308,36.517,,,,,0
2026-10-04T14:00Z,2026-10-06T14:00Z,2393909,48,1.8,2.9,2,3.6,7,h,2.9,7,,,0,0,41.372,1.339,0,21.2,10.4,0.885,21,279,21.083,98.923,0.525,92.012,,,,,0
2026-10-04T14:00Z,2026-10-04T15:00Z,2429963,1,3,11.3,5.3,19.3,18.1,h,11.3,18.1,,,0,0.001,22.519,0.391,0,17.6,18.1,1.169,22,277,21.837,98.397,0.116,328.802,,,,,0
2026-10-04T14:00Z,2026-10-04T17:00Z,2429963,3,2.9,10.4,4.9,17.8,18,h,10.4,18,,,0,0.001,44.842,0.476,0,17.6,18.1,1.169,0,277,21.183,98.037,0.256,15.047,,,,,0
2026-10-04T14:00Z,2026-10-04T20:00Z,2429963,6,2.9,9.7,4.2,15.2,17.8,h,9.7,17.8,,,0,0.001,74.547,2.383,0.806,17.6,18.1,1.169,3,277,20.297,98.002,0.801,124.009,,,,,0
2026-10-04T14:00Z,2026-10-05T02:00Z,2429963,12,3.1,9,3.6,13,16.6,h,9,16.6,,,0,0,338.083,0.466,0,17.6,18.1,1.169,9,278,22.889,89.965,0.412,285.035,,,,,0
2026-10-04T14:00Z,2026-10-05T14:00Z,2429963,24,2,5,3.1,8.9,15.2,h,5,15.2,,,0,0,31.786,0.586,0,17.6,18.1,1.169,21,278,20.787,99.402,0.234,353.024,,,,,0
2026-10-04T14:00Z,2026-10-06T14:00Z,2429963,48,1.8,3.3,2,4.2,11.2,h,3.3,11.2,,,0,0,36.883,1.194,0,17.6,18.1,1.169,21,279,21.052,98.8,0.515,97.842,,,,,0
2026-10-04T14:00Z,2026-10-04T15:00Z,2439091,1,3,9.4,5.3,16,11.6,h,9.4,11.6,,,0,0.001,27.663,0.451,0,20.3,11.6,0.994,22,277,21.911,99.062,0.292,312.472,,,,,0
2026-10-04T14:00Z,2026-10-04T17:00Z,2439091,3,2.9,8.7,4.9,14.8,11.6,h,8.7,11.6,,,0,0.001,56.196,0.517,0,20.3,11.6,0.994,0,277,21.487,98.192,0.238,331.025,,,,,0
2026-10-04T14:00Z,2026-10-04T20:00Z,2439091,6,2.9,8.2,4.2,12.7,11.5,h,8.2,11.5,,,0,0.001,70.075,1.953,0.552,20.3,11.6,0.994,3,277,20.766,97.634,0.866,118.022,,,,,0
2026-10-04T14:00Z,2026-10-05T02:00Z,2439091,12,3.1,7.8,3.6,10.9,11.1,h,7.8,11.1,,,0,0,372.604,0.413,0,20.3,11.6,0.994,9,278,23.208,89.625,0.227,3.747,,,,,0
2026-10-04T14:00Z,2026-10-05T14:00Z,2439091,24,2,4.4,3.1,7.7,10.3,h,4.4,10.3,,,0,0,40.367,0.78,0,20.3,11.6,0.994,21,278,20.823,99.008,0.343,34.518,,,,,0
2026-10-04T14:00Z,2026-10-06T14:00Z,2439091,48,1.8,3,2,3.8,7.7,h,3,7.7,,,0,0,40.005,1.35,0,20.3,11.6,0.994,21,279,21.021,99.07,0.558,88.951,,,,,0
2026-10-04T14:00Z,2026-10-04T15:00Z,2439859,1,3,3,,,,h,3,,,,0,0.001,26.078,0.49,0,,,0,22,277,21.962,99.237,0.244,325.449,,,,,0
2026-10-04T14:00Z,2026-10-04T17:00Z,2439859,3,2.9,2.9,,,,h,2.9,,,,0,0.001,48.907,0.57,0,,,0,0,277,21.495,98.429,0.204,321.189,,,,,0
2026-10-04T14:00Z,2026-10-04T20:00Z,2439859,6,2.9,2.9,,,,h,2.9,,,,0,0.001,59.143,1.821,0.413,,,0,3,277,20.843,98.22,0.815,121.97,,,,,0
2026-10-04T14:00Z,2026-10-05T02:00Z,2439859,12,3.1,3.1,,,,h,3.1,,,,0,0,372.053,0.492,0,,,0,9,278,23.402,89.681,0.301,12.931,,,,,0
2026-10-04T14:00Z,2026-10-05T14:00Z,2439859,24,2,2,,,,h,2,,,,0,0,37.278,0.76,0,,,0,21,278,20.938,98.469,0.266,54.702,,,,,0
2026-10-04T14:00Z,2026-10-06T14:00Z,2439859,48,1.8,1.8,,,,h,1.8,,,,0,0,45.152,1.39,0,,,0,21,279,21.16,98.706,0.489,97.228,,,,,0
2026-10-04T14:00Z,2026-10-04T15:00Z,2457250,1,3,3,,,,h,3,,,,0,0.001,20,0.434,0,,,0,22,277,21.842,98.249,0.045,333.599,,,,,0
2026-10-04T14:00Z,2026-10-04T17:00Z,2457250,3,2.9,2.9,,,,h,2.9,,,,0,0.001,37.366,0.507,0,,,0,0,277,21.102,98.069,0.25,17.084,,,,,0
2026-10-04T14:00Z,2026-10-04T20:00Z,2457250,6,2.9,2.9,,,,h,2.9,,,,0,0.001,70.154,2.486,0.833,,,0,3,277,20.141,98.458,0.721,127.459,,,,,0
2026-10-04T14:00Z,2026-10-05T02:00Z,2457250,12,3.1,3.1,,,,h,3.1,,,,0,0,321.152,0.442,0,,,0,9,278,22.899,90.14,0.402,267.778,,,,,0
2026-10-04T14:00Z,2026-10-05T14:00Z,2457250,24,2,2,,,,h,2,,,,0,0,25.834,0.461,0,,,0,21,278,20.826,99.208,0.145,339.611,,,,,0
2026-10-04T14:00Z,2026-10-06T14:00Z,2457250,48,1.8,1.8,,,,h,1.8,,,,0,0,42.131,1.221,0,,,0,21,279,21.168,98.437,0.514,107.932,,,,,0
2026-10-04T14:00Z,2026-10-04T15:00Z,2510432,1,3,9.4,5.3,16,13.4,h,9.4,13.4,,,0,0.001,26.383,0.49,0,20.4,13.4,0.992,22,277,21.923,99.353,0.243,326.684,,,,,0
2026-10-04T14:00Z,2026-10-04T17:00Z,2510432,3,2.9,8.7,4.9,14.8,13.3,h,8.7,13.3,,,0,0.001,48.806,0.587,0,20.4,13.4,0.992,0,277,21.466,98.526,0.209,315.855,,,,,0
2026-10-04T14:00Z,2026-10-04T20:00Z,2510432,6,2.9,8.2,4.2,12.7,13.2,h,8.2,13.2,,,0,0.001,56.658,1.721,0.362,20.4,13.4,0.992,3,277,20.876,98.266,0.829,121.794,,,,,0
2026-10-04T14:00Z,2026-10-05T02:00Z,2510432,12,3.1,7.7,3.6,10.8,12.5,h,7.7,12.5,,,0,0,379.543,0.56,0,20.4,13.4,0.992,9,278,23.424,89.606,0.354,13.515,,,,,0
2026-10-04T14:00Z,2026-10-05T14:00Z,2510432,24,2,4.4,3.1,7.7,11.6,h,4.4,11.6,,,0,0,38.432,0.824,0,20.4,13.4,0.992,21,278,20.921,98.399,0.276,60.2,,,,,0
2026-10-04T14:00Z,2026-10-06T14:00Z,2510432,48,1.8,3,2,3.8,8.6,h,3,8.6,,,0,0,45.261,1.422,0,20.4,13.4,0.992,21,279,21.108,98.753,0.499,97.432,,,,,0
2026-10-04T14:00Z,2026-10-04T15:00Z,2523394,1,3,3,,,,h,3,,,,0,0.001,26.752,0.455,0,,,0,22,277,21.933,99.028,0.264,316.992,,,,,0
2026-10-04T14:00Z,2026-10-04T17:00Z,2523394,3,2.9,2.9,,,,h,2.9,,,,0,0.001,53.348,0.516,0,,,0,0,277,21.477,98.218,0.212,332.493,,,,,0
2026-10-04T14:00Z,2026-10-04T20:00Z,2523394,6,2.9,2.9,,,,h,2.9,,,,0,0.001,68.054,1.975,0.547,,,0,3,277,20.745,97.813,0.84,119.679,,,,,0
2026-10-04T14:00Z,2026-10-05T02:00Z,2523394,12,3.1,3.1,,,,h,3.1,,,,0,0,367.647,0.39,0,,,0,9,278,23.234,89.688,0.216,1.552,,,,,0
2026-10-04T14:00Z,2026-10-05T14:00Z,2523394,24,2,2,,,,h,2,,,,0,0,38.516,0.728,0,,,0,21,278,20.859,98.904,0.31,35.902,,,,,0
2026-10-04T14:00Z,2026-10-06T14:00Z,2523394,48,1.8,1.8,,,,h,1.8,,,,0,0,41.221,1.338,0,,,0,21,279,21.079,98.932,0.526,91.827,,,,,0
2026-10-04T14:00Z,2026-10-04T15:00Z,2575375,1,15.3,27.2,10.2,18.8,16.5,h,27.2,16.5,,,0,0.001,39.568,0.374,0,21.9,16.5,0.571,22,277,23.251,97.51,0.321,21.752,,,,,0
2026-10-04T14:00Z,2026-10-04T17:00Z,2575375,3,11.8,20.7,9.9,18.2,16.5,h,20.7,16.5,,,0,0.004,19.508,0.243,0,21.9,16.5,0.571,0,277,22.76,99.051,0.16,196.063,,,,,0
2026-10-04T14:00Z,2026-10-04T20:00Z,2575375,6,10.1,17.2,9.6,17.5,16.7,h,17.2,16.7,,,0,0.004,127.652,1.875,0.247,21.9,16.5,0.571,3,277,22.047,97.813,0.945,341.35,,,,,0
2026-10-04T14:00Z,2026-10-05T02:00Z,2575375,12,6.8,11.1,9.5,17,16.7,h,11.1,16.7,,,0,0.003,476.917,0.364,0,21.9,16.5,0.571,9,278,24.782,84.128,0.252,314.324,,,,,0
2026-10-04T14:00Z,2026-10-05T14:00Z,2575375,24,13.2,18.9,10,16,16.3,h,18.9,16.3,,,0,0,38.464,0.757,0.005,21.9,16.5,0.571,21,278,23.344,95.089,0.249,351.666,,,,,0
2026-10-04T14:00Z,2026-10-06T14:00Z,2575375,48,18,22.3,8.1,10.8,13.7,h,22.3,13.7,,,0,0,49.995,1.178,0.238,21.9,16.5,0.571,21,279,21.869,98.045,0.636,293.743,,,,,0
2026-10-04T14:00Z,2026-10-04T15:00Z,2692436,1,16.1,29.4,15.4,28.8,22.2,h,29.4,22.2,,,0,0,89.178,0.737,0.191,24.2,22.2,0.599,22,277,25.334,96.192,0.284,126.802,,,,,0
2026-10-04T14:00Z,2026-10-04T17:00Z,2692436,3,23.6,41.7,16.1,29.9,22.3,h,41.7,22.3,,,0,0,68.67,0.636,0,24.2,22.2,0.599,0,277,25.211,95.966,0.179,114.46,,,,,0
2026-10-04T14:00Z,2026-10-04T20:00Z,2692436,6,26.6,45.3,17.5,32.1,22.8,h,45.3,22.8,,,0,0.002,98.543,1.389,0,24.2,22.2,0.599,3,277,24.952,96.412,0.599,93.341,,,,,0
2026-10-04T14:00Z,2026-10-05T02:00Z,2692436,12,24.2,38.8,20,35.1,24.6,h,38.8,24.6,,,0,0.003,426.765,0.604,0.1,24.2,22.2,0.599,9,278,28.206,82.562,0.458,69.943,,,,,0
2026-10-04T14:00Z,2026-10-05T14:00Z,2692436,24,29.8,43,29.9,47.3,30.2,h,43,30.2,,,0,0,62.165,0.537,0.066,24.2,22.2,0.599,21,278,25.224,96.737,0.231,97.052,,,,,0
2026-10-04T14:00Z,2026-10-06T14:00Z,2692436,48,42.7,53.2,22.6,30.1,26.1,h,53.2,26.1,,,0,0,84.277,1.689,0.16,24.2,22.2,0.599,21,279,25.356,96.744,0.691,0.635,,,,,0
2026-10-04T14:00Z,2026-10-04T15:00Z,2692642,1,16.1,16.1,,,,h,16.1,,,,0,0,93.508,0.867,0.179,,,0,22,277,25.329,96.214,0.37,117.918,,,,,0
2026-10-04T14:00Z,2026-10-04T17:00Z,2692642,3,23.6,23.6,,,,h,23.6,,,,0,0,68.689,0.547,0,,,0,0,277,25.213,95.8,0.12,109.969,,,,,0
2026-10-04T14:00Z,2026-10-04T20:00Z,2692642,6,26.6,26.6,,,,h,26.6,,,,0,0.002,100.563,1.334,0,,,0,3,277,24.942,96.334,0.59,87.515,,,,,0
2026-10-04T14:00Z,2026-10-05T02:00Z,2692642,12,24.2,24.2,,,,h,24.2,,,,0,0.004,429.262,0.571,0.1,,,0,9,278,28.179,82.501,0.432,54.611,,,,,0
2026-10-04T14:00Z,2026-10-05T14:00Z,2692642,24,29.8,29.8,,,,h,29.8,,,,0,0,62.968,0.483,0.066,,,0,21,278,25.23,96.562,0.182,87.743,,,,,0
2026-10-04T14:00Z,2026-10-06T14:00Z,2692642,48,42.7,42.7,,,,h,42.7,,,,0,0,86.999,1.752,0.157,,,0,21,279,25.363,96.726,0.758,357.66,,,,,0
2026-10-04T14:00Z,2026-10-04T15:00Z,2692644,1,16.1,16.1,,,,h,16.1,,,,0,0,93.824,0.887,0.208,,,0,22,277,25.238,96.426,0.368,126.159,,,,,0
2026-10-04T14:00Z,2026-10-04T17:00Z,2692644,3,23.6,23.6,,,,h,23.6,,,,0,0.001,69.03,0.658,0,,,0,0,277,25.149,95.974,0.205,109.843,,,,,0
2026-10-04T14:00Z,2026-10-04T20:00Z,2692644,6,26.6,26.6,,,,h,26.6,,,,0,0.004,100.278,1.483,0,,,0,3,277,24.907,96.443,0.665,90.045,,,,,0
2026-10-04T14:00Z,2026-10-05T02:00Z,2692644,12,24.2,24.2,,,,h,24.2,,,,0,0.004,423.419,0.551,0.1,,,0,9,278,28.188,82.414,0.415,68.699,,,,,0
2026-10-04T14:00Z,2026-10-05T14:00Z,2692644,24,29.8,29.8,,,,h,29.8,,,,0,0,61.585,0.574,0.049,,,0,21,278,25.214,96.664,0.236,87.139,,,,,0
2026-10-04T14:00Z,2026-10-06T14:00Z,2692644,48,42.7,42.7,,,,h,42.7,,,,0,0,80.227,1.636,0.116,,,0,21,279,25.369,96.823,0.691,357.462,,,,,0
2026-10-04T14:00Z,2026-10-04T15:00Z,2692645,1,27.9,27.9,,,,h,27.9,,,,0,0,93.89,0.89,0.227,,,0,22,277,25.183,96.557,0.364,131.359,,,,,0
2026-10-04T14:00Z,2026-10-04T17:00Z,2692645,3,34.3,34.3,,,,h,34.3,,,,0,0.001,69.211,0.717,0,,,0,0,277,25.109,96.087,0.25,109.657,,,,,0
2026-10-04T14:00Z,2026-10-04T20:00Z,2692645,6,42.6,42.6,,,,h,42.6,,,,0,0.005,99.859,1.57,0,,,0,3,277,24.884,96.519,0.706,91.083,,,,,0
2026-10-04T14:00Z,2026-10-05T02:00Z,2692645,12,30.6,30.6,,,,h,30.6,,,,0,0.004,419.776,0.555,0.1,,,0,9,278,28.194,82.381,0.42,77.038,,,,,0
2026-10-04T14:00Z,2026-10-05T14:00Z,2692645,24,30.5,30.5,,,,h,30.5,,,,0,0,60.749,0.623,0.039,,,0,21,278,25.201,96.73,0.263,86.868,,,,,0
2026-10-04T14:00Z,2026-10-06T14:00Z,2692645,48,52.3,52.3,,,,h,52.3,,,,0,0,76.028,1.564,0.095,,,0,21,279,25.373,96.89,0.65,356.935,,,,,0
2026-10-04T14:00Z,2026-10-04T15:00Z,2739142,1,9.8,23.5,7.9,19.8,17.5,h,23.5,17.5,,,0,0,96.037,0.981,0,42.4,17.5,0.854,22,277,25.24,97.069,0.434,176.977,,,,,0
2026-10-04T14:00Z,2026-10-04T17:00Z,2739142,3,9.6,22.2,8.2,20.3,17.6,h,22.2,17.6,,,0,0,98.326,1.682,0.026,42.4,17.5,0.854,0,277,24.808,98.793,0.792,158.099,,,,,0
2026-10-04T14:00Z,2026-10-04T20:00Z,2739142,6,10.4,22.8,8.6,21.1,18,h,22.8,18,,,0,0,77.248,0.923,0,42.4,17.5,0.854,3,277,24.622,98.692,0.285,105.309,,,,,0
2026-10-04T14:00Z,2026-10-05T02:00Z,2739142,12,4.5,9.5,8.8,20.9,18.4,h,9.5,18.4,,,0,0,521.849,1.935,0.554,42.4,17.5,0.854,9,278,26.858,85.307,1.47,91.084,,,,,0
2026-10-04T14:00Z,2026-10-05T14:00Z,2739142,24,6,10.6,6.5,13.8,16.3,h,10.6,16.3,,,0,0,77.939,1.706,1.038,42.4,17.5,0.854,21,278,24.515,94.362,0.277,77.979,,,,,0
2026-10-04T14:00Z,2026-10-06T14:00Z,2739142,48,12.2,17,8.1,12.3,14.9,h,17,14.9,,,0,0,405.305,6.087,0,42.4,17.5,0.854,21,279,25.446,79.523,3.185,69.267,,,,,0
2026-10-04T14:00Z,2026-10-04T15:00Z,2811479,1,6.3,21.1,9.4,31.8,23.8,h,21.1,23.8,,,0,0,58.788,0.55,0,39.3,23.8,1.154,22,277,25.385,96,0.421,170.656,,,,,0
2026-10-04T14:00Z,2026-10-04T17:00Z,2811479,3,6.7,21.3,9.2,31,23.8,h,21.3,23.8,,,0,0,62.501,0.607,0,39.3,23.8,1.154,0,277,24.955,97.897,0.285,82.504,,,,,0
2026-10-04T14:00Z,2026-10-04T20:00Z,2811479,6,8.1,23.7,8.9,29.6,23.9,h,23.7,23.9,,,0,0,76.354,1.344,0,39.3,23.8,1.154,3,277,24.67,98.44,0.658,98.156,,,,,0
2026-10-04T14:00Z,2026-10-05T02:00Z,2811479,12,6.7,17.6,8.1,25.9,23.6,h,17.6,23.6,,,0,0,424.215,1.099,0.136,39.3,23.8,1.154,9,278,27.253,86.152,0.88,90.858,,,,,0
2026-10-04T14:00Z,2026-10-05T14:00Z,2811479,24,6.5,13.9,6.4,17.3,21.7,h,13.9,21.7,,,0,0,149.229,1.673,2.399,39.3,23.8,1.154,21,278,24.083,96.747,1.091,54.11,,,,,0
2026-10-04T14:00Z,2026-10-06T14:00Z,2811479,48,8.2,12.9,5.5,10,16.9,h,12.9,16.9,,,0,0,115.792,2.716,0.071,39.3,23.8,1.154,21,279,24.439,93.779,0.887,47.924,,,,,0
2026-10-04T14:00Z,2026-10-04T15:00Z,2811482,1,6.3,6.3,,,,h,6.3,,,,0,0,65.6,0.56,0,,,0,22,277,25.221,96,0.511,113.788,,,,,0
2026-10-04T14:00Z,2026-10-04T17:00Z,2811482,3,6.7,6.7,,,,h,6.7,,,,0,0,60.995,0.769,0,,,0,0,277,24.813,97.987,0.168,84.234,,,,,0
2026-10-04T14:00Z,2026-10-04T20:00Z,2811482,6,8.1,8.1,,,,h,8.1,,,,0,0,102.014,2.14,0,,,0,3,277,24.505,98.82,0.882,98.598,,,,,0
2026-10-04T14:00Z,2026-10-05T02:00Z,2811482,12,6.7,6.7,,,,h,6.7,,,,0,0,371.968,1.303,0.233,,,0,9,278,26.858,88.516,1.033,102.91,,,,,0
2026-10-04T14:00Z,2026-10-05T14:00Z,2811482,24,6.5,6.5,,,,h,6.5,,,,0,0,157.134,1.765,3.277,,,0,21,278,23.658,97.429,1.115,76.274,,,,,0
2026-10-04T14:00Z,2026-10-06T14:00Z,2811482,48,8.2,8.2,,,,h,8.2,,,,0,0,103.736,3.098,0.035,,,0,21,279,24.276,93.77,1.003,40.627,,,,,0
2026-10-04T14:00Z,2026-10-04T15:00Z,2811595,1,16.1,9.4,15.4,8.8,10.1,h,9.4,10.1,,,0,0,88.174,0.578,0.093,6,10.1,-0.521,22,277,25.664,95.451,0.292,79.017,,,,,0
2026-10-04T14:00Z,2026-10-04T17:00Z,2811595,3,23.6,14.2,16.1,9.2,10.1,h,14.2,10.1,,,0,0,66.988,0.036,0,6,10.1,-0.521,0,277,25.421,95.369,0.269,110.053,,,,,0
2026-10-04T14:00Z,2026-10-04T20:00Z,2811595,6,26.6,16.6,17.5,10.2,10.1,h,16.6,10.1,,,0,0,96.367,0.793,0,6,10.1,-0.521,3,277,25.051,96.163,0.251,64.826,,,,,0
2026-10-04T14:00Z,2026-10-05T02:00Z,2811595,12,24.2,15.9,20,12.1,10.4,h,15.9,10.4,,,0,0.002,447.6,0.872,0.1,6,10.1,-0.521,9,278,28.152,83.181,0.692,21.266,,,,,0
2026-10-04T14:00Z,2026-10-05T14:00Z,2811595,24,29.8,21.6,29.9,20,13.3,h,21.6,13.3,,,0,0,67.673,0.095,0.151,6,10.1,-0.521,21,278,25.225,96.342,0.109,130.786,,,,,0
2026-10-04T14:00Z,2026-10-06T14:00Z,2811595,48,42.7,35.2,22.6,17.6,13.9,h,35.2,13.9,,,0,0,108.743,2.103,0.361,6,10.1,-0.521,21,279,25.338,96.515,0.988,354.165,,,,,0
2026-10-04T14:00Z,2026-10-04T15:00Z,2813904,1,11.1,26.8,17.9,43.8,29.5,h,26.8,29.5,,,0,0.003,127.59,1.464,0,36.8,29.6,0.866,22,277,25.316,95.509,0.609,202.308,,,,,0
2026-10-04T14:00Z,2026-10-04T17:00Z,2813904,3,13.9,32,17.3,42.2,29.3,h,32,29.3,,,0,0.003,98.849,1.244,0,36.8,29.6,0.866,0,277,24.863,96.432,0.675,189.334,,,,,0
2026-10-04T14:00Z,2026-10-04T20:00Z,2813904,6,18.6,40.4,16.1,38.8,29.1,h,40.4,29.1,,,0,0.005,71.251,1.116,0,36.8,29.6,0.866,3,277,24.466,97.558,0.264,144.508,,,,,0
2026-10-04T14:00Z,2026-10-05T02:00Z,2813904,12,18.4,36.5,14.7,33.5,29.9,h,36.5,29.9,,,0,0.02,340.542,0.365,0,36.8,29.6,0.866,9,278,27.602,81.029,0.271,135.647,,,,,0
2026-10-04T14:00Z,2026-10-05T14:00Z,2813904,24,9.3,16.2,16,32.3,30.5,h,16.2,30.5,,,0,0.001,69.883,0.269,0.008,36.8,29.6,0.866,21,278,25.552,95.952,0.453,249.925,,,,,0
2026-10-04T14:00Z,2026-10-06T14:00Z,2813904,48,10.8,15.1,6.3,10,19.8,h,15.1,19.8,,,0,0,72.679,2.258,0,36.8,29.6,0.866,21,279,25.348,96.154,1.067,17.365,,,,,0
2026-10-04T14:00Z,2026-10-04T15:00Z,2813975,1,4.4,4.4,,,,h,4.4,,,,0,0,168.469,2.724,0.017,,,0,22,277,25.362,90.168,1.48,281.723,,,,,0
2026-10-04T14:00Z,2026-10-04T17:00Z,2813975,3,4.8,4.8,,,,h,4.8,,,,0,0,194.728,1.972,0.036,,,0,0,277,25.529,87.542,1.188,297.313,,,,,0
2026-10-04T14:00Z,2026-10-04T20:00Z,2813975,6,4.6,4.6,,,,h,4.6,,,,0,0,164.135,1.997,0.053,,,0,3,277,24.989,88.51,1.024,299.203,,,,,0
2026-10-04T14:00Z,2026-10-05T02:00Z,2813975,12,3.3,3.3,,,,h,3.3,,,,0,0,439.496,3.555,0.441,,,0,9,278,26.13,86.039,2.726,252.883,,,,,0
2026-10-04T14:00Z,2026-10-05T14:00Z,2813975,24,2.8,2.8,,,,h,2.8,,,,0,0,259.758,2.296,0.185,,,0,21,278,25.441,90.565,1.293,261.019,,,,,0
2026-10-04T14:00Z,2026-10-06T14:00Z,2813975,48,2.6,2.6,,,,h,2.6,,,,0,0,273.032,2.513,0.144,,,0,21,279,25.691,88.024,1.247,227.07,,,,,0
2026-10-04T14:00Z,2026-10-04T15:00Z,2821337,1,10,21.2,10.6,23,22.4,h,21.2,22.4,,,0,0.05,64.597,1.581,0.196,29.6,22.4,0.731,22,277,24.929,96.46,0.778,115.003,,,,,0
2026-10-04T14:00Z,2026-10-04T17:00Z,2821337,3,8.7,18,10.2,22.1,22.3,h,18,22.3,,,0,0.021,127.106,0.679,2.904,29.6,22.4,0.731,0,277,23.157,96.056,0.785,349.806,,,,,0
2026-10-04T14:00Z,2026-10-04T20:00Z,2821337,6,4.2,8.8,9.2,20,22,h,8.8,22,,,0,0.009,189.05,1.102,4.127,29.6,22.4,0.731,3,277,22.201,94.333,0.717,134.928,,,,,0
2026-10-04T14:00Z,2026-10-05T02:00Z,2821337,12,5,9.5,7.6,16.2,20.7,h,9.5,20.7,,,0,0.001,416.073,1.687,0,29.6,22.4,0.731,9,278,24.372,83.928,1.275,15.759,,,,,0
2026-10-04T14:00Z,2026-10-05T14:00Z,2821337,24,5.5,9,5.8,11,18.8,h,9,18.8,,,0,0,74.978,1.85,0.035,29.6,22.4,0.731,21,278,23.343,96.687,0.762,349.599,,,,,0
2026-10-04T14:00Z,2026-10-06T14:00Z,2821337,48,11.5,15.3,5,7.3,14.9,h,15.3,14.9,,,0,0,35.459,1.095,0.052,29.6,22.4,0.731,21,279,23.297,95.482,0.412,51.686,,,,,0
2026-10-04T14:00Z,2026-10-04T15:00Z,2827389,1,16.1,17.9,12,13.4,19.9,h,17.9,19.9,,,0,0.017,35.317,0.344,0,18.5,19.9,0.103,22,277,24.658,95.982,0.27,33.336,,,,,0
2026-10-04T14:00Z,2026-10-04T17:00Z,2827389,3,14.7,16.3,11.7,13,19.8,h,16.3,19.8,,,0,0.023,34.623,0.963,0.027,18.5,19.9,0.103,0,277,24.453,95.517,0.236,195.795,,,,,0
2026-10-04T14:00Z,2026-10-04T20:00Z,2827389,6,12,13.2,11.4,12.7,19.6,h,13.2,19.6,,,0,0.011,118.197,2.292,0.1,18.5,19.9,0.103,3,277,23.451,96.374,1.135,0.471,,,,,0
2026-10-04T14:00Z,2026-10-05T02:00Z,2827389,12,8.1,8.8,11.2,12.4,18.5,h,8.8,18.5,,,0,0.007,392.689,0.492,0.028,18.5,19.9,0.103,9,278,25.657,84.597,0.457,266.487,,,,,0
2026-10-04T14:00Z,2026-10-05T14:00Z,2827389,24,12.2,13,10.5,11.4,17.2,h,13,17.2,,,0,0,81.998,0.877,0.043,18.5,19.9,0.103,21,278,24.477,94.511,0.486,277.519,,,,,0
2026-10-04T14:00Z,2026-10-06T14:00Z,2827389,48,17.2,17.9,6.4,6.7,13.3,h,17.9,13.3,,,0,0,46.852,1.138,0.305,18.5,19.9,0.103,21,279,23.169,96.374,0.485,301.773,,,,,0
2026-10-04T14:00Z,2026-10-04T15:00Z,2827395,1,6.3,18.4,9.5,28,15.5,h,18.4,15.5,,,0,0,109.074,2.168,0.473,30.6,15.5,1.017,22,277,24.524,98.336,1.199,60.661,,,,,0
2026-10-04T14:00Z,2026-10-04T17:00Z,2827395,3,5.5,15.6,9.5,27.9,15.6,h,15.6,15.6,,,0,0,72.966,0.842,0.065,30.6,15.5,1.017,0,277,24.31,98.818,0.467,111.372,,,,,0
2026-10-04T14:00Z,2026-10-04T20:00Z,2827395,6,4,11,9.2,26.9,15.6,h,11,15.6,,,0,0,76.394,1.213,0,30.6,15.5,1.017,3,277,24.166,98.327,0.753,71.512,,,,,0
2026-10-04T14:00Z,2026-10-05T02:00Z,2827395,12,3.1,7.9,6.8,19.5,15.3,h,7.9,15.3,,,0,0,418.681,1.999,1.628,30.6,15.5,1.017,9,278,25.106,89.433,1.444,54.242,,,,,0
2026-10-04T14:00Z,2026-10-05T14:00Z,2827395,24,2.3,5,3.5,9.1,13.5,h,5,13.5,,,0,0,180.768,2.84,0,30.6,15.5,1.017,21,278,24.119,95.105,0.833,61.692,,,,,0
2026-10-04T14:00Z,2026-10-06T14:00Z,2827395,48,11.5,17,8.2,13.4,14.5,h,17,14.5,,,0,0,116.384,3.564,0,30.6,15.5,1.017,21,279,23.822,82.741,1.441,81.372,,,,,0
2026-10-04T14:00Z,2026-10-04T15:00Z,2827396,1,6.3,13.9,5.6,12.8,13.3,h,13.9,13.3,,,0,0.001,37.291,0.97,0,16.3,13.3,0.744,22,277,25.231,94.592,0.431,200.107,,,,,0
2026-10-04T14:00Z,2026-10-04T17:00Z,2827396,3,3.6,8.1,5.1,11.8,13.3,h,8.1,13.3,,,0,0.001,161.59,3.059,2.561,16.3,13.3,0.744,0,277,23.626,98.495,1.159,199.954,,,,,0
2026-10-04T14:00Z,2026-10-04T20:00Z,2827396,6,2.2,5.1,4.9,11.3,13.2,h,5.1,13.2,,,0,0.001,191.482,0.675,0,16.3,13.3,0.744,3,277,23.642,96.575,0.209,308.869,,,,,0
2026-10-04T14:00Z,2026-10-05T02:00Z,2827396,12,4.9,9.4,5,11.2,12.8,h,9.4,12.8,,,0,0.004,339.395,0.12,0.02,16.3,13.3,0.744,9,278,25.213,89.162,0.058,87.849,,,,,0
2026-10-04T14:00Z,2026-10-05T14:00Z,2827396,24,6.2,10.2,4.7,8.9,11.9,h,10.2,11.9,,,0,0.001,63.723,1.232,0.889,16.3,13.3,0.744,21,278,23.609,97.865,1.007,305.902,,,,,0
2026-10-04T14:00Z,2026-10-06T14:00Z,2827396,48,4.4,6.1,4.7,7.1,10.2,h,6.1,10.2,,,0,0,30.395,0.482,0.029,16.3,13.3,0.744,21,279,24.605,89.836,0.149,336.808,,,,,0
2026-10-04T14:00Z,2026-10-04T15:00Z,2832266,1,9.5,9.5,,,,h,9.5,,,,0,0,54.969,0.786,0,,,0,22,277,25.828,95.356,0.208,202.064,,,,,0
2026-10-04T14:00Z,2026-10-04T17:00Z,2832266,3,11.3,11.3,,,,h,11.3,,,,0,0,53.779,0.596,0,,,0,0,277,25.26,96.668,0.479,122.027,,,,,0
2026-10-04T14:00Z,2026-10-04T20:00Z,2832266,6,15.4,15.4,,,,h,15.4,,,,0,0,33.561,0.549,0,,,0,3,277,24.953,97.421,0.448,145.238,,,,,0
2026-10-04T14:00Z,2026-10-05T02:00Z,2832266,12,7.5,7.5,,,,h,7.5,,,,0,0,472.136,0.531,0.057,,,0,9,278,28.139,82.124,0.347,74.918,,,,,0
2026-10-04T14:00Z,2026-10-05T14:00Z,2832266,24,8.1,8.1,,,,h,8.1,,,,0,0,96.968,0.707,0.513,,,0,21,278,24.984,95.919,0.551,48.877,,,,,0
2026-10-04T14:00Z,2026-10-06T14:00Z,2832266,48,6.7,6.7,,,,h,6.7,,,,0,0,80.346,1.716,0.446,,,0,21,279,24.864,96.333,0.74,18.274,,,,,0
2026-10-04T14:00Z,2026-10-04T15:00Z,2832600,1,6.3,13.9,5.6,12.8,11.3,h,13.9,11.3,,,0,0.001,33.506,0.949,0,18.8,11.3,0.745,22,277,24.543,96.844,0.364,181.042,,,,,0
2026-10-04T14:00Z,2026-10-04T17:00Z,2832600,3,3.6,8.1,5.1,11.8,11.3,h,8.1,11.3,,,0,0.001,210.966,3.9,2.131,18.8,11.3,0.745,0,277,23.074,99.119,1.784,187.766,,,,,0
2026-10-04T14:00Z,2026-10-04T20:00Z,2832600,6,2.2,5.1,4.9,11.3,11.3,h,5.1,11.3,,,0,0.001,138.156,0.804,0,18.8,11.3,0.745,3,277,23.059,97.409,0.272,334.56,,,,,0
2026-10-04T14:00Z,2026-10-05T02:00Z,2832600,12,4.9,9.4,5,11.2,11.2,h,9.4,11.2,,,0,0.004,307.479,0.568,0.052,18.8,11.3,0.745,9,278,24.796,89.522,0.434,105.181,,,,,0
2026-10-04T14:00Z,2026-10-05T14:00Z,2832600,24,6.2,10.2,4.7,8.9,10.5,h,10.2,10.5,,,0,0.001,54.982,0.703,1.106,18.8,11.3,0.745,21,278,23.039,97.675,0.755,297.584,,,,,0
2026-10-04T14:00Z,2026-10-06T14:00Z,2832600,48,4.4,6.1,4.7,7.1,9.2,h,6.1,9.2,,,0,0,29.938,0.24,0.121,18.8,11.3,0.745,21,279,23.976,91.233,0.171,352.741,,,,,0
2026-10-04T14:00Z,2026-10-04T15:00Z,2843720,1,8,7.7,8.9,8.6,12.9,h,7.7,12.9,,,0,0.004,39.723,0.966,0,8.5,12.9,-0.036,22,277,25.198,95.719,0.205,179.002,,,,,0
2026-10-04T14:00Z,2026-10-04T17:00Z,2843720,3,6.5,6.3,8.4,8.1,12.9,h,6.3,12.9,,,0,0.002,46.077,2.066,0.215,8.5,12.9,-0.036,0,277,24.15,98.706,0.607,175.06,,,,,0
2026-10-04T14:00Z,2026-10-04T20:00Z,2843720,6,5.3,5.1,8,7.7,12.8,h,5.1,12.8,,,0,0.001,131.516,1.951,0.088,8.5,12.9,-0.036,3,277,23.38,98.219,1.129,46.351,,,,,0
2026-10-04T14:00Z,2026-10-05T02:00Z,2843720,12,5.5,5.3,7,6.8,12.1,h,5.3,12.1,,,0,0.004,288.035,2.396,0.923,8.5,12.9,-0.036,9,278,23.993,95.69,1.666,25.532,,,,,0
2026-10-04T14:00Z,2026-10-05T14:00Z,2843720,24,5.1,5,5.2,5.1,10.4,h,5,10.4,,,0,0.001,69.953,2.184,0.408,8.5,12.9,-0.036,21,278,24.016,97.472,1.232,92.001,,,,,0
2026-10-04T14:00Z,2026-10-06T14:00Z,2843720,48,5.1,5,4.5,4.4,8.6,h,5,8.6,,,0,0,29.775,0.494,0.02,8.5,12.9,-0.036,21,279,23.841,98.591,0.426,111.583,,,,,0
2026-10-04T14:00Z,2026-10-04T15:00Z,2843723,1,16.6,22.8,14.1,19.7,22.8,h,22.8,22.8,,,0,0,69.484,1.478,0,18.4,22.8,0.315,22,277,26.238,93.139,0.697,138.811,,,,,0
2026-10-04T14:00Z,2026-10-04T17:00Z,2843723,3,15.4,20.9,14.2,19.8,22.7,h,20.9,22.7,,,0,0,91.035,2.639,0.005,18.4,22.8,0.315,0,277,26.009,95.018,1.427,134.498,,,,,0
2026-10-04T14:00Z,2026-10-04T20:00Z,2843723,6,15.1,20.1,14.2,19.7,22.4,h,20.1,22.4,,,0,0,128.551,3.471,0,18.4,22.8,0.315,3,277,25.695,94.241,1.764,148.167,,,,,0
2026-10-04T14:00Z,2026-10-05T02:00Z,2843723,12,7.9,10.3,13,17.8,21.4,h,10.3,21.4,,,0,0,447.941,2.292,0.092,18.4,22.8,0.315,9,278,28.548,81.076,1.824,124.135,,,,,0
2026-10-04T14:00Z,2026-10-05T14:00Z,2843723,24,7.1,8.8,10.7,14,20,h,8.8,20,,,0,0,80.599,1.953,0,18.4,22.8,0.315,21,278,25.928,96.802,1.582,130.877,,,,,0
2026-10-04T14:00Z,2026-10-06T14:00Z,2843723,48,11.6,13.1,6,7.1,15,h,13.1,15,,,0,0,127.814,3.663,0.005,18.4,22.8,0.315,21,279,25.347,94.19,1.819,55.727,,,,,0
2026-10-04T14:00Z,2026-10-04T15:00Z,2843771,1,3.9,3.9,,,,h,3.9,,,,0,0.008,44.162,1.119,0,,,0,22,277,21.985,98.075,0.516,167.824,,,,,0
2026-10-04T14:00Z,2026-10-04T17:00Z,2843771,3,2.9,2.9,,,,h,2.9,,,,0,0.008,132.342,3.594,0.058,,,0,0,277,21.101,97.967,1.874,144.038,,,,,0
2026-10-04T14:00Z,2026-10-04T20:00Z,2843771,6,1.7,1.7,,,,h,1.7,,,,0,0.006,37.295,0.993,0,,,0,3,277,20.698,97.251,0.295,316.952,,,,,0
2026-10-04T14:00Z,2026-10-05T02:00Z,2843771,12,4.6,4.6,,,,h,4.6,,,,0,0.005,280.369,0.332,0.045,,,0,9,278,23.394,86.772,0.272,105.242,,,,,0
2026-10-04T14:00Z,2026-10-05T14:00Z,2843771,24,4,4,,,,h,4,,,,0,0.001,64.075,0.744,2.013,,,0,21,278,20.779,98.382,0.518,78.067,,,,,0
2026-10-04T14:00Z,2026-10-06T14:00Z,2843771,48,2.9,2.9,,,,h,2.9,,,,0,0,48.296,1.232,0.211,,,0,21,279,21.202,97.186,0.634,31.385,,,,,0
2026-10-04T14:00Z,2026-10-04T15:00Z,2847191,1,10.8,0,11,0.1,0,h,0,0,,,0,0.073,35.446,0.804,0,0,0,-2.57,22,277,23.803,99.309,0.334,167.622,,,,,0
2026-10-04T14:00Z,2026-10-04T17:00Z,2847191,3,7.8,0,10.6,0,0,h,0,0,,,0,0.021,100.578,1.812,1.147,0,0,-2.57,0,277,23.21,97.569,0.62,207.05,,,,,0
2026-10-04T14:00Z,2026-10-04T20:00Z,2847191,6,4.3,0,9.6,0,0,h,0,0,,,0,0.014,81.594,0.588,0,0,0,-2.57,3,277,23.019,98.003,0.402,76.567,,,,,0
2026-10-04T14:00Z,2026-10-05T02:00Z,2847191,12,5.7,0,8.2,0,0,h,0,0,,,0,0.009,300.149,0.631,0.123,0,0,-2.57,9,278,24.694,92.433,0.525,29.708,,,,,0
2026-10-04T14:00Z,2026-10-05T14:00Z,2847191,24,8.5,1.1,6.9,0.3,0.1,h,1.1,0.1,,,0,0.001,20,1.048,0,0,0,-2.57,21,278,23.35,96.829,0.293,66.809,,,,,0
2026-10-04T14:00Z,2026-10-06T14:00Z,2847191,48,9.1,3,6.5,1.3,0.6,h,3,0.6,,,0,0,26.621,1.506,0,0,0,-2.57,21,279,23.333,95.107,0.519,46.931,,,,,0
2026-10-04T14:00Z,2026-10-04T15:00Z,2847192,1,21.5,21.5,,,,h,21.5,,,,0,0.009,123.435,0.936,0.182,,,0,22,277,25.274,95.588,0.301,179.525,,,,,0
2026-10-04T14:00Z,2026-10-04T17:00Z,2847192,3,26.4,26.4,,,,h,26.4,,,,0,0.008,112.211,0.529,0,,,0,0,277,25.219,94.8,0.126,139.755,,,,,0
2026-10-04T14:00Z,2026-10-04T20:00Z,2847192,6,34.9,34.9,,,,h,34.9,,,,0,0.006,144.23,1.269,0,,,0,3,277,25.006,95.854,0.59,100.933,,,,,0
2026-10-04T14:00Z,2026-10-05T02:00Z,2847192,12,24.7,24.7,,,,h,24.7,,,,0,0.005,437.83,0.701,0.072,,,0,9,278,27.815,82.578,0.567,53.52,,,,,0
2026-10-04T14:00Z,2026-10-05T14:00Z,2847192,24,16.4,16.4,,,,h,16.4,,,,0,0.001,128.682,0.796,0,,,0,21,278,25.504,95.516,0.373,18.717,,,,,0
2026-10-04T14:00Z,2026-10-06T14:00Z,2847192,48,25.3,25.3,,,,h,25.3,,,,0,0,116.464,2.279,0,,,0,21,279,25.458,96.017,1.075,4.173,,,,,0
2026-10-04T14:00Z,2026-10-04T15:00Z,2847196,1,16.6,26.8,14.1,23.3,29.4,h,26.8,29.4,,,0,0,177.404,1.364,0,24.9,29.4,0.476,22,277,26.745,89.936,0.401,153.417,,,,,0
2026-10-04T14:00Z,2026-10-04T17:00Z,2847196,3,15.4,24.4,14.2,23.4,29.3,h,24.4,29.3,,,0,0,173.497,2.257,0.019,24.9,29.4,0.476,0,277,26.424,91.299,1.258,139.765,,,,,0
2026-10-04T14:00Z,2026-10-04T20:00Z,2847196,6,15.1,23.3,14.2,23.2,28.9,h,23.3,28.9,,,0,0,194.94,3.186,0.011,24.9,29.4,0.476,3,277,26.026,91.48,1.768,151.13,,,,,0
2026-10-04T14:00Z,2026-10-05T02:00Z,2847196,12,7.9,11.8,13,20.8,27.1,h,11.8,27.1,,,0,0,445.479,1.959,0.059,24.9,29.4,0.476,9,278,28.355,81.23,1.614,130.848,,,,,0
2026-10-04T14:00Z,2026-10-05T14:00Z,2847196,24,7.1,9.7,10.7,16.1,25.1,h,9.7,25.1,,,0,0,159.071,1.407,0.005,24.9,29.4,0.476,21,278,26.402,92.337,1.263,126.139,,,,,0
2026-10-04T14:00Z,2026-10-06T14:00Z,2847196,48,11.6,14,6,7.7,18.6,h,14,18.6,,,0,0,194.086,2.989,0.019,24.9,29.4,0.476,21,279,25.909,91.145,1.718,51.744,,,,,0
2026-10-04T14:00Z,2026-10-04T15:00Z,2847198,1,10,10,,,,h,10,,,,0,0.053,74.621,1.654,0.327,,,0,22,277,24.761,96.598,0.906,104.476,,,,,0
2026-10-04T14:00Z,2026-10-04T17:00Z,2847198,3,8.7,8.7,,,,h,8.7,,,,0,0.02,119.118,0.853,2.376,,,0,0,277,23.083,96.583,0.825,345.789,,,,,0
2026-10-04T14:00Z,2026-10-04T20:00Z,2847198,6,4.2,4.2,,,,h,4.2,,,,0,0.008,172.838,1.112,3.732,,,0,3,277,22.066,94.603,0.735,119.417,,,,,0
2026-10-04T14:00Z,2026-10-05T02:00Z,2847198,12,5,5,,,,h,5,,,,0,0.001,419.627,1.725,0,,,0,9,278,24.207,84.512,1.29,24.217,,,,,0
2026-10-04T14:00Z,2026-10-05T14:00Z,2847198,24,5.5,5.5,,,,h,5.5,,,,0,0,69.269,1.709,0.063,,,0,21,278,23.257,96.766,0.694,357.38,,,,,0
2026-10-04T14:00Z,2026-10-06T14:00Z,2847198,48,11.5,11.5,,,,h,11.5,,,,0,0,36.634,1.228,0.037,,,0,21,279,23.072,95.628,0.488,48.105,,,,,0
2026-10-04T14:00Z,2026-10-04T15:00Z,2848810,1,27.9,9.5,27.2,8.8,9,h,9.5,9,,,0,0,98.41,1.04,0.235,11.2,9,-1.055,22,277,25.115,96.725,0.456,128.063,,,,,0
2026-10-04T14:00Z,2026-10-04T17:00Z,2848810,3,34.3,12.4,27.4,9,9,h,12.4,9,,,0,0.001,69.492,0.719,0,11.2,9,-1.055,0,277,25.068,96.041,0.264,105.864,,,,,0
2026-10-04T14:00Z,2026-10-04T20:00Z,2848810,6,42.6,16.5,28.2,9.5,9.1,h,16.5,9.1,,,0,0.006,101.844,1.629,0,11.2,9,-1.055,3,277,24.851,96.51,0.757,88.031,,,,,0
2026-10-04T14:00Z,2026-10-05T02:00Z,2848810,12,30.6,13.1,30.8,11.2,9.7,h,13.1,9.7,,,0,0.005,418.199,0.5,0.1,11.2,9,-1.055,9,278,28.175,82.244,0.375,72.656,,,,,0
2026-10-04T14:00Z,2026-10-05T14:00Z,2848810,24,30.5,15.8,35.5,15.4,11,h,15.8,11,,,0,0,60.555,0.654,0.025,11.2,9,-1.055,21,278,25.2,96.628,0.272,79.149,,,,,0
2026-10-04T14:00Z,2026-10-06T14:00Z,2848810,48,52.3,35.4,22,13.2,11.1,h,35.4,11.1,,,0,0,74.012,1.552,0.061,11.2,9,-1.055,21,279,25.384,96.933,0.668,354.038,,,,,0
2026-10-04T14:00Z,2026-10-04T15:00Z,2894459,1,16.5,33.2,,,,h,33.2,,,,0,0.025,190.092,2.172,0.178,40.4,,0.698,22,277,25.086,95.691,1.098,191.706,,,,,0
2026-10-04T14:00Z,2026-10-04T17:00Z,2894459,3,18.7,36.4,,,,h,36.4,,,,0,0.008,76.324,1.115,0,40.4,,0.698,0,277,24.764,96.613,0.398,207.527,,,,,0
2026-10-04T14:00Z,2026-10-04T20:00Z,2894459,6,25.7,47.8,,,,h,47.8,,,,0,0.031,102.028,2.087,0,40.4,,0.698,3,277,24.5,97.79,0.659,132.766,,,,,0
2026-10-04T14:00Z,2026-10-05T02:00Z,2894459,12,18.9,32.9,,,,h,32.9,,,,0,0.036,410.246,0.607,0.087,40.4,,0.698,9,278,27.907,82.481,0.392,147.387,,,,,0
2026-10-04T14:00Z,2026-10-05T14:00Z,2894459,24,9.8,15.3,,,,h,15.3,,,,0,0.002,78.442,0.872,0,40.4,,0.698,21,278,25.627,96.024,0.158,45.937,,,,,0
2026-10-04T14:00Z,2026-10-06T14:00Z,2894459,48,13.5,17.6,,,,h,17.6,,,,0,0,112.83,3.254,0.008,40.4,,0.698,21,279,25.415,94.031,1.413,21.344,,,,,0
2026-10-04T14:00Z,2026-10-04T15:00Z,2909413,1,16.2,16.2,,,,h,16.2,,,,0,0,56.693,1.101,0.2,,,0,22,277,25.498,95.612,0.205,166.958,,,,,0
2026-10-04T14:00Z,2026-10-04T17:00Z,2909413,3,20.4,20.4,,,,h,20.4,,,,0,0,69.926,2.042,0,,,0,0,277,25.375,96.783,1.088,128.356,,,,,0
2026-10-04T14:00Z,2026-10-04T20:00Z,2909413,6,20.3,20.3,,,,h,20.3,,,,0,0,97.719,2.786,0,,,0,3,277,25.193,96.216,1.258,131.952,,,,,0
2026-10-04T14:00Z,2026-10-05T02:00Z,2909413,12,13.7,13.7,,,,h,13.7,,,,0,0,418.239,1.894,0.1,,,0,9,278,28.472,81.845,1.515,123.984,,,,,0
2026-10-04T14:00Z,2026-10-05T14:00Z,2909413,24,13.7,13.7,,,,h,13.7,,,,0,0,56.194,1.583,0.004,,,0,21,278,25.431,97.97,1.117,122.894,,,,,0
2026-10-04T14:00Z,2026-10-06T14:00Z,2909413,48,31.2,31.2,,,,h,31.2,,,,0,0,74.309,2.216,0.009,,,0,21,279,25.282,96.221,0.997,48.623,,,,,0
2026-10-04T14:00Z,2026-10-04T15:00Z,2926254,1,3.9,3.9,,,,h,3.9,,,,0,0.012,45.97,1.468,0,,,0,22,277,21.864,98.789,0.46,221.748,,,,,0
2026-10-04T14:00Z,2026-10-04T17:00Z,2926254,3,2.9,2.9,,,,h,2.9,,,,0,0.012,68.479,1.765,0.013,,,0,0,277,21.318,98.08,0.874,186.908,,,,,0
2026-10-04T14:00Z,2026-10-04T20:00Z,2926254,6,1.7,1.7,,,,h,1.7,,,,0,0.008,45.066,1.297,0,,,0,3,277,20.545,98.613,0.594,314.032,,,,,0
2026-10-04T14:00Z,2026-10-05T02:00Z,2926254,12,4.6,4.6,,,,h,4.6,,,,0,0.005,238.35,0.913,0.079,,,0,9,278,23.049,88.719,0.629,71.41,,,,,0
2026-10-04T14:00Z,2026-10-05T14:00Z,2926254,24,4,4,,,,h,4,,,,0,0,53.051,0.692,1.729,,,0,21,278,20.837,98.403,0.29,102.707,,,,,0
2026-10-04T14:00Z,2026-10-06T14:00Z,2926254,48,2.9,2.9,,,,h,2.9,,,,0,0,52.679,1.557,0.291,,,0,21,279,20.636,98.424,0.631,50.685,,,,,0
2026-10-04T14:00Z,2026-10-04T15:00Z,2927999,1,10.4,26.7,13.6,35.9,14.5,h,26.7,14.5,,,0,0.008,107.991,1.457,0.013,27.3,14.5,0.925,22,277,25.572,95.259,0.692,239.13,,,,,0
2026-10-04T14:00Z,2026-10-04T17:00Z,2927999,3,12,29.5,13.2,34.7,14.7,h,29.5,14.7,,,0,0.01,108.238,1.05,0,27.3,14.5,0.925,0,277,25.209,96.13,0.367,203.673,,,,,0
2026-10-04T14:00Z,2026-10-04T20:00Z,2927999,6,13.4,31,12.4,32.1,15.2,h,31,15.2,,,0,0.007,92.369,1.117,0,27.3,14.5,0.925,3,277,24.859,98,0.443,123.804,,,,,0
2026-10-04T14:00Z,2026-10-05T02:00Z,2927999,12,13.3,28,11.6,28.4,17.3,h,28,17.3,,,0,0.01,450.833,0.563,0.037,27.3,14.5,0.925,9,278,27.241,83.353,0.488,88.045,,,,,0
2026-10-04T14:00Z,2026-10-05T14:00Z,2927999,24,12.2,21.9,13.7,28.9,19.1,h,21.9,19.1,,,0,0.001,129.698,2.236,0.037,27.3,14.5,0.925,21,278,25.03,95.629,1.291,281.036,,,,,0
2026-10-04T14:00Z,2026-10-06T14:00Z,2927999,48,10.1,14.5,6.5,10.5,12.5,h,14.5,12.5,,,0,0,109.552,3.036,0,27.3,14.5,0.925,21,279,24.893,95.502,1.708,350.981,,,,,0
2026-10-04T14:00Z,2026-10-04T15:00Z,3019320,1,20.5,27.6,30.5,41.4,26.6,h,27.6,26.6,,,0,0.003,97.794,0.97,0.315,35.7,26.6,0.299,22,277,24.904,97.24,0.441,149.541,,,,,0
2026-10-04T14:00Z,2026-10-04T17:00Z,3019320,3,25.6,34,29.3,39.8,26.6,h,34,26.6,,,0,0.005,69.966,0.871,0,35.7,26.6,0.299,0,277,24.901,96.532,0.385,104.853,,,,,0
2026-10-04T14:00Z,2026-10-04T20:00Z,3019320,6,28.7,37.5,27.7,37.4,26.8,h,37.5,26.8,,,0,0.011,98.178,1.914,0,35.7,26.6,0.299,3,277,24.752,96.895,0.873,89.472,,,,,0
2026-10-04T14:00Z,2026-10-05T02:00Z,3019320,12,14.3,18.2,23.7,31.6,27.2,h,18.2,27.2,,,0,0.004,403.378,0.577,0.1,35.7,26.6,0.299,9,278,28.192,82.279,0.454,100.457,,,,,0
2026-10-04T14:00Z,2026-10-05T14:00Z,3019320,24,10.1,12.3,17.9,22.9,25.4,h,12.3,25.4,,,0,0.001,57.39,0.791,0.002,35.7,26.6,0.299,21,278,25.122,96.909,0.333,79.424,,,,,0
2026-10-04T14:00Z,2026-10-06T14:00Z,3019320,48,29.5,33,12,13.9,20.3,h,33,20.3,,,0,0,57.12,1.276,0.004,35.7,26.6,0.299,21,279,25.398,97.256,0.516,346.277,,,,,0
2026-10-04T14:00Z,2026-10-04T15:00Z,3047340,1,15.3,12.2,10.2,8,7.6,h,12.2,7.6,,,0,0.001,39.582,0.39,0,12.5,7.6,-0.22,22,277,23.384,97.463,0.325,22.098,,,,,0
2026-10-04T14:00Z,2026-10-04T17:00Z,3047340,3,11.8,9.5,9.9,7.8,7.6,h,9.5,7.6,,,0,0.004,20.104,0.261,0,12.5,7.6,-0.22,0,277,22.921,98.872,0.163,195.083,,,,,0
2026-10-04T14:00Z,2026-10-04T20:00Z,3047340,6,10.1,8.2,9.6,7.6,7.5,h,8.2,7.5,,,0,0.004,128.251,1.906,0.233,12.5,7.6,-0.22,3,277,22.199,97.654,0.938,343.939,,,,,0
2026-10-04T14:00Z,2026-10-05T02:00Z,3047340,12,6.8,5.6,9.5,7.5,7.5,h,5.6,7.5,,,0,0.003,477.595,0.395,0,12.5,7.6,-0.22,9,278,24.901,83.942,0.282,309.379,,,,,0
2026-10-04T14:00Z,2026-10-05T14:00Z,3047340,24,13.2,11.5,10,8.3,7.8,h,11.5,7.8,,,0,0,40.835,0.764,0.006,12.5,7.6,-0.22,21,278,23.493,94.966,0.263,347.461,,,,,0
2026-10-04T14:00Z,2026-10-06T14:00Z,3047340,48,18,16.5,8.1,7.2,7.4,h,16.5,7.4,,,0,0,49.771,1.212,0.252,12.5,7.6,-0.22,21,279,22.002,97.924,0.637,293.821,,,,,0
2026-10-04T14:00Z,2026-10-04T15:00Z,3090636,1,20.5,19.2,30.5,28.5,21.5,h,19.2,21.5,,,0,0.003,90.979,0.827,0.271,28.6,21.5,-0.064,22,277,25.087,96.785,0.32,149.293,,,,,0
2026-10-04T14:00Z,2026-10-04T17:00Z,3090636,3,25.6,24.1,29.3,27.5,21.5,h,24.1,21.5,,,0,0.003,69.458,0.855,0,28.6,21.5,-0.064,0,277,25.03,96.417,0.351,111.167,,,,,0
2026-10-04T14:00Z,2026-10-04T20:00Z,3090636,6,28.7,27.1,27.7,26,21.6,h,27.1,21.6,,,0,0.008,97.147,1.753,0,28.6,21.5,-0.064,3,277,24.846,96.737,0.772,94.805,,,,,0
2026-10-04T14:00Z,2026-10-05T02:00Z,3090636,12,14.3,13.6,23.7,22.2,21.6,h,13.6,21.6,,,0,0.004,411.277,0.656,0.1,28.6,21.5,-0.064,9,278,28.22,82.411,0.512,96.999,,,,,0
2026-10-04T14:00Z,2026-10-05T14:00Z,3090636,24,10.1,9.7,17.9,16.9,20,h,9.7,20,,,0,0,58.728,0.727,0.027,28.6,21.5,-0.064,21,278,25.165,96.97,0.323,90.761,,,,,0
2026-10-04T14:00Z,2026-10-06T14:00Z,3090636,48,29.5,28.8,12,11.6,16.6,h,28.8,16.6,,,0,0,66.392,1.384,0.065,28.6,21.5,-0.064,21,279,25.375,97.044,0.534,356.747,,,,,0
2026-10-04T14:00Z,2026-10-04T15:00Z,3097120,1,16.1,31.4,15.4,30.9,22.7,h,31.4,22.7,,,0,0,89.998,0.774,0.209,25.4,22.7,0.667,22,277,25.274,96.336,0.295,131.496,,,,,0
2026-10-04T14:00Z,2026-10-04T17:00Z,3097120,3,23.6,44.4,16.1,32.1,22.8,h,44.4,22.8,,,0,0.001,68.893,0.694,0,25.4,22.7,0.667,0,277,25.169,96.058,0.224,113.374,,,,,0
2026-10-04T14:00Z,2026-10-04T20:00Z,3097120,6,26.6,48.1,17.5,34.4,23.3,h,48.1,23.3,,,0,0.003,98.603,1.48,0,25.4,22.7,0.667,3,277,24.927,96.474,0.647,93.8,,,,,0
2026-10-04T14:00Z,2026-10-05T02:00Z,3097120,12,24.2,40.9,20,37.4,25.6,h,40.9,25.6,,,0,0.003,423.252,0.601,0.1,25.4,22.7,0.667,9,278,28.208,82.499,0.456,76.537,,,,,0
2026-10-04T14:00Z,2026-10-05T14:00Z,3097120,24,29.8,44.8,29.9,49.8,31.4,h,44.8,31.4,,,0,0,61.37,0.586,0.055,25.4,22.7,0.667,21,278,25.214,96.779,0.256,94.616,,,,,0
2026-10-04T14:00Z,2026-10-06T14:00Z,3097120,48,42.7,54.6,22.6,31.1,26.9,h,54.6,26.9,,,0,0,80.184,1.621,0.133,25.4,22.7,0.667,21,279,25.361,96.807,0.657,0.098,,,,,0
2026-10-04T14:00Z,2026-10-04T15:00Z,3203249,1,4.5,11.3,4.9,12.5,10.5,h,11.3,10.5,,,0,0,252.042,2.213,0.158,15.2,10.5,0.84,22,277,27.105,86.574,1.897,295.283,,,,,0
2026-10-04T14:00Z,2026-10-04T17:00Z,3203249,3,3.9,9.6,4.6,12,10.5,h,9.6,10.5,,,0,0,249.907,2.879,0.063,15.2,10.5,0.84,0,277,26.857,87.171,2.376,318.414,,,,,0
2026-10-04T14:00Z,2026-10-04T20:00Z,3203249,6,3.1,7.5,4.3,11.2,10.4,h,7.5,10.4,,,0,0,357.12,2.698,0.014,15.2,10.5,0.84,3,277,26.877,85.328,2.13,324.447,,,,,0
2026-10-04T14:00Z,2026-10-05T02:00Z,3203249,12,3.7,7.9,4.1,10.1,10.1,h,7.9,10.1,,,0,0,439.371,2.206,0.004,15.2,10.5,0.84,9,278,27.393,81.642,1.858,275.811,,,,,0
2026-10-04T14:00Z,2026-10-05T14:00Z,3203249,24,3.1,5.8,3.5,7.7,9.6,h,5.8,9.6,,,0,0,409.294,3.837,0.879,15.2,10.5,0.84,21,278,26.879,86.467,2.83,301.104,,,,,0
2026-10-04T14:00Z,2026-10-06T14:00Z,3203249,48,2.5,3.7,3,5,7.7,h,3.7,7.7,,,0,0,285.829,3.089,0.691,15.2,10.5,0.84,21,279,26.194,88.325,2.394,290.001,,,,,0
2026-10-04T14:00Z,2026-10-04T15:00Z,3276359,1,49.5,44.3,37.9,33.8,28,h,44.3,28,,,0,0.022,131.287,1.444,0,41.9,28,-0.112,22,277,25.701,95.585,0.819,335.463,,,,,0
2026-10-04T14:00Z,2026-10-04T17:00Z,3276359,3,50.8,45.7,38.9,34.7,28.1,h,45.7,28.1,,,0,0.068,91.536,1.02,0.058,41.9,28,-0.112,0,277,25.456,96.268,0.636,330.963,,,,,0
2026-10-04T14:00Z,2026-10-04T20:00Z,3276359,6,49.7,45,40.1,35.9,28.7,h,45,28.7,,,0,0.023,111.076,1.69,0,41.9,28,-0.112,3,277,25.34,95.406,0.519,27.087,,,,,0
2026-10-04T14:00Z,2026-10-05T02:00Z,3276359,12,25.7,23.5,40.9,36.8,30.1,h,23.5,30.1,,,0,0.005,605.802,1.732,0.033,41.9,28,-0.112,9,278,28.612,79.317,1.405,329.621,,,,,0
2026-10-04T14:00Z,2026-10-05T14:00Z,3276359,24,62.9,58.8,41.6,38.1,31.2,h,58.8,31.2,,,0,0.002,154.766,0.447,0.086,41.9,28,-0.112,21,278,25.717,95.125,0.198,79.055,,,,,0
2026-10-04T14:00Z,2026-10-06T14:00Z,3276359,48,65,62.4,40.4,38.2,33.1,h,62.4,33.1,,,0,0.002,70.506,0.394,0.311,41.9,28,-0.112,21,279,25.258,95.056,0.248,97.017,,,,,0
2026-10-04T14:00Z,2026-10-04T15:00Z,3400922,1,6.2,18.3,5.9,18.2,19.7,h,18.3,19.7,,,0,0,268.295,2.896,0.089,39.6,19.7,1.029,22,277,26.175,89.04,1.829,248.249,,,,,0
2026-10-04T14:00Z,2026-10-04T17:00Z,3400922,3,6.9,19.4,5.7,17.7,19.6,h,19.4,19.6,,,0,0,224.723,2.322,0,39.6,19.7,1.029,0,277,25.929,88.908,1.677,240.303,,,,,0
2026-10-04T14:00Z,2026-10-04T20:00Z,3400922,6,7.2,19,5.8,17.4,19.5,h,19,19.5,,,0,0,208.812,2.063,0,39.6,19.7,1.029,3,277,25.401,90.391,1.533,237.549,,,,,0
2026-10-04T14:00Z,2026-10-05T02:00Z,3400922,12,4.2,10.4,5.5,16,18.5,h,10.4,18.5,,,0,0,465.493,3.508,0.254,39.6,19.7,1.029,9,278,26.799,84.437,2.869,235.134,,,,,0
2026-10-04T14:00Z,2026-10-05T14:00Z,3400922,24,3.8,7.8,4.5,11.5,17.1,h,7.8,17.1,,,0,0,268.805,2.6,0.497,39.6,19.7,1.029,21,278,25.768,89.454,1.843,226.373,,,,,0
2026-10-04T14:00Z,2026-10-06T14:00Z,3400922,48,5.7,8.7,3.7,6.6,13.2,h,8.7,13.2,,,0,0,316.923,2.419,0.02,39.6,19.7,1.029,21,279,26.09,87.237,1.526,209.866,,,,,0
2026-10-04T14:00Z,2026-10-04T15:00Z,3400935,1,16.1,21.9,15.4,21.3,16.4,h,21.9,16.4,,,0,0,85.709,0.682,0.208,14.3,16.4,0.306,22,277,25.314,96.23,0.227,138.775,,,,,0
2026-10-04T14:00Z,2026-10-04T17:00Z,3400935,3,23.6,31.6,16.1,22.1,16.5,h,31.6,16.5,,,0,0,68.782,0.758,0,14.3,16.4,0.306,0,277,25.193,96.146,0.262,117.137,,,,,0
2026-10-04T14:00Z,2026-10-04T20:00Z,3400935,6,26.6,34.9,17.5,23.9,17,h,34.9,17,,,0,0.003,97.066,1.498,0,14.3,16.4,0.306,3,277,24.953,96.493,0.639,98.699,,,,,0
2026-10-04T14:00Z,2026-10-05T02:00Z,3400935,12,24.2,30.8,20,26.6,18.5,h,30.8,18.5,,,0,0.003,423.171,0.673,0.1,14.3,16.4,0.306,9,278,28.233,82.563,0.517,84.84,,,,,0
2026-10-04T14:00Z,2026-10-05T14:00Z,3400935,24,29.8,35.9,29.9,37.8,23.2,h,35.9,23.2,,,0,0,61.095,0.625,0.061,14.3,16.4,0.306,21,278,25.219,96.91,0.298,102.572,,,,,0
2026-10-04T14:00Z,2026-10-06T14:00Z,3400935,48,42.7,47.8,22.6,26.2,21.3,h,47.8,21.3,,,0,0,80.225,1.612,0.146,14.3,16.4,0.306,21,279,25.352,96.775,0.621,3.947,,,,,0
2026-10-04T14:00Z,2026-10-04T15:00Z,3400936,1,16.1,25.1,15.4,24.5,20.1,h,25.1,20.1,,,0,0,85.692,0.682,0.209,17.7,20.1,0.44,22,277,25.314,96.232,0.227,138.941,,,,,0
2026-10-04T14:00Z,2026-10-04T17:00Z,3400936,3,23.6,35.9,16.1,25.4,20.2,h,35.9,20.2,,,0,0,68.786,0.759,0,17.7,20.1,0.44,0,277,25.193,96.149,0.263,117.139,,,,,0
2026-10-04T14:00Z,2026-10-04T20:00Z,3400936,6,26.6,39.4,17.5,27.4,20.6,h,39.4,20.6,,,0,0.003,97.054,1.5,0,17.7,20.1,0.44,3,277,24.953,96.494,0.64,98.739,,,,,0
2026-10-04T14:00Z,2026-10-05T02:00Z,3400936,12,24.2,34.2,20,30.3,21.9,h,34.2,21.9,,,0,0.003,423.095,0.674,0.1,17.7,20.1,0.44,9,278,28.233,82.563,0.518,85.021,,,,,0
2026-10-04T14:00Z,2026-10-05T14:00Z,3400936,24,29.8,39,29.9,41.9,27.1,h,39,27.1,,,0,0,61.076,0.626,0.061,17.7,20.1,0.44,21,278,25.219,96.912,0.299,102.575,,,,,0
2026-10-04T14:00Z,2026-10-06T14:00Z,3400936,48,42.7,50.2,22.6,27.9,24,h,50.2,24,,,0,0,80.139,1.61,0.146,17.7,20.1,0.44,21,279,25.352,96.776,0.62,3.968,,,,,0
2026-10-04T14:00Z,2026-10-04T15:00Z,3400937,1,20.5,24.9,30.5,37.2,24.6,h,24.9,24.6,,,0,0.005,94.076,0.894,0.315,33,24.6,0.195,22,277,24.94,97.15,0.391,156.658,,,,,0
2026-10-04T14:00Z,2026-10-04T17:00Z,3400937,3,25.6,30.8,29.3,35.8,24.6,h,30.8,24.6,,,0,0.006,69.816,0.896,0,33,24.6,0.195,0,277,24.92,96.613,0.395,107.562,,,,,0
2026-10-04T14:00Z,2026-10-04T20:00Z,3400937,6,28.7,34.2,27.7,33.7,24.7,h,34.2,24.7,,,0,0.011,96.467,1.904,0,33,24.6,0.195,3,277,24.772,96.927,0.847,92.114,,,,,0
2026-10-04T14:00Z,2026-10-05T02:00Z,3400937,12,14.3,16.8,23.7,28.6,25,h,16.8,25,,,0,0.004,403.277,0.653,0.1,33,24.6,0.195,9,278,28.211,82.371,0.517,104.021,,,,,0
2026-10-04T14:00Z,2026-10-05T14:00Z,3400937,24,10.1,11.5,17.9,21,23.5,h,11.5,23.5,,,0,0,57.211,0.787,0.009,33,24.6,0.195,21,278,25.12,97.019,0.336,84.72,,,,,0
2026-10-04T14:00Z,2026-10-06T14:00Z,3400937,48,29.5,31.7,12,13.2,18.9,h,31.7,18.9,,,0,0,57.158,1.249,0.022,33,24.6,0.195,21,279,25.391,97.242,0.482,349.11,,,,,0
2026-10-04T14:00Z,2026-10-04T15:00Z,3400941,1,20.5,19.3,30.5,28.6,18.9,h,19.3,18.9,,,0,0.007,91.778,0.86,0.313,23.7,18.9,-0.06,22,277,24.969,97.077,0.363,160.475,,,,,0
2026-10-04T14:00Z,2026-10-04T17:00Z,3400941,3,25.6,24.2,29.3,27.6,18.9,h,24.2,18.9,,,0,0.006,69.727,0.916,0,23.7,18.9,-0.06,0,277,24.938,96.646,0.404,109.363,,,,,0
2026-10-04T14:00Z,2026-10-04T20:00Z,3400941,6,28.7,27.2,27.7,26.1,19,h,27.2,19,,,0,0.011,95.648,1.896,0,23.7,18.9,-0.06,3,277,24.788,96.93,0.833,93.992,,,,,0
2026-10-04T14:00Z,2026-10-05T02:00Z,3400941,12,14.3,13.6,23.7,22.3,19.4,h,13.6,19.4,,,0,0.003,403.692,0.701,0.1,23.7,18.9,-0.06,9,278,28.223,82.414,0.556,105.633,,,,,0
2026-10-04T14:00Z,2026-10-05T14:00Z,3400941,24,10.1,9.7,17.9,17,18.3,h,9.7,18.3,,,0,0,57.178,0.789,0.014,23.7,18.9,-0.06,21,278,25.124,97.08,0.344,88.191,,,,,0
2026-10-04T14:00Z,2026-10-06T14:00Z,3400941,48,29.5,28.8,12,11.7,15.3,h,28.8,15.3,,,0,0,57.714,1.242,0.033,23.7,18.9,-0.06,21,279,25.385,97.218,0.465,351.644,,,,,0
2026-10-04T14:00Z,2026-10-04T15:00Z,3400955,1,5.8,23.8,8.3,35,21.1,h,23.8,21.1,,,0,0,83.24,1.858,0.061,43.1,21.1,1.351,22,277,24.673,99.758,0.971,67.575,,,,,0
2026-10-04T14:00Z,2026-10-04T17:00Z,3400955,3,4.3,17.4,8.3,34.8,21.1,h,17.4,21.1,,,0,0,78.479,1.759,0.005,43.1,21.1,1.351,0,277,24.384,99.848,1.158,174.116,,,,,0
2026-10-04T14:00Z,2026-10-04T20:00Z,3400955,6,2.9,11.5,8,33.3,21.1,h,11.5,21.1,,,0,0,59.725,1.317,0,43.1,21.1,1.351,3,277,23.926,99.799,0.958,71.608,,,,,0
2026-10-04T14:00Z,2026-10-05T02:00Z,3400955,12,3.4,11.3,5.8,23.7,20.2,h,11.3,20.2,,,0,0,406.034,2.802,0.231,43.1,21.1,1.351,9,278,25.68,89.756,2.22,58.528,,,,,0
2026-10-04T14:00Z,2026-10-05T14:00Z,3400955,24,2.7,7.3,3.4,11.5,18,h,7.3,18,,,0,0,284.875,3.986,0,43.1,21.1,1.351,21,278,23.696,95.708,1.481,58.409,,,,,0
2026-10-04T14:00Z,2026-10-06T14:00Z,3400955,48,13.5,22.6,8.5,16.2,18.6,h,22.6,18.6,,,0,0,160.822,4.081,0,43.1,21.1,1.351,21,279,23.016,88.95,1.779,92.961,,,,,0
2026-10-04T14:00Z,2026-10-04T15:00Z,3400984,1,16.6,12.3,16.7,12.2,18,h,12.3,18,,,0,0,50.861,1.16,0,28.2,18,-0.294,22,277,25.821,91.883,0.49,200.007,,,,,0
2026-10-04T14:00Z,2026-10-04T17:00Z,3400984,3,17.1,12.8,16.8,12.3,17.9,h,12.8,17.9,,,0,0,58.899,1.159,0,28.2,18,-0.294,0,277,25.569,93.891,0.604,150.748,,,,,0
2026-10-04T14:00Z,2026-10-04T20:00Z,3400984,6,17.9,13.7,16.9,12.4,17.6,h,13.7,17.6,,,0,0.001,119.455,1.427,0.032,28.2,18,-0.294,3,277,25.152,95.421,0.645,122.7,,,,,0
2026-10-04T14:00Z,2026-10-05T02:00Z,3400984,12,12.8,10,15.5,11.6,16.3,h,10,16.3,,,0,0.002,684.265,1.714,0.032,28.2,18,-0.294,9,278,29.013,73.971,1.399,12.774,,,,,0
2026-10-04T14:00Z,2026-10-05T14:00Z,3400984,24,16.5,13.7,15.3,12,16.1,h,13.7,16.1,,,0,0,149.369,1.931,1.953,28.2,18,-0.294,21,278,25.082,95.228,1.001,314.64,,,,,0
2026-10-04T14:00Z,2026-10-06T14:00Z,3400984,48,15.1,13.5,10.6,9.1,13.6,h,13.5,13.6,,,0,0,143.471,1.197,2.309,28.2,18,-0.294,21,279,24.409,94.943,0.928,119.864,,,,,0
2026-10-04T14:00Z,2026-10-04T15:00Z,3400986,1,8.7,11.9,13.7,18.7,30.9,h,11.9,30.9,,,0,0,157.17,3.523,1.079,2.4,30.9,0.293,22,277,23.947,97.266,2.039,76.9,,,,,0
2026-10-04T14:00Z,2026-10-04T17:00Z,3400986,3,7.9,10.7,12.9,17.7,30.7,h,10.7,30.7,,,0,0,81.014,1.351,0.085,2.4,30.9,0.293,0,277,23.612,97.355,0.604,69.466,,,,,0
2026-10-04T14:00Z,2026-10-04T20:00Z,3400986,6,5,6.7,11.6,15.8,29.9,h,6.7,29.9,,,0,0,136.172,2.215,0.069,2.4,30.9,0.293,3,277,23.646,97.721,1.246,58.777,,,,,0
2026-10-04T14:00Z,2026-10-05T02:00Z,3400986,12,4.8,6.3,8.5,11.6,27.1,h,6.3,27.1,,,0,0,454.408,3.999,1.132,2.4,30.9,0.293,9,278,24.28,89.978,2.941,74.192,,,,,0
2026-10-04T14:00Z,2026-10-05T14:00Z,3400986,24,8.3,10.1,5.3,6.9,23.2,h,10.1,23.2,,,0,0,112.756,2.876,0.051,2.4,30.9,0.293,21,278,23.896,96.978,0.946,56.872,,,,,0
2026-10-04T14:00Z,2026-10-06T14:00Z,3400986,48,8.9,10,8.1,9.4,20.2,h,10,20.2,,,0,0,77.583,3.166,0,2.4,30.9,0.293,21,279,23.878,84.982,1.283,77.133,,,,,0
2026-10-04T14:00Z,2026-10-04T15:00Z,3401031,1,16.1,29.4,15.4,28.8,20.8,h,29.4,20.8,,,0,0,89.078,0.752,0.21,21.7,20.8,0.599,22,277,25.28,96.321,0.279,133.28,,,,,0
2026-10-04T14:00Z,2026-10-04T17:00Z,3401031,3,23.6,41.7,16.1,29.9,20.9,h,41.7,20.9,,,0,0.001,68.876,0.71,0,21.7,20.8,0.599,0,277,25.172,96.084,0.233,114.186,,,,,0
2026-10-04T14:00Z,2026-10-04T20:00Z,3401031,6,26.6,45.3,17.5,32.1,21.4,h,45.3,21.4,,,0,0.003,98.224,1.487,0,21.7,20.8,0.599,3,277,24.931,96.483,0.646,94.853,,,,,0
2026-10-04T14:00Z,2026-10-05T02:00Z,3401031,12,24.2,38.8,20,35.1,23.6,h,38.8,23.6,,,0,0.003,423.029,0.615,0.1,21.7,20.8,0.599,9,278,28.214,82.513,0.469,78.799,,,,,0
2026-10-04T14:00Z,2026-10-05T14:00Z,3401031,24,29.8,43,29.9,47.3,29.3,h,43,29.3,,,0,0,61.268,0.595,0.056,21.7,20.8,0.599,21,278,25.214,96.811,0.265,96.339,,,,,0
2026-10-04T14:00Z,2026-10-06T14:00Z,3401031,48,42.7,53.2,22.6,30.1,25.4,h,53.2,25.4,,,0,0,79.959,1.614,0.135,21.7,20.8,0.599,21,279,25.359,96.805,0.647,0.84,,,,,0
2026-10-04T14:00Z,2026-10-04T15:00Z,3402586,1,16.2,18.2,19.3,21.8,25.8,h,18.2,25.8,,,0,0.001,65.518,1.017,0.279,24.1,25.8,0.115,22,277,25.249,96.288,0.195,183.96,,,,,0
2026-10-04T14:00Z,2026-10-04T17:00Z,3402586,3,20.4,22.8,19,21.4,25.7,h,22.8,25.7,,,0,0.001,69.796,1.663,0,24.1,25.8,0.115,0,277,25.157,97.037,0.866,124.619,,,,,0
2026-10-04T14:00Z,2026-10-04T20:00Z,3402586,6,20.3,22.5,18.7,21.1,25.5,h,22.5,25.5,,,0,0.001,92.831,2.452,0,24.1,25.8,0.115,3,277,25.015,96.714,1.044,121.592,,,,,0
2026-10-04T14:00Z,2026-10-05T02:00Z,3402586,12,13.7,15,17,19.1,23.9,h,15,23.9,,,0,0,406.292,1.59,0.1,24.1,25.8,0.115,9,278,28.403,82.238,1.279,123.263,,,,,0
2026-10-04T14:00Z,2026-10-05T14:00Z,3402586,24,13.7,14.7,18.2,19.9,23.9,h,14.7,23.9,,,0,0,55.121,1.305,0.01,24.1,25.8,0.115,21,278,25.269,97.873,0.826,116.92,,,,,0
2026-10-04T14:00Z,2026-10-06T14:00Z,3402586,48,31.2,32.6,13.9,14.7,20.3,h,32.6,20.3,,,0,0,60.919,1.545,0.024,24.1,25.8,0.115,21,279,25.319,96.742,0.608,37.289,,,,,0
2026-10-04T14:00Z,2026-10-04T15:00Z,3402593,1,16.2,12.5,19.3,14.8,21.9,h,12.5,21.9,,,0,0.001,65.672,1.012,0.278,12.8,21.9,-0.255,22,277,25.25,96.288,0.194,183.861,,,,,0
2026-10-04T14:00Z,2026-10-04T17:00Z,3402593,3,20.4,15.9,19,14.5,21.8,h,15.9,21.8,,,0,0.001,69.785,1.654,0,12.8,21.9,-0.255,0,277,25.157,97.031,0.86,124.591,,,,,0
2026-10-04T14:00Z,2026-10-04T20:00Z,3402593,6,20.3,16.1,18.7,14.4,21.5,h,16.1,21.5,,,0,0.001,92.835,2.442,0,12.8,21.9,-0.255,3,277,25.014,96.713,1.039,121.465,,,,,0
2026-10-04T14:00Z,2026-10-05T02:00Z,3402593,12,13.7,11.1,17,13.2,20,h,11.1,20,,,0,0,406.413,1.581,0.1,12.8,21.9,-0.255,9,278,28.402,82.243,1.272,123.128,,,,,0
2026-10-04T14:00Z,2026-10-05T14:00Z,3402593,24,13.7,11.6,18.2,14.8,19.6,h,11.6,19.6,,,0,0,55.169,1.298,0.011,12.8,21.9,-0.255,21,278,25.268,97.865,0.821,116.877,,,,,0
2026-10-04T14:00Z,2026-10-06T14:00Z,3402593,48,31.2,28.4,13.9,12.3,17.1,h,28.4,17.1,,,0,0,61.061,1.543,0.026,12.8,21.9,-0.255,21,279,25.32,96.744,0.604,36.983,,,,,0
2026-10-04T14:00Z,2026-10-04T15:00Z,3402594,1,16.2,14,19.3,16.6,21.7,h,14,21.7,,,0,0.001,65.648,0.997,0.273,16.8,21.7,-0.143,22,277,25.265,96.25,0.182,182.658,,,,,0
2026-10-04T14:00Z,2026-10-04T17:00Z,3402594,3,20.4,17.8,19,16.4,21.6,h,17.8,21.6,,,0,0.001,69.751,1.646,0,16.8,21.7,-0.143,0,277,25.169,96.997,0.853,124.768,,,,,0
2026-10-04T14:00Z,2026-10-04T20:00Z,3402594,6,20.3,17.8,18.7,16.1,21.4,h,17.8,21.4,,,0,0.001,93.082,2.425,0,16.8,21.7,-0.143,3,277,25.022,96.686,1.034,121.71,,,,,0
2026-10-04T14:00Z,2026-10-05T02:00Z,3402594,12,13.7,12.2,17,14.8,20,h,12.2,20,,,0,0,407.462,1.568,0.1,16.8,21.7,-0.143,9,278,28.401,82.24,1.261,122.727,,,,,0
2026-10-04T14:00Z,2026-10-05T14:00Z,3402594,24,13.7,12.5,18.2,16.2,19.9,h,12.5,19.9,,,0,0,55.387,1.292,0.012,16.8,21.7,-0.143,21,278,25.274,97.847,0.82,117.173,,,,,0
2026-10-04T14:00Z,2026-10-06T14:00Z,3402594,48,31.2,29.6,13.9,13,17.4,h,29.6,17.4,,,0,0,62.257,1.567,0.03,16.8,21.7,-0.143,21,279,25.318,96.72,0.612,36.881,,,,,0
2026-10-04T14:00Z,2026-10-04T15:00Z,3405765,1,16.6,12.6,16.7,12.6,23.4,h,12.6,23.4,,,0,0,50.714,1.154,0,14.1,23.4,-0.267,22,277,25.808,91.92,0.489,200.138,,,,,0
2026-10-04T14:00Z,2026-10-04T17:00Z,3405765,3,17.1,13.2,16.8,12.6,23.2,h,13.2,23.2,,,0,0,58.713,1.154,0,14.1,23.4,-0.267,0,277,25.556,93.917,0.602,150.839,,,,,0
2026-10-04T14:00Z,2026-10-04T20:00Z,3405765,6,17.9,14,16.9,12.8,22.9,h,14,22.9,,,0,0.001,119.036,1.419,0.032,14.1,23.4,-0.267,3,277,25.139,95.435,0.643,122.837,,,,,0
2026-10-04T14:00Z,2026-10-05T02:00Z,3405765,12,12.8,10.3,15.5,11.9,21.2,h,10.3,21.2,,,0,0.002,684.226,1.713,0.032,14.1,23.4,-0.267,9,278,29.004,73.996,1.398,12.627,,,,,0
2026-10-04T14:00Z,2026-10-05T14:00Z,3405765,24,16.5,13.9,15.3,12.3,19.8,h,13.9,19.8,,,0,0,149.247,1.93,1.944,14.1,23.4,-0.267,21,278,25.074,95.246,1,314.716,,,,,0
2026-10-04T14:00Z,2026-10-06T14:00Z,3405765,48,15.1,13.6,10.6,9.2,16.3,h,13.6,16.3,,,0,0,142.99,1.195,2.297,14.1,23.4,-0.267,21,279,24.402,94.961,0.927,119.992,,,,,0
2026-10-04T14:00Z,2026-10-04T15:00Z,3412669,1,8.7,6.2,13.7,9.9,26.4,h,6.2,26.4,,,0,0,149.633,3.232,0.994,0.3,26.4,-0.306,22,277,24.043,97.316,1.849,71.726,,,,,0
2026-10-04T14:00Z,2026-10-04T17:00Z,3412669,3,7.9,5.7,12.9,9.3,26.2,h,5.7,26.2,,,0,0,78.559,1.376,0.093,0.3,26.4,-0.306,0,277,23.746,97.516,0.555,69.544,,,,,0
2026-10-04T14:00Z,2026-10-04T20:00Z,3412669,6,5,3.6,11.6,8.3,25.6,h,3.6,25.6,,,0,0,129.493,2.06,0.052,0.3,26.4,-0.306,3,277,23.801,97.586,1.157,57.291,,,,,0
2026-10-04T14:00Z,2026-10-05T02:00Z,3412669,12,4.8,3.6,8.5,6.1,22.6,h,3.6,22.6,,,0,0,440.521,3.628,1.535,0.3,26.4,-0.306,9,278,24.279,90.191,2.643,70.428,,,,,0
2026-10-04T14:00Z,2026-10-05T14:00Z,3412669,24,8.3,6.8,5.3,4,19.2,h,6.8,19.2,,,0,0,108.701,2.835,0.098,0.3,26.4,-0.306,21,278,23.914,96.93,0.896,57.889,,,,,0
2026-10-04T14:00Z,2026-10-06T14:00Z,3412669,48,8.9,7.9,8.1,6.9,16.7,h,7.9,16.7,,,0,0,81.158,3.355,0,0.3,26.4,-0.306,21,279,24.045,83.662,1.36,78.847,,,,,0
2026-10-04T14:00Z,2026-10-04T15:00Z,3478631,1,3.4,5.6,4.9,7.9,4.6,h,5.6,4.6,,,0,0,115.971,2.515,0.927,9,4.6,0.42,22,277,22.135,95.774,1.615,86.335,,,,,0
2026-10-04T14:00Z,2026-10-04T17:00Z,3478631,3,3.1,5,4.6,7.5,4.6,h,5,4.6,,,0,0,83.67,1.403,0.029,9,4.6,0.42,0,277,21.977,95.686,0.739,52.564,,,,,0
2026-10-04T14:00Z,2026-10-04T20:00Z,3478631,6,2.2,3.6,4.2,6.9,4.6,h,3.6,4.6,,,0,0,90.873,1.522,0,9,4.6,0.42,3,277,21.716,96.845,1.019,70.191,,,,,0
2026-10-04T14:00Z,2026-10-05T02:00Z,3478631,12,2.8,4.2,3.9,6.3,4.8,h,4.2,4.8,,,0,0,502.157,2.854,0.747,9,4.6,0.42,9,278,23.424,88.759,1.941,68.271,,,,,0
2026-10-04T14:00Z,2026-10-05T14:00Z,3478631,24,4.2,5.7,2.7,4.1,4.5,h,5.7,4.5,,,0,0,99.551,2.821,0.258,9,4.6,0.42,21,278,22.446,96.434,1.049,68.602,,,,,0
2026-10-04T14:00Z,2026-10-06T14:00Z,3478631,48,8.4,9.9,6,7.5,6,h,9.9,6,,,0,0,69.926,2.839,0,9,4.6,0.42,21,279,22.034,83.766,1.432,74.427,,,,,0
2026-10-04T14:00Z,2026-10-04T15:00Z,3493785,1,7.3,6,7.2,5.8,7,h,6,7,,,0,0,32.088,0.424,0.028,3.8,7,-0.177,22,277,20.805,98.821,0.018,123.744,,,,,0
2026-10-04T14:00Z,2026-10-04T17:00Z,3493785,3,5.6,4.6,6.8,5.5,7,h,4.6,7,,,0,0,20.375,1.003,0.234,3.8,7,-0.177,0,277,20.414,98.381,0.131,101.419,,,,,0
2026-10-04T14:00Z,2026-10-04T20:00Z,3493785,6,4.5,3.7,6.1,5,7,h,3.7,7,,,0,0,31.332,0.586,0.21,3.8,7,-0.177,3,277,20.122,99,0.089,96.529,,,,,0
2026-10-04T14:00Z,2026-10-05T02:00Z,3493785,12,1.6,1.3,5.4,4.4,6.5,h,1.3,6.5,,,0,0,387.762,1.722,0.38,3.8,7,-0.177,9,278,22.019,92.924,1.167,62.257,,,,,0
2026-10-04T14:00Z,2026-10-05T14:00Z,3493785,24,3,2.6,3,2.5,5.5,h,2.6,5.5,,,0,0,331.828,3.583,0.027,3.8,7,-0.177,21,278,21.179,90.593,1.403,91.703,,,,,0
2026-10-04T14:00Z,2026-10-06T14:00Z,3493785,48,7.3,6.8,7.2,6.5,6.8,h,6.8,6.8,,,0,0,126.16,3.189,0,3.8,7,-0.177,21,279,20.925,79.095,1.075,82.358,,,,,0
2026-10-04T14:00Z,2026-10-04T15:00Z,3493786,1,8.3,20.9,7.8,20.6,27.8,h,20.9,27.8,,,0,0.001,34.574,0.288,0.06,37.6,27.8,0.895,22,277,24.137,99.456,0.136,103.389,,,,,0
2026-10-04T14:00Z,2026-10-04T17:00Z,3493786,3,5.8,14.5,7.8,20.5,27.8,h,14.5,27.8,,,0,0.001,77.511,0.858,0,37.6,27.8,0.895,0,277,23.925,98.868,0.577,114.759,,,,,0
2026-10-04T14:00Z,2026-10-04T20:00Z,3493786,6,3.4,8.5,7.6,19.8,27.5,h,8.5,27.5,,,0,0,117.206,1.882,0,37.6,27.8,0.895,3,277,23.325,97.743,1.137,61.72,,,,,0
2026-10-04T14:00Z,2026-10-05T02:00Z,3493786,12,3.5,7.9,6.2,15.8,25,h,7.9,25,,,0,0.004,564.614,3.054,0.155,37.6,27.8,0.895,9,278,25.74,85.056,2.243,36.179,,,,,0
2026-10-04T14:00Z,2026-10-05T14:00Z,3493786,24,2.2,4.4,3.7,8.6,21.7,h,4.4,21.7,,,0,0,296.102,4.108,0,37.6,27.8,0.895,21,278,22.275,88.633,1.97,28.341,,,,,0
2026-10-04T14:00Z,2026-10-06T14:00Z,3493786,48,21.3,29.8,11,16.7,22.3,h,29.8,22.3,,,0,0,300.946,4.785,0,37.6,27.8,0.895,21,279,22.071,75.915,2.554,34.221,,,,,0
2026-10-04T14:00Z,2026-10-04T15:00Z,3493787,1,8.3,14.6,7.8,14.2,14.5,h,14.6,14.5,,,0,0,21.165,0.31,0.001,14.4,14.5,0.542,22,277,24.864,99.911,0.165,148.762,,,,,0
2026-10-04T14:00Z,2026-10-04T17:00Z,3493787,3,5.8,10.2,7.8,14.1,14.4,h,10.2,14.4,,,0,0.001,71.859,1.3,0,14.4,14.5,0.542,0,277,24.662,98.203,0.893,146.153,,,,,0
2026-10-04T14:00Z,2026-10-04T20:00Z,3493787,6,3.4,6,7.6,13.7,14.2,h,6,14.2,,,0,0,121.419,2.24,0,14.4,14.5,0.542,3,277,23.975,97.137,1.319,75.734,,,,,0
2026-10-04T14:00Z,2026-10-05T02:00Z,3493787,12,3.5,5.8,6.2,11,13.4,h,5.8,13.4,,,0,0.003,572.125,2.39,0.182,14.4,14.5,0.542,9,278,26.552,86.457,1.856,49.275,,,,,0
2026-10-04T14:00Z,2026-10-05T14:00Z,3493787,24,2.2,3.4,3.7,6.3,11.9,h,3.4,11.9,,,0,0.001,194.47,3.803,0,14.4,14.5,0.542,21,278,22.995,89.512,1.624,55.276,,,,,0
2026-10-04T14:00Z,2026-10-06T14:00Z,3493787,48,21.3,26.1,11,14.2,14.4,h,26.1,14.4,,,0,0,275.932,4.922,0,14.4,14.5,0.542,21,279,22.657,77.271,2.697,57.659,,,,,0
2026-10-04T14:00Z,2026-10-04T15:00Z,3499026,1,6.2,1.4,6.2,1.3,2.4,h,1.4,2.4,,,0,0,44.14,1.185,0,1.7,2.4,-1.163,22,277,19.861,96.812,0.466,150.765,,,,,0
2026-10-04T14:00Z,2026-10-04T17:00Z,3499026,3,4.1,0.7,5.9,1.2,2.4,h,0.7,2.4,,,0,0,41.452,1.139,0.129,1.7,2.4,-1.163,0,277,19.62,96.571,0.618,185.977,,,,,0
2026-10-04T14:00Z,2026-10-04T20:00Z,3499026,6,3.2,0.5,5.5,1.1,2.3,h,0.5,2.3,,,0,0,33.31,1.208,0,1.7,2.4,-1.163,3,277,19.107,97.812,0.49,87.942,,,,,0
2026-10-04T14:00Z,2026-10-05T02:00Z,3499026,12,2.3,0.4,5.3,1.1,2.2,h,0.4,2.2,,,0,0,231.463,1.931,0.297,1.7,2.4,-1.163,9,278,20.962,93.408,1.382,53.308,,,,,0
2026-10-04T14:00Z,2026-10-05T14:00Z,3499026,24,3.3,1.2,3.1,0.7,1.9,h,1.2,1.9,,,0,0,57.905,2.418,0.065,1.7,2.4,-1.163,21,278,19.518,97.899,0.861,81.848,,,,,0
2026-10-04T14:00Z,2026-10-06T14:00Z,3499026,48,7.5,4.6,6,3.2,2.8,h,4.6,2.8,,,0,0,184.402,2.895,0,1.7,2.4,-1.163,21,279,19.893,85.935,1.072,109.744,,,,,0
2026-10-04T14:00Z,2026-10-04T15:00Z,3501135,1,9.1,29.5,9.9,33.4,25.9,h,29.5,25.9,,,0,0.048,62.251,1.432,0.315,53.5,25.9,1.152,22,277,24.898,96,0.702,104.216,,,,,0
2026-10-04T14:00Z,2026-10-04T17:00Z,3501135,3,6.9,21.8,9.4,31.5,25.8,h,21.8,25.8,,,0,0.021,114.635,1.107,2.903,53.5,25.9,1.152,0,277,23.16,96.824,0.935,24.92,,,,,0
2026-10-04T14:00Z,2026-10-04T20:00Z,3501135,6,4.2,13.1,8.3,28,25.6,h,13.1,25.6,,,0,0.008,205.336,1.633,3.397,53.5,25.9,1.152,3,277,22.15,95.037,1.062,110.364,,,,,0
2026-10-04T14:00Z,2026-10-05T02:00Z,3501135,12,4.8,13,6.9,22.5,24.4,h,13,24.4,,,0,0.001,396.8,1.39,0.007,53.5,25.9,1.152,9,278,24.366,83.917,1.019,21.581,,,,,0
2026-10-04T14:00Z,2026-10-05T14:00Z,3501135,24,5.5,11.9,5.2,14.3,22.2,h,11.9,22.2,,,0,0,67.395,1.471,0.089,53.5,25.9,1.152,21,278,23.301,96.272,0.595,349.944,,,,,0
2026-10-04T14:00Z,2026-10-06T14:00Z,3501135,48,14.4,22.3,5.6,9.9,17.9,h,22.3,17.9,,,0,0,38.662,1.119,0.05,53.5,25.9,1.152,21,279,23.135,94.305,0.469,48.253,,,,,0
2026-10-04T14:00Z,2026-10-04T15:00Z,3501136,1,11.8,26.9,11.8,27.8,17.6,h,26.9,17.6,,,0,0.02,63.153,1.233,1.251,34.7,17.6,0.811,22,277,23.071,98.517,0.267,142.558,,,,,0
2026-10-04T14:00Z,2026-10-04T17:00Z,3501136,3,6.7,15.2,11.3,26.5,17.6,h,15.2,17.6,,,0,0.012,58.969,0.392,0.174,34.7,17.6,0.811,0,277,22.628,99.26,0.33,26.377,,,,,0
2026-10-04T14:00Z,2026-10-04T20:00Z,3501136,6,5.7,12.5,10.1,23.7,17.7,h,12.5,17.7,,,0,0.003,109.674,0.573,3.417,34.7,17.6,0.811,3,277,21.205,98.164,0.347,173.993,,,,,0
2026-10-04T14:00Z,2026-10-05T02:00Z,3501136,12,4.5,9.2,8.2,18.8,17.4,h,9.2,17.4,,,0,0,306.234,1.517,0.023,34.7,17.6,0.811,9,278,23.267,88.071,1.099,68.671,,,,,0
2026-10-04T14:00Z,2026-10-05T14:00Z,3501136,24,5.5,9.5,5.7,11.7,15.7,h,9.5,15.7,,,0,0,32.881,1.15,0,34.7,17.6,0.811,21,278,22.253,97.967,0.363,48.995,,,,,0
2026-10-04T14:00Z,2026-10-06T14:00Z,3501136,48,10.9,14.9,5.2,8,12.8,h,14.9,12.8,,,0,0,19.391,0.496,0,34.7,17.6,0.811,21,279,22.169,97.003,0.137,26.294,,,,,0
2026-10-04T14:00Z,2026-10-04T15:00Z,3501137,1,8.9,12.5,,,,h,12.5,,,,0,0,32.127,0.378,0,,,0.338,22,277,20.762,98.929,0.074,135.794,,,,,0
2026-10-04T14:00Z,2026-10-04T17:00Z,3501137,3,8.5,11.8,,,,h,11.8,,,,0,0,11.233,0.663,0.011,,,0.338,0,277,20.426,98.357,0.075,108.176,,,,,0
2026-10-04T14:00Z,2026-10-04T20:00Z,3501137,6,7.9,10.8,,,,h,10.8,,,,0,0,23.24,0.256,0,,,0.338,3,277,20.209,98.971,0.081,85.055,,,,,0
2026-10-04T14:00Z,2026-10-05T02:00Z,3501137,12,2.9,4,,,,h,4,,,,0,0,379.161,1.407,0.334,,,0.338,9,278,22.137,93.039,1.019,47.528,,,,,0
2026-10-04T14:00Z,2026-10-05T14:00Z,3501137,24,4.8,6,,,,h,6,,,,0,0,264.905,2.717,0.069,,,0.338,21,278,21.272,92.488,0.956,91.065,,,,,0
2026-10-04T14:00Z,2026-10-06T14:00Z,3501137,48,8.5,9.7,,,,h,9.7,,,,0,0,102.384,2.413,0,,,0.338,21,279,21.018,81.795,0.71,73.447,,,,,0
2026-10-04T14:00Z,2026-10-04T15:00Z,3503723,1,6.2,6.2,8.7,8.7,9.8,h,6.2,9.8,,,0,0,87.856,1.346,0.512,0.3,9.8,-0.003,22,277,23.205,97.027,0.925,85.518,,,,,0
2026-10-04T14:00Z,2026-10-04T17:00Z,3503723,3,4.7,4.7,7.8,7.8,9.8,h,4.7,9.8,,,0,0,71.676,1.357,0.015,0.3,9.8,-0.003,0,277,23.005,98.027,0.666,47.787,,,,,0
2026-10-04T14:00Z,2026-10-04T20:00Z,3503723,6,2.8,2.8,6.5,6.5,9.6,h,2.8,9.6,,,0,0,81.939,0.878,0.04,0.3,9.8,-0.003,3,277,22.722,97.605,0.47,85.593,,,,,0
2026-10-04T14:00Z,2026-10-05T02:00Z,3503723,12,2.1,2.1,4.6,4.6,9,h,2.1,9,,,0,0,543.237,1.423,0.402,0.3,9.8,-0.003,9,278,24.762,85.047,0.813,36.918,,,,,0
2026-10-04T14:00Z,2026-10-05T14:00Z,3503723,24,3,3,2.7,2.7,7.5,h,3,7.5,,,0,0,239.601,1.851,0,0.3,9.8,-0.003,21,278,22.735,90.097,0.916,19.822,,,,,0
2026-10-04T14:00Z,2026-10-06T14:00Z,3503723,48,17.8,17.8,10.8,10.8,10.3,h,17.8,10.3,,,0,0,159.348,3.625,0,0.3,9.8,-0.003,21,279,22.238,76.294,1.599,11.31,,,,,0
2026-10-04T14:00Z,2026-10-04T15:00Z,3503724,1,4.2,6.9,7.9,12.7,6.2,h,6.9,6.2,,,0,0.008,39.594,0.899,0.01,5.6,6.2,0.432,22,277,22.736,98.585,0.351,280.004,,,,,0
2026-10-04T14:00Z,2026-10-04T17:00Z,3503724,3,1.5,2.7,6.8,11,6.3,h,2.7,6.3,,,0,0.018,89.53,1.627,0.091,5.6,6.2,0.432,0,277,22.445,99.585,1,38.225,,,,,0
2026-10-04T14:00Z,2026-10-04T20:00Z,3503724,6,1.7,2.9,5.2,8.5,6.3,h,2.9,6.3,,,0,0.031,184.822,2.49,0.237,5.6,6.2,0.432,3,277,21.833,97.985,1.387,30.171,,,,,0
2026-10-04T14:00Z,2026-10-05T02:00Z,3503724,12,0.8,1.5,3.1,5.2,6.1,h,1.5,6.1,,,0,0.006,638.94,4.635,0.117,5.6,6.2,0.432,9,278,24.161,82.119,3.176,19.193,,,,,0
2026-10-04T14:00Z,2026-10-05T14:00Z,3503724,24,4,5.5,1.9,3.1,5.2,h,5.5,5.2,,,0,0,456.794,6.124,0,5.6,6.2,0.432,21,278,20.114,84.075,3.601,351.521,,,,,0
2026-10-04T14:00Z,2026-10-06T14:00Z,3503724,48,21.4,25.2,12.6,15.5,10.8,h,25.2,10.8,,,0,0,383,6.942,0,5.6,6.2,0.432,21,279,20.42,67.954,3.97,355.942,,,,,0
2026-10-04T14:00Z,2026-10-04T15:00Z,3510962,1,4.3,0.3,5.7,0.6,0.1,h,0.3,0.1,,,0,0.002,72.713,0.365,0.217,0.3,0.1,-1.484,22,277,21.64,95.719,0.464,126.545,,,,,0
2026-10-04T14:00Z,2026-10-04T17:00Z,3510962,3,2.8,0,4.9,0.5,0.1,h,0,0.1,,,0,0.001,64.583,1.076,0.113,0.3,0.1,-1.484,0,277,21.384,96.719,0.689,57.014,,,,,0
2026-10-04T14:00Z,2026-10-04T20:00Z,3510962,6,1.9,0,3.8,0.3,0.1,h,0,0.1,,,0,0.002,131.097,1.278,0.295,0.3,0.1,-1.484,3,277,20.897,96.573,0.758,61.274,,,,,0
2026-10-04T14:00Z,2026-10-05T02:00Z,3510962,12,0.8,0,2.4,0,0.1,h,0,0.1,,,0,0,568.19,1.236,0.299,0.3,0.1,-1.484,9,278,23.06,87.266,0.737,32.869,,,,,0
2026-10-04T14:00Z,2026-10-05T14:00Z,3510962,24,4.2,1.2,2.1,0.1,0.1,h,1.2,0.1,,,0,0,201.721,1.347,0,0.3,0.1,-1.484,21,278,20.609,90.862,0.773,4.647,,,,,0
2026-10-04T14:00Z,2026-10-06T14:00Z,3510962,48,17.6,9.9,10.9,5.1,2.6,h,9.9,2.6,,,0,0,133.168,2.516,0,0.3,0.1,-1.484,21,279,19.963,78.604,1.388,9.055,,,,,0
2026-10-04T14:00Z,2026-10-04T15:00Z,3510963,1,8.7,21.1,9.6,23.9,22.9,h,21.1,22.9,,,0,0,34.711,0.547,0,31.1,22.9,0.858,22,277,25.013,99.85,0.224,105.06,,,,,0
2026-10-04T14:00Z,2026-10-04T17:00Z,3510963,3,5.8,14,9.4,23.4,22.9,h,14,22.9,,,0,0,73.154,1.573,0,31.1,22.9,0.858,0,277,24.788,98.356,1.013,157.551,,,,,0
2026-10-04T14:00Z,2026-10-04T20:00Z,3510963,6,3.7,8.9,9,22.2,22.7,h,8.9,22.7,,,0,0,107.572,2.113,0,31.1,22.9,0.858,3,277,24.139,97.612,1.265,79.997,,,,,0
2026-10-04T14:00Z,2026-10-05T02:00Z,3510963,12,5.2,10.9,7.5,18.1,21.2,h,10.9,21.2,,,0,0.001,538.957,2.326,0.174,31.1,22.9,0.858,9,278,26.61,87.356,1.838,57.249,,,,,0
2026-10-04T14:00Z,2026-10-05T14:00Z,3510963,24,2.4,4.7,4.7,10.2,18.8,h,4.7,18.8,,,0,0.001,196.583,4.017,0,31.1,22.9,0.858,21,278,23.403,91.093,1.686,62.764,,,,,0
2026-10-04T14:00Z,2026-10-06T14:00Z,3510963,48,20.7,28.6,9.7,14.5,18.7,h,28.6,18.7,,,0,0,259.953,4.938,0,31.1,22.9,0.858,21,279,22.949,80.099,2.645,68.807,,,,,0
2026-10-04T14:00Z,2026-10-04T15:00Z,3510964,1,8.9,18.5,11.6,24.5,15.7,h,18.5,15.7,,,0,0.081,37.632,0.961,0.018,22.5,15.7,0.706,22,277,21.937,95.98,0.288,94.308,,,,,0
2026-10-04T14:00Z,2026-10-04T17:00Z,3510964,3,3.5,7.6,11,23.2,15.8,h,7.6,15.8,,,0,0.094,36.265,0.696,0,22.5,15.7,0.706,0,277,21.205,99.532,0.097,108.44,,,,,0
2026-10-04T14:00Z,2026-10-04T20:00Z,3510964,6,4,8.2,10.1,21.4,15.8,h,8.2,15.8,,,0,0.111,22.212,0.262,0.018,22.5,15.7,0.706,3,277,20.414,99.804,0.262,106.459,,,,,0
2026-10-04T14:00Z,2026-10-05T02:00Z,3510964,12,8.6,15.4,8.5,17.7,15.2,h,15.4,15.2,,,0,0.18,528.39,0.568,0,22.5,15.7,0.706,9,278,24.999,83.962,0.371,80.395,,,,,0
2026-10-04T14:00Z,2026-10-05T14:00Z,3510964,24,6.7,10.7,6.8,12.3,14.6,h,10.7,14.6,,,0,0.29,152.228,2.012,0.144,22.5,15.7,0.706,21,278,22.445,90.434,0.815,68.541,,,,,0
2026-10-04T14:00Z,2026-10-06T14:00Z,3510964,48,4,5.4,4.9,7.2,11.5,h,5.4,11.5,,,0,0.011,174.538,3.059,0.018,22.5,15.7,0.706,21,279,21.764,94.564,1.609,24.542,,,,,0
2026-10-04T14:00Z,2026-10-04T15:00Z,3510965,1,8.9,2.1,8.2,1.8,9.7,h,2.1,9.7,,,0,0,39.318,0.347,0,0.4,9.7,-1.203,22,277,22.442,100,0.207,323.558,,,,,0
2026-10-04T14:00Z,2026-10-04T17:00Z,3510965,3,8.5,2.1,8,1.8,9.7,h,2.1,9.7,,,0,0,23.596,0.193,0,0.4,9.7,-1.203,0,277,22.299,99.009,0.105,109.404,,,,,0
2026-10-04T14:00Z,2026-10-04T20:00Z,3510965,6,7.9,2.1,7.8,1.8,9.5,h,2.1,9.5,,,0,0,97.555,1.785,0.034,0.4,9.7,-1.203,3,277,21.863,99.64,1.034,18.877,,,,,0
2026-10-04T14:00Z,2026-10-05T02:00Z,3510965,12,2.9,0.6,7.9,1.9,8.3,h,0.6,8.3,,,0,0,413.216,3.154,0.209,0.4,9.7,-1.203,9,278,23.052,92.366,2.25,36.128,,,,,0
2026-10-04T14:00Z,2026-10-05T14:00Z,3510965,24,4.8,1.8,4.9,1.3,7,h,1.8,7,,,0,0,87.52,1.792,0.001,0.4,9.7,-1.203,21,278,22.124,95.518,0.561,33.634,,,,,0
2026-10-04T14:00Z,2026-10-06T14:00Z,3510965,48,8.5,5.2,7.3,3.8,6.8,h,5.2,6.8,,,0,0,127.485,3.766,0,0.4,9.7,-1.203,21,279,23.499,77.759,1.335,29.708,,,,,0
2026-10-04T14:00Z,2026-10-04T15:00Z,3511463,1,8.1,8.4,7.4,7.8,11.1,h,8.4,11.1,,,0,0,38.652,0.662,0.111,6.8,11.1,0.038,22,277,20.509,98.529,0.362,73.637,,,,,0
2026-10-04T14:00Z,2026-10-04T17:00Z,3511463,3,7.6,7.9,7.2,7.5,11.1,h,7.9,11.1,,,0,0,46.092,1.61,0.723,6.8,11.1,0.038,0,277,19.997,98.613,0.61,85.768,,,,,0
2026-10-04T14:00Z,2026-10-04T20:00Z,3511463,6,5.2,5.4,6.7,7,11.1,h,5.4,11.1,,,0,0,60.299,1.371,0.812,6.8,11.1,0.038,3,277,19.563,99,0.587,94.436,,,,,0
2026-10-04T14:00Z,2026-10-05T02:00Z,3511463,12,1.8,1.9,6.2,6.5,10.4,h,1.9,10.4,,,0,0,458.943,3.109,0.468,6.8,11.1,0.038,9,278,21.281,93.673,1.935,81.612,,,,,0
2026-10-04T14:00Z,2026-10-05T14:00Z,3511463,24,4.3,4.4,3.7,3.9,8.8,h,4.4,8.8,,,0,0,345.692,4.461,0.017,6.8,11.1,0.038,21,278,20.243,90.047,1.989,90.06,,,,,0
2026-10-04T14:00Z,2026-10-06T14:00Z,3511463,48,8.1,8.2,7.6,7.8,9.5,h,8.2,9.5,,,0,0,137.276,3.903,0,6.8,11.1,0.038,21,279,20.168,77.673,1.613,87.309,,,,,0
2026-10-04T14:00Z,2026-10-04T15:00Z,3513587,1,6.5,6.5,,,,h,6.5,,,,0,0,60.896,0.562,0.212,,,0,22,277,21.505,99.153,0.644,344.153,,,,,0
2026-10-04T14:00Z,2026-10-04T17:00Z,3513587,3,4.1,4.1,,,,h,4.1,,,,0,0,44.248,0.826,0,,,0,0,277,21.332,98.583,0.27,87.152,,,,,0
2026-10-04T14:00Z,2026-10-04T20:00Z,3513587,6,4.7,4.7,,,,h,4.7,,,,0,0,165.514,2.606,0.535,,,0,3,277,20.55,96.885,1.576,354.245,,,,,0
2026-10-04T14:00Z,2026-10-05T02:00Z,3513587,12,2.5,2.5,,,,h,2.5,,,,0,0,413.09,3.014,0.106,,,0,9,278,21.616,89.765,2.225,50.003,,,,,0
2026-10-04T14:00Z,2026-10-05T14:00Z,3513587,24,3.4,3.4,,,,h,3.4,,,,0,0,148.306,3.433,0.45,,,0,21,278,20.872,96.18,1.555,37.321,,,,,0
2026-10-04T14:00Z,2026-10-06T14:00Z,3513587,48,9.1,9.1,,,,h,9.1,,,,0,0,152.82,4.573,0,,,0,21,279,21.406,76.895,1.828,58.296,,,,,0
2026-10-04T14:00Z,2026-10-04T15:00Z,3524548,1,5.3,8.1,8.4,12.8,14.8,h,8.1,14.8,,,0,0,45.758,0.985,0.487,19.8,14.8,0.384,22,277,20.041,98.523,0.646,68.731,,,,,0
2026-10-04T14:00Z,2026-10-04T17:00Z,3524548,3,5.3,8,8.1,12.4,14.7,h,8,14.7,,,0,0.001,81.292,2.323,1.262,19.8,14.8,0.384,0,277,19.458,99.029,1.138,80.954,,,,,0
2026-10-04T14:00Z,2026-10-04T20:00Z,3524548,6,5.2,7.6,7.6,11.6,14.5,h,7.6,14.5,,,0,0.004,99.413,2.185,1.773,19.8,14.8,0.384,3,277,18.823,99.079,1.146,90.991,,,,,0
2026-10-04T14:00Z,2026-10-05T02:00Z,3524548,12,1.5,2.4,6.5,9.9,13.7,h,2.4,13.7,,,0,0,499.377,4.587,0.531,19.8,14.8,0.384,9,278,20.382,94.286,2.766,88.83,,,,,0
2026-10-04T14:00Z,2026-10-05T14:00Z,3524548,24,4.6,6,3.3,4.8,11.6,h,6,11.6,,,0,0,342.084,5.356,0.008,19.8,14.8,0.384,21,278,19.18,90.722,2.527,86.589,,,,,0
2026-10-04T14:00Z,2026-10-06T14:00Z,3524548,48,12.3,14.3,8.2,10,12.4,h,14.3,12.4,,,0,0,157.136,4.776,0,19.8,14.8,0.384,21,279,19.358,75.727,2.208,89.776,,,,,0
2026-10-04T14:00Z,2026-10-04T15:00Z,3524550,1,3.1,8.1,4.9,12.4,25.9,h,8.1,25.9,,,0,0.094,77.58,1.719,0.006,2.5,25.9,0.826,22,277,23.374,97.767,0.65,293.193,,,,,0
2026-10-04T14:00Z,2026-10-04T17:00Z,3524550,3,1.5,4.3,4.1,10.7,25.9,h,4.3,25.9,,,0,0.06,89.118,1.317,0.284,2.5,25.9,0.826,0,277,22.892,98.767,1.02,38.14,,,,,0
2026-10-04T14:00Z,2026-10-04T20:00Z,3524550,6,0.5,2.1,3.1,8.2,25.9,h,2.1,25.9,,,0,0.061,261.308,2.795,0.737,2.5,25.9,0.826,3,277,22.239,97.948,1.548,39.749,,,,,0
2026-10-04T14:00Z,2026-10-05T02:00Z,3524550,12,0.8,2.4,1.6,4.7,22,h,2.4,22,,,0,0.003,661.549,2.595,0.345,2.5,25.9,0.826,9,278,24.226,86.399,1.805,22.163,,,,,0
2026-10-04T14:00Z,2026-10-05T14:00Z,3524550,24,5.5,9.6,1.8,4.1,18.9,h,9.6,18.9,,,0,0,293.825,2.069,0,2.5,25.9,0.826,21,278,21.022,86.061,1.478,331.729,,,,,0
2026-10-04T14:00Z,2026-10-06T14:00Z,3524550,48,21.4,29.2,13.2,19.6,22.7,h,29.2,22.7,,,0,0,212.747,3.028,0,2.5,25.9,0.826,21,279,21.163,69.634,2.161,349.974,,,,,0
2026-10-04T14:00Z,2026-10-04T15:00Z,3524551,1,4.5,5,8.7,9.6,19.9,h,5,19.9,,,0,0.003,34.191,0.238,0,0.9,20,0.088,22,277,23.935,99.456,0.19,280.351,,,,,0
2026-10-04T14:00Z,2026-10-04T17:00Z,3524551,3,2.6,2.9,7.8,8.6,19.7,h,2.9,19.7,,,0,0.002,82.859,0.682,0.337,0.9,20,0.088,0,277,23.555,98.928,0.413,80.009,,,,,0
2026-10-04T14:00Z,2026-10-04T20:00Z,3524551,6,2.2,2.5,6.3,7,19.2,h,2.5,19.2,,,0,0.001,128.965,1.844,0.015,0.9,20,0.088,3,277,22.964,97.778,1.057,45.528,,,,,0
2026-10-04T14:00Z,2026-10-05T02:00Z,3524551,12,1,1.1,4,4.4,17.3,h,1.1,17.3,,,0,0.012,585.398,3.695,0.136,0.9,20,0.088,9,278,25.514,84.495,2.624,24.883,,,,,0
2026-10-04T14:00Z,2026-10-05T14:00Z,3524551,24,2.9,3.1,2.2,2.5,14.4,h,3.1,14.4,,,0,0,366.636,4.747,0.198,0.9,20,0.088,21,278,21.649,87.115,2.475,13.841,,,,,0
2026-10-04T14:00Z,2026-10-06T14:00Z,3524551,48,24.2,25,13.9,14.4,17.2,h,25,17.2,,,0,0,380.592,5.701,0,0.9,20,0.088,21,279,21.707,74.255,3.095,21.607,,,,,0
2026-10-04T14:00Z,2026-10-04T15:00Z,3524552,1,7.6,8.8,7.8,9.1,16.1,h,8.8,16.1,,,0,0,57.174,0.682,0.242,0.4,16.1,0.139,22,277,23.678,98.674,0.478,80.573,,,,,0
2026-10-04T14:00Z,2026-10-04T17:00Z,3524552,3,6.2,7.2,7.8,9.1,16,h,7.2,16,,,0,0,79.562,0.982,0,0.4,16.1,0.139,0,277,23.466,99.073,0.502,64.882,,,,,0
2026-10-04T14:00Z,2026-10-04T20:00Z,3524552,6,3.3,3.8,7.5,8.7,15.8,h,3.8,15.8,,,0,0,104.482,1.433,0,0.4,16.1,0.139,3,277,23.013,98.071,0.854,55.801,,,,,0
2026-10-04T14:00Z,2026-10-05T02:00Z,3524552,12,2.9,3.3,5.9,6.9,14.5,h,3.3,14.5,,,0,0.002,557.303,2.98,0.225,0.4,16.1,0.139,9,278,25.236,84.108,2.055,30.903,,,,,0
2026-10-04T14:00Z,2026-10-05T14:00Z,3524552,24,2.1,2.4,3.2,3.6,12.1,h,2.4,12.1,,,0,0,332.841,3.948,0,0.4,16.1,0.139,21,278,22.234,88.362,2.036,14.669,,,,,0
2026-10-04T14:00Z,2026-10-06T14:00Z,3524552,48,17.2,18.1,10.1,10.8,13.5,h,18.1,13.5,,,0,0,277.327,4.84,0,0.4,16.1,0.139,21,279,22.045,74.777,2.445,16.773,,,,,0
2026-10-04T14:00Z,2026-10-04T15:00Z,3524553,1,13.9,40.7,11.4,35.2,23.6,h,40.7,23.6,,,0,0.026,59.737,1.125,0.035,46.4,23.6,1.073,22,277,22.751,97.651,0.492,106.458,,,,,0
2026-10-04T14:00Z,2026-10-04T17:00Z,3524553,3,8.9,25.6,11.4,35,23.6,h,25.6,23.6,,,0,0.036,50.674,1.168,0,46.4,23.6,1.073,0,277,22.146,99.784,0.417,123.442,,,,,0
2026-10-04T14:00Z,2026-10-04T20:00Z,3524553,6,8.5,23,11.4,34.5,23.7,h,23,23.7,,,0,0.047,24.651,0.601,0.035,46.4,23.6,1.073,3,277,21.621,99.464,0.185,98.409,,,,,0
2026-10-04T14:00Z,2026-10-05T02:00Z,3524553,12,9.2,22.1,10.5,30.6,23.9,h,22.1,23.9,,,0,0.073,504.56,0.786,0,46.4,23.6,1.073,9,278,25.702,84.523,0.528,71.871,,,,,0
2026-10-04T14:00Z,2026-10-05T14:00Z,3524553,24,6.9,13.9,8.1,20.2,22.5,h,13.9,22.5,,,0,0.194,216.868,1.74,0.28,46.4,23.6,1.073,21,278,23.078,93.634,0.872,81.352,,,,,0
2026-10-04T14:00Z,2026-10-06T14:00Z,3524553,48,5.7,8.9,4.3,7.9,15.7,h,8.9,15.7,,,0,0.009,221.052,2.865,0.035,46.4,23.6,1.073,21,279,22.767,94.828,1.573,21.686,,,,,0
2026-10-04T14:00Z,2026-10-04T15:00Z,3527752,1,5.3,0.7,10.4,1.9,10.5,h,0.7,10.5,,,0,0.001,51.947,1.437,0.076,1.6,10.5,-1.377,22,277,23.574,97.758,0.708,193.499,,,,,0
2026-10-04T14:00Z,2026-10-04T17:00Z,3527752,3,6.2,1,10,1.8,10.4,h,1,10.4,,,0,0.001,39.591,0.582,0,1.6,10.5,-1.377,0,277,23.445,96.29,0.527,170.316,,,,,0
2026-10-04T14:00Z,2026-10-04T20:00Z,3527752,6,7.3,1.5,9.5,1.7,10,h,1.5,10,,,0,0.002,36.743,0.656,0,1.6,10.5,-1.377,3,277,23.045,96.25,0.095,338.562,,,,,0
2026-10-04T14:00Z,2026-10-05T02:00Z,3527752,12,9.1,2.5,8,1.5,8.7,h,2.5,8.7,,,0,0.002,389.768,0.994,0,1.6,10.5,-1.377,9,278,26.402,83.514,0.777,50.905,,,,,0
2026-10-04T14:00Z,2026-10-05T14:00Z,3527752,24,3.6,1,7.6,2,7.8,h,1,7.8,,,0,0,47.237,1.631,0,1.6,10.5,-1.377,21,278,23.745,96.52,0.773,105.064,,,,,0
2026-10-04T14:00Z,2026-10-06T14:00Z,3527752,48,7.8,4.4,3.9,1.7,6.1,h,4.4,6.1,,,0,0,340.285,3.627,0,1.6,10.5,-1.377,21,279,23.349,97.284,1.427,92.799,,,,,0
2026-10-04T14:00Z,2026-10-04T15:00Z,3539280,1,3.4,6.4,,,,h,6.4,,,,0,0,91.911,1.77,0.719,18.5,,0.536,22,277,21.355,95.993,1.336,91.559,,,,,0
2026-10-04T14:00Z,2026-10-04T17:00Z,3539280,3,3.1,5.7,,,,h,5.7,,,,0,0,75.885,1.202,0.055,18.5,,0.536,0,277,21.21,95.448,0.746,38.337,,,,,0
2026-10-04T14:00Z,2026-10-04T20:00Z,3539280,6,2.2,4.1,,,,h,4.1,,,,0,0,78.343,1.357,0,18.5,,0.536,3,277,20.76,96.995,1.09,61.096,,,,,0
2026-10-04T14:00Z,2026-10-05T02:00Z,3539280,12,2.8,4.7,,,,h,4.7,,,,0,0,498.98,2.395,0.584,18.5,,0.536,9,278,23.236,88.999,1.565,61.971,,,,,0
2026-10-04T14:00Z,2026-10-05T14:00Z,3539280,24,4.2,6.2,,,,h,6.1,,,,0,0,81.548,3.028,0.494,18.5,,0.536,21,278,21.709,96.995,1.311,67.11,,,,,0
2026-10-04T14:00Z,2026-10-06T14:00Z,3539280,48,8.4,10.4,,,,h,10.4,,,,0,0,61.434,2.542,0,18.5,,0.536,21,279,21.181,87.451,1.53,77.323,,,,,0
2026-10-04T14:00Z,2026-10-04T15:00Z,3539838,1,6.4,1.6,5.8,1.3,9.5,h,1.6,9.5,,,0,0,61.36,1.403,0.011,0.3,9.5,-1.098,22,277,23.586,98.837,0.483,97.455,,,,,0
2026-10-04T14:00Z,2026-10-04T17:00Z,3539838,3,4.8,1.1,5.8,1.3,9.4,h,1.1,9.4,,,0,0,62.989,0.484,0,0.3,9.5,-1.098,0,277,23.519,98.785,0.316,48.331,,,,,0
2026-10-04T14:00Z,2026-10-04T20:00Z,3539838,6,4.1,1,5.7,1.3,9,h,1,9,,,0,0,112.403,1.518,0.099,0.3,9.5,-1.098,3,277,23.261,98.701,0.742,67.949,,,,,0
2026-10-04T14:00Z,2026-10-05T02:00Z,3539838,12,5.4,1.8,5.8,1.4,8.1,h,1.8,8.1,,,0,0,295.175,0.794,1.832,0.3,9.5,-1.098,9,278,23.456,94.388,0.639,43.503,,,,,0
2026-10-04T14:00Z,2026-10-05T14:00Z,3539838,24,4.8,2,5.1,1.7,7,h,2,7,,,0,0,119.253,1.7,0.966,0.3,9.5,-1.098,21,278,22.86,98.181,1.302,284.685,,,,,0
2026-10-04T14:00Z,2026-10-06T14:00Z,3539838,48,6.8,4.3,3.6,1.8,5.7,h,4.3,5.7,,,0,0,49.253,0.915,0,0.3,9.5,-1.098,21,279,22.85,97.245,0.498,247.56,,,,,0
2026-10-04T14:00Z,2026-10-04T15:00Z,3553302,1,4.6,16.1,9.9,33.7,23.6,h,16.1,23.6,,,0,0.002,44.692,0.264,0.403,33.6,23.6,1.161,22,277,20.655,98.396,0.448,79.002,,,,,0
2026-10-04T14:00Z,2026-10-04T17:00Z,3553302,3,3.3,11.5,9.1,31.1,23.5,h,11.5,23.5,,,0,0.001,47.885,0.655,0.118,33.6,23.6,1.161,0,277,20.559,99.007,0.572,15.023,,,,,0
2026-10-04T14:00Z,2026-10-04T20:00Z,3553302,6,3.6,11.6,7.8,26.9,23.2,h,11.6,23.2,,,0,0,194.257,1.401,0.451,33.6,23.6,1.161,3,277,19.854,99.007,0.981,60.336,,,,,0
2026-10-04T14:00Z,2026-10-05T02:00Z,3553302,12,1.1,4.1,5.3,18.5,21.8,h,4.1,21.8,,,0,0,424.939,1.845,0.102,33.6,23.6,1.161,9,278,21.118,91.185,1.281,85.23,,,,,0
2026-10-04T14:00Z,2026-10-05T14:00Z,3553302,24,2.9,6.8,2.1,6.7,18.2,h,6.8,18.2,,,0,0,23.948,0.897,0.545,33.6,23.6,1.161,21,278,20.188,97.07,0.237,34.816,,,,,0
2026-10-04T14:00Z,2026-10-06T14:00Z,3553302,48,11.8,18.4,6.9,12.3,17.9,h,18.4,17.9,,,0,0,49.23,2.138,0,33.6,23.6,1.161,21,279,19.837,83.385,0.774,36.818,,,,,0
2026-10-04T14:00Z,2026-10-04T15:00Z,3553304,1,7.1,10.7,,,,h,10.7,,,,0,0,108.204,1.229,0.368,9.1,,0.385,22,277,22.733,99,0.495,251.875,,,,,0
2026-10-04T14:00Z,2026-10-04T17:00Z,3553304,3,6.4,9.5,,,,h,9.5,,,,0,0,83.137,0.885,0.023,9.1,,0.385,0,277,22.376,99.184,0.499,269.405,,,,,0
2026-10-04T14:00Z,2026-10-04T20:00Z,3553304,6,2.2,3.5,,,,h,3.5,,,,0,0,87.929,0.761,0,9.1,,0.385,3,277,21.829,98.353,0.463,316.46,,,,,0
2026-10-04T14:00Z,2026-10-05T02:00Z,3553304,12,4.6,6.5,,,,h,6.5,,,,0,0,345.07,1.169,0.309,9.1,,0.385,9,278,23.512,96.403,0.803,2.925,,,,,0
2026-10-04T14:00Z,2026-10-05T14:00Z,3553304,24,6.2,8.1,,,,h,8,,,,0,0,56.963,0.888,0.562,9.1,,0.385,21,278,22.339,98.091,0.427,358.954,,,,,0
2026-10-04T14:00Z,2026-10-06T14:00Z,3553304,48,9.3,10.8,,,,h,10.8,,,,0,0,38.093,1.007,0,9.1,,0.385,21,279,23.029,95.807,0.422,230.346,,,,,0
2026-10-04T14:00Z,2026-10-04T15:00Z,3553305,1,1.2,9.7,,,,h,9.7,,,,0,0,35.556,0.863,0.145,41.8,,1.652,22,277,19.43,95.583,0.601,163.292,,,,,0
2026-10-04T14:00Z,2026-10-04T17:00Z,3553305,3,1.2,9.1,,,,h,9.1,,,,0,0,45.466,0.794,0.082,41.8,,1.652,0,277,19.329,94.857,0.624,6.202,,,,,0
2026-10-04T14:00Z,2026-10-04T20:00Z,3553305,6,0.7,6.1,,,,h,6.1,,,,0,0,31.486,0.512,0,41.8,,1.652,3,277,18.548,96.668,0.821,55.341,,,,,0
2026-10-04T14:00Z,2026-10-05T02:00Z,3553305,12,1.9,9.2,,,,h,9.2,,,,0,0,491.052,0.554,0.118,41.8,,1.652,9,278,22.482,89.144,0.362,14.094,,,,,0
2026-10-04T14:00Z,2026-10-05T14:00Z,3553305,24,1.3,5.1,,,,h,5.1,,,,0,0,57.79,2.477,0.738,41.8,,1.652,21,278,19.762,97.04,1.319,65.227,,,,,0
2026-10-04T14:00Z,2026-10-06T14:00Z,3553305,48,5,9.9,,,,h,9.9,,,,0,0,36.309,1.447,0,41.8,,1.652,21,279,18.636,94.028,1.213,63.468,,,,,0
2026-10-04T14:00Z,2026-10-04T15:00Z,3560430,1,8.1,6.1,10.7,8,18,h,6.1,18,,,0,0,208.136,2.534,3.181,2,18.1,-0.262,22,277,23.735,97.715,1.564,118.944,,,,,0
2026-10-04T14:00Z,2026-10-04T17:00Z,3560430,3,8.1,6.2,10.2,7.6,17.9,h,6.2,17.9,,,0,0,80.405,0.669,0.134,2,18.1,-0.262,0,277,23.533,98.527,0.384,99.818,,,,,0
2026-10-04T14:00Z,2026-10-04T20:00Z,3560430,6,6.9,5.3,9.5,7.1,17.5,h,5.3,17.5,,,0,0,73.013,1.136,0.004,2,18.1,-0.262,3,277,23.633,98.307,0.686,29.077,,,,,0
2026-10-04T14:00Z,2026-10-05T02:00Z,3560430,12,5.9,4.7,8.1,6.2,16,h,4.7,16,,,0,0,269.08,2.142,2.221,2,18.1,-0.262,9,278,24.156,94.122,1.461,87.126,,,,,0
2026-10-04T14:00Z,2026-10-05T14:00Z,3560430,24,8.1,6.8,6,4.7,13.8,h,6.8,13.8,,,0,0,158.239,0.902,0.158,2,18.1,-0.262,21,278,24.489,95.573,0.18,105.597,,,,,0
2026-10-04T14:00Z,2026-10-06T14:00Z,3560430,48,7.8,7,7.6,6.6,12.4,h,7,12.4,,,0,0,59.046,1.68,0,2,18.1,-0.262,21,279,23.657,98.176,0.902,328.447,,,,,0
2026-10-04T14:00Z,2026-10-04T15:00Z,3560431,1,4,2.7,6.1,4.1,8.7,h,2.7,8.7,,,0,0,101.092,1.492,0.709,1.9,8.7,-0.327,22,277,23.71,98.038,1.18,64.635,,,,,0
2026-10-04T14:00Z,2026-10-04T17:00Z,3560431,3,3.1,2,5.4,3.6,8.7,h,2,8.7,,,0,0,80.306,0.734,0.51,1.9,8.7,-0.327,0,277,22.79,97.265,0.53,256.073,,,,,0
2026-10-04T14:00Z,2026-10-04T20:00Z,3560431,6,3.2,2.2,4.7,3.1,8.7,h,2.2,8.7,,,0,0,83.279,1.225,0,1.9,8.7,-0.327,3,277,22.612,98.075,0.627,43.076,,,,,0
2026-10-04T14:00Z,2026-10-05T02:00Z,3560431,12,2.8,2,4.4,2.9,8.3,h,2,8.3,,,0,0,266.596,0.382,0.101,1.9,8.7,-0.327,9,278,24.241,92.733,0.286,112.274,,,,,0
2026-10-04T14:00Z,2026-10-05T14:00Z,3560431,24,4.2,3.3,3.5,2.5,6.7,h,3.3,6.7,,,0,0,128.081,1.68,0.732,1.9,8.7,-0.327,21,278,22.515,97.871,1.106,3.977,,,,,0
2026-10-04T14:00Z,2026-10-06T14:00Z,3560431,48,11.9,10.5,5.7,4.8,6.8,h,10.5,6.8,,,0,0,75.525,1.507,0.037,1.9,8.7,-0.327,21,279,23.554,91.611,0.542,39.601,,,,,0
2026-10-04T14:00Z,2026-10-04T15:00Z,3560513,1,2.1,11.9,,,,h,11.9,,,,0,0,26.247,1.068,0,15.1,,1.487,22,277,19.053,95.799,0.376,154.682,,,,,0
2026-10-04T14:00Z,2026-10-04T17:00Z,3560513,3,0.9,6.5,,,,h,6.5,,,,0,0,28.674,0.488,0.041,15.1,,1.487,0,277,18.896,95.542,0.411,69.324,,,,,0
2026-10-04T14:00Z,2026-10-04T20:00Z,3560513,6,0.8,5.5,,,,h,5.5,,,,0,0,22.923,0.507,0,15.1,,1.487,3,277,18.312,96.83,0.521,74.414,,,,,0
2026-10-04T14:00Z,2026-10-05T02:00Z,3560513,12,1.1,5.5,,,,h,5.5,,,,0,0,460.76,0.617,0.064,15.1,,1.487,9,278,21.545,89.918,0.319,42.565,,,,,0
2026-10-04T14:00Z,2026-10-05T14:00Z,3560513,24,1.6,5.3,,,,h,5.3,,,,0,0,200.247,2.748,0.373,15.1,,1.487,21,278,19.296,93.796,1.358,72.148,,,,,0
2026-10-04T14:00Z,2026-10-06T14:00Z,3560513,48,7.2,13,,,,h,13,,,,0,0,62.541,2.048,0,15.1,,1.487,21,279,18.011,89.957,1.152,71.515,,,,,0
2026-10-04T14:00Z,2026-10-04T15:00Z,3560514,1,3.3,24.8,3.2,26,24.2,h,24.8,24.2,,,0,0,55.2,1.72,0.266,28,24.3,1.867,22,277,19.08,93.605,0.823,131.533,,,,,0
2026-10-04T14:00Z,2026-10-04T17:00Z,3560514,3,1.9,15.2,3,24.5,24.1,h,15.2,24.1,,,0,0,41.266,0.764,0.023,28,24.3,1.867,0,277,19.006,94.06,0.459,75.72,,,,,0
2026-10-04T14:00Z,2026-10-04T20:00Z,3560514,6,1.7,12.6,2.6,21.4,24.1,h,12.6,24.1,,,0,0,35.493,0.676,0,28,24.3,1.867,3,277,18.479,95.119,0.479,110.754,,,,,0
2026-10-04T14:00Z,2026-10-05T02:00Z,3560514,12,1.7,10.2,2.3,17.9,23,h,10.2,23,,,0,0,489.925,0.473,0.207,28,24.3,1.867,9,278,21.228,89.505,0.191,88.959,,,,,0
2026-10-04T14:00Z,2026-10-05T14:00Z,3560514,24,4.2,14.8,2.3,12.9,20.7,h,14.8,20.7,,,0,0,78.093,1.642,0.21,28,24.3,1.867,21,278,19.13,96.643,0.625,57.876,,,,,0
2026-10-04T14:00Z,2026-10-06T14:00Z,3560514,48,10,20.6,6,15.3,19.8,h,20.6,19.8,,,0,0,40.755,1.735,0,28,24.3,1.867,21,279,17.776,90.335,0.894,50.938,,,,,0
2026-10-04T14:00Z,2026-10-04T15:00Z,3561013,1,5.5,22.1,6,25.1,17.5,h,22.1,17.5,,,0,0,93.531,2.068,0.625,30.8,17.5,1.32,22,277,21.434,95.02,1.243,99.675,,,,,0
2026-10-04T14:00Z,2026-10-04T17:00Z,3561013,3,4.1,16.2,5.5,23.1,17.4,h,16.2,17.4,,,0,0,61.591,1.121,0.013,30.8,17.5,1.32,0,277,21.302,95.583,0.553,61.843,,,,,0
2026-10-04T14:00Z,2026-10-04T20:00Z,3561013,6,3.1,11.8,4.8,20.3,17.1,h,11.8,17.1,,,0,0,56.424,0.965,0,30.8,17.5,1.32,3,277,21,96.298,0.562,103.567,,,,,0
2026-10-04T14:00Z,2026-10-05T02:00Z,3561013,12,3.2,10.5,4.2,17.3,17,h,10.5,17,,,0,0,499.143,1.202,0.488,30.8,17.5,1.32,9,278,23.056,88.324,0.725,81.368,,,,,0
2026-10-04T14:00Z,2026-10-05T14:00Z,3561013,24,6.4,15.2,3.5,11.5,15.6,h,15.2,15.6,,,0,0,106.849,1.726,0.113,30.8,17.5,1.32,21,278,21.662,95.224,0.551,72.695,,,,,0
2026-10-04T14:00Z,2026-10-06T14:00Z,3561013,48,11.6,19.3,7.7,14.8,16.1,h,19.3,16.1,,,0,0,55.302,2.155,0,30.8,17.5,1.32,21,279,20.751,84.525,0.881,53.032,,,,,0
2026-10-04T14:00Z,2026-10-04T15:00Z,3562555,1,9.7,7.3,8,5.9,7.6,h,7.3,7.6,,,0,0,34.8,0.363,0.001,12.1,7.6,-0.264,22,277,21.982,99.994,0.04,242.213,,,,,0
2026-10-04T14:00Z,2026-10-04T17:00Z,3562555,3,8.3,6.3,7.9,5.8,7.6,h,6.3,7.6,,,0,0,29.458,0.135,0,12.1,7.6,-0.264,0,277,21.689,99.465,0.104,148.348,,,,,0
2026-10-04T14:00Z,2026-10-04T20:00Z,3562555,6,6.1,4.6,7.7,5.7,7.6,h,4.6,7.6,,,0,0,41.542,0.75,0,12.1,7.6,-0.264,3,277,21.397,99.533,0.45,326.649,,,,,0
2026-10-04T14:00Z,2026-10-05T02:00Z,3562555,12,4.8,3.7,7.8,5.9,7.1,h,3.7,7.1,,,0,0,371.344,2.609,0.473,12.1,7.6,-0.264,9,278,22.417,92.867,1.937,33.039,,,,,0
2026-10-04T14:00Z,2026-10-05T14:00Z,3562555,24,6.2,5.2,5.5,4.3,6.5,h,5.2,6.5,,,0,0,86.173,2.055,0.101,12.1,7.6,-0.264,21,278,21.032,99.533,0.982,14.769,,,,,0
2026-10-04T14:00Z,2026-10-06T14:00Z,3562555,48,9.3,8.4,6.5,5.6,6.6,h,8.4,6.6,,,0,0,25.378,1.348,0,12.1,7.6,-0.264,21,279,21.662,88.344,0.319,45.548,,,,,0
2026-10-04T14:00Z,2026-10-04T15:00Z,3562556,1,4,8.5,4.5,9.7,8.9,h,8.5,8.9,,,0,0.015,85.1,1.235,0.517,8.9,8.9,0.67,22,277,20.156,98.595,0.623,73.516,,,,,0
2026-10-04T14:00Z,2026-10-04T17:00Z,3562556,3,1.8,4.2,3.7,8.1,8.9,h,4.2,8.9,,,0,0.01,51.132,0.961,0.161,8.9,8.9,0.67,0,277,19.841,99.91,0.599,61.522,,,,,0
2026-10-04T14:00Z,2026-10-04T20:00Z,3562556,6,3,6.1,2.8,6.3,9,h,6.1,9,,,0,0.004,236.969,2.757,0.205,8.9,8.9,0.67,3,277,19.638,98.647,1.372,75.379,,,,,0
2026-10-04T14:00Z,2026-10-05T02:00Z,3562556,12,1.9,3.8,2.5,5.6,8.3,h,3.8,8.3,,,0,0,588.59,3.165,0.085,8.9,8.9,0.67,9,278,20.547,90.147,2.161,71.308,,,,,0
2026-10-04T14:00Z,2026-10-05T14:00Z,3562556,24,9,13.9,3.7,6.6,8.2,h,13.9,8.2,,,0,0,437.858,2.963,0,8.9,8.9,0.67,21,278,19.061,85.063,1.502,80.191,,,,,0
2026-10-04T14:00Z,2026-10-06T14:00Z,3562556,48,11.6,15,11.7,16.5,12.7,h,15,12.7,,,0,0,59.149,2.124,0,8.9,8.9,0.67,21,279,18.296,79.762,0.867,98.921,,,,,0
2026-10-04T14:00Z,2026-10-04T15:00Z,3562557,1,2.1,5.5,3.5,8.6,5.6,h,5.5,5.6,,,0,0,22.132,0.941,0,16.6,5.6,0.773,22,277,19.512,96.43,0.263,177.584,,,,,0
2026-10-04T14:00Z,2026-10-04T17:00Z,3562557,3,0.9,2.9,3,7.6,5.6,h,2.9,5.6,,,0,0,30.353,0.431,0.061,16.6,5.6,0.773,0,277,19.358,95.697,0.412,33.211,,,,,0
2026-10-04T14:00Z,2026-10-04T20:00Z,3562557,6,0.8,2.5,2.3,6.2,5.6,h,2.5,5.6,,,0,0,19.003,0.327,0,16.6,5.6,0.773,3,277,18.677,97.264,0.516,64.759,,,,,0
2026-10-04T14:00Z,2026-10-05T02:00Z,3562557,12,1.1,2.8,1.7,4.7,5.3,h,2.8,5.3,,,0,0,444.196,0.548,0.078,16.6,5.6,0.773,9,278,22.327,89.705,0.426,359.977,,,,,0
2026-10-04T14:00Z,2026-10-05T14:00Z,3562557,24,1.6,3.1,1.3,3.1,4.8,h,3.1,4.8,,,0,0,174.186,2.85,0.547,16.6,5.6,0.773,21,278,19.966,94.281,1.424,75.293,,,,,0
2026-10-04T14:00Z,2026-10-06T14:00Z,3562557,48,7.2,9.8,5.3,7.8,6.7,h,9.8,6.7,,,0,0,67.093,1.97,0,16.6,5.6,0.773,21,279,18.862,90.229,1.199,73.881,,,,,0
2026-10-04T14:00Z,2026-10-04T15:00Z,3567155,1,6.7,18.2,11.5,31.4,13.7,h,18.2,13.7,,,0,0,147.692,3.426,1.267,25,13.7,0.953,22,277,23.096,95.994,2.058,79.782,,,,,0
2026-10-04T14:00Z,2026-10-04T17:00Z,3567155,3,5.6,14.9,11.2,30.4,13.8,h,14.9,13.8,,,0,0,102.656,1.766,0.017,25,13.7,0.953,0,277,22.916,95.876,0.852,56.99,,,,,0
2026-10-04T14:00Z,2026-10-04T20:00Z,3567155,6,3.6,9.5,9.9,26.9,14,h,9.5,14,,,0,0,121.29,2.103,0,25,13.7,0.953,3,277,22.825,97.004,1.255,66.004,,,,,0
2026-10-04T14:00Z,2026-10-05T02:00Z,3567155,12,3.1,7.5,7,18.9,13.8,h,7.5,13.8,,,0,0,506.191,4.24,1.027,25,13.7,0.953,9,278,23.723,88.882,3.009,68.86,,,,,0
2026-10-04T14:00Z,2026-10-05T14:00Z,3567155,24,3.3,6.6,3.5,8.6,12.1,h,6.6,12.1,,,0,0,108.531,3.322,0.157,25,13.7,0.953,21,278,23.417,96.779,1.151,68.084,,,,,0
2026-10-04T14:00Z,2026-10-06T14:00Z,3567155,48,10.1,14.6,7,11.2,12.5,h,14.6,12.5,,,0,0,85.182,3.596,0,25,13.7,0.953,21,279,23.385,80.544,1.722,80.502,,,,,0
2026-10-04T14:00Z,2026-10-04T15:00Z,3567156,1,10.7,6.9,9.3,5.9,7.6,h,6.9,7.6,,,0,0.005,46.805,1.094,0.623,7.7,7.6,-0.409,22,277,19.876,98.033,0.619,74.772,,,,,0
2026-10-04T14:00Z,2026-10-04T17:00Z,3567156,3,8.6,5.6,9.2,5.8,7.6,h,5.6,7.6,,,0,0.012,75.47,2.296,1.593,7.7,7.6,-0.409,0,277,19.242,98.756,1.16,78.085,,,,,0
2026-10-04T14:00Z,2026-10-04T20:00Z,3567156,6,3.4,2.1,8.4,5.3,7.5,h,2.1,7.5,,,0,0.007,91.914,2.156,1.079,7.7,7.6,-0.409,3,277,18.71,99.173,1.075,90.031,,,,,0
2026-10-04T14:00Z,2026-10-05T02:00Z,3567156,12,2.4,1.5,7,4.4,6.9,h,1.5,6.9,,,0,0,466.91,4.016,0.675,7.7,7.6,-0.409,9,278,20.037,94.934,2.426,90.022,,,,,0
2026-10-04T14:00Z,2026-10-05T14:00Z,3567156,24,6.1,4.6,4.5,3,6.1,h,4.6,6.1,,,0,0,351.828,5.288,0.01,7.7,7.6,-0.409,21,278,19.085,87.866,2.501,92.931,,,,,0
2026-10-04T14:00Z,2026-10-06T14:00Z,3567156,48,16.6,14.2,10.1,8.3,7.9,h,14.2,7.9,,,0,0,121.522,4.3,0,7.7,7.6,-0.409,21,279,18.991,75.488,1.924,97.385,,,,,0
2026-10-04T14:00Z,2026-10-04T15:00Z,3567157,1,8.1,7.3,11.5,10.3,11.6,h,7.3,11.6,,,0,0.001,17.462,0.47,0.191,7.5,11.6,-0.099,22,277,21.588,96.829,0.193,252.93,,,,,0
2026-10-04T14:00Z,2026-10-04T17:00Z,3567157,3,4,3.6,10.9,9.7,11.5,h,3.6,11.5,,,0,0.001,62.243,2.067,0.015,7.5,11.6,-0.099,0,277,21.06,97.387,0.626,104.832,,,,,0
2026-10-04T14:00Z,2026-10-04T20:00Z,3567157,6,1.8,1.6,9.3,8.3,11.3,h,1.6,11.3,,,0,0,151.277,3.34,1.452,7.5,11.6,-0.099,3,277,20.037,98.821,1.644,76.624,,,,,0
2026-10-04T14:00Z,2026-10-05T02:00Z,3567157,12,4.1,3.7,7.2,6.4,10.6,h,3.7,10.6,,,0,0,502.353,2.921,0.036,7.5,11.6,-0.099,9,278,21.961,89.07,2.074,71.859,,,,,0
2026-10-04T14:00Z,2026-10-05T14:00Z,3567157,24,3.6,3.3,3.4,3.1,8.9,h,3.3,8.9,,,0,0,120.055,2.867,0.126,7.5,11.6,-0.099,21,278,20.414,98.79,1.156,37.683,,,,,0
2026-10-04T14:00Z,2026-10-06T14:00Z,3567157,48,9.3,8.9,6.5,6.2,8.9,h,8.9,8.9,,,0,0,56.243,3.217,0,7.5,11.6,-0.099,21,279,20.707,83.391,1.061,58.928,,,,,0
2026-10-04T14:00Z,2026-10-04T15:00Z,3567158,1,11.5,9.2,12.9,10.3,12.7,h,9.2,12.7,,,0,0.005,77.31,1.882,0.507,6.8,12.7,-0.208,22,277,21.663,98.672,0.717,185.763,,,,,0
2026-10-04T14:00Z,2026-10-04T17:00Z,3567158,3,7.2,5.8,12.2,9.8,12.7,h,5.8,12.7,,,0,0.004,44.102,1.448,0,6.8,12.7,-0.208,0,277,21.059,99.345,0.746,120.815,,,,,0
2026-10-04T14:00Z,2026-10-04T20:00Z,3567158,6,4.6,3.7,10.6,8.4,12.6,h,3.7,12.6,,,0,0.002,97.055,1.254,2.908,6.8,12.7,-0.208,3,277,19.584,98.672,0.747,167.277,,,,,0
2026-10-04T14:00Z,2026-10-05T02:00Z,3567158,12,4.4,3.6,7.9,6.3,11.5,h,3.6,11.5,,,0,0,290.677,1.867,0.077,6.8,12.7,-0.208,9,278,22.095,88.802,1.366,100.901,,,,,0
2026-10-04T14:00Z,2026-10-05T14:00Z,3567158,24,5.9,5.1,5.4,4.5,10.1,h,5.1,10.1,,,0,0,53.584,1.955,0,6.8,12.7,-0.208,21,278,20.712,98.666,0.792,75.897,,,,,0
2026-10-04T14:00Z,2026-10-06T14:00Z,3567158,48,9.5,8.7,5.4,4.8,8.8,h,8.7,8.8,,,0,0,19.038,1.105,0,6.8,12.7,-0.208,21,279,20.851,94.609,0.438,31.111,,,,,0
2026-10-04T14:00Z,2026-10-04T15:00Z,3567159,1,6.7,5.5,6.4,5.2,19.2,h,5.5,19.2,,,0,0,188.731,3.865,1.913,0.3,19.3,-0.174,22,277,23.89,98.861,2.401,187.163,,,,,0
2026-10-04T14:00Z,2026-10-04T17:00Z,3567159,3,6.6,5.5,6.3,5.2,19.1,h,5.5,19.1,,,0,0,94.488,0.944,0.146,0.3,19.3,-0.174,0,277,23.475,98.764,0.51,211.485,,,,,0
2026-10-04T14:00Z,2026-10-04T20:00Z,3567159,6,5.2,4.3,6.2,5.1,18.7,h,4.3,18.7,,,0,0,74.669,0.458,0.098,0.3,19.3,-0.174,3,277,23.451,99.158,0.303,253.452,,,,,0
2026-10-04T14:00Z,2026-10-05T02:00Z,3567159,12,5.9,5,6.3,5.2,16.9,h,5,16.9,,,0,0,296.295,0.81,1.821,0.3,19.3,-0.174,9,278,24.411,94.679,0.513,46.13,,,,,0
2026-10-04T14:00Z,2026-10-05T14:00Z,3567159,24,5.8,5.1,5.5,4.7,14.6,h,5.1,14.6,,,0,0,82.97,1.572,0.167,0.3,19.3,-0.174,21,278,24.247,97.321,1.273,240.165,,,,,0
2026-10-04T14:00Z,2026-10-06T14:00Z,3567159,48,5.2,4.8,4.3,3.9,11.6,h,4.8,11.6,,,0,0,53.154,1.734,0,0.3,19.3,-0.174,21,279,23.725,97.624,1.107,265.286,,,,,0
2026-10-04T14:00Z,2026-10-04T15:00Z,3567160,1,8.8,10.1,9.2,10.6,21.7,h,10.1,21.7,,,0,0,92.716,1.644,0,18.4,21.7,0.127,22,277,24.478,97.352,0.747,121.604,,,,,0
2026-10-04T14:00Z,2026-10-04T17:00Z,3567160,3,4.6,5.3,9.1,10.5,21.5,h,5.3,21.5,,,0,0,83.059,1.995,0,18.4,21.7,0.127,0,277,24.112,98.346,0.87,150.669,,,,,0
2026-10-04T14:00Z,2026-10-04T20:00Z,3567160,6,3.5,4,9,10.4,21.1,h,4,21.1,,,0,0,64.507,1.205,0,18.4,21.7,0.127,3,277,23.761,98.469,0.596,111.099,,,,,0
2026-10-04T14:00Z,2026-10-05T02:00Z,3567160,12,4.9,5.5,7.8,8.9,18.9,h,5.5,18.9,,,0,0.001,538.422,2.316,0.043,18.4,21.7,0.127,9,278,26.878,83.263,1.849,54.692,,,,,0
2026-10-04T14:00Z,2026-10-05T14:00Z,3567160,24,2.4,2.7,4.5,5.1,16.4,h,2.7,16.4,,,0,0.007,428.704,6.271,0,18.4,21.7,0.127,21,278,24.132,89.567,3.404,46.341,,,,,0
2026-10-04T14:00Z,2026-10-06T14:00Z,3567160,48,19.2,20.1,8.3,8.8,15.3,h,20.1,15.3,,,0,0,594.056,7.577,0,18.4,21.7,0.127,21,279,23.616,78.25,4.474,45.053,,,,,0
2026-10-04T14:00Z,2026-10-04T15:00Z,3567161,1,13.9,28.3,11.4,24.1,12.9,h,28.3,12.9,,,0,0.032,58.759,1.437,0.017,36,12.9,0.705,22,277,22.335,98.436,0.643,112.228,,,,,0
2026-10-04T14:00Z,2026-10-04T17:00Z,3567161,3,8.9,17.9,11.4,24,13,h,17.9,13,,,0,0.041,45.386,1.128,0,36,12.9,0.705,0,277,21.719,99.877,0.457,109.554,,,,,0
2026-10-04T14:00Z,2026-10-04T20:00Z,3567161,6,8.5,16.5,11.4,23.7,13.2,h,16.5,13.2,,,0,0.051,26.432,0.618,0.017,36,12.9,0.705,3,277,21.158,99.182,0.29,60.241,,,,,0
2026-10-04T14:00Z,2026-10-05T02:00Z,3567161,12,9.2,16.5,10.5,21.3,13.8,h,16.5,13.8,,,0,0.072,534.747,1.582,0,36,12.9,0.705,9,278,25.721,82.42,1.092,48.44,,,,,0
2026-10-04T14:00Z,2026-10-05T14:00Z,3567161,24,6.9,11,8.1,14.9,13.5,h,11,13.5,,,0,0.124,260.011,2.853,0.135,36,12.9,0.705,21,278,22.777,93.435,1.321,48.611,,,,,0
2026-10-04T14:00Z,2026-10-06T14:00Z,3567161,48,5.7,7.6,4.3,6.4,9.7,h,7.6,9.7,,,0,0.006,325.614,3.689,0.017,36,12.9,0.705,21,279,22.472,93.142,1.927,29.841,,,,,0
2026-10-04T14:00Z,2026-10-04T15:00Z,3572812,1,3.9,17.5,9.5,40.6,21.6,h,17.5,21.6,,,0,0.001,37.739,0.813,5.849,55.4,21.6,1.382,22,277,19.582,99.458,0.56,124.345,,,,,0
2026-10-04T14:00Z,2026-10-04T17:00Z,3572812,3,3.4,14.7,8.9,38.2,21.6,h,14.7,21.6,,,0,0,40.747,0.748,0.291,55.4,21.6,1.382,0,277,19.486,99.496,0.259,47.931,,,,,0
2026-10-04T14:00Z,2026-10-04T20:00Z,3572812,6,4.7,17.8,7.9,33.8,21.7,h,17.8,21.7,,,0,0,165.152,1.637,1.207,55.4,21.6,1.382,3,277,18.564,99.504,0.801,27.896,,,,,0
2026-10-04T14:00Z,2026-10-05T02:00Z,3572812,12,1.1,5,6.1,26.1,21.5,h,5,21.5,,,0,0,441.972,2.336,0.163,55.4,21.6,1.382,9,278,20.132,93.359,1.555,82.968,,,,,0
2026-10-04T14:00Z,2026-10-05T14:00Z,3572812,24,3.6,9.5,2.5,9.3,17.7,h,9.5,17.7,,,0,0,57.947,2.549,0.069,55.4,21.6,1.382,21,278,19.328,98.587,0.772,68.073,,,,,0
2026-10-04T14:00Z,2026-10-06T14:00Z,3572812,48,11.8,20.1,7.4,14.6,18.1,h,20.1,18.1,,,0,0,29.17,1.636,0,55.4,21.6,1.382,21,279,18.558,87.703,0.558,82.506,,,,,0
2026-10-04T14:00Z,2026-10-04T15:00Z,3572813,1,7.8,6.7,10.9,9.3,17.4,h,6.7,17.4,,,0,0,49.996,0.872,0.259,7.2,17.4,-0.145,22,277,18.406,96.814,0.45,32.895,,,,,0
2026-10-04T14:00Z,2026-10-04T17:00Z,3572813,3,2.4,2,10.3,8.8,17.3,h,2,17.3,,,0,0,65.407,0.966,0.816,7.2,17.4,-0.145,0,277,18.047,98.192,0.516,73.754,,,,,0
2026-10-04T14:00Z,2026-10-04T20:00Z,3572813,6,2.9,2.4,8.8,7.5,17,h,2.4,17,,,0,0,159.808,1.85,4.335,7.2,17.4,-0.145,3,277,17.181,98.41,1.358,0.636,,,,,0
2026-10-04T14:00Z,2026-10-05T02:00Z,3572813,12,1.8,1.5,7.2,6.2,14.9,h,1.5,14.9,,,0,0,513.788,3.234,0.235,7.2,17.4,-0.145,9,278,18.777,91.928,2.252,77.232,,,,,0
2026-10-04T14:00Z,2026-10-05T14:00Z,3572813,24,2.9,2.6,2.9,2.5,12.6,h,2.6,12.6,,,0,0,49.287,2.129,0.003,7.2,17.4,-0.145,21,278,17.78,98.782,0.684,71.25,,,,,0
2026-10-04T14:00Z,2026-10-06T14:00Z,3572813,48,10.9,10.3,7.3,6.8,12.1,h,10.3,12.1,,,0,0,39.053,3.368,0,7.2,17.4,-0.145,21,279,17.877,81.469,1.015,73.885,,,,,0
2026-10-04T14:00Z,2026-10-04T15:00Z,3572814,1,7.5,15.1,7.8,16.1,17,h,15.1,17,,,0,0.498,18.555,0.617,0,19.9,17,0.667,22,277,19.675,96.752,0.181,83.895,,,,,0
2026-10-04T14:00Z,2026-10-04T17:00Z,3572814,3,7,13.8,7.6,15.7,17,h,13.8,17,,,0,0.608,22.137,0.725,0,19.9,17,0.667,0,277,18.725,99.034,0.35,47.204,,,,,0
2026-10-04T14:00Z,2026-10-04T20:00Z,3572814,6,9.1,17,7.6,15.5,16.9,h,17,16.9,,,0,0.643,20.219,0.406,0,19.9,17,0.667,3,277,17.698,98.572,0.501,354.451,,,,,0
2026-10-04T14:00Z,2026-10-05T02:00Z,3572814,12,14.5,24.8,8.2,15.8,16.3,h,24.8,16.3,,,0,0.68,616.769,1.067,0,19.9,17,0.667,9,278,23.446,77.189,0.725,48.26,,,,,0
2026-10-04T14:00Z,2026-10-05T14:00Z,3572814,24,3.8,6.1,9,15.7,16.6,h,6.1,16.6,,,0,0.211,115.393,2.174,0.051,19.9,17,0.667,21,278,20.244,90.873,0.909,44.52,,,,,0
2026-10-04T14:00Z,2026-10-06T14:00Z,3572814,48,1.8,2.6,2.3,3.5,10.2,h,2.6,10.2,,,0,0.008,196.226,3.275,0.272,19.9,17,0.667,21,279,19.482,95.082,1.635,25.164,,,,,0
2026-10-04T14:00Z,2026-10-04T15:00Z,3585655,1,7.2,1.5,7,1.3,5,h,1.5,5,,,0,0,46.173,1.283,0.082,0.4,5,-1.248,22,277,22.887,99.819,0.421,116.423,,,,,0
2026-10-04T14:00Z,2026-10-04T17:00Z,3585655,3,6.1,1.3,6.8,1.3,5,h,1.3,5,,,0,0,71.593,1.631,0.358,0.4,5,-1.248,0,277,22.79,98.223,0.746,127.737,,,,,0
2026-10-04T14:00Z,2026-10-04T20:00Z,3585655,6,3.7,0.6,6.9,1.3,5,h,0.6,5,,,0,0,64.408,1.612,0,0.4,5,-1.248,3,277,22.484,99.207,0.763,87.748,,,,,0
2026-10-04T14:00Z,2026-10-05T02:00Z,3585655,12,4.3,1,6.3,1.3,4.7,h,1,4.7,,,0,0,194.005,1.235,0.514,0.4,5,-1.248,9,278,23.258,97.122,0.741,78.573,,,,,0
2026-10-04T14:00Z,2026-10-05T14:00Z,3585655,24,4.8,1.8,4.6,1.2,3.8,h,1.8,3.8,,,0,0,146.081,2.259,1.226,0.4,5,-1.248,21,278,21.685,99.038,1.129,88.468,,,,,0
2026-10-04T14:00Z,2026-10-06T14:00Z,3585655,48,5.1,2.9,3.8,1.7,3.4,h,2.9,3.4,,,0,0,39.337,1.945,0.025,0.4,5,-1.248,21,279,22.049,94.586,0.589,112.43,,,,,0
2026-10-04T14:00Z,2026-10-04T15:00Z,3585656,1,7.5,4.6,11.6,7.1,11.5,h,4.6,11.5,,,0,0.001,60.82,0.073,0.132,10.9,11.5,-0.437,22,277,21.238,99.011,0.424,293.891,,,,,0
2026-10-04T14:00Z,2026-10-04T17:00Z,3585656,3,2,1,10.5,6.4,11.4,h,1,11.4,,,0,0.001,72.003,1.979,0,10.9,11.5,-0.437,0,277,20.745,99.532,0.901,89.94,,,,,0
2026-10-04T14:00Z,2026-10-04T20:00Z,3585656,6,1.6,0.8,9,5.5,11.2,h,0.8,11.2,,,0,0,94.126,1.087,0.284,10.9,11.5,-0.437,3,277,20.287,98.736,0.841,335.626,,,,,0
2026-10-04T14:00Z,2026-10-05T02:00Z,3585656,12,5.3,3.5,6.8,4.1,10.1,h,3.5,10.1,,,0,0,368.013,2.504,0.05,10.9,11.5,-0.437,9,278,22.399,92.364,1.754,75.58,,,,,0
2026-10-04T14:00Z,2026-10-05T14:00Z,3585656,24,4.1,2.9,3.8,2.5,8.6,h,2.9,8.6,,,0,0,82.974,2.359,0.194,10.9,11.5,-0.437,21,278,21.265,97.111,0.932,76.815,,,,,0
2026-10-04T14:00Z,2026-10-06T14:00Z,3585656,48,9.5,8,4.7,3.7,7.6,h,8,7.6,,,0,0,27.362,1.645,0,10.9,11.5,-0.437,21,279,21.638,89.948,0.504,92.822,,,,,0
2026-10-04T14:00Z,2026-10-04T15:00Z,3585657,1,5,5.7,6.2,7,11.2,h,5.7,11.2,,,0,0,115.611,2.541,0.811,3.1,11.2,0.111,22,277,22.569,97.017,1.578,84.449,,,,,0
2026-10-04T14:00Z,2026-10-04T17:00Z,3585657,3,5,5.6,5.9,6.7,11.2,h,5.6,11.2,,,0,0,72.694,1.193,0.125,3.1,11.2,0.111,0,277,22.29,96.793,0.702,54.191,,,,,0
2026-10-04T14:00Z,2026-10-04T20:00Z,3585657,6,3.3,3.7,5.6,6.4,11.1,h,3.7,11.1,,,0,0,104.871,1.763,0.045,3.1,11.2,0.111,3,277,22.179,97.793,1.138,61.155,,,,,0
2026-10-04T14:00Z,2026-10-05T02:00Z,3585657,12,4.3,4.8,5.4,6.1,10.4,h,4.8,10.4,,,0,0,462.459,3.039,0.647,3.1,11.2,0.111,9,278,23.764,89.908,2.18,74.18,,,,,0
2026-10-04T14:00Z,2026-10-05T14:00Z,3585657,24,4.4,4.8,3.8,4.2,9,h,4.8,9,,,0,0,90.563,2.642,0.248,3.1,11.2,0.111,21,278,22.654,97.115,0.982,61.781,,,,,0
2026-10-04T14:00Z,2026-10-06T14:00Z,3585657,48,3.7,3.9,4.3,4.6,7.9,h,3.9,7.9,,,0,0,60.508,2.375,0,3.1,11.2,0.111,21,279,22.383,88.72,1.154,77.094,,,,,0
2026-10-04T14:00Z,2026-10-04T15:00Z,3585658,1,2.2,10.3,4,17.5,11.6,h,10.3,11.6,,,0,0,19.559,0.853,0,41.6,11.6,1.316,22,277,19.58,96.537,0.301,192.877,,,,,0
2026-10-04T14:00Z,2026-10-04T17:00Z,3585658,3,0.7,4.7,3.5,15.7,11.5,h,4.7,11.5,,,0,0,36.722,0.757,0.117,41.6,11.6,1.316,0,277,19.443,95.616,0.59,359.911,,,,,0
2026-10-04T14:00Z,2026-10-04T20:00Z,3585658,6,0.6,4,2.9,13.2,11.4,h,4,11.4,,,0,0,21.259,0.348,0,41.6,11.6,1.316,3,277,18.715,97.428,0.699,47.445,,,,,0
2026-10-04T14:00Z,2026-10-05T02:00Z,3585658,12,1.4,5.5,2.4,10.9,10.8,h,5.5,10.8,,,0,0,461.008,0.521,0.055,41.6,11.6,1.316,9,278,22.757,89.541,0.489,337.855,,,,,0
2026-10-04T14:00Z,2026-10-05T14:00Z,3585658,24,1.1,3.6,1.5,5.7,9.7,h,3.6,9.7,,,0,0,88.096,2.514,0.768,41.6,11.6,1.316,21,278,19.98,96.172,1.365,71.91,,,,,0
2026-10-04T14:00Z,2026-10-06T14:00Z,3585658,48,6.8,11.5,4.7,9.1,10.4,h,11.5,10.4,,,0,0,42.615,1.319,0,41.6,11.6,1.316,21,279,18.973,94.127,1.119,68.532,,,,,0
2026-10-04T14:00Z,2026-10-04T15:00Z,3591604,1,11.3,23.4,11.3,24.1,20.3,h,23.4,20.3,,,0,0.053,79.306,1.389,0.881,22.3,20.3,0.715,22,277,20.819,97.981,0.665,73.474,,,,,0
2026-10-04T14:00Z,2026-10-04T17:00Z,3591604,3,8.1,16.6,10.9,23.2,20.3,h,16.6,20.3,,,0,0.021,54.457,0.647,0.337,22.3,20.3,0.715,0,277,20.552,97.533,0.441,28.647,,,,,0
2026-10-04T14:00Z,2026-10-04T20:00Z,3591604,6,5.4,10.9,9.8,20.8,20.1,h,10.9,20.1,,,0,0.003,54.327,0.926,1.174,22.3,20.3,0.715,3,277,19.274,98.534,0.336,86.401,,,,,0
2026-10-04T14:00Z,2026-10-05T02:00Z,3591604,12,4.5,8.5,8.1,16.9,19.4,h,8.5,19.4,,,0,0,440.577,2.876,0.027,22.3,20.3,0.715,9,278,20.935,90.708,2.076,42.741,,,,,0
2026-10-04T14:00Z,2026-10-05T14:00Z,3591604,24,4.8,7.9,5.6,10.5,17.2,h,7.9,17.2,,,0,0,60.931,1.71,0.017,22.3,20.3,0.715,21,278,20.122,97.465,0.555,46.946,,,,,0
2026-10-04T14:00Z,2026-10-06T14:00Z,3591604,48,11.1,14.7,5.6,8.1,14.2,h,14.7,14.2,,,0,0,38.137,2.446,0,22.3,20.3,0.715,21,279,20.15,86.067,0.734,58.184,,,,,0
2026-10-04T14:00Z,2026-10-04T15:00Z,3591605,1,3,0.7,4,1.2,2.8,h,0.7,2.8,,,0,0.004,64.213,1.775,0.175,1.7,2.8,-0.866,22,277,19.845,98.776,0.837,75.123,,,,,0
2026-10-04T14:00Z,2026-10-04T17:00Z,3591605,3,2.2,0.4,3.5,1,2.8,h,0.4,2.8,,,0,0.004,35.505,1.015,0.06,1.7,2.8,-0.866,0,277,19.48,99.75,0.648,72.366,,,,,0
2026-10-04T14:00Z,2026-10-04T20:00Z,3591605,6,0.7,0,2.6,0.6,2.8,h,0,2.8,,,0,0.004,146.043,2.388,0.037,1.7,2.8,-0.866,3,277,19.422,99.177,1.238,67.834,,,,,0
2026-10-04T14:00Z,2026-10-05T02:00Z,3591605,12,1.3,0.2,2.2,0.4,2.5,h,0.2,2.5,,,0,0,557.802,3.457,0.067,1.7,2.8,-0.866,9,278,20.98,89.524,2.343,75.923,,,,,0
2026-10-04T14:00Z,2026-10-05T14:00Z,3591605,24,7.2,3.9,2.7,1,2.2,h,3.9,2.2,,,0,0,532.755,4.241,0,1.7,2.8,-0.866,21,278,19.363,84.701,2.315,82.287,,,,,0
2026-10-04T14:00Z,2026-10-06T14:00Z,3591605,48,9.3,6.5,10.5,6.7,4.7,h,6.5,4.7,,,0,0,72.216,3.025,0,1.7,2.8,-0.866,21,279,18.234,82.282,1.411,89.167,,,,,0
2026-10-04T14:00Z,2026-10-04T15:00Z,3591606,1,7,2.7,7.7,2.9,7.3,h,2.7,7.3,,,0,0,106.224,1.97,0.168,3.4,7.3,-0.797,22,277,23.529,98.087,1.172,80.427,,,,,0
2026-10-04T14:00Z,2026-10-04T17:00Z,3591606,3,6.1,2.4,7.4,2.8,7.3,h,2.4,7.3,,,0,0,83.202,0.422,0.125,3.4,7.3,-0.797,0,277,23.047,97.057,0.266,222.928,,,,,0
2026-10-04T14:00Z,2026-10-04T20:00Z,3591606,6,5.1,2.1,7.2,2.7,7.2,h,2.1,7.2,,,0,0,103.426,1.591,0,3.4,7.3,-0.797,3,277,22.785,97.869,0.79,67.899,,,,,0
2026-10-04T14:00Z,2026-10-05T02:00Z,3591606,12,4.7,2.1,6.6,2.6,6.9,h,2.1,6.9,,,0,0,300.036,1.526,0.32,3.4,7.3,-0.797,9,278,24.18,92.738,1.144,86.427,,,,,0
2026-10-04T14:00Z,2026-10-05T14:00Z,3591606,24,5.3,2.9,5.2,2.4,5.7,h,2.9,5.7,,,0,0,102.24,1.936,2.779,3.4,7.3,-0.797,21,278,21.69,98.738,1.297,28.992,,,,,0
2026-10-04T14:00Z,2026-10-06T14:00Z,3591606,48,6.9,4.9,4,2.5,4.9,h,4.9,4.9,,,0,0,48.27,1.535,1.497,3.4,7.3,-0.797,21,279,22.198,98.242,0.724,55.384,,,,,0
2026-10-04T14:00Z,2026-10-04T15:00Z,3591607,1,3.5,1.3,,,,h,1.3,,,,0,0,34.447,1.24,0,,,-0.87,22,277,19.082,96.416,0.583,114.855,,,,,0
2026-10-04T14:00Z,2026-10-04T17:00Z,3591607,3,1.7,0.4,,,,h,0.4,,,,0,0,28.594,0.787,0.014,,,-0.87,0,277,18.852,96.74,0.469,88.133,,,,,0
2026-10-04T14:00Z,2026-10-04T20:00Z,3591607,6,0.6,0,,,,h,0,,,,0,0,33.653,1.033,0,,,-0.87,3,277,18.505,97.488,0.687,66.39,,,,,0
2026-10-04T14:00Z,2026-10-05T02:00Z,3591607,12,0.5,0,,,,h,0,,,,0,0,492.432,1.672,0.06,,,-0.87,9,278,20.983,89.941,1.054,68.624,,,,,0
2026-10-04T14:00Z,2026-10-05T14:00Z,3591607,24,3.3,1.8,,,,h,1.8,,,,0,0,324.147,3.273,0.124,,,-0.87,21,278,19.06,90.783,1.678,72.734,,,,,0
2026-10-04T14:00Z,2026-10-06T14:00Z,3591607,48,8.3,6.2,,,,h,6.2,,,,0,0,65.739,2.525,0,,,-0.87,21,279,17.614,87.558,1.245,74.025,,,,,0
2026-10-04T14:00Z,2026-10-04T15:00Z,3591609,1,5,4.1,,,,h,4.1,,,,0,0,36.384,0.73,0.156,5,,-0.16,22,277,20.799,97.411,0.497,119.994,,,,,0
2026-10-04T14:00Z,2026-10-04T17:00Z,3591609,3,4.7,3.9,,,,h,3.9,,,,0,0,45.445,1.025,0.26,5,,-0.16,0,277,20.577,96.958,0.842,27.78,,,,,0
2026-10-04T14:00Z,2026-10-04T20:00Z,3591609,6,4,3.4,,,,h,3.4,,,,0,0,49.501,0.853,0.014,5,,-0.16,3,277,20.411,98.343,0.811,65.873,,,,,0
2026-10-04T14:00Z,2026-10-05T02:00Z,3591609,12,3.4,2.9,,,,h,2.9,,,,0,0,429.088,0.904,0.234,5,,-0.16,9,278,23.176,90.745,0.567,77.815,,,,,0
2026-10-04T14:00Z,2026-10-05T14:00Z,3591609,24,5.2,4.6,,,,h,4.6,,,,0,0,47.368,1.826,0.569,5,,-0.16,21,278,20.815,97.402,0.851,71.623,,,,,0
2026-10-04T14:00Z,2026-10-06T14:00Z,3591609,48,5.8,5.4,,,,h,5.4,,,,0,0,27.993,0.823,0,5,,-0.16,21,279,20.401,95.956,0.7,79.952,,,,,0
2026-10-04T14:00Z,2026-10-04T15:00Z,3591610,1,9.8,15.9,,,,h,15.9,,,,0,0.013,76.488,2.227,0,18,,0.464,22,277,22.77,99.184,1.109,120.305,,,,,0
2026-10-04T14:00Z,2026-10-04T17:00Z,3591610,3,7.5,12,,,,h,12,,,,0,0.019,46.275,1.661,0,18,,0.464,0,277,22.273,99.999,0.822,118.081,,,,,0
2026-10-04T14:00Z,2026-10-04T20:00Z,3591610,6,4.4,7.1,,,,h,7.1,,,,0,0.025,23.861,0.712,0,18,,0.464,3,277,21.961,98.394,0.295,34.169,,,,,0
2026-10-04T14:00Z,2026-10-05T02:00Z,3591610,12,5.9,8.8,,,,h,8.8,,,,0,0.037,446.512,2.287,0,18,,0.464,9,278,26.191,82.907,1.646,41.251,,,,,0
2026-10-04T14:00Z,2026-10-05T14:00Z,3591610,24,3.7,5.2,,,,h,5.2,,,,0,0.053,331.819,4.592,0.004,18,,0.464,21,278,23.122,93.821,2.183,36.554,,,,,0
2026-10-04T14:00Z,2026-10-06T14:00Z,3591610,48,11.4,13.7,,,,h,13.7,,,,0,0.003,464.619,4.88,0,18,,0.464,21,279,22.843,91.231,2.493,37.509,,,,,0
2026-10-04T14:00Z,2026-10-04T15:00Z,3591611,1,12.1,14.8,,,,h,14.8,,,,0,0.01,74.162,1.275,0.045,21.1,,0.198,22,277,23.331,98.465,0.654,112.473,,,,,0
2026-10-04T14:00Z,2026-10-04T17:00Z,3591611,3,7.2,8.8,,,,h,8.8,,,,0,0.016,59.447,1.537,0,21.1,,0.198,0,277,22.813,99.913,0.658,129.794,,,,,0
2026-10-04T14:00Z,2026-10-04T20:00Z,3591611,6,6.4,7.8,,,,h,7.8,,,,0,0.024,25.137,0.777,0.045,21.1,,0.198,3,277,22.471,99.227,0.265,100.171,,,,,0
2026-10-04T14:00Z,2026-10-05T02:00Z,3591611,12,7.6,9,,,,h,9,,,,0,0.044,472.086,0.838,0,21.1,,0.198,9,278,26.135,85.345,0.577,72.571,,,,,0
2026-10-04T14:00Z,2026-10-05T14:00Z,3591611,24,4.6,5.3,,,,h,5.3,,,,0,0.139,252.154,1.642,0.361,21.1,,0.198,21,278,23.526,95.4,0.928,92.095,,,,,0
2026-10-04T14:00Z,2026-10-06T14:00Z,3591611,48,7.5,8.1,,,,h,8.1,,,,0,0.008,243.932,2.756,0.045,21.1,,0.198,21,279,23.409,95.037,1.558,20.26,,,,,0
2026-10-04T14:00Z,2026-10-04T15:00Z,3597971,1,3,11.9,,,,h,11.9,,,,0,0.018,90.086,1.629,0.44,26.9,,1.219,22,277,19.741,98.586,0.737,79.632,,,,,0
2026-10-04T14:00Z,2026-10-04T17:00Z,3597971,3,2.2,8.8,,,,h,8.8,,,,0,0.011,39.396,0.962,0.07,26.9,,1.219,0,277,19.425,99.979,0.601,64.542,,,,,0
2026-10-04T14:00Z,2026-10-04T20:00Z,3597971,6,0.7,3.9,,,,h,3.9,,,,0,0.006,267.184,3.022,0.111,26.9,,1.219,3,277,19.346,98.408,1.453,76.72,,,,,0
2026-10-04T14:00Z,2026-10-05T02:00Z,3597971,12,1.3,4.8,,,,h,4.8,,,,0,0,578.163,3.397,0.052,26.9,,1.219,9,278,20.512,89.58,2.299,79.601,,,,,0
2026-10-04T14:00Z,2026-10-05T14:00Z,3597971,24,7.2,15.9,,,,h,15.9,,,,0,0,522.962,3.562,0,26.9,,1.219,21,278,18.881,84.051,1.866,88.836,,,,,0
2026-10-04T14:00Z,2026-10-06T14:00Z,3597971,48,9.3,15,,,,h,15,,,,0,0,68.119,2.63,0,26.9,,1.219,21,279,18.164,80.083,1.167,102.336,,,,,0
2026-10-04T14:00Z,2026-10-04T15:00Z,3597972,1,3.7,1.4,,,,h,1.4,,,,0,0.005,62.822,0.835,0.064,1.6,,-0.701,22,277,20.917,98.997,0.665,359.092,,,,,0
2026-10-04T14:00Z,2026-10-04T17:00Z,3597972,3,2.5,0.8,,,,h,0.8,,,,0,0.002,52.812,0.771,0.064,1.6,,-0.701,0,277,20.581,99.997,0.549,53.017,,,,,0
2026-10-04T14:00Z,2026-10-04T20:00Z,3597972,6,1.9,0.6,,,,h,0.6,,,,0,0.001,104.91,1.987,0.257,1.6,,-0.701,3,277,19.876,99.997,1.205,67.505,,,,,0
2026-10-04T14:00Z,2026-10-05T02:00Z,3597972,12,1.7,0.6,,,,h,0.6,,,,0,0,619.199,2.566,0.128,1.6,,-0.701,9,278,20.553,93.479,1.777,42.155,,,,,0
2026-10-04T14:00Z,2026-10-05T14:00Z,3597972,24,11.1,7,,,,h,7,,,,0,0,239.035,2.832,0,1.6,,-0.701,21,278,18.817,89.482,1.385,25.833,,,,,0
2026-10-04T14:00Z,2026-10-06T14:00Z,3597972,48,15.3,11.7,,,,h,11.7,,,,0,0,30.796,1.261,0,1.6,,-0.701,21,279,17.629,81.517,0.572,40.755,,,,,0
2026-10-04T14:00Z,2026-10-04T15:00Z,3597973,1,6.3,6,,,,h,6,,,,0,0,52.77,0.924,0.162,8.1,,-0.046,22,277,20.467,98.229,0.339,89.992,,,,,0
2026-10-04T14:00Z,2026-10-04T17:00Z,3597973,3,5.2,4.9,,,,h,4.9,,,,0,0.001,30.99,1.29,0.534,8.1,,-0.046,0,277,20.013,98.696,0.488,83.605,,,,,0
2026-10-04T14:00Z,2026-10-04T20:00Z,3597973,6,1.8,1.7,,,,h,1.7,,,,0,0.005,130.128,1.87,0.063,8.1,,-0.046,3,277,19.77,98.698,0.747,88.463,,,,,0
2026-10-04T14:00Z,2026-10-05T02:00Z,3597973,12,0.9,0.8,,,,h,0.8,,,,0,0.001,464.651,2.566,0.364,8.1,,-0.046,9,278,21.379,91.684,1.662,80.491,,,,,0
2026-10-04T14:00Z,2026-10-05T14:00Z,3597973,24,4.9,4.7,,,,h,4.7,,,,0,0,490.654,4.617,0,8.1,,-0.046,21,278,20.253,84.643,2.114,95.659,,,,,0
2026-10-04T14:00Z,2026-10-06T14:00Z,3597973,48,7.8,7.7,,,,h,7.7,,,,0,0,118.103,3.769,0,8.1,,-0.046,21,279,19.756,76.901,1.52,98.728,,,,,0
2026-10-04T14:00Z,2026-10-04T15:00Z,3597974,1,5.8,11.1,,,,h,11.1,,,,0,0,36.448,0.898,0.038,17.8,,0.601,22,277,20.634,98.838,0.249,100.723,,,,,0
2026-10-04T14:00Z,2026-10-04T17:00Z,3597974,3,3.7,7.2,,,,h,7.2,,,,0,0,23.507,1.017,0.109,17.8,,0.601,0,277,20.273,98.761,0.29,97.868,,,,,0
2026-10-04T14:00Z,2026-10-04T20:00Z,3597974,6,1.7,3.5,,,,h,3.5,,,,0,0.002,52.484,1.131,0.014,17.8,,0.601,3,277,20.077,99.228,0.466,72.615,,,,,0
2026-10-04T14:00Z,2026-10-05T02:00Z,3597974,12,0.7,1.7,,,,h,1.7,,,,0,0.001,426.07,2.063,0.221,17.8,,0.601,9,278,22.045,90.525,1.423,64.52,,,,,0
2026-10-04T14:00Z,2026-10-05T14:00Z,3597974,24,3.5,5.4,,,,h,5.4,,,,0,0,486.233,4.419,0,17.8,,0.601,21,278,20.92,86.374,2.028,87.066,,,,,0
2026-10-04T14:00Z,2026-10-06T14:00Z,3597974,48,7.2,9.2,,,,h,9.2,,,,0,0,122.539,3.684,0,17.8,,0.601,21,279,20.06,79.21,1.425,87.168,,,,,0
2026-10-04T14:00Z,2026-10-04T15:00Z,3597975,1,2.3,1.9,,,,h,1.9,,,,0,0.004,64.392,0.678,0.047,5.1,,-0.141,22,277,20.776,98.24,0.612,6.127,,,,,0
2026-10-04T14:00Z,2026-10-04T17:00Z,3597975,3,0.9,0.7,,,,h,0.7,,,,0,0.002,52.55,0.794,0.093,5.1,,-0.141,0,277,20.424,99.24,0.604,58.151,,,,,0
2026-10-04T14:00Z,2026-10-04T20:00Z,3597975,6,0.9,0.7,,,,h,0.7,,,,0,0.001,116.68,1.997,0.307,5.1,,-0.141,3,277,19.8,99.312,1.188,64.242,,,,,0
2026-10-04T14:00Z,2026-10-05T02:00Z,3597975,12,0.8,0.6,,,,h,0.6,,,,0,0,613.726,2.286,0.149,5.1,,-0.141,9,278,20.812,92.612,1.572,48.384,,,,,0
2026-10-04T14:00Z,2026-10-05T14:00Z,3597975,24,7.4,6.7,,,,h,6.7,,,,0,0,246.231,2.266,0,5.1,,-0.141,21,278,18.97,89.497,1.112,35.561,,,,,0
2026-10-04T14:00Z,2026-10-06T14:00Z,3597975,48,10.7,10.1,,,,h,10.1,,,,0,0,32.642,1.189,0,5.1,,-0.141,21,279,17.787,81.91,0.556,51.975,,,,,0
2026-10-04T14:00Z,2026-10-04T15:00Z,3597976,1,7.5,6.7,,,,h,6.7,,,,0,0,48.608,0.722,0.052,11.2,,-0.103,22,277,20.473,99.304,0.505,81.58,,,,,0
2026-10-04T14:00Z,2026-10-04T17:00Z,3597976,3,2,1.7,,,,h,1.7,,,,0,0,69.123,2.137,0,11.2,,-0.103,0,277,20.357,99.719,0.848,107.238,,,,,0
2026-10-04T14:00Z,2026-10-04T20:00Z,3597976,6,1.6,1.4,,,,h,1.4,,,,0,0,71.519,1.155,0.115,11.2,,-0.103,3,277,20.061,99.372,0.831,36.907,,,,,0
2026-10-04T14:00Z,2026-10-05T02:00Z,3597976,12,5.3,4.8,,,,h,4.8,,,,0,0,331.38,2.889,0.054,11.2,,-0.103,9,278,21.18,93.061,2.042,81.131,,,,,0
2026-10-04T14:00Z,2026-10-05T14:00Z,3597976,24,4.1,3.8,,,,h,3.8,,,,0,0,128.167,2.614,0.056,11.2,,-0.103,21,278,20.453,98.48,1.068,93.888,,,,,0
2026-10-04T14:00Z,2026-10-06T14:00Z,3597976,48,9.5,9.1,,,,h,9.1,,,,0,0,30,2.003,0,11.2,,-0.103,21,279,21.347,85.859,0.651,75.721,,,,,0
2026-10-04T14:00Z,2026-10-04T15:00Z,3597978,1,6.7,9.9,,,,h,9.9,,,,0,0,79.608,1.686,0.469,4,,0.362,22,277,21.905,97.491,1.067,91.113,,,,,0
2026-10-04T14:00Z,2026-10-04T17:00Z,3597978,3,6.6,9.6,,,,h,9.6,,,,0,0,55.693,1.007,0.21,4,,0.362,0,277,21.616,97.212,0.735,44.988,,,,,0
2026-10-04T14:00Z,2026-10-04T20:00Z,3597978,6,5.2,7.5,,,,h,7.5,,,,0,0,81.715,1.363,0.044,4,,0.362,3,277,21.531,98.27,0.975,61.751,,,,,0
2026-10-04T14:00Z,2026-10-05T02:00Z,3597978,12,5.9,8.1,,,,h,8.1,,,,0,0,435.939,2.018,0.418,4,,0.362,9,278,23.599,90.546,1.441,78.916,,,,,0
2026-10-04T14:00Z,2026-10-05T14:00Z,3597978,24,5.8,7.4,,,,h,7.4,,,,0,0,70.669,2.101,0.361,4,,0.362,21,278,21.885,97.276,0.835,63.044,,,,,0
2026-10-04T14:00Z,2026-10-06T14:00Z,3597978,48,5.2,6.1,,,,h,6.1,,,,0,0,42.363,1.479,0,4,,0.362,21,279,21.55,93.239,0.807,76.023,,,,,0
2026-10-04T14:00Z,2026-10-04T15:00Z,3599600,1,2.5,5.6,,,,h,5.6,,,,0,0,188.529,0.435,0,8.1,,0.656,22,277,23.559,90.972,0.031,326.967,,,,,0
2026-10-04T14:00Z,2026-10-04T17:00Z,3599600,3,0.5,1.7,,,,h,1.7,,,,0,0,90.504,1.588,0.545,8.1,,0.656,0,277,22.469,94.618,0.838,325.061,,,,,0
2026-10-04T14:00Z,2026-10-04T20:00Z,3599600,6,1.4,3.2,,,,h,3.2,,,,0,0,39.825,0.685,0,8.1,,0.656,3,277,22.073,92.756,0.159,9.996,,,,,0
2026-10-04T14:00Z,2026-10-05T02:00Z,3599600,12,2,3.9,,,,h,3.9,,,,0,0,438.134,1.712,0.19,8.1,,0.656,9,278,24.757,86.443,1.213,7.325,,,,,0
2026-10-04T14:00Z,2026-10-05T14:00Z,3599600,24,2.9,4.8,,,,h,4.8,,,,0,0,31.612,0.99,0.278,8.1,,0.656,21,278,22.857,91.957,0.214,354.468,,,,,0
2026-10-04T14:00Z,2026-10-06T14:00Z,3599600,48,7.9,10.3,,,,h,10.3,,,,0,0,20.876,0.664,0,8.1,,0.656,21,279,22.891,94.472,0.27,177.154,,,,,0
2026-10-04T14:00Z,2026-10-04T15:00Z,3600181,1,7,1.7,,,,h,1.7,,,,0,0,133.966,2.019,0.02,0.9,,-1.127,22,277,23.962,98.429,1.05,120.038,,,,,0
2026-10-04T14:00Z,2026-10-04T17:00Z,3600181,3,6.1,1.5,,,,h,1.5,,,,0,0,90.136,0.56,0,0.9,,-1.127,0,277,23.781,96.933,0.295,109.358,,,,,0
2026-10-04T14:00Z,2026-10-04T20:00Z,3600181,6,5.1,1.3,,,,h,1.3,,,,0,0,139.814,1.594,0.081,0.9,,-1.127,3,277,23.822,95.986,1.054,85.217,,,,,0
2026-10-04T14:00Z,2026-10-05T02:00Z,3600181,12,4.7,1.4,,,,h,1.4,,,,0,0,423.256,2.037,0.38,0.9,,-1.127,9,278,25.024,89.909,1.589,83.791,,,,,0
2026-10-04T14:00Z,2026-10-05T14:00Z,3600181,24,5.3,2.2,,,,h,2.2,,,,0,0,112.466,0.985,2.836,0.9,,-1.127,21,278,22.35,98.958,0.946,214.507,,,,,0
2026-10-04T14:00Z,2026-10-06T14:00Z,3600181,48,6.9,4.3,,,,h,4.3,,,,0,0,42.466,0.863,0,0.9,,-1.127,21,279,23.729,94.383,0.199,134.388,,,,,0
2026-10-04T14:00Z,2026-10-04T15:00Z,3600182,1,8.3,14.5,,,,h,14.5,,,,0,0,27.73,0.376,0.007,16.6,,0.531,22,277,24.869,99.906,0.152,116.361,,,,,0
2026-10-04T14:00Z,2026-10-04T17:00Z,3600182,3,5.8,10.1,,,,h,10.1,,,,0,0,72.454,1.353,0,16.6,,0.531,0,277,24.658,98.359,0.91,150.763,,,,,0
2026-10-04T14:00Z,2026-10-04T20:00Z,3600182,6,3.4,6,,,,h,6,,,,0,0,114.526,2.151,0,16.6,,0.531,3,277,23.993,97.416,1.284,76.035,,,,,0
2026-10-04T14:00Z,2026-10-05T02:00Z,3600182,12,3.5,5.7,,,,h,5.7,,,,0,0.002,554.116,2.41,0.179,16.6,,0.531,9,278,26.488,86.869,1.878,51.251,,,,,0
2026-10-04T14:00Z,2026-10-05T14:00Z,3600182,24,2.2,3.4,,,,h,3.4,,,,0,0.001,200.856,3.826,0,16.6,,0.531,21,278,23.104,90.237,1.602,56.79,,,,,0
2026-10-04T14:00Z,2026-10-06T14:00Z,3600182,48,21.3,26,,,,h,26,,,,0,0,261.795,4.77,0,16.6,,0.531,21,279,22.72,78.636,2.567,61.664,,,,,0
2026-10-04T14:00Z,2026-10-04T15:00Z,3600183,1,12.1,11.9,,,,h,11.9,,,,0,0.006,81.968,1.819,0.028,16.9,,-0.016,22,277,23.388,98.894,0.952,118.683,,,,,0
2026-10-04T14:00Z,2026-10-04T17:00Z,3600183,3,7.2,7.1,,,,h,7.1,,,,0,0.011,56.678,1.798,0,16.9,,-0.016,0,277,22.925,99.977,0.849,128.25,,,,,0
2026-10-04T14:00Z,2026-10-04T20:00Z,3600183,6,6.4,6.3,,,,h,6.3,,,,0,0.018,23.616,0.632,0.028,16.9,,-0.016,3,277,22.693,98.709,0.3,77.241,,,,,0
2026-10-04T14:00Z,2026-10-05T02:00Z,3600183,12,7.6,7.5,,,,h,7.5,,,,0,0.033,427.363,1.378,0,16.9,,-0.016,9,278,26.337,85.054,0.982,51.929,,,,,0
2026-10-04T14:00Z,2026-10-05T14:00Z,3600183,24,4.6,4.5,,,,h,4.5,,,,0,0.084,298.875,2.637,0.224,16.9,,-0.016,21,278,23.58,95.144,1.262,54.248,,,,,0
2026-10-04T14:00Z,2026-10-06T14:00Z,3600183,48,7.5,7.5,,,,h,7.5,,,,0,0.005,350.603,3.68,0.028,16.9,,-0.016,21,279,23.429,93.382,1.986,30.906,,,,,0
2026-10-04T14:00Z,2026-10-04T15:00Z,3600716,1,4.8,4.8,,,,h,4.8,,,,0,0.011,98.647,0.738,1.022,,,0,22,277,20.645,98.29,0.353,86.72,,,,,0
2026-10-04T14:00Z,2026-10-04T17:00Z,3600716,3,4.2,4.2,,,,h,4.2,,,,0,0.005,73.404,1.017,0.41,,,0,0,277,20.371,99.727,0.562,57.402,,,,,0
2026-10-04T14:00Z,2026-10-04T20:00Z,3600716,6,3.6,3.6,,,,h,3.6,,,,0,0.001,305.888,2.883,0.405,,,0,3,277,20.122,97.979,1.349,81.291,,,,,0
2026-10-04T14:00Z,2026-10-05T02:00Z,3600716,12,2.8,2.8,,,,h,2.8,,,,0,0,588.073,2.969,0.148,,,0,9,278,20.452,89.944,2.033,65.975,,,,,0
2026-10-04T14:00Z,2026-10-05T14:00Z,3600716,24,8.9,8.9,,,,h,8.9,,,,0,0,354.142,2.106,0,,,0,21,278,19.423,84.744,0.789,90.274,,,,,0
2026-10-04T14:00Z,2026-10-06T14:00Z,3600716,48,12.8,12.8,,,,h,12.8,,,,0,0,60.292,1.826,0,,,0,21,279,19.08,76.37,0.517,118.526,,,,,0
2026-10-04T14:00Z,2026-10-04T15:00Z,3602359,1,3.2,4.4,,,,h,4.4,,,,0,0.001,39.656,1.735,0,0.5,,0.267,22,277,18.119,95.008,0.841,110.732,,,,,0
2026-10-04T14:00Z,2026-10-04T17:00Z,3602359,3,1.6,2.3,,,,h,2.3,,,,0,0,29.865,0.943,0.001,0.5,,0.267,0,277,17.92,95.98,0.559,93.05,,,,,0
2026-10-04T14:00Z,2026-10-04T20:00Z,3602359,6,0.8,1.3,,,,h,1.3,,,,0,0,39.52,1.26,0,0.5,,0.267,3,277,17.614,96.497,0.836,69.653,,,,,0
2026-10-04T14:00Z,2026-10-05T02:00Z,3602359,12,0.7,1.1,,,,h,1.1,,,,0,0,537.595,1.999,0.002,0.5,,0.267,9,278,19.834,90.007,1.257,78.492,,,,,0
2026-10-04T14:00Z,2026-10-05T14:00Z,3602359,24,4.2,5.1,,,,h,5.1,,,,0,0,297.683,2.898,0.006,0.5,,0.267,21,278,17.735,91.558,1.555,63.639,,,,,0
2026-10-04T14:00Z,2026-10-06T14:00Z,3602359,48,10,11.1,,,,h,11.1,,,,0,0,40.759,2.237,0,0.5,,0.267,21,279,15.947,89.972,1.19,66.433,,,,,0
2026-10-04T14:00Z,2026-10-04T15:00Z,3612960,1,8.1,13.4,,,,h,13.4,,,,0,0,151.415,3.445,1.015,2.5,,0.477,22,277,23.614,97.392,2.029,81.553,,,,,0
2026-10-04T14:00Z,2026-10-04T17:00Z,3612960,3,8.1,13.1,,,,h,13.1,,,,0,0,75.606,1.186,0.106,2.5,,0.477,0,277,23.242,97.356,0.616,68.354,,,,,0
2026-10-04T14:00Z,2026-10-04T20:00Z,3612960,6,6.9,10.9,,,,h,10.9,,,,0,0,133.392,2.196,0.086,2.5,,0.477,3,277,23.235,97.96,1.271,59.172,,,,,0
2026-10-04T14:00Z,2026-10-05T02:00Z,3612960,12,5.9,8.9,,,,h,8.9,,,,0,0,456.618,3.875,0.745,2.5,,0.477,9,278,24.226,89.992,2.87,77.718,,,,,0
2026-10-04T14:00Z,2026-10-05T14:00Z,3612960,24,8.1,11.1,,,,h,11.1,,,,0,0,109.92,2.749,0.046,2.5,,0.477,21,278,23.593,97.032,0.958,54.652,,,,,0
2026-10-04T14:00Z,2026-10-06T14:00Z,3612960,48,7.8,9.5,,,,h,9.5,,,,0,0,68.624,2.712,0,2.5,,0.477,21,279,23.366,87.909,1.114,74.426,,,,,0
2026-10-04T14:00Z,2026-10-04T15:00Z,3612961,1,8.6,12.9,,,,h,12.9,,,,0,0.01,35.708,0.718,0.393,13.2,,0.383,22,277,21.844,99.129,0.23,145.909,,,,,0
2026-10-04T14:00Z,2026-10-04T17:00Z,3612961,3,5.3,8,,,,h,8,,,,0,0.006,39.568,0.71,0.517,13.2,,0.383,0,277,21.102,99.066,0.6,356.08,,,,,0
2026-10-04T14:00Z,2026-10-04T20:00Z,3612961,6,1.4,2.3,,,,h,2.3,,,,0,0.001,110.217,2.003,1.224,13.2,,0.383,3,277,20.366,98.505,0.955,56.96,,,,,0
2026-10-04T14:00Z,2026-10-05T02:00Z,3612961,12,2.2,3.3,,,,h,3.3,,,,0,0,489.831,1.844,0,13.2,,0.383,9,278,22.329,89.654,1.28,41.621,,,,,0
2026-10-04T14:00Z,2026-10-05T14:00Z,3612961,24,2.8,3.8,,,,h,3.8,,,,0,0,98.684,2.569,0.303,13.2,,0.383,21,278,20.977,98.109,1.152,35.051,,,,,0
2026-10-04T14:00Z,2026-10-06T14:00Z,3612961,48,9.4,10.9,,,,h,10.9,,,,0,0,38.913,1.936,0,13.2,,0.383,21,279,21.112,91.56,1.036,64.265,,,,,0
2026-10-04T14:00Z,2026-10-04T15:00Z,3612962,1,6.9,9.6,,,,h,9.6,,,,0,0.004,51.466,0.17,0.669,10.6,,0.307,22,277,20.463,99.32,0.371,251.817,,,,,0
2026-10-04T14:00Z,2026-10-04T17:00Z,3612962,3,1.8,2.7,,,,h,2.7,,,,0,0.002,54.793,0.97,0.308,10.6,,0.307,0,277,19.855,99.761,0.678,58.509,,,,,0
2026-10-04T14:00Z,2026-10-04T20:00Z,3612962,6,1.2,1.9,,,,h,1.9,,,,0,0,113.296,1.269,1.601,10.6,,0.307,3,277,18.923,99.861,0.546,27.572,,,,,0
2026-10-04T14:00Z,2026-10-05T02:00Z,3612962,12,1.3,1.9,,,,h,1.9,,,,0,0,288.407,1.976,0.134,10.6,,0.307,9,278,20.188,93.658,1.379,61.902,,,,,0
2026-10-04T14:00Z,2026-10-05T14:00Z,3612962,24,3.7,4.6,,,,h,4.6,,,,0,0,63.829,1.45,0.394,10.6,,0.307,21,278,19.529,97.446,0.641,63.636,,,,,0
2026-10-04T14:00Z,2026-10-06T14:00Z,3612962,48,13.1,14.7,,,,h,14.7,,,,0,0,37.936,1.098,0,10.6,,0.307,21,279,19.828,87.023,0.577,91.177,,,,,0
2026-10-04T14:00Z,2026-10-04T15:00Z,3612963,1,4.8,8.4,,,,h,8.4,,,,0,0,21.247,0.766,0,9.3,,0.499,22,277,20.348,97.728,0.095,181.35,,,,,0
2026-10-04T14:00Z,2026-10-04T17:00Z,3612963,3,1.9,3.6,,,,h,3.6,,,,0,0,24.381,0.441,0.07,9.3,,0.499,0,277,20.127,96.843,0.266,66.159,,,,,0
2026-10-04T14:00Z,2026-10-04T20:00Z,3612963,6,1.5,2.8,,,,h,2.8,,,,0,0,18.25,0.257,0,9.3,,0.499,3,277,19.634,98.207,0.286,76.811,,,,,0
2026-10-04T14:00Z,2026-10-05T02:00Z,3612963,12,1,1.9,,,,h,1.9,,,,0,0,394.144,0.69,0.179,9.3,,0.499,9,278,22.763,90.562,0.476,13.482,,,,,0
2026-10-04T14:00Z,2026-10-05T14:00Z,3612963,24,1.7,2.6,,,,h,2.6,,,,0,0,232.006,3.065,0.41,9.3,,0.499,21,278,20.951,92.969,1.359,83.98,,,,,0
2026-10-04T14:00Z,2026-10-06T14:00Z,3612963,48,6.7,8.2,,,,h,8.2,,,,0,0,92.788,2.347,0,9.3,,0.499,21,279,20.239,86.473,1.105,80.251,,,,,0
2026-10-04T14:00Z,2026-10-04T15:00Z,3612964,1,6.3,2.7,,,,h,2.7,,,,0,0,138.854,2.611,2.274,1,,-0.705,22,277,23.633,97.587,1.503,76.808,,,,,0
2026-10-04T14:00Z,2026-10-04T17:00Z,3612964,3,4.9,2.1,,,,h,2.1,,,,0,0,81.367,0.446,0.403,1,,-0.705,0,277,23.301,96.78,0.282,346.178,,,,,0
2026-10-04T14:00Z,2026-10-04T20:00Z,3612964,6,5,2.3,,,,h,2.3,,,,0,0,70.698,1.47,0.025,1,,-0.705,3,277,23.111,97.869,0.654,35.943,,,,,0
2026-10-04T14:00Z,2026-10-05T02:00Z,3612964,12,4.7,2.3,,,,h,2.3,,,,0,0,344.489,1.092,0.168,1,,-0.705,9,278,25.152,91.991,0.795,83.008,,,,,0
2026-10-04T14:00Z,2026-10-05T14:00Z,3612964,24,4.1,2.4,,,,h,2.4,,,,0,0,119.899,2.446,0.867,1,,-0.705,21,278,22.64,97.707,1.714,343.797,,,,,0
2026-10-04T14:00Z,2026-10-06T14:00Z,3612964,48,9,6.8,,,,h,6.8,,,,0,0,56.298,1.835,0.02,1,,-0.705,21,279,23.45,95.151,0.808,33.067,,,,,0
2026-10-04T14:00Z,2026-10-04T15:00Z,3612965,1,6.7,3.5,,,,h,3.5,,,,0,0,215.869,5.275,0.912,2.5,,-0.549,22,277,24.496,99.827,3.238,200.554,,,,,0
2026-10-04T14:00Z,2026-10-04T17:00Z,3612965,3,6.6,3.6,,,,h,3.6,,,,0,0,124.78,2.265,0.189,2.5,,-0.549,0,277,23.763,98.945,1.57,239.205,,,,,0
2026-10-04T14:00Z,2026-10-04T20:00Z,3612965,6,5.2,2.9,,,,h,2.9,,,,0,0,97.497,2.212,0.183,2.5,,-0.549,3,277,23.504,99.833,1.481,229.445,,,,,0
2026-10-04T14:00Z,2026-10-05T02:00Z,3612965,12,5.9,3.5,,,,h,3.5,,,,0,0,226.283,1.283,1.554,2.5,,-0.549,9,278,24.576,95.672,1.183,204.362,,,,,0
2026-10-04T14:00Z,2026-10-05T14:00Z,3612965,24,5.8,3.9,,,,h,3.9,,,,0,0,81.57,2.572,0.142,2.5,,-0.549,21,278,24.362,98.716,2.074,280.015,,,,,0
2026-10-04T14:00Z,2026-10-06T14:00Z,3612965,48,5.2,4.1,,,,h,4.1,,,,0,0,68.164,2.551,0,2.5,,-0.549,21,279,24.032,98.772,1.423,255.264,,,,,0
2026-10-04T14:00Z,2026-10-04T15:00Z,3612966,1,8.8,3.1,,,,h,3.1,,,,0,0,83.23,1.319,0,0.2,,-0.901,22,277,24.777,97.477,0.591,124.278,,,,,0
2026-10-04T14:00Z,2026-10-04T17:00Z,3612966,3,4.6,1.4,,,,h,1.4,,,,0,0,88.706,1.983,0,0.2,,-0.901,0,277,24.449,98.009,0.928,155.269,,,,,0
2026-10-04T14:00Z,2026-10-04T20:00Z,3612966,6,3.5,1.1,,,,h,1.1,,,,0,0,81.714,1.548,0,0.2,,-0.901,3,277,24.004,98.266,0.79,108.083,,,,,0
2026-10-04T14:00Z,2026-10-05T02:00Z,3612966,12,4.9,2,,,,h,2,,,,0,0,569.275,2.189,0.073,0.2,,-0.901,9,278,26.925,83.829,1.783,58.465,,,,,0
2026-10-04T14:00Z,2026-10-05T14:00Z,3612966,24,2.4,1,,,,h,1,,,,0,0.004,388.127,6.082,0,0.2,,-0.901,21,278,24.119,89.366,3.276,49.599,,,,,0
2026-10-04T14:00Z,2026-10-06T14:00Z,3612966,48,19.2,13.6,,,,h,13.6,,,,0,0,545.101,7.474,0,0.2,,-0.901,21,279,23.593,76.165,4.447,48.542,,,,,0
2026-10-04T14:00Z,2026-10-04T15:00Z,3624137,1,5.5,3.4,,,,h,3.4,,,,0,0.129,26.326,0.937,0.002,4.6,,-0.406,22,277,20.754,98.343,0.364,94.949,,,,,0
2026-10-04T14:00Z,2026-10-04T17:00Z,3624137,3,4.6,2.9,,,,h,2.9,,,,0,0.14,30.513,0.97,0,4.6,,-0.406,0,277,19.918,99.804,0.456,36.595,,,,,0
2026-10-04T14:00Z,2026-10-04T20:00Z,3624137,6,5.3,3.4,,,,h,3.4,,,,0,0.157,32.471,0.821,0.002,4.6,,-0.406,3,277,18.876,99.854,0.679,39.431,,,,,0
2026-10-04T14:00Z,2026-10-05T02:00Z,3624137,12,10.3,7.3,,,,h,7.3,,,,0,0.237,717.061,2.129,0,4.6,,-0.406,9,278,24.91,77.803,1.427,43.763,,,,,0
2026-10-04T14:00Z,2026-10-05T14:00Z,3624137,24,5.8,4.3,,,,h,4.3,,,,0,0.122,220.61,3.26,0.016,4.6,,-0.406,21,278,21.578,91.63,1.497,40.658,,,,,0
2026-10-04T14:00Z,2026-10-06T14:00Z,3624137,48,3.4,2.8,,,,h,2.8,,,,0,0.005,309.78,3.714,0.002,4.6,,-0.406,21,279,21.146,92.654,1.865,27.89,,,,,0
2026-10-04T14:00Z,2026-10-04T15:00Z,3658671,1,8.1,10.3,,,,h,10.3,,,,0,0,157.313,3.586,1.047,1.6,,0.227,22,277,23.77,97.438,2.104,81.299,,,,,0
2026-10-04T14:00Z,2026-10-04T17:00Z,3658671,3,8.1,10.2,,,,h,10.2,,,,0,0,75.976,1.182,0.101,1.6,,0.227,0,277,23.383,97.425,0.601,70.632,,,,,0
2026-10-04T14:00Z,2026-10-04T20:00Z,3658671,6,6.9,8.6,,,,h,8.6,,,,0,0,137.854,2.262,0.094,1.6,,0.227,3,277,23.383,97.97,1.294,58.802,,,,,0
2026-10-04T14:00Z,2026-10-05T02:00Z,3658671,12,5.9,7.2,,,,h,7.2,,,,0,0,456.451,4,0.758,1.6,,0.227,9,278,24.299,89.982,2.972,78.071,,,,,0
2026-10-04T14:00Z,2026-10-05T14:00Z,3658671,24,8.1,9.4,,,,h,9.4,,,,0,0,113.286,2.781,0.016,1.6,,0.227,21,278,23.736,97.012,0.967,53.463,,,,,0
2026-10-04T14:00Z,2026-10-06T14:00Z,3658671,48,7.8,8.5,,,,h,8.5,,,,0,0,70.017,2.773,0,1.6,,0.227,21,279,23.504,87.783,1.116,73.897,,,,,0
2026-10-04T14:00Z,2026-10-04T15:00Z,3663294,1,9.5,15,,,,h,15,,,,0,0,107.077,2.17,0.006,22.6,,0.439,22,277,23.996,97.701,1.09,119.921,,,,,0
2026-10-04T14:00Z,2026-10-04T17:00Z,3663294,3,6.8,10.7,,,,h,10.7,,,,0,0,76.319,2.111,0,22.6,,0.439,0,277,23.585,99.04,0.935,140.975,,,,,0
2026-10-04T14:00Z,2026-10-04T20:00Z,3663294,6,5.2,8.1,,,,h,8.1,,,,0,0.002,40.757,0.778,0.011,22.6,,0.439,3,277,23.376,98.368,0.441,109.724,,,,,0
2026-10-04T14:00Z,2026-10-05T02:00Z,3663294,12,5.7,8.4,,,,h,8.4,,,,0,0.007,449.745,1.916,0.005,22.6,,0.439,9,278,26.734,83.778,1.491,53.201,,,,,0
2026-10-04T14:00Z,2026-10-05T14:00Z,3663294,24,3.4,4.7,,,,h,4.7,,,,0,0.025,393.77,5.157,0.068,22.6,,0.439,21,278,24.059,92.379,2.713,43.135,,,,,0
2026-10-04T14:00Z,2026-10-06T14:00Z,3663294,48,14.7,17.4,,,,h,17.4,,,,0,0.002,546.797,6.459,0.006,22.6,,0.439,21,279,23.709,85.085,3.68,39.538,,,,,0
2026-10-04T14:00Z,2026-10-04T15:00Z,3683630,1,5.3,18.5,,,,h,18.5,,,,0,0.06,46.005,1.355,0,30.5,,1.176,22,277,21.619,99.431,0.573,113.695,,,,,0
2026-10-04T14:00Z,2026-10-04T17:00Z,3683630,3,5.3,17.6,,,,h,17.6,,,,0,0.067,36.223,0.965,0,30.5,,1.176,0,277,20.929,99.923,0.428,67.976,,,,,0
2026-10-04T14:00Z,2026-10-04T20:00Z,3683630,6,3.7,12,,,,h,12,,,,0,0.074,42.075,1.078,0.005,30.5,,1.176,3,277,20.156,99.224,0.621,22.605,,,,,0
2026-10-04T14:00Z,2026-10-05T02:00Z,3683630,12,8.8,23,,,,h,23,,,,0,0.102,652.682,2.727,0.008,30.5,,1.176,9,278,25.643,78.277,1.892,36.695,,,,,0
2026-10-04T14:00Z,2026-10-05T14:00Z,3683630,24,2.7,6.4,,,,h,6.4,,,,0,0.058,310.308,4.034,0.014,30.5,,1.176,21,278,22.147,93.096,1.914,31.305,,,,,0
2026-10-04T14:00Z,2026-10-06T14:00Z,3683630,48,2,3.6,,,,h,3.6,,,,0,0.003,421.192,4.387,0.048,30.5,,1.176,21,279,21.924,91.569,2.205,30.029,,,,,0
2026-10-04T14:00Z,2026-10-04T15:00Z,3684608,1,8.7,14.3,,,,h,14.3,,,,0,0,160.339,3.717,1.161,4.8,,0.478,22,277,23.756,97.08,2.168,80.233,,,,,0
2026-10-04T14:00Z,2026-10-04T17:00Z,3684608,3,7.9,12.8,,,,h,12.8,,,,0,0,85.917,1.397,0.078,4.8,,0.478,0,277,23.418,97.058,0.681,66.932,,,,,0
2026-10-04T14:00Z,2026-10-04T20:00Z,3684608,6,5,8.1,,,,h,8.1,,,,0,0,138.851,2.319,0.069,4.8,,0.478,3,277,23.432,97.733,1.316,60.588,,,,,0
2026-10-04T14:00Z,2026-10-05T02:00Z,3684608,12,4.8,7.4,,,,h,7.4,,,,0,0,469.308,4.291,0.876,4.8,,0.478,9,278,24.178,89.746,3.161,75.492,,,,,0
2026-10-04T14:00Z,2026-10-05T14:00Z,3684608,24,8.3,11.4,,,,h,11.4,,,,0,0,113.678,2.965,0.025,4.8,,0.478,21,278,23.806,97.013,1,57.844,,,,,0
2026-10-04T14:00Z,2026-10-06T14:00Z,3684608,48,8.9,10.8,,,,h,10.8,,,,0,0,76.437,3.103,0,4.8,,0.478,21,279,23.691,85.35,1.297,77.023,,,,,0
2026-10-04T14:00Z,2026-10-04T15:00Z,3684609,1,5.3,5.3,,,,h,5.3,,,,0,0.001,97.062,1.341,3.686,,,0,22,277,20.642,98.59,0.365,133.019,,,,,0
2026-10-04T14:00Z,2026-10-04T17:00Z,3684609,3,5.3,5.3,,,,h,5.3,,,,0,0.001,107.035,1.901,0.627,,,0,0,277,20.06,98.987,0.941,93.763,,,,,0
2026-10-04T14:00Z,2026-10-04T20:00Z,3684609,6,5.2,5.2,,,,h,5.2,,,,0,0.004,124.772,1.864,2.047,,,0,3,277,19.408,98.86,1.075,22.759,,,,,0
2026-10-04T14:00Z,2026-10-05T02:00Z,3684609,12,1.5,1.5,,,,h,1.5,,,,0,0,468.844,2.822,0.414,,,0,9,278,20.687,93.073,2.017,88.453,,,,,0
2026-10-04T14:00Z,2026-10-05T14:00Z,3684609,24,4.6,4.6,,,,h,4.6,,,,0,0,119.395,3.012,0,,,0,21,278,19.98,96.489,1.117,82.619,,,,,0
2026-10-04T14:00Z,2026-10-06T14:00Z,3684609,48,12.3,12.3,,,,h,12.3,,,,0,0,31.398,2.091,0,,,0,21,279,20.252,81.2,0.584,92.067,,,,,0
2026-10-04T14:00Z,2026-10-04T15:00Z,3684610,1,8.7,7,,,,h,7,,,,0,0.003,91.284,2.043,2.156,5.7,,-0.206,22,277,21.391,98.018,1.021,63.066,,,,,0
2026-10-04T14:00Z,2026-10-04T17:00Z,3684610,3,5,4,,,,h,4,,,,0,0.004,42.394,0.833,0,5.7,,-0.206,0,277,21.02,100,0.359,116.491,,,,,0
2026-10-04T14:00Z,2026-10-04T20:00Z,3684610,6,1.6,1.2,,,,h,1.2,,,,0,0.003,154.04,2.71,1.904,5.7,,-0.206,3,277,19.808,98.817,1.785,358.43,,,,,0
2026-10-04T14:00Z,2026-10-05T02:00Z,3684610,12,2.9,2.3,,,,h,2.3,,,,0,0.001,360.461,2.245,0,5.7,,-0.206,9,278,22.017,90.93,1.677,88.828,,,,,0
2026-10-04T14:00Z,2026-10-05T14:00Z,3684610,24,2.9,2.5,,,,h,2.5,,,,0,0,38.909,1.873,0,5.7,,-0.206,21,278,21.155,98.292,0.783,70.141,,,,,0
2026-10-04T14:00Z,2026-10-06T14:00Z,3684610,48,7.1,6.5,,,,h,6.5,,,,0,0,15.22,1.191,0,5.7,,-0.206,21,279,20.791,98.621,0.154,31.853,,,,,0
2026-10-04T14:00Z,2026-10-04T15:00Z,3684611,1,8.6,26.6,,,,h,26.6,,,,0,0.007,62.882,1.652,0,36.4,,1.102,22,277,23.597,98.976,0.624,106.032,,,,,0
2026-10-04T14:00Z,2026-10-04T17:00Z,3684611,3,7.4,22.2,,,,h,22.2,,,,0,0.01,33.957,1.382,0,36.4,,1.102,0,277,23.14,99.472,0.496,119.68,,,,,0
2026-10-04T14:00Z,2026-10-04T20:00Z,3684611,6,4.6,13.5,,,,h,13.5,,,,0,0.011,32.963,0.736,0.001,36.4,,1.102,3,277,22.865,98.549,0.257,34.449,,,,,0
2026-10-04T14:00Z,2026-10-05T02:00Z,3684611,12,5.5,14.1,,,,h,14.1,,,,0,0.032,486.335,3.919,0.053,36.4,,1.102,9,278,26.651,81.73,2.802,40.586,,,,,0
2026-10-04T14:00Z,2026-10-05T14:00Z,3684611,24,4.4,9.4,,,,h,9.4,,,,0,0.012,469.092,5.235,0.003,36.4,,1.102,21,278,23.315,87.289,2.594,40.044,,,,,0
2026-10-04T14:00Z,2026-10-06T14:00Z,3684611,48,16,24.3,,,,h,24.3,,,,0,0.001,631.357,6.476,0.012,36.4,,1.102,21,279,22.868,85.917,3.541,34.259,,,,,0
2026-10-04T14:00Z,2026-10-04T15:00Z,3685146,1,7.5,15.1,,,,h,15.1,,,,0,0.001,46.562,1.172,1.091,32.7,,0.666,22,277,21.047,97.712,0.628,129.46,,,,,0
2026-10-04T14:00Z,2026-10-04T17:00Z,3685146,3,4.9,9.9,,,,h,9.9,,,,0,0,65.725,1.645,0.133,32.7,,0.666,0,277,20.395,98.694,0.535,107.848,,,,,0
2026-10-04T14:00Z,2026-10-04T20:00Z,3685146,6,3.6,7.2,,,,h,7.2,,,,0,0,169.473,2.236,2.64,32.7,,0.666,3,277,19.843,98.362,1.196,85.686,,,,,0
2026-10-04T14:00Z,2026-10-05T02:00Z,3685146,12,2.2,4.3,,,,h,4.3,,,,0,0,570.259,3.865,0.166,32.7,,0.666,9,278,21.991,88.897,2.628,87.135,,,,,0
2026-10-04T14:00Z,2026-10-05T14:00Z,3685146,24,4.3,6.9,,,,h,6.9,,,,0,0,99.778,2.776,0.032,32.7,,0.666,21,278,20.628,96.821,1.02,65.389,,,,,0
2026-10-04T14:00Z,2026-10-06T14:00Z,3685146,48,12.1,15.7,,,,h,15.7,,,,0,0,47.504,3.305,0,32.7,,0.666,21,279,19.725,84.854,0.914,68.682,,,,,0
2026-10-04T14:00Z,2026-10-04T15:00Z,3685147,1,4.2,4.7,,,,h,4.7,,,,0,0.001,77.538,0.788,0.041,,,0.104,22,277,20.17,98.926,0.341,203.782,,,,,0
2026-10-04T14:00Z,2026-10-04T17:00Z,3685147,3,3.7,4.1,,,,h,4.1,,,,0,0,40.738,1.463,0,,,0.104,0,277,19.569,99.849,0.536,112.445,,,,,0
2026-10-04T14:00Z,2026-10-04T20:00Z,3685147,6,2.2,2.5,,,,h,2.5,,,,0,0,76.743,1.097,1.864,,,0.104,3,277,18.782,98.639,0.705,301.225,,,,,0
2026-10-04T14:00Z,2026-10-05T02:00Z,3685147,12,5.3,5.8,,,,h,5.8,,,,0,0,388.016,1.825,0.072,,,0.104,9,278,20.69,88.646,1.378,65.302,,,,,0
2026-10-04T14:00Z,2026-10-05T14:00Z,3685147,24,4.7,5,,,,h,5,,,,0,0,103.49,1.63,0.015,,,0.104,21,278,20.059,97.957,0.633,47.235,,,,,0
2026-10-04T14:00Z,2026-10-06T14:00Z,3685147,48,8.7,9,,,,h,9,,,,0,0,72.531,2.773,0,,,0.104,21,279,20.506,82.553,0.984,55.064,,,,,0
2026-10-04T14:00Z,2026-10-04T15:00Z,3685149,1,10.1,9.4,,,,h,9.4,,,,0,0.001,114.914,1.256,0.057,14.3,,-0.069,22,277,24.294,98.162,0.717,98.273,,,,,0
2026-10-04T14:00Z,2026-10-04T17:00Z,3685149,3,8.1,7.5,,,,h,7.5,,,,0,0.001,94.586,1.871,0,14.3,,-0.069,0,277,23.814,98.996,0.827,141.569,,,,,0
2026-10-04T14:00Z,2026-10-04T20:00Z,3685149,6,6.8,6.3,,,,h,6.3,,,,0,0.004,50.293,1.639,0.08,14.3,,-0.069,3,277,23.498,98.538,0.555,120.119,,,,,0
2026-10-04T14:00Z,2026-10-05T02:00Z,3685149,12,7.1,6.7,,,,h,6.7,,,,0,0.014,483.747,0.927,0.022,14.3,,-0.069,9,278,26.694,85.089,0.708,114.961,,,,,0
2026-10-04T14:00Z,2026-10-05T14:00Z,3685149,24,5,4.8,,,,h,4.8,,,,0,0.075,216.707,1.744,0.549,14.3,,-0.069,21,278,24.145,96.593,1.09,148.66,,,,,0
2026-10-04T14:00Z,2026-10-06T14:00Z,3685149,48,6.4,6.2,,,,h,6.2,,,,0,0.008,244.977,3.326,0.057,14.3,,-0.069,21,279,24.306,93.582,1.998,12.28,,,,,0
2026-10-04T14:00Z,2026-10-04T15:00Z,3685150,1,7.7,14.7,,,,h,14.7,,,,0,0.002,110.615,0.945,0.241,36,,0.615,22,277,24.346,98.576,0.593,65.934,,,,,0
2026-10-04T14:00Z,2026-10-04T17:00Z,3685150,3,6.7,12.6,,,,h,12.6,,,,0,0.003,94.028,1.455,0.018,36,,0.615,0,277,23.913,99.141,0.641,130.382,,,,,0
2026-10-04T14:00Z,2026-10-04T20:00Z,3685150,6,5.3,9.7,,,,h,9.7,,,,0,0.006,70.781,2.034,0.078,36,,0.615,3,277,23.557,99.078,0.727,121.062,,,,,0
2026-10-04T14:00Z,2026-10-05T02:00Z,3685150,12,6.3,10.7,,,,h,10.7,,,,0,0.018,473.396,1.01,0.032,36,,0.615,9,278,26.714,85.466,0.76,135.729,,,,,0
2026-10-04T14:00Z,2026-10-05T14:00Z,3685150,24,5.6,8.5,,,,h,8.5,,,,0,0.111,193.833,2.176,1.29,36,,0.615,21,278,24.152,98.116,1.133,195.273,,,,,0
2026-10-04T14:00Z,2026-10-06T14:00Z,3685150,48,3.9,5.1,,,,h,5.1,,,,0,0.013,104.254,2.055,0.064,36,,0.615,21,279,24.782,96.338,1.115,343.043,,,,,0
2026-10-04T14:00Z,2026-10-04T15:00Z,3685151,1,10.1,23.9,,,,h,23.9,,,,0,0.001,110.299,1.047,0.069,47.6,,0.841,22,277,24.299,98.316,0.623,92.78,,,,,0
2026-10-04T14:00Z,2026-10-04T17:00Z,3685151,3,8.1,18.7,,,,h,18.7,,,,0,0.002,94.293,1.801,0,47.6,,0.841,0,277,23.809,99.137,0.786,141.694,,,,,0
2026-10-04T14:00Z,2026-10-04T20:00Z,3685151,6,6.8,15.1,,,,h,15.1,,,,0,0.005,48.225,1.724,0.089,47.6,,0.841,3,277,23.485,98.793,0.547,120.711,,,,,0
2026-10-04T14:00Z,2026-10-05T02:00Z,3685151,12,7.1,14.4,,,,h,14.4,,,,0,0.016,495.746,0.939,0.02,47.6,,0.841,9,278,26.647,85.491,0.719,132.306,,,,,0
2026-10-04T14:00Z,2026-10-05T14:00Z,3685151,24,5,8.9,,,,h,8.9,,,,0,0.089,200.636,2.451,0.633,47.6,,0.841,21,278,24.152,97.325,1.478,165.731,,,,,0
2026-10-04T14:00Z,2026-10-06T14:00Z,3685151,48,6.4,9,,,,h,9,,,,0,0.009,187.954,2.786,0.069,47.6,,0.841,21,279,24.381,95.107,1.696,2.009,,,,,0
2026-10-04T14:00Z,2026-10-04T15:00Z,3685152,1,7.7,4.2,,,,h,4.2,,,,0,0.002,114.774,1.065,0.334,6.3,,-0.53,22,277,24.383,98.619,0.683,58.779,,,,,0
2026-10-04T14:00Z,2026-10-04T17:00Z,3685152,3,6.7,3.7,,,,h,3.7,,,,0,0.003,94.952,1.35,0.028,6.3,,-0.53,0,277,23.989,99.005,0.622,120.754,,,,,0
2026-10-04T14:00Z,2026-10-04T20:00Z,3685152,6,5.3,3,,,,h,3,,,,0,0.005,86.996,2.17,0.065,6.3,,-0.53,3,277,23.616,99.015,0.855,120.473,,,,,0
2026-10-04T14:00Z,2026-10-05T02:00Z,3685152,12,6.3,3.9,,,,h,3.9,,,,0,0.018,449.62,1.023,0.041,6.3,,-0.53,9,278,26.799,85.118,0.761,125.934,,,,,0
2026-10-04T14:00Z,2026-10-05T14:00Z,3685152,24,5.6,3.8,,,,h,3.8,,,,0,0.107,196.814,1.689,1.617,6.3,,-0.53,21,278,24.149,98.083,0.743,220.56,,,,,0
2026-10-04T14:00Z,2026-10-06T14:00Z,3685152,48,3.9,3,,,,h,3,,,,0,0.015,94.938,1.917,0.052,6.3,,-0.53,21,279,24.977,96.016,0.957,342.467,,,,,0
2026-10-04T14:00Z,2026-10-04T15:00Z,3714636,1,8.1,8.9,,,,h,8.9,,,,0,0,64.376,0.827,0,24.8,,0.086,22,277,19.791,98.85,0.314,182.981,,,,,0
2026-10-04T14:00Z,2026-10-04T17:00Z,3714636,3,4,4.4,,,,h,4.4,,,,0,0,48.52,1.979,0.01,24.8,,0.086,0,277,19.107,99.548,0.936,101.725,,,,,0
2026-10-04T14:00Z,2026-10-04T20:00Z,3714636,6,1.8,2,,,,h,2,,,,0,0,78.044,0.814,1.209,24.8,,0.086,3,277,18.535,97.986,0.578,35.296,,,,,0
2026-10-04T14:00Z,2026-10-05T02:00Z,3714636,12,4.1,4.4,,,,h,4.4,,,,0,0,367.911,2.518,0.101,24.8,,0.086,9,278,20.311,92.759,1.738,77.055,,,,,0
2026-10-04T14:00Z,2026-10-05T14:00Z,3714636,24,3.6,3.8,,,,h,3.8,,,,0,0,113.89,2.904,0.019,24.8,,0.086,21,278,19.446,98.281,1.214,66.124,,,,,0
2026-10-04T14:00Z,2026-10-06T14:00Z,3714636,48,9.3,9.6,,,,h,9.6,,,,0,0,127.718,4.222,0,24.8,,0.086,21,279,19.579,81.907,1.692,65.546,,,,,0
2026-10-04T14:00Z,2026-10-04T15:00Z,3714637,1,8.1,3.2,,,,h,3.2,,,,0,0.001,61.35,0.548,0.113,5.8,,-0.795,22,277,20.522,99.358,0.184,156.304,,,,,0
2026-10-04T14:00Z,2026-10-04T17:00Z,3714637,3,5.3,2,,,,h,2,,,,0,0.001,64.284,1.796,0,5.8,,-0.795,0,277,20.259,99.758,0.835,106.465,,,,,0
2026-10-04T14:00Z,2026-10-04T20:00Z,3714637,6,3.7,1.4,,,,h,1.4,,,,0,0,108.426,1.829,1.4,5.8,,-0.795,3,277,19.601,98.865,1.378,339.469,,,,,0
2026-10-04T14:00Z,2026-10-05T02:00Z,3714637,12,5.2,2.4,,,,h,2.4,,,,0,0,402.088,2.931,0.038,5.8,,-0.795,9,278,21.883,89.433,2.12,84.782,,,,,0
2026-10-04T14:00Z,2026-10-05T14:00Z,3714637,24,5,2.7,,,,h,2.7,,,,0,0,97.256,2.808,0.04,5.8,,-0.795,21,278,20.377,98.665,1.115,71.102,,,,,0
2026-10-04T14:00Z,2026-10-06T14:00Z,3714637,48,9.2,6.7,,,,h,6.7,,,,0,0,22.233,1.703,0,5.8,,-0.795,21,279,21.268,88.66,0.517,61.768,,,,,0
2026-10-04T14:00Z,2026-10-04T15:00Z,3714638,1,7.1,5.7,,,,h,5.7,,,,0,0,71.041,1.396,0.271,6.1,,-0.206,22,277,21.756,99,0.914,255.088,,,,,0
2026-10-04T14:00Z,2026-10-04T17:00Z,3714638,3,6.4,5.1,,,,h,5.1,,,,0,0,53.659,0.365,0.146,6.1,,-0.206,0,277,21.369,99.955,0.582,58.193,,,,,0
2026-10-04T14:00Z,2026-10-04T20:00Z,3714638,6,2.2,1.7,,,,h,1.7,,,,0,0,65.611,0.972,0,6.1,,-0.206,3,277,20.892,98.815,0.766,18.68,,,,,0
2026-10-04T14:00Z,2026-10-05T02:00Z,3714638,12,4.6,3.8,,,,h,3.8,,,,0,0,279.037,1.161,0.62,6.1,,-0.206,9,278,22.61,93.787,0.796,22.101,,,,,0
2026-10-04T14:00Z,2026-10-05T14:00Z,3714638,24,6.2,5.4,,,,h,5.4,,,,0,0,58.068,0.398,0.664,6.1,,-0.206,21,278,21.124,98.26,0.771,243.411,,,,,0
2026-10-04T14:00Z,2026-10-06T14:00Z,3714638,48,9.3,8.6,,,,h,8.6,,,,0,0,24.968,0.417,0,6.1,,-0.206,21,279,22.005,92.037,0.211,316.506,,,,,0
2026-10-04T14:00Z,2026-10-04T15:00Z,3714639,1,7.5,5.9,,,,h,5.9,,,,0,0.001,44.981,1.589,0.092,5.9,,-0.223,22,277,19.253,98.077,0.48,198.377,,,,,0
2026-10-04T14:00Z,2026-10-04T17:00Z,3714639,3,2,1.4,,,,h,1.4,,,,0,0.001,48.893,1.902,0.024,5.9,,-0.223,0,277,18.608,98.402,0.759,131.927,,,,,0
2026-10-04T14:00Z,2026-10-04T20:00Z,3714639,6,1.6,1.1,,,,h,1.1,,,,0,0,31.211,0.925,0.046,5.9,,-0.223,3,277,18.135,99.538,0.411,146.812,,,,,0
2026-10-04T14:00Z,2026-10-05T02:00Z,3714639,12,5.3,4.3,,,,h,4.3,,,,0,0,236.123,1.812,0.297,5.9,,-0.223,9,278,19.64,96.504,1.277,78.49,,,,,0
2026-10-04T14:00Z,2026-10-05T14:00Z,3714639,24,4.1,3.5,,,,h,3.5,,,,0,0,57.403,1.395,0.11,5.9,,-0.223,21,278,18.398,99,0.629,99.129,,,,,0
2026-10-04T14:00Z,2026-10-06T14:00Z,3714639,48,9.5,8.7,,,,h,8.7,,,,0,0,27.617,1.607,0,5.9,,-0.223,21,279,18.394,92.301,0.385,73.901,,,,,0
2026-10-04T14:00Z,2026-10-04T15:00Z,3714641,1,9.5,23.4,,,,h,23.4,,,,0,0.001,97.716,2.416,0,39.2,,0.877,22,277,23.709,98.238,1.229,122.304,,,,,0
2026-10-04T14:00Z,2026-10-04T17:00Z,3714641,3,6.8,16.5,,,,h,16.5,,,,0,0.002,62.901,2.12,0,39.2,,0.877,0,277,23.308,99.489,0.988,135.16,,,,,0
2026-10-04T14:00Z,2026-10-04T20:00Z,3714641,6,5.2,12.2,,,,h,12.2,,,,0,0.004,30.282,0.497,0.001,39.2,,0.877,3,277,23.156,98.257,0.373,76.867,,,,,0
2026-10-04T14:00Z,2026-10-05T02:00Z,3714641,12,5.7,12.1,,,,h,12.1,,,,0,0.012,406.416,2.11,0,39.2,,0.877,9,278,26.627,84.244,1.601,46.183,,,,,0
2026-10-04T14:00Z,2026-10-05T14:00Z,3714641,24,3.4,6.4,,,,h,6.4,,,,0,0.029,392.065,5.476,0.004,39.2,,0.877,21,278,23.856,92.755,2.783,39.629,,,,,0
2026-10-04T14:00Z,2026-10-06T14:00Z,3714641,48,14.7,20.5,,,,h,20.5,,,,0,0.002,543.888,6.144,0,39.2,,0.877,21,279,23.483,86.98,3.371,40.802,,,,,0
2026-10-04T14:00Z,2026-10-04T15:00Z,3714642,1,8,8,,,,h,8,,,,0,0.001,106.292,1.005,0.071,,,0,22,277,24.253,98.406,0.6,94.028,,,,,0
2026-10-04T14:00Z,2026-10-04T17:00Z,3714642,3,4.4,4.4,,,,h,4.4,,,,0,0.003,91.517,1.782,0,,,0,0,277,23.765,99.256,0.775,141.162,,,,,0
2026-10-04T14:00Z,2026-10-04T20:00Z,3714642,6,3.4,3.4,,,,h,3.4,,,,0,0.006,45.422,1.666,0.088,,,0,3,277,23.45,98.913,0.526,120.124,,,,,0
2026-10-04T14:00Z,2026-10-05T02:00Z,3714642,12,7.3,7.3,,,,h,7.3,,,,0,0.018,496.203,0.908,0.017,,,0,9,278,26.615,85.644,0.694,132.427,,,,,0
2026-10-04T14:00Z,2026-10-05T14:00Z,3714642,24,5.1,5.1,,,,h,5.1,,,,0,0.095,206.469,2.48,0.634,,,0,21,278,24.133,97.41,1.499,164.74,,,,,0
2026-10-04T14:00Z,2026-10-06T14:00Z,3714642,48,4.4,4.4,,,,h,4.4,,,,0,0.009,181.188,2.643,0.071,,,0,21,279,24.354,95.396,1.612,0.761,,,,,0
2026-10-04T14:00Z,2026-10-04T15:00Z,3714643,1,7.6,20.2,,,,h,20.2,,,,0,0.012,68.35,0.787,0.064,31.1,,0.941,22,277,23.432,97.792,0.387,98.556,,,,,0
2026-10-04T14:00Z,2026-10-04T17:00Z,3714643,3,2.5,7.3,,,,h,7.3,,,,0,0.019,63.061,1.385,0,31.1,,0.941,0,277,22.877,99.822,0.516,135.403,,,,,0
2026-10-04T14:00Z,2026-10-04T20:00Z,3714643,6,2.9,7.8,,,,h,7.8,,,,0,0.028,25.409,1.009,0.064,31.1,,0.941,3,277,22.463,99.716,0.247,119.101,,,,,0
2026-10-04T14:00Z,2026-10-05T02:00Z,3714643,12,8.8,19.1,,,,h,19.1,,,,0,0.051,492.128,0.651,0,31.1,,0.941,9,278,25.963,86.379,0.509,140.184,,,,,0
2026-10-04T14:00Z,2026-10-05T14:00Z,3714643,24,4.5,8.6,,,,h,8.6,,,,0,0.21,199.789,2.145,0.512,31.1,,0.941,21,278,23.589,95.556,1.338,148.351,,,,,0
2026-10-04T14:00Z,2026-10-06T14:00Z,3714643,48,2.9,4.5,,,,h,4.5,,,,0,0.012,125.204,1.97,0.064,31.1,,0.941,21,279,23.481,96.873,1.182,359.695,,,,,0
2026-10-04T14:00Z,2026-10-04T15:00Z,3714644,1,7.7,21,,,,h,21,,,,0,0.003,96.333,0.712,0.228,48.1,,0.965,22,277,24.181,98.865,0.458,60.695,,,,,0
2026-10-04T14:00Z,2026-10-04T17:00Z,3714644,3,6.7,17.7,,,,h,17.7,,,,0,0.006,84.179,1.39,0.015,48.1,,0.965,0,277,23.74,99.647,0.59,133.658,,,,,0
2026-10-04T14:00Z,2026-10-04T20:00Z,3714644,6,5.3,13.5,,,,h,13.5,,,,0,0.01,54.396,1.853,0.084,48.1,,0.965,3,277,23.425,99.619,0.61,121.814,,,,,0
2026-10-04T14:00Z,2026-10-05T02:00Z,3714644,12,6.3,14.2,,,,h,14.2,,,,0,0.025,489.937,0.975,0.019,48.1,,0.965,9,278,26.561,86.252,0.745,148.801,,,,,0
2026-10-04T14:00Z,2026-10-05T14:00Z,3714644,24,5.6,10.7,,,,h,10.7,,,,0,0.149,211.099,2.86,1.252,48.1,,0.965,21,278,24.095,98.627,1.526,186.962,,,,,0
2026-10-04T14:00Z,2026-10-06T14:00Z,3714644,48,3.9,5.9,,,,h,5.9,,,,0,0.015,65.579,1.754,0.08,48.1,,0.965,21,279,24.664,97.798,0.885,323.4,,,,,0
2026-10-04T14:00Z,2026-10-04T15:00Z,3714646,1,5.9,4.4,,,,h,4.4,,,,0,0.089,58.893,1.368,0.263,4.6,,-0.25,22,277,22.507,94.283,0.406,101.166,,,,,0
2026-10-04T14:00Z,2026-10-04T17:00Z,3714646,3,2.8,2,,,,h,2,,,,0,0.107,45.78,0.893,0.019,4.6,,-0.25,0,277,21.864,99.139,0.108,138.698,,,,,0
2026-10-04T14:00Z,2026-10-04T20:00Z,3714646,6,4.3,3.3,,,,h,3.3,,,,0,0.128,40.874,0.839,0.014,4.6,,-0.25,3,277,21.16,99.968,0.189,208.346,,,,,0
2026-10-04T14:00Z,2026-10-05T02:00Z,3714646,12,8.8,7.1,,,,h,7.1,,,,0,0.234,384.486,0.837,0.003,4.6,,-0.25,9,278,24.986,87.112,0.686,173.459,,,,,0
2026-10-04T14:00Z,2026-10-05T14:00Z,3714646,24,11.3,9.6,,,,h,9.6,,,,0,0.6,71.981,1.423,0.519,4.6,,-0.25,21,278,22.772,89.689,0.424,73.049,,,,,0
2026-10-04T14:00Z,2026-10-06T14:00Z,3714646,48,5.9,5.3,,,,h,5.3,,,,0,0.023,63.34,1.735,0.511,4.6,,-0.25,21,279,21.968,96.177,0.931,31.86,,,,,0
2026-10-04T14:00Z,2026-10-04T15:00Z,3733065,1,13.3,4.7,,,,h,4.7,,,,0,0.004,136.439,1.859,0.857,4.1,,-0.955,22,277,24.34,98.985,1.296,35.668,,,,,0
2026-10-04T14:00Z,2026-10-04T17:00Z,3733065,3,12.1,4.4,,,,h,4.4,,,,0,0.004,87.329,1.197,0.085,4.1,,-0.955,0,277,24.171,98.83,0.698,65.377,,,,,0
2026-10-04T14:00Z,2026-10-04T20:00Z,3733065,6,11.3,4.4,,,,h,4.4,,,,0,0.681,154.182,2.735,0.005,4.1,,-0.955,3,277,23.801,99.023,1.416,123.729,,,,,0
2026-10-04T14:00Z,2026-10-05T02:00Z,3733065,12,10.2,4.4,,,,h,4.4,,,,0,0.031,324.826,1.237,0.086,4.1,,-0.955,9,278,27.092,84.016,0.921,95.156,,,,,0
2026-10-04T14:00Z,2026-10-05T14:00Z,3733065,24,5.6,2.7,,,,h,2.7,,,,0,0.107,242.651,4.467,3.477,4.1,,-0.955,21,278,24.011,98.122,2.609,301.823,,,,,0
2026-10-04T14:00Z,2026-10-06T14:00Z,3733065,48,9.6,6.5,,,,h,6.5,,,,0,0.021,31.091,1.181,0.004,4.1,,-0.955,21,279,25.875,95.227,0.271,316.703,,,,,0
2026-10-04T14:00Z,2026-10-04T15:00Z,3783738,1,8.1,8.1,,,,h,8.1,,,,0,0.001,39.648,0.741,0,,,0,22,277,24.59,99.251,0.197,108.134,,,,,0
2026-10-04T14:00Z,2026-10-04T17:00Z,3783738,3,4.8,4.8,,,,h,4.8,,,,0,0.001,57.841,1.337,0,,,0,0,277,24.274,98.389,0.673,143.17,,,,,0
2026-10-04T14:00Z,2026-10-04T20:00Z,3783738,6,3.2,3.2,,,,h,3.2,,,,0,0.001,85.86,1.61,0,,,0,3,277,23.732,97.827,0.84,78.619,,,,,0
2026-10-04T14:00Z,2026-10-05T02:00Z,3783738,12,4.2,4.2,,,,h,4.2,,,,0,0.007,567.029,3.111,0.141,,,0,9,278,26.805,84.107,2.34,48.469,,,,,0
2026-10-04T14:00Z,2026-10-05T14:00Z,3783738,24,1.7,1.7,,,,h,1.7,,,,0,0.003,326.37,4.724,0,,,0,21,278,23.393,87.549,2.269,53.473,,,,,0
2026-10-04T14:00Z,2026-10-06T14:00Z,3783738,48,21,21,,,,h,21,,,,0,0,463.309,6.024,0,,,0,21,279,22.921,79.222,3.403,49.128,,,,,0
2026-10-04T14:00Z,2026-10-04T15:00Z,3891934,1,15.3,25.1,,,,h,25.1,,,,0,0.001,38.872,0.382,0,25.3,,0.493,22,277,23.335,97.508,0.327,19.896,,,,,0
2026-10-04T14:00Z,2026-10-04T17:00Z,3891934,3,11.8,19.1,,,,h,19.1,,,,0,0.004,20.009,0.284,0,25.3,,0.493,0,277,22.87,98.821,0.167,196.31,,,,,0
2026-10-04T14:00Z,2026-10-04T20:00Z,3891934,6,10.1,16,,,,h,16,,,,0,0.004,127.615,1.939,0.235,25.3,,0.493,3,277,22.148,97.648,0.957,343.123,,,,,0
2026-10-04T14:00Z,2026-10-05T02:00Z,3891934,12,6.8,10.4,,,,h,10.4,,,,0,0.003,473.24,0.375,0,25.3,,0.493,9,278,24.85,84.095,0.27,305.869,,,,,0
2026-10-04T14:00Z,2026-10-05T14:00Z,3891934,24,13.2,18,,,,h,18,,,,0,0,41.165,0.731,0.006,25.3,,0.493,21,278,23.433,95.047,0.26,347.385,,,,,0
2026-10-04T14:00Z,2026-10-06T14:00Z,3891934,48,18,21.7,,,,h,21.7,,,,0,0,48.699,1.177,0.258,25.3,,0.493,21,279,21.964,97.934,0.621,294.651,,,,,0
2026-10-04T14:00Z,2026-10-04T15:00Z,3892436,1,15.3,30.4,,,,h,30.4,,,,0,0.002,39.13,0.402,0,30.3,,0.683,22,277,23.495,97.438,0.33,21.037,,,,,0
2026-10-04T14:00Z,2026-10-04T17:00Z,3892436,3,11.8,23,,,,h,23,,,,0,0.005,20.715,0.297,0,30.3,,0.683,0,277,23.062,98.638,0.169,195.501,,,,,0
2026-10-04T14:00Z,2026-10-04T20:00Z,3892436,6,10.1,19,,,,h,19,,,,0,0.004,128.383,1.96,0.219,30.3,,0.683,3,277,22.329,97.476,0.944,346.058,,,,,0
2026-10-04T14:00Z,2026-10-05T02:00Z,3892436,12,6.8,12.1,,,,h,12.1,,,,0,0.003,475.493,0.42,0,30.3,,0.683,9,278,24.996,83.838,0.31,302.755,,,,,0
2026-10-04T14:00Z,2026-10-05T14:00Z,3892436,24,13.2,20.3,,,,h,20.3,,,,0,0,43.73,0.754,0.006,30.3,,0.683,21,278,23.615,94.883,0.275,342.865,,,,,0
2026-10-04T14:00Z,2026-10-06T14:00Z,3892436,48,18,23.3,,,,h,23.3,,,,0,0,48.686,1.22,0.269,30.3,,0.683,21,279,22.121,97.796,0.626,294.456,,,,,0
2026-10-04T14:00Z,2026-10-04T15:00Z,3892437,1,15.3,32.1,,,,h,32.1,,,,0,0.002,40.877,0.429,0,32.2,,0.74,22,277,23.652,97.317,0.326,25.999,,,,,0
2026-10-04T14:00Z,2026-10-04T17:00Z,3892437,3,11.8,24.3,,,,h,24.3,,,,0,0.005,21.103,0.247,0,32.2,,0.74,0,277,23.229,98.717,0.162,191.846,,,,,0
2026-10-04T14:00Z,2026-10-04T20:00Z,3892437,6,10.1,20,,,,h,20,,,,0,0.005,130.106,1.894,0.211,32.2,,0.74,3,277,22.493,97.451,0.897,348.857,,,,,0
2026-10-04T14:00Z,2026-10-05T02:00Z,3892437,12,6.8,12.7,,,,h,12.7,,,,0,0.003,486.364,0.477,0,32.2,,0.74,9,278,25.151,83.414,0.347,309.352,,,,,0
2026-10-04T14:00Z,2026-10-05T14:00Z,3892437,24,13.2,21,,,,h,21,,,,0,0,43.534,0.837,0.004,32.2,,0.74,21,278,23.8,94.652,0.286,342.484,,,,,0
2026-10-04T14:00Z,2026-10-06T14:00Z,3892437,48,18,23.8,,,,h,23.8,,,,0,0,51.264,1.315,0.258,32.2,,0.74,21,279,22.249,97.74,0.666,292.603,,,,,0
2026-10-04T14:00Z,2026-10-04T15:00Z,3998818,1,8.7,11,,,,h,11,,,,0,0,159.317,3.607,1.105,2.3,,0.221,22,277,23.927,97.24,2.092,77.976,,,,,0
2026-10-04T14:00Z,2026-10-04T17:00Z,3998818,3,7.9,9.9,,,,h,9.9,,,,0,0,82.087,1.354,0.083,2.3,,0.221,0,277,23.585,97.302,0.62,69.316,,,,,0
2026-10-04T14:00Z,2026-10-04T20:00Z,3998818,6,5,6.3,,,,h,6.3,,,,0,0,137.98,2.259,0.072,2.3,,0.221,3,277,23.615,97.742,1.271,59.183,,,,,0
2026-10-04T14:00Z,2026-10-05T02:00Z,3998818,12,4.8,5.9,,,,h,5.9,,,,0,0,458.182,4.103,1.049,2.3,,0.221,9,278,24.273,89.919,3.023,74.858,,,,,0
2026-10-04T14:00Z,2026-10-05T14:00Z,3998818,24,8.3,9.6,,,,h,9.6,,,,0,0,113.771,2.898,0.036,2.3,,0.221,21,278,23.899,96.985,0.961,56.71,,,,,0
2026-10-04T14:00Z,2026-10-06T14:00Z,3998818,48,8.9,9.7,,,,h,9.7,,,,0,0,77.18,3.141,0,2.3,,0.221,21,279,23.846,85.193,1.276,76.847,,,,,0
2026-10-04T14:00Z,2026-10-04T15:00Z,4028033,1,20.5,18.9,,,,h,18.9,,,,0,0.002,103.288,0.991,0.293,27,,-0.081,22,277,24.962,96.975,0.428,149.122,,,,,0
2026-10-04T14:00Z,2026-10-04T17:00Z,4028033,3,25.6,23.7,,,,h,23.7,,,,0,0.004,77.966,0.793,0,27,,-0.081,0,277,24.957,96.197,0.339,107.226,,,,,0
2026-10-04T14:00Z,2026-10-04T20:00Z,4028033,6,28.7,26.7,,,,h,26.7,,,,0,0.011,107.339,1.807,0,27,,-0.081,3,277,24.796,96.657,0.83,90.044,,,,,0
2026-10-04T14:00Z,2026-10-05T02:00Z,4028033,12,14.3,13.4,,,,h,13.4,,,,0,0.005,408.68,0.543,0.097,27,,-0.081,9,278,28.139,82.314,0.421,91.351,,,,,0
2026-10-04T14:00Z,2026-10-05T14:00Z,4028033,24,10.1,9.6,,,,h,9.6,,,,0,0.001,67.23,0.805,0,27,,-0.081,21,278,25.191,96.645,0.339,72.061,,,,,0
2026-10-04T14:00Z,2026-10-06T14:00Z,4028033,48,29.5,28.6,,,,h,28.6,,,,0,0,65.337,1.395,0,27,,-0.081,21,279,25.413,97.053,0.594,351.865,,,,,0
2026-10-04T14:00Z,2026-10-04T15:00Z,4143979,1,3.5,7.6,,,,h,7.6,,,,0,0.01,39.291,0.827,2.666,18.7,,0.68,22,277,19.5,99.373,0.298,155.678,,,,,0
2026-10-04T14:00Z,2026-10-04T17:00Z,4143979,3,3.6,7.6,,,,h,7.6,,,,0,0.003,77.391,1.465,1.657,18.7,,0.68,0,277,19.129,99.252,0.928,66.744,,,,,0
2026-10-04T14:00Z,2026-10-04T20:00Z,4143979,6,3,6.2,,,,h,6.2,,,,0,0.001,170.289,2.657,3.017,18.7,,0.68,3,277,18.448,99.688,1.433,62.629,,,,,0
2026-10-04T14:00Z,2026-10-05T02:00Z,4143979,12,1.9,3.9,,,,h,3.9,,,,0,0,346.332,3.789,0.551,18.7,,0.68,9,278,19.622,95.824,2.241,84.118,,,,,0
2026-10-04T14:00Z,2026-10-05T14:00Z,4143979,24,4.8,7.7,,,,h,7.7,,,,0,0,119.551,3.466,0.174,18.7,,0.68,21,278,18.683,97.837,1.458,66.243,,,,,0
2026-10-04T14:00Z,2026-10-06T14:00Z,4143979,48,15,19.4,,,,h,19.4,,,,0,0,80.229,2.774,0,18.7,,0.68,21,279,19.251,81.519,1.024,85.582,,,,,0
2026-10-04T14:00Z,2026-10-04T15:00Z,4143980,1,9.8,10,,,,h,10,,,,0,0.002,41.185,0.404,0.052,17.8,,0.02,22,277,21.186,98.356,0.475,294.429,,,,,0
2026-10-04T14:00Z,2026-10-04T17:00Z,4143980,3,4.4,4.5,,,,h,4.5,,,,0,0.002,71.249,1.81,0,17.8,,0.02,0,277,20.416,100,1.08,74.572,,,,,0
2026-10-04T14:00Z,2026-10-04T20:00Z,4143980,6,2,2.1,,,,h,2.1,,,,0,0.001,164.044,2.964,1.428,17.8,,0.02,3,277,19.539,98.473,1.867,354.762,,,,,0
2026-10-04T14:00Z,2026-10-05T02:00Z,4143980,12,3.7,3.8,,,,h,3.8,,,,0,0,366.456,1.999,0.014,17.8,,0.02,9,278,22,88.793,1.5,76.774,,,,,0
2026-10-04T14:00Z,2026-10-05T14:00Z,4143980,24,5.4,5.5,,,,h,5.5,,,,0,0,47.606,2.102,0.09,17.8,,0.02,21,278,21.075,97.535,0.785,49.48,,,,,0
2026-10-04T14:00Z,2026-10-06T14:00Z,4143980,48,9.7,9.8,,,,h,9.8,,,,0,0,31.733,1.234,0,17.8,,0.02,21,279,20.558,96.297,0.42,23.336,,,,,0
2026-10-04T14:00Z,2026-10-04T15:00Z,4143982,1,8.2,4,,,,h,4,,,,0,0.016,50.727,1.171,0,2,,-0.646,22,277,23.717,98.626,0.398,105.835,,,,,0
2026-10-04T14:00Z,2026-10-04T17:00Z,4143982,3,7.5,3.7,,,,h,3.7,,,,0,0.019,27.832,0.895,0,2,,-0.646,0,277,23.23,99.303,0.28,107.903,,,,,0
2026-10-04T14:00Z,2026-10-04T20:00Z,4143982,6,4,1.9,,,,h,1.9,,,,0,0.019,62.884,1.215,0.015,2,,-0.646,3,277,22.793,98.824,0.72,357.327,,,,,0
2026-10-04T14:00Z,2026-10-05T02:00Z,4143982,12,7.4,4.1,,,,h,4.1,,,,0,0.057,545.685,4.034,0.07,2,,-0.646,9,278,26.724,80.268,2.849,32.236,,,,,0
2026-10-04T14:00Z,2026-10-05T14:00Z,4143982,24,6.1,3.8,,,,h,3.8,,,,0,0.009,487.036,4.728,0.044,2,,-0.646,21,278,23.151,86.92,2.278,29.171,,,,,0
2026-10-04T14:00Z,2026-10-06T14:00Z,4143982,48,16.7,13,,,,h,13,,,,0,0,611.886,6.351,0.146,2,,-0.646,21,279,22.78,86.428,3.395,28.171,,,,,0
2026-10-04T14:00Z,2026-10-04T15:00Z,4143983,1,8.8,12.6,,,,h,12.6,,,,0,0,70.91,1.144,0,14.2,,0.339,22,277,24.805,97.99,0.505,124.83,,,,,0
2026-10-04T14:00Z,2026-10-04T17:00Z,4143983,3,4.6,6.7,,,,h,6.7,,,,0,0,83.743,1.867,0,14.2,,0.339,0,277,24.498,98.048,0.922,154.058,,,,,0
2026-10-04T14:00Z,2026-10-04T20:00Z,4143983,6,3.5,5,,,,h,5,,,,0,0,87.463,1.624,0,14.2,,0.339,3,277,24.01,98.037,0.872,100.209,,,,,0
2026-10-04T14:00Z,2026-10-05T02:00Z,4143983,12,4.9,6.6,,,,h,6.6,,,,0,0,566.906,2.226,0.096,14.2,,0.339,9,278,26.894,84.37,1.791,57.27,,,,,0
2026-10-04T14:00Z,2026-10-05T14:00Z,4143983,24,2.4,3.2,,,,h,3.2,,,,0,0.004,347.662,5.617,0,14.2,,0.339,21,278,23.945,89.431,2.931,51.376,,,,,0
2026-10-04T14:00Z,2026-10-06T14:00Z,4143983,48,19.2,21.8,,,,h,21.8,,,,0,0,494.224,6.954,0,14.2,,0.339,21,279,23.444,76.773,4.086,50.463,,,,,0
2026-10-04T14:00Z,2026-10-04T15:00Z,4143984,1,9.2,10.4,,,,h,10.4,,,,0,0.009,40.389,1.126,0,6.4,,0.112,22,277,23.86,99.049,0.477,73.915,,,,,0
2026-10-04T14:00Z,2026-10-04T17:00Z,4143984,3,5.5,6.2,,,,h,6.2,,,,0,0.01,23.617,0.869,0,6.4,,0.112,0,277,23.379,98.971,0.193,109.6,,,,,0
2026-10-04T14:00Z,2026-10-04T20:00Z,4143984,6,4.7,5.3,,,,h,5.3,,,,0,0.011,43.797,0.899,0,6.4,,0.112,3,277,22.971,98.866,0.478,49.507,,,,,0
2026-10-04T14:00Z,2026-10-05T02:00Z,4143984,12,6.2,6.8,,,,h,6.8,,,,0,0.043,591.644,5.31,0.103,6.4,,0.112,9,278,26.792,79.596,3.779,41.712,,,,,0
2026-10-04T14:00Z,2026-10-05T14:00Z,4143984,24,3.7,4,,,,h,4,,,,0,0.003,551.163,5.592,0,6.4,,0.112,21,278,23.126,81.845,2.877,44.881,,,,,0
2026-10-04T14:00Z,2026-10-06T14:00Z,4143984,48,18.1,18.9,,,,h,18.9,,,,0,0,734.984,7.512,0,6.4,,0.112,21,279,22.545,81.097,4.256,33.16,,,,,0
2026-10-04T14:00Z,2026-10-04T15:00Z,4143985,1,7.7,11.1,,,,h,11.1,,,,0,0.001,55.668,1.194,0,9.9,,0.341,22,277,24.186,98.854,0.404,106.767,,,,,0
2026-10-04T14:00Z,2026-10-04T17:00Z,4143985,3,4.9,7.1,,,,h,7.1,,,,0,0.002,50.764,1.379,0,9.9,,0.341,0,277,23.802,98.787,0.562,135.531,,,,,0
2026-10-04T14:00Z,2026-10-04T20:00Z,4143985,6,3.9,5.6,,,,h,5.6,,,,0,0.002,60.612,1.102,0,9.9,,0.341,3,277,23.394,98.256,0.513,74.074,,,,,0
2026-10-04T14:00Z,2026-10-05T02:00Z,4143985,12,4.3,5.9,,,,h,5.9,,,,0,0.014,537.864,3.469,0.093,9.9,,0.341,9,278,26.768,82.794,2.559,45.478,,,,,0
2026-10-04T14:00Z,2026-10-05T14:00Z,4143985,24,2.2,2.9,,,,h,2.9,,,,0,0.005,411.37,5.217,0,9.9,,0.341,21,278,23.463,87.157,2.615,47.174,,,,,0
2026-10-04T14:00Z,2026-10-06T14:00Z,4143985,48,20,22.7,,,,h,22.7,,,,0,0,566.887,6.533,0,9.9,,0.341,21,279,22.978,81.336,3.689,41.985,,,,,0
2026-10-04T14:00Z,2026-10-04T15:00Z,4143986,1,12.1,17.2,,,,h,17.2,,,,0,0.001,100.601,1.743,0.033,20.6,,0.34,22,277,23.921,98.412,0.928,115.118,,,,,0
2026-10-04T14:00Z,2026-10-04T17:00Z,4143986,3,7.2,10.2,,,,h,10.2,,,,0,0.002,74.472,1.959,0,20.6,,0.34,0,277,23.481,99.448,0.894,136.629,,,,,0
2026-10-04T14:00Z,2026-10-04T20:00Z,4143986,6,6.4,8.9,,,,h,8.9,,,,0,0.006,35.934,0.945,0.041,20.6,,0.34,3,277,23.26,98.533,0.43,107.085,,,,,0
2026-10-04T14:00Z,2026-10-05T02:00Z,4143986,12,7.6,10.1,,,,h,10.1,,,,0,0.017,441.091,1.227,0.008,20.6,,0.34,9,278,26.605,84.99,0.916,65.002,,,,,0
2026-10-04T14:00Z,2026-10-05T14:00Z,4143986,24,4.6,5.9,,,,h,5.9,,,,0,0.062,301.18,2.385,0.295,20.6,,0.34,21,278,23.952,95.066,1.224,62.055,,,,,0
2026-10-04T14:00Z,2026-10-06T14:00Z,4143986,48,7.5,8.6,,,,h,8.6,,,,0,0.005,369.11,4.19,0.033,20.6,,0.34,21,279,23.863,91.379,2.387,29.797,,,,,0
2026-10-04T14:00Z,2026-10-04T15:00Z,4143988,1,5.9,10.1,,,,h,10.1,,,,0,0.118,54.018,1.469,0.257,19.5,,0.493,22,277,22.301,93.677,0.412,103.342,,,,,0
2026-10-04T14:00Z,2026-10-04T17:00Z,4143988,3,2.8,5,,,,h,5,,,,0,0.137,41.196,0.842,0.018,19.5,,0.493,0,277,21.629,99.056,0.104,139.997,,,,,0
2026-10-04T14:00Z,2026-10-04T20:00Z,4143988,6,4.3,7.1,,,,h,7.1,,,,0,0.168,38.604,0.946,0.006,19.5,,0.493,3,277,20.873,99.987,0.257,221.899,,,,,0
2026-10-04T14:00Z,2026-10-05T02:00Z,4143988,12,8.8,13.3,,,,h,13.3,,,,0,0.327,372.757,0.836,0.001,19.5,,0.493,9,278,24.787,87.211,0.689,177.072,,,,,0
2026-10-04T14:00Z,2026-10-05T14:00Z,4143988,24,11.3,15.5,,,,h,15.5,,,,0,0.627,53.419,1.786,0.403,19.5,,0.493,21,278,22.609,88.512,0.555,63.457,,,,,0
2026-10-04T14:00Z,2026-10-06T14:00Z,4143988,48,5.9,7.2,,,,h,7.2,,,,0,0.022,65.095,1.944,0.551,19.5,,0.493,21,279,21.622,95.908,0.992,37.499,,,,,0
2026-10-04T14:00Z,2026-10-04T15:00Z,4165629,1,5.2,3.3,,,,h,3.3,,,,0,0,213.606,0.564,0,6.8,,-0.39,22,277,25.807,90.875,0.436,110.446,,,,,0
2026-10-04T14:00Z,2026-10-04T17:00Z,4165629,3,5.9,3.8,,,,h,3.8,,,,0,0,218.979,0.407,0,6.8,,-0.39,0,277,25.465,91.263,0.23,182.068,,,,,0
2026-10-04T14:00Z,2026-10-04T20:00Z,4165629,6,4.7,3.1,,,,h,3.1,,,,0,0,164.954,1.923,0.073,6.8,,-0.39,3,277,24.822,93.093,1.092,178.956,,,,,0
2026-10-04T14:00Z,2026-10-05T02:00Z,4165629,12,5,3.5,,,,h,3.5,,,,0,0.001,500.235,1.152,0.052,6.8,,-0.39,9,278,27.971,79.727,1.099,117.778,,,,,0
2026-10-04T14:00Z,2026-10-05T14:00Z,4165629,24,3.4,2.5,,,,h,2.5,,,,0,0,212.875,2.148,0.127,6.8,,-0.39,21,278,25.341,91.625,1.914,77.103,,,,,0
2026-10-04T14:00Z,2026-10-06T14:00Z,4165629,48,5.3,4.5,,,,h,4.5,,,,0,0,203.851,1.133,0.362,6.8,,-0.39,21,279,25.267,91.256,0.835,46.476,,,,,0
2026-10-04T14:00Z,2026-10-04T15:00Z,4321722,1,8.6,10,,,,h,10,,,,0,0.039,49.581,1.245,0,9.8,,0.143,22,277,22.84,98.754,0.493,120.189,,,,,0
2026-10-04T14:00Z,2026-10-04T17:00Z,4321722,3,7.7,8.9,,,,h,8.9,,,,0,0.045,32.577,0.808,0,9.8,,0.143,0,277,22.266,99.626,0.349,85.711,,,,,0
2026-10-04T14:00Z,2026-10-04T20:00Z,4321722,6,2.4,2.8,,,,h,2.8,,,,0,0.048,68.896,1.483,0.019,9.8,,0.143,3,277,21.639,98.995,0.832,352.545,,,,,0
2026-10-04T14:00Z,2026-10-05T02:00Z,4321722,12,6.9,7.8,,,,h,7.8,,,,0,0.07,585.676,3.034,0.037,9.8,,0.143,9,278,26.264,79.528,2.122,25.7,,,,,0
2026-10-04T14:00Z,2026-10-05T14:00Z,4321722,24,4.6,5.1,,,,h,5.1,,,,0,0.025,385.82,4.124,0.056,9.8,,0.143,21,278,22.711,91.424,1.932,19.772,,,,,0
2026-10-04T14:00Z,2026-10-06T14:00Z,4321722,48,10.7,11.3,,,,h,11.3,,,,0,0.001,474.046,5.04,0.185,9.8,,0.143,21,279,22.497,90.537,2.545,25.112,,,,,0
2026-10-04T14:00Z,2026-10-04T15:00Z,4588536,1,16.1,16.8,,,,h,16.8,,,,0,0.002,44.809,0.476,0,33.5,,0.04,22,277,24.127,96.642,0.308,41.643,,,,,0
2026-10-04T14:00Z,2026-10-04T17:00Z,4588536,3,14.7,15.3,,,,h,15.3,,,,0,0.006,24.57,0.244,0,33.5,,0.04,0,277,23.741,98.469,0.129,173.795,,,,,0
2026-10-04T14:00Z,2026-10-04T20:00Z,4588536,6,12,12.5,,,,h,12.5,,,,0,0.005,132.9,1.783,0.173,33.5,,0.04,3,277,22.985,97.186,0.79,359.244,,,,,0
2026-10-04T14:00Z,2026-10-05T02:00Z,4588536,12,8.1,8.4,,,,h,8.4,,,,0,0.003,502.921,0.633,0.001,33.5,,0.04,9,278,25.579,82.48,0.472,311.645,,,,,0
2026-10-04T14:00Z,2026-10-05T14:00Z,4588536,24,12.2,12.5,,,,h,12.5,,,,0,0,44.55,1.004,0,33.5,,0.04,21,278,24.302,94.05,0.314,337.965,,,,,0
2026-10-04T14:00Z,2026-10-06T14:00Z,4588536,48,17.2,17.5,,,,h,17.5,,,,0,0,55.966,1.501,0.246,33.5,,0.04,21,279,22.652,97.413,0.727,290.512,,,,,0
2026-10-04T14:00Z,2026-10-04T15:00Z,4765764,1,8.1,4.1,,,,h,4.1,,,,0,0,149.925,3.251,0.96,0,,-0.601,22,277,23.972,97.471,1.884,74.756,,,,,0
2026-10-04T14:00Z,2026-10-04T17:00Z,4765764,3,8.1,4.2,,,,h,4.2,,,,0,0,73.933,1.249,0.098,0,,-0.601,0,277,23.631,97.624,0.532,71.327,,,,,0
2026-10-04T14:00Z,2026-10-04T20:00Z,4765764,6,6.9,3.7,,,,h,3.7,,,,0,0,130.81,2.075,0.072,0,,-0.601,3,277,23.661,97.782,1.174,56.911,,,,,0
2026-10-04T14:00Z,2026-10-05T02:00Z,4765764,12,5.9,3.4,,,,h,3.4,,,,0,0,440.926,3.624,1.227,0,,-0.601,9,278,24.353,90.2,2.666,73.837,,,,,0
2026-10-04T14:00Z,2026-10-05T14:00Z,4765764,24,8.1,5.4,,,,h,5.4,,,,0,0,110.054,2.729,0.097,0,,-0.601,21,278,23.83,96.977,0.894,55.691,,,,,0
2026-10-04T14:00Z,2026-10-06T14:00Z,4765764,48,7.8,6.1,,,,h,6.1,,,,0,0,74.818,3.044,0,0,,-0.601,21,279,23.848,85.634,1.205,76.377,,,,,0
2026-10-04T14:00Z,2026-10-04T15:00Z,4894523,1,16.1,36.4,,,,h,36.4,,,,0,0,96.422,0.978,0.168,37.1,,0.816,22,277,25.33,96.214,0.437,112.99,,,,,0
2026-10-04T14:00Z,2026-10-04T17:00Z,4894523,3,23.6,51.1,,,,h,51.1,,,,0,0,68.707,0.492,0,37.1,,0.816,0,277,25.22,95.674,0.087,106.4,,,,,0
2026-10-04T14:00Z,2026-10-04T20:00Z,4894523,6,26.6,54.9,,,,h,54.9,,,,0,0.002,102.135,1.302,0,37.1,,0.816,3,277,24.939,96.267,0.587,83.65,,,,,0
2026-10-04T14:00Z,2026-10-05T02:00Z,4894523,12,24.2,45.9,,,,h,45.9,,,,0,0.005,431.327,0.575,0.1,37.1,,0.816,9,278,28.161,82.448,0.437,43.79,,,,,0
2026-10-04T14:00Z,2026-10-05T14:00Z,4894523,24,29.8,49,,,,h,49,,,,0,0,63.568,0.456,0.065,37.1,,0.816,21,278,25.238,96.438,0.158,80.674,,,,,0
2026-10-04T14:00Z,2026-10-06T14:00Z,4894523,48,42.7,57.6,,,,h,57.6,,,,0,0,89.258,1.804,0.155,37.1,,0.816,21,279,25.367,96.702,0.806,356.207,,,,,0
2026-10-04T14:00Z,2026-10-04T15:00Z,4932270,1,15.3,22.2,,,,h,22.2,,,,0,0.001,19.126,0.525,0,15.6,,0.37,22,277,20.21,99.443,0.358,286.174,,,,,0
2026-10-04T14:00Z,2026-10-04T17:00Z,4932270,3,11.8,17,,,,h,17,,,,0,0.001,12.197,0.649,0,15.6,,0.37,0,277,19.416,99.69,0.229,223.396,,,,,0
2026-10-04T14:00Z,2026-10-04T20:00Z,4932270,6,10.1,14.3,,,,h,14.3,,,,0,0.001,90.141,2.563,0.414,15.6,,0.37,3,277,18.882,99.379,1.469,311.673,,,,,0
2026-10-04T14:00Z,2026-10-05T02:00Z,4932270,12,6.8,9.3,,,,h,9.3,,,,0,0.002,362.731,0.643,0,15.6,,0.37,9,278,22.151,88.934,0.516,147.865,,,,,0
2026-10-04T14:00Z,2026-10-05T14:00Z,4932270,24,13.2,16.7,,,,h,16.7,,,,0,0,20,0.71,0.031,15.6,,0.37,21,278,19.778,98.909,0.084,111.895,,,,,0
2026-10-04T14:00Z,2026-10-06T14:00Z,4932270,48,18,20.7,,,,h,20.7,,,,0,0,43.565,0.462,0.279,15.6,,0.37,21,279,19.221,99.69,0.116,90.448,,,,,0
2026-10-04T14:00Z,2026-10-04T15:00Z,4985405,1,4.2,17.5,,,,h,17.5,,,,0,0,294.558,2.507,0.031,31.4,,1.325,22,277,26.417,87.533,1.58,261.209,,,,,0
2026-10-04T14:00Z,2026-10-04T17:00Z,4985405,3,4.7,18.3,,,,h,18.3,,,,0,0,316.803,2.093,0,31.4,,1.325,0,277,26.366,86.357,1.472,264.305,,,,,0
2026-10-04T14:00Z,2026-10-04T20:00Z,4985405,6,5,17.9,,,,h,17.9,,,,0,0,292.84,1.685,0,31.4,,1.325,3,277,25.853,87.331,1.065,260.468,,,,,0
2026-10-04T14:00Z,2026-10-05T02:00Z,4985405,12,3.3,10.8,,,,h,10.8,,,,0,0,460.906,3.507,0.246,31.4,,1.325,9,278,26.603,84.01,2.974,254.672,,,,,0
2026-10-04T14:00Z,2026-10-05T14:00Z,4985405,24,3.8,9.5,,,,h,9.5,,,,0,0,225.638,1.256,0.881,31.4,,1.325,21,278,25.794,87.786,0.53,239.464,,,,,0
2026-10-04T14:00Z,2026-10-06T14:00Z,4985405,48,4.2,7.4,,,,h,7.4,,,,0,0,410.137,2.541,0.057,31.4,,1.325,21,279,26.694,83.998,1.677,223.571,,,,,0
2026-10-04T14:00Z,2026-10-04T15:00Z,4993065,1,20.5,14.3,,,,h,14.3,,,,0,0.009,86.589,0.816,0.306,26.8,,-0.355,22,277,25.033,96.911,0.31,168.901,,,,,0
2026-10-04T14:00Z,2026-10-04T17:00Z,4993065,3,25.6,18.2,,,,h,18.2,,,,0,0.007,69.57,0.984,0,26.8,,-0.355,0,277,24.98,96.718,0.441,113.384,,,,,0
2026-10-04T14:00Z,2026-10-04T20:00Z,4993065,6,28.7,20.9,,,,h,20.9,,,,0,0.009,94.117,1.902,0,26.8,,-0.355,3,277,24.828,96.922,0.813,98.813,,,,,0
2026-10-04T14:00Z,2026-10-05T02:00Z,4993065,12,14.3,10.7,,,,h,10.7,,,,0,0.003,404.639,0.822,0.1,26.8,,-0.355,9,278,28.252,82.482,0.655,109.269,,,,,0
2026-10-04T14:00Z,2026-10-05T14:00Z,4993065,24,10.1,8,,,,h,8,,,,0,0,57.052,0.818,0.021,26.8,,-0.355,21,278,25.137,97.22,0.381,96.026,,,,,0
2026-10-04T14:00Z,2026-10-06T14:00Z,4993065,48,29.5,25.8,,,,h,25.8,,,,0,0,58.948,1.235,0.052,26.8,,-0.355,21,279,25.373,97.153,0.428,358.494,,,,,0
2026-10-04T14:00Z,2026-10-04T15:00Z,5103390,1,8.7,10.3,,,,h,10.3,,,,0,0,161.054,3.676,1.127,2.7,,0.16,22,277,23.911,97.218,2.134,78.789,,,,,0
2026-10-04T14:00Z,2026-10-04T17:00Z,5103390,3,7.9,9.3,,,,h,9.3,,,,0,0,82.99,1.357,0.082,2.7,,0.16,0,277,23.564,97.259,0.634,69.185,,,,,0
2026-10-04T14:00Z,2026-10-04T20:00Z,5103390,6,5,5.9,,,,h,5.9,,,,0,0,139.435,2.295,0.074,2.7,,0.16,3,277,23.591,97.757,1.291,59.502,,,,,0
2026-10-04T14:00Z,2026-10-05T02:00Z,5103390,12,4.8,5.6,,,,h,5.6,,,,0,0,461.217,4.187,0.985,2.7,,0.16,9,278,24.266,89.872,3.089,75.348,,,,,0
2026-10-04T14:00Z,2026-10-05T14:00Z,5103390,24,8.3,9.2,,,,h,9.2,,,,0,0,114.579,2.917,0.024,2.7,,0.16,21,278,23.901,96.991,0.973,56.592,,,,,0
2026-10-04T14:00Z,2026-10-06T14:00Z,5103390,48,8.9,9.5,,,,h,9.5,,,,0,0,76.912,3.124,0,2.7,,0.16,21,279,23.821,85.348,1.272,76.635,,,,,0
2026-10-04T14:00Z,2026-10-04T15:00Z,5108494,1,16.2,31.9,,,,h,31.9,,,,0,0.002,82.908,0.725,0.253,37.9,,0.677,22,277,25.208,96.475,0.213,159.581,,,,,0
2026-10-04T14:00Z,2026-10-04T17:00Z,5108494,3,20.4,38.9,,,,h,38.9,,,,0,0.002,69.175,0.957,0,37.9,,0.677,0,277,25.113,96.483,0.404,117.673,,,,,0
2026-10-04T14:00Z,2026-10-04T20:00Z,5108494,6,20.3,37.2,,,,h,37.2,,,,0,0.004,95.151,1.747,0,37.9,,0.677,3,277,24.918,96.685,0.741,103.103,,,,,0
2026-10-04T14:00Z,2026-10-05T02:00Z,5108494,12,13.7,23.6,,,,h,23.6,,,,0,0.002,414.177,0.824,0.1,37.9,,0.677,9,278,28.264,82.509,0.648,103.125,,,,,0
2026-10-04T14:00Z,2026-10-05T14:00Z,5108494,24,13.7,21,,,,h,21,,,,0,0,58.824,0.777,0.041,37.9,,0.677,21,278,25.194,97.163,0.394,103.836,,,,,0
2026-10-04T14:00Z,2026-10-06T14:00Z,5108494,48,31.2,40.1,,,,h,40.1,,,,0,0,69.935,1.43,0.099,37.9,,0.677,21,279,25.354,96.909,0.504,6.855,,,,,0
2026-10-04T14:00Z,2026-10-04T15:00Z,5482624,1,10.7,5.4,,,,h,5.4,,,,0,0,92.626,1.071,0,34.1,,-0.625,22,277,25.787,94.993,0.441,18.17,,,,,0
2026-10-04T14:00Z,2026-10-04T17:00Z,5482624,3,13.5,7.2,,,,h,7.2,,,,0,0,62.27,1.194,0,34.1,,-0.625,0,277,25.391,94.735,1.104,302.02,,,,,0
2026-10-04T14:00Z,2026-10-04T20:00Z,5482624,6,17.1,9.5,,,,h,9.5,,,,0,0,87.371,1.456,0,34.1,,-0.625,3,277,24.878,96.292,0.655,346.593,,,,,0
2026-10-04T14:00Z,2026-10-05T02:00Z,5482624,12,16.8,10,,,,h,10,,,,0,0.007,469.128,1.94,0.096,34.1,,-0.625,9,278,27.856,84.515,1.575,351.352,,,,,0
2026-10-04T14:00Z,2026-10-05T14:00Z,5482624,24,26.9,18.2,,,,h,18.2,,,,0,0,73.415,0.762,0.272,34.1,,-0.625,21,278,24.968,95.666,0.745,282.045,,,,,0
2026-10-04T14:00Z,2026-10-06T14:00Z,5482624,48,33.4,26.5,,,,h,26.5,,,,0,0,133.929,2.68,0.666,34.1,,-0.625,21,279,25.185,96.633,1.622,334.941,,,,,0
2026-10-04T14:00Z,2026-10-04T15:00Z,5551122,1,15.3,25.4,,,,h,25.4,,,,0,0.001,39.736,0.374,0,19.9,,0.503,22,277,23.243,97.506,0.32,22.237,,,,,0
2026-10-04T14:00Z,2026-10-04T17:00Z,5551122,3,11.8,19.3,,,,h,19.3,,,,0,0.004,19.441,0.235,0,19.9,,0.503,0,277,22.748,99.091,0.159,195.893,,,,,0
2026-10-04T14:00Z,2026-10-04T20:00Z,5551122,6,10.1,16.1,,,,h,16.1,,,,0,0.004,127.714,1.862,0.249,19.9,,0.503,3,277,22.036,97.839,0.942,341.142,,,,,0
2026-10-04T14:00Z,2026-10-05T02:00Z,5551122,12,6.8,10.4,,,,h,10.4,,,,0,0.003,477.856,0.365,0,19.9,,0.503,9,278,24.776,84.119,0.251,315.924,,,,,0
2026-10-04T14:00Z,2026-10-05T14:00Z,5551122,24,13.2,18.1,,,,h,18.1,,,,0,0,38.027,0.764,0.005,19.9,,0.503,21,278,23.336,95.088,0.248,352.275,,,,,0
2026-10-04T14:00Z,2026-10-06T14:00Z,5551122,48,18,21.8,,,,h,21.8,,,,0,0,50.285,1.181,0.234,19.9,,0.503,21,279,21.858,98.061,0.639,293.533,,,,,0
2026-10-04T14:00Z,2026-10-04T15:00Z,5851170,1,6.1,2.6,,,,h,2.6,,,,0,0.002,65.083,1.255,0.016,8.1,,-0.715,22,277,24.063,96.853,0.595,192.694,,,,,0
2026-10-04T14:00Z,2026-10-04T17:00Z,5851170,3,7.8,3.6,,,,h,3.6,,,,0,0.002,55.15,1.051,0,8.1,,-0.715,0,277,23.946,96.29,0.377,132.933,,,,,0
2026-10-04T14:00Z,2026-10-04T20:00Z,5851170,6,9.5,4.7,,,,h,4.7,,,,0,0.002,57.658,0.733,0,8.1,,-0.715,3,277,23.503,98.111,0.363,34.792,,,,,0
2026-10-04T14:00Z,2026-10-05T02:00Z,5851170,12,8.7,4.6,,,,h,4.6,,,,0,0.002,417.589,1.027,0.031,8.1,,-0.715,9,278,26.628,82.391,0.806,69.558,,,,,0
2026-10-04T14:00Z,2026-10-05T14:00Z,5851170,24,5.5,3.3,,,,h,3.3,,,,0,0,57.195,1.448,0,8.1,,-0.715,21,278,24.135,95.743,0.585,81.157,,,,,0
2026-10-04T14:00Z,2026-10-06T14:00Z,5851170,48,9.4,7,,,,h,7,,,,0,0,293.754,3.523,0.061,8.1,,-0.715,21,279,23.595,96.443,1.343,91.664,,,,,0
2026-10-04T14:00Z,2026-10-04T15:00Z,5894629,1,27.4,49.2,,,,h,49.2,,,,0,0.001,180.806,2.561,0.086,38.1,,0.594,22,277,27.071,93.904,1.175,178.153,,,,,0
2026-10-04T14:00Z,2026-10-04T17:00Z,5894629,3,27.4,48.1,,,,h,48.1,,,,0,0,169.597,2.119,0,38.1,,0.594,0,277,26.704,95.241,0.62,197.679,,,,,0
2026-10-04T14:00Z,2026-10-04T20:00Z,5894629,6,22.2,37.8,,,,h,37.8,,,,0,0,112.608,0.741,0,38.1,,0.594,3,277,26.452,95.968,0.476,258.282,,,,,0
2026-10-04T14:00Z,2026-10-05T02:00Z,5894629,12,20,32,,,,h,32,,,,0,0,505.651,0.76,0,38.1,,0.594,9,278,28.23,83.015,0.641,58.668,,,,,0
2026-10-04T14:00Z,2026-10-05T14:00Z,5894629,24,20.1,29,,,,h,29,,,,0,0,125.762,1.046,0.974,38.1,,0.594,21,278,25.281,93.515,0.763,297.82,,,,,0
2026-10-04T14:00Z,2026-10-06T14:00Z,5894629,48,18.6,23.3,,,,h,23.3,,,,0,0,150.381,1.485,0.666,38.1,,0.594,21,279,25.807,93.481,0.903,12.842,,,,,0
2026-10-04T14:00Z,2026-10-04T15:00Z,5951902,1,20.5,4.5,,,,h,4.5,,,,0,0.002,103.937,0.974,0.295,5.2,,-1.416,22,277,24.969,96.924,0.416,152.457,,,,,0
2026-10-04T14:00Z,2026-10-04T17:00Z,5951902,3,25.6,6.2,,,,h,6.2,,,,0,0.004,80.25,0.783,0,5.2,,-1.416,0,277,24.962,96.163,0.334,108.376,,,,,0
2026-10-04T14:00Z,2026-10-04T20:00Z,5951902,6,28.7,7.7,,,,h,7.7,,,,0,0.011,109.155,1.794,0,5.2,,-1.416,3,277,24.804,96.632,0.819,90.755,,,,,0
2026-10-04T14:00Z,2026-10-05T02:00Z,5951902,12,14.3,4.2,,,,h,4.2,,,,0,0.005,408.865,0.556,0.097,5.2,,-1.416,9,278,28.13,82.358,0.433,91.736,,,,,0
2026-10-04T14:00Z,2026-10-05T14:00Z,5951902,24,10.1,3.8,,,,h,3.8,,,,0,0.001,69.608,0.818,0,5.2,,-1.416,21,278,25.201,96.619,0.345,71.296,,,,,0
2026-10-04T14:00Z,2026-10-06T14:00Z,5951902,48,29.5,17.3,,,,h,17.3,,,,0,0,66.153,1.4,0,5.2,,-1.416,21,279,25.417,97.024,0.596,353.035,,,,,0
2026-10-04T14:00Z,2026-10-04T15:00Z,5955903,1,20.5,19.3,,,,h,19.3,,,,0,0.002,103.962,0.973,0.294,31.1,,-0.062,22,277,24.969,96.922,0.415,152.521,,,,,0
2026-10-04T14:00Z,2026-10-04T17:00Z,5955903,3,25.6,24.1,,,,h,24.1,,,,0,0.004,80.313,0.783,0,31.1,,-0.062,0,277,24.963,96.161,0.334,108.406,,,,,0
2026-10-04T14:00Z,2026-10-04T20:00Z,5955903,6,28.7,27.2,,,,h,27.2,,,,0,0.011,109.212,1.794,0,31.1,,-0.062,3,277,24.804,96.631,0.819,90.771,,,,,0
2026-10-04T14:00Z,2026-10-05T02:00Z,5955903,12,14.3,13.6,,,,h,13.6,,,,0,0.005,408.883,0.556,0.097,31.1,,-0.062,9,278,28.129,82.359,0.433,91.719,,,,,0
2026-10-04T14:00Z,2026-10-05T14:00Z,5955903,24,10.1,9.7,,,,h,9.7,,,,0,0.001,69.678,0.818,0,31.1,,-0.062,21,278,25.202,96.618,0.345,71.265,,,,,0
2026-10-04T14:00Z,2026-10-06T14:00Z,5955903,48,29.5,28.8,,,,h,28.8,,,,0,0,66.19,1.4,0,31.1,,-0.062,21,279,25.417,97.023,0.596,353.07,,,,,0
2026-10-04T14:00Z,2026-10-04T15:00Z,6094818,1,12,13,,,,h,13,,,,0,0.036,116.658,0.885,0.072,13.1,,0.075,22,277,25.297,95.929,0.088,146.378,,,,,0
2026-10-04T14:00Z,2026-10-04T17:00Z,6094818,3,14.2,15.3,,,,h,15.3,,,,0,0.036,73.209,0.5,0,13.1,,0.075,0,277,25.206,94.952,0.103,128.737,,,,,0
2026-10-04T14:00Z,2026-10-04T20:00Z,6094818,6,18.8,20.1,,,,h,20.1,,,,0,0.028,116.172,1.167,0,13.1,,0.075,3,277,24.92,96.369,0.647,87.651,,,,,0
2026-10-04T14:00Z,2026-10-05T02:00Z,6094818,12,15.1,16.1,,,,h,16.1,,,,0,0.011,456.197,0.903,0.054,13.1,,0.075,9,278,27.724,81.679,0.738,24.849,,,,,0
2026-10-04T14:00Z,2026-10-05T14:00Z,6094818,24,16.4,17.2,,,,h,17.2,,,,0,0.001,129.015,1.216,0,13.1,,0.075,21,278,25.419,95.496,0.558,313.08,,,,,0
2026-10-04T14:00Z,2026-10-06T14:00Z,6094818,48,14.6,15,,,,h,15,,,,0,0,143.857,2.959,0,13.1,,0.075,21,279,25.369,96.002,1.478,349.455,,,,,0
2026-10-04T14:00Z,2026-10-04T15:00Z,6099600,1,9.7,3.4,,,,h,3.4,,,,0,0.067,20.55,0.161,0,5.2,,-0.93,22,277,24.367,99,0.181,92.216,,,,,0
2026-10-04T14:00Z,2026-10-04T17:00Z,6099600,3,8.9,3.2,,,,h,3.2,,,,0,0.04,111.447,0.942,2.417,5.2,,-0.93,0,277,23.637,95.875,0.241,216.407,,,,,0
2026-10-04T14:00Z,2026-10-04T20:00Z,6099600,6,3,0.8,,,,h,0.8,,,,0,0.012,78.665,0.897,0,5.2,,-0.93,3,277,23.51,96.985,0.371,91.916,,,,,0
2026-10-04T14:00Z,2026-10-05T02:00Z,6099600,12,3.9,1.4,,,,h,1.4,,,,0,0.008,254.048,0.913,0.264,5.2,,-0.93,9,278,24.961,93.279,0.675,350.598,,,,,0
2026-10-04T14:00Z,2026-10-05T14:00Z,6099600,24,4.5,2.2,,,,h,2.2,,,,0,0.001,27.402,0.606,0,5.2,,-0.93,21,278,24.513,95.006,0.236,30.382,,,,,0
2026-10-04T14:00Z,2026-10-06T14:00Z,6099600,48,4,2.6,,,,h,2.6,,,,0,0,43.174,1.335,0,5.2,,-0.93,21,279,24.286,94.556,0.528,25.801,,,,,0
2026-10-04T14:00Z,2026-10-04T15:00Z,6101817,1,6.7,8.5,,,,h,8.5,,,,0,0,199.257,3.39,0.017,12.7,,0.223,22,277,27.386,86.277,2.77,312.052,,,,,0
2026-10-04T14:00Z,2026-10-04T17:00Z,6101817,3,6.2,7.8,,,,h,7.8,,,,0,0,143.886,3.027,0.024,12.7,,0.223,0,277,26.826,88.561,2.546,296.393,,,,,0
2026-10-04T14:00Z,2026-10-04T20:00Z,6101817,6,5.9,7.4,,,,h,7.4,,,,0,0,124.26,1.963,0.008,12.7,,0.223,3,277,26.494,90.527,1.691,306.765,,,,,0
2026-10-04T14:00Z,2026-10-05T02:00Z,6101817,12,7.3,8.8,,,,h,8.8,,,,0,0,383.706,3.101,0.033,12.7,,0.223,9,278,27.762,83.122,2.761,347.875,,,,,0
2026-10-04T14:00Z,2026-10-05T14:00Z,6101817,24,6.6,7.7,,,,h,7.7,,,,0,0,143.992,2.4,0.687,12.7,,0.223,21,278,26.275,87.564,2.374,316.097,,,,,0
2026-10-04T14:00Z,2026-10-06T14:00Z,6101817,48,4.5,5,,,,h,5,,,,0,0,187.443,3.742,0.796,12.7,,0.223,21,279,26.365,89.875,3.311,329.082,,,,,0
2026-10-04T14:00Z,2026-10-04T15:00Z,6115454,1,15.3,24.5,,,,h,24.5,,,,0,0.002,41.574,0.453,0,32.4,,0.467,22,277,23.822,97.224,0.328,27.804,,,,,0
2026-10-04T14:00Z,2026-10-04T17:00Z,6115454,3,11.8,18.7,,,,h,18.7,,,,0,0.005,21.787,0.245,0,32.4,,0.467,0,277,23.427,98.592,0.163,190.543,,,,,0
2026-10-04T14:00Z,2026-10-04T20:00Z,6115454,6,10.1,15.6,,,,h,15.6,,,,0,0.005,131.115,1.897,0.196,32.4,,0.467,3,277,22.681,97.307,0.877,351.983,,,,,0
2026-10-04T14:00Z,2026-10-05T02:00Z,6115454,12,6.8,10.1,,,,h,10.1,,,,0,0.003,491.23,0.527,0,32.4,,0.467,9,278,25.309,83.09,0.388,308.733,,,,,0
2026-10-04T14:00Z,2026-10-05T14:00Z,6115454,24,13.2,17.7,,,,h,17.7,,,,0,0,45.576,0.882,0.003,32.4,,0.467,21,278,23.995,94.455,0.301,339.488,,,,,0
2026-10-04T14:00Z,2026-10-06T14:00Z,6115454,48,18,21.5,,,,h,21.5,,,,0,0,51.872,1.372,0.262,32.4,,0.467,21,279,22.41,97.613,0.68,292.067,,,,,0
2026-10-04T14:00Z,2026-10-04T15:00Z,6118093,1,5.8,18.6,,,,h,18.6,,,,0,0,83.239,1.858,0.061,38.6,,1.102,22,277,24.673,99.758,0.971,67.574,,,,,0
2026-10-04T14:00Z,2026-10-04T17:00Z,6118093,3,4.3,13.6,,,,h,13.6,,,,0,0,78.478,1.759,0.005,38.6,,1.102,0,277,24.384,99.848,1.158,174.117,,,,,0
2026-10-04T14:00Z,2026-10-04T20:00Z,6118093,6,2.9,9.1,,,,h,9.1,,,,0,0,59.726,1.317,0,38.6,,1.102,3,277,23.926,99.799,0.958,71.607,,,,,0
2026-10-04T14:00Z,2026-10-05T02:00Z,6118093,12,3.4,9.2,,,,h,9.2,,,,0,0,406.031,2.802,0.231,38.6,,1.102,9,278,25.68,89.756,2.22,58.527,,,,,0
2026-10-04T14:00Z,2026-10-05T14:00Z,6118093,24,2.7,6.1,,,,h,6.1,,,,0,0,284.875,3.986,0,38.6,,1.102,21,278,23.696,95.708,1.481,58.409,,,,,0
2026-10-04T14:00Z,2026-10-06T14:00Z,6118093,48,13.5,20.6,,,,h,20.6,,,,0,0,160.823,4.081,0,38.6,,1.102,21,279,23.016,88.95,1.779,92.962,,,,,0
2026-10-04T14:00Z,2026-10-04T15:00Z,6123215,1,17.9,25.3,,,,h,25.3,,,,0,0.002,510.895,5.852,3.686,39.6,,0.344,22,277,24.396,95.174,3.304,32.987,,,,,0
2026-10-04T14:00Z,2026-10-04T17:00Z,6123215,3,8.5,12,,,,h,12,,,,0,0,592.4,6.376,0.467,39.6,,0.344,0,277,24.186,94.299,3.688,39.04,,,,,0
2026-10-04T14:00Z,2026-10-04T20:00Z,6123215,6,7.5,10.4,,,,h,10.4,,,,0,0,739.279,6.633,5.5,39.6,,0.344,3,277,23.233,91.492,3.671,40.271,,,,,0
2026-10-04T14:00Z,2026-10-05T02:00Z,6123215,12,12.8,16.9,,,,h,16.9,,,,0,0,761.78,8.107,3.582,39.6,,0.344,9,278,21.397,89.904,4.976,7.025,,,,,0
2026-10-04T14:00Z,2026-10-05T14:00Z,6123215,24,23.9,29.5,,,,h,29.5,,,,0,0,286.011,4.717,0,39.6,,0.344,21,278,23.776,75.611,2.013,11.892,,,,,0
2026-10-04T14:00Z,2026-10-06T14:00Z,6123215,48,76.6,86.8,,,,h,86.8,,,,0,0,76.899,4.61,0,39.6,,0.344,21,279,22.032,65.61,1.599,61.671,,,,,0
2026-10-04T14:00Z,2026-10-04T15:00Z,6125288,1,8.8,5.3,,,,h,5.3,,,,0,0,46.111,0.202,0,5.1,,-0.458,22,277,22.747,99.049,0.126,318.94,,,,,0
2026-10-04T14:00Z,2026-10-04T17:00Z,6125288,3,7.9,4.8,,,,h,4.8,,,,0,0,21.39,0.187,0,5.1,,-0.458,0,277,22.45,98.767,0.057,93.726,,,,,0
2026-10-04T14:00Z,2026-10-04T20:00Z,6125288,6,5.6,3.4,,,,h,3.4,,,,0,0,47.992,0.974,0,5.1,,-0.458,3,277,22.071,99.594,0.521,12.123,,,,,0
2026-10-04T14:00Z,2026-10-05T02:00Z,6125288,12,4.2,2.7,,,,h,2.7,,,,0,0,419.347,2.225,0.214,5.1,,-0.458,9,278,23.824,91.707,1.636,40.425,,,,,0
2026-10-04T14:00Z,2026-10-05T14:00Z,6125288,24,4.6,3.3,,,,h,3.3,,,,0,0,79.254,0.97,0.025,5.1,,-0.458,21,278,22.688,95.42,0.333,24.879,,,,,0
2026-10-04T14:00Z,2026-10-06T14:00Z,6125288,48,8.6,7.1,,,,h,7.1,,,,0,0,46.579,1.984,0,5.1,,-0.458,21,279,23.869,82.73,0.59,21.046,,,,,0
2026-10-04T14:00Z,2026-10-04T15:00Z,6130741,1,16.2,17,,,,h,17,,,,0,0,84.152,0.661,0.209,14.5,,0.048,22,277,25.324,96.203,0.206,142.316,,,,,0
2026-10-04T14:00Z,2026-10-04T17:00Z,6130741,3,20.4,21.4,,,,h,21.4,,,,0,0,68.773,0.794,0,14.5,,0.048,0,277,25.199,96.188,0.285,118.337,,,,,0
2026-10-04T14:00Z,2026-10-04T20:00Z,6130741,6,20.3,21.2,,,,h,21.2,,,,0,0.003,96.572,1.52,0,14.5,,0.048,3,277,24.962,96.502,0.645,100.71,,,,,0
2026-10-04T14:00Z,2026-10-05T02:00Z,6130741,12,13.7,14.2,,,,h,14.2,,,,0,0.002,422.805,0.707,0.1,14.5,,0.048,9,278,28.243,82.574,0.545,88.359,,,,,0
2026-10-04T14:00Z,2026-10-05T14:00Z,6130741,24,13.7,14.1,,,,h,14.1,,,,0,0,60.9,0.65,0.061,14.5,,0.048,21,278,25.221,96.964,0.321,105.065,,,,,0
2026-10-04T14:00Z,2026-10-06T14:00Z,6130741,48,31.2,31.8,,,,h,31.8,,,,0,0,79.843,1.604,0.147,14.5,,0.048,21,279,25.349,96.765,0.605,5.61,,,,,0
2026-10-04T14:00Z,2026-10-04T15:00Z,6149445,1,10.7,13.7,,,,h,13.7,,,,0,0,94.367,1.169,0,12.8,,0.241,22,277,25.138,95.769,0.531,61.11,,,,,0
2026-10-04T14:00Z,2026-10-04T17:00Z,6149445,3,13.5,17.1,,,,h,17.1,,,,0,0.008,59.038,0.662,0,12.8,,0.241,0,277,24.855,95.124,0.7,298.649,,,,,0
2026-10-04T14:00Z,2026-10-04T20:00Z,6149445,6,17.1,21.3,,,,h,21.3,,,,0,0.015,92.375,0.897,0,12.8,,0.241,3,277,24.377,96.34,0.338,2.147,,,,,0
2026-10-04T14:00Z,2026-10-05T02:00Z,6149445,12,16.8,20.4,,,,h,20.4,,,,0,0.023,466.616,1.534,0.083,12.8,,0.241,9,278,27.454,83.487,1.233,353.798,,,,,0
2026-10-04T14:00Z,2026-10-05T14:00Z,6149445,24,26.9,31.2,,,,h,31.2,,,,0,0.001,65.752,0.297,0.153,12.8,,0.241,21,278,24.718,95.896,0.339,302.254,,,,,0
2026-10-04T14:00Z,2026-10-06T14:00Z,6149445,48,33.4,36.5,,,,h,36.5,,,,0,0,122.135,2.149,0.397,12.8,,0.241,21,279,24.772,96.639,1.205,345.038,,,,,0
2026-10-04T14:00Z,2026-10-04T15:00Z,6151749,1,6.7,6.8,,,,h,6.8,,,,0,0,214.063,5.201,0.973,2.3,,0.009,22,277,24.458,99.743,3.198,200.204,,,,,0
2026-10-04T14:00Z,2026-10-04T17:00Z,6151749,3,6.6,6.7,,,,h,6.7,,,,0,0,122.924,2.169,0.185,2.3,,0.009,0,277,23.749,98.908,1.493,238.183,,,,,0
2026-10-04T14:00Z,2026-10-04T20:00Z,6151749,6,5.2,5.2,,,,h,5.2,,,,0,0,96.447,2.089,0.178,2.3,,0.009,3,277,23.507,99.788,1.392,229.794,,,,,0
2026-10-04T14:00Z,2026-10-05T02:00Z,6151749,12,5.9,5.9,,,,h,5.9,,,,0,0,232.899,1.133,1.541,2.3,,0.009,9,278,24.581,95.588,1.056,202.803,,,,,0
2026-10-04T14:00Z,2026-10-05T14:00Z,6151749,24,5.8,5.8,,,,h,5.8,,,,0,0,81.936,2.45,0.139,2.3,,0.009,21,278,24.367,98.59,2.016,277.689,,,,,0
2026-10-04T14:00Z,2026-10-06T14:00Z,6151749,48,5.2,5.2,,,,h,5.2,,,,0,0,67.237,2.489,0,2.3,,0.009,21,279,24.024,98.65,1.411,255.9,,,,,0
2026-10-04T14:00Z,2026-10-04T15:00Z,6152097,1,16.1,24.2,,,,h,24.2,,,,0,0.009,32.497,0.439,0,,,0.437,22,277,24.635,96.724,0.409,6.861,,,,,0
2026-10-04T14:00Z,2026-10-04T17:00Z,6152097,3,14.7,21.7,,,,h,21.7,,,,0,0.017,29.592,1.002,0,,,0.437,0,277,24.598,95.021,0.274,209.015,,,,,0
2026-10-04T14:00Z,2026-10-04T20:00Z,6152097,6,12,17.4,,,,h,17.4,,,,0,0.009,122.737,2.516,0.1,,,0.437,3,277,23.648,95.281,1.198,2.621,,,,,0
2026-10-04T14:00Z,2026-10-05T02:00Z,6152097,12,8.1,11.4,,,,h,11.4,,,,0,0.006,425.112,0.895,0.006,,,0.437,9,278,25.961,83.285,0.8,258.785,,,,,0
2026-10-04T14:00Z,2026-10-05T14:00Z,6152097,24,12.2,15.8,,,,h,15.8,,,,0,0,85.241,0.905,0.002,,,0.437,21,278,24.836,94.128,0.387,289.562,,,,,0
2026-10-04T14:00Z,2026-10-06T14:00Z,6152097,48,17.2,20,,,,h,20,,,,0,0,23.529,0.852,0.374,,,0.437,21,279,23.455,96.18,0.367,311.686,,,,,0
2026-10-04T14:00Z,2026-10-04T15:00Z,6154187,1,20.5,26.6,,,,h,26.6,,,,0,0.004,95.252,0.915,0.309,33.3,,0.26,22,277,24.946,97.136,0.401,152.423,,,,,0
2026-10-04T14:00Z,2026-10-04T17:00Z,6154187,3,25.6,32.8,,,,h,32.8,,,,0,0.005,69.828,0.878,0,33.3,,0.26,0,277,24.927,96.549,0.384,106.885,,,,,0
2026-10-04T14:00Z,2026-10-04T20:00Z,6154187,6,28.7,36.2,,,,h,36.2,,,,0,0.011,97.305,1.885,0,33.3,,0.26,3,277,24.774,96.886,0.846,91.286,,,,,0
2026-10-04T14:00Z,2026-10-05T02:00Z,6154187,12,14.3,17.7,,,,h,17.7,,,,0,0.004,404.485,0.619,0.1,33.3,,0.26,9,278,28.204,82.337,0.488,101.456,,,,,0
2026-10-04T14:00Z,2026-10-05T14:00Z,6154187,24,10.1,12,,,,h,12,,,,0,0,57.512,0.778,0.009,33.3,,0.26,21,278,25.127,96.964,0.331,83.177,,,,,0
2026-10-04T14:00Z,2026-10-06T14:00Z,6154187,48,29.5,32.5,,,,h,32.5,,,,0,0,58.486,1.278,0.021,33.3,,0.26,21,279,25.392,97.22,0.504,349.041,,,,,0
2026-10-04T14:00Z,2026-10-04T15:00Z,6157903,1,4.6,13.2,,,,h,13.2,,,,0,0,23.819,0.901,0,23.6,,0.97,22,277,19.691,96.779,0.228,165.464,,,,,0
2026-10-04T14:00Z,2026-10-04T17:00Z,6157903,3,2.6,7.8,,,,h,7.8,,,,0,0,27.085,0.453,0.044,23.6,,0.97,0,277,19.504,96.182,0.341,68.728,,,,,0
2026-10-04T14:00Z,2026-10-04T20:00Z,6157903,6,1.3,4.3,,,,h,4.3,,,,0,0,20.041,0.408,0,23.6,,0.97,3,277,18.932,97.535,0.428,71.203,,,,,0
2026-10-04T14:00Z,2026-10-05T02:00Z,6157903,12,0.7,2.6,,,,h,2.6,,,,0,0,431.153,0.672,0.107,23.6,,0.97,9,278,22.195,89.936,0.428,25.783,,,,,0
2026-10-04T14:00Z,2026-10-05T14:00Z,6157903,24,2.6,5.4,,,,h,5.4,,,,0,0,237.603,3.096,0.398,23.6,,0.97,21,278,20.145,92.828,1.478,78.236,,,,,0
2026-10-04T14:00Z,2026-10-06T14:00Z,6157903,48,7.6,11.2,,,,h,11.2,,,,0,0,81.633,2.353,0,23.6,,0.97,21,279,19.071,87.757,1.219,77.171,,,,,0
2026-10-04T14:00Z,2026-10-04T15:00Z,6160493,1,8,15.1,,,,h,15.1,,,,0,0,74.462,1.177,0,15.9,,0.606,22,277,24.888,98.202,0.502,111.413,,,,,0
2026-10-04T14:00Z,2026-10-04T17:00Z,6160493,3,6.1,11.4,,,,h,11.4,,,,0,0,88.298,1.865,0,15.9,,0.606,0,277,24.595,98.165,0.966,156.609,,,,,0
2026-10-04T14:00Z,2026-10-04T20:00Z,6160493,6,2.4,4.7,,,,h,4.7,,,,0,0,96.05,1.758,0,15.9,,0.606,3,277,24.103,98.204,0.964,96.292,,,,,0
2026-10-04T14:00Z,2026-10-05T02:00Z,6160493,12,4.6,7.9,,,,h,7.9,,,,0,0,542.871,2.317,0.096,15.9,,0.606,9,278,26.771,85.171,1.848,63.33,,,,,0
2026-10-04T14:00Z,2026-10-05T14:00Z,6160493,24,2.6,4.2,,,,h,4.2,,,,0,0.002,303.771,5.028,0,15.9,,0.606,21,278,23.915,91.071,2.446,54.541,,,,,0
2026-10-04T14:00Z,2026-10-06T14:00Z,6160493,48,19,23.9,,,,h,23.9,,,,0,0,439.487,6.197,0,15.9,,0.606,21,279,23.52,78.895,3.525,57.993,,,,,0
2026-10-04T14:00Z,2026-10-04T15:00Z,6160761,1,15.3,13.9,,,,h,13.9,,,,0,0.004,30.798,0.464,0,16.3,,-0.094,22,277,24.121,97.45,0.414,1.153,,,,,0
2026-10-04T14:00Z,2026-10-04T17:00Z,6160761,3,11.8,10.7,,,,h,10.7,,,,0,0.01,25.67,0.776,0,16.3,,-0.094,0,277,23.947,96.244,0.249,201.666,,,,,0
2026-10-04T14:00Z,2026-10-04T20:00Z,6160761,6,10.1,9.2,,,,h,9.2,,,,0,0.007,124.409,2.597,0.123,16.3,,-0.094,3,277,23.118,95.871,1.237,355.244,,,,,0
2026-10-04T14:00Z,2026-10-05T02:00Z,6160761,12,6.8,6.3,,,,h,6.3,,,,0,0.005,430.461,0.76,0,16.3,,-0.094,9,278,25.503,83.869,0.67,257.273,,,,,0
2026-10-04T14:00Z,2026-10-05T14:00Z,6160761,24,13.2,12.4,,,,h,12.4,,,,0,0,71.883,0.739,0.014,16.3,,-0.094,21,278,24.288,94.651,0.362,295.56,,,,,0
2026-10-04T14:00Z,2026-10-06T14:00Z,6160761,48,18,17.4,,,,h,17.4,,,,0,0,31.109,1.041,0.435,16.3,,-0.094,21,279,22.912,96.731,0.416,307.301,,,,,0
2026-10-04T14:00Z,2026-10-04T15:00Z,6166036,1,13.9,32.5,,,,h,32.5,,,,0,0.032,58.728,1.451,0.016,28.3,,0.846,22,277,22.315,98.478,0.65,112.441,,,,,0
2026-10-04T14:00Z,2026-10-04T17:00Z,6166036,3,8.9,20.6,,,,h,20.6,,,,0,0.041,45.163,1.128,0,28.3,,0.846,0,277,21.699,99.882,0.46,108.845,,,,,0
2026-10-04T14:00Z,2026-10-04T20:00Z,6166036,6,8.5,18.7,,,,h,18.7,,,,0,0.051,26.537,0.626,0.016,28.3,,0.846,3,277,21.136,99.169,0.296,58.662,,,,,0
2026-10-04T14:00Z,2026-10-05T02:00Z,6166036,12,9.2,18.4,,,,h,18.4,,,,0,0.072,536.456,1.625,0,28.3,,0.846,9,278,25.723,82.314,1.122,47.914,,,,,0
2026-10-04T14:00Z,2026-10-05T14:00Z,6166036,24,6.9,12.1,,,,h,12.1,,,,0,0.121,262.188,2.917,0.129,28.3,,0.846,21,278,22.763,93.434,1.352,47.749,,,,,0
2026-10-04T14:00Z,2026-10-06T14:00Z,6166036,48,5.7,8.1,,,,h,8.1,,,,0,0.006,330.639,3.728,0.016,28.3,,0.846,21,279,22.46,93.064,1.944,30.121,,,,,0
2026-10-04T14:00Z,2026-10-04T15:00Z,6182459,1,7.5,22,,,,h,22,,,,0,0.002,45.652,0.253,0.411,40,,1.04,22,277,20.641,98.365,0.468,64.973,,,,,0
2026-10-04T14:00Z,2026-10-04T17:00Z,6182459,3,4.9,14.4,,,,h,14.4,,,,0,0.001,46.751,0.636,0.106,40,,1.04,0,277,20.562,98.997,0.557,18.35,,,,,0
2026-10-04T14:00Z,2026-10-04T20:00Z,6182459,6,3.6,10.3,,,,h,10.3,,,,0,0,199.899,1.497,0.445,40,,1.04,3,277,19.86,99,1.017,64.621,,,,,0
2026-10-04T14:00Z,2026-10-05T02:00Z,6182459,12,2.2,6.1,,,,h,6.1,,,,0,0,429.978,1.849,0.1,40,,1.04,9,278,21.125,91.071,1.279,86.197,,,,,0
2026-10-04T14:00Z,2026-10-05T14:00Z,6182459,24,4.3,8.8,,,,h,8.8,,,,0,0,23.997,0.908,0.555,40,,1.04,21,278,20.168,97.25,0.242,34.684,,,,,0
2026-10-04T14:00Z,2026-10-06T14:00Z,6182459,48,12.1,18.1,,,,h,18.1,,,,0,0,47.383,2.117,0,40,,1.04,21,279,19.774,83.762,0.789,37.369,,,,,0
2026-10-04T14:00Z,2026-10-04T15:00Z,6188057,1,11.4,19.4,,,,h,19.4,,,,0,0.002,312.92,1.085,0.055,17.3,,0.518,22,277,27.597,84.83,0.8,258.057,,,,,0
2026-10-04T14:00Z,2026-10-04T17:00Z,6188057,3,10.8,18,,,,h,18,,,,0,0.002,369.198,0.583,0,17.3,,0.518,0,277,27.548,84.109,0.518,249.218,,,,,0
2026-10-04T14:00Z,2026-10-04T20:00Z,6188057,6,10.6,17.2,,,,h,17.2,,,,0,0.003,329.294,1.019,0.274,17.3,,0.518,3,277,26.364,87.633,0.634,84.174,,,,,0
2026-10-04T14:00Z,2026-10-05T02:00Z,6188057,12,7.8,12.1,,,,h,12.1,,,,0,0.001,434.409,1.918,0.036,17.3,,0.518,9,278,27.485,85.239,1.857,80.773,,,,,0
2026-10-04T14:00Z,2026-10-05T14:00Z,6188057,24,7.8,11,,,,h,11,,,,0,0,354.274,1.692,2.693,17.3,,0.518,21,278,25.99,88.96,1.663,107.334,,,,,0
2026-10-04T14:00Z,2026-10-06T14:00Z,6188057,48,9.7,11.9,,,,h,11.9,,,,0,0,346.819,2.407,0.978,17.3,,0.518,21,279,26.399,87.034,1.641,348.772,,,,,0
2026-10-04T14:00Z,2026-10-04T15:00Z,6195103,1,27.9,24.2,,,,h,24.2,,,,0,0.001,93.087,0.867,0.233,32.1,,-0.144,22,277,25.173,96.581,0.348,134.355,,,,,0
2026-10-04T14:00Z,2026-10-04T17:00Z,6195103,3,34.3,29.9,,,,h,29.9,,,,0,0.001,69.236,0.742,0,32.1,,-0.144,0,277,25.099,96.144,0.268,110.262,,,,,0
2026-10-04T14:00Z,2026-10-04T20:00Z,6195103,6,42.6,37.5,,,,h,37.5,,,,0,0.006,99.315,1.597,0,32.1,,-0.144,3,277,24.881,96.553,0.714,92.065,,,,,0
2026-10-04T14:00Z,2026-10-05T02:00Z,6195103,12,30.6,27.3,,,,h,27.3,,,,0,0.004,418.511,0.571,0.1,32.1,,-0.144,9,278,28.2,82.392,0.435,81.163,,,,,0
2026-10-04T14:00Z,2026-10-05T14:00Z,6195103,24,30.5,27.9,,,,h,27.9,,,,0,0,60.428,0.64,0.038,32.1,,-0.144,21,278,25.196,96.777,0.274,88.209,,,,,0
2026-10-04T14:00Z,2026-10-06T14:00Z,6195103,48,52.3,49.6,,,,h,49.6,,,,0,0,74.606,1.536,0.092,32.1,,-0.144,21,279,25.372,96.91,0.63,357.232,,,,,0
2026-10-04T14:00Z,2026-10-04T15:00Z,6202299,1,20.5,20.6,,,,h,20.6,,,,0,0.002,107.646,0.953,0.285,26.6,,0.005,22,277,25.016,96.679,0.387,159.397,,,,,0
2026-10-04T14:00Z,2026-10-04T17:00Z,6202299,3,25.6,25.7,,,,h,25.7,,,,0,0.003,88.645,0.73,0,26.6,,0.005,0,277,25.005,95.93,0.301,112.589,,,,,0
2026-10-04T14:00Z,2026-10-04T20:00Z,6202299,6,28.7,28.8,,,,h,28.8,,,,0,0.01,117.139,1.714,0,26.6,,0.005,3,277,24.844,96.465,0.774,92.786,,,,,0
2026-10-04T14:00Z,2026-10-05T02:00Z,6202299,12,14.3,14.4,,,,h,14.4,,,,0,0.005,412.072,0.573,0.094,26.6,,0.005,9,278,28.086,82.468,0.447,87.958,,,,,0
2026-10-04T14:00Z,2026-10-05T14:00Z,6202299,24,10.1,10.1,,,,h,10.1,,,,0,0.001,79.274,0.851,0,26.6,,0.005,21,278,25.257,96.442,0.36,66.729,,,,,0
2026-10-04T14:00Z,2026-10-06T14:00Z,6202299,48,29.5,29.6,,,,h,29.6,,,,0,0,72.133,1.483,0,26.6,,0.005,21,279,25.431,96.862,0.641,357.757,,,,,0
2026-10-04T14:00Z,2026-10-04T15:00Z,6204360,1,20.5,18,,,,h,18,,,,0,0.012,90.498,0.883,0.347,29.2,,-0.129,22,277,24.89,97.272,0.404,173.892,,,,,0
2026-10-04T14:00Z,2026-10-04T17:00Z,6204360,3,25.6,22.6,,,,h,22.6,,,,0,0.01,69.847,0.97,0,29.2,,-0.129,0,277,24.871,96.878,0.447,109.125,,,,,0
2026-10-04T14:00Z,2026-10-04T20:00Z,6204360,6,28.7,25.6,,,,h,25.6,,,,0,0.012,93.354,2.005,0,29.2,,-0.129,3,277,24.75,97.113,0.866,94.438,,,,,0
2026-10-04T14:00Z,2026-10-05T02:00Z,6204360,12,14.3,12.9,,,,h,12.9,,,,0,0.003,397.391,0.784,0.1,29.2,,-0.129,9,278,28.234,82.48,0.631,112.444,,,,,0
2026-10-04T14:00Z,2026-10-05T14:00Z,6204360,24,10.1,9.3,,,,h,9.3,,,,0,0,55.838,0.836,0.008,29.2,,-0.129,21,278,25.086,97.227,0.36,88.815,,,,,0
2026-10-04T14:00Z,2026-10-06T14:00Z,6204360,48,29.5,28.1,,,,h,28.1,,,,0,0,50.602,1.122,0.018,29.2,,-0.129,21,279,25.39,97.361,0.396,347.559,,,,,0
2026-10-04T14:00Z,2026-10-04T15:00Z,6205698,1,27.9,16,,,,h,16,,,,0,0.001,103.547,1.287,0.198,22.7,,-0.554,22,277,25.163,96.609,0.6,116.58,,,,,0
2026-10-04T14:00Z,2026-10-04T17:00Z,6205698,3,34.3,20.2,,,,h,20.2,,,,0,0.001,69.484,0.624,0,22.7,,-0.554,0,277,25.119,95.714,0.205,101.619,,,,,0
2026-10-04T14:00Z,2026-10-04T20:00Z,6205698,6,42.6,26,,,,h,26,,,,0,0.004,105.815,1.528,0,22.7,,-0.554,3,277,24.871,96.29,0.74,83.111,,,,,0
2026-10-04T14:00Z,2026-10-05T02:00Z,6205698,12,30.6,19.7,,,,h,19.7,,,,0,0.006,425.028,0.483,0.1,22.7,,-0.554,9,278,28.143,82.101,0.361,46.817,,,,,0
2026-10-04T14:00Z,2026-10-05T14:00Z,6205698,24,30.5,21.7,,,,h,21.7,,,,0,0,62.206,0.613,0.026,22.7,,-0.554,21,278,25.238,96.358,0.245,70.218,,,,,0
2026-10-04T14:00Z,2026-10-06T14:00Z,6205698,48,52.3,42.7,,,,h,42.7,,,,0,0,81.588,1.707,0.062,22.7,,-0.554,21,279,25.387,96.803,0.779,353.987,,,,,0
2026-10-04T14:00Z,2026-10-04T15:00Z,6205700,1,16.1,12.2,,,,h,12.2,,,,0,0,87.676,0.649,0.154,6.5,,-0.267,22,277,25.463,95.892,0.267,114.513,,,,,0
2026-10-04T14:00Z,2026-10-04T17:00Z,6205700,3,23.6,18.2,,,,h,18.2,,,,0,0,68.127,0.477,0,6.5,,-0.267,0,277,25.297,95.767,0.067,116.812,,,,,0
2026-10-04T14:00Z,2026-10-04T20:00Z,6205700,6,26.6,20.9,,,,h,20.9,,,,0,0.001,98.012,1.171,0,6.5,,-0.267,3,277,25,96.298,0.482,90.251,,,,,0
2026-10-04T14:00Z,2026-10-05T02:00Z,6205700,12,24.2,19.6,,,,h,19.6,,,,0,0.003,434.307,0.639,0.1,6.5,,-0.267,9,278,28.197,82.739,0.488,53.771,,,,,0
2026-10-04T14:00Z,2026-10-05T14:00Z,6205700,24,29.8,25.3,,,,h,25.3,,,,0,0,63.975,0.412,0.094,6.5,,-0.267,21,278,25.237,96.634,0.161,103.395,,,,,0
2026-10-04T14:00Z,2026-10-06T14:00Z,6205700,48,42.7,38.7,,,,h,38.7,,,,0,0,93.103,1.834,0.225,6.5,,-0.267,21,279,25.346,96.628,0.772,0.34,,,,,0
2026-10-04T14:00Z,2026-10-04T15:00Z,6205764,1,16.2,26.8,,,,h,26.8,,,,0,0.004,84.195,0.753,0.268,31.6,,0.502,22,277,25.156,96.604,0.24,161.741,,,,,0
2026-10-04T14:00Z,2026-10-04T17:00Z,6205764,3,20.4,33,,,,h,33,,,,0,0.003,69.298,0.962,0,31.6,,0.502,0,277,25.074,96.544,0.413,116.301,,,,,0
2026-10-04T14:00Z,2026-10-04T20:00Z,6205764,6,20.3,31.9,,,,h,31.9,,,,0,0.006,94.987,1.79,0,31.6,,0.502,3,277,24.891,96.749,0.762,101.651,,,,,0
2026-10-04T14:00Z,2026-10-05T02:00Z,6205764,12,13.7,20.6,,,,h,20.6,,,,0,0.002,411.497,0.818,0.1,31.6,,0.502,9,278,28.259,82.494,0.645,104.717,,,,,0
2026-10-04T14:00Z,2026-10-05T14:00Z,6205764,24,13.7,18.8,,,,h,18.8,,,,0,0,58.335,0.786,0.035,31.6,,0.502,21,278,25.178,97.172,0.388,101.216,,,,,0
2026-10-04T14:00Z,2026-10-06T14:00Z,6205764,48,31.2,37.6,,,,h,37.6,,,,0,0,66.836,1.373,0.084,31.6,,0.502,21,279,25.36,96.979,0.484,4.589,,,,,0
2026-10-04T14:00Z,2026-10-04T15:00Z,6205924,1,16.2,16,,,,h,16,,,,0,0,80.023,0.643,0.215,16,,-0.014,22,277,25.341,96.148,0.16,152.746,,,,,0
2026-10-04T14:00Z,2026-10-04T17:00Z,6205924,3,20.4,20.1,,,,h,20.1,,,,0,0,68.816,0.916,0,16,,-0.014,0,277,25.21,96.313,0.364,120.999,,,,,0
2026-10-04T14:00Z,2026-10-04T20:00Z,6205924,6,20.3,20,,,,h,20,,,,0,0.002,95.469,1.618,0,16,,-0.014,3,277,24.982,96.526,0.68,106.253,,,,,0
2026-10-04T14:00Z,2026-10-05T02:00Z,6205924,12,13.7,13.5,,,,h,13.5,,,,0,0.002,421.307,0.822,0.1,16,,-0.014,9,278,28.271,82.57,0.641,97.64,,,,,0
2026-10-04T14:00Z,2026-10-05T14:00Z,6205924,24,13.7,13.6,,,,h,13.6,,,,0,0,60.211,0.741,0.059,16,,-0.014,21,278,25.23,97.121,0.397,110.449,,,,,0
2026-10-04T14:00Z,2026-10-06T14:00Z,6205924,48,31.2,31,,,,h,31,,,,0,0,78.192,1.585,0.142,16,,-0.014,21,279,25.341,96.74,0.564,10.788,,,,,0
2026-10-04T14:00Z,2026-10-04T15:00Z,6206920,1,12.2,18.5,,,,h,18.5,,,,0,0.107,31.458,0.762,0,20.5,,0.408,22,277,21.914,98.827,0.286,127.874,,,,,0
2026-10-04T14:00Z,2026-10-04T17:00Z,6206920,3,12,17.9,,,,h,17.9,,,,0,0.114,28.581,0.965,0,20.5,,0.408,0,277,21.2,99.701,0.469,25.687,,,,,0
2026-10-04T14:00Z,2026-10-04T20:00Z,6206920,6,5,7.5,,,,h,7.5,,,,0,0.151,88.834,1.993,0.027,20.5,,0.408,3,277,20.219,99.545,1.284,348.819,,,,,0
2026-10-04T14:00Z,2026-10-05T02:00Z,6206920,12,8.4,11.8,,,,h,11.8,,,,0,0.251,717.595,2.86,0.03,20.5,,0.408,9,278,25.805,76.62,1.964,17.133,,,,,0
2026-10-04T14:00Z,2026-10-05T14:00Z,6206920,24,4.9,6.5,,,,h,6.5,,,,0,0.031,330.782,3.68,0.08,20.5,,0.408,21,278,21.999,93.209,1.725,5.342,,,,,0
2026-10-04T14:00Z,2026-10-06T14:00Z,6206920,48,5.7,6.8,,,,h,6.8,,,,0,0.002,379.485,4.247,0.265,20.5,,0.408,21,279,21.911,92.881,2.047,15.89,,,,,0
2026-10-04T14:00Z,2026-10-04T15:00Z,6207256,1,5.4,2.3,,,,h,2.3,,,,0,0.001,21.755,0.311,0,0.3,,-0.682,22,277,23.999,96.554,0.183,333.604,,,,,0
2026-10-04T14:00Z,2026-10-04T17:00Z,6207256,3,2.6,0.9,,,,h,0.9,,,,0,0.002,22.482,0.733,0,0.3,,-0.682,0,277,23.468,96.048,0.08,161.754,,,,,0
2026-10-04T14:00Z,2026-10-04T20:00Z,6207256,6,2,0.7,,,,h,0.7,,,,0,0.003,55.607,1.796,0.1,0.3,,-0.682,3,277,22.626,95.987,0.76,355.335,,,,,0
2026-10-04T14:00Z,2026-10-05T02:00Z,6207256,12,5.4,2.8,,,,h,2.8,,,,0,0.006,431.123,0.134,0,0.3,,-0.682,9,278,24.991,85.831,0.063,241.224,,,,,0
2026-10-04T14:00Z,2026-10-05T14:00Z,6207256,24,9.5,6,,,,h,6,,,,0,0,80.358,0.933,1.242,0.3,,-0.682,21,278,23.29,96.669,0.585,196.306,,,,,0
2026-10-04T14:00Z,2026-10-06T14:00Z,6207256,48,5.3,3.9,,,,h,3.9,,,,0,0,67.715,1.904,0.925,0.3,,-0.682,21,279,22.598,95.822,0.841,331.648,,,,,0
2026-10-04T14:00Z,2026-10-04T15:00Z,6207952,1,11.4,21.9,,,,h,21.9,,,,0,0.003,322.323,1.082,0.057,19.5,,0.637,22,277,27.677,84.416,0.815,258.074,,,,,0
2026-10-04T14:00Z,2026-10-04T17:00Z,6207952,3,10.8,20.2,,,,h,20.2,,,,0,0.002,380.201,0.586,0,19.5,,0.637,0,277,27.639,83.672,0.539,248.473,,,,,0
2026-10-04T14:00Z,2026-10-04T20:00Z,6207952,6,10.6,19.1,,,,h,19.1,,,,0,0.003,337.046,0.977,0.283,19.5,,0.637,3,277,26.436,87.306,0.628,81.342,,,,,0
2026-10-04T14:00Z,2026-10-05T02:00Z,6207952,12,7.8,13.3,,,,h,13.3,,,,0,0.001,430.999,1.936,0.038,19.5,,0.637,9,278,27.487,85.276,1.882,80.732,,,,,0
2026-10-04T14:00Z,2026-10-05T14:00Z,6207952,24,7.8,11.9,,,,h,11.9,,,,0,0,362.178,1.697,2.627,19.5,,0.637,21,278,26.053,88.626,1.683,109.346,,,,,0
2026-10-04T14:00Z,2026-10-06T14:00Z,6207952,48,9.7,12.5,,,,h,12.5,,,,0,0,355.426,2.383,1.014,19.5,,0.637,21,279,26.475,86.686,1.654,347.891,,,,,0
2026-10-04T14:00Z,2026-10-04T15:00Z,6209697,1,4.9,4.8,,,,h,4.8,,,,0,0,342.996,3.399,0.118,3.3,,-0.025,22,277,26.899,86.526,2.398,248.8,,,,,0
2026-10-04T14:00Z,2026-10-04T17:00Z,6209697,3,4.9,4.8,,,,h,4.8,,,,0,0,270.496,3.089,0.023,3.3,,-0.025,0,277,26.53,87.465,2.413,239.653,,,,,0
2026-10-04T14:00Z,2026-10-04T20:00Z,6209697,6,4.8,4.7,,,,h,4.7,,,,0,0,242.112,2.694,0.035,3.3,,-0.025,3,277,25.979,89.196,2.112,240.745,,,,,0
2026-10-04T14:00Z,2026-10-05T02:00Z,6209697,12,4.6,4.5,,,,h,4.5,,,,0,0,481.854,3.448,0.198,3.3,,-0.025,9,278,27.366,82.906,2.917,232,,,,,0
2026-10-04T14:00Z,2026-10-05T14:00Z,6209697,24,3.1,3,,,,h,3,,,,0,0,317.553,3.225,0.482,3.3,,-0.025,21,278,26.371,87.893,2.523,230.778,,,,,0
2026-10-04T14:00Z,2026-10-06T14:00Z,6209697,48,3.2,3.2,,,,h,3.2,,,,0,0,342.974,2.487,0.067,3.3,,-0.025,21,279,26.439,86.676,1.791,212.675,,,,,0
2026-10-04T14:00Z,2026-10-04T15:00Z,6209698,1,20.5,23.8,,,,h,23.8,,,,0,0.002,93.756,0.885,0.274,31.8,,0.151,22,277,25.052,96.873,0.362,145.096,,,,,0
2026-10-04T14:00Z,2026-10-04T17:00Z,6209698,3,25.6,29.6,,,,h,29.6,,,,0,0.003,69.571,0.833,0,31.8,,0.151,0,277,25.009,96.376,0.342,108.926,,,,,0
2026-10-04T14:00Z,2026-10-04T20:00Z,6209698,6,28.7,32.8,,,,h,32.8,,,,0,0.009,98.181,1.763,0,31.8,,0.151,3,277,24.826,96.732,0.789,92.432,,,,,0
2026-10-04T14:00Z,2026-10-05T02:00Z,6209698,12,14.3,16.2,,,,h,16.2,,,,0,0.004,410.785,0.604,0.1,31.8,,0.151,9,278,28.206,82.354,0.468,94.229,,,,,0
2026-10-04T14:00Z,2026-10-05T14:00Z,6209698,24,10.1,11.1,,,,h,11.1,,,,0,0,58.762,0.724,0.021,31.8,,0.151,21,278,25.162,96.897,0.313,86.255,,,,,0
2026-10-04T14:00Z,2026-10-06T14:00Z,6209698,48,29.5,31.2,,,,h,31.2,,,,0,0,65.727,1.387,0.051,31.8,,0.151,21,279,25.382,97.071,0.553,354.103,,,,,0
2026-10-04T14:00Z,2026-10-04T15:00Z,6210633,1,13.8,10.1,,,,h,10.1,,,,0,0.005,65.752,1.158,0.322,7.7,,-0.3,22,277,25.103,96.681,0.34,196.183,,,,,0
2026-10-04T14:00Z,2026-10-04T17:00Z,6210633,3,14.8,11,,,,h,11,,,,0,0.003,68.596,1.64,0,7.7,,-0.3,0,277,25.01,97.312,0.879,121.697,,,,,0
2026-10-04T14:00Z,2026-10-04T20:00Z,6210633,6,17.1,13,,,,h,13,,,,0,0.001,86.22,2.388,0,7.7,,-0.3,3,277,24.91,97.036,0.996,117.796,,,,,0
2026-10-04T14:00Z,2026-10-05T02:00Z,6210633,12,9.5,7.4,,,,h,7.4,,,,0,0,398.126,1.559,0.094,7.7,,-0.3,9,278,28.385,82.251,1.261,125.739,,,,,0
2026-10-04T14:00Z,2026-10-05T14:00Z,6210633,24,8.8,7.2,,,,h,7.2,,,,0,0,54.041,1.278,0,7.7,,-0.3,21,278,25.182,97.901,0.767,112.745,,,,,0
2026-10-04T14:00Z,2026-10-06T14:00Z,6210633,48,18.6,16.6,,,,h,16.6,,,,0,0,47.347,1.184,0,7.7,,-0.3,21,279,25.322,97.094,0.464,34.84,,,,,0
2026-10-04T14:00Z,2026-10-04T15:00Z,6210702,1,27.9,22.5,,,,h,22.5,,,,0,0,97.156,1.003,0.214,30.6,,-0.214,22,277,25.186,96.554,0.436,124.364,,,,,0
2026-10-04T14:00Z,2026-10-04T17:00Z,6210702,3,34.3,28,,,,h,28,,,,0,0.001,69.25,0.664,0,30.6,,-0.214,0,277,25.118,95.944,0.218,106.879,,,,,0
2026-10-04T14:00Z,2026-10-04T20:00Z,6210702,6,42.6,35.3,,,,h,35.3,,,,0,0.005,101.773,1.532,0,30.6,,-0.214,3,277,24.882,96.437,0.705,87.832,,,,,0
2026-10-04T14:00Z,2026-10-05T02:00Z,6210702,12,30.6,25.8,,,,h,25.8,,,,0,0.005,422.135,0.515,0.1,30.6,,-0.214,9,278,28.175,82.308,0.386,65.482,,,,,0
2026-10-04T14:00Z,2026-10-05T14:00Z,6210702,24,30.5,26.7,,,,h,26.7,,,,0,0,61.406,0.599,0.037,30.6,,-0.214,21,278,25.213,96.592,0.243,80.981,,,,,0
2026-10-04T14:00Z,2026-10-06T14:00Z,6210702,48,52.3,48.4,,,,h,48.4,,,,0,0,78.596,1.624,0.09,30.6,,-0.214,21,279,25.377,96.856,0.702,355.53,,,,,0
2026-10-04T14:00Z,2026-10-04T15:00Z,6218293,1,10.7,9.2,,,,h,9.2,,,,0,0.018,121.646,2.823,0,3.4,,-0.144,22,277,25.08,97.54,1.237,198.677,,,,,0
2026-10-04T14:00Z,2026-10-04T17:00Z,6218293,3,9.9,8.5,,,,h,8.5,,,,0,0.031,74.474,1.036,0.08,3.4,,-0.144,0,277,24.554,97.298,0.701,277.594,,,,,0
2026-10-04T14:00Z,2026-10-04T20:00Z,6218293,6,6,5.2,,,,h,5.2,,,,0,0.036,68.516,0.671,0,3.4,,-0.144,3,277,24.54,97.393,0.544,69.703,,,,,0
2026-10-04T14:00Z,2026-10-05T02:00Z,6218293,12,6.5,5.7,,,,h,5.7,,,,0,0.021,257.356,0.417,0.364,3.4,,-0.144,9,278,25.684,93.558,0.297,120.56,,,,,0
2026-10-04T14:00Z,2026-10-05T14:00Z,6218293,24,9.3,8.5,,,,h,8.5,,,,0,0.001,57.495,0.261,0.383,3.4,,-0.144,21,278,25.29,95.851,0.521,287.359,,,,,0
2026-10-04T14:00Z,2026-10-06T14:00Z,6218293,48,10,9.4,,,,h,9.4,,,,0,0,51.101,1.877,0.07,3.4,,-0.144,21,279,24.365,96.896,0.575,350.282,,,,,0
2026-10-04T14:00Z,2026-10-04T15:00Z,6218918,1,8.1,3.9,,,,h,3.9,,,,0,0,150.66,3.279,0.968,0,,-0.639,22,277,23.962,97.47,1.902,75.296,,,,,0
2026-10-04T14:00Z,2026-10-04T17:00Z,6218918,3,8.1,4.1,,,,h,4.1,,,,0,0,74.06,1.244,0.098,0,,-0.639,0,277,23.617,97.612,0.536,71.373,,,,,0
2026-10-04T14:00Z,2026-10-04T20:00Z,6218918,6,6.9,3.5,,,,h,3.5,,,,0,0,131.478,2.09,0.074,0,,-0.639,3,277,23.645,97.798,1.183,57.045,,,,,0
2026-10-04T14:00Z,2026-10-05T02:00Z,6218918,12,5.9,3.2,,,,h,3.2,,,,0,0,442.109,3.657,1.188,0,,-0.639,9,278,24.353,90.183,2.692,74.23,,,,,0
2026-10-04T14:00Z,2026-10-05T14:00Z,6218918,24,8.1,5.2,,,,h,5.2,,,,0,0,110.439,2.733,0.091,0,,-0.639,21,278,23.828,96.98,0.899,55.498,,,,,0
2026-10-04T14:00Z,2026-10-06T14:00Z,6218918,48,7.8,6,,,,h,6,,,,0,0,74.43,3.023,0,0,,-0.639,21,279,23.828,85.798,1.196,76.159,,,,,0
2026-10-04T14:00Z,2026-10-04T15:00Z,6222557,1,16.1,24.2,,,,h,24.2,,,,0,0,100.966,1.184,0.144,21.2,,0.405,22,277,25.354,96.162,0.556,105.913,,,,,0
2026-10-04T14:00Z,2026-10-04T17:00Z,6222557,3,23.6,34.7,,,,h,34.7,,,,0,0,68.683,0.397,0,21.2,,0.405,0,277,25.247,95.432,0.052,98.991,,,,,0
2026-10-04T14:00Z,2026-10-04T20:00Z,6222557,6,26.6,38.2,,,,h,38.2,,,,0,0.002,104.895,1.237,0,21.2,,0.405,3,277,24.943,96.127,0.573,76.823,,,,,0
2026-10-04T14:00Z,2026-10-05T02:00Z,6222557,12,24.2,33.3,,,,h,33.3,,,,0,0.005,435.993,0.638,0.1,21.2,,0.405,9,278,28.131,82.366,0.496,26.422,,,,,0
2026-10-04T14:00Z,2026-10-05T14:00Z,6222557,24,29.8,38.2,,,,h,38.2,,,,0,0,64.814,0.416,0.066,21.2,,0.405,21,278,25.258,96.22,0.124,67.926,,,,,0
2026-10-04T14:00Z,2026-10-06T14:00Z,6222557,48,42.7,49.6,,,,h,49.6,,,,0,0,94.434,1.916,0.158,21.2,,0.405,21,279,25.372,96.632,0.896,354.591,,,,,0
2026-10-04T14:00Z,2026-10-04T15:00Z,6223085,1,11.6,19.2,,,,h,19.2,,,,0,0.069,115.512,2.069,0,22.5,,0.493,22,277,25.497,95.691,1.044,86.843,,,,,0
2026-10-04T14:00Z,2026-10-04T17:00Z,6223085,3,15.4,24.8,,,,h,24.8,,,,0,0.034,66.802,0.297,0,22.5,,0.493,0,277,25.348,94.349,0.423,335.702,,,,,0
2026-10-04T14:00Z,2026-10-04T20:00Z,6223085,6,21.3,33.1,,,,h,33.1,,,,0,0.073,113.824,1.042,0,22.5,,0.493,3,277,24.907,95.506,0.431,32.799,,,,,0
2026-10-04T14:00Z,2026-10-05T02:00Z,6223085,12,17.1,25.4,,,,h,25.4,,,,0,0.015,464.959,1.394,0.097,22.5,,0.493,9,278,27.905,82.228,1.141,351.027,,,,,0
2026-10-04T14:00Z,2026-10-05T14:00Z,6223085,24,23.9,32.4,,,,h,32.4,,,,0,0.001,70.702,0.425,0.096,22.5,,0.493,21,278,25.267,95.314,0.227,359.226,,,,,0
2026-10-04T14:00Z,2026-10-06T14:00Z,6223085,48,24.6,29.6,,,,h,29.6,,,,0,0,124.837,2.473,0.233,22.5,,0.493,21,279,25.278,96.25,1.325,351.144,,,,,0
2026-10-04T14:00Z,2026-10-04T15:00Z,6224050,1,27.9,30.5,,,,h,30.5,,,,0,0.002,97.714,0.986,0.282,27,,0.089,22,277,24.992,97.024,0.431,140.808,,,,,0
2026-10-04T14:00Z,2026-10-04T17:00Z,6224050,3,34.3,37.3,,,,h,37.3,,,,0,0.003,69.788,0.823,0,27,,0.089,0,277,24.971,96.34,0.345,105.745,,,,,0
2026-10-04T14:00Z,2026-10-04T20:00Z,6224050,6,42.6,46.1,,,,h,46.1,,,,0,0.01,99.684,1.805,0,27,,0.089,3,277,24.795,96.735,0.829,89.559,,,,,0
2026-10-04T14:00Z,2026-10-05T02:00Z,6224050,12,30.6,32.8,,,,h,32.8,,,,0,0.005,409.334,0.542,0.1,27,,0.089,9,278,28.188,82.255,0.418,91.588,,,,,0
2026-10-04T14:00Z,2026-10-05T14:00Z,6224050,24,30.5,32.2,,,,h,32.2,,,,0,0,58.616,0.743,0.011,27,,0.089,21,278,25.156,96.807,0.315,80.082,,,,,0
2026-10-04T14:00Z,2026-10-06T14:00Z,6224050,48,52.3,54,,,,h,54,,,,0,0,63.904,1.38,0.025,27,,0.089,21,279,25.392,97.118,0.571,350.539,,,,,0
2026-10-04T14:00Z,2026-10-04T15:00Z,6226542,1,11.7,20.5,,,,h,20.5,,,,0,0,48.87,1.112,0.077,24.7,,0.55,22,277,25.879,94.636,0.494,144.839,,,,,0
2026-10-04T14:00Z,2026-10-04T17:00Z,6226542,3,13.4,22.9,,,,h,22.9,,,,0,0,69.427,2.183,0,24.7,,0.55,0,277,25.684,96.227,1.137,132.522,,,,,0
2026-10-04T14:00Z,2026-10-04T20:00Z,6226542,6,13,21.5,,,,h,21.5,,,,0,0,102.76,2.866,0,24.7,,0.55,3,277,25.411,95.575,1.372,141.642,,,,,0
2026-10-04T14:00Z,2026-10-05T02:00Z,6226542,12,13,20.3,,,,h,20.3,,,,0,0,439.564,1.945,0.1,24.7,,0.55,9,278,28.513,81.651,1.54,120.008,,,,,0
2026-10-04T14:00Z,2026-10-05T14:00Z,6226542,24,9.5,13.6,,,,h,13.6,,,,0,0,59.725,1.709,0.029,24.7,,0.55,21,278,25.601,97.852,1.299,130.212,,,,,0
2026-10-04T14:00Z,2026-10-06T14:00Z,6226542,48,11.4,14.1,,,,h,14.1,,,,0,0,98.603,2.97,0.069,24.7,,0.55,21,279,25.239,95.586,1.322,50.533,,,,,0
2026-10-04T14:00Z,2026-10-04T15:00Z,6226788,1,7.1,12.6,,,,h,12.6,,,,0,0,87.342,2.528,0,18,,0.54,22,277,25.526,93.827,1.074,152.301,,,,,0
2026-10-04T14:00Z,2026-10-04T17:00Z,6226788,3,6.7,11.7,,,,h,11.7,,,,0,0,75.198,2.602,0.001,18,,0.54,0,277,25.074,93.998,1.438,143.119,,,,,0
2026-10-04T14:00Z,2026-10-04T20:00Z,6226788,6,5.4,9.2,,,,h,9.2,,,,0,0,63.427,2.699,0.012,18,,0.54,3,277,24.313,95.023,1.264,141.042,,,,,0
2026-10-04T14:00Z,2026-10-05T02:00Z,6226788,12,4.9,7.9,,,,h,7.9,,,,0,0,494.514,0.641,0.008,18,,0.54,9,278,28.14,79.316,0.501,166.024,,,,,0
2026-10-04T14:00Z,2026-10-05T14:00Z,6226788,24,4.5,6.6,,,,h,6.6,,,,0,0,53.633,1.03,0.006,18,,0.54,21,278,25.218,94.217,0.468,212.971,,,,,0
2026-10-04T14:00Z,2026-10-06T14:00Z,6226788,48,4.6,5.8,,,,h,5.8,,,,0,0,57.917,1.474,0.001,18,,0.54,21,279,24.742,97.252,0.687,18.311,,,,,0
2026-10-04T14:00Z,2026-10-04T15:00Z,6229487,1,16.1,20.9,,,,h,20.9,,,,0,0,88.928,0.662,0.136,11.6,,0.257,22,277,25.511,95.789,0.292,105.091,,,,,0
2026-10-04T14:00Z,2026-10-04T17:00Z,6229487,3,23.6,30.2,,,,h,30.2,,,,0,0,67.872,0.353,0,11.6,,0.257,0,277,25.329,95.625,0.047,115.185,,,,,0
2026-10-04T14:00Z,2026-10-04T20:00Z,6229487,6,26.6,33.5,,,,h,33.5,,,,0,0.001,98.268,1.057,0,11.6,,0.257,3,277,25.011,96.239,0.422,84.203,,,,,0
2026-10-04T14:00Z,2026-10-05T02:00Z,6229487,12,24.2,29.7,,,,h,29.7,,,,0,0.003,438.219,0.676,0.1,11.6,,0.257,9,278,28.18,82.819,0.523,40.939,,,,,0
2026-10-04T14:00Z,2026-10-05T14:00Z,6229487,24,29.8,34.9,,,,h,34.9,,,,0,0,65.068,0.319,0.106,11.6,,0.257,21,278,25.237,96.518,0.099,102.012,,,,,0
2026-10-04T14:00Z,2026-10-06T14:00Z,6229487,48,42.7,46.9,,,,h,46.9,,,,0,0,97.636,1.914,0.255,11.6,,0.257,21,279,25.346,96.591,0.838,358.256,,,,,0
2026-10-04T14:00Z,2026-10-04T15:00Z,6229488,1,16.1,15.2,,,,h,15.2,,,,0,0,89.734,0.685,0.132,8.4,,-0.057,22,277,25.516,95.779,0.306,102.859,,,,,0
2026-10-04T14:00Z,2026-10-04T17:00Z,6229488,3,23.6,22.3,,,,h,22.3,,,,0,0,67.834,0.321,0,8.4,,-0.057,0,277,25.333,95.583,0.062,113.653,,,,,0
2026-10-04T14:00Z,2026-10-04T20:00Z,6229488,6,26.6,25.3,,,,h,25.3,,,,0,0.001,98.545,1.036,0,8.4,,-0.057,3,277,25.01,96.223,0.413,81.944,,,,,0
2026-10-04T14:00Z,2026-10-05T02:00Z,6229488,12,24.2,23.1,,,,h,23.1,,,,0,0.003,439.082,0.689,0.1,8.4,,-0.057,9,278,28.173,82.826,0.535,37.268,,,,,0
2026-10-04T14:00Z,2026-10-05T14:00Z,6229488,24,29.8,28.8,,,,h,28.8,,,,0,0,65.335,0.295,0.108,8.4,,-0.057,21,278,25.238,96.476,0.08,99.636,,,,,0
2026-10-04T14:00Z,2026-10-06T14:00Z,6229488,48,42.7,41.8,,,,h,41.8,,,,0,0,98.617,1.935,0.26,8.4,,-0.057,21,279,25.347,96.586,0.858,357.493,,,,,0
2026-10-04T14:00Z,2026-10-04T15:00Z,6230362,1,10.7,6.5,,,,h,6.5,,,,0,0.011,101.951,2.358,0,2.3,,-0.46,22,277,24.82,99.043,1.095,214.745,,,,,0
2026-10-04T14:00Z,2026-10-04T17:00Z,6230362,3,9.9,6.1,,,,h,6.1,,,,0,0.019,82.843,1.447,0.075,2.3,,-0.46,0,277,24.428,97.545,0.78,281.561,,,,,0
2026-10-04T14:00Z,2026-10-04T20:00Z,6230362,6,6,3.7,,,,h,3.7,,,,0,0.022,49.241,0.459,0,2.3,,-0.46,3,277,24.155,98.71,0.443,59.764,,,,,0
2026-10-04T14:00Z,2026-10-05T02:00Z,6230362,12,6.5,4.3,,,,h,4.3,,,,0,0.016,318.335,0.856,0.238,2.3,,-0.46,9,278,25.797,92.064,0.685,135.919,,,,,0
2026-10-04T14:00Z,2026-10-05T14:00Z,6230362,24,9.3,6.8,,,,h,6.8,,,,0,0.001,47.466,0.843,0.266,2.3,,-0.46,21,278,25.127,95.572,0.163,14.154,,,,,0
2026-10-04T14:00Z,2026-10-06T14:00Z,6230362,48,10,8.3,,,,h,8.3,,,,0,0,36.205,1.237,0.024,2.3,,-0.46,21,279,24.329,98.04,0.376,345.815,,,,,0
2026-10-04T14:00Z,2026-10-04T15:00Z,6230395,1,10.7,8.6,,,,h,8.6,,,,0,0.016,115.874,2.547,0,4.6,,-0.211,22,277,24.83,98.022,1.112,193.442,,,,,0
2026-10-04T14:00Z,2026-10-04T17:00Z,6230395,3,9.9,8,,,,h,8,,,,0,0.024,75.362,1.037,0.141,4.6,,-0.211,0,277,24.311,97.58,0.672,285.323,,,,,0
2026-10-04T14:00Z,2026-10-04T20:00Z,6230395,6,6,4.8,,,,h,4.8,,,,0,0.03,55.693,0.681,0,4.6,,-0.211,3,277,24.224,97.811,0.465,61.654,,,,,0
2026-10-04T14:00Z,2026-10-05T02:00Z,6230395,12,6.5,5.4,,,,h,5.4,,,,0,0.02,272.27,0.656,0.216,4.6,,-0.211,9,278,25.565,94.033,0.523,127.196,,,,,0
2026-10-04T14:00Z,2026-10-05T14:00Z,6230395,24,9.3,8.1,,,,h,8.1,,,,0,0.001,52.434,0.55,0.163,4.6,,-0.211,21,278,25.057,95.821,0.175,351.872,,,,,0
2026-10-04T14:00Z,2026-10-06T14:00Z,6230395,48,10,9.2,,,,h,9.2,,,,0,0,48.622,2.018,0.061,4.6,,-0.211,21,279,24.162,97.484,0.773,349.219,,,,,0
2026-10-04T14:00Z,2026-10-04T15:00Z,6235850,1,27.9,23.4,,,,h,23.4,,,,0,0.001,92.804,0.858,0.232,29,,-0.177,22,277,25.181,96.561,0.343,134.222,,,,,0
2026-10-04T14:00Z,2026-10-04T17:00Z,6235850,3,34.3,29,,,,h,29,,,,0,0.001,69.209,0.739,0,29,,-0.177,0,277,25.105,96.138,0.265,110.531,,,,,0
2026-10-04T14:00Z,2026-10-04T20:00Z,6235850,6,42.6,36.4,,,,h,36.4,,,,0,0.005,99.244,1.588,0,29,,-0.177,3,277,24.885,96.547,0.709,92.241,,,,,0
2026-10-04T14:00Z,2026-10-05T02:00Z,6235850,12,30.6,26.6,,,,h,26.6,,,,0,0.004,418.873,0.574,0.1,29,,-0.177,9,278,28.201,82.401,0.437,80.894,,,,,0
2026-10-04T14:00Z,2026-10-05T14:00Z,6235850,24,30.5,27.3,,,,h,27.3,,,,0,0,60.497,0.636,0.04,29,,-0.177,21,278,25.198,96.778,0.273,88.748,,,,,0
2026-10-04T14:00Z,2026-10-06T14:00Z,6235850,48,52.3,49,,,,h,49,,,,0,0,75.033,1.542,0.095,29,,-0.177,21,279,25.371,96.902,0.631,357.507,,,,,0
2026-10-04T14:00Z,2026-10-04T15:00Z,6236444,1,20.5,25.8,,,,h,25.8,,,,0,0.004,96.804,0.946,0.319,32.9,,0.232,22,277,24.903,97.242,0.429,152.504,,,,,0
2026-10-04T14:00Z,2026-10-04T17:00Z,6236444,3,25.6,31.9,,,,h,31.9,,,,0,0.005,69.941,0.881,0,32.9,,0.232,0,277,24.897,96.577,0.391,105.441,,,,,0
2026-10-04T14:00Z,2026-10-04T20:00Z,6236444,6,28.7,35.3,,,,h,35.3,,,,0,0.012,97.502,1.923,0,32.9,,0.232,3,277,24.752,96.924,0.87,90.095,,,,,0
2026-10-04T14:00Z,2026-10-05T02:00Z,6236444,12,14.3,17.3,,,,h,17.3,,,,0,0.004,402.639,0.601,0.1,32.9,,0.232,9,278,28.198,82.31,0.475,102.316,,,,,0
2026-10-04T14:00Z,2026-10-05T14:00Z,6236444,24,10.1,11.7,,,,h,11.7,,,,0,0.001,57.202,0.794,0.003,32.9,,0.232,21,278,25.117,96.951,0.335,80.711,,,,,0
2026-10-04T14:00Z,2026-10-06T14:00Z,6236444,48,29.5,32.2,,,,h,32.2,,,,0,0,56.323,1.257,0.007,32.9,,0.232,21,279,25.397,97.27,0.501,346.356,,,,,0
2026-10-04T14:00Z,2026-10-04T15:00Z,6238788,1,13.8,17.6,,,,h,17.6,,,,0,0,61.338,1.104,0.266,17.5,,0.24,22,277,25.296,96.145,0.178,181.376,,,,,0
2026-10-04T14:00Z,2026-10-04T17:00Z,6238788,3,14.8,18.7,,,,h,18.7,,,,0,0,69.768,1.87,0,17.5,,0.24,0,277,25.199,97.066,0.999,125.772,,,,,0
2026-10-04T14:00Z,2026-10-04T20:00Z,6238788,6,17.1,21.3,,,,h,21.3,,,,0,0,93.321,2.648,0,17.5,,0.24,3,277,25.059,96.612,1.148,125.617,,,,,0
2026-10-04T14:00Z,2026-10-05T02:00Z,6238788,12,9.5,11.6,,,,h,11.6,,,,0,0,407.462,1.777,0.099,17.5,,0.24,9,278,28.437,82.056,1.429,125.181,,,,,0
2026-10-04T14:00Z,2026-10-05T14:00Z,6238788,24,8.8,10.3,,,,h,10.3,,,,0,0,54.652,1.45,0,17.5,,0.24,21,278,25.314,97.982,0.959,118.794,,,,,0
2026-10-04T14:00Z,2026-10-06T14:00Z,6238788,48,18.6,20.4,,,,h,20.4,,,,0,0,61.324,1.726,0,17.5,,0.24,21,279,25.304,96.625,0.75,44.336,,,,,0
2026-10-04T14:00Z,2026-10-04T15:00Z,6240774,1,27.9,23.3,,,,h,23.3,,,,0,0.001,101.403,1.105,0.281,24.4,,-0.18,22,277,24.955,97.114,0.504,135.618,,,,,0
2026-10-04T14:00Z,2026-10-04T17:00Z,6240774,3,34.3,28.9,,,,h,28.9,,,,0,0.002,69.975,0.814,0,24.4,,-0.18,0,277,24.952,96.261,0.348,103.169,,,,,0
2026-10-04T14:00Z,2026-10-04T20:00Z,6240774,6,42.6,36.3,,,,h,36.3,,,,0,0.009,101.609,1.83,0,24.4,,-0.18,3,277,24.777,96.694,0.862,87.322,,,,,0
2026-10-04T14:00Z,2026-10-05T02:00Z,6240774,12,30.6,26.5,,,,h,26.5,,,,0,0.005,409.353,0.483,0.1,24.4,,-0.18,9,278,28.171,82.141,0.368,86.881,,,,,0
2026-10-04T14:00Z,2026-10-05T14:00Z,6240774,24,30.5,27.3,,,,h,27.3,,,,0,0.001,58.734,0.762,0.001,24.4,,-0.18,21,278,25.161,96.701,0.323,74.983,,,,,0
2026-10-04T14:00Z,2026-10-06T14:00Z,6240774,48,52.3,48.9,,,,h,48.9,,,,0,0,63.749,1.401,0.003,24.4,,-0.18,21,279,25.399,97.125,0.599,348.626,,,,,0
2026-10-04T14:00Z,2026-10-04T15:00Z,6244503,1,11.3,24.5,,,,h,24.5,,,,0,0.068,78.32,1.388,1.35,27.8,,0.759,22,277,23.617,97.248,0.602,84.061,,,,,0
2026-10-04T14:00Z,2026-10-04T17:00Z,6244503,3,8.1,17.3,,,,h,17.3,,,,0,0.022,111.211,1.798,0.665,27.8,,0.759,0,277,22.876,97.956,1.083,346.12,,,,,0
2026-10-04T14:00Z,2026-10-04T20:00Z,6244503,6,5.4,11.3,,,,h,11.3,,,,0,0.005,117.252,0.307,2.307,27.8,,0.759,3,277,21.668,96.923,0.388,153.343,,,,,0
2026-10-04T14:00Z,2026-10-05T02:00Z,6244503,12,4.5,8.8,,,,h,8.8,,,,0,0.001,430.3,1.894,0.001,27.8,,0.759,9,278,23.604,86.678,1.412,42.057,,,,,0
2026-10-04T14:00Z,2026-10-05T14:00Z,6244503,24,4.8,8.1,,,,h,8.1,,,,0,0,66.109,1.752,0.075,27.8,,0.759,21,278,23.033,96.634,0.875,17.672,,,,,0
2026-10-04T14:00Z,2026-10-06T14:00Z,6244503,48,11.1,14.9,,,,h,14.9,,,,0,0,27.482,1.106,0,27.8,,0.759,21,279,22.341,95.826,0.345,33.776,,,,,0
2026-10-04T14:00Z,2026-10-04T15:00Z,6245573,1,16.1,23.8,,,,h,23.8,,,,0,0,92.427,0.816,0.16,18.2,,0.388,22,277,25.399,96.05,0.352,112.617,,,,,0
2026-10-04T14:00Z,2026-10-04T17:00Z,6245573,3,23.6,34.2,,,,h,34.2,,,,0,0,68.389,0.463,0,18.2,,0.388,0,277,25.259,95.703,0.055,110.748,,,,,0
2026-10-04T14:00Z,2026-10-04T20:00Z,6245573,6,26.6,37.6,,,,h,37.6,,,,0,0.001,100.113,1.222,0,18.2,,0.388,3,277,24.968,96.279,0.527,85.663,,,,,0
2026-10-04T14:00Z,2026-10-05T02:00Z,6245573,12,24.2,32.9,,,,h,32.9,,,,0,0.004,433.174,0.608,0.1,18.2,,0.388,9,278,28.175,82.605,0.464,46.755,,,,,0
2026-10-04T14:00Z,2026-10-05T14:00Z,6245573,24,29.8,37.8,,,,h,37.8,,,,0,0,63.901,0.413,0.081,18.2,,0.388,21,278,25.236,96.517,0.141,90.243,,,,,0
2026-10-04T14:00Z,2026-10-06T14:00Z,6245573,48,42.7,49.3,,,,h,49.3,,,,0,0,91.594,1.826,0.193,18.2,,0.388,21,279,25.357,96.666,0.799,357.715,,,,,0
2026-10-04T14:00Z,2026-10-04T15:00Z,6248478,1,20.5,11.6,,,,h,11.6,,,,0,0.004,90.745,0.83,0.284,19.4,,-0.554,22,277,25.054,96.867,0.325,153.786,,,,,0
2026-10-04T14:00Z,2026-10-04T17:00Z,6248478,3,25.6,15,,,,h,15,,,,0,0.004,69.536,0.884,0,19.4,,-0.554,0,277,25.003,96.5,0.374,110.989,,,,,0
2026-10-04T14:00Z,2026-10-04T20:00Z,6248478,6,28.7,17.4,,,,h,17.4,,,,0,0.009,96.527,1.802,0,19.4,,-0.554,3,277,24.831,96.799,0.791,95.063,,,,,0
2026-10-04T14:00Z,2026-10-05T02:00Z,6248478,12,14.3,9,,,,h,9,,,,0,0.003,408.838,0.681,0.1,19.4,,-0.554,9,278,28.224,82.416,0.535,100.61,,,,,0
2026-10-04T14:00Z,2026-10-05T14:00Z,6248478,24,10.1,7,,,,h,7,,,,0,0,58.194,0.751,0.023,19.4,,-0.554,21,278,25.153,97.021,0.334,90.696,,,,,0
2026-10-04T14:00Z,2026-10-06T14:00Z,6248478,48,29.5,24,,,,h,24,,,,0,0,63.613,1.335,0.056,19.4,,-0.554,21,279,25.378,97.095,0.507,355.865,,,,,0
2026-10-04T14:00Z,2026-10-04T15:00Z,6256182,1,11.2,6,,,,h,6,,,,0,0.001,124.825,1.283,0.05,1.1,,-0.573,22,277,24.542,95.299,0.474,309.528,,,,,0
2026-10-04T14:00Z,2026-10-04T17:00Z,6256182,3,10.1,5.6,,,,h,5.6,,,,0,0,87.289,0.839,0,1.1,,-0.573,0,277,24.267,97.424,0.237,357.987,,,,,0
2026-10-04T14:00Z,2026-10-04T20:00Z,6256182,6,12,6.9,,,,h,6.9,,,,0,0,63.231,1.089,0,1.1,,-0.573,3,277,23.897,98.676,0.359,357.274,,,,,0
2026-10-04T14:00Z,2026-10-05T02:00Z,6256182,12,4.9,2.8,,,,h,2.8,,,,0,0.001,333.793,1.572,0.207,1.1,,-0.573,9,278,26.306,87.528,1.273,82.233,,,,,0
2026-10-04T14:00Z,2026-10-05T14:00Z,6256182,24,5.9,3.9,,,,h,3.9,,,,0,0,162.968,3.969,0.342,1.1,,-0.573,21,278,23.955,95.573,2.293,82.322,,,,,0
2026-10-04T14:00Z,2026-10-06T14:00Z,6256182,48,11.3,9,,,,h,9,,,,0,0,119.188,3.84,0,1.1,,-0.573,21,279,25.255,85.248,1.426,66.49,,,,,0
2026-10-04T14:00Z,2026-10-04T15:00Z,6262040,1,6.2,15.3,,,,h,15.3,,,,0,0,262.394,2.661,0.069,26.6,,0.849,22,277,26.082,89.067,1.606,251.263,,,,,0
2026-10-04T14:00Z,2026-10-04T17:00Z,6262040,3,6.9,16.3,,,,h,16.3,,,,0,0,243.605,2.115,0,26.6,,0.849,0,277,25.886,88.561,1.434,247.639,,,,,0
2026-10-04T14:00Z,2026-10-04T20:00Z,6262040,6,7.2,16.1,,,,h,16.1,,,,0,0,226.486,1.81,0,26.6,,0.849,3,277,25.348,89.887,1.22,241.515,,,,,0
2026-10-04T14:00Z,2026-10-05T02:00Z,6262040,12,4.2,8.9,,,,h,8.9,,,,0,0,472.992,3.377,0.239,26.6,,0.849,9,278,26.69,84.178,2.769,241.432,,,,,0
2026-10-04T14:00Z,2026-10-05T14:00Z,6262040,24,3.8,6.9,,,,h,6.9,,,,0,0,240.031,2.055,0.598,26.6,,0.849,21,278,25.592,89.469,1.278,227.148,,,,,0
2026-10-04T14:00Z,2026-10-06T14:00Z,6262040,48,5.7,8.1,,,,h,8.1,,,,0,0,331.623,2.391,0.037,26.6,,0.849,21,279,26.113,86.829,1.478,213.857,,,,,0
2026-10-04T14:00Z,2026-10-04T15:00Z,6262415,1,20.5,18.6,,,,h,18.6,,,,0,0.002,103.319,0.991,0.293,28.2,,-0.095,22,277,24.962,96.973,0.428,149.16,,,,,0
2026-10-04T14:00Z,2026-10-04T17:00Z,6262415,3,25.6,23.4,,,,h,23.4,,,,0,0.004,78.028,0.792,0,28.2,,-0.095,0,277,24.957,96.195,0.339,107.254,,,,,0
2026-10-04T14:00Z,2026-10-04T20:00Z,6262415,6,28.7,26.4,,,,h,26.4,,,,0,0.011,107.401,1.806,0,28.2,,-0.095,3,277,24.796,96.655,0.829,90.057,,,,,0
2026-10-04T14:00Z,2026-10-05T02:00Z,6262415,12,14.3,13.2,,,,h,13.2,,,,0,0.005,408.71,0.543,0.097,28.2,,-0.095,9,278,28.138,82.315,0.422,91.309,,,,,0
2026-10-04T14:00Z,2026-10-05T14:00Z,6262415,24,10.1,9.5,,,,h,9.5,,,,0,0.001,67.305,0.805,0,28.2,,-0.095,21,278,25.191,96.643,0.339,72.019,,,,,0
2026-10-04T14:00Z,2026-10-06T14:00Z,6262415,48,29.5,28.5,,,,h,28.5,,,,0,0,65.389,1.395,0,28.2,,-0.095,21,279,25.413,97.052,0.594,351.905,,,,,0
2026-10-04T14:00Z,2026-10-04T15:00Z,6266678,1,10.7,9.8,,,,h,9.8,,,,0,0.017,120.114,2.685,0,5.8,,-0.081,22,277,24.946,97.69,1.177,194.366,,,,,0
2026-10-04T14:00Z,2026-10-04T17:00Z,6266678,3,9.9,9.1,,,,h,9.1,,,,0,0.028,74.915,1.02,0.119,5.8,,-0.081,0,277,24.407,97.415,0.699,283.992,,,,,0
2026-10-04T14:00Z,2026-10-04T20:00Z,6266678,6,6,5.5,,,,h,5.5,,,,0,0.033,61.296,0.68,0,5.8,,-0.081,3,277,24.355,97.556,0.503,61.354,,,,,0
2026-10-04T14:00Z,2026-10-05T02:00Z,6266678,12,6.5,6.1,,,,h,6.1,,,,0,0.021,265.62,0.523,0.262,5.8,,-0.081,9,278,25.617,93.858,0.404,122.254,,,,,0
2026-10-04T14:00Z,2026-10-05T14:00Z,6266678,24,9.3,8.8,,,,h,8.8,,,,0,0.001,54.331,0.341,0.225,5.8,,-0.081,21,278,25.157,95.836,0.318,338.551,,,,,0
2026-10-04T14:00Z,2026-10-06T14:00Z,6266678,48,10,9.7,,,,h,9.7,,,,0,0,50.756,2.006,0.07,5.8,,-0.081,21,279,24.253,97.187,0.713,349.149,,,,,0
2026-10-04T14:00Z,2026-10-04T15:00Z,6267732,1,8.7,13.8,,,,h,13.8,,,,0,0,160.766,3.663,1.131,4.3,,0.438,22,277,23.923,97.189,2.123,78.264,,,,,0
2026-10-04T14:00Z,2026-10-04T17:00Z,6267732,3,7.9,12.3,,,,h,12.3,,,,0,0,83.753,1.381,0.08,4.3,,0.438,0,277,23.584,97.24,0.637,68.894,,,,,0
2026-10-04T14:00Z,2026-10-04T20:00Z,6267732,6,5,7.8,,,,h,7.8,,,,0,0,139.01,2.287,0.07,4.3,,0.438,3,277,23.615,97.722,1.285,59.555,,,,,0
2026-10-04T14:00Z,2026-10-05T02:00Z,6267732,12,4.8,7.1,,,,h,7.1,,,,0,0,461.136,4.184,1.035,4.3,,0.438,9,278,24.256,89.87,3.083,74.825,,,,,0
2026-10-04T14:00Z,2026-10-05T14:00Z,6267732,24,8.3,11.1,,,,h,11.1,,,,0,0,114.307,2.931,0.028,4.3,,0.438,21,278,23.914,96.987,0.971,57.094,,,,,0
2026-10-04T14:00Z,2026-10-06T14:00Z,6267732,48,8.9,10.6,,,,h,10.6,,,,0,0,77.898,3.175,0,4.3,,0.438,21,279,23.861,84.978,1.297,77.076,,,,,0
2026-10-04T14:00Z,2026-10-04T15:00Z,6284173,1,15.3,23.8,,,,h,23.8,,,,0,0.001,22.394,0.41,0,9.7,,0.439,22,277,23.261,98.451,0.353,339.818,,,,,0
2026-10-04T14:00Z,2026-10-04T17:00Z,6284173,3,11.8,18.2,,,,h,18.2,,,,0,0.003,17.528,0.676,0,9.7,,0.439,0,277,22.73,97.476,0.135,158.559,,,,,0
2026-10-04T14:00Z,2026-10-04T20:00Z,6284173,6,10.1,15.2,,,,h,15.2,,,,0,0.003,112.928,3.329,0.1,9.7,,0.439,3,277,22.008,96.936,1.771,344.505,,,,,0
2026-10-04T14:00Z,2026-10-05T02:00Z,6284173,12,6.8,9.9,,,,h,9.9,,,,0,0.005,385.183,0.615,0,9.7,,0.439,9,278,24.369,87.05,0.51,226.902,,,,,0
2026-10-04T14:00Z,2026-10-05T14:00Z,6284173,24,13.2,17.4,,,,h,17.4,,,,0,0,50.112,0.479,0.389,9.7,,0.439,21,278,22.839,96.874,0.252,221.249,,,,,0
2026-10-04T14:00Z,2026-10-06T14:00Z,6284173,48,18,21.3,,,,h,21.3,,,,0,0,56.242,1.635,0.809,9.7,,0.439,21,279,21.844,97.557,0.864,312.771,,,,,0
2026-10-04T14:00Z,2026-10-04T15:00Z,6285048,1,9,14.4,,,,h,14.4,,,,0,0.03,22.604,0.766,0,21.1,,0.449,22,277,22.661,98.629,0.333,123.144,,,,,0
2026-10-04T14:00Z,2026-10-04T17:00Z,6285048,3,3.1,5.2,,,,h,5.2,,,,0,0.018,90.696,2.816,0.567,21.1,,0.449,0,277,22.131,97.943,1.503,157.381,,,,,0
2026-10-04T14:00Z,2026-10-04T20:00Z,6285048,6,2.7,4.5,,,,h,4.5,,,,0,0.009,87.396,1.872,0.091,21.1,,0.449,3,277,21.517,99.406,1.073,326.9,,,,,0
2026-10-04T14:00Z,2026-10-05T02:00Z,6285048,12,6.5,9.6,,,,h,9.6,,,,0,0.007,275.623,1.339,0.217,21.1,,0.449,9,278,23.296,91.23,0.928,110.094,,,,,0
2026-10-04T14:00Z,2026-10-05T14:00Z,6285048,24,9.5,12.7,,,,h,12.7,,,,0,0.001,58.049,0.711,0.251,21.1,,0.449,21,278,21.77,97.755,0.302,115.525,,,,,0
2026-10-04T14:00Z,2026-10-06T14:00Z,6285048,48,7.6,9.1,,,,h,9.1,,,,0,0,44.558,0.827,0.089,21.1,,0.449,21,279,21.351,97.487,0.561,336.061,,,,,0
2026-10-04T14:00Z,2026-10-04T15:00Z,6287521,1,16.1,29.2,,,,h,29.2,,,,0,0.036,39.667,0.401,0,25.2,,0.594,22,277,24.379,95.756,0.185,88.254,,,,,0
2026-10-04T14:00Z,2026-10-04T17:00Z,6287521,3,14.7,26.1,,,,h,26.1,,,,0,0.033,39.601,1.104,0.1,25.2,,0.594,0,277,24.048,95.909,0.428,179.72,,,,,0
2026-10-04T14:00Z,2026-10-04T20:00Z,6287521,6,12,20.7,,,,h,20.7,,,,0,0.013,121.005,2.239,0.1,25.2,,0.594,3,277,22.972,97.581,1.138,356.751,,,,,0
2026-10-04T14:00Z,2026-10-05T02:00Z,6287521,12,8.1,13.3,,,,h,13.3,,,,0,0.007,362.15,0.173,0.079,25.2,,0.594,9,278,25.151,86.417,0.207,252.401,,,,,0
2026-10-04T14:00Z,2026-10-05T14:00Z,6287521,24,12.2,17.8,,,,h,17.8,,,,0,0,65.077,0.456,0.057,25.2,,0.594,21,278,23.854,95.403,0.342,278.733,,,,,0
2026-10-04T14:00Z,2026-10-06T14:00Z,6287521,48,17.2,21.5,,,,h,21.5,,,,0,0,53.757,1.071,0.199,25.2,,0.594,21,279,22.723,97.148,0.462,300.588,,,,,0
2026-10-04T14:00Z,2026-10-04T15:00Z,6289784,1,6.3,18.1,,,,h,18.1,,,,0,0,69.078,0.738,0,39.6,,1.002,22,277,25.126,96,0.584,93.924,,,,,0
2026-10-04T14:00Z,2026-10-04T17:00Z,6289784,3,6.7,18.4,,,,h,18.4,,,,0,0,60.258,0.949,0,39.6,,1.002,0,277,24.725,97.999,0.146,84.238,,,,,0
2026-10-04T14:00Z,2026-10-04T20:00Z,6289784,6,8.1,20.6,,,,h,20.6,,,,0,0,116.017,2.525,0,39.6,,1.002,3,277,24.422,98.963,0.975,98.711,,,,,0
2026-10-04T14:00Z,2026-10-05T02:00Z,6289784,12,6.7,15.5,,,,h,15.5,,,,0,0,339.536,1.444,0.285,39.6,,1.002,9,278,26.656,89.677,1.138,108.258,,,,,0
2026-10-04T14:00Z,2026-10-05T14:00Z,6289784,24,6.5,12.6,,,,h,12.6,,,,0,0,159.51,2.011,3.688,39.6,,1.002,21,278,23.455,97.87,1.246,89.418,,,,,0
2026-10-04T14:00Z,2026-10-06T14:00Z,6289784,48,8.2,12.2,,,,h,12.2,,,,0,0,93.321,3.243,0.008,39.6,,1.002,21,279,24.215,93.939,1.077,38.206,,,,,0
2026-10-04T14:00Z,2026-10-04T15:00Z,6291584,1,10,18.1,,,,h,18.1,,,,0,0.055,36.831,1.499,0.027,15.6,,0.577,22,277,23.798,98.036,0.495,143.139,,,,,0
2026-10-04T14:00Z,2026-10-04T17:00Z,6291584,3,8.7,15.5,,,,h,15.5,,,,0,0.023,116.039,0.469,2.966,15.6,,0.577,0,277,22.079,97.667,0.326,197.267,,,,,0
2026-10-04T14:00Z,2026-10-04T20:00Z,6291584,6,4.2,7.6,,,,h,7.6,,,,0,0.01,179.197,1.974,5.924,15.6,,0.577,3,277,20.858,98.252,1.028,116.147,,,,,0
2026-10-04T14:00Z,2026-10-05T02:00Z,6291584,12,5,8.3,,,,h,8.3,,,,0,0.001,306.042,2.029,0.066,15.6,,0.577,9,278,22.527,90.767,1.479,9.509,,,,,0
2026-10-04T14:00Z,2026-10-05T14:00Z,6291584,24,5.5,8.2,,,,h,8.2,,,,0,0,71.888,1.752,0.317,15.6,,0.577,21,278,22.086,98,0.817,353.779,,,,,0
2026-10-04T14:00Z,2026-10-06T14:00Z,6291584,48,11.5,14.4,,,,h,14.4,,,,0,0,21.435,0.843,0.007,15.6,,0.577,21,279,22.316,94.076,0.299,15.411,,,,,0
2026-10-04T14:00Z,2026-10-04T15:00Z,6291933,1,7.1,13,,,,h,13,,,,0,0.031,56.678,1.2,0.868,32.1,,0.574,22,277,24.121,95.321,0.242,171.075,,,,,0
2026-10-04T14:00Z,2026-10-04T17:00Z,6291933,3,6,10.9,,,,h,10.9,,,,0,0.04,87.936,1.905,0.832,32.1,,0.574,0,277,22.904,98.401,1.12,94.538,,,,,0
2026-10-04T14:00Z,2026-10-04T20:00Z,6291933,6,1,2.3,,,,h,2.3,,,,0,0.015,56.641,0.07,0.514,32.1,,0.574,3,277,22.357,99.956,0.373,67.837,,,,,0
2026-10-04T14:00Z,2026-10-05T02:00Z,6291933,12,5,8.3,,,,h,8.3,,,,0,0.005,273.075,1.54,0.006,32.1,,0.574,9,278,22.56,93.408,1.152,51.743,,,,,0
2026-10-04T14:00Z,2026-10-05T14:00Z,6291933,24,4.9,7.3,,,,h,7.3,,,,0,0,65.727,1.49,0.09,32.1,,0.574,21,278,22.534,97.782,0.657,49.329,,,,,0
2026-10-04T14:00Z,2026-10-06T14:00Z,6291933,48,8.2,10.3,,,,h,10.3,,,,0,0,24.45,0.82,0,32.1,,0.574,21,279,22.053,95.553,0.393,348.067,,,,,0
2026-10-04T14:00Z,2026-10-04T15:00Z,6294442,1,3.9,11.4,,,,h,11.4,,,,0,0.001,28.641,0.495,0,19.5,,0.964,22,277,22.288,98.565,0.191,192.127,,,,,0
2026-10-04T14:00Z,2026-10-04T17:00Z,6294442,3,4,11.1,,,,h,11.1,,,,0,0.001,29.017,0.937,0,19.5,,0.964,0,277,21.829,98.602,0.042,157.736,,,,,0
2026-10-04T14:00Z,2026-10-04T20:00Z,6294442,6,4.2,11,,,,h,11,,,,0,0.001,85.659,0.936,0.97,19.5,,0.964,3,277,21.152,99.031,0.64,270.545,,,,,0
2026-10-04T14:00Z,2026-10-05T02:00Z,6294442,12,3.3,8,,,,h,8,,,,0,0.004,384.777,0.893,0.003,19.5,,0.964,9,278,23.677,87.198,0.589,15.016,,,,,0
2026-10-04T14:00Z,2026-10-05T14:00Z,6294442,24,4,7.9,,,,h,7.9,,,,0,0,43.436,1.671,0,19.5,,0.964,21,278,21.276,98.436,0.74,352.325,,,,,0
2026-10-04T14:00Z,2026-10-06T14:00Z,6294442,48,3.3,5.1,,,,h,5.1,,,,0,0,35.027,1.279,0.047,19.5,,0.964,21,279,21.491,96.545,0.48,340.001,,,,,0
2026-10-04T14:00Z,2026-10-04T15:00Z,6300553,1,10,7.8,,,,h,7.8,,,,0,0.03,34.135,1.481,0.014,6.3,,-0.232,22,277,24.035,97.655,0.393,142.888,,,,,0
2026-10-04T14:00Z,2026-10-04T17:00Z,6300553,3,8.7,6.8,,,,h,6.8,,,,0,0.015,124.715,0.463,4.249,6.3,,-0.232,0,277,22.035,98.309,0.348,46.068,,,,,0
2026-10-04T14:00Z,2026-10-04T20:00Z,6300553,6,4.2,3.3,,,,h,3.3,,,,0,0.007,165.007,1.874,5.509,6.3,,-0.232,3,277,20.926,98.908,1.005,90.646,,,,,0
2026-10-04T14:00Z,2026-10-05T02:00Z,6300553,12,5,4,,,,h,4,,,,0,0.002,309.81,2.357,0.073,6.3,,-0.232,9,278,22.662,91.282,1.718,13.475,,,,,0
2026-10-04T14:00Z,2026-10-05T14:00Z,6300553,24,5.5,4.7,,,,h,4.7,,,,0,0,69.74,1.907,0.238,6.3,,-0.232,21,278,22.149,98,0.83,351.963,,,,,0
2026-10-04T14:00Z,2026-10-06T14:00Z,6300553,48,11.5,10.5,,,,h,10.5,,,,0,0,23.562,0.769,0.013,6.3,,-0.232,21,279,22.337,94.953,0.34,354.397,,,,,0
2026-10-04T14:00Z,2026-10-04T15:00Z,6301503,1,7.8,6.5,,,,h,6.5,,,,0,0.039,32.826,0.533,0.935,10.4,,-0.171,22,277,24.089,95.31,0.217,103.848,,,,,0
2026-10-04T14:00Z,2026-10-04T17:00Z,6301503,3,7.5,6.3,,,,h,6.3,,,,0,0.033,114.561,2.656,1.813,10.4,,-0.171,0,277,22.594,98.028,1.622,79.028,,,,,0
2026-10-04T14:00Z,2026-10-04T20:00Z,6301503,6,1.5,1.2,,,,h,1.2,,,,0,0.018,85.882,1.08,1.469,10.4,,-0.171,3,277,21.871,99.578,0.739,92.313,,,,,0
2026-10-04T14:00Z,2026-10-05T02:00Z,6301503,12,5.1,4.4,,,,h,4.4,,,,0,0.003,319.669,1.89,0.024,10.4,,-0.171,9,278,22.723,92.533,1.398,69.164,,,,,0
2026-10-04T14:00Z,2026-10-05T14:00Z,6301503,24,5,4.4,,,,h,4.4,,,,0,0,55.948,1.374,0.137,10.4,,-0.171,21,278,22.325,98.339,0.475,62.684,,,,,0
2026-10-04T14:00Z,2026-10-06T14:00Z,6301503,48,11.3,10.6,,,,h,10.6,,,,0,0,21.728,0.365,0,10.4,,-0.171,21,279,21.982,96.291,0.234,333.054,,,,,0
2026-10-04T14:00Z,2026-10-04T15:00Z,6318469,1,15.3,15.3,,,,h,15.3,,,,0,0.004,27.455,0.449,0,,,0,22,277,24.229,97.083,0.352,357.479,,,,,0
2026-10-04T14:00Z,2026-10-04T17:00Z,6318469,3,11.8,11.8,,,,h,11.8,,,,0,0.009,28.558,0.823,0,,,0,0,277,23.968,96.117,0.163,190.666,,,,,0
2026-10-04T14:00Z,2026-10-04T20:00Z,6318469,6,10.1,10.1,,,,h,10.1,,,,0,0.007,112.472,2.596,0.1,,,0,3,277,23.129,96.072,1.284,353.844,,,,,0
2026-10-04T14:00Z,2026-10-05T02:00Z,6318469,12,6.8,6.8,,,,h,6.8,,,,0,0.006,399.412,0.568,0,,,0,9,278,25.366,84.782,0.496,253.068,,,,,0
2026-10-04T14:00Z,2026-10-05T14:00Z,6318469,24,13.2,13.2,,,,h,13.2,,,,0,0,80.582,0.859,0.152,,,0,21,278,24.123,94.965,0.489,266.232,,,,,0
2026-10-04T14:00Z,2026-10-06T14:00Z,6318469,48,18,18,,,,h,18,,,,0,0,47.324,1.347,0.522,,,0,21,279,22.856,96.395,0.553,307.642,,,,,0
2026-10-04T14:00Z,2026-10-04T15:00Z,6328962,1,10.7,9.2,,,,h,9.2,,,,0,0,86.044,0.98,0,5.4,,-0.148,22,277,25.109,95.615,0.385,33.14,,,,,0
2026-10-04T14:00Z,2026-10-04T17:00Z,6328962,3,13.5,11.7,,,,h,11.7,,,,0,0,56.371,0.916,0,5.4,,-0.148,0,277,24.765,95.279,0.863,297.229,,,,,0
2026-10-04T14:00Z,2026-10-04T20:00Z,6328962,6,17.1,14.9,,,,h,14.9,,,,0,0.002,83.139,1.016,0,5.4,,-0.148,3,277,24.268,96.659,0.452,347.449,,,,,0
2026-10-04T14:00Z,2026-10-05T02:00Z,6328962,12,16.8,14.9,,,,h,14.9,,,,0,0.017,463.509,1.684,0.08,5.4,,-0.148,9,278,27.364,84.301,1.344,353.599,,,,,0
2026-10-04T14:00Z,2026-10-05T14:00Z,6328962,24,26.9,24.6,,,,h,24.6,,,,0,0,65.14,0.435,0.195,5.4,,-0.148,21,278,24.562,95.988,0.467,278.204,,,,,0
2026-10-04T14:00Z,2026-10-06T14:00Z,6328962,48,33.4,31.6,,,,h,31.6,,,,0,0,122.118,2.133,0.517,5.4,,-0.148,21,279,24.658,96.782,1.249,339.182,,,,,0
2026-10-04T14:00Z,2026-10-04T15:00Z,6410306,1,15.3,20.2,,,,h,20.2,,,,0,0.001,35.754,0.255,0,13.2,,0.276,22,277,22.289,97.911,0.32,0.274,,,,,0
2026-10-04T14:00Z,2026-10-04T17:00Z,6410306,3,11.8,15.5,,,,h,15.5,,,,0,0.002,16.369,0.315,0,13.2,,0.276,0,277,21.661,99.614,0.174,213.377,,,,,0
2026-10-04T14:00Z,2026-10-04T20:00Z,6410306,6,10.1,13.1,,,,h,13.1,,,,0,0.003,119.682,1.911,0.34,13.2,,0.276,3,277,20.99,98.558,1.115,323.02,,,,,0
2026-10-04T14:00Z,2026-10-05T02:00Z,6410306,12,6.8,8.6,,,,h,8.6,,,,0,0.003,450.893,0.114,0,13.2,,0.276,9,278,23.914,85.837,0.058,355.573,,,,,0
2026-10-04T14:00Z,2026-10-05T14:00Z,6410306,24,13.2,15.7,,,,h,15.7,,,,0,0,29.722,0.645,0.005,13.2,,0.276,21,278,22.271,96.1,0.174,19.347,,,,,0
2026-10-04T14:00Z,2026-10-06T14:00Z,6410306,48,18,20,,,,h,20,,,,0,0,43.369,0.746,0.173,13.2,,0.276,21,279,20.994,98.676,0.504,300.649,,,,,0
2026-10-04T14:00Z,2026-10-04T15:00Z,6419429,1,9.3,13.4,,,,h,13.4,,,,0,0,71.027,0.639,0.233,8.9,,0.35,22,277,24.711,94.841,0.313,225.33,,,,,0
2026-10-04T14:00Z,2026-10-04T17:00Z,6419429,3,11.8,16.7,,,,h,16.7,,,,0,0.001,39.15,0.396,0,8.9,,0.35,0,277,24.536,95.712,0.147,211.567,,,,,0
2026-10-04T14:00Z,2026-10-04T20:00Z,6419429,6,13.4,18.5,,,,h,18.5,,,,0,0.004,128.017,1.11,0,8.9,,0.35,3,277,23.98,98.056,0.466,101.186,,,,,0
2026-10-04T14:00Z,2026-10-05T02:00Z,6419429,12,9.6,12.8,,,,h,12.8,,,,0,0.006,326.343,0.697,0.072,8.9,,0.35,9,278,25.789,87.32,0.578,42.627,,,,,0
2026-10-04T14:00Z,2026-10-05T14:00Z,6419429,24,11.2,14,,,,h,14,,,,0,0.001,70.497,0.59,0.031,8.9,,0.35,21,278,24.6,94.433,0.235,209.402,,,,,0
2026-10-04T14:00Z,2026-10-06T14:00Z,6419429,48,7.2,8.3,,,,h,8.3,,,,0,0,96.194,1.378,0.755,8.9,,0.35,21,279,23.605,96.217,0.757,316.658,,,,,0
2026-10-04T14:00Z,2026-10-04T15:00Z,6435325,1,16.2,34.9,,,,h,34.9,,,,0,0,84.452,0.663,0.208,34.3,,0.766,22,277,25.325,96.201,0.209,141.29,,,,,0
2026-10-04T14:00Z,2026-10-04T17:00Z,6435325,3,20.4,42.3,,,,h,42.3,,,,0,0,68.764,0.783,0,34.3,,0.766,0,277,25.2,96.174,0.278,118.146,,,,,0
2026-10-04T14:00Z,2026-10-04T20:00Z,6435325,6,20.3,40.3,,,,h,40.3,,,,0,0.003,96.679,1.511,0,34.3,,0.766,3,277,24.961,96.497,0.641,100.277,,,,,0
2026-10-04T14:00Z,2026-10-05T02:00Z,6435325,12,13.7,25.4,,,,h,25.4,,,,0,0.002,423.062,0.699,0.1,34.3,,0.766,9,278,28.24,82.574,0.538,87.342,,,,,0
2026-10-04T14:00Z,2026-10-05T14:00Z,6435325,24,13.7,22.2,,,,h,22.2,,,,0,0,60.982,0.642,0.062,34.3,,0.766,21,278,25.221,96.95,0.314,104.677,,,,,0
2026-10-04T14:00Z,2026-10-06T14:00Z,6435325,48,31.2,41.4,,,,h,41.4,,,,0,0,80.133,1.609,0.148,34.3,,0.766,21,279,25.349,96.764,0.61,5.266,,,,,0
2026-10-04T14:00Z,2026-10-04T15:00Z,6472300,1,10.1,13.7,,,,h,13.7,,,,0,0,140.81,1.985,0,13,,0.29,22,277,24.755,96.003,0.942,112.591,,,,,0
2026-10-04T14:00Z,2026-10-04T17:00Z,6472300,3,9.6,12.8,,,,h,12.8,,,,0,0,112.803,2.31,0,13,,0.29,0,277,24.335,97.57,0.974,154.668,,,,,0
2026-10-04T14:00Z,2026-10-04T20:00Z,6472300,6,8.5,11.2,,,,h,11.2,,,,0,0,73.75,1.726,0.021,13,,0.29,3,277,23.992,98.143,0.655,131.485,,,,,0
2026-10-04T14:00Z,2026-10-05T02:00Z,6472300,12,5.3,6.9,,,,h,6.9,,,,0,0.001,540.062,1.994,0.022,13,,0.29,9,278,27.108,81.802,1.67,67.956,,,,,0
2026-10-04T14:00Z,2026-10-05T14:00Z,6472300,24,3.5,4.3,,,,h,4.3,,,,0,0.009,421.742,5.839,0.085,13,,0.29,21,278,24.577,90.131,3.269,44.885,,,,,0
2026-10-04T14:00Z,2026-10-06T14:00Z,6472300,48,12.6,14.1,,,,h,14.1,,,,0,0.001,658.644,8.641,0,13,,0.29,21,279,24.183,77.37,5.161,39.39,,,,,0
2026-10-04T14:00Z,2026-10-04T15:00Z,6486693,1,5.9,6.4,,,,h,6.4,,,,0,0.086,58.543,1.331,0.254,5.1,,0.079,22,277,22.529,94.341,0.394,100.284,,,,,0
2026-10-04T14:00Z,2026-10-04T17:00Z,6486693,3,2.8,3.1,,,,h,3.1,,,,0,0.102,45.922,0.898,0.018,5.1,,0.079,0,277,21.887,99.154,0.111,138.577,,,,,0
2026-10-04T14:00Z,2026-10-04T20:00Z,6486693,6,4.3,4.7,,,,h,4.7,,,,0,0.123,40.128,0.816,0.015,5.1,,0.079,3,277,21.187,99.966,0.174,205.399,,,,,0
2026-10-04T14:00Z,2026-10-05T02:00Z,6486693,12,8.8,9.4,,,,h,9.4,,,,0,0.222,387.695,0.843,0.003,5.1,,0.079,9,278,25.003,87.125,0.689,173.718,,,,,0
2026-10-04T14:00Z,2026-10-05T14:00Z,6486693,24,11.3,11.9,,,,h,11.9,,,,0,0.591,74.668,1.379,0.522,5.1,,0.079,21,278,22.793,89.795,0.41,76.262,,,,,0
2026-10-04T14:00Z,2026-10-06T14:00Z,6486693,48,5.9,6.1,,,,h,6.1,,,,0,0.023,62.497,1.742,0.484,5.1,,0.079,21,279,22.008,96.202,0.943,30.26,,,,,0
2026-10-04T14:00Z,2026-10-04T15:00Z,6502940,1,4.5,6.7,,,,h,6.7,,,,0,0,261.113,2.357,0.159,11,,0.347,22,277,27.147,86.209,2.032,298.183,,,,,0
2026-10-04T14:00Z,2026-10-04T17:00Z,6502940,3,3.9,5.7,,,,h,5.7,,,,0,0,259.838,2.954,0.063,11,,0.347,0,277,26.88,86.855,2.457,318.736,,,,,0
2026-10-04T14:00Z,2026-10-04T20:00Z,6502940,6,3.1,4.5,,,,h,4.5,,,,0,0,376.338,2.79,0,11,,0.347,3,277,26.983,84.724,2.243,323.662,,,,,0
2026-10-04T14:00Z,2026-10-05T02:00Z,6502940,12,3.7,5.1,,,,h,5.1,,,,0,0,429.633,2.097,0,11,,0.347,9,278,27.402,81.621,1.781,278.17,,,,,0
2026-10-04T14:00Z,2026-10-05T14:00Z,6502940,24,3.1,4,,,,h,4,,,,0,0,404.965,3.753,0.814,11,,0.347,21,278,26.89,86.265,2.806,300.281,,,,,0
2026-10-04T14:00Z,2026-10-06T14:00Z,6502940,48,2.5,3,,,,h,3,,,,0,0,287.214,3.02,0.787,11,,0.347,21,279,26.179,88.205,2.387,288.932,,,,,0
2026-10-04T14:00Z,2026-10-04T15:00Z,3599598,1,5.1,2.4,,,,h,2.4,,,,0,0.003,131.73,1.393,0.825,1.2,,-0.6,22,277,19.55,98.179,0.391,103.613,,,,,0
2026-10-04T14:00Z,2026-10-04T17:00Z,3599598,3,4.2,2,,,,h,2,,,,0,0.003,32.342,0.856,0.087,1.2,,-0.6,0,277,19.313,99.996,0.437,61.976,,,,,0
2026-10-04T14:00Z,2026-10-04T20:00Z,3599598,6,3.1,1.4,,,,h,1.4,,,,0,0.002,484.921,4.102,0.167,1.2,,-0.6,3,277,19.23,96.729,1.737,89.872,,,,,0
2026-10-04T14:00Z,2026-10-05T02:00Z,3599598,12,2.2,1,,,,h,1,,,,0,0,551.171,3,0.083,1.2,,-0.6,9,278,20.02,89.819,2.028,93.418,,,,,0
2026-10-04T14:00Z,2026-10-05T14:00Z,3599598,24,7,4.6,,,,h,4.6,,,,0,0,553.975,3.346,0,1.2,,-0.6,21,278,18.474,82.559,1.288,115.84,,,,,0
2026-10-04T14:00Z,2026-10-06T14:00Z,3599598,48,9.7,7.6,,,,h,7.6,,,,0,0,90.699,3.083,0,1.2,,-0.6,21,279,18.738,74.522,1.084,128.425,,,,,0
2026-10-04T14:00Z,2026-10-04T15:00Z,3599599,1,5.1,6.3,,,,h,6.3,,,,0,0.003,121.191,1.145,0.948,3.6,,0.191,22,277,19.971,98.186,0.352,101.488,,,,,0
2026-10-04T14:00Z,2026-10-04T17:00Z,3599599,3,4.2,5.2,,,,h,5.2,,,,0,0.003,49.12,0.923,0.227,3.6,,0.191,0,277,19.725,99.881,0.467,59.944,,,,,0
2026-10-04T14:00Z,2026-10-04T20:00Z,3599599,6,3.1,3.8,,,,h,3.8,,,,0,0.002,427.833,3.68,0.269,3.6,,0.191,3,277,19.589,97.103,1.592,87.753,,,,,0
2026-10-04T14:00Z,2026-10-05T02:00Z,3599599,12,2.2,2.7,,,,h,2.7,,,,0,0,563.923,2.918,0.111,3.6,,0.191,9,278,20.171,89.766,1.981,83.627,,,,,0
2026-10-04T14:00Z,2026-10-05T14:00Z,3599599,24,7,8,,,,h,8,,,,0,0,478.984,2.845,0,3.6,,0.191,21,278,18.857,83.227,1.063,110.954,,,,,0
2026-10-04T14:00Z,2026-10-06T14:00Z,3599599,48,9.7,10.5,,,,h,10.5,,,,0,0,80.325,2.653,0,3.6,,0.191,21,279,18.941,74.892,0.877,127.285,,,,,0
2026-10-04T14:00Z,2026-10-04T15:00Z,6242472,1,16.2,13.6,,,,h,13.6,,,,0,0,77.435,0.62,0.205,9.8,,-0.174,22,277,25.39,96.021,0.137,154.468,,,,,0
2026-10-04T14:00Z,2026-10-04T17:00Z,6242472,3,20.4,17.2,,,,h,17.2,,,,0,0,68.729,0.958,0,9.8,,-0.174,0,277,25.246,96.309,0.388,122.963,,,,,0
2026-10-04T14:00Z,2026-10-04T20:00Z,6242472,6,20.3,17.3,,,,h,17.3,,,,0,0.001,95.189,1.626,0,9.8,,-0.174,3,277,25.012,96.483,0.682,109.537,,,,,0
2026-10-04T14:00Z,2026-10-05T02:00Z,6242472,12,13.7,11.9,,,,h,11.9,,,,0,0.001,422.964,0.875,0.1,9.8,,-0.174,9,278,28.286,82.582,0.684,99.191,,,,,0
2026-10-04T14:00Z,2026-10-05T14:00Z,6242472,24,13.7,12.3,,,,h,12.3,,,,0,0,60.362,0.774,0.064,9.8,,-0.174,21,278,25.247,97.171,0.434,114.364,,,,,0
2026-10-04T14:00Z,2026-10-06T14:00Z,6242472,48,31.2,29.2,,,,h,29.2,,,,0,0,80.139,1.634,0.153,9.8,,-0.174,21,279,25.333,96.674,0.571,14.097,,,,,0
2026-10-04T14:00Z,2026-10-04T15:00Z,3733063,1,8,16.3,,,,h,16.3,,,,0,0.002,94.22,0.726,0.084,45.6,,0.681,22,277,24.18,98.694,0.462,89.058,,,,,0
2026-10-04T14:00Z,2026-10-04T17:00Z,3733063,3,4.4,9.1,,,,h,9.1,,,,0,0.004,86.173,1.679,0,45.6,,0.681,0,277,23.686,99.604,0.714,140.587,,,,,0
2026-10-04T14:00Z,2026-10-04T20:00Z,3733063,6,3.4,6.9,,,,h,6.9,,,,0,0.009,38.278,1.642,0.094,45.6,,0.681,3,277,23.378,99.406,0.479,119.844,,,,,0
2026-10-04T14:00Z,2026-10-05T02:00Z,3733063,12,7.3,13,,,,h,13,,,,0,0.023,510.898,0.939,0.01,45.6,,0.681,9,278,26.515,86.285,0.727,148.237,,,,,0
2026-10-04T14:00Z,2026-10-05T14:00Z,3733063,24,5.1,8.1,,,,h,8.1,,,,0,0.122,206.066,3.255,0.713,45.6,,0.681,21,278,24.114,98.188,1.917,171.019,,,,,0
2026-10-04T14:00Z,2026-10-06T14:00Z,3733063,48,4.4,5.9,,,,h,5.9,,,,0,0.011,118.207,2.054,0.084,45.6,,0.681,21,279,24.376,97.171,1.229,342.688,,,,,0
2026-10-04T14:00Z,2026-10-04T15:00Z,6265530,1,10.7,9.8,,,,h,9.8,,,,0,0.016,118.945,2.633,0,3.4,,-0.084,22,277,24.884,97.789,1.15,192.483,,,,,0
2026-10-04T14:00Z,2026-10-04T17:00Z,6265530,3,9.9,9.1,,,,h,9.1,,,,0,0.026,74.764,1.005,0.136,3.4,,-0.084,0,277,24.345,97.497,0.685,285.595,,,,,0
2026-10-04T14:00Z,2026-10-04T20:00Z,6265530,6,6,5.5,,,,h,5.5,,,,0,0.032,58.504,0.694,0,3.4,,-0.084,3,277,24.284,97.632,0.484,60.559,,,,,0
2026-10-04T14:00Z,2026-10-05T02:00Z,6265530,12,6.5,6,,,,h,6,,,,0,0.021,266.928,0.579,0.23,3.4,,-0.084,9,278,25.576,94.066,0.457,123.9,,,,,0
2026-10-04T14:00Z,2026-10-05T14:00Z,6265530,24,9.3,8.8,,,,h,8.8,,,,0,0.001,53.44,0.436,0.176,3.4,,-0.084,21,278,25.097,95.841,0.244,346.039,,,,,0
2026-10-04T14:00Z,2026-10-06T14:00Z,6265530,48,10,9.7,,,,h,9.7,,,,0,0,50.497,2.067,0.068,3.4,,-0.084,21,279,24.195,97.313,0.775,349.156,,,,,0
2026-10-04T14:00Z,2026-10-04T15:00Z,6309947,1,16.5,24.2,,,,h,24.2,,,,0,0.02,183.57,1.998,0.162,34.1,,0.382,22,277,25.106,95.44,0.989,190.189,,,,,0
2026-10-04T14:00Z,2026-10-04T17:00Z,6309947,3,18.7,27,,,,h,27,,,,0,0.009,85.02,1.132,0,34.1,,0.382,0,277,24.74,96.556,0.398,204.885,,,,,0
2026-10-04T14:00Z,2026-10-04T20:00Z,6309947,6,25.7,36.1,,,,h,36.1,,,,0,0.022,95.32,1.99,0,34.1,,0.382,3,277,24.444,97.81,0.605,135.714,,,,,0
2026-10-04T14:00Z,2026-10-05T02:00Z,6309947,12,18.9,25.6,,,,h,25.6,,,,0,0.04,417.64,0.504,0.069,34.1,,0.382,9,278,27.869,82.25,0.324,143.951,,,,,0
2026-10-04T14:00Z,2026-10-05T14:00Z,6309947,24,9.8,12.5,,,,h,12.5,,,,0,0.002,73.94,0.665,0,34.1,,0.382,21,278,25.597,96.3,0.198,44.366,,,,,0
2026-10-04T14:00Z,2026-10-06T14:00Z,6309947,48,13.5,15.6,,,,h,15.6,,,,0,0,105.134,3.007,0.016,34.1,,0.382,21,279,25.414,94.4,1.285,20.162,,,,,0
2026-10-04T14:00Z,2026-10-04T15:00Z,2297552,1,3,3,,,,h,3,,,,0,0.001,24.135,0.39,0,,,0,22,277,21.827,98.544,0.16,321.823,,,,,0
2026-10-04T14:00Z,2026-10-04T17:00Z,2297552,3,2.9,2.9,,,,h,2.9,,,,0,0.001,49.035,0.454,0,,,0,0,277,21.238,98.049,0.224,6.128,,,,,0
2026-10-04T14:00Z,2026-10-04T20:00Z,2297552,6,2.9,2.9,,,,h,2.9,,,,0,0.001,75.277,2.28,0.766,,,0,3,277,20.394,97.798,0.829,122.038,,,,,0
2026-10-04T14:00Z,2026-10-05T02:00Z,2297552,12,3.1,3.1,,,,h,3.1,,,,0,0,348.487,0.406,0,,,0,9,278,22.921,89.85,0.343,298.265,,,,,0
2026-10-04T14:00Z,2026-10-05T14:00Z,2297552,24,2,2,,,,h,2,,,,0,0,34.82,0.633,0,,,0,21,278,20.761,99.419,0.279,2.998,,,,,0
2026-10-04T14:00Z,2026-10-06T14:00Z,2297552,48,1.8,1.8,,,,h,1.8,,,,0,0,36.381,1.226,0,,,0,21,279,20.993,98.963,0.526,93.62,,,,,0
2026-10-04T14:00Z,2026-10-04T15:00Z,3591608,1,3.5,1.7,,,,h,1.7,,,,0,0,36.318,2.297,0.057,,,-0.637,22,277,17.069,91.457,0.644,146.479,,,,,0
2026-10-04T14:00Z,2026-10-04T17:00Z,3591608,3,1.5,0.5,,,,h,0.5,,,,0,0,23.693,0.982,0.001,,,-0.637,0,277,17.054,92.443,0.305,113.511,,,,,0
2026-10-04T14:00Z,2026-10-04T20:00Z,3591608,6,1.5,0.6,,,,h,0.6,,,,0,0,22.17,0.732,0,,,-0.637,3,277,16.488,93.38,0.27,134.712,,,,,0
2026-10-04T14:00Z,2026-10-05T02:00Z,3591608,12,0.9,0.3,,,,h,0.3,,,,0,0,482.186,0.408,0.043,,,-0.637,9,278,19.135,90.635,0.401,160.803,,,,,0
2026-10-04T14:00Z,2026-10-05T14:00Z,3591608,24,3.4,2.2,,,,h,2.2,,,,0,0,66.272,1.317,0.006,,,-0.637,21,278,16.83,97.572,0.406,34.943,,,,,0
2026-10-04T14:00Z,2026-10-06T14:00Z,3591608,48,11.4,9.2,,,,h,9.2,,,,0,0,32.139,1.604,0,,,-0.637,21,279,15.02,92.883,0.825,43.701,,,,,0
2026-10-04T14:00Z,2026-10-04T15:00Z,5755932,1,16.6,16.6,,,,h,16.6,,,,0,0.001,52.9,1.397,0,,,0,22,277,26.435,90.309,0.5,197.29,,,,,0
2026-10-04T14:00Z,2026-10-04T17:00Z,5755932,3,17.1,17.1,,,,h,17.1,,,,0,0.002,62.575,1.286,0,,,0,0,277,26.181,92.694,0.622,149.872,,,,,0
2026-10-04T14:00Z,2026-10-04T20:00Z,5755932,6,17.9,17.9,,,,h,17.9,,,,0,0.004,129.811,1.787,0.05,,,0,3,277,25.733,94.566,0.764,115.009,,,,,0
2026-10-04T14:00Z,2026-10-05T02:00Z,5755932,12,12.8,12.8,,,,h,12.8,,,,0,0.003,701.796,1.767,0.05,,,0,9,278,29.475,72.665,1.467,16.322,,,,,0
2026-10-04T14:00Z,2026-10-05T14:00Z,5755932,24,16.5,16.5,,,,h,16.5,,,,0,0,140.425,1.926,2.745,,,0,21,278,25.407,94.712,0.96,312.132,,,,,0
2026-10-04T14:00Z,2026-10-06T14:00Z,5755932,48,15.1,15.1,,,,h,15.1,,,,0,0,153.851,0.964,3.051,,,0,21,279,24.669,94.164,0.75,113.83,,,,,0
2026-10-04T14:00Z,2026-10-04T15:00Z,3503722,1,11.3,12.8,,,,h,10.9,,,,0,0.031,55.56,1.024,1.283,,,-0.073,22,277,23.242,98.323,0.291,107.49,,,,,0
2026-10-04T14:00Z,2026-10-04T17:00Z,3503722,3,8.1,9.2,,,,h,7.8,,,,0,0.015,89.175,1.097,0.276,,,-0.073,0,277,22.798,98.68,0.714,357.445,,,,,0
2026-10-04T14:00Z,2026-10-04T20:00Z,3503722,6,5.4,6.1,,,,h,5.2,,,,0,0.004,103.905,0.917,2.575,,,-0.073,3,277,21.536,98.228,0.798,206.98,,,,,0
2026-10-04T14:00Z,2026-10-05T02:00Z,3503722,12,4.5,5,,,,h,4.4,,,,0,0,374.925,1.549,0.003,,,-0.073,9,278,23.477,87.813,1.122,51.965,,,,,0
2026-10-04T14:00Z,2026-10-05T14:00Z,3503722,24,4.8,5.2,,,,h,4.7,,,,0,0,52.16,1.384,0,,,-0.073,21,278,22.655,97.391,0.73,31.056,,,,,0
2026-10-04T14:00Z,2026-10-06T14:00Z,3503722,48,11.1,11.6,,,,h,11,,,,0,0,21.944,0.761,0,,,-0.073,21,279,22.288,96.557,0.288,24.956,,,,,0
2026-10-04T14:00Z,2026-10-04T15:00Z,3478630,1,8.8,8.8,,,,h,8.8,,,,0,0,46.755,0.208,0,,,0,22,277,22.449,98.756,0.129,20.965,,,,,0
2026-10-04T14:00Z,2026-10-04T17:00Z,3478630,3,7.9,7.9,,,,h,7.9,,,,0,0,22.489,0.214,0,,,0,0,277,22.108,98.732,0.059,82.221,,,,,0
2026-10-04T14:00Z,2026-10-04T20:00Z,3478630,6,5.6,5.6,,,,h,5.6,,,,0,0,46.805,0.783,0,,,0,3,277,21.729,99.503,0.374,19.613,,,,,0
2026-10-04T14:00Z,2026-10-05T02:00Z,3478630,12,4.2,4.2,,,,h,4.2,,,,0,0,400.019,2.016,0.265,,,0,9,278,23.446,92.092,1.479,51.111,,,,,0
2026-10-04T14:00Z,2026-10-05T14:00Z,3478630,24,4.6,4.6,,,,h,4.6,,,,0,0,76.151,1.021,0.044,,,0,21,278,22.276,96.542,0.359,33.944,,,,,0
2026-10-04T14:00Z,2026-10-06T14:00Z,3478630,48,8.6,8.6,,,,h,8.6,,,,0,0,36.689,1.611,0,,,0,21,279,23.499,82.958,0.387,26.807,,,,,0
2026-10-04T14:00Z,2026-10-04T15:00Z,3503725,1,4.5,4.5,,,,h,4.5,,,,0,0.004,39.094,0.463,0,,,0,22,277,23.618,99.32,0.291,287.686,,,,,0
2026-10-04T14:00Z,2026-10-04T17:00Z,3503725,3,2.6,2.6,,,,h,2.6,,,,0,0.003,90.504,0.847,0.481,,,0,0,277,23.178,99.19,0.461,48.944,,,,,0
2026-10-04T14:00Z,2026-10-04T20:00Z,3503725,6,2.2,2.2,,,,h,2.2,,,,0,0.004,136.308,1.904,0.021,,,0,3,277,22.612,97.955,1.072,33.275,,,,,0
2026-10-04T14:00Z,2026-10-05T02:00Z,3503725,12,1,1,,,,h,1,,,,0,0.015,587.905,4.157,0.123,,,0,9,278,25.068,84.162,2.875,18.795,,,,,0
2026-10-04T14:00Z,2026-10-05T14:00Z,3503725,24,2.9,2.9,,,,h,2.9,,,,0,0,415.759,5.5,0.282,,,0,21,278,21.098,86.678,2.991,2.768,,,,,0
2026-10-04T14:00Z,2026-10-06T14:00Z,3503725,48,24.2,24.2,,,,h,24.2,,,,0,0,394.248,6.271,0,,,0,21,279,21.333,72.905,3.382,11.563,,,,,0
2026-10-04T14:00Z,2026-10-04T15:00Z,3539279,1,8.1,7.6,,,,h,8.3,,,,0,0,31.766,0.535,0.028,,,0.026,22,277,20.818,98.234,0.185,94.978,,,,,0
2026-10-04T14:00Z,2026-10-04T17:00Z,3539279,3,7.6,7.2,,,,h,7.8,,,,0,0,31.94,1.484,0.731,,,0.026,0,277,20.301,98.174,0.471,89.328,,,,,0
2026-10-04T14:00Z,2026-10-04T20:00Z,3539279,6,5.2,4.9,,,,h,5.3,,,,0,0,42.602,1.19,0.234,,,0.026,3,277,19.94,99,0.389,99.595,,,,,0
2026-10-04T14:00Z,2026-10-05T02:00Z,3539279,12,1.8,1.7,,,,h,1.8,,,,0,0.001,417.956,2.309,0.506,,,0.026,9,278,21.749,93.069,1.45,78.279,,,,,0
2026-10-04T14:00Z,2026-10-05T14:00Z,3539279,24,4.3,4.1,,,,h,4.4,,,,0,0,421.742,4.831,0.006,,,0.026,21,278,20.864,86.778,2.124,94.803,,,,,0
2026-10-04T14:00Z,2026-10-06T14:00Z,3539279,48,8.1,7.9,,,,h,8.2,,,,0,0,139.182,4.1,0,,,0.026,21,279,20.515,76.35,1.603,93.249,,,,,0
2026-10-04T14:00Z,2026-10-04T15:00Z,6419381,1,9,9,,,,h,9,,,,0,0.059,28.943,0.952,0,,,0,22,277,22.4,98.61,0.356,125.157,,,,,0
2026-10-04T14:00Z,2026-10-04T17:00Z,6419381,3,3.1,3.1,,,,h,3.1,,,,0,0.031,68.536,2.596,0.476,,,0,0,277,21.98,97.438,1.293,154.327,,,,,0
2026-10-04T14:00Z,2026-10-04T20:00Z,6419381,6,2.7,2.7,,,,h,2.7,,,,0,0.012,103.668,2.17,0.1,,,0,3,277,21.18,99.742,1.279,331.128,,,,,0
2026-10-04T14:00Z,2026-10-05T02:00Z,6419381,12,6.5,6.5,,,,h,6.5,,,,0,0.007,281.63,1.223,0.255,,,0,9,278,23.118,91.712,0.814,119.505,,,,,0
2026-10-04T14:00Z,2026-10-05T14:00Z,6419381,24,9.5,9.5,,,,h,9.5,,,,0,0.001,37.373,1.212,0.085,,,0,21,278,21.552,98.314,0.413,94.28,,,,,0
2026-10-04T14:00Z,2026-10-06T14:00Z,6419381,48,7.6,7.6,,,,h,7.6,,,,0,0,29.952,0.667,0.011,,,0,21,279,21.077,98.87,0.345,0.854,,,,,0
2026-10-04T14:00Z,2026-10-04T15:00Z,3587757,1,5.4,5.4,,,,h,5.4,,,,0,0.007,38.468,0.833,3.075,,,0,22,277,18.871,99.278,0.506,162.445,,,,,0
2026-10-04T14:00Z,2026-10-04T17:00Z,3587757,3,4.1,4.1,,,,h,4.1,,,,0,0.005,70.575,1.373,2.078,,,0,0,277,18.488,98.828,0.936,51.638,,,,,0
2026-10-04T14:00Z,2026-10-04T20:00Z,3587757,6,2.4,2.4,,,,h,2.4,,,,0,0,167.897,2.674,2.617,,,0,3,277,17.982,99.868,1.42,54.378,,,,,0
2026-10-04T14:00Z,2026-10-05T02:00Z,3587757,12,2,2,,,,h,2,,,,0,0,265.072,2.656,0.791,,,0,9,278,18.834,96.782,1.603,78.891,,,,,0
2026-10-04T14:00Z,2026-10-05T14:00Z,3587757,24,2.6,2.6,,,,h,2.6,,,,0,0,58.206,2.295,0.294,,,0,21,278,18.135,96.298,0.934,59.789,,,,,0
2026-10-04T14:00Z,2026-10-06T14:00Z,3587757,48,10.7,10.7,,,,h,10.7,,,,0,0,13.042,1.147,0,,,0,21,279,18.421,86.2,0.209,109.332,,,,,0
2026-10-04T14:00Z,2026-10-04T15:00Z,6284174,1,9,9,,,,h,9,,,,0,0.065,32.105,0.982,0,,,0,22,277,22.56,98.294,0.336,127.506,,,,,0
2026-10-04T14:00Z,2026-10-04T17:00Z,6284174,3,3.1,3.1,,,,h,3.1,,,,0,0.033,69.052,2.504,0.45,,,0,0,277,22.131,97.191,1.23,156.145,,,,,0
2026-10-04T14:00Z,2026-10-04T20:00Z,6284174,6,2.7,2.7,,,,h,2.7,,,,0,0.012,107.711,2.166,0.098,,,0,3,277,21.262,99.743,1.26,334.1,,,,,0
2026-10-04T14:00Z,2026-10-05T02:00Z,6284174,12,6.5,6.5,,,,h,6.5,,,,0,0.007,286.284,1.092,0.249,,,0,9,278,23.248,91.539,0.719,120.047,,,,,0
2026-10-04T14:00Z,2026-10-05T14:00Z,6284174,24,9.5,9.5,,,,h,9.5,,,,0,0.001,34.034,1.199,0.074,,,0,21,278,21.675,98.191,0.401,87.507,,,,,0
2026-10-04T14:00Z,2026-10-06T14:00Z,6284174,48,7.6,7.6,,,,h,7.6,,,,0,0,30.908,0.664,0,,,0,21,279,21.189,98.876,0.3,4.166,,,,,0
2026-10-04T14:00Z,2026-10-04T15:00Z,1236063,1,20.5,20.5,,,,h,20.5,,,,0,0.002,103.687,0.976,0.295,,,0,22,277,24.966,96.94,0.418,151.986,,,,,0
2026-10-04T14:00Z,2026-10-04T17:00Z,1236063,3,25.6,25.6,,,,h,25.6,,,,0,0.004,79.679,0.787,0,,,0,0,277,24.96,96.179,0.336,108.109,,,,,0
2026-10-04T14:00Z,2026-10-04T20:00Z,1236063,6,28.7,28.7,,,,h,28.7,,,,0,0.011,108.614,1.8,0,,,0,3,277,24.801,96.643,0.822,90.623,,,,,0
2026-10-04T14:00Z,2026-10-05T02:00Z,1236063,12,14.3,14.3,,,,h,14.3,,,,0,0.005,408.651,0.554,0.097,,,0,9,278,28.133,82.351,0.432,91.993,,,,,0
2026-10-04T14:00Z,2026-10-05T14:00Z,1236063,24,10.1,10.1,,,,h,10.1,,,,0,0.001,68.951,0.816,0,,,0,21,278,25.198,96.631,0.344,71.617,,,,,0
2026-10-04T14:00Z,2026-10-06T14:00Z,1236063,48,29.5,29.5,,,,h,29.5,,,,0,0,65.75,1.395,0,,,0,21,279,25.416,97.035,0.593,352.695,,,,,0
2026-10-04T14:00Z,2026-10-04T15:00Z,3553303,1,6.6,6.6,,,,h,6.6,,,,0,0,41.274,0.871,0.054,,,0,22,277,20.625,97.579,0.431,68.942,,,,,0
2026-10-04T14:00Z,2026-10-04T17:00Z,3553303,3,5.5,5.5,,,,h,5.5,,,,0,0,39.005,1.816,1.168,,,0,0,277,19.987,98.146,0.786,78.502,,,,,0
2026-10-04T14:00Z,2026-10-04T20:00Z,3553303,6,1.8,1.8,,,,h,1.8,,,,0,0.001,82.778,1.922,0.079,,,0,3,277,19.635,98.857,0.759,97.266,,,,,0
2026-10-04T14:00Z,2026-10-05T02:00Z,3553303,12,1.5,1.5,,,,h,1.5,,,,0,0.001,475.983,3.106,0.625,,,0,9,278,21.148,93.642,1.918,87.298,,,,,0
2026-10-04T14:00Z,2026-10-05T14:00Z,3553303,24,5.1,5.1,,,,h,5.1,,,,0,0,471.346,5.442,0,,,0,21,278,20.178,83.516,2.567,98.655,,,,,0
2026-10-04T14:00Z,2026-10-06T14:00Z,3553303,48,8.2,8.2,,,,h,8.2,,,,0,0,122.89,4.348,0,,,0,21,279,19.788,75.292,1.833,101.858,,,,,0
2026-10-04T14:00Z,2026-10-04T15:00Z,2843713,1,8.2,8.2,,,,h,8.2,,,,0,0,48.113,0.257,0,,,0,22,277,25.256,96.546,0.323,121.532,,,,,0
2026-10-04T14:00Z,2026-10-04T17:00Z,2843713,3,7.6,7.6,,,,h,7.6,,,,0,0,54.701,0.568,0.03,,,0,0,277,24.869,98,0.241,84.061,,,,,0
2026-10-04T14:00Z,2026-10-04T20:00Z,2843713,6,9.3,9.3,,,,h,9.3,,,,0,0,92.619,2.289,0,,,0,3,277,24.395,97.977,0.896,104.012,,,,,0
2026-10-04T14:00Z,2026-10-05T02:00Z,2843713,12,6.1,6.1,,,,h,6.1,,,,0,0.001,431.505,1.377,0.243,,,0,9,278,27.084,87.22,1.112,83.776,,,,,0
2026-10-04T14:00Z,2026-10-05T14:00Z,2843713,24,6.1,6.1,,,,h,6.1,,,,0,0,215.187,2.269,2.571,,,0,21,278,23.959,96.843,1.424,60.96,,,,,0
2026-10-04T14:00Z,2026-10-06T14:00Z,2843713,48,7,7,,,,h,7,,,,0,0,269.812,4.742,0.034,,,0,21,279,24.547,89.784,2.148,34.21,,,,,0
2026-10-04T14:00Z,2026-10-04T15:00Z,2850409,1,1.9,1.9,,,,h,1.9,,,,0,0,33.33,1.282,0,,,0,22,277,20.539,98.892,0.533,199.062,,,,,0
2026-10-04T14:00Z,2026-10-04T17:00Z,2850409,3,2.1,2.1,,,,h,2.1,,,,0,0.001,49.099,1.12,0.364,,,0,0,277,20.249,99.401,0.535,205.09,,,,,0
2026-10-04T14:00Z,2026-10-04T20:00Z,2850409,6,1.3,1.3,,,,h,1.3,,,,0,0.001,35.359,1.371,0,,,0,3,277,19.728,99.955,0.824,312.64,,,,,0
2026-10-04T14:00Z,2026-10-05T02:00Z,2850409,12,2.5,2.5,,,,h,2.5,,,,0,0.003,275.251,0.932,0.191,,,0,9,278,22.23,92.408,0.716,90.737,,,,,0
2026-10-04T14:00Z,2026-10-05T14:00Z,2850409,24,2.2,2.2,,,,h,2.2,,,,0,0.001,86.055,1.837,0.921,,,0,21,278,20.138,98.395,0.829,334.617,,,,,0
2026-10-04T14:00Z,2026-10-06T14:00Z,2850409,48,1.7,1.7,,,,h,1.7,,,,0,0,42.34,1.574,0.06,,,0,21,279,19.811,98.402,0.756,52.421,,,,,0
