issued_utc,valid_utc,station_id,lead_h,cams_raw,corrected,cams24,corr24,blend24,obs_basis,correctedA,blend24A,correctedML,blend24ML,inc,fire,blh,ws,pr,obs_last,obs24_last,kfAb,hloc,doy,t2,rh,ws10,wd,o_ws,o_wd,o_t2,o_rh,monitor
2026-10-08T07:00Z,2026-10-08T08:00Z,a4t:88t,1,8.350000000000001,17.3,13.6,28.4,26.4,h,17.3,26.4,17.3,26.4,0,0.036,1055.232,3.46,0.046,18,26.4,0.701,15,281,28.727,58.246,2.473,18.216,,,,,1
2026-10-08T07:00Z,2026-10-08T10:00Z,a4t:88t,3,12.25,24.3,13.7,28.4,26.5,h,24.3,26.5,24.3,26.5,0,0.037,499.665,4.268,0.275,18,26.4,0.701,17,281,26.037,75.546,2.487,35.503,,,,,1
2026-10-08T07:00Z,2026-10-08T13:00Z,a4t:88t,6,21.75,40.7,14.2,29.1,26.6,h,40.7,26.6,40.7,26.6,0,0.038,287.795,4.555,0,18,26.4,0.701,20,281,23.539,79.854,2.072,56.171,,,,,1
2026-10-08T07:00Z,2026-10-08T19:00Z,a4t:88t,12,26.45,45.9,16.3,31.5,27.7,h,45.9,27.7,46,27.7,0,0.035,129.72,3.316,0,18,26.4,0.701,2,281,21.805,89.615,1.512,17.708,,,,,1
2026-10-08T07:00Z,2026-10-09T07:00Z,a4t:88t,24,11.399999999999999,17.8,19.8,34.5,29,h,17.8,29,17.8,29,0,0.005,659.436,4.54,0.215,18,26.4,0.701,14,282,24.99,82.817,2.874,8.965,,,,,1
2026-10-08T07:00Z,2026-10-10T07:00Z,a4t:88t,48,0.65,1.1,6.3,9.4,17.9,h,1.1,17.9,1.1,17.9,0,0,359.067,4.003,2.305,18,26.4,0.701,14,283,24.812,94.314,2.239,60.718,,,,,1
2026-10-08T07:00Z,2026-10-08T08:00Z,a4t:86t,1,7.65,7.1,9.7,8.9,6.4,h,7.1,6.4,7.1,6.4,0,0.002,1216.301,1.135,0.032,8,6.4,-0.073,15,281,31.451,67.246,0.978,325.34,,,,,1
2026-10-08T07:00Z,2026-10-08T10:00Z,a4t:86t,3,7.85,7.3,9.4,8.7,6.4,h,7.3,6.4,7.3,6.4,0,0.002,168.78,3.982,0.831,8,6.4,-0.073,17,281,27.43,88.625,2.727,71.225,,,,,1
2026-10-08T07:00Z,2026-10-08T13:00Z,a4t:86t,6,11.9,11.1,9.3,8.6,6.5,h,11.1,6.5,11.1,6.5,0,0.002,76.2,2.652,0,8,6.4,-0.073,20,281,26.338,93.988,1.164,160.211,,,,,1
2026-10-08T07:00Z,2026-10-08T19:00Z,a4t:86t,12,17.9,16.9,10.5,9.7,7,h,16.9,7,16.9,7,0,0.004,21.059,1.33,0,8,6.4,-0.073,2,281,24.521,98.272,0.342,215.589,,,,,1
2026-10-08T07:00Z,2026-10-09T07:00Z,a4t:86t,24,9.8,9.3,13.4,12.7,8.4,h,9.3,8.4,9.3,8.4,0,0.004,1141.149,2.181,0.085,8,6.4,-0.073,14,282,32.111,59.251,1.716,359.605,,,,,1
2026-10-08T07:00Z,2026-10-10T07:00Z,a4t:86t,48,5.2,5,16.2,15.6,11,h,5,11,5,11,0,0.001,439.312,2.246,0.499,8,6.4,-0.073,14,283,28.287,82.272,1.672,8.602,,,,,1
2026-10-08T07:00Z,2026-10-08T08:00Z,a4t:119t,1,7.949999999999999,18.5,7,16.9,21.1,h,18.5,21.1,18.5,21.1,0,0,567.174,2.898,0.009,12,21.1,0.81,15,281,28.826,70.308,2.295,232.043,3.7,210,32,74,1
2026-10-08T07:00Z,2026-10-08T10:00Z,a4t:119t,3,6.3,14.4,6.8,16.4,21.1,h,14.4,21.1,14.4,21.1,0,0,150.897,1.272,0.092,12,21.1,0.81,17,281,27.958,76.417,0.897,212.159,3.7,210,32,74,1
2026-10-08T07:00Z,2026-10-08T13:00Z,a4t:119t,6,4.3,9.7,6.6,15.7,21,h,9.7,21,9.7,21,0,0,107.689,1.309,0,12,21.1,0.81,20,281,26.631,89.474,0.779,123.207,3.7,210,32,74,1
2026-10-08T07:00Z,2026-10-08T19:00Z,a4t:119t,12,3.9,8.1,6,14.2,20.4,h,8.1,20.4,8.1,20.4,0,0,125.125,1.863,0,12,21.1,0.81,2,281,25.11,95.587,1.131,44.19,3.7,210,32,74,1
2026-10-08T07:00Z,2026-10-09T07:00Z,a4t:119t,24,3.95,7,4.5,9.4,17.4,h,7,17.4,7,17.4,0,0,345.937,4.268,2.528,12,21.1,0.81,14,282,27.035,94.283,3.069,246.634,3.7,210,32,74,1
2026-10-08T07:00Z,2026-10-10T07:00Z,a4t:119t,48,7,9.7,4.9,7.5,14.3,h,9.7,14.3,9.7,14.3,0,0,402.087,3.118,1.025,12,21.1,0.81,14,283,27.967,82.309,2.408,219.993,3.7,210,32,74,1
2026-10-08T07:00Z,2026-10-08T08:00Z,a4t:02t,1,32.55,22.2,28.4,18.9,22.3,h,22.2,22.3,22.2,22.3,0.003,0.106,985.177,1.464,0.319,18,22.3,-0.391,15,281,31.161,64.887,1.18,21.593,,,,,1
2026-10-08T07:00Z,2026-10-08T10:00Z,a4t:02t,3,37.95,26.4,28.5,19,22.4,h,26.4,22.4,26.3,22.4,0.006,0.092,283.929,2.006,0.264,18,22.3,-0.391,17,281,29.391,74.795,1.497,302.341,,,,,1
2026-10-08T07:00Z,2026-10-08T13:00Z,a4t:02t,6,50.85,36.2,30.5,20.6,22.7,h,36.2,22.7,36.2,22.7,0.009,0.057,47.575,1.539,0.541,18,22.3,-0.391,20,281,26.327,90.68,0.872,66.913,,,,,1
2026-10-08T07:00Z,2026-10-08T19:00Z,a4t:02t,12,50.7,37.6,39.7,27.7,24.2,h,37.6,24.2,37.7,24.2,0.007,0.035,84.446,2.801,0,18,22.3,-0.391,2,281,25.256,96.022,1.162,309.288,,,,,1
2026-10-08T07:00Z,2026-10-09T07:00Z,a4t:02t,24,23.95,18.9,40.6,29.9,24.7,h,18.9,24.7,18.9,24.7,0.019,0.033,1248.968,2.643,0.128,18,22.3,-0.391,14,282,31.992,59.24,2.082,24.938,,,,,1
2026-10-08T07:00Z,2026-10-10T07:00Z,a4t:02t,48,19.35,16.7,28.4,23.6,23,h,16.7,23,16.7,23,0,0.004,1079.575,2.629,0.351,18,22.3,-0.391,14,283,31.362,62.901,2.019,52.611,,,,,1
2026-10-08T07:00Z,2026-10-08T08:00Z,a4t:50t,1,32.55,28.6,28.4,24.7,29.1,h,28.6,29.1,28.5,29.1,0.002,0.099,958.612,1.464,0.354,25,29.1,-0.134,15,281,31.094,65.373,1.17,17.69,,,33.1,47,1
2026-10-08T07:00Z,2026-10-08T10:00Z,a4t:50t,3,37.95,33.5,28.5,24.8,29.2,h,33.5,29.2,33.4,29.2,0.006,0.087,281.47,1.97,0.246,25,29.1,-0.134,17,281,29.436,74.548,1.476,300.022,,,33.1,47,1
2026-10-08T07:00Z,2026-10-08T13:00Z,a4t:50t,6,50.85,45.3,30.5,26.7,29.5,h,45.3,29.5,45.3,29.5,0.01,0.055,46.568,1.464,0.571,25,29.1,-0.134,20,281,26.367,90.746,0.866,67.705,,,33.1,47,1
2026-10-08T07:00Z,2026-10-08T19:00Z,a4t:50t,12,50.7,45.8,39.7,35.1,31.3,h,45.8,31.3,45.9,31.3,0.008,0.036,81.331,2.742,0,25,29.1,-0.134,2,281,25.245,96.041,1.136,309.78,,,33.1,47,1
2026-10-08T07:00Z,2026-10-09T07:00Z,a4t:50t,24,23.95,22.1,40.6,36.5,31.5,h,22.1,31.5,22.1,31.5,0.021,0.036,1240.663,2.591,0.137,25,29.1,-0.134,14,282,31.963,59.387,2.041,23.636,,,33.1,47,1
2026-10-08T07:00Z,2026-10-10T07:00Z,a4t:50t,48,19.35,18.4,28.4,26.6,27.9,h,18.4,27.9,18.4,27.9,0,0.004,1084.041,2.56,0.347,25,29.1,-0.134,14,283,31.374,62.798,1.962,53.684,,,33.1,47,1
2026-10-08T07:00Z,2026-10-08T08:00Z,a4t:52t,1,32.55,20.2,28.4,17.2,27.9,h,20.2,27.9,20.2,27.9,0.002,0.105,983.453,1.46,0.323,15,27.9,-0.481,15,281,31.154,64.915,1.177,21.472,,,,,1
2026-10-08T07:00Z,2026-10-08T10:00Z,a4t:52t,3,37.95,24,28.5,17.3,27.9,h,24,27.9,24,27.9,0.006,0.091,283.839,1.99,0.264,15,27.9,-0.481,17,281,29.387,74.794,1.485,302.312,,,,,1
2026-10-08T07:00Z,2026-10-08T13:00Z,a4t:52t,6,50.85,33.2,30.5,18.8,28,h,33.2,28,33.2,28,0.009,0.056,47.545,1.528,0.537,15,27.9,-0.481,20,281,26.33,90.662,0.863,66.517,,,,,1
2026-10-08T07:00Z,2026-10-08T19:00Z,a4t:52t,12,50.7,34.8,39.7,25.3,28.6,h,34.8,28.6,34.9,28.6,0.007,0.035,84.493,2.806,0,15,27.9,-0.481,2,281,25.258,95.992,1.164,309.461,,,,,1
2026-10-08T07:00Z,2026-10-09T07:00Z,a4t:52t,24,23.95,17.7,40.6,27.6,27.8,h,17.7,27.8,17.7,27.8,0.019,0.033,1247.079,2.647,0.13,15,27.9,-0.481,14,282,31.985,59.282,2.084,24.826,,,,,1
2026-10-08T07:00Z,2026-10-10T07:00Z,a4t:52t,48,19.35,16.1,28.4,22.5,25.2,h,16.1,25.2,16.1,25.2,0,0.004,1078.201,2.624,0.351,15,27.9,-0.481,14,283,31.355,62.941,2.015,52.583,,,,,1
2026-10-08T07:00Z,2026-10-08T08:00Z,a4t:53t,1,32.55,24.1,28.4,20.7,28.2,h,24.1,28.2,24.1,28.2,0.004,0.096,956.261,1.517,0.325,18,28.2,-0.303,15,281,31.14,65.34,1.214,17.019,,,34,34,1
2026-10-08T07:00Z,2026-10-08T10:00Z,a4t:53t,3,37.95,28.5,28.5,20.8,28.3,h,28.5,28.3,28.4,28.3,0.009,0.085,279.199,2.1,0.231,18,28.2,-0.303,17,281,29.548,74.174,1.581,298.603,,,34,34,1
2026-10-08T07:00Z,2026-10-08T13:00Z,a4t:53t,6,50.85,38.9,30.5,22.5,28.4,h,38.9,28.4,38.9,28.4,0.015,0.057,46.094,1.513,0.663,18,28.2,-0.303,20,281,26.373,91.017,0.958,73.953,,,34,34,1
2026-10-08T07:00Z,2026-10-08T19:00Z,a4t:53t,12,50.7,40,39.7,29.9,29.6,h,40,29.6,40.1,29.6,0.011,0.04,78.374,2.639,0,18,28.2,-0.303,2,281,25.215,96.449,1.101,307.827,,,34,34,1
2026-10-08T07:00Z,2026-10-09T07:00Z,a4t:53t,24,23.95,19.8,40.6,31.8,29.4,h,19.8,29.4,19.8,29.4,0.026,0.043,1254.178,2.496,0.124,18,28.2,-0.303,14,282,32.029,59.05,1.966,24.159,,,34,34,1
2026-10-08T07:00Z,2026-10-10T07:00Z,a4t:53t,48,19.35,17.2,28.4,24.5,26.4,h,17.2,26.4,17.2,26.4,0,0.004,1105.417,2.554,0.337,18,28.2,-0.303,14,283,31.476,62.208,1.953,55.567,,,34,34,1
2026-10-08T07:00Z,2026-10-08T08:00Z,a4t:59t,1,32.55,18.4,28.4,15.4,20.1,h,18.4,20.1,18.4,20.1,0.004,0.103,979.167,1.502,0.307,13,20.1,-0.583,15,281,31.182,64.983,1.21,19.921,0.4,202,32.9,55,1
2026-10-08T07:00Z,2026-10-08T10:00Z,a4t:59t,3,37.95,22,28.5,15.6,20.2,h,22,20.2,22,20.2,0.009,0.091,282.199,2.114,0.251,13,20.1,-0.583,17,281,29.477,74.526,1.585,300.757,0.4,202,32.9,55,1
2026-10-08T07:00Z,2026-10-08T13:00Z,a4t:59t,6,50.85,30.7,30.5,17,20.4,h,30.7,20.4,30.7,20.4,0.013,0.059,47.022,1.572,0.616,13,20.1,-0.583,20,281,26.336,90.908,0.95,71.592,0.4,202,32.9,55,1
2026-10-08T07:00Z,2026-10-08T19:00Z,a4t:59t,12,50.7,32.5,39.7,23.2,21.6,h,32.5,21.6,32.6,21.6,0.01,0.038,81.453,2.706,0,13,20.1,-0.583,2,281,25.232,96.339,1.125,307.891,0.4,202,32.9,55,1
2026-10-08T07:00Z,2026-10-09T07:00Z,a4t:59t,24,23.95,16.8,40.6,25.7,21.9,h,16.8,21.9,16.8,21.9,0.024,0.04,1259.383,2.562,0.121,13,20.1,-0.583,14,282,32.041,58.972,2.017,25.06,0.4,202,32.9,55,1
2026-10-08T07:00Z,2026-10-10T07:00Z,a4t:59t,48,19.35,15.6,28.4,21.6,20.8,h,15.6,20.8,15.6,20.8,0,0.004,1097.135,2.614,0.345,13,20.1,-0.583,14,283,31.443,62.419,2.004,54.026,0.4,202,32.9,55,1
2026-10-08T07:00Z,2026-10-08T08:00Z,a4t:61t,1,17.85,11.2,26.7,16.5,22.7,h,11.2,22.7,11.2,22.7,0.003,0.09,934.322,1.505,0.364,13,22.7,-0.457,15,281,31.067,65.758,1.195,14.1,,,,,1
2026-10-08T07:00Z,2026-10-08T10:00Z,a4t:61t,3,19.4,12.4,26.8,16.6,22.7,h,12.4,22.7,12.4,22.7,0.007,0.08,277.799,2.024,0.22,13,22.7,-0.457,17,281,29.549,74.081,1.526,297.107,,,,,1
2026-10-08T07:00Z,2026-10-08T13:00Z,a4t:61t,6,38.05,25.3,28.6,17.9,22.7,h,25.3,22.7,25.3,22.7,0.013,0.054,45.405,1.429,0.657,13,22.7,-0.457,20,281,26.406,90.976,0.919,72.736,,,,,1
2026-10-08T07:00Z,2026-10-08T19:00Z,a4t:61t,12,45,31.5,34.3,22.2,23,h,31.5,23,31.6,23,0.011,0.039,76.8,2.626,0,13,22.7,-0.457,2,281,25.216,96.321,1.093,308.959,,,,,1
2026-10-08T07:00Z,2026-10-09T07:00Z,a4t:61t,24,14.7,11,32,22.2,22.6,h,11,22.6,11,22.6,0.025,0.043,1241.983,2.486,0.136,13,22.7,-0.457,14,282,31.98,59.302,1.959,22.813,,,,,1
2026-10-08T07:00Z,2026-10-10T07:00Z,a4t:61t,48,8.8,7.3,19.8,15.8,19.3,h,7.3,19.3,7.3,19.3,0,0.004,1101.607,2.498,0.337,13,22.7,-0.457,14,283,31.45,62.331,1.908,55.937,,,,,1
2026-10-08T07:00Z,2026-10-08T08:00Z,a4t:o10,1,17.85,12.6,26.7,18.7,23.8,h,12.6,23.8,12.6,23.8,0.003,0.085,921.777,1.519,0.371,20,23.8,-0.343,15,281,31.048,65.945,1.202,12.582,,,,,1
2026-10-08T07:00Z,2026-10-08T10:00Z,a4t:o10,3,19.4,13.9,26.8,18.8,23.8,h,13.9,23.8,13.9,23.8,0.008,0.077,276.003,2.025,0.208,20,23.8,-0.343,17,281,29.594,73.863,1.529,295.813,,,,,1
2026-10-08T07:00Z,2026-10-08T13:00Z,a4t:o10,6,38.05,28,28.6,20.1,23.8,h,28,23.8,28,23.8,0.013,0.053,44.879,1.4,0.687,20,23.8,-0.343,20,281,26.426,91.05,0.928,74.524,,,,,1
2026-10-08T07:00Z,2026-10-08T19:00Z,a4t:o10,12,45,34.4,34.3,24.8,24.3,h,34.4,24.3,34.5,24.3,0.012,0.04,74.992,2.585,0,20,23.8,-0.343,2,281,25.205,96.403,1.08,308.825,,,,,1
2026-10-08T07:00Z,2026-10-09T07:00Z,a4t:o10,24,14.7,11.8,32,24.3,24,h,11.8,24,11.8,24,0.026,0.045,1239.769,2.445,0.137,20,23.8,-0.343,14,282,31.977,59.329,1.928,22.321,,,,,1
2026-10-08T07:00Z,2026-10-10T07:00Z,a4t:o10,48,8.8,7.7,19.8,16.7,20.3,h,7.7,20.3,7.7,20.3,0,0.004,1107.239,2.466,0.332,20,23.8,-0.343,14,283,31.474,62.185,1.881,56.956,,,,,1
2026-10-08T07:00Z,2026-10-08T08:00Z,a4t:107t,1,8.2,13,9.4,15,19.7,h,13,19.7,13,19.7,0,0.013,1249.499,3.517,0,13,19.7,0.434,15,281,29.85,56.776,2.75,3.708,2.1,2,31,44,1
2026-10-08T07:00Z,2026-10-08T10:00Z,a4t:107t,3,8.6,13.3,9.3,14.9,19.8,h,13.3,19.8,13.3,19.8,0,0.012,594.947,4.075,0,13,19.7,0.434,17,281,28.371,65.464,2.273,12.74,2.1,2,31,44,1
2026-10-08T07:00Z,2026-10-08T13:00Z,a4t:107t,6,9.55,14.4,9.6,15.3,19.8,h,14.4,19.8,14.4,19.8,0,0.01,96.508,3.495,0,13,19.7,0.434,20,281,25.419,80.225,1.391,82.064,2.1,2,31,44,1
2026-10-08T07:00Z,2026-10-08T19:00Z,a4t:107t,12,11.3,16.1,10.3,16,19.4,h,16.1,19.4,16.1,19.4,0,0.02,147.018,3.511,0,13,19.7,0.434,2,281,23.405,88.362,1.348,72.383,2.1,2,31,44,1
2026-10-08T07:00Z,2026-10-09T07:00Z,a4t:107t,24,14.149999999999999,18.6,13.3,18.7,19.4,h,18.6,19.4,18.6,19.4,0,0.021,1211.359,4.508,0.084,13,19.7,0.434,14,282,30.164,58.787,3.48,24.448,2.1,2,31,44,1
2026-10-08T07:00Z,2026-10-10T07:00Z,a4t:107t,48,1.05,1.4,7,9,14.3,h,1.4,14.3,1.4,14.3,0,0,746.12,4.006,0.855,13,19.7,0.434,14,283,28.279,78.216,3.09,80.233,2.1,2,31,44,1
2026-10-08T07:00Z,2026-10-08T08:00Z,a4t:94t,1,7.45,13.9,9.5,18,11.7,h,13.9,11.7,13.9,11.7,0,0.009,1053.328,1.732,0.009,17,11.7,0.593,15,281,31.232,64.347,1.412,36.913,1.9,7,,,1
2026-10-08T07:00Z,2026-10-08T10:00Z,a4t:94t,3,7.6,13.8,9.3,17.6,11.7,h,13.8,11.7,13.8,11.7,0,0.007,797.752,1.537,0.019,17,11.7,0.593,17,281,30.617,66.027,1.103,25.209,1.9,7,,,1
2026-10-08T07:00Z,2026-10-08T13:00Z,a4t:94t,6,9.55,16.6,9.1,17,11.8,h,16.6,11.8,16.6,11.8,0,0.006,86.693,2.665,0,17,11.7,0.593,20,281,27.196,87.381,1.323,162.457,1.9,7,,,1
2026-10-08T07:00Z,2026-10-08T19:00Z,a4t:94t,12,11.75,19,9.1,16.4,12.3,h,19,12.3,19,12.3,0,0.005,33.872,1.534,0,17,11.7,0.593,2,281,25.043,95.473,0.662,273.783,1.9,7,,,1
2026-10-08T07:00Z,2026-10-09T07:00Z,a4t:94t,24,7.449999999999999,11,9.6,15.6,13,h,11,13,11,13,0,0.003,969.507,2.005,0.091,17,11.7,0.593,14,282,30.669,72.344,1.715,342.486,1.9,7,,,1
2026-10-08T07:00Z,2026-10-10T07:00Z,a4t:94t,48,9.850000000000001,12.4,12.8,17.1,14.4,h,12.4,14.4,12.4,14.4,0,0.001,324.557,3.213,5.029,17,11.7,0.593,14,283,26.492,91.26,2.513,348.311,1.9,7,,,1
2026-10-08T07:00Z,2026-10-08T08:00Z,a4t:46t,1,12.149999999999999,20.1,10.3,17.4,22.1,h,20.1,22.1,20.1,22.1,0,0.027,1173.041,3.177,0.027,18,22.1,0.494,15,281,29.602,57.817,2.508,20.668,,,,,1
2026-10-08T07:00Z,2026-10-08T10:00Z,a4t:46t,3,12.7,20.6,10.5,17.7,22.2,h,20.6,22.2,20.6,22.2,0,0.023,817.51,3.843,0,18,22.1,0.494,17,281,28.336,65.89,2.264,24.152,,,,,1
2026-10-08T07:00Z,2026-10-08T13:00Z,a4t:46t,6,17.549999999999997,27.4,11.3,18.8,22.4,h,27.4,22.4,27.4,22.4,0,0.015,64.746,3.437,0,18,22.1,0.494,20,281,25.189,80.256,1.209,68.83,,,,,1
2026-10-08T07:00Z,2026-10-08T19:00Z,a4t:46t,12,14.850000000000001,22.1,13.7,22,22.8,h,22.1,22.8,22.2,22.8,0,0.012,52.92,2.696,0,18,22.1,0.494,2,281,22.963,87.982,0.926,65.489,,,,,1
2026-10-08T07:00Z,2026-10-09T07:00Z,a4t:46t,24,17.6,23.9,16.2,23.9,22.7,h,23.9,22.7,23.9,22.7,0,0.021,1264.084,4.617,0.065,18,22.1,0.494,14,282,30.424,57.08,3.58,18.394,,,,,1
2026-10-08T07:00Z,2026-10-10T07:00Z,a4t:46t,48,2.0999999999999996,2.7,10.8,14,18.1,h,2.7,18.1,2.7,18.1,0,0,747.256,3.386,0.899,18,22.1,0.494,14,283,27.956,78.739,2.617,75.695,,,,,1
2026-10-08T07:00Z,2026-10-08T08:00Z,a4t:100t,1,5.4,15.6,6.7,19.7,8.8,h,15.6,8.8,15.6,8.8,0,0,897.078,2.285,0.075,14,8.8,0.994,15,281,30.321,65.398,1.973,331.556,0.8,25,34.5,47,1
2026-10-08T07:00Z,2026-10-08T10:00Z,a4t:100t,3,5.55,15.3,6.2,18.2,8.9,h,15.3,8.9,15.3,8.9,0,0,214.445,0.901,0.012,14,8.8,0.994,17,281,29.236,71.966,0.824,316.597,0.8,25,34.5,47,1
2026-10-08T07:00Z,2026-10-08T13:00Z,a4t:100t,6,7.75,19.7,6.1,17.7,9.1,h,19.7,9.1,19.7,9.1,0,0.001,227.234,0.465,0,14,8.8,0.994,20,281,26.735,85.603,0.459,278.165,0.8,25,34.5,47,1
2026-10-08T07:00Z,2026-10-08T19:00Z,a4t:100t,12,10.55,23.7,6.8,18.2,10.5,h,23.7,10.5,23.8,10.5,0,0.002,192.927,1.853,0,14,8.8,0.994,2,281,25.566,85.472,1.217,351.2,0.8,25,34.5,47,1
2026-10-08T07:00Z,2026-10-09T07:00Z,a4t:100t,24,8.45,16.1,8,18.3,11.8,h,16.1,11.8,16.1,11.9,0,0.002,962.582,3.556,0.134,14,8.8,0.994,14,282,30.33,65.641,2.74,10.437,0.8,25,34.5,47,1
2026-10-08T07:00Z,2026-10-10T07:00Z,a4t:100t,48,2.4,3.9,5.7,9.8,9.3,h,3.9,9.3,3.9,9.3,0,0.007,745.482,1.038,0.291,14,8.8,0.994,14,283,29.639,72.548,1.06,191.357,0.8,25,34.5,47,1
2026-10-08T07:00Z,2026-10-08T08:00Z,a4t:60t,1,6.15,14.4,14.7,33.8,17.4,h,14.4,17.4,14.4,17.4,0,0.009,871.928,1.989,0.687,21,17.4,0.797,15,281,30.73,66.81,1.524,348.887,,,,,1
2026-10-08T07:00Z,2026-10-08T10:00Z,a4t:60t,3,6.65,14.9,14.5,33.3,17.5,h,14.9,17.5,14.9,17.5,0,0.01,239.855,1.061,0.105,21,17.4,0.797,17,281,29.73,72.12,0.817,301.894,,,,,1
2026-10-08T07:00Z,2026-10-08T13:00Z,a4t:60t,6,16.35,33.5,15,34.1,17.8,h,33.5,17.8,33.5,17.8,0,0.01,34.2,0.854,0.504,21,17.4,0.797,20,281,26.463,89.947,0.866,75.639,,,,,1
2026-10-08T07:00Z,2026-10-08T19:00Z,a4t:60t,12,21,39.4,16,34.5,19.4,h,39.4,19.4,39.5,19.4,0.002,0.013,39.736,1.698,0,21,17.4,0.797,2,281,24.69,94.841,0.71,326.377,,,,,1
2026-10-08T07:00Z,2026-10-09T07:00Z,a4t:60t,24,8.95,15,15.3,28.9,21.1,h,15,21.1,15,21.1,0.013,0.022,1206.019,2.763,0.263,21,17.4,0.797,14,282,31.69,59.694,2.132,14.075,,,,,1
2026-10-08T07:00Z,2026-10-10T07:00Z,a4t:60t,48,3.95,5.6,11.8,17.5,17.5,h,5.6,17.5,5.6,17.5,0,0.006,1117.217,1.477,0.317,21,17.4,0.797,14,283,31.393,62.065,1.044,73.881,,,,,1
2026-10-08T07:00Z,2026-10-08T08:00Z,a4t:33t,1,5.9,7.7,13.8,17.8,16.6,h,7.7,16.6,7.7,16.6,0,0.005,584.894,2.87,1.64,11,16.6,0.242,15,281,29.251,77.12,2.31,312.394,,,,,1
2026-10-08T07:00Z,2026-10-08T10:00Z,a4t:33t,3,6.6,8.5,13.4,17.4,16.6,h,8.5,16.6,8.5,16.6,0,2.233,282.113,1.776,0.256,11,16.6,0.242,17,281,28.465,79.041,1.384,272.071,,,,,1
2026-10-08T07:00Z,2026-10-08T13:00Z,a4t:33t,6,13.3,16.6,13.5,17.4,16.6,h,16.6,16.6,16.6,16.6,0,0.242,30.492,1.441,0.059,11,16.6,0.242,20,281,26.652,90.159,0.732,7.929,,,,,1
2026-10-08T07:00Z,2026-10-08T19:00Z,a4t:33t,12,19.15,23.1,14,17.7,16.7,h,23.1,16.7,23.2,16.7,0,0.063,30.495,2.248,0,11,16.6,0.242,2,281,25.296,92.038,0.915,344.414,,,,,1
2026-10-08T07:00Z,2026-10-09T07:00Z,a4t:33t,24,8.4,9.8,13.2,16,16.4,h,9.8,16.4,9.8,16.4,0.006,0.014,1115.857,3.353,0.451,11,16.6,0.242,14,282,31.058,61.766,2.673,354.726,,,,,1
2026-10-08T07:00Z,2026-10-10T07:00Z,a4t:33t,48,3.4,3.8,8.4,9.5,13,h,3.8,13,3.8,13,0,0.006,1003.463,1.741,0.541,11,16.6,0.242,14,283,30.605,65.482,1.335,27.452,,,,,1
2026-10-08T07:00Z,2026-10-08T08:00Z,a4t:34t,1,23.3,20.6,17.2,15.1,16,h,20.6,16,20.6,16,0,0.018,615.026,2.281,1.27,31,16,-0.124,15,281,29.714,74.736,1.751,319.854,,,,,1
2026-10-08T07:00Z,2026-10-08T10:00Z,a4t:34t,3,23.65,21,17.8,15.7,15.9,h,21,15.9,21,15.9,0,0.021,284.707,1.949,0.194,31,16,-0.124,17,281,29.023,76.645,1.493,273.337,,,,,1
2026-10-08T07:00Z,2026-10-08T13:00Z,a4t:34t,6,25,22.3,19.5,17.2,15.9,h,22.3,15.9,22.3,15.9,0,0.018,33.962,1.132,0.419,31,16,-0.124,20,281,26.758,90.662,0.786,26.874,,,,,1
2026-10-08T07:00Z,2026-10-08T19:00Z,a4t:34t,12,23.15,21,23.5,20.8,16.8,h,21,16.8,21.1,16.8,0.002,0.021,42.348,2.276,0,31,16,-0.124,2,281,25.323,94.12,0.909,331.158,,,,,1
2026-10-08T07:00Z,2026-10-09T07:00Z,a4t:34t,24,14.45,13.3,21.9,19.8,17.2,h,13.3,17.2,13.3,17.2,0.012,0.024,1134.051,2.734,0.353,31,16,-0.124,14,282,31.356,61.34,2.196,357.85,,,,,1
2026-10-08T07:00Z,2026-10-10T07:00Z,a4t:34t,48,7.3,6.9,11.6,10.9,13.5,h,6.9,13.5,6.9,13.5,0,0.005,1051.794,1.896,0.454,31,16,-0.124,14,283,30.992,63.941,1.388,46.51,,,,,1
2026-10-08T07:00Z,2026-10-08T08:00Z,a4t:o61,1,23.3,12.9,17.2,9.1,14.9,h,12.9,14.9,12.9,14.9,0,0.012,564.456,2.556,1.559,17,14.9,-0.594,15,281,29.316,76.909,2.025,311.385,,,,,1
2026-10-08T07:00Z,2026-10-08T10:00Z,a4t:o61,3,23.65,13.4,17.8,9.5,15,h,13.4,15,13.4,15,0,0.014,296.168,1.78,0.249,17,14.9,-0.594,17,281,28.571,78.681,1.359,269.886,,,,,1
2026-10-08T07:00Z,2026-10-08T13:00Z,a4t:o61,6,25,14.7,19.5,10.6,15,h,14.7,15,14.7,15,0,0.014,32.821,1.541,0.134,17,14.9,-0.594,20,281,26.785,90.014,0.645,7.673,,,,,1
2026-10-08T07:00Z,2026-10-08T19:00Z,a4t:o61,12,23.15,14.5,23.5,13.2,14.9,h,14.5,14.9,14.5,14.9,0.001,0.02,41.236,2.528,0,17,14.9,-0.594,2,281,25.43,92.706,0.961,338.474,,,,,1
2026-10-08T07:00Z,2026-10-09T07:00Z,a4t:o61,24,14.45,9.9,21.9,13.6,14.5,h,9.9,14.5,9.9,14.5,0.007,0.016,1095.467,3.096,0.43,17,14.9,-0.594,14,282,31.105,62.205,2.49,354.645,,,,,1
2026-10-08T07:00Z,2026-10-10T07:00Z,a4t:o61,48,7.3,5.7,11.6,8.6,11.8,h,5.7,11.8,5.7,11.8,0,0.005,993.404,1.921,0.519,17,14.9,-0.594,14,283,30.656,65.591,1.446,35.756,,,,,1
2026-10-08T07:00Z,2026-10-08T08:00Z,a4t:117t,1,7.4,9.9,10,13.3,11.9,h,9.9,11.9,9.9,11.9,0,0.002,1076.053,2.244,0.065,8,11.9,0.267,15,281,31.318,62.45,1.799,61.365,2.2,79,34.1,54,1
2026-10-08T07:00Z,2026-10-08T10:00Z,a4t:117t,3,7.9,10.4,9.5,12.7,11.9,h,10.4,11.9,10.4,11.9,0,0.002,420.412,2.058,0,8,11.9,0.267,17,281,29.919,71.717,1.54,357.892,2.2,79,34.1,54,1
2026-10-08T07:00Z,2026-10-08T13:00Z,a4t:117t,6,10.899999999999999,14,9.3,12.3,11.9,h,14,11.9,14,11.9,0,0.002,89.803,2.598,0.211,8,11.9,0.267,20,281,26.429,88.719,1.532,329.02,2.2,79,34.1,54,1
2026-10-08T07:00Z,2026-10-08T19:00Z,a4t:117t,12,13.850000000000001,17.2,9.8,12.8,12.1,h,17.2,12.1,17.2,12.1,0,0.001,80.394,3.394,0,8,11.9,0.267,2,281,24.846,94.143,1.349,336.726,2.2,79,34.1,54,1
2026-10-08T07:00Z,2026-10-09T07:00Z,a4t:117t,24,9.2,11,11.5,14.3,12.7,h,11,12.7,11,12.7,0,0.007,1069.24,3.039,0.21,8,11.9,0.267,14,282,31.477,62.208,2.434,29.176,2.2,79,34.1,54,1
2026-10-08T07:00Z,2026-10-10T07:00Z,a4t:117t,48,6.699999999999999,7.5,13.2,15,13.5,h,7.5,13.5,7.5,13.5,0,0.002,481.571,4.987,3.298,8,11.9,0.267,14,283,27.163,84.875,3.66,56.812,2.2,79,34.1,54,1
2026-10-08T07:00Z,2026-10-08T08:00Z,a4t:108t,1,11.25,18.2,7.2,12.1,14.4,h,18.2,14.4,18.2,14.4,0,0.004,1105.131,3.672,0.22,21,14.4,0.467,15,281,29.775,58.939,2.899,64.902,,,,,1
2026-10-08T07:00Z,2026-10-08T10:00Z,a4t:108t,3,11.850000000000001,18.8,7.4,12.4,14.5,h,18.8,14.5,18.8,14.5,0,0.008,758.9,4.377,0,21,14.4,0.467,17,281,28.329,68.363,2.656,62.934,,,,,1
2026-10-08T07:00Z,2026-10-08T13:00Z,a4t:108t,6,13.75,21.1,8.2,13.4,14.7,h,21.1,14.7,21.1,14.7,0,0.015,77.407,3.705,0,21,14.4,0.467,20,281,25.377,80.838,1.378,73.497,,,,,1
2026-10-08T07:00Z,2026-10-08T19:00Z,a4t:108t,12,13.55,19.8,10.5,16.5,15,h,19.8,15,19.8,15,0,0.018,36.61,2.325,0,21,14.4,0.467,2,281,23.465,86.171,0.822,54.414,,,,,1
2026-10-08T07:00Z,2026-10-09T07:00Z,a4t:108t,24,13.1,17.6,13,19,15.9,h,17.6,15.9,17.6,15.9,0,0.011,1211.486,3.23,0.196,21,14.4,0.467,14,282,30.586,55.905,2.59,42.199,,,,,1
2026-10-08T07:00Z,2026-10-10T07:00Z,a4t:108t,48,3.4,4.2,10.8,13.8,14.1,h,4.2,14.1,4.2,14.1,0,0.001,841.437,5.401,0.229,21,14.4,0.467,14,283,27.861,76.768,4.163,61.414,,,,,1
2026-10-08T07:00Z,2026-10-08T08:00Z,a4t:118t,1,4.9,14.2,4.3,13.1,18.1,h,14.2,18.1,14.2,18.1,0,0,549.704,1.264,0.604,9,18.1,0.986,15,281,27.596,85.014,1.076,34.708,1.2,87,32.4,64,1
2026-10-08T07:00Z,2026-10-08T10:00Z,a4t:118t,3,4.55,12.8,4.4,13.3,18.1,h,12.8,18.1,12.8,18.1,0,0,197.382,0.964,0.897,9,18.1,0.986,17,281,25.123,94.268,0.554,229.211,1.2,87,32.4,64,1
2026-10-08T07:00Z,2026-10-08T13:00Z,a4t:118t,6,5.5,14.2,4.5,13.3,18,h,14.2,18,14.2,18,0,0,112.023,1.742,0.04,9,18.1,0.986,20,281,24.652,95.519,0.699,8.293,1.2,87,32.4,64,1
2026-10-08T07:00Z,2026-10-08T19:00Z,a4t:118t,12,7.05,16.1,5,13.9,17.9,h,16.1,17.9,16.1,17.9,0,0,119.457,1.224,0,9,18.1,0.986,2,281,23.901,94.922,0.585,325.434,1.2,87,32.4,64,1
2026-10-08T07:00Z,2026-10-09T07:00Z,a4t:118t,24,10.95,20.5,7,15.8,17.4,h,20.5,17.4,20.5,17.4,0,0.001,526.009,3.797,0.755,9,18.1,0.986,14,282,28.338,76.006,3.045,15.006,1.2,87,32.4,64,1
2026-10-08T07:00Z,2026-10-10T07:00Z,a4t:118t,48,3.8,5.8,8.9,14.9,16.5,h,5.8,16.5,5.8,16.5,0,0.001,760.664,3.569,0.325,9,18.1,0.986,14,283,27.732,83.556,2.811,56.855,1.2,87,32.4,64,1
2026-10-08T07:00Z,2026-10-08T08:00Z,a4t:93t,1,14.75,40.9,12.1,35.8,26,h,40.9,26,40.8,26,0,0,393.013,3.207,2.007,34,26,1.042,15,281,27.277,82.548,2.523,253.661,,,,,1
2026-10-08T07:00Z,2026-10-08T10:00Z,a4t:93t,3,15,39.9,12,35.4,26.2,h,39.9,26.2,39.8,26.2,0,0,254.212,1.55,0.158,34,26,1.042,17,281,26.649,86.875,1.192,268.286,,,,,1
2026-10-08T07:00Z,2026-10-08T13:00Z,a4t:93t,6,11.5,29.2,12.1,35.1,26.4,h,29.2,26.4,29.2,26.4,0,0,198.021,1.708,0.034,34,26,1.042,20,281,25.842,91.553,0.802,279.634,,,,,1
2026-10-08T07:00Z,2026-10-08T19:00Z,a4t:93t,12,9.2,21.2,11.8,32.7,26.8,h,21.2,26.8,21.3,26.8,0,0,189.788,1.252,0,34,26,1.042,2,281,25.083,92.189,0.583,291.527,,,,,1
2026-10-08T07:00Z,2026-10-09T07:00Z,a4t:93t,24,7.8,15.1,10.2,24.1,25.4,h,15.1,25.4,15.1,25.4,0,0,725.294,2.059,1.212,34,26,1.042,14,282,28.796,80.278,1.67,277.677,,,,,1
2026-10-08T07:00Z,2026-10-10T07:00Z,a4t:93t,48,5.25,8,4.2,7.4,16.7,h,8,16.7,8,16.7,0,0,296.152,0.668,3.556,34,26,1.042,14,283,26.349,89.406,0.64,225.85,,,,,1
2026-10-08T07:00Z,2026-10-08T08:00Z,a4t:87t,1,5.050000000000001,15.1,4.5,14.2,11,h,15.1,11,15.1,11,0,0.002,577.51,2.12,0.212,13,11,1.022,15,281,28.739,74.423,1.652,289.41,,,,,1
2026-10-08T07:00Z,2026-10-08T10:00Z,a4t:87t,3,5.35,15.3,4.3,13.5,11,h,15.3,11,15.3,11,0,0.001,277.996,1.366,0.12,13,11,1.022,17,281,27.442,84.114,1.178,297.849,,,,,1
2026-10-08T07:00Z,2026-10-08T13:00Z,a4t:87t,6,6.5,17.1,4.3,13.3,11.1,h,17.1,11.1,17.1,11.1,0,0.001,243.048,1.927,0,13,11,1.022,20,281,26.215,87.505,1.215,353.167,,,,,1
2026-10-08T07:00Z,2026-10-08T19:00Z,a4t:87t,12,12.7,28.9,5.8,16,12.2,h,28.9,12.2,29,12.2,0,0.001,214.323,3.371,0,13,11,1.022,2,281,25.107,89.153,2.17,4.189,,,,,1
2026-10-08T07:00Z,2026-10-09T07:00Z,a4t:87t,24,7.1,13.9,7.8,18.3,13.3,h,13.9,13.3,13.9,13.3,0,0.001,776.478,1.777,0.167,13,11,1.022,14,282,29.174,72.969,1.351,5.729,,,,,1
2026-10-08T07:00Z,2026-10-10T07:00Z,a4t:87t,48,1.75,3,4.9,8.7,9.8,h,3,9.8,3,9.8,0,0.004,424.646,1.322,1.662,13,11,1.022,14,283,27.979,85.228,1.354,166.995,,,,,1
2026-10-08T07:00Z,2026-10-08T08:00Z,a4t:105t,1,6.800000000000001,3.5,7.1,3.6,10.6,h,3.5,10.6,3.5,10.6,0,0.009,983.236,1.998,0.18,2,10.6,-0.573,15,281,31.308,62.378,1.584,24.526,1.5,202,29.5,64,1
2026-10-08T07:00Z,2026-10-08T10:00Z,a4t:105t,3,7.65,4.1,7.2,3.7,10.4,h,4.1,10.4,4.1,10.4,0,0.009,395.47,1.09,0.017,2,10.6,-0.573,17,281,30.478,67.619,0.69,337.315,1.5,202,29.5,64,1
2026-10-08T07:00Z,2026-10-08T13:00Z,a4t:105t,6,11.4,6.6,7.7,4,10.2,h,6.6,10.2,6.6,10.2,0.01,0.015,54.911,1.732,0.75,2,10.6,-0.573,20,281,26.816,88.661,1.028,94.531,1.5,202,29.5,64,1
2026-10-08T07:00Z,2026-10-08T19:00Z,a4t:105t,12,9.7,5.9,8.5,4.6,9.7,h,5.9,9.7,5.9,9.7,0.03,0.035,59.126,1.362,0,2,10.6,-0.573,2,281,24.868,95.018,0.813,325.942,1.5,202,29.5,64,1
2026-10-08T07:00Z,2026-10-09T07:00Z,a4t:105t,24,9,6.1,10,6.1,9.2,h,6.1,9.2,6.1,9.2,0.009,0.018,1210.868,2.351,0.114,2,10.6,-0.573,14,282,31.936,59.032,1.849,28.862,1.5,202,29.5,64,1
2026-10-08T07:00Z,2026-10-10T07:00Z,a4t:105t,48,3.95,3,11.1,8.3,9.4,h,3,9.4,3,9.4,0,0.004,1129.088,2.64,0.184,2,10.6,-0.573,14,283,31.491,61.403,2.012,85.827,1.5,202,29.5,64,1
2026-10-08T07:00Z,2026-10-08T08:00Z,a4t:47t,1,7.75,19,8.1,20.8,21.5,h,19,21.5,19,21.5,0,0,1100.519,3.925,0.097,16,21.5,0.881,15,281,29.874,61.18,3.058,42.258,,,,,1
2026-10-08T07:00Z,2026-10-08T10:00Z,a4t:47t,3,8.55,20.1,8.3,21.1,21.6,h,20.1,21.6,20.1,21.6,0,0,961.545,3.775,0,16,21.5,0.881,17,281,28.728,68.74,2.318,48.886,,,,,1
2026-10-08T07:00Z,2026-10-08T13:00Z,a4t:47t,6,12.45,27.3,8.8,22,21.8,h,27.3,21.8,27.3,21.8,0,0.002,82.793,3.76,0,16,21.5,0.881,20,281,26.061,80.31,1.332,70.152,,,,,1
2026-10-08T07:00Z,2026-10-08T19:00Z,a4t:47t,12,15.8,31.4,10.3,24,22.7,h,31.4,22.7,31.5,22.7,0,0.007,48.014,2.956,0,16,21.5,0.881,2,281,23.702,89.74,1.013,56.512,,,,,1
2026-10-08T07:00Z,2026-10-09T07:00Z,a4t:47t,24,12.05,20.8,12.2,24.5,22.5,h,20.8,22.5,20.8,22.5,0,0.011,1121.462,3.224,0,16,21.5,0.881,14,282,30.284,65.968,2.599,27.534,,,,,1
2026-10-08T07:00Z,2026-10-10T07:00Z,a4t:47t,48,2.55,3.8,10.4,16.4,18.9,h,3.8,18.9,3.8,18.9,0,0.002,916.471,4.623,0.303,16,21.5,0.881,14,283,29.65,66.907,3.498,84.73,,,,,1
2026-10-08T07:00Z,2026-10-08T08:00Z,a4t:89t,1,14.55,62.3,7.2,34.9,29.4,h,62.3,29.4,62.2,29.4,0,0,422.999,3.623,3.13,37,29.3,1.494,15,281,27.688,87.123,2.8,235.532,,,,,1
2026-10-08T07:00Z,2026-10-08T10:00Z,a4t:89t,3,14,56.6,7.2,34.2,29.6,h,56.6,29.6,56.5,29.6,0,0,201.627,0.147,0.676,37,29.3,1.494,17,281,25.857,94.969,0.1,314.729,,,,,1
2026-10-08T07:00Z,2026-10-08T13:00Z,a4t:89t,6,10.75,40.6,7.4,34.2,30.1,h,40.6,30.1,40.6,30.1,0,0,99.373,2.546,0.055,37,29.3,1.494,20,281,25.324,97.413,1.049,280.816,,,,,1
2026-10-08T07:00Z,2026-10-08T19:00Z,a4t:89t,12,8.7,28.6,8.6,36.2,31.3,h,28.6,31.3,28.7,31.3,0,0,52.124,2.514,0,37,29.3,1.494,2,281,24.195,97.741,1.039,262.517,,,,,1
2026-10-08T07:00Z,2026-10-09T07:00Z,a4t:89t,24,3.4,9.5,9.3,32.2,30.2,h,9.5,30.2,9.5,30.3,0,0,1278.96,3.241,0.16,37,29.3,1.494,14,282,31.871,64.535,2.519,350.917,,,,,1
2026-10-08T07:00Z,2026-10-10T07:00Z,a4t:89t,48,5.4,9.8,4.4,9.6,19.4,h,9.8,19.4,9.8,19.4,0,0,471.049,3.34,0.792,37,29.3,1.494,14,283,27.403,85.622,2.515,30.383,,,,,1
2026-10-08T07:00Z,2026-10-08T08:00Z,a4t:41t,1,7.05,8.7,,,,h,8.7,,8.7,,0,0.007,1140.776,1.492,0.141,,,0.2,15,281,31.156,65.859,1.233,47.695,,,,,1
2026-10-08T07:00Z,2026-10-08T10:00Z,a4t:41t,3,7.25,8.8,,,,h,8.8,,8.8,,0,0.006,354.931,2.075,0.191,,,0.2,17,281,29.849,70.292,1.56,38.755,,,,,1
2026-10-08T07:00Z,2026-10-08T13:00Z,a4t:41t,6,9.8,11.7,,,,h,11.7,,11.7,,0,0.004,77.209,1.449,0,,,0.2,20,281,26.673,89.463,0.893,238.584,,,,,1
2026-10-08T07:00Z,2026-10-08T19:00Z,a4t:41t,12,14.35,16.8,,,,h,16.8,,16.8,,0,0.004,63.204,2.487,0,,,0.2,2,281,24.938,94.727,0.846,297.451,,,,,1
2026-10-08T07:00Z,2026-10-09T07:00Z,a4t:41t,24,8.100000000000001,9.2,,,,h,9.2,,9.2,,0,0.007,1157.132,1.724,0.064,,,0.2,14,282,31.252,68.593,1.4,350.161,,,,,1
2026-10-08T07:00Z,2026-10-10T07:00Z,a4t:41t,48,6.45,7,,,,h,7,,7,,0,0.002,397.369,4.404,4.547,,,0.2,14,283,26.482,88.985,3.023,80.038,,,,,1
2026-10-08T07:00Z,2026-10-08T08:00Z,a4t:13t,1,18.7,15,30,24.1,19,h,15,19,15,19,0.008,0.111,1014.757,1.555,0.238,12,19,-0.214,15,281,31.316,64.337,1.268,23.673,,,,,1
2026-10-08T07:00Z,2026-10-08T10:00Z,a4t:13t,3,20.700000000000003,16.8,29.6,23.7,19,h,16.8,19,16.8,19,0.015,0.098,284.199,2.319,0.264,12,19,-0.214,17,281,29.51,74.612,1.74,302.234,,,,,1
2026-10-08T07:00Z,2026-10-08T13:00Z,a4t:13t,6,47.2,39.1,29.8,24,19.2,h,39.1,19.2,39.1,19.2,0.019,0.065,47.939,1.749,0.662,12,19,-0.214,20,281,26.28,91.096,1.063,75.413,,,,,1
2026-10-08T07:00Z,2026-10-08T19:00Z,a4t:13t,12,35.5,30,31.4,25.7,20.6,h,30,20.6,30.1,20.6,0.011,0.04,82.575,2.68,0,12,19,-0.214,2,281,25.22,96.715,1.117,305.249,,,,,1
2026-10-08T07:00Z,2026-10-09T07:00Z,a4t:13t,24,17.1,14.9,29.7,25,20.9,h,14.9,20.9,14.9,20.9,0.026,0.042,1286.957,2.546,0.098,12,19,-0.214,14,282,32.153,58.372,2.004,27.326,,,,,1
2026-10-08T07:00Z,2026-10-10T07:00Z,a4t:13t,48,16.15,14.9,32.6,29.4,24.2,h,14.9,24.2,14.9,24.2,0,0.004,1112.577,2.709,0.345,12,19,-0.214,14,283,31.526,61.963,2.078,53.992,,,,,1
2026-10-08T07:00Z,2026-10-08T08:00Z,a4t:22t,1,18.7,19.1,30,30.8,24,h,19.1,24,19.1,24,0.012,0.115,1034.778,1.6,0.191,19,24,0.023,15,281,31.404,63.948,1.314,25.599,,,,,1
2026-10-08T07:00Z,2026-10-08T10:00Z,a4t:22t,3,20.700000000000003,21.2,29.6,30.3,24,h,21.2,24,21.2,24,0.021,0.104,284.756,2.464,0.268,19,24,0.023,17,281,29.556,74.566,1.85,302.672,,,,,1
2026-10-08T07:00Z,2026-10-08T13:00Z,a4t:22t,6,47.2,48.2,29.8,30.5,24.2,h,48.2,24.2,48.2,24.2,0.025,0.072,48.366,1.868,0.71,19,24,0.023,20,281,26.25,91.266,1.148,78.396,,,,,1
2026-10-08T07:00Z,2026-10-08T19:00Z,a4t:22t,12,35.5,36.2,31.4,32.1,25.6,h,36.2,25.6,36.3,25.7,0.012,0.044,82.593,2.648,0,19,24,0.023,2,281,25.206,97.026,1.107,303.208,,,,,1
2026-10-08T07:00Z,2026-10-09T07:00Z,a4t:22t,24,17.1,17.4,29.7,30.3,26,h,17.4,26,17.4,26,0.027,0.043,1305.706,2.517,0.082,19,24,0.023,14,282,32.232,57.954,1.982,28.828,,,,,1
2026-10-08T07:00Z,2026-10-10T07:00Z,a4t:22t,48,16.15,16.3,32.6,33,28.5,h,16.3,28.5,16.3,28.5,0,0.004,1126.291,2.761,0.342,19,24,0.023,14,283,31.598,61.567,2.119,54.401,,,,,1
2026-10-08T07:00Z,2026-10-08T08:00Z,a4t:62t,1,32.8,44.6,28.3,38.9,32.5,h,44.6,32.5,44.5,32.5,0,0.003,465.805,2.64,0.377,44,32.5,0.311,15,281,28.007,85.989,2.376,283.311,,,,,1
2026-10-08T07:00Z,2026-10-08T10:00Z,a4t:62t,3,29.35,39.4,27.4,37.7,32.6,h,39.4,32.6,39.3,32.6,0,0.001,314.367,3.065,1.787,44,32.5,0.311,17,281,26.956,88.64,2.686,301.278,,,,,1
2026-10-08T07:00Z,2026-10-08T13:00Z,a4t:62t,6,25.75,34,26.7,36.5,32.8,h,34,32.8,34,32.8,0,0.001,255.668,0.976,0.055,44,32.5,0.311,20,281,26.392,90.488,0.896,306.364,,,,,1
2026-10-08T07:00Z,2026-10-08T19:00Z,a4t:62t,12,24.4,31.2,26,35.1,33.3,h,31.2,33.3,31.3,33.3,0,0,219.398,2.126,0.113,44,32.5,0.311,2,281,25.67,92.493,1.753,262.951,,,,,1
2026-10-08T07:00Z,2026-10-09T07:00Z,a4t:62t,24,26.85,32.5,26.5,33.9,33,h,32.5,33,32.6,33,0,0,656.282,2.411,0.438,44,32.5,0.311,14,282,29.551,77.648,2.251,334.288,,,,,1
2026-10-08T07:00Z,2026-10-10T07:00Z,a4t:62t,48,14.350000000000001,16.2,18.6,21.7,27.1,h,16.2,27.1,16.2,27.1,0,0,797.485,0.671,1.201,44,32.5,0.311,14,283,29.757,72.387,0.661,340.366,,,,,1
2026-10-08T07:00Z,2026-10-08T08:00Z,a4t:67t,1,3.75,12.2,6.4,20.9,17.8,h,12.2,17.8,12.2,17.8,0,0.005,1086.856,1.304,0.002,15,17.8,1.084,15,281,30.625,56.864,0.988,338.358,,,,,1
2026-10-08T07:00Z,2026-10-08T10:00Z,a4t:67t,3,4.35,13.2,6.3,20.4,17.8,h,13.2,17.8,13.2,17.8,0,0.006,40.713,0.554,0,15,17.8,1.084,17,281,29.938,62.147,0.541,151.741,,,,,1
2026-10-08T07:00Z,2026-10-08T13:00Z,a4t:67t,6,8.9,23.8,6.2,19.8,17.7,h,23.8,17.7,23.8,17.7,0,0.008,50.387,2.62,0,15,17.8,1.084,20,281,26.019,83.033,0.586,164.635,,,,,1
2026-10-08T07:00Z,2026-10-08T19:00Z,a4t:67t,12,9.850000000000001,23.4,6.4,18.5,17.8,h,23.4,17.8,23.5,17.8,0,0.009,36.503,0.967,0,15,17.8,1.084,2,281,22.577,94.102,0.747,52.561,,,,,1
2026-10-08T07:00Z,2026-10-09T07:00Z,a4t:67t,24,6.55,13.2,8.6,20.3,18.5,h,13.2,18.5,13.2,18.5,0,0.007,1290.505,1.281,0.005,15,17.8,1.084,14,282,31.619,54.27,0.978,19.014,,,,,1
2026-10-08T07:00Z,2026-10-10T07:00Z,a4t:67t,48,15.2,22.8,13.6,22.6,19.5,h,22.8,19.5,22.8,19.5,0,0.008,289.074,2.564,2.596,15,17.8,1.084,14,283,26.234,86.87,1.865,74.922,,,,,1
2026-10-08T07:00Z,2026-10-08T08:00Z,a4t:106t,1,10.35,6.4,9.4,5.6,8.8,h,6.4,8.8,6.4,8.8,0,0.028,1375.255,0.101,0,6,8.8,-0.449,15,281,28.096,53.025,0.175,289.179,0.6,120,35.3,35,1
2026-10-08T07:00Z,2026-10-08T10:00Z,a4t:106t,3,10.649999999999999,6.7,10,6,8.8,h,6.7,8.8,6.7,8.8,0,0.03,247.125,0.157,0.024,6,8.8,-0.449,17,281,26.182,67.991,0.121,31.852,0.6,120,35.3,35,1
2026-10-08T07:00Z,2026-10-08T13:00Z,a4t:106t,6,13.55,8.9,11,6.7,9,h,8.9,9,8.9,9,0,0.039,112.736,3.161,0,6,8.8,-0.449,20,281,22.726,78.073,1.743,81.855,0.6,120,35.3,35,1
2026-10-08T07:00Z,2026-10-08T19:00Z,a4t:106t,12,16.950000000000003,11.7,12.9,8.2,9.2,h,11.7,9.2,11.7,9.2,0,0.043,59.907,1.87,0,6,8.8,-0.449,2,281,19.695,90.368,1.089,24.03,0.6,120,35.3,35,1
2026-10-08T07:00Z,2026-10-09T07:00Z,a4t:106t,24,18.1,13.6,15.2,10.6,9.3,h,13.6,9.3,13.6,9.3,0,0.016,1066.035,1.402,0.06,6,8.8,-0.449,14,282,28.113,59.01,1.239,124.451,0.6,120,35.3,35,1
2026-10-08T07:00Z,2026-10-10T07:00Z,a4t:106t,48,6.15,5.1,17.2,13.8,10.5,h,5.1,10.5,5.1,10.5,0,0,452.975,4.054,3.461,6,8.8,-0.449,14,283,23.72,87.721,2.987,70.224,0.6,120,35.3,35,1
2026-10-08T07:00Z,2026-10-08T08:00Z,a4t:101t,1,5.35,15.8,5.7,17.5,21.7,h,15.8,21.7,15.8,21.7,0,0,1138.799,4.876,0.022,17,21.7,1.017,15,281,29.818,61.699,3.7,17.664,3.8,10,31.9,51,1
2026-10-08T07:00Z,2026-10-08T10:00Z,a4t:101t,3,5.55,15.7,5.7,17.3,21.8,h,15.7,21.8,15.7,21.8,0,0,808.085,4.737,0.001,17,21.7,1.017,17,281,28.583,70.639,2.521,30.001,3.8,10,31.9,51,1
2026-10-08T07:00Z,2026-10-08T13:00Z,a4t:101t,6,7.2,18.7,5.8,17.4,21.8,h,18.7,21.8,18.7,21.8,0,0.001,113.451,4.818,0.02,17,21.7,1.017,20,281,25.517,81.664,1.811,33.221,3.8,10,31.9,51,1
2026-10-08T07:00Z,2026-10-08T19:00Z,a4t:101t,12,6,14.2,6.3,17.8,21.6,h,14.2,21.6,14.2,21.6,0,0.003,292.059,5.145,0,17,21.7,1.017,2,281,24.186,85.719,2.218,56.601,3.8,10,31.9,51,1
2026-10-08T07:00Z,2026-10-09T07:00Z,a4t:101t,24,10.35,19.8,7.8,17.8,20.5,h,19.8,20.5,19.8,20.5,0,0.028,1071.071,4.989,0.181,17,21.7,1.017,14,282,30.317,61.212,3.811,22.853,3.8,10,31.9,51,1
2026-10-08T07:00Z,2026-10-10T07:00Z,a4t:101t,48,3.35,5.3,6.3,11,16.3,h,5.3,16.3,5.3,16.3,0,0.001,807.493,2.989,0.115,17,21.7,1.017,14,283,29.682,74.055,2.389,81.661,3.8,10,31.9,51,1
2026-10-08T07:00Z,2026-10-08T08:00Z,a4t:20t,1,9.5,12.5,25.2,33.1,27.4,h,12.4,27.4,12.4,27.4,0.031,0.114,1035.748,1.697,0.119,18,27.4,0.258,15,281,31.479,63.555,1.403,28.504,,,,,1
2026-10-08T07:00Z,2026-10-08T10:00Z,a4t:20t,3,9.9,12.9,25.1,32.9,27.3,h,12.8,27.3,12.8,27.3,0.047,0.113,293.726,2.475,0.228,18,27.4,0.258,17,281,29.785,73.357,1.865,302.752,,,,,1
2026-10-08T07:00Z,2026-10-08T13:00Z,a4t:20t,6,25.549999999999997,32.3,25.8,33.7,27.2,h,32.3,27.2,32.3,27.2,0.047,0.094,51.854,1.911,0.813,18,27.4,0.258,20,281,26.325,91.342,1.206,83.919,,,,,1
2026-10-08T07:00Z,2026-10-08T19:00Z,a4t:20t,12,33.5,41.1,26.7,34.3,27.6,h,41,27.6,41.1,27.6,0.02,0.071,80.202,2.486,0,18,27.4,0.258,2,281,25.187,97.229,1.074,301.539,,,,,1
2026-10-08T07:00Z,2026-10-09T07:00Z,a4t:20t,24,11.6,13.7,22.5,27.6,27.5,h,13.7,27.5,13.7,27.5,0.028,0.043,1309.06,2.413,0.06,18,27.4,0.258,14,282,32.285,57.697,1.904,30.649,,,,,1
2026-10-08T07:00Z,2026-10-10T07:00Z,a4t:20t,48,6.949999999999999,7.7,23,26.1,26.8,h,7.7,26.7,7.7,26.7,0,0.004,1136.734,2.795,0.324,18,27.4,0.258,14,283,31.635,61.245,2.147,58.564,,,,,1
2026-10-08T07:00Z,2026-10-08T08:00Z,a4t:77t,1,6.4,15.2,8.5,20.4,19.1,h,15.2,19.1,15.2,19.1,0,0.004,1172.384,1.95,0.253,16,19.1,0.815,15,281,31.848,58.497,1.512,14.274,,,,,1
2026-10-08T07:00Z,2026-10-08T10:00Z,a4t:77t,3,7.1,16.1,8.6,20.7,19.1,h,16.1,19.1,16.1,19.1,0,0.004,238.532,1.447,0.064,16,19.1,0.815,17,281,30.383,68.766,0.676,17.68,,,,,1
2026-10-08T07:00Z,2026-10-08T13:00Z,a4t:77t,6,14.15,29.6,9.3,21.9,19.3,h,29.6,19.3,29.6,19.3,0,0.004,33.757,1.544,0.451,16,19.1,0.815,20,281,26.31,87.549,1.104,85.156,,,,,1
2026-10-08T07:00Z,2026-10-08T19:00Z,a4t:77t,12,17.3,33.1,11.4,25,20,h,33.1,20,33.2,20,0.001,0.005,35.366,1.175,0,16,19.1,0.815,2,281,23.978,96.276,0.586,327.823,,,,,1
2026-10-08T07:00Z,2026-10-09T07:00Z,a4t:77t,24,8.55,14.5,13,25.1,21,h,14.5,21,14.5,21,0.005,0.01,1310.412,2.843,0.227,16,19.1,0.815,14,282,32.243,56.865,2.17,30.984,,,,,1
2026-10-08T07:00Z,2026-10-10T07:00Z,a4t:77t,48,3.35,4.8,10.2,15.4,17.2,h,4.8,17.2,4.8,17.2,0,0.006,1173.598,2.025,0.214,16,19.1,0.815,14,283,31.908,59.855,1.545,110.524,,,,,1
2026-10-08T07:00Z,2026-10-08T08:00Z,a4t:121t,1,23.450000000000003,37.8,23.1,38,32.1,h,37.8,32.1,37.7,32.1,0,0.001,378.191,3.699,0.116,44,32.1,0.481,15,281,27.683,82.637,3.605,321.339,0.8,253,28.6,81,1
2026-10-08T07:00Z,2026-10-08T10:00Z,a4t:121t,3,22.1,35,22.6,37,32.2,h,35,32.2,34.9,32.2,0,0,516.573,3.526,0.134,44,32.1,0.481,17,281,28.221,79.936,3.384,288.952,0.8,253,28.6,81,1
2026-10-08T07:00Z,2026-10-08T13:00Z,a4t:121t,6,24.2,37.2,22.2,36.1,32.3,h,37.2,32.3,37.2,32.3,0,0,331.929,1.768,0.069,44,32.1,0.481,20,281,27.653,84.3,1.788,237.217,0.8,253,28.6,81,1
2026-10-08T07:00Z,2026-10-08T19:00Z,a4t:121t,12,11.649999999999999,17.3,20.1,32.1,32.3,h,17.3,32.3,17.3,32.3,0,0,290.681,1.786,0.134,44,32.1,0.481,2,281,26.774,88.415,1.772,241.677,0.8,253,28.6,81,1
2026-10-08T07:00Z,2026-10-09T07:00Z,a4t:121t,24,24.65,33.1,18,26.6,30.3,h,33.1,30.3,33.2,30.4,0,0,429.702,3.765,0.071,44,32.1,0.481,14,282,28.602,77.566,3.588,323.312,0.8,253,28.6,81,1
2026-10-08T07:00Z,2026-10-10T07:00Z,a4t:121t,48,3.6,4.5,9.6,12.5,22.3,h,4.5,22.3,4.5,22.3,0,0,449.796,2.435,0.937,44,32.1,0.481,14,283,28.603,76.724,2.337,330.09,0.8,253,28.6,81,1
2026-10-08T07:00Z,2026-10-08T08:00Z,a4t:21t,1,10.45,12.9,17,21.1,22.7,h,12.9,22.7,12.9,22.7,0.17,0.282,1073.635,1.879,0.093,13,22.8,0.183,15,281,31.366,62.81,1.52,43.694,,,,,1
2026-10-08T07:00Z,2026-10-08T10:00Z,a4t:21t,3,11.2,13.7,16.9,20.8,22.5,h,13.6,22.5,13.6,22.5,0.115,0.261,404.788,1.903,0.169,13,22.8,0.183,17,281,30.025,70.526,1.404,321.922,,,,,1
2026-10-08T07:00Z,2026-10-08T13:00Z,a4t:21t,6,21.25,25.5,17.2,21.2,22.4,h,25.1,22.4,25.1,22.4,0.035,0.112,86.517,1.788,0.524,13,22.8,0.183,20,281,26.781,89.161,0.97,66.081,,,,,1
2026-10-08T07:00Z,2026-10-08T19:00Z,a4t:21t,12,14.2,16.7,15.6,18.9,22.6,h,16.5,22.6,16.5,22.6,0.028,0.284,85.105,2.042,0,13,22.8,0.183,2,281,25.422,94.165,0.996,317.754,,,,,1
2026-10-08T07:00Z,2026-10-09T07:00Z,a4t:21t,24,12.149999999999999,13.8,14.7,17.3,21,h,13.7,21,13.7,21,0.01,0.018,1238.223,2.669,0.052,13,22.8,0.183,14,282,32.045,58.111,2.097,31.713,,,,,1
2026-10-08T07:00Z,2026-10-10T07:00Z,a4t:21t,48,8.45,9.2,17.7,19.5,21.2,h,9.1,21.1,9.1,21.1,0,0.003,978.459,3.276,0.387,13,22.8,0.183,14,283,30.702,65.264,2.52,63.704,,,,,1
2026-10-08T07:00Z,2026-10-08T08:00Z,a4t:70t,1,6.199999999999999,12.6,7.6,15.7,11.7,h,12.6,11.7,12.6,11.7,0,0.02,1095.674,1.538,0.009,18,11.7,0.667,15,281,29.809,56.677,1.156,19.963,,,,,1
2026-10-08T07:00Z,2026-10-08T10:00Z,a4t:70t,3,6.550000000000001,12.9,7.9,16.2,11.7,h,12.9,11.7,12.9,11.7,0,0.018,163.068,1.177,0,18,11.7,0.667,17,281,28.766,63.245,0.657,18.786,,,,,1
2026-10-08T07:00Z,2026-10-08T13:00Z,a4t:70t,6,10.2,18.9,8.4,17.1,11.8,h,18.9,11.8,18.9,11.8,0,0.016,20.017,0.383,0,18,11.7,0.667,20,281,25.234,78.914,0.073,359.968,,,,,1
2026-10-08T07:00Z,2026-10-08T19:00Z,a4t:70t,12,16.85,28.7,10.2,19.7,12.7,h,28.7,12.7,28.8,12.7,0,0.014,28.314,0.59,0,18,11.7,0.667,2,281,23.045,84.851,0.103,249.935,,,,,1
2026-10-08T07:00Z,2026-10-09T07:00Z,a4t:70t,24,7.1,11,12.7,21.7,14.3,h,11,14.3,11,14.3,0,0.011,1177.139,2.707,0.054,18,11.7,0.667,14,282,30.129,59.047,2.049,23.436,,,,,1
2026-10-08T07:00Z,2026-10-10T07:00Z,a4t:70t,48,14.350000000000001,18.5,11.5,15.8,13.1,h,18.5,13.1,18.5,13.1,0,0.008,1294.648,3.841,0.473,18,11.7,0.667,14,283,29.592,62.534,2.869,39.301,,,,,1
2026-10-08T07:00Z,2026-10-08T08:00Z,a4t:120t,1,16.65,29,17.8,31.6,25.7,h,29,25.7,28.9,25.7,0,0,328.545,3.578,3.465,20,25.7,0.553,15,281,26.629,89.351,2.685,257.303,2.2,302,32.6,62,1
2026-10-08T07:00Z,2026-10-08T10:00Z,a4t:120t,3,17,28.9,17.3,30.7,25.8,h,28.9,25.8,28.8,25.8,0,0,256.824,1.779,0.234,20,25.7,0.553,17,281,25.921,93.847,1.334,280.117,2.2,302,32.6,62,1
2026-10-08T07:00Z,2026-10-08T13:00Z,a4t:120t,6,15.7,25.9,16.2,28.5,25.8,h,25.9,25.8,25.9,25.8,0,0,122.552,2.698,0.06,20,25.7,0.553,20,281,24.97,96.418,1.057,287.664,2.2,302,32.6,62,1
2026-10-08T07:00Z,2026-10-08T19:00Z,a4t:120t,12,12.6,19.7,14.7,25.4,25.7,h,19.7,25.7,19.7,25.7,0,0,106.748,2.026,0.005,20,25.7,0.553,2,281,24.262,94.99,0.633,270.531,2.2,302,32.6,62,1
2026-10-08T07:00Z,2026-10-09T07:00Z,a4t:120t,24,12.5,17.7,13.3,21,24.2,h,17.7,24.2,17.7,24.2,0,0,984.252,1.372,0.754,20,25.7,0.553,14,282,29.994,73.207,1.125,328.338,2.2,302,32.6,62,1
2026-10-08T07:00Z,2026-10-10T07:00Z,a4t:120t,48,4.5,5.7,4.7,6.5,16.1,h,5.7,16.1,5.7,16.1,0,0,251.296,1.587,4.904,20,25.7,0.553,14,283,25.462,93.556,1.256,38.332,2.2,302,32.6,62,1
2026-10-08T07:00Z,2026-10-08T08:00Z,a4t:95t,1,7.55,5.9,9,7.1,6.4,h,5.9,6.4,5.9,6.4,0,0.003,696.356,1.701,0.338,7,6.4,-0.218,15,281,29.91,71.87,1.388,49.933,2.4,332,,,1
2026-10-08T07:00Z,2026-10-08T10:00Z,a4t:95t,3,7.85,6.2,8.6,6.7,6.4,h,6.2,6.4,6.2,6.4,0,0.003,100.08,1.503,0.231,7,6.4,-0.218,17,281,26.55,86.943,1.284,155.811,2.4,332,,,1
2026-10-08T07:00Z,2026-10-08T13:00Z,a4t:95t,6,8.2,6.6,8.3,6.5,6.4,h,6.6,6.4,6.6,6.4,0,0.003,32.298,1.454,0,7,6.4,-0.218,20,281,25.838,93.592,0.437,169.132,2.4,332,,,1
2026-10-08T07:00Z,2026-10-08T19:00Z,a4t:95t,12,17.700000000000003,14.8,9,7.2,6.5,h,14.8,6.5,14.8,6.5,0,0.005,37.702,1.552,0,7,6.4,-0.218,2,281,24.828,97.969,0.382,276.494,2.4,332,,,1
2026-10-08T07:00Z,2026-10-09T07:00Z,a4t:95t,24,8.850000000000001,7.7,12.6,10.6,7.7,h,7.7,7.7,7.7,7.7,0,0.005,1112.287,1.552,0.088,7,6.4,-0.218,14,282,31.885,62.342,1.258,348.871,2.4,332,,,1
2026-10-08T07:00Z,2026-10-10T07:00Z,a4t:95t,48,5.5,5,17,15.3,10.8,h,5,10.8,5,10.8,0,0.001,565.422,1.38,0.369,7,6.4,-0.218,14,283,28.898,79.799,0.999,66.512,2.4,332,,,1
2026-10-08T07:00Z,2026-10-08T08:00Z,a4t:43t,1,5.15,22.6,5.7,26.8,24.3,h,22.6,24.3,22.6,24.3,0,0,549.359,2.711,0.007,32,24.3,1.433,15,281,28.075,76.25,2.521,269.221,,,29.2,89,1
2026-10-08T07:00Z,2026-10-08T10:00Z,a4t:43t,3,3.7,16.1,5.4,25.4,24.3,h,16.1,24.3,16.1,24.3,0,0,368.317,1.86,0.035,32,24.3,1.433,17,281,27.773,78.461,1.707,275.515,,,29.2,89,1
2026-10-08T07:00Z,2026-10-08T13:00Z,a4t:43t,6,2.85,11.9,5.2,24.1,24.2,h,11.9,24.2,11.9,24.2,0,0,405.194,1.316,0.007,32,24.3,1.433,20,281,27.519,82.486,1.367,276.935,,,29.2,89,1
2026-10-08T07:00Z,2026-10-08T19:00Z,a4t:43t,12,2.4,8.9,4.7,21.3,23.3,h,8.9,23.3,8.9,23.3,0,0,399.088,1.699,0.007,32,24.3,1.433,2,281,27.015,84.556,1.524,353.991,,,29.2,89,1
2026-10-08T07:00Z,2026-10-09T07:00Z,a4t:43t,24,3.75,9.9,3.2,11.4,20.2,h,9.9,20.2,9.9,20.2,0,0,444.569,3.894,1.008,32,24.3,1.433,14,282,27.734,85.164,3.505,297.127,,,29.2,89,1
2026-10-08T07:00Z,2026-10-10T07:00Z,a4t:43t,48,10.45,18,5.5,11,17.7,h,18,17.7,18,17.7,0,0,436.121,2.868,0.346,32,24.3,1.433,14,283,28.038,80.783,2.695,255.701,,,29.2,89,1
2026-10-08T07:00Z,2026-10-08T08:00Z,a4t:114t,1,9.149999999999999,16.7,8.9,16.6,21,h,16.7,21,16.7,21,0,0.011,1232.263,3.591,0,15,21,0.577,15,281,29.89,58.63,2.827,9.436,2.1,326,31.2,44,1
2026-10-08T07:00Z,2026-10-08T10:00Z,a4t:114t,3,9.75,17.3,8.9,16.6,21.1,h,17.3,21.1,17.3,21.1,0,0.013,712.481,4.325,0,15,21,0.577,17,281,28.554,65.294,2.461,10.942,2.1,326,31.2,44,1
2026-10-08T07:00Z,2026-10-08T13:00Z,a4t:114t,6,12.75,21.6,9.4,17.2,21.2,h,21.6,21.2,21.6,21.2,0,0.011,102.509,3.972,0,15,21,0.577,20,281,25.523,80.312,1.57,75.109,2.1,326,31.2,44,1
2026-10-08T07:00Z,2026-10-08T19:00Z,a4t:114t,12,9.3,15,10.4,18.5,21,h,15,21,15,21,0,0.013,136.452,3.63,0,15,21,0.577,2,281,23.54,87.146,1.381,77.201,2.1,326,31.2,44,1
2026-10-08T07:00Z,2026-10-09T07:00Z,a4t:114t,24,14.45,20.8,12.9,20.4,20.8,h,20.8,20.8,20.8,20.8,0,0.023,1200.698,4.764,0.107,15,21,0.577,14,282,30.546,58.069,3.71,17.816,2.1,326,31.2,44,1
2026-10-08T07:00Z,2026-10-10T07:00Z,a4t:114t,48,1.9500000000000002,2.6,8.1,11.1,16.1,h,2.6,16.1,2.6,16.1,0,0,868.056,3.346,0.449,15,21,0.577,14,283,29.141,74.928,2.676,78.238,2.1,326,31.2,44,1
2026-10-08T07:00Z,2026-10-08T08:00Z,a4t:102t,1,5.9,13,9.3,20.5,24,h,13,24,13,24,0,0.007,1161.313,4.227,0.204,14,24,0.738,15,281,29.606,60.979,3.13,32.793,2,20,33.6,42,1
2026-10-08T07:00Z,2026-10-08T10:00Z,a4t:102t,3,6.050000000000001,12.9,9,19.9,24,h,12.9,24,12.9,24,0,0.011,601.796,4.997,0.3,14,24,0.738,17,281,27.317,74.747,2.901,40.767,2,20,33.6,42,1
2026-10-08T07:00Z,2026-10-08T13:00Z,a4t:102t,6,7.55,15.2,8.8,19.3,23.9,h,15.2,23.9,15.2,23.9,0,0.026,360.851,5.617,0,14,24,0.738,20,281,25.119,78.202,2.792,70.221,2,20,33.6,42,1
2026-10-08T07:00Z,2026-10-08T19:00Z,a4t:102t,12,14.899999999999999,26.9,9.4,19.5,23.4,h,26.9,23.4,27,23.4,0,0.081,252.435,4.333,0,14,24,0.738,2,281,23.119,89.06,1.986,56.428,2,20,33.6,42,1
2026-10-08T07:00Z,2026-10-09T07:00Z,a4t:102t,24,8.75,14.1,12.1,21.6,23.2,h,14.1,23.2,14.1,23.3,0,0.009,637.337,4.09,0.313,14,24,0.738,14,282,26.661,80.389,2.759,5.968,2,20,33.6,42,1
2026-10-08T07:00Z,2026-10-10T07:00Z,a4t:102t,48,1.55,2.3,2.8,4.5,14.3,h,2.3,14.3,2.3,14.3,0,0,659.94,4.707,1.888,14,24,0.738,14,283,27.575,84.953,3.074,73.559,2,20,33.6,42,1
2026-10-08T07:00Z,2026-10-08T08:00Z,a4t:63t,1,29.799999999999997,49.1,23.8,40.2,32.3,h,49.1,32.3,49,32.3,0,0.002,355.81,2.527,0.323,44,32.3,0.507,15,281,26.909,87.614,2.364,310.362,,,,,1
2026-10-08T07:00Z,2026-10-08T10:00Z,a4t:63t,3,28.4,45.9,23,38.7,32.5,h,45.9,32.5,45.8,32.5,0,0.001,371.636,2.319,0.606,44,32.3,0.507,17,281,26.967,86.793,2.216,291.872,,,,,1
2026-10-08T07:00Z,2026-10-08T13:00Z,a4t:63t,6,29.5,46.3,23.4,38.9,32.8,h,46.3,32.8,46.3,32.8,0,0,224.493,1.375,0.052,44,32.3,0.507,20,281,26.203,89.879,1.04,229.618,,,,,1
2026-10-08T07:00Z,2026-10-08T19:00Z,a4t:63t,12,16,24,21.6,35.2,33.7,h,24,33.7,24.1,33.7,0,0,194.167,1.449,0.086,44,32.3,0.507,2,281,25.096,92.755,1.114,232.911,,,,,1
2026-10-08T07:00Z,2026-10-09T07:00Z,a4t:63t,24,21.75,29.7,24,36.1,33.5,h,29.7,33.5,29.8,33.5,0,0,528.551,2.815,0.298,44,32.3,0.507,14,282,28.282,80.735,2.581,317.505,,,,,1
2026-10-08T07:00Z,2026-10-10T07:00Z,a4t:63t,48,3.3,4.2,8.3,11,21.7,h,4.2,21.7,4.2,21.7,0,0,487.432,1.387,3.721,44,32.3,0.507,14,283,27.7,80.898,1.226,309.819,,,,,1
2026-10-08T07:00Z,2026-10-08T08:00Z,a4t:78t,1,52.150000000000006,66,31.6,40.4,32.1,h,66,32.1,65.9,32.1,0,0.001,270.267,1.101,1.35,44,32,0.241,15,281,24.767,96.448,0.711,270.889,,,,,1
2026-10-08T07:00Z,2026-10-08T10:00Z,a4t:78t,3,56.9,71.3,31.6,40.3,32.3,h,71.3,32.3,71.2,32.3,0,0,130.122,0.157,0.596,44,32,0.241,17,281,24.625,97.02,0.149,107.867,,,,,1
2026-10-08T07:00Z,2026-10-08T13:00Z,a4t:78t,6,56.3,69.6,33.5,42.5,33.2,h,69.6,33.2,69.6,33.2,0,0,42.361,1.265,0.005,44,32,0.241,20,281,23.532,99,0.56,200.234,,,,,1
2026-10-08T07:00Z,2026-10-08T19:00Z,a4t:78t,12,43.75,52.8,38.6,48.2,36.5,h,52.8,36.5,52.9,36.5,0,0,22.395,0.627,0,44,32,0.241,2,281,21.941,99.984,0.46,195.985,,,,,1
2026-10-08T07:00Z,2026-10-09T07:00Z,a4t:78t,24,42.599999999999994,49.3,49.4,59.7,40.9,h,49.3,40.9,49.4,40.9,0,0,553.745,1.708,1.373,44,32,0.241,14,282,26.473,89.401,1.171,274.344,,,,,1
2026-10-08T07:00Z,2026-10-10T07:00Z,a4t:78t,48,4,4.5,17.5,19.8,25.9,h,4.5,25.9,4.5,25.9,0,0,372.921,1.864,8.518,44,32,0.241,14,283,24.747,94.147,1.162,230.445,,,,,1
2026-10-08T07:00Z,2026-10-08T08:00Z,a4t:109t,1,5.55,12,6.9,15.1,19.9,h,12,19.9,12,19.9,0,0.001,1298.5,5.258,0.137,11,19.9,0.711,15,281,30.182,59.123,3.993,9.185,,,,,1
2026-10-08T07:00Z,2026-10-08T10:00Z,a4t:109t,3,5.35,11.2,6.8,14.7,19.9,h,11.2,19.9,11.2,19.9,0,0.002,510.731,5.47,0.031,11,19.9,0.711,17,281,28.466,66.539,2.99,18.069,,,,,1
2026-10-08T07:00Z,2026-10-08T13:00Z,a4t:109t,6,6,11.9,6.7,14.5,19.8,h,11.9,19.8,11.9,19.8,0,0.003,282.828,4.82,0.037,11,19.9,0.711,20,281,26.003,79.042,2.196,66.65,,,,,1
2026-10-08T07:00Z,2026-10-08T19:00Z,a4t:109t,12,8.5,15.3,7,14.5,19.3,h,15.3,19.3,15.3,19.3,0,0.039,408.111,5.313,0,11,19.9,0.711,2,281,24.38,84.386,2.521,60.078,,,,,1
2026-10-08T07:00Z,2026-10-09T07:00Z,a4t:109t,24,12.5,19.6,9.3,16.3,18.8,h,19.6,18.8,19.6,18.8,0,0.031,1056.066,5.572,0.213,11,19.9,0.711,14,282,29.858,62.507,4.148,23.389,,,,,1
2026-10-08T07:00Z,2026-10-10T07:00Z,a4t:109t,48,1.95,2.8,4.3,6.6,13.3,h,2.8,13.3,2.8,13.3,0,0,967.085,3.635,0.361,11,19.9,0.711,14,283,30.328,70.367,2.936,66.56,,,,,1
2026-10-08T07:00Z,2026-10-08T08:00Z,a4t:28t,1,7.050000000000001,8.9,11.3,14.3,11.9,h,8.9,11.9,8.9,11.9,0,0.085,642.484,2.809,1.477,5,11.9,0.213,15,281,29.39,75.356,2.286,317.569,,,,,1
2026-10-08T07:00Z,2026-10-08T10:00Z,a4t:28t,3,8.45,10.5,11,13.8,12,h,10.5,12,10.5,12,0,0.128,258.865,1.471,0.23,5,11.9,0.213,17,281,28.533,77.952,1.186,275.701,,,,,1
2026-10-08T07:00Z,2026-10-08T13:00Z,a4t:28t,6,16.3,19.8,11.3,14.2,12.2,h,19.8,12.2,19.8,12.2,0,0.202,42.562,1.135,0,5,11.9,0.213,20,281,26.554,89.825,0.655,2.553,,,,,1
2026-10-08T07:00Z,2026-10-08T19:00Z,a4t:28t,12,29,34.3,15.2,18.6,13.7,h,34.3,13.7,34.4,13.7,0,0.152,41.9,2.109,0.004,5,11.9,0.213,2,281,25.216,90.908,0.879,347.12,,,,,1
2026-10-08T07:00Z,2026-10-09T07:00Z,a4t:28t,24,8.75,10.1,16.4,19.5,14.3,h,10.1,14.3,10.1,14.3,0.005,0.011,1111.634,3.583,0.425,5,11.9,0.213,14,282,30.957,62.023,2.823,358.083,,,,,1
2026-10-08T07:00Z,2026-10-10T07:00Z,a4t:28t,48,3.95,4.3,8.4,9.4,10.6,h,4.3,10.6,4.3,10.6,0,0.006,994.02,1.486,0.501,5,11.9,0.213,14,283,30.512,65.84,1.169,20.635,,,,,1
2026-10-08T07:00Z,2026-10-08T08:00Z,a4t:29t,1,7.050000000000001,17.6,11.3,28.4,26.4,h,17.6,26.4,17.6,26.4,0,0.043,552.706,2.682,1.135,17,26.4,0.871,15,281,29.09,76.49,2.268,305.795,,,,,1
2026-10-08T07:00Z,2026-10-08T10:00Z,a4t:29t,3,8.45,20.1,11,27.5,26.5,h,20.1,26.5,20.1,26.5,0,0.014,310.995,1.952,0.177,17,26.4,0.871,17,281,28.629,77.702,1.641,293.582,,,,,1
2026-10-08T07:00Z,2026-10-08T13:00Z,a4t:29t,6,16.3,35.7,11.3,27.9,26.4,h,35.7,26.4,35.7,26.4,0,0.008,168.373,1.477,0,17,26.4,0.871,20,281,27.347,85.844,0.813,354.085,,,,,1
2026-10-08T07:00Z,2026-10-08T19:00Z,a4t:29t,12,29,57.3,15.2,34.4,28.3,h,57.3,28.3,57.4,28.3,0,0.228,185.198,2.56,0.049,17,26.4,0.871,2,281,26.279,86.353,1.511,349.728,,,,,1
2026-10-08T07:00Z,2026-10-09T07:00Z,a4t:29t,24,8.75,15.4,16.4,33.1,28.5,h,15.4,28.5,15.4,28.6,0.003,0.01,1013.718,3.615,0.319,17,26.4,0.871,14,282,30.514,64.456,3.006,355.545,,,,,1
2026-10-08T07:00Z,2026-10-10T07:00Z,a4t:29t,48,3.95,5.8,8.4,13.1,19.8,h,5.8,19.8,5.8,19.8,0,0.006,856.978,1.404,0.378,17,26.4,0.871,14,283,29.982,68.482,1.094,28.008,,,,,1
2026-10-08T07:00Z,2026-10-08T08:00Z,a4t:30t,1,7.050000000000001,19.4,11.3,31.4,16.1,h,19.4,16.1,19.4,16.1,0,0.03,579.97,2.604,1.003,19,16.1,0.967,15,281,29.192,75.456,2.222,307.25,2.7,164,32,61,1
2026-10-08T07:00Z,2026-10-08T10:00Z,a4t:30t,3,8.45,22,11,30.3,16.2,h,22,16.2,22,16.2,0,0.023,301.833,1.878,0.156,19,16.1,0.967,17,281,28.713,76.994,1.601,295.939,2.7,164,32,61,1
2026-10-08T07:00Z,2026-10-08T13:00Z,a4t:30t,6,16.3,38.9,11.3,30.7,16.6,h,38.9,16.6,38.9,16.6,0,0.03,184.479,1.333,0,19,16.1,0.967,20,281,27.356,85.494,0.798,351.304,2.7,164,32,61,1
2026-10-08T07:00Z,2026-10-08T19:00Z,a4t:30t,12,29,61.7,15.2,37.6,20.1,h,61.7,20.1,61.8,20.1,0,0.5,198.975,2.508,0.049,19,16.1,0.967,2,281,26.305,85.798,1.528,349.808,2.7,164,32,61,1
2026-10-08T07:00Z,2026-10-09T07:00Z,a4t:30t,24,8.75,16.3,16.4,35.7,22.4,h,16.3,22.4,16.3,22.4,0.003,0.009,1003.031,3.641,0.292,19,16.1,0.967,14,282,30.469,64.655,3.022,356.89,2.7,164,32,61,1
2026-10-08T07:00Z,2026-10-10T07:00Z,a4t:30t,48,3.95,6,8.4,13.8,15,h,6,15,6,15,0,0.006,839.682,1.182,0.344,19,16.1,0.967,14,283,29.925,68.853,0.905,28.73,2.7,164,32,61,1
2026-10-08T07:00Z,2026-10-08T08:00Z,a4t:113t,1,7.5,16.9,8.5,19.6,24.5,h,16.9,24.5,16.9,24.5,0,0.005,1300.845,4.024,0,18,24.5,0.774,15,281,30.115,58.178,3.141,2.792,1.7,342,31,47,1
2026-10-08T07:00Z,2026-10-08T10:00Z,a4t:113t,3,8.15,17.6,8.5,19.4,24.6,h,17.6,24.6,17.6,24.6,0,0.007,536.064,4.784,0,18,24.5,0.774,17,281,28.561,64.825,2.594,7.158,1.7,342,31,47,1
2026-10-08T07:00Z,2026-10-08T13:00Z,a4t:113t,6,10.3,21.1,8.7,19.7,24.6,h,21.1,24.6,21.1,24.6,0,0.008,151.341,4.35,0,18,24.5,0.774,20,281,25.801,79.77,1.802,81.582,1.7,342,31,47,1
2026-10-08T07:00Z,2026-10-08T19:00Z,a4t:113t,12,9.85,18.6,9.3,20.1,24,h,18.6,24,18.6,24,0,0.018,255.968,4.422,0,18,24.5,0.774,2,281,24.037,85.446,1.871,74.737,1.7,342,31,47,1
2026-10-08T07:00Z,2026-10-09T07:00Z,a4t:113t,24,14.45,23.5,12.6,23.2,24.1,h,23.5,24.1,23.5,24.1,0,0.025,1166.338,4.967,0.156,18,24.5,0.774,14,282,30.497,58.758,3.837,23.73,1.7,342,31,47,1
2026-10-08T07:00Z,2026-10-10T07:00Z,a4t:113t,48,1.2999999999999998,2,6.6,10.2,17.4,h,2,17.4,2,17.4,0,0,933.99,3.399,0.248,18,24.5,0.774,14,283,29.82,72.287,2.765,72.804,1.7,342,31,47,1
2026-10-08T07:00Z,2026-10-08T08:00Z,a4t:99t,1,8.75,11.2,8.7,11.2,12,h,11.2,12,11.2,12,0,0.005,1276.834,3.055,0.03,12,12,0.232,15,281,31.822,61.195,2.428,27.889,,,33.3,49,1
2026-10-08T07:00Z,2026-10-08T10:00Z,a4t:99t,3,8.85,11.2,8.7,11.3,12,h,11.2,12,11.2,12,0,0.005,710.719,3.488,0.039,12,12,0.232,17,281,30.478,67.692,2.283,29.531,,,33.3,49,1
2026-10-08T07:00Z,2026-10-08T13:00Z,a4t:99t,6,13.3,16.5,9.3,11.9,12,h,16.5,12,16.5,12,0,0.003,44.113,2.275,0,12,12,0.232,20,281,27.809,82.886,0.951,17.08,,,33.3,49,1
2026-10-08T07:00Z,2026-10-08T19:00Z,a4t:99t,12,12.3,14.9,10.2,12.9,12.2,h,14.9,12.2,14.9,12.2,0.025,0.025,68.06,2.354,0,12,12,0.232,2,281,25.017,94.475,1.101,359.971,,,33.3,49,1
2026-10-08T07:00Z,2026-10-09T07:00Z,a4t:99t,24,11.149999999999999,12.9,12.1,14.6,12.8,h,12.9,12.8,12.9,12.8,0,0.009,1278.656,3.162,0.01,12,12,0.232,14,282,32.232,56.166,2.513,25.486,,,33.3,49,1
2026-10-08T07:00Z,2026-10-10T07:00Z,a4t:99t,48,4.95,5.5,12.6,14.2,13.1,h,5.5,13.1,5.5,13.1,0,0.003,888.329,5.497,0.11,12,12,0.232,14,283,30.571,65.28,4.198,63.457,,,33.3,49,1
2026-10-08T07:00Z,2026-10-08T08:00Z,a4t:37t,1,16.25,15.9,,,,h,15.9,,15.9,,0,0.008,1127.405,0.815,0.014,,,-0.025,15,281,31.096,58.023,0.644,47.067,,,,,1
2026-10-08T07:00Z,2026-10-08T10:00Z,a4t:37t,3,16.25,15.9,,,,h,15.9,,15.9,,0,0.007,71.953,0.395,0.086,,,-0.025,17,281,30.32,60.904,0.294,350.296,,,,,1
2026-10-08T07:00Z,2026-10-08T13:00Z,a4t:37t,6,19.75,19.3,,,,h,19.3,,19.3,,0,0.006,28.408,0.365,0,,,-0.025,20,281,26.426,86.03,0.469,183.027,,,,,1
2026-10-08T07:00Z,2026-10-08T19:00Z,a4t:37t,12,32.75,32.1,,,,h,32.1,,32.2,,0,0.005,40.557,1.617,0,,,-0.025,2,281,23.854,97.201,0.955,18.201,,,,,1
2026-10-08T07:00Z,2026-10-09T07:00Z,a4t:37t,24,9.45,9.3,,,,h,9.3,,9.3,,0,0.007,1129.101,1.392,0.09,,,-0.025,14,282,31.285,58.442,1.082,46.089,,,,,1
2026-10-08T07:00Z,2026-10-10T07:00Z,a4t:37t,48,12.600000000000001,12.5,,,,h,12.5,,12.5,,0,0.004,300.652,4.132,2.651,,,-0.025,14,283,27.105,86.238,3.07,50.374,,,,,1
2026-10-08T07:00Z,2026-10-08T08:00Z,a4t:38t,1,16.25,15.2,,,,h,15.2,,15.2,,0,0.006,1183.997,1.301,0.111,,,-0.069,15,281,29.783,58.886,0.957,41.517,,,,,1
2026-10-08T07:00Z,2026-10-08T10:00Z,a4t:38t,3,16.25,15.2,,,,h,15.2,,15.2,,0,0.006,31.112,0.961,0,,,-0.069,17,281,28.731,69.398,0.563,57.248,,,,,1
2026-10-08T07:00Z,2026-10-08T13:00Z,a4t:38t,6,19.75,18.6,,,,h,18.6,,18.6,,0,0.005,10.587,0.927,0,,,-0.069,20,281,25.383,92.455,0.131,156.087,,,,,1
2026-10-08T07:00Z,2026-10-08T19:00Z,a4t:38t,12,32.75,31.1,,,,h,31.1,,31.2,,0,0.005,19.413,0.95,0,,,-0.069,2,281,23.182,99.213,0.583,330.161,,,,,1
2026-10-08T07:00Z,2026-10-09T07:00Z,a4t:38t,24,9.45,9,,,,h,9,,9,,0,0.007,1204.235,2.414,0.095,,,-0.069,14,282,30.361,58,1.825,70.126,,,,,1
2026-10-08T07:00Z,2026-10-10T07:00Z,a4t:38t,48,12.600000000000001,12.3,,,,h,12.3,,12.3,,0,0.004,1568.815,2.991,0.28,,,-0.069,14,283,29.908,63.407,2.249,19.776,,,,,1
2026-10-08T07:00Z,2026-10-08T08:00Z,a4t:39t,1,16.25,15.2,,,,h,15.2,,15.2,,0,0.009,1085.549,1.415,0.168,,,-0.07,15,281,28.343,58.318,1.053,357.362,,,,,1
2026-10-08T07:00Z,2026-10-08T10:00Z,a4t:39t,3,16.25,15.2,,,,h,15.2,,15.2,,0,0.009,30.179,0.11,0,,,-0.07,17,281,26.851,71.054,0.128,66.79,,,,,1
2026-10-08T07:00Z,2026-10-08T13:00Z,a4t:39t,6,19.75,18.6,,,,h,18.6,,18.6,,0,0.008,16.945,1.259,0,,,-0.07,20,281,24.007,83.149,0.495,104.293,,,,,1
2026-10-08T07:00Z,2026-10-08T19:00Z,a4t:39t,12,32.75,31.1,,,,h,31.1,,31.2,,0,0.007,13.055,0.558,0,,,-0.07,2,281,22.698,85.914,0.176,269.266,,,,,1
2026-10-08T07:00Z,2026-10-09T07:00Z,a4t:39t,24,9.45,9,,,,h,9,,9,,0,0.008,1165.814,2.478,0.303,,,-0.07,14,282,28.94,58.022,1.753,48.281,,,,,1
2026-10-08T07:00Z,2026-10-10T07:00Z,a4t:39t,48,12.600000000000001,12.3,,,,h,12.3,,12.3,,0,0.005,1138.591,3.238,0.549,,,-0.07,14,283,28.202,65.781,2.354,39.327,,,,,1
2026-10-08T07:00Z,2026-10-08T08:00Z,a4t:40t,1,16.25,11.8,12.8,9.2,10.4,h,11.8,10.4,11.8,10.4,0,0.007,1149.072,1.111,0.077,9,10.4,-0.307,15,281,30.038,58.556,0.826,37.939,,,,,1
2026-10-08T07:00Z,2026-10-08T10:00Z,a4t:40t,3,16.25,12,13.6,9.8,10.4,h,12,10.4,12,10.4,0,0.007,47.893,0.604,0.031,9,10.4,-0.307,17,281,29.06,66.286,0.283,41.835,,,,,1
2026-10-08T07:00Z,2026-10-08T13:00Z,a4t:40t,6,19.75,14.9,14.8,10.7,10.5,h,14.9,10.5,14.9,10.5,0,0.006,17.578,0.672,0,9,10.4,-0.307,20,281,25.548,89.26,0.262,149.428,,,,,1
2026-10-08T07:00Z,2026-10-08T19:00Z,a4t:40t,12,32.75,25.7,17.8,13.3,11.1,h,25.7,11.1,25.8,11.1,0,0.005,26.851,1.041,0,9,10.4,-0.307,2,281,23.323,97.217,0.514,352.282,,,,,1
2026-10-08T07:00Z,2026-10-09T07:00Z,a4t:40t,24,9.45,7.7,20,15.6,11.8,h,7.7,11.8,7.7,11.8,0,0.007,1173.301,2.021,0.12,9,10.4,-0.307,14,282,30.484,58.188,1.489,61.7,,,,,1
2026-10-08T07:00Z,2026-10-10T07:00Z,a4t:40t,48,12.600000000000001,11.2,9.5,8.1,9.6,h,11.2,9.6,11.2,9.6,0,0.004,1083.769,3.269,1.078,9,10.4,-0.307,14,283,28.771,71.325,2.408,32.672,,,,,1
2026-10-08T07:00Z,2026-10-08T08:00Z,a4t:68t,1,13.6,10,16.4,11.8,11.5,h,10,11.5,10,11.5,0,0.008,974.23,0.261,0,10,11.5,-0.305,15,281,30.642,58.329,0.141,282.897,,,,,1
2026-10-08T07:00Z,2026-10-08T10:00Z,a4t:68t,3,15.2,11.3,17.1,12.4,11.5,h,11.3,11.5,11.3,11.5,0,0.008,147.995,4.11,0.045,10,11.5,-0.305,17,281,26.905,78.98,2.749,114.453,,,,,1
2026-10-08T07:00Z,2026-10-08T13:00Z,a4t:68t,6,22.6,17.2,18.1,13.2,11.6,h,17.2,11.6,17.2,11.6,0,0.008,47.636,1.469,0,10,11.5,-0.305,20,281,25.318,89.378,0.713,155.107,,,,,1
2026-10-08T07:00Z,2026-10-08T19:00Z,a4t:68t,12,35.85,28.3,20.7,15.5,12.3,h,28.3,12.3,28.4,12.3,0,0.006,40.323,0.937,0,10,11.5,-0.305,2,281,23.761,91.101,0.473,253.357,,,,,1
2026-10-08T07:00Z,2026-10-09T07:00Z,a4t:68t,24,13.05,10.8,23.8,18.8,13.4,h,10.8,13.4,10.8,13.4,0,0.007,1153.182,0.616,0.015,10,11.5,-0.305,14,282,31.267,58.683,0.405,60.247,,,,,1
2026-10-08T07:00Z,2026-10-10T07:00Z,a4t:68t,48,12.100000000000001,10.8,17.7,15.3,12.8,h,10.8,12.8,10.8,12.8,0,0.003,468.273,0.926,0.269,10,11.5,-0.305,14,283,29.741,67.144,0.803,169.216,,,,,1
2026-10-08T07:00Z,2026-10-08T08:00Z,a4t:112t,1,6.35,10.6,6.4,10.9,14.5,h,10.6,14.5,10.6,14.5,0,0,1118.809,7.002,0.495,12,14.5,0.472,15,281,29.916,62.399,5.178,11.011,3.3,346,29.5,52,1
2026-10-08T07:00Z,2026-10-08T10:00Z,a4t:112t,3,6.15,10,6.4,10.9,14.5,h,10,14.5,10,14.5,0,0,719.829,6.551,0.065,12,14.5,0.472,17,281,28.248,72.102,3.926,35.764,3.3,346,29.5,52,1
2026-10-08T07:00Z,2026-10-08T13:00Z,a4t:112t,6,5.9,9.4,6.5,10.9,14.5,h,9.4,14.5,9.4,14.5,0,0.001,352.325,6.153,0.123,12,14.5,0.472,20,281,25.848,81.596,3.069,29.705,3.3,346,29.5,52,1
2026-10-08T07:00Z,2026-10-08T19:00Z,a4t:112t,12,7.5,11.2,6.7,11,14,h,11.2,14,11.2,14,0,0.014,432.613,5.836,0,12,14.5,0.472,2,281,24.474,84.363,3.09,38,3.3,346,29.5,52,1
2026-10-08T07:00Z,2026-10-09T07:00Z,a4t:112t,24,6.699999999999999,9.2,7.6,11.3,13.5,h,9.2,13.5,9.2,13.5,0,0.041,956.242,6.33,0.204,12,14.5,0.472,14,282,29.393,66.186,4.666,16.345,3.3,346,29.5,52,1
2026-10-08T07:00Z,2026-10-10T07:00Z,a4t:112t,48,3.8,4.7,3.5,4.6,9.6,h,4.7,9.6,4.7,9.6,0,0,925.331,3.179,0.267,12,14.5,0.472,14,283,30.613,68.952,2.524,64.67,3.3,346,29.5,52,1
2026-10-08T07:00Z,2026-10-08T08:00Z,a4t:90t,1,9.1,11.4,12.3,15.4,18.2,h,11.4,18.2,11.4,18.2,0,0.012,1195.142,2.529,0.011,11,18.2,0.21,15,281,29.38,55.697,1.954,351.249,,,,,1
2026-10-08T07:00Z,2026-10-08T10:00Z,a4t:90t,3,9.05,11.2,12.3,15.4,18.3,h,11.2,18.3,11.2,18.3,0,0.018,316.097,2.702,0.067,11,18.2,0.21,17,281,27.582,69.98,1.495,15.126,,,,,1
2026-10-08T07:00Z,2026-10-08T13:00Z,a4t:90t,6,11,13.4,12.7,15.8,18.3,h,13.4,18.3,13.4,18.3,0,0.032,99.772,3.375,0,11,18.2,0.21,20,281,24.799,79.488,1.531,94.331,,,,,1
2026-10-08T07:00Z,2026-10-08T19:00Z,a4t:90t,12,17.15,20.3,13.3,16.4,18.4,h,20.3,18.4,20.3,18.4,0,0.038,63.233,2.348,0,11,18.2,0.21,2,281,22.746,91.538,0.848,68.078,,,,,1
2026-10-08T07:00Z,2026-10-09T07:00Z,a4t:90t,24,16.9,19.3,15.4,18.2,18.2,h,19.3,18.2,19.3,18.2,0,0.012,962.119,2.404,0.047,11,18.2,0.21,14,282,28.156,67.524,1.765,36.087,,,,,1
2026-10-08T07:00Z,2026-10-10T07:00Z,a4t:90t,48,1.05,1.2,8.4,9.5,13.8,h,1.2,13.8,1.2,13.8,0,0,408.015,5.218,2.012,11,18.2,0.21,14,283,25.471,89.841,3.664,86.673,,,,,1
2026-10-08T07:00Z,2026-10-08T08:00Z,a4t:44t,1,21.75,41.3,24.8,48.8,33,h,41.3,33,41.2,33,0,0,251.696,2.836,0.312,45,33,0.661,15,281,26.582,88.127,2.581,324.462,,,,,1
2026-10-08T07:00Z,2026-10-08T10:00Z,a4t:44t,3,19.35,35.9,24.4,47.8,33.1,h,35.9,33.1,35.8,33.1,0,0,404.91,2.436,0.004,45,33,0.661,17,281,26.904,86.275,2.164,283.453,,,,,1
2026-10-08T07:00Z,2026-10-08T13:00Z,a4t:44t,6,15.25,27.4,22.7,44.2,33.2,h,27.4,33.2,27.4,33.2,0,0,169.9,1.51,0.048,45,33,0.661,20,281,25.909,90.153,1.139,246.265,,,,,1
2026-10-08T07:00Z,2026-10-08T19:00Z,a4t:44t,12,13.95,23.5,19.1,36.2,33.1,h,23.5,33.1,23.6,33.1,0,0,204.561,0.836,0.048,45,33,0.661,2,281,25.558,89.532,0.831,241.39,,,,,1
2026-10-08T07:00Z,2026-10-09T07:00Z,a4t:44t,24,17.15,25.7,15.7,26.5,30.9,h,25.7,30.9,25.8,30.9,0,0,293.357,2.003,0.961,45,33,0.661,14,282,27.128,85.879,1.892,312.539,,,,,1
2026-10-08T07:00Z,2026-10-10T07:00Z,a4t:44t,48,4.550000000000001,6,6.6,9.5,21.3,h,6,21.3,6,21.3,0,0,298.629,1.17,5.974,45,33,0.661,14,283,26.63,86.862,1.149,287.281,,,,,1
2026-10-08T07:00Z,2026-10-08T08:00Z,a4t:80t,1,18.049999999999997,47.8,17.8,49.8,30.6,h,47.8,30.6,47.7,30.6,0,0,354.39,2.46,0.309,41,30.5,1,15,281,26.493,87.996,2.049,312.287,,,,,1
2026-10-08T07:00Z,2026-10-08T10:00Z,a4t:80t,3,17.700000000000003,45.1,17.2,48,30.7,h,45.1,30.7,45,30.7,0,0,444.882,1.904,0.01,41,30.5,1,17,281,26.681,86.429,1.576,296.792,,,,,1
2026-10-08T07:00Z,2026-10-08T13:00Z,a4t:80t,6,9.95,24.5,16.7,46,31,h,24.5,31,24.5,31,0,0,266.423,2.019,0.004,41,30.5,1,20,281,25.863,88.22,1.223,280.18,,,,,1
2026-10-08T07:00Z,2026-10-08T19:00Z,a4t:80t,12,11.850000000000001,26.1,14.7,38.8,31.3,h,26.1,31.3,26.2,31.3,0,0,307.095,1.169,0.004,41,30.5,1,2,281,25.736,85.301,0.777,283.973,,,,,1
2026-10-08T07:00Z,2026-10-09T07:00Z,a4t:80t,24,6.199999999999999,11.9,11.6,26.3,29.2,h,11.9,29.2,11.9,29.2,0,0,331.342,2.225,1.369,41,30.5,1,14,282,26.603,88.717,1.952,276.975,,,,,1
2026-10-08T07:00Z,2026-10-10T07:00Z,a4t:80t,48,1.8,3,3.1,5.5,18,h,3,18,3,18,0,0,292.687,2.042,7.237,41,30.5,1,14,283,25.772,90.366,1.476,233.52,,,,,1
2026-10-08T07:00Z,2026-10-08T08:00Z,a4t:08t,1,32.55,28.6,28.4,24.7,30.7,h,28.6,30.7,28.5,30.7,0.001,0.091,927.19,1.424,0.419,25,30.7,-0.132,15,281,30.971,65.97,1.124,13.814,,,,,1
2026-10-08T07:00Z,2026-10-08T10:00Z,a4t:08t,3,37.95,33.5,28.5,24.9,30.8,h,33.5,30.8,33.4,30.8,0.003,0.08,280.031,1.79,0.237,25,30.7,-0.132,17,281,29.397,74.522,1.341,298.339,,,,,1
2026-10-08T07:00Z,2026-10-08T13:00Z,a4t:08t,6,50.85,45.3,30.5,26.7,31.2,h,45.3,31.2,45.3,31.2,0.006,0.051,45.772,1.326,0.524,25,30.7,-0.132,20,281,26.415,90.565,0.764,62.289,,,,,1
2026-10-08T07:00Z,2026-10-08T19:00Z,a4t:08t,12,50.7,45.7,39.7,35.1,32.7,h,45.7,32.7,45.8,32.7,0.007,0.034,80.419,2.777,0,25,30.7,-0.132,2,281,25.259,95.681,1.144,312.146,,,,,1
2026-10-08T07:00Z,2026-10-09T07:00Z,a4t:08t,24,23.95,22.1,40.6,36.5,32.6,h,22.1,32.6,22.1,32.6,0.018,0.033,1215.959,2.618,0.158,25,30.7,-0.132,14,282,31.861,59.926,2.063,21.613,,,,,1
2026-10-08T07:00Z,2026-10-10T07:00Z,a4t:08t,48,19.35,18.4,28.4,26.6,28.7,h,18.4,28.7,18.4,28.7,0,0.004,1069.166,2.478,0.349,25,30.7,-0.132,14,283,31.293,63.235,1.897,53.5,,,,,1
2026-10-08T07:00Z,2026-10-08T08:00Z,a4t:16t,1,32.55,23.7,28.4,20.4,24,h,23.7,24,23.7,24,0.001,0.085,901.468,1.403,0.472,18,24,-0.318,15,281,30.873,66.481,1.097,10.134,,,,,1
2026-10-08T07:00Z,2026-10-08T10:00Z,a4t:16t,3,37.95,28.1,28.5,20.5,24.2,h,28.1,24.2,28,24.2,0.002,0.075,278.909,1.67,0.228,18,24,-0.318,17,281,29.372,74.502,1.252,296.535,,,,,1
2026-10-08T07:00Z,2026-10-08T13:00Z,a4t:16t,6,50.85,38.4,30.5,22.2,24.7,h,38.4,24.7,38.4,24.7,0.005,0.048,45.056,1.233,0.495,18,24,-0.318,20,281,26.453,90.453,0.697,57.867,,,,,1
2026-10-08T07:00Z,2026-10-08T19:00Z,a4t:16t,12,50.7,39.6,39.7,29.5,26.1,h,39.6,26.1,39.7,26.1,0.006,0.033,79.207,2.791,0,18,24,-0.318,2,281,25.267,95.434,1.143,313.852,,,,,1
2026-10-08T07:00Z,2026-10-09T07:00Z,a4t:16t,24,23.95,19.7,40.6,31.5,26.4,h,19.7,26.4,19.7,26.4,0.016,0.031,1198.307,2.632,0.175,18,24,-0.318,14,282,31.787,60.305,2.075,19.976,,,,,1
2026-10-08T07:00Z,2026-10-10T07:00Z,a4t:16t,48,19.35,17.1,28.4,24.4,24.2,h,17.1,24.2,17.1,24.2,0,0.004,1059.666,2.413,0.35,18,24,-0.318,14,283,31.239,63.519,1.845,53.429,,,,,1
2026-10-08T07:00Z,2026-10-08T08:00Z,a4t:17t,1,32.55,25.7,28.4,22.2,24.2,h,25.7,24.2,25.7,24.2,0.001,0.092,927.904,1.414,0.421,19,24.2,-0.238,15,281,30.966,65.944,1.117,14.242,,,,,1
2026-10-08T07:00Z,2026-10-08T10:00Z,a4t:17t,3,37.95,30.3,28.5,22.3,24.4,h,30.3,24.4,30.2,24.4,0.003,0.081,280.225,1.757,0.239,19,24.2,-0.238,17,281,29.38,74.558,1.315,298.664,,,,,1
2026-10-08T07:00Z,2026-10-08T13:00Z,a4t:17t,6,50.85,41.2,30.5,24,24.8,h,41.2,24.8,41.2,24.8,0.006,0.051,45.885,1.316,0.508,19,24.2,-0.238,20,281,26.415,90.51,0.743,61.004,,,,,1
2026-10-08T07:00Z,2026-10-08T19:00Z,a4t:17t,12,50.7,42.1,39.7,31.8,26.4,h,42.1,26.4,42.2,26.4,0.006,0.034,81.117,2.801,0,19,24.2,-0.238,2,281,25.263,95.608,1.154,312.447,,,,,1
2026-10-08T07:00Z,2026-10-09T07:00Z,a4t:17t,24,23.95,20.7,40.6,33.6,27.2,h,20.7,27.2,20.7,27.2,0.017,0.031,1212.839,2.635,0.16,19,24.2,-0.238,14,282,31.848,60.004,2.077,21.609,,,,,1
2026-10-08T07:00Z,2026-10-10T07:00Z,a4t:17t,48,19.35,17.7,28.4,25.3,24.8,h,17.7,24.8,17.7,24.8,0,0.004,1065.04,2.479,0.349,19,24.2,-0.238,14,283,31.275,63.349,1.899,53.243,,,,,1
2026-10-08T07:00Z,2026-10-08T08:00Z,a4t:84t,1,16.5,18.2,18.6,20.6,20.3,h,18.2,20.3,18.2,20.3,0,0.066,1053.545,1.724,0.029,13,20.3,0.098,15,281,31.376,60.903,1.437,61.457,,,,,1
2026-10-08T07:00Z,2026-10-08T10:00Z,a4t:84t,3,20.7,22.7,18.3,20.2,20.3,h,22.7,20.3,22.7,20.3,0,0.06,271.641,0.721,0.255,13,20.3,0.098,17,281,29.283,73.071,0.418,351.679,,,,,1
2026-10-08T07:00Z,2026-10-08T13:00Z,a4t:84t,6,36.05,39.3,18.7,20.6,20.4,h,39.3,20.4,39.3,20.4,0,0.035,53.793,1.036,0.138,13,20.3,0.098,20,281,26.353,88.767,0.061,29.88,,,,,1
2026-10-08T07:00Z,2026-10-08T19:00Z,a4t:84t,12,23.1,25,22.6,24.8,21.4,h,25,21.4,25.1,21.4,0,0.018,119.491,3.866,0,13,20.3,0.098,2,281,25.341,94.153,1.802,314.166,,,,,1
2026-10-08T07:00Z,2026-10-09T07:00Z,a4t:84t,24,16.6,17.7,22.3,24.2,21.5,h,17.7,21.5,17.7,21.6,0.001,0.004,1117.783,3.156,0.12,13,20.3,0.098,14,282,31.596,62.536,2.545,30.779,,,,,1
2026-10-08T07:00Z,2026-10-10T07:00Z,a4t:84t,48,19.450000000000003,20.2,22.6,23.7,22,h,20.2,22,20.2,22,0,0.003,948.782,2.596,0.275,13,20.3,0.098,14,283,30.877,66.494,2.073,53.391,,,,,1
2026-10-08T07:00Z,2026-10-08T08:00Z,a4t:14t,1,32.55,16.3,28.4,13.8,28.9,h,16.3,28.9,16.3,28.9,0.001,0.115,1061.009,1.485,0.221,14,28.9,-0.688,15,281,31.338,63.397,1.223,34.349,,,,,1
2026-10-08T07:00Z,2026-10-08T10:00Z,a4t:14t,3,37.95,19.7,28.5,13.9,28.9,h,19.7,28.9,19.7,28.9,0.003,0.097,290.758,2.01,0.318,14,28.9,-0.688,17,281,29.228,75.506,1.477,309.767,,,,,1
2026-10-08T07:00Z,2026-10-08T13:00Z,a4t:14t,6,50.85,27.6,30.5,15.2,28.6,h,27.6,28.6,27.6,28.6,0.005,0.055,50.742,1.702,0.412,14,28.9,-0.688,20,281,26.219,90.323,0.814,62.275,,,,,1
2026-10-08T07:00Z,2026-10-08T19:00Z,a4t:14t,12,50.7,29.6,39.7,20.9,28.1,h,29.6,28.1,29.7,28.1,0.004,0.028,95.461,3.043,0,14,28.9,-0.688,2,281,25.3,95.75,1.28,308.931,,,,,1
2026-10-08T07:00Z,2026-10-09T07:00Z,a4t:14t,24,23.95,15.6,40.6,23.4,27.1,h,15.6,27.1,15.6,27.1,0.011,0.019,1260.974,2.845,0.109,14,28.9,-0.688,14,282,32.031,59.103,2.244,28.284,,,,,1
2026-10-08T07:00Z,2026-10-10T07:00Z,a4t:14t,48,19.35,14.9,28.4,20.4,24.6,h,14.9,24.6,14.9,24.6,0,0.003,1054.465,2.821,0.362,14,28.9,-0.688,14,283,31.274,63.539,2.183,49.452,,,,,1
2026-10-08T07:00Z,2026-10-08T08:00Z,a4t:25t,1,10.350000000000001,15.5,16.1,24.2,19.3,h,14.2,19.3,14.2,19.3,0.145,0.143,1225.182,3.209,0.126,21,19.3,0.29,15,281,31.568,59.973,2.505,20.961,,,,,1
2026-10-08T07:00Z,2026-10-08T10:00Z,a4t:25t,3,10.95,16.1,16,24,19.4,h,14.7,19.4,14.7,19.4,0.06,0.063,433.958,3.763,0.063,21,19.3,0.29,17,281,30.122,70.272,2.181,4.819,,,,,1
2026-10-08T07:00Z,2026-10-08T13:00Z,a4t:25t,6,18.1,25.8,16.3,24.3,19.5,h,24.7,19.5,24.7,19.5,1.69,1.569,57.784,3.297,0,21,19.3,0.29,20,281,26.912,82.147,1.381,57.164,,,,,1
2026-10-08T07:00Z,2026-10-08T19:00Z,a4t:25t,12,15.9,21.8,15.7,22.9,19.9,h,20.6,19.7,20.7,19.7,0.445,0.57,35.34,1.115,0,21,19.3,0.29,2,281,24.473,91.824,0.424,5.443,,,,,1
2026-10-08T07:00Z,2026-10-09T07:00Z,a4t:25t,24,12.45,16,15,20.6,19.7,h,15,19.4,15,19.4,0.003,0.012,1245.663,2.682,0.278,21,19.3,0.29,14,282,31.941,56.208,2.077,18.002,,,,,1
2026-10-08T07:00Z,2026-10-10T07:00Z,a4t:25t,48,7.65,9,17,20.6,19.9,h,8.6,19.4,8.6,19.4,0,0.003,1071.758,4.224,0.137,21,19.3,0.29,14,283,30.883,63.682,3.224,56.704,,,,,1
2026-10-08T07:00Z,2026-10-08T08:00Z,a4t:104t,1,8.75,9.8,8.9,10,9.3,h,9.8,9.3,9.8,9.3,0,0.004,1115.758,2.852,0.179,9,9.3,0.102,15,281,31.291,63.185,2.229,29.492,,,,,1
2026-10-08T07:00Z,2026-10-08T10:00Z,a4t:104t,3,9.3,10.3,9,10,9.3,h,10.3,9.3,10.3,9.3,0,0.004,535.47,2.763,0.028,9,9.3,0.102,17,281,30.451,68.302,1.83,33.805,,,,,1
2026-10-08T07:00Z,2026-10-08T13:00Z,a4t:104t,6,15.4,16.9,9.5,10.6,9.4,h,16.9,9.4,16.9,9.4,0,0.002,44.448,1.981,0.199,9,9.3,0.102,20,281,27.495,84.597,1.037,357.341,,,,,1
2026-10-08T07:00Z,2026-10-08T19:00Z,a4t:104t,12,11.25,12.2,10.1,11.1,9.7,h,12.2,9.7,12.2,9.7,0,0.001,87.569,3.409,0,9,9.3,0.102,2,281,24.973,95.697,1.44,349.783,,,,,1
2026-10-08T07:00Z,2026-10-09T07:00Z,a4t:104t,24,10.55,11.3,11.5,12.6,10.3,h,11.3,10.3,11.3,10.4,0,0.008,1159.387,3.202,0.117,9,9.3,0.102,14,282,31.879,58.592,2.501,30.666,,,,,1
2026-10-08T07:00Z,2026-10-10T07:00Z,a4t:104t,48,5.45,5.7,14.8,15.6,12.5,h,5.7,12.5,5.7,12.5,0,0.002,834.029,5.745,0.437,9,9.3,0.102,14,283,29.924,68.843,4.303,55.158,,,,,1
2026-10-08T07:00Z,2026-10-08T08:00Z,a4t:85t,1,9.5,8,12.3,10.4,14.2,h,8,14.2,8,14.2,0.002,0.044,1209.523,1.917,0.013,4,14.2,-0.158,15,281,31.535,62.011,1.534,67.513,,,,,1
2026-10-08T07:00Z,2026-10-08T10:00Z,a4t:85t,3,10.15,8.6,12.1,10.2,14.2,h,8.6,14.2,8.6,14.2,0.002,0.035,287.744,2.335,0.287,4,14.2,-0.158,17,281,29.603,73.152,1.793,325.439,,,,,1
2026-10-08T07:00Z,2026-10-08T13:00Z,a4t:85t,6,16.200000000000003,14,12.3,10.4,14,h,14,14,14,14,0.001,0.012,118.546,2.102,0.198,4,14.2,-0.158,20,281,26.496,88.976,0.925,23.624,,,,,1
2026-10-08T07:00Z,2026-10-08T19:00Z,a4t:85t,12,10.899999999999999,9.5,11.6,9.9,13.5,h,9.5,13.5,9.5,13.5,0,0.003,94.279,2.944,0,4,14.2,-0.158,2,281,25.336,94.771,1.242,314.825,,,,,1
2026-10-08T07:00Z,2026-10-09T07:00Z,a4t:85t,24,11.2,10.1,12.1,10.6,13,h,10.1,13,10.1,13,0.001,0.005,1285.642,3.103,0.048,4,14.2,-0.158,14,282,32.184,57.087,2.436,34.438,,,,,1
2026-10-08T07:00Z,2026-10-10T07:00Z,a4t:85t,48,8.1,7.6,14.8,13.7,13.9,h,7.6,13.9,7.6,13.9,0,0.003,785.626,3.639,0.688,4,14.2,-0.158,14,283,29.83,69.595,2.812,56.757,,,,,1
2026-10-08T07:00Z,2026-10-08T08:00Z,a4t:42t,1,3.8,27.1,3.8,30.4,24.4,h,27.1,24.4,27,24.4,0,0,321.762,1.968,0.163,32,24.4,1.881,15,281,26.883,91.247,1.365,202.606,,,,,1
2026-10-08T07:00Z,2026-10-08T10:00Z,a4t:42t,3,3.6,24.1,3.6,28.8,24.4,h,24.1,24.4,24.1,24.4,0,0,170.403,0.839,0.525,32,24.4,1.881,17,281,25.809,94.755,0.725,99.728,,,,,1
2026-10-08T07:00Z,2026-10-08T13:00Z,a4t:42t,6,4.45,25.8,3.5,26.7,24.5,h,25.8,24.5,25.8,24.5,0,0,43.145,0.627,0,32,24.4,1.881,20,281,25.123,96.981,0.222,292.75,,,,,1
2026-10-08T07:00Z,2026-10-08T19:00Z,a4t:42t,12,5.1,23.9,3.9,26.4,24.9,h,23.9,24.9,24,24.9,0,0,60.015,1.315,0,32,24.4,1.881,2,281,24.046,97.792,0.926,246.106,,,,,1
2026-10-08T07:00Z,2026-10-09T07:00Z,a4t:42t,24,5.050000000000001,17.1,4.5,21.6,23.5,h,17.1,23.5,17.1,23.5,0,0,1007.383,3.717,0.075,32,24.4,1.881,14,282,30.772,70.117,2.86,13.631,,,,,1
2026-10-08T07:00Z,2026-10-10T07:00Z,a4t:42t,48,3.8,8.3,7.6,19.6,22,h,8.3,22,8.3,22,0,0,499.951,2.095,2.103,32,24.4,1.881,14,283,27.807,86.609,1.541,51.773,,,,,1
2026-10-08T07:00Z,2026-10-08T08:00Z,a4t:111t,1,4.65,11.1,5.6,13.5,16.3,h,11.1,16.3,11.1,16.3,0,0,1157.315,5.847,0.112,14,16.3,0.796,15,281,30.023,61.254,4.354,13.489,3.4,331,32,46,1
2026-10-08T07:00Z,2026-10-08T10:00Z,a4t:111t,3,4.949999999999999,11.4,5.5,13.2,16.3,h,11.4,16.3,11.4,16.3,0,0,781.643,5.467,0.006,14,16.3,0.796,17,281,28.662,70.249,3.039,32.301,3.4,331,32,46,1
2026-10-08T07:00Z,2026-10-08T13:00Z,a4t:111t,6,6.15,13.2,5.5,13.1,16.4,h,13.2,16.4,13.2,16.4,0,0,192.392,5.534,0.087,14,16.3,0.796,20,281,25.679,81.625,2.446,31.734,3.4,331,32,46,1
2026-10-08T07:00Z,2026-10-08T19:00Z,a4t:111t,12,5.3,10.6,5.8,13.2,15.9,h,10.6,15.9,10.6,15.9,0,0.002,336.62,5.281,0,14,16.3,0.796,2,281,24.299,85.749,2.5,45.828,3.4,331,32,46,1
2026-10-08T07:00Z,2026-10-09T07:00Z,a4t:111t,24,9.5,15.8,7.2,13.8,15.5,h,15.8,15.5,15.8,15.5,0,0.038,1052.266,5.471,0.15,14,16.3,0.796,14,282,30.226,62.174,4.126,20.048,3.4,331,32,46,1
2026-10-08T07:00Z,2026-10-10T07:00Z,a4t:111t,48,3.75,5.3,5.2,8.1,12.2,h,5.3,12.2,5.3,12.2,0,0.001,881.024,3.089,0.15,14,16.3,0.796,14,283,30.183,70.903,2.476,80.809,3.4,331,32,46,1
2026-10-08T07:00Z,2026-10-08T08:00Z,a4t:96t,1,7.550000000000001,5.8,12.1,9.3,7.8,h,5.8,7.8,5.8,7.8,0,0.003,1103.647,1.451,0,8,7.8,-0.243,15,281,31.499,61.792,1.224,358.218,1.4,336,27.4,47,1
2026-10-08T07:00Z,2026-10-08T10:00Z,a4t:96t,3,7.4,5.7,12.1,9.3,7.8,h,5.7,7.8,5.7,7.8,0,0.002,317.472,1.946,0,8,7.8,-0.243,17,281,30.486,66.075,1.479,34.393,1.4,336,27.4,47,1
2026-10-08T07:00Z,2026-10-08T13:00Z,a4t:96t,6,10,7.9,12,9.3,7.8,h,7.9,7.8,7.9,7.8,0,0.002,125.095,3.532,0,8,7.8,-0.243,20,281,27.424,84.473,1.602,149.035,1.4,336,27.4,47,1
2026-10-08T07:00Z,2026-10-08T19:00Z,a4t:96t,12,16.5,13.5,11.9,9.3,7.9,h,13.5,7.9,13.5,7.9,0,0.004,39.761,1.249,0,8,7.8,-0.243,2,281,25.187,95.165,0.415,227.345,1.4,336,27.4,47,1
2026-10-08T07:00Z,2026-10-09T07:00Z,a4t:96t,24,10.2,8.7,13.7,11.3,8.9,h,8.7,8.9,8.7,8.9,0,0.003,1065.621,1.483,0.126,8,7.8,-0.243,14,282,31.22,68.638,1.2,355.941,1.4,336,27.4,47,1
2026-10-08T07:00Z,2026-10-10T07:00Z,a4t:96t,48,10.350000000000001,9.4,21.5,19.1,13.5,h,9.4,13.5,9.4,13.5,0,0.001,374.914,5.8,9.669,8,7.8,-0.243,14,283,26.626,86.776,4.246,77.175,1.4,336,27.4,47,1
2026-10-08T07:00Z,2026-10-08T08:00Z,a4t:82t,1,13.9,14.9,12.2,13.1,22.3,h,14.9,22.3,14.9,22.3,0,0.007,1496.162,0.5,0,16,22.3,0.068,15,281,30.344,54.399,0.397,320.418,,,,,1
2026-10-08T07:00Z,2026-10-08T10:00Z,a4t:82t,3,13.6,14.5,13,13.9,22.3,h,14.5,22.3,14.5,22.3,0,0.011,573.648,1.998,0,16,22.3,0.068,17,281,28.93,63.652,1.297,65.435,,,,,1
2026-10-08T07:00Z,2026-10-08T13:00Z,a4t:82t,6,20.85,22.2,14.4,15.4,22.2,h,22.2,22.2,22.2,22.2,0,0.015,40.332,1.02,0,16,22.3,0.068,20,281,25.674,82.814,0.483,74.932,,,,,1
2026-10-08T07:00Z,2026-10-08T19:00Z,a4t:82t,12,24.9,26.3,17.9,19.1,21.9,h,26.3,21.9,26.4,21.9,0,0.108,99.204,3.563,0,16,22.3,0.068,2,281,23.205,86.027,1.534,68.715,,,,,1
2026-10-08T07:00Z,2026-10-09T07:00Z,a4t:82t,24,12.05,12.6,20,21.2,22,h,12.6,22,12.6,22,0,0.059,1287.658,1.262,0,16,22.3,0.068,14,282,30.841,56.57,0.982,46.968,,,,,1
2026-10-08T07:00Z,2026-10-10T07:00Z,a4t:82t,48,7.2,7.4,16.7,17.2,20.5,h,7.4,20.5,7.4,20.5,0,0.002,692.544,5.932,1.52,16,22.3,0.068,14,283,27.045,81.943,4.523,71.615,,,,,1
2026-10-08T07:00Z,2026-10-08T08:00Z,a4t:115t,1,13.8,16.6,8.3,10.2,12.3,h,16.6,12.3,16.6,12.3,0,0.01,1025.743,2.459,0.02,18,12.3,0.183,15,281,29.232,58.129,1.909,44.601,1.7,39,31.3,50,1
2026-10-08T07:00Z,2026-10-08T10:00Z,a4t:115t,3,13.350000000000001,16,9.1,11,12.4,h,16,12.4,16,12.4,0,0.006,378.769,2.972,0,18,12.3,0.183,17,281,27.856,68,1.662,63.749,1.7,39,31.3,50,1
2026-10-08T07:00Z,2026-10-08T13:00Z,a4t:115t,6,15.95,18.9,10.5,12.7,12.5,h,18.9,12.5,18.9,12.5,0,0.003,24.066,1.913,0,18,12.3,0.183,20,281,25.174,76.201,0.467,87.322,1.7,39,31.3,50,1
2026-10-08T07:00Z,2026-10-08T19:00Z,a4t:115t,12,23.9,27.6,14.3,17.1,13.6,h,27.6,13.6,27.7,13.6,0,0.009,27.753,1.97,0,18,12.3,0.183,2,281,22.727,86.573,0.872,43.298,1.7,39,31.3,50,1
2026-10-08T07:00Z,2026-10-09T07:00Z,a4t:115t,24,16.65,18.7,18.6,21.5,15.3,h,18.7,15.3,18.7,15.3,0,0.026,1241.862,2.223,0,18,12.3,0.183,14,282,30.091,58.346,1.829,9.262,1.7,39,31.3,50,1
2026-10-08T07:00Z,2026-10-10T07:00Z,a4t:115t,48,4.95,5.4,11.7,12.8,12.6,h,5.4,12.6,5.4,12.6,0,0.001,438.696,4.584,2.871,18,12.3,0.183,14,283,25.456,87.514,3.369,97.68,1.7,39,31.3,50,1
2026-10-08T07:00Z,2026-10-08T08:00Z,a4t:110t,1,6,14,7.5,17.7,21,h,14,21,14,21,0,0.001,1206.885,6.179,0.375,16,21,0.796,15,281,29.717,62.788,4.574,31.213,1.4,61,31.4,60,1
2026-10-08T07:00Z,2026-10-08T10:00Z,a4t:110t,3,5.55,12.6,7.4,17.5,21.1,h,12.6,21.1,12.6,21.1,0,0.002,697.499,5.911,0.124,16,21,0.796,17,281,28.014,70.376,3.468,30.158,1.4,61,31.4,60,1
2026-10-08T07:00Z,2026-10-08T13:00Z,a4t:110t,6,5.65,12.2,7.4,17.3,21,h,12.2,21,12.2,21,0,0.004,488.545,5.675,0.009,16,21,0.796,20,281,25.972,76.648,2.874,54.541,1.4,61,31.4,60,1
2026-10-08T07:00Z,2026-10-08T19:00Z,a4t:110t,12,9.95,19.1,7.6,17,20.6,h,19.1,20.6,19.1,20.6,0,0.069,463.284,5.835,0,16,21,0.796,2,281,24.086,84.407,2.949,52.717,1.4,61,31.4,60,1
2026-10-08T07:00Z,2026-10-09T07:00Z,a4t:110t,24,6.25,10.6,8.8,16.7,19.6,h,10.6,19.6,10.6,19.7,0,0.022,788.238,5.903,0.32,16,21,0.796,14,282,28.043,71.278,4.118,13.097,1.4,61,31.4,60,1
2026-10-08T07:00Z,2026-10-10T07:00Z,a4t:110t,48,1.25,2,2.1,3.6,12.3,h,2,12.3,2,12.3,0,0,979.075,4.207,0.916,16,21,0.796,14,283,29.83,73.829,3.257,59.665,1.4,61,31.4,60,1
2026-10-08T07:00Z,2026-10-08T08:00Z,a4t:91t,1,13.25,12,9.8,8.8,13.7,h,12,13.7,12,13.7,0,0.005,1350.234,1.637,0,15,13.7,-0.096,15,281,30.153,54.151,1.293,10.423,,,,,1
2026-10-08T07:00Z,2026-10-08T10:00Z,a4t:91t,3,12.5,11.4,10.6,9.6,13.8,h,11.4,13.8,11.4,13.8,0,0.003,694.062,2.744,0,15,13.7,-0.096,17,281,28.782,64.015,1.644,44.554,,,,,1
2026-10-08T07:00Z,2026-10-08T13:00Z,a4t:91t,6,14.85,13.6,12,10.8,13.8,h,13.6,13.8,13.6,13.8,0,0.003,41.283,1.821,0,15,13.7,-0.096,20,281,25.542,81.004,0.628,70.857,,,,,1
2026-10-08T07:00Z,2026-10-08T19:00Z,a4t:91t,12,19.95,18.5,15.2,13.8,13.8,h,18.5,13.8,18.5,13.8,0,0.022,70.529,2.84,0,15,13.7,-0.096,2,281,22.957,88.435,1.066,56.039,,,,,1
2026-10-08T07:00Z,2026-10-09T07:00Z,a4t:91t,24,14.350000000000001,13.5,17.3,16,14.4,h,13.5,14.4,13.5,14.4,0,0.031,1345.838,2.95,0,15,13.7,-0.096,14,282,30.748,55.985,2.262,31.368,,,,,1
2026-10-08T07:00Z,2026-10-10T07:00Z,a4t:91t,48,4.55,4.4,11.6,11,12.4,h,4.4,12.4,4.4,12.4,0,0.001,638.621,4.673,1.587,15,13.7,-0.096,14,283,27.097,82.199,3.531,71.948,,,,,1
2026-10-08T07:00Z,2026-10-08T08:00Z,a4t:92t,1,6.5,7.3,10.9,12.3,11.3,h,7.3,11.3,7.3,11.3,0,0,1149.769,0.308,0.051,10,11.3,0.111,15,281,31.107,61.772,0.157,23.371,,,,,1
2026-10-08T07:00Z,2026-10-08T10:00Z,a4t:92t,3,6.300000000000001,7.1,10.8,12.2,11.3,h,7.1,11.3,7.1,11.3,0,0.001,145.415,0.719,0,10,11.3,0.111,17,281,30.1,67.775,0.38,26.553,,,,,1
2026-10-08T07:00Z,2026-10-08T13:00Z,a4t:92t,6,11.45,12.7,10.9,12.3,11.3,h,12.7,11.3,12.7,11.3,0,0.001,39.291,2.233,0,10,11.3,0.111,20,281,26.891,88.14,0.865,207.001,,,,,1
2026-10-08T07:00Z,2026-10-08T19:00Z,a4t:92t,12,11.600000000000001,12.7,10.4,11.7,11.2,h,12.7,11.2,12.7,11.2,0,0.003,19.693,0.767,0,10,11.3,0.111,2,281,24.612,94.564,0.084,214.354,,,,,1
2026-10-08T07:00Z,2026-10-09T07:00Z,a4t:92t,24,9.25,9.9,10.8,11.9,11.4,h,9.9,11.4,9.9,11.5,0,0.005,1157.763,1.174,0.032,10,11.3,0.111,14,282,31.581,57.703,0.926,63.258,,,,,1
2026-10-08T07:00Z,2026-10-10T07:00Z,a4t:92t,48,11.7,12.2,13.4,14.2,12.3,h,12.2,12.3,12.2,12.3,0,0.003,422.874,3.398,4.081,10,11.3,0.111,14,283,26.575,90.471,2.365,51.126,,,,,1
2026-10-08T07:00Z,2026-10-08T08:00Z,a4t:98t,1,7.4,12.3,10,16.7,11.8,h,12.3,11.8,12.3,11.8,0,0.005,709.894,2.462,0.422,16,11.8,0.477,15,281,30.13,68.626,2.009,69.629,1.3,45,34.8,54,1
2026-10-08T07:00Z,2026-10-08T10:00Z,a4t:98t,3,7.9,12.8,9.5,15.9,11.8,h,12.8,11.8,12.8,11.8,0,0.005,172.121,2.293,0.016,16,11.8,0.477,17,281,28.481,79.662,1.761,301.446,1.3,45,34.8,54,1
2026-10-08T07:00Z,2026-10-08T13:00Z,a4t:98t,6,10.899999999999999,17,9.3,15.4,11.9,h,17,11.9,17,11.9,0,0.003,74.155,2.251,0.125,16,11.8,0.477,20,281,25.165,92.561,1.532,297.785,1.3,45,34.8,54,1
2026-10-08T07:00Z,2026-10-08T19:00Z,a4t:98t,12,13.850000000000001,20.4,9.8,15.8,12.4,h,20.4,12.4,20.4,12.4,0,0.002,63.92,3.153,0,16,11.8,0.477,2,281,24.693,95.808,1.231,325.392,1.3,45,34.8,54,1
2026-10-08T07:00Z,2026-10-09T07:00Z,a4t:98t,24,9.2,12.5,11.5,16.9,13.4,h,12.5,13.4,12.5,13.4,0,0.007,1111.972,2.371,0.177,16,11.8,0.477,14,282,31.161,68.578,1.902,15.923,1.3,45,34.8,54,1
2026-10-08T07:00Z,2026-10-10T07:00Z,a4t:98t,48,6.699999999999999,8.1,13.2,16.7,14.2,h,8.1,14.2,8.1,14.2,0,0.002,504.996,6.611,2.298,16,11.8,0.477,14,283,26.701,87.646,4.903,63.741,1.3,45,34.8,54,1
2026-10-08T07:00Z,2026-10-08T08:00Z,a4t:83t,1,6.05,13.5,6.4,14.7,17.5,h,13.5,17.5,13.5,17.5,0,0,1037.601,6.709,0.893,14,17.5,0.755,15,281,29.562,65.08,4.939,18.755,,,,,1
2026-10-08T07:00Z,2026-10-08T10:00Z,a4t:83t,3,6.1,13.2,6.5,14.8,17.5,h,13.2,17.5,13.2,17.5,0,0.001,717.67,6.693,0.169,14,17.5,0.755,17,281,27.595,76.666,4.181,37.665,,,,,1
2026-10-08T07:00Z,2026-10-08T13:00Z,a4t:83t,6,5.8,12.1,6.6,15,17.5,h,12.1,17.5,12.1,17.5,0,0.001,500.53,6.004,0.023,14,17.5,0.755,20,281,26.012,80.225,2.987,26.346,,,,,1
2026-10-08T07:00Z,2026-10-08T19:00Z,a4t:83t,12,8.3,15.5,6.8,14.8,17.1,h,15.5,17.1,15.5,17.1,0,0.022,453.189,6.06,0,14,17.5,0.755,2,281,24.566,82.524,3.315,35.592,,,,,1
2026-10-08T07:00Z,2026-10-09T07:00Z,a4t:83t,24,4.85,8.2,7.5,14,16.4,h,8.2,16.4,8.2,16.4,0,0.028,730.305,6.639,0.358,14,17.5,0.755,14,282,27.89,73.718,4.731,13.904,,,,,1
2026-10-08T07:00Z,2026-10-10T07:00Z,a4t:83t,48,3.95,5.5,3.1,4.9,11.2,h,5.5,11.2,5.5,11.2,0,0,948.412,3.591,0.534,14,17.5,0.755,14,283,30.334,72.383,2.8,46.965,,,,,1
2026-10-08T07:00Z,2026-10-08T08:00Z,a4t:116t,1,8.75,14.7,8.9,15.2,14.8,h,14.7,14.8,14.7,14.8,0.013,0.034,1273.052,3.021,0.055,14,14.8,0.496,15,281,31.789,61.191,2.437,21.526,2,321,32.7,52,1
2026-10-08T07:00Z,2026-10-08T10:00Z,a4t:116t,3,9.3,15.3,9,15.3,14.8,h,15.3,14.8,15.3,14.8,0.01,0.026,778.422,2.971,0.081,14,14.8,0.496,17,281,30.707,66.906,2.063,25.047,2,321,32.7,52,1
2026-10-08T07:00Z,2026-10-08T13:00Z,a4t:116t,6,15.4,24.2,9.5,16,14.9,h,24.2,14.9,24.2,14.9,0.003,0.01,60.266,1.982,0.096,14,14.8,0.496,20,281,27.735,82.37,0.746,7.968,2,321,32.7,52,1
2026-10-08T07:00Z,2026-10-08T19:00Z,a4t:116t,12,11.25,16.9,10.1,16.4,15.2,h,16.9,15.2,16.9,15.2,0.001,0.005,116.438,4.039,0,14,14.8,0.496,2,281,25.333,93.313,1.845,341.818,2,321,32.7,52,1
2026-10-08T07:00Z,2026-10-09T07:00Z,a4t:116t,24,10.55,14.5,11.5,17.3,15.6,h,14.5,15.6,14.5,15.6,0.001,0.009,1231.305,3.471,0,14,14.8,0.496,14,282,32.193,56.514,2.724,29.482,2,321,32.7,52,1
2026-10-08T07:00Z,2026-10-10T07:00Z,a4t:116t,48,5.45,6.7,14.8,18.9,16.9,h,6.7,16.9,6.7,16.9,0,0.003,884.067,5.879,0.262,14,14.8,0.496,14,283,30.874,64.197,4.427,56.189,2,321,32.7,52,1
2026-10-08T07:00Z,2026-10-08T08:00Z,a4t:57t,1,7.1,5,,,,h,5,,5,,0,0.036,953.951,1.273,0,,,-0.345,15,281,29.042,59.024,1.023,95.236,,,,,1
2026-10-08T07:00Z,2026-10-08T10:00Z,a4t:57t,3,7.5,5.3,,,,h,5.3,,5.3,,0,0.029,99.368,1.125,0,,,-0.345,17,281,28.124,63.909,0.808,79.25,,,,,1
2026-10-08T07:00Z,2026-10-08T13:00Z,a4t:57t,6,11.85,8.8,,,,h,8.8,,8.8,,0,0.022,17.061,0.379,0,,,-0.345,20,281,24.94,78.081,0.273,208.263,,,,,1
2026-10-08T07:00Z,2026-10-08T19:00Z,a4t:57t,12,19.35,15,,,,h,15,,15,,0,0.018,15.503,0.379,0,,,-0.345,2,281,22.36,88.4,0.257,161.578,,,,,1
2026-10-08T07:00Z,2026-10-09T07:00Z,a4t:57t,24,7.1,5.7,,,,h,5.7,,5.7,,0,0.012,1070.889,1.958,0,,,-0.345,14,282,29.691,60.162,1.481,67.982,,,,,1
2026-10-08T07:00Z,2026-10-10T07:00Z,a4t:57t,48,14.15,12.5,,,,h,12.5,,12.5,,0,0.006,1268.152,3.852,0,,,-0.345,14,283,29.588,59.569,2.878,45.336,,,,,1
2026-10-08T07:00Z,2026-10-08T08:00Z,a4t:73t,1,8.55,16.1,12.4,23.6,16.6,h,16.1,16.6,16.1,16.6,0,0.042,865.61,1.46,0.033,19,16.6,0.608,15,281,28.732,59.021,1.117,158.957,,,,,1
2026-10-08T07:00Z,2026-10-08T10:00Z,a4t:73t,3,9.05,16.6,12.9,24.5,16.6,h,16.6,16.6,16.6,16.6,0,0.034,337.293,1.339,0,19,16.6,0.608,17,281,27.606,65.906,0.848,148.312,,,,,1
2026-10-08T07:00Z,2026-10-08T13:00Z,a4t:73t,6,16.35,28.4,13.6,25.4,16.7,h,28.4,16.7,28.4,16.7,0,0.027,24.852,0.311,0,19,16.6,0.608,20,281,24.648,78.996,0.369,300.017,,,,,1
2026-10-08T07:00Z,2026-10-08T19:00Z,a4t:73t,12,19.4,31.4,14.3,25.8,17.7,h,31.4,17.7,31.5,17.7,0,0.018,25.65,1.173,0,19,16.6,0.608,2,281,22.558,85.308,0.632,345.721,,,,,1
2026-10-08T07:00Z,2026-10-09T07:00Z,a4t:73t,24,7.35,11,14,23,18.3,h,11,18.3,11,18.3,0,0.013,1095.404,0.959,0,19,16.6,0.608,14,282,29.693,60.424,0.792,97.233,,,,,1
2026-10-08T07:00Z,2026-10-10T07:00Z,a4t:73t,48,11.5,14.6,13.2,17.8,17,h,14.6,17,14.6,17,0,0.004,1489.471,3.08,0,19,16.6,0.608,14,283,30.079,55.438,2.3,55.047,,,,,1
2026-10-08T07:00Z,2026-10-08T08:00Z,a4t:35t,1,10.55,9.8,24,22.3,13.5,h,9.8,13.5,9.8,13.5,0,0.01,927.985,0.624,0.008,14,13.5,-0.072,15,281,30.775,56.583,0.529,176.403,,,,,1
2026-10-08T07:00Z,2026-10-08T10:00Z,a4t:35t,3,10.85,10.1,24.4,22.6,13.5,h,10.1,13.5,10.1,13.5,0,0.011,126.519,2.289,0.06,14,13.5,-0.072,17,281,28.375,71.613,1.434,137.065,,,,,1
2026-10-08T07:00Z,2026-10-08T13:00Z,a4t:35t,6,32.2,30.2,24.8,23,13.6,h,30.2,13.6,30.2,13.6,0,0.01,48.784,0.654,0,14,13.5,-0.072,20,281,25.737,87.047,0.358,206.561,,,,,1
2026-10-08T07:00Z,2026-10-08T19:00Z,a4t:35t,12,43.849999999999994,41.5,25.4,23.7,15.2,h,41.5,15.2,41.6,15.2,0,0.008,56.266,0.764,0,14,13.5,-0.072,2,281,23.888,89.981,0.384,343.504,,,,,1
2026-10-08T07:00Z,2026-10-09T07:00Z,a4t:35t,24,13.25,12.7,27.9,26.4,16.9,h,12.7,16.9,12.7,16.9,0,0.008,1253.736,0.609,0,14,13.5,-0.072,14,282,31.428,58.385,0.522,113.611,,,,,1
2026-10-08T07:00Z,2026-10-10T07:00Z,a4t:35t,48,13.75,13.4,27,26,17.9,h,13.4,17.9,13.4,17.9,0,0.004,906.884,1.066,0.067,14,13.5,-0.072,14,283,30.73,61.25,0.838,146.564,,,,,1
2026-10-08T07:00Z,2026-10-08T08:00Z,a4t:36t,1,10.55,3.4,24,8.1,7.5,h,3.4,7.5,3.4,7.5,0,0.01,860.266,0.521,0.003,2,7.5,-1.017,15,281,31.073,55.631,0.475,169.269,0.6,35,38.2,,1
2026-10-08T07:00Z,2026-10-08T10:00Z,a4t:36t,3,10.85,3.7,24.4,8.2,7.5,h,3.7,7.5,3.7,7.5,0,0.01,172.332,3.224,0.02,2,7.5,-1.017,17,281,28.375,71.527,2.094,134.182,0.6,35,38.2,,1
2026-10-08T07:00Z,2026-10-08T13:00Z,a4t:36t,6,32.2,12.8,24.8,8.5,7.5,h,12.8,7.5,12.8,7.5,0,0.01,55.256,0.72,0,2,7.5,-1.017,20,281,26.233,84.7,0.352,246.352,0.6,35,38.2,,1
2026-10-08T07:00Z,2026-10-08T19:00Z,a4t:36t,12,43.849999999999994,19.7,25.4,9.6,8,h,19.7,8,19.7,8,0,0.008,59.004,0.577,0,2,7.5,-1.017,2,281,24.445,88.388,0.223,0.837,0.6,35,38.2,,1
2026-10-08T07:00Z,2026-10-09T07:00Z,a4t:36t,24,13.25,6.8,27.9,12.4,8.8,h,6.8,8.8,6.8,8.8,0,0.008,1257.1,0.961,0,2,7.5,-1.017,14,282,31.746,58.167,0.79,107.262,0.6,35,38.2,,1
2026-10-08T07:00Z,2026-10-10T07:00Z,a4t:36t,48,13.75,9.2,27,16.4,10.6,h,9.2,10.6,9.2,10.6,0,0.004,678.917,1.395,0.03,2,7.5,-1.017,14,283,30.846,62.626,1.121,159.386,0.6,35,38.2,,1
2026-10-08T07:00Z,2026-10-08T08:00Z,a4t:97t,1,4.9,12.2,9.2,22.7,9.4,h,12.2,9.4,12.2,9.4,0,0.006,806.184,1.262,0.1,15,9.4,0.842,15,281,28.957,63.326,1.035,87.43,2,116,37.2,40,1
2026-10-08T07:00Z,2026-10-08T10:00Z,a4t:97t,3,6.15,14.5,8.9,21.8,9.4,h,14.5,9.4,14.5,9.4,0,0.007,253.651,0.571,0.025,15,9.4,0.842,17,281,27.885,71.288,0.29,358.717,2,116,37.2,40,1
2026-10-08T07:00Z,2026-10-08T13:00Z,a4t:97t,6,10,21.8,8.6,20.8,9.6,h,21.8,9.6,21.8,9.6,0,0.008,34.297,1.346,0,15,9.4,0.842,20,281,24.838,86.222,0.704,149.093,2,116,37.2,40,1
2026-10-08T07:00Z,2026-10-08T19:00Z,a4t:97t,12,13,25.6,8.9,20.2,11.1,h,25.6,11.1,25.7,11.1,0,0.009,28.888,1.244,0,15,9.4,0.842,2,281,22.67,83.925,0.412,14.847,2,116,37.2,40,1
2026-10-08T07:00Z,2026-10-09T07:00Z,a4t:97t,24,10.7,18.3,11.8,23.1,13.8,h,18.3,13.8,18.3,13.8,0,0.006,704.654,1.311,0.125,15,9.4,0.842,14,282,29.306,61.485,0.945,33.87,2,116,37.2,40,1
2026-10-08T07:00Z,2026-10-10T07:00Z,a4t:97t,48,2.95,4.3,11.5,17.7,13.6,h,4.3,13.6,4.3,13.6,0,0.001,740.753,4.517,0.326,15,9.4,0.842,14,283,26.914,75.598,3.331,18.146,2,116,37.2,40,1
2026-10-08T07:00Z,2026-10-08T08:00Z,a4t:69t,1,12.25,9.6,12.4,9.7,10.7,h,9.6,10.7,9.6,10.7,0,0.002,741.238,0.162,0.149,6,10.7,-0.231,15,281,29.525,62.486,0.136,323.78,8.8,316,,8,1
2026-10-08T07:00Z,2026-10-08T10:00Z,a4t:69t,3,11.8,9.3,12.8,9.9,10.7,h,9.3,10.7,9.3,10.7,0,0.003,124.138,0.467,0,6,10.7,-0.231,17,281,28.559,69.877,0.308,63.083,8.8,316,,8,1
2026-10-08T07:00Z,2026-10-08T13:00Z,a4t:69t,6,15.2,12.3,13.2,10.4,10.7,h,12.3,10.7,12.3,10.7,0,0.004,23.161,1.065,0,6,10.7,-0.231,20,281,25.495,85.946,0.537,150.274,8.8,316,,8,1
2026-10-08T07:00Z,2026-10-08T19:00Z,a4t:69t,12,20.049999999999997,16.7,14.2,11.3,10.9,h,16.7,10.9,16.7,10.9,0,0.005,13.336,0.176,0,6,10.7,-0.231,2,281,23.89,83.62,0.103,326.418,8.8,316,,8,1
2026-10-08T07:00Z,2026-10-09T07:00Z,a4t:69t,24,10.3,8.9,15.9,13.2,11.3,h,8.9,11.3,8.9,11.4,0,0.007,982.111,1.62,0.285,6,10.7,-0.231,14,282,30.002,62.11,1.161,358.258,8.8,316,,8,1
2026-10-08T07:00Z,2026-10-10T07:00Z,a4t:69t,48,12.15,11.1,12.4,11.1,10.8,h,11.1,10.8,11.1,10.8,0,0.005,325.979,3.338,4.221,6,10.7,-0.231,14,283,25.807,89.242,2.194,100.39,8.8,316,,8,1
2026-10-08T07:00Z,2026-10-08T08:00Z,a4t:58t,1,7.1,7.4,8.2,8.6,8.3,h,7.4,8.3,7.4,8.3,0,0.008,1301.496,1.078,0.009,8,8.3,0.036,15,281,31.385,49.69,0.908,266.469,,,,,1
2026-10-08T07:00Z,2026-10-08T10:00Z,a4t:58t,3,6.949999999999999,7.2,8.6,8.9,8.3,h,7.2,8.3,7.2,8.3,0,0.009,122.066,1.971,0.127,8,8.3,0.036,17,281,28.558,67.063,1.263,320.633,,,,,1
2026-10-08T07:00Z,2026-10-08T13:00Z,a4t:58t,6,8.55,8.9,8.9,9.2,8.3,h,8.9,8.3,8.9,8.3,0,0.01,24.117,0.949,0,8,8.3,0.036,20,281,24.373,91.786,0.607,61.14,,,,,1
2026-10-08T07:00Z,2026-10-08T19:00Z,a4t:58t,12,12.3,12.7,9.2,9.5,8.4,h,12.7,8.4,12.7,8.4,0,0.01,21.543,0.85,0,8,8.3,0.036,2,281,22.224,89.417,0.442,4.293,,,,,1
2026-10-08T07:00Z,2026-10-09T07:00Z,a4t:58t,24,7.550000000000001,7.7,9.4,9.6,8.6,h,7.7,8.6,7.7,8.7,0,0.01,1558.417,1.275,0.077,8,8.3,0.036,14,282,32.169,50.866,0.987,325.09,,,,,1
2026-10-08T07:00Z,2026-10-10T07:00Z,a4t:58t,48,9.5,9.6,10,10.1,8.9,h,9.6,8.9,9.6,8.9,0,0.006,1817.799,1.472,0.074,8,8.3,0.036,14,283,32.747,45.063,1.15,2.4,,,,,1
2026-10-08T07:00Z,2026-10-08T08:00Z,a4t:05t,1,17.85,12.3,,,,h,12.3,,12.3,,0.001,0.083,896.932,1.447,0.465,,,-0.377,15,281,30.891,66.597,1.129,8.506,1.1,302,,,1
2026-10-08T07:00Z,2026-10-08T10:00Z,a4t:05t,3,19.4,13.6,,,,h,13.6,,13.6,,0.003,0.074,277.787,1.794,0.218,,,-0.377,17,281,29.444,74.315,1.351,295.214,1.1,302,,,1
2026-10-08T07:00Z,2026-10-08T13:00Z,a4t:05t,6,38.05,27.6,,,,h,27.6,,27.6,,0.007,0.048,44.547,1.26,0.563,,,-0.377,20,281,26.458,90.675,0.779,63.484,1.1,302,,,1
2026-10-08T07:00Z,2026-10-08T19:00Z,a4t:05t,12,45,33.9,,,,h,33.9,,34,,0.008,0.035,76.279,2.691,0,,,-0.377,2,281,25.246,95.734,1.105,312.671,1.1,302,,,1
2026-10-08T07:00Z,2026-10-09T07:00Z,a4t:05t,24,14.7,11.7,,,,h,11.7,,11.7,,0.019,0.036,1209.878,2.557,0.168,,,-0.377,14,282,31.837,60.013,2.016,19.905,1.1,302,,,1
2026-10-08T07:00Z,2026-10-10T07:00Z,a4t:05t,48,8.8,7.6,,,,h,7.6,,7.6,,0,0.004,1076.519,2.407,0.347,,,-0.377,14,283,31.314,63.055,1.835,54.658,1.1,302,,,1
2026-10-08T07:00Z,2026-10-08T08:00Z,a4t:12t,1,32.55,25.6,,,,h,25.6,,25.6,,0.002,0.095,943.813,1.452,0.381,,,-0.254,15,281,31.043,65.653,1.154,15.753,,,,,1
2026-10-08T07:00Z,2026-10-08T10:00Z,a4t:12t,3,37.95,30.1,,,,h,30.1,,30,,0.005,0.084,280.594,1.907,0.24,,,-0.254,17,281,29.431,74.499,1.43,299.084,,,,,1
2026-10-08T07:00Z,2026-10-08T13:00Z,a4t:12t,6,50.85,41,,,,h,41,,41,,0.009,0.053,46.134,1.405,0.561,,,-0.254,20,281,26.39,90.699,0.832,66.201,,,,,1
2026-10-08T07:00Z,2026-10-08T19:00Z,a4t:12t,12,50.7,41.9,,,,h,41.9,,42,,0.008,0.036,80.483,2.742,0,,,-0.254,2,281,25.248,95.928,1.134,310.643,,,,,1
2026-10-08T07:00Z,2026-10-09T07:00Z,a4t:12t,24,23.95,20.6,,,,h,20.6,,20.6,,0.02,0.036,1231.282,2.591,0.145,,,-0.254,14,282,31.925,59.586,2.041,22.739,,,,,1
2026-10-08T07:00Z,2026-10-10T07:00Z,a4t:12t,48,19.35,17.6,,,,h,17.6,,17.6,,0,0.004,1080.025,2.522,0.347,,,-0.254,14,283,31.35,62.921,1.931,53.813,,,,,1
2026-10-08T07:00Z,2026-10-08T08:00Z,a4t:54t,1,32.55,31.4,,,,h,31.4,,31.3,,0.003,0.1,965.296,1.488,0.332,,,-0.039,15,281,31.134,65.237,1.193,18.256,,,,,1
2026-10-08T07:00Z,2026-10-08T10:00Z,a4t:54t,3,37.95,36.6,,,,h,36.6,,36.5,,0.008,0.088,281.308,2.05,0.245,,,-0.039,17,281,29.473,74.47,1.539,299.972,,,,,1
2026-10-08T07:00Z,2026-10-08T13:00Z,a4t:54t,6,50.85,49.2,,,,h,49.2,,49.2,,0.012,0.057,46.621,1.512,0.606,,,-0.039,20,281,26.357,90.862,0.916,70.432,,,,,1
2026-10-08T07:00Z,2026-10-08T19:00Z,a4t:54t,12,50.7,49.2,,,,h,49.2,,49.3,,0.009,0.038,80.707,2.706,0,,,-0.039,2,281,25.235,96.232,1.124,308.716,,,,,1
2026-10-08T07:00Z,2026-10-09T07:00Z,a4t:54t,24,23.95,23.4,,,,h,23.4,,23.4,,0.023,0.039,1250.304,2.561,0.129,,,-0.039,14,282,32.005,59.165,2.017,24.226,,,,,1
2026-10-08T07:00Z,2026-10-10T07:00Z,a4t:54t,48,19.35,19.1,,,,h,19.1,,19.1,,0,0.004,1093.237,2.578,0.344,,,-0.039,14,283,31.42,62.538,1.975,54.175,,,,,1
2026-10-08T07:00Z,2026-10-08T08:00Z,a4t:79t,1,8.75,6.8,11.5,8.9,25,h,6.8,25,6.8,25,0,0.026,994.369,2.157,0.377,13,25,-0.229,15,281,29,68.469,1.727,57.447,,,,,1
2026-10-08T07:00Z,2026-10-08T10:00Z,a4t:79t,3,9.3,7.3,11.1,8.6,25,h,7.3,25,7.3,25,0,0.023,272.509,2.698,0.318,13,25,-0.229,17,281,26.465,85.046,2.051,308.45,,,,,1
2026-10-08T07:00Z,2026-10-08T13:00Z,a4t:79t,6,11.15,9,10.8,8.4,24.6,h,9,24.6,9,24.6,0,0.01,47.542,1.964,0.203,13,25,-0.229,20,281,24.119,94.642,0.828,46.322,,,,,1
2026-10-08T07:00Z,2026-10-08T19:00Z,a4t:79t,12,8.6,7.1,9.9,7.8,22.2,h,7.1,22.2,7.1,22.2,0,0.003,68.001,2.4,0,13,25,-0.229,2,281,23.024,98.333,1.141,307.847,,,,,1
2026-10-08T07:00Z,2026-10-09T07:00Z,a4t:79t,24,10.95,9.4,9.5,7.8,19.5,h,9.4,19.5,9.4,19.5,0,0.001,1141.048,2.827,0.501,13,25,-0.229,14,282,29.999,61.503,2.184,47.708,,,,,1
2026-10-08T07:00Z,2026-10-10T07:00Z,a4t:79t,48,11.55,10.6,12,10.7,17.9,h,10.6,17.9,10.6,17.9,0,0.002,947.111,3.804,0.503,13,25,-0.229,14,283,28.907,70.459,2.873,61.28,,,,,1
2026-10-08T07:00Z,2026-10-08T08:00Z,a4t:27t,1,32.55,26.5,28.4,22.9,37.8,h,26.5,37.8,26.4,37.8,0,0.095,1009.588,1.412,0.255,18,37.8,-0.209,15,281,31.176,63.586,1.158,38.012,,,,,1
2026-10-08T07:00Z,2026-10-08T10:00Z,a4t:27t,3,37.95,31.1,28.5,23,37.7,h,31.1,37.7,31,37.7,0.001,0.082,282.179,1.347,0.278,18,37.8,-0.209,17,281,29.226,74.622,0.962,313.062,,,,,1
2026-10-08T07:00Z,2026-10-08T13:00Z,a4t:27t,6,50.85,42.3,30.5,24.8,37.7,h,42.3,37.7,42.3,37.7,0.002,0.047,50.207,1.308,0.296,18,37.8,-0.209,20,281,26.333,89.704,0.442,48.705,,,,,1
2026-10-08T07:00Z,2026-10-08T19:00Z,a4t:27t,12,50.7,43.1,39.7,32.7,38,h,43.1,38,43.2,38,0.002,0.026,99.803,3.29,0,18,37.8,-0.209,2,281,25.321,94.897,1.418,313.164,,,,,1
2026-10-08T07:00Z,2026-10-09T07:00Z,a4t:27t,24,23.95,21,40.6,34.3,36.7,h,21,36.7,21,36.7,0.006,0.011,1187.119,2.924,0.14,18,37.8,-0.209,14,282,31.775,60.787,2.32,26.45,,,,,1
2026-10-08T07:00Z,2026-10-10T07:00Z,a4t:27t,48,19.35,17.9,28.4,25.7,31.7,h,17.9,31.7,17.9,31.7,0,0.003,1009.545,2.625,0.336,18,37.8,-0.209,14,283,31.075,64.83,2.047,50.802,,,,,1
2026-10-08T07:00Z,2026-10-08T08:00Z,a4t:71t,1,6.25,10.1,8.3,13.5,11.5,h,10.1,11.5,10.1,11.5,0,0.001,1292.09,3.701,0.083,11,11.5,0.442,15,281,31.705,56.286,2.815,12.922,,,,,1
2026-10-08T07:00Z,2026-10-08T10:00Z,a4t:71t,3,6.6,10.4,8.3,13.4,11.6,h,10.4,11.6,10.4,11.6,0,0.001,614.657,3.572,0.034,11,11.5,0.442,17,281,30.053,67.654,1.933,25.597,,,,,1
2026-10-08T07:00Z,2026-10-08T13:00Z,a4t:71t,6,9.350000000000001,14.2,8.6,13.8,11.7,h,14.2,11.7,14.2,11.7,0,0.001,83.368,2.523,0,11,11.5,0.442,20,281,26.584,80.938,1.213,25.944,,,,,1
2026-10-08T07:00Z,2026-10-08T19:00Z,a4t:71t,12,8.75,12.7,8.6,13.4,11.7,h,12.7,11.7,12.7,11.7,0,0.001,103.537,2.804,0,11,11.5,0.442,2,281,24.43,87.878,1.27,21.432,,,,,1
2026-10-08T07:00Z,2026-10-09T07:00Z,a4t:71t,24,9.100000000000001,12.1,8.6,12.4,11.8,h,12.1,11.8,12.1,11.8,0,0.006,1241.248,4.425,0.163,11,11.5,0.442,14,282,31.494,60.877,3.347,30.568,,,,,1
2026-10-08T07:00Z,2026-10-10T07:00Z,a4t:71t,48,4.45,5.4,7.1,8.9,10.2,h,5.4,10.2,5.4,10.2,0,0.006,1089.319,2.264,0.216,11,11.5,0.442,14,283,31.075,67.849,1.762,96.726,,,,,1
2026-10-08T07:00Z,2026-10-08T08:00Z,a4t:81t,1,14,16.2,,,,h,16.2,,16.2,,0.001,0.105,1262.714,1.714,0.028,10,,0.141,15,281,31.831,60.642,1.437,49.224,,,,,1
2026-10-08T07:00Z,2026-10-08T10:00Z,a4t:81t,3,15.2,17.4,,,,h,17.4,,17.4,,0.002,0.086,315.902,2.923,0.473,10,,0.141,17,281,28.878,78.207,2.139,317.213,,,,,1
2026-10-08T07:00Z,2026-10-08T13:00Z,a4t:81t,6,24.45,27.7,,,,h,27.7,,27.7,,0.002,0.043,57.162,2.574,0.293,10,,0.141,20,281,25.87,90.406,1.178,64.62,,,,,1
2026-10-08T07:00Z,2026-10-08T19:00Z,a4t:81t,12,23.1,25.8,,,,h,25.8,,25.9,,0.001,0.016,109.974,3.202,0,10,,0.141,2,281,25.366,96.209,1.331,303.425,,,,,1
2026-10-08T07:00Z,2026-10-09T07:00Z,a4t:81t,24,14,15.3,,,,h,15.3,,15.3,,0.004,0.007,1375.65,3.168,0.041,10,,0.141,14,282,32.412,56.74,2.496,35,,,,,1
2026-10-08T07:00Z,2026-10-10T07:00Z,a4t:81t,48,14.65,15.5,,,,h,15.5,,15.5,,0,0.003,1060.461,3.459,0.423,10,,0.141,14,283,31.336,63.208,2.68,42.999,,,,,1
2026-10-08T07:00Z,2026-10-08T08:00Z,a4t:24t,1,8.75,8.8,,,,h,8.8,,8.8,,0.001,0.006,1210.801,3.38,0.025,,,0,15,281,30.849,60.5,2.58,25.289,,,,,1
2026-10-08T07:00Z,2026-10-08T10:00Z,a4t:24t,3,8.85,8.9,,,,h,8.9,,8.9,,0.001,0.005,641.531,3.622,0.013,,,0,17,281,29.424,68.852,2.169,19.224,,,,,1
2026-10-08T07:00Z,2026-10-08T13:00Z,a4t:24t,6,13.3,13.3,,,,h,13.3,,13.3,,0.001,0.004,58.507,2.741,0,,,0,20,281,26.583,81.787,1.168,34.607,,,,,1
2026-10-08T07:00Z,2026-10-08T19:00Z,a4t:24t,12,12.3,12.3,,,,h,14.7,,14.7,,2.288,2.16,41.438,1.489,0,,,0,2,281,24.017,90.836,0.728,24.653,,,,,1
2026-10-08T07:00Z,2026-10-09T07:00Z,a4t:24t,24,11.149999999999999,11.1,,,,h,11.1,,11.1,,0.001,0.01,1186.783,3.237,0.063,,,0,14,282,31.054,57.19,2.527,18.266,,,,,1
2026-10-08T07:00Z,2026-10-10T07:00Z,a4t:24t,48,4.95,5,,,,h,5,,5,,0,0.003,979.855,4.974,0.099,,,0,14,283,29.784,64.869,3.774,61.631,,,,,1
2026-10-08T07:00Z,2026-10-08T08:00Z,a4t:76t,1,7.35,7.4,,,,h,7.4,,7.4,,0,0.011,1245.138,1.241,0.029,,,0,15,281,30.632,60.928,0.93,1.599,,,,,1
2026-10-08T07:00Z,2026-10-08T10:00Z,a4t:76t,3,8,8,,,,h,8,,8,,0,0.008,311.896,2.064,0.2,,,0,17,281,28.688,71.981,1.557,84.111,,,,,1
2026-10-08T07:00Z,2026-10-08T13:00Z,a4t:76t,6,9.3,9.3,,,,h,9.3,,9.3,,0,0.006,74.871,2.731,0.032,,,0,20,281,25.203,88.448,1.26,177.271,,,,,1
2026-10-08T07:00Z,2026-10-08T19:00Z,a4t:76t,12,17.45,17.5,,,,h,17.5,,17.5,,0,0.004,19.544,0.558,0,,,0,2,281,22.814,99.585,0.114,330.91,,,,,1
2026-10-08T07:00Z,2026-10-09T07:00Z,a4t:76t,24,6.3,6.3,,,,h,6.3,,6.3,,0,0.002,1184.734,2.133,0.263,,,0,14,282,30.351,64.525,1.667,65.994,,,,,1
2026-10-08T07:00Z,2026-10-10T07:00Z,a4t:76t,48,9.5,9.5,,,,h,9.5,,9.5,,0,0.001,1318.116,4.347,0.341,,,0,14,283,30.3,60.38,3.292,55.124,,,,,1
2026-10-08T07:00Z,2026-10-08T08:00Z,a4t:75t,1,3.1500000000000004,3.2,,,,h,3.2,,3.2,,0,0.003,1306.467,2.182,0.01,,,0,15,281,28.438,53.289,1.553,17.81,,,,,1
2026-10-08T07:00Z,2026-10-08T10:00Z,a4t:75t,3,3.5999999999999996,3.6,,,,h,3.6,,3.6,,0,0.004,300.45,2.751,0,,,0,17,281,26.964,67.34,1.255,48.757,,,,,1
2026-10-08T07:00Z,2026-10-08T13:00Z,a4t:75t,6,4.95,5,,,,h,5,,5,,0,0.005,26.299,2.15,0,,,0,20,281,22.615,80.385,0.884,90.832,,,,,1
2026-10-08T07:00Z,2026-10-08T19:00Z,a4t:75t,12,6.55,6.6,,,,h,6.6,,6.6,,0,0.007,15.682,0.651,0,,,0,2,281,20.056,87.043,0.497,161.384,,,,,1
2026-10-08T07:00Z,2026-10-09T07:00Z,a4t:75t,24,8.15,8.2,,,,h,8.2,,8.2,,0,0.006,1331.515,3.134,0,,,0,14,282,28.888,54.014,2.268,37.275,,,,,1
2026-10-08T07:00Z,2026-10-10T07:00Z,a4t:75t,48,6.6,6.6,,,,h,6.6,,6.6,,0,0.005,1052.71,3.909,0.587,,,0,14,283,27.325,69.7,2.754,70.297,,,,,1
2026-10-08T07:00Z,2026-10-08T08:00Z,a4t:03t,1,32.55,32.6,,,,h,32.6,,32.5,,0.001,0.102,979.055,1.4,0.339,,,0,15,281,31.099,64.807,1.129,24.562,,,,,1
2026-10-08T07:00Z,2026-10-08T10:00Z,a4t:03t,3,37.95,38,,,,h,38,,37.9,,0.003,0.088,283.565,1.71,0.269,,,0,17,281,29.296,74.855,1.263,304.51,,,,,1
2026-10-08T07:00Z,2026-10-08T13:00Z,a4t:03t,6,50.85,50.9,,,,h,50.9,,50.9,,0.005,0.052,48.08,1.405,0.428,,,0,20,281,26.348,90.261,0.686,58.197,,,,,1
2026-10-08T07:00Z,2026-10-08T19:00Z,a4t:03t,12,50.7,50.7,,,,h,50.7,,50.8,,0.005,0.031,89.028,2.976,0,,,0,2,281,25.288,95.446,1.242,311.896,,,,,1
2026-10-08T07:00Z,2026-10-09T07:00Z,a4t:03t,24,23.95,24,,,,h,24,,24,,0.012,0.023,1218.015,2.757,0.144,,,0,14,282,31.871,59.98,2.175,24.382,,,,,1
2026-10-08T07:00Z,2026-10-10T07:00Z,a4t:03t,48,19.35,19.4,,,,h,19.4,,19.4,,0,0.004,1048.177,2.596,0.351,,,0,14,283,31.221,63.778,2.003,51.466,,,,,1
2026-10-08T07:00Z,2026-10-08T08:00Z,a4t:19t,1,17.85,17.9,,,,h,17.9,,17.9,,0,0.049,772.458,1.607,0.731,,,0,15,281,30.461,69.537,1.206,346.509,,,,,1
2026-10-08T07:00Z,2026-10-08T10:00Z,a4t:19t,3,19.4,19.4,,,,h,19.4,,19.4,,0.001,0.047,273.996,1.723,0.174,,,0,17,281,29.427,74.332,1.314,283.615,,,,,1
2026-10-08T07:00Z,2026-10-08T13:00Z,a4t:19t,6,38.05,38.1,,,,h,38.1,,38.1,,0.003,0.034,39.979,1.003,0.575,,,0,20,281,26.618,90.744,0.736,54.228,,,,,1
2026-10-08T07:00Z,2026-10-08T19:00Z,a4t:19t,12,45,45,,,,h,45,,45.1,,0.006,0.03,62.39,2.486,0,,,0,2,281,25.245,95.301,0.997,318.405,,,,,1
2026-10-08T07:00Z,2026-10-09T07:00Z,a4t:19t,24,14.7,14.7,,,,h,14.7,,14.7,,0.018,0.035,1168.844,2.498,0.232,,,0,14,282,31.641,60.77,1.978,11.164,,,,,1
2026-10-08T07:00Z,2026-10-10T07:00Z,a4t:19t,48,8.8,8.8,,,,h,8.8,,8.8,,0,0.005,1075.063,2.132,0.362,,,0,14,283,31.241,63.188,1.596,55.682,,,,,1
2026-10-08T07:00Z,2026-10-08T08:00Z,a4t:bkp100t,1,17.8,17.8,26.7,26.7,28.7,24,17.8,28.7,,,0.003,0.081,911.561,1.529,0.378,,28.8,-0.001,15,281,31.029,66.098,1.207,11.392,,,,,1
2026-10-08T07:00Z,2026-10-08T10:00Z,a4t:bkp100t,3,20.3,20.3,26.8,26.8,28.7,24,20.3,28.7,,,0.007,0.074,274.616,2.019,0.199,,28.8,-0.001,17,281,29.626,73.7,1.527,294.802,,,,,1
2026-10-08T07:00Z,2026-10-08T13:00Z,a4t:bkp100t,6,39.8,39.8,29.1,29.1,28.8,24,39.8,28.8,,,0.014,0.052,44.468,1.374,0.708,,28.8,-0.001,20,281,26.443,91.097,0.931,75.749,,,,,1
2026-10-08T07:00Z,2026-10-08T19:00Z,a4t:bkp100t,12,44,44,34.6,34.6,30.1,24,44,30.1,,,0.013,0.041,73.65,2.556,0,,28.8,-0.001,2,281,25.197,96.452,1.07,308.808,,,,,1
2026-10-08T07:00Z,2026-10-09T07:00Z,a4t:bkp100t,24,14.3,14.3,31.9,31.9,29.8,24,14.3,29.8,,,0.026,0.046,1237.265,2.416,0.139,,28.8,-0.001,14,282,31.972,59.368,1.906,21.885,,,,,1
2026-10-08T07:00Z,2026-10-10T07:00Z,a4t:bkp100t,48,8.5,8.5,19.7,19.7,24.2,24,8.5,24.2,,,0,0.004,1110.858,2.44,0.328,,28.8,-0.001,14,283,31.488,62.092,1.859,57.727,,,,,1
2026-10-08T07:00Z,2026-10-08T08:00Z,a4t:bkp101t,1,9.5,10.6,25.2,28.1,27.6,24,10.6,27.6,,,0.005,0.078,921.416,1.582,0.308,,27.6,0.106,15,281,31.129,65.646,1.261,14.319,,,,,1
2026-10-08T07:00Z,2026-10-08T10:00Z,a4t:bkp101t,3,10.3,11.5,25,27.9,27.6,24,11.5,27.6,,,0.011,0.072,271.527,2.119,0.182,,27.6,0.106,17,281,29.761,73.155,1.606,294.61,,,,,1
2026-10-08T07:00Z,2026-10-08T13:00Z,a4t:bkp101t,6,27.2,30,26,29,27.8,24,30,27.8,,,0.02,0.055,44.519,1.449,0.803,,27.6,0.106,20,281,26.438,91.341,1.006,82.868,,,,,1
2026-10-08T07:00Z,2026-10-08T19:00Z,a4t:bkp101t,12,32.4,35.3,26.4,29.3,28,24,35.3,28,,,0.017,0.047,72.671,2.497,0,,27.6,0.106,2,281,25.164,96.905,1.065,306.14,,,,,1
2026-10-08T07:00Z,2026-10-09T07:00Z,a4t:bkp101t,24,11.6,12.4,22.5,24.5,26.8,24,12.4,26.8,,,0.029,0.049,1251.155,2.327,0.118,,27.6,0.106,14,282,32.051,59.043,1.839,23.601,,,,,1
2026-10-08T07:00Z,2026-10-10T07:00Z,a4t:bkp101t,48,6.6,6.9,22.9,24.2,26.6,24,6.9,26.6,,,0,0.004,1131.454,2.459,0.312,,27.6,0.106,14,283,31.598,61.515,1.877,60.108,,,,,1
2026-10-08T07:00Z,2026-10-08T08:00Z,a4t:bkp102t,1,33.4,24.1,28.4,20.3,24,24,24.1,24,,,0.001,0.1,962.942,1.424,0.362,,24.1,-0.323,15,281,31.074,65.252,1.14,19.69,,,,,1
2026-10-08T07:00Z,2026-10-08T10:00Z,a4t:bkp102t,3,39.9,29.2,28.6,20.5,23.9,24,29.2,23.9,,,0.004,0.087,282.57,1.837,0.257,,24.1,-0.323,17,281,29.36,74.736,1.369,301.617,,,,,1
2026-10-08T07:00Z,2026-10-08T13:00Z,a4t:bkp102t,6,53.6,40.1,31.1,22.4,23.9,24,40.1,23.9,,,0.007,0.053,47.1,1.421,0.498,,24.1,-0.323,20,281,26.364,90.507,0.776,62.601,,,,,1
2026-10-08T07:00Z,2026-10-08T19:00Z,a4t:bkp102t,12,48.4,37.4,40.2,29.7,25.1,24,37.4,25.1,,,0.006,0.033,84.456,2.846,0,,24.1,-0.323,2,281,25.268,95.717,1.179,311.145,,,,,1
2026-10-08T07:00Z,2026-10-09T07:00Z,a4t:bkp102t,24,23.2,18.9,40.4,31,25.7,24,18.9,25.7,,,0.017,0.03,1227.814,2.67,0.144,,24.1,-0.323,14,282,31.908,59.71,2.104,23.586,,,,,1
2026-10-08T07:00Z,2026-10-10T07:00Z,a4t:bkp102t,48,19.6,17.3,28.3,24.1,22.1,24,17.3,22.1,,,0,0.004,1065.897,2.566,0.351,,24.1,-0.323,14,283,31.292,63.298,1.971,52.487,,,,,1
2026-10-08T07:00Z,2026-10-08T08:00Z,a4t:bkp103t,1,33.4,27.2,28.4,23,26,24,27.2,26,,,0.005,0.109,1002.726,1.509,0.278,,26.1,-0.203,15,281,31.244,64.588,1.224,22.782,,,,,1
2026-10-08T07:00Z,2026-10-08T10:00Z,a4t:bkp103t,3,39.9,32.8,28.6,23.2,25.9,24,32.8,25.9,,,0.009,0.095,284.548,2.177,0.267,,26.1,-0.203,17,281,29.443,74.761,1.629,302.461,,,,,1
2026-10-08T07:00Z,2026-10-08T13:00Z,a4t:bkp103t,6,53.6,44.7,31.1,25.4,26,24,44.7,26,,,0.013,0.061,47.841,1.654,0.599,,26.1,-0.203,20,281,26.298,90.889,0.974,71.332,,,,,1
2026-10-08T07:00Z,2026-10-08T19:00Z,a4t:bkp103t,12,48.4,41.2,40.2,33.2,27.5,24,41.2,27.5,,,0.009,0.037,83.671,2.74,0,,26.1,-0.203,2,281,25.24,96.371,1.139,307.247,,,,,1
2026-10-08T07:00Z,2026-10-09T07:00Z,a4t:bkp103t,24,23.2,20.4,40.4,34.2,28.2,24,20.4,28.2,,,0.023,0.038,1269.772,2.599,0.113,,26.1,-0.203,14,282,32.078,58.768,2.046,26.189,,,,,1
2026-10-08T07:00Z,2026-10-10T07:00Z,a4t:bkp103t,48,19.6,18.1,28.3,25.6,24.5,24,18.1,24.5,,,0,0.004,1096.059,2.678,0.349,,26.1,-0.203,14,283,31.444,62.43,2.055,53.122,,,,,1
2026-10-08T07:00Z,2026-10-08T08:00Z,a4t:bkp104t,1,33.4,23.2,28.4,19.5,22.6,24,23.2,22.6,,,0.002,0.109,1009.1,1.445,0.293,,22.7,-0.358,15,281,31.202,64.373,1.175,26.681,,,,,1
2026-10-08T07:00Z,2026-10-08T10:00Z,a4t:bkp104t,3,39.9,28.2,28.6,19.7,22.5,24,28.2,22.5,,,0.004,0.093,286.255,1.924,0.284,,22.7,-0.358,17,281,29.307,75.07,1.425,305.492,,,,,1
2026-10-08T07:00Z,2026-10-08T13:00Z,a4t:bkp104t,6,53.6,38.8,31.1,21.7,22.6,24,38.8,22.6,,,0.006,0.055,48.782,1.556,0.465,,22.7,-0.358,20,281,26.296,90.443,0.802,62.945,,,,,1
2026-10-08T07:00Z,2026-10-08T19:00Z,a4t:bkp104t,12,48.4,36.4,40.2,28.7,23.8,24,36.4,23.8,,,0.005,0.031,89.41,2.93,0,,22.7,-0.358,2,281,25.281,95.766,1.222,309.917,,,,,1
2026-10-08T07:00Z,2026-10-09T07:00Z,a4t:bkp104t,24,23.2,18.5,40.4,30.1,24.4,24,18.5,24.4,,,0.015,0.025,1244.622,2.743,0.126,,22.7,-0.358,14,282,31.972,59.395,2.162,25.926,,,,,1
2026-10-08T07:00Z,2026-10-10T07:00Z,a4t:bkp104t,48,19.6,17.1,28.3,23.7,21.1,24,17.1,21.1,,,0,0.004,1062.273,2.685,0.355,,22.7,-0.358,14,283,31.292,63.363,2.07,51.127,,,,,1
2026-10-08T07:00Z,2026-10-08T08:00Z,a4t:bkp56t,1,33.4,28.9,28.4,24.5,29.1,24,28.9,29.1,,,0.003,0.099,960.626,1.489,0.338,,29.2,-0.142,15,281,31.123,65.319,1.192,17.625,,,,,1
2026-10-08T07:00Z,2026-10-08T10:00Z,a4t:bkp56t,3,39.9,34.8,28.6,24.7,28.9,24,34.8,28.9,,,0.007,0.087,280.838,2.043,0.242,,29.2,-0.142,17,281,29.482,74.421,1.534,299.575,,,,,1
2026-10-08T07:00Z,2026-10-08T13:00Z,a4t:bkp56t,6,53.6,47.2,31.1,27,28.9,24,47.2,28.9,,,0.012,0.056,46.447,1.498,0.612,,29.2,-0.142,20,281,26.364,90.872,0.915,70.605,,,,,1
2026-10-08T07:00Z,2026-10-08T19:00Z,a4t:bkp56t,12,48.4,43.2,40.2,35.2,30.4,24,43.2,30.4,,,0.01,0.038,80.182,2.696,0,,29.2,-0.142,2,281,25.233,96.235,1.12,308.802,,,,,1
2026-10-08T07:00Z,2026-10-09T07:00Z,a4t:bkp56t,24,23.2,21.2,40.4,36,31,24,21.2,31,,,0.023,0.04,1248.711,2.552,0.13,,29.2,-0.142,14,282,31.999,59.194,2.01,24,,,,,1
2026-10-08T07:00Z,2026-10-10T07:00Z,a4t:bkp56t,48,19.6,18.6,28.3,26.4,26.8,24,18.6,26.8,,,0,0.004,1093.973,2.566,0.344,,29.2,-0.142,14,283,31.422,62.521,1.964,54.385,,,,,1
2026-10-08T07:00Z,2026-10-08T08:00Z,a4t:bkp57t,1,17.8,16.6,26.7,24.9,22.9,24,16.6,22.9,,,0.001,0.084,902.754,1.462,0.445,,22.8,-0.066,15,281,30.926,66.461,1.145,9.349,,,,,1
2026-10-08T07:00Z,2026-10-08T10:00Z,a4t:bkp57t,3,20.3,19,26.8,25,22.9,24,19,22.9,,,0.004,0.075,277.546,1.85,0.217,,22.8,-0.066,17,281,29.474,74.236,1.395,295.391,,,,,1
2026-10-08T07:00Z,2026-10-08T13:00Z,a4t:bkp57t,6,39.8,37.5,29.1,27.2,23.3,24,37.5,23.3,,,0.008,0.049,44.624,1.291,0.59,,22.8,-0.066,20,281,26.45,90.76,0.814,66.093,,,,,1
2026-10-08T07:00Z,2026-10-08T19:00Z,a4t:bkp57t,12,44,41.8,34.6,32.5,24.9,24,41.8,24.9,,,0.009,0.036,75.962,2.665,0,,22.8,-0.066,2,281,25.237,95.883,1.098,311.843,,,,,1
2026-10-08T07:00Z,2026-10-09T07:00Z,a4t:bkp57t,24,14.3,13.7,31.9,30.2,25,24,13.7,25,,,0.021,0.039,1217.007,2.533,0.161,,22.8,-0.066,14,282,31.869,59.85,1.996,20.408,,,,,1
2026-10-08T07:00Z,2026-10-10T07:00Z,a4t:bkp57t,48,8.5,8.3,19.7,19,20.6,24,8.3,20.6,,,0,0.004,1083.395,2.421,0.344,,22.8,-0.066,14,283,31.35,62.86,1.846,55.107,,,,,1
2026-10-08T07:00Z,2026-10-08T08:00Z,a4t:bkp58t,1,33.4,29.1,28.4,24.6,29.5,24,29.1,29.5,,,0.001,0.098,953.678,1.429,0.375,,29.7,-0.136,15,281,31.052,65.445,1.14,17.957,,,,,1
2026-10-08T07:00Z,2026-10-08T10:00Z,a4t:bkp58t,3,39.9,35,28.6,24.8,29.4,24,35,29.4,,,0.004,0.085,281.814,1.846,0.25,,29.7,-0.136,17,281,29.38,74.66,1.378,300.597,,,,,1
2026-10-08T07:00Z,2026-10-08T13:00Z,a4t:bkp58t,6,53.6,47.4,31.1,27.1,29.4,24,47.4,29.4,,,0.007,0.053,46.7,1.404,0.515,,29.7,-0.136,20,281,26.377,90.556,0.787,63.309,,,,,1
2026-10-08T07:00Z,2026-10-08T19:00Z,a4t:bkp58t,12,48.4,43.4,40.2,35.4,30.9,24,43.4,30.9,,,0.007,0.034,83.012,2.814,0,,29.7,-0.136,2,281,25.262,95.756,1.164,311.188,,,,,1
2026-10-08T07:00Z,2026-10-09T07:00Z,a4t:bkp58t,24,23.2,21.3,40.4,36.1,31.4,24,21.3,31.4,,,0.018,0.031,1226.904,2.646,0.146,,29.7,-0.136,14,282,31.905,59.713,2.084,23.118,,,,,1
2026-10-08T07:00Z,2026-10-10T07:00Z,a4t:bkp58t,48,19.6,18.6,28.3,26.5,27.1,24,18.6,27.1,,,0,0.004,1069.373,2.544,0.35,,29.7,-0.136,14,283,31.305,63.209,1.952,52.895,,,,,1
2026-10-08T07:00Z,2026-10-08T08:00Z,a4t:bkp59t,1,33.4,29.9,28.4,25.4,30.6,24,29.9,30.6,,,0.003,0.102,972.05,1.484,0.326,,30.8,-0.108,15,281,31.148,65.123,1.192,19.217,,,,,1
2026-10-08T07:00Z,2026-10-08T10:00Z,a4t:bkp59t,3,39.9,36,28.6,25.6,30.5,24,36,30.5,,,0.007,0.089,282.102,2.052,0.251,,30.8,-0.108,17,281,29.454,74.561,1.538,300.625,,,,,1
2026-10-08T07:00Z,2026-10-08T13:00Z,a4t:bkp59t,6,53.6,48.6,31.1,27.9,30.5,24,48.6,30.5,,,0.011,0.057,46.899,1.528,0.593,,30.8,-0.108,20,281,26.347,90.828,0.913,69.8,,,,,1
2026-10-08T07:00Z,2026-10-08T19:00Z,a4t:bkp59t,12,48.4,44.4,40.2,36.3,31.9,24,44.4,31.9,,,0.009,0.037,81.65,2.727,0,,30.8,-0.108,2,281,25.239,96.201,1.132,308.72,,,,,1
2026-10-08T07:00Z,2026-10-09T07:00Z,a4t:bkp59t,24,23.2,21.7,40.4,37,32.5,24,21.7,32.5,,,0.022,0.038,1251.623,2.58,0.127,,30.8,-0.108,14,282,32.008,59.147,2.031,24.512,,,,,1
2026-10-08T07:00Z,2026-10-10T07:00Z,a4t:bkp59t,48,19.6,18.8,28.3,26.8,28,24,18.8,28,,,0,0.004,1090.792,2.596,0.346,,30.8,-0.108,14,283,31.41,62.601,1.989,53.767,,,,,1
2026-10-08T07:00Z,2026-10-08T08:00Z,a4t:bkp60t,1,33.4,23.5,28.4,19.7,22.2,24,23.5,22.2,,,0.004,0.105,986.735,1.496,0.302,,22.3,-0.347,15,281,31.195,64.862,1.208,20.971,,,,,1
2026-10-08T07:00Z,2026-10-08T10:00Z,a4t:bkp60t,3,39.9,28.5,28.6,19.9,22.2,24,28.5,22.2,,,0.008,0.092,283.209,2.112,0.258,,22.3,-0.347,17,281,29.451,74.647,1.582,301.517,,,,,1
2026-10-08T07:00Z,2026-10-08T13:00Z,a4t:bkp60t,6,53.6,39.2,31.1,21.9,22.2,24,39.2,22.2,,,0.012,0.059,47.347,1.588,0.597,,22.3,-0.347,20,281,26.324,90.86,0.942,70.652,,,,,1
2026-10-08T07:00Z,2026-10-08T19:00Z,a4t:bkp60t,12,48.4,36.7,40.2,29,23.6,24,36.7,23.6,,,0.009,0.037,82.6,2.732,0,,22.3,-0.347,2,281,25.239,96.288,1.135,307.985,,,,,1
2026-10-08T07:00Z,2026-10-09T07:00Z,a4t:bkp60t,24,23.2,18.6,40.4,30.4,24.2,24,18.6,24.2,,,0.023,0.038,1260.392,2.588,0.12,,22.3,-0.347,14,282,32.042,58.963,2.037,25.336,,,,,1
2026-10-08T07:00Z,2026-10-10T07:00Z,a4t:bkp60t,48,19.6,17.1,28.3,23.9,21,24,17.1,21,,,0,0.004,1093.569,2.635,0.347,,22.3,-0.347,14,283,31.428,62.512,2.021,53.492,,,,,1
2026-10-08T07:00Z,2026-10-08T08:00Z,a4t:bkp61t,1,33.4,30.9,28.4,26.2,29.7,24,30.9,29.7,,,0.003,0.105,981.504,1.481,0.316,,29.8,-0.076,15,281,31.168,64.959,1.193,20.567,,,,,1
2026-10-08T07:00Z,2026-10-08T10:00Z,a4t:bkp61t,3,39.9,37.1,28.6,26.4,29.6,24,37.1,29.6,,,0.007,0.091,283.141,2.058,0.258,,29.8,-0.076,17,281,29.431,74.675,1.54,301.498,,,,,1
2026-10-08T07:00Z,2026-10-08T13:00Z,a4t:bkp61t,6,53.6,50.1,31.1,28.8,29.7,24,50.1,29.7,,,0.011,0.057,47.277,1.553,0.577,,29.8,-0.076,20,281,26.332,90.79,0.91,69.123,,,,,1
2026-10-08T07:00Z,2026-10-08T19:00Z,a4t:bkp61t,12,48.4,45.6,40.2,37.5,31.4,24,45.6,31.4,,,0.008,0.036,82.894,2.753,0,,29.8,-0.076,2,281,25.245,96.17,1.142,308.666,,,,,1
2026-10-08T07:00Z,2026-10-09T07:00Z,a4t:bkp61t,24,23.2,22.1,40.4,38,32.2,24,22.1,32.2,,,0.021,0.036,1253.87,2.604,0.125,,29.8,-0.076,14,282,32.015,59.112,2.05,24.927,,,,,1
2026-10-08T07:00Z,2026-10-10T07:00Z,a4t:bkp61t,48,19.6,19,28.3,27.3,28,24,19,28,,,0,0.004,1088,2.62,0.349,,29.8,-0.076,14,283,31.4,62.671,2.01,53.263,,,,,1
2026-10-08T07:00Z,2026-10-08T08:00Z,a4t:bkp62t,1,33.4,28.7,28.4,24.3,33.5,24,28.7,33.5,,,0.003,0.103,974.045,1.467,0.332,,33.8,-0.149,15,281,31.137,65.091,1.179,19.849,,,,,1
2026-10-08T07:00Z,2026-10-08T10:00Z,a4t:bkp62t,3,39.9,34.5,28.6,24.5,33.2,24,34.5,33.2,,,0.006,0.09,282.791,2.004,0.256,,33.8,-0.149,17,281,29.418,74.671,1.499,301.258,,,,,1
2026-10-08T07:00Z,2026-10-08T13:00Z,a4t:bkp62t,6,53.6,46.9,31.1,26.8,33,24,46.9,33,,,0.01,0.056,47.117,1.513,0.561,,33.8,-0.149,20,281,26.344,90.731,0.878,67.738,,,,,1
2026-10-08T07:00Z,2026-10-08T19:00Z,a4t:bkp62t,12,48.4,43,40.2,34.9,34,24,43,34,,,0.008,0.036,82.882,2.767,0,,33.8,-0.149,2,281,25.249,96.064,1.147,309.333,,,,,1
2026-10-08T07:00Z,2026-10-09T07:00Z,a4t:bkp62t,24,23.2,21.1,40.4,35.7,34.1,24,21.1,34.1,,,0.021,0.035,1246.885,2.614,0.131,,33.8,-0.149,14,282,31.986,59.267,2.058,24.437,,,,,1
2026-10-08T07:00Z,2026-10-10T07:00Z,a4t:bkp62t,48,19.6,18.5,28.3,26.3,29,24,18.5,29,,,0,0.004,1083.26,2.6,0.349,,33.8,-0.149,14,283,31.376,62.808,1.995,53.174,,,,,1
2026-10-08T07:00Z,2026-10-08T08:00Z,a4t:bkp63t,1,33.4,26,28.4,22,25.4,24,26,25.4,,,0.004,0.104,982.526,1.502,0.304,,25.5,-0.246,15,281,31.19,64.927,1.211,20.349,,,,,1
2026-10-08T07:00Z,2026-10-08T10:00Z,a4t:bkp63t,3,39.9,31.5,28.6,22.2,25.3,24,31.5,25.3,,,0.009,0.091,282.56,2.12,0.254,,25.5,-0.246,17,281,29.47,74.564,1.589,301.03,,,,,1
2026-10-08T07:00Z,2026-10-08T13:00Z,a4t:bkp63t,6,53.6,42.9,31.1,24.3,25.3,24,42.9,25.3,,,0.013,0.059,47.146,1.582,0.612,,25.5,-0.246,20,281,26.33,90.9,0.951,71.455,,,,,1
2026-10-08T07:00Z,2026-10-08T19:00Z,a4t:bkp63t,12,48.4,39.8,40.2,31.9,26.8,24,39.8,26.8,,,0.01,0.038,81.822,2.712,0,,25.5,-0.246,2,281,25.234,96.337,1.127,307.834,,,,,1
2026-10-08T07:00Z,2026-10-09T07:00Z,a4t:bkp63t,24,23.2,19.8,40.4,33,27.4,24,19.8,27.4,,,0.023,0.039,1260.581,2.569,0.12,,25.5,-0.246,14,282,32.045,58.95,2.023,25.213,,,,,1
2026-10-08T07:00Z,2026-10-10T07:00Z,a4t:bkp63t,48,19.6,17.8,28.3,25.1,23.7,24,17.8,23.7,,,0,0.004,1096.602,2.623,0.346,,25.5,-0.246,14,283,31.441,62.431,2.011,53.868,,,,,1
2026-10-08T07:00Z,2026-10-08T08:00Z,a4t:bkp64t,1,17.8,19.9,26.7,29.9,30.4,24,19.9,30.4,,,0.003,0.089,934.001,1.512,0.358,,30.4,0.108,15,281,31.075,65.743,1.201,14.126,,,,,1
2026-10-08T07:00Z,2026-10-08T10:00Z,a4t:bkp64t,3,20.3,22.6,26.8,30,30.4,24,22.6,30.4,,,0.008,0.08,277.381,2.039,0.218,,30.4,0.108,17,281,29.566,74.014,1.538,296.927,,,,,1
2026-10-08T07:00Z,2026-10-08T13:00Z,a4t:bkp64t,6,39.8,43.9,29.1,32.5,30.6,24,43.9,30.6,,,0.013,0.054,45.344,1.435,0.67,,30.4,0.108,20,281,26.407,91.013,0.931,73.686,,,,,1
2026-10-08T07:00Z,2026-10-08T19:00Z,a4t:bkp64t,12,44,47.9,34.6,38.4,32.2,24,47.9,32.2,,,0.012,0.04,76.429,2.613,0,,30.4,0.108,2,281,25.212,96.38,1.09,308.669,,,,,1
2026-10-08T07:00Z,2026-10-09T07:00Z,a4t:bkp64t,24,14.3,15.3,31.9,34.8,32.1,24,15.3,32.1,,,0.025,0.044,1243.626,2.472,0.134,,30.4,0.108,14,282,31.989,59.261,1.948,22.909,,,,,1
2026-10-08T07:00Z,2026-10-10T07:00Z,a4t:bkp64t,48,8.5,8.9,19.7,20.8,26.2,24,8.9,26.2,,,0,0.004,1104.584,2.497,0.335,,30.4,0.108,14,283,31.465,62.248,1.907,56.254,,,,,1
2026-10-08T07:00Z,2026-10-08T08:00Z,a4t:bkp65t,1,33.4,37.6,28.4,32,36.9,24,37.6,36.9,,,0.002,0.1,964.261,1.466,0.345,,37,0.117,15,281,31.11,65.269,1.174,18.478,,,,,1
2026-10-08T07:00Z,2026-10-08T10:00Z,a4t:bkp65t,3,39.9,44.7,28.6,32.2,36.7,24,44.7,36.7,,,0.006,0.088,281.934,1.984,0.25,,37,0.117,17,281,29.431,74.59,1.486,300.467,,,,,1
2026-10-08T07:00Z,2026-10-08T13:00Z,a4t:bkp65t,6,53.6,59.6,31.1,35,36.8,24,59.6,36.8,,,0.01,0.055,46.766,1.482,0.569,,37,0.117,20,281,26.359,90.743,0.872,67.776,,,,,1
2026-10-08T07:00Z,2026-10-08T19:00Z,a4t:bkp65t,12,48.4,53.1,40.2,44.9,38.8,24,53.1,38.8,,,0.008,0.036,81.874,2.75,0,,37,0.117,2,281,25.247,96.053,1.14,309.597,,,,,1
2026-10-08T07:00Z,2026-10-09T07:00Z,a4t:bkp65t,24,23.2,25,40.4,44.5,39.7,24,25,39.7,,,0.021,0.036,1243.074,2.599,0.134,,37,0.117,14,282,31.972,59.34,2.047,23.937,,,,,1
2026-10-08T07:00Z,2026-10-10T07:00Z,a4t:bkp65t,48,19.6,20.5,28.3,30,34.5,24,20.5,34.5,,,0,0.004,1083.952,2.575,0.348,,37,0.117,14,283,31.375,62.796,1.974,53.513,,,,,1
2026-10-08T07:00Z,2026-10-08T08:00Z,a4t:bkp66t,1,33.4,27.6,28.4,23.4,28.3,24,27.6,28.3,,,0.002,0.1,961.391,1.461,0.351,,28.5,-0.187,15,281,31.099,65.322,1.169,18.169,,,,,1
2026-10-08T07:00Z,2026-10-08T10:00Z,a4t:bkp66t,3,39.9,33.3,28.6,23.6,28.2,24,33.3,28.2,,,0.006,0.087,281.808,1.964,0.249,,28.5,-0.187,17,281,29.426,74.589,1.471,300.353,,,,,1
2026-10-08T07:00Z,2026-10-08T13:00Z,a4t:bkp66t,6,53.6,45.3,31.1,25.8,28.2,24,45.3,28.2,,,0.009,0.055,46.7,1.468,0.563,,28.5,-0.187,20,281,26.363,90.722,0.86,67.243,,,,,1
2026-10-08T07:00Z,2026-10-08T19:00Z,a4t:bkp66t,12,48.4,41.7,40.2,33.7,29.5,24,41.7,29.5,,,0.008,0.036,81.844,2.755,0,,28.5,-0.187,2,281,25.248,96.014,1.141,309.843,,,,,1
2026-10-08T07:00Z,2026-10-09T07:00Z,a4t:bkp66t,24,23.2,20.6,40.4,34.7,30,24,20.6,30,,,0.02,0.036,1240.525,2.602,0.137,,28.5,-0.187,14,282,31.962,59.396,2.049,23.748,,,,,1
2026-10-08T07:00Z,2026-10-10T07:00Z,a4t:bkp66t,48,19.6,18.2,28.3,25.8,25.9,24,18.2,25.9,,,0,0.004,1082.259,2.567,0.348,,28.5,-0.187,14,283,31.367,62.846,1.968,53.48,,,,,1
2026-10-08T07:00Z,2026-10-08T08:00Z,a4t:bkp67t,1,33.4,29.8,28.4,25.2,30.5,24,29.8,30.5,,,0.002,0.098,954.186,1.448,0.367,,30.7,-0.114,15,281,31.069,65.454,1.156,17.404,,,,,1
2026-10-08T07:00Z,2026-10-08T10:00Z,a4t:bkp67t,3,39.9,35.8,28.6,25.4,30.4,24,35.8,30.4,,,0.005,0.086,281.503,1.913,0.247,,30.7,-0.114,17,281,29.413,74.59,1.432,300.073,,,,,1
2026-10-08T07:00Z,2026-10-08T13:00Z,a4t:bkp67t,6,53.6,48.4,31.1,27.7,30.4,24,48.4,30.4,,,0.008,0.054,46.542,1.431,0.548,,30.7,-0.114,20,281,26.375,90.666,0.831,65.779,,,,,1
2026-10-08T07:00Z,2026-10-08T19:00Z,a4t:bkp67t,12,48.4,44.2,40.2,36.1,31.8,24,44.2,31.8,,,0.008,0.035,81.808,2.769,0,,30.7,-0.114,2,281,25.252,95.912,1.146,310.479,,,,,1
2026-10-08T07:00Z,2026-10-09T07:00Z,a4t:bkp67t,24,23.2,21.6,40.4,36.8,32.4,24,21.6,32.4,,,0.02,0.034,1233.915,2.612,0.142,,30.7,-0.114,14,282,31.934,59.543,2.058,23.27,,,,,1
2026-10-08T07:00Z,2026-10-10T07:00Z,a4t:bkp67t,48,19.6,18.8,28.3,26.8,27.9,24,18.8,27.9,,,0,0.004,1077.744,2.548,0.348,,30.7,-0.114,14,283,31.343,62.976,1.953,53.381,,,,,1
2026-10-08T07:00Z,2026-10-08T08:00Z,a4t:bkp69t,1,33.4,37.3,28.4,31.7,37.2,24,37.3,37.2,,,0.001,0.092,931.869,1.434,0.408,,37.4,0.109,15,281,30.993,65.882,1.134,14.305,,,,,1
2026-10-08T07:00Z,2026-10-08T10:00Z,a4t:bkp69t,3,39.9,44.3,28.6,32,37.1,24,44.3,37.1,,,0.004,0.081,280.15,1.83,0.237,,37.4,0.109,17,281,29.41,74.508,1.371,298.502,,,,,1
2026-10-08T07:00Z,2026-10-08T13:00Z,a4t:bkp69t,6,53.6,59.1,31.1,34.7,37.1,24,59.1,37.1,,,0.007,0.052,45.855,1.35,0.538,,37.4,0.109,20,281,26.408,90.615,0.788,63.72,,,,,1
2026-10-08T07:00Z,2026-10-08T19:00Z,a4t:bkp69t,12,48.4,52.8,40.2,44.6,39.1,24,52.8,39.1,,,0.007,0.035,80.301,2.762,0,,37.4,0.109,2,281,25.254,95.768,1.139,311.652,,,,,1
2026-10-08T07:00Z,2026-10-09T07:00Z,a4t:bkp69t,24,23.2,24.9,40.4,44.2,39.9,24,24.9,39.9,,,0.019,0.034,1221.011,2.606,0.154,,37.4,0.109,14,282,31.882,59.812,2.053,21.94,,,,,1
2026-10-08T07:00Z,2026-10-10T07:00Z,a4t:bkp69t,48,19.6,20.4,28.3,29.8,34.5,24,20.4,34.5,,,0,0.004,1073.135,2.491,0.348,,37.4,0.109,14,283,31.313,63.122,1.907,53.646,,,,,1
2026-10-08T07:00Z,2026-10-08T08:00Z,a4t:bkp70t,1,33.4,19.7,28.4,16.5,18.7,24,19.7,18.7,,,0.002,0.091,930.567,1.469,0.393,,18.8,-0.519,15,281,31.02,65.897,1.162,13.557,,,,,1
2026-10-08T07:00Z,2026-10-08T10:00Z,a4t:bkp70t,3,39.9,24.1,28.6,16.7,18.7,24,24.1,18.7,,,0.005,0.08,279.061,1.929,0.229,,18.8,-0.519,17,281,29.476,74.318,1.451,297.566,,,,,1
2026-10-08T07:00Z,2026-10-08T13:00Z,a4t:bkp70t,6,53.6,33.5,31.1,18.4,18.7,24,33.5,18.7,,,0.01,0.052,45.53,1.383,0.597,,18.8,-0.519,20,281,26.409,90.798,0.855,68.152,,,,,1
2026-10-08T07:00Z,2026-10-08T19:00Z,a4t:bkp70t,12,48.4,32,40.2,24.6,19.8,24,32,19.8,,,0.009,0.037,78.208,2.687,0,,18.8,-0.519,2,281,25.236,96.033,1.111,310.461,,,,,1
2026-10-08T07:00Z,2026-10-09T07:00Z,a4t:bkp70t,24,23.2,16.7,40.4,26.4,20.3,24,16.7,20.3,,,0.022,0.039,1231.034,2.545,0.147,,18.8,-0.519,14,282,31.927,59.564,2.005,22.154,,,,,1
2026-10-08T07:00Z,2026-10-10T07:00Z,a4t:bkp70t,48,19.6,16,28.3,21.9,17.6,24,16,17.6,,,0,0.004,1087.323,2.49,0.343,,18.8,-0.519,14,283,31.379,62.729,1.902,54.733,,,,,1
2026-10-08T07:00Z,2026-10-08T08:00Z,a4t:bkp71t,1,17.8,15,26.7,22.5,21.3,24,15,21.3,,,0.002,0.081,899.517,1.496,0.428,,21.3,-0.166,15,281,30.95,66.458,1.172,9.016,,,,,1
2026-10-08T07:00Z,2026-10-08T10:00Z,a4t:bkp71t,3,20.3,17.2,26.8,22.6,21.4,24,17.2,21.4,,,0.005,0.072,275.858,1.924,0.205,,21.3,-0.166,17,281,29.548,73.971,1.454,294.471,,,,,1
2026-10-08T07:00Z,2026-10-08T13:00Z,a4t:bkp71t,6,39.8,34.2,29.1,24.6,21.7,24,34.2,21.7,,,0.01,0.049,44.276,1.308,0.648,,21.3,-0.166,20,281,26.456,90.926,0.867,70.599,,,,,1
2026-10-08T07:00Z,2026-10-08T19:00Z,a4t:bkp71t,12,44,38.6,34.6,29.5,23,24,38.6,23,,,0.011,0.038,74.03,2.599,0,,21.3,-0.166,2,281,25.218,96.132,1.077,310.723,,,,,1
2026-10-08T07:00Z,2026-10-09T07:00Z,a4t:bkp71t,24,14.3,12.8,31.9,27.9,23.1,24,12.8,23.1,,,0.024,0.043,1224.2,2.47,0.154,,21.3,-0.166,14,282,31.907,59.666,1.948,20.588,,,,,1
2026-10-08T07:00Z,2026-10-10T07:00Z,a4t:bkp71t,48,8.5,7.9,19.7,18.1,18.9,24,7.9,18.9,,,0,0.004,1096.554,2.413,0.337,,21.3,-0.166,14,283,31.412,62.498,1.837,56.465,,,,,1
2026-10-08T07:00Z,2026-10-08T08:00Z,a4t:bkp72t,1,17.8,16.9,26.7,25.4,25.6,24,16.9,25.6,,,0.001,0.079,882.87,1.462,0.486,,25.6,-0.048,15,281,30.855,66.886,1.135,6.122,,,,,1
2026-10-08T07:00Z,2026-10-08T10:00Z,a4t:bkp72t,3,20.3,19.4,26.8,25.5,25.6,24,19.4,25.6,,,0.003,0.07,276.704,1.799,0.209,,25.6,-0.048,17,281,29.467,74.212,1.358,293.756,,,,,1
2026-10-08T07:00Z,2026-10-08T13:00Z,a4t:bkp72t,6,39.8,38.1,29.1,27.7,25.8,24,38.1,25.8,,,0.007,0.047,43.974,1.23,0.582,,25.6,-0.048,20,281,26.477,90.729,0.787,64.184,,,,,1
2026-10-08T07:00Z,2026-10-08T19:00Z,a4t:bkp72t,12,44,42.3,34.6,33,27.2,24,42.3,27.2,,,0.008,0.035,74.328,2.651,0,,25.6,-0.048,2,281,25.239,95.764,1.087,312.902,,,,,1
2026-10-08T07:00Z,2026-10-09T07:00Z,a4t:bkp72t,24,14.3,13.9,31.9,30.7,27.1,24,13.9,27.1,,,0.02,0.038,1207.189,2.529,0.172,,25.6,-0.048,14,282,31.827,60.05,1.994,19.092,,,,,1
2026-10-08T07:00Z,2026-10-10T07:00Z,a4t:bkp72t,48,8.5,8.3,19.7,19.2,22.2,24,8.3,22.2,,,0,0.004,1080.191,2.374,0.345,,25.6,-0.048,14,283,31.326,62.964,1.806,55.25,,,,,1
2026-10-08T07:00Z,2026-10-08T08:00Z,a4t:bkp74t,1,19.2,11.9,29.9,18.6,20.1,24,11.9,20.1,,,0.012,0.104,1002.582,1.604,0.209,,20.1,-0.456,15,281,31.345,64.347,1.31,22.889,,,,,1
2026-10-08T07:00Z,2026-10-08T10:00Z,a4t:bkp74t,3,21.8,13.9,29.4,18.3,20,24,13.9,20,,,0.021,0.095,279.892,2.374,0.237,,20.1,-0.456,17,281,29.652,73.992,1.788,300.377,,,,,1
2026-10-08T07:00Z,2026-10-08T13:00Z,a4t:bkp74t,6,51.1,33.8,30,18.8,19.9,24,33.8,19.9,,,0.027,0.07,47.212,1.756,0.761,,20.1,-0.456,20,281,26.307,91.345,1.121,80.926,,,,,1
2026-10-08T07:00Z,2026-10-08T19:00Z,a4t:bkp74t,12,31.5,21.8,31.2,20.2,19.9,24,21.8,19.9,,,0.015,0.049,79.389,2.591,0,,20.1,-0.456,2,281,25.185,97.097,1.093,303.43,,,,,1
2026-10-08T07:00Z,2026-10-09T07:00Z,a4t:bkp74t,24,17.3,12.9,29.7,20.3,19.6,24,12.9,19.6,,,0.029,0.046,1292.08,2.438,0.088,,20.1,-0.456,14,282,32.195,58.216,1.922,27.783,,,,,1
2026-10-08T07:00Z,2026-10-10T07:00Z,a4t:bkp74t,48,16.9,14.1,32.6,26.1,20.2,24,14.1,20.2,,,0,0.004,1132.682,2.669,0.328,,20.1,-0.456,14,283,31.624,61.416,2.046,56.567,,,,,1
2026-10-08T07:00Z,2026-10-08T08:00Z,a4t:bkp77t,1,9.5,8.3,25.2,22.1,21.7,24,8.3,21.7,,,0.004,0.079,913.31,1.55,0.355,,21.7,-0.123,15,281,31.062,65.967,1.227,12.207,,,,,1
2026-10-08T07:00Z,2026-10-08T10:00Z,a4t:bkp77t,3,10.3,9.1,25,22,21.7,24,9.1,21.7,,,0.009,0.073,273.286,2.058,0.191,,21.7,-0.123,17,281,29.681,73.478,1.558,294.546,,,,,1
2026-10-08T07:00Z,2026-10-08T13:00Z,a4t:bkp77t,6,27.2,24.3,26,22.9,21.8,24,24.3,21.8,,,0.016,0.053,44.407,1.396,0.747,,21.7,-0.123,20,281,26.444,91.198,0.961,78.675,,,,,1
2026-10-08T07:00Z,2026-10-08T19:00Z,a4t:bkp77t,12,32.4,29.3,26.4,23.5,22,24,29.3,22,,,0.014,0.043,73.003,2.527,0,,21.7,-0.123,2,281,25.183,96.628,1.066,307.832,,,,,1
2026-10-08T07:00Z,2026-10-09T07:00Z,a4t:bkp77t,24,11.6,10.7,22.5,20.3,21.1,24,10.7,21.1,,,0.027,0.048,1242.151,2.378,0.131,,21.7,-0.123,14,282,32,59.25,1.877,22.405,,,,,1
2026-10-08T07:00Z,2026-10-10T07:00Z,a4t:bkp77t,48,6.6,6.3,22.9,21.6,20.9,24,6.3,20.9,,,0,0.004,1119.2,2.442,0.322,,21.7,-0.123,14,283,31.532,61.86,1.861,58.726,,,,,1
2026-10-08T07:00Z,2026-10-08T08:00Z,a4t:bkp78t,1,17.8,15.4,26.7,23.2,22.8,24,15.4,22.8,,,0.001,0.058,827.809,1.572,0.527,,22.8,-0.137,15,281,30.764,67.815,1.201,358.927,,,,,1
2026-10-08T07:00Z,2026-10-08T10:00Z,a4t:bkp78t,3,20.3,17.7,26.8,23.3,22.8,24,17.7,22.8,,,0.003,0.054,269.646,1.881,0.159,,22.8,-0.137,17,281,29.661,73.366,1.433,287.575,,,,,1
2026-10-08T07:00Z,2026-10-08T13:00Z,a4t:bkp78t,6,39.8,35.2,29.1,25.3,23.1,24,35.2,23.1,,,0.007,0.039,41.539,1.12,0.726,,22.8,-0.137,20,281,26.562,91.108,0.859,73.765,,,,,1
2026-10-08T07:00Z,2026-10-08T19:00Z,a4t:bkp78t,12,44,39.5,34.6,30.4,24.4,24,39.5,24.4,,,0.012,0.036,65.459,2.438,0,,22.8,-0.137,2,281,25.189,96.176,1.018,312.362,,,,,1
2026-10-08T07:00Z,2026-10-09T07:00Z,a4t:bkp78t,24,14.3,13.1,31.9,28.6,24.4,24,13.1,24.4,,,0.024,0.045,1202.774,2.35,0.178,,22.8,-0.137,14,282,31.829,60.041,1.86,16.346,,,,,1
2026-10-08T07:00Z,2026-10-10T07:00Z,a4t:bkp78t,48,8.5,8,19.7,18.4,19.9,24,8,19.9,,,0,0.004,1108.596,2.243,0.328,,22.8,-0.137,14,283,31.443,62.22,1.692,59.86,,,,,1
2026-10-08T07:00Z,2026-10-08T08:00Z,a4t:bkp79t,1,9.5,10.4,25.2,27.5,24.8,24,10.4,24.8,,,0.003,0.071,888.661,1.566,0.378,,24.7,0.086,15,281,31.008,66.353,1.23,9.434,,,,,1
2026-10-08T07:00Z,2026-10-08T10:00Z,a4t:bkp79t,3,10.3,11.2,25,27.3,24.9,24,11.2,24.9,,,0.007,0.065,270.352,2.02,0.172,,24.7,0.086,17,281,29.737,73.154,1.534,292.281,,,,,1
2026-10-08T07:00Z,2026-10-08T13:00Z,a4t:bkp79t,6,27.2,29.4,26,28.4,25.1,24,29.4,25.1,,,0.015,0.048,43.494,1.323,0.78,,24.7,0.086,20,281,26.484,91.259,0.949,80.633,,,,,1
2026-10-08T07:00Z,2026-10-08T19:00Z,a4t:bkp79t,12,32.4,34.7,26.4,28.7,25.6,24,34.7,25.6,,,0.015,0.043,70.301,2.478,0,,24.7,0.086,2,281,25.17,96.663,1.051,308.203,,,,,1
2026-10-08T07:00Z,2026-10-09T07:00Z,a4t:bkp79t,24,11.6,12.3,22.5,24.1,24.7,24,12.3,24.7,,,0.027,0.049,1233.264,2.327,0.138,,24.7,0.086,14,282,31.973,59.415,1.839,21.187,,,,,1
2026-10-08T07:00Z,2026-10-10T07:00Z,a4t:bkp79t,48,6.6,6.8,22.9,23.9,24.9,24,6.8,24.9,,,0,0.004,1123.742,2.381,0.315,,24.7,0.086,14,283,31.547,61.754,1.811,60.299,,,,,1
2026-10-08T07:00Z,2026-10-08T08:00Z,a4t:bkp80t,1,9.5,7.2,25.2,19.4,20.5,24,7.2,20.5,,,0.002,0.049,832.27,1.638,0.385,,20.5,-0.248,15,281,30.939,66.943,1.272,5.579,,,,,1
2026-10-08T07:00Z,2026-10-08T10:00Z,a4t:bkp80t,3,10.3,8,25,19.3,20.4,24,8,20.4,,,0.005,0.046,260.084,1.957,0.108,,20.5,-0.248,17,281,29.976,71.867,1.496,286.147,,,,,1
2026-10-08T07:00Z,2026-10-08T13:00Z,a4t:bkp80t,6,27.2,21.7,26,20.2,20.5,24,21.7,20.5,,,0.013,0.038,41.3,1.183,0.921,,20.5,-0.248,20,281,26.587,91.534,0.942,91.987,,,,,1
2026-10-08T07:00Z,2026-10-08T19:00Z,a4t:bkp80t,12,32.4,26.5,26.4,20.8,20.5,24,26.5,20.5,,,0.02,0.044,63.521,2.335,0,,20.5,-0.248,2,281,25.115,97.015,1.026,307.54,,,,,1
2026-10-08T07:00Z,2026-10-09T07:00Z,a4t:bkp80t,24,11.6,9.8,22.5,18.4,19.5,24,9.8,19.5,,,0.027,0.047,1215.413,2.146,0.14,,20.5,-0.248,14,282,31.943,59.724,1.707,19.161,,,,,1
2026-10-08T07:00Z,2026-10-10T07:00Z,a4t:bkp80t,48,6.6,5.9,22.9,20.3,19.1,24,5.9,19.1,,,0,0.004,1146.075,2.249,0.283,,20.5,-0.248,14,283,31.649,61.182,1.707,66.642,,,,,1
2026-10-08T07:00Z,2026-10-08T08:00Z,a4t:bkp81t,1,17.8,20.7,26.7,31,28.9,24,20.7,28.9,,,0.001,0.079,887.61,1.479,0.465,,28.8,0.144,15,281,30.89,66.753,1.152,6.962,,,,,1
2026-10-08T07:00Z,2026-10-08T10:00Z,a4t:bkp81t,3,20.3,23.4,26.8,31.1,28.9,24,23.4,28.9,,,0.004,0.071,276.166,1.855,0.206,,28.8,0.144,17,281,29.506,74.093,1.401,293.831,,,,,1
2026-10-08T07:00Z,2026-10-08T13:00Z,a4t:bkp81t,6,39.8,45.3,29.1,33.7,29.3,24,45.3,29.3,,,0.008,0.047,44.003,1.257,0.614,,28.8,0.144,20,281,26.472,90.824,0.823,67.183,,,,,1
2026-10-08T07:00Z,2026-10-08T19:00Z,a4t:bkp81t,12,44,49.3,34.6,39.7,31.3,24,49.3,31.3,,,0.009,0.036,73.85,2.62,0,,28.8,0.144,2,281,25.229,95.928,1.08,312.011,,,,,1
2026-10-08T07:00Z,2026-10-09T07:00Z,a4t:bkp81t,24,14.3,15.7,31.9,35.8,31.4,24,15.7,31.4,,,0.022,0.04,1214.122,2.499,0.165,,28.8,0.144,14,282,31.859,59.889,1.97,19.582,,,,,1
2026-10-08T07:00Z,2026-10-10T07:00Z,a4t:bkp81t,48,8.5,9,19.7,21.1,25.8,24,9,25.8,,,0,0.004,1087.916,2.385,0.342,,28.8,0.144,14,283,31.365,62.746,1.815,55.878,,,,,1
2026-10-08T07:00Z,2026-10-08T08:00Z,a4t:bkp82t,1,33.4,29.8,28.4,25.2,29.2,24,29.8,29.2,,,0.002,0.103,974.575,1.444,0.34,,29.3,-0.113,15,281,31.119,65.06,1.16,20.733,,,,,1
2026-10-08T07:00Z,2026-10-08T10:00Z,a4t:bkp82t,3,39.9,35.8,28.6,25.4,29.1,24,35.8,29.1,,,0.005,0.089,283.304,1.922,0.261,,29.3,-0.113,17,281,29.375,74.772,1.433,302.046,,,,,1
2026-10-08T07:00Z,2026-10-08T13:00Z,a4t:bkp82t,6,53.6,48.4,31.1,27.8,29.1,24,48.4,29.1,,,0.008,0.055,47.358,1.48,0.519,,29.3,-0.113,20,281,26.345,90.591,0.824,64.809,,,,,1
2026-10-08T07:00Z,2026-10-08T19:00Z,a4t:bkp82t,12,48.4,44.3,40.2,36.2,30.7,24,44.3,30.7,,,0.007,0.034,84.52,2.825,0,,29.3,-0.113,2,281,25.262,95.868,1.171,310.22,,,,,1
2026-10-08T07:00Z,2026-10-09T07:00Z,a4t:bkp82t,24,23.2,21.6,40.4,36.8,31.4,24,21.6,31.4,,,0.018,0.031,1238.508,2.658,0.136,,29.3,-0.113,14,282,31.95,59.473,2.094,24.282,,,,,1
2026-10-08T07:00Z,2026-10-10T07:00Z,a4t:bkp82t,48,19.6,18.8,28.3,26.8,27.2,24,18.8,27.2,,,0,0.004,1072.583,2.599,0.351,,29.3,-0.113,14,283,31.327,63.104,1.996,52.524,,,,,1
2026-10-08T07:00Z,2026-10-08T08:00Z,a4t:bkp83t,1,33.4,25,28.4,21,25.1,24,25,25.1,,,0.002,0.102,968.555,1.455,0.344,,25.2,-0.287,15,281,31.112,65.187,1.167,19.395,,,,,1
2026-10-08T07:00Z,2026-10-08T10:00Z,a4t:bkp83t,3,39.9,30.2,28.6,21.2,25,24,30.2,25,,,0.005,0.088,282.582,1.955,0.255,,25.2,-0.287,17,281,29.404,74.678,1.461,301.148,,,,,1
2026-10-08T07:00Z,2026-10-08T13:00Z,a4t:bkp83t,6,53.6,41.4,31.1,23.3,25,24,41.4,25,,,0.009,0.055,47.021,1.48,0.545,,25.2,-0.287,20,281,26.353,90.673,0.85,66.365,,,,,1
2026-10-08T07:00Z,2026-10-08T19:00Z,a4t:bkp83t,12,48.4,38.5,40.2,30.7,26.2,24,38.5,26.2,,,0.008,0.035,83.036,2.784,0,,25.2,-0.287,2,281,25.254,95.965,1.153,309.913,,,,,1
2026-10-08T07:00Z,2026-10-09T07:00Z,a4t:bkp83t,24,23.2,19.3,40.4,31.9,26.8,24,19.3,26.8,,,0.02,0.034,1240.855,2.626,0.135,,25.2,-0.287,14,282,31.961,59.403,2.068,24.06,,,,,1
2026-10-08T07:00Z,2026-10-10T07:00Z,a4t:bkp83t,48,19.6,17.5,28.3,24.6,23.1,24,17.5,23.1,,,0,0.004,1078.667,2.585,0.349,,25.2,-0.287,14,283,31.352,62.94,1.983,53.042,,,,,1
2026-10-08T07:00Z,2026-10-08T08:00Z,a4t:bkp84t,1,33.4,30,28.4,25.4,27.4,24,30,27.4,,,0.002,0.107,990.55,1.462,0.313,,27.5,-0.107,15,281,31.173,64.785,1.181,22.491,,,,,1
2026-10-08T07:00Z,2026-10-08T10:00Z,a4t:bkp84t,3,39.9,36,28.6,25.6,27.4,24,36,27.4,,,0.006,0.092,284.481,2.003,0.269,,27.5,-0.107,17,281,29.377,74.857,1.493,302.897,,,,,1
2026-10-08T07:00Z,2026-10-08T13:00Z,a4t:bkp84t,6,53.6,48.7,31.1,28,27.5,24,48.7,27.5,,,0.009,0.057,47.807,1.549,0.53,,27.5,-0.107,20,281,26.32,90.649,0.866,66.411,,,,,1
2026-10-08T07:00Z,2026-10-08T19:00Z,a4t:bkp84t,12,48.4,44.5,40.2,36.4,29.4,24,44.5,29.4,,,0.007,0.034,85.275,2.82,0,,27.5,-0.107,2,281,25.26,95.993,1.171,309.304,,,,,1
2026-10-08T07:00Z,2026-10-09T07:00Z,a4t:bkp84t,24,23.2,21.7,40.4,37,30.3,24,21.7,30.3,,,0.019,0.032,1249.567,2.659,0.127,,27.5,-0.107,14,282,31.993,59.236,2.094,25.172,,,,,1
2026-10-08T07:00Z,2026-10-10T07:00Z,a4t:bkp84t,48,19.6,18.8,28.3,26.8,26.4,24,18.8,26.4,,,0,0.004,1077.341,2.642,0.352,,27.5,-0.107,14,283,31.354,62.959,2.03,52.325,,,,,1
2026-10-08T07:00Z,2026-10-08T08:00Z,a4t:bkp85t,1,33.4,24,28.4,20.2,23.2,24,24,23.2,,,0.003,0.109,1000.339,1.484,0.293,,23.3,-0.328,15,281,31.215,64.631,1.202,23.108,,,,,1
2026-10-08T07:00Z,2026-10-08T10:00Z,a4t:bkp85t,3,39.9,29.1,28.6,20.4,23.1,24,29.1,23.1,,,0.007,0.094,285.015,2.093,0.271,,23.3,-0.328,17,281,29.398,74.868,1.563,303.017,,,,,1
2026-10-08T07:00Z,2026-10-08T13:00Z,a4t:bkp85t,6,53.6,39.9,31.1,22.3,23.2,24,39.9,23.2,,,0.011,0.058,47.973,1.61,0.557,,23.3,-0.328,20,281,26.303,90.751,0.918,68.597,,,,,1
2026-10-08T07:00Z,2026-10-08T19:00Z,a4t:bkp85t,12,48.4,37.3,40.2,29.5,24.5,24,37.3,24.5,,,0.008,0.035,84.968,2.79,0,,23.3,-0.328,2,281,25.253,96.164,1.159,308.302,,,,,1
2026-10-08T07:00Z,2026-10-09T07:00Z,a4t:bkp85t,24,23.2,18.8,40.4,30.9,25.1,24,18.8,25.1,,,0.02,0.034,1260.528,2.64,0.119,,23.3,-0.328,14,282,32.038,58.989,2.079,25.805,,,,,1
2026-10-08T07:00Z,2026-10-10T07:00Z,a4t:bkp85t,48,19.6,17.3,28.3,24.1,21.7,24,17.3,21.7,,,0,0.004,1085.339,2.67,0.352,,23.3,-0.328,14,283,31.393,62.729,2.051,52.485,,,,,1
2026-10-08T07:00Z,2026-10-08T08:00Z,a4t:bkp86t,1,33.4,27.8,28.4,23.5,26.5,24,27.8,26.5,,,0.004,0.117,1038.532,1.506,0.244,,26.6,-0.18,15,281,31.317,63.996,1.233,27.612,,,,,1
2026-10-08T07:00Z,2026-10-08T10:00Z,a4t:bkp86t,3,39.9,33.5,28.6,23.7,26.4,24,33.5,26.4,,,0.008,0.1,288.795,2.21,0.297,,26.6,-0.18,17,281,29.346,75.242,1.645,305.549,,,,,1
2026-10-08T07:00Z,2026-10-08T13:00Z,a4t:bkp86t,6,53.6,45.6,31.1,25.9,26.5,24,45.6,26.5,,,0.011,0.06,49.273,1.748,0.534,,26.6,-0.18,20,281,26.242,90.737,0.964,68.7,,,,,1
2026-10-08T07:00Z,2026-10-08T19:00Z,a4t:bkp86t,12,48.4,41.9,40.2,33.9,28.1,24,41.9,28.1,,,0.007,0.033,88.371,2.839,0,,26.6,-0.18,2,281,25.264,96.237,1.18,307.182,,,,,1
2026-10-08T07:00Z,2026-10-09T07:00Z,a4t:bkp86t,24,23.2,20.7,40.4,34.8,28.8,24,20.7,28.8,,,0.019,0.031,1278.425,2.697,0.105,,26.6,-0.18,14,282,32.101,58.633,2.123,27.57,,,,,1
2026-10-08T07:00Z,2026-10-10T07:00Z,a4t:bkp86t,48,19.6,18.3,28.3,25.9,25,24,18.3,25,,,0,0.004,1084.828,2.775,0.359,,26.6,-0.18,14,283,31.401,62.713,2.136,51.186,,,,,1
2026-10-08T07:00Z,2026-10-08T08:00Z,a4t:bkp87t,1,33.4,28,28.4,23.6,24.8,24,28,24.8,,,0.002,0.118,1060.186,1.498,0.224,,24.8,-0.176,15,281,31.35,63.556,1.233,31.905,,,,,1
2026-10-08T07:00Z,2026-10-08T10:00Z,a4t:bkp87t,3,39.9,33.7,28.6,23.8,24.7,24,33.7,24.7,,,0.005,0.1,291.161,2.146,0.316,,24.8,-0.176,17,281,29.264,75.529,1.587,308.216,,,,,1
2026-10-08T07:00Z,2026-10-08T13:00Z,a4t:bkp87t,6,53.6,45.8,31.1,26.1,24.9,24,45.8,24.9,,,0.007,0.057,50.361,1.765,0.462,,24.8,-0.176,20,281,26.212,90.52,0.903,65.352,,,,,1
2026-10-08T07:00Z,2026-10-08T19:00Z,a4t:bkp87t,12,48.4,42.1,40.2,34.1,26.7,24,42.1,26.7,,,0.005,0.03,92.815,2.954,0,,24.8,-0.176,2,281,25.287,95.996,1.233,307.876,,,,,1
2026-10-08T07:00Z,2026-10-09T07:00Z,a4t:bkp87t,24,23.2,20.8,40.4,35,27.7,24,20.8,27.7,,,0.014,0.023,1274.822,2.791,0.104,,24.8,-0.176,14,282,32.082,58.765,2.199,28.299,,,,,1
2026-10-08T07:00Z,2026-10-10T07:00Z,a4t:bkp87t,48,19.6,18.3,28.3,26,24.2,24,18.3,24.2,,,0,0.003,1068.855,2.829,0.364,,24.8,-0.176,14,283,31.336,63.14,2.184,49.82,,,,,1
2026-10-08T07:00Z,2026-10-08T08:00Z,a4t:bkp88t,1,33.4,28.6,28.4,24.2,27.8,24,28.6,27.8,,,0.002,0.108,996.322,1.455,0.308,,27.9,-0.155,15,281,31.181,64.665,1.177,23.716,,,,,1
2026-10-08T07:00Z,2026-10-08T10:00Z,a4t:bkp88t,3,39.9,34.4,28.6,24.4,27.7,24,34.4,27.7,,,0.005,0.093,285.113,1.979,0.274,,27.9,-0.155,17,281,29.353,74.935,1.473,303.684,,,,,1
2026-10-08T07:00Z,2026-10-08T13:00Z,a4t:bkp88t,6,53.6,46.6,31.1,26.6,27.7,24,46.6,27.7,,,0.008,0.056,48.109,1.552,0.509,,27.9,-0.155,20,281,26.312,90.584,0.846,65.273,,,,,1
2026-10-08T07:00Z,2026-10-08T19:00Z,a4t:bkp88t,12,48.4,42.8,40.2,34.8,29.3,24,42.8,29.3,,,0.006,0.033,86.546,2.854,0,,27.9,-0.155,2,281,25.267,95.92,1.186,309.514,,,,,1
2026-10-08T07:00Z,2026-10-09T07:00Z,a4t:bkp88t,24,23.2,21,40.4,35.6,30,24,21,30,,,0.017,0.03,1248.132,2.686,0.127,,27.9,-0.155,14,282,31.987,59.283,2.116,25.391,,,,,1
2026-10-08T07:00Z,2026-10-10T07:00Z,a4t:bkp88t,48,19.6,18.5,28.3,26.2,26,24,18.5,26,,,0,0.004,1072.559,2.656,0.353,,27.9,-0.155,14,283,31.334,63.087,2.043,51.91,,,,,1
2026-10-08T07:00Z,2026-10-08T08:00Z,a4t:bkp89t,1,33.4,35.4,28.4,30.1,33.4,24,35.4,33.4,,,0.001,0.114,1046.994,1.473,0.24,,33.5,0.056,15,281,31.303,63.667,1.209,32.197,,,,,1
2026-10-08T07:00Z,2026-10-08T10:00Z,a4t:bkp89t,3,39.9,42.1,28.6,30.3,33.3,24,42.1,33.3,,,0.004,0.096,289.55,1.994,0.308,,33.5,0.056,17,281,29.252,75.387,1.469,308.558,,,,,1
2026-10-08T07:00Z,2026-10-08T13:00Z,a4t:bkp89t,6,53.6,56.4,31.1,32.9,33.4,24,56.4,33.4,,,0.006,0.055,50.193,1.666,0.43,,33.5,0.056,20,281,26.239,90.368,0.816,62.652,,,,,1
2026-10-08T07:00Z,2026-10-08T19:00Z,a4t:bkp89t,12,48.4,50.6,40.2,42.4,35.5,24,50.6,35.5,,,0.004,0.029,93.678,3.007,0,,33.5,0.056,2,281,25.294,95.77,1.261,309.123,,,,,1
2026-10-08T07:00Z,2026-10-09T07:00Z,a4t:bkp89t,24,23.2,24,40.4,42.3,36.5,24,24,36.5,,,0.012,0.021,1257.38,2.813,0.113,,33.5,0.056,14,282,32.018,59.162,2.219,27.672,,,,,1
2026-10-08T07:00Z,2026-10-10T07:00Z,a4t:bkp89t,48,19.6,20,28.3,29.1,31.7,24,20,31.7,,,0,0.003,1057.454,2.784,0.36,,33.5,0.056,14,283,31.283,63.467,2.152,49.918,,,,,1
2026-10-08T07:00Z,2026-10-08T08:00Z,a4t:bkp90t,1,33.4,27.3,28.4,23.1,27.8,24,27.3,27.8,,,0.001,0.105,1000.614,1.413,0.303,,27.9,-0.198,15,281,31.159,64.348,1.148,28.487,,,,,1
2026-10-08T07:00Z,2026-10-08T10:00Z,a4t:bkp90t,3,39.9,33,28.6,23.3,27.6,24,33,27.6,,,0.002,0.09,284.973,1.723,0.281,,27.9,-0.198,17,281,29.271,74.972,1.267,306.714,,,,,1
2026-10-08T07:00Z,2026-10-08T13:00Z,a4t:bkp90t,6,53.6,44.9,31.1,25.5,27.6,24,44.9,27.6,,,0.004,0.052,48.932,1.453,0.406,,27.9,-0.198,20,281,26.318,90.199,0.681,58.019,,,,,1
2026-10-08T07:00Z,2026-10-08T19:00Z,a4t:bkp90t,12,48.4,41.3,40.2,33.4,29,24,41.3,29,,,0.004,0.03,91.84,3.032,0,,27.9,-0.198,2,281,25.295,95.434,1.273,311.461,,,,,1
2026-10-08T07:00Z,2026-10-09T07:00Z,a4t:bkp90t,24,23.2,20.5,40.4,34.3,29.5,24,20.5,29.5,,,0.011,0.02,1223.062,2.797,0.136,,27.9,-0.198,14,282,31.892,59.901,2.208,25.502,,,,,1
2026-10-08T07:00Z,2026-10-10T07:00Z,a4t:bkp90t,48,19.6,18.2,28.3,25.7,25.5,24,18.2,25.5,,,0,0.003,1044.215,2.648,0.351,,27.9,-0.198,14,283,31.212,63.872,2.047,50.889,,,,,1
2026-10-08T07:00Z,2026-10-08T08:00Z,a4t:bkp91t,1,33.4,21.1,28.4,17.7,21.7,24,21.1,21.7,,,0.001,0.096,944.836,1.407,0.394,,21.8,-0.451,15,281,31.011,65.582,1.119,17.401,,,,,1
2026-10-08T07:00Z,2026-10-08T10:00Z,a4t:bkp91t,3,39.9,25.8,28.6,17.9,21.6,24,25.8,21.6,,,0.003,0.084,281.387,1.754,0.249,,21.8,-0.451,17,281,29.356,74.661,1.308,300.455,,,,,1
2026-10-08T07:00Z,2026-10-08T13:00Z,a4t:bkp91t,6,53.6,35.7,31.1,19.7,21.5,24,35.7,21.5,,,0.006,0.052,46.577,1.351,0.486,,21.8,-0.451,20,281,26.392,90.447,0.733,60.437,,,,,1
2026-10-08T07:00Z,2026-10-08T19:00Z,a4t:bkp91t,12,48.4,33.8,40.2,26.3,22.6,24,33.8,22.6,,,0.006,0.033,83.479,2.85,0,,21.8,-0.451,2,281,25.27,95.578,1.178,312.159,,,,,1
2026-10-08T07:00Z,2026-10-09T07:00Z,a4t:bkp91t,24,23.2,17.4,40.4,27.9,22.9,24,17.4,22.9,,,0.016,0.029,1215.973,2.67,0.154,,21.8,-0.451,14,282,31.86,59.962,2.104,22.547,,,,,1
2026-10-08T07:00Z,2026-10-10T07:00Z,a4t:bkp91t,48,19.6,16.4,28.3,22.7,19.7,24,16.4,19.7,,,0,0.004,1060.872,2.519,0.35,,21.8,-0.451,14,283,31.263,63.452,1.933,52.669,,,,,1
2026-10-08T07:00Z,2026-10-08T08:00Z,a4t:bkp92t,1,33.4,24.7,28.4,20.8,25.5,24,24.7,25.5,,,0.003,0.107,992.891,1.487,0.3,,25.6,-0.298,15,281,31.2,64.761,1.202,21.992,,,,,1
2026-10-08T07:00Z,2026-10-08T10:00Z,a4t:bkp92t,3,39.9,29.9,28.6,21,25.3,24,29.9,25.3,,,0.008,0.093,284.155,2.093,0.265,,25.6,-0.298,17,281,29.419,74.77,1.565,302.294,,,,,1
2026-10-08T07:00Z,2026-10-08T13:00Z,a4t:bkp92t,6,53.6,41,31.1,23,25.3,24,41,25.3,,,0.011,0.058,47.66,1.594,0.572,,25.6,-0.298,20,281,26.314,90.791,0.924,69.299,,,,,1
2026-10-08T07:00Z,2026-10-08T19:00Z,a4t:bkp92t,12,48.4,38.2,40.2,30.4,26.5,24,38.2,26.5,,,0.008,0.036,83.878,2.766,0,,25.6,-0.298,2,281,25.247,96.202,1.148,308.273,,,,,1
2026-10-08T07:00Z,2026-10-09T07:00Z,a4t:bkp92t,24,23.2,19.2,40.4,31.6,26.9,24,19.2,26.9,,,0.021,0.036,1259.351,2.618,0.121,,25.6,-0.298,14,282,32.035,59.002,2.061,25.506,,,,,1
2026-10-08T07:00Z,2026-10-10T07:00Z,a4t:bkp92t,48,19.6,17.5,28.3,24.4,23.2,24,17.5,23.2,,,0,0.004,1088.3,2.651,0.35,,25.6,-0.298,14,283,31.405,62.653,2.035,52.916,,,,,1
2026-10-08T07:00Z,2026-10-08T08:00Z,a4t:bkp93t,1,33.4,22.5,28.4,18.9,20.5,24,22.5,20.5,,,0.004,0.096,955.779,1.502,0.336,,20.5,-0.391,15,281,31.123,65.382,1.201,16.926,,,,,1
2026-10-08T07:00Z,2026-10-08T10:00Z,a4t:bkp93t,3,39.9,27.3,28.6,19,20.4,24,27.3,20.4,,,0.008,0.085,279.839,2.066,0.235,,20.5,-0.391,17,281,29.516,74.284,1.553,298.882,,,,,1
2026-10-08T07:00Z,2026-10-08T13:00Z,a4t:bkp93t,6,53.6,37.7,31.1,20.9,20.5,24,37.7,20.5,,,0.013,0.057,46.177,1.497,0.638,,20.5,-0.391,20,281,26.372,90.946,0.934,72.242,,,,,1
2026-10-08T07:00Z,2026-10-08T19:00Z,a4t:bkp93t,12,48.4,35.4,40.2,27.8,21.9,24,35.4,21.9,,,0.011,0.039,79.019,2.664,0,,20.5,-0.391,2,281,25.223,96.334,1.108,308.417,,,,,1
2026-10-08T07:00Z,2026-10-09T07:00Z,a4t:bkp93t,24,23.2,18.1,40.4,29.3,22.6,24,18.1,22.6,,,0.024,0.042,1250.332,2.521,0.128,,20.5,-0.391,14,282,32.01,59.144,1.986,23.923,,,,,1
2026-10-08T07:00Z,2026-10-10T07:00Z,a4t:bkp93t,48,19.6,16.8,28.3,23.3,19.7,24,16.8,19.7,,,0,0.004,1099.661,2.553,0.34,,20.5,-0.391,14,283,31.448,62.368,1.953,55.039,,,,,1
2026-10-08T07:00Z,2026-10-08T08:00Z,a4t:bkp95t,1,19.2,13.8,29.9,21.5,24.1,24,13.8,24.1,,,0.005,0.106,991.771,1.522,0.282,,24.2,-0.32,15,281,31.231,64.749,1.231,21.299,,,,,1
2026-10-08T07:00Z,2026-10-08T10:00Z,a4t:bkp95t,3,21.8,15.9,29.4,21.1,24,24,15.9,24,,,0.011,0.093,282.822,2.189,0.255,,24.2,-0.32,17,281,29.492,74.543,1.642,301.281,,,,,1
2026-10-08T07:00Z,2026-10-08T13:00Z,a4t:bkp95t,6,51.1,38.3,30,21.6,23.9,24,38.3,23.9,,,0.015,0.061,47.338,1.634,0.635,,24.2,-0.32,20,281,26.316,90.981,0.992,73.198,,,,,1
2026-10-08T07:00Z,2026-10-08T19:00Z,a4t:bkp95t,12,31.5,24.3,31.2,23,23.8,24,24.3,23.8,,,0.01,0.039,81.793,2.694,0,,24.2,-0.32,2,281,25.227,96.483,1.122,306.905,,,,,1
2026-10-08T07:00Z,2026-10-09T07:00Z,a4t:bkp95t,24,17.3,14.1,29.7,22.7,23.3,24,14.1,23.3,,,0.025,0.041,1269.441,2.554,0.112,,24.2,-0.32,14,282,32.083,58.752,2.01,25.885,,,,,1
2026-10-08T07:00Z,2026-10-10T07:00Z,a4t:bkp95t,48,16.9,14.9,32.6,27.9,23.8,24,14.9,23.8,,,0,0.004,1103.145,2.648,0.344,,24.2,-0.32,14,283,31.475,62.243,2.03,54.072,,,,,1
2026-10-08T07:00Z,2026-10-08T08:00Z,a4t:bkp98t,1,19.2,17.9,29.9,27.9,31.6,24,17.9,31.6,,,0.009,0.101,986.743,1.574,0.247,,31.7,-0.067,15,281,31.277,64.68,1.277,20.972,,,,,1
2026-10-08T07:00Z,2026-10-08T10:00Z,a4t:bkp98t,3,21.8,20.4,29.4,27.5,31.4,24,20.4,31.4,,,0.016,0.091,279.558,2.283,0.234,,31.7,-0.067,17,281,29.62,74.038,1.72,299.784,,,,,1
2026-10-08T07:00Z,2026-10-08T13:00Z,a4t:bkp98t,6,51.1,48.1,30,28,31.3,24,48.1,31.3,,,0.023,0.065,46.819,1.672,0.731,,31.7,-0.067,20,281,26.329,91.241,1.068,78.95,,,,,1
2026-10-08T07:00Z,2026-10-08T19:00Z,a4t:bkp98t,12,31.5,29.9,31.2,29.3,31.1,24,29.9,31.1,,,0.014,0.045,78.97,2.603,0,,31.7,-0.067,2,281,25.194,96.889,1.095,304.879,,,,,1
2026-10-08T07:00Z,2026-10-09T07:00Z,a4t:bkp98t,24,17.3,16.6,29.7,28.1,30.4,24,16.6,30.4,,,0.028,0.046,1279.49,2.453,0.1,,31.7,-0.067,14,282,32.141,58.492,1.934,26.557,,,,,1
2026-10-08T07:00Z,2026-10-10T07:00Z,a4t:bkp98t,48,16.9,16.5,32.6,31.6,31.1,24,16.5,31.1,,,0,0.004,1124.017,2.629,0.331,,31.7,-0.067,14,283,31.577,61.669,2.014,56.304,,,,,1
2026-10-08T07:00Z,2026-10-08T08:00Z,a4t:bkp99t,1,17.8,14,26.7,21,19.8,24,14,19.8,,,0.003,0.077,896.47,1.527,0.407,,19.8,-0.23,15,281,30.978,66.406,1.198,9.181,,,,,1
2026-10-08T07:00Z,2026-10-08T10:00Z,a4t:bkp99t,3,20.3,16.2,26.8,21.1,19.9,24,16.2,19.9,,,0.006,0.07,273.804,1.979,0.193,,19.8,-0.23,17,281,29.626,73.656,1.499,293.637,,,,,1
2026-10-08T07:00Z,2026-10-08T13:00Z,a4t:bkp99t,6,39.8,32.3,29.1,23,20.1,24,32.3,20.1,,,0.012,0.049,43.974,1.321,0.705,,19.8,-0.23,20,281,26.465,91.078,0.91,74.977,,,,,1
2026-10-08T07:00Z,2026-10-08T19:00Z,a4t:bkp99t,12,44,36.6,34.6,27.8,21.4,24,36.6,21.4,,,0.013,0.04,72.411,2.543,0,,19.8,-0.23,2,281,25.198,96.372,1.063,309.577,,,,,1
2026-10-08T07:00Z,2026-10-09T07:00Z,a4t:bkp99t,24,14.3,12.3,31.9,26.4,21.5,24,12.3,21.5,,,0.026,0.046,1229.769,2.409,0.146,,19.8,-0.23,14,282,31.94,59.521,1.901,20.886,,,,,1
2026-10-08T07:00Z,2026-10-10T07:00Z,a4t:bkp99t,48,8.5,7.7,19.7,17.5,17.6,24,7.7,17.6,,,0,0.004,1108.827,2.403,0.329,,19.8,-0.23,14,283,31.473,62.16,1.829,57.977,,,,,1
2026-10-08T07:00Z,2026-10-08T08:00Z,4946812,1,38,51.5,70.5,95.9,45.5,h,51.5,45.5,51.4,45.5,0,0.079,1219.083,1.533,0,37.93,45.5,0.304,15,281,29.021,48.195,1.171,68.523,,,,,1
2026-10-08T07:00Z,2026-10-08T10:00Z,4946812,3,53.7,71.7,73,99.1,45.8,h,71.7,45.8,71.6,45.8,-0.012,0.114,67.04,0.563,0,37.93,45.5,0.304,17,281,27.652,66.05,0.146,113.33,,,,,1
2026-10-08T07:00Z,2026-10-08T13:00Z,4946812,6,146.7,191.9,78.3,105.7,48.2,h,191.7,48.2,191.7,48.2,-0.247,0.907,51.747,2.583,0,37.93,45.5,0.304,20,281,23.957,76.233,1.133,139.237,,,,,1
2026-10-08T07:00Z,2026-10-08T19:00Z,4946812,12,164.8,208.9,96.6,127.3,60.3,h,208.8,60.3,209.3,60.3,-0.051,0.384,59.661,3.414,0,37.93,45.5,0.304,2,281,21.855,91.399,1.388,337.118,,,,,1
2026-10-08T07:00Z,2026-10-09T07:00Z,4946812,24,33.6,40.6,105.8,134.9,74.1,h,40.6,74.1,40.7,74.2,0,0.02,922.184,2.336,0,37.93,45.5,0.304,14,282,28.553,58.585,1.746,50.597,,,,,1
2026-10-08T07:00Z,2026-10-10T07:00Z,4946812,48,47,52.7,95.5,110.2,77.8,h,52.7,77.8,52.7,77.8,0,0.001,539.513,3.92,0.187,37.93,45.5,0.304,14,283,25.787,77.184,2.904,337.46,,,,,1
2026-10-08T07:00Z,2026-10-08T08:00Z,4946813,1,31.7,75.8,86.3,208.4,58.9,h,75.8,58.9,75.7,58.9,0,0.083,1247.029,1.495,0,58,58.8,0.875,15,281,29.148,48.141,1.143,69.562,,,,,1
2026-10-08T07:00Z,2026-10-08T10:00Z,4946813,3,51.8,118.8,88.1,212.4,59.4,h,118.8,59.4,118.6,59.4,0,0.074,61.187,0.559,0,58,58.8,0.875,17,281,27.814,65.578,0.158,125.729,,,,,1
2026-10-08T07:00Z,2026-10-08T13:00Z,4946813,6,134.1,290.7,89.8,213.3,63.1,h,290.7,63.1,290.6,63.1,-0.006,0.099,53.571,2.786,0,58,58.8,0.875,20,281,24.096,75.953,1.21,139.616,,,,,1
2026-10-08T07:00Z,2026-10-08T19:00Z,4946813,12,148.1,293.1,89.1,198.7,80.6,h,293.1,80.6,293.8,80.6,-0.028,0.339,61.959,3.52,0,58,58.8,0.875,2,281,22.02,91.043,1.448,337.283,,,,,1
2026-10-08T07:00Z,2026-10-09T07:00Z,4946813,24,32.8,56.4,94.3,190.1,100.8,h,56.4,100.8,56.5,101,0,0.022,905.579,2.293,0,58,58.8,0.875,14,282,28.633,58.423,1.715,51.092,,,,,1
2026-10-08T07:00Z,2026-10-10T07:00Z,4946813,48,40,55.5,93.5,141.3,100.1,h,55.5,100.1,55.5,100.1,0,0.001,549.901,4.032,0.147,58,58.8,0.875,14,283,26.012,76.047,3.008,335.66,,,,,1
2026-10-08T07:00Z,2026-10-08T08:00Z,a4t:bkp105t,1,33.4,31.6,28.4,26.8,34.1,24,31.6,34.1,,,0.001,0.103,978.992,1.414,0.339,,34.3,-0.055,15,281,31.108,64.883,1.139,23.287,,,,,1
2026-10-08T07:00Z,2026-10-08T10:00Z,a4t:bkp105t,3,39.9,37.9,28.6,27,33.9,24,37.9,33.9,,,0.003,0.089,283.766,1.789,0.268,,34.3,-0.055,17,281,29.317,74.862,1.326,303.726,,,,,1
2026-10-08T07:00Z,2026-10-08T13:00Z,a4t:bkp105t,6,53.6,51,31.1,29.5,33.8,24,51,33.8,,,0.005,0.053,47.881,1.436,0.457,,34.3,-0.055,20,281,26.344,90.372,0.736,60.459,,,,,1
2026-10-08T07:00Z,2026-10-08T19:00Z,a4t:bkp105t,12,48.4,46.3,40.2,38.2,35.1,24,46.3,35.1,,,0.005,0.032,87.594,2.926,0,,34.3,-0.055,2,281,25.281,95.587,1.217,311.328,,,,,1
2026-10-08T07:00Z,2026-10-09T07:00Z,a4t:bkp105t,24,23.2,22.4,40.4,38.6,35.5,24,22.4,35.5,,,0.014,0.025,1225.868,2.726,0.141,,34.3,-0.055,14,282,31.9,59.79,2.15,24.382,,,,,1
2026-10-08T07:00Z,2026-10-10T07:00Z,a4t:bkp105t,48,19.6,19.2,28.3,27.5,30.5,24,19.2,30.5,,,0,0.004,1056.301,2.602,0.352,,34.3,-0.055,14,283,31.256,63.552,2.004,51.704,,,,,1
2026-10-08T07:00Z,2026-10-08T08:00Z,a4t:bkp114t,1,33.4,20.5,28.4,17.2,20.9,24,20.5,20.9,,,0.002,0.098,955.305,1.467,0.357,,21,-0.479,15,281,31.088,65.433,1.171,17.163,,,,,1
2026-10-08T07:00Z,2026-10-08T10:00Z,a4t:bkp114t,3,39.9,25.1,28.6,17.4,20.8,24,25.1,20.8,,,0.006,0.086,281.103,1.973,0.244,,21,-0.479,17,281,29.446,74.506,1.479,299.673,,,,,1
2026-10-08T07:00Z,2026-10-08T13:00Z,a4t:bkp114t,6,53.6,34.8,31.1,19.1,20.8,24,34.8,20.8,,,0.01,0.055,46.425,1.457,0.579,,21,-0.479,20,281,26.372,90.766,0.87,68.069,,,,,1
2026-10-08T07:00Z,2026-10-08T19:00Z,a4t:bkp114t,12,48.4,33,40.2,25.6,21.8,24,33,21.8,,,0.009,0.036,80.819,2.73,0,,21,-0.479,2,281,25.243,96.06,1.131,309.764,,,,,1
2026-10-08T07:00Z,2026-10-09T07:00Z,a4t:bkp114t,24,23.2,17.1,40.4,27.3,22.2,24,17.1,22.2,,,0.021,0.037,1240.299,2.581,0.137,,21,-0.479,14,282,31.962,59.389,2.033,23.49,,,,,1
2026-10-08T07:00Z,2026-10-10T07:00Z,a4t:bkp114t,48,19.6,16.3,28.3,22.4,19.1,24,16.3,19.1,,,0,0.004,1085.49,2.552,0.346,,21,-0.479,14,283,31.38,62.761,1.954,53.886,,,,,1
2026-10-08T07:00Z,2026-10-08T08:00Z,a4t:bkp115t,1,19.2,11.9,29.9,18.5,20.6,24,11.9,20.6,,,0.005,0.104,984.264,1.524,0.288,,20.7,-0.461,15,281,31.216,64.864,1.231,20.403,,,,,1
2026-10-08T07:00Z,2026-10-08T10:00Z,a4t:bkp115t,3,21.8,13.8,29.4,18.2,20.6,24,13.8,20.6,,,0.011,0.092,281.854,2.179,0.249,,20.7,-0.461,17,281,29.513,74.431,1.636,300.638,,,,,1
2026-10-08T07:00Z,2026-10-08T13:00Z,a4t:bkp115t,6,51.1,33.7,30,18.7,20.5,24,33.7,20.5,,,0.016,0.061,47.047,1.613,0.648,,20.7,-0.461,20,281,26.329,91.009,0.991,73.808,,,,,1
2026-10-08T07:00Z,2026-10-08T19:00Z,a4t:bkp115t,12,31.5,21.7,31.2,20.1,20.4,24,21.7,20.4,,,0.011,0.04,80.876,2.675,0,,20.7,-0.461,2,281,25.222,96.509,1.115,306.931,,,,,1
2026-10-08T07:00Z,2026-10-09T07:00Z,a4t:bkp115t,24,17.3,12.8,29.7,20.2,19.9,24,12.8,19.9,,,0.025,0.042,1267.235,2.534,0.114,,20.7,-0.461,14,282,32.077,58.79,1.995,25.593,,,,,1
2026-10-08T07:00Z,2026-10-10T07:00Z,a4t:bkp115t,48,16.9,14.1,32.6,26,20.4,24,14.1,20.4,,,0,0.004,1105.272,2.627,0.342,,20.7,-0.461,14,283,31.483,62.19,2.013,54.534,,,,,1
2026-10-08T07:00Z,2026-10-08T08:00Z,a4t:bkp116t,1,19.2,12.3,29.9,19.1,21.5,24,12.3,21.5,,,0.005,0.103,981.78,1.517,0.295,,21.6,-0.43,15,281,31.203,64.917,1.224,20.134,,,,,1
2026-10-08T07:00Z,2026-10-08T10:00Z,a4t:bkp116t,3,21.8,14.2,29.4,18.8,21.4,24,14.2,21.4,,,0.01,0.091,281.882,2.157,0.249,,21.6,-0.43,17,281,29.503,74.453,1.619,300.608,,,,,1
2026-10-08T07:00Z,2026-10-08T13:00Z,a4t:bkp116t,6,51.1,34.6,30,19.3,21.3,24,34.6,21.3,,,0.015,0.06,47.007,1.597,0.639,,21.6,-0.43,20,281,26.332,90.979,0.978,73.142,,,,,1
2026-10-08T07:00Z,2026-10-08T19:00Z,a4t:bkp116t,12,31.5,22.2,31.2,20.7,21.2,24,22.2,21.2,,,0.01,0.039,80.964,2.683,0,,21.6,-0.43,2,281,25.225,96.455,1.117,307.256,,,,,1
2026-10-08T07:00Z,2026-10-09T07:00Z,a4t:bkp116t,24,17.3,13.1,29.7,20.7,20.8,24,13.1,20.8,,,0.025,0.041,1264.435,2.541,0.116,,21.6,-0.43,14,282,32.064,58.853,2.001,25.379,,,,,1
2026-10-08T07:00Z,2026-10-10T07:00Z,a4t:bkp116t,48,16.9,14.3,32.6,26.4,21.2,24,14.3,21.2,,,0,0.004,1102.797,2.621,0.343,,21.6,-0.43,14,283,31.471,62.26,2.008,54.407,,,,,1
2026-10-08T07:00Z,2026-10-08T08:00Z,a4t:bkp117t,1,17.8,11.2,26.7,16.8,15.8,24,11.2,15.8,,,0.001,0.077,879.442,1.482,0.48,,15.8,-0.44,15,281,30.863,66.927,1.15,5.637,,,,,1
2026-10-08T07:00Z,2026-10-08T10:00Z,a4t:bkp117t,3,20.3,13.1,26.8,16.9,15.9,24,13.1,15.9,,,0.004,0.069,275.767,1.839,0.203,,15.8,-0.44,17,281,29.506,74.073,1.391,293.125,,,,,1
2026-10-08T07:00Z,2026-10-08T13:00Z,a4t:bkp117t,6,39.8,26.7,29.1,18.5,16.1,24,26.7,16.1,,,0.008,0.046,43.722,1.233,0.614,,15.8,-0.44,20,281,26.483,90.821,0.815,66.676,,,,,1
2026-10-08T07:00Z,2026-10-08T19:00Z,a4t:bkp117t,12,44,30.9,34.6,22.7,17.1,24,30.9,17.1,,,0.009,0.036,73.079,2.611,0,,15.8,-0.44,2,281,25.229,95.893,1.074,312.388,,,,,1
2026-10-08T07:00Z,2026-10-09T07:00Z,a4t:bkp117t,24,14.3,10.7,31.9,22.3,17.2,24,10.7,17.2,,,0.022,0.04,1210.624,2.494,0.169,,15.8,-0.44,14,282,31.844,59.958,1.967,19.047,,,,,1
2026-10-08T07:00Z,2026-10-10T07:00Z,a4t:bkp117t,48,8.5,7.1,19.7,15.8,14.1,24,7.1,14.1,,,0,0.004,1087.326,2.366,0.342,,15.8,-0.44,14,283,31.359,62.769,1.798,56.002,,,,,1
2026-10-08T07:00Z,2026-10-08T08:00Z,a4t:bkp118t,1,17.8,16.7,26.7,25,21.2,24,16.7,21.2,,,0.002,0.069,870.855,1.546,0.44,,21.1,-0.064,15,281,30.913,66.867,1.201,5.787,,,,,1
2026-10-08T07:00Z,2026-10-08T10:00Z,a4t:bkp118t,3,20.3,19.1,26.8,25.1,21.3,24,19.1,21.3,,,0.005,0.063,271.418,1.948,0.175,,21.1,-0.064,17,281,29.666,73.418,1.479,291.275,,,,,1
2026-10-08T07:00Z,2026-10-08T13:00Z,a4t:bkp118t,6,39.8,37.6,29.1,27.3,21.8,24,37.6,21.8,,,0.011,0.045,43.027,1.247,0.73,,21.1,-0.064,20,281,26.504,91.129,0.899,76.067,,,,,1
2026-10-08T07:00Z,2026-10-08T19:00Z,a4t:bkp118t,12,44,41.8,34.6,32.6,23.6,24,41.8,23.6,,,0.013,0.039,69.578,2.492,0,,21.1,-0.064,2,281,25.188,96.373,1.045,310.195,,,,,1
2026-10-08T07:00Z,2026-10-09T07:00Z,a4t:bkp118t,24,14.3,13.7,31.9,30.3,23.9,24,13.7,23.9,,,0.026,0.046,1220.82,2.367,0.155,,21.1,-0.064,14,282,31.909,59.686,1.87,19.431,,,,,1
2026-10-08T07:00Z,2026-10-10T07:00Z,a4t:bkp118t,48,8.5,8.3,19.7,19.1,19.8,24,8.3,19.8,,,0,0.004,1112.138,2.341,0.325,,21.1,-0.064,14,283,31.48,62.089,1.777,59.22,,,,,1
2026-10-08T07:00Z,2026-10-08T08:00Z,a4t:bkp119t,1,33.4,23.4,28.4,19.7,22.3,24,23.4,22.3,,,0.002,0.094,942.352,1.47,0.374,,22.4,-0.351,15,281,31.055,65.672,1.168,15.261,,,,,1
2026-10-08T07:00Z,2026-10-08T10:00Z,a4t:bkp119t,3,39.9,28.4,28.6,19.9,22.2,24,28.4,22.2,,,0.006,0.083,279.922,1.957,0.235,,22.4,-0.351,17,281,29.467,74.389,1.47,298.516,,,,,1
2026-10-08T07:00Z,2026-10-08T13:00Z,a4t:bkp119t,6,53.6,39,31.1,21.8,22.3,24,39,22.3,,,0.01,0.054,45.936,1.421,0.593,,22.4,-0.351,20,281,26.392,90.797,0.867,68.467,,,,,1
2026-10-08T07:00Z,2026-10-08T19:00Z,a4t:bkp119t,12,48.4,36.6,40.2,28.9,23.6,24,36.6,23.6,,,0.009,0.037,79.307,2.702,0,,22.4,-0.351,2,281,25.238,96.068,1.119,310.021,,,,,1
2026-10-08T07:00Z,2026-10-09T07:00Z,a4t:bkp119t,24,23.2,18.6,40.4,30.3,24.2,24,18.6,24.2,,,0.022,0.038,1236.218,2.557,0.141,,22.4,-0.351,14,282,31.948,59.462,2.014,22.828,,,,,1
2026-10-08T07:00Z,2026-10-10T07:00Z,a4t:bkp119t,48,19.6,17.1,28.3,23.8,21,24,17.1,21,,,0,0.004,1087.587,2.519,0.344,,22.4,-0.351,14,283,31.385,62.713,1.927,54.423,,,,,1
2026-10-08T07:00Z,2026-10-08T08:00Z,a4t:bkp120t,1,19.2,17.1,29.9,26.6,30.2,24,17.1,30.2,,,0.014,0.111,1024.977,1.618,0.182,,30.3,-0.112,15,281,31.406,64.008,1.329,24.95,,,,,1
2026-10-08T07:00Z,2026-10-08T10:00Z,a4t:bkp120t,3,21.8,19.5,29.4,26.2,30.1,24,19.5,30.1,,,0.024,0.102,282.3,2.463,0.253,,30.3,-0.112,17,281,29.624,74.234,1.853,301.67,,,,,1
2026-10-08T07:00Z,2026-10-08T13:00Z,a4t:bkp120t,6,51.1,46.2,30,26.7,29.9,24,46.2,29.9,,,0.029,0.074,47.919,1.85,0.754,,30.3,-0.112,20,281,26.269,91.365,1.162,80.683,,,,,1
2026-10-08T07:00Z,2026-10-08T19:00Z,a4t:bkp120t,12,31.5,28.8,31.2,28.1,29.7,24,28.8,29.7,,,0.014,0.048,80.978,2.61,0,,30.3,-0.112,2,281,25.19,97.172,1.097,302.586,,,,,1
2026-10-08T07:00Z,2026-10-09T07:00Z,a4t:bkp120t,24,17.3,16.1,29.7,27,29.1,24,16.1,29.1,,,0.029,0.045,1304.85,2.465,0.079,,30.3,-0.112,14,282,32.24,57.952,1.943,28.86,,,,,1
2026-10-08T07:00Z,2026-10-10T07:00Z,a4t:bkp120t,48,16.9,16.2,32.6,30.9,29.7,24,16.2,29.7,,,0,0.004,1134.382,2.73,0.333,,30.3,-0.112,14,283,31.637,61.351,2.095,55.694,,,,,1
2026-10-08T07:00Z,2026-10-08T08:00Z,a4t:bkp121t,1,33.4,21.4,28.4,18,20.5,24,21.4,20.5,,,0.001,0.096,947.321,1.406,0.39,,20.6,-0.438,15,281,31.018,65.528,1.119,17.891,,,,,1
2026-10-08T07:00Z,2026-10-08T10:00Z,a4t:bkp121t,3,39.9,26.1,28.6,18.1,20.4,24,26.1,20.4,,,0.003,0.084,281.558,1.752,0.25,,20.6,-0.438,17,281,29.352,74.676,1.306,300.734,,,,,1
2026-10-08T07:00Z,2026-10-08T13:00Z,a4t:bkp121t,6,53.6,36.1,31.1,20,20.5,24,36.1,20.5,,,0.006,0.052,46.683,1.356,0.482,,20.6,-0.438,20,281,26.389,90.435,0.73,60.295,,,,,1
2026-10-08T07:00Z,2026-10-08T19:00Z,a4t:bkp121t,12,48.4,34.1,40.2,26.6,21.7,24,34.1,21.7,,,0.006,0.033,83.86,2.858,0,,20.6,-0.438,2,281,25.272,95.57,1.182,312.133,,,,,1
2026-10-08T07:00Z,2026-10-09T07:00Z,a4t:bkp121t,24,23.2,17.6,40.4,28.2,22.2,24,17.6,22.2,,,0.016,0.029,1216.246,2.675,0.153,,20.6,-0.438,14,282,31.862,59.96,2.109,22.681,,,,,1
2026-10-08T07:00Z,2026-10-10T07:00Z,a4t:bkp121t,48,19.6,16.5,28.3,22.8,19.3,24,16.5,19.3,,,0,0.004,1060.054,2.524,0.35,,20.6,-0.438,14,283,31.26,63.473,1.939,52.577,,,,,1
2026-10-08T07:00Z,2026-10-08T08:00Z,a4t:bkp122t,1,33.4,20.3,28.4,17,19.4,24,20.3,19.4,,,0.002,0.096,947.721,1.47,0.366,,19.5,-0.491,15,281,31.07,65.572,1.171,16.033,,,,,1
2026-10-08T07:00Z,2026-10-08T10:00Z,a4t:bkp122t,3,39.9,24.8,28.6,17.2,19.4,24,24.8,19.4,,,0.006,0.084,280.366,1.967,0.238,,19.5,-0.491,17,281,29.461,74.43,1.476,298.966,,,,,1
2026-10-08T07:00Z,2026-10-08T13:00Z,a4t:bkp122t,6,53.6,34.4,31.1,18.9,19.4,24,34.4,19.4,,,0.01,0.054,46.128,1.437,0.589,,19.5,-0.491,20,281,26.384,90.791,0.871,68.461,,,,,1
2026-10-08T07:00Z,2026-10-08T19:00Z,a4t:bkp122t,12,48.4,32.7,40.2,25.3,20.5,24,32.7,20.5,,,0.009,0.037,79.862,2.711,0,,19.5,-0.491,2,281,25.239,96.075,1.123,309.865,,,,,1
2026-10-08T07:00Z,2026-10-09T07:00Z,a4t:bkp122t,24,23.2,17,40.4,27,21,24,17,21,,,0.022,0.038,1238.291,2.565,0.139,,19.5,-0.491,14,282,31.956,59.422,2.02,23.118,,,,,1
2026-10-08T07:00Z,2026-10-10T07:00Z,a4t:bkp122t,48,19.6,16.2,28.3,22.2,18.2,24,16.2,18.2,,,0,0.004,1087.254,2.533,0.345,,19.5,-0.491,14,283,31.385,62.718,1.938,54.241,,,,,1
2026-10-08T07:00Z,2026-10-08T08:00Z,a4t:bkp123t,1,19.2,11.7,29.9,18.2,20.1,24,11.7,20.1,,,0.005,0.104,984.165,1.519,0.291,,20.2,-0.475,15,281,31.211,64.875,1.227,20.41,,,,,1
2026-10-08T07:00Z,2026-10-08T10:00Z,a4t:bkp123t,3,21.8,13.6,29.4,18,20.1,24,13.6,20.1,,,0.01,0.092,282.06,2.167,0.25,,20.2,-0.475,17,281,29.503,74.466,1.626,300.746,,,,,1
2026-10-08T07:00Z,2026-10-08T13:00Z,a4t:bkp123t,6,51.1,33.3,30,18.5,20,24,33.3,20,,,0.015,0.06,47.079,1.607,0.64,,20.2,-0.475,20,281,26.328,90.984,0.983,73.27,,,,,1
2026-10-08T07:00Z,2026-10-08T19:00Z,a4t:bkp123t,12,31.5,21.4,31.2,19.9,19.9,24,21.4,19.9,,,0.011,0.039,81.111,2.684,0,,20.2,-0.475,2,281,25.225,96.47,1.118,307.131,,,,,1
2026-10-08T07:00Z,2026-10-09T07:00Z,a4t:bkp123t,24,17.3,12.7,29.7,20,19.5,24,12.7,19.5,,,0.025,0.041,1265.898,2.542,0.115,,20.2,-0.475,14,282,32.07,58.822,2.002,25.516,,,,,1
2026-10-08T07:00Z,2026-10-10T07:00Z,a4t:bkp123t,48,16.9,14,32.6,25.8,20,24,14,20,,,0,0.004,1103.296,2.627,0.343,,20.2,-0.475,14,283,31.474,62.245,2.013,54.364,,,,,1
2026-10-08T07:00Z,2026-10-08T08:00Z,a4t:bkp124t,1,33.4,25.8,28.4,21.8,26.1,24,25.8,26.1,,,0.004,0.112,1012.513,1.494,0.275,,26.2,-0.255,15,281,31.251,64.427,1.215,24.468,,,,,1
2026-10-08T07:00Z,2026-10-08T10:00Z,a4t:bkp124t,3,39.9,31.2,28.6,22,25.9,24,31.2,25.9,,,0.008,0.096,286.096,2.142,0.278,,26.2,-0.255,17,281,29.389,74.965,1.598,303.734,,,,,1
2026-10-08T07:00Z,2026-10-08T13:00Z,a4t:bkp124t,6,53.6,42.6,31.1,24,25.9,24,42.6,25.9,,,0.011,0.06,48.354,1.659,0.557,,26.2,-0.255,20,281,26.284,90.768,0.941,69.069,,,,,1
2026-10-08T07:00Z,2026-10-08T19:00Z,a4t:bkp124t,12,48.4,39.5,40.2,31.6,27.2,24,39.5,27.2,,,0.008,0.035,85.817,2.797,0,,26.2,-0.255,2,281,25.254,96.219,1.162,307.786,,,,,1
2026-10-08T07:00Z,2026-10-09T07:00Z,a4t:bkp124t,24,23.2,19.7,40.4,32.8,27.8,24,19.7,27.8,,,0.02,0.034,1267.499,2.651,0.114,,26.2,-0.255,14,282,32.064,58.844,2.087,26.422,,,,,1
2026-10-08T07:00Z,2026-10-10T07:00Z,a4t:bkp124t,48,19.6,17.8,28.3,25,23.9,24,17.8,23.9,,,0,0.004,1086.888,2.704,0.354,,26.2,-0.255,14,283,31.404,62.677,2.078,52.178,,,,,1
2026-10-08T07:00Z,2026-10-08T08:00Z,a4t:bkp125t,1,17.8,18.2,26.7,27.2,25.9,24,18.2,25.9,,,0.003,0.08,909.489,1.531,0.38,,25.9,0.019,15,281,31.025,66.131,1.207,11.143,,,,,1
2026-10-08T07:00Z,2026-10-08T10:00Z,a4t:bkp125t,3,20.3,20.7,26.8,27.4,26,24,20.7,26,,,0.007,0.073,274.368,2.017,0.197,,25.9,0.019,17,281,29.631,73.672,1.526,294.607,,,,,1
2026-10-08T07:00Z,2026-10-08T13:00Z,a4t:bkp125t,6,39.8,40.5,29.1,29.7,26.3,24,40.5,26.3,,,0.013,0.051,44.389,1.368,0.712,,25.9,0.019,20,281,26.446,91.104,0.931,75.928,,,,,1
2026-10-08T07:00Z,2026-10-08T19:00Z,a4t:bkp125t,12,44,44.7,34.6,35.3,28,24,44.7,28,,,0.013,0.041,73.403,2.551,0,,25.9,0.019,2,281,25.196,96.457,1.069,308.828,,,,,1
2026-10-08T07:00Z,2026-10-09T07:00Z,a4t:bkp125t,24,14.3,14.5,31.9,32.4,28,24,14.5,28,,,0.026,0.046,1236.629,2.411,0.139,,25.9,0.019,14,282,31.97,59.379,1.902,21.787,,,,,1
2026-10-08T07:00Z,2026-10-10T07:00Z,a4t:bkp125t,48,8.5,8.6,19.7,19.9,23,24,8.6,23,,,0,0.004,1111.367,2.434,0.328,,25.9,0.019,14,283,31.49,62.08,1.855,57.861,,,,,1
2026-10-08T07:00Z,2026-10-08T08:00Z,a4t:bkp126t,1,33.4,23.7,28.4,19.9,22.8,24,23.7,22.8,,,0.001,0.11,1016.974,1.444,0.282,,22.9,-0.339,15,281,31.219,64.187,1.177,28.493,,,,,1
2026-10-08T07:00Z,2026-10-08T10:00Z,a4t:bkp126t,3,39.9,28.7,28.6,20.1,22.7,24,28.7,22.7,,,0.004,0.094,286.829,1.898,0.29,,22.9,-0.339,17,281,29.285,75.131,1.402,306.555,,,,,1
2026-10-08T07:00Z,2026-10-08T13:00Z,a4t:bkp126t,6,53.6,39.5,31.1,22.1,22.8,24,39.5,22.8,,,0.006,0.055,49.175,1.561,0.443,,22.9,-0.339,20,281,26.286,90.371,0.779,61.875,,,,,1
2026-10-08T07:00Z,2026-10-08T19:00Z,a4t:bkp126t,12,48.4,36.9,40.2,29.2,24.1,24,36.9,24.1,,,0.005,0.031,91.024,2.971,0,,22.9,-0.339,2,281,25.287,95.696,1.243,310.051,,,,,1
2026-10-08T07:00Z,2026-10-09T07:00Z,a4t:bkp126t,24,23.2,18.7,40.4,30.6,24.7,24,18.7,24.7,,,0.013,0.023,1243.256,2.772,0.125,,22.9,-0.339,14,282,31.966,59.444,2.186,26.286,,,,,1
2026-10-08T07:00Z,2026-10-10T07:00Z,a4t:bkp126t,48,19.6,17.2,28.3,24,21.4,24,17.2,21.4,,,0,0.003,1057.144,2.702,0.356,,22.9,-0.339,14,283,31.273,63.499,2.086,50.755,,,,,1
2026-10-08T07:00Z,2026-10-08T08:00Z,a4t:bkp127t,1,33.4,25.4,28.4,21.5,23.5,24,25.4,23.5,,,0.002,0.118,1060.149,1.497,0.224,,23.6,-0.269,15,281,31.349,63.548,1.232,32.037,,,,,1
2026-10-08T07:00Z,2026-10-08T10:00Z,a4t:bkp127t,3,39.9,30.8,28.6,21.6,23.5,24,30.8,23.5,,,0.005,0.099,291.141,2.138,0.316,,23.6,-0.269,17,281,29.261,75.529,1.58,308.303,,,,,1
2026-10-08T07:00Z,2026-10-08T13:00Z,a4t:bkp127t,6,53.6,42.1,31.1,23.7,23.6,24,42.1,23.6,,,0.007,0.057,50.382,1.761,0.459,,23.6,-0.269,20,281,26.213,90.508,0.897,65.153,,,,,1
2026-10-08T07:00Z,2026-10-08T19:00Z,a4t:bkp127t,12,48.4,39.1,40.2,31.2,25.1,24,39.1,25.1,,,0.005,0.03,92.972,2.959,0,,23.6,-0.269,2,281,25.288,95.98,1.236,307.95,,,,,1
2026-10-08T07:00Z,2026-10-09T07:00Z,a4t:bkp127t,24,23.2,19.6,40.4,32.4,25.9,24,19.6,25.9,,,0.014,0.023,1273.919,2.794,0.105,,23.6,-0.269,14,282,32.079,58.787,2.202,28.29,,,,,1
2026-10-08T07:00Z,2026-10-10T07:00Z,a4t:bkp127t,48,19.6,17.7,28.3,24.8,22.5,24,17.7,22.5,,,0,0.003,1067.923,2.829,0.364,,23.6,-0.269,14,283,31.332,63.165,2.184,49.793,,,,,1
2026-10-08T07:00Z,2026-10-08T08:00Z,a4t:bkp129t,1,9.5,5.3,25.2,14.3,13.5,24,5.3,13.5,,,0.002,0.049,834.637,1.636,0.382,,13.5,-0.536,15,281,30.944,66.907,1.272,5.815,,,,,1
2026-10-08T07:00Z,2026-10-08T10:00Z,a4t:bkp129t,3,10.3,5.9,25,14.3,13.5,24,5.9,13.5,,,0.005,0.047,260.369,1.96,0.11,,13.5,-0.536,17,281,29.971,71.899,1.498,286.386,,,,,1
2026-10-08T07:00Z,2026-10-08T13:00Z,a4t:bkp129t,6,27.2,16.8,26,15,13.6,24,16.8,13.6,,,0.014,0.039,41.385,1.19,0.918,,13.5,-0.536,20,281,26.583,91.529,0.943,91.72,,,,,1
2026-10-08T07:00Z,2026-10-08T19:00Z,a4t:bkp129t,12,32.4,21.2,26.4,15.8,13.8,24,21.2,13.8,,,0.02,0.044,63.763,2.339,0,,13.5,-0.536,2,281,25.117,97.013,1.027,307.494,,,,,1
2026-10-08T07:00Z,2026-10-09T07:00Z,a4t:bkp129t,24,11.6,8.2,22.5,14.6,13.3,24,8.2,13.3,,,0.027,0.047,1216.362,2.15,0.14,,13.5,-0.536,14,282,31.946,59.705,1.71,19.294,,,,,1
2026-10-08T07:00Z,2026-10-10T07:00Z,a4t:bkp129t,48,6.6,5.3,22.9,17.7,13.3,24,5.3,13.3,,,0,0.004,1145.733,2.255,0.284,,13.5,-0.536,14,283,31.647,61.19,1.711,66.465,,,,,1
2026-10-08T07:00Z,2026-10-08T08:00Z,a4t:bkp130t,1,9.5,7.7,25.2,20.5,19.1,24,7.7,19.1,,,0.008,0.096,974.638,1.58,0.253,,19.1,-0.198,15,281,31.257,64.832,1.279,19.878,,,,,1
2026-10-08T07:00Z,2026-10-08T10:00Z,a4t:bkp130t,3,10.3,8.4,25,20.4,19.2,24,8.4,19.2,,,0.016,0.088,277.677,2.259,0.223,,19.1,-0.198,17,281,29.661,73.813,1.704,298.779,,,,,1
2026-10-08T07:00Z,2026-10-08T13:00Z,a4t:bkp130t,6,27.2,22.8,26,21.3,19.3,24,22.8,19.3,,,0.023,0.064,46.365,1.634,0.754,,19.1,-0.198,20,281,26.351,91.284,1.063,80.216,,,,,1
2026-10-08T07:00Z,2026-10-08T19:00Z,a4t:bkp130t,12,32.4,27.7,26.4,21.9,19.6,24,27.7,19.6,,,0.015,0.047,77.617,2.577,0,,19.1,-0.198,2,281,25.185,96.934,1.088,304.873,,,,,1
2026-10-08T07:00Z,2026-10-09T07:00Z,a4t:bkp130t,24,11.6,10.2,22.5,19.2,18.8,24,10.2,18.8,,,0.029,0.047,1275.172,2.42,0.102,,19.1,-0.198,14,282,32.13,58.571,1.908,26.158,,,,,1
2026-10-08T07:00Z,2026-10-10T07:00Z,a4t:bkp130t,48,6.6,6.1,22.9,20.8,18.9,24,6.1,18.9,,,0,0.004,1127.439,2.596,0.326,,19.1,-0.198,14,283,31.591,61.584,1.988,57.229,,,,,1
2026-10-08T07:00Z,2026-10-08T08:00Z,a4t:bkp131t,1,33.4,28.3,28.4,23.8,30.6,24,28.3,30.6,,,0.002,0.097,948.96,1.432,0.381,,30.8,-0.168,15,281,31.041,65.543,1.141,17.062,,,,,1
2026-10-08T07:00Z,2026-10-08T10:00Z,a4t:bkp131t,3,39.9,34,28.6,24,30.4,24,34,30.4,,,0.004,0.085,281.402,1.853,0.247,,30.8,-0.168,17,281,29.392,74.616,1.385,300.057,,,,,1
2026-10-08T07:00Z,2026-10-08T13:00Z,a4t:bkp131t,6,53.6,46.2,31.1,26.3,30.3,24,46.2,30.3,,,0.007,0.053,46.489,1.396,0.525,,30.8,-0.168,20,281,26.383,90.586,0.794,63.794,,,,,1
2026-10-08T07:00Z,2026-10-08T19:00Z,a4t:bkp131t,12,48.4,42.5,40.2,34.4,31.5,24,42.5,31.5,,,0.007,0.034,82.225,2.795,0,,30.8,-0.168,2,281,25.259,95.783,1.155,311.179,,,,,1
2026-10-08T07:00Z,2026-10-09T07:00Z,a4t:bkp131t,24,23.2,20.9,40.4,35.3,31.8,24,20.9,31.8,,,0.018,0.032,1226.717,2.632,0.147,,30.8,-0.168,14,282,31.904,59.708,2.073,22.885,,,,,1
2026-10-08T07:00Z,2026-10-10T07:00Z,a4t:bkp131t,48,19.6,18.4,28.3,26.1,27.3,24,18.4,27.3,,,0,0.004,1071.518,2.533,0.349,,30.8,-0.168,14,283,31.312,63.153,1.942,53.133,,,,,1
2026-10-08T07:00Z,2026-10-08T08:00Z,a4t:bkp133t,1,33.4,23.4,28.4,19.5,22.1,24,23.4,22.1,,,0.004,0.108,997.549,1.491,0.293,,22.2,-0.36,15,281,31.215,64.681,1.207,22.522,,,,,1
2026-10-08T07:00Z,2026-10-08T10:00Z,a4t:bkp133t,3,39.9,28.4,28.6,19.7,22,24,28.4,22,,,0.008,0.094,284.541,2.112,0.268,,22.2,-0.36,17,281,29.417,74.802,1.579,302.567,,,,,1
2026-10-08T07:00Z,2026-10-08T13:00Z,a4t:bkp133t,6,53.6,39,31.1,21.7,22.1,24,39,22.1,,,0.011,0.059,47.803,1.613,0.573,,22.2,-0.36,20,281,26.307,90.8,0.934,69.531,,,,,1
2026-10-08T07:00Z,2026-10-08T19:00Z,a4t:bkp133t,12,48.4,36.6,40.2,28.8,23.4,24,36.6,23.4,,,0.008,0.036,84.183,2.768,0,,22.2,-0.36,2,281,25.248,96.227,1.149,308.055,,,,,1
2026-10-08T07:00Z,2026-10-09T07:00Z,a4t:bkp133t,24,23.2,18.5,40.4,30.3,24,24,18.5,24,,,0.021,0.036,1262.119,2.621,0.118,,22.2,-0.36,14,282,32.045,58.944,2.063,25.753,,,,,1
2026-10-08T07:00Z,2026-10-10T07:00Z,a4t:bkp133t,48,19.6,17.1,28.3,23.8,20.8,24,17.1,20.8,,,0,0.004,1089.075,2.663,0.351,,22.2,-0.36,14,283,31.41,62.628,2.045,52.814,,,,,1
2026-10-08T07:00Z,2026-10-08T08:00Z,a4t:bkp73t,1,19.2,19.7,29.9,30.7,33.9,24,19.7,33.9,,,0.007,0.102,984.012,1.547,0.272,,34,0.025,15,281,31.24,64.812,1.251,20.414,,,,,1
2026-10-08T07:00Z,2026-10-08T10:00Z,a4t:bkp73t,3,21.8,22.3,29.4,30.2,33.8,24,22.3,33.8,,,0.013,0.091,280.735,2.227,0.242,,34,0.025,17,281,29.563,74.247,1.675,300.125,,,,,1
2026-10-08T07:00Z,2026-10-08T13:00Z,a4t:bkp73t,6,51.1,52.2,30,30.7,33.6,24,52.2,33.6,,,0.019,0.062,46.887,1.636,0.687,,34,0.025,20,281,26.331,91.12,1.027,76.24,,,,,1
2026-10-08T07:00Z,2026-10-08T19:00Z,a4t:bkp73t,12,31.5,32.1,31.2,31.9,33.6,24,32.1,33.6,,,0.012,0.042,79.813,2.638,0,,34,0.025,2,281,25.209,96.683,1.103,306.031,,,,,1
2026-10-08T07:00Z,2026-10-09T07:00Z,a4t:bkp73t,24,17.3,17.6,29.7,30.3,32.9,24,17.6,32.9,,,0.027,0.044,1272.582,2.494,0.108,,34,0.025,14,282,32.105,58.657,1.965,25.942,,,,,1
2026-10-08T07:00Z,2026-10-10T07:00Z,a4t:bkp73t,48,16.9,17.1,32.6,33,33.7,24,17.1,33.7,,,0,0.004,1114.115,2.625,0.337,,34,0.025,14,283,31.527,61.945,2.01,55.376,,,,,1
2026-10-08T07:00Z,2026-10-08T08:00Z,a4t:bkp75t,1,9.5,10,25.2,26.4,24.1,24,10,24.1,,,0.009,0.089,959.514,1.598,0.249,,24,0.044,15,281,31.246,64.961,1.292,18.873,,,,,1
2026-10-08T07:00Z,2026-10-08T10:00Z,a4t:bkp75t,3,10.3,10.8,25,26.2,24.1,24,10.8,24.1,,,0.017,0.083,274.511,2.24,0.203,,24,0.044,17,281,29.74,73.403,1.693,297.306,,,,,1
2026-10-08T07:00Z,2026-10-08T13:00Z,a4t:bkp75t,6,27.2,28.3,26,27.2,24.4,24,28.3,24.4,,,0.026,0.064,45.748,1.597,0.802,,24,0.044,20,281,26.379,91.382,1.067,83.1,,,,,1
2026-10-08T07:00Z,2026-10-08T19:00Z,a4t:bkp75t,12,32.4,33.6,26.4,27.6,24.8,24,33.6,24.8,,,0.017,0.05,75.614,2.533,0,,24,0.044,2,281,25.167,97.072,1.078,304.417,,,,,1
2026-10-08T07:00Z,2026-10-09T07:00Z,a4t:bkp75t,24,11.6,11.9,22.5,23.3,23.9,24,11.9,23.9,,,0.029,0.049,1271.304,2.359,0.101,,24,0.044,14,282,32.129,58.63,1.863,25.903,,,,,1
2026-10-08T07:00Z,2026-10-10T07:00Z,a4t:bkp75t,48,6.6,6.7,22.9,23.4,24,24,6.7,24,,,0,0.004,1135.507,2.554,0.315,,24,0.044,14,283,31.629,61.373,1.955,58.95,,,,,1
2026-10-08T07:00Z,2026-10-08T08:00Z,a4t:bkp76t,1,17.8,16.9,26.7,25.3,20.8,24,16.9,20.8,,,0.003,0.084,915.543,1.512,0.387,,20.7,-0.052,15,281,31.021,66.087,1.193,11.608,,,,,1
2026-10-08T07:00Z,2026-10-08T10:00Z,a4t:bkp76t,3,20.3,19.3,26.8,25.4,21,24,19.3,21,,,0.007,0.075,275.941,1.996,0.207,,20.7,-0.052,17,281,29.582,73.89,1.508,295.447,,,,,1
2026-10-08T07:00Z,2026-10-08T13:00Z,a4t:bkp76t,6,39.8,38,29.1,27.6,21.5,24,38,21.5,,,0.012,0.052,44.709,1.373,0.677,,20.7,-0.052,20,281,26.435,91.016,0.911,73.511,,,,,1
2026-10-08T07:00Z,2026-10-08T19:00Z,a4t:bkp76t,12,44,42.2,34.6,32.9,23.4,24,42.2,23.4,,,0.012,0.04,74.718,2.588,0,,20.7,-0.052,2,281,25.208,96.329,1.079,309.349,,,,,1
2026-10-08T07:00Z,2026-10-09T07:00Z,a4t:bkp76t,24,14.3,13.8,31.9,30.6,23.7,24,13.8,23.7,,,0.025,0.045,1235.43,2.451,0.142,,20.7,-0.052,14,282,31.958,59.423,1.933,21.838,,,,,1
2026-10-08T07:00Z,2026-10-10T07:00Z,a4t:bkp76t,48,8.5,8.3,19.7,19.2,19.7,24,8.3,19.7,,,0,0.004,1104.326,2.451,0.333,,20.7,-0.052,14,283,31.457,62.27,1.868,56.834,,,,,1
2026-10-08T07:00Z,2026-10-08T08:00Z,a4t:bkp94t,1,33.4,30.4,28.4,25.7,30.4,24,30.4,30.4,,,0.002,0.09,925.373,1.461,0.406,,30.5,-0.095,15,281,30.996,66.006,1.153,12.849,,,,,1
2026-10-08T07:00Z,2026-10-08T10:00Z,a4t:bkp94t,3,39.9,36.4,28.6,25.9,30.2,24,36.4,30.2,,,0.005,0.08,278.976,1.896,0.228,,30.5,-0.095,17,281,29.463,74.338,1.426,297.313,,,,,1
2026-10-08T07:00Z,2026-10-08T13:00Z,a4t:bkp94t,6,53.6,49.2,31.1,28.3,30.2,24,49.2,30.2,,,0.009,0.052,45.41,1.359,0.585,,30.5,-0.095,20,281,26.417,90.758,0.835,66.981,,,,,1
2026-10-08T07:00Z,2026-10-08T19:00Z,a4t:bkp94t,12,48.4,44.9,40.2,36.8,31.8,24,44.9,31.8,,,0.009,0.036,78.134,2.696,0,,30.5,-0.095,2,281,25.239,95.956,1.113,310.946,,,,,1
2026-10-08T07:00Z,2026-10-09T07:00Z,a4t:bkp94t,24,23.2,21.9,40.4,37.4,32.5,24,21.9,32.5,,,0.021,0.038,1226.559,2.553,0.151,,30.5,-0.095,14,282,31.908,59.663,2.012,21.773,,,,,1
2026-10-08T07:00Z,2026-10-10T07:00Z,a4t:bkp94t,48,19.6,18.9,28.3,27,28.1,24,18.9,28.1,,,0,0.004,1084.039,2.476,0.344,,30.5,-0.095,14,283,31.362,62.824,1.892,54.602,,,,,1
2026-10-08T07:00Z,2026-10-08T08:00Z,a4t:bkp96t,1,9.5,9.2,25.2,24.3,22.9,24,9.2,22.9,,,0.005,0.094,951.817,1.525,0.324,,22.9,-0.033,15,281,31.137,65.393,1.22,16.528,,,,,1
2026-10-08T07:00Z,2026-10-08T10:00Z,a4t:bkp96t,3,10.3,10,25,24.2,23,24,10,23,,,0.01,0.084,278.349,2.106,0.225,,22.9,-0.033,17,281,29.572,74.062,1.587,298.087,,,,,1
2026-10-08T07:00Z,2026-10-08T13:00Z,a4t:bkp96t,6,27.2,26.4,26,25.2,23.1,24,26.4,23.1,,,0.015,0.057,45.885,1.506,0.68,,22.9,-0.033,20,281,26.38,91.061,0.967,74.988,,,,,1
2026-10-08T07:00Z,2026-10-08T19:00Z,a4t:bkp96t,12,32.4,31.5,26.4,25.6,23.5,24,31.5,23.5,,,0.012,0.041,77.585,2.619,0,,22.9,-0.033,2,281,25.209,96.506,1.094,307.627,,,,,1
2026-10-08T07:00Z,2026-10-09T07:00Z,a4t:bkp96t,24,11.6,11.3,22.5,21.9,22.5,24,11.3,22.5,,,0.026,0.045,1254.16,2.475,0.124,,22.9,-0.033,14,282,32.033,59.04,1.95,24.059,,,,,1
2026-10-08T07:00Z,2026-10-10T07:00Z,a4t:bkp96t,48,6.6,6.5,22.9,22.5,22.5,24,6.5,22.5,,,0,0.004,1108.806,2.541,0.335,,22.9,-0.033,14,283,31.491,62.118,1.943,56.07,,,,,1
2026-10-08T07:00Z,2026-10-08T08:00Z,a4t:bkp97t,1,19.2,16,29.9,24.9,28,24,16,28,,,0.01,0.105,1001.67,1.584,0.227,,28.1,-0.178,15,281,31.32,64.436,1.291,22.523,,,,,1
2026-10-08T07:00Z,2026-10-08T10:00Z,a4t:bkp97t,3,21.8,18.3,29.4,24.5,27.9,24,18.3,27.9,,,0.018,0.095,280.956,2.341,0.244,,28.1,-0.178,17,281,29.607,74.168,1.761,300.683,,,,,1
2026-10-08T07:00Z,2026-10-08T13:00Z,a4t:bkp97t,6,51.1,43.5,30,25,27.7,24,43.5,27.7,,,0.024,0.068,47.289,1.734,0.729,,28.1,-0.178,20,281,26.305,91.259,1.095,79.05,,,,,1
2026-10-08T07:00Z,2026-10-08T19:00Z,a4t:bkp97t,12,31.5,27.3,31.2,26.4,27.6,24,27.3,27.6,,,0.014,0.046,80.028,2.615,0,,28.1,-0.178,2,281,25.196,96.951,1.098,304.247,,,,,1
2026-10-08T07:00Z,2026-10-09T07:00Z,a4t:bkp97t,24,17.3,15.4,29.7,25.6,27,24,15.4,27,,,0.028,0.045,1287.959,2.468,0.093,,28.1,-0.178,14,282,32.172,58.317,1.945,27.344,,,,,1
2026-10-08T07:00Z,2026-10-10T07:00Z,a4t:bkp97t,48,16.9,15.8,32.6,29.9,27.6,24,15.8,27.6,,,0,0.004,1125.642,2.669,0.333,,28.1,-0.178,14,283,31.588,61.612,2.046,55.823,,,,,1
2026-10-08T07:00Z,2026-10-08T08:00Z,225576,1,7.9,7.9,11.2,11.2,10.9,24,7.9,10.9,,,0,0.076,613.403,2.526,0.856,,10.9,-0.004,15,281,29.318,74.231,2.179,308.977,,,,,1
2026-10-08T07:00Z,2026-10-08T10:00Z,225576,3,9.1,9.1,10.9,10.9,10.9,24,9.1,10.9,,,0,0.038,289.864,1.787,0.132,,10.9,-0.004,17,281,28.807,76.19,1.547,298.113,,,,,1
2026-10-08T07:00Z,2026-10-08T13:00Z,225576,6,18.6,18.5,11.5,11.5,11,24,18.5,11,,,0,0.055,201.854,1.166,0,,10.9,-0.004,20,281,27.354,85.164,0.776,347.401,,,,,1
2026-10-08T07:00Z,2026-10-08T19:00Z,225576,12,27.5,27.4,15.5,15.5,11.9,24,27.4,11.9,,,0,0.379,212.127,2.439,0.048,,10.9,-0.004,2,281,26.318,85.262,1.536,349.705,,,,,1
2026-10-08T07:00Z,2026-10-09T07:00Z,225576,24,8.9,8.9,16.5,16.4,12.7,24,8.9,12.7,,,0.002,0.008,990.556,3.662,0.262,,10.9,-0.004,14,282,30.425,64.84,3.028,358.369,,,,,1
2026-10-08T07:00Z,2026-10-10T07:00Z,225576,48,4,4,8.3,8.3,9.6,24,4,9.6,,,0,0.006,818.91,0.896,0.305,,10.9,-0.004,14,283,29.862,69.3,0.657,30.548,,,,,1
2026-10-08T07:00Z,2026-10-08T08:00Z,225603,1,7.9,9.1,11.2,13.4,14.5,24,9.1,14.5,,,0,0.046,542.476,2.73,1.217,,,0.24,15,281,29.051,76.976,2.295,305.465,,,,,1
2026-10-08T07:00Z,2026-10-08T10:00Z,225603,3,9.1,10.4,10.9,13,14.2,24,10.4,14.2,,,0,0.01,313.334,1.969,0.191,,,0.24,17,281,28.581,78.087,1.64,291.615,,,,,1
2026-10-08T07:00Z,2026-10-08T13:00Z,225603,6,18.6,21,11.5,13.5,14.9,24,21,14.9,,,0,0.007,155.049,1.539,0,,,0.24,20,281,27.309,86.199,0.807,355.623,,,,,1
2026-10-08T07:00Z,2026-10-08T19:00Z,225603,12,27.5,30.6,15.5,17.7,20,24,30.6,20,,,0,0.25,171.778,2.567,0.046,,,0.24,2,281,26.221,86.849,1.473,349.527,,,,,1
2026-10-08T07:00Z,2026-10-09T07:00Z,225603,24,8.9,9.7,16.5,18.4,21.2,24,9.7,21.2,,,0.003,0.01,1022.625,3.595,0.338,,,0.24,14,282,30.557,64.248,2.986,354.894,,,,,1
2026-10-08T07:00Z,2026-10-10T07:00Z,225603,48,4,4.2,8.3,8.9,10.8,24,4.2,10.8,,,0,0.006,870.38,1.509,0.401,,,0.24,14,283,30.032,68.206,1.181,27.595,,,,,1
2026-10-08T07:00Z,2026-10-08T08:00Z,228541,1,10.7,10.7,6.5,6.5,6.5,24,10.7,6.5,,,0,0.006,1123.721,0.484,0.088,,,0,15,281,29.908,57.971,0.294,102.798,,,,,1
2026-10-08T07:00Z,2026-10-08T10:00Z,228541,3,10.6,10.6,6.9,6.9,6.9,24,10.6,6.9,,,0,0.006,138.897,1.251,0,,,0,17,281,28.807,66.683,0.777,102.881,,,,,1
2026-10-08T07:00Z,2026-10-08T13:00Z,228541,6,13.8,13.8,7.9,7.9,7.9,24,13.8,7.9,,,0,0.004,95.467,4.328,0,,,0,20,281,25.014,82.351,1.585,110.343,,,,,1
2026-10-08T07:00Z,2026-10-08T19:00Z,228541,12,16.6,16.6,10.9,10.9,10.9,24,16.6,10.9,,,0,0.003,11.263,0.509,0,,,0,2,281,22.606,89.068,0.12,118.174,,,,,1
2026-10-08T07:00Z,2026-10-09T07:00Z,228541,24,12.1,12.1,14.4,14.4,14.4,24,12.1,14.4,,,0,0.019,1237.609,1.458,0.187,,,0,14,282,30.504,57.727,1.064,11.891,,,,,1
2026-10-08T07:00Z,2026-10-10T07:00Z,228541,48,5.3,5.3,13.2,13.2,13.2,24,5.3,13.2,,,0,0.003,914.601,2.268,0.218,,,0,14,283,28.049,73.918,1.702,64.304,,,,,1
2026-10-08T07:00Z,2026-10-08T08:00Z,354124,1,14.8,14.8,11.6,11.6,11.6,24,14.8,11.6,,,0,0.002,574.638,2.077,0.055,,,0,15,281,29.487,70.376,1.872,60.873,,,,,1
2026-10-08T07:00Z,2026-10-08T10:00Z,354124,3,15.4,15.4,11.7,11.7,11.7,24,15.4,11.7,,,0,0.003,223.737,2.355,0.03,,,0,17,281,29.002,72.819,2.172,84.705,,,,,1
2026-10-08T07:00Z,2026-10-08T13:00Z,354124,6,16.4,16.4,12.4,12.4,12.4,24,16.4,12.4,,,0,0.005,161.411,0.84,0,,,0,20,281,27.718,80.658,0.231,349.727,,,,,1
2026-10-08T07:00Z,2026-10-08T19:00Z,354124,12,10.9,10.9,13.2,13.2,13.2,24,10.9,13.2,,,0,0.009,157.183,4.093,0,,,0,2,281,25.967,91.519,2.577,325.34,,,,,1
2026-10-08T07:00Z,2026-10-09T07:00Z,354124,24,17.6,17.6,12.7,12.7,12.7,24,17.6,12.7,,,0,0.007,707.921,4.278,0.135,,,0,14,282,29.859,72.896,3.804,30.383,,,,,1
2026-10-08T07:00Z,2026-10-10T07:00Z,354124,48,12.4,12.4,12.5,12.5,12.5,24,12.4,12.5,,,0.002,0.004,765.994,2.994,0.074,,,0,14,283,29.698,71.225,2.72,53.149,,,,,1
2026-10-08T07:00Z,2026-10-08T08:00Z,7880,1,20.6,20.6,,,,h,20.6,,20.6,,0,0.001,970.942,1.915,0.164,,,0,15,281,28.567,66.277,1.395,280.969,,,,,1
2026-10-08T07:00Z,2026-10-08T10:00Z,7880,3,23.7,23.7,,,,h,23.7,,23.7,,0,0.001,367.409,1.577,0.301,,,0,17,281,25.525,82.475,1.136,243.701,,,,,1
2026-10-08T07:00Z,2026-10-08T13:00Z,7880,6,28.7,28.7,,,,h,28.7,,28.7,,0,0.001,56.351,1.4,0.124,,,0,20,281,22.166,97.626,1.079,139.133,,,,,1
2026-10-08T07:00Z,2026-10-08T19:00Z,7880,12,29.7,29.7,,,,h,29.7,,29.8,,0,0.002,22.791,0.821,0,,,0,2,281,21.142,97.905,0.412,157.474,,,,,1
2026-10-08T07:00Z,2026-10-09T07:00Z,7880,24,25.5,25.5,,,,h,25.5,,25.6,,0,0.002,1225.866,1.515,0.292,,,0,14,282,28.665,66.383,1.126,264.843,,,,,1
2026-10-08T07:00Z,2026-10-10T07:00Z,7880,48,18.9,18.9,,,,h,18.9,,18.9,,0,0,1321.409,1.685,0,,,0,14,283,30.001,60.729,1.337,293.405,,,,,1
2026-10-08T07:00Z,2026-10-08T08:00Z,2161292,1,38,38,,,,h,38,,37.9,,0,0.08,1222.975,1.536,0,,,0,15,281,29.017,48.151,1.174,69.202,,,,,1
2026-10-08T07:00Z,2026-10-08T10:00Z,2161292,3,53.7,53.7,,,,h,53.7,,53.6,,0,0.073,67.746,0.587,0,,,0,17,281,27.635,65.986,0.155,111.583,,,,,1
2026-10-08T07:00Z,2026-10-08T13:00Z,2161292,6,146.7,146.7,,,,h,146.5,,146.5,,-0.212,0.791,51.783,2.594,0,,,0,20,281,23.945,76.207,1.128,139.043,,,,,1
2026-10-08T07:00Z,2026-10-08T19:00Z,2161292,12,164.8,164.8,,,,h,164.8,,165.2,,-0.045,0.376,59.63,3.404,0,,,0,2,281,21.85,91.212,1.389,337.552,,,,,1
2026-10-08T07:00Z,2026-10-09T07:00Z,2161292,24,33.6,33.6,,,,h,33.6,,33.7,,0,0.02,928.525,2.335,0,,,0,14,282,28.567,58.448,1.744,50.932,,,,,1
2026-10-08T07:00Z,2026-10-10T07:00Z,2161292,48,47,47,,,,h,47,,47,,0,0.001,535.988,3.888,0.193,,,0,14,283,25.785,77.258,2.879,336.95,,,,,1
2026-10-08T07:00Z,2026-10-08T08:00Z,2161306,1,38,38,,,,h,38,,37.9,,0,0.065,1189.82,1.604,0,,,0,15,281,28.809,48.112,1.224,69.776,,,,,1
2026-10-08T07:00Z,2026-10-08T10:00Z,2161306,3,53.7,53.7,,,,h,53.7,,53.6,,0,0.07,79.11,0.73,0,,,0,17,281,27.333,66.535,0.22,93.599,,,,,1
2026-10-08T07:00Z,2026-10-08T13:00Z,2161306,6,146.7,146.7,,,,h,146.2,,146.2,,-0.455,1.605,49.29,2.31,0,,,0,20,281,23.698,76.556,0.992,137.921,,,,,1
2026-10-08T07:00Z,2026-10-08T19:00Z,2161306,12,164.8,164.8,,,,h,164.7,,165.1,,-0.059,0.418,55.89,3.205,0,,,0,2,281,21.58,91.194,1.296,338.705,,,,,1
2026-10-08T07:00Z,2026-10-09T07:00Z,2161306,24,33.6,33.6,,,,h,33.6,,33.7,,0,0.018,971.85,2.392,0,,,0,14,282,28.489,58.28,1.781,51.186,,,,,1
2026-10-08T07:00Z,2026-10-10T07:00Z,2161306,48,47,47,,,,h,47,,47,,0,0.001,509.04,3.607,0.278,,,0,14,283,25.427,79.277,2.637,338.167,,,,,1
2026-10-08T07:00Z,2026-10-08T08:00Z,1235990,1,19.2,19.2,,,,h,19.2,,19.2,,0.007,0.104,992.28,1.554,0.258,,,0,15,281,31.267,64.665,1.261,21.34,,,,,0
2026-10-08T07:00Z,2026-10-08T10:00Z,1235990,3,21.8,21.8,,,,h,21.8,,21.8,,0.014,0.093,281.339,2.263,0.246,,,0,17,281,29.563,74.292,1.701,300.583,,,,,0
2026-10-08T07:00Z,2026-10-08T13:00Z,1235990,6,51.1,51.1,,,,h,51.1,,51.1,,0.02,0.064,47.132,1.672,0.691,,,0,20,281,26.318,91.142,1.046,76.64,,,,,0
2026-10-08T07:00Z,2026-10-08T19:00Z,1235990,12,31.5,31.5,,,,h,31.5,,31.6,,0.012,0.042,80.3,2.64,0,,,0,2,281,25.208,96.738,1.105,305.574,,,,,0
2026-10-08T07:00Z,2026-10-09T07:00Z,1235990,24,17.3,17.3,,,,h,17.3,,17.3,,0.027,0.044,1277.775,2.498,0.104,,,0,14,282,32.125,58.547,1.967,26.427,,,,,0
2026-10-08T07:00Z,2026-10-10T07:00Z,1235990,48,16.9,16.9,,,,h,16.9,,16.9,,0,0.004,1116.009,2.647,0.338,,,0,14,283,31.538,61.886,2.028,55.23,,,,,0
2026-10-08T07:00Z,2026-10-08T08:00Z,1235999,1,10.5,10.5,,,,h,10.5,,10.5,,0,0.01,950.385,0.648,0.01,,,0,15,281,30.589,57.057,0.542,175.384,,,,,0
2026-10-08T07:00Z,2026-10-08T10:00Z,1235999,3,11.2,11.2,,,,h,11.2,,11.2,,0,0.01,112.897,1.993,0.085,,,0,17,281,28.236,72.167,1.227,138.522,,,,,0
2026-10-08T07:00Z,2026-10-08T13:00Z,1235999,6,35,35,,,,h,35,,35,,0,0.01,46.344,0.667,0,,,0,20,281,25.485,87.949,0.343,198.702,,,,,0
2026-10-08T07:00Z,2026-10-08T19:00Z,1235999,12,43.3,43.3,,,,h,43.3,,43.4,,0,0.008,54.503,0.798,0,,,0,2,281,23.64,90.411,0.44,339.189,,,,,0
2026-10-08T07:00Z,2026-10-09T07:00Z,1235999,24,12.9,12.9,,,,h,12.9,,12.9,,0,0.008,1254.511,0.577,0,,,0,14,282,31.254,58.497,0.493,113.718,,,,,0
2026-10-08T07:00Z,2026-10-10T07:00Z,1235999,48,13.7,13.7,,,,h,13.7,,13.7,,0,0.004,957.305,0.995,0.081,,,0,14,283,30.574,61.173,0.768,138.504,,,,,0
2026-10-08T07:00Z,2026-10-08T08:00Z,1236013,1,16.3,60.9,13,51.9,61.3,h,60.9,61.3,60.8,61.3,0,0.008,1112.468,0.79,0.011,47.2,61.3,1.33,15,281,31.049,58.156,0.618,55.88,,,,,0
2026-10-08T07:00Z,2026-10-08T10:00Z,1236013,3,16.2,57.5,13.8,54.4,61.4,h,57.5,61.4,57.4,61.4,0,0.007,73.833,0.417,0.085,47.2,61.3,1.33,17,281,30.226,61.456,0.315,348.871,,,,,0
2026-10-08T07:00Z,2026-10-08T13:00Z,1236013,6,20.5,66.8,15,57.2,61.4,h,66.8,61.4,66.8,61.4,0,0.006,28.121,0.362,0,47.2,61.3,1.33,20,281,26.348,86.358,0.405,195.736,,,,,0
2026-10-08T07:00Z,2026-10-08T19:00Z,1236013,12,31.2,87.8,18.1,63.1,62.5,h,87.8,62.5,88,62.5,0,0.005,40.82,1.556,0,47.2,61.3,1.33,2,281,23.889,96.218,0.915,20.354,,,,,0
2026-10-08T07:00Z,2026-10-09T07:00Z,1236013,24,8.8,20.6,19.9,57.7,60.4,h,20.6,60.4,20.6,60.4,0,0.007,1111.87,1.345,0.082,47.2,61.3,1.33,14,282,31.239,58.627,1.044,47.951,,,,,0
2026-10-08T07:00Z,2026-10-10T07:00Z,1236013,48,12.8,21.3,9.6,18.7,46.4,h,21.3,46.4,21.3,46.4,0,0.004,295.145,4.203,2.525,47.2,61.3,1.33,14,283,27.194,85.533,3.138,52.076,,,,,0
2026-10-08T07:00Z,2026-10-08T08:00Z,1236024,1,10.5,7.5,24.1,17.4,10.3,h,7.5,10.3,7.5,10.3,0,0.011,1045.858,0.698,0.004,6.3,10.3,-0.314,15,281,30.477,56.963,0.574,172.665,,,,,0
2026-10-08T07:00Z,2026-10-08T10:00Z,1236024,3,11.2,8.1,24.5,17.6,10.4,h,8.1,10.4,8.1,10.4,0,0.011,61.43,0.969,0.087,6.3,10.3,-0.314,17,281,28.479,70.171,0.517,155.418,,,,,0
2026-10-08T07:00Z,2026-10-08T13:00Z,1236024,6,35,26.5,24.8,18,10.6,h,26.5,10.6,26.5,10.6,0,0.011,40.669,1.141,0,6.3,10.3,-0.314,20,281,25.055,89.939,0.478,167.026,,,,,0
2026-10-08T07:00Z,2026-10-08T19:00Z,1236024,12,43.3,33.9,25.5,19,12.2,h,33.9,12.2,34,12.2,0,0.009,52.638,1.032,0,6.3,10.3,-0.314,2,281,23.167,92.077,0.47,332.056,,,,,0
2026-10-08T07:00Z,2026-10-09T07:00Z,1236024,24,12.9,10.5,28,21.8,13.3,h,10.5,13.3,10.5,13.3,0,0.009,1228.126,0.104,0,6.3,10.3,-0.314,14,282,30.963,58.216,0.18,264.451,,,,,0
2026-10-08T07:00Z,2026-10-10T07:00Z,1236024,48,13.7,12.1,27,23.1,14.8,h,12.1,14.8,12.1,14.8,0,0.004,1341.057,1.012,0.092,6.3,10.3,-0.314,14,283,30.772,57.395,0.711,97.216,,,,,0
2026-10-08T07:00Z,2026-10-08T08:00Z,1236034,1,19.2,19.2,,,,h,19.2,,19.2,,0.006,0.112,1016.284,1.532,0.252,,,0,15,281,31.296,64.354,1.248,24.034,,,,,0
2026-10-08T07:00Z,2026-10-08T10:00Z,1236034,3,21.8,21.8,,,,h,21.8,,21.8,,0.012,0.098,285.355,2.266,0.272,,,0,17,281,29.457,74.798,1.696,302.91,,,,,0
2026-10-08T07:00Z,2026-10-08T13:00Z,1236034,6,51.1,51.1,,,,h,51.1,,51.1,,0.015,0.063,48.165,1.726,0.62,,,0,20,281,26.277,90.975,1.023,73.003,,,,,0
2026-10-08T07:00Z,2026-10-08T19:00Z,1236034,12,31.5,31.5,,,,h,31.5,,31.6,,0.01,0.038,83.915,2.724,0,,,0,2,281,25.234,96.531,1.133,306.171,,,,,0
2026-10-08T07:00Z,2026-10-09T07:00Z,1236034,24,17.3,17.3,,,,h,17.3,,17.3,,0.024,0.039,1281.291,2.59,0.103,,,0,14,282,32.124,58.515,2.038,27.038,,,,,0
2026-10-08T07:00Z,2026-10-10T07:00Z,1236034,48,16.9,16.9,,,,h,16.9,,16.9,,0,0.004,1102.938,2.715,0.349,,,0,14,283,31.48,62.229,2.084,53.139,,,,,0
2026-10-08T07:00Z,2026-10-08T08:00Z,1236050,1,10.5,10.5,,,,h,10.5,,10.5,,0,0.01,1106.893,0.72,0.005,,,0,15,281,29.733,57.942,0.58,145.51,,,,,0
2026-10-08T07:00Z,2026-10-08T10:00Z,1236050,3,11.2,11.2,,,,h,11.2,,11.2,,0,0.011,44.088,0.583,0.169,,,0,17,281,27.522,72.883,0.346,187.3,,,,,0
2026-10-08T07:00Z,2026-10-08T13:00Z,1236050,6,35,35,,,,h,35,,35,,0,0.011,35.235,1.013,0,,,0,20,281,24.09,92.005,0.346,169.288,,,,,0
2026-10-08T07:00Z,2026-10-08T19:00Z,1236050,12,43.3,43.3,,,,h,43.3,,43.4,,0,0.009,44.642,0.863,0,,,0,2,281,22.399,92.208,0.467,322.858,,,,,0
2026-10-08T07:00Z,2026-10-09T07:00Z,1236050,24,12.9,12.9,,,,h,12.9,,12.9,,0,0.009,1222.708,0.262,0,,,0,14,282,30.235,58.253,0.109,54.307,,,,,0
2026-10-08T07:00Z,2026-10-10T07:00Z,1236050,48,13.7,13.7,,,,h,13.7,,13.7,,0,0.004,1389.047,1.634,0.105,,,0,14,283,29.982,57.786,1.12,78.142,,,,,0
2026-10-08T07:00Z,2026-10-08T08:00Z,1641558,1,10.5,7.3,24.1,16.9,8.2,h,7.3,8.2,7.3,8.2,0,0.01,1111.979,0.725,0.005,8.4,8.2,-0.338,15,281,29.715,57.928,0.583,144.316,,,,,0
2026-10-08T07:00Z,2026-10-08T10:00Z,1641558,3,11.2,7.9,24.5,17.2,8.2,h,7.9,8.2,7.9,8.2,0,0.011,42.234,0.566,0.17,8.4,8.2,-0.338,17,281,27.506,72.843,0.348,191.74,,,,,0
2026-10-08T07:00Z,2026-10-08T13:00Z,1641558,6,35,25.9,24.8,17.5,8.5,h,25.9,8.5,25.9,8.5,0,0.011,34.976,1.029,0,8.4,8.2,-0.338,20,281,24.053,92.098,0.349,168.789,,,,,0
2026-10-08T07:00Z,2026-10-08T19:00Z,1641558,12,43.3,33.2,25.5,18.6,10.2,h,33.2,10.2,33.3,10.2,0,0.009,44.382,0.863,0,8.4,8.2,-0.338,2,281,22.368,92.25,0.462,322.495,,,,,0
2026-10-08T07:00Z,2026-10-09T07:00Z,1641558,24,12.9,10.4,28,21.4,11.6,h,10.4,11.6,10.4,11.6,0,0.009,1221.035,0.261,0,8.4,8.2,-0.338,14,282,30.207,58.227,0.099,49.417,,,,,0
2026-10-08T07:00Z,2026-10-10T07:00Z,1641558,48,13.7,12,27,22.9,13.3,h,12,13.3,12,13.3,0,0.004,1404.953,1.678,0.105,8.4,8.2,-0.338,14,283,29.973,57.621,1.149,77.195,,,,,0
2026-10-08T07:00Z,2026-10-08T08:00Z,1646752,1,10.5,10.8,24.1,24.8,12.2,h,10.8,12.2,10.8,12.2,0,0.011,1034.407,0.705,0.004,14.2,12.2,0.03,15,281,30.611,56.748,0.58,176.592,,,,,0
2026-10-08T07:00Z,2026-10-08T10:00Z,1646752,3,11.2,11.5,24.5,25.2,12.3,h,11.5,12.3,11.5,12.3,0,0.011,65.622,1.072,0.071,14.2,12.2,0.03,17,281,28.639,69.681,0.583,152.132,,,,,0
2026-10-08T07:00Z,2026-10-08T13:00Z,1646752,6,35,35.9,24.8,25.5,12.6,h,35.9,12.6,35.9,12.6,0,0.011,41.78,1.154,0,14.2,12.2,0.03,20,281,25.229,89.519,0.499,167.119,,,,,0
2026-10-08T07:00Z,2026-10-08T19:00Z,1646752,12,43.3,44.3,25.5,26.3,14.7,h,44.3,14.7,44.4,14.7,0,0.009,54.04,1.053,0,14.2,12.2,0.03,2,281,23.311,92.004,0.462,333.531,,,,,0
2026-10-08T07:00Z,2026-10-09T07:00Z,1646752,24,12.9,13.1,28,28.6,16.5,h,13.1,16.5,13.1,16.5,0,0.009,1228.57,0.152,0,14.2,12.2,0.03,14,282,31.092,58.192,0.219,257.331,,,,,0
2026-10-08T07:00Z,2026-10-10T07:00Z,1646752,48,13.7,13.9,27,27.4,17.5,h,13.9,17.5,13.9,17.5,0,0.004,1329.393,0.934,0.088,14.2,12.2,0.03,14,283,30.911,57.321,0.664,103.044,,,,,0
2026-10-08T07:00Z,2026-10-08T08:00Z,2124016,1,5.4,5.4,,,,h,5.4,,5.4,,0,0.008,1451.597,0.656,0.045,,,0,15,281,29.424,57.78,0.538,281.763,,,,,0
2026-10-08T07:00Z,2026-10-08T10:00Z,2124016,3,6,6,,,,h,6,,6,,0,0.009,87.312,0.489,0.309,,,0,17,281,26.415,74.277,0.276,160.503,,,,,0
2026-10-08T07:00Z,2026-10-08T13:00Z,2124016,6,7.5,7.5,,,,h,7.5,,7.5,,0,0.011,25.423,0.205,0,,,0,20,281,22.657,95.417,0.18,199.168,,,,,0
2026-10-08T07:00Z,2026-10-08T19:00Z,2124016,12,8.6,8.6,,,,h,8.6,,8.6,,0,0.011,25.26,0.153,0,,,0,2,281,20.427,92.441,0.336,7.424,,,,,0
2026-10-08T07:00Z,2026-10-09T07:00Z,2124016,24,6.8,6.8,,,,h,6.8,,6.8,,0,0.011,1557.801,0.896,0.007,,,0,14,282,30.051,56.316,0.599,43.918,,,,,0
2026-10-08T07:00Z,2026-10-10T07:00Z,2124016,48,9.6,9.6,,,,h,9.6,,9.6,,0,0.006,1595.595,2.906,0.047,,,0,14,283,30.4,49.839,2.074,84.384,,,,,0
2026-10-08T07:00Z,2026-10-08T08:00Z,2136949,1,5.4,10.8,6.7,13.6,10.2,h,10.8,10.2,10.8,10.2,0,0.007,1437.821,0.538,0.031,9.1,10.2,0.641,15,281,29.473,58.063,0.443,280.954,,,,,0
2026-10-08T07:00Z,2026-10-08T10:00Z,2136949,3,6,11.6,7.1,14.3,10.3,h,11.6,10.3,11.6,10.3,0,0.008,76.682,0.495,0.366,9.1,10.2,0.641,17,281,26.367,74.726,0.205,112.878,,,,,0
2026-10-08T07:00Z,2026-10-08T13:00Z,2136949,6,7.5,13.8,7.3,14.5,10.2,h,13.8,10.2,13.8,10.2,0,0.01,24.074,0.274,0,9.1,10.2,0.641,20,281,22.756,95.928,0.192,170.705,,,,,0
2026-10-08T07:00Z,2026-10-08T19:00Z,2136949,12,8.6,14.6,7.4,14.1,10.6,h,14.6,10.6,14.6,10.6,0,0.011,21.699,0.081,0,9.1,10.2,0.641,2,281,20.548,92.56,0.237,318.474,,,,,0
2026-10-08T07:00Z,2026-10-09T07:00Z,2136949,24,6.8,10.4,7.8,13.3,11,h,10.4,11,10.4,11,0,0.011,1516.473,0.786,0.014,9.1,10.2,0.641,14,282,30.049,56.876,0.509,36.557,,,,,0
2026-10-08T07:00Z,2026-10-10T07:00Z,2136949,48,9.6,12.4,8.4,11.7,10.7,h,12.4,10.7,12.4,10.7,0,0.006,1594.56,2.657,0.055,9.1,10.2,0.641,14,283,30.448,50.447,1.898,82.808,,,,,0
2026-10-08T07:00Z,2026-10-08T08:00Z,2142493,1,5.4,3.7,6.7,4.6,2.7,h,3.7,2.7,3.7,2.7,0,0.008,1450.762,0.649,0.046,2.7,2.7,-0.318,15,281,29.417,57.746,0.535,282.094,,,,,0
2026-10-08T07:00Z,2026-10-08T10:00Z,2142493,3,6,4.2,7.1,4.9,2.7,h,4.2,2.7,4.2,2.7,0,0.009,88.234,0.503,0.308,2.7,2.7,-0.318,17,281,26.408,74.179,0.282,157.907,,,,,0
2026-10-08T07:00Z,2026-10-08T13:00Z,2142493,6,7.5,5.5,7.3,5.1,2.8,h,5.5,2.8,5.5,2.8,0,0.011,25.357,0.208,0,2.7,2.7,-0.318,20,281,22.652,95.427,0.183,200.412,,,,,0
2026-10-08T07:00Z,2026-10-08T19:00Z,2142493,12,8.6,6.5,7.4,5.2,3.1,h,6.5,3.1,6.5,3.1,0,0.011,25.217,0.164,0,2.7,2.7,-0.318,2,281,20.414,92.443,0.337,358.909,,,,,0
2026-10-08T07:00Z,2026-10-09T07:00Z,2142493,24,6.8,5.5,7.8,5.9,3.5,h,5.5,3.5,5.5,3.5,0,0.011,1558.146,0.887,0.007,2.7,2.7,-0.318,14,282,30.046,56.341,0.592,43.229,,,,,0
2026-10-08T07:00Z,2026-10-10T07:00Z,2142493,48,9.6,8.5,8.4,7.2,4.3,h,8.5,4.3,8.5,4.3,0,0.006,1599.043,2.893,0.047,2.7,2.7,-0.318,14,283,30.407,49.74,2.064,84.313,,,,,0
2026-10-08T07:00Z,2026-10-08T08:00Z,2142801,1,5.4,5.4,,,,h,5.4,,5.4,,0,0.008,1454.114,0.677,0.046,,,0,15,281,29.431,57.808,0.553,281.337,,,,,0
2026-10-08T07:00Z,2026-10-08T10:00Z,2142801,3,6,6,,,,h,6,,6,,0,0.009,86.814,0.488,0.306,,,0,17,281,26.432,74.39,0.289,168.442,,,,,0
2026-10-08T07:00Z,2026-10-08T13:00Z,2142801,6,7.5,7.5,,,,h,7.5,,7.5,,0,0.011,25.643,0.197,0,,,0,20,281,22.656,95.355,0.175,200.544,,,,,0
2026-10-08T07:00Z,2026-10-08T19:00Z,2142801,12,8.6,8.6,,,,h,8.6,,8.6,,0,0.011,25.64,0.153,0,,,0,2,281,20.437,92.427,0.343,23.717,,,,,0
2026-10-08T07:00Z,2026-10-09T07:00Z,2142801,24,6.8,6.8,,,,h,6.8,,6.8,,0,0.012,1560.825,0.922,0.008,,,0,14,282,30.06,56.226,0.62,45.51,,,,,0
2026-10-08T07:00Z,2026-10-10T07:00Z,2142801,48,9.6,9.6,,,,h,9.6,,9.6,,0,0.006,1590.287,2.948,0.046,,,0,14,283,30.384,49.939,2.105,84.615,,,,,0
2026-10-08T07:00Z,2026-10-08T08:00Z,2147304,1,5.4,8.9,6.7,11.1,10.6,h,8.9,10.6,8.9,10.6,0,0.007,1423.961,0.409,0.02,6.1,10.6,0.453,15,281,29.506,58.216,0.344,281.776,,,,,0
2026-10-08T07:00Z,2026-10-08T10:00Z,2147304,3,6,9.6,7.1,11.7,10.7,h,9.6,10.7,9.6,10.7,0,0.008,70.02,0.786,0.412,6.1,10.6,0.453,17,281,26.309,74.831,0.43,88.448,,,,,0
2026-10-08T07:00Z,2026-10-08T13:00Z,2147304,6,7.5,11.6,7.3,11.9,10.6,h,11.6,10.6,11.6,10.6,0,0.009,22.689,0.36,0,6.1,10.6,0.453,20,281,22.838,96.385,0.21,160.971,,,,,0
2026-10-08T07:00Z,2026-10-08T19:00Z,2147304,12,8.6,12.6,7.4,11.7,10.6,h,12.6,10.6,12.6,10.6,0,0.01,18.535,0.188,0,6.1,10.6,0.453,2,281,20.632,92.633,0.15,276.357,,,,,0
2026-10-08T07:00Z,2026-10-09T07:00Z,2147304,24,6.8,9.2,7.8,11.4,10.8,h,9.2,10.8,9.2,10.8,0,0.011,1479.526,0.692,0.018,6.1,10.6,0.453,14,282,30.04,57.432,0.435,26.261,,,,,0
2026-10-08T07:00Z,2026-10-10T07:00Z,2147304,48,9.6,11.5,8.4,10.6,10.6,h,11.5,10.6,11.5,10.6,0,0.006,1601.645,2.407,0.062,6.1,10.6,0.453,14,283,30.516,50.725,1.72,80.886,,,,,0
2026-10-08T07:00Z,2026-10-08T08:00Z,2151718,1,5.4,5.4,,,,h,5.4,,5.4,,0,0.007,1447.09,0.621,0.039,,,0,15,281,29.448,57.938,0.508,280.865,,,,,0
2026-10-08T07:00Z,2026-10-08T10:00Z,2151718,3,6,6,,,,h,6,,6,,0,0.009,81.853,0.423,0.333,,,0,17,281,26.404,74.593,0.184,144.9,,,,,0
2026-10-08T07:00Z,2026-10-08T13:00Z,2151718,6,7.5,7.5,,,,h,7.5,,7.5,,0,0.01,24.991,0.223,0,,,0,20,281,22.699,95.612,0.182,183.115,,,,,0
2026-10-08T07:00Z,2026-10-08T19:00Z,2151718,12,8.6,8.6,,,,h,8.6,,8.6,,0,0.011,23.887,0.1,0,,,0,2,281,20.486,92.501,0.296,13.851,,,,,0
2026-10-08T07:00Z,2026-10-09T07:00Z,2151718,24,6.8,6.8,,,,h,6.8,,6.8,,0,0.011,1541.84,0.86,0.011,,,0,14,282,30.054,56.504,0.569,41.997,,,,,0
2026-10-08T07:00Z,2026-10-10T07:00Z,2151718,48,9.6,9.6,,,,h,9.6,,9.6,,0,0.006,1591.207,2.825,0.05,,,0,14,283,30.407,50.203,2.017,83.898,,,,,0
2026-10-08T07:00Z,2026-10-08T08:00Z,2158149,1,5.4,5.4,,,,h,5.4,,5.4,,0,0.007,1439.782,0.55,0.032,,,0,15,281,29.482,58.085,0.451,280.738,,,,,0
2026-10-08T07:00Z,2026-10-08T10:00Z,2158149,3,6,6,,,,h,6,,6,,0,0.008,76.295,0.459,0.363,,,0,17,281,26.381,74.805,0.183,116.699,,,,,0
2026-10-08T07:00Z,2026-10-08T13:00Z,2158149,6,7.5,7.5,,,,h,7.5,,7.5,,0,0.01,24.22,0.267,0,,,0,20,281,22.759,95.878,0.187,171.473,,,,,0
2026-10-08T07:00Z,2026-10-08T19:00Z,2158149,12,8.6,8.6,,,,h,8.6,,8.6,,0,0.011,21.985,0.059,0,,,0,2,281,20.561,92.536,0.243,334.502,,,,,0
2026-10-08T07:00Z,2026-10-09T07:00Z,2158149,24,6.8,6.8,,,,h,6.8,,6.8,,0,0.011,1517.823,0.804,0.015,,,0,14,282,30.058,56.811,0.524,38.261,,,,,0
2026-10-08T07:00Z,2026-10-10T07:00Z,2158149,48,9.6,9.6,,,,h,9.6,,9.6,,0,0.006,1590.086,2.687,0.054,,,0,14,283,30.439,50.532,1.919,83.004,,,,,0
2026-10-08T07:00Z,2026-10-08T08:00Z,2165656,1,5.4,5.4,,,,h,5.4,,5.4,,0,0.007,1438.738,0.555,0.034,,,0,15,281,29.45,57.987,0.458,281.153,,,,,0
2026-10-08T07:00Z,2026-10-08T10:00Z,2165656,3,6,6,,,,h,6,,6,,0,0.008,79.177,0.493,0.357,,,0,17,281,26.362,74.572,0.197,118.115,,,,,0
2026-10-08T07:00Z,2026-10-08T13:00Z,2165656,6,7.5,7.5,,,,h,7.5,,7.5,,0,0.01,24.237,0.262,0,,,0,20,281,22.728,95.875,0.196,173.453,,,,,0
2026-10-08T07:00Z,2026-10-08T19:00Z,2165656,12,8.6,8.6,,,,h,8.6,,8.6,,0,0.011,22.153,0.103,0,,,0,2,281,20.505,92.572,0.251,324.072,,,,,0
2026-10-08T07:00Z,2026-10-09T07:00Z,2165656,24,6.8,6.8,,,,h,6.8,,6.8,,0,0.011,1524.663,0.788,0.012,,,0,14,282,30.038,56.819,0.512,36.459,,,,,0
2026-10-08T07:00Z,2026-10-10T07:00Z,2165656,48,9.6,9.6,,,,h,9.6,,9.6,,0,0.006,1599.369,2.683,0.054,,,0,14,283,30.444,50.239,1.915,82.99,,,,,0
2026-10-08T07:00Z,2026-10-08T08:00Z,2181641,1,33.4,31,28.4,26.2,29.5,h,31,29.5,30.9,29.5,0.002,0.092,935.084,1.474,0.383,26.8,29.4,-0.075,15,281,31.038,65.804,1.169,14.18,,,,,0
2026-10-08T07:00Z,2026-10-08T10:00Z,2181641,3,39.9,37.2,28.6,26.5,29.6,h,37.2,29.6,37.1,29.6,0.006,0.081,279.203,1.953,0.23,26.8,29.4,-0.075,17,281,29.482,74.313,1.468,297.821,,,,,0
2026-10-08T07:00Z,2026-10-08T13:00Z,2181641,6,53.6,50.2,31.1,28.9,30.1,h,50.2,30.1,50.2,30.1,0.01,0.053,45.648,1.402,0.604,26.8,29.4,-0.075,20,281,26.403,90.823,0.868,68.905,,,,,0
2026-10-08T07:00Z,2026-10-08T19:00Z,2181641,12,48.4,45.7,40.2,37.5,32,h,45.7,32,45.8,32,0.009,0.037,78.369,2.683,0,26.8,29.4,-0.075,2,281,25.234,96.085,1.111,310.106,,,,,0
2026-10-08T07:00Z,2026-10-09T07:00Z,2181641,24,23.2,22.1,40.4,38,32.2,h,22.1,32.2,22.1,32.2,0.022,0.039,1234.405,2.541,0.143,26.8,29.4,-0.075,14,282,31.942,59.491,2.002,22.467,,,,,0
2026-10-08T07:00Z,2026-10-10T07:00Z,2181641,48,19.6,19.1,28.3,27.3,28.3,h,19.1,28.3,19.1,28.3,0,0.004,1089.433,2.501,0.343,26.8,29.4,-0.075,14,283,31.391,62.667,1.912,54.784,,,,,0
2026-10-08T07:00Z,2026-10-08T08:00Z,2297552,1,5.4,5.4,,,,h,5.4,,5.4,,0,0.007,1411.435,0.414,0.021,,,0,15,281,29.346,57.98,0.363,280.223,,,,,0
2026-10-08T07:00Z,2026-10-08T10:00Z,2297552,3,6,6,,,,h,6,,6,,0,0.008,75.78,0.992,0.415,,,0,17,281,26.189,74.241,0.544,85.045,,,,,0
2026-10-08T07:00Z,2026-10-08T13:00Z,2297552,6,7.5,7.5,,,,h,7.5,,7.5,,0,0.01,22.312,0.405,0,,,0,20,281,22.713,96.698,0.289,152.807,,,,,0
2026-10-08T07:00Z,2026-10-08T19:00Z,2297552,12,8.6,8.6,,,,h,8.6,,8.6,,0,0.01,17.261,0.326,0,,,0,2,281,20.393,93.022,0.148,282.388,,,,,0
2026-10-08T07:00Z,2026-10-09T07:00Z,2297552,24,6.8,6.8,,,,h,6.8,,6.8,,0,0.011,1497.672,0.624,0.008,,,0,14,282,29.925,57.73,0.415,5.743,,,,,0
2026-10-08T07:00Z,2026-10-10T07:00Z,2297552,48,9.6,9.6,,,,h,9.6,,9.6,,0,0.005,1644.58,2.287,0.071,,,0,14,283,30.532,49.781,1.624,79.879,,,,,0
2026-10-08T07:00Z,2026-10-08T08:00Z,2327978,1,5.4,8.9,6.7,11.2,6.7,h,8.9,6.7,8.9,6.7,0,0.007,1433.25,0.517,0.031,8.7,6.7,0.457,15,281,29.439,57.995,0.432,281.313,,,,,0
2026-10-08T07:00Z,2026-10-08T10:00Z,2327978,3,6,9.7,7.1,11.7,6.8,h,9.7,6.8,9.7,6.8,0,0.008,78.193,0.58,0.37,8.7,6.7,0.457,17,281,26.331,74.51,0.255,106.666,,,,,0
2026-10-08T07:00Z,2026-10-08T13:00Z,2327978,6,7.5,11.6,7.3,12,6.9,h,11.6,6.9,11.6,6.9,0,0.01,23.791,0.288,0,8.7,6.7,0.457,20,281,22.736,96.04,0.209,168.662,,,,,0
2026-10-08T07:00Z,2026-10-08T19:00Z,2327978,12,8.6,12.6,7.4,11.8,7.4,h,12.6,7.4,12.6,7.4,0,0.011,21.116,0.144,0,8.7,6.7,0.457,2,281,20.499,92.637,0.227,304.49,,,,,0
2026-10-08T07:00Z,2026-10-09T07:00Z,2327978,24,6.8,9.2,7.8,11.4,7.9,h,9.2,7.9,9.2,7.9,0,0.011,1516.46,0.743,0.012,8.7,6.7,0.457,14,282,30.022,57.014,0.477,31.859,,,,,0
2026-10-08T07:00Z,2026-10-10T07:00Z,2327978,48,9.6,11.5,8.4,10.6,8.1,h,11.5,8.1,11.5,8.1,0,0.006,1607.033,2.596,0.058,8.7,6.7,0.457,14,283,30.467,50.186,1.852,82.387,,,,,0
2026-10-08T07:00Z,2026-10-08T08:00Z,2340282,1,5.4,10.4,6.7,13,8.6,h,10.4,8.6,10.4,8.6,0,0.007,1433.067,0.477,0.025,6.9,8.6,0.599,15,281,29.516,58.196,0.393,281.18,,,,,0
2026-10-08T07:00Z,2026-10-08T10:00Z,2340282,3,6,11.1,7.1,13.7,8.7,h,11.1,8.7,11.1,8.7,0,0.008,71.902,0.585,0.389,6.9,8.6,0.599,17,281,26.359,74.927,0.287,98.831,,,,,0
2026-10-08T07:00Z,2026-10-08T13:00Z,2340282,6,7.5,13.3,7.3,13.9,8.8,h,13.3,8.8,13.3,8.8,0,0.01,23.47,0.312,0,6.9,8.6,0.599,20,281,22.818,96.11,0.19,165.909,,,,,0
2026-10-08T07:00Z,2026-10-08T19:00Z,2340282,12,8.6,14.2,7.4,13.6,9.4,h,14.2,9.4,14.2,9.4,0,0.011,20.299,0.091,0,6.9,8.6,0.599,2,281,20.631,92.544,0.195,286.047,,,,,0
2026-10-08T07:00Z,2026-10-09T07:00Z,2340282,24,6.8,10.1,7.8,12.8,9.7,h,10.1,9.7,10.1,9.7,0,0.011,1495.146,0.758,0.018,6.9,8.6,0.599,14,282,30.063,57.099,0.486,34.427,,,,,0
2026-10-08T07:00Z,2026-10-10T07:00Z,2340282,48,9.6,12.2,8.4,11.4,9.6,h,12.2,9.6,12.2,9.6,0,0.006,1590.013,2.555,0.057,6.9,8.6,0.599,14,283,30.475,50.783,1.827,82.062,,,,,0
2026-10-08T07:00Z,2026-10-08T08:00Z,2375197,1,5.4,3.7,6.7,4.6,3.4,h,3.7,3.4,3.7,3.4,0,0.008,1451.747,0.662,0.041,2.3,3.4,-0.324,15,281,29.453,57.961,0.538,280.22,,,,,0
2026-10-08T07:00Z,2026-10-08T10:00Z,2375197,3,6,4.2,7.1,4.9,3.4,h,4.2,3.4,4.2,3.4,0,0.009,81.82,0.406,0.324,2.3,3.4,-0.324,17,281,26.431,74.736,0.204,162.461,,,,,0
2026-10-08T07:00Z,2026-10-08T13:00Z,2375197,6,7.5,5.4,7.3,5,3.5,h,5.4,3.5,5.4,3.5,0,0.01,25.424,0.205,0,2.3,3.4,-0.324,20,281,22.689,95.488,0.175,185.726,,,,,0
2026-10-08T07:00Z,2026-10-08T19:00Z,2375197,12,8.6,6.5,7.4,5.2,3.7,h,6.5,3.7,6.5,3.7,0,0.011,24.696,0.126,0,2.3,3.4,-0.324,2,281,20.489,92.479,0.318,47.942,,,,,0
2026-10-08T07:00Z,2026-10-09T07:00Z,2375197,24,6.8,5.4,7.8,5.9,4,h,5.4,4,5.4,4,0,0.011,1549.76,0.904,0.012,2.3,3.4,-0.324,14,282,30.066,56.33,0.605,44.867,,,,,0
2026-10-08T07:00Z,2026-10-10T07:00Z,2375197,48,9.6,8.4,8.4,7.1,4.7,h,8.4,4.7,8.4,4.7,0,0.006,1583.612,2.906,0.048,2.3,3.4,-0.324,14,283,30.378,50.308,2.075,84.369,,,,,0
2026-10-08T07:00Z,2026-10-08T08:00Z,2384279,1,5.4,10,6.7,12.5,11.3,h,10,11.3,10,11.3,0,0.007,1454.678,0.7,0.039,7.3,11.3,0.561,15,281,29.461,58.056,0.564,278.922,,,,,0
2026-10-08T07:00Z,2026-10-08T10:00Z,2384279,3,6,10.7,7.1,13.1,11.4,h,10.7,11.4,10.7,11.4,0,0.009,79.339,0.378,0.324,7.3,11.3,0.561,17,281,26.451,75.051,0.197,177.286,,,,,0
2026-10-08T07:00Z,2026-10-08T13:00Z,2384279,6,7.5,12.8,7.3,13.4,11.2,h,12.8,11.2,12.8,11.2,0,0.01,25.751,0.196,0,7.3,11.3,0.561,20,281,22.688,95.448,0.175,179.257,,,,,0
2026-10-08T07:00Z,2026-10-08T19:00Z,2384279,12,8.6,13.7,7.4,13.1,11.4,h,13.7,11.4,13.7,11.4,0,0.011,24.963,0.185,0,7.3,11.3,0.561,2,281,20.506,92.512,0.334,76.577,,,,,0
2026-10-08T07:00Z,2026-10-09T07:00Z,2384279,24,6.8,9.9,7.8,12.4,11.6,h,9.9,11.6,9.9,11.6,0,0.011,1553.383,0.932,0.013,7.3,11.3,0.561,14,282,30.074,56.219,0.629,46.701,,,,,0
2026-10-08T07:00Z,2026-10-10T07:00Z,2384279,48,9.6,12,8.4,11.2,11.3,h,12,11.3,12,11.3,0,0.006,1574.366,2.963,0.047,7.3,11.3,0.561,14,283,30.345,50.57,2.116,84.68,,,,,0
2026-10-08T07:00Z,2026-10-08T08:00Z,2384280,1,5.4,11.3,6.7,14.3,11.7,h,11.3,11.7,11.3,11.7,0,0.008,1448.989,0.637,0.04,7.8,11.7,0.682,15,281,29.446,57.919,0.521,280.838,,,,,0
2026-10-08T07:00Z,2026-10-08T10:00Z,2384280,3,6,12.1,7.1,14.9,11.8,h,12.1,11.8,12.1,11.8,0,0.009,82.703,0.424,0.327,7.8,11.7,0.682,17,281,26.413,74.58,0.2,151.948,,,,,0
2026-10-08T07:00Z,2026-10-08T13:00Z,2384280,6,7.5,14.3,7.3,15.2,11.7,h,14.3,11.7,14.3,11.7,0,0.01,25.17,0.214,0,7.8,11.7,0.682,20,281,22.69,95.55,0.18,186.13,,,,,0
2026-10-08T07:00Z,2026-10-08T19:00Z,2384280,12,8.6,15.1,7.4,14.7,12.1,h,15.1,12.1,15.1,12.1,0,0.011,24.31,0.11,0,7.8,11.7,0.682,2,281,20.478,92.486,0.307,21.892,,,,,0
2026-10-08T07:00Z,2026-10-09T07:00Z,2384280,24,6.8,10.7,7.8,13.7,12.2,h,10.7,12.2,10.7,12.2,0,0.011,1546.386,0.877,0.011,7.8,11.7,0.682,14,282,30.057,56.43,0.583,43.061,,,,,0
2026-10-08T07:00Z,2026-10-10T07:00Z,2384280,48,9.6,12.6,8.4,11.9,11.8,h,12.6,11.8,12.6,11.8,0,0.006,1589.96,2.859,0.049,7.8,11.7,0.682,14,283,30.398,50.172,2.041,84.098,,,,,0
2026-10-08T07:00Z,2026-10-08T08:00Z,2393909,1,5.4,6,6.7,7.5,5.7,h,6,5.7,6,5.7,0,0.007,1442.351,0.575,0.034,4.2,5.7,0.094,15,281,29.474,58.051,0.471,280.637,,,,,0
2026-10-08T07:00Z,2026-10-08T10:00Z,2393909,3,6,6.6,7.1,7.9,5.7,h,6.6,5.7,6.6,5.7,0,0.008,77.698,0.428,0.354,4.2,5.7,0.094,17,281,26.391,74.775,0.162,125.425,,,,,0
2026-10-08T07:00Z,2026-10-08T13:00Z,2393909,6,7.5,8.2,7.3,8.1,5.8,h,8.2,5.8,8.2,5.8,0,0.01,24.486,0.252,0,4.2,5.7,0.094,20,281,22.742,95.792,0.184,174.155,,,,,0
2026-10-08T07:00Z,2026-10-08T19:00Z,2393909,12,8.6,9.3,7.4,8.1,6,h,9.3,6,9.3,6,0,0.011,22.593,0.062,0,4.2,5.7,0.094,2,281,20.542,92.526,0.26,358.512,,,,,0
2026-10-08T07:00Z,2026-10-09T07:00Z,2393909,24,6.8,7.2,7.8,8.4,6.4,h,7.2,6.4,7.2,6.4,0,0.011,1525.273,0.824,0.014,4.2,5.7,0.094,14,282,30.059,56.706,0.54,39.746,,,,,0
2026-10-08T07:00Z,2026-10-10T07:00Z,2393909,48,9.6,10,8.4,8.9,6.8,h,10,6.8,10,6.8,0,0.006,1589.249,2.735,0.053,4.2,5.7,0.094,14,283,30.426,50.464,1.953,83.322,,,,,0
2026-10-08T07:00Z,2026-10-08T08:00Z,2429963,1,5.4,10.1,6.7,12.8,15.6,h,10.1,15.6,10.1,15.6,0,0.007,1401.959,0.339,0.013,5.9,15.6,0.579,15,281,29.361,58.11,0.305,279.493,,,,,0
2026-10-08T07:00Z,2026-10-08T10:00Z,2429963,3,6,10.9,7.1,13.4,15.6,h,10.9,15.6,10.9,15.6,0,0.008,70.49,1.217,0.448,5.9,15.6,0.579,17,281,26.148,74.401,0.72,78.393,,,,,0
2026-10-08T07:00Z,2026-10-08T13:00Z,2429963,6,7.5,13,7.3,13.6,15.5,h,13,15.5,13,15.5,0,0.009,21.443,0.479,0,5.9,15.6,0.579,20,281,22.761,97.026,0.312,148.395,,,,,0
2026-10-08T07:00Z,2026-10-08T19:00Z,2429963,12,8.6,13.9,7.4,13.3,15.6,h,13.9,15.6,13.9,15.6,0,0.01,15.05,0.388,0,5.9,15.6,0.579,2,281,20.442,93.115,0.088,274.197,,,,,0
2026-10-08T07:00Z,2026-10-09T07:00Z,2429963,24,6.8,10,7.8,12.6,14.8,h,10,14.8,10,14.8,0,0.01,1474.443,0.615,0.011,5.9,15.6,0.579,14,282,29.913,58.098,0.425,355.088,,,,,0
2026-10-08T07:00Z,2026-10-10T07:00Z,2429963,48,9.6,12.1,8.4,11.3,14.1,h,12.1,14.1,12.1,14.1,0,0.005,1648.909,2.127,0.077,5.9,15.6,0.579,14,283,30.567,50.016,1.51,78.248,,,,,0
2026-10-08T07:00Z,2026-10-08T08:00Z,2439091,1,5.4,6.8,6.7,8.5,6,h,6.8,6,6.8,6,0,0.007,1444.695,0.603,0.038,4.9,6,0.206,15,281,29.442,57.921,0.496,281.145,,,,,0
2026-10-08T07:00Z,2026-10-08T10:00Z,2439091,3,6,7.5,7.1,8.9,6,h,7.5,6,7.5,6,0,0.009,82.024,0.444,0.337,4.9,6,0.206,17,281,26.389,74.513,0.185,137.189,,,,,0
2026-10-08T07:00Z,2026-10-08T13:00Z,2439091,6,7.5,9.2,7.3,9.1,6.1,h,9.2,6.1,9.2,6.1,0,0.01,24.79,0.231,0,4.9,6,0.206,20,281,22.7,95.676,0.187,181.615,,,,,0
2026-10-08T07:00Z,2026-10-08T19:00Z,2439091,12,8.6,10.2,7.4,9.1,6.5,h,10.2,6.5,10.2,6.5,0,0.011,23.496,0.104,0,4.9,6,0.206,2,281,20.478,92.521,0.287,354.257,,,,,0
2026-10-08T07:00Z,2026-10-09T07:00Z,2439091,24,6.8,7.8,7.8,9.3,6.8,h,7.8,6.8,7.8,6.9,0,0.011,1538.861,0.837,0.01,4.9,6,0.206,14,282,30.046,56.588,0.551,40.289,,,,,0
2026-10-08T07:00Z,2026-10-10T07:00Z,2439091,48,9.6,10.4,8.4,9.4,7.2,h,10.4,7.2,10.4,7.2,0,0.006,1595.732,2.786,0.051,4.9,6,0.206,14,283,30.42,50.13,1.989,83.663,,,,,0
2026-10-08T07:00Z,2026-10-08T08:00Z,2439859,1,5.4,5.4,,,,h,5.4,,5.4,,0,0.007,1450.393,0.648,0.03,,,0,15,281,29.523,58.309,0.519,277.813,,,,,0
2026-10-08T07:00Z,2026-10-08T10:00Z,2439859,3,6,6,,,,h,6,,6,,0,0.008,70.935,0.251,0.357,,,0,17,281,26.456,75.567,0.057,156.06,,,,,0
2026-10-08T07:00Z,2026-10-08T13:00Z,2439859,6,7.5,7.5,,,,h,7.5,,7.5,,0,0.01,25.186,0.242,0,,,0,20,281,22.769,95.668,0.176,164.464,,,,,0
2026-10-08T07:00Z,2026-10-08T19:00Z,2439859,12,8.6,8.6,,,,h,8.6,,8.6,,0,0.011,23.257,0.205,0,,,0,2,281,20.629,92.521,0.305,100.764,,,,,0
2026-10-08T07:00Z,2026-10-09T07:00Z,2439859,24,6.8,6.8,,,,h,6.8,,6.8,,0,0.011,1527.548,0.909,0.02,,,0,14,282,30.098,56.438,0.61,46.065,,,,,0
2026-10-08T07:00Z,2026-10-10T07:00Z,2439859,48,9.6,9.6,,,,h,9.6,,9.6,,0,0.006,1561.371,2.867,0.05,,,0,14,283,30.355,51.223,2.051,84.112,,,,,0
2026-10-08T07:00Z,2026-10-08T08:00Z,2457250,1,5.4,5.4,,,,h,5.4,,5.4,,0,0.006,1385.05,0.147,0.01,,,0,15,281,29.376,58.327,0.146,287.122,,,,,0
2026-10-08T07:00Z,2026-10-08T10:00Z,2457250,3,6,6,,,,h,6,,6,,0,0.007,64.884,1.548,0.498,,,0,17,281,26.022,75.025,0.964,74.181,,,,,0
2026-10-08T07:00Z,2026-10-08T13:00Z,2457250,6,7.5,7.5,,,,h,7.5,,7.5,,0,0.008,19.656,0.57,0,,,0,20,281,22.823,97.354,0.285,148.804,,,,,0
2026-10-08T07:00Z,2026-10-08T19:00Z,2457250,12,8.6,8.6,,,,h,8.6,,8.6,,0,0.009,11.945,0.43,0,,,0,2,281,20.58,93.123,0.026,263.326,,,,,0
2026-10-08T07:00Z,2026-10-09T07:00Z,2457250,24,6.8,6.8,,,,h,6.8,,6.8,,0,0.01,1419.578,0.6,0.024,,,0,14,282,29.874,58.618,0.395,357.013,,,,,0
2026-10-08T07:00Z,2026-10-10T07:00Z,2457250,48,9.6,9.6,,,,h,9.6,,9.6,,0,0.005,1623.22,1.998,0.078,,,0,14,283,30.516,50.957,1.423,76.126,,,,,0
2026-10-08T07:00Z,2026-10-08T08:00Z,2510432,1,5.4,6.7,6.7,8.3,6.6,h,6.7,6.6,6.7,6.6,0,0.007,1454.429,0.725,0.032,4.7,6.6,0.188,15,281,29.487,58.322,0.579,276.404,,,,,0
2026-10-08T07:00Z,2026-10-08T10:00Z,2510432,3,6,7.3,7.1,8.7,6.7,h,7.3,6.7,7.3,6.7,0,0.008,71.256,0.266,0.346,4.7,6.6,0.188,17,281,26.466,75.752,0.105,191.642,,,,,0
2026-10-08T07:00Z,2026-10-08T13:00Z,2510432,6,7.5,9,7.3,9,6.7,h,9,6.7,9,6.7,0,0.01,25.824,0.228,0,4.7,6.6,0.188,20,281,22.718,95.575,0.194,157.753,,,,,0
2026-10-08T07:00Z,2026-10-08T19:00Z,2510432,12,8.6,10.1,7.4,9,6.9,h,10.1,6.9,10.1,6.9,0,0.011,24.094,0.307,0,4.7,6.6,0.188,2,281,20.572,92.625,0.355,101.73,,,,,0
2026-10-08T07:00Z,2026-10-09T07:00Z,2510432,24,6.8,7.7,7.8,9.1,7.3,h,7.7,7.3,7.7,7.3,0,0.011,1545.32,0.933,0.019,4.7,6.6,0.188,14,282,30.084,56.237,0.63,47.382,,,,,0
2026-10-08T07:00Z,2026-10-10T07:00Z,2510432,48,9.6,10.3,8.4,9.3,7.5,h,10.3,7.5,10.3,7.5,0,0.006,1559.027,2.968,0.049,4.7,6.6,0.188,14,283,30.305,51.225,2.121,84.694,,,,,0
2026-10-08T07:00Z,2026-10-08T08:00Z,2523394,1,5.4,5.4,,,,h,5.4,,5.4,,0,0.007,1442.041,0.573,0.034,,,0,15,281,29.471,58.042,0.47,280.706,,,,,0
2026-10-08T07:00Z,2026-10-08T10:00Z,2523394,3,6,6,,,,h,6,,6,,0,0.008,77.944,0.434,0.354,,,0,17,281,26.388,74.748,0.165,124.849,,,,,0
2026-10-08T07:00Z,2026-10-08T13:00Z,2523394,6,7.5,7.5,,,,h,7.5,,7.5,,0,0.01,24.466,0.252,0,,,0,20,281,22.74,95.798,0.185,174.268,,,,,0
2026-10-08T07:00Z,2026-10-08T19:00Z,2523394,12,8.6,8.6,,,,h,8.6,,8.6,,0,0.011,22.569,0.066,0,,,0,2,281,20.537,92.53,0.26,353.079,,,,,0
2026-10-08T07:00Z,2026-10-09T07:00Z,2523394,24,6.8,6.8,,,,h,6.8,,6.8,,0,0.011,1525.471,0.821,0.014,,,0,14,282,30.056,56.715,0.537,39.447,,,,,0
2026-10-08T07:00Z,2026-10-10T07:00Z,2523394,48,9.6,9.6,,,,h,9.6,,9.6,,0,0.006,1590.395,2.73,0.053,,,0,14,283,30.428,50.434,1.95,83.296,,,,,0
2026-10-08T07:00Z,2026-10-08T08:00Z,2575375,1,10.5,5.5,24.1,12.9,5.5,h,5.5,5.5,5.5,5.5,0,0.01,1061.565,0.69,0.005,6.8,5.5,-0.59,15,281,30.24,57.333,0.565,165.014,,,,,0
2026-10-08T07:00Z,2026-10-08T10:00Z,2575375,3,11.2,6.1,24.5,13.1,5.6,h,6.1,5.6,6.1,5.6,0,0.011,57.009,0.844,0.114,6.8,5.5,-0.59,17,281,28.171,71.154,0.445,160.784,,,,,0
2026-10-08T07:00Z,2026-10-08T13:00Z,2575375,6,35,20.6,24.8,13.5,5.8,h,20.6,5.8,20.6,5.8,0,0.011,39.016,1.083,0,6.8,5.5,-0.59,20,281,24.762,90.573,0.43,168.037,,,,,0
2026-10-08T07:00Z,2026-10-08T19:00Z,2575375,12,43.3,27.3,25.5,14.6,7.2,h,27.3,7.2,27.4,7.2,0,0.009,50.174,0.977,0,6.8,5.5,-0.59,2,281,22.933,92.098,0.478,329.544,,,,,0
2026-10-08T07:00Z,2026-10-09T07:00Z,2575375,24,12.9,8.8,28,17.5,8.6,h,8.8,8.6,8.8,8.6,0,0.009,1228.332,0.03,0,6.8,5.5,-0.59,14,282,30.744,58.265,0.103,34.279,,,,,0
2026-10-08T07:00Z,2026-10-10T07:00Z,2575375,48,13.7,10.9,27,20.2,10.6,h,10.9,10.6,10.9,10.6,0,0.004,1341.403,1.164,0.098,6.8,5.5,-0.59,14,283,30.509,57.714,0.808,90.319,,,,,0
2026-10-08T07:00Z,2026-10-08T08:00Z,2692436,1,33.4,32.4,28.4,27.5,32.2,h,32.4,32.2,32.3,32.2,0.002,0.098,952.926,1.454,0.367,27.6,32.1,-0.031,15,281,31.07,65.48,1.159,17.081,,,,,0
2026-10-08T07:00Z,2026-10-08T10:00Z,2692436,3,39.9,38.8,28.6,27.7,32.4,h,38.8,32.4,38.7,32.4,0.005,0.085,281.273,1.928,0.245,27.6,32.1,-0.031,17,281,29.424,74.556,1.444,299.818,,,,,0
2026-10-08T07:00Z,2026-10-08T13:00Z,2692436,6,53.6,52.2,31.1,30.2,32.9,h,52.2,32.9,52.2,32.9,0.009,0.054,46.45,1.434,0.558,27.6,32.1,-0.031,20,281,26.376,90.697,0.841,66.448,,,,,0
2026-10-08T07:00Z,2026-10-08T19:00Z,2692436,12,48.4,47.2,40.2,39.1,34.8,h,47.2,34.8,47.3,34.8,0.008,0.036,81.344,2.755,0,27.6,32.1,-0.031,2,281,25.249,95.953,1.14,310.318,,,,,0
2026-10-08T07:00Z,2026-10-09T07:00Z,2692436,24,23.2,22.8,40.4,39.4,34.4,h,22.8,34.4,22.8,34.5,0.02,0.035,1235.229,2.601,0.141,27.6,32.1,-0.031,14,282,31.94,59.508,2.049,23.246,,,,,0
2026-10-08T07:00Z,2026-10-10T07:00Z,2692436,48,19.6,19.4,28.3,27.9,30,h,19.4,30,19.4,30,0,0.004,1080.126,2.545,0.348,27.6,32.1,-0.031,14,283,31.354,62.911,1.95,53.573,,,,,0
2026-10-08T07:00Z,2026-10-08T08:00Z,2692642,1,33.4,33.4,,,,h,33.4,,33.3,,0.003,0.109,998.042,1.476,0.299,,,0,15,281,31.203,64.666,1.195,23.038,,,,,0
2026-10-08T07:00Z,2026-10-08T10:00Z,2692642,3,39.9,39.9,,,,h,39.9,,39.8,,0.007,0.094,284.944,2.064,0.271,,,0,17,281,29.389,74.876,1.54,303.064,,,,,0
2026-10-08T07:00Z,2026-10-08T13:00Z,2692642,6,53.6,53.6,,,,h,53.6,,53.6,,0.01,0.058,47.956,1.592,0.546,,,0,20,281,26.307,90.713,0.901,67.831,,,,,0
2026-10-08T07:00Z,2026-10-08T19:00Z,2692642,12,48.4,48.4,,,,h,48.4,,48.5,,0.008,0.035,85.191,2.803,0,,,0,2,281,25.256,96.104,1.164,308.63,,,,,0
2026-10-08T07:00Z,2026-10-09T07:00Z,2692642,24,23.2,23.2,,,,h,23.2,,23.2,,0.02,0.033,1257.141,2.649,0.122,,,0,14,282,32.024,59.067,2.086,25.634,,,,,0
2026-10-08T07:00Z,2026-10-10T07:00Z,2692642,48,19.6,19.6,,,,h,19.6,,19.6,,0,0.004,1082.427,2.663,0.352,,,0,14,283,31.379,62.812,2.046,52.384,,,,,0
2026-10-08T07:00Z,2026-10-08T08:00Z,2692644,1,33.4,33.4,,,,h,33.4,,33.3,,0.005,0.107,994.754,1.512,0.285,,,0,15,281,31.228,64.715,1.224,21.758,,,,,0
2026-10-08T07:00Z,2026-10-08T10:00Z,2692644,3,39.9,39.9,,,,h,39.9,,39.8,,0.01,0.094,283.556,2.169,0.26,,,0,17,281,29.465,74.647,1.625,301.764,,,,,0
2026-10-08T07:00Z,2026-10-08T13:00Z,2692644,6,53.6,53.6,,,,h,53.6,,53.6,,0.014,0.061,47.524,1.632,0.614,,,0,20,281,26.311,90.922,0.975,71.978,,,,,0
2026-10-08T07:00Z,2026-10-08T19:00Z,2692644,12,48.4,48.4,,,,h,48.4,,48.5,,0.01,0.038,82.645,2.719,0,,,0,2,281,25.234,96.401,1.13,307.26,,,,,0
2026-10-08T07:00Z,2026-10-09T07:00Z,2692644,24,23.2,23.2,,,,h,23.2,,23.2,,0.024,0.039,1267.722,2.577,0.114,,,0,14,282,32.072,58.801,2.029,25.878,,,,,0
2026-10-08T07:00Z,2026-10-10T07:00Z,2692644,48,19.6,19.6,,,,h,19.6,,19.6,,0,0.004,1098.544,2.656,0.347,,,0,14,283,31.454,62.368,2.037,53.592,,,,,0
2026-10-08T07:00Z,2026-10-08T08:00Z,2692645,1,19.2,19.2,,,,h,19.2,,19.2,,0.006,0.105,991.395,1.533,0.274,,,0,15,281,31.243,64.732,1.242,21.202,,,,,0
2026-10-08T07:00Z,2026-10-08T10:00Z,2692645,3,21.8,21.8,,,,h,21.8,,21.8,,0.012,0.093,282.262,2.216,0.251,,,0,17,281,29.518,74.451,1.664,300.975,,,,,0
2026-10-08T07:00Z,2026-10-08T13:00Z,2692645,6,51.1,51.1,,,,h,51.1,,51.1,,0.017,0.062,47.24,1.647,0.656,,,0,20,281,26.318,91.042,1.012,74.481,,,,,0
2026-10-08T07:00Z,2026-10-08T19:00Z,2692645,12,31.5,31.5,,,,h,31.5,,31.6,,0.011,0.04,81.167,2.672,0,,,0,2,281,25.22,96.576,1.114,306.437,,,,,0
2026-10-08T07:00Z,2026-10-09T07:00Z,2692645,24,17.3,17.3,,,,h,17.3,,17.3,,0.026,0.042,1272.396,2.532,0.109,,,0,14,282,32.098,58.678,1.994,26.045,,,,,0
2026-10-08T07:00Z,2026-10-10T07:00Z,2692645,48,16.9,16.9,,,,h,16.9,,16.9,,0,0.004,1107.947,2.646,0.342,,,0,14,283,31.498,62.11,2.028,54.503,,,,,0
2026-10-08T07:00Z,2026-10-08T08:00Z,2739142,1,9.2,26.8,8.9,27.1,31,h,26.8,31,26.7,31,0,0.011,1209.644,3.539,0,27,31,1.045,15,281,29.832,59.52,2.8,12.499,,,,,0
2026-10-08T07:00Z,2026-10-08T10:00Z,2739142,3,10.1,28,9,27.1,31.2,h,28,31.2,27.9,31.2,0,0.014,779.193,4.313,0,27,31,1.045,17,281,28.589,65.487,2.496,10.576,,,,,0
2026-10-08T07:00Z,2026-10-08T13:00Z,2739142,6,13,33.6,9.5,28.1,31.5,h,33.6,31.5,33.6,31.5,0,0.012,94.516,4.077,0,27,31,1.045,20,281,25.488,80.536,1.592,71.933,,,,,0
2026-10-08T07:00Z,2026-10-08T19:00Z,2739142,12,9.3,21.9,10.5,29.3,31.4,h,21.9,31.4,22,31.4,0,0.011,108.019,3.535,0,27,31,1.045,2,281,23.492,87.05,1.301,80.387,,,,,0
2026-10-08T07:00Z,2026-10-09T07:00Z,2739142,24,13.9,26.7,13,29.7,30.6,h,26.7,30.6,26.8,30.6,0,0.023,1193.129,4.779,0.105,27,31,1.045,14,282,30.638,57.921,3.741,14.218,,,,,0
2026-10-08T07:00Z,2026-10-10T07:00Z,2739142,48,2.1,3.5,7.8,13.9,22.5,h,3.5,22.5,3.5,22.5,0,0,896.189,3.122,0.316,27,31,1.045,14,283,29.281,74.416,2.523,79.124,,,,,0
2026-10-08T07:00Z,2026-10-08T08:00Z,2811479,1,6.9,23.7,5.7,21,27.1,h,23.7,27.1,23.7,27.1,0,0,1187.241,4.311,0.038,20.5,27.1,1.189,15,281,30.451,59.552,3.28,22.847,,,,,0
2026-10-08T07:00Z,2026-10-08T10:00Z,2811479,3,7.4,24.1,5.9,21.3,27.2,h,24.1,27.2,24.1,27.2,0,0,857.296,4.397,0.01,20.5,27.1,1.189,17,281,29.122,68.921,2.431,32.288,,,,,0
2026-10-08T07:00Z,2026-10-08T13:00Z,2811479,6,8.7,26.1,6.3,22.2,27.4,h,26.1,27.4,26.1,27.4,0,0,99.728,4.007,0,20.5,27.1,1.189,20,281,26.065,79.995,1.461,38.516,,,,,0
2026-10-08T07:00Z,2026-10-08T19:00Z,2811479,12,7.6,20.3,7.1,23.2,27.2,h,20.3,27.2,20.3,27.2,0,0.002,199.196,4.174,0,20.5,27.1,1.189,2,281,24.317,85.971,1.796,48.154,,,,,0
2026-10-08T07:00Z,2026-10-09T07:00Z,2811479,24,10.5,22.3,8.6,22.7,25.7,h,22.3,25.7,22.3,25.7,0,0.018,1130.772,4.694,0.122,20.5,27.1,1.189,14,282,30.741,61.25,3.607,27.516,,,,,0
2026-10-08T07:00Z,2026-10-10T07:00Z,2811479,48,2.8,4.8,6.9,13.1,20.1,h,4.8,20.1,4.8,20.1,0,0.002,925.697,3.31,0.155,20.5,27.1,1.189,14,283,30.184,70.694,2.595,86.062,,,,,0
2026-10-08T07:00Z,2026-10-08T08:00Z,2811482,1,6.9,6.9,,,,h,6.9,,6.9,,0,0,1145.911,4.544,0.01,,,0,15,281,29.964,61.174,3.463,20.65,,,,,0
2026-10-08T07:00Z,2026-10-08T10:00Z,2811482,3,7.4,7.4,,,,h,7.4,,7.4,,0,0,847.479,4.507,0.001,,,0,17,281,28.733,70.114,2.411,30.206,,,,,0
2026-10-08T07:00Z,2026-10-08T13:00Z,2811482,6,8.7,8.7,,,,h,8.7,,8.7,,0,0.001,97.297,4.434,0,,,0,20,281,25.7,80.929,1.565,35.108,,,,,0
2026-10-08T07:00Z,2026-10-08T19:00Z,2811482,12,7.6,7.6,,,,h,7.6,,7.6,,0,0.003,252.181,4.832,0,,,0,2,281,24.248,85.553,2.034,55.678,,,,,0
2026-10-08T07:00Z,2026-10-09T07:00Z,2811482,24,10.5,10.5,,,,h,10.5,,10.5,,0,0.023,1086.637,4.819,0.159,,,0,14,282,30.433,61.348,3.699,24.966,,,,,0
2026-10-08T07:00Z,2026-10-10T07:00Z,2811482,48,2.8,2.8,,,,h,2.8,,2.8,,0,0.001,835.325,3.14,0.122,,,0,14,283,29.737,73.598,2.49,82.732,,,,,0
2026-10-08T07:00Z,2026-10-08T08:00Z,2811595,1,33.4,31.5,28.4,26.6,31.4,h,31.5,31.4,31.4,31.4,0,0.092,965.556,1.35,0.342,29.6,31.3,-0.06,15,281,31.039,64.624,1.09,29.177,,,,,0
2026-10-08T07:00Z,2026-10-08T10:00Z,2811595,3,39.9,37.7,28.6,26.9,31.5,h,37.7,31.5,37.6,31.5,0.001,0.081,280.358,1.327,0.259,29.6,31.3,-0.06,17,281,29.253,74.54,0.962,307.346,,,,,0
2026-10-08T07:00Z,2026-10-08T13:00Z,2811595,6,53.6,50.8,31.1,29.3,32,h,50.8,32,50.8,32,0.002,0.048,48.447,1.233,0.33,29.6,31.3,-0.06,20,281,26.389,89.822,0.46,47.679,,,,,0
2026-10-08T07:00Z,2026-10-08T19:00Z,2811595,12,48.4,46.2,40.2,38,33.9,h,46.2,33.9,46.3,33.9,0.003,0.028,93.873,3.175,0,29.6,31.3,-0.06,2,281,25.311,94.881,1.345,314.246,,,,,0
2026-10-08T07:00Z,2026-10-09T07:00Z,2811595,24,23.2,22.3,40.4,38.5,33.6,h,22.3,33.6,22.3,33.6,0.007,0.015,1178.077,2.851,0.159,29.6,31.3,-0.06,14,282,31.73,60.92,2.257,24.013,,,,,0
2026-10-08T07:00Z,2026-10-10T07:00Z,2811595,48,19.6,19.2,28.3,27.5,29.4,h,19.2,29.4,19.2,29.4,0,0.003,1016.287,2.527,0.339,29.6,31.3,-0.06,14,283,31.083,64.676,1.961,51.476,,,,,0
2026-10-08T07:00Z,2026-10-08T08:00Z,2813904,1,8.2,12.2,7.7,11.6,12.8,h,12.2,12.8,12.2,12.8,0,0.001,1140.295,2.475,0.088,11.1,12.8,0.375,15,281,31.191,62.529,1.944,38.783,,,,,0
2026-10-08T07:00Z,2026-10-08T10:00Z,2813904,3,8.4,12.3,7.6,11.4,12.8,h,12.3,12.8,12.3,12.8,0,0.001,409.46,2.611,0,11.1,12.8,0.375,17,281,30.336,67.711,1.704,45.867,,,,,0
2026-10-08T07:00Z,2026-10-08T13:00Z,2813904,6,11.1,15.7,7.9,11.8,12.8,h,15.7,12.8,15.7,12.8,0,0.001,47.791,2.145,0.06,11.1,12.8,0.375,20,281,27.276,85.259,1.068,3.959,,,,,0
2026-10-08T07:00Z,2026-10-08T19:00Z,2813904,12,9.8,13.4,8.5,12.4,13,h,13.4,13,13.4,13,0,0.002,64.518,3.013,0,11.1,12.8,0.375,2,281,24.922,96.039,1.481,7.611,,,,,0
2026-10-08T07:00Z,2026-10-09T07:00Z,2813904,24,9.5,12.1,10,13.7,13.1,h,12.1,13.1,12.1,13.1,0,0.009,1169.53,2.998,0.118,11.1,12.8,0.375,14,282,31.827,58.837,2.336,32.954,,,,,0
2026-10-08T07:00Z,2026-10-10T07:00Z,2813904,48,4.2,5,14.3,17.2,15,h,5,15,5,15,0,0.002,805.691,5.22,0.783,11.1,12.8,0.375,14,283,29.269,71.672,3.907,57.812,,,,,0
2026-10-08T07:00Z,2026-10-08T08:00Z,2813975,1,18.2,18.2,,,,h,18.2,,18.2,,0,0,279.582,2.289,0.353,,,0,15,281,26.114,89.139,1.806,300.807,,,,,0
2026-10-08T07:00Z,2026-10-08T10:00Z,2813975,3,17.6,17.6,,,,h,17.6,,17.6,,0,0,353.223,1.735,0,,,0,17,281,26.141,88.703,1.398,289.93,,,,,0
2026-10-08T07:00Z,2026-10-08T13:00Z,2813975,6,8.8,8.8,,,,h,8.8,,8.8,,0,0,233.333,1.953,0,,,0,20,281,25.363,89.856,1.053,286.742,,,,,0
2026-10-08T07:00Z,2026-10-08T19:00Z,2813975,12,11.9,11.9,,,,h,11.9,,11.9,,0,0,283.863,1.184,0.005,,,0,2,281,25.434,85.75,0.673,300.393,,,,,0
2026-10-08T07:00Z,2026-10-09T07:00Z,2813975,24,5.3,5.3,,,,h,5.3,,5.3,,0,0,306.388,1.837,1.431,,,0,14,282,26.346,90.382,1.616,273.123,,,,,0
2026-10-08T07:00Z,2026-10-10T07:00Z,2813975,48,1.8,1.8,,,,h,1.8,,1.8,,0,0,250.61,2.401,8.385,,,0,14,283,25.39,92.924,1.777,222.304,,,,,0
2026-10-08T07:00Z,2026-10-08T08:00Z,2821337,1,7.1,14.3,10.6,21.4,17,h,14.3,17,14.3,17,0,0.032,1016.035,0.462,0,16.6,17,0.66,15,281,30.258,54.867,0.469,260.046,,,,,0
2026-10-08T07:00Z,2026-10-08T10:00Z,2821337,3,7.8,15.2,11,22.1,17.1,h,15.2,17.1,15.2,17.1,0,0.026,76.212,0.42,0,16.6,17,0.66,17,281,29.364,60.723,0.38,306.915,,,,,0
2026-10-08T07:00Z,2026-10-08T13:00Z,2821337,6,12.7,23.2,11.5,22.9,17.3,h,23.2,17.3,23.2,17.3,0,0.02,22.133,0.304,0,16.6,17,0.66,20,281,26.116,79.491,0.173,351.424,,,,,0
2026-10-08T07:00Z,2026-10-08T19:00Z,2821337,12,19.6,33.1,12.9,24.5,18.2,h,33.1,18.2,33.2,18.2,0,0.016,20.996,0.725,0,16.6,17,0.66,2,281,23.418,90.321,0.1,27.938,,,,,0
2026-10-08T07:00Z,2026-10-09T07:00Z,2821337,24,7,10.8,14,23.8,18.8,h,10.8,18.8,10.8,18.8,0,0.011,1123.255,0.717,0.018,16.6,17,0.66,14,282,30.801,57.002,0.503,59.836,,,,,0
2026-10-08T07:00Z,2026-10-10T07:00Z,2821337,48,13.9,17.9,13,17.9,17.3,h,17.9,17.3,17.9,17.3,0,0.005,1470.763,3.421,0.124,16.6,17,0.66,14,283,31.013,55.828,2.633,60.1,,,,,0
2026-10-08T07:00Z,2026-10-08T08:00Z,2827389,1,8.8,7.5,23,19.6,11.1,h,7.5,11.1,7.5,11.1,0,0.01,853.148,0.207,0,9.6,11.1,-0.152,15,281,30.894,56.998,0.148,259.212,,,,,0
2026-10-08T07:00Z,2026-10-08T10:00Z,2827389,3,9.5,8.1,23.3,19.9,11.1,h,8.1,11.1,8.1,11.1,0,0.01,174.626,3.647,0.018,9.6,11.1,-0.152,17,281,27.65,74.899,2.406,127.71,,,,,0
2026-10-08T07:00Z,2026-10-08T13:00Z,2827389,6,33.3,29.1,23.6,20.2,11.4,h,29.1,11.4,29.1,11.4,0,0.009,50.537,0.671,0,9.6,11.1,-0.152,20,281,25.938,86.376,0.304,217.974,,,,,0
2026-10-08T07:00Z,2026-10-08T19:00Z,2827389,12,44.7,39.7,24.5,21.3,12.9,h,39.7,12.9,39.8,12.9,0,0.007,48.174,0.287,0,9.6,11.1,-0.152,2,281,24.281,88.253,0.089,320.528,,,,,0
2026-10-08T07:00Z,2026-10-09T07:00Z,2827389,24,10.6,9.6,27.7,24.5,14.6,h,9.6,14.6,9.6,14.6,0,0.008,1145.012,0.752,0.019,9.6,11.1,-0.152,14,282,31.492,59.111,0.528,74.282,,,,,0
2026-10-08T07:00Z,2026-10-10T07:00Z,2827389,48,13.1,12.4,24.3,22.6,15.1,h,12.4,15.1,12.4,15.1,0,0.004,490.331,1.2,0.103,9.6,11.1,-0.152,14,283,30.406,64.927,0.974,176.884,,,,,0
2026-10-08T07:00Z,2026-10-08T08:00Z,2827395,1,11.1,18.1,11.7,19.5,18,h,18.1,18,18.1,18,0,0.006,1332.78,1.691,0,19.5,18,0.478,15,281,30.115,53.05,1.351,347.972,,,,,0
2026-10-08T07:00Z,2026-10-08T10:00Z,2827395,3,11.1,17.8,12.2,20.3,18.1,h,17.8,18.1,17.8,18.1,0,0.008,425.545,1.993,0,19.5,18,0.478,17,281,28.617,65.328,1.102,18.869,,,,,0
2026-10-08T07:00Z,2026-10-08T13:00Z,2827395,6,13.9,21.5,13.3,21.8,18.4,h,21.5,18.4,21.5,18.4,0,0.021,90.28,3.203,0,19.5,18,0.478,20,281,25.532,77.01,1.499,88.675,,,,,0
2026-10-08T07:00Z,2026-10-08T19:00Z,2827395,12,17.5,25.6,14.4,23,19.1,h,25.6,19.1,25.7,19.1,0,0.04,66.035,2.312,0,19.5,18,0.478,2,281,22.993,90.228,0.858,55.815,,,,,0
2026-10-08T07:00Z,2026-10-09T07:00Z,2827395,24,18.7,25.2,16.7,24.3,20,h,25.2,20,25.3,20,0,0.019,1160.747,2.15,0,19.5,18,0.478,14,282,29.845,59.821,1.652,51.378,,,,,0
2026-10-08T07:00Z,2026-10-10T07:00Z,2827395,48,3.5,4.3,10.7,13.7,15.9,h,4.3,15.9,4.3,15.9,0,0,510.545,5.149,2.447,19.5,18,0.478,14,283,26.182,85.897,3.856,79.121,,,,,0
2026-10-08T07:00Z,2026-10-08T08:00Z,2827396,1,12.3,11.9,11.1,10.7,12.2,h,11.9,12.2,11.9,12.2,0,0.003,839.264,1.024,0.007,10.3,12.2,-0.034,15,281,30.609,61.478,0.82,69.287,,,,,0
2026-10-08T07:00Z,2026-10-08T10:00Z,2827396,3,14.1,13.6,11.5,11.1,12.3,h,13.6,12.3,13.6,12.3,0,0.003,62.506,0.483,0.011,10.3,12.2,-0.034,17,281,29.379,73.389,0.343,340.974,,,,,0
2026-10-08T07:00Z,2026-10-08T13:00Z,2827396,6,17.8,17.2,12.1,11.7,12.2,h,17.2,12.2,17.2,12.2,0,0.003,26.928,0.901,0,10.3,12.2,-0.034,20,281,26.306,85.091,0.448,216.851,,,,,0
2026-10-08T07:00Z,2026-10-08T19:00Z,2827396,12,16.4,15.9,13.8,13.4,12.5,h,15.9,12.5,15.9,12.5,0,0.003,23.765,0.351,0,10.3,12.2,-0.034,2,281,23.785,89.603,0.171,359.901,,,,,0
2026-10-08T07:00Z,2026-10-09T07:00Z,2827396,24,15.8,15.5,16.9,16.5,13.3,h,15.5,13.3,15.5,13.3,0,0.005,1073.357,1.214,0.012,10.3,12.2,-0.034,14,282,31.043,61.746,0.869,49.84,,,,,0
2026-10-08T07:00Z,2026-10-10T07:00Z,2827396,48,12.8,12.6,16.7,16.4,13.7,h,12.6,13.7,12.6,13.7,0,0.003,848.529,1.672,0.093,10.3,12.2,-0.034,14,283,30.057,66.892,1.324,45.024,,,,,0
2026-10-08T07:00Z,2026-10-08T08:00Z,2832266,1,6.3,6.3,,,,h,6.3,,6.3,,0,0.002,1304.36,3.415,0.1,,,0,15,281,31.781,55.949,2.607,12.911,,,,,0
2026-10-08T07:00Z,2026-10-08T10:00Z,2832266,3,6.8,6.8,,,,h,6.8,,6.8,,0,0.001,505.382,3.158,0.039,,,0,17,281,30.079,67.672,1.659,28.383,,,,,0
2026-10-08T07:00Z,2026-10-08T13:00Z,2832266,6,9.4,9.4,,,,h,9.4,,9.4,,0,0.001,69.852,1.927,0,,,0,20,281,26.4,82.446,1.044,32.291,,,,,0
2026-10-08T07:00Z,2026-10-08T19:00Z,2832266,12,8.6,8.6,,,,h,8.6,,8.6,,0,0.001,80.911,2.27,0,,,0,2,281,24.198,89.193,1.019,19.991,,,,,0
2026-10-08T07:00Z,2026-10-09T07:00Z,2832266,24,8.9,8.9,,,,h,8.9,,8.9,,0,0.005,1260.293,4.256,0.189,,,0,14,282,31.58,60.222,3.197,30.098,,,,,0
2026-10-08T07:00Z,2026-10-10T07:00Z,2832266,48,4.4,4.4,,,,h,4.4,,4.4,,0,0.006,1103.453,1.926,0.214,,,0,14,283,31.171,66.422,1.482,102.897,,,,,0
2026-10-08T07:00Z,2026-10-08T08:00Z,2832600,1,12.3,11,11.1,9.9,6.8,h,11,6.8,11,6.8,0,0.004,913.179,1.115,0.049,9.7,6.8,-0.104,15,281,30.167,60.684,0.857,87.917,,,,,0
2026-10-08T07:00Z,2026-10-08T10:00Z,2832600,3,14.1,12.7,11.5,10.3,6.9,h,12.7,6.9,12.7,6.9,0,0.004,79.722,0.622,0.049,9.7,6.8,-0.104,17,281,28.788,71.779,0.37,11.119,,,,,0
2026-10-08T07:00Z,2026-10-08T13:00Z,2832600,6,17.8,16.2,12.1,10.8,7,h,16.2,7,16.2,7,0,0.004,22.985,0.774,0,9.7,6.8,-0.104,20,281,25.549,88.208,0.374,224.216,,,,,0
2026-10-08T07:00Z,2026-10-08T19:00Z,2832600,12,16.4,15.1,13.8,12.5,8,h,15.1,8,15.1,8,0,0.003,28.347,0.272,0,9.7,6.8,-0.104,2,281,23.667,88.578,0.068,25.041,,,,,0
2026-10-08T07:00Z,2026-10-09T07:00Z,2832600,24,15.8,14.8,16.9,15.6,9.1,h,14.8,9.1,14.8,9.1,0,0.005,1008.966,1.363,0.028,9.7,6.8,-0.104,14,282,30.487,61.694,1.03,62.667,,,,,0
2026-10-08T07:00Z,2026-10-10T07:00Z,2832600,48,12.8,12.3,16.7,15.9,10,h,12.3,10,12.3,10,0,0.003,754.843,2.866,0.235,9.7,6.8,-0.104,14,283,29.393,68.238,2.225,54.921,,,,,0
2026-10-08T07:00Z,2026-10-08T08:00Z,2843720,1,3.7,11.5,4.9,15.3,15.1,h,11.5,15.1,11.5,15.1,0,0.004,1129.861,1.284,0,13.1,15.1,1.021,15,281,30.538,57.089,0.97,355.206,,,,,0
2026-10-08T07:00Z,2026-10-08T10:00Z,2843720,3,4.5,13.1,4.5,14.1,15.1,h,13.1,15.1,13.1,15.1,0,0.005,45.882,0.741,0.025,13.1,15.1,1.021,17,281,29.531,64.627,0.477,77.123,,,,,0
2026-10-08T07:00Z,2026-10-08T13:00Z,2843720,6,8.4,21.7,4.5,13.9,15,h,21.7,15,21.7,15,0,0.008,40.508,2.274,0,13.1,15.1,1.021,20,281,25.451,85.618,0.901,151.271,,,,,0
2026-10-08T07:00Z,2026-10-08T19:00Z,2843720,12,11.1,25.4,5.7,15.6,15.4,h,25.4,15.4,25.5,15.4,0,0.009,24.214,0.818,0,13.1,15.1,1.021,2,281,22.807,91.701,0.303,89.943,,,,,0
2026-10-08T07:00Z,2026-10-09T07:00Z,2843720,24,7.4,14.4,9.5,21.6,16.8,h,14.4,16.8,14.4,16.8,0,0.007,1157.681,1.362,0.003,13.1,15.1,1.021,14,282,31.318,55.517,1.014,34.481,,,,,0
2026-10-08T07:00Z,2026-10-10T07:00Z,2843720,48,10.4,15.5,11,18.1,16.2,h,15.5,16.2,15.5,16.2,0,0.007,336.185,3.204,0.928,13.1,15.1,1.021,14,283,26.62,83.33,2.429,96.579,,,,,0
2026-10-08T07:00Z,2026-10-08T08:00Z,2843723,1,7.9,17.4,11.2,25,19.3,h,17.4,19.3,17.4,19.3,0,0.005,518.784,3.045,1.743,17,19.3,0.757,15,281,28.964,79.087,2.477,305.91,,,,,0
2026-10-08T07:00Z,2026-10-08T10:00Z,2843723,3,9.1,19.3,10.9,24.3,19.4,h,19.3,19.4,19.3,19.4,0,0.007,306.893,2.001,0.275,17,19.3,0.757,17,281,28.297,80.219,1.554,274.439,,,,,0
2026-10-08T07:00Z,2026-10-08T13:00Z,2843723,6,18.6,36.7,11.5,25.2,19.5,h,36.7,19.5,36.7,19.5,0,0.008,53.202,1.777,0,17,19.3,0.757,20,281,26.873,89.287,0.757,4.18,,,,,0
2026-10-08T07:00Z,2026-10-08T19:00Z,2843723,12,27.5,49.8,15.5,31.5,21.7,h,49.8,21.7,49.9,21.7,0,0.236,57.054,2.462,0.01,17,19.3,0.757,2,281,25.608,90.954,1.09,346.831,,,,,0
2026-10-08T07:00Z,2026-10-09T07:00Z,2843723,24,8.9,14.5,16.5,30.4,22.9,h,14.5,22.9,14.5,22.9,0.005,0.013,1088.032,3.42,0.465,17,19.3,0.757,14,282,30.915,62.414,2.779,351.475,,,,,0
2026-10-08T07:00Z,2026-10-10T07:00Z,2843723,48,4,5.6,8.3,12.3,15.8,h,5.6,15.8,5.6,15.8,0,0.006,963.25,1.899,0.556,17,19.3,0.757,14,283,30.419,66.346,1.475,26.137,,,,,0
2026-10-08T07:00Z,2026-10-08T08:00Z,2843771,1,9.4,9.4,,,,h,9.4,,9.4,,0,0.001,1116.482,0.724,0.007,,,0,15,281,28.469,63.933,0.599,71.454,,,,,0
2026-10-08T07:00Z,2026-10-08T10:00Z,2843771,3,10.5,10.5,,,,h,10.5,,10.5,,0,0.001,93.883,0.955,0.194,,,0,17,281,26.477,80.868,0.658,359.901,,,,,0
2026-10-08T07:00Z,2026-10-08T13:00Z,2843771,6,12.1,12.1,,,,h,12.1,,12.1,,0,0.001,21.083,0.561,0,,,0,20,281,23.282,93.466,0.129,139.499,,,,,0
2026-10-08T07:00Z,2026-10-08T19:00Z,2843771,12,7.4,7.4,,,,h,7.4,,7.4,,0,0.002,25.21,1.161,0.408,,,0,2,281,21,92.84,0.452,265.346,,,,,0
2026-10-08T07:00Z,2026-10-09T07:00Z,2843771,24,12.7,12.7,,,,h,12.7,,12.7,,0,0.003,1238.512,1.372,0.058,,,0,14,282,28.867,62.617,0.983,65.158,,,,,0
2026-10-08T07:00Z,2026-10-10T07:00Z,2843771,48,12.6,12.6,,,,h,12.6,,12.6,,0,0.002,351.499,0.314,0.864,,,0,14,283,24.736,89.094,0.23,312.916,,,,,0
2026-10-08T07:00Z,2026-10-08T08:00Z,2847192,1,10.7,10.7,,,,h,10.7,,10.7,,0.044,0.206,1114.002,1.951,0.066,,,0,15,281,31.359,62.44,1.562,53.838,,,,,0
2026-10-08T07:00Z,2026-10-08T10:00Z,2847192,3,11.5,11.5,,,,h,11.5,,11.5,,0.03,0.239,407.845,1.857,0.172,,,0,17,281,30.019,70.117,1.368,331.07,,,,,0
2026-10-08T07:00Z,2026-10-08T13:00Z,2847192,6,22.2,22.2,,,,h,22.2,,22.2,,0.009,1.112,106.453,1.764,0.353,,,0,20,281,26.871,88.404,0.885,47.28,,,,,0
2026-10-08T07:00Z,2026-10-08T19:00Z,2847192,12,13.6,13.6,,,,h,13.6,,13.6,,0.003,0.014,88.444,2.172,0,,,0,2,281,25.47,93.333,1.036,322.926,,,,,0
2026-10-08T07:00Z,2026-10-09T07:00Z,2847192,24,12.2,12.2,,,,h,12.2,,12.2,,0.003,0.01,1222.984,2.849,0.05,,,0,14,282,31.991,58.064,2.237,32.622,,,,,0
2026-10-08T07:00Z,2026-10-10T07:00Z,2847192,48,8.7,8.7,,,,h,8.7,,8.7,,0,0.003,874.631,3.508,0.486,,,0,14,283,30.16,67.75,2.702,63.684,,,,,0
2026-10-08T07:00Z,2026-10-08T08:00Z,2847196,1,7.9,20.2,11.2,29.2,21.6,h,20.2,21.6,20.2,21.6,0,0.035,594.288,2.651,1.131,19.8,21.6,0.907,15,281,29.236,75.491,2.231,309.987,,,,,0
2026-10-08T07:00Z,2026-10-08T10:00Z,2847196,3,9.1,22.3,10.9,28.4,21.7,h,22.3,21.7,22.3,21.7,0,0.02,291.499,1.76,0.176,19.8,21.6,0.907,17,281,28.663,77.275,1.474,291.681,,,,,0
2026-10-08T07:00Z,2026-10-08T13:00Z,2847196,6,18.6,41.9,11.5,29.3,22.1,h,41.9,22.1,41.9,22.1,0,0.405,147.285,1.287,0,19.8,21.6,0.907,20,281,27.151,86.615,0.722,353.984,,,,,0
2026-10-08T07:00Z,2026-10-08T19:00Z,2847196,12,27.5,55.9,15.5,36.2,25.1,h,55.9,25.1,56,25.1,0,0.196,158.282,2.409,0.038,19.8,21.6,0.907,2,281,26.026,87.125,1.348,349.235,,,,,0
2026-10-08T07:00Z,2026-10-09T07:00Z,2847196,24,8.9,16,16.5,34.3,25.7,h,16,25.7,16,25.7,0.003,0.009,1031.607,3.627,0.327,19.8,21.6,0.907,14,282,30.596,63.975,2.972,357.134,,,,,0
2026-10-08T07:00Z,2026-10-10T07:00Z,2847196,48,4,5.9,8.3,13.2,17.4,h,5.9,17.4,5.9,17.4,0,0.006,880.517,1.275,0.386,19.8,21.6,0.907,14,283,30.078,68.053,0.983,26.196,,,,,0
2026-10-08T07:00Z,2026-10-08T08:00Z,2847198,1,7.1,7.1,,,,h,7.1,,7.1,,0,0.029,1070.917,0.543,0,,,0,15,281,30.154,54.743,0.535,259.69,,,,,0
2026-10-08T07:00Z,2026-10-08T10:00Z,2847198,3,7.8,7.8,,,,h,7.8,,7.8,,0,0.024,94.798,0.595,0,,,0,17,281,29.185,61.45,0.496,290.186,,,,,0
2026-10-08T07:00Z,2026-10-08T13:00Z,2847198,6,12.7,12.7,,,,h,12.7,,12.7,,0,0.019,20.603,0.385,0,,,0,20,281,26.014,79.156,0.166,334.277,,,,,0
2026-10-08T07:00Z,2026-10-08T19:00Z,2847198,12,19.6,19.6,,,,h,19.6,,19.6,,0,0.016,21.733,0.672,0,,,0,2,281,23.445,89.686,0.146,28.641,,,,,0
2026-10-08T07:00Z,2026-10-09T07:00Z,2847198,24,7,7,,,,h,7,,7,,0,0.01,1180.923,0.757,0.032,,,0,14,282,30.732,56.191,0.535,51.634,,,,,0
2026-10-08T07:00Z,2026-10-10T07:00Z,2847198,48,13.9,13.9,,,,h,13.9,,13.9,,0,0.005,1324.914,3.82,0.222,,,0,14,283,30.507,57.673,2.919,64.294,,,,,0
2026-10-08T07:00Z,2026-10-08T08:00Z,2848810,1,19.2,13,29.9,20.1,15.9,h,13,15.9,13,15.9,0.011,0.115,1033.936,1.588,0.201,11.3,15.9,-0.385,15,281,31.389,63.994,1.303,25.491,,,,,0
2026-10-08T07:00Z,2026-10-08T10:00Z,2848810,3,21.8,15,29.4,19.8,15.9,h,15,15.9,15,15.9,0.019,0.103,285.268,2.438,0.271,11.3,15.9,-0.385,17,281,29.53,74.655,1.829,302.872,,,,,0
2026-10-08T07:00Z,2026-10-08T13:00Z,2848810,6,51.1,36.4,30,20.3,16.2,h,36.4,16.2,36.4,16.2,0.023,0.07,48.413,1.852,0.69,11.3,15.9,-0.385,20,281,26.25,91.21,1.129,77.327,,,,,0
2026-10-08T07:00Z,2026-10-08T19:00Z,2848810,12,31.5,23.2,31.2,21.8,17.5,h,23.2,17.5,23.3,17.5,0.012,0.042,83.036,2.665,0,11.3,15.9,-0.385,2,281,25.213,96.934,1.112,303.72,,,,,0
2026-10-08T07:00Z,2026-10-09T07:00Z,2848810,24,17.3,13.6,29.7,21.7,17.8,h,13.6,17.8,13.6,17.8,0.027,0.042,1302.602,2.536,0.085,11.3,15.9,-0.385,14,282,32.216,58.029,1.996,28.571,,,,,0
2026-10-08T07:00Z,2026-10-10T07:00Z,2848810,48,16.9,14.6,32.6,27.1,21.5,h,14.6,21.5,14.6,21.5,0,0.004,1121.784,2.76,0.344,11.3,15.9,-0.385,14,283,31.576,61.693,2.118,54.011,,,,,0
2026-10-08T07:00Z,2026-10-08T08:00Z,2909413,1,17.8,17.8,,,,h,17.8,,17.8,,0,0.02,626.982,2.206,1.196,,,0,15,281,29.812,74.153,1.681,322.381,,,,,0
2026-10-08T07:00Z,2026-10-08T10:00Z,2909413,3,20.3,20.3,,,,h,20.3,,20.3,,0,0.022,281.457,1.957,0.179,,,0,17,281,29.135,76.091,1.5,273.752,,,,,0
2026-10-08T07:00Z,2026-10-08T13:00Z,2909413,6,39.8,39.8,,,,h,39.8,,39.8,,0,0.019,34.303,1.05,0.482,,,0,20,281,26.755,90.784,0.803,32.421,,,,,0
2026-10-08T07:00Z,2026-10-08T19:00Z,2909413,12,44,44,,,,h,44,,44.1,,0.002,0.022,43.156,2.241,0,,,0,2,281,25.298,94.428,0.904,329.174,,,,,0
2026-10-08T07:00Z,2026-10-09T07:00Z,2909413,24,14.3,14.3,,,,h,14.3,,14.3,,0.013,0.026,1140.062,2.653,0.335,,,0,14,282,31.407,61.211,2.129,358.886,,,,,0
2026-10-08T07:00Z,2026-10-10T07:00Z,2909413,48,8.5,8.5,,,,h,8.5,,8.5,,0,0.005,1063.583,1.894,0.436,,,0,14,283,31.065,63.607,1.382,49.275,,,,,0
2026-10-08T07:00Z,2026-10-08T08:00Z,2926254,1,9.4,9.4,,,,h,9.4,,9.4,,0,0.001,1031.801,1.314,0.079,,,0,15,281,27.967,63.885,1.072,76.496,,,,,0
2026-10-08T07:00Z,2026-10-08T10:00Z,2926254,3,10.5,10.5,,,,h,10.5,,10.5,,0,0.001,245.233,1.377,0.236,,,0,17,281,25.761,80.283,0.944,352.086,,,,,0
2026-10-08T07:00Z,2026-10-08T13:00Z,2926254,6,12.1,12.1,,,,h,12.1,,12.1,,0,0.002,27.092,0.403,0,,,0,20,281,22.728,95.413,0.289,225.698,,,,,0
2026-10-08T07:00Z,2026-10-08T19:00Z,2926254,12,7.4,7.4,,,,h,7.4,,7.4,,0,0.002,31.062,1.518,0.09,,,0,2,281,20.96,93.868,0.691,221.103,,,,,0
2026-10-08T07:00Z,2026-10-09T07:00Z,2926254,24,12.7,12.7,,,,h,12.7,,12.7,,0,0.004,1146.289,2.356,0.013,,,0,14,282,28.572,62.323,1.736,72.424,,,,,0
2026-10-08T07:00Z,2026-10-10T07:00Z,2926254,48,12.6,12.6,,,,h,12.6,,12.6,,0,0.002,616.756,1.673,0.703,,,0,14,283,25.81,79.65,1.246,81.409,,,,,0
2026-10-08T07:00Z,2026-10-08T08:00Z,2927999,1,7.6,10.1,9.9,13.2,10,h,10.1,10,10.1,10,0,0.002,1068.695,2.274,0.074,11.4,10,0.269,15,281,31.322,62.39,1.83,61.637,,,,,0
2026-10-08T07:00Z,2026-10-08T10:00Z,2927999,3,8,10.5,9.4,12.6,10,h,10.5,10,10.5,10,0,0.003,418.248,2.116,0,11.4,10,0.269,17,281,29.844,72.208,1.594,354.189,,,,,0
2026-10-08T07:00Z,2026-10-08T13:00Z,2927999,6,10.7,13.8,9.2,12.3,10,h,13.8,10,13.8,10,0,0.002,89.124,2.63,0.202,11.4,10,0.269,20,281,26.313,88.985,1.574,328.83,,,,,0
2026-10-08T07:00Z,2026-10-08T19:00Z,2927999,12,13.9,17.3,10,13,10.5,h,17.3,10.5,17.3,10.5,0,0.001,79.987,3.392,0,11.4,10,0.269,2,281,24.839,94.242,1.343,336.132,,,,,0
2026-10-08T07:00Z,2026-10-09T07:00Z,2927999,24,9,10.7,11.5,14.3,11.4,h,10.7,11.4,10.7,11.4,0,0.007,1063.99,3.039,0.213,11.4,10,0.269,14,282,31.452,62.462,2.438,28.872,,,,,0
2026-10-08T07:00Z,2026-10-10T07:00Z,2927999,48,6.1,6.8,13.1,15,12.5,h,6.8,12.5,6.8,12.5,0,0.002,480.439,5.069,3.332,11.4,10,0.269,14,283,27.121,85.179,3.722,57.677,,,,,0
2026-10-08T07:00Z,2026-10-08T08:00Z,3019320,1,9.5,13.4,25.2,35.4,34.9,h,13.4,34.9,13.4,34.9,0.02,0.102,1011.468,1.675,0.137,19.8,34.9,0.331,15,281,31.447,63.899,1.381,25.163,,,,,0
2026-10-08T07:00Z,2026-10-08T10:00Z,3019320,3,10.3,14.3,25,35.2,34.8,h,14.3,34.8,14.3,34.8,0.034,0.098,276.485,2.479,0.219,19.8,34.9,0.331,17,281,29.797,73.401,1.871,299.844,,,,,0
2026-10-08T07:00Z,2026-10-08T13:00Z,3019320,6,27.2,36.5,26,36.4,34.8,h,36.5,34.8,36.5,34.8,0.041,0.082,47.201,1.848,0.863,19.8,34.9,0.331,20,281,26.304,91.61,1.203,86.722,,,,,0
2026-10-08T07:00Z,2026-10-08T19:00Z,3019320,12,32.4,42,26.4,36.3,34.6,h,42,34.6,42.1,34.6,0.02,0.063,78.128,2.536,0,19.8,34.9,0.331,2,281,25.149,97.582,1.087,300.522,,,,,0
2026-10-08T07:00Z,2026-10-09T07:00Z,3019320,24,11.6,14.3,22.5,29.3,33.1,h,14.3,33.1,14.3,33.1,0.029,0.047,1306.534,2.348,0.067,19.8,34.9,0.331,14,282,32.279,57.875,1.856,29.734,,,,,0
2026-10-08T07:00Z,2026-10-10T07:00Z,3019320,48,6.6,7.6,22.9,26.9,30.9,h,7.6,30.9,7.6,30.9,0,0.004,1154.986,2.684,0.31,19.8,34.9,0.331,14,283,31.742,60.793,2.061,58.955,,,,,0
2026-10-08T07:00Z,2026-10-08T08:00Z,3047340,1,10.5,1.4,24.1,4,2.2,h,1.4,2.2,1.4,2.2,0,0.01,1046.214,0.689,0.006,1.1,2.2,-1.621,15,281,30.354,57.192,0.566,168.946,,,,,0
2026-10-08T07:00Z,2026-10-08T10:00Z,3047340,3,11.2,1.7,24.5,4.1,2.2,h,1.7,2.2,1.7,2.2,0,0.011,63.208,0.976,0.102,1.1,2.2,-1.621,17,281,28.289,70.901,0.525,155.077,,,,,0
2026-10-08T07:00Z,2026-10-08T13:00Z,3047340,6,35,7.9,24.8,4.3,2.3,h,7.9,2.3,7.9,2.3,0,0.011,40.208,1.061,0,1.1,2.2,-1.621,20,281,24.93,90.131,0.437,169.128,,,,,0
2026-10-08T07:00Z,2026-10-08T19:00Z,3047340,12,43.3,11.9,25.5,5.2,2.9,h,11.9,2.9,11.9,2.9,0,0.009,51.442,0.983,0,1.1,2.2,-1.621,2,281,23.076,91.956,0.475,331.135,,,,,0
2026-10-08T07:00Z,2026-10-09T07:00Z,3047340,24,12.9,4.3,28,7.5,3.6,h,4.3,3.6,4.3,3.6,0,0.009,1230.803,0.021,0,1.1,2.2,-1.621,14,282,30.867,58.275,0.132,127.618,,,,,0
2026-10-08T07:00Z,2026-10-10T07:00Z,3047340,48,13.7,7.2,27,12.1,5.7,h,7.2,5.7,7.2,5.7,0,0.004,1307.817,1.063,0.095,1.1,2.2,-1.621,14,283,30.609,57.914,0.746,96.214,,,,,0
2026-10-08T07:00Z,2026-10-08T08:00Z,3090636,1,9.5,12.7,25.2,33.5,28,h,12.7,28,12.7,28,0.006,0.091,953.523,1.562,0.291,19,28,0.277,15,281,31.185,65.228,1.254,17.313,,,,,0
2026-10-08T07:00Z,2026-10-08T10:00Z,3090636,3,10.3,13.6,25,33.3,28,h,13.6,28,13.6,28,0.013,0.083,276.338,2.176,0.213,19,28,0.277,17,281,29.658,73.727,1.643,297.502,,,,,0
2026-10-08T07:00Z,2026-10-08T13:00Z,3090636,6,27.2,34.8,26,34.5,28,h,34.8,28,34.8,28,0.02,0.06,45.726,1.545,0.743,19,28,0.277,20,281,26.383,91.23,1.019,79.244,,,,,0
2026-10-08T07:00Z,2026-10-08T19:00Z,3090636,12,32.4,40.3,26.4,34.5,28.8,h,40.3,28.8,40.4,28.8,0.015,0.045,76.277,2.568,0,19,28,0.277,2,281,25.187,96.792,1.083,306.077,,,,,0
2026-10-08T07:00Z,2026-10-09T07:00Z,3090636,24,11.6,13.9,22.5,28.1,28,h,13.9,28,13.9,28,0.028,0.048,1262.477,2.412,0.113,19,28,0.277,14,282,32.079,58.837,1.903,24.82,,,,,0
2026-10-08T07:00Z,2026-10-10T07:00Z,3090636,48,6.6,7.4,22.9,26.2,27.1,h,7.4,27.1,7.4,27.1,0,0.004,1122.698,2.542,0.325,19,28,0.277,14,283,31.562,61.732,1.944,57.568,,,,,0
2026-10-08T07:00Z,2026-10-08T08:00Z,3097120,1,33.4,29.5,28.4,24.9,29.5,h,29.5,29.5,29.4,29.5,0.003,0.098,957.114,1.481,0.347,25.5,29.5,-0.127,15,281,31.106,65.39,1.184,17.225,,,,,0
2026-10-08T07:00Z,2026-10-08T10:00Z,3097120,3,39.9,35.4,28.6,25.1,29.7,h,35.4,29.7,35.3,29.7,0.007,0.086,280.806,2.015,0.241,25.5,29.5,-0.127,17,281,29.471,74.44,1.512,299.479,,,,,0
2026-10-08T07:00Z,2026-10-08T13:00Z,3097120,6,53.6,47.9,31.1,27.4,30,h,47.9,30,47.9,30,0.011,0.056,46.381,1.479,0.601,25.5,29.5,-0.127,20,281,26.37,90.836,0.898,69.717,,,,,0
2026-10-08T07:00Z,2026-10-08T19:00Z,3097120,12,48.4,43.8,40.2,35.7,32,h,43.8,32,43.9,32,0.009,0.037,80.24,2.706,0,25.5,29.5,-0.127,2,281,25.236,96.17,1.122,309.195,,,,,0
2026-10-08T07:00Z,2026-10-09T07:00Z,3097120,24,23.2,21.4,40.4,36.5,31.7,h,21.4,31.7,21.4,31.8,0.023,0.039,1245.098,2.56,0.133,25.5,29.5,-0.127,14,282,31.984,59.275,2.016,23.729,,,,,0
2026-10-08T07:00Z,2026-10-10T07:00Z,3097120,48,19.6,18.7,28.3,26.6,28.1,h,18.7,28.1,18.7,28.1,0,0.004,1091.041,2.557,0.344,25.5,29.5,-0.127,14,283,31.407,62.605,1.958,54.258,,,,,0
2026-10-08T07:00Z,2026-10-08T08:00Z,3203249,1,4.7,11.6,5.6,14.1,13.1,h,11.6,13.1,11.6,13.1,0,0,551.67,2.689,0.002,15.3,13.1,0.829,15,281,28.092,76.172,2.497,266.96,,,,,0
2026-10-08T07:00Z,2026-10-08T10:00Z,3203249,3,3.5,8.6,5.4,13.5,13.1,h,8.6,13.1,8.6,13.1,0,0,351.818,1.765,0.037,15.3,13.1,0.829,17,281,27.738,78.676,1.61,273.439,,,,,0
2026-10-08T07:00Z,2026-10-08T13:00Z,3203249,6,2.7,6.6,5.2,12.9,13.1,h,6.6,13.1,6.6,13.1,0,0,389.151,1.145,0.002,15.3,13.1,0.829,20,281,27.443,82.94,1.225,278.19,,,,,0
2026-10-08T07:00Z,2026-10-08T19:00Z,3203249,12,2.4,5.4,4.7,11.6,12.4,h,5.4,12.4,5.4,12.4,0,0,383.832,1.752,0.002,15.3,13.1,0.829,2,281,26.934,84.953,1.534,0.693,,,,,0
2026-10-08T07:00Z,2026-10-09T07:00Z,3203249,24,3.8,6.9,3.1,6.8,11.1,h,6.9,11.1,6.9,11.1,0,0,436.933,3.861,1.063,15.3,13.1,0.829,14,282,27.711,85.575,3.473,297.179,,,,,0
2026-10-08T07:00Z,2026-10-10T07:00Z,3203249,48,10.7,14.8,5.6,8.5,10.8,h,14.8,10.8,14.8,10.8,0,0,437.222,2.891,0.366,15.3,13.1,0.829,14,283,28.056,80.756,2.72,254.541,,,,,0
2026-10-08T07:00Z,2026-10-08T08:00Z,3276359,1,14.6,32.7,32.8,74.3,31.5,h,32.7,31.5,32.6,31.5,0,0.028,520.36,2.468,0.734,46.6,31.5,0.803,15,281,29.06,79.375,1.633,331.861,,,,,0
2026-10-08T07:00Z,2026-10-08T10:00Z,3276359,3,19.8,42.5,31.6,71.5,31.4,h,42.5,31.4,42.4,31.4,0,0.023,272.753,2.533,2.769,46.6,31.5,0.803,17,281,26.253,91.529,1.565,345.525,,,,,0
2026-10-08T07:00Z,2026-10-08T13:00Z,3276359,6,25.7,52.4,29.9,67.1,32,h,52.4,32,52.4,32,0,0.003,238.925,2.802,2.861,46.6,31.5,0.803,20,281,24.995,95.093,1.943,288.123,,,,,0
2026-10-08T07:00Z,2026-10-08T19:00Z,3276359,12,27.6,51.7,25.5,54.9,34.1,h,51.7,34.1,51.8,34.1,0,0.001,142.729,1.638,0.109,46.6,31.5,0.803,2,281,24.604,95.698,1.211,309.35,,,,,0
2026-10-08T07:00Z,2026-10-09T07:00Z,3276359,24,18.7,30.7,22.6,42.8,35.1,h,30.7,35.1,30.8,35.1,0,0,539.591,1.644,0.649,46.6,31.5,0.803,14,282,29.099,76.694,1.396,95.278,,,,,0
2026-10-08T07:00Z,2026-10-10T07:00Z,3276359,48,10.6,14.5,20.9,31,31.3,h,14.5,31.3,14.5,31.3,0,0,402.165,3.668,0.808,46.6,31.5,0.803,14,283,27.126,89.003,2.889,113.459,,,,,0
2026-10-08T07:00Z,2026-10-08T08:00Z,3400922,1,25.2,71.7,26.3,77.8,58.3,h,71.7,58.3,71.6,58.3,0,0,289.517,2.681,0.272,57.9,58.3,1.064,15,281,26.553,88.037,2.436,323.039,,,,,0
2026-10-08T07:00Z,2026-10-08T10:00Z,3400922,3,25.3,69,25.9,76.2,58.5,h,69,58.5,68.9,58.5,0,0,418.131,2.191,0.039,57.9,58.3,1.064,17,281,26.898,86.053,1.974,286.169,,,,,0
2026-10-08T07:00Z,2026-10-08T13:00Z,3400922,6,16.1,41.9,24.9,72.6,58.6,h,41.9,58.6,41.9,58.6,0,0,203.221,1.614,0.04,57.9,58.3,1.064,20,281,25.976,89.437,1.173,245.746,,,,,0
2026-10-08T07:00Z,2026-10-08T19:00Z,3400922,12,12.6,29.6,19.5,55.2,57,h,29.6,57,29.7,57,0,0,226.895,0.912,0.04,57.9,58.3,1.064,2,281,25.484,89.176,0.815,239.986,,,,,0
2026-10-08T07:00Z,2026-10-09T07:00Z,3400922,24,13.3,25.9,16.1,38.3,51.9,h,25.9,51.9,26,51.9,0,0,336.599,2.231,0.901,57.9,58.3,1.064,14,282,27.135,85.694,2.039,303.834,,,,,0
2026-10-08T07:00Z,2026-10-10T07:00Z,3400922,48,2.9,4.7,5,9.1,33.7,h,4.7,33.7,4.7,33.7,0,0,312.922,1.343,5.928,57.9,58.3,1.064,14,283,26.522,86.896,1.115,274.166,,,,,0
2026-10-08T07:00Z,2026-10-08T08:00Z,3400935,1,33.4,26.9,28.4,22.7,21,h,26.9,21,26.8,21,0.002,0.087,915.074,1.459,0.425,26,20.9,-0.217,15,281,30.963,66.212,1.147,11.29,,,,,0
2026-10-08T07:00Z,2026-10-08T10:00Z,3400935,3,39.9,32.5,28.6,22.9,21.2,h,32.5,21.2,32.4,21.2,0.004,0.077,278.364,1.87,0.223,26,20.9,-0.217,17,281,29.465,74.299,1.407,296.487,,,,,0
2026-10-08T07:00Z,2026-10-08T13:00Z,3400935,6,53.6,44.3,31.1,25,21.7,h,44.3,21.7,44.3,21.7,0.008,0.05,45.067,1.326,0.584,26,20.9,-0.217,20,281,26.432,90.75,0.822,66.362,,,,,0
2026-10-08T07:00Z,2026-10-08T19:00Z,3400935,12,48.4,40.9,40.2,32.9,24,h,40.9,24,41,24,0.009,0.036,77.249,2.686,0,26,20.9,-0.217,2,281,25.239,95.909,1.108,311.414,,,,,0
2026-10-08T07:00Z,2026-10-09T07:00Z,3400935,24,23.2,20.3,40.4,33.9,25.1,h,20.3,25.1,20.3,25.1,0.021,0.038,1221.65,2.547,0.156,26,20.9,-0.217,14,282,31.888,59.762,2.007,21.143,,,,,0
2026-10-08T07:00Z,2026-10-10T07:00Z,3400935,48,19.6,18.1,28.3,25.5,23.2,h,18.1,23.2,18.1,23.2,0,0.004,1083.029,2.451,0.344,26,20.9,-0.217,14,283,31.353,62.86,1.871,54.781,,,,,0
2026-10-08T07:00Z,2026-10-08T08:00Z,3400936,1,33.4,29.1,28.4,24.5,26,h,29.1,26,29,26,0.002,0.087,914.824,1.459,0.425,25.5,25.9,-0.14,15,281,30.962,66.217,1.148,11.248,,,,,0
2026-10-08T07:00Z,2026-10-08T10:00Z,3400936,3,39.9,35,28.6,24.7,26.2,h,35,26.2,34.9,26.2,0.004,0.077,278.333,1.87,0.223,25.5,25.9,-0.14,17,281,29.466,74.295,1.408,296.456,,,,,0
2026-10-08T07:00Z,2026-10-08T13:00Z,3400936,6,53.6,47.4,31.1,27.1,26.8,h,47.4,26.8,47.4,26.8,0.008,0.05,45.055,1.325,0.585,25.5,25.9,-0.14,20,281,26.432,90.752,0.823,66.41,,,,,0
2026-10-08T07:00Z,2026-10-08T19:00Z,3400936,12,48.4,43.4,40.2,35.3,28.9,h,43.4,28.9,43.5,28.9,0.009,0.036,77.202,2.684,0,25.5,25.9,-0.14,2,281,25.239,95.912,1.107,311.408,,,,,0
2026-10-08T07:00Z,2026-10-09T07:00Z,3400936,24,23.2,21.3,40.4,36.1,29.2,h,21.3,29.2,21.3,29.2,0.021,0.038,1221.668,2.546,0.156,25.5,25.9,-0.14,14,282,31.888,59.761,2.006,21.132,,,,,0
2026-10-08T07:00Z,2026-10-10T07:00Z,3400936,48,19.6,18.6,28.3,26.5,26.2,h,18.6,26.2,18.6,26.2,0,0.004,1083.196,2.451,0.344,25.5,25.9,-0.14,14,283,31.354,62.856,1.871,54.801,,,,,0
2026-10-08T07:00Z,2026-10-08T08:00Z,3400937,1,9.5,12.7,25.2,33.6,30.8,h,12.7,30.8,12.7,30.8,0.013,0.091,974.957,1.638,0.196,16.9,30.8,0.28,15,281,31.33,64.535,1.335,21.437,,,,,0
2026-10-08T07:00Z,2026-10-08T10:00Z,3400937,3,10.3,13.6,25,33.4,30.7,h,13.6,30.7,13.6,30.7,0.023,0.086,273.669,2.325,0.2,16.9,30.8,0.28,17,281,29.805,73.18,1.758,297.822,,,,,0
2026-10-08T07:00Z,2026-10-08T13:00Z,3400937,6,27.2,34.9,26,34.6,30.8,h,34.9,30.8,34.9,30.8,0.033,0.071,46.108,1.684,0.851,16.9,30.8,0.28,20,281,26.361,91.52,1.123,86.195,,,,,0
2026-10-08T07:00Z,2026-10-08T19:00Z,3400937,12,32.4,40.3,26.4,34.5,31.2,h,40.3,31.2,40.4,31.2,0.02,0.057,75.913,2.517,0,16.9,30.8,0.28,2,281,25.15,97.355,1.08,302.518,,,,,0
2026-10-08T07:00Z,2026-10-09T07:00Z,3400937,24,11.6,13.9,22.5,28.1,29.9,h,13.9,29.9,13.9,30,0.03,0.049,1283.914,2.325,0.085,16.9,30.8,0.28,14,282,32.191,58.351,1.838,27.512,,,,,0
2026-10-08T07:00Z,2026-10-10T07:00Z,3400937,48,6.6,7.4,22.9,26.2,28.5,h,7.4,28.5,7.4,28.5,0,0.004,1147.353,2.59,0.307,16.9,30.8,0.28,14,283,31.695,61.033,1.986,59.844,,,,,0
2026-10-08T07:00Z,2026-10-08T08:00Z,3400941,1,9.5,11.9,25.2,31.3,27.6,h,11.9,27.6,11.9,27.6,0.01,0.085,952.926,1.615,0.237,14.8,27.6,0.211,15,281,31.253,64.962,1.306,18.789,,,,,0
2026-10-08T07:00Z,2026-10-08T10:00Z,3400941,3,10.3,12.7,25,31.1,27.6,h,12.7,27.6,12.7,27.6,0.018,0.08,272.434,2.238,0.191,14.8,27.6,0.211,17,281,29.797,73.116,1.694,296.52,,,,,0
2026-10-08T07:00Z,2026-10-08T13:00Z,3400941,6,27.2,32.8,26,32.2,27.8,h,32.8,27.8,32.8,27.8,0.028,0.064,45.449,1.587,0.837,14.8,27.6,0.211,20,281,26.394,91.457,1.076,85.349,,,,,0
2026-10-08T07:00Z,2026-10-08T19:00Z,3400941,12,32.4,38.2,26.4,32.4,28.4,h,38.2,28.4,38.3,28.4,0.019,0.053,74.554,2.506,0,14.8,27.6,0.211,2,281,25.153,97.193,1.075,303.873,,,,,0
2026-10-08T07:00Z,2026-10-09T07:00Z,3400941,24,11.6,13.3,22.5,26.6,27.3,h,13.3,27.3,13.3,27.3,0.03,0.049,1270.489,2.319,0.098,14.8,27.6,0.211,14,282,32.136,58.634,1.833,26.011,,,,,0
2026-10-08T07:00Z,2026-10-10T07:00Z,3400941,48,6.6,7.2,22.9,25.4,26.5,h,7.2,26.5,7.2,26.5,0,0.004,1141.787,2.535,0.307,14.8,27.6,0.211,14,283,31.661,61.205,1.941,60.155,,,,,0
2026-10-08T07:00Z,2026-10-08T08:00Z,3400955,1,9,18.1,12.3,25.1,30.1,h,18.1,30.1,18.1,30.1,0,0.009,1198.697,2.832,0,20.9,30.1,0.674,15,281,29.259,55.488,2.217,346.516,,,,,0
2026-10-08T07:00Z,2026-10-08T10:00Z,3400955,3,9.2,18,12.3,25.1,30.2,h,18,30.2,18,30.2,0,0.013,310.331,2.799,0,20.9,30.1,0.674,17,281,27.67,68.595,1.563,6.906,,,,,0
2026-10-08T07:00Z,2026-10-08T13:00Z,3400955,6,11,20.5,12.8,25.8,30.1,h,20.5,30.1,20.5,30.1,0,0.026,53.944,2.712,0,20.9,30.1,0.674,20,281,24.83,80.703,1.26,103.428,,,,,0
2026-10-08T07:00Z,2026-10-08T19:00Z,3400955,12,17.7,30.3,13.3,25.9,29.6,h,30.3,29.6,30.4,29.6,0,0.038,59.038,2.57,0,20.9,30.1,0.674,2,281,22.827,91.772,0.909,78.071,,,,,0
2026-10-08T07:00Z,2026-10-09T07:00Z,3400955,24,16.8,25.6,15.6,26.4,28.9,h,25.6,28.9,25.7,28.9,0,0.014,1064.1,2.653,0,20.9,30.1,0.674,14,282,28.645,63.673,2.041,39.932,,,,,0
2026-10-08T07:00Z,2026-10-10T07:00Z,3400955,48,1.1,1.7,8.1,11.7,20.9,h,1.7,20.9,1.7,20.9,0,0,420.572,5.526,1.601,20.9,30.1,0.674,14,283,25.514,88.884,3.993,89.681,,,,,0
2026-10-08T07:00Z,2026-10-08T08:00Z,3400984,1,6.3,3.4,13.5,7.6,5.2,h,3.4,5.2,3.4,5.2,0,0,1024.386,4.568,0.369,3.4,5.2,-0.526,15,281,30.759,64.92,3.475,318.116,,,,,0
2026-10-08T07:00Z,2026-10-08T10:00Z,3400984,3,6.4,3.6,13.2,7.4,5.2,h,3.6,5.2,3.6,5.2,0,0,418.844,2.681,1.204,3.4,5.2,-0.526,17,281,27.973,81.453,1.756,326.238,,,,,0
2026-10-08T07:00Z,2026-10-08T13:00Z,3400984,6,12.8,7.8,12.5,7,5.3,h,7.8,5.3,7.8,5.3,0,0,84.706,0.828,0.189,3.4,5.2,-0.526,20,281,25.771,95.306,0.801,224.065,,,,,0
2026-10-08T07:00Z,2026-10-08T19:00Z,3400984,12,13.3,8.6,11.5,6.7,5.6,h,8.6,5.6,8.6,5.6,0,0,101.819,1.007,0.161,3.4,5.2,-0.526,2,281,24.733,95.609,0.573,52.921,,,,,0
2026-10-08T07:00Z,2026-10-09T07:00Z,3400984,24,4.5,3,10,6.4,5.6,h,3,5.6,3,5.6,0,0,696.842,2.087,0.964,3.4,5.2,-0.526,14,282,29.494,73.494,1.615,336.561,,,,,0
2026-10-08T07:00Z,2026-10-10T07:00Z,3400984,48,8.3,6.7,7.1,5.3,5.3,h,6.7,5.3,6.7,5.3,0,0,351.75,1.183,1.232,3.4,5.2,-0.526,14,283,28.038,83.997,0.847,37.656,,,,,0
2026-10-08T07:00Z,2026-10-08T08:00Z,3400986,1,13.8,24.9,12.4,22.9,36.4,h,24.9,36.4,24.9,36.4,0,0.009,1465.845,0.352,0,22.5,36.4,0.582,15,281,30.18,54.966,0.275,322.288,,,,,0
2026-10-08T07:00Z,2026-10-08T10:00Z,3400986,3,13.6,23.9,13.2,24.2,36.4,h,23.9,36.4,23.9,36.4,0,0.012,516.14,1.971,0,22.5,36.4,0.582,17,281,28.755,64.541,1.283,71.648,,,,,0
2026-10-08T07:00Z,2026-10-08T13:00Z,3400986,6,22.6,38,14.6,26.6,36.2,h,38,36.2,38,36.2,0,0.014,40.339,1.176,0,22.5,36.4,0.582,20,281,25.446,83.052,0.492,95.31,,,,,0
2026-10-08T07:00Z,2026-10-08T19:00Z,3400986,12,24.3,38.4,18.2,31.6,36.6,h,38.4,36.6,38.5,36.6,0,0.128,89.814,3.213,0,22.5,36.4,0.582,2,281,23.112,85.615,1.389,68.623,,,,,0
2026-10-08T07:00Z,2026-10-09T07:00Z,3400986,24,11.8,17.1,20,31.9,35.2,h,17.1,35.2,17.1,35.2,0,0.07,1247.868,1.228,0,22.5,36.4,0.582,14,282,30.66,57.242,0.953,44.366,,,,,0
2026-10-08T07:00Z,2026-10-10T07:00Z,3400986,48,6.5,8.3,16.6,22,31.4,h,8.3,31.4,8.3,31.4,0,0.003,647.539,5.609,1.747,22.5,36.4,0.582,14,283,26.708,83.257,4.263,72.833,,,,,0
2026-10-08T07:00Z,2026-10-08T08:00Z,3401031,1,33.4,29.8,28.4,25.2,27,h,29.8,27,29.7,27,0.003,0.096,947.869,1.476,0.363,24.6,26.9,-0.115,15,281,31.076,65.563,1.176,15.986,,,,,0
2026-10-08T07:00Z,2026-10-08T10:00Z,3401031,3,39.9,35.8,28.6,25.4,27.1,h,35.8,27.1,35.7,27.1,0.006,0.084,280.162,1.984,0.237,24.6,26.9,-0.115,17,281,29.473,74.393,1.49,298.829,,,,,0
2026-10-08T07:00Z,2026-10-08T13:00Z,3401031,6,53.6,48.4,31.1,27.7,27.6,h,48.4,27.6,48.4,27.6,0.011,0.054,46.085,1.445,0.6,24.6,26.9,-0.115,20,281,26.384,90.823,0.882,69.227,,,,,0
2026-10-08T07:00Z,2026-10-08T19:00Z,3401031,12,48.4,44.2,40.2,36.1,29.9,h,44.2,29.9,44.3,29.9,0.009,0.037,79.538,2.699,0,24.6,26.9,-0.115,2,281,25.236,96.124,1.119,309.626,,,,,0
2026-10-08T07:00Z,2026-10-09T07:00Z,3401031,24,23.2,21.6,40.4,36.8,30.1,h,21.6,30.1,21.6,30.1,0.022,0.039,1240.16,2.554,0.138,24.6,26.9,-0.115,14,282,31.964,59.377,2.012,23.192,,,,,0
2026-10-08T07:00Z,2026-10-10T07:00Z,3401031,48,19.6,18.8,28.3,26.8,26.8,h,18.8,26.8,18.8,26.8,0,0.004,1089.795,2.533,0.344,24.6,26.9,-0.115,14,283,31.397,62.647,1.938,54.439,,,,,0
2026-10-08T07:00Z,2026-10-08T08:00Z,3402586,1,17.8,14.7,26.7,22,22.1,h,14.7,22.1,14.7,22.1,0,0.031,699.534,1.848,0.858,21.6,22.1,-0.185,15,281,30.26,71.228,1.376,336.915,,,,,0
2026-10-08T07:00Z,2026-10-08T10:00Z,3402586,3,20.3,17,26.8,22.2,22.2,h,17,22.2,17,22.2,0,0.031,270,1.884,0.135,21.6,22.1,-0.185,17,281,29.527,74.023,1.445,277.098,,,,,0
2026-10-08T07:00Z,2026-10-08T13:00Z,3402586,6,39.8,33.8,29.1,24.1,22.5,h,33.8,22.5,33.8,22.5,0.002,0.024,36.851,0.884,0.678,21.6,22.1,-0.185,20,281,26.712,91.083,0.819,58.493,,,,,0
2026-10-08T07:00Z,2026-10-08T19:00Z,3402586,12,44,38.1,34.6,29.1,23.6,h,38.1,23.6,38.2,23.6,0.006,0.025,51.079,2.245,0,21.6,22.1,-0.185,2,281,25.214,95.49,0.926,320.349,,,,,0
2026-10-08T07:00Z,2026-10-09T07:00Z,3402586,24,14.3,12.7,31.9,27.5,23.8,h,12.7,23.8,12.7,23.9,0.019,0.035,1161.822,2.39,0.256,21.6,22.1,-0.185,14,282,31.604,60.796,1.908,5.784,,,,,0
2026-10-08T07:00Z,2026-10-10T07:00Z,3402586,48,8.5,7.9,19.7,18,20,h,7.9,20,7.9,20,0,0.005,1097.51,1.978,0.364,21.6,22.1,-0.185,14,283,31.308,62.62,1.454,58.671,,,,,0
2026-10-08T07:00Z,2026-10-08T08:00Z,3402593,1,17.8,13.2,26.7,19.6,16.9,h,13.2,16.9,13.2,16.9,0,0.031,701.172,1.843,0.854,18.9,16.9,-0.296,15,281,30.266,71.184,1.372,337.147,,,,,0
2026-10-08T07:00Z,2026-10-08T10:00Z,3402593,3,20.3,15.2,26.8,19.7,17,h,15.2,17,15.2,17,0,0.031,270.011,1.881,0.136,18.9,16.9,-0.296,17,281,29.527,74.018,1.442,277.222,,,,,0
2026-10-08T07:00Z,2026-10-08T13:00Z,3402593,6,39.8,30.6,29.1,21.5,17.3,h,30.6,17.3,30.6,17.3,0.002,0.024,36.917,0.886,0.677,18.9,16.9,-0.296,20,281,26.71,91.08,0.819,58.594,,,,,0
2026-10-08T07:00Z,2026-10-08T19:00Z,3402593,12,44,34.9,34.6,26.1,18.6,h,34.9,18.6,35,18.6,0.006,0.025,51.305,2.249,0,18.9,16.9,-0.296,2,281,25.214,95.494,0.927,320.262,,,,,0
2026-10-08T07:00Z,2026-10-09T07:00Z,3402593,24,14.3,11.8,31.9,25.2,19.6,h,11.8,19.6,11.8,19.6,0.019,0.035,1162.117,2.39,0.256,18.9,16.9,-0.296,14,282,31.605,60.792,1.908,5.919,,,,,0
2026-10-08T07:00Z,2026-10-10T07:00Z,3402593,48,8.5,7.5,19.7,17,17,h,7.5,17,7.5,17,0,0.005,1097.363,1.981,0.363,18.9,16.9,-0.296,14,283,31.308,62.623,1.457,58.665,,,,,0
2026-10-08T07:00Z,2026-10-08T08:00Z,3402594,1,17.8,13,26.7,19.4,18.4,h,13,18.4,13,18.4,0,0.031,702.097,1.84,0.86,19.2,18.4,-0.304,15,281,30.259,71.206,1.371,336.935,,,,,0
2026-10-08T07:00Z,2026-10-08T10:00Z,3402594,3,20.3,15.1,26.8,19.6,18.5,h,15.1,18.5,15.1,18.5,0,0.031,270.616,1.874,0.139,19.2,18.4,-0.304,17,281,29.508,74.108,1.437,277.38,,,,,0
2026-10-08T07:00Z,2026-10-08T13:00Z,3402594,6,39.8,30.4,29.1,21.4,18.8,h,30.4,18.8,30.4,18.8,0.002,0.025,36.98,0.894,0.665,19.2,18.4,-0.304,20,281,26.707,91.05,0.813,57.23,,,,,0
2026-10-08T07:00Z,2026-10-08T19:00Z,3402594,12,44,34.7,34.6,25.9,20,h,34.7,20,34.8,20,0.006,0.026,51.593,2.26,0,19.2,18.4,-0.304,2,281,25.219,95.444,0.928,320.483,,,,,0
2026-10-08T07:00Z,2026-10-09T07:00Z,3402594,24,14.3,11.8,31.9,25,20.5,h,11.8,20.5,11.8,20.5,0.018,0.035,1161.54,2.404,0.257,19.2,18.4,-0.304,14,282,31.6,60.809,1.918,5.919,,,,,0
2026-10-08T07:00Z,2026-10-10T07:00Z,3402594,48,8.5,7.5,19.7,16.9,17.7,h,7.5,17.7,7.5,17.7,0,0.005,1094.907,1.984,0.366,19.2,18.4,-0.304,14,283,31.295,62.69,1.46,58.181,,,,,0
2026-10-08T07:00Z,2026-10-08T08:00Z,3405765,1,6.3,5.6,13.5,12.1,5.9,h,5.6,5.9,5.6,5.9,0,0,1022,4.562,0.373,6.3,5.9,-0.1,15,281,30.736,65.023,3.469,318.105,,,,,0
2026-10-08T07:00Z,2026-10-08T10:00Z,3405765,3,6.4,5.7,13.2,11.9,5.9,h,5.7,5.9,5.7,5.9,0,0,418.476,2.682,1.201,6.3,5.9,-0.1,17,281,27.961,81.51,1.756,326.218,,,,,0
2026-10-08T07:00Z,2026-10-08T13:00Z,3405765,6,12.8,11.7,12.5,11.2,6,h,11.7,6,11.7,6,0,0,84.435,0.822,0.188,6.3,5.9,-0.1,20,281,25.761,95.32,0.795,224.683,,,,,0
2026-10-08T07:00Z,2026-10-08T19:00Z,3405765,12,13.3,12.2,11.5,10.4,6.7,h,12.2,6.7,12.2,6.7,0,0,101.586,1.004,0.16,6.3,5.9,-0.1,2,281,24.726,95.607,0.569,52.269,,,,,0
2026-10-08T07:00Z,2026-10-09T07:00Z,3405765,24,4.5,4.2,10,9.2,7,h,4.2,7,4.2,7,0,0,695.618,2.089,0.964,6.3,5.9,-0.1,14,282,29.476,73.582,1.616,336.52,,,,,0
2026-10-08T07:00Z,2026-10-10T07:00Z,3405765,48,8.3,8,7.1,6.7,6.3,h,8,6.3,8,6.3,0,0,350.854,1.177,1.236,6.3,5.9,-0.1,14,283,28.024,84.06,0.843,37.435,,,,,0
2026-10-08T07:00Z,2026-10-08T08:00Z,3412669,1,13.8,20.7,12.4,18.9,26.3,h,20.7,26.3,20.7,26.3,0,0.004,1448.888,0.579,0,17.2,26.3,0.399,15,281,30.212,54.754,0.448,346.335,,,,,0
2026-10-08T07:00Z,2026-10-08T10:00Z,3412669,3,13.6,20.1,13.2,20,26.5,h,20.1,26.5,20.1,26.5,0,0.006,565.486,2.082,0,17.2,26.3,0.399,17,281,28.806,64.266,1.323,63.087,,,,,0
2026-10-08T07:00Z,2026-10-08T13:00Z,3412669,6,22.6,32.3,14.6,22,26.5,h,32.3,26.5,32.3,26.5,0,0.01,40.651,1.234,0,17.2,26.3,0.399,20,281,25.535,82.591,0.508,83.061,,,,,0
2026-10-08T07:00Z,2026-10-08T19:00Z,3412669,12,24.3,33.3,18.2,26.6,27.1,h,33.3,27.1,33.4,27.1,0,0.067,88.743,3.202,0,17.2,26.3,0.399,2,281,23.113,86.223,1.344,66.423,,,,,0
2026-10-08T07:00Z,2026-10-09T07:00Z,3412669,24,11.8,15.2,20,27.5,26.6,h,15.2,26.6,15.2,26.6,0,0.056,1274.11,1.539,0,17.2,26.3,0.399,14,282,30.72,56.884,1.186,40.322,,,,,0
2026-10-08T07:00Z,2026-10-10T07:00Z,3412669,48,6.5,7.7,16.6,20.1,24.1,h,7.7,24.1,7.7,24.1,0,0.002,660.401,5.455,1.621,17.2,26.3,0.399,14,283,26.888,82.647,4.145,72.037,,,,,0
2026-10-08T07:00Z,2026-10-08T08:00Z,3478630,1,3.4,16.7,4.5,22.3,24,h,16.7,24,16.7,24,0,0,851.979,1.42,0,14.9,24,1.453,15,281,28.747,52.9,0.996,18.141,,,,,0
2026-10-08T07:00Z,2026-10-08T10:00Z,3478630,3,3.9,17.7,4.6,22.7,24.2,h,17.7,24.2,17.7,24.2,0,0,278.295,1.345,0,14.9,24,1.453,17,281,27.483,64.294,0.606,32.424,,,,,0
2026-10-08T07:00Z,2026-10-08T13:00Z,3478630,6,6.4,25,4.9,23.4,24,h,25,24,25,24,0,0,20.807,1.179,0,14.9,24,1.453,20,281,23.721,77.848,0.142,28.478,,,,,0
2026-10-08T07:00Z,2026-10-08T19:00Z,3478630,12,9.6,31.1,5.8,24.8,24.2,h,31.1,24.2,31.2,24.2,0,0.002,26.4,0.446,0,14.9,24,1.453,2,281,20.922,86.896,0.109,81.317,,,,,0
2026-10-08T07:00Z,2026-10-09T07:00Z,3478630,24,10.8,27,8.6,27.2,24.8,h,27,24.8,27.1,24.9,0,0.008,1196.088,2.96,0,14.9,24,1.453,14,282,29.553,52.527,2.182,14.933,,,,,0
2026-10-08T07:00Z,2026-10-10T07:00Z,3478630,48,14,24.3,16.7,33.6,27.4,h,24.3,27.4,24.3,27.4,0,0.002,681.669,4.055,0.532,14.9,24,1.453,14,283,26.553,72.065,2.833,16.667,,,,,0
2026-10-08T07:00Z,2026-10-08T08:00Z,3478631,1,10.1,7.7,8.6,6.4,9.4,h,7.7,9.4,7.7,9.4,0,0.581,1530.561,0.647,0,4.5,9.4,-0.253,15,281,28.997,51.251,0.535,317.666,,,,,0
2026-10-08T07:00Z,2026-10-08T10:00Z,3478631,3,10.6,8.2,9.2,6.9,9.4,h,8.2,9.4,8.2,9.4,0,0.935,395.331,0.479,0.007,4.5,9.4,-0.253,17,281,27.07,66.576,0.308,55.536,,,,,0
2026-10-08T07:00Z,2026-10-08T13:00Z,3478631,6,12.8,10.1,9.9,7.5,9.4,h,10.1,9.4,10.1,9.4,0,0.796,57.069,1.324,0,4.5,9.4,-0.253,20,281,23.615,82.989,0.871,50.114,,,,,0
2026-10-08T07:00Z,2026-10-08T19:00Z,3478631,12,13.9,11.3,11.2,8.6,9.4,h,11.3,9.4,11.3,9.4,0,0.041,88.577,2.793,0,4.5,9.4,-0.253,2,281,20.92,87.301,1.555,59.026,,,,,0
2026-10-08T07:00Z,2026-10-09T07:00Z,3478631,24,12.8,10.9,12.4,10,9.6,h,10.9,9.6,10.9,9.6,0,0.024,1251.222,0.645,0.043,4.5,9.4,-0.253,14,282,29.349,55.457,0.573,109.46,,,,,0
2026-10-08T07:00Z,2026-10-10T07:00Z,3478631,48,5.6,5,13.6,12,10.3,h,5,10.3,5,10.3,0,0.001,546.429,4.806,2.998,4.5,9.4,-0.253,14,283,24.953,85.902,3.541,65.688,,,,,0
2026-10-08T07:00Z,2026-10-08T08:00Z,3493785,1,4.3,6.3,3.2,4.9,8.6,h,6.3,8.6,6.3,8.6,0,0,1165.114,0.707,0,4.2,8.6,0.337,15,281,27.75,50.411,0.582,16.447,,,,,0
2026-10-08T07:00Z,2026-10-08T10:00Z,3493785,3,4.7,6.8,3.5,5.3,8.6,h,6.8,8.6,6.8,8.6,0,0.001,267.288,2.442,0,4.2,8.6,0.337,17,281,25.738,66.843,1.41,53.564,,,,,0
2026-10-08T07:00Z,2026-10-08T13:00Z,3493785,6,6.8,9.4,4.1,6,8.5,h,9.4,8.5,9.4,8.5,0,0.002,21.745,2.181,0,4.2,8.6,0.337,20,281,22.113,76.236,0.5,81.382,,,,,0
2026-10-08T07:00Z,2026-10-08T19:00Z,3493785,12,9.9,13.1,5.6,7.9,8.7,h,13.1,8.7,13.1,8.7,0,0.005,21.745,1.317,0,4.2,8.6,0.337,2,281,19.154,85.115,0.325,103.392,,,,,0
2026-10-08T07:00Z,2026-10-09T07:00Z,3493785,24,13.5,16.7,9.9,12.9,9.7,h,16.7,9.7,16.7,9.7,0,0.01,1158.396,2.313,0,4.2,8.6,0.337,14,282,28.23,54.135,1.786,24.821,,,,,0
2026-10-08T07:00Z,2026-10-10T07:00Z,3493785,48,13.4,15.3,19.6,23.1,13.7,h,15.3,13.7,15.3,13.7,0,0.001,1072.44,4.027,0.19,4.2,8.6,0.337,14,283,26.571,67.34,2.951,52.177,,,,,0
2026-10-08T07:00Z,2026-10-08T08:00Z,3493786,1,7.2,16.6,13.3,30.5,30,h,16.6,30,16.6,30,0,0.035,1050.346,3.48,0.049,14.4,30,0.794,15,281,28.731,58.459,2.489,19.08,,,,,0
2026-10-08T07:00Z,2026-10-08T10:00Z,3493786,3,9.6,21,13,29.8,30.2,h,21,30.2,21,30.2,0,0.036,509.703,4.375,0.294,14.4,30,0.794,17,281,25.988,76.024,2.548,36.944,,,,,0
2026-10-08T07:00Z,2026-10-08T13:00Z,3493786,6,18.9,38.5,13.1,29.7,30.3,h,38.5,30.3,38.5,30.3,0,0.038,290.818,4.642,0,14.4,30,0.794,20,281,23.515,80.051,2.126,56.526,,,,,0
2026-10-08T07:00Z,2026-10-08T19:00Z,3493786,12,27,50.3,15.2,32.2,31.3,h,50.3,31.3,50.4,31.3,0,0.037,129.001,3.336,0,14.4,30,0.794,2,281,21.792,89.727,1.511,18.768,,,,,0
2026-10-08T07:00Z,2026-10-09T07:00Z,3493786,24,12,19.8,19.5,36.4,32.1,h,19.8,32.1,19.8,32.1,0,0.005,640.174,4.575,0.228,14.4,30,0.794,14,282,24.874,83.808,2.898,7.85,,,,,0
2026-10-08T07:00Z,2026-10-10T07:00Z,3493786,48,0.9,1.5,4.7,7.5,18.8,h,1.5,18.8,1.5,18.8,0,0,358.333,4.017,2.302,14.4,30,0.794,14,283,24.842,94.479,2.212,61.039,,,,,0
2026-10-08T07:00Z,2026-10-08T08:00Z,3493787,1,7.2,12.6,,,,h,12.6,,12.6,,0,0.024,1079.846,2.686,0.09,,,0.563,15,281,29.503,59.832,1.986,31.297,,,,,0
2026-10-08T07:00Z,2026-10-08T10:00Z,3493787,3,9.6,16.2,,,,h,16.2,,16.2,,0,0.028,544.004,5.061,0.538,,,0.563,17,281,26.293,80.909,2.918,55.292,,,,,0
2026-10-08T07:00Z,2026-10-08T13:00Z,3493787,6,18.9,30.4,,,,h,30.4,,30.4,,0,0.047,279.606,6.292,0,,,0.563,20,281,24.048,80.264,3.152,75.135,,,,,0
2026-10-08T07:00Z,2026-10-08T19:00Z,3493787,12,27,40.9,,,,h,40.9,,41,,-0.001,0.07,78.589,3.083,0,,,0.563,2,281,22.141,92.216,1.203,44.946,,,,,0
2026-10-08T07:00Z,2026-10-09T07:00Z,3493787,24,12,16.8,,,,h,16.8,,16.8,,0,0.004,422.32,3.316,0.367,,,0.563,14,282,24.748,93.074,2.151,351.319,,,,,0
2026-10-08T07:00Z,2026-10-10T07:00Z,3493787,48,0.9,1.3,,,,h,1.3,,1.3,,0,0,365.797,4.602,2.797,,,0.563,14,283,25.711,95.059,2.348,76.078,,,,,0
2026-10-08T07:00Z,2026-10-08T08:00Z,3499026,1,3.5,2.6,3.8,2.8,2.9,h,2.6,2.9,2.6,2.9,0,0.001,783.528,2.648,0,2.2,2.9,-0.237,15,281,25.654,56.358,1.953,28.848,,,,,0
2026-10-08T07:00Z,2026-10-08T10:00Z,3499026,3,4.2,3.2,4,3,2.9,h,3.2,2.9,3.2,2.9,0,0.001,194.952,1.907,0,2.2,2.9,-0.237,17,281,23.74,72.783,0.92,24.731,,,,,0
2026-10-08T07:00Z,2026-10-08T13:00Z,3499026,6,6.3,4.9,4.4,3.3,3,h,4.9,3,4.9,3,0,0.002,32.501,1.725,0,2.2,2.9,-0.237,20,281,20.65,75.727,0.593,86.695,,,,,0
2026-10-08T07:00Z,2026-10-08T19:00Z,3499026,12,9.8,8,5.6,4.3,3.3,h,8,3.3,8,3.3,0,0.004,25.652,1.138,0,2.2,2.9,-0.237,2,281,18.045,84.603,0.405,100.417,,,,,0
2026-10-08T07:00Z,2026-10-09T07:00Z,3499026,24,12,10.3,9.4,7.7,4.2,h,10.3,4.2,10.3,4.2,0,0.008,971.297,3.003,0,2.2,2.9,-0.237,14,282,26.219,57.992,2.21,14.237,,,,,0
2026-10-08T07:00Z,2026-10-10T07:00Z,3499026,48,8.9,8.1,15.4,13.7,6.7,h,8.1,6.7,8.1,6.7,0,0.002,328.511,1.639,1.42,2.2,2.9,-0.237,14,283,22.777,91.739,1.211,28.73,,,,,0
2026-10-08T07:00Z,2026-10-08T08:00Z,3501135,1,8.5,22.3,12.5,33.3,21.2,h,22.3,21.2,22.3,21.2,0,0.03,1028.684,0.983,0,25.7,21.2,0.933,15,281,30.116,55.631,0.857,238.034,,,,,0
2026-10-08T07:00Z,2026-10-08T10:00Z,3501135,3,9.5,23.8,13,34.5,21.4,h,23.8,21.4,23.8,21.4,0,0.025,125.608,0.94,0,25.7,21.2,0.933,17,281,29.107,63.122,0.682,254.2,,,,,0
2026-10-08T07:00Z,2026-10-08T13:00Z,3501135,6,17.5,40.4,13.7,35.5,21.6,h,40.4,21.6,40.4,21.6,0,0.02,25.029,0.647,0,25.7,21.2,0.933,20,281,26.039,80.232,0.305,341.821,,,,,0
2026-10-08T07:00Z,2026-10-08T19:00Z,3501135,12,18.9,39.5,14.3,35,23.4,h,39.5,23.4,39.6,23.4,0,0.015,25.329,1.183,0,25.7,21.2,0.933,2,281,23.565,89.742,0.311,10.727,,,,,0
2026-10-08T07:00Z,2026-10-09T07:00Z,3501135,24,7.4,13.6,14,29.9,23.5,h,13.6,23.5,13.6,23.5,0,0.01,1184.522,0.172,0.053,25.7,21.2,0.933,14,282,30.766,57.089,0.096,103.594,,,,,0
2026-10-08T07:00Z,2026-10-10T07:00Z,3501135,48,11.6,16.6,13.3,21,21.1,h,16.6,21.1,16.6,21.1,0,0.004,1385.932,3.351,0.236,25.7,21.2,0.933,14,283,30.691,56.627,2.543,66.841,,,,,0
2026-10-08T07:00Z,2026-10-08T08:00Z,3501136,1,5.6,6.1,8.2,9,8.3,h,6.1,8.3,6.1,8.3,0,0.011,1058.042,0.262,0.016,5.8,8.3,0.083,15,281,29.463,51.573,0.204,208.922,,,,,0
2026-10-08T07:00Z,2026-10-08T10:00Z,3501136,3,6.5,7.1,8.5,9.3,8.3,h,7.1,8.3,7.1,8.3,0,0.011,143.823,0.252,0,5.8,8.3,0.083,17,281,27.908,63.459,0.178,359.045,,,,,0
2026-10-08T07:00Z,2026-10-08T13:00Z,3501136,6,11.2,12.1,8.9,9.8,8.3,h,12.1,8.3,12.1,8.3,0,0.011,17.75,0.613,0,5.8,8.3,0.083,20,281,24.653,76.644,0.14,97.239,,,,,0
2026-10-08T07:00Z,2026-10-08T19:00Z,3501136,12,14.7,15.7,9.7,10.6,8.7,h,15.7,8.7,15.7,8.7,0,0.011,18.359,0.553,0,5.8,8.3,0.083,2,281,21.761,86.085,0.227,63.049,,,,,0
2026-10-08T07:00Z,2026-10-09T07:00Z,3501136,24,6.4,6.8,10.6,11.4,9.1,h,6.8,9.1,6.8,9.1,0,0.007,1422.463,1.026,0.033,5.8,8.3,0.083,14,282,30.221,51.606,0.683,60.896,,,,,0
2026-10-08T07:00Z,2026-10-10T07:00Z,3501136,48,10.7,11.1,12.1,12.6,9.8,h,11.1,9.8,11.1,9.8,0,0.004,1180.672,4.204,0.41,5.8,8.3,0.083,14,283,28.851,62.442,3.023,62.542,,,,,0
2026-10-08T07:00Z,2026-10-08T08:00Z,3501137,1,3.9,5.8,4.1,6.1,12,h,5.8,12,5.8,12,0,0,1107.103,0.624,0,5.1,12,0.339,15,281,27.704,51.093,0.499,18.048,,,,,0
2026-10-08T07:00Z,2026-10-08T10:00Z,3501137,3,4.4,6.4,4.3,6.4,12,h,6.4,12,6.4,12,0,0,321.821,2.301,0,5.1,12,0.339,17,281,25.907,66.221,1.316,54.151,,,,,0
2026-10-08T07:00Z,2026-10-08T13:00Z,3501137,6,7.2,10,4.7,6.9,11.7,h,10,11.7,10,11.7,0,0.001,20.527,1.749,0,5.1,12,0.339,20,281,22.351,76.64,0.332,68.775,,,,,0
2026-10-08T07:00Z,2026-10-08T19:00Z,3501137,12,11.1,14.7,6.2,8.7,11.8,h,14.7,11.8,14.7,11.8,0,0.003,20.411,0.879,0,5.1,12,0.339,2,281,19.17,86.359,0.095,99.032,,,,,0
2026-10-08T07:00Z,2026-10-09T07:00Z,3501137,24,13.6,16.9,10.3,13.5,12.4,h,16.9,12.4,16.9,12.4,0,0.009,1179.521,2.321,0.002,5.1,12,0.339,14,282,28.345,53.415,1.794,20.137,,,,,0
2026-10-08T07:00Z,2026-10-10T07:00Z,3501137,48,18.3,20.8,19.6,23,15.9,h,20.8,15.9,20.8,15.9,0,0.001,1092.996,3.675,0.375,5.1,12,0.339,14,283,26.912,66.153,2.75,48.248,,,,,0
2026-10-08T07:00Z,2026-10-08T08:00Z,3503723,1,9.5,10.8,13.5,15.4,13.4,h,10.8,13.4,10.8,13.4,0,0.073,1224.093,1.415,0,11.6,13.4,0.126,15,281,29.012,53.417,0.954,14.355,,,,,0
2026-10-08T07:00Z,2026-10-08T10:00Z,3503723,3,13.2,14.9,13.9,15.8,13.5,h,14.9,13.5,14.9,13.5,0,0.07,234.02,1.423,0.008,11.6,13.4,0.126,17,281,27.135,67.807,0.786,0.222,,,,,0
2026-10-08T07:00Z,2026-10-08T13:00Z,3503723,6,19.8,22.2,14.5,16.6,13.5,h,22.2,13.5,22.2,13.5,0,0.051,256.991,4.555,0,11.6,13.4,0.126,20,281,24.036,72.209,2.153,70.12,,,,,0
2026-10-08T07:00Z,2026-10-08T19:00Z,3503723,12,22.2,24.5,16,18,14.5,h,24.5,14.5,24.6,14.5,0,0.076,105.521,3.176,0,11.6,13.4,0.126,2,281,21.478,88.631,1.597,342.477,,,,,0
2026-10-08T07:00Z,2026-10-09T07:00Z,3503723,24,11.7,12.7,19.1,21.1,15.4,h,12.7,15.4,12.7,15.4,0,0.012,881.844,2.222,0.066,11.6,13.4,0.126,14,282,27.292,66.826,1.467,55.124,,,,,0
2026-10-08T07:00Z,2026-10-10T07:00Z,3503723,48,1.2,1.3,10,10.7,12.5,h,1.3,12.5,1.3,12.5,0,0,377.528,3.527,3.686,11.6,13.4,0.126,14,283,24.124,91.096,2.539,53.557,,,,,0
2026-10-08T07:00Z,2026-10-08T08:00Z,3503724,1,11.8,28.6,14,34.8,32,h,28.6,32,28.5,32,0,0.044,888.09,5.466,0,9.8,32,0.873,15,281,26.919,58.526,3.793,22.974,,,,,0
2026-10-08T07:00Z,2026-10-08T10:00Z,3503724,3,16.8,38.7,14.4,35.5,32.2,h,38.7,32.2,38.6,32.2,0,0.044,593.009,4.766,0,9.8,32,0.873,17,281,24.443,71.738,2.922,23.719,,,,,0
2026-10-08T07:00Z,2026-10-08T13:00Z,3503724,6,24.2,52.6,15.1,36.7,32.7,h,52.6,32.7,52.6,32.7,0,0.043,351.31,4.871,0,9.8,32,0.873,20,281,21.758,83.336,2.915,353.966,,,,,0
2026-10-08T07:00Z,2026-10-08T19:00Z,3503724,12,24.9,49.4,17.1,38.9,34.9,h,49.4,34.9,49.5,34.9,0,0.026,236.054,5.878,0,9.8,32,0.873,2,281,20.603,85.571,2.979,344.572,,,,,0
2026-10-08T07:00Z,2026-10-09T07:00Z,3503724,24,10,17.5,20.4,41,34.3,h,17.5,34.3,17.5,34.4,-0.001,0.014,824.698,8.212,0.227,9.8,32,0.873,14,282,23.075,79.455,5.236,18.13,,,,,0
2026-10-08T07:00Z,2026-10-10T07:00Z,3503724,48,1.7,2.7,6.2,10.2,24.4,h,2.7,24.4,2.7,24.4,0,0,375.155,4.149,0.976,9.8,32,0.873,14,283,23.269,95.959,2.52,18.155,,,,,0
2026-10-08T07:00Z,2026-10-08T08:00Z,3503725,1,12.7,20.8,12.8,21.4,25.8,h,20.8,25.8,20.8,25.8,0,0.034,903.554,5.052,0.063,14,25.7,0.484,15,281,27.313,62.553,3.533,19.103,,,,,0
2026-10-08T07:00Z,2026-10-08T10:00Z,3503725,3,19.1,30.4,13,21.6,25.9,h,30.4,25.9,30.3,25.9,0,0.041,605.172,5.365,0.265,14,25.7,0.484,17,281,24.756,77.517,3.212,27.025,,,,,0
2026-10-08T07:00Z,2026-10-08T13:00Z,3503725,6,29,44.6,14,22.9,26.2,h,44.6,26.2,44.6,26.2,0,0.056,380.686,4.979,0.021,14,25.7,0.484,20,281,22.553,83.36,2.445,23.743,,,,,0
2026-10-08T07:00Z,2026-10-08T19:00Z,3503725,12,21.5,31.6,16.6,26.1,26.9,h,31.6,26.9,31.7,26.9,0,0.035,229.165,4.773,0.241,14,25.7,0.484,2,281,21.248,88.438,2.344,357.204,,,,,0
2026-10-08T07:00Z,2026-10-09T07:00Z,3503725,24,8.8,12.1,19.3,28.6,26.5,h,12.1,26.5,12.1,26.5,0,0.006,663.084,6.931,0.669,14,25.7,0.484,14,282,23.263,87.265,4.355,4.669,,,,,0
2026-10-08T07:00Z,2026-10-10T07:00Z,3503725,48,1.2,1.6,2.9,4,18.1,h,1.6,18.1,1.6,18.1,0,0,379.618,4.064,1.526,14,25.7,0.484,14,283,24.301,94.652,2.286,39.636,,,,,0
2026-10-08T07:00Z,2026-10-08T08:00Z,3510962,1,10.1,1.7,,,,h,1.7,,1.7,,0,0.067,1090.459,1.85,0,0.4,,-1.476,15,281,26.755,56.957,1.206,53.456,,,,,0
2026-10-08T07:00Z,2026-10-08T10:00Z,3510962,3,14.3,2.9,,,,h,2.9,,2.9,,0,0.053,332,1.636,0.029,0.4,,-1.476,17,281,24.59,71.013,0.862,58.746,,,,,0
2026-10-08T07:00Z,2026-10-08T13:00Z,3510962,6,19.8,4.8,,,,h,4.8,,4.8,,0,0.036,165.595,2.258,0,0.4,,-1.476,20,281,21.365,81.074,1.096,61.026,,,,,0
2026-10-08T07:00Z,2026-10-08T19:00Z,3510962,12,22.5,6.6,,,,h,6.6,,6.6,,0,0.019,93.373,3.125,0,0.4,,-1.476,2,281,18.825,91.456,1.659,340.439,,,,,0
2026-10-08T07:00Z,2026-10-09T07:00Z,3510962,24,13.1,4.9,,,,h,4.9,,4.9,,0,0.017,878.84,2.804,0.26,0.4,,-1.476,14,282,25.261,70.15,1.816,54.791,,,,,0
2026-10-08T07:00Z,2026-10-10T07:00Z,3510962,48,2.1,0.8,,,,h,0.8,,0.8,,0,0,431.129,3.32,2.205,0.4,,-1.476,14,283,22.888,91.408,2.199,59.258,,,,,0
2026-10-08T07:00Z,2026-10-08T08:00Z,3510963,1,6.5,16.4,11.5,29,26.7,h,16.4,26.7,16.4,26.7,0,0.02,1117.712,2.499,0.093,20.4,26.7,0.878,15,281,29.662,59.436,1.865,27.111,,,,,0
2026-10-08T07:00Z,2026-10-08T10:00Z,3510963,3,7.8,18.7,11.1,27.9,26.9,h,18.7,26.9,18.7,26.9,0,0.025,509.807,4.634,0.475,20.4,26.7,0.878,17,281,26.733,79.24,2.657,53.378,,,,,0
2026-10-08T07:00Z,2026-10-08T13:00Z,3510963,6,12.8,28.5,10.9,27.1,26.9,h,28.5,26.9,28.5,26.9,0,0.039,240.298,5.993,0,20.4,26.7,0.878,20,281,24.434,80.173,2.993,80.86,,,,,0
2026-10-08T07:00Z,2026-10-08T19:00Z,3510963,12,21.5,43,12.2,28.3,27.6,h,43,27.6,43.1,27.6,-0.001,0.075,76.297,3.1,0,20.4,26.7,0.878,2,281,22.449,92.511,1.202,58.454,,,,,0
2026-10-08T07:00Z,2026-10-09T07:00Z,3510963,24,11.7,20.4,16.6,33,28.7,h,20.4,28.7,20.4,28.7,0,0.005,508.036,2.765,0.326,20.4,26.7,0.878,14,282,25.638,88.635,1.824,354.08,,,,,0
2026-10-08T07:00Z,2026-10-10T07:00Z,3510963,48,1.2,2,3.5,6,16.4,h,2,16.4,2,16.4,0,0,402.299,4.98,2.626,20.4,26.7,0.878,14,283,26.041,93.186,2.813,81.967,,,,,0
2026-10-08T07:00Z,2026-10-08T08:00Z,3510964,1,2.7,20,2.7,21.7,16.8,h,20,16.8,20,16.8,0,0,690.381,3.203,0.209,15.3,16.8,1.808,15,281,25.531,78.876,2.079,19.313,,,,,0
2026-10-08T07:00Z,2026-10-08T10:00Z,3510964,3,2.6,18,2.8,21.9,17,h,18,17,18,17,0,0,312.78,3.09,0.079,15.3,16.8,1.808,17,281,23.854,86.371,1.563,22.7,,,,,0
2026-10-08T07:00Z,2026-10-08T13:00Z,3510964,6,3.5,20.5,2.8,21.3,17,h,20.5,17,20.5,17,0,0.001,182.047,3.341,0.025,15.3,16.8,1.808,20,281,21.648,88.948,1.638,25.04,,,,,0
2026-10-08T07:00Z,2026-10-08T19:00Z,3510964,12,2,10.9,2.8,19.5,17.5,h,10.9,17.5,10.9,17.5,0,0.001,38.161,1.352,0.051,15.3,16.8,1.808,2,281,20.512,92.26,0.894,340.585,,,,,0
2026-10-08T07:00Z,2026-10-09T07:00Z,3510964,24,2.8,10.1,2.5,13.6,15.8,h,10.1,15.8,10.1,15.8,0,0.001,592.15,0.795,0.478,15.3,16.8,1.808,14,282,26.359,77.079,0.644,275.559,,,,,0
2026-10-08T07:00Z,2026-10-10T07:00Z,3510964,48,3.3,7.2,3.9,10.3,13.5,h,7.2,13.5,7.2,13.5,0,0,557.346,1.784,0.715,15.3,16.8,1.808,14,283,26.201,79.025,1.103,75.154,,,,,0
2026-10-08T07:00Z,2026-10-08T08:00Z,3510965,1,3.9,9.3,4.1,10,11.6,h,9.3,11.6,9.3,11.6,0,0,881.912,2.369,0,7.2,11.6,0.775,15,281,28.896,49.463,1.808,21.032,,,,,0
2026-10-08T07:00Z,2026-10-08T10:00Z,3510965,3,4.4,10,4.3,10.3,11.7,h,10,11.7,10,11.7,0,0,309.651,2.5,0,7.2,11.6,0.775,17,281,27.423,63.163,1.268,22.445,,,,,0
2026-10-08T07:00Z,2026-10-08T13:00Z,3510965,6,7.2,15,4.7,11.1,11.7,h,15,11.7,15,11.7,0,0,26.063,1.692,0,7.2,11.6,0.775,20,281,23.313,78.592,0.356,20.268,,,,,0
2026-10-08T07:00Z,2026-10-08T19:00Z,3510965,12,11.1,20.8,6.2,13.4,12.4,h,20.8,12.4,20.9,12.4,0,0.003,32.743,1.368,0,7.2,11.6,0.775,2,281,20.403,88.891,0.324,31.924,,,,,0
2026-10-08T07:00Z,2026-10-09T07:00Z,3510965,24,13.6,22.1,10.3,18.9,13.5,h,22.1,13.5,22.1,13.5,0,0.011,1112.338,3.171,0,7.2,11.6,0.775,14,282,29.333,50.087,2.376,16.491,,,,,0
2026-10-08T07:00Z,2026-10-10T07:00Z,3510965,48,18.3,24.5,19.6,28.4,17.5,h,24.5,17.5,24.5,17.5,0,0.001,631.2,5.646,0.143,7.2,11.6,0.775,14,283,26.271,70.776,3.958,13.738,,,,,0
2026-10-08T07:00Z,2026-10-08T08:00Z,3511463,1,4.2,15.7,3.5,14.1,15,h,15.7,15,15.7,15,0,0.001,1408.199,0.944,0,13,15,1.218,15,281,27.473,49.266,0.721,57.298,,,,,0
2026-10-08T07:00Z,2026-10-08T10:00Z,3511463,3,4.6,16.2,3.7,14.8,15,h,16.2,15,16.2,15,0,0.003,219.971,2.356,0,13,15,1.218,17,281,24.998,68.451,1.246,72.748,,,,,0
2026-10-08T07:00Z,2026-10-08T13:00Z,3511463,6,6.4,20.2,4.1,15.8,15,h,20.2,15,20.2,15,0,0.006,25.69,2.699,0,13,15,1.218,20,281,21.02,76.693,0.946,92.101,,,,,0
2026-10-08T07:00Z,2026-10-08T19:00Z,3511463,12,8.7,23.6,5.3,18,15.8,h,23.6,15.8,23.7,15.8,0,0.019,25.69,2.022,0,13,15,1.218,2,281,18.435,83.034,0.873,95.937,,,,,0
2026-10-08T07:00Z,2026-10-09T07:00Z,3511463,24,15.5,33,9.6,24.9,17.6,h,33,17.6,33.1,17.6,0,0.014,1218.37,2.596,0,13,15,1.218,14,282,27.816,51.145,1.896,51.605,,,,,0
2026-10-08T07:00Z,2026-10-10T07:00Z,3511463,48,18.9,29.9,21.6,38.6,23.2,h,29.9,23.2,29.9,23.2,0,0,919.105,4.342,0.168,13,15,1.218,14,283,24.915,71.821,3.004,58.581,,,,,0
2026-10-08T07:00Z,2026-10-08T08:00Z,3513587,1,3.9,3.9,,,,h,3.9,,3.9,,0,0,910.15,1.509,0,,,0,15,281,26.67,52.986,1.045,73.006,,,,,0
2026-10-08T07:00Z,2026-10-08T10:00Z,3513587,3,4.3,4.3,,,,h,4.3,,4.3,,0,0.001,122.388,1.422,0,,,0,17,281,25.392,61.507,0.866,49.43,,,,,0
2026-10-08T07:00Z,2026-10-08T13:00Z,3513587,6,6.9,6.9,,,,h,6.9,,6.9,,0,0.002,28.412,1.087,0,,,0,20,281,22.719,70.144,0.121,81.946,,,,,0
2026-10-08T07:00Z,2026-10-08T19:00Z,3513587,12,8.1,8.1,,,,h,8.1,,8.1,,0,0.012,102.956,2.563,0,,,0,2,281,20.107,78.315,1.018,49.794,,,,,0
2026-10-08T07:00Z,2026-10-09T07:00Z,3513587,24,12.8,12.8,,,,h,12.8,,12.8,,0,0.018,1074.372,2.089,0,,,0,14,282,27.578,50.427,1.531,36.817,,,,,0
2026-10-08T07:00Z,2026-10-10T07:00Z,3513587,48,16.3,16.3,,,,h,16.3,,16.3,,0,0.001,756.409,5.584,0.095,,,0,14,283,25.016,72.468,4.151,44.791,,,,,0
2026-10-08T07:00Z,2026-10-08T08:00Z,3524548,1,5.9,12.1,9,18.6,17.8,h,12.1,17.8,12.1,17.8,0,0.003,1583.804,1.578,0.004,7.4,17.8,0.672,15,281,26.965,48.945,1.161,81.5,,,,,0
2026-10-08T07:00Z,2026-10-08T10:00Z,3524548,3,6,12,9.3,19.1,17.8,h,12,17.8,12,17.8,0,0.003,165.455,2.627,0,7.4,17.8,0.672,17,281,24.059,70.061,1.329,93.784,,,,,0
2026-10-08T07:00Z,2026-10-08T13:00Z,3524548,6,7.8,14.7,9.3,18.9,17.5,h,14.7,17.5,14.7,17.5,0,0.005,30.789,3.452,0,7.4,17.8,0.672,20,281,19.912,76.935,1.362,102.514,,,,,0
2026-10-08T07:00Z,2026-10-08T19:00Z,3524548,12,10.8,18.7,8.9,17.6,17.3,h,18.7,17.3,18.7,17.3,0,0.103,29.221,2.671,0,7.4,17.8,0.672,2,281,17.791,80.231,1.33,92.239,,,,,0
2026-10-08T07:00Z,2026-10-09T07:00Z,3524548,24,10.9,16.7,10,17.1,17.6,h,16.7,17.6,16.7,17.6,0,0.012,1283.763,3.106,0.004,7.4,17.8,0.672,14,282,27.284,48.319,2.246,71.803,,,,,0
2026-10-08T07:00Z,2026-10-10T07:00Z,3524548,48,15.4,19.9,18.4,25.3,20.4,h,19.9,20.4,19.9,20.4,0,0,747.486,4.699,0.205,7.4,17.8,0.672,14,283,23.013,75.933,3.072,67.021,,,,,0
2026-10-08T07:00Z,2026-10-08T08:00Z,3524550,1,13.5,31.6,15.4,37.2,36.5,h,31.6,36.5,31.5,36.5,0,0.042,970.784,3.752,0,24.5,36.4,0.846,15,281,27.855,57.828,2.621,50.903,,,,,0
2026-10-08T07:00Z,2026-10-08T10:00Z,3524550,3,19,42.6,16,38.3,36.6,h,42.6,36.6,42.5,36.6,0,0.043,512.725,3.35,0.001,24.5,36.4,0.846,17,281,25.604,71.421,1.732,66.905,,,,,0
2026-10-08T07:00Z,2026-10-08T13:00Z,3524550,6,24,50.9,16.9,39.8,36.6,h,50.9,36.6,50.9,36.6,0,0.057,191.676,1.575,0,24.5,36.4,0.846,20,281,22.759,84.648,1.496,354.264,,,,,0
2026-10-08T07:00Z,2026-10-08T19:00Z,3524550,12,35.6,68.8,20.3,44.7,38.8,h,68.8,38.8,69,38.8,0,0.057,150.766,4.401,0,24.5,36.4,0.846,2,281,21.134,88.732,2.185,331.053,,,,,0
2026-10-08T07:00Z,2026-10-09T07:00Z,3524550,24,13.6,23.1,24.5,47.8,39.4,h,23.1,39.4,23.1,39.4,-0.001,0.02,791.008,5.338,0.497,24.5,36.4,0.846,14,282,24.458,80.951,3.425,38.492,,,,,0
2026-10-08T07:00Z,2026-10-10T07:00Z,3524550,48,2.9,4.3,7.7,12.4,28,h,4.3,28,4.3,28,0,0,509.836,3.613,0.994,24.5,36.4,0.846,14,283,24.377,94.02,2.197,42.66,,,,,0
2026-10-08T07:00Z,2026-10-08T08:00Z,3524551,1,12.7,21.4,12.8,22,23.6,h,21.4,23.6,21.4,23.6,0,0.031,953.302,4.535,0.068,11.3,23.6,0.513,15,281,27.835,62.17,3.195,22.335,,,,,0
2026-10-08T07:00Z,2026-10-08T10:00Z,3524551,3,19.1,31.2,13,22.2,23.8,h,31.2,23.8,31.1,23.8,0,0.038,599.816,5.259,0.325,11.3,23.6,0.513,17,281,25.152,78.384,3.105,34.566,,,,,0
2026-10-08T07:00Z,2026-10-08T13:00Z,3524551,6,29,45.8,14,23.6,24.1,h,45.8,24.1,45.8,24.1,0,0.055,367.414,4.984,0.015,11.3,23.6,0.513,20,281,22.959,82.599,2.388,39.184,,,,,0
2026-10-08T07:00Z,2026-10-08T19:00Z,3524551,12,21.5,32.3,16.6,26.8,25.2,h,32.3,25.2,32.4,25.2,0,0.044,206.956,4.19,0.168,11.3,23.6,0.513,2,281,21.521,89.315,1.993,6.333,,,,,0
2026-10-08T07:00Z,2026-10-09T07:00Z,3524551,24,8.8,12.3,19.3,29.3,25.4,h,12.3,25.4,12.3,25.5,0,0.005,599.905,5.994,0.654,11.3,23.6,0.513,14,282,23.626,89.147,3.756,2.344,,,,,0
2026-10-08T07:00Z,2026-10-10T07:00Z,3524551,48,1.2,1.6,2.9,4.1,13.8,h,1.6,13.8,1.6,13.8,0,0,398.83,4.189,1.796,11.3,23.6,0.513,14,283,24.794,93.829,2.284,50.767,,,,,0
2026-10-08T07:00Z,2026-10-08T08:00Z,3524552,1,8.5,11.8,13.8,19.2,21.6,h,11.8,21.6,11.8,21.6,0,0.052,1093.727,3.339,0.016,12.9,21.6,0.31,15,281,28.653,56.095,2.359,12.981,,,,,0
2026-10-08T07:00Z,2026-10-08T10:00Z,3524552,3,9.7,13.2,14,19.4,21.7,h,13.2,21.7,13.2,21.7,0,0.051,411.467,3.426,0.097,12.9,21.6,0.31,17,281,26.388,71.155,2.036,18.567,,,,,0
2026-10-08T07:00Z,2026-10-08T13:00Z,3524552,6,16.6,22,14.5,20,21.3,h,22,21.3,22,21.3,0,0.039,298.355,4.197,0,12.9,21.6,0.31,20,281,23.649,76.963,1.854,47.928,,,,,0
2026-10-08T07:00Z,2026-10-08T19:00Z,3524552,12,23.8,30.4,15.9,21.4,21.6,h,30.4,21.6,30.5,21.6,0,0.02,149.366,3.654,0,12.9,21.6,0.31,2,281,21.79,87.897,1.793,358.629,,,,,0
2026-10-08T07:00Z,2026-10-09T07:00Z,3524552,24,13.2,16.1,18.7,23.8,22.2,h,16.1,22.2,16.1,22.2,0,0.007,805.812,4.484,0.107,12.9,21.6,0.31,14,282,25.737,74.711,2.8,19.209,,,,,0
2026-10-08T07:00Z,2026-10-10T07:00Z,3524552,48,0.7,0.9,8.8,10.4,17.7,h,0.9,17.7,0.9,17.7,0,0,356.66,3.751,2.585,12.9,21.6,0.31,14,283,24.345,93.33,2.375,48.766,,,,,0
2026-10-08T07:00Z,2026-10-08T08:00Z,3524553,1,3.7,3.3,7.2,6.5,15.3,h,3.3,15.3,3.3,15.3,0,0,601.669,2.973,0.235,4.2,15.3,-0.09,15,281,26.422,79.939,1.921,23.954,,,,,0
2026-10-08T07:00Z,2026-10-08T10:00Z,3524553,3,4.5,4.1,7.2,6.5,15.3,h,4.1,15.3,4.1,15.3,0,0.001,388.294,3.212,0.121,4.2,15.3,-0.09,17,281,24.978,85.769,1.636,12.8,,,,,0
2026-10-08T07:00Z,2026-10-08T13:00Z,3524553,6,7.3,6.7,7.1,6.4,15,h,6.7,15,6.7,15,0,0.002,258.591,3.387,0.017,4.2,15.3,-0.09,20,281,22.973,88.474,1.653,21.533,,,,,0
2026-10-08T07:00Z,2026-10-08T19:00Z,3524553,12,8.9,8.2,7.1,6.5,14.2,h,8.2,14.2,8.2,14.2,0,0.004,48.453,1.165,0.033,4.2,15.3,-0.09,2,281,21.609,93.746,0.664,359.871,,,,,0
2026-10-08T07:00Z,2026-10-09T07:00Z,3524553,24,2.3,2.1,6.4,5.9,12.3,h,2.1,12.3,2.1,12.3,0,0.003,454.266,1.151,0.996,4.2,15.3,-0.09,14,282,25.847,85.973,0.731,312.973,,,,,0
2026-10-08T07:00Z,2026-10-10T07:00Z,3524553,48,2.9,2.8,4.3,4.1,9.7,h,2.8,9.7,2.8,9.7,0,0,463.576,1.508,1.206,4.2,15.3,-0.09,14,283,26.536,84.209,0.915,54.929,,,,,0
2026-10-08T07:00Z,2026-10-08T08:00Z,3527752,1,6.3,8.3,5.9,7.9,5.4,h,8.3,5.4,8.3,5.4,0,0.001,1022.425,3.867,0.1,9.6,5.4,0.251,15,281,29.025,62.763,2.93,39.68,,,,,0
2026-10-08T07:00Z,2026-10-08T10:00Z,3527752,3,6.7,8.7,6,8,5.5,h,8.7,5.5,8.7,5.5,0,0.001,752.367,3.431,0,9.6,5.4,0.251,17,281,27.597,70.044,2.255,52.443,,,,,0
2026-10-08T07:00Z,2026-10-08T13:00Z,3527752,6,8.1,10.3,6.4,8.4,5.6,h,10.3,5.6,10.3,5.6,0,0.001,112.319,3.57,0,9.6,5.4,0.251,20,281,24.621,83.046,1.234,90.769,,,,,0
2026-10-08T07:00Z,2026-10-08T19:00Z,3527752,12,10.1,12.4,7.2,9.3,6.2,h,12.4,6.2,12.4,6.2,0,0.003,29.993,2.184,0,9.6,5.4,0.251,2,281,22.659,89.434,0.773,95.495,,,,,0
2026-10-08T07:00Z,2026-10-09T07:00Z,3527752,24,8.8,10.4,9,11,7.2,h,10.4,7.2,10.4,7.2,0.001,0.009,1013.699,3.768,0.314,9.6,5.4,0.251,14,282,28.978,69.803,2.92,46.269,,,,,0
2026-10-08T07:00Z,2026-10-10T07:00Z,3527752,48,2.8,3.2,9.1,10.4,7.9,h,3.2,7.9,3.2,7.9,0,0.003,814.492,3.421,0,9.6,5.4,0.251,14,283,27.489,73.324,2.524,87.696,,,,,0
2026-10-08T07:00Z,2026-10-08T08:00Z,3539279,1,4.2,13,,,,h,13,,13,,0,0.002,1338.968,0.899,0,,,1.076,15,281,27.801,48.948,0.764,358.852,,,,,0
2026-10-08T07:00Z,2026-10-08T10:00Z,3539279,3,4.6,13.5,,,,h,13.5,,13.5,,0,0.004,155.523,2.255,0,,,1.076,17,281,25.408,68.917,1.279,50.826,,,,,0
2026-10-08T07:00Z,2026-10-08T13:00Z,3539279,6,6.4,17.1,,,,h,17.1,,17.1,,0,0.008,24.657,2.87,0,,,1.076,20,281,21.478,76.821,0.942,91.669,,,,,0
2026-10-08T07:00Z,2026-10-08T19:00Z,3539279,12,8.7,20.3,,,,h,20.3,,20.3,,0,0.009,24.657,2.071,0,,,1.076,2,281,18.84,83.927,0.87,105.46,,,,,0
2026-10-08T07:00Z,2026-10-09T07:00Z,3539279,24,15.5,29.5,,,,h,29.5,,29.6,,0,0.011,1152.011,2.278,0,,,1.076,14,282,28.003,54.883,1.737,36.076,,,,,0
2026-10-08T07:00Z,2026-10-10T07:00Z,3539279,48,18.9,27.9,,,,h,27.9,,27.9,,0,0,1010.095,4.284,0.163,,,1.076,14,283,25.839,70.685,3.046,58.182,,,,,0
2026-10-08T07:00Z,2026-10-08T08:00Z,3539280,1,10.1,11.5,8.6,9.9,16.1,h,11.5,16.1,11.5,16.1,0,0.015,1566.3,1.056,0,5.4,16.1,0.124,15,281,28.525,49.172,0.819,337.614,,,,,0
2026-10-08T07:00Z,2026-10-08T10:00Z,3539280,3,10.6,12,9.2,10.5,16.1,h,12,16.1,12,16.1,0,0.018,338.424,0.053,0,5.4,16.1,0.124,17,281,26.301,68.709,0.17,291.88,,,,,0
2026-10-08T07:00Z,2026-10-08T13:00Z,3539280,6,12.8,14.4,9.9,11.3,15.8,h,14.4,15.8,14.4,15.8,0,0.051,29.26,0.93,0,5.4,16.1,0.124,20,281,22.651,86.279,0.605,6.833,,,,,0
2026-10-08T07:00Z,2026-10-08T19:00Z,3539280,12,13.9,15.4,11.2,12.6,15.4,h,15.4,15.4,15.4,15.4,0,0.037,79.343,2.534,0,5.4,16.1,0.124,2,281,20.233,86.026,1.648,61.033,,,,,0
2026-10-08T07:00Z,2026-10-09T07:00Z,3539280,24,12.8,13.9,12.4,13.7,15.5,h,13.9,15.5,13.9,15.5,0,0.028,1308.38,0.153,0.055,5.4,16.1,0.124,14,282,29.025,53.374,0.109,70.158,,,,,0
2026-10-08T07:00Z,2026-10-10T07:00Z,3539280,48,5.6,5.9,13.6,14.5,15.5,h,5.9,15.5,5.9,15.5,0,0.002,442.713,3.917,3.878,5.4,16.1,0.124,14,283,24.086,89.003,2.766,59.62,,,,,0
2026-10-08T07:00Z,2026-10-08T08:00Z,3539838,1,8.9,8.6,7.6,7.3,10.1,h,8.6,10.1,8.6,10.1,0,0.01,958.813,0.592,0.097,5.9,10.1,-0.032,15,281,28.771,61.652,0.6,151.842,,,,,0
2026-10-08T07:00Z,2026-10-08T10:00Z,3539838,3,10.3,10,7.6,7.3,10.2,h,10,10.2,10,10.2,0,0.009,193.915,2.036,0,5.9,10.1,-0.032,17,281,27.584,71.238,1.282,157.942,,,,,0
2026-10-08T07:00Z,2026-10-08T13:00Z,3539838,6,13.4,13,8.6,8.3,10.2,h,13,10.2,13,10.2,0,0.011,42.22,3.127,0,5.9,10.1,-0.032,20,281,24.601,81.694,0.929,148.978,,,,,0
2026-10-08T07:00Z,2026-10-08T19:00Z,3539838,12,17.3,16.9,11.1,10.8,10.4,h,16.9,10.4,16.9,10.4,0,0.014,21.495,1.503,0,5.9,10.1,-0.032,2,281,22.046,93.058,0.827,17.846,,,,,0
2026-10-08T07:00Z,2026-10-09T07:00Z,3539838,24,9.7,9.5,13.9,13.6,11,h,9.5,11,9.5,11,0,0.031,1272.913,0.507,0.007,5.9,10.1,-0.032,14,282,30.451,56.599,0.389,353.291,,,,,0
2026-10-08T07:00Z,2026-10-10T07:00Z,3539838,48,11.5,11.4,13.2,13,11.1,h,11.4,11.1,11.4,11.1,0,0.007,206.74,0.772,3.804,5.9,10.1,-0.032,14,283,24.533,94.02,0.428,75.947,,,,,0
2026-10-08T07:00Z,2026-10-08T08:00Z,3553302,1,6.8,19.6,11.2,32.6,17.1,h,19.6,17.1,19.6,17.1,0,0,1150.927,0.522,0,16.4,17.1,1.012,15,281,27.366,52.781,0.343,178.005,,,,,0
2026-10-08T07:00Z,2026-10-08T10:00Z,3553302,3,6.9,19,11.6,33.4,17.2,h,19,17.2,19,17.2,0,0,14.061,0.275,0,16.4,17.1,1.012,17,281,25.283,77.304,0.166,289.442,,,,,0
2026-10-08T07:00Z,2026-10-08T13:00Z,3553302,6,9.7,24.7,11.5,32.9,17.3,h,24.7,17.3,24.7,17.3,0,0,27.776,1.505,0,16.4,17.1,1.012,20,281,21.257,82.967,0.287,136.147,,,,,0
2026-10-08T07:00Z,2026-10-08T19:00Z,3553302,12,11.4,25.8,10.6,28.8,18,h,25.8,18,25.9,18,0,0.001,23.813,1.273,0,16.4,17.1,1.012,2,281,18.764,81.873,0.418,2.268,,,,,0
2026-10-08T07:00Z,2026-10-09T07:00Z,3553302,24,8,15.4,9.5,21.8,18.3,h,15.4,18.3,15.4,18.3,0,0.01,1509.247,1.972,0,16.4,17.1,1.012,14,282,28.709,49.108,1.566,161.671,,,,,0
2026-10-08T07:00Z,2026-10-10T07:00Z,3553302,48,10.6,15.7,14.1,22.9,19.1,h,15.7,19.1,15.7,19.1,0,0.001,659.962,3.141,0.859,16.4,17.1,1.012,14,283,23.908,77.258,2.086,87.832,,,,,0
2026-10-08T07:00Z,2026-10-08T08:00Z,3553304,1,3.2,11.8,4.2,15.6,14,h,11.8,14,11.8,14,0,0.001,981.21,2.783,0.013,10.9,14,1.165,15,281,28.804,54.235,1.999,29.747,,,,,0
2026-10-08T07:00Z,2026-10-08T10:00Z,3553304,3,3.8,13,4.3,15.8,14.1,h,13,14.1,13,14.1,0,0.001,381.883,2.072,0,10.9,14,1.165,17,281,27.149,69.565,0.875,45.386,,,,,0
2026-10-08T07:00Z,2026-10-08T13:00Z,3553304,6,6.2,18.7,4.6,16.4,13.9,h,18.7,13.9,18.7,13.9,0,0.002,12.335,0.232,0,10.9,14,1.165,20,281,23.538,75.477,0.088,95.065,,,,,0
2026-10-08T07:00Z,2026-10-08T19:00Z,3553304,12,8.3,21.6,5.3,17.2,14.7,h,21.6,14.7,21.7,14.7,0,0.003,20,0.935,0,10.9,14,1.165,2,281,20.807,89.004,0.305,73.229,,,,,0
2026-10-08T07:00Z,2026-10-09T07:00Z,3553304,24,9.7,20.4,7.3,18.7,15.2,h,20.4,15.2,20.4,15.3,0,0.006,983.874,3.028,0,10.9,14,1.165,14,282,28.975,55.446,2.164,20.152,,,,,0
2026-10-08T07:00Z,2026-10-10T07:00Z,3553304,48,11.4,17.9,14.6,25.6,18.1,h,17.9,18.1,17.9,18.1,0,0.005,597.675,1.724,1.224,10.9,14,1.165,14,283,26.269,80.271,1.264,58.279,,,,,0
2026-10-08T07:00Z,2026-10-08T08:00Z,3553305,1,6.8,15.8,6.6,15.8,20.8,h,15.8,20.8,15.8,20.8,0,0.004,1469.493,1.374,0,7.6,20.8,0.797,15,281,26.55,48.004,0.96,1.198,,,,,0
2026-10-08T07:00Z,2026-10-08T10:00Z,3553305,3,8.2,18.2,7,16.5,20.9,h,18.2,20.9,18.2,20.9,0,0.006,132.255,1.037,0.009,7.6,20.8,0.797,17,281,23.818,73.788,0.838,241.953,,,,,0
2026-10-08T07:00Z,2026-10-08T13:00Z,3553305,6,9.9,20.7,7.5,17.4,20.8,h,20.7,20.8,20.7,20.8,0,0.011,23.611,0.76,0,7.6,20.8,0.797,20,281,19.829,88.437,0.68,16.882,,,,,0
2026-10-08T07:00Z,2026-10-08T19:00Z,3553305,12,11.6,22.1,8.3,18.2,21.2,h,22.1,21.2,22.2,21.2,0,0.02,38.818,1.29,0,7.6,20.8,0.797,2,281,17.532,87.136,1.293,27.494,,,,,0
2026-10-08T07:00Z,2026-10-09T07:00Z,3553305,24,11.8,19.6,10.7,20.4,20.7,h,19.6,20.7,19.6,20.7,0,0.017,1243.995,0.126,0.099,7.6,20.8,0.797,14,282,27.104,53.116,0.178,292.703,,,,,0
2026-10-08T07:00Z,2026-10-10T07:00Z,3553305,48,5.6,7.8,11.9,17.7,19.7,h,7.8,19.7,7.8,19.7,0,0.001,199.387,1.913,5.471,7.6,20.8,0.797,14,283,21.347,95.426,1.136,42.891,,,,,0
2026-10-08T07:00Z,2026-10-08T08:00Z,3560430,1,15,20.4,11.8,16.4,24.7,h,20.4,24.7,20.4,24.7,0,0.012,1147.959,0.544,0,19.5,24.7,0.306,15,281,29.802,58.032,0.504,164.351,,,,,0
2026-10-08T07:00Z,2026-10-08T10:00Z,3560430,3,14.8,19.9,12.6,17.3,24.8,h,19.9,24.8,19.9,24.8,0,0.014,209.847,1.154,0,19.5,24.7,0.306,17,281,28.572,67.543,0.763,139.54,,,,,0
2026-10-08T07:00Z,2026-10-08T13:00Z,3560430,6,21.8,28.7,14.2,19.4,24.7,h,28.7,24.7,28.7,24.7,0,0.013,33.513,1.892,0,19.5,24.7,0.306,20,281,25.737,79.26,0.682,153.425,,,,,0
2026-10-08T07:00Z,2026-10-08T19:00Z,3560430,12,27,34.3,18.1,24.1,24.9,h,34.3,24.9,34.4,24.9,0,0.049,28.361,1.403,0,19.5,24.7,0.306,2,281,23.591,89.985,0.302,66.235,,,,,0
2026-10-08T07:00Z,2026-10-09T07:00Z,3560430,24,11.1,13.5,19.9,25.5,24.9,h,13.5,24.9,13.5,24.9,0,0.077,1134.905,0.618,0.007,19.5,24.7,0.306,14,282,30.705,60.204,0.478,330.128,,,,,0
2026-10-08T07:00Z,2026-10-10T07:00Z,3560430,48,8.7,9.8,17,19.8,23,h,9.8,23,9.8,23,0,0.005,255.149,0.72,1.321,19.5,24.7,0.306,14,283,25.937,90.819,0.432,35.091,,,,,0
2026-10-08T07:00Z,2026-10-08T08:00Z,3560431,1,10.7,9.9,6.5,6,12.5,h,9.9,12.5,9.9,12.5,0,0.009,799.212,0.954,0,7.1,12.5,-0.078,15,281,28.972,61.542,0.775,76.791,,,,,0
2026-10-08T07:00Z,2026-10-08T10:00Z,3560431,3,10.6,9.8,6.9,6.3,12.5,h,9.8,12.5,9.8,12.5,0,0.009,279.638,1.319,0,7.1,12.5,-0.078,17,281,27.897,70.744,0.887,91.526,,,,,0
2026-10-08T07:00Z,2026-10-08T13:00Z,3560431,6,13.8,12.8,7.9,7.3,12.4,h,12.8,12.4,12.8,12.4,0,0.007,58.125,2.845,0,7.1,12.5,-0.078,20,281,25.01,83.808,1.01,127.334,,,,,0
2026-10-08T07:00Z,2026-10-08T19:00Z,3560431,12,16.6,15.6,10.9,10.1,12.6,h,15.6,12.6,15.6,12.6,0,0.004,40.769,0.62,0,7.1,12.5,-0.078,2,281,22.708,87.387,0.035,10.118,,,,,0
2026-10-08T07:00Z,2026-10-09T07:00Z,3560431,24,12.1,11.5,14.4,13.5,12.8,h,11.5,12.8,11.5,12.8,0,0.012,1054.656,1.662,0.041,7.1,12.5,-0.078,14,282,29.639,60.367,1.332,68.731,,,,,0
2026-10-08T07:00Z,2026-10-10T07:00Z,3560431,48,5.3,5.1,13.2,12.7,12.6,h,5.1,12.6,5.1,12.6,0,0.005,437.012,3.997,1.241,7.1,12.5,-0.078,14,283,25.677,85.396,2.887,73.657,,,,,0
2026-10-08T07:00Z,2026-10-08T08:00Z,3560513,1,5,12.4,5.3,13.5,12.6,h,12.4,12.6,12.4,12.6,0,0.003,1265.961,0.887,0,10,12.6,0.837,15,281,25.608,51.621,0.543,36.798,,,,,0
2026-10-08T07:00Z,2026-10-08T10:00Z,3560513,3,5.7,13.5,5.6,14.2,12.7,h,13.5,12.7,13.5,12.7,0,0.005,161.103,0.353,0.024,10,12.6,0.837,17,281,23.009,73.53,0.172,71.752,,,,,0
2026-10-08T07:00Z,2026-10-08T13:00Z,3560513,6,7.8,17.1,6,14.9,12.8,h,17.1,12.8,17.1,12.8,0,0.009,21.267,1.171,0,10,12.6,0.837,20,281,19.087,86.45,0.61,64.923,,,,,0
2026-10-08T07:00Z,2026-10-08T19:00Z,3560513,12,11.4,22.5,7.1,16.4,13.8,h,22.5,13.8,22.6,13.8,0,0.013,25.409,1.068,0,10,12.6,0.837,2,281,16.28,90.361,1.047,34.59,,,,,0
2026-10-08T07:00Z,2026-10-09T07:00Z,3560513,24,12.8,21.7,11.4,21.9,15,h,21.7,15,21.7,15,0,0.016,1152.127,1.11,0.09,10,12.6,0.837,14,282,26.182,56.298,0.685,43.062,,,,,0
2026-10-08T07:00Z,2026-10-10T07:00Z,3560513,48,1,1.7,13,19.9,15.2,h,1.7,15.2,1.7,15.2,0,0.001,460.189,2.552,3.059,10,12.6,0.837,14,283,22.015,87.126,1.602,57.443,,,,,0
2026-10-08T07:00Z,2026-10-08T08:00Z,3560514,1,9.5,16.7,8.3,15,37.3,h,16.7,37.3,16.7,37.3,0,0.022,1239.2,0.547,0,10.1,37.2,0.543,15,281,24.931,55.472,0.274,68.847,,,,,0
2026-10-08T07:00Z,2026-10-08T10:00Z,3560514,3,10.1,17.3,8.9,16,37.4,h,17.3,37.4,17.3,37.4,0,0.023,222.017,0.263,0.051,10.1,37.2,0.543,17,281,22.548,72.666,0.266,98.856,,,,,0
2026-10-08T07:00Z,2026-10-08T13:00Z,3560514,6,12.6,20.7,9.7,17.2,36.5,h,20.7,36.5,20.7,36.5,0,0.029,58.176,1.734,0,10.1,37.2,0.543,20,281,18.786,85.372,1.034,71.552,,,,,0
2026-10-08T07:00Z,2026-10-08T19:00Z,3560514,12,12.3,19.1,11,18.7,35.1,h,19.1,35.1,19.1,35.1,0,0.024,37.032,1.805,0,10.1,37.2,0.543,2,281,15.686,93.204,1.33,14.971,,,,,0
2026-10-08T07:00Z,2026-10-09T07:00Z,3560514,24,16.2,22.7,13.9,21.4,33.1,h,22.7,33.1,22.7,33.1,0,0.017,1070.587,1.093,0.126,10.1,37.2,0.543,14,282,25.563,58.605,0.961,111.085,,,,,0
2026-10-08T07:00Z,2026-10-10T07:00Z,3560514,48,5.3,6.7,17.3,22.6,32.1,h,6.7,32.1,6.7,32.1,0,0,355.983,3,3.128,10.1,37.2,0.543,14,283,20.994,90.227,2.003,73.849,,,,,0
2026-10-08T07:00Z,2026-10-08T08:00Z,3561013,1,10.2,7.4,9.5,6.9,12.1,h,7.4,12.1,7.4,12.1,0,0.03,1351.707,0.027,0,4.7,12.1,-0.294,15,281,27.703,53.393,0.122,337.172,,,,,0
2026-10-08T07:00Z,2026-10-08T10:00Z,3561013,3,11.1,8.2,10.2,7.3,12.2,h,8.2,12.2,8.2,12.2,0,0.032,236.129,0.136,0.028,4.7,12.1,-0.294,17,281,25.739,68.574,0.13,38.489,,,,,0
2026-10-08T07:00Z,2026-10-08T13:00Z,3561013,6,13.7,10.4,11.1,8.1,12.1,h,10.4,12.1,10.4,12.1,0,0.039,110,3.12,0,4.7,12.1,-0.294,20,281,22.25,78.582,1.718,81.964,,,,,0
2026-10-08T07:00Z,2026-10-08T19:00Z,3561013,12,16.8,13.2,13,9.7,12.1,h,13.2,12.1,13.2,12.1,0,0.041,55.825,1.841,0,4.7,12.1,-0.294,2,281,19.192,90.85,1.103,20.263,,,,,0
2026-10-08T07:00Z,2026-10-09T07:00Z,3561013,24,17.5,14.5,15.4,12.2,12.1,h,14.5,12.1,14.5,12.1,0,0.015,1056.01,1.41,0.068,4.7,12.1,-0.294,14,282,27.768,59.169,1.248,123.718,,,,,0
2026-10-08T07:00Z,2026-10-10T07:00Z,3561013,48,5.1,4.5,16.9,14.6,13,h,4.5,13,4.5,13,0,0,437.34,3.899,3.45,4.7,12.1,-0.294,14,283,23.356,88.091,2.849,70.848,,,,,0
2026-10-08T07:00Z,2026-10-08T08:00Z,3562555,1,3.7,6.2,4.8,8,10.9,h,6.2,10.9,6.2,10.9,0,0,984.855,3.223,0,5.1,10.9,0.447,15,281,27.397,56.469,2.289,31.259,,,,,0
2026-10-08T07:00Z,2026-10-08T10:00Z,3562555,3,4.2,6.8,4.9,8.2,10.9,h,6.8,10.9,6.8,10.9,0,0,336.628,3.022,0,5.1,10.9,0.447,17,281,25.651,70.998,1.545,28.733,,,,,0
2026-10-08T07:00Z,2026-10-08T13:00Z,3562555,6,6.6,10.2,5.2,8.6,10.9,h,10.2,10.9,10.2,10.9,0,0.001,29.914,1.946,0,5.1,10.9,0.447,20,281,21.81,80.438,0.531,54.713,,,,,0
2026-10-08T07:00Z,2026-10-08T19:00Z,3562555,12,10.7,15.5,6.3,10,11.1,h,15.5,11.1,15.5,11.1,0,0.002,19.969,0.351,0,5.1,10.9,0.447,2,281,20.948,78.134,0.221,31.105,,,,,0
2026-10-08T07:00Z,2026-10-09T07:00Z,3562555,24,12,16,9.5,13.5,11.6,h,16,11.6,16,11.6,0,0.006,1125.99,3.801,0,5.1,10.9,0.447,14,282,28.19,56.584,2.714,30.401,,,,,0
2026-10-08T07:00Z,2026-10-10T07:00Z,3562555,48,12.7,15.1,16.6,20.6,14.3,h,15.1,14.3,15.1,14.3,0,0.004,671.551,2.082,1.393,5.1,10.9,0.447,14,283,25.719,80.259,1.491,48.116,,,,,0
2026-10-08T07:00Z,2026-10-08T08:00Z,3562556,1,9.6,13.4,10.5,14.8,21.2,h,13.4,21.2,13.4,21.2,0,0.018,1336.183,2.118,0,10.8,21.2,0.317,15,281,25.911,53.925,1.584,111.149,,,,,0
2026-10-08T07:00Z,2026-10-08T10:00Z,3562556,3,10.2,14,11.1,15.5,21.3,h,14,21.3,14,21.3,0,0.031,204.355,2.048,0,10.8,21.2,0.317,17,281,23.693,72.858,0.985,114.524,,,,,0
2026-10-08T07:00Z,2026-10-08T13:00Z,3562556,6,16.1,21.5,11.9,16.7,21.2,h,21.5,21.2,21.5,21.2,0,0.05,40.417,2.427,0,10.8,21.2,0.317,20,281,19.61,83.015,0.875,87.05,,,,,0
2026-10-08T07:00Z,2026-10-08T19:00Z,3562556,12,32.1,41.2,15.3,20.8,22.1,h,41.2,22.1,41.3,22.1,0,0.048,22.789,0.955,0,10.8,21.2,0.317,2,281,16.956,89.133,0.579,49.541,,,,,0
2026-10-08T07:00Z,2026-10-09T07:00Z,3562556,24,29.3,35.6,24.9,31.7,23.9,h,35.6,23.9,35.7,24,0,0.018,1169.281,4.635,0,10.8,21.2,0.317,14,282,25.906,56.932,3.3,68.162,,,,,0
2026-10-08T07:00Z,2026-10-10T07:00Z,3562556,48,19.6,22.1,32.4,37.7,27,h,22.1,27,22.1,27,0,0,496.971,3.073,0.828,10.8,21.2,0.317,14,283,21.841,89.054,2.058,67.414,,,,,0
2026-10-08T07:00Z,2026-10-08T08:00Z,3562557,1,5,9.3,5.3,10,9,h,9.3,9,9.3,9,0,0.002,1306.887,1.262,0,5.2,9,0.56,15,281,26.506,48.991,0.9,3.348,,,,,0
2026-10-08T07:00Z,2026-10-08T10:00Z,3562557,3,5.7,10.2,5.6,10.6,9.1,h,10.2,9.1,10.2,9.1,0,0.003,118.457,0.323,0.009,5.2,9,0.56,17,281,23.897,73.019,0.194,313.084,,,,,0
2026-10-08T07:00Z,2026-10-08T13:00Z,3562557,6,7.8,13.3,6,11.1,9.2,h,13.3,9.2,13.3,9.2,0,0.006,20.399,1.033,0,5.2,9,0.56,20,281,20.029,85.737,0.611,59.839,,,,,0
2026-10-08T07:00Z,2026-10-08T19:00Z,3562557,12,11.4,18,7.1,12.5,10,h,18,10,18,10,0,0.011,26.473,0.826,0,5.2,9,0.56,2,281,17.548,87.395,0.939,37.608,,,,,0
2026-10-08T07:00Z,2026-10-09T07:00Z,3562557,24,12.8,18.2,11.4,17.6,11.2,h,18.2,11.2,18.2,11.3,0,0.014,1177.665,0.76,0.079,5.2,9,0.56,14,282,27.023,55.035,0.541,1.13,,,,,0
2026-10-08T07:00Z,2026-10-10T07:00Z,3562557,48,1,1.4,13,17.3,11.9,h,1.4,11.9,1.4,11.9,0,0.001,422.216,2.29,4.094,5.2,9,0.56,14,283,22.496,88.484,1.458,44.983,,,,,0
2026-10-08T07:00Z,2026-10-08T08:00Z,3567155,1,11.2,11.1,10.1,10,22.2,h,11.1,22.2,11.1,22.2,0,0.075,1605.832,0.787,0,11.1,22.2,-0.01,15,281,30.051,51.733,0.647,296.968,,,,,0
2026-10-08T07:00Z,2026-10-08T10:00Z,3567155,3,11,10.9,10.8,10.7,22.2,h,10.9,22.2,10.9,22.2,0,0.078,538.761,1.113,0.001,11.1,22.2,-0.01,17,281,28.372,63.789,0.742,59.176,,,,,0
2026-10-08T07:00Z,2026-10-08T13:00Z,3567155,6,14.7,14.6,11.8,11.7,22,h,14.6,22,14.6,22,0,0.12,45.1,1.128,0,11.1,22.2,-0.01,20,281,25.084,83.298,0.702,21.991,,,,,0
2026-10-08T07:00Z,2026-10-08T19:00Z,3567155,12,15.4,15.3,13.5,13.4,21.2,h,15.3,21.2,15.3,21.2,0,0.099,115.352,3.883,0,11.1,22.2,-0.01,2,281,22.384,86.276,1.901,68.346,,,,,0
2026-10-08T07:00Z,2026-10-09T07:00Z,3567155,24,14.6,14.5,14.9,14.8,20.3,h,14.5,20.3,14.5,20.3,0,0.034,1324.647,0.638,0.02,11.1,22.2,-0.01,14,282,30.486,54.864,0.562,96.118,,,,,0
2026-10-08T07:00Z,2026-10-10T07:00Z,3567155,48,4.6,4.6,12.6,12.5,18.8,h,4.6,18.8,4.6,18.8,0,0.002,694.477,6.077,1.987,11.1,22.2,-0.01,14,283,26.535,82.119,4.592,66.889,,,,,0
2026-10-08T07:00Z,2026-10-08T08:00Z,3567156,1,6,10.4,8.9,15.5,15,h,10.4,15,10.4,15,0,0.003,1625.422,0.968,0.005,8.4,15,0.511,15,281,26.829,48.499,0.736,58.934,,,,,0
2026-10-08T07:00Z,2026-10-08T10:00Z,3567156,3,6.5,11,9.2,16,15,h,11,15,11,15,0,0.003,110.416,1.971,0,8.4,15,0.511,17,281,24.043,70.862,0.929,91.828,,,,,0
2026-10-08T07:00Z,2026-10-08T13:00Z,3567156,6,10,16.1,9.3,16,15,h,16.1,15,16.1,15,0,0.006,31.726,3.445,0,8.4,15,0.511,20,281,19.725,77.427,1.413,101.554,,,,,0
2026-10-08T07:00Z,2026-10-08T19:00Z,3567156,12,13.5,20.4,9.6,15.9,14.9,h,20.4,14.9,20.4,14.9,0,0.057,29.043,2.789,0,8.4,15,0.511,2,281,17.361,81.652,1.366,98.182,,,,,0
2026-10-08T07:00Z,2026-10-09T07:00Z,3567156,24,14.4,19.9,12.3,18.4,15.9,h,19.9,15.9,19.9,15.9,0,0.01,1280.784,2.822,0.005,8.4,15,0.511,14,282,27.046,50.04,2.055,69.929,,,,,0
2026-10-08T07:00Z,2026-10-10T07:00Z,3567156,48,14.8,18,20.9,26.7,19.1,h,18,19.1,18,19.1,0,0,855.616,4.174,0.12,8.4,15,0.511,14,283,23.559,73.06,2.764,70.926,,,,,0
2026-10-08T07:00Z,2026-10-08T08:00Z,3567157,1,4.1,25.8,7.3,45.5,18.2,h,25.8,18.2,25.8,18.2,0,0,1442.989,0.632,0,94.1,18.2,1.729,15,281,28.153,52.222,0.534,330.233,,,,,0
2026-10-08T07:00Z,2026-10-08T10:00Z,3567157,3,4.4,25.5,7.5,46.3,18.4,h,25.5,18.4,25.5,18.4,0,0,163.964,1.175,0,94.1,18.2,1.729,17,281,25.973,72.154,0.499,347.531,,,,,0
2026-10-08T07:00Z,2026-10-08T13:00Z,3567157,6,6.5,32.4,7.5,45.6,18.7,h,32.4,18.7,32.4,18.7,0,0.001,54.661,2.897,0,94.1,18.2,1.729,20,281,22.113,80.888,1.014,82.785,,,,,0
2026-10-08T07:00Z,2026-10-08T19:00Z,3567157,12,9.7,39,7.4,41.2,20.7,h,39,20.7,39.1,20.7,0,0.002,23.587,1.118,0,94.1,18.2,1.729,2,281,18.701,85.571,0.333,33.114,,,,,0
2026-10-08T07:00Z,2026-10-09T07:00Z,3567157,24,8.5,25.5,8,32.3,21.9,h,25.5,21.9,25.6,21.9,0,0.016,1421.462,2.459,0,94.1,18.2,1.729,14,282,28.55,51.476,1.828,48.855,,,,,0
2026-10-08T07:00Z,2026-10-10T07:00Z,3567157,48,8.9,17.5,13.9,31.9,23,h,17.5,23,17.5,23,0,0.001,809.217,5.358,0.764,94.1,18.2,1.729,14,283,24.949,73.958,3.704,58.407,,,,,0
2026-10-08T07:00Z,2026-10-08T08:00Z,3567158,1,5.3,18.6,6.1,22.2,10.9,h,18.6,10.9,18.6,10.9,0,0.006,1355.69,1.287,0.034,7.9,10.9,1.183,15,281,28.252,51.312,1.063,102.182,,,,,0
2026-10-08T07:00Z,2026-10-08T10:00Z,3567158,3,5.7,18.9,6.4,23.1,11.1,h,18.9,11.1,18.9,11.1,0,0.006,244.95,1.671,0,7.9,10.9,1.183,17,281,26.401,63.334,1.07,92.01,,,,,0
2026-10-08T07:00Z,2026-10-08T13:00Z,3567158,6,7.7,23.2,6.7,23.6,11.5,h,23.2,11.5,23.2,11.5,0,0.008,18.858,1.132,0,7.9,10.9,1.183,20,281,23.312,75.446,0.334,76.106,,,,,0
2026-10-08T07:00Z,2026-10-08T19:00Z,3567158,12,9.6,25.1,7.2,23.4,13.1,h,25.1,13.1,25.2,13.1,0,0.009,16.551,0.712,0,7.9,10.9,1.183,2,281,20.663,84.538,0.209,169.895,,,,,0
2026-10-08T07:00Z,2026-10-09T07:00Z,3567158,24,6.8,14.7,7.7,20.7,13.4,h,14.7,13.4,14.7,13.5,0,0.007,1403.387,2.378,0.046,7.9,10.9,1.183,14,282,28.696,50.837,1.774,67.813,,,,,0
2026-10-08T07:00Z,2026-10-10T07:00Z,3567158,48,5.5,9,11.2,20,14.1,h,9,14.1,9,14.1,0,0.004,1174.83,4.317,0.39,7.9,10.9,1.183,14,283,27.065,65.102,3.076,68.984,,,,,0
2026-10-08T07:00Z,2026-10-08T08:00Z,3567159,1,9.4,22.5,9.1,22.6,24.5,h,22.5,24.5,22.5,24.5,0,0.027,1178.209,1.211,0,20,24.4,0.848,15,281,30.03,58.231,0.958,193.047,,,,,0
2026-10-08T07:00Z,2026-10-08T10:00Z,3567159,3,10.6,24.3,9.3,22.8,24.6,h,24.3,24.6,24.3,24.6,0,0.025,186.9,1.921,0,20,24.4,0.848,17,281,28.609,69.242,1.14,163.04,,,,,0
2026-10-08T07:00Z,2026-10-08T13:00Z,3567159,6,14.7,31.7,10.2,24.5,24.6,h,31.7,24.6,31.7,24.6,0,0.024,47.091,2.151,0,20,24.4,0.848,20,281,25.702,80.297,0.785,158.17,,,,,0
2026-10-08T07:00Z,2026-10-08T19:00Z,3567159,12,18,35.3,12.3,27.8,25.4,h,35.3,25.4,35.4,25.4,0,0.097,22.425,0.617,0,20,24.4,0.848,2,281,23.253,88.255,0.514,148.254,,,,,0
2026-10-08T07:00Z,2026-10-09T07:00Z,3567159,24,9.8,16.9,14.2,28.1,25.4,h,16.9,25.4,16.9,25.4,0,0.074,1139.249,0.418,0,20,24.4,0.848,14,282,30.998,58.249,0.408,33.058,,,,,0
2026-10-08T07:00Z,2026-10-10T07:00Z,3567159,48,11.2,15.6,14.1,21.2,23.3,h,15.6,23.3,15.6,23.3,0,0.004,389.318,0.766,0.374,20,24.4,0.848,14,283,26.715,86.303,0.838,274.182,,,,,0
2026-10-08T07:00Z,2026-10-08T08:00Z,3567160,1,5.8,14,8.6,20.8,28.9,h,14,28.9,14,28.9,0,0.002,1095.206,6.482,0.326,14.7,28.9,0.825,15,281,28.94,66.392,4.675,44.39,,,,,0
2026-10-08T07:00Z,2026-10-08T10:00Z,3567160,3,5.9,13.7,8.4,20.4,29,h,13.7,29,13.7,29,0,0.005,802.178,6.112,0.237,14.7,28.9,0.825,17,281,27.07,75.651,3.686,42.573,,,,,0
2026-10-08T07:00Z,2026-10-08T13:00Z,3567160,6,8.3,18,8.3,19.9,28.8,h,18,28.8,18,28.8,0,0.049,591.468,6.598,0,14.7,28.9,0.825,20,281,25.183,77.408,3.527,53.013,,,,,0
2026-10-08T07:00Z,2026-10-08T19:00Z,3567160,12,11.9,23.2,8.6,19.6,27.7,h,23.2,27.7,23.3,27.7,0,0.09,375.069,5.209,0,14.7,28.9,0.825,2,281,23.157,87.817,2.529,45.601,,,,,0
2026-10-08T07:00Z,2026-10-09T07:00Z,3567160,24,5,8.8,9.6,18.8,25.7,h,8.8,25.7,8.8,25.7,0,0.008,483.349,4.99,0.814,14.7,28.9,0.825,14,282,25.634,85.493,3.285,1.26,,,,,0
2026-10-08T07:00Z,2026-10-10T07:00Z,3567160,48,1.7,2.6,1.6,2.9,15.9,h,2.6,15.9,2.6,15.9,0,0,754.556,4.562,1.92,14.7,28.9,0.825,14,283,27.957,83.149,3.091,64.363,,,,,0
2026-10-08T07:00Z,2026-10-08T08:00Z,3567161,1,3.7,17.6,,,,h,17.6,,17.6,,0,0.001,720.858,4.296,0.139,12.1,,1.432,15,281,25.638,79.553,2.796,29.412,,,,,0
2026-10-08T07:00Z,2026-10-08T10:00Z,3567161,3,4.5,19.5,,,,h,19.5,,19.5,,0,0.002,531.284,4.207,0.081,12.1,,1.432,17,281,24.274,83.87,2.377,26.806,,,,,0
2026-10-08T07:00Z,2026-10-08T13:00Z,3567161,6,7.3,27.6,,,,h,27.6,,27.6,,0,0.003,367.153,4.333,0.03,12.1,,1.432,20,281,22.352,89.801,2.183,31.838,,,,,0
2026-10-08T07:00Z,2026-10-08T19:00Z,3567161,12,8.9,28.5,,,,h,28.5,,28.6,,0,0.005,59.28,1.408,0.06,12.1,,1.432,2,281,21.275,94.56,0.6,15.212,,,,,0
2026-10-08T07:00Z,2026-10-09T07:00Z,3567161,24,2.3,6.7,,,,h,6.7,,6.7,,0,0.003,410.895,0.8,1.254,12.1,,1.432,14,282,25.288,86.518,0.437,349.029,,,,,0
2026-10-08T07:00Z,2026-10-10T07:00Z,3567161,48,2.9,5.5,,,,h,5.5,,5.5,,0,0,474.681,2.315,1.544,12.1,,1.432,14,283,25.743,85.817,1.417,60.495,,,,,0
2026-10-08T07:00Z,2026-10-08T08:00Z,3572812,1,6,21,9.8,34.5,27.3,h,21,27.3,21,27.3,0,0,1171.04,1.829,0.029,13.2,27.3,1.194,15,281,26.283,52.975,1.349,158.672,,,,,0
2026-10-08T07:00Z,2026-10-08T10:00Z,3572812,3,6.2,20.6,10.1,35.4,27.4,h,20.6,27.4,20.6,27.4,0,0,208.18,2.433,0,13.2,27.3,1.194,17,281,24.055,71.452,1.272,180.352,,,,,0
2026-10-08T07:00Z,2026-10-08T13:00Z,3572812,6,7.5,22.9,9.9,34.4,27.1,h,22.9,27.1,22.9,27.1,0,0.001,26.909,2.163,0,13.2,27.3,1.194,20,281,20.186,79.506,0.664,152.772,,,,,0
2026-10-08T07:00Z,2026-10-08T19:00Z,3572812,12,10.2,26.8,9.1,29.9,26.7,h,26.8,26.7,26.9,26.7,0,0.003,15.498,0.827,0,13.2,27.3,1.194,2,281,18.035,79.274,0.331,39.264,,,,,0
2026-10-08T07:00Z,2026-10-09T07:00Z,3572812,24,9,19.3,9,23.6,26.3,h,19.3,26.3,19.3,26.3,0,0.007,1289.683,1.848,0,13.2,27.3,1.194,14,282,27.288,50.56,1.34,96.191,,,,,0
2026-10-08T07:00Z,2026-10-10T07:00Z,3572812,48,13.2,20.8,15.6,27.5,27.4,h,20.8,27.4,20.8,27.4,0,0.001,623.118,3.15,0.296,13.2,27.3,1.194,14,283,23.08,75.61,2.212,125.45,,,,,0
2026-10-08T07:00Z,2026-10-08T08:00Z,3572813,1,4.6,13.8,8.3,24.6,27.3,h,13.8,27.3,13.8,27.3,0,0,951.658,2.011,0,7.1,27.3,1.012,15,281,24.326,50.905,1.432,78.313,,,,,0
2026-10-08T07:00Z,2026-10-08T10:00Z,3572813,3,5,14.2,8.6,25.2,27.4,h,14.2,27.4,14.2,27.4,0,0,343.875,3.339,0,7.1,27.3,1.012,17,281,22.61,66.674,1.666,90.905,,,,,0
2026-10-08T07:00Z,2026-10-08T13:00Z,3572813,6,7.3,18.9,8.5,24.8,27.4,h,18.9,27.4,18.9,27.4,0,0.001,13.16,1.029,0,7.1,27.3,1.012,20,281,18.433,80.153,0.356,132.988,,,,,0
2026-10-08T07:00Z,2026-10-08T19:00Z,3572813,12,9.3,21.3,8,22.1,26.9,h,21.3,26.9,21.4,26.9,0,0.008,20.522,1.36,0,7.1,27.3,1.012,2,281,15.606,85.111,0.502,97.898,,,,,0
2026-10-08T07:00Z,2026-10-09T07:00Z,3572813,24,9.4,18,8.6,19.4,25.3,h,18,25.3,18,25.3,0,0.027,1307.549,2.922,0,7.1,27.3,1.012,14,282,25.391,49.27,2.161,60.742,,,,,0
2026-10-08T07:00Z,2026-10-10T07:00Z,3572813,48,12.2,18,16.2,26.3,27,h,18,27,18,27,0,0.001,723.264,4.815,0.315,7.1,27.3,1.012,14,283,21.604,75.743,3.489,50.726,,,,,0
2026-10-08T07:00Z,2026-10-08T08:00Z,3572814,1,1.4,0.7,1.4,0.7,0.2,h,0.7,0.2,0.7,0.2,0,0,681.096,3.892,0.374,0,0.2,-0.349,15,281,22.019,84.551,2.397,14.433,,,,,0
2026-10-08T07:00Z,2026-10-08T10:00Z,3572814,3,1.5,0.8,1.3,0.7,0.2,h,0.8,0.2,0.8,0.2,0,0,383.715,3.541,0.889,0,0.2,-0.349,17,281,20.603,89.76,1.89,22.984,,,,,0
2026-10-08T07:00Z,2026-10-08T13:00Z,3572814,6,1.3,0.7,1.1,0.5,0.2,h,0.7,0.2,0.7,0.2,0,0,181.854,3.34,0.09,0,0.2,-0.349,20,281,18.911,93.246,1.624,22.747,,,,,0
2026-10-08T07:00Z,2026-10-08T19:00Z,3572814,12,0.8,0.4,1,0.5,0.2,h,0.4,0.2,0.4,0.2,0,0,39.181,1.425,0.068,0,0.2,-0.349,2,281,18.232,94.056,0.842,317.391,,,,,0
2026-10-08T07:00Z,2026-10-09T07:00Z,3572814,24,1.2,0.8,0.9,0.4,0.3,h,0.8,0.3,0.8,0.3,0,0,657.456,0.47,0.255,0,0.2,-0.349,14,282,24.703,73.831,0.421,118.97,,,,,0
2026-10-08T07:00Z,2026-10-10T07:00Z,3572814,48,3.5,3,2.2,1.7,0.9,h,3,0.9,3,0.9,0,0,621.941,2.724,0.435,0,0.2,-0.349,14,283,23.675,79.627,1.781,70.311,,,,,0
2026-10-08T07:00Z,2026-10-08T08:00Z,3585655,1,6.4,5.4,4.5,3.7,5.6,h,5.4,5.6,5.4,5.6,0,0.007,844.408,1.145,0.277,5.2,5.6,-0.151,15,281,27.433,69.176,0.873,92.102,,,,,0
2026-10-08T07:00Z,2026-10-08T10:00Z,3585655,3,7.2,6.1,4.4,3.7,5.6,h,6.1,5.6,6.1,5.6,0,0.007,244.521,1.907,0.128,5.2,5.6,-0.151,17,281,26.238,77.206,1.215,100.965,,,,,0
2026-10-08T07:00Z,2026-10-08T13:00Z,3585655,6,9.8,8.5,5,4.2,5.6,h,8.5,5.6,8.5,5.6,0,0.009,30,2.332,0,5.2,5.6,-0.151,20,281,23.249,88.132,0.63,137.748,,,,,0
2026-10-08T07:00Z,2026-10-08T19:00Z,3585655,12,13.3,11.7,7.2,6.2,6,h,11.7,6,11.7,6,0,0.008,15.883,0.757,0,5.2,5.6,-0.151,2,281,21.092,91.258,0.2,79.843,,,,,0
2026-10-08T07:00Z,2026-10-09T07:00Z,3585655,24,8,7.2,11,9.7,6.7,h,7.2,6.7,7.2,6.7,0,0.008,1126.777,2.782,0.138,5.2,5.6,-0.151,14,282,29.412,55.625,1.963,51.131,,,,,0
2026-10-08T07:00Z,2026-10-10T07:00Z,3585655,48,11.4,10.7,10.6,9.8,7.1,h,10.7,7.1,10.7,7.1,0,0.007,683.412,3.821,0.497,5.2,5.6,-0.151,14,283,26.084,79.472,2.788,106.427,,,,,0
2026-10-08T07:00Z,2026-10-08T08:00Z,3585656,1,3.2,10.4,4.2,13.8,9.9,h,10.4,9.9,10.4,9.9,0,0.003,1233.616,1.871,0.022,7,9.9,1.042,15,281,28.046,53.981,1.323,34.783,,,,,0
2026-10-08T07:00Z,2026-10-08T10:00Z,3585656,3,3.8,11.5,4.4,14.1,10,h,11.5,10,11.5,10,0,0.003,266.427,2.345,0,7,9.9,1.042,17,281,26.565,67.434,1.053,61.255,,,,,0
2026-10-08T07:00Z,2026-10-08T13:00Z,3585656,6,5.2,14.3,4.5,14.2,10.1,h,14.3,10.1,14.3,10.1,0,0.005,29.293,2.386,0,7,9.9,1.042,20,281,22.357,80.694,0.913,95.063,,,,,0
2026-10-08T07:00Z,2026-10-08T19:00Z,3585656,12,6.6,15.8,4.6,13.7,10.7,h,15.8,10.7,15.8,10.7,0,0.006,15.021,0.486,0,7,9.9,1.042,2,281,19.773,87.124,0.391,157.223,,,,,0
2026-10-08T07:00Z,2026-10-09T07:00Z,3585656,24,8.3,16.3,6,14.2,11,h,16.3,11,16.3,11,0,0.006,1333.55,2.826,0,7,9.9,1.042,14,282,28.585,53.985,2.037,42.661,,,,,0
2026-10-08T07:00Z,2026-10-10T07:00Z,3585656,48,6.1,9.3,12.3,20.5,13.6,h,9.3,13.6,9.3,13.6,0,0.005,1055.662,4.079,0.646,7,9.9,1.042,14,283,26.962,70.146,2.883,74.91,,,,,0
2026-10-08T07:00Z,2026-10-08T08:00Z,3585657,1,9.5,19.1,8.2,17,18.6,h,19.1,18.6,19.1,18.6,0,0.039,1448.567,0.631,0,12.7,18.6,0.675,15,281,29.176,53.702,0.489,328.748,,,,,0
2026-10-08T07:00Z,2026-10-08T10:00Z,3585657,3,10.7,20.8,8.6,17.7,18.7,h,20.8,18.7,20.8,18.7,0,0.034,354.127,0.884,0,12.7,18.6,0.675,17,281,27.383,68.571,0.592,78.194,,,,,0
2026-10-08T07:00Z,2026-10-08T13:00Z,3585657,6,14.3,26.4,9.6,19.4,18.8,h,26.4,18.8,26.4,18.8,0,0.031,36.667,0.891,0,12.7,18.6,0.675,20,281,23.867,85.95,0.554,87.416,,,,,0
2026-10-08T07:00Z,2026-10-08T19:00Z,3585657,12,15.9,27.3,11.4,22,19.3,h,27.3,19.3,27.4,19.3,0,0.735,75.795,2.594,0,12.7,18.6,0.675,2,281,21.595,86.127,1.344,64.755,,,,,0
2026-10-08T07:00Z,2026-10-09T07:00Z,3585657,24,9.6,14.8,12.9,22.5,19.6,h,14.8,19.6,14.8,19.6,0,0.067,1287.554,0.715,0.022,12.7,18.6,0.675,14,282,29.861,54.637,0.539,58.885,,,,,0
2026-10-08T07:00Z,2026-10-10T07:00Z,3585657,48,7.8,10.2,13.2,18.5,18.6,h,10.2,18.6,10.2,18.6,0,0.003,505.459,4.461,2.937,12.7,18.6,0.675,14,283,25.06,87.461,3.294,71.081,,,,,0
2026-10-08T07:00Z,2026-10-08T08:00Z,3585658,1,3.3,6.4,4,7.8,16.6,h,6.4,16.6,6.4,16.6,0,0.003,1404.621,1.586,0,4.2,16.6,0.564,15,281,26.849,47.733,1.155,356.705,,,,,0
2026-10-08T07:00Z,2026-10-08T10:00Z,3585658,3,3.8,7.1,4.2,8.1,16.7,h,7.1,16.7,7.1,16.7,0,0.003,72.703,1.028,0,4.2,16.6,0.564,17,281,24.145,74.589,0.797,253.937,,,,,0
2026-10-08T07:00Z,2026-10-08T13:00Z,3585658,6,5.6,9.8,4.4,8.5,16.2,h,9.8,16.2,9.8,16.2,0,0.007,22.095,0.738,0,4.2,16.6,0.564,20,281,20.171,87.999,0.675,42.039,,,,,0
2026-10-08T07:00Z,2026-10-08T19:00Z,3585658,12,8.7,13.9,5.2,9.4,15.4,h,13.9,15.4,13.9,15.4,0,0.013,28.907,0.89,0,4.2,16.6,0.564,2,281,17.986,86.266,1.022,22.167,,,,,0
2026-10-08T07:00Z,2026-10-09T07:00Z,3585658,24,12.6,18,8.9,14,15.9,h,18,15.9,18,15.9,0,0.014,1256.549,0.401,0.082,4.2,16.6,0.564,14,282,27.468,52.327,0.323,326.665,,,,,0
2026-10-08T07:00Z,2026-10-10T07:00Z,3585658,48,1.9,2.6,12.3,16.4,16.5,h,2.6,16.5,2.6,16.5,0,0.002,236.325,1.688,5.522,4.2,16.6,0.564,14,283,21.776,94.291,1.078,34.025,,,,,0
2026-10-08T07:00Z,2026-10-08T08:00Z,3587757,1,8.9,15.1,,,,h,15.1,,15.1,,0,0,1164.192,2.595,0.107,8.1,,0.507,15,281,25.368,56.597,1.898,160.607,,,,,0
2026-10-08T07:00Z,2026-10-08T10:00Z,3587757,3,8.9,14.8,,,,h,14.8,,14.8,,0,0,371.873,2.978,0.003,8.1,,0.507,17,281,23.635,67.964,1.442,148.756,,,,,0
2026-10-08T07:00Z,2026-10-08T13:00Z,3587757,6,9.8,15.7,,,,h,15.7,,15.7,,0,0,40.102,2.999,0,8.1,,0.507,20,281,20.303,75.963,1.157,122.392,,,,,0
2026-10-08T07:00Z,2026-10-08T19:00Z,3587757,12,10.4,15.8,,,,h,15.8,,15.8,,0,0.001,13.042,1.559,0,8.1,,0.507,2,281,17.889,83.023,0.317,119.27,,,,,0
2026-10-08T07:00Z,2026-10-09T07:00Z,3587757,24,8.4,11.7,,,,h,11.7,,11.7,,0,0.003,1458.312,1.148,0.091,8.1,,0.507,14,282,26.911,52.252,0.875,108.857,,,,,0
2026-10-08T07:00Z,2026-10-10T07:00Z,3587757,48,11.7,14.2,,,,h,14.2,,14.2,,0,0.001,1205.051,3.925,0.462,8.1,,0.507,14,283,25.472,55.952,2.812,125.82,,,,,0
2026-10-08T07:00Z,2026-10-08T08:00Z,3591604,1,7.7,7.6,9.8,9.8,12.3,h,7.6,12.3,7.6,12.3,0,0.007,1387.044,0.505,0.019,6.7,12.3,-0.007,15,281,28.051,48.885,0.403,241.866,,,,,0
2026-10-08T07:00Z,2026-10-08T10:00Z,3591604,3,8.5,8.4,10.3,10.2,12.3,h,8.4,12.3,8.4,12.3,0,0.009,110.385,0.728,0,6.7,12.3,-0.007,17,281,26.031,67.348,0.478,224.361,,,,,0
2026-10-08T07:00Z,2026-10-08T13:00Z,3591604,6,13.2,13.1,10.7,10.6,12,h,13.1,12,13.1,12,0,0.009,17.004,1.125,0,6.7,12.3,-0.007,20,281,22.727,77.71,0.171,186.901,,,,,0
2026-10-08T07:00Z,2026-10-08T19:00Z,3591604,12,13.9,13.8,11.1,11,11.8,h,13.8,11.8,13.8,11.8,0,0.008,43.772,1.509,0,6.7,12.3,-0.007,2,281,20.03,82.363,0.848,48.014,,,,,0
2026-10-08T07:00Z,2026-10-09T07:00Z,3591604,24,6.9,6.9,11,10.9,11.9,h,6.9,11.9,6.9,12,0,0.006,1574.793,1.233,0.019,6.7,12.3,-0.007,14,282,29.067,47.322,0.909,40.525,,,,,0
2026-10-08T07:00Z,2026-10-10T07:00Z,3591604,48,10.7,10.7,11.4,11.4,12,h,10.7,12,10.7,12,0,0.002,1045.501,4.101,0.495,6.7,12.3,-0.007,14,283,26.585,62.745,2.909,87.474,,,,,0
2026-10-08T07:00Z,2026-10-08T08:00Z,3591605,1,8,7.6,7.5,7.1,7.7,h,7.6,7.7,7.6,7.7,0,0.008,1451.726,2.139,0,5.7,7.7,-0.052,15,281,26.4,52.447,1.611,118.268,,,,,0
2026-10-08T07:00Z,2026-10-08T10:00Z,3591605,3,8.5,8.1,8,7.6,7.8,h,8.1,7.8,8.1,7.8,0,0.013,183.855,2.056,0,5.7,7.7,-0.052,17,281,23.982,73.427,0.944,118.414,,,,,0
2026-10-08T07:00Z,2026-10-08T13:00Z,3591605,6,10.8,10.3,8.8,8.3,7.8,h,10.3,7.8,10.3,7.8,0,0.025,35.985,2.452,0,5.7,7.7,-0.052,20,281,19.622,84.28,0.96,86.309,,,,,0
2026-10-08T07:00Z,2026-10-08T19:00Z,3591605,12,22.4,21.5,11.3,10.7,8.4,h,21.5,8.4,21.6,8.4,0,0.03,25.509,1.438,0,5.7,7.7,-0.052,2,281,16.498,91.611,1.078,73.713,,,,,0
2026-10-08T07:00Z,2026-10-09T07:00Z,3591605,24,23.5,22.8,19.4,18.7,10.6,h,22.8,10.6,22.8,10.6,0,0.019,1229.622,4.662,0,5.7,7.7,-0.052,14,282,26.417,55.25,3.282,65.461,,,,,0
2026-10-08T07:00Z,2026-10-10T07:00Z,3591605,48,15.6,15.3,28.3,27.6,14.7,h,15.3,14.7,15.3,14.7,0,0,647.736,3.713,0.467,5.7,7.7,-0.052,14,283,23.073,82.247,2.543,67.593,,,,,0
2026-10-08T07:00Z,2026-10-08T08:00Z,3591606,1,8.4,4.8,5.8,3.1,4.1,h,4.8,4.1,4.8,4.1,0,0.012,1183.73,0.861,0.093,5.1,4.1,-0.507,15,281,28.977,59.016,0.665,71.43,,,,,0
2026-10-08T07:00Z,2026-10-08T10:00Z,3591606,3,9.5,5.6,5.9,3.2,4.1,h,5.6,4.1,5.6,4.1,0,0.011,223.578,2.072,0,5.1,4.1,-0.507,17,281,27.551,69.695,1.383,72.413,,,,,0
2026-10-08T07:00Z,2026-10-08T13:00Z,3591606,6,12.8,7.9,6.8,3.8,4.2,h,7.9,4.2,7.9,4.2,0,0.01,35.4,2.667,0,5.1,4.1,-0.507,20,281,24.486,84.331,0.796,138.562,,,,,0
2026-10-08T07:00Z,2026-10-08T19:00Z,3591606,12,15.5,10.2,9.5,5.7,4.8,h,10.2,4.8,10.2,4.8,0,0.007,20.287,0.765,0,5.1,4.1,-0.507,2,281,21.917,93.475,0.462,2.952,,,,,0
2026-10-08T07:00Z,2026-10-09T07:00Z,3591606,24,8.8,6.3,12.9,8.4,5.2,h,6.3,5.2,6.3,5.2,0,0.012,1132.571,2.22,0.041,5.1,4.1,-0.507,14,282,29.646,57.943,1.713,51.711,,,,,0
2026-10-08T07:00Z,2026-10-10T07:00Z,3591606,48,12.7,10.4,12.4,9.6,6,h,10.4,6,10.4,6,0,0.007,561.938,5.638,2.736,5.1,4.1,-0.507,14,283,25.072,86.664,3.919,107.667,,,,,0
2026-10-08T07:00Z,2026-10-08T08:00Z,3591607,1,7.7,12.3,6.7,10.9,12.8,h,12.3,12.8,12.3,12.8,0,0.006,1287.872,1.298,0,8.1,12.8,0.439,15,281,25.415,53.292,0.941,96.845,,,,,0
2026-10-08T07:00Z,2026-10-08T10:00Z,3591607,3,8.3,12.9,7.2,11.7,12.9,h,12.9,12.9,12.9,12.9,0,0.008,210.09,1.321,0.027,8.1,12.8,0.439,17,281,22.835,73.676,0.656,96.833,,,,,0
2026-10-08T07:00Z,2026-10-08T13:00Z,3591607,6,10.2,15.4,8,12.8,13.1,h,15.4,13.1,15.4,13.1,0,0.013,23.912,1.62,0,8.1,12.8,0.439,20,281,18.773,86.168,0.668,75.823,,,,,0
2026-10-08T07:00Z,2026-10-08T19:00Z,3591607,12,16.2,23,9.9,15.2,13.6,h,23,13.6,23.1,13.6,0,0.017,25.294,1.29,0,8.1,12.8,0.439,2,281,15.54,93.629,1.131,46.92,,,,,0
2026-10-08T07:00Z,2026-10-09T07:00Z,3591607,24,17.1,22.5,15.2,21.5,15.1,h,22.5,15.1,22.5,15.1,0,0.02,1159.276,2.603,0.068,8.1,12.8,0.439,14,282,25.8,57.209,1.748,58.057,,,,,0
2026-10-08T07:00Z,2026-10-10T07:00Z,3591607,48,2.5,3.1,18.6,23.3,16.5,h,3.1,16.5,3.1,16.5,0,0,584.188,3.284,1.375,8.1,12.8,0.439,14,283,22.407,83.119,2.194,65.811,,,,,0
2026-10-08T07:00Z,2026-10-08T08:00Z,3591609,1,4.1,3.3,5.4,4.3,7.2,h,3.3,7.2,3.3,7.2,0,0.113,1288.624,1.211,0,2.3,7.2,-0.186,15,281,27.582,54.191,0.885,347.137,,,,,0
2026-10-08T07:00Z,2026-10-08T10:00Z,3591609,3,5.6,4.6,5.3,4.2,7.2,h,4.6,7.2,4.6,7.2,0,0.056,96.19,0.501,0,2.3,7.2,-0.186,17,281,25.375,76.405,0.401,251.995,,,,,0
2026-10-08T07:00Z,2026-10-08T13:00Z,3591609,6,9.1,7.6,5.6,4.5,7.1,h,7.6,7.1,7.6,7.1,0,0.034,34.961,1.075,0,2.3,7.2,-0.186,20,281,21.58,90.615,0.728,92.265,,,,,0
2026-10-08T07:00Z,2026-10-08T19:00Z,3591609,12,11.7,10,7,5.7,7.2,h,10,7.2,10,7.2,0,0.186,37.742,1.296,0,2.3,7.2,-0.186,2,281,19.467,87.876,0.895,39.229,,,,,0
2026-10-08T07:00Z,2026-10-09T07:00Z,3591609,24,9.7,8.6,9.8,8.4,7.5,h,8.6,7.5,8.6,7.5,0,0.025,1361.415,0.622,0.045,2.3,7.2,-0.186,14,282,28.799,50.428,0.436,79.454,,,,,0
2026-10-08T07:00Z,2026-10-10T07:00Z,3591609,48,10.5,9.8,12.5,11.4,8.7,h,9.8,8.7,9.8,8.7,0,0.004,262.077,2.095,4.56,2.3,7.2,-0.186,14,283,22.573,94.452,1.375,73.173,,,,,0
2026-10-08T07:00Z,2026-10-08T08:00Z,3591610,1,4.8,16.3,6.8,23.2,20.5,h,16.3,20.5,16.3,20.5,0,0.004,878.26,5.758,0.022,9.3,20.5,1.14,15,281,26.128,76.957,3.796,36.062,,,,,0
2026-10-08T07:00Z,2026-10-08T10:00Z,3591610,3,5.6,17.8,6.6,22.7,20.6,h,17.8,20.6,17.8,20.6,0,0.009,707.8,5.481,0.02,9.3,20.5,1.14,17,281,24.847,79.788,3.308,34.631,,,,,0
2026-10-08T07:00Z,2026-10-08T13:00Z,3591610,6,9.9,28.2,6.7,22.5,20.7,h,28.2,20.7,28.2,20.7,0,0.008,557.693,5.785,0.019,9.3,20.5,1.14,20,281,22.984,88.304,3.025,40.906,,,,,0
2026-10-08T07:00Z,2026-10-08T19:00Z,3591610,12,11.3,28.4,7.3,22.5,21.4,h,28.4,21.4,28.5,21.4,0,0.012,92.305,2.443,0.038,9.3,20.5,1.14,2,281,21.686,94.155,0.73,27.326,,,,,0
2026-10-08T07:00Z,2026-10-09T07:00Z,3591610,24,0.9,2.7,7.8,20.6,20.5,h,2.7,20.5,2.7,20.5,0,0.004,323.755,1.59,2.13,9.3,20.5,1.14,14,282,24.363,92.937,1.01,14.639,,,,,0
2026-10-08T07:00Z,2026-10-10T07:00Z,3591610,48,1.7,3.1,0.8,2,11.3,h,3.1,11.3,3.1,11.3,0,0,336.11,2.647,2.406,9.3,20.5,1.14,14,283,24.999,92.901,1.533,70.538,,,,,0
2026-10-08T07:00Z,2026-10-08T08:00Z,3591611,1,4,14.3,6.7,23.7,19.1,h,14.3,19.1,14.3,19.1,0,0.001,553.908,2.79,0.251,10.7,19.1,1.166,15,281,27.129,80.176,1.803,27.425,,,,,0
2026-10-08T07:00Z,2026-10-08T10:00Z,3591611,3,4.6,15.4,6.7,23.5,19.2,h,15.4,19.2,15.4,19.2,0,0.002,423.689,3.283,0.143,10.7,19.1,1.166,17,281,25.804,85.241,1.718,6.855,,,,,0
2026-10-08T07:00Z,2026-10-08T13:00Z,3591611,6,7.5,22.3,6.6,22.9,19.2,h,22.3,19.2,22.3,19.2,0,0.004,304.131,3.409,0.007,10.7,19.1,1.166,20,281,23.894,87.711,1.668,19.877,,,,,0
2026-10-08T07:00Z,2026-10-08T19:00Z,3591611,12,9.9,25.5,6.9,22,19.6,h,25.5,19.6,25.6,19.6,0,0.007,56.53,1.219,0.015,10.7,19.1,1.166,2,281,22.314,94.28,0.579,12.533,,,,,0
2026-10-08T07:00Z,2026-10-09T07:00Z,3591611,24,1.9,4.8,6.9,18.4,18.9,h,4.8,18.9,4.8,18.9,0,0.005,378.598,1.574,1.345,10.7,19.1,1.166,14,282,25.56,91.464,0.995,323.66,,,,,0
2026-10-08T07:00Z,2026-10-10T07:00Z,3591611,48,2.7,4.6,3.8,7.2,13.1,h,4.6,13.1,4.6,13.1,0,0,391.144,1.32,1.521,10.7,19.1,1.166,14,283,26.769,87.644,0.794,42.045,,,,,0
2026-10-08T07:00Z,2026-10-08T08:00Z,3597971,1,8,18.6,7.5,18,25.1,h,18.6,25.1,18.6,25.1,0,0.012,1382.242,2.093,0,13.3,25.1,0.809,15,281,25.821,54.553,1.596,122.544,,,,,0
2026-10-08T07:00Z,2026-10-08T10:00Z,3597971,3,8.5,19,8,19.1,25.3,h,19,25.3,19,25.3,0,0.021,156.658,1.939,0,13.3,25.1,0.809,17,281,23.699,73.229,0.925,127.161,,,,,0
2026-10-08T07:00Z,2026-10-08T13:00Z,3597971,6,10.8,22.7,8.8,20.6,25.2,h,22.7,25.2,22.7,25.2,0,0.037,45.205,2.655,0,13.3,25.1,0.809,20,281,19.41,83.523,1.05,88.532,,,,,0
2026-10-08T07:00Z,2026-10-08T19:00Z,3597971,12,22.4,42.4,11.3,24.7,25.5,h,42.4,25.5,42.5,25.5,0,0.039,21.934,1.16,0,13.3,25.1,0.809,2,281,16.7,88.15,0.814,71.202,,,,,0
2026-10-08T07:00Z,2026-10-09T07:00Z,3597971,24,23.5,38.6,19.4,35.9,27.9,h,38.6,27.9,38.7,28,0,0.018,1193.252,4.823,0,13.3,25.1,0.809,14,282,26.038,55.12,3.444,72.586,,,,,0
2026-10-08T07:00Z,2026-10-10T07:00Z,3597971,48,15.6,21.2,28.3,41.8,30.9,h,21.2,30.9,21.2,30.9,0,0,542.472,3.305,0.825,13.3,25.1,0.809,14,283,21.966,87.141,2.194,71.61,,,,,0
2026-10-08T07:00Z,2026-10-08T08:00Z,3597972,1,13,20.6,15,24.2,15.7,h,20.6,15.7,20.6,15.7,0,0.03,1439.649,3.212,0,37.9,15.7,0.454,15,281,26.116,52.285,2.324,91,,,,,0
2026-10-08T07:00Z,2026-10-08T10:00Z,3597972,3,19.7,30.4,15.8,25.4,15.9,h,30.4,15.9,30.3,15.9,0,0.049,453.976,3.591,0,37.9,15.7,0.454,17,281,23.189,71.161,1.888,99.237,,,,,0
2026-10-08T07:00Z,2026-10-08T13:00Z,3597972,6,28.2,42.2,17.6,28,16.3,h,42.2,16.3,42.2,16.3,-0.002,0.077,23.596,2.421,0,37.9,15.7,0.454,20,281,19.613,82.523,0.598,87.466,,,,,0
2026-10-08T07:00Z,2026-10-08T19:00Z,3597972,12,42.4,60.4,22.5,34.4,19.3,h,60.4,19.3,60.5,19.3,-0.003,0.089,30.013,1.522,0,37.9,15.7,0.454,2,281,16.909,92.521,0.788,351.329,,,,,0
2026-10-08T07:00Z,2026-10-09T07:00Z,3597972,24,33.5,44.2,32.3,45.9,23.6,h,44.2,23.6,44.3,23.6,0,0.023,1062.979,4.975,0,37.9,15.7,0.454,14,282,24.792,63.331,3.361,52.362,,,,,0
2026-10-08T07:00Z,2026-10-10T07:00Z,3597972,48,21.5,25.5,28.6,35.8,22.7,h,25.5,22.7,25.5,22.7,0,0,373.309,2.664,0.648,37.9,15.7,0.454,14,283,21.529,92.88,1.854,60.601,,,,,0
2026-10-08T07:00Z,2026-10-08T08:00Z,3597973,1,5.2,9,3.8,6.9,11.3,h,9,11.3,9,11.3,0,0.003,1347.92,0.434,0,3.5,11.3,0.503,15,281,27.15,50.94,0.336,51.744,,,,,0
2026-10-08T07:00Z,2026-10-08T10:00Z,3597973,3,5.7,9.6,4.1,7.4,11.4,h,9.6,11.4,9.6,11.4,0,0.007,123.718,1.628,0,3.5,11.3,0.503,17,281,24.878,70.656,0.88,65.921,,,,,0
2026-10-08T07:00Z,2026-10-08T13:00Z,3597973,6,7.2,11.7,4.7,8.3,11.4,h,11.7,11.4,11.7,11.4,0,0.01,33.021,2.945,0,3.5,11.3,0.503,20,281,20.801,79.137,1.034,91.558,,,,,0
2026-10-08T07:00Z,2026-10-08T19:00Z,3597973,12,10.4,15.7,6.1,10.2,11.8,h,15.7,11.8,15.7,11.8,0,0.013,23.275,1.804,0,3.5,11.3,0.503,2,281,18.186,84.993,0.879,101.934,,,,,0
2026-10-08T07:00Z,2026-10-09T07:00Z,3597973,24,15.5,21.2,11.1,16.4,12.6,h,21.2,12.6,21.2,12.6,0,0.014,1148.886,2.894,0,3.5,11.3,0.503,14,282,27.351,55.663,2.144,55.027,,,,,0
2026-10-08T07:00Z,2026-10-10T07:00Z,3597973,48,13.6,16.5,22.2,28.3,17.3,h,16.5,17.3,16.5,17.3,0,0,864.453,3.933,0.418,3.5,11.3,0.503,14,283,24.605,76.441,2.745,63.042,,,,,0
2026-10-08T07:00Z,2026-10-08T08:00Z,3597974,1,5.1,13.9,3.5,10.4,12.5,h,13.9,12.5,13.9,12.5,0,0.003,1215.122,0.636,0,18.1,12.5,0.934,15,281,27.452,51.033,0.503,70.951,,,,,0
2026-10-08T07:00Z,2026-10-08T10:00Z,3597974,3,5.5,14.4,3.8,11.2,12.5,h,14.4,12.5,14.4,12.5,0,0.004,183,1.999,0,18.1,12.5,0.934,17,281,25.206,70.201,1.12,61.339,,,,,0
2026-10-08T07:00Z,2026-10-08T13:00Z,3597974,6,7.3,17.6,4.5,12.6,12.4,h,17.6,12.4,17.6,12.4,0,0.008,25.942,2.525,0,18.1,12.5,0.934,20,281,21.397,80.004,0.69,87.223,,,,,0
2026-10-08T07:00Z,2026-10-08T19:00Z,3597974,12,10.8,23.1,6.1,15.7,13.1,h,23.1,13.1,23.2,13.1,0,0.013,23.663,1.367,0,18.1,12.5,0.934,2,281,18.397,88.605,0.68,97.356,,,,,0
2026-10-08T07:00Z,2026-10-09T07:00Z,3597974,24,13.7,24.6,10.9,22.7,15.2,h,24.6,15.2,24.7,15.2,0,0.015,1136.583,2.903,0,18.1,12.5,0.934,14,282,27.601,57.565,2.171,39.604,,,,,0
2026-10-08T07:00Z,2026-10-10T07:00Z,3597974,48,8.4,12.2,20,31.5,19.2,h,12.2,19.2,12.2,19.2,0,0,919.222,4.082,0.3,18.1,12.5,0.934,14,283,25.555,73.619,2.956,58.451,,,,,0
2026-10-08T07:00Z,2026-10-08T08:00Z,3597975,1,9,18.4,9.4,19.8,16.4,h,18.4,16.4,18.4,16.4,0,0.023,1389.753,3.086,0,18.2,16.4,0.689,15,281,26.067,53.283,2.248,94.695,,,,,0
2026-10-08T07:00Z,2026-10-08T10:00Z,3597975,3,11,21.6,10,20.9,16.6,h,21.6,16.6,21.6,16.6,0,0.036,416.237,3.403,0.007,18.2,16.4,0.689,17,281,23.261,71.888,1.783,102.971,,,,,0
2026-10-08T07:00Z,2026-10-08T13:00Z,3597975,6,16.5,30.7,11.3,23,16.9,h,30.7,16.9,30.7,16.9,-0.002,0.06,23.667,2.066,0,18.2,16.4,0.689,20,281,19.61,83.912,0.539,90.861,,,,,0
2026-10-08T07:00Z,2026-10-08T19:00Z,3597975,12,30.7,52.6,15.1,28.9,19,h,52.6,19,52.7,19,-0.003,0.076,32.044,1.53,0,18.2,16.4,0.689,2,281,16.805,93.399,0.81,350.896,,,,,0
2026-10-08T07:00Z,2026-10-09T07:00Z,3597975,24,27.2,41.5,24,40.7,22.7,h,41.5,22.7,41.6,22.7,0,0.025,1054.132,4.615,0.088,18.2,16.4,0.689,14,282,24.883,64.111,3.112,57.372,,,,,0
2026-10-08T07:00Z,2026-10-10T07:00Z,3597975,48,14.2,18.5,27,37.9,23.9,h,18.5,23.9,18.5,23.9,0,0,424.451,2.912,0.681,18.2,16.4,0.689,14,283,21.846,91.401,1.999,64.798,,,,,0
2026-10-08T07:00Z,2026-10-08T08:00Z,3597976,1,3.2,10.3,4.2,13.6,12,h,10.3,12,10.3,12,0,0.001,931.215,1.784,0.058,5.9,12,1.033,15,281,27.403,54.423,1.287,103.092,,,,,0
2026-10-08T07:00Z,2026-10-08T10:00Z,3597976,3,3.8,11.4,4.4,13.9,12.1,h,11.4,12.1,11.4,12.1,0,0.001,261.035,2.415,0,5.9,12,1.033,17,281,25.813,67.784,1.107,104.113,,,,,0
2026-10-08T07:00Z,2026-10-08T13:00Z,3597976,6,5.2,14.1,4.5,14,12.2,h,14.1,12.2,14.1,12.2,0,0.002,31.486,2.375,0,5.9,12,1.033,20,281,21.567,83.827,0.927,97.569,,,,,0
2026-10-08T07:00Z,2026-10-08T19:00Z,3597976,12,6.6,15.7,4.6,13.6,12.7,h,15.7,12.7,15.7,12.7,0,0.004,18.277,0.988,0,5.9,12,1.033,2,281,18.894,88.25,0.451,116.647,,,,,0
2026-10-08T07:00Z,2026-10-09T07:00Z,3597976,24,8.3,16.2,6,14.1,12.6,h,16.2,12.6,16.2,12.6,0,0.006,1332.092,2.433,0,5.9,12,1.033,14,282,28.193,53.528,1.851,69.586,,,,,0
2026-10-08T07:00Z,2026-10-10T07:00Z,3597976,48,6.1,9.3,12.3,20.4,15,h,9.3,15,9.3,15,0,0.004,1009.568,4.279,1.019,5.9,12,1.033,14,283,26.173,73.715,3.042,76.744,,,,,0
2026-10-08T07:00Z,2026-10-08T08:00Z,3597978,1,9.4,18.4,9.1,18.3,16.9,h,18.4,16.9,18.4,16.9,0,0.03,1335.347,0.807,0,15.8,16.9,0.65,15,281,28.447,54.912,0.59,343.137,,,,,0
2026-10-08T07:00Z,2026-10-08T10:00Z,3597978,3,10.6,20.1,9.3,18.6,17,h,20.1,17,20.1,17,0,0.029,213.746,0.394,0,15.8,16.9,0.65,17,281,26.523,72.691,0.298,89.946,,,,,0
2026-10-08T07:00Z,2026-10-08T13:00Z,3597978,6,14.7,26.5,10.2,20,17.3,h,26.5,17.3,26.5,17.3,0,0.027,37.178,1.238,0,15.8,16.9,0.65,20,281,22.874,88.206,0.645,103.192,,,,,0
2026-10-08T07:00Z,2026-10-08T19:00Z,3597978,12,18,30.2,12.3,23,18,h,30.2,18,30.3,18.1,0,0.08,52.408,1.79,0,15.8,16.9,0.65,2,281,20.75,86.937,1.004,55.981,,,,,0
2026-10-08T07:00Z,2026-10-09T07:00Z,3597978,24,9.8,14.9,14.2,24,18.7,h,14.9,18.7,14.9,18.8,0,0.052,1308.207,0.777,0.028,15.8,16.9,0.65,14,282,29.421,53.008,0.568,62.86,,,,,0
2026-10-08T07:00Z,2026-10-10T07:00Z,3597978,48,11.2,14.4,14.1,19.3,17.7,h,14.4,17.7,14.4,17.7,0,0.004,379.487,3.283,3.655,15.8,16.9,0.65,14,283,23.893,91.092,2.349,74.964,,,,,0
2026-10-08T07:00Z,2026-10-08T08:00Z,3599598,1,9,14.3,8.4,13.7,18.5,h,14.3,18.5,14.3,18.5,0,0.01,1196.363,1.293,0,10.7,18.5,0.446,15,281,25.112,58.345,1.067,145.217,,,,,0
2026-10-08T07:00Z,2026-10-08T10:00Z,3599598,3,9.3,14.5,9,14.6,18.6,h,14.5,18.6,14.5,18.6,0,0.017,58.545,1.185,0,10.7,18.5,0.446,17,281,23.704,71.724,0.575,141.976,,,,,0
2026-10-08T07:00Z,2026-10-08T13:00Z,3599598,6,11.2,16.9,9.8,15.6,18.4,h,16.9,18.4,16.9,18.4,0,0.028,62.624,3.322,0,10.7,18.5,0.446,20,281,19.6,80.437,1.292,93.245,,,,,0
2026-10-08T07:00Z,2026-10-08T19:00Z,3599598,12,20.6,29.4,11.6,17.9,18.5,h,29.4,18.5,29.5,18.5,0,0.031,13.627,0.935,0,10.7,18.5,0.446,2,281,17.72,79.026,0.363,100.912,,,,,0
2026-10-08T07:00Z,2026-10-09T07:00Z,3599598,24,22.6,29.8,18.7,26.3,20.5,h,29.8,20.5,29.9,20.6,0,0.013,1103.407,4.494,0,10.7,18.5,0.446,14,282,25.957,54.217,3.329,85.429,,,,,0
2026-10-08T07:00Z,2026-10-10T07:00Z,3599598,48,16.2,19.2,28.9,35.8,24.5,h,19.2,24.5,19.2,24.5,0,0,502.53,2.902,1.428,10.7,18.5,0.446,14,283,21.034,91.055,1.847,79.6,,,,,0
2026-10-08T07:00Z,2026-10-08T08:00Z,3599599,1,9,25,8.4,24.5,20.6,h,25,20.6,25,20.6,0,0.015,1151.392,1.221,0,16.6,20.6,0.995,15,281,25.339,57.066,0.963,128.179,,,,,0
2026-10-08T07:00Z,2026-10-08T10:00Z,3599599,3,9.3,24.7,9,25.9,20.8,h,24.7,20.8,24.7,20.8,0,0.025,86.544,1.132,0,16.6,20.6,0.995,17,281,23.809,71.939,0.551,123.144,,,,,0
2026-10-08T07:00Z,2026-10-08T13:00Z,3599599,6,11.2,27.8,9.8,27.5,21,h,27.8,21,27.8,21,0,0.037,56.314,2.869,0,16.6,20.6,0.995,20,281,19.825,80.537,1.084,91.064,,,,,0
2026-10-08T07:00Z,2026-10-08T19:00Z,3599599,12,20.6,45.1,11.6,30.2,22.4,h,45.1,22.4,45.2,22.4,0,0.036,14.916,0.681,0,16.6,20.6,0.995,2,281,17.853,81.53,0.237,84.249,,,,,0
2026-10-08T07:00Z,2026-10-09T07:00Z,3599599,24,22.6,41.6,18.7,39.9,25.6,h,41.6,25.6,41.7,25.6,0,0.013,1114.86,4.242,0,16.6,20.6,0.995,14,282,26.051,55.377,3.146,80.952,,,,,0
2026-10-08T07:00Z,2026-10-10T07:00Z,3599599,48,16.2,23.6,28.9,46.4,29.6,h,23.6,29.6,23.6,29.6,0,0,478.575,2.75,1.344,16.6,20.6,0.995,14,283,21.139,91.894,1.766,73.31,,,,,0
2026-10-08T07:00Z,2026-10-08T08:00Z,3599600,1,3,5.4,3.6,6.5,7.7,h,5.4,7.7,5.4,7.7,0,0.002,1014.519,3.747,0,1.4,7.7,0.486,15,281,29.642,51.027,2.624,349.866,,,,,0
2026-10-08T07:00Z,2026-10-08T10:00Z,3599600,3,3.6,6.2,3.8,6.7,7.8,h,6.2,7.8,6.2,7.8,0,0.002,216.991,1.806,0,1.4,7.7,0.486,17,281,28.367,66.926,0.567,337.766,,,,,0
2026-10-08T07:00Z,2026-10-08T13:00Z,3599600,6,5.9,9.5,4.1,7.1,7.8,h,9.5,7.8,9.5,7.8,0,0.003,21.06,1.687,0,1.4,7.7,0.486,20,281,23.209,84.926,0.551,169.925,,,,,0
2026-10-08T07:00Z,2026-10-08T19:00Z,3599600,12,9.5,14.2,5,8.3,8.3,h,14.2,8.3,14.2,8.3,0,0.007,29.01,1.881,0,1.4,7.7,0.486,2,281,20.022,84.99,0.878,34.129,,,,,0
2026-10-08T07:00Z,2026-10-09T07:00Z,3599600,24,11.9,16.2,8.3,12.4,8.9,h,16.2,8.9,16.2,8.9,0,0.009,1379.177,3.958,0,1.4,7.7,0.486,14,282,30.627,49.107,2.893,353.674,,,,,0
2026-10-08T07:00Z,2026-10-10T07:00Z,3599600,48,6.1,7.5,13.2,16.9,10.9,h,7.5,10.9,7.5,10.9,0,0.004,243.137,1.885,2.764,1.4,7.7,0.486,14,283,24.741,92.31,1.338,232.58,,,,,0
2026-10-08T07:00Z,2026-10-08T08:00Z,3600181,1,8.4,2.8,5.8,1.7,2.8,h,2.8,2.8,2.8,2.8,0,0.01,903.187,0.85,0.155,2.7,2.8,-0.932,15,281,28.732,63.259,0.634,351.018,,,,,0
2026-10-08T07:00Z,2026-10-08T10:00Z,3600181,3,9.5,3.5,5.9,1.8,2.8,h,3.5,2.8,3.5,2.8,0,0.009,25.943,0.487,0,2.7,2.8,-0.932,17,281,27.89,69.847,0.283,117.774,,,,,0
2026-10-08T07:00Z,2026-10-08T13:00Z,3600181,6,12.8,5.2,6.8,2.2,2.8,h,5.2,2.8,5.2,2.8,0,0.009,46.028,2.98,0,2.7,2.8,-0.932,20,281,24.999,89.492,1.072,139.54,,,,,0
2026-10-08T07:00Z,2026-10-08T19:00Z,3600181,12,15.5,7.1,9.5,3.6,3,h,7.1,3,7.1,3,0,0.009,35.068,1.233,0,2.7,2.8,-0.932,2,281,22.553,97.477,0.989,5.487,,,,,0
2026-10-08T07:00Z,2026-10-09T07:00Z,3600181,24,8.8,4.6,12.9,5.9,3.6,h,4.6,3.6,4.6,3.6,0,0.02,1240.471,2.069,0.075,2.7,2.8,-0.932,14,282,30.216,57.582,1.628,5.225,,,,,0
2026-10-08T07:00Z,2026-10-10T07:00Z,3600181,48,12.7,8.8,12.4,7.8,4.5,h,8.8,4.5,8.8,4.5,0,0.007,269.325,3.882,4.878,2.7,2.8,-0.932,14,283,24.302,96.045,2.589,105.131,,,,,0
2026-10-08T07:00Z,2026-10-08T08:00Z,3600182,1,7.2,10,13.3,18.4,21.9,h,10,21.9,10,21.9,0,0.024,1094.787,2.582,0.081,8.5,21.9,0.308,15,281,29.507,59.388,1.907,26.961,,,,,0
2026-10-08T07:00Z,2026-10-08T10:00Z,3600182,3,9.6,13.1,13,18,22,h,13.1,22,13.1,22,0,0.028,517.208,4.728,0.487,8.5,21.9,0.308,17,281,26.463,79.709,2.715,53.095,,,,,0
2026-10-08T07:00Z,2026-10-08T13:00Z,3600182,6,18.9,25,13.1,18.1,22,h,25,22,25,22,0,0.042,254.089,5.938,0,8.5,21.9,0.308,20,281,24.159,80.286,2.942,77.136,,,,,0
2026-10-08T07:00Z,2026-10-08T19:00Z,3600182,12,27,34.4,15.2,20.4,22.4,h,34.4,22.4,34.5,22.4,-0.001,0.069,74.418,2.984,0,8.5,21.9,0.308,2,281,22.233,92.256,1.155,48.999,,,,,0
2026-10-08T07:00Z,2026-10-09T07:00Z,3600182,24,12,14.6,19.5,24.9,22.9,h,14.6,22.9,14.6,22.9,0,0.004,485.216,3.089,0.331,8.5,21.9,0.308,14,282,25.183,90.123,2.003,354.495,,,,,0
2026-10-08T07:00Z,2026-10-10T07:00Z,3600182,48,0.9,1.1,4.7,5.6,13.8,h,1.1,13.8,1.1,13.8,0,0,371.9,4.718,2.689,8.5,21.9,0.308,14,283,25.719,94.396,2.541,78.334,,,,,0
2026-10-08T07:00Z,2026-10-08T08:00Z,3600183,1,4,8.4,6.7,13.9,18.1,h,8.4,18.1,8.4,18.1,0,0.002,694.756,4.056,0.15,3.1,18.1,0.661,15,281,27.12,78.298,2.664,34.409,,,,,0
2026-10-08T07:00Z,2026-10-08T10:00Z,3600183,3,4.6,9.3,6.7,13.8,18.2,h,9.3,18.2,9.3,18.2,0,0.005,559.351,4.137,0.089,3.1,18.1,0.661,17,281,25.832,82.29,2.363,21.52,,,,,0
2026-10-08T07:00Z,2026-10-08T13:00Z,3600183,6,7.5,14.1,6.6,13.6,18.2,h,14.1,18.2,14.1,18.2,0,0.007,439.988,4.447,0.005,3.1,18.1,0.661,20,281,23.953,87.163,2.285,32.431,,,,,0
2026-10-08T07:00Z,2026-10-08T19:00Z,3600183,12,9.9,17.1,6.9,13.5,17.9,h,17.1,17.9,17.1,17.9,0,0.01,78.528,1.923,0.01,3.1,18.1,0.661,2,281,22.336,94.017,0.673,23.487,,,,,0
2026-10-08T07:00Z,2026-10-09T07:00Z,3600183,24,1.9,3.3,6.9,12.1,16.2,h,3.3,16.2,3.3,16.2,0,0.006,332.466,1.692,1.886,3.1,18.1,0.661,14,282,24.912,94.387,1.081,346.08,,,,,0
2026-10-08T07:00Z,2026-10-10T07:00Z,3600183,48,2.7,3.7,3.8,5.5,11.8,h,3.7,11.8,3.7,11.8,0,0,319.881,1.668,2.077,3.1,18.1,0.661,14,283,26.058,91.768,0.937,60.24,,,,,0
2026-10-08T07:00Z,2026-10-08T08:00Z,3600716,1,10.1,10.1,,,,h,10.1,,10.1,,0,0.03,1125.69,1.548,0,,,0,15,281,25.772,54.608,1.138,100.43,,,,,0
2026-10-08T07:00Z,2026-10-08T10:00Z,3600716,3,10.6,10.6,,,,h,10.6,,10.6,,0,0.045,160.91,1.524,0,,,0,17,281,23.911,72.31,0.727,97.434,,,,,0
2026-10-08T07:00Z,2026-10-08T13:00Z,3600716,6,16.8,16.8,,,,h,16.8,,16.8,,0,0.059,43.623,2.161,0,,,0,20,281,20.107,81.084,0.737,85.529,,,,,0
2026-10-08T07:00Z,2026-10-08T19:00Z,3600716,12,36.1,36.1,,,,h,36.1,,36.2,,0,0.049,18.53,0.634,0,,,0,2,281,17.882,86.609,0.218,27.397,,,,,0
2026-10-08T07:00Z,2026-10-09T07:00Z,3600716,24,27.2,27.2,,,,h,27.2,,27.3,,0,0.013,1134.752,4.015,0,,,0,14,282,26.097,57.654,2.944,70.128,,,,,0
2026-10-08T07:00Z,2026-10-10T07:00Z,3600716,48,17.1,17.1,,,,h,17.1,,17.1,,0,0,440.857,2.639,1.125,,,0,14,283,21.394,92.802,1.732,61.895,,,,,0
2026-10-08T07:00Z,2026-10-08T08:00Z,3612960,1,15,32.8,11.8,26.9,32.8,h,32.8,32.8,32.7,32.8,0,0.019,1446.232,0.254,0,29.8,32.8,0.78,15,281,29.865,55.223,0.213,304.621,,,,,0
2026-10-08T07:00Z,2026-10-08T10:00Z,3612960,3,14.8,31.4,12.6,28.4,32.9,h,31.4,32.9,31.3,32.9,0,0.021,424.054,1.751,0,29.8,32.8,0.78,17,281,28.357,66.074,1.163,81.459,,,,,0
2026-10-08T07:00Z,2026-10-08T13:00Z,3612960,6,21.8,43.7,14.2,31.4,32.9,h,43.7,32.9,43.7,32.9,0,0.02,39.583,1.333,0,29.8,32.8,0.78,20,281,24.945,84.035,0.54,111.027,,,,,0
2026-10-08T07:00Z,2026-10-08T19:00Z,3612960,12,27,49.8,18.1,37.7,34.3,h,49.8,34.3,49.9,34.3,0,0.271,80.579,2.873,0,29.8,32.8,0.78,2,281,22.755,85.295,1.303,68.922,,,,,0
2026-10-08T07:00Z,2026-10-09T07:00Z,3612960,24,11.1,18.2,19.9,37.2,33.9,h,18.2,33.9,18.2,34,0,0.085,1224.07,1.014,0.004,29.8,32.8,0.78,14,282,30.379,57.197,0.786,46.964,,,,,0
2026-10-08T07:00Z,2026-10-10T07:00Z,3612960,48,8.7,11.8,17,24.9,30,h,11.8,30,11.8,30,0,0.003,580.813,5.293,2.213,29.8,32.8,0.78,14,283,26.07,85.297,3.996,74.402,,,,,0
2026-10-08T07:00Z,2026-10-08T08:00Z,3612961,1,8.8,131.2,9.5,156.7,97.6,h,131.2,97.6,131,97.6,0,0.001,874.816,1.505,0.079,54.8,97.3,2.713,15,281,28.21,53.42,1.243,260.244,,,,,0
2026-10-08T07:00Z,2026-10-08T10:00Z,3612961,3,9.3,123.9,10,162,98.6,h,123.9,98.6,123.7,98.6,0,0.002,103.191,1.547,0.024,54.8,97.3,2.713,17,281,26.757,66.666,0.956,270.486,,,,,0
2026-10-08T07:00Z,2026-10-08T13:00Z,3612961,6,11.2,126.2,10.3,159.9,101.4,h,126.2,101.4,126.2,101.4,0,0.003,26.933,1.053,0,54.8,97.3,2.713,20,281,22.619,83.669,0.741,119.809,,,,,0
2026-10-08T07:00Z,2026-10-08T19:00Z,3612961,12,10.2,87.7,10.2,140,110.3,h,87.7,110.3,87.9,110.3,0,0.003,20.432,1.067,0,54.8,97.3,2.713,2,281,19.198,92.633,1.179,35.738,,,,,0
2026-10-08T07:00Z,2026-10-09T07:00Z,3612961,24,6.6,37.1,8.9,84.2,93.9,h,37.1,93.9,37.2,93.9,0,0.005,1545.912,0.534,0.035,54.8,97.3,2.713,14,282,29.857,49.922,0.348,25.104,,,,,0
2026-10-08T07:00Z,2026-10-10T07:00Z,3612961,48,9.3,26.4,10.4,38.6,76.8,h,26.4,76.8,26.4,76.8,0,0.001,1453.245,3.249,0.415,54.8,97.3,2.713,14,283,29.034,54.338,2.282,69.505,,,,,0
2026-10-08T07:00Z,2026-10-08T08:00Z,3612962,1,8.4,10.7,12.9,16.5,12.9,h,10.7,12.9,10.7,12.9,0,0,1065.597,0.286,0.052,9.3,12.9,0.232,15,281,26.758,56.043,0.179,146.664,,,,,0
2026-10-08T07:00Z,2026-10-08T10:00Z,3612962,3,8.7,11,13.3,17,13,h,11,13,11,13,0,0,48.204,0.298,0.01,9.3,12.9,0.232,17,281,25.202,71.912,0.226,122.556,,,,,0
2026-10-08T07:00Z,2026-10-08T13:00Z,3612962,6,12.9,16,13.5,17.2,12.9,h,16,12.9,16,12.9,0,0.001,27.184,1.052,0,9.3,12.9,0.232,20,281,21.414,81.437,0.61,131.271,,,,,0
2026-10-08T07:00Z,2026-10-08T19:00Z,3612962,12,13.8,16.7,12.8,16.1,12.9,h,16.7,12.9,16.7,12.9,0,0.001,18.189,0.447,0,9.3,12.9,0.232,2,281,19.023,84.157,0.238,307.682,,,,,0
2026-10-08T07:00Z,2026-10-09T07:00Z,3612962,24,7.1,8.3,10.8,13.1,13,h,8.3,13,8.3,13,0,0.004,1060.308,0.823,0,9.3,12.9,0.232,14,282,27.441,54.903,0.605,36.512,,,,,0
2026-10-08T07:00Z,2026-10-10T07:00Z,3612962,48,9.9,10.9,12.9,14.4,13.4,h,10.9,13.4,10.9,13.4,0,0.001,1083.655,3.773,0.328,9.3,12.9,0.232,14,283,26.083,61.09,2.603,100.186,,,,,0
2026-10-08T07:00Z,2026-10-08T08:00Z,3612965,1,9.4,19.6,9.1,19.6,23.4,h,19.6,23.4,19.6,23.4,0,0.03,1002.975,1.993,0,15,23.4,0.713,15,281,30.322,59.036,1.531,204.693,,,,,0
2026-10-08T07:00Z,2026-10-08T10:00Z,3612965,3,10.6,21.3,9.3,19.8,23.5,h,21.3,23.5,21.3,23.5,0,0.028,136.641,1.849,0,15,23.4,0.713,17,281,29.098,69.105,0.935,195.663,,,,,0
2026-10-08T07:00Z,2026-10-08T13:00Z,3612965,6,14.7,28.1,10.2,21.4,23.3,h,28.1,23.3,28.1,23.3,0,0.026,26.571,1.257,0,15,23.4,0.713,20,281,26.032,82.696,0.522,184.441,,,,,0
2026-10-08T07:00Z,2026-10-08T19:00Z,3612965,12,18,31.7,12.3,24.4,23.7,h,31.7,23.7,31.8,23.7,0,0.071,21.055,1.511,0,15,23.4,0.713,2,281,22.693,92.405,1.387,246.779,,,,,0
2026-10-08T07:00Z,2026-10-09T07:00Z,3612965,24,9.8,15.5,14.2,25.2,23.9,h,15.5,23.9,15.5,23.9,0,0.06,946.679,0.74,0,15,23.4,0.713,14,282,31.264,58.005,0.62,139.061,,,,,0
2026-10-08T07:00Z,2026-10-10T07:00Z,3612965,48,11.2,14.8,14.1,19.9,22.2,h,14.8,22.2,14.8,22.2,0,0.004,299.249,2.123,0.296,15,23.4,0.713,14,283,26.871,86.936,1.731,309.255,,,,,0
2026-10-08T07:00Z,2026-10-08T08:00Z,3612966,1,5.8,4,8.6,5.9,15.5,h,4,15.5,4,15.5,0,0.004,1124.427,5.828,0.351,2.3,15.5,-0.329,15,281,29.469,63.851,4.275,45.006,,,,,0
2026-10-08T07:00Z,2026-10-08T10:00Z,3612966,3,5.9,4.1,8.4,5.8,15.5,h,4.1,15.5,4.1,15.5,0,0.007,767.837,5.963,0.345,2.3,15.5,-0.329,17,281,27.25,76.311,3.571,46.248,,,,,0
2026-10-08T07:00Z,2026-10-08T13:00Z,3612966,6,8.3,6,8.3,5.8,15.5,h,6,15.5,6,15.5,0,0.038,530.086,6.631,0,2.3,15.5,-0.329,20,281,25.304,76.254,3.507,59.552,,,,,0
2026-10-08T07:00Z,2026-10-08T19:00Z,3612966,12,11.9,9,8.6,6.1,14.7,h,9,14.7,9,14.7,0,0.085,350.834,5.196,0,2.3,15.5,-0.329,2,281,23.181,87.953,2.559,49.355,,,,,0
2026-10-08T07:00Z,2026-10-09T07:00Z,3612966,24,5,3.9,9.6,7.3,12.9,h,3.9,12.9,3.9,12.9,0,0.008,483.639,4.971,0.412,2.3,15.5,-0.329,14,282,25.838,84.937,3.29,359.534,,,,,0
2026-10-08T07:00Z,2026-10-10T07:00Z,3612966,48,1.7,1.4,1.6,1.2,8.4,h,1.4,8.4,1.4,8.4,0,0,760.881,4.767,2.049,2.3,15.5,-0.329,14,283,28.077,83.629,3.133,66.022,,,,,0
2026-10-08T07:00Z,2026-10-08T08:00Z,3624137,1,2.7,12.2,2.6,12.5,6.8,h,12.2,6.8,12.2,6.8,0,0,744.875,4.83,0.12,8.3,6.8,1.329,15,281,23.299,82.118,3.085,23.638,,,,,0
2026-10-08T07:00Z,2026-10-08T10:00Z,3624137,3,2.8,11.9,2.6,12.4,6.9,h,11.9,6.9,11.9,6.9,0,0.001,524.847,4.514,0.077,8.3,6.8,1.329,17,281,21.896,86.227,2.589,33.612,,,,,0
2026-10-08T07:00Z,2026-10-08T13:00Z,3624137,6,3.3,12.6,2.6,12,7.1,h,12.6,7.1,12.6,7.1,0,0.001,279.172,4.239,0.071,8.3,6.8,1.329,20,281,19.984,94.38,2.064,30.482,,,,,0
2026-10-08T07:00Z,2026-10-08T19:00Z,3624137,12,2,7.3,2.4,10.7,7.7,h,7.3,7.7,7.3,7.7,0,0.001,30.493,0.637,0.142,8.3,6.8,1.329,2,281,19.795,96.155,0.39,349.079,,,,,0
2026-10-08T07:00Z,2026-10-09T07:00Z,3624137,24,2.2,6,2.3,8.4,7.3,h,6,7.3,6,7.3,0,0.001,491.93,0.566,0.366,8.3,6.8,1.329,14,282,25.699,76.138,0.517,142.59,,,,,0
2026-10-08T07:00Z,2026-10-10T07:00Z,3624137,48,3.2,5.8,2.6,5.8,6.3,h,5.8,6.3,5.8,6.3,0,0,711.777,3.451,0.829,8.3,6.8,1.329,14,283,25.238,77.501,2.267,57.193,,,,,0
2026-10-08T07:00Z,2026-10-08T08:00Z,3658671,1,15,31.5,11.8,25.8,33.2,h,31.5,33.2,31.4,33.2,0,0.015,1448.724,0.202,0,28.9,33.2,0.74,15,281,29.968,55.366,0.179,294.515,,,,,0
2026-10-08T07:00Z,2026-10-08T10:00Z,3658671,3,14.8,30.2,12.6,27.2,33.3,h,30.2,33.3,30.1,33.3,0,0.017,435.283,1.886,0,28.9,33.2,0.74,17,281,28.499,65.628,1.252,81.926,,,,,0
2026-10-08T07:00Z,2026-10-08T13:00Z,3658671,6,21.8,42.2,14.2,30.2,33.2,h,42.2,33.2,42.2,33.2,0,0.017,39.864,1.408,0,28.9,33.2,0.74,20,281,25.1,83.682,0.549,113.38,,,,,0
2026-10-08T07:00Z,2026-10-08T19:00Z,3658671,12,27,48.2,18.1,36.3,34.2,h,48.2,34.2,48.3,34.2,0,0.188,81.221,2.912,0,28.9,33.2,0.74,2,281,22.925,85.122,1.3,69.492,,,,,0
2026-10-08T07:00Z,2026-10-09T07:00Z,3658671,24,11.1,17.8,19.9,36.1,33.9,h,17.8,33.9,17.8,34,0,0.083,1211.454,1.059,0.001,28.9,33.2,0.74,14,282,30.442,57.664,0.822,45.006,,,,,0
2026-10-08T07:00Z,2026-10-10T07:00Z,3658671,48,8.7,11.7,17,24.4,30.1,h,11.7,30.1,11.7,30.1,0,0.003,591.248,5.417,2.116,28.9,33.2,0.74,14,283,26.217,84.984,4.1,74.7,,,,,0
2026-10-08T07:00Z,2026-10-08T08:00Z,3663294,1,4.8,11.4,6.7,15.9,13.5,h,11.4,13.5,11.4,13.5,0,0.002,959.885,6.248,0.28,11.8,13.5,0.791,15,281,28.13,71.721,4.36,40.779,,,,,0
2026-10-08T07:00Z,2026-10-08T10:00Z,3663294,3,4.6,10.6,6.6,15.7,13.6,h,10.6,13.6,10.6,13.6,0,0.003,759.456,5.685,0.105,11.8,13.5,0.791,17,281,26.678,76.967,3.442,35.232,,,,,0
2026-10-08T07:00Z,2026-10-08T13:00Z,3663294,6,7.3,15.4,6.6,15.4,13.7,h,15.4,13.7,15.4,13.7,0,0.027,604.193,6.029,0,11.8,13.5,0.791,20,281,24.855,81.305,3.212,42.341,,,,,0
2026-10-08T07:00Z,2026-10-08T19:00Z,3663294,12,9.8,18.7,7,15.5,14,h,18.7,14,18.7,14,0,0.027,278.164,4.227,0,11.8,13.5,0.791,2,281,22.98,89.534,1.859,39.281,,,,,0
2026-10-08T07:00Z,2026-10-09T07:00Z,3663294,24,1.7,3.3,7,13.8,13.6,h,3.3,13.6,3.3,13.6,0,0.008,418.366,3.89,1.53,11.8,13.5,0.791,14,282,25.31,88.835,2.591,3.828,,,,,0
2026-10-08T07:00Z,2026-10-10T07:00Z,3663294,48,1.6,2.5,0.8,1.6,7.6,h,2.5,7.6,2.5,7.6,0,0,564.533,3.131,2.057,11.8,13.5,0.791,14,283,27.151,87.305,2.103,62.71,,,,,0
2026-10-08T07:00Z,2026-10-08T08:00Z,3683630,1,3.9,15.2,5.1,20.3,19.4,h,15.2,19.4,15.2,19.4,0,0.002,801.893,5.597,0.067,5.3,19.4,1.249,15,281,24.146,80.687,3.625,28.027,,,,,0
2026-10-08T07:00Z,2026-10-08T10:00Z,3683630,3,4.8,17.3,4.9,19.6,19.4,h,17.3,19.4,17.3,19.4,0,0.002,665.232,5.252,0.067,5.3,19.4,1.249,17,281,22.919,83.42,3.075,33.117,,,,,0
2026-10-08T07:00Z,2026-10-08T13:00Z,3683630,6,7.1,22.8,4.7,18.3,19.3,h,22.8,19.3,22.8,19.3,0,0.005,437.315,5.074,0.057,5.3,19.4,1.249,20,281,21.216,92.635,2.521,33.493,,,,,0
2026-10-08T07:00Z,2026-10-08T19:00Z,3683630,12,6.8,19.2,4.8,17,19.2,h,19.2,19.2,19.2,19.2,0,0.005,82.452,1.432,0.21,5.3,19.4,1.249,2,281,20.744,96.554,0.519,17.005,,,,,0
2026-10-08T07:00Z,2026-10-09T07:00Z,3683630,24,0.9,3,4.6,14.2,17.7,h,3,17.7,3,17.7,0,0.001,391.711,1.018,1.092,5.3,19.4,1.249,14,282,24.933,84.561,0.567,52.211,,,,,0
2026-10-08T07:00Z,2026-10-10T07:00Z,3683630,48,2.1,3.9,1.2,2.9,11.1,h,3.9,11.1,3.9,11.1,0,0,599.251,3.789,1.467,5.3,19.4,1.249,14,283,25.067,83.768,2.459,56.706,,,,,0
2026-10-08T07:00Z,2026-10-08T08:00Z,3684609,1,5.9,5.9,,,,h,5.9,,5.9,,0,0.001,1418.13,1.915,0,,,0,15,281,27.127,51.084,1.453,132.531,,,,,0
2026-10-08T07:00Z,2026-10-08T10:00Z,3684609,3,6,6,,,,h,6,,6,,0,0.001,294.176,3.01,0,,,0,17,281,24.986,64.55,1.582,144.526,,,,,0
2026-10-08T07:00Z,2026-10-08T13:00Z,3684609,6,7.8,7.8,,,,h,7.8,,7.8,,0,0.002,28.602,1.697,0,,,0,20,281,21.219,74.733,0.25,116.095,,,,,0
2026-10-08T07:00Z,2026-10-08T19:00Z,3684609,12,10.8,10.8,,,,h,10.8,,10.8,,0,0.01,17.685,1.522,0,,,0,2,281,18.868,76.326,0.497,86.368,,,,,0
2026-10-08T07:00Z,2026-10-09T07:00Z,3684609,24,10.9,10.9,,,,h,10.9,,10.9,,0,0.008,1317.773,2.088,0,,,0,14,282,27.595,49.35,1.599,99.934,,,,,0
2026-10-08T07:00Z,2026-10-10T07:00Z,3684609,48,15.4,15.4,,,,h,15.4,,15.4,,0,0.001,477.02,1.864,1.149,,,0,14,283,22.791,81.167,1.287,101.814,,,,,0
2026-10-08T07:00Z,2026-10-08T08:00Z,3684610,1,4.4,7.3,7.1,11.7,8.3,h,7.3,8.3,7.3,8.3,0,0.013,1049.415,1.573,0.018,12,8.3,0.452,15,281,27.975,54.177,1.257,46.467,,,,,0
2026-10-08T07:00Z,2026-10-08T10:00Z,3684610,3,4.9,7.9,7.3,12,8.4,h,7.9,8.4,7.9,8.4,0,0.012,149.837,1.261,0,12,8.3,0.452,17,281,26.395,65.659,0.73,73.186,,,,,0
2026-10-08T07:00Z,2026-10-08T13:00Z,3684610,6,9.2,14.1,7.6,12.4,8.4,h,14.1,8.4,14.1,8.4,0,0.012,10.46,0.071,0,12,8.3,0.452,20,281,23.028,78.344,0.062,200.027,,,,,0
2026-10-08T07:00Z,2026-10-08T19:00Z,3684610,12,14.7,21.2,8.7,13.6,9.2,h,21.2,9.2,21.3,9.2,0,0.012,16.942,0.314,0,12,8.3,0.452,2,281,20.475,87.504,0.097,64.647,,,,,0
2026-10-08T07:00Z,2026-10-09T07:00Z,3684610,24,5.7,7.8,10,14.6,9.9,h,7.8,9.9,7.8,9.9,0,0.008,1278.832,2.935,0,12,8.3,0.452,14,282,28.468,53.208,2.201,51.955,,,,,0
2026-10-08T07:00Z,2026-10-10T07:00Z,3684610,48,11.5,13.7,11.6,14.4,10.4,h,13.7,10.4,13.7,10.4,0,0.006,1274.534,3.941,0.04,12,8.3,0.452,14,283,28.083,60.638,2.854,60.219,,,,,0
2026-10-08T07:00Z,2026-10-08T08:00Z,3684611,1,5.4,32.7,7.5,46.8,100.6,h,32.7,100.6,32.6,100.6,0,0.013,983.314,6.682,0.003,18.6,100.8,1.733,15,281,26.786,72.545,4.584,38.319,,,,,0
2026-10-08T07:00Z,2026-10-08T10:00Z,3684611,3,7,38.4,7.4,45.9,100.2,h,38.4,100.2,38.3,100.2,0,0.053,773.002,6.394,0.003,18.6,100.8,1.733,17,281,25.44,77.646,3.833,38.416,,,,,0
2026-10-08T07:00Z,2026-10-08T13:00Z,3684611,6,10.4,50,7.6,45.7,99.7,h,50,99.7,50,99.7,0,0.036,630.892,6.582,0.001,18.6,100.8,1.733,20,281,23.663,85.045,3.508,41.632,,,,,0
2026-10-08T07:00Z,2026-10-08T19:00Z,3684611,12,13,51.5,8.3,44.3,98.4,h,51.5,98.4,51.6,98.4,0,0.066,369.536,4.513,0.025,18.6,100.8,1.733,2,281,22.398,90.034,1.932,21.414,,,,,0
2026-10-08T07:00Z,2026-10-09T07:00Z,3684611,24,1,4.6,7.8,34,79.4,h,4.6,79.4,4.6,79.4,0,0.004,490.121,4.307,2.34,18.6,100.8,1.733,14,282,23.829,95.669,2.599,358.492,,,,,0
2026-10-08T07:00Z,2026-10-10T07:00Z,3684611,48,1.6,3.9,0.8,3,51.9,h,3.9,51.9,3.9,51.9,0,0,606.47,5.351,1.41,18.6,100.8,1.733,14,283,26.455,83.255,3.506,66.716,,,,,0
2026-10-08T07:00Z,2026-10-08T08:00Z,3685146,1,6,17.9,10.9,32.5,22.9,h,17.9,22.9,17.9,22.9,0,0,1332.219,2.248,0,12.7,22.9,1.037,15,281,27.753,52.57,1.761,202.917,,,,,0
2026-10-08T07:00Z,2026-10-08T10:00Z,3685146,3,6.1,17.4,11.2,33.2,23,h,17.4,23,17.4,23,0,0,275.389,2.486,0,12.7,22.9,1.037,17,281,25.298,68.902,1.222,152.088,,,,,0
2026-10-08T07:00Z,2026-10-08T13:00Z,3685146,6,8.4,22,11.1,32.7,23.1,h,22,23.1,22,23.1,0,0,29.897,2.741,0,12.7,22.9,1.037,20,281,20.975,83.509,0.866,106.557,,,,,0
2026-10-08T07:00Z,2026-10-08T19:00Z,3685146,12,13.2,30.3,10.6,29.6,23.4,h,30.3,23.4,30.4,23.4,0,0.004,26.857,1.307,0,12.7,22.9,1.037,2,281,17.77,89.103,0.38,62.145,,,,,0
2026-10-08T07:00Z,2026-10-09T07:00Z,3685146,24,8.5,16.6,10.2,23.6,23.1,h,16.6,23.1,16.6,23.1,0,0.019,1532.488,1.565,0,12.7,22.9,1.037,14,282,28.715,47.603,1.163,90.777,,,,,0
2026-10-08T07:00Z,2026-10-10T07:00Z,3685146,48,10.3,15.4,14.6,24,23.3,h,15.4,23.3,15.4,23.3,0,0.001,701.303,5.214,0.15,12.7,22.9,1.037,14,283,24.079,71.54,3.671,70.259,,,,,0
2026-10-08T07:00Z,2026-10-08T08:00Z,3685147,1,3.1,16.8,4.8,25.9,16.5,h,16.8,16.5,16.8,16.5,0,0,1167.277,1.121,0,18.3,16.5,1.532,15,281,26.323,55.644,0.815,60.886,,,,,0
2026-10-08T07:00Z,2026-10-08T10:00Z,3685147,3,3.6,17.8,5,26.3,16.6,h,17.8,16.6,17.8,16.6,0,0,73.875,0.773,0,18.3,16.5,1.532,17,281,24.979,65.569,0.58,146.635,,,,,0
2026-10-08T07:00Z,2026-10-08T13:00Z,3685147,6,5.6,23.8,5.1,26.3,16.6,h,23.8,16.6,23.8,16.6,0,0.001,20,1.628,0,18.3,16.5,1.532,20,281,21.713,80.379,0.593,122.32,,,,,0
2026-10-08T07:00Z,2026-10-08T19:00Z,3685147,12,8.3,28.9,5.5,25.5,17.5,h,28.9,17.5,29,17.5,0,0.003,20.959,0.823,0,18.3,16.5,1.532,2,281,18.701,87.201,0.455,44.108,,,,,0
2026-10-08T07:00Z,2026-10-09T07:00Z,3685147,24,9.3,24.6,7.1,24.5,18.6,h,24.6,18.6,24.7,18.6,0,0.011,1153.394,2.517,0.217,18.3,16.5,1.532,14,282,26.68,57.78,1.902,30.656,,,,,0
2026-10-08T07:00Z,2026-10-10T07:00Z,3685147,48,8.7,15.8,14.2,29.7,21.1,h,15.8,21.1,15.8,21.1,0,0.002,1012.377,3.938,0.4,18.3,16.5,1.532,14,283,25.103,70.666,2.913,63.211,,,,,0
2026-10-08T07:00Z,2026-10-08T08:00Z,3685149,1,4.3,5.2,6.1,7.4,7.9,h,5.2,7.9,5.2,7.9,0,0,504.355,2.652,0.583,3,7.9,0.164,15,281,28.392,78.236,1.831,15.094,,,,,0
2026-10-08T07:00Z,2026-10-08T10:00Z,3685149,3,4.1,4.9,6.2,7.4,7.9,h,4.9,7.9,4.9,7.9,0,0.001,415.742,3.425,0.228,3,7.9,0.164,17,281,26.932,85.638,1.838,2.79,,,,,0
2026-10-08T07:00Z,2026-10-08T13:00Z,3685149,6,5.4,6.4,6.2,7.4,8,h,6.4,8,6.4,8,0,0.003,286.159,3.449,0,3,7.9,0.164,20,281,25.251,85.581,1.609,4.641,,,,,0
2026-10-08T07:00Z,2026-10-08T19:00Z,3685149,12,8.8,10.1,6.3,7.5,8,h,10.1,8,10.1,8,0,0.008,154.944,2.003,0,3,7.9,0.164,2,281,23.576,91.599,1.167,27.142,,,,,0
2026-10-08T07:00Z,2026-10-09T07:00Z,3685149,24,3.2,3.6,6.4,7.4,7.7,h,3.6,7.7,3.6,7.7,0,0.012,432.005,2.949,0.893,3,7.9,0.164,14,282,26.434,89.356,1.926,344.756,,,,,0
2026-10-08T07:00Z,2026-10-10T07:00Z,3685149,48,4.8,5.2,4.4,4.9,6.4,h,5.2,6.4,5.2,6.4,0,0,550.427,1.818,1.02,3,7.9,0.164,14,283,28.618,82.825,1.373,15.798,,,,,0
2026-10-08T07:00Z,2026-10-08T08:00Z,3685150,1,4.9,16.8,5.4,19,17,h,16.8,17,16.8,17,0,0,350.456,2.139,1.663,14.9,17,1.149,15,281,28.154,82.858,1.401,3.493,,,,,0
2026-10-08T07:00Z,2026-10-08T10:00Z,3685150,3,4.1,13.7,5.5,19.3,17.1,h,13.7,17.1,13.7,17.1,0,0,252.229,2.728,0.317,14.9,17,1.149,17,281,26.938,90.43,1.402,335.188,,,,,0
2026-10-08T07:00Z,2026-10-08T13:00Z,3685150,6,3.9,12.2,5.3,18.6,17.1,h,12.2,17.1,12.2,17.1,0,0.001,130.112,2.507,0,14.9,17,1.149,20,281,25.392,89.41,1.045,344.379,,,,,0
2026-10-08T07:00Z,2026-10-08T19:00Z,3685150,12,4.5,12.2,5.1,16.8,17.1,h,12.2,17.1,12.2,17.1,0,0.003,91.737,0.547,0,14.9,17,1.149,2,281,23.82,94.567,0.528,35.519,,,,,0
2026-10-08T07:00Z,2026-10-09T07:00Z,3685150,24,3.5,7.9,3.9,11,15.1,h,7.9,15.1,7.9,15.1,0,0.008,387.947,2.444,0.819,14.9,17,1.149,14,282,26.858,90.3,1.556,332.251,,,,,0
2026-10-08T07:00Z,2026-10-10T07:00Z,3685150,48,4.7,7.6,4.1,7.5,12.3,h,7.6,12.3,7.6,12.3,0,0,578.978,1.713,0.631,14.9,17,1.149,14,283,29.475,78.341,1.337,16.74,,,,,0
2026-10-08T07:00Z,2026-10-08T08:00Z,3685151,1,4.3,11.7,6.1,16.8,14.8,h,11.7,14.8,11.7,14.8,0,0,409.555,1.999,0.601,10.7,14.8,0.915,15,281,28.401,79.843,1.356,4.53,,,,,0
2026-10-08T07:00Z,2026-10-08T10:00Z,3685151,3,4.1,10.8,6.2,16.8,14.9,h,10.8,14.9,10.8,14.9,0,0,349.651,3.166,0.252,10.7,14.8,0.915,17,281,26.979,87.247,1.651,349.991,,,,,0
2026-10-08T07:00Z,2026-10-08T13:00Z,3685151,6,5.4,13.1,6.2,16.6,15,h,13.1,15,13.1,15,0,0.002,224.754,3.155,0,10.7,14.8,0.915,20,281,25.293,86.272,1.415,353.177,,,,,0
2026-10-08T07:00Z,2026-10-08T19:00Z,3685151,12,8.8,18.7,6.3,16,15.2,h,18.7,15.2,18.7,15.2,0,0.007,125.128,1.472,0,10.7,14.8,0.915,2,281,23.613,92.43,0.965,22.683,,,,,0
2026-10-08T07:00Z,2026-10-09T07:00Z,3685151,24,3.2,6.2,6.4,13.8,14.5,h,6.2,14.5,6.2,14.5,0,0.011,421.991,2.746,0.789,10.7,14.8,0.915,14,282,26.564,90.014,1.763,336.492,,,,,0
2026-10-08T07:00Z,2026-10-10T07:00Z,3685151,48,4.8,7.1,4.4,7.2,11,h,7.1,11,7.1,11,0,0,537.014,1.771,0.881,10.7,14.8,0.915,14,283,28.796,82.461,1.349,2.483,,,,,0
2026-10-08T07:00Z,2026-10-08T08:00Z,3685152,1,4.9,11.3,5.4,12.7,15.7,h,11.3,15.7,11.3,15.7,0,0,391.967,2.718,2.282,6,15.7,0.767,15,281,28.02,83.276,1.804,9.953,,,,,0
2026-10-08T07:00Z,2026-10-08T10:00Z,3685152,3,4.1,9.3,5.5,12.9,15.8,h,9.3,15.8,9.3,15.8,0,0,243.449,2.521,0.342,6,15.7,0.767,17,281,26.875,91.159,1.274,338.233,,,,,0
2026-10-08T07:00Z,2026-10-08T13:00Z,3685152,6,3.9,8.5,5.3,12.4,15.6,h,8.5,15.6,8.5,15.6,0,0,118.533,2.264,0,6,15.7,0.767,20,281,25.419,90.889,0.912,350.02,,,,,0
2026-10-08T07:00Z,2026-10-08T19:00Z,3685152,12,4.5,8.9,5.1,11.4,15.5,h,8.9,15.5,8.9,15.5,0,0.002,93.061,0.474,0,6,15.7,0.767,2,281,23.927,95.216,0.426,61.605,,,,,0
2026-10-08T07:00Z,2026-10-09T07:00Z,3685152,24,3.5,6.1,3.9,7.9,13.2,h,6.1,13.2,6.1,13.2,0,0.007,377.72,2.385,0.922,6,15.7,0.767,14,282,26.957,89.859,1.538,337.967,,,,,0
2026-10-08T07:00Z,2026-10-10T07:00Z,3685152,48,4.7,6.5,4.1,6.2,10.9,h,6.5,10.9,6.5,10.9,0,0,616.99,1.872,0.576,6,15.7,0.767,14,283,29.767,76.03,1.459,34.527,,,,,0
2026-10-08T07:00Z,2026-10-08T08:00Z,3714636,1,4.1,5.8,7.3,10.2,7.4,h,5.8,7.4,5.8,7.4,0,0,1148.946,0.767,0.046,4.3,7.4,0.305,15,281,25.617,57.846,0.443,38.849,,,,,0
2026-10-08T07:00Z,2026-10-08T10:00Z,3714636,3,4.4,6.1,7.5,10.5,7.4,h,6.1,7.4,6.1,7.4,0,0,270.039,1.815,0,4.3,7.4,0.305,17,281,24.064,70.347,1.159,121.558,,,,,0
2026-10-08T07:00Z,2026-10-08T13:00Z,3714636,6,6.5,8.8,7.5,10.5,7.4,h,8.8,7.4,8.8,7.4,0,0,29.89,2.464,0,4.3,7.4,0.305,20,281,20.123,82.554,1.06,99.952,,,,,0
2026-10-08T07:00Z,2026-10-08T19:00Z,3714636,12,9.7,12.5,7.4,10.2,7.8,h,12.5,7.8,12.5,7.8,0,0.002,28.148,1.566,0,4.3,7.4,0.305,2,281,18.708,77.689,0.777,78.464,,,,,0
2026-10-08T07:00Z,2026-10-09T07:00Z,3714636,24,8.5,10.4,8,10.4,8.2,h,10.4,8.2,10.4,8.2,0,0.017,1340.619,2.458,0,4.3,7.4,0.305,14,282,26.79,53.182,1.834,45.362,,,,,0
2026-10-08T07:00Z,2026-10-10T07:00Z,3714636,48,8.9,10,13.9,16.1,10.5,h,10,10.5,10,10.5,0,0.001,934.782,4.268,0.383,4.3,7.4,0.305,14,283,24.23,73.862,3.047,67.653,,,,,0
2026-10-08T07:00Z,2026-10-08T08:00Z,3714637,1,4.4,1,,,,h,1,,1,,0,0.002,1075.675,2.113,0.022,0.7,,-1.025,15,281,27.36,54.335,1.607,48.394,,,,,0
2026-10-08T07:00Z,2026-10-08T10:00Z,3714637,3,4.5,1.1,,,,h,1.1,,1.1,,0,0.002,237.761,2.135,0,0.7,,-1.025,17,281,25.773,65.419,1.16,67.63,,,,,0
2026-10-08T07:00Z,2026-10-08T13:00Z,3714637,6,6,1.9,,,,h,1.9,,1.9,,0,0.004,28.234,2.107,0,0.7,,-1.025,20,281,22.379,79.2,0.817,105.322,,,,,0
2026-10-08T07:00Z,2026-10-08T19:00Z,3714637,12,8.5,3.3,,,,h,3.3,,3.3,,0,0.005,14.651,0.336,0,0.7,,-1.025,2,281,20.154,84.769,0.222,135.953,,,,,0
2026-10-08T07:00Z,2026-10-09T07:00Z,3714637,24,8.5,4.2,,,,h,4.2,,4.2,,0,0.006,1295.614,2.821,0,0.7,,-1.025,14,282,28.04,53.637,2.103,50.828,,,,,0
2026-10-08T07:00Z,2026-10-10T07:00Z,3714637,48,5.5,3.5,,,,h,3.5,,3.5,,0,0.003,843.089,4.518,0.818,0.7,,-1.025,14,283,25.527,73.074,3.232,62.328,,,,,0
2026-10-08T07:00Z,2026-10-08T08:00Z,3714638,1,3.2,4.6,4.2,6,6.1,h,4.6,6.1,4.6,6.1,0,0.001,1035.062,2.533,0.033,4.2,6.1,0.296,15,281,27.951,58.631,1.871,54.086,,,,,0
2026-10-08T07:00Z,2026-10-08T10:00Z,3714638,3,3.8,5.3,4.3,6.1,6.2,h,5.3,6.2,5.3,6.2,0,0.002,164.549,1.266,0,4.2,6.1,0.296,17,281,26.484,69.313,0.478,60.537,,,,,0
2026-10-08T07:00Z,2026-10-08T13:00Z,3714638,6,6.2,8.3,4.6,6.4,6.1,h,8.3,6.1,8.3,6.1,0,0.003,25.767,0.393,0,4.2,6.1,0.296,20,281,22.258,85.839,0.54,255.135,,,,,0
2026-10-08T07:00Z,2026-10-08T19:00Z,3714638,12,8.3,10.7,5.3,7.2,6.5,h,10.7,6.5,10.7,6.5,0,0.005,20,0.567,0,4.2,6.1,0.296,2,281,20.519,87.089,0.093,73.444,,,,,0
2026-10-08T07:00Z,2026-10-09T07:00Z,3714638,24,9.7,11.8,7.3,9.3,6.9,h,11.8,6.9,11.8,6.9,0,0.006,1164.36,3.338,0,4.2,6.1,0.296,14,282,28.558,56.509,2.486,40.431,,,,,0
2026-10-08T07:00Z,2026-10-10T07:00Z,3714638,48,11.4,12.8,14.6,16.9,9.9,h,12.8,9.9,12.8,9.9,0,0.006,557.693,2.854,1.809,4.2,6.1,0.296,14,283,24.603,85.185,2.043,62.503,,,,,0
2026-10-08T07:00Z,2026-10-08T08:00Z,3714639,1,3.2,8.6,4.2,11.4,8.8,h,8.6,8.8,8.6,8.8,0,0.001,1193.552,2.525,0.101,6.4,8.8,0.866,15,281,24.786,56.881,1.881,41.764,,,,,0
2026-10-08T07:00Z,2026-10-08T10:00Z,3714639,3,3.8,9.6,4.4,11.6,8.8,h,9.6,8.8,9.6,8.8,0,0.002,218.595,2.221,0,6.4,8.8,0.866,17,281,22.899,71.443,1.284,77.215,,,,,0
2026-10-08T07:00Z,2026-10-08T13:00Z,3714639,6,5.2,12.1,4.5,11.8,8.9,h,12.1,8.9,12.1,8.9,0,0.003,24.616,1.62,0,6.4,8.8,0.866,20,281,18.765,86.72,0.612,104.113,,,,,0
2026-10-08T07:00Z,2026-10-08T19:00Z,3714639,12,6.6,13.7,4.6,11.5,9.5,h,13.7,9.5,13.7,9.5,0,0.005,13.405,0.273,0,6.4,8.8,0.866,2,281,17.496,79.24,0.079,338.462,,,,,0
2026-10-08T07:00Z,2026-10-09T07:00Z,3714639,24,8.3,14.6,6,12.3,9.7,h,14.6,9.7,14.6,9.7,0,0.005,1203.118,3.369,0.048,6.4,8.8,0.866,14,282,25.288,56.685,2.443,50.47,,,,,0
2026-10-08T07:00Z,2026-10-10T07:00Z,3714639,48,6.1,8.7,12.3,18.8,12.3,h,8.7,12.3,8.7,12.3,0,0.005,898.744,3.493,0.724,6.4,8.8,0.866,14,283,23.643,74.23,2.47,80.371,,,,,0
2026-10-08T07:00Z,2026-10-08T08:00Z,3714641,1,4.8,19.5,6.7,27.6,24.2,h,19.5,24.2,19.5,24.2,0,0.002,972.73,6.359,0.13,21.2,24.2,1.314,15,281,27.664,72.752,4.352,41.156,,,,,0
2026-10-08T07:00Z,2026-10-08T10:00Z,3714641,3,4.6,17.8,6.6,27.1,24.3,h,17.8,24.3,17.8,24.3,0,0.006,770.809,5.814,0.052,21.2,24.2,1.314,17,281,26.287,76.789,3.538,36.177,,,,,0
2026-10-08T07:00Z,2026-10-08T13:00Z,3714641,6,7.3,24.8,6.6,26.4,24.4,h,24.8,24.4,24.8,24.4,0,0.023,632.922,6.307,0,21.2,24.2,1.314,20,281,24.414,82.969,3.366,44.251,,,,,0
2026-10-08T07:00Z,2026-10-08T19:00Z,3714641,12,9.8,28.4,7,25.7,24.5,h,28.4,24.5,28.5,24.5,0,0.025,213.732,3.831,0,21.2,24.2,1.314,2,281,22.587,90.973,1.45,36.053,,,,,0
2026-10-08T07:00Z,2026-10-09T07:00Z,3714641,24,1.7,4.9,7,21.2,23.2,h,4.9,23.2,4.9,23.3,0,0.006,363.919,3.18,2.034,21.2,24.2,1.314,14,282,24.696,92.409,2.11,5.734,,,,,0
2026-10-08T07:00Z,2026-10-10T07:00Z,3714641,48,1.6,3.2,0.8,2.3,13.3,h,3.2,13.3,3.2,13.3,0,0,416.45,2.907,2.46,21.2,24.2,1.314,14,283,26.109,91.861,1.815,70.633,,,,,0
2026-10-08T07:00Z,2026-10-08T08:00Z,3714642,1,3.4,3.4,,,,h,3.4,,3.4,,0,0,395.778,1.868,0.574,,,0,15,281,28.347,80.277,1.252,4.712,,,,,0
2026-10-08T07:00Z,2026-10-08T10:00Z,3714642,3,2.9,2.9,,,,h,2.9,,2.9,,0,0,342.454,3.129,0.251,,,0,17,281,26.953,87.405,1.629,347.48,,,,,0
2026-10-08T07:00Z,2026-10-08T13:00Z,3714642,6,4.3,4.3,,,,h,4.3,,4.3,,0,0.002,219.393,3.078,0,,,0,20,281,25.248,86.43,1.375,352.614,,,,,0
2026-10-08T07:00Z,2026-10-08T19:00Z,3714642,12,5.6,5.6,,,,h,5.6,,5.6,,0,0.007,113.682,1.325,0,,,0,2,281,23.553,92.838,0.876,21.648,,,,,0
2026-10-08T07:00Z,2026-10-09T07:00Z,3714642,24,3.2,3.2,,,,h,3.2,,3.2,,0,0.01,410.883,2.645,0.824,,,0,14,282,26.493,90.624,1.689,333.42,,,,,0
2026-10-08T07:00Z,2026-10-10T07:00Z,3714642,48,4.4,4.4,,,,h,4.4,,4.4,,0,0,518.947,1.717,0.922,,,0,14,283,28.689,82.996,1.297,1.066,,,,,0
2026-10-08T07:00Z,2026-10-08T08:00Z,3714643,1,2.6,0.8,,,,h,0.8,,0.8,,0,0,409.623,1.476,0.36,0.1,,-0.744,15,281,27.424,81.618,0.9,8.099,,,,,0
2026-10-08T07:00Z,2026-10-08T10:00Z,3714643,3,2,0.5,,,,h,0.5,,0.5,,0,0,268.123,2.725,0.196,0.1,,-0.744,17,281,26.031,88.103,1.309,341.542,,,,,0
2026-10-08T07:00Z,2026-10-08T13:00Z,3714643,6,2.8,1,,,,h,1,,1,,0,0.002,162.288,2.604,0.004,0.1,,-0.744,20,281,24.061,87.577,1.17,357.386,,,,,0
2026-10-08T07:00Z,2026-10-08T19:00Z,3714643,12,2.8,1.2,,,,h,1.2,,1.2,,0,0.004,36.357,0.756,0.008,0.1,,-0.744,2,281,22.398,94.088,0.555,340.427,,,,,0
2026-10-08T07:00Z,2026-10-09T07:00Z,3714643,24,2.5,1.3,,,,h,1.3,,1.3,,0,0.005,433.015,1.859,0.843,0.1,,-0.744,14,282,26.258,88.901,1.211,301.855,,,,,0
2026-10-08T07:00Z,2026-10-10T07:00Z,3714643,48,3.1,2.1,,,,h,2.1,,2.1,,0,0,439.819,0.982,0.977,0.1,,-0.744,14,283,27.578,83.927,0.647,11.066,,,,,0
2026-10-08T07:00Z,2026-10-08T08:00Z,3714644,1,4.9,16.2,,,,h,16.2,,16.2,,0,0,234.605,1.28,1.432,13.1,,1.116,15,281,27.989,85.255,0.745,353.235,,,,,0
2026-10-08T07:00Z,2026-10-08T10:00Z,3714644,3,4.1,13.2,,,,h,13.2,,13.2,,0,0,201.552,2.914,0.302,13.1,,1.116,17,281,26.914,91.378,1.599,317.27,,,,,0
2026-10-08T07:00Z,2026-10-08T13:00Z,3714644,6,3.9,11.9,,,,h,11.9,,11.9,,0,0.001,91.383,2.343,0,13.1,,1.116,20,281,25.287,89.427,0.955,332.577,,,,,0
2026-10-08T07:00Z,2026-10-08T19:00Z,3714644,12,4.5,11.9,,,,h,11.9,,11.9,,0,0.003,49.251,0.083,0,13.1,,1.116,2,281,23.622,95.804,0.242,245.091,,,,,0
2026-10-08T07:00Z,2026-10-09T07:00Z,3714644,24,3.5,7.7,,,,h,7.7,,7.7,,0,0.006,350.031,2.273,0.809,13.1,,1.116,14,282,26.651,92.708,1.429,312.727,,,,,0
2026-10-08T07:00Z,2026-10-10T07:00Z,3714644,48,4.7,7.5,,,,h,7.5,,7.5,,0,0,502.482,1.561,0.712,13.1,,1.116,14,283,29.136,80.626,1.176,358.51,,,,,0
2026-10-08T07:00Z,2026-10-08T08:00Z,3714646,1,3.3,8.7,4.1,10.9,5.1,h,8.7,5.1,8.7,5.1,0,0,624.112,2.177,0.586,8.2,5.1,0.849,15,281,26.426,79.429,1.414,3.707,,,,,0
2026-10-08T07:00Z,2026-10-08T10:00Z,3714646,3,3.5,8.8,4.2,11.1,5.2,h,8.8,5.2,8.8,5.2,0,0,105.045,1.996,0.113,8.2,5.1,0.849,17,281,24.733,88.289,0.858,17.068,,,,,0
2026-10-08T07:00Z,2026-10-08T13:00Z,3714646,6,5,11.5,4.2,10.9,5.3,h,11.5,5.3,11.5,5.3,0,0,83.562,2.44,0.047,8.2,5.1,0.849,20,281,22.374,88.039,1.257,34.653,,,,,0
2026-10-08T07:00Z,2026-10-08T19:00Z,3714646,12,4.8,10.1,4.3,10.6,6.1,h,10.1,6.1,10.1,6.1,0,0,46.59,1.87,0,8.2,5.1,0.849,2,281,20.949,90.497,1.236,337.091,,,,,0
2026-10-08T07:00Z,2026-10-09T07:00Z,3714646,24,3.6,6.6,4.1,8.9,6.3,h,6.6,6.3,6.6,6.3,0,0.001,817.713,1.591,0.213,8.2,5.1,0.849,14,282,27.816,71.081,1.235,268.998,,,,,0
2026-10-08T07:00Z,2026-10-10T07:00Z,3714646,48,3.3,4.8,4.6,7.3,6.2,h,4.8,6.2,4.8,6.2,0,0,521.987,1.754,1.237,8.2,5.1,0.849,14,283,26.744,78.757,1.155,101.775,,,,,0
2026-10-08T07:00Z,2026-10-08T08:00Z,3733063,1,3.4,16.3,,,,h,16.3,,16.3,,0,0,283.977,1.129,0.54,18.4,,1.425,15,281,28.272,82.518,0.689,343.823,,,,,0
2026-10-08T07:00Z,2026-10-08T10:00Z,3733063,3,2.9,13.5,,,,h,13.5,,13.5,,0,0,269.69,3.09,0.274,18.4,,1.425,17,281,26.968,89.129,1.65,329.208,,,,,0
2026-10-08T07:00Z,2026-10-08T13:00Z,3733063,6,4.3,17.2,,,,h,17.2,,17.2,,0,0.002,153.256,2.803,0,18.4,,1.425,20,281,25.22,87.23,1.2,338.621,,,,,0
2026-10-08T07:00Z,2026-10-08T19:00Z,3733063,12,5.6,18.6,,,,h,18.6,,18.6,,0,0.005,68.253,0.609,0,18.4,,1.425,2,281,23.481,94.331,0.544,5.255,,,,,0
2026-10-08T07:00Z,2026-10-09T07:00Z,3733063,24,3.2,8.8,,,,h,8.8,,8.8,,0,0.008,382.102,2.451,0.772,18.4,,1.425,14,282,26.494,92.247,1.545,317.525,,,,,0
2026-10-08T07:00Z,2026-10-10T07:00Z,3733063,48,4.4,8,,,,h,8,,8,,0,0,479.437,1.708,0.865,18.4,,1.425,14,283,28.685,83.51,1.259,345.85,,,,,0
2026-10-08T07:00Z,2026-10-08T08:00Z,3733065,1,6.9,8.7,6.8,8.7,5.8,h,8.7,5.8,8.7,5.8,0,0,441.463,5.443,5.666,3.6,5.8,0.215,15,281,26.818,89.908,3.697,25.607,,,,,0
2026-10-08T07:00Z,2026-10-08T10:00Z,3733065,3,6.2,7.8,7,8.9,5.8,h,7.8,5.8,7.8,5.8,0,0,145.957,1.3,0.379,3.6,5.8,0.215,17,281,26.454,95.864,0.551,333.568,,,,,0
2026-10-08T07:00Z,2026-10-08T13:00Z,3733065,6,7,8.6,7,8.9,6,h,8.6,6,8.6,6,0,0,38.476,1.454,0,3.6,5.8,0.215,20,281,25.49,98.143,0.394,44.875,,,,,0
2026-10-08T07:00Z,2026-10-08T19:00Z,3733065,12,4.3,5.2,6.8,8.5,6.5,h,5.2,6.5,5.2,6.5,0,0,81.802,1.324,0,3.6,5.8,0.215,2,281,24.34,98.879,0.44,149.896,,,,,0
2026-10-08T07:00Z,2026-10-09T07:00Z,3733065,24,4.2,4.9,5.1,6.2,5.9,h,4.9,5.9,4.9,5.9,0,0.004,274.162,1.903,1.43,3.6,5.8,0.215,14,282,27.151,90.517,1.321,358.02,,,,,0
2026-10-08T07:00Z,2026-10-10T07:00Z,3733065,48,5.2,5.7,4.4,4.9,5.4,h,5.7,5.4,5.7,5.4,0,0,708.923,3.658,0.387,3.6,5.8,0.215,14,283,30.883,66.61,2.695,73.566,,,,,0
2026-10-08T07:00Z,2026-10-08T08:00Z,3783738,1,7.2,7.2,,,,h,7.2,,7.2,,0,0.014,1080.512,4.554,0.108,,,0,15,281,28.698,64.244,3.281,39.574,,,,,0
2026-10-08T07:00Z,2026-10-08T10:00Z,3783738,3,8.3,8.3,,,,h,8.3,,8.3,,0,0.033,666.592,5.846,0.357,,,0,17,281,26.218,79.443,3.445,50.128,,,,,0
2026-10-08T07:00Z,2026-10-08T13:00Z,3783738,6,14.1,14.1,,,,h,14.1,,14.1,,0,0.095,438.519,6.562,0,,,0,20,281,24.217,80.832,3.425,63.89,,,,,0
2026-10-08T07:00Z,2026-10-08T19:00Z,3783738,12,17.5,17.5,,,,h,17.5,,17.5,,-0.001,0.069,266.3,4.072,0,,,0,2,281,22.524,90.471,1.795,38.55,,,,,0
2026-10-08T07:00Z,2026-10-09T07:00Z,3783738,24,6.6,6.6,,,,h,6.6,,6.6,,0,0.003,467.295,4.129,1.026,,,0,14,282,24.615,93.455,2.598,352.178,,,,,0
2026-10-08T07:00Z,2026-10-10T07:00Z,3783738,48,1,1,,,,h,1,,1,,0,0,590.867,5.592,2.039,,,0,14,283,26.799,86.43,3.351,71.652,,,,,0
2026-10-08T07:00Z,2026-10-08T08:00Z,3891934,1,10.5,8.1,24.1,18.6,11,h,8.1,11,8.1,11,0,0.01,1044.748,0.686,0.006,7,11,-0.247,15,281,30.286,57.334,0.563,167.054,,,,,0
2026-10-08T07:00Z,2026-10-08T10:00Z,3891934,3,11.2,8.7,24.5,18.9,11.1,h,8.7,11.1,8.7,11.1,0,0.011,64.924,0.993,0.111,7,11,-0.247,17,281,28.179,71.355,0.538,154.352,,,,,0
2026-10-08T07:00Z,2026-10-08T13:00Z,3891934,6,35,28.1,24.8,19.3,11.3,h,28.1,11.3,28.1,11.3,0,0.011,40.019,1.008,0,7,11,-0.247,20,281,24.867,90.216,0.412,170.751,,,,,0
2026-10-08T07:00Z,2026-10-08T19:00Z,3891934,12,43.3,35.7,25.5,20.2,13.1,h,35.7,13.1,35.8,13.1,0,0.009,50.802,0.954,0,7,11,-0.247,2,281,23.032,91.868,0.479,330.641,,,,,0
2026-10-08T07:00Z,2026-10-09T07:00Z,3891934,24,12.9,11,28,23,14.1,h,11,14.1,11,14.1,0,0.009,1232.956,0.096,0,7,11,-0.247,14,282,30.819,58.319,0.135,101.977,,,,,0
2026-10-08T07:00Z,2026-10-10T07:00Z,3891934,48,13.7,12.4,27,23.9,15.5,h,12.4,15.5,12.4,15.5,0,0.004,1282.383,1.084,0.097,7,11,-0.247,14,283,30.512,58.283,0.761,96.335,,,,,0
2026-10-08T07:00Z,2026-10-08T08:00Z,3892436,1,10.5,10.1,24.1,23.1,14,h,10.1,14,10.1,14,0,0.01,1028.769,0.686,0.006,8.8,14,-0.041,15,281,30.434,57.108,0.565,171.483,,,,,0
2026-10-08T07:00Z,2026-10-08T10:00Z,3892436,3,11.2,10.7,24.5,23.4,14.1,h,10.7,14.1,10.7,14.1,0,0.011,71.416,1.144,0.094,8.8,14,-0.041,17,281,28.341,70.908,0.636,150.058,,,,,0
2026-10-08T07:00Z,2026-10-08T13:00Z,3892436,6,35,33.7,24.8,23.8,14.4,h,33.7,14.4,33.7,14.4,0,0.011,41.43,1.001,0,8.8,14,-0.041,20,281,25.07,89.688,0.429,171.673,,,,,0
2026-10-08T07:00Z,2026-10-08T19:00Z,3892436,12,43.3,41.9,25.5,24.6,16.4,h,41.9,16.4,42,16.4,0,0.009,52.377,0.967,0,8.8,14,-0.041,2,281,23.205,91.726,0.469,332.609,,,,,0
2026-10-08T07:00Z,2026-10-09T07:00Z,3892436,24,12.9,12.6,28,27.1,17.4,h,12.6,17.4,12.6,17.4,0,0.009,1234.456,0.088,0,8.8,14,-0.041,14,282,30.968,58.303,0.161,127.472,,,,,0
2026-10-08T07:00Z,2026-10-10T07:00Z,3892436,48,13.7,13.5,27,26.5,18.4,h,13.5,18.4,13.5,18.4,0,0.004,1254.971,0.992,0.092,8.8,14,-0.041,14,283,30.653,58.35,0.707,103.609,,,,,0
2026-10-08T07:00Z,2026-10-08T08:00Z,3892437,1,10.5,11,24.1,25.2,15.2,h,11,15.2,11,15.2,0,0.011,1028.354,0.702,0.004,9.7,15.2,0.042,15,281,30.631,56.723,0.578,177.012,,,,,0
2026-10-08T07:00Z,2026-10-08T10:00Z,3892437,3,11.2,11.7,24.5,25.5,15.3,h,11.7,15.3,11.7,15.3,0,0.011,68.808,1.135,0.069,9.7,15.2,0.042,17,281,28.643,69.726,0.625,150.472,,,,,0
2026-10-08T07:00Z,2026-10-08T13:00Z,3892437,6,35,36.3,24.8,25.9,15.6,h,36.3,15.6,36.3,15.6,0,0.011,42.205,1.126,0,9.7,15.2,0.042,20,281,25.27,89.367,0.493,168.09,,,,,0
2026-10-08T07:00Z,2026-10-08T19:00Z,3892437,12,43.3,44.8,25.5,26.6,17.7,h,44.8,17.7,44.9,17.7,0,0.009,54.28,1.042,0,9.7,15.2,0.042,2,281,23.351,91.906,0.458,334.001,,,,,0
2026-10-08T07:00Z,2026-10-09T07:00Z,3892437,24,12.9,13.3,28,28.9,18.8,h,13.3,18.8,13.3,18.8,0,0.009,1229.83,0.129,0,9.7,15.2,0.042,14,282,31.12,58.2,0.21,249.122,,,,,0
2026-10-08T07:00Z,2026-10-10T07:00Z,3892437,48,13.7,13.9,27,27.6,19.5,h,13.9,19.5,13.9,19.5,0,0.004,1308.64,0.92,0.087,9.7,15.2,0.042,14,283,30.916,57.499,0.659,105.81,,,,,0
2026-10-08T07:00Z,2026-10-08T08:00Z,3998818,1,13.8,26.4,12.4,24.4,34.4,h,26.4,34.4,26.3,34.4,0,0.01,1472.66,0.323,0,25.7,34.4,0.643,15,281,30.183,54.971,0.258,310.953,,,,,0
2026-10-08T07:00Z,2026-10-08T10:00Z,3998818,3,13.6,25.4,13.2,25.8,34.4,h,25.4,34.4,25.4,34.4,0,0.014,507.1,1.951,0,25.7,34.4,0.643,17,281,28.754,64.546,1.278,73.651,,,,,0
2026-10-08T07:00Z,2026-10-08T13:00Z,3998818,6,22.6,40.2,14.6,28.2,34.4,h,40.2,34.4,40.2,34.4,0,0.016,40.239,1.155,0,25.7,34.4,0.643,20,281,25.437,83.157,0.487,97.68,,,,,0
2026-10-08T07:00Z,2026-10-08T19:00Z,3998818,12,24.3,40.3,18.2,33.4,35,h,40.3,35,40.4,35,0,0.157,90.697,3.242,0,25.7,34.4,0.643,2,281,23.117,85.489,1.413,69.21,,,,,0
2026-10-08T07:00Z,2026-10-09T07:00Z,3998818,24,11.8,17.8,20,33.4,34.2,h,17.8,34.2,17.8,34.2,0,0.072,1244.092,1.152,0,25.7,34.4,0.643,14,282,30.657,57.282,0.898,45.938,,,,,0
2026-10-08T07:00Z,2026-10-10T07:00Z,3998818,48,6.5,8.5,16.6,22.7,30.3,h,8.5,30.3,8.5,30.3,0,0.003,646.814,5.679,1.77,25.7,34.4,0.643,14,283,26.681,83.336,4.318,72.987,,,,,0
2026-10-08T07:00Z,2026-10-08T08:00Z,4028033,1,9.5,11.4,25.2,30,31.1,h,11.3,31.1,11.3,31.1,0.037,0.119,1037.912,1.71,0.117,16.9,31.2,0.166,15,281,31.467,63.497,1.411,29.814,,,,,0
2026-10-08T07:00Z,2026-10-08T10:00Z,4028033,3,10.3,12.2,25,29.8,31,h,12.3,31,12.3,31,0.056,0.12,304.123,2.412,0.222,16.9,31.2,0.166,17,281,29.81,73.082,1.816,304.003,,,,,0
2026-10-08T07:00Z,2026-10-08T13:00Z,4028033,6,27.2,31.6,26,30.9,30.9,h,31.7,30.9,31.7,30.9,0.051,0.101,54.745,1.894,0.79,16.9,31.2,0.166,20,281,26.368,91.15,1.182,82.694,,,,,0
2026-10-08T07:00Z,2026-10-08T19:00Z,4028033,12,32.4,37,26.4,31.1,30.7,h,36.9,30.7,37,30.7,0.021,0.08,80.548,2.434,0,16.9,31.2,0.166,2,281,25.208,96.955,1.064,302.722,,,,,0
2026-10-08T07:00Z,2026-10-09T07:00Z,4028033,24,11.6,12.9,22.5,25.8,29.5,h,12.9,29.5,12.9,29.5,0.027,0.042,1302.278,2.432,0.059,16.9,31.2,0.166,14,282,32.262,57.744,1.919,30.721,,,,,0
2026-10-08T07:00Z,2026-10-10T07:00Z,4028033,48,6.6,7.1,22.9,24.9,28,h,7.1,28,7.1,28,0,0.004,1123.779,2.833,0.327,16.9,31.2,0.166,14,283,31.557,61.577,2.177,59.17,,,,,0
2026-10-08T07:00Z,2026-10-08T08:00Z,4143979,1,8.2,15.8,11.8,23.1,19,h,15.8,19,15.8,19,0,0,1256.353,2.567,0.066,10.7,19,0.63,15,281,26.072,54.5,1.944,132.304,,,,,0
2026-10-08T07:00Z,2026-10-08T10:00Z,4143979,3,8.3,15.6,12.3,23.9,19,h,15.6,19,15.6,19,0,0,286.487,3.163,0.003,10.7,19,0.63,17,281,23.883,68.804,1.571,126.709,,,,,0
2026-10-08T07:00Z,2026-10-08T13:00Z,4143979,6,9.5,17.1,12.3,23.6,18.9,h,17.1,18.9,17.1,18.9,0,0,35.642,3.182,0,10.7,19,0.63,20,281,20.584,74.716,1.053,114.55,,,,,0
2026-10-08T07:00Z,2026-10-08T19:00Z,4143979,12,12.2,20.3,11.3,21.2,18.7,h,20.3,18.7,20.3,18.7,0,0.002,17.163,1.609,0,10.7,19,0.63,2,281,18.402,79.97,0.52,98.437,,,,,0
2026-10-08T07:00Z,2026-10-09T07:00Z,4143979,24,10,15,10.5,17.5,18.6,h,15,18.6,15,18.6,0,0.004,1456.387,2.04,0.06,10.7,19,0.63,14,282,27.369,49.474,1.543,85.105,,,,,0
2026-10-08T07:00Z,2026-10-10T07:00Z,4143979,48,13.4,17.1,16,21.7,19.9,h,17.1,19.9,17.1,19.9,0,0.001,934.251,4.266,0.495,10.7,19,0.63,14,283,24.194,65.246,2.954,100.516,,,,,0
2026-10-08T07:00Z,2026-10-08T08:00Z,4143980,1,4.2,8.1,,,,h,8.1,,8.1,,0,0.008,1270.108,2.03,0.039,5.5,,0.584,15,281,27.965,53.208,1.517,353.156,,,,,0
2026-10-08T07:00Z,2026-10-08T10:00Z,4143980,3,4.9,9.1,,,,h,9.1,,9.1,,0,0.008,158.752,1.733,0,5.5,,0.584,17,281,26.209,67.698,1.032,350.877,,,,,0
2026-10-08T07:00Z,2026-10-08T13:00Z,4143980,6,7.3,12.7,,,,h,12.7,,12.7,,0,0.008,17.466,1.042,0,5.5,,0.584,20,281,22.328,79.557,0.163,60.084,,,,,0
2026-10-08T07:00Z,2026-10-08T19:00Z,4143980,12,9,14.6,,,,h,14.6,,14.6,,0,0.01,18.632,0.586,0,5.5,,0.584,2,281,19.721,88.532,0.279,114.57,,,,,0
2026-10-08T07:00Z,2026-10-09T07:00Z,4143980,24,6.9,10.2,,,,h,10.2,,10.2,,0,0.007,1498.239,2.864,0,5.5,,0.584,14,282,28.607,50.996,2.097,40.442,,,,,0
2026-10-08T07:00Z,2026-10-10T07:00Z,4143980,48,8,10.1,,,,h,10.1,,10.1,,0,0.006,1316.447,4.02,0.182,5.5,,0.584,14,283,27.634,60.711,2.951,69.35,,,,,0
2026-10-08T07:00Z,2026-10-08T08:00Z,4143982,1,9.3,29.2,9.2,30.4,25.7,h,29.2,25.7,29.1,25.7,0,0.046,957.081,6.497,0.035,19.9,25.6,1.123,15,281,26.457,73.171,4.444,31.837,,,,,0
2026-10-08T07:00Z,2026-10-08T10:00Z,4143982,3,11.6,34.4,9.4,30.5,25.8,h,34.4,25.8,34.3,25.8,0,0.032,742.646,6.092,0.035,19.9,25.6,1.123,17,281,25.167,78.894,3.53,34.337,,,,,0
2026-10-08T07:00Z,2026-10-08T13:00Z,4143982,6,14.5,39.9,9.8,31.2,26,h,39.9,26,39.9,26,0,0.034,599.378,6.174,0.006,19.9,25.6,1.123,20,281,23.623,85.077,3.162,34.905,,,,,0
2026-10-08T07:00Z,2026-10-08T19:00Z,4143982,12,17.3,42.1,11.3,33,27.5,h,42.1,27.5,42.2,27.5,0,0.049,408.907,4.653,0.304,19.9,25.6,1.123,2,281,22.497,90.949,2.105,12.971,,,,,0
2026-10-08T07:00Z,2026-10-09T07:00Z,4143982,24,0.7,2.3,9,23.9,25,h,2.3,25,2.3,25.1,0,0.003,543.838,4.493,1.863,19.9,25.6,1.123,14,282,24.172,93.546,2.68,5.241,,,,,0
2026-10-08T07:00Z,2026-10-10T07:00Z,4143982,48,1.5,2.7,1.1,2.5,14,h,2.7,14,2.7,14,0,0,702.514,6.078,0.906,19.9,25.6,1.123,14,283,26.667,80.032,4.094,62.7,,,,,0
2026-10-08T07:00Z,2026-10-08T08:00Z,4143983,1,5.8,11.8,,,,h,11.8,,11.8,,0,0.006,1116.102,5.199,0.295,,,0.691,15,281,29.459,63.366,3.815,44.065,,,,,0
2026-10-08T07:00Z,2026-10-08T10:00Z,4143983,3,5.9,11.7,,,,h,11.7,,11.7,,0,0.01,725.494,5.807,0.383,,,0.691,17,281,27.062,77.406,3.456,48.297,,,,,0
2026-10-08T07:00Z,2026-10-08T13:00Z,4143983,6,8.3,15.5,,,,h,15.5,,15.5,,0,0.047,484.364,6.605,0,,,0.691,20,281,25.073,77.191,3.464,62.996,,,,,0
2026-10-08T07:00Z,2026-10-08T19:00Z,4143983,12,11.9,20.4,,,,h,20.4,,20.4,,-0.001,0.082,296.879,4.767,0,,,0.691,2,281,22.996,88.95,2.27,49.272,,,,,0
2026-10-08T07:00Z,2026-10-09T07:00Z,4143983,24,5,7.9,,,,h,7.9,,7.9,,0,0.006,462.401,4.532,0.463,,,0.691,14,282,25.607,87.117,2.988,357.654,,,,,0
2026-10-08T07:00Z,2026-10-10T07:00Z,4143983,48,1.7,2.4,,,,h,2.4,,2.4,,0,0,683.257,4.775,2.211,,,0.691,14,283,27.644,85.756,2.997,68.794,,,,,0
2026-10-08T07:00Z,2026-10-08T08:00Z,4143984,1,6.8,9.6,9.1,12.9,20.1,h,9.6,20.1,9.6,20.1,0,0.063,1049.348,7.149,0.006,7.5,20.1,0.317,15,281,26.79,69.59,5.028,38.981,,,,,0
2026-10-08T07:00Z,2026-10-08T10:00Z,4143984,3,8.6,11.8,9,12.6,20,h,11.8,20,11.8,20,0,0.141,802.66,7.056,0.033,7.5,20.1,0.317,17,281,25.29,77.289,4.214,42.201,,,,,0
2026-10-08T07:00Z,2026-10-08T13:00Z,4143984,6,12.1,16.2,9,12.7,19.7,h,16.2,19.7,16.2,19.7,0,0.145,628.811,6.972,0,7.5,20.1,0.317,20,281,23.557,83.823,3.75,43.507,,,,,0
2026-10-08T07:00Z,2026-10-08T19:00Z,4143984,12,15.2,19.6,9.7,13.2,19.1,h,19.6,19.1,19.6,19.1,0,0.047,566.894,5.685,0,7.5,20.1,0.317,2,281,22.575,87.48,2.755,20.761,,,,,0
2026-10-08T07:00Z,2026-10-09T07:00Z,4143984,24,1.5,2,8.9,11.7,17.4,h,2,17.4,2,17.4,0,0.004,634.593,6.114,2.111,7.5,20.1,0.317,14,282,23.596,95.028,3.616,354.508,,,,,0
2026-10-08T07:00Z,2026-10-10T07:00Z,4143984,48,0.8,1,0.8,1.1,10.6,h,1,10.6,1,10.6,0,0,899.325,7.79,0.422,7.5,20.1,0.317,14,283,27.631,72.996,5.291,64.429,,,,,0
2026-10-08T07:00Z,2026-10-08T08:00Z,4143985,1,6.9,12.2,9.6,17.1,24.2,h,12.2,24.2,12.2,24.2,0,0.008,1050.304,5.808,0.097,11.1,24.2,0.534,15,281,27.948,67.712,4.102,40.102,,,,,0
2026-10-08T07:00Z,2026-10-08T10:00Z,4143985,3,7.3,12.6,9.4,16.6,24.2,h,12.6,24.2,12.6,24.2,0,0.047,736.935,6.179,0.191,11.1,24.2,0.534,17,281,26.023,78.004,3.682,44.306,,,,,0
2026-10-08T07:00Z,2026-10-08T13:00Z,4143985,6,11.7,19.1,9.2,16.2,24.1,h,19.1,24.1,19.1,24.1,0,0.126,544.65,6.538,0,11.1,24.2,0.534,20,281,24.133,81.913,3.463,53.101,,,,,0
2026-10-08T07:00Z,2026-10-08T19:00Z,4143985,12,13.4,20.6,9.6,16.3,23.4,h,20.6,23.4,20.7,23.4,0,0.094,347.998,4.503,0,11.1,24.2,0.534,2,281,22.592,89.551,2.024,32.319,,,,,0
2026-10-08T07:00Z,2026-10-09T07:00Z,4143985,24,3.4,5,10.2,15.9,21.5,h,5,21.5,5,21.5,0,0.004,493.94,4.534,1.538,11.1,24.2,0.534,14,282,24.406,93.165,2.813,355.753,,,,,0
2026-10-08T07:00Z,2026-10-10T07:00Z,4143985,48,0.8,1.2,1,1.6,12.9,h,1.2,12.9,1.2,12.9,0,0,652.172,5.572,1.662,11.1,24.2,0.534,14,283,26.961,83.555,3.55,68.298,,,,,0
2026-10-08T07:00Z,2026-10-08T08:00Z,4143986,1,4,17.3,6.7,28.7,20.5,h,17.3,20.5,17.3,20.5,0,0.001,698.645,4.086,0.319,14.5,20.5,1.351,15,281,27.909,76.527,2.778,33.556,,,,,0
2026-10-08T07:00Z,2026-10-08T10:00Z,4143986,3,4.6,18.4,6.7,28.4,20.6,h,18.4,20.6,18.4,20.6,0,0.002,567.219,4.196,0.138,14.5,20.5,1.351,17,281,26.535,81.858,2.406,20.882,,,,,0
2026-10-08T07:00Z,2026-10-08T13:00Z,4143986,6,7.5,26.3,6.6,27.7,20.8,h,26.3,20.8,26.3,20.8,0,0.009,439.679,4.398,0,14.5,20.5,1.351,20,281,24.735,84.948,2.249,29.336,,,,,0
2026-10-08T07:00Z,2026-10-08T19:00Z,4143986,12,9.9,29.6,6.9,26.4,21.6,h,29.6,21.6,29.7,21.6,0,0.013,154.293,2.554,0,14.5,20.5,1.351,2,281,22.985,92.099,1.104,31.374,,,,,0
2026-10-08T07:00Z,2026-10-09T07:00Z,4143986,24,1.9,5.5,6.9,21.4,20.8,h,5.5,20.8,5.5,20.8,0,0.009,377.441,2.686,1.544,14.5,20.5,1.351,14,282,25.452,92.167,1.764,351.81,,,,,0
2026-10-08T07:00Z,2026-10-10T07:00Z,4143986,48,2.7,5,3.8,7.9,14.2,h,5,14.2,5,14.2,0,0,439.2,1.895,1.791,14.5,20.5,1.351,14,283,27.164,88.405,1.228,49.061,,,,,0
2026-10-08T07:00Z,2026-10-08T08:00Z,4143988,1,3.3,10.7,4.1,13.5,8.5,h,10.7,8.5,10.7,8.5,0,0,678.836,2.309,0.451,8.3,8.5,1.044,15,281,26.254,78.454,1.514,4.378,,,,,0
2026-10-08T07:00Z,2026-10-08T10:00Z,4143988,3,3.5,10.8,4.2,13.6,8.6,h,10.8,8.6,10.8,8.6,0,0,96.676,2.126,0.089,8.3,8.5,1.044,17,281,24.463,87.785,1.018,26.097,,,,,0
2026-10-08T07:00Z,2026-10-08T13:00Z,4143988,6,5,13.8,4.2,13.3,8.7,h,13.8,8.7,13.8,8.7,0,0,84.623,2.644,0.051,8.3,8.5,1.044,20,281,22.009,87.734,1.379,39.599,,,,,0
2026-10-08T07:00Z,2026-10-08T19:00Z,4143988,12,4.8,11.9,4.3,12.9,9.6,h,11.9,9.6,11.9,9.6,0,0,48.031,2.13,0,8.3,8.5,1.044,2,281,20.608,89.706,1.38,337.972,,,,,0
2026-10-08T07:00Z,2026-10-09T07:00Z,4143988,24,3.6,7.6,4.1,10.5,9.1,h,7.6,9.1,7.6,9.1,0,0.001,876.272,1.575,0.134,8.3,8.5,1.044,14,282,27.95,68.327,1.264,263.069,,,,,0
2026-10-08T07:00Z,2026-10-10T07:00Z,4143988,48,3.3,5.3,4.6,8.1,8.3,h,5.3,8.3,5.3,8.3,0,0,526.695,2.011,1.277,8.3,8.5,1.044,14,283,26.452,78.463,1.335,107.231,,,,,0
2026-10-08T07:00Z,2026-10-08T08:00Z,4165629,1,5.2,6.7,4.4,5.8,3.4,h,6.7,3.4,6.7,3.4,0,0.002,590.317,2.113,0.206,4.8,3.4,0.227,15,281,28.802,74.073,1.651,291.207,,,,,0
2026-10-08T07:00Z,2026-10-08T10:00Z,4165629,3,5.2,6.6,4.2,5.5,3.5,h,6.6,3.5,6.6,3.5,0,0.001,282.621,1.368,0.116,4.8,3.4,0.227,17,281,27.514,83.655,1.173,299.185,,,,,0
2026-10-08T07:00Z,2026-10-08T13:00Z,4165629,6,7.1,8.9,4.4,5.7,3.6,h,8.9,3.6,8.9,3.6,0,0.001,242.344,1.904,0,4.8,3.4,0.227,20,281,26.25,87.339,1.201,352.746,,,,,0
2026-10-08T07:00Z,2026-10-08T19:00Z,4165629,12,12.4,14.9,6,7.5,4.4,h,14.9,4.4,14.9,4.4,0,0.001,213.409,3.332,0,4.8,3.4,0.227,2,281,25.135,89.01,2.141,4.018,,,,,0
2026-10-08T07:00Z,2026-10-09T07:00Z,4165629,24,7.2,8.4,7.9,9.6,5.4,h,8.4,5.4,8.4,5.4,0,0.001,784.276,1.825,0.166,4.8,3.4,0.227,14,282,29.218,72.781,1.391,6.114,,,,,0
2026-10-08T07:00Z,2026-10-10T07:00Z,4165629,48,1.8,2,4.8,5.4,4.4,h,2,4.4,2,4.4,0,0.005,437.376,1.308,1.611,4.8,3.4,0.227,14,283,28.041,84.85,1.341,166.281,,,,,0
2026-10-08T07:00Z,2026-10-08T08:00Z,4321722,1,6.3,26.4,7.6,33.1,25.9,h,26.4,25.9,26.3,25.9,0,0.007,854.641,5.811,0.068,17.3,25.9,1.378,15,281,25.367,77.532,3.841,25.444,,,,,0
2026-10-08T07:00Z,2026-10-08T10:00Z,4321722,3,9.3,35.6,7.6,32.8,26,h,35.6,26,35.5,26,0,0.006,677.015,5.329,0.068,17.3,25.9,1.378,17,281,24.154,81.717,3.028,29.346,,,,,0
2026-10-08T07:00Z,2026-10-08T13:00Z,4321722,6,12.7,44.1,8,33.3,26.3,h,44.1,26.3,44.1,26.3,0,0.012,507.206,5.361,0.031,17.3,25.9,1.378,20,281,22.65,88.606,2.614,29.448,,,,,0
2026-10-08T07:00Z,2026-10-08T19:00Z,4321722,12,15.3,45.6,9.1,34.2,27.7,h,45.6,27.7,45.7,27.7,0,0.01,213.408,2.945,0.433,17.3,25.9,1.378,2,281,21.752,94.843,1.286,6.214,,,,,0
2026-10-08T07:00Z,2026-10-09T07:00Z,4321722,24,0.6,2.6,8.8,28.5,26.7,h,2.6,26.7,2.6,26.8,0,0.002,453.306,2.48,1.316,17.3,25.9,1.378,14,282,24.798,88.808,1.466,24.777,,,,,0
2026-10-08T07:00Z,2026-10-10T07:00Z,4321722,48,1.4,2.9,1,2.7,14.3,h,2.9,14.3,2.9,14.3,0,0,597.603,4.596,1.263,17.3,25.9,1.378,14,283,25.664,83.912,3.047,58.924,,,,,0
2026-10-08T07:00Z,2026-10-08T08:00Z,4588536,1,8.8,5.2,23,14,7.6,h,5.2,7.6,5.2,7.6,0,0.012,990.737,0.755,0.003,5.5,7.6,-0.47,15,281,31.088,56.008,0.622,195.082,,,,,0
2026-10-08T07:00Z,2026-10-08T10:00Z,4588536,3,9.5,5.8,23.3,14.2,7.7,h,5.8,7.7,5.8,7.7,0,0.012,72.846,1.285,0,5.5,7.6,-0.47,17,281,29.345,67.019,0.725,148.906,,,,,0
2026-10-08T07:00Z,2026-10-08T13:00Z,4588536,6,33.3,21.9,23.6,14.5,7.9,h,21.9,7.9,21.9,7.9,0,0.012,44.327,1.336,0,5.5,7.6,-0.47,20,281,25.808,88.271,0.621,162.978,,,,,0
2026-10-08T07:00Z,2026-10-08T19:00Z,4588536,12,44.7,30.9,24.5,15.8,9.3,h,30.9,9.3,31,9.3,0,0.009,58.432,1.182,0,5.5,7.6,-0.47,2,281,23.772,91.85,0.405,338.11,,,,,0
2026-10-08T07:00Z,2026-10-09T07:00Z,4588536,24,10.6,7.8,27.7,19.1,10.6,h,7.8,10.6,7.8,10.6,0,0.009,1222.381,0.566,0.004,5.5,7.6,-0.47,14,282,31.531,58.188,0.522,260.927,,,,,0
2026-10-08T07:00Z,2026-10-10T07:00Z,4588536,48,13.1,10.9,24.3,19.3,11.7,h,10.9,11.7,10.9,11.7,0,0.004,1380.568,0.665,0.074,5.5,7.6,-0.47,14,283,31.561,55.753,0.484,125.196,,,,,0
2026-10-08T07:00Z,2026-10-08T08:00Z,4765764,1,15,24,11.8,19.4,26.7,h,24,26.7,24,26.7,0,0.006,1427.404,0.423,0,19.9,26.7,0.467,15,281,30.073,55.289,0.313,350.589,,,,,0
2026-10-08T07:00Z,2026-10-08T10:00Z,4765764,3,14.8,23.3,12.6,20.5,26.7,h,23.3,26.7,23.3,26.7,0,0.008,509.492,2.027,0,19.9,26.7,0.467,17,281,28.657,65.054,1.296,69.43,,,,,0
2026-10-08T07:00Z,2026-10-08T13:00Z,4765764,6,21.8,33.1,14.2,22.9,26.7,h,33.1,26.7,33.1,26.7,0,0.01,40.649,1.371,0,19.9,26.7,0.467,20,281,25.341,82.876,0.533,98.004,,,,,0
2026-10-08T07:00Z,2026-10-08T19:00Z,4765764,12,27,39,18.1,28.1,27.7,h,39,27.7,39.1,27.7,0,0.077,81.64,2.919,0,19.9,26.7,0.467,2,281,23.042,85.747,1.234,66.592,,,,,0
2026-10-08T07:00Z,2026-10-09T07:00Z,4765764,24,11.1,15,19.9,29,27.3,h,15,27.3,15,27.3,0,0.066,1235.685,1.441,0,19.9,26.7,0.467,14,282,30.562,57.518,1.111,39.246,,,,,0
2026-10-08T07:00Z,2026-10-10T07:00Z,4765764,48,8.7,10.5,17,21.4,24.8,h,10.5,24.8,10.5,24.8,0,0.003,623.359,5.207,1.811,19.9,26.7,0.467,14,283,26.591,83.788,3.945,73.13,,,,,0
2026-10-08T07:00Z,2026-10-08T08:00Z,4894523,1,33.4,31.5,28.4,26.7,39.2,h,31.5,39.2,31.4,39.2,0.003,0.115,1028.84,1.497,0.257,23.7,39.2,-0.058,15,281,31.288,64.148,1.222,26.664,,,,,0
2026-10-08T07:00Z,2026-10-08T10:00Z,4894523,3,39.9,37.8,28.6,26.9,39.2,h,37.8,39.2,37.7,39.2,0.007,0.099,287.858,2.166,0.291,23.7,39.2,-0.058,17,281,29.354,75.155,1.612,305.059,,,,,0
2026-10-08T07:00Z,2026-10-08T13:00Z,4894523,6,53.6,50.9,31.1,29.4,39.4,h,50.9,39.4,50.9,39.4,0.01,0.06,48.98,1.707,0.534,23.7,39.2,-0.058,20,281,26.258,90.719,0.943,68.311,,,,,0
2026-10-08T07:00Z,2026-10-08T19:00Z,4894523,12,48.4,46.3,40.2,38.1,40.7,h,46.3,40.7,46.4,40.7,0.007,0.034,87.768,2.836,0,23.7,39.2,-0.058,2,281,25.263,96.189,1.178,307.602,,,,,0
2026-10-08T07:00Z,2026-10-09T07:00Z,4894523,24,23.2,22.4,40.4,38.5,39,h,22.4,39,22.4,39,0.019,0.031,1272.454,2.689,0.11,23.7,39.2,-0.058,14,282,32.079,58.758,2.116,27.107,,,,,0
2026-10-08T07:00Z,2026-10-10T07:00Z,4894523,48,19.6,19.2,28.3,27.5,33.4,h,19.2,33.4,19.2,33.4,0,0.004,1083.33,2.748,0.357,23.7,39.2,-0.058,14,283,31.392,62.763,2.114,51.435,,,,,0
2026-10-08T07:00Z,2026-10-08T08:00Z,4932270,1,10.5,6.7,24.1,15.5,7.8,h,6.7,7.8,6.7,7.8,0,0.006,1118.484,1.047,0.101,7.5,7.8,-0.421,15,281,26.782,62.728,0.781,111.252,,,,,0
2026-10-08T07:00Z,2026-10-08T10:00Z,4932270,3,11.2,7.3,24.5,15.7,7.8,h,7.3,7.8,7.3,7.8,0,0.007,52.732,0.242,0.456,7.5,7.8,-0.421,17,281,23.803,85.001,0.249,207.451,,,,,0
2026-10-08T07:00Z,2026-10-08T13:00Z,4932270,6,35,24,24.8,16.1,8.1,h,24,8.1,24,8.1,0,0.007,17.803,0.307,0,7.5,7.8,-0.421,20,281,20.975,97.78,0.285,245.054,,,,,0
2026-10-08T07:00Z,2026-10-08T19:00Z,4932270,12,43.3,31.1,25.5,17.2,9.7,h,31.1,9.7,31.2,9.7,0,0.007,20.184,0.311,0,7.5,7.8,-0.421,2,281,19.741,92.917,0.658,260.21,,,,,0
2026-10-08T07:00Z,2026-10-09T07:00Z,4932270,24,12.9,9.8,28,20,11,h,9.8,11,9.8,11,0,0.008,1268.104,2.088,0.179,7.5,7.8,-0.421,14,282,27.768,61.124,1.565,87.316,,,,,0
2026-10-08T07:00Z,2026-10-10T07:00Z,4932270,48,13.7,11.6,27,22,12.8,h,11.6,12.8,11.6,12.8,0,0.004,956.769,2.761,0.267,7.5,7.8,-0.421,14,283,26.522,66.331,1.874,77.806,,,,,0
2026-10-08T07:00Z,2026-10-08T08:00Z,4985405,1,20.9,68.5,23.1,79.1,66.1,h,68.5,66.1,68.4,66.1,0,0,411.607,2.521,0.254,48.5,66.1,1.204,15,281,26.811,86.209,2.211,314.484,,,,,0
2026-10-08T07:00Z,2026-10-08T10:00Z,4985405,3,20.1,62.9,22.5,76.7,66.3,h,62.9,66.3,62.8,66.3,0,0,498.39,1.989,0.05,48.5,66.1,1.204,17,281,27.133,84.045,1.755,298.898,,,,,0
2026-10-08T07:00Z,2026-10-08T13:00Z,4985405,6,18.4,53.9,22.2,74.6,66.3,h,53.9,66.3,53.9,66.3,0,0,335.592,2.12,0.009,48.5,66.1,1.204,20,281,26.484,85.842,1.513,268.822,,,,,0
2026-10-08T07:00Z,2026-10-08T19:00Z,4985405,12,9.7,25.8,17.3,56,64.9,h,25.8,64.9,25.9,64.9,0,0,347.962,1.285,0.009,48.5,66.1,1.204,2,281,26.074,84.867,1.011,266.328,,,,,0
2026-10-08T07:00Z,2026-10-09T07:00Z,4985405,24,11.6,24.8,14.4,38.8,57.4,h,24.8,57.4,24.9,57.4,0,0,409.546,2.83,1.025,48.5,66.1,1.204,14,282,27.131,85.332,2.494,284.339,,,,,0
2026-10-08T07:00Z,2026-10-10T07:00Z,4985405,48,2.1,3.8,4.1,8.2,37.2,h,3.8,37.2,3.8,37.2,0,0,339.363,1.975,5.456,48.5,66.1,1.204,14,283,26.301,87.226,1.509,249.006,,,,,0
2026-10-08T07:00Z,2026-10-08T08:00Z,4993065,1,9.5,13.2,25.2,34.9,23.3,h,13.2,23.3,13.2,23.3,0.004,0.073,903.231,1.578,0.338,20.3,23.3,0.317,15,281,31.073,65.989,1.249,11.967,,,,,0
2026-10-08T07:00Z,2026-10-08T10:00Z,4993065,3,10.3,14.1,25,34.7,23.4,h,14.1,23.4,14.1,23.4,0.009,0.068,270.23,2.07,0.173,20.3,23.3,0.317,17,281,29.769,73.054,1.571,293.213,,,,,0
2026-10-08T07:00Z,2026-10-08T13:00Z,4993065,6,27.2,36.1,26,35.9,23.8,h,36.1,23.8,36.1,23.8,0.018,0.052,43.919,1.383,0.804,20.3,23.3,0.317,20,281,26.466,91.326,0.981,82.719,,,,,0
2026-10-08T07:00Z,2026-10-08T19:00Z,4993065,12,32.4,41.5,26.4,35.8,25.2,h,41.5,25.2,41.6,25.2,0.017,0.046,71.163,2.478,0,20.3,23.3,0.317,2,281,25.162,96.829,1.057,306.961,,,,,0
2026-10-08T07:00Z,2026-10-09T07:00Z,4993065,24,11.6,14.2,22.5,28.9,25.1,h,14.2,25.1,14.2,25.1,0.028,0.049,1242.13,2.313,0.127,20.3,23.3,0.317,14,282,32.016,59.226,1.828,22.447,,,,,0
2026-10-08T07:00Z,2026-10-10T07:00Z,4993065,48,6.6,7.5,22.9,26.7,25,h,7.5,25,7.5,25,0,0.004,1129.841,2.414,0.311,20.3,23.3,0.317,14,283,31.584,61.574,1.84,60.643,,,,,0
2026-10-08T07:00Z,2026-10-08T08:00Z,5103390,1,13.8,25.8,12.4,23.7,34.7,h,25.8,34.7,25.8,34.7,0,0.012,1478.359,0.311,0,26.2,34.7,0.617,15,281,30.186,54.969,0.254,300.69,,,,,0
2026-10-08T07:00Z,2026-10-08T10:00Z,5103390,3,13.6,24.8,13.2,25.1,34.7,h,24.8,34.7,24.8,34.7,0,0.015,500.253,1.937,0,26.2,34.7,0.617,17,281,28.754,64.542,1.276,75.245,,,,,0
2026-10-08T07:00Z,2026-10-08T13:00Z,5103390,6,22.6,39.2,14.6,27.5,34.7,h,39.2,34.7,39.2,34.7,0,0.017,40.157,1.138,0,26.2,34.7,0.617,20,281,25.43,83.24,0.483,99.539,,,,,0
2026-10-08T07:00Z,2026-10-08T19:00Z,5103390,12,24.3,39.5,18.2,32.6,34.8,h,39.5,34.8,39.6,34.8,0,0.183,91.465,3.269,0,26.2,34.7,0.617,2,281,23.121,85.392,1.433,69.673,,,,,0
2026-10-08T07:00Z,2026-10-09T07:00Z,5103390,24,11.8,17.5,20,32.8,34.2,h,17.5,34.2,17.5,34.2,0,0.074,1241.384,1.093,0,26.2,34.7,0.617,14,282,30.656,57.309,0.855,47.368,,,,,0
2026-10-08T07:00Z,2026-10-10T07:00Z,5103390,48,6.5,8.4,16.6,22.4,30.4,h,8.4,30.4,8.4,30.4,0,0.003,646.497,5.739,1.788,26.2,34.7,0.617,14,283,26.662,83.392,4.364,73.103,,,,,0
2026-10-08T07:00Z,2026-10-08T08:00Z,5108494,1,17.8,17.8,26.7,26.6,24.8,h,17.8,24.8,17.8,24.8,0.002,0.074,877.819,1.516,0.456,24,24.7,-0.002,15,281,30.897,66.857,1.178,5.949,,,,,0
2026-10-08T07:00Z,2026-10-08T10:00Z,5108494,3,20.3,20.3,26.8,26.8,24.9,h,20.3,24.9,20.3,24.9,0.005,0.067,273.821,1.91,0.19,24,24.7,-0.002,17,281,29.587,73.764,1.448,292.382,,,,,0
2026-10-08T07:00Z,2026-10-08T13:00Z,5108494,6,39.8,39.7,29.1,29,25.3,h,39.7,25.3,39.7,25.3,0.009,0.046,43.439,1.251,0.675,24,24.7,-0.002,20,281,26.489,90.99,0.866,71.761,,,,,0
2026-10-08T07:00Z,2026-10-08T19:00Z,5108494,12,44,43.9,34.6,34.5,26.7,h,43.9,26.7,44,26.7,0.011,0.038,71.378,2.547,0,24,24.7,-0.002,2,281,25.208,96.161,1.058,311.118,,,,,0
2026-10-08T07:00Z,2026-10-09T07:00Z,5108494,24,14.3,14.3,31.9,31.8,27,h,14.3,27,14.3,27,0.024,0.044,1218,2.429,0.161,24,24.7,-0.002,14,282,31.885,59.772,1.917,19.388,,,,,0
2026-10-08T07:00Z,2026-10-10T07:00Z,5108494,48,8.5,8.5,19.7,19.7,22.2,h,8.5,22.2,8.5,22.2,0,0.004,1100.919,2.36,0.334,24,24.7,-0.002,14,283,31.425,62.394,1.792,57.551,,,,,0
2026-10-08T07:00Z,2026-10-08T08:00Z,5482624,1,17.3,9.8,18.5,10.3,17.8,h,9.8,17.8,9.8,17.8,0,0.06,1037.178,1.696,0.023,4.5,17.8,-0.545,15,281,31.135,61.649,1.417,62.69,,,,,0
2026-10-08T07:00Z,2026-10-08T10:00Z,5482624,3,21.9,12.9,18.2,10.2,17.7,h,12.9,17.7,12.9,17.7,0,0.056,266.146,0.715,0.262,4.5,17.8,-0.545,17,281,29.029,73.953,0.419,354.953,,,,,0
2026-10-08T07:00Z,2026-10-08T13:00Z,5482624,6,42.1,25.9,19,10.8,17.4,h,25.9,17.4,25.9,17.4,0,0.032,53.221,1.05,0.125,4.5,17.8,-0.545,20,281,26.153,89.127,0.06,29.305,,,,,0
2026-10-08T07:00Z,2026-10-08T19:00Z,5482624,12,20.6,13.2,22.7,13.5,17.2,h,13.2,17.2,13.2,17.2,0,0.016,117.145,3.799,0,4.5,17.8,-0.545,2,281,25.126,94.385,1.767,315.131,,,,,0
2026-10-08T07:00Z,2026-10-09T07:00Z,5482624,24,16.7,11.8,22.3,14.2,16.6,h,11.8,16.6,11.8,16.6,0.001,0.003,1097.096,3.074,0.148,4.5,17.8,-0.545,14,282,31.397,63.057,2.481,31.385,,,,,0
2026-10-08T07:00Z,2026-10-10T07:00Z,5482624,48,19.6,15.9,22.7,17.4,17.6,h,15.9,17.6,15.9,17.6,0,0.003,935.949,2.638,0.282,4.5,17.8,-0.545,14,283,30.692,66.828,2.096,54.696,,,,,0
2026-10-08T07:00Z,2026-10-08T08:00Z,5551122,1,10.5,5.9,24.1,13.7,6.2,h,5.9,6.2,5.9,6.2,0,0.01,1064.234,0.691,0.005,7.1,6.2,-0.536,15,281,30.239,57.321,0.566,164.877,,,,,0
2026-10-08T07:00Z,2026-10-08T10:00Z,5551122,3,11.2,6.5,24.5,13.9,6.3,h,6.5,6.3,6.5,6.3,0,0.011,55.661,0.822,0.114,7.1,6.2,-0.536,17,281,28.179,71.084,0.431,162.045,,,,,0
2026-10-08T07:00Z,2026-10-08T13:00Z,5551122,6,35,21.7,24.8,14.3,6.5,h,21.7,6.5,21.7,6.5,0,0.011,38.881,1.099,0,7.1,6.2,-0.536,20,281,24.752,90.619,0.435,167.534,,,,,0
2026-10-08T07:00Z,2026-10-08T19:00Z,5551122,12,43.3,28.4,25.5,15.4,8,h,28.4,8,28.5,8,0,0.009,50.136,0.983,0,7.1,6.2,-0.536,2,281,22.921,92.14,0.478,329.43,,,,,0
2026-10-08T07:00Z,2026-10-09T07:00Z,5551122,24,12.9,9.1,28,18.3,9.3,h,9.1,9.3,9.1,9.3,0,0.009,1227.445,0.032,0,7.1,6.2,-0.536,14,282,30.737,58.253,0.104,356.847,,,,,0
2026-10-08T07:00Z,2026-10-10T07:00Z,5551122,48,13.7,11.1,27,20.8,11.3,h,11.1,11.3,11.1,11.3,0,0.004,1352.562,1.175,0.098,7.1,6.2,-0.536,14,283,30.517,57.596,0.814,89.463,,,,,0
2026-10-08T07:00Z,2026-10-08T08:00Z,5851170,1,7,18.4,7.4,20.1,15.9,h,18.4,15.9,18.4,15.9,0,0.001,1034.535,4.038,0.069,21.6,15.9,0.921,15,281,29.188,62.394,3.077,45.528,,,,,0
2026-10-08T07:00Z,2026-10-08T10:00Z,5851170,3,7.6,19.1,7.6,20.4,16,h,19.1,16,19.1,16,0,0.001,820.606,3.697,0,21.6,15.9,0.921,17,281,27.959,68.413,2.373,54.654,,,,,0
2026-10-08T07:00Z,2026-10-08T13:00Z,5851170,6,10.1,23.6,8.1,21.3,16.4,h,23.6,16.4,23.6,16.4,0,0.001,118.675,3.739,0,21.6,15.9,0.921,20,281,25.116,81.224,1.237,86.952,,,,,0
2026-10-08T07:00Z,2026-10-08T19:00Z,5851170,12,13.7,28.7,9.4,23.1,17.2,h,28.7,17.2,28.8,17.2,0,0.003,26.936,1.847,0,21.6,15.9,0.921,2,281,22.988,89.627,0.376,80.043,,,,,0
2026-10-08T07:00Z,2026-10-09T07:00Z,5851170,24,10.9,19.6,11.3,23.7,18.4,h,19.6,18.4,19.6,18.4,0,0.009,992.514,3.592,0.445,21.6,15.9,0.921,14,282,29.281,67.572,2.788,45.999,,,,,0
2026-10-08T07:00Z,2026-10-10T07:00Z,5851170,48,2.5,3.9,10.6,17,16.5,h,3.9,16.5,3.9,16.5,0,0.003,926.126,3.597,0.061,21.6,15.9,0.921,14,283,28.308,70.315,2.731,96.735,,,,,0
2026-10-08T07:00Z,2026-10-08T08:00Z,5894629,1,13.4,22.9,14.7,25.5,28.2,h,22.9,28.2,22.9,28.2,0,0.004,999.292,0.737,0.086,19.8,28.2,0.527,15,281,31.441,71.134,0.589,280.559,,,,,0
2026-10-08T07:00Z,2026-10-08T10:00Z,5894629,3,14.3,23.8,15,26,28.4,h,23.8,28.4,23.8,28.4,0,0.004,433.062,1.472,0.099,19.8,28.2,0.527,17,281,30.829,71.994,1.204,311.628,,,,,0
2026-10-08T07:00Z,2026-10-08T13:00Z,5894629,6,27.8,44.4,16.2,27.6,28.7,h,44.4,28.7,44.4,28.7,0,0.003,130.21,1.944,0,19.8,28.2,0.527,20,281,28.353,86.612,1.008,286.207,,,,,0
2026-10-08T07:00Z,2026-10-08T19:00Z,5894629,12,17.3,26.3,17.3,28.7,29.3,h,26.3,29.3,26.4,29.3,0,0.003,136.916,2.438,0.012,19.8,28.2,0.527,2,281,26.756,94.696,1.109,276.096,,,,,0
2026-10-08T07:00Z,2026-10-09T07:00Z,5894629,24,14.7,20.5,19.5,29.8,28.7,h,20.5,28.7,20.5,28.7,0,0.002,925.9,0.118,0.074,19.8,28.2,0.527,14,282,31.56,73.442,0.192,78.891,,,,,0
2026-10-08T07:00Z,2026-10-10T07:00Z,5894629,48,15.2,18.6,27.5,35.4,31.8,h,18.6,31.8,18.6,31.8,0,0.001,1105.507,0.389,0.074,19.8,28.2,0.527,14,283,31.922,72.141,0.324,355.448,,,,,0
2026-10-08T07:00Z,2026-10-08T08:00Z,5951902,1,9.5,4.9,25.2,13.3,13.3,h,4.9,13.3,4.9,13.3,0.042,0.12,1035.011,1.719,0.118,6.9,13.3,-0.607,15,281,31.452,63.503,1.416,30.36,,,,,0
2026-10-08T07:00Z,2026-10-08T10:00Z,5951902,3,10.3,5.5,25,13.3,13.1,h,5.5,13.1,5.5,13.1,0.062,0.123,310.547,2.355,0.213,6.9,13.3,-0.607,17,281,29.84,72.816,1.773,304.582,,,,,0
2026-10-08T07:00Z,2026-10-08T13:00Z,5951902,6,27.2,15.7,26,13.9,12.9,h,15.7,12.9,15.7,12.9,0.054,0.106,56.403,1.87,0.782,6.9,13.3,-0.607,20,281,26.404,91.033,1.163,82.32,,,,,0
2026-10-08T07:00Z,2026-10-08T19:00Z,5951902,12,32.4,20.1,26.4,14.7,13,h,20,13,20,13,0.022,0.087,80.414,2.394,0,6.9,13.3,-0.607,2,281,25.219,96.781,1.056,303.557,,,,,0
2026-10-08T07:00Z,2026-10-09T07:00Z,5951902,24,11.6,7.8,22.5,13.8,13.5,h,7.8,13.5,7.8,13.5,0.027,0.041,1295.735,2.434,0.059,6.9,13.3,-0.607,14,282,32.241,57.818,1.92,30.654,,,,,0
2026-10-08T07:00Z,2026-10-10T07:00Z,5951902,48,6.6,5.1,22.9,17.1,15.2,h,5.1,15.2,5.1,15.2,0,0.004,1116.49,2.846,0.327,6.9,13.3,-0.607,14,283,31.512,61.767,2.188,59.871,,,,,0
2026-10-08T07:00Z,2026-10-08T08:00Z,5955903,1,9.5,10,25.2,26.5,27.9,h,10,27.9,10,27.9,0.042,0.12,1035.011,1.719,0.118,14.5,27.9,0.047,15,281,31.452,63.502,1.416,30.38,,,,,0
2026-10-08T07:00Z,2026-10-08T10:00Z,5955903,3,10.3,10.8,25,26.4,27.8,h,10.9,27.8,10.9,27.8,0.062,0.123,310.736,2.354,0.213,14.5,27.9,0.047,17,281,29.841,72.81,1.772,304.603,,,,,0
2026-10-08T07:00Z,2026-10-08T13:00Z,5955903,6,27.2,28.5,26,27.4,27.7,h,28.5,27.7,28.5,27.7,0.054,0.106,56.453,1.87,0.781,14.5,27.9,0.047,20,281,26.405,91.029,1.163,82.302,,,,,0
2026-10-08T07:00Z,2026-10-08T19:00Z,5955903,12,32.4,33.7,26.4,27.7,27.6,h,33.6,27.6,33.7,27.6,0.022,0.087,80.418,2.393,0,14.5,27.9,0.047,2,281,25.219,96.776,1.056,303.58,,,,,0
2026-10-08T07:00Z,2026-10-09T07:00Z,5955903,24,11.6,12,22.5,23.4,26.5,h,12,26.5,12,26.5,0.027,0.041,1295.593,2.434,0.059,14.5,27.9,0.047,14,282,32.241,57.819,1.92,30.654,,,,,0
2026-10-08T07:00Z,2026-10-10T07:00Z,5955903,48,6.6,6.7,22.9,23.5,25.7,h,6.7,25.7,6.7,25.7,0,0.004,1116.268,2.847,0.327,14.5,27.9,0.047,14,283,31.51,61.773,2.188,59.884,,,,,0
2026-10-08T07:00Z,2026-10-08T08:00Z,6094818,1,9.7,8.7,12.2,10.9,9.8,h,8.7,9.8,8.7,9.8,0.002,0.038,1208.09,1.928,0.011,9.6,9.8,-0.103,15,281,31.524,62.049,1.541,68.632,,,,,0
2026-10-08T07:00Z,2026-10-08T10:00Z,6094818,3,10.4,9.4,12.1,10.8,9.9,h,9.4,9.9,9.4,9.9,0.002,0.031,282.474,2.302,0.282,9.6,9.8,-0.103,17,281,29.618,73.015,1.773,325.904,,,,,0
2026-10-08T07:00Z,2026-10-08T13:00Z,6094818,6,16.6,15.1,12.3,11.1,9.9,h,15.1,9.9,15.1,9.9,0.001,0.011,120.979,2.114,0.187,9.6,9.8,-0.103,20,281,26.512,88.922,0.926,20.885,,,,,0
2026-10-08T07:00Z,2026-10-08T19:00Z,6094818,12,10.6,9.7,11.5,10.4,10.1,h,9.7,10.1,9.7,10.1,0,0.003,94.072,2.972,0,9.6,9.8,-0.103,2,281,25.331,94.738,1.253,315.214,,,,,0
2026-10-08T07:00Z,2026-10-09T07:00Z,6094818,24,11,10.3,12.1,11.1,10.2,h,10.3,10.2,10.3,10.2,0.001,0.005,1281.18,3.11,0.049,9.6,9.8,-0.103,14,282,32.172,57.144,2.441,34.408,,,,,0
2026-10-08T07:00Z,2026-10-10T07:00Z,6094818,48,8,7.7,14.7,14,11.9,h,7.7,11.9,7.7,11.9,0,0.003,771.856,3.643,0.701,9.6,9.8,-0.103,14,283,29.761,69.918,2.817,57.107,,,,,0
2026-10-08T07:00Z,2026-10-08T08:00Z,6099600,1,5.4,3.2,8.2,4.9,4.1,h,3.2,4.1,3.2,4.1,0,0.003,653.093,0.793,0.058,2.9,4.1,-0.437,15,281,30.171,60.473,0.7,212.594,,,,,0
2026-10-08T07:00Z,2026-10-08T10:00Z,6099600,3,5.3,3.2,8.1,4.9,4.1,h,3.2,4.1,3.2,4.1,0,0.004,141.91,0.246,0.005,2.9,4.1,-0.437,17,281,29.416,64.703,0.262,154.315,,,,,0
2026-10-08T07:00Z,2026-10-08T13:00Z,6099600,6,8,5.2,8.1,4.9,4.1,h,5.2,4.1,5.2,4.1,0,0.005,21.692,1.016,0,2.9,4.1,-0.437,20,281,25.843,85.102,0.582,129.318,,,,,0
2026-10-08T07:00Z,2026-10-08T19:00Z,6099600,12,9.3,6.4,8,5,4.2,h,6.4,4.2,6.4,4.2,0,0.007,20,0.594,0,2.9,4.1,-0.437,2,281,24.149,82.206,0.196,354.135,,,,,0
2026-10-08T07:00Z,2026-10-09T07:00Z,6099600,24,6.4,4.7,8.6,5.9,4.6,h,4.7,4.6,4.7,4.6,0,0.007,1193.164,1.744,0.069,2.9,4.1,-0.437,14,282,31.206,57.492,1.443,325.916,,,,,0
2026-10-08T07:00Z,2026-10-10T07:00Z,6099600,48,9.8,8.2,10,8.1,5.5,h,8.2,5.5,8.2,5.5,0,0.006,291.714,2.783,4.095,2.9,4.1,-0.437,14,283,26.954,84.642,1.88,92.15,,,,,0
2026-10-08T07:00Z,2026-10-08T08:00Z,6101817,1,14.8,34.5,11.6,28.1,24.5,h,34.5,24.5,34.4,24.5,0,0.001,450.502,2.386,0.034,29.2,24.5,0.843,15,281,28.912,74.609,2.211,55.561,,,,,0
2026-10-08T07:00Z,2026-10-08T10:00Z,6101817,3,15.4,34.6,11.7,28.2,24.6,h,34.6,24.6,34.5,24.6,0,0.001,231.364,2.752,0.013,29.2,24.5,0.843,17,281,28.841,74.774,2.668,72.435,,,,,0
2026-10-08T07:00Z,2026-10-08T13:00Z,6101817,6,16.4,35,12.4,29.3,24.7,h,35,24.7,35,24.7,0,0.002,231.884,1.093,0,29.2,24.5,0.843,20,281,28.459,76.144,0.766,30.944,,,,,0
2026-10-08T07:00Z,2026-10-08T19:00Z,6101817,12,10.9,21.6,13.2,30.1,25.6,h,21.6,25.6,21.7,25.6,0,0.005,179.882,3.917,0,29.2,24.5,0.843,2,281,26.601,90.837,2.863,326.211,,,,,0
2026-10-08T07:00Z,2026-10-09T07:00Z,6101817,24,17.6,29.7,12.7,25.5,24.8,h,29.7,24.8,29.8,24.8,0,0.008,640.182,5.134,0.074,29.2,24.5,0.843,14,282,29.489,74.962,4.682,32.272,,,,,0
2026-10-08T07:00Z,2026-10-10T07:00Z,6101817,48,12.4,17.2,12.5,19.3,21.9,h,17.2,21.9,17.2,21.9,0.002,0.004,727.816,3.813,0.04,29.2,24.5,0.843,14,283,29.39,72.003,3.55,45.647,,,,,0
2026-10-08T07:00Z,2026-10-08T08:00Z,6115454,1,10.5,8.4,24.1,19.2,7.1,h,8.4,7.1,8.4,7.1,0,0.011,1015.842,0.713,0.003,24,7.1,-0.216,15,281,30.804,56.417,0.588,181.459,,,,,0
2026-10-08T07:00Z,2026-10-08T10:00Z,6115454,3,11.2,9,24.5,19.5,7.2,h,9,7.2,9,7.2,0,0.011,73.448,1.258,0.049,24,7.1,-0.216,17,281,28.852,69.027,0.706,147.87,,,,,0
2026-10-08T07:00Z,2026-10-08T13:00Z,6115454,6,35,28.9,24.8,19.9,7.4,h,28.9,7.4,28.9,7.4,0,0.011,43.575,1.154,0,24,7.1,-0.216,20,281,25.485,88.846,0.525,167.955,,,,,0
2026-10-08T07:00Z,2026-10-08T19:00Z,6115454,12,43.3,36.6,25.5,20.9,9.4,h,36.6,9.4,36.7,9.4,0,0.009,56.038,1.071,0,24,7.1,-0.216,2,281,23.53,91.83,0.443,335.767,,,,,0
2026-10-08T07:00Z,2026-10-09T07:00Z,6115454,24,12.9,11.2,28,23.6,11.4,h,11.2,11.4,11.2,11.4,0,0.009,1229.337,0.202,0,24,7.1,-0.216,14,282,31.279,58.148,0.261,250.789,,,,,0
2026-10-08T07:00Z,2026-10-10T07:00Z,6115454,48,13.7,12.6,27,24.3,13.1,h,12.6,13.1,12.6,13.1,0,0.004,1302.597,0.853,0.081,24,7.1,-0.216,14,283,31.101,57.292,0.622,113.696,,,,,0
2026-10-08T07:00Z,2026-10-08T08:00Z,6118093,1,9,14,12.3,19.4,25.5,h,14,25.5,14,25.5,0,0.009,1198.694,2.832,0,12.9,25.5,0.425,15,281,29.259,55.488,2.217,346.516,,,,,0
2026-10-08T07:00Z,2026-10-08T10:00Z,6118093,3,9.2,14.1,12.3,19.4,25.6,h,14.1,25.6,14.1,25.6,0,0.013,310.342,2.799,0,12.9,25.5,0.425,17,281,27.67,68.595,1.563,6.906,,,,,0
2026-10-08T07:00Z,2026-10-08T13:00Z,6118093,6,11,16.3,12.8,20,25.6,h,16.3,25.6,16.3,25.6,0,0.026,53.941,2.712,0,12.9,25.5,0.425,20,281,24.83,80.703,1.26,103.428,,,,,0
2026-10-08T07:00Z,2026-10-08T19:00Z,6118093,12,17.7,24.9,13.3,20.3,25.1,h,24.9,25.1,25,25.1,0,0.038,59.038,2.57,0,12.9,25.5,0.425,2,281,22.827,91.772,0.909,78.071,,,,,0
2026-10-08T07:00Z,2026-10-09T07:00Z,6118093,24,16.8,21.9,15.6,21.8,24.3,h,21.9,24.3,21.9,24.3,0,0.014,1064.108,2.654,0,12.9,25.5,0.425,14,282,28.645,63.673,2.042,39.931,,,,,0
2026-10-08T07:00Z,2026-10-10T07:00Z,6118093,48,1.1,1.4,8.1,10.2,17.9,h,1.4,17.9,1.4,17.9,0,0,420.574,5.526,1.601,12.9,25.5,0.425,14,283,25.514,88.884,3.993,89.682,,,,,0
2026-10-08T07:00Z,2026-10-08T08:00Z,6123215,1,43.2,44.4,118.9,122.4,62.8,h,44.4,62.8,44.3,62.8,0,0.08,1305.979,1.416,0,42,62.7,0.029,15,281,29.441,48.095,1.084,71.24,,,,,0
2026-10-08T07:00Z,2026-10-08T10:00Z,6123215,3,63.8,65.5,120.9,124.4,63,h,65.5,63,65.4,63,0,0.08,49.571,0.643,0,42,62.7,0.029,17,281,28.192,64.589,0.239,150.831,,,,,0
2026-10-08T07:00Z,2026-10-08T13:00Z,6123215,6,119.7,122.7,122,125.5,64.5,h,122.7,64.5,122.7,64.5,0,0.092,58.65,3.224,0,42,62.7,0.029,20,281,24.431,75.36,1.383,139.927,,,,,0
2026-10-08T07:00Z,2026-10-08T19:00Z,6123215,12,132.7,135.7,104.1,107,69.7,h,135.7,69.7,136,69.7,-0.004,0.306,67.525,3.783,0,42,62.7,0.029,2,281,22.404,90.332,1.598,337.402,,,,,0
2026-10-08T07:00Z,2026-10-09T07:00Z,6123215,24,46,46.8,95.2,97.3,73.8,h,46.8,73.8,46.9,73.9,0,0.028,861.119,2.196,0.015,42,62.7,0.029,14,282,28.775,58.385,1.643,51.079,,,,,0
2026-10-08T07:00Z,2026-10-10T07:00Z,6123215,48,52.6,53.2,88.3,89.5,76.1,h,53.2,76.1,53.2,76.1,0,0.001,575.657,4.313,0.056,42,62.7,0.029,14,283,26.524,73.512,3.265,332.455,,,,,0
2026-10-08T07:00Z,2026-10-08T08:00Z,6125288,1,3.4,9.9,4.5,13.1,13.8,h,9.9,13.8,9.9,13.8,0,0,870.856,1.751,0,8.2,13.8,0.95,15,281,29.272,51.554,1.292,2.936,,,,,0
2026-10-08T07:00Z,2026-10-08T10:00Z,6125288,3,3.9,10.7,4.6,13.4,13.9,h,10.7,13.9,10.7,13.9,0,0,290.218,1.746,0,8.2,13.8,0.95,17,281,27.985,63.153,0.841,13.424,,,,,0
2026-10-08T07:00Z,2026-10-08T13:00Z,6125288,6,6.4,15.8,4.9,13.9,14,h,15.8,14,15.8,14,0,0,24.379,1.333,0,8.2,13.8,0.95,20,281,24.046,78.715,0.254,21.469,,,,,0
2026-10-08T07:00Z,2026-10-08T19:00Z,6125288,12,9.6,20.9,5.8,15.2,14.4,h,20.9,14.4,21,14.4,0,0.002,31.874,0.484,0,8.2,13.8,0.95,2,281,21.226,88.408,0.139,51.418,,,,,0
2026-10-08T07:00Z,2026-10-09T07:00Z,6125288,24,10.8,19.7,8.6,18.4,15,h,19.7,15,19.7,15,0,0.009,1236.987,3.112,0,8.2,13.8,0.95,14,282,30.028,51.707,2.336,7.19,,,,,0
2026-10-08T07:00Z,2026-10-10T07:00Z,6125288,48,14,20.1,16.7,26.4,18.2,h,20.1,18.2,20.1,18.2,0,0.001,644.661,4.608,0.48,8.2,13.8,0.95,14,283,26.713,71.811,3.175,8.391,,,,,0
2026-10-08T07:00Z,2026-10-08T08:00Z,6130741,1,17.8,16.6,26.7,24.9,21.4,h,16.6,21.4,16.6,21.4,0.001,0.083,899.454,1.458,0.454,25,21.4,-0.068,15,281,30.91,66.535,1.139,8.841,,,,,0
2026-10-08T07:00Z,2026-10-08T10:00Z,6130741,3,20.3,19,26.8,25,21.6,h,19,21.6,19,21.6,0.004,0.074,277.547,1.83,0.217,25,21.4,-0.068,17,281,29.465,74.256,1.379,295.208,,,,,0
2026-10-08T07:00Z,2026-10-08T13:00Z,6130741,6,39.8,37.5,29.1,27.2,21.9,h,37.5,21.9,37.5,21.9,0.007,0.049,44.548,1.277,0.582,25,21.4,-0.068,20,281,26.454,90.733,0.802,65.213,,,,,0
2026-10-08T07:00Z,2026-10-08T19:00Z,6130741,12,44,41.7,34.6,32.5,23.4,h,41.7,23.4,41.8,23.4,0.008,0.036,75.914,2.671,0,25,21.4,-0.068,2,281,25.24,95.831,1.099,312.166,,,,,0
2026-10-08T07:00Z,2026-10-09T07:00Z,6130741,24,14.3,13.7,31.9,30.2,24.2,h,13.7,24.2,13.7,24.2,0.02,0.038,1214.185,2.54,0.164,25,21.4,-0.068,14,282,31.856,59.913,2.002,20.155,,,,,0
2026-10-08T07:00Z,2026-10-10T07:00Z,6130741,48,8.5,8.3,19.7,19,20.2,h,8.3,20.2,8.3,20.2,0,0.004,1081.189,2.413,0.345,25,21.4,-0.068,14,283,31.338,62.923,1.84,54.991,,,,,0
2026-10-08T07:00Z,2026-10-08T08:00Z,6149445,1,17.3,29.7,18.5,32.5,34.1,h,29.7,34.1,29.6,34.1,0,0.065,1063.443,1.625,0.103,18.8,34.1,0.541,15,281,30.588,64.049,1.352,56.86,,,,,0
2026-10-08T07:00Z,2026-10-08T10:00Z,6149445,3,21.9,36.7,18.2,31.8,34,h,36.7,34,36.6,34,0,0.056,274.477,1.613,0.353,18.8,34.1,0.541,17,281,28.148,78.662,1.155,323.707,,,,,0
2026-10-08T07:00Z,2026-10-08T13:00Z,6149445,6,42.1,67.8,19,32.7,34.2,h,67.8,34.2,67.8,34.2,0,0.029,51.934,1.647,0.169,18.8,34.1,0.541,20,281,25.431,90.995,0.497,48.808,,,,,0
2026-10-08T07:00Z,2026-10-08T19:00Z,6149445,12,20.6,31.6,22.7,37.6,35.3,h,31.6,35.3,31.7,35.3,0,0.012,101.668,3.221,0,18.8,34.1,0.541,2,281,24.535,95.915,1.422,313.187,,,,,0
2026-10-08T07:00Z,2026-10-09T07:00Z,6149445,24,16.7,23.4,22.3,34.8,34.3,h,23.4,34.3,23.4,34.3,0,0.002,1157.7,2.888,0.22,18.8,34.1,0.541,14,282,31.175,61.679,2.296,34.948,,,,,0
2026-10-08T07:00Z,2026-10-10T07:00Z,6149445,48,19.6,24,22.7,29.5,31.8,h,24,31.8,24,31.8,0,0.003,957.402,3.099,0.378,18.8,34.1,0.541,14,283,30.331,66.654,2.396,53.073,,,,,0
2026-10-08T07:00Z,2026-10-08T08:00Z,6151749,1,9.4,22.3,9.1,22.4,22.9,h,22.3,22.9,22.3,22.9,0,0.03,1019.194,1.92,0,19.4,22.9,0.841,15,281,30.318,58.919,1.474,203.596,,,,,0
2026-10-08T07:00Z,2026-10-08T10:00Z,6151749,3,10.6,24.1,9.3,22.6,23.1,h,24.1,23.1,24.1,23.1,0,0.028,141.229,1.815,0,19.4,22.9,0.841,17,281,29.076,69.108,0.919,192.058,,,,,0
2026-10-08T07:00Z,2026-10-08T13:00Z,6151749,6,14.7,31.5,10.2,24.3,23.3,h,31.5,23.3,31.5,23.3,0,0.026,27.925,1.3,0,19.4,22.9,0.841,20,281,26.016,82.52,0.516,181.391,,,,,0
2026-10-08T07:00Z,2026-10-08T19:00Z,6151749,12,18,35.1,12.3,27.6,23.9,h,35.1,23.9,35.2,23.9,0,0.073,21.075,1.409,0,19.4,22.9,0.841,2,281,22.747,92.098,1.332,243.618,,,,,0
2026-10-08T07:00Z,2026-10-09T07:00Z,6151749,24,9.8,16.8,14.2,28,24.2,h,16.8,24.2,16.8,24.2,0,0.061,962.467,0.681,0,19.4,22.9,0.841,14,282,31.256,57.974,0.578,135.514,,,,,0
2026-10-08T07:00Z,2026-10-10T07:00Z,6151749,48,11.2,15.5,14.1,21.2,22.3,h,15.5,22.3,15.5,22.3,0,0.004,309.634,2.023,0.291,19.4,22.9,0.841,14,283,26.886,86.753,1.668,308.075,,,,,0
2026-10-08T07:00Z,2026-10-08T08:00Z,6154187,1,9.5,13.2,25.2,34.7,32.8,h,13.2,32.8,13.2,32.8,0.014,0.095,987.81,1.641,0.184,18.1,32.8,0.312,15,281,31.361,64.356,1.342,22.547,,,,,0
2026-10-08T07:00Z,2026-10-08T10:00Z,6154187,3,10.3,14.1,25,34.5,32.7,h,14.1,32.7,14.1,32.7,0.025,0.09,275.271,2.369,0.21,18.1,32.8,0.312,17,281,29.78,73.354,1.79,298.705,,,,,0
2026-10-08T07:00Z,2026-10-08T13:00Z,6154187,6,27.2,35.9,26,35.7,32.8,h,35.9,32.8,35.9,32.8,0.034,0.073,46.532,1.733,0.841,18.1,32.8,0.312,20,281,26.339,91.517,1.142,85.549,,,,,0
2026-10-08T07:00Z,2026-10-08T19:00Z,6154187,12,32.4,41.4,26.4,35.6,33,h,41.4,33,41.5,33,0.019,0.057,76.945,2.532,0,18.1,32.8,0.312,2,281,25.155,97.372,1.083,302.169,,,,,0
2026-10-08T07:00Z,2026-10-09T07:00Z,6154187,24,11.6,14.2,22.5,28.9,31.5,h,14.2,31.5,14.2,31.6,0.03,0.048,1290.629,2.347,0.081,18.1,32.8,0.312,14,282,32.213,58.215,1.854,28.086,,,,,0
2026-10-08T07:00Z,2026-10-10T07:00Z,6154187,48,6.6,7.5,22.9,26.6,29.7,h,7.5,29.7,7.5,29.7,0,0.004,1147.084,2.624,0.311,18.1,32.8,0.312,14,283,31.696,61.03,2.012,59.133,,,,,0
2026-10-08T07:00Z,2026-10-08T08:00Z,6157903,1,6.1,14,5.1,12.4,21.6,h,14,21.6,14,21.6,0,0.002,1246.638,1.034,0,8,21.6,0.782,15,281,26.557,50.019,0.733,9.732,,,,,0
2026-10-08T07:00Z,2026-10-08T10:00Z,6157903,3,6.8,15,5.6,13.2,21.7,h,15,21.7,15,21.7,0,0.003,142.617,0.591,0.011,8,21.6,0.782,17,281,24.055,72.264,0.213,28.586,,,,,0
2026-10-08T07:00Z,2026-10-08T13:00Z,6157903,6,8.9,18.5,6.2,14.5,21.5,h,18.5,21.5,18.5,21.5,0,0.006,20.9,1.323,0,8,21.6,0.782,20,281,20.253,84.416,0.587,70.613,,,,,0
2026-10-08T07:00Z,2026-10-08T19:00Z,6157903,12,12.3,23.2,7.9,17.1,21.5,h,23.2,21.5,23.3,21.5,0,0.01,25.322,0.828,0,8,21.6,0.782,2,281,17.601,88.088,0.845,52.848,,,,,0
2026-10-08T07:00Z,2026-10-09T07:00Z,6157903,24,13,21.3,12.5,23.1,22,h,21.3,22,21.3,22,0,0.014,1152.658,1.14,0.067,8,21.6,0.782,14,282,27.039,56.124,0.818,16.577,,,,,0
2026-10-08T07:00Z,2026-10-10T07:00Z,6157903,48,3.7,5.2,16.9,25,22.8,h,5.2,22.8,5.2,22.8,0,0.001,551.825,2.72,3.1,8,21.6,0.782,14,283,23.205,84.519,1.803,50.604,,,,,0
2026-10-08T07:00Z,2026-10-08T08:00Z,6160493,1,5.8,16.3,9.2,26.1,37.8,h,16.3,37.8,16.3,37.8,0,0.008,1156.478,4.246,0.209,15.1,37.8,0.976,15,281,29.603,61.114,3.142,33.898,,,,,0
2026-10-08T07:00Z,2026-10-08T10:00Z,6160493,3,6.2,16.7,9,25.3,37.9,h,16.7,37.9,16.7,37.9,0,0.012,609.636,5.049,0.314,15.1,37.8,0.976,17,281,27.281,75.116,2.937,41.903,,,,,0
2026-10-08T07:00Z,2026-10-08T13:00Z,6160493,6,8.1,20.1,8.8,24.6,37.7,h,20.1,37.7,20.1,37.7,0,0.028,367.553,5.71,0,15.1,37.8,0.976,20,281,25.098,78.151,2.853,69.902,,,,,0
2026-10-08T07:00Z,2026-10-08T19:00Z,6160493,12,15.2,33.1,9.5,24.6,37,h,33.1,37,33.2,37,0,0.081,250.84,4.334,0,15.1,37.8,0.976,2,281,23.09,89.15,1.988,55.859,,,,,0
2026-10-08T07:00Z,2026-10-09T07:00Z,6160493,24,8.7,16.3,12.1,26.2,34.1,h,16.3,34.1,16.3,34.1,0,0.008,618.039,4.084,0.321,15.1,37.8,0.976,14,282,26.543,81.205,2.746,4.918,,,,,0
2026-10-08T07:00Z,2026-10-10T07:00Z,6160493,48,1.6,2.7,2.7,5,21.4,h,2.7,21.4,2.7,21.4,0,0,654.548,4.716,1.94,15.1,37.8,0.976,14,283,27.539,85.274,3.054,73.405,,,,,0
2026-10-08T07:00Z,2026-10-08T08:00Z,6160761,1,10.5,3.3,24.1,8,2.9,h,3.3,2.9,3.3,2.9,0,0.009,871.53,0.598,0.014,4.4,2.9,-1.027,15,281,30.706,57.008,0.511,176.727,,,,,0
2026-10-08T07:00Z,2026-10-08T10:00Z,6160761,3,11.2,3.7,24.5,8.1,2.9,h,3.7,2.9,3.7,2.9,0,0.01,156.7,2.905,0.079,4.4,2.9,-1.027,17,281,28.052,73.642,1.871,133.965,,,,,0
2026-10-08T07:00Z,2026-10-08T13:00Z,6160761,6,35,13.8,24.8,8.4,3.1,h,13.8,3.1,13.8,3.1,0,0.009,51.341,0.653,0,4.4,2.9,-1.027,20,281,25.861,86.188,0.304,248.618,,,,,0
2026-10-08T07:00Z,2026-10-08T19:00Z,6160761,12,43.3,19.2,25.5,9.6,4.2,h,19.2,4.2,19.2,4.2,0,0.007,56.192,0.612,0,4.4,2.9,-1.027,2,281,24.058,88.977,0.399,349.938,,,,,0
2026-10-08T07:00Z,2026-10-09T07:00Z,6160761,24,12.9,6.6,28,12.3,5.3,h,6.6,5.3,6.6,5.3,0,0.008,1274.364,1.116,0,4.4,2.9,-1.027,14,282,31.505,58.676,0.92,111.011,,,,,0
2026-10-08T07:00Z,2026-10-10T07:00Z,6160761,48,13.7,9.2,27,16.3,7.6,h,9.2,7.6,9.2,7.6,0,0.004,645.071,1.313,0.068,4.4,2.9,-1.027,14,283,30.439,64.138,1.038,162.471,,,,,0
2026-10-08T07:00Z,2026-10-08T08:00Z,6166036,1,3.7,14.2,7.2,26.8,25.4,h,14.2,25.4,14.2,25.4,0,0.002,726.134,4.359,0.135,6.8,25.4,1.226,15,281,25.6,79.545,2.838,29.586,,,,,0
2026-10-08T07:00Z,2026-10-08T10:00Z,6166036,3,4.5,16,7.2,26.6,25.4,h,16,25.4,16,25.4,0,0.002,538.234,4.259,0.079,6.8,25.4,1.226,17,281,24.24,83.785,2.415,27.281,,,,,0
2026-10-08T07:00Z,2026-10-08T13:00Z,6166036,6,7.3,23,7.1,26.1,25.3,h,23,25.3,23,25.3,0,0.003,372.325,4.38,0.031,6.8,25.4,1.226,20,281,22.323,89.871,2.209,32.194,,,,,0
2026-10-08T07:00Z,2026-10-08T19:00Z,6166036,12,8.9,24.2,7.1,24.2,25.4,h,24.2,25.4,24.3,25.4,0,0.005,59.763,1.42,0.061,6.8,25.4,1.226,2,281,21.26,94.607,0.596,15.839,,,,,0
2026-10-08T07:00Z,2026-10-09T07:00Z,6166036,24,2.3,5.8,6.4,18,23,h,5.8,23,5.8,23.1,0,0.003,408.517,0.794,1.266,6.8,25.4,1.226,14,282,25.261,86.555,0.431,351.373,,,,,0
2026-10-08T07:00Z,2026-10-10T07:00Z,6166036,48,2.9,5.1,4.3,8.3,16.9,h,5.1,16.9,5.1,16.9,0,0,475.349,2.354,1.56,6.8,25.4,1.226,14,283,25.706,85.894,1.442,60.596,,,,,0
2026-10-08T07:00Z,2026-10-08T08:00Z,6182459,1,6,19.7,10.9,35.7,22.9,h,19.7,22.9,19.7,22.9,0,0,1172.437,0.536,0,19.3,22.9,1.129,15,281,27.391,52.68,0.353,181.896,,,,,0
2026-10-08T07:00Z,2026-10-08T10:00Z,6182459,3,6.1,19.1,11.2,36.5,23,h,19.1,23,19.1,23,0,0,15.457,0.239,0,19.3,22.9,1.129,17,281,25.294,77.081,0.156,289.179,,,,,0
2026-10-08T07:00Z,2026-10-08T13:00Z,6182459,6,8.4,23.9,11.1,35.9,22.8,h,23.9,22.8,23.9,22.8,0,0,27.133,1.52,0,19.3,22.9,1.129,20,281,21.202,83.35,0.324,132.124,,,,,0
2026-10-08T07:00Z,2026-10-08T19:00Z,6182459,12,13.2,32.6,10.6,32.3,23.2,h,32.6,23.2,32.7,23.2,0,0.001,23.492,1.296,0,19.3,22.9,1.129,2,281,18.692,82.223,0.435,3.711,,,,,0
2026-10-08T07:00Z,2026-10-09T07:00Z,6182459,24,8.5,17.6,10.2,25.4,23.5,h,17.6,23.5,17.6,23.6,0,0.01,1528.867,1.96,0,19.3,22.9,1.129,14,282,28.743,48.825,1.552,160.623,,,,,0
2026-10-08T07:00Z,2026-10-10T07:00Z,6182459,48,10.3,16,14.6,25.1,23.7,h,16,23.7,16,23.7,0,0.001,660.32,3.228,0.866,19.3,22.9,1.129,14,283,23.886,77.21,2.139,87.333,,,,,0
2026-10-08T07:00Z,2026-10-08T08:00Z,6188057,1,7.8,20.1,6.3,17,17,h,20.1,17,20.1,17,0,0,654.521,3.249,0.124,21.2,16.9,0.91,15,281,29.927,65.142,2.322,329.448,,,,,0
2026-10-08T07:00Z,2026-10-08T10:00Z,6188057,3,7.7,19.1,6.4,17.2,17.1,h,19.1,17.1,19.1,17.1,0,0,861.524,3.291,0.031,21.2,16.9,0.91,17,281,30.263,65.888,2.302,351.161,,,,,0
2026-10-08T07:00Z,2026-10-08T13:00Z,6188057,6,7.4,17.4,6.6,17.5,17.4,h,17.4,17.4,17.4,17.4,0,0,454.049,3.641,0.165,21.2,16.9,0.91,20,281,28.655,71.167,2.405,12.442,,,,,0
2026-10-08T07:00Z,2026-10-08T19:00Z,6188057,12,7.1,15.2,7.1,17.9,17.5,h,15.2,17.5,15.2,17.5,0,0,467.177,3.379,0.165,21.2,16.9,0.91,2,281,26.926,79.273,2.168,17.33,,,,,0
2026-10-08T07:00Z,2026-10-09T07:00Z,6188057,24,7.9,14.3,7.5,16.1,16.6,h,14.3,16.6,14.3,16.6,0,0.008,468.682,2.249,0.111,21.2,16.9,0.91,14,282,28.959,75.964,1.881,334.716,,,,,0
2026-10-08T07:00Z,2026-10-10T07:00Z,6188057,48,3.2,4.8,4.6,7.6,12.3,h,4.8,12.3,4.8,12.3,0,0.002,618.064,0.025,0.233,21.2,16.9,0.91,14,283,29.152,78.271,0.401,350.168,,,,,0
2026-10-08T07:00Z,2026-10-08T08:00Z,6195103,1,19.2,24.3,29.9,38.1,29.4,h,24.3,29.4,24.3,29.4,0.006,0.102,982.144,1.534,0.283,19.5,29.4,0.236,15,281,31.222,64.875,1.239,20.155,,,,,0
2026-10-08T07:00Z,2026-10-08T10:00Z,6195103,3,21.8,27.3,29.4,37.5,29.5,h,27.3,29.5,27.2,29.5,0.012,0.091,281.155,2.196,0.244,19.5,29.4,0.236,17,281,29.539,74.329,1.65,300.256,,,,,0
2026-10-08T07:00Z,2026-10-08T13:00Z,6195103,6,51.1,62.9,30,37.9,29.9,h,62.9,29.9,62.9,29.9,0.017,0.061,46.903,1.616,0.667,19.5,29.4,0.236,20,281,26.333,91.062,1.006,74.961,,,,,0
2026-10-08T07:00Z,2026-10-08T19:00Z,6195103,12,31.5,37.9,31.2,38.8,31.9,h,37.9,31.9,38,31.9,0.012,0.041,80.194,2.655,0,19.5,29.4,0.236,2,281,25.216,96.586,1.108,306.578,,,,,0
2026-10-08T07:00Z,2026-10-09T07:00Z,6195103,24,17.3,20.1,29.7,35.9,31.5,h,20.1,31.5,20.1,31.5,0.026,0.043,1268.836,2.513,0.112,19.5,29.4,0.236,14,282,32.086,58.745,1.979,25.649,,,,,0
2026-10-08T07:00Z,2026-10-10T07:00Z,6195103,48,16.9,18.5,32.6,36.5,33,h,18.5,33,18.5,33,0,0.004,1109.418,2.621,0.339,19.5,29.4,0.236,14,283,31.503,62.077,2.008,54.994,,,,,0
2026-10-08T07:00Z,2026-10-08T08:00Z,6202299,1,9.5,9.9,25.2,26.2,23.1,h,9.9,23.1,9.9,23.1,0.066,0.136,1039.928,1.755,0.114,13.1,23.1,0.033,15,281,31.423,63.364,1.44,33.406,,,,,0
2026-10-08T07:00Z,2026-10-08T10:00Z,6202299,3,10.3,10.7,25,26.1,23,h,10.8,23,10.8,23,0.09,0.147,336.554,2.204,0.197,13.1,23.1,0.033,17,281,29.903,72.129,1.655,308.069,,,,,0
2026-10-08T07:00Z,2026-10-08T13:00Z,6202299,6,27.2,28.2,26,27.1,23.2,h,28.1,23.2,28.1,23.2,0.061,0.125,63.443,1.836,0.725,13.1,23.1,0.033,20,281,26.51,90.56,1.109,79.285,,,,,0
2026-10-08T07:00Z,2026-10-08T19:00Z,6202299,12,32.4,33.4,26.4,27.5,23.5,h,33.3,23.5,33.4,23.5,0.027,0.121,81.24,2.271,0,13.1,23.1,0.033,2,281,25.271,96.102,1.033,306.796,,,,,0
2026-10-08T07:00Z,2026-10-09T07:00Z,6202299,24,11.6,11.9,22.5,23.2,23.1,h,11.8,23.1,11.8,23.1,0.023,0.035,1278.842,2.48,0.058,13.1,23.1,0.033,14,282,32.185,57.937,1.954,30.816,,,,,0
2026-10-08T07:00Z,2026-10-10T07:00Z,6202299,48,6.6,6.7,22.9,23.4,23.2,h,6.7,23.2,6.7,23.2,0,0.003,1085.089,2.942,0.335,13.1,23.1,0.033,14,283,31.322,62.575,2.262,61.294,,,,,0
2026-10-08T07:00Z,2026-10-08T08:00Z,6204360,1,9.5,11.7,25.2,30.8,27.4,h,11.7,27.4,11.7,27.4,0.009,0.074,933.381,1.645,0.221,13.2,27.4,0.196,15,281,31.25,65.041,1.33,18.25,,,,,0
2026-10-08T07:00Z,2026-10-08T10:00Z,6204360,3,10.3,12.5,25,30.6,27.4,h,12.5,27.4,12.5,27.4,0.018,0.071,267.444,2.2,0.161,13.2,27.4,0.196,17,281,29.92,72.454,1.67,294.49,,,,,0
2026-10-08T07:00Z,2026-10-08T13:00Z,6204360,6,27.2,32.4,26,31.8,27.6,h,32.4,27.6,32.4,27.6,0.032,0.063,44.671,1.541,0.907,13.2,27.4,0.196,20,281,26.435,91.59,1.075,90.151,,,,,0
2026-10-08T07:00Z,2026-10-08T19:00Z,6204360,12,32.4,37.8,26.4,31.9,28.1,h,37.8,28.1,37.9,28.1,0.024,0.059,72.153,2.455,0,13.2,27.4,0.196,2,281,25.125,97.403,1.071,303.065,,,,,0
2026-10-08T07:00Z,2026-10-09T07:00Z,6204360,24,11.6,13.2,22.5,26.3,27.1,h,13.2,27.1,13.2,27.1,0.029,0.049,1264.255,2.233,0.094,13.2,27.4,0.196,14,282,32.135,58.739,1.77,25.93,,,,,0
2026-10-08T07:00Z,2026-10-10T07:00Z,6204360,48,6.6,7.2,22.9,25.2,26.3,h,7.2,26.3,7.2,26.3,0,0.004,1153.19,2.483,0.29,13.2,27.4,0.196,14,283,31.718,60.906,1.902,62.979,,,,,0
2026-10-08T07:00Z,2026-10-08T08:00Z,6205698,1,19.2,22.4,29.9,35.1,34.4,h,22.4,34.4,22.4,34.4,0.011,0.129,1091.808,1.607,0.155,18.3,34.4,0.154,15,281,31.515,63.22,1.332,30.454,,,,,0
2026-10-08T07:00Z,2026-10-08T10:00Z,6205698,3,21.8,25.3,29.4,34.5,34.3,h,25.3,34.3,25.3,34.3,0.019,0.112,293.058,2.639,0.32,18.3,34.4,0.154,17,281,29.398,75.531,1.972,306.234,,,,,0
2026-10-08T07:00Z,2026-10-08T13:00Z,6205698,6,51.1,58.5,30,35,34.7,h,58.5,34.7,58.5,34.7,0.019,0.072,50.379,2.078,0.629,18.3,34.4,0.154,20,281,26.15,91.15,1.204,75.049,,,,,0
2026-10-08T07:00Z,2026-10-08T19:00Z,6205698,12,31.5,35.6,31.2,36,35.9,h,35.6,35.9,35.7,35.9,0.009,0.036,88.07,2.743,0,18.3,34.4,0.154,2,281,25.241,96.939,1.132,302.63,,,,,0
2026-10-08T07:00Z,2026-10-09T07:00Z,6205698,24,17.3,19.1,29.7,33.6,34.2,h,19.1,34.2,19.1,34.2,0.023,0.035,1330.862,2.652,0.07,18.3,34.4,0.154,14,282,32.304,57.465,2.085,30.633,,,,,0
2026-10-08T07:00Z,2026-10-10T07:00Z,6205698,48,16.9,17.9,32.6,35.1,34.8,h,17.9,34.8,17.9,34.8,0,0.003,1116.911,2.932,0.365,18.3,34.4,0.154,14,283,31.562,61.78,2.253,51.101,,,,,0
2026-10-08T07:00Z,2026-10-08T08:00Z,6205700,1,33.4,32.9,28.4,27.9,31.5,h,32.9,31.5,32.8,31.5,0.001,0.096,946.424,1.397,0.393,25.2,31.4,-0.016,15,281,31.009,65.522,1.112,18.202,,,,,0
2026-10-08T07:00Z,2026-10-08T10:00Z,6205700,3,39.9,39.3,28.6,28.1,31.7,h,39.3,31.7,39.2,31.7,0.003,0.083,281.514,1.715,0.251,25.2,31.4,-0.016,17,281,29.34,74.685,1.277,300.953,,,,,0
2026-10-08T07:00Z,2026-10-08T13:00Z,6205700,6,53.6,52.9,31.1,30.6,32.4,h,52.9,32.4,52.9,32.4,0.005,0.051,46.739,1.341,0.468,25.2,31.4,-0.016,20,281,26.391,90.384,0.708,59.08,,,,,0
2026-10-08T07:00Z,2026-10-08T19:00Z,6205700,12,48.4,47.8,40.2,39.6,34.6,h,47.8,34.6,47.9,34.6,0.006,0.033,84.407,2.88,0,25.2,31.4,-0.016,2,281,25.276,95.499,1.191,312.449,,,,,0
2026-10-08T07:00Z,2026-10-09T07:00Z,6205700,24,23.2,23,40.4,39.9,34.1,h,23,34.1,23,34.1,0.015,0.027,1212.398,2.689,0.155,25.2,31.4,-0.016,14,282,31.846,60.052,2.12,22.613,,,,,0
2026-10-08T07:00Z,2026-10-10T07:00Z,6205700,48,19.6,19.5,28.3,28.1,29.7,h,19.5,29.7,19.5,29.7,0,0.004,1056.184,2.52,0.35,25.2,31.4,-0.016,14,283,31.243,63.581,1.936,52.43,,,,,0
2026-10-08T07:00Z,2026-10-08T08:00Z,6205764,1,17.8,17.8,26.7,26.7,25.7,h,17.8,25.7,17.8,25.7,0.002,0.074,887.433,1.532,0.419,24.1,25.7,0.001,15,281,30.954,66.572,1.198,7.955,,,,,0
2026-10-08T07:00Z,2026-10-08T10:00Z,6205764,3,20.3,20.3,26.8,26.8,25.9,h,20.3,25.9,20.3,25.9,0.006,0.068,273.021,1.966,0.187,24.1,25.7,0.001,17,281,29.638,73.582,1.49,292.829,,,,,0
2026-10-08T07:00Z,2026-10-08T13:00Z,6205764,6,39.8,39.8,29.1,29.1,26.3,h,39.8,26.3,39.8,26.3,0.012,0.048,43.646,1.294,0.712,24.1,25.7,0.001,20,281,26.478,91.091,0.904,75.206,,,,,0
2026-10-08T07:00Z,2026-10-08T19:00Z,6205764,12,44,44,34.6,34.6,27.6,h,44,27.6,44.1,27.6,0.013,0.04,71.454,2.527,0,24.1,25.7,0.001,2,281,25.195,96.364,1.057,309.834,,,,,0
2026-10-08T07:00Z,2026-10-09T07:00Z,6205764,24,14.3,14.3,31.9,31.9,27.7,h,14.3,27.7,14.3,27.7,0.026,0.046,1226.393,2.396,0.15,24.1,25.7,0.001,14,282,31.928,59.584,1.892,20.364,,,,,0
2026-10-08T07:00Z,2026-10-10T07:00Z,6205764,48,8.5,8.5,19.7,19.7,22.7,h,8.5,22.7,8.5,22.7,0,0.004,1109.603,2.381,0.327,24.1,25.7,0.001,14,283,31.473,62.146,1.81,58.362,,,,,0
2026-10-08T07:00Z,2026-10-08T08:00Z,6205924,1,17.8,20.2,26.7,30.4,22.6,h,20.2,22.6,20.2,22.6,0.001,0.072,857.471,1.475,0.537,37,22.6,0.128,15,281,30.768,67.449,1.134,1.779,,,,,0
2026-10-08T07:00Z,2026-10-08T10:00Z,6205924,3,20.3,23,26.8,30.6,22.8,h,23,22.8,23,22.8,0.002,0.065,275.682,1.758,0.2,37,22.6,0.128,17,281,29.464,74.184,1.33,291.479,,,,,0
2026-10-08T07:00Z,2026-10-08T13:00Z,6205924,6,39.8,44.6,29.1,33.1,23.4,h,44.6,23.4,44.6,23.4,0.005,0.044,43.092,1.163,0.58,37,22.6,0.128,20,281,26.512,90.719,0.764,62.162,,,,,0
2026-10-08T07:00Z,2026-10-08T19:00Z,6205924,12,44,48.6,34.6,39,25.3,h,48.6,25.3,48.7,25.3,0.008,0.034,71.87,2.62,0,37,22.6,0.128,2,281,25.24,95.65,1.069,314.119,,,,,0
2026-10-08T07:00Z,2026-10-09T07:00Z,6205924,24,14.3,15.5,31.9,35.3,26.7,h,15.5,26.7,15.5,26.7,0.02,0.037,1196.698,2.518,0.185,37,22.6,0.128,14,282,31.78,60.255,1.987,17.387,,,,,0
2026-10-08T07:00Z,2026-10-10T07:00Z,6205924,48,8.5,8.9,19.7,20.9,21.8,h,8.9,21.8,8.9,21.8,0,0.004,1078.211,2.315,0.347,37,22.6,0.128,14,283,31.304,63.038,1.756,55.509,,,,,0
2026-10-08T07:00Z,2026-10-08T08:00Z,6206920,1,8.1,22.3,9.7,27.4,26.5,h,22.3,26.5,22.3,26.5,0,0.001,759.945,5.514,0.115,14.8,26.5,0.979,15,281,23.826,81.594,3.531,15.489,,,,,0
2026-10-08T07:00Z,2026-10-08T10:00Z,6206920,3,11.4,29.5,9.7,27.2,26.5,h,29.5,26.5,29.4,26.5,0,0.003,614.995,4.807,0.115,14.8,26.5,0.979,17,281,22.691,85.165,2.597,23.619,,,,,0
2026-10-08T07:00Z,2026-10-08T13:00Z,6206920,6,15.6,37.7,10.1,27.7,26.5,h,37.7,26.5,37.7,26.5,0,0.004,396.035,4.686,0.062,14.8,26.5,0.979,20,281,21.347,92.348,2.081,18.477,,,,,0
2026-10-08T07:00Z,2026-10-08T19:00Z,6206920,12,15.3,33.4,10.8,27.6,26.9,h,33.4,26.9,33.5,26.9,0,0.003,123.664,1.934,0.655,14.8,26.5,0.979,2,281,20.982,98.13,1.007,343.795,,,,,0
2026-10-08T07:00Z,2026-10-09T07:00Z,6206920,24,1.1,2.8,9.4,22.1,25.1,h,2.8,25.1,2.8,25.1,0,0.001,455.742,1.851,0.428,14.8,26.5,0.979,14,282,25.473,81.993,1.107,65.029,,,,,0
2026-10-08T07:00Z,2026-10-10T07:00Z,6206920,48,1.8,3,1.5,3,14.7,h,3,14.7,3,14.7,0,0,695.09,4.675,0.857,14.8,26.5,0.979,14,283,25.27,80.662,3.205,51.453,,,,,0
2026-10-08T07:00Z,2026-10-08T08:00Z,6207256,1,12.3,5.3,13.4,5.7,5.1,h,5.3,5.1,5.3,5.1,0,0.005,1080.374,0.348,0.02,3.8,5.1,-0.773,15,281,30.342,59.961,0.245,219.377,,,,,0
2026-10-08T07:00Z,2026-10-08T10:00Z,6207256,3,13.4,6.1,13.9,5.9,5.2,h,6.1,5.2,6.1,5.2,0,0.005,641.262,1.641,0.098,3.8,5.1,-0.773,17,281,28.903,71.654,0.964,95.281,,,,,0
2026-10-08T07:00Z,2026-10-08T13:00Z,6207256,6,19,9.3,14.5,6.3,5.3,h,9.3,5.3,9.3,5.3,0,0.005,50.855,0.844,0,3.8,5.1,-0.773,20,281,25.578,85.74,0.319,51.59,,,,,0
2026-10-08T07:00Z,2026-10-08T19:00Z,6207256,12,25,13.4,16.7,7.8,5.7,h,13.4,5.7,13.4,5.7,0,0.005,28.243,0.663,0,3.8,5.1,-0.773,2,281,23.214,87.611,0.526,291.843,,,,,0
2026-10-08T07:00Z,2026-10-09T07:00Z,6207256,24,13.5,8.2,20.1,10.8,6.6,h,8.2,6.6,8.2,6.6,0,0.006,1167.753,1.411,0,3.8,5.1,-0.773,14,282,30.929,61.627,1.185,113.071,,,,,0
2026-10-08T07:00Z,2026-10-10T07:00Z,6207256,48,13.2,9.7,20.5,14.1,8.2,h,9.7,8.2,9.7,8.2,0,0.003,830.191,1.652,0.936,3.8,5.1,-0.773,14,283,29.129,70.097,1.289,87.973,,,,,0
2026-10-08T07:00Z,2026-10-08T08:00Z,6207952,1,7.8,23.8,6.3,20.3,28.7,h,23.8,28.7,23.8,28.7,0,0,637.371,3.235,0.116,21.6,28.6,1.08,15,281,29.905,65.28,2.331,327.715,,,,,0
2026-10-08T07:00Z,2026-10-08T10:00Z,6207952,3,7.7,22.5,6.4,20.6,28.8,h,22.5,28.8,22.5,28.8,0,0,873.38,3.262,0.029,21.6,28.6,1.08,17,281,30.319,65.561,2.319,349.626,,,,,0
2026-10-08T07:00Z,2026-10-08T13:00Z,6207952,6,7.4,20.4,6.6,20.9,29.1,h,20.4,29.1,20.4,29.1,0,0,457.468,3.588,0.17,21.6,28.6,1.08,20,281,28.734,70.817,2.403,11.788,,,,,0
2026-10-08T07:00Z,2026-10-08T19:00Z,6207952,12,7.1,17.5,7.1,21.2,28.2,h,17.5,28.2,17.5,28.2,0,0,475.405,3.321,0.17,21.6,28.6,1.08,2,281,26.997,79.029,2.158,17.7,,,,,0
2026-10-08T07:00Z,2026-10-09T07:00Z,6207952,24,7.9,15.9,7.5,18.5,25.4,h,15.9,25.4,15.9,25.4,0,0.007,462.21,2.203,0.106,21.6,28.6,1.08,14,282,28.952,76.128,1.886,331.536,,,,,0
2026-10-08T07:00Z,2026-10-10T07:00Z,6207952,48,3.2,5.2,4.6,8.4,18.5,h,5.2,18.5,5.2,18.5,0,0.002,598.453,0.09,0.237,21.6,28.6,1.08,14,283,29.094,78.627,0.476,281.378,,,,,0
2026-10-08T07:00Z,2026-10-08T08:00Z,6209697,1,21.4,53.1,24.7,63.4,52.8,h,53.1,52.8,53,52.8,0,0,293.739,2.914,0.622,47.1,52.7,0.919,15,281,26.967,86.484,2.681,316.919,,,,,0
2026-10-08T07:00Z,2026-10-08T10:00Z,6209697,3,18.3,43.9,24.3,61.9,53.2,h,43.9,53.2,43.8,53.2,0,0,434.1,2.753,0.033,47.1,52.7,0.919,17,281,27.284,84.782,2.501,287.85,,,,,0
2026-10-08T07:00Z,2026-10-08T13:00Z,6209697,6,14.6,33.5,22.3,56.4,53.6,h,33.5,53.6,33.5,53.6,0,0,231.254,1.716,0.055,47.1,52.7,0.919,20,281,26.483,88.401,1.298,256.704,,,,,0
2026-10-08T07:00Z,2026-10-08T19:00Z,6209697,12,14.3,29.8,18.9,46.4,51.8,h,29.8,51.8,29.9,51.8,0,0,239.148,1.192,0.059,47.1,52.7,0.919,2,281,25.935,89.212,1.021,247.731,,,,,0
2026-10-08T07:00Z,2026-10-09T07:00Z,6209697,24,16.8,29.7,15.6,32.7,46.3,h,29.7,46.3,29.8,46.3,0,0,420.632,2.381,0.635,47.1,52.7,0.919,14,282,27.999,80.628,2.241,319,,,,,0
2026-10-08T07:00Z,2026-10-10T07:00Z,6209697,48,4.7,6.9,6.4,10.6,31.6,h,6.9,31.6,6.9,31.6,0,0,341.165,1.734,3.975,47.1,52.7,0.919,14,283,27.078,84.675,1.839,326.91,,,,,0
2026-10-08T07:00Z,2026-10-08T08:00Z,6209698,1,9.5,10.7,25.2,28.3,28.4,h,10.7,28.4,10.7,28.4,0.009,0.098,980.161,1.587,0.241,14.1,28.4,0.114,15,281,31.278,64.721,1.287,20.557,,,,,0
2026-10-08T07:00Z,2026-10-08T10:00Z,6209698,3,10.3,11.5,25,28.1,28.4,h,11.5,28.4,11.5,28.4,0.017,0.089,277.912,2.285,0.224,14.1,28.4,0.114,17,281,29.666,73.816,1.723,299.056,,,,,0
2026-10-08T07:00Z,2026-10-08T13:00Z,6209698,6,27.2,30.1,26,29.2,28.4,h,30.1,28.4,30.1,28.4,0.025,0.065,46.518,1.66,0.76,14.1,28.4,0.114,20,281,26.342,91.308,1.078,80.671,,,,,0
2026-10-08T07:00Z,2026-10-08T19:00Z,6209698,12,32.4,35.4,26.4,29.5,28.5,h,35.4,28.5,35.5,28.5,0.015,0.048,77.878,2.576,0,14.1,28.4,0.114,2,281,25.183,96.988,1.088,304.47,,,,,0
2026-10-08T07:00Z,2026-10-09T07:00Z,6209698,24,11.6,12.5,22.5,24.6,27.2,h,12.5,27.2,12.5,27.2,0.029,0.047,1278.956,2.418,0.098,14.1,28.4,0.114,14,282,32.146,58.489,1.907,26.546,,,,,0
2026-10-08T07:00Z,2026-10-10T07:00Z,6209698,48,6.6,6.9,22.9,24.2,26.3,h,6.9,26.3,6.9,26.3,0,0.004,1129.487,2.61,0.325,14.1,28.4,0.114,14,283,31.603,61.523,1.999,57.227,,,,,0
2026-10-08T07:00Z,2026-10-08T08:00Z,6210633,1,6.2,8.3,14.7,19.4,11.1,h,8.3,11.1,8.3,11.1,0,0.023,747.15,1.828,0.699,15.7,11.1,0.263,15,281,30.518,69.389,1.367,345.306,,,,,0
2026-10-08T07:00Z,2026-10-08T10:00Z,6210633,3,7,9.2,14.5,19.1,11.2,h,9.2,11.2,9.2,11.2,0,0.023,257.421,1.699,0.093,15.7,11.1,0.263,17,281,29.807,72.455,1.317,280.064,,,,,0
2026-10-08T07:00Z,2026-10-08T13:00Z,6210633,6,17.3,22,15.2,20,11.5,h,22,11.5,22,11.5,0.002,0.019,36.447,0.864,0.774,15.7,11.1,0.263,20,281,26.678,91.058,0.868,78.805,,,,,0
2026-10-08T07:00Z,2026-10-08T19:00Z,6210633,12,20.3,25,15.9,20.5,12.7,h,25,12.7,25.1,12.7,0.007,0.023,48.734,2.066,0,15.7,11.1,0.263,2,281,25.048,95.978,0.889,317.591,,,,,0
2026-10-08T07:00Z,2026-10-09T07:00Z,6210633,24,8.9,10.6,15.4,19,13.6,h,10.6,13.6,10.6,13.7,0.02,0.035,1179.289,2.302,0.228,15.7,11.1,0.263,14,282,31.711,60.358,1.828,9.864,,,,,0
2026-10-08T07:00Z,2026-10-10T07:00Z,6210633,48,3.9,4.4,11.7,13.3,12.2,h,4.4,12.2,4.4,12.2,0,0.005,1126.194,1.891,0.318,15.7,11.1,0.263,14,283,31.475,61.802,1.387,67.707,,,,,0
2026-10-08T07:00Z,2026-10-08T08:00Z,6210702,1,19.2,24.7,29.9,38.8,32.7,h,24.7,32.7,24.7,32.7,0.007,0.114,1025.979,1.552,0.231,19,32.7,0.252,15,281,31.336,64.182,1.268,24.864,,,,,0
2026-10-08T07:00Z,2026-10-08T10:00Z,6210702,3,21.8,27.7,29.4,38.1,32.7,h,27.7,32.7,27.6,32.7,0.014,0.1,285.813,2.338,0.275,19,32.7,0.252,17,281,29.474,74.804,1.751,303.131,,,,,0
2026-10-08T07:00Z,2026-10-08T13:00Z,6210702,6,51.1,63.8,30,38.6,33.1,h,63.8,33.1,63.8,33.1,0.018,0.066,48.372,1.782,0.64,19,32.7,0.252,20,281,26.261,91.052,1.065,74.422,,,,,0
2026-10-08T07:00Z,2026-10-08T19:00Z,6210702,12,31.5,38.4,31.2,39.4,35,h,38.4,35,38.5,35,0.01,0.039,83.922,2.708,0,19,32.7,0.252,2,281,25.229,96.671,1.127,305.265,,,,,0
2026-10-08T07:00Z,2026-10-09T07:00Z,6210702,24,17.3,20.3,29.7,36.4,33.9,h,20.3,33.9,20.3,33.9,0.025,0.04,1290.424,2.578,0.096,19,32.7,0.252,14,282,32.161,58.312,2.029,27.694,,,,,0
2026-10-08T07:00Z,2026-10-10T07:00Z,6210702,48,16.9,18.6,32.6,36.8,34.8,h,18.6,34.8,18.6,34.8,0,0.004,1109.15,2.741,0.349,19,32.7,0.252,14,283,31.512,62.049,2.104,53.251,,,,,0
2026-10-08T07:00Z,2026-10-08T08:00Z,6218293,1,6.3,3.7,10.9,6.5,12.1,h,3.7,12.1,3.7,12.1,0,0,1118.297,0.418,0.05,4,12.1,-0.461,15,281,31.29,62.05,0.259,340.129,,,,,0
2026-10-08T07:00Z,2026-10-08T10:00Z,6218293,3,6.4,3.8,10.8,6.5,12.1,h,3.8,12.1,3.8,12.1,0,0,171.588,0.715,0,4,12.1,-0.461,17,281,30.364,67.103,0.481,0.918,,,,,0
2026-10-08T07:00Z,2026-10-08T13:00Z,6218293,6,12.2,7.9,10.9,6.6,11.8,h,7.9,11.8,7.9,11.8,0,0.001,45.985,2.387,0,4,12.1,-0.461,20,281,27.21,87.801,0.984,203.736,,,,,0
2026-10-08T07:00Z,2026-10-08T19:00Z,6218293,12,11.9,8.1,10.5,6.5,10.9,h,8.1,10.9,8.1,10.9,0,0.003,22.011,0.816,0,4,12.1,-0.461,2,281,24.85,95.043,0.016,203.801,,,,,0
2026-10-08T07:00Z,2026-10-09T07:00Z,6218293,24,9.1,6.7,10.9,7.4,10.9,h,6.7,10.9,6.7,10.9,0,0.004,1194.693,1.093,0.015,4,12.1,-0.461,14,282,31.849,57.507,0.858,48.488,,,,,0
2026-10-08T07:00Z,2026-10-10T07:00Z,6218293,48,11.1,9.2,13.5,10.7,11.6,h,9.2,11.6,9.2,11.6,0,0.003,414.432,3.449,3.502,4,12.1,-0.461,14,283,26.918,89.002,2.449,55.138,,,,,0
2026-10-08T07:00Z,2026-10-08T08:00Z,6218918,1,15,24.6,11.8,19.9,27.4,h,24.6,27.4,24.6,27.4,0,0.006,1428.73,0.397,0,19.4,27.4,0.489,15,281,30.068,55.31,0.292,349.026,,,,,0
2026-10-08T07:00Z,2026-10-08T10:00Z,6218918,3,14.8,23.8,12.6,21,27.4,h,23.8,27.4,23.8,27.4,0,0.008,504.025,2.018,0,19.4,27.4,0.489,17,281,28.65,65.088,1.294,70.361,,,,,0
2026-10-08T07:00Z,2026-10-08T13:00Z,6218918,6,21.8,33.8,14.2,23.4,27.6,h,33.8,27.6,33.8,27.6,0,0.01,40.609,1.374,0,19.4,27.4,0.489,20,281,25.329,82.923,0.533,99.317,,,,,0
2026-10-08T07:00Z,2026-10-08T19:00Z,6218918,12,27,39.7,18.1,28.7,28.6,h,39.7,28.6,39.8,28.6,0,0.082,81.584,2.916,0,19.4,27.4,0.489,2,281,23.04,85.688,1.237,66.822,,,,,0
2026-10-08T07:00Z,2026-10-09T07:00Z,6218918,24,11.1,15.2,19.9,29.5,27.9,h,15.2,27.9,15.2,28,0,0.067,1232.874,1.413,0,19.4,27.4,0.489,14,282,30.554,57.557,1.089,39.507,,,,,0
2026-10-08T07:00Z,2026-10-10T07:00Z,6218918,48,8.7,10.6,17,21.6,25.4,h,10.6,25.4,10.6,25.4,0,0.003,621.267,5.221,1.829,19.4,27.4,0.489,14,283,26.568,83.869,3.956,73.252,,,,,0
2026-10-08T07:00Z,2026-10-08T08:00Z,6222557,1,33.4,22.7,28.4,18.9,32.1,h,22.7,32.1,22.7,32.1,0.004,0.122,1078.468,1.531,0.2,14.6,32.1,-0.389,15,281,31.414,63.357,1.264,32.14,,,,,0
2026-10-08T07:00Z,2026-10-08T10:00Z,6222557,3,39.9,27.6,28.6,19.1,32,h,27.6,32,27.5,32,0.007,0.103,293.175,2.323,0.326,14.6,32.1,-0.389,17,281,29.275,75.703,1.722,308.121,,,,,0
2026-10-08T07:00Z,2026-10-08T13:00Z,6222557,6,53.6,38,31.1,21.1,32,h,38,32,38,32,0.009,0.06,50.68,1.889,0.497,14.6,32.1,-0.389,20,281,26.178,90.686,1.001,68.046,,,,,0
2026-10-08T07:00Z,2026-10-08T19:00Z,6222557,12,48.4,35.7,40.2,28,32.6,h,35.7,32.6,35.8,32.6,0.006,0.03,92.254,2.903,0,14.6,32.1,-0.389,2,281,25.279,96.254,1.206,306.338,,,,,0
2026-10-08T07:00Z,2026-10-09T07:00Z,6222557,24,23.2,18.2,40.4,29.6,31.3,h,18.2,31.3,18.2,31.3,0.016,0.026,1295.451,2.772,0.093,14.6,32.1,-0.389,14,282,32.158,58.302,2.182,29.194,,,,,0
2026-10-08T07:00Z,2026-10-10T07:00Z,6222557,48,19.6,16.9,28.3,23.5,27.8,h,16.9,27.8,16.9,27.8,0,0.003,1081.33,2.889,0.368,14.6,32.1,-0.389,14,283,31.395,62.778,2.227,49.654,,,,,0
2026-10-08T07:00Z,2026-10-08T08:00Z,6223085,1,14.3,29.1,18.2,37.9,39,h,29.1,39,29,39,0,0.092,1254.952,1.756,0.02,22.2,39,0.707,15,281,31.674,60.784,1.469,53.007,,,,,0
2026-10-08T07:00Z,2026-10-08T10:00Z,6223085,3,15.8,31.2,17.8,37,39,h,31.2,39,31.1,39,0.001,0.075,312.364,2.777,0.471,22.2,39,0.707,17,281,28.692,78.612,2.024,318.95,,,,,0
2026-10-08T07:00Z,2026-10-08T13:00Z,6223085,6,27.2,51,17.8,36.5,39.1,h,51,39.1,51,39.1,0.001,0.037,57.208,2.489,0.236,22.2,39,0.707,20,281,25.754,90.452,1.07,62.043,,,,,0
2026-10-08T07:00Z,2026-10-08T19:00Z,6223085,12,20.5,35.9,19.5,37.8,39.3,h,35.9,39.3,36,39.3,0.001,0.013,111.285,3.256,0,22.2,39,0.707,2,281,25.234,96.121,1.377,304.688,,,,,0
2026-10-08T07:00Z,2026-10-09T07:00Z,6223085,24,13.8,21.5,19.5,34.6,37.6,h,21.5,37.6,21.5,37.6,0.002,0.004,1348.063,3.196,0.068,22.2,39,0.707,14,282,32.224,57.387,2.523,35.852,,,,,0
2026-10-08T07:00Z,2026-10-10T07:00Z,6223085,48,14.5,19,21.8,30.6,34.8,h,19,34.8,19,34.8,0,0.003,1038.205,3.475,0.423,22.2,39,0.707,14,283,31.137,63.985,2.694,43.847,,,,,0
2026-10-08T07:00Z,2026-10-08T08:00Z,6224050,1,19.2,24.2,29.9,38,34.3,h,24.2,34.3,24.2,34.3,0.016,0.107,1017.309,1.635,0.172,21.5,34.3,0.231,15,281,31.411,64.03,1.343,24.63,,,,,0
2026-10-08T07:00Z,2026-10-08T10:00Z,6224050,3,21.8,27.2,29.4,37.3,34.3,h,27.2,34.3,27.1,34.3,0.026,0.1,280.103,2.461,0.239,21.5,34.3,0.231,17,281,29.685,73.933,1.854,300.86,,,,,0
2026-10-08T07:00Z,2026-10-08T13:00Z,6224050,6,51.1,62.6,30,37.8,34.7,h,62.6,34.7,62.6,34.7,0.032,0.076,47.569,1.837,0.792,21.5,34.3,0.231,20,281,26.286,91.448,1.173,82.747,,,,,0
2026-10-08T07:00Z,2026-10-08T19:00Z,6224050,12,31.5,37.8,31.2,38.7,35.9,h,37.8,35.9,37.9,35.9,0.016,0.053,79.72,2.579,0,21.5,34.3,0.231,2,281,25.175,97.302,1.091,302.004,,,,,0
2026-10-08T07:00Z,2026-10-09T07:00Z,6224050,24,17.3,20,29.7,35.8,34.8,h,20,34.8,20,34.8,0.029,0.046,1304.081,2.421,0.076,21.5,34.3,0.231,14,282,32.248,57.952,1.91,28.971,,,,,0
2026-10-08T07:00Z,2026-10-10T07:00Z,6224050,48,16.9,18.5,32.6,36.5,35.4,h,18.5,35.4,18.5,35.4,0,0.004,1141.319,2.706,0.325,21.5,34.3,0.231,14,283,31.671,61.166,2.076,56.869,,,,,0
2026-10-08T07:00Z,2026-10-08T08:00Z,6226542,1,23.5,14.6,17.4,10.5,21.4,h,14.6,21.4,14.6,21.4,0,0.013,574.394,2.51,1.509,20.9,21.4,-0.468,15,281,29.388,76.538,1.978,312.734,,,,,0
2026-10-08T07:00Z,2026-10-08T10:00Z,6226542,3,23.8,15.1,18,11,21.5,h,15.1,21.5,15.1,21.5,0,0.016,294.447,1.827,0.24,20.9,21.4,-0.468,17,281,28.649,78.358,1.396,270.853,,,,,0
2026-10-08T07:00Z,2026-10-08T13:00Z,6226542,6,25,16.3,19.8,12.2,21.7,h,16.3,21.7,16.3,21.7,0,0.015,33.018,1.461,0.187,20.9,21.4,-0.468,20,281,26.777,90.146,0.679,10.826,,,,,0
2026-10-08T07:00Z,2026-10-08T19:00Z,6226542,12,22.4,15.4,23.7,15,20.8,h,15.4,20.8,15.4,20.8,0.001,0.02,41.234,2.471,0,20.9,21.4,-0.468,2,281,25.411,92.977,0.949,337.269,,,,,0
2026-10-08T07:00Z,2026-10-09T07:00Z,6226542,24,13.6,10.1,21.7,14.8,19.3,h,10.1,19.3,10.1,19.3,0.008,0.018,1104.381,3.029,0.416,20.9,21.4,-0.468,14,282,31.156,62.004,2.436,355.139,,,,,0
2026-10-08T07:00Z,2026-10-10T07:00Z,6226542,48,7.3,6,11.5,9,15.2,h,6,15.2,6,15.2,0,0.005,1004.964,1.917,0.509,20.9,21.4,-0.468,14,283,30.72,65.264,1.434,37.567,,,,,0
2026-10-08T07:00Z,2026-10-08T08:00Z,6226788,1,5.5,12.1,6.5,14.6,14.3,h,12.1,14.3,12.1,14.3,0,0,1091.255,2.959,0.241,10.8,14.3,0.727,15,281,30.946,61.02,2.321,3.942,,,,,0
2026-10-08T07:00Z,2026-10-08T10:00Z,6226788,3,5.6,11.9,6.1,13.5,14.4,h,11.9,14.4,11.9,14.4,0,0.001,92.553,0.614,0.025,10.8,14.3,0.727,17,281,29.524,68.809,0.239,50.034,,,,,0
2026-10-08T07:00Z,2026-10-08T13:00Z,6226788,6,8.3,16.4,6.1,13.5,14.4,h,16.4,14.4,16.4,14.4,0,0.001,66.343,1.295,0,10.8,14.3,0.727,20,281,25.685,89.967,0.585,196.391,,,,,0
2026-10-08T07:00Z,2026-10-08T19:00Z,6226788,12,10.3,18.7,6.8,14.1,14.4,h,18.7,14.4,18.7,14.4,0,0.002,53.475,0.932,0.001,10.8,14.3,0.727,2,281,24.196,88.479,0.309,352.744,,,,,0
2026-10-08T07:00Z,2026-10-09T07:00Z,6226788,24,8.4,13.5,8.1,14.9,14.5,h,13.5,14.5,13.5,14.5,0.001,0.003,1151.517,4.554,0.211,10.8,14.3,0.727,14,282,30.898,61.691,3.325,16.957,,,,,0
2026-10-08T07:00Z,2026-10-10T07:00Z,6226788,48,2.3,3.3,5.6,8.3,11.3,h,3.3,11.3,3.3,11.3,0,0.008,1039.273,0.669,0.219,10.8,14.3,0.727,14,283,30.598,65.324,0.615,268.132,,,,,0
2026-10-08T07:00Z,2026-10-08T08:00Z,6229487,1,33.4,37.6,28.4,32.1,41.3,h,37.6,41.3,37.5,41.3,0.001,0.099,962.905,1.387,0.366,29.9,41.2,0.12,15,281,31.049,65.116,1.113,22.166,,,,,0
2026-10-08T07:00Z,2026-10-08T10:00Z,6229487,3,39.9,44.7,28.6,32.3,41.4,h,44.7,41.4,44.6,41.4,0.002,0.085,282.432,1.664,0.26,29.9,41.2,0.12,17,281,29.305,74.767,1.232,303.197,,,,,0
2026-10-08T07:00Z,2026-10-08T13:00Z,6229487,6,53.6,59.6,31.1,35.1,42,h,59.6,42,59.6,42,0.004,0.051,47.534,1.355,0.431,29.9,41.2,0.12,20,281,26.372,90.256,0.667,57.189,,,,,0
2026-10-08T07:00Z,2026-10-08T19:00Z,6229487,12,48.4,53.1,40.2,45,43.9,h,53.1,43.9,53.2,43.9,0.005,0.031,87.594,2.959,0,29.9,41.2,0.12,2,281,25.287,95.388,1.231,312.501,,,,,0
2026-10-08T07:00Z,2026-10-09T07:00Z,6229487,24,23.2,25,40.4,44.5,42.2,h,25,42.2,25.1,42.3,0.013,0.023,1210.523,2.741,0.152,29.9,41.2,0.12,14,282,31.841,60.13,2.162,23.52,,,,,0
2026-10-08T07:00Z,2026-10-10T07:00Z,6229487,48,19.6,20.5,28.3,30,35.6,h,20.5,35.6,20.5,35.6,0,0.004,1047.27,2.555,0.35,29.9,41.2,0.12,14,283,31.21,63.816,1.969,51.79,,,,,0
2026-10-08T07:00Z,2026-10-08T08:00Z,6229488,1,33.4,33.7,28.4,28.6,38.4,h,33.7,38.4,33.6,38.4,0.001,0.1,971.725,1.392,0.351,25.4,38.3,0.01,15,281,31.075,64.932,1.12,23.724,,,,,0
2026-10-08T07:00Z,2026-10-08T10:00Z,6229488,3,39.9,40.3,28.6,28.8,38.5,h,40.3,38.5,40.2,38.5,0.002,0.086,282.99,1.675,0.265,25.4,38.3,0.01,17,281,29.297,74.81,1.237,304.062,,,,,0
2026-10-08T07:00Z,2026-10-08T13:00Z,6229488,6,53.6,54.1,31.1,31.4,39,h,54.1,39,54.1,39,0.004,0.052,47.867,1.376,0.425,25.4,38.3,0.01,20,281,26.359,90.24,0.669,57.353,,,,,0
2026-10-08T07:00Z,2026-10-08T19:00Z,6229488,12,48.4,48.8,40.2,40.6,40.6,h,48.8,40.6,48.9,40.6,0.004,0.031,88.63,2.977,0,25.4,38.3,0.01,2,281,25.289,95.396,1.242,312.262,,,,,0
2026-10-08T07:00Z,2026-10-09T07:00Z,6229488,24,23.2,23.3,40.4,40.7,39.1,h,23.3,39.1,23.3,39.1,0.012,0.023,1213.212,2.754,0.148,25.4,38.3,0.01,14,282,31.852,60.082,2.173,23.999,,,,,0
2026-10-08T07:00Z,2026-10-10T07:00Z,6229488,48,19.6,19.7,28.3,28.4,33.4,h,19.7,33.4,19.7,33.4,0,0.004,1046.382,2.576,0.35,25.4,38.3,0.01,14,283,31.21,63.834,1.987,51.583,,,,,0
2026-10-08T07:00Z,2026-10-08T08:00Z,6230362,1,6.3,3.5,10.9,6.2,6.4,h,3.5,6.4,3.5,6.4,0,0,1146.232,0.307,0.045,5,6.4,-0.493,15,281,31.124,61.386,0.121,6.912,,,,,0
2026-10-08T07:00Z,2026-10-08T10:00Z,6230362,3,6.4,3.7,10.8,6.2,6.4,h,3.7,6.4,3.7,6.4,0,0.001,90.159,0.6,0,5,6.4,-0.493,17,281,30.155,67.296,0.265,36.119,,,,,0
2026-10-08T07:00Z,2026-10-08T13:00Z,6230362,6,12.2,7.6,10.9,6.3,6.3,h,7.6,6.3,7.6,6.3,0,0.001,35.357,2.006,0,5,6.4,-0.493,20,281,26.851,87.875,0.754,210.723,,,,,0
2026-10-08T07:00Z,2026-10-08T19:00Z,6230362,12,11.9,7.9,10.5,6.3,6.3,h,7.9,6.3,7.9,6.3,0,0.003,19.082,0.671,0,5,6.4,-0.493,2,281,24.547,94.725,0.245,242.217,,,,,0
2026-10-08T07:00Z,2026-10-09T07:00Z,6230362,24,9.1,6.5,10.9,7.2,6.6,h,6.5,6.6,6.5,6.6,0,0.005,1144.33,1.561,0.021,5,6.4,-0.493,14,282,31.593,57.207,1.227,70.162,,,,,0
2026-10-08T07:00Z,2026-10-10T07:00Z,6230362,48,11.1,9.1,13.5,10.5,7.8,h,9.1,7.8,9.1,7.8,0,0.003,386.548,3.32,3.284,5,6.4,-0.493,14,283,26.728,89.902,2.279,43.538,,,,,0
2026-10-08T07:00Z,2026-10-08T08:00Z,6230395,1,6.3,4.6,10.9,8.1,8.8,h,4.6,8.8,4.6,8.8,0,0,1156.335,0.319,0.052,5.3,8.8,-0.272,15,281,31.069,61.79,0.191,35.986,,,,,0
2026-10-08T07:00Z,2026-10-08T10:00Z,6230395,3,6.4,4.8,10.8,8,8.8,h,4.8,8.8,4.8,8.8,0,0.001,150.555,0.758,0,5.3,8.8,-0.272,17,281,30.04,67.99,0.406,29.578,,,,,0
2026-10-08T07:00Z,2026-10-08T13:00Z,6230395,6,12.2,9.4,10.9,8.1,8.8,h,9.4,8.8,9.4,8.8,0,0.001,38.75,2.247,0,5.3,8.8,-0.272,20,281,26.838,88.253,0.873,207.044,,,,,0
2026-10-08T07:00Z,2026-10-08T19:00Z,6230395,12,11.9,9.5,10.5,7.9,8.5,h,9.5,8.5,9.5,8.5,0,0.003,19.365,0.793,0,5.3,8.8,-0.272,2,281,24.579,94.444,0.072,212.242,,,,,0
2026-10-08T07:00Z,2026-10-09T07:00Z,6230395,24,9.1,7.6,10.9,8.7,8.8,h,7.6,8.8,7.6,8.8,0,0.005,1153.286,1.127,0.037,5.3,8.8,-0.272,14,282,31.529,57.83,0.892,64.186,,,,,0
2026-10-08T07:00Z,2026-10-10T07:00Z,6230395,48,11.1,10,13.5,11.8,9.8,h,10,9.8,10,9.8,0,0.003,431.098,3.409,4.336,5.3,8.8,-0.272,14,283,26.482,90.854,2.369,51.71,,,,,0
2026-10-08T07:00Z,2026-10-08T08:00Z,6235850,1,19.2,25.3,29.9,39.7,30.3,h,25.3,30.3,25.3,30.3,0.005,0.102,979.773,1.529,0.289,19.4,30.2,0.276,15,281,31.211,64.923,1.234,19.876,,,,,0
2026-10-08T07:00Z,2026-10-08T10:00Z,6235850,3,21.8,28.4,29.4,39,30.3,h,28.4,30.3,28.3,30.3,0.011,0.091,281.104,2.18,0.244,19.4,30.2,0.276,17,281,29.533,74.336,1.639,300.173,,,,,0
2026-10-08T07:00Z,2026-10-08T13:00Z,6235850,6,51.1,65.1,30,39.5,30.8,h,65.1,30.8,65.1,30.8,0.016,0.061,46.849,1.604,0.662,19.4,30.2,0.276,20,281,26.336,91.043,0.997,74.566,,,,,0
2026-10-08T07:00Z,2026-10-08T19:00Z,6235850,12,31.5,39.1,31.2,40.3,33.1,h,39.1,33.1,39.2,33.1,0.011,0.04,80.165,2.658,0,19.4,30.2,0.276,2,281,25.217,96.551,1.109,306.806,,,,,0
2026-10-08T07:00Z,2026-10-09T07:00Z,6235850,24,17.3,20.6,29.7,37.1,32.4,h,20.6,32.4,20.6,32.4,0.026,0.043,1266.769,2.516,0.114,19.4,30.2,0.276,14,282,32.078,58.791,1.981,25.471,,,,,0
2026-10-08T07:00Z,2026-10-10T07:00Z,6235850,48,16.9,18.8,32.6,37.2,33.7,h,18.8,33.7,18.8,33.7,0,0.004,1107.925,2.615,0.34,19.4,30.2,0.276,14,283,31.495,62.12,2.003,54.944,,,,,0
2026-10-08T07:00Z,2026-10-08T08:00Z,6236444,1,9.5,11.1,25.2,29.4,29.7,h,11.1,29.7,11.1,29.7,0.019,0.098,1000.957,1.669,0.148,13.2,29.7,0.15,15,281,31.421,64.046,1.374,24.31,,,,,0
2026-10-08T07:00Z,2026-10-08T10:00Z,6236444,3,10.3,12,25,29.2,29.6,h,12,29.6,12,29.6,0.031,0.095,275.228,2.437,0.211,13.2,29.7,0.15,17,281,29.814,73.269,1.841,299.208,,,,,0
2026-10-08T07:00Z,2026-10-08T13:00Z,6236444,6,27.2,31.1,26,30.3,29.7,h,31.1,29.7,31.1,29.7,0.04,0.08,46.869,1.804,0.869,13.2,29.7,0.15,20,281,26.322,91.603,1.184,87.101,,,,,0
2026-10-08T07:00Z,2026-10-08T19:00Z,6236444,12,32.4,36.5,26.4,30.5,29.8,h,36.5,29.8,36.6,29.8,0.021,0.063,77.381,2.527,0,13.2,29.7,0.15,2,281,25.146,97.554,1.085,300.879,,,,,0
2026-10-08T07:00Z,2026-10-09T07:00Z,6236444,24,11.6,12.8,22.5,25.4,28.3,h,12.8,28.3,12.8,28.3,0.03,0.047,1300.521,2.332,0.07,13.2,29.7,0.15,14,282,32.258,57.999,1.844,29.251,,,,,0
2026-10-08T07:00Z,2026-10-10T07:00Z,6236444,48,6.6,7,22.9,24.7,27.2,h,7,27.2,7,27.2,0,0.004,1154.493,2.656,0.308,13.2,29.7,0.15,14,283,31.738,60.815,2.039,59.469,,,,,0
2026-10-08T07:00Z,2026-10-08T08:00Z,6238788,1,6.2,8,,,,h,8,,8,,0,0.023,667.723,2.005,0.978,15.4,,0.227,15,281,30.101,72.307,1.501,331.032,,,,,0
2026-10-08T07:00Z,2026-10-08T10:00Z,6238788,3,7,8.9,,,,h,8.9,,8.9,,0,0.025,271.286,1.913,0.138,15.4,,0.227,17,281,29.443,74.483,1.47,275.192,,,,,0
2026-10-08T07:00Z,2026-10-08T13:00Z,6238788,6,17.3,21.3,,,,h,21.3,,21.3,,0.001,0.02,35.325,0.877,0.639,15.4,,0.227,20,281,26.737,91.039,0.834,51.473,,,,,0
2026-10-08T07:00Z,2026-10-08T19:00Z,6238788,12,20.3,24.3,,,,h,24.3,,24.4,,0.004,0.022,45.882,2.167,0,15.4,,0.227,2,281,25.214,95.202,0.898,323.619,,,,,0
2026-10-08T07:00Z,2026-10-09T07:00Z,6238788,24,8.9,10.3,,,,h,10.3,,10.3,,0.017,0.031,1155.26,2.453,0.285,15.4,,0.227,14,282,31.541,60.89,1.964,2.71,,,,,0
2026-10-08T07:00Z,2026-10-10T07:00Z,6238788,48,3.9,4.3,,,,h,4.3,,4.3,,0,0.005,1093.414,1.894,0.383,15.4,,0.227,14,283,31.255,62.761,1.378,57.094,,,,,0
2026-10-08T07:00Z,2026-10-08T08:00Z,6240774,1,19.2,20.5,29.9,32,29.8,h,20.5,29.8,20.5,29.8,0.023,0.118,1053.476,1.675,0.119,18.7,29.8,0.064,15,281,31.523,63.446,1.39,27.816,,,,,0
2026-10-08T07:00Z,2026-10-08T10:00Z,6240774,3,21.8,23.2,29.4,31.4,29.7,h,23.2,29.7,23.2,29.7,0.037,0.111,283.303,2.636,0.26,18.7,29.8,0.064,17,281,29.671,74.209,1.984,302.522,,,,,0
2026-10-08T07:00Z,2026-10-08T13:00Z,6240774,6,51.1,54.1,30,31.9,29.9,h,54.1,29.9,54.1,29.9,0.037,0.085,48.617,2.009,0.805,18.7,29.8,0.064,20,281,26.226,91.549,1.262,83.409,,,,,0
2026-10-08T07:00Z,2026-10-08T19:00Z,6240774,12,31.5,33.1,31.2,33.1,31,h,33.1,31,33.2,31,0.016,0.056,81.639,2.591,0,18.7,29.8,0.064,2,281,25.175,97.534,1.092,300.028,,,,,0
2026-10-08T07:00Z,2026-10-09T07:00Z,6240774,24,17.3,18,29.7,31.3,30.3,h,18,30.3,18,30.3,0.028,0.044,1328.096,2.445,0.058,18.7,29.8,0.064,14,282,32.338,57.442,1.928,30.971,,,,,0
2026-10-08T07:00Z,2026-10-10T07:00Z,6240774,48,16.9,17.3,32.6,33.6,31.7,h,17.3,31.7,17.3,31.7,0,0.004,1149.582,2.804,0.33,18.7,29.8,0.064,14,283,31.719,60.908,2.153,55.977,,,,,0
2026-10-08T07:00Z,2026-10-08T08:00Z,6242472,1,17.8,19.5,26.7,29.2,20.1,h,19.5,20.1,19.5,20.1,0,0.066,834.016,1.48,0.598,44.8,20.1,0.088,15,281,30.668,68.02,1.128,357.482,,,,,0
2026-10-08T07:00Z,2026-10-08T10:00Z,6242472,3,20.3,22.1,26.8,29.4,20.3,h,22.1,20.3,22.1,20.3,0.002,0.06,275.637,1.687,0.196,44.8,20.1,0.088,17,281,29.422,74.306,1.278,289.528,,,,,0
2026-10-08T07:00Z,2026-10-08T13:00Z,6242472,6,39.8,43,29.1,31.8,20.9,h,43,20.9,43,20.9,0.004,0.041,42.384,1.102,0.549,44.8,20.1,0.088,20,281,26.542,90.629,0.72,57.269,,,,,0
2026-10-08T07:00Z,2026-10-08T19:00Z,6242472,12,44,47.1,34.6,37.6,23.1,h,47.1,23.1,47.2,23.1,0.007,0.033,70.321,2.623,0,44.8,20.1,0.088,2,281,25.251,95.415,1.061,315.853,,,,,0
2026-10-08T07:00Z,2026-10-09T07:00Z,6242472,24,14.3,15.1,31.9,34.2,24.6,h,15.1,24.6,15.1,24.6,0.018,0.035,1183.254,2.541,0.202,44.8,20.1,0.088,14,282,31.716,60.538,2.006,15.631,,,,,0
2026-10-08T07:00Z,2026-10-10T07:00Z,6242472,48,8.5,8.8,19.7,20.5,20.3,h,8.8,20.3,8.8,20.3,0,0.004,1069.927,2.262,0.353,44.8,20.1,0.088,14,283,31.252,63.285,1.712,55.001,,,,,0
2026-10-08T07:00Z,2026-10-08T08:00Z,6244503,1,7.7,15.8,9.8,20.5,12,h,15.8,12,15.8,12,0,0.017,1078.78,1.368,0,10.6,12,0.685,15,281,29.585,54.722,1.169,233.658,,,,,0
2026-10-08T07:00Z,2026-10-08T10:00Z,6244503,3,8.5,16.8,10.3,21.3,12.1,h,16.8,12.1,16.8,12.1,0,0.016,65.095,0.872,0,10.6,12,0.685,17,281,28.553,66.285,0.598,245.432,,,,,0
2026-10-08T07:00Z,2026-10-08T13:00Z,6244503,6,13.2,24.7,10.7,21.9,12.4,h,24.7,12.4,24.7,12.4,0,0.014,19.833,0.214,0,10.6,12,0.685,20,281,25.438,82.007,0.193,176.933,,,,,0
2026-10-08T07:00Z,2026-10-08T19:00Z,6244503,12,13.9,24.1,11.1,21.6,13.7,h,24.1,13.7,24.2,13.7,0,0.012,24.159,0.979,0,10.6,12,0.685,2,281,22.68,89.933,0.601,46.211,,,,,0
2026-10-08T07:00Z,2026-10-09T07:00Z,6244503,24,6.9,10.9,11,19.4,13.9,h,10.9,13.9,10.9,13.9,0,0.008,1372.947,0.68,0.04,10.6,12,0.685,14,282,30.418,54.91,0.562,153.726,,,,,0
2026-10-08T07:00Z,2026-10-10T07:00Z,6244503,48,10.7,14,11.4,16,13.4,h,14,13.4,14,13.4,0,0.004,495.014,4.373,0.998,10.6,12,0.685,14,283,27.664,70.426,3.184,68.722,,,,,0
2026-10-08T07:00Z,2026-10-08T08:00Z,6245573,1,33.4,27.9,28.4,23.5,30.5,h,27.9,30.5,27.8,30.5,0.002,0.107,991.714,1.446,0.316,19.8,30.5,-0.18,15,281,31.163,64.732,1.168,23.449,,,,,0
2026-10-08T07:00Z,2026-10-08T10:00Z,6245573,3,39.9,33.7,28.6,23.7,30.6,h,33.7,30.6,33.6,30.6,0.005,0.092,284.776,1.939,0.272,19.8,30.5,-0.18,17,281,29.346,74.916,1.442,303.606,,,,,0
2026-10-08T07:00Z,2026-10-08T13:00Z,6245573,6,53.6,45.7,31.1,26,31.1,h,45.7,31.1,45.7,31.1,0.007,0.056,48.023,1.525,0.499,19.8,30.5,-0.18,20,281,26.32,90.542,0.823,64.328,,,,,0
2026-10-08T07:00Z,2026-10-08T19:00Z,6245573,12,48.4,42.1,40.2,34,32.7,h,42.1,32.7,42.2,32.7,0.006,0.033,86.641,2.866,0,19.8,30.5,-0.18,2,281,25.27,95.85,1.191,309.925,,,,,0
2026-10-08T07:00Z,2026-10-09T07:00Z,6245573,24,23.2,20.7,40.4,34.9,31.9,h,20.7,31.9,20.7,31.9,0.017,0.029,1243.224,2.693,0.131,19.8,30.5,-0.18,14,282,31.967,59.393,2.121,25.123,,,,,0
2026-10-08T07:00Z,2026-10-10T07:00Z,6245573,48,19.6,18.3,28.3,25.9,28.2,h,18.3,28.2,18.3,28.2,0,0.004,1069.292,2.642,0.353,19.8,30.5,-0.18,14,283,31.318,63.182,2.033,51.888,,,,,0
2026-10-08T07:00Z,2026-10-08T08:00Z,6248478,1,9.5,8.9,25.2,23.7,24.8,h,8.9,24.8,8.9,24.8,0.007,0.088,948.532,1.575,0.283,10.2,24.8,-0.058,15,281,31.19,65.244,1.265,17.102,,,,,0
2026-10-08T07:00Z,2026-10-08T10:00Z,6248478,3,10.3,9.7,25,23.6,24.8,h,9.7,24.8,9.7,24.8,0.014,0.081,274.874,2.182,0.204,10.2,24.8,-0.058,17,281,29.701,73.525,1.649,296.869,,,,,0
2026-10-08T07:00Z,2026-10-08T13:00Z,6248478,6,27.2,25.8,26,24.5,24.9,h,25.8,24.9,25.8,24.9,0.022,0.06,45.482,1.539,0.771,10.2,24.8,-0.058,20,281,26.393,91.294,1.03,81.017,,,,,0
2026-10-08T07:00Z,2026-10-08T19:00Z,6248478,12,32.4,31,26.4,25,25.1,h,31,25.1,31.1,25.1,0.016,0.047,75.346,2.543,0,10.2,24.8,-0.058,2,281,25.177,96.891,1.077,305.644,,,,,0
2026-10-08T07:00Z,2026-10-09T07:00Z,6248478,24,11.6,11.2,22.5,21.5,23.7,h,11.2,23.7,11.2,23.8,0.029,0.049,1262.588,2.38,0.111,10.2,24.8,-0.058,14,282,32.087,58.822,1.879,24.859,,,,,0
2026-10-08T07:00Z,2026-10-10T07:00Z,6248478,48,6.6,6.4,22.9,22.3,23.5,h,6.4,23.5,6.4,23.5,0,0.004,1127.972,2.528,0.32,10.2,24.8,-0.058,14,283,31.587,61.59,1.933,58.445,,,,,0
2026-10-08T07:00Z,2026-10-08T08:00Z,6256182,1,10.4,27.7,7.8,21.8,23.6,h,27.7,23.6,27.6,23.6,0,0.002,1157.067,3.253,0.275,27.6,23.5,0.962,15,281,30.498,57.424,2.584,66.753,,,,,0
2026-10-08T07:00Z,2026-10-08T10:00Z,6256182,3,11.6,29.5,7.9,22.1,23.7,h,29.5,23.7,29.4,23.7,0,0.005,698.34,3.876,0.1,27.6,23.5,0.962,17,281,29.138,67.531,2.349,68.617,,,,,0
2026-10-08T07:00Z,2026-10-08T13:00Z,6256182,6,13.6,32.5,8.7,23.5,24.1,h,32.5,24.1,32.5,24.1,0,0.011,96.496,4.158,0,27.6,23.5,0.962,20,281,25.942,79.93,1.572,82.829,,,,,0
2026-10-08T07:00Z,2026-10-08T19:00Z,6256182,12,13,28.2,10.5,26.7,24.8,h,28.2,24.8,28.3,24.8,0,0.017,26.719,1.857,0,27.6,23.5,0.962,2,281,23.635,88.876,0.515,50.473,,,,,0
2026-10-08T07:00Z,2026-10-09T07:00Z,6256182,24,13.5,24.7,12.9,28.1,25,h,24.7,25,24.8,25,0,0.01,1240.365,2.755,0.13,27.6,23.5,0.962,14,282,31.105,55.15,2.232,41.459,,,,,0
2026-10-08T07:00Z,2026-10-10T07:00Z,6256182,48,3,4.7,10.6,17.6,20.5,h,4.7,20.5,4.7,20.5,0,0.001,931.563,5.872,0.205,27.6,23.5,0.962,14,283,28.66,74.4,4.493,70.956,,,,,0
2026-10-08T07:00Z,2026-10-08T08:00Z,6262040,1,25.2,66.1,26.3,71.6,60.1,h,66.1,60.1,66,60.1,0,0,329.303,2.508,0.291,51.6,60.1,0.981,15,281,26.518,88.009,2.236,318.74,,,,,0
2026-10-08T07:00Z,2026-10-08T10:00Z,6262040,3,25.3,63.9,25.9,70.1,60.1,h,63.9,60.1,63.8,60.1,0,0,429.621,1.96,0.063,51.6,60.1,0.981,17,281,26.839,86.089,1.762,290.786,,,,,0
2026-10-08T07:00Z,2026-10-08T13:00Z,6262040,6,16.1,38.9,24.9,66.8,60,h,38.9,60,38.9,60,0,0,238.646,1.714,0.027,51.6,60.1,0.981,20,281,25.993,88.781,1.143,253.701,,,,,0
2026-10-08T07:00Z,2026-10-08T19:00Z,6262040,12,12.6,27.7,19.5,50.9,57.7,h,27.7,57.7,27.8,57.7,0,0,256.429,0.978,0.027,51.6,60.1,0.981,2,281,25.454,88.304,0.75,249.056,,,,,0
2026-10-08T07:00Z,2026-10-09T07:00Z,6262040,24,13.3,24.6,16.1,35.8,52.3,h,24.6,52.3,24.7,52.4,0,0,377.409,2.385,0.934,51.6,60.1,0.981,14,282,27.086,85.885,2.115,294.37,,,,,0
2026-10-08T07:00Z,2026-10-10T07:00Z,6262040,48,2.9,4.6,5,8.7,34.4,h,4.6,34.4,4.6,34.4,0,0,319.888,1.552,6.115,51.6,60.1,0.981,14,283,26.289,87.658,1.151,259.592,,,,,0
2026-10-08T07:00Z,2026-10-08T08:00Z,6262415,1,9.5,11.8,25.2,31.3,31.8,h,11.8,31.8,11.8,31.8,0.037,0.119,1037.983,1.71,0.117,18.9,31.9,0.206,15,281,31.467,63.496,1.411,29.841,,,,,0
2026-10-08T07:00Z,2026-10-08T10:00Z,6262415,3,10.3,12.7,25,31.1,31.7,h,12.8,31.7,12.8,31.7,0.056,0.12,304.321,2.411,0.222,18.9,31.9,0.206,17,281,29.81,73.078,1.815,304.029,,,,,0
2026-10-08T07:00Z,2026-10-08T13:00Z,6262415,6,27.2,32.8,26,32.2,31.6,h,32.8,31.6,32.8,31.6,0.051,0.101,54.801,1.894,0.789,18.9,31.9,0.206,20,281,26.368,91.147,1.182,82.668,,,,,0
2026-10-08T07:00Z,2026-10-08T19:00Z,6262415,12,32.4,38.2,26.4,32.3,31.4,h,38.1,31.4,38.2,31.4,0.021,0.08,80.557,2.434,0,18.9,31.9,0.206,2,281,25.208,96.95,1.063,302.744,,,,,0
2026-10-08T07:00Z,2026-10-09T07:00Z,6262415,24,11.6,13.3,22.5,26.6,30.2,h,13.2,30.2,13.2,30.2,0.027,0.042,1302.165,2.432,0.059,18.9,31.9,0.206,14,282,32.261,57.745,1.919,30.723,,,,,0
2026-10-08T07:00Z,2026-10-10T07:00Z,6262415,48,6.6,7.2,22.9,25.4,28.6,h,7.2,28.6,7.2,28.6,0,0.004,1123.528,2.834,0.327,18.9,31.9,0.206,14,283,31.556,61.583,2.178,59.179,,,,,0
2026-10-08T07:00Z,2026-10-08T08:00Z,6265530,1,6.3,3.8,,,,h,3.8,,3.8,,0,0,1152.538,0.307,0.05,5.1,,-0.433,15,281,31.115,61.842,0.171,31.402,,,,,0
2026-10-08T07:00Z,2026-10-08T10:00Z,6265530,3,6.4,4,,,,h,4,,4,,0,0.001,162.579,0.743,0,5.1,,-0.433,17,281,30.096,67.857,0.405,25.544,,,,,0
2026-10-08T07:00Z,2026-10-08T13:00Z,6265530,6,12.2,8.1,,,,h,8.1,,8.1,,0,0.001,40.045,2.28,0,5.1,,-0.433,20,281,26.917,88.178,0.888,206.523,,,,,0
2026-10-08T07:00Z,2026-10-08T19:00Z,6265530,12,11.9,8.3,,,,h,8.3,,8.3,,0,0.003,20.023,0.814,0,5.1,,-0.433,2,281,24.634,94.48,0.041,208.995,,,,,0
2026-10-08T07:00Z,2026-10-09T07:00Z,6265530,24,9.1,6.8,,,,h,6.8,,6.8,,0,0.005,1157.92,1.091,0.034,5.1,,-0.433,14,282,31.579,57.863,0.864,60.867,,,,,0
2026-10-08T07:00Z,2026-10-10T07:00Z,6265530,48,11.1,9.4,,,,h,9.4,,9.4,,0,0.003,433.621,3.472,4.275,5.1,,-0.433,14,283,26.539,90.531,2.425,52.881,,,,,0
2026-10-08T07:00Z,2026-10-08T08:00Z,6266678,1,6.3,5.8,10.9,10.1,8.9,h,5.8,8.9,5.8,8.9,0,0,1143.93,0.301,0.049,7.5,8.9,-0.07,15,281,31.174,61.877,0.144,15.947,,,,,0
2026-10-08T07:00Z,2026-10-08T10:00Z,6266678,3,6.4,5.9,10.8,10,8.9,h,5.9,8.9,5.9,8.9,0,0.001,166.476,0.713,0,7.5,8.9,-0.07,17,281,30.18,67.607,0.4,19.432,,,,,0
2026-10-08T07:00Z,2026-10-08T13:00Z,6266678,6,12.2,11.4,10.9,10.1,8.9,h,11.4,8.9,11.4,8.9,0,0.001,41.526,2.298,0,7.5,8.9,-0.07,20,281,27.011,88.046,0.899,205.976,,,,,0
2026-10-08T07:00Z,2026-10-08T19:00Z,6266678,12,11.9,11.2,10.5,9.7,8.8,h,11.2,8.8,11.2,8.8,0,0.003,20.704,0.81,0,7.5,8.9,-0.07,2,281,24.698,94.615,0.029,207.973,,,,,0
2026-10-08T07:00Z,2026-10-09T07:00Z,6266678,24,9.1,8.7,10.9,10.3,9.3,h,8.7,9.3,8.7,9.3,0,0.004,1166.066,1.1,0.028,7.5,8.9,-0.07,14,282,31.658,57.777,0.868,57.609,,,,,0
2026-10-08T07:00Z,2026-10-10T07:00Z,6266678,48,11.1,10.8,13.5,13,10.3,h,10.8,10.3,10.8,10.3,0,0.003,428.613,3.493,4.035,7.5,8.9,-0.07,14,283,26.652,90.027,2.451,53.345,,,,,0
2026-10-08T07:00Z,2026-10-08T08:00Z,6267732,1,13.8,26.6,12.4,24.6,37.1,h,26.6,37.1,26.5,37.1,0,0.011,1481.218,0.333,0,24.7,37.1,0.651,15,281,30.209,54.896,0.27,304.04,,,,,0
2026-10-08T07:00Z,2026-10-08T10:00Z,6267732,3,13.6,25.6,13.2,26,37.1,h,25.6,37.1,25.6,37.1,0,0.015,510.332,1.94,0,24.7,37.1,0.651,17,281,28.78,64.418,1.275,73.888,,,,,0
2026-10-08T07:00Z,2026-10-08T13:00Z,6267732,6,22.6,40.4,14.6,28.5,36.9,h,40.4,36.9,40.4,36.9,0,0.017,40.189,1.107,0,24.7,37.1,0.651,20,281,25.467,83.185,0.479,96.37,,,,,0
2026-10-08T07:00Z,2026-10-08T19:00Z,6267732,12,24.3,40.6,18.2,33.7,37.1,h,40.6,37.1,40.7,37.1,0,0.176,92.693,3.312,0,24.7,37.1,0.651,2,281,23.135,85.471,1.449,69.557,,,,,0
2026-10-08T07:00Z,2026-10-09T07:00Z,6267732,24,11.8,17.8,20,33.6,36.2,h,17.8,36.2,17.8,36.2,0,0.072,1247.546,1.11,0,24.7,37.1,0.651,14,282,30.682,57.21,0.868,47.476,,,,,0
2026-10-08T07:00Z,2026-10-10T07:00Z,6267732,48,6.5,8.5,16.6,22.8,32.1,h,8.5,32.1,8.5,32.1,0,0.003,653.524,5.766,1.746,24.7,37.1,0.651,14,283,26.718,83.178,4.386,72.857,,,,,0
2026-10-08T07:00Z,2026-10-08T08:00Z,6284173,1,10.5,4.5,24.1,10.6,5.1,h,4.5,5.1,4.5,5.1,0,0.006,960.766,1.079,0.059,5.3,5.1,-0.774,15,281,29.399,63.418,0.79,208.624,,,,,0
2026-10-08T07:00Z,2026-10-08T10:00Z,6284173,3,11.2,5,24.5,10.8,5.1,h,5,5.1,5,5.1,0,0.007,216.051,1.26,0.296,5.3,5.1,-0.774,17,281,27.449,80.674,0.697,115.531,,,,,0
2026-10-08T07:00Z,2026-10-08T13:00Z,6284173,6,35,17.4,24.8,11.1,5.3,h,17.4,5.3,17.4,5.3,0,0.007,35.771,0.13,0,5.3,5.1,-0.774,20,281,24.614,91.975,0.196,90.242,,,,,0
2026-10-08T07:00Z,2026-10-08T19:00Z,6284173,12,43.3,23.6,25.5,12.3,6.6,h,23.6,6.6,23.7,6.6,0,0.006,40.369,1.117,0,5.3,5.1,-0.774,2,281,22.466,91.606,1.217,314.002,,,,,0
2026-10-08T07:00Z,2026-10-09T07:00Z,6284173,24,12.9,7.8,28,15.1,7.7,h,7.8,7.7,7.8,7.7,0,0.007,1318.916,1.669,0,5.3,5.1,-0.774,14,282,30.661,61.688,1.395,126.905,,,,,0
2026-10-08T07:00Z,2026-10-10T07:00Z,6284173,48,13.7,10.1,27,18.4,9.8,h,10.1,9.8,10.1,9.8,0,0.003,581.918,0.821,0.471,5.3,5.1,-0.774,14,283,28.766,71.675,0.578,180.828,,,,,0
2026-10-08T07:00Z,2026-10-08T08:00Z,6285048,1,13.7,7.7,16.5,9.1,10,h,7.7,10,7.7,10,0,0.009,1248.054,0.552,0.011,7.4,10,-0.549,15,281,28.919,59.761,0.465,162.978,,,,,0
2026-10-08T07:00Z,2026-10-08T10:00Z,6285048,3,15.7,9.1,17.3,9.6,9.9,h,9.1,9.9,9.1,9.9,0,0.009,57.895,1.141,0.286,7.4,10,-0.549,17,281,24.752,88.55,0.729,95.102,,,,,0
2026-10-08T07:00Z,2026-10-08T13:00Z,6285048,6,23.2,14.1,18.2,10.3,9.7,h,14.1,9.7,14.1,9.7,0,0.008,26.509,1.548,0,7.4,10,-0.549,20,281,23.326,91.805,0.634,141.745,,,,,0
2026-10-08T07:00Z,2026-10-08T19:00Z,6285048,12,35,22.7,21,12.4,10.4,h,22.7,10.4,22.8,10.4,0,0.006,18.804,0.675,0,7.4,10,-0.549,2,281,22.598,87.022,0.091,211.445,,,,,0
2026-10-08T07:00Z,2026-10-09T07:00Z,6285048,24,12.3,8.6,23.8,15.4,11.4,h,8.6,11.4,8.6,11.4,0,0.007,1343.62,1.199,0.071,7.4,10,-0.549,14,282,29.621,57.193,0.815,89.938,,,,,0
2026-10-08T07:00Z,2026-10-10T07:00Z,6285048,48,12.4,10,17.7,13.5,11.2,h,10,11.2,10,11.2,0,0.004,898.615,1.241,0.588,7.4,10,-0.549,14,283,28.465,62.482,0.879,83.633,,,,,0
2026-10-08T07:00Z,2026-10-08T08:00Z,6287521,1,8.8,9,23,23.5,16.8,h,9,16.8,9,16.8,0,0.011,909.93,0.514,0,9.6,16.8,0.02,15,281,30.41,58.635,0.391,287.865,,,,,0
2026-10-08T07:00Z,2026-10-08T10:00Z,6287521,3,9.5,9.7,23.3,23.8,16.8,h,9.7,16.8,9.7,16.8,0,0.011,136.495,2.867,0.067,9.6,16.8,0.02,17,281,26.96,78.239,1.893,126.638,,,,,0
2026-10-08T07:00Z,2026-10-08T13:00Z,6287521,6,33.3,33.9,23.6,24,16.7,h,33.9,16.7,33.9,16.7,0,0.01,39.935,0.8,0,9.6,16.8,0.02,20,281,25.267,88.97,0.396,184.214,,,,,0
2026-10-08T07:00Z,2026-10-08T19:00Z,6287521,12,44.7,45.4,24.5,25,18.5,h,45.4,18.5,45.5,18.5,0,0.007,36.225,0.305,0,9.6,16.8,0.02,2,281,23.756,88.092,0.133,292.679,,,,,0
2026-10-08T07:00Z,2026-10-09T07:00Z,6287521,24,10.6,10.7,27.7,28.1,19.7,h,10.7,19.7,10.7,19.8,0,0.008,1080.717,0.673,0.045,9.6,16.8,0.02,14,282,30.937,59.854,0.435,33.608,,,,,0
2026-10-08T07:00Z,2026-10-10T07:00Z,6287521,48,13.1,13.2,24.3,24.6,19.5,h,13.2,19.5,13.2,19.5,0,0.004,575.482,0.814,0.207,9.6,16.8,0.02,14,283,30.019,64.387,0.678,194.596,,,,,0
2026-10-08T07:00Z,2026-10-08T08:00Z,6289784,1,6.9,24.5,5.7,21.8,32.6,h,24.5,32.6,24.5,32.6,0,0,1132.845,4.558,0.002,20.8,32.5,1.222,15,281,29.754,61.833,3.479,19.559,,,,,0
2026-10-08T07:00Z,2026-10-08T10:00Z,6289784,3,7.4,24.9,5.9,22.1,32.7,h,24.9,32.7,24.9,32.7,0,0,812.424,4.488,0,20.8,32.5,1.222,17,281,28.549,70.801,2.352,29.587,,,,,0
2026-10-08T07:00Z,2026-10-08T13:00Z,6289784,6,8.7,26.9,6.3,22.9,32.8,h,26.9,32.8,26.9,32.8,0,0.001,91.847,4.572,0,20.8,32.5,1.222,20,281,25.468,81.746,1.605,34.503,,,,,0
2026-10-08T07:00Z,2026-10-08T19:00Z,6289784,12,7.6,20.8,7.1,24,31.8,h,20.8,31.8,20.9,31.9,0,0.004,274.179,5.082,0,20.8,32.5,1.222,2,281,24.137,85.871,2.118,59.8,,,,,0
2026-10-08T07:00Z,2026-10-09T07:00Z,6289784,24,10.5,22.8,8.6,23.3,29.6,h,22.8,29.6,22.8,29.6,0,0.024,1073.016,4.802,0.19,20.8,32.5,1.222,14,282,30.325,61.099,3.685,23.706,,,,,0
2026-10-08T07:00Z,2026-10-10T07:00Z,6289784,48,2.8,4.9,6.9,13.3,22.9,h,4.9,22.9,4.9,22.9,0,0.001,791.864,2.98,0.105,20.8,32.5,1.222,14,283,29.549,74.714,2.373,82.196,,,,,0
2026-10-08T07:00Z,2026-10-08T08:00Z,6291584,1,7.1,14.1,10.6,21.1,26,h,14.1,26,14.1,26,0,0.037,955.947,1.31,0,20.6,26,0.65,15,281,28.965,59.114,1.051,102.252,,,,,0
2026-10-08T07:00Z,2026-10-08T10:00Z,6291584,3,7.8,15,11,21.9,25.9,h,15,25.9,15,25.9,0,0.03,95.084,1.113,0,20.6,26,0.65,17,281,28.07,63.08,0.8,85.845,,,,,0
2026-10-08T07:00Z,2026-10-08T13:00Z,6291584,6,12.7,23,11.5,22.7,25.2,h,23,25.2,23,25.2,0,0.022,16.591,0.572,0,20.6,26,0.65,20,281,24.939,77.78,0.279,200.006,,,,,0
2026-10-08T07:00Z,2026-10-08T19:00Z,6291584,12,19.6,32.8,12.9,24.2,24.9,h,32.8,24.9,32.9,24.9,0,0.018,14.844,0.399,0,20.6,26,0.65,2,281,22.366,88.107,0.176,134.624,,,,,0
2026-10-08T07:00Z,2026-10-09T07:00Z,6291584,24,7,10.8,14,23.7,25.4,h,10.8,25.4,10.8,25.4,0,0.012,1070.657,1.917,0,20.6,26,0.65,14,282,29.627,60.28,1.453,72.674,,,,,0
2026-10-08T07:00Z,2026-10-10T07:00Z,6291584,48,13.9,17.8,13,17.9,23.1,h,17.8,23.1,17.8,23.1,0,0.006,1275.654,3.822,0,20.6,26,0.65,14,283,29.548,59.801,2.869,47.978,,,,,0
2026-10-08T07:00Z,2026-10-08T08:00Z,6291933,1,8,17.7,,,,h,17.7,,17.7,,0,0.031,877.49,1.862,0.306,8.5,,0.763,15,281,29.043,63.159,1.427,90.552,,,,,0
2026-10-08T07:00Z,2026-10-08T10:00Z,6291933,3,8.6,18.4,,,,h,18.4,,18.4,,0,0.026,275.547,1.103,0,8.5,,0.763,17,281,27.89,69.167,0.735,84.799,,,,,0
2026-10-08T07:00Z,2026-10-08T13:00Z,6291933,6,14.4,28.8,,,,h,28.8,,28.8,,0,0.022,25.106,0.95,0,8.5,,0.763,20,281,24.878,81.092,0.333,64.305,,,,,0
2026-10-08T07:00Z,2026-10-08T19:00Z,6291933,12,23.1,42.1,,,,h,42.1,,42.2,,0,0.018,37.498,0.738,0,8.5,,0.763,2,281,22.912,83.697,0.3,208.793,,,,,0
2026-10-08T07:00Z,2026-10-09T07:00Z,6291933,24,7.3,12.1,,,,h,12.1,,12.1,,0,0.013,1063.209,2.177,0.102,8.5,,0.763,14,282,29.646,61.016,1.664,61.947,,,,,0
2026-10-08T07:00Z,2026-10-10T07:00Z,6291933,48,12.1,16.2,,,,h,16.2,,16.2,,0,0.007,1131.957,3.929,0,8.5,,0.763,14,283,29.434,58.585,2.812,47.024,,,,,0
2026-10-08T07:00Z,2026-10-08T08:00Z,6294442,1,6.1,14.2,7.7,18.2,14.2,h,14.2,14.2,14.2,14.2,0,0.018,1225.178,0.928,0.068,6.8,14.2,0.794,15,281,29.454,53.308,0.734,185.132,,,,,0
2026-10-08T07:00Z,2026-10-08T10:00Z,6294442,3,6.9,15.4,8,18.9,14.4,h,15.4,14.4,15.4,14.4,0,0.017,183.684,1.401,0,6.8,14.2,0.794,17,281,27.807,67.707,0.893,196.1,,,,,0
2026-10-08T07:00Z,2026-10-08T13:00Z,6294442,6,11,22.8,8.4,19.4,14.5,h,22.8,14.5,22.8,14.5,0,0.017,10.916,1.102,0,6.8,14.2,0.794,20,281,24.189,82.506,0.05,196.214,,,,,0
2026-10-08T07:00Z,2026-10-08T19:00Z,6294442,12,16.4,30.9,9.2,20.1,15.4,h,30.9,15.4,31,15.4,0,0.014,19.692,0.271,0,6.8,14.2,0.794,2,281,21.764,89.65,0.251,353.022,,,,,0
2026-10-08T07:00Z,2026-10-09T07:00Z,6294442,24,7.2,12.1,11.1,21.1,16,h,12.1,16,12.1,16,0,0.012,1328.793,1.06,0.009,6.8,14.2,0.794,14,282,30.16,54.702,0.691,34.964,,,,,0
2026-10-08T07:00Z,2026-10-10T07:00Z,6294442,48,10.6,14.4,10.1,14.9,14.5,h,14.4,14.5,14.4,14.5,0,0.006,1559.408,3.644,0,6.8,14.2,0.794,14,283,30.238,52.245,2.589,43.584,,,,,0
2026-10-08T07:00Z,2026-10-08T08:00Z,6300553,1,7.1,4.7,10.6,7,5.7,h,4.7,5.7,4.7,5.7,0,0.034,955.849,1.239,0,6.6,5.7,-0.365,15,281,29.14,58.819,1.005,88.795,,,,,0
2026-10-08T07:00Z,2026-10-08T10:00Z,6300553,3,7.8,5.3,11,7.3,5.7,h,5.3,5.7,5.3,5.7,0,0.028,102.328,1.144,0,6.6,5.7,-0.365,17,281,28.205,64.476,0.828,73.647,,,,,0
2026-10-08T07:00Z,2026-10-08T13:00Z,6300553,6,12.7,9,11.5,7.8,5.7,h,9,5.7,9,5.7,0,0.021,17.304,0.221,0,6.6,5.7,-0.365,20,281,24.976,78.278,0.262,226.914,,,,,0
2026-10-08T07:00Z,2026-10-08T19:00Z,6300553,12,19.6,14.6,12.9,8.9,6.1,h,14.6,6.1,14.6,6.1,0,0.018,16.259,0.443,0,6.6,5.7,-0.365,2,281,22.375,88.701,0.318,183.238,,,,,0
2026-10-08T07:00Z,2026-10-09T07:00Z,6300553,24,7,5.4,14,10.4,6.9,h,5.4,6.9,5.4,6.9,0,0.012,1071.921,2.003,0,6.6,5.7,-0.365,14,282,29.775,59.984,1.519,63.479,,,,,0
2026-10-08T07:00Z,2026-10-10T07:00Z,6300553,48,13.9,12.1,13,10.9,7.5,h,12.1,7.5,12.1,7.5,0,0.006,1265.574,3.886,0,6.6,5.7,-0.365,14,283,29.656,59.265,2.898,43.098,,,,,0
2026-10-08T07:00Z,2026-10-08T08:00Z,6301503,1,8.4,5.8,10.8,7.4,3.7,h,5.8,3.7,5.8,3.7,0,0.041,909.49,1.439,0.351,6.9,3.7,-0.338,15,281,28.895,64.058,1.094,110.468,,,,,0
2026-10-08T07:00Z,2026-10-08T10:00Z,6301503,3,9.3,6.5,11.3,7.8,3.7,h,6.5,3.7,6.5,3.7,0,0.033,161.283,1.113,0,6.9,3.7,-0.338,17,281,27.715,70.461,0.698,103.595,,,,,0
2026-10-08T07:00Z,2026-10-08T13:00Z,6301503,6,14.4,10.5,11.9,8.2,3.8,h,10.5,3.8,10.5,3.8,0,0.025,27.609,1.05,0,6.9,3.7,-0.338,20,281,24.432,84.665,0.268,87.263,,,,,0
2026-10-08T07:00Z,2026-10-08T19:00Z,6301503,12,19.3,14.7,13.1,9.4,4.6,h,14.7,4.6,14.7,4.6,0,0.019,30.334,0.301,0,6.9,3.7,-0.338,2,281,22.997,82.953,0.114,284.208,,,,,0
2026-10-08T07:00Z,2026-10-09T07:00Z,6301503,24,7.3,5.8,13.9,10.5,5.5,h,5.8,5.5,5.8,5.5,0,0.014,1099.94,1.943,0.11,6.9,3.7,-0.338,14,282,29.647,60.088,1.447,76.316,,,,,0
2026-10-08T07:00Z,2026-10-10T07:00Z,6301503,48,11.4,10,12.1,10.2,6,h,10,6,10,6,0,0.007,1170.816,3.895,0,6.9,3.7,-0.338,14,283,29.435,58.22,2.804,59.035,,,,,0
2026-10-08T07:00Z,2026-10-08T08:00Z,6309947,1,8.7,14.1,8.7,14.3,13.7,h,14.1,13.7,14.1,13.7,0,0.004,1256.908,3.052,0.045,18.1,13.7,0.46,15,281,31.727,61.568,2.422,28.817,,,,,0
2026-10-08T07:00Z,2026-10-08T10:00Z,6309947,3,9,14.3,8.8,14.4,13.8,h,14.3,13.8,14.3,13.8,0,0.004,703.594,3.425,0.032,18.1,13.7,0.46,17,281,30.436,67.792,2.23,30.313,,,,,0
2026-10-08T07:00Z,2026-10-08T13:00Z,6309947,6,13.9,21.2,9.4,15.3,14,h,21.2,14,21.2,14,0,0.002,43.71,2.228,0,18.1,13.7,0.46,20,281,27.787,82.794,0.918,16.32,,,,,0
2026-10-08T07:00Z,2026-10-08T19:00Z,6309947,12,12.2,17.8,10.2,16.2,14.7,h,17.8,14.7,17.8,14.7,0.012,0.013,63.62,2.279,0,18.1,13.7,0.46,2,281,24.969,94.706,1.083,2.382,,,,,0
2026-10-08T07:00Z,2026-10-09T07:00Z,6309947,24,11.1,14.9,12.1,17.6,15,h,14.9,15,14.9,15,0,0.009,1265.668,3.141,0.014,18.1,13.7,0.46,14,282,32.171,56.499,2.49,25.769,,,,,0
2026-10-08T07:00Z,2026-10-10T07:00Z,6309947,48,5,6.1,12.5,15.7,14.7,h,6.1,14.7,6.1,14.7,0,0.003,885.352,5.49,0.114,18.1,13.7,0.46,14,283,30.501,65.421,4.189,64.387,,,,,0
2026-10-08T07:00Z,2026-10-08T08:00Z,6318469,1,10.5,10.5,,,,h,10.5,,10.5,,0,0.008,883.303,0.507,0.02,,,0,15,281,30.548,58.4,0.397,194.347,,,,,0
2026-10-08T07:00Z,2026-10-08T10:00Z,6318469,3,11.2,11.2,,,,h,11.2,,11.2,,0,0.009,200.824,3.172,0.101,,,0,17,281,27.772,75.94,2.052,125.479,,,,,0
2026-10-08T07:00Z,2026-10-08T13:00Z,6318469,6,35,35,,,,h,35,,35,,0,0.008,50.388,0.417,0,,,0,20,281,25.709,87.16,0.18,230.121,,,,,0
2026-10-08T07:00Z,2026-10-08T19:00Z,6318469,12,43.3,43.3,,,,h,43.3,,43.4,,0,0.007,50.728,0.551,0,,,0,2,281,23.86,89.542,0.39,317.315,,,,,0
2026-10-08T07:00Z,2026-10-09T07:00Z,6318469,24,12.9,12.9,,,,h,12.9,,12.9,,0,0.007,1257.208,1.236,0,,,0,14,282,31.427,59.375,1.006,110.244,,,,,0
2026-10-08T07:00Z,2026-10-10T07:00Z,6318469,48,13.7,13.7,,,,h,13.7,,13.7,,0,0.004,493.073,1.272,0.196,,,0,14,283,29.949,67.416,1.006,168.768,,,,,0
2026-10-08T07:00Z,2026-10-08T08:00Z,6328962,1,17.3,27.5,18.5,30,36.6,h,27.5,36.6,27.4,36.6,0,0.052,983.947,1.499,0.109,16.3,36.6,0.462,15,281,30.274,65.05,1.251,58.888,,,,,0
2026-10-08T07:00Z,2026-10-08T10:00Z,6328962,3,21.9,34,18.2,29.3,36.5,h,34,36.5,33.9,36.5,0,0.048,257.168,0.991,0.305,16.3,36.6,0.462,17,281,28.094,77.951,0.675,334.807,,,,,0
2026-10-08T07:00Z,2026-10-08T13:00Z,6328962,6,42.1,63.3,19,30.3,36.5,h,63.3,36.5,63.3,36.5,0,0.027,50.226,1.283,0.134,16.3,36.6,0.462,20,281,25.435,90.81,0.2,37.538,,,,,0
2026-10-08T07:00Z,2026-10-08T19:00Z,6328962,12,20.6,29.7,22.7,34.9,36.9,h,29.7,36.9,29.8,36.9,0,0.012,101.174,3.325,0,16.3,36.6,0.462,2,281,24.392,95.537,1.484,317.503,,,,,0
2026-10-08T07:00Z,2026-10-09T07:00Z,6328962,24,16.7,22.3,22.3,32.6,35.3,h,22.3,35.3,22.3,35.3,0,0.002,1073.287,2.762,0.255,16.3,36.6,0.462,14,282,30.835,63.657,2.21,32.912,,,,,0
2026-10-08T07:00Z,2026-10-10T07:00Z,6328962,48,19.6,23.3,22.7,28.4,32.5,h,23.3,32.5,23.3,32.5,0,0.003,921.437,2.876,0.344,16.3,36.6,0.462,14,283,30.128,67.411,2.227,56.827,,,,,0
2026-10-08T07:00Z,2026-10-08T08:00Z,6410306,1,10.5,7.6,24.1,17.5,9.1,h,7.6,9.1,7.6,9.1,0,0.01,1135.017,0.803,0.005,7.8,9.1,-0.303,15,281,29.307,58.438,0.635,130.112,,,,,0
2026-10-08T07:00Z,2026-10-08T10:00Z,6410306,3,11.2,8.2,24.5,17.8,9.2,h,8.2,9.2,8.2,9.2,0,0.01,39.826,0.539,0.215,7.8,9.1,-0.303,17,281,26.919,74.604,0.389,209.226,,,,,0
2026-10-08T07:00Z,2026-10-08T13:00Z,6410306,6,35,26.7,24.8,18.2,9.4,h,26.7,9.4,26.7,9.4,0,0.01,32.738,0.882,0,7.8,9.1,-0.303,20,281,23.555,92.972,0.254,174.017,,,,,0
2026-10-08T07:00Z,2026-10-08T19:00Z,6410306,12,43.3,34.2,25.5,19.2,11.1,h,34.2,11.1,34.3,11.1,0,0.009,40.011,0.735,0,7.8,9.1,-0.303,2,281,21.996,92.063,0.443,315.697,,,,,0
2026-10-08T07:00Z,2026-10-09T07:00Z,6410306,24,12.9,10.6,28,22,12.5,h,10.6,12.5,10.6,12.5,0,0.009,1220.188,0.526,0,7.8,9.1,-0.303,14,282,29.824,58.253,0.315,62.195,,,,,0
2026-10-08T07:00Z,2026-10-10T07:00Z,6410306,48,13.7,12.2,27,23.3,14.1,h,12.2,14.1,12.2,14.1,0,0.004,1384.087,2.034,0.108,7.8,9.1,-0.303,14,283,29.498,58.267,1.392,73.926,,,,,0
2026-10-08T07:00Z,2026-10-08T08:00Z,6419381,1,13.7,6.3,,,,h,6.3,,6.3,,0,0.011,1242.166,0.436,0,6.4,,-0.73,15,281,28.672,60.286,0.42,201.638,,,,,0
2026-10-08T07:00Z,2026-10-08T10:00Z,6419381,3,15.7,7.5,,,,h,7.5,,7.5,,0,0.01,46.482,0.423,0.318,6.4,,-0.73,17,281,24.377,90.351,0.266,106.227,,,,,0
2026-10-08T07:00Z,2026-10-08T13:00Z,6419381,6,23.2,11.9,,,,h,11.9,,11.9,,0,0.009,21.079,1.34,0,6.4,,-0.73,20,281,23.087,92.09,0.632,142.557,,,,,0
2026-10-08T07:00Z,2026-10-08T19:00Z,6419381,12,35,19.6,,,,h,19.6,,19.6,,0,0.007,12.86,0.467,0,6.4,,-0.73,2,281,22.402,85.607,0.086,197.074,,,,,0
2026-10-08T07:00Z,2026-10-09T07:00Z,6419381,24,12.3,7.6,,,,h,7.6,,7.6,,0,0.007,1319.808,1.004,0.097,6.4,,-0.73,14,282,29.345,57.644,0.617,77.653,,,,,0
2026-10-08T07:00Z,2026-10-10T07:00Z,6419381,48,12.4,9.3,,,,h,9.3,,9.3,,0,0.004,994.564,0.678,0.581,6.4,,-0.73,14,283,28.571,60.198,0.41,83.869,,,,,0
2026-10-08T07:00Z,2026-10-08T08:00Z,6419429,1,7.2,5.4,10.9,8.1,7.6,h,5.4,7.6,5.4,7.6,0,0.009,900.504,0.904,0.373,5.9,7.6,-0.267,15,281,29.538,74.194,0.73,59.035,,,,,0
2026-10-08T07:00Z,2026-10-08T10:00Z,6419429,3,7.3,5.5,10.3,7.7,7.6,h,5.5,7.6,5.5,7.6,0,0.007,207.001,0.787,0.292,5.9,7.6,-0.267,17,281,26.848,84.836,0.716,153.846,,,,,0
2026-10-08T07:00Z,2026-10-08T13:00Z,6419429,6,11.6,9,9.9,7.4,7.5,h,9,7.5,9,7.5,0,0.005,58.391,0.768,0.267,5.9,7.6,-0.267,20,281,25.001,93.908,0.188,90.719,,,,,0
2026-10-08T07:00Z,2026-10-08T19:00Z,6419429,12,11.4,9.1,10.1,7.7,7.7,h,9.1,7.7,9.1,7.7,0,0.002,46.177,2.258,0,5.9,7.6,-0.267,2,281,24.384,90.691,1.116,301.285,,,,,0
2026-10-08T07:00Z,2026-10-09T07:00Z,6419429,24,7.7,6.4,10.1,8.1,7.7,h,6.4,7.7,6.4,7.8,0,0.004,912.737,1.818,0.083,5.9,7.6,-0.267,14,282,30.044,69.324,1.454,21.874,,,,,0
2026-10-08T07:00Z,2026-10-10T07:00Z,6419429,48,7.7,6.9,9.7,8.5,8,h,6.9,8,6.9,8,0,0.002,507.474,1.456,2.53,5.9,7.6,-0.267,14,283,27.285,82.819,1.154,34.833,,,,,0
2026-10-08T07:00Z,2026-10-08T08:00Z,6435325,1,17.8,22.3,26.7,33.6,31,h,22.3,31,22.3,31,0.001,0.084,902.66,1.457,0.449,32.9,31,0.223,15,281,30.92,66.469,1.14,9.359,,,,,0
2026-10-08T07:00Z,2026-10-08T10:00Z,6435325,3,20.3,25.1,26.8,33.7,31.1,h,25.1,31.1,25.1,31.1,0.004,0.075,277.752,1.834,0.218,32.9,31,0.223,17,281,29.463,74.272,1.382,295.501,,,,,0
2026-10-08T07:00Z,2026-10-08T13:00Z,6435325,6,39.8,48.5,29.1,36.4,31.4,h,48.5,31.4,48.5,31.4,0.007,0.049,44.664,1.285,0.58,32.9,31,0.223,20,281,26.45,90.73,0.804,65.28,,,,,0
2026-10-08T07:00Z,2026-10-08T19:00Z,6435325,12,44,52.3,34.6,42.7,33,h,52.3,33,52.4,33,0.008,0.036,76.26,2.677,0,32.9,31,0.223,2,281,25.24,95.837,1.102,312.057,,,,,0
2026-10-08T07:00Z,2026-10-09T07:00Z,6435325,24,14.3,16.5,31.9,38.1,33.3,h,16.5,33.3,16.5,33.3,0.02,0.038,1215.329,2.543,0.163,32.9,31,0.223,14,282,31.861,59.891,2.004,20.349,,,,,0
2026-10-08T07:00Z,2026-10-10T07:00Z,6435325,48,8.5,9.3,19.7,21.9,26.5,h,9.3,26.5,9.3,26.5,0,0.004,1081.044,2.421,0.345,32.9,31,0.223,14,283,31.338,62.925,1.846,54.907,,,,,0
2026-10-08T07:00Z,2026-10-08T08:00Z,6472300,1,6,20.6,6.4,23,28.8,h,20.6,28.8,20.6,28.8,0,0.001,1105.04,7.348,0.64,21.8,28.8,1.177,15,281,29.356,65.886,5.364,39.776,,,,,0
2026-10-08T07:00Z,2026-10-08T10:00Z,6472300,3,5.4,17.9,6.5,23,28.9,h,17.9,28.9,17.9,28.9,0,0.001,845.525,6.584,0.197,21.8,28.8,1.177,17,281,27.629,74.355,4.054,39.407,,,,,0
2026-10-08T07:00Z,2026-10-08T13:00Z,6472300,6,4.9,15.3,6.6,23.1,28.8,h,15.3,28.8,15.3,28.8,0,0.007,635.853,6.503,0.001,21.8,28.8,1.177,20,281,25.943,75.754,3.465,42.079,,,,,0
2026-10-08T07:00Z,2026-10-08T19:00Z,6472300,12,8.4,22.1,6.8,22.4,28,h,22.1,28,22.2,28,0,0.05,501.445,6.31,0,21.8,28.8,1.177,2,281,23.962,84.154,3.359,44.478,,,,,0
2026-10-08T07:00Z,2026-10-09T07:00Z,6472300,24,4.9,10.9,7.5,19.6,25.9,h,10.9,25.9,10.9,25.9,0,0.017,589.68,6.407,0.397,21.8,28.8,1.177,14,282,26.749,77.892,4.332,6.661,,,,,0
2026-10-08T07:00Z,2026-10-10T07:00Z,6472300,48,1.5,2.8,1.9,4.1,16.5,h,2.8,16.5,2.8,16.5,0,0,979.185,4.494,1.231,21.8,28.8,1.177,14,283,29.588,75.847,3.391,54.292,,,,,0
2026-10-08T07:00Z,2026-10-08T08:00Z,6486693,1,3.3,21.8,4.1,27.9,11.2,h,21.8,11.2,21.8,11.2,0,0,618.558,2.159,0.595,21.6,11.2,1.738,15,281,26.456,79.448,1.402,3.812,,,,,0
2026-10-08T07:00Z,2026-10-08T10:00Z,6486693,3,3.5,21.3,4.2,28.1,11.4,h,21.3,11.4,21.3,11.4,0,0,106.893,1.985,0.115,21.6,11.2,1.738,17,281,24.767,88.315,0.836,15.44,,,,,0
2026-10-08T07:00Z,2026-10-08T13:00Z,6486693,6,5,25.9,4.2,27.3,11.9,h,25.9,11.9,25.9,11.9,0,0,82.561,2.416,0.044,21.6,11.2,1.738,20,281,22.416,87.987,1.241,33.171,,,,,0
2026-10-08T07:00Z,2026-10-08T19:00Z,6486693,12,4.8,20.8,4.3,25.3,13.7,h,20.8,13.7,20.9,13.7,0,0,45.932,1.833,0,21.6,11.2,1.738,2,281,20.978,90.551,1.218,336.661,,,,,0
2026-10-08T07:00Z,2026-10-09T07:00Z,6486693,24,3.6,11.9,4.1,18.8,13.6,h,11.9,13.6,11.9,13.6,0,0.001,805.269,1.593,0.225,21.6,11.2,1.738,14,282,27.767,71.57,1.23,269.965,,,,,0
2026-10-08T07:00Z,2026-10-10T07:00Z,6486693,48,3.3,7,4.6,11.5,11.4,h,7,11.4,7,11.4,0,0,520.873,1.697,1.192,21.6,11.2,1.738,14,283,26.789,78.717,1.118,101.415,,,,,0
2026-10-08T07:00Z,2026-10-08T08:00Z,6502940,1,4.7,6,5.6,7.2,7.9,h,6,7.9,6,7.9,0,0,543.328,2.622,0.003,6.7,7.9,0.218,15,281,28.008,76.885,2.455,268.472,,,,,0
2026-10-08T07:00Z,2026-10-08T10:00Z,6502940,3,3.5,4.5,5.4,6.9,8,h,4.5,8,4.5,8,0,0,358.163,1.71,0.034,6.7,7.9,0.218,17,281,27.678,79.219,1.573,274.77,,,,,0
2026-10-08T07:00Z,2026-10-08T13:00Z,6502940,6,2.7,3.5,5.2,6.6,7.8,h,3.5,7.8,3.5,7.8,0,0,396.027,1.186,0,6.7,7.9,0.218,20,281,27.43,82.877,1.252,280.703,,,,,0
2026-10-08T07:00Z,2026-10-08T19:00Z,6502940,12,2.4,3,4.7,6,7.5,h,3,7.5,3,7.5,0,0,391.409,1.72,0,6.7,7.9,0.218,2,281,26.992,84.523,1.515,0.839,,,,,0
2026-10-08T07:00Z,2026-10-09T07:00Z,6502940,24,3.8,4.5,3.1,3.9,6.6,h,4.5,6.6,4.5,6.6,0,0,455.583,3.888,0.944,6.7,7.9,0.218,14,282,27.816,84.813,3.544,302.529,,,,,0
2026-10-08T07:00Z,2026-10-10T07:00Z,6502940,48,10.7,11.7,5.6,6.3,7.1,h,11.7,7.1,11.7,7.1,0,0,438.495,2.799,0.372,6.7,7.9,0.218,14,283,28.056,80.876,2.681,258.025,,,,,0
2026-10-08T07:00Z,2026-10-08T08:00Z,1235996,1,5.4,13.8,,,,h,13.8,,13.8,,0,0.007,1447.014,0.621,0.039,,,0.947,15,281,29.448,57.937,0.508,280.879,,,,,0
2026-10-08T07:00Z,2026-10-08T10:00Z,1235996,3,6,14.6,,,,h,14.6,,14.6,,0,0.009,81.877,0.423,0.333,,,0.947,17,281,26.404,74.589,0.184,144.651,,,,,0
2026-10-08T07:00Z,2026-10-08T13:00Z,1235996,6,7.5,17.1,,,,h,17.1,,17.1,,0,0.01,24.985,0.223,0,,,0.947,20,281,22.699,95.614,0.182,183.107,,,,,0
2026-10-08T07:00Z,2026-10-08T19:00Z,1235996,12,8.6,17.7,,,,h,17.7,,17.7,,0,0.011,23.877,0.1,0,,,0.947,2,281,20.486,92.501,0.296,13.049,,,,,0
2026-10-08T07:00Z,2026-10-09T07:00Z,1235996,24,6.8,12.1,,,,h,12.1,,12.1,,0,0.011,1541.776,0.859,0.011,,,0.947,14,282,30.054,56.506,0.569,41.94,,,,,0
2026-10-08T07:00Z,2026-10-10T07:00Z,1235996,48,9.6,13.5,,,,h,13.5,,13.5,,0,0.006,1591.392,2.824,0.05,,,0.947,14,283,30.407,50.199,2.016,83.891,,,,,0
2026-10-08T07:00Z,2026-10-08T08:00Z,2847191,1,12.2,0.6,,,,h,0.6,,0.6,,0,0.002,731.401,0.53,0.169,,,-2.416,15,281,28.933,63.642,0.449,353.165,,,,,0
2026-10-08T07:00Z,2026-10-08T10:00Z,2847191,3,11.7,0.6,,,,h,0.6,,0.6,,0,0.002,131.616,0.72,0,,,-2.416,17,281,27.988,70.975,0.49,40.734,,,,,0
2026-10-08T07:00Z,2026-10-08T13:00Z,2847191,6,16.2,1.5,,,,h,1.5,,1.5,,0,0.003,24.623,1.128,0,,,-2.416,20,281,24.974,86.676,0.625,144.269,,,,,0
2026-10-08T07:00Z,2026-10-08T19:00Z,2847191,12,20.2,2.9,,,,h,2.9,,2.9,,0,0.005,12.288,0.119,0,,,-2.416,2,281,23.479,83.658,0.117,321.87,,,,,0
2026-10-08T07:00Z,2026-10-09T07:00Z,2847191,24,9.8,1.9,,,,h,1.9,,1.9,,0,0.006,903.146,1.847,0.416,,,-2.416,14,282,29.237,64.01,1.318,359.671,,,,,0
2026-10-08T07:00Z,2026-10-10T07:00Z,2847191,48,11.8,4.7,,,,h,4.7,,4.7,,0,0.004,304.108,3.002,4.201,,,-2.416,14,283,25.179,90.974,1.941,104.03,,,,,0
2026-10-08T07:00Z,2026-10-08T08:00Z,3612963,1,4,13.2,,,,h,13.2,,13.2,,0,0.001,1195.059,1.331,0,,,1.186,15,281,27.433,49.542,1.018,349.984,,,,,0
2026-10-08T07:00Z,2026-10-08T10:00Z,3612963,3,4.7,14.6,,,,h,14.6,,14.6,,0,0.001,141.307,0.985,0,,,1.186,17,281,25.138,71.042,0.464,16.309,,,,,0
2026-10-08T07:00Z,2026-10-08T13:00Z,3612963,6,6.7,18.8,,,,h,18.8,,18.8,,0,0.003,21.657,1.434,0,,,1.186,20,281,21.486,82.563,0.526,74.286,,,,,0
2026-10-08T07:00Z,2026-10-08T19:00Z,3612963,12,10.4,25.2,,,,h,25.2,,25.3,,0,0.007,24.794,0.697,0,,,1.186,2,281,18.962,85.935,0.576,74.451,,,,,0
2026-10-08T07:00Z,2026-10-09T07:00Z,3612963,24,11.7,23.3,,,,h,23.3,,23.3,,0,0.011,1174.957,1.271,0.042,,,1.186,14,282,28.011,54.934,1.009,356.57,,,,,0
2026-10-08T07:00Z,2026-10-10T07:00Z,3612963,48,4.7,7.4,,,,h,7.4,,7.4,,0,0.001,656.098,2.814,3.04,,,1.186,14,283,24.444,81.34,1.971,46.352,,,,,0
2026-10-08T07:00Z,2026-10-08T08:00Z,3133267,1,14.3,14.1,,,,h,14.1,,14.1,,0.001,0.103,1264.755,1.724,0.021,,,-0.014,15,281,31.835,60.523,1.446,50.358,,,,,0
2026-10-08T07:00Z,2026-10-08T10:00Z,3133267,3,15.8,15.6,,,,h,15.6,,15.6,,0.002,0.083,315.612,2.875,0.474,,,-0.014,17,281,28.869,78.17,2.1,317.866,,,,,0
2026-10-08T07:00Z,2026-10-08T13:00Z,3133267,6,27.2,26.9,,,,h,26.9,,26.9,,0.002,0.042,57.372,2.551,0.276,,,-0.014,20,281,25.871,90.333,1.144,63.975,,,,,0
2026-10-08T07:00Z,2026-10-08T19:00Z,3133267,12,20.5,20.3,,,,h,20.3,,20.3,,0.001,0.016,111.195,3.238,0,,,-0.014,2,281,25.37,96.13,1.353,303.759,,,,,0
2026-10-08T07:00Z,2026-10-09T07:00Z,3133267,24,13.8,13.7,,,,h,13.7,,13.7,,0.004,0.006,1370.789,3.189,0.042,,,-0.014,14,282,32.396,56.862,2.515,35.085,,,,,0
2026-10-08T07:00Z,2026-10-10T07:00Z,3133267,48,14.5,14.4,,,,h,14.4,,14.4,,0,0.003,1055.319,3.459,0.421,,,-0.014,14,283,31.315,63.35,2.682,42.952,,,,,0
2026-10-08T07:00Z,2026-10-08T08:00Z,3612964,1,12.3,7.8,6.8,4.1,,h,7.8,,7.8,,0,0.012,1063.55,0.553,0.025,4.3,16.5,-0.431,15,281,29.719,58.749,0.443,82.297,,,,,0
2026-10-08T07:00Z,2026-10-08T10:00Z,3612964,3,12.4,8,7.3,4.4,,h,8,,8,,0,0.011,123.523,1.438,0,4.3,16.5,-0.431,17,281,28.583,66.923,0.963,85.034,,,,,0
2026-10-08T07:00Z,2026-10-08T13:00Z,3612964,6,14,9.3,8.4,5.2,,h,9.3,,9.3,,0,0.008,84.82,3.913,0,4.3,16.5,-0.431,20,281,25.335,83.046,1.587,125.225,,,,,0
2026-10-08T07:00Z,2026-10-08T19:00Z,3612964,12,15.9,11.2,11.1,7.2,14.9,h,11.2,14.9,11.2,14.9,0,0.006,23.174,0.282,0,4.3,16.5,-0.431,2,281,22.731,89.468,0.252,338.073,,,,,0
2026-10-08T07:00Z,2026-10-09T07:00Z,3612964,24,11.5,8.7,14.4,10.1,14.8,h,8.7,14.8,8.7,14.9,0,0.022,1145.215,1.225,0.069,4.3,16.5,-0.431,14,282,30.307,58.618,0.963,37.677,,,,,0
2026-10-08T07:00Z,2026-10-10T07:00Z,3612964,48,8.3,7,13.2,10.6,14.4,h,7,14.4,7,14.4,0,0.006,428.378,2.555,1.158,4.3,16.5,-0.431,14,283,25.651,88.591,1.866,50.75,,,,,0
2026-10-08T07:00Z,2026-10-08T08:00Z,3684608,1,13.8,22.2,,,,h,22.2,,22.2,,0,0.019,1495.819,0.372,0,27.5,,0.468,15,281,30.138,54.706,0.311,287.631,,,,,0
2026-10-08T07:00Z,2026-10-08T10:00Z,3684608,3,13.6,21.5,,,,h,21.5,,21.5,,0,0.021,487.301,1.798,0,27.5,,0.468,17,281,28.666,64.709,1.197,76.988,,,,,0
2026-10-08T07:00Z,2026-10-08T13:00Z,3684608,6,22.6,34.4,,,,h,34.4,,34.4,,0,0.022,39.676,1.001,0,27.5,,0.468,20,281,25.329,83.635,0.47,96.922,,,,,0
2026-10-08T07:00Z,2026-10-08T19:00Z,3684608,12,24.3,35.1,,,,h,35.1,,35.2,,0,0.387,94.438,3.357,0,27.5,,0.468,2,281,23.005,85.369,1.509,70.24,,,,,0
2026-10-08T07:00Z,2026-10-09T07:00Z,3684608,24,11.8,15.9,,,,h,15.9,,15.9,,0,0.077,1251.444,0.934,0.002,27.5,,0.468,14,282,30.627,56.902,0.738,53.397,,,,,0
2026-10-08T07:00Z,2026-10-10T07:00Z,3684608,48,6.5,7.9,,,,h,7.9,,7.9,,0,0.003,645.823,5.815,1.862,27.5,,0.468,14,283,26.562,83.517,4.419,72.738,,,,,0
2026-10-08T07:00Z,2026-10-08T08:00Z,2894459,1,8.7,8.7,,,,h,8.7,,8.7,,0.001,0.006,1288.403,3.06,0.019,,,0,15,281,31.894,60.908,2.426,27.152,,,,,0
2026-10-08T07:00Z,2026-10-08T10:00Z,2894459,3,9,9,,,,h,9,,9,,0.001,0.005,724.576,3.555,0.036,,,0,17,281,30.491,67.566,2.325,28.766,,,,,0
2026-10-08T07:00Z,2026-10-08T13:00Z,2894459,6,13.9,13.9,,,,h,13.9,,13.9,,0,0.003,45.118,2.306,0,,,0,20,281,27.817,82.875,0.976,15.298,,,,,0
2026-10-08T07:00Z,2026-10-08T19:00Z,2894459,12,12.2,12.2,,,,h,12.3,,12.3,,0.07,0.066,64.998,2.244,0,,,0,2,281,25.027,94.163,1.066,1.369,,,,,0
2026-10-08T07:00Z,2026-10-09T07:00Z,2894459,24,11.1,11.1,,,,h,11.1,,11.1,,0,0.009,1298.068,3.142,0.005,,,0,14,282,32.291,55.729,2.503,25.688,,,,,0
2026-10-08T07:00Z,2026-10-10T07:00Z,2894459,48,5,5,,,,h,5,,5,,0,0.003,899.243,5.483,0.105,,,0,14,283,30.624,65.054,4.19,62.954,,,,,0
2026-10-08T07:00Z,2026-10-08T08:00Z,3602359,1,9.1,9.1,,,,h,9.1,,9.1,,0,0.011,1296.772,2.126,0,,,0,15,281,23.881,56.426,1.618,112.527,,,,,0
2026-10-08T07:00Z,2026-10-08T10:00Z,3602359,3,10.3,10.3,,,,h,10.3,,10.3,,0,0.014,253.288,1.823,0.05,,,0,17,281,21.186,75.441,0.944,113.275,,,,,0
2026-10-08T07:00Z,2026-10-08T13:00Z,3602359,6,12.4,12.4,,,,h,12.4,,12.4,,0,0.02,24.897,1.513,0,,,0,20,281,16.947,88.924,0.712,72.681,,,,,0
2026-10-08T07:00Z,2026-10-08T19:00Z,3602359,12,21.5,21.5,,,,h,21.5,,21.6,,0,0.024,24.967,1.718,0,,,0,2,281,13.363,97.833,1.475,33.261,,,,,0
2026-10-08T07:00Z,2026-10-09T07:00Z,3602359,24,24.3,24.3,,,,h,24.3,,24.3,,0,0.024,1148.939,3.324,0.1,,,0,14,282,24.386,57.992,2.238,70.799,,,,,0
2026-10-08T07:00Z,2026-10-10T07:00Z,3602359,48,3.5,3.5,,,,h,3.5,,3.5,,0,0,495.987,3.427,0.79,,,0,14,283,20.783,85.483,2.272,76.281,,,,,0
2026-10-08T07:00Z,2026-10-08T08:00Z,1236035,1,13.8,13.8,,,,h,13.8,,13.8,,0,0.007,1499.664,0.532,0,,,0,15,281,30.37,54.294,0.423,321.856,,,,,0
2026-10-08T07:00Z,2026-10-08T10:00Z,1236035,3,13.6,13.6,,,,h,13.6,,13.6,,0,0.01,584.983,2.012,0,,,0,17,281,28.958,63.501,1.304,64.068,,,,,0
2026-10-08T07:00Z,2026-10-08T13:00Z,1236035,6,22.6,22.6,,,,h,22.6,,22.6,,0,0.015,40.337,1.019,0,,,0,20,281,25.711,82.751,0.488,70.961,,,,,0
2026-10-08T07:00Z,2026-10-08T19:00Z,1236035,12,24.3,24.3,,,,h,24.3,,24.4,,0,0.099,100.447,3.614,0,,,0,2,281,23.218,86.129,1.552,68.61,,,,,0
2026-10-08T07:00Z,2026-10-09T07:00Z,1236035,24,11.8,11.8,,,,h,11.8,,11.8,,0,0.056,1295.334,1.288,0,,,0,14,282,30.871,56.445,1.002,46.944,,,,,0
2026-10-08T07:00Z,2026-10-10T07:00Z,1236035,48,6.5,6.5,,,,h,6.5,,6.5,,0,0.002,699.446,5.975,1.484,,,0,14,283,27.102,81.724,4.558,71.437,,,,,0
2026-10-08T07:00Z,2026-10-08T08:00Z,3591608,1,9,9,,,,h,9,,9,,0,0.028,1032.477,1.199,0,,,0,15,281,21.929,61.045,0.921,103.815,,,,,0
2026-10-08T07:00Z,2026-10-08T10:00Z,3591608,3,10.9,10.9,,,,h,10.9,,10.9,,0,0.027,263.289,1.039,0.092,,,0,17,281,19.404,75.214,0.698,85.144,,,,,0
2026-10-08T07:00Z,2026-10-08T13:00Z,3591608,6,13.3,13.3,,,,h,13.3,,13.3,,0,0.026,34.731,1.341,0,,,0,20,281,15.553,89.16,0.714,65.702,,,,,0
2026-10-08T07:00Z,2026-10-08T19:00Z,3591608,12,14.5,14.5,,,,h,14.5,,14.5,,0,0.02,22.233,2.094,0,,,0,2,281,11.998,98.204,1.654,8.505,,,,,0
2026-10-08T07:00Z,2026-10-09T07:00Z,3591608,24,13.5,13.5,,,,h,13.5,,13.5,,0,0.02,994.248,1.526,0.185,,,0,14,282,23.055,61.006,1.289,101.725,,,,,0
2026-10-08T07:00Z,2026-10-10T07:00Z,3591608,48,1.6,1.6,,,,h,1.6,,1.6,,0,0,379.108,3.126,1.608,,,0,14,283,18.998,89.056,2.154,86.307,,,,,0
2026-10-08T07:00Z,2026-10-08T08:00Z,2843713,1,4.6,4.6,,,,h,4.6,,4.6,,0,0,1165.76,5.565,0.109,,,0,15,281,30.183,60.904,4.131,13.995,,,,,0
2026-10-08T07:00Z,2026-10-08T10:00Z,2843713,3,5.1,5.1,,,,h,5.1,,5.1,,0,0,792.007,5.316,0.012,,,0,17,281,28.766,70.468,2.929,30.181,,,,,0
2026-10-08T07:00Z,2026-10-08T13:00Z,2843713,6,6.3,6.3,,,,h,6.3,,6.3,,0,0,189.118,5.339,0.06,,,0,20,281,25.862,80.946,2.307,29.939,,,,,0
2026-10-08T07:00Z,2026-10-08T19:00Z,2843713,12,5.5,5.5,,,,h,5.5,,5.5,,0,0.001,305.457,5.142,0,,,0,2,281,24.44,85.238,2.41,41.961,,,,,0
2026-10-08T07:00Z,2026-10-09T07:00Z,2843713,24,9.5,9.5,,,,h,9.5,,9.5,,0,0.036,1030.834,5.45,0.149,,,0,14,282,30.24,62.825,4.102,21.724,,,,,0
2026-10-08T07:00Z,2026-10-10T07:00Z,2843713,48,3.9,3.9,,,,h,3.9,,3.9,,0,0.001,918.537,3.092,0.147,,,0,14,283,30.23,71.279,2.472,80.962,,,,,0
2026-10-08T07:00Z,2026-10-08T08:00Z,6152097,1,8.8,8.8,,,,h,8.8,,8.8,,0,0.01,805.679,0.296,0,,,0,15,281,31.145,55.479,0.319,166.453,,,,,0
2026-10-08T07:00Z,2026-10-08T10:00Z,6152097,3,9.5,9.5,,,,h,9.5,,9.5,,0,0.01,202.443,3.837,0,,,0,17,281,28.136,72.329,2.535,133.186,,,,,0
2026-10-08T07:00Z,2026-10-08T13:00Z,6152097,6,33.3,33.3,,,,h,33.3,,33.3,,0,0.01,57.378,0.949,0,,,0,20,281,26.412,83.706,0.328,265.863,,,,,0
2026-10-08T07:00Z,2026-10-08T19:00Z,6152097,12,44.7,44.7,,,,h,44.7,,44.8,,0,0.007,57.279,0.442,0,,,0,2,281,24.707,87.064,0.088,21.959,,,,,0
2026-10-08T07:00Z,2026-10-09T07:00Z,6152097,24,10.6,10.6,,,,h,10.6,,10.6,,0,0.008,1218.498,1.136,0.006,,,0,14,282,31.807,58.446,0.899,97.194,,,,,0
2026-10-08T07:00Z,2026-10-10T07:00Z,6152097,48,13.1,13.1,,,,h,13.1,,13.1,,0,0.004,482.852,1.547,0.009,,,0,14,283,30.768,64.053,1.247,167.567,,,,,0
2026-10-08T07:00Z,2026-10-08T08:00Z,5755932,1,6.3,6.3,,,,h,6.3,,6.3,,0,0,1120.49,4.723,0.195,,,0,15,281,31.714,61.115,3.639,318.927,,,,,0
2026-10-08T07:00Z,2026-10-08T10:00Z,5755932,3,6.4,6.4,,,,h,6.4,,6.4,,0,0,385.714,2.358,1.569,,,0,17,281,28.271,80.281,1.567,324.992,,,,,0
2026-10-08T07:00Z,2026-10-08T13:00Z,5755932,6,12.8,12.8,,,,h,12.8,,12.8,,0,0,98.042,1.151,0.248,,,0,20,281,26.138,94.616,0.999,207.959,,,,,0
2026-10-08T07:00Z,2026-10-08T19:00Z,5755932,12,13.3,13.3,,,,h,13.3,,13.3,,0,0,112.844,1.338,0.193,,,0,2,281,25.008,96.047,0.794,68.635,,,,,0
2026-10-08T07:00Z,2026-10-09T07:00Z,5755932,24,4.5,4.5,,,,h,4.5,,4.5,,0,0,711.885,1.88,1.179,,,0,14,282,30.103,70.953,1.453,335.85,,,,,0
2026-10-08T07:00Z,2026-10-10T07:00Z,5755932,48,8.3,8.3,,,,h,8.3,,8.3,,0,0,378.853,1.563,1.219,,,0,14,283,28.355,82.23,1.044,60.316,,,,,0
2026-10-08T07:00Z,2026-10-08T08:00Z,3503722,1,7.7,7.7,,,,h,7.7,,7.7,,0,0.011,1102.661,1.046,0.023,,,0,15,281,29.653,52.535,0.919,210.767,,,,,0
2026-10-08T07:00Z,2026-10-08T10:00Z,3503722,3,8.5,8.5,,,,h,8.5,,8.5,,0,0.012,102.67,0.604,0,,,0,17,281,28.259,65.894,0.438,184.35,,,,,0
2026-10-08T07:00Z,2026-10-08T13:00Z,3503722,6,13.2,13.2,,,,h,13.2,,13.2,,0,0.012,19.663,0.786,0,,,0,20,281,24.877,80.688,0.176,127.172,,,,,0
2026-10-08T07:00Z,2026-10-08T19:00Z,3503722,12,13.9,13.9,,,,h,13.9,,13.9,,0,0.011,17.719,0.834,0,,,0,2,281,21.579,89.758,0.545,57.618,,,,,0
2026-10-08T07:00Z,2026-10-09T07:00Z,3503722,24,6.9,6.9,,,,h,6.9,,6.9,,0,0.007,1457.143,0.897,0.046,,,0,14,282,30.507,53.144,0.747,136.622,,,,,0
2026-10-08T07:00Z,2026-10-10T07:00Z,3503722,48,10.7,10.7,,,,h,10.7,,10.7,,0,0.004,676.938,3.737,0.873,,,0,14,283,27.769,70.086,2.641,62.397,,,,,0
2026-10-08T07:00Z,2026-10-08T08:00Z,6284174,1,13.7,13.7,,,,h,13.7,,13.7,,0,0.012,1201.069,0.378,0.002,,,0,15,281,28.751,60.433,0.384,218.116,,,,,0
2026-10-08T07:00Z,2026-10-08T10:00Z,6284174,3,15.7,15.7,,,,h,15.7,,15.7,,0,0.011,54.739,0.385,0.295,,,0,17,281,24.614,89.042,0.273,121.4,,,,,0
2026-10-08T07:00Z,2026-10-08T13:00Z,6284174,6,23.2,23.2,,,,h,23.2,,23.2,,0,0.009,20.061,1.216,0,,,0,20,281,23.224,92.083,0.584,146.069,,,,,0
2026-10-08T07:00Z,2026-10-08T19:00Z,6284174,12,35,35,,,,h,35,,35.1,,0,0.007,13.379,0.316,0,,,0,2,281,22.454,85.458,0.129,198.235,,,,,0
2026-10-08T07:00Z,2026-10-09T07:00Z,6284174,24,12.3,12.3,,,,h,12.3,,12.3,,0,0.008,1260.078,0.918,0.098,,,0,14,282,29.369,58.277,0.546,65.965,,,,,0
2026-10-08T07:00Z,2026-10-10T07:00Z,6284174,48,12.4,12.4,,,,h,12.4,,12.4,,0,0.004,972.158,0.529,0.55,,,0,14,283,28.671,60.531,0.278,76.248,,,,,0
2026-10-08T07:00Z,2026-10-08T08:00Z,1236063,1,9.5,9.5,,,,h,9.5,,9.5,,0.04,0.119,1034.704,1.717,0.118,,,0,15,281,31.454,63.512,1.415,30.149,,,,,0
2026-10-08T07:00Z,2026-10-08T10:00Z,1236063,3,10.3,10.3,,,,h,10.4,,10.4,,0.06,0.122,308.783,2.366,0.214,,,0,17,281,29.836,72.863,1.781,304.362,,,,,0
2026-10-08T07:00Z,2026-10-08T13:00Z,1236063,6,27.2,27.2,,,,h,27.3,,27.3,,0.053,0.105,55.925,1.873,0.785,,,0,20,281,26.396,91.065,1.167,82.52,,,,,0
2026-10-08T07:00Z,2026-10-08T19:00Z,1236063,12,32.4,32.4,,,,h,32.4,,32.5,,0.022,0.085,80.361,2.403,0,,,0,2,281,25.215,96.827,1.058,303.349,,,,,0
2026-10-08T07:00Z,2026-10-09T07:00Z,1236063,24,11.6,11.6,,,,h,11.6,,11.6,,0.027,0.041,1296.898,2.431,0.06,,,0,14,282,32.245,57.809,1.918,30.643,,,,,0
2026-10-08T07:00Z,2026-10-10T07:00Z,1236063,48,6.6,6.6,,,,h,6.6,,6.6,,0,0.004,1118.623,2.84,0.326,,,0,14,283,31.525,61.713,2.183,59.768,,,,,0
