issued_utc,valid_utc,station_id,lead_h,cams_raw,corrected,cams24,corr24,blend24,obs_basis,correctedA,blend24A,correctedML,blend24ML,inc,fire,blh,ws,pr,obs_last,obs24_last,kfAb,hloc,doy,t2,rh,ws10,wd,o_ws,o_wd,o_t2,o_rh,monitor
2026-10-07T18:00Z,2026-10-07T19:00Z,a4t:119t,1,5.25,15.1,7,20.9,15.9,h,15.1,15.9,,,0,0,106.938,1.607,0,16,15.9,1.009,2,280,25.029,96.653,0.831,42.914,2.8,71,25.3,96,1
2026-10-07T18:00Z,2026-10-07T21:00Z,a4t:119t,3,5.6,15.4,6.8,20.2,15.9,h,15.4,15.9,,,0,0,116.413,0.494,0.149,16,15.9,1.009,4,280,24.747,95.906,0.133,95.508,2.8,71,25.3,96,1
2026-10-07T18:00Z,2026-10-08T00:00Z,a4t:119t,6,5.25,13.7,6.6,19.3,15.9,h,13.7,15.9,,,0,0,119.561,0.605,0.044,16,15.9,1.009,7,281,24.584,95.872,0.755,62.005,2.8,71,25.3,96,1
2026-10-07T18:00Z,2026-10-08T06:00Z,a4t:119t,12,3.5999999999999996,8.8,5.8,16.3,15.7,h,8.8,15.7,,,0,0,359.27,2.56,3.326,16,15.9,1.009,13,281,26.775,90.277,1.887,275.639,2.8,71,25.3,96,1
2026-10-07T18:00Z,2026-10-08T18:00Z,a4t:119t,24,2.3,4.9,3.8,9.5,13.8,h,4.9,13.8,,,0,0,155.774,2.673,0.001,16,15.9,1.009,1,281,24.745,96.346,1.333,44.717,2.8,71,25.3,96,1
2026-10-07T18:00Z,2026-10-09T18:00Z,a4t:119t,48,4.15,6.4,2.9,5.2,10.5,h,6.4,10.5,,,0,0.002,70.369,0.398,0.047,16,15.9,1.009,1,282,25.443,94.021,0.114,47.658,2.8,71,25.3,96,1
2026-10-07T18:00Z,2026-10-07T19:00Z,a4t:02t,1,36.6,27.1,27.9,20.3,16.5,h,27.1,16.5,,,0.002,0.045,86.198,2.468,0,26,16.5,-0.31,2,280,24.519,96.574,0.874,324.295,,,,,1
2026-10-07T18:00Z,2026-10-07T21:00Z,a4t:02t,3,35.55,26.7,29.7,21.7,16.7,h,26.7,16.7,,,0.002,0.154,135.94,3.492,0,26,16.5,-0.31,4,280,24.367,94.83,1.529,335.301,,,,,1
2026-10-07T18:00Z,2026-10-08T00:00Z,a4t:02t,6,29.25,22.3,31.7,23.2,17,h,22.3,17,,,0,0.304,180.6,4.14,0.014,26,16.5,-0.31,7,281,24.876,93.852,2.144,355.209,,,,,1
2026-10-07T18:00Z,2026-10-08T06:00Z,a4t:02t,12,29.35,23.1,33.2,24.7,18,h,23.1,18,,,0.002,0.143,1240.827,1.624,0.064,26,16.5,-0.31,13,281,31.614,62.772,1.262,27.732,,,,,1
2026-10-07T18:00Z,2026-10-08T18:00Z,a4t:02t,24,33.05,27.4,33.2,26.2,19.6,h,27.4,19.6,,,0.001,0.028,68.469,1.949,0,26,16.5,-0.31,1,281,25.587,94.808,0.681,302.96,,,,,1
2026-10-07T18:00Z,2026-10-09T18:00Z,a4t:02t,48,31.85,28.4,28.1,24.3,20.4,h,28.4,20.4,,,0,0.01,97.93,0.977,0.854,26,16.5,-0.31,1,282,25.5,93.386,0.045,75.888,,,,,1
2026-10-07T18:00Z,2026-10-07T19:00Z,a4t:50t,1,36.6,36.8,27.9,28.1,22,h,36.8,22,,,0.002,0.042,82.877,2.36,0,40,22,0.006,2,280,24.506,96.528,0.827,324.972,,,27.8,78,1
2026-10-07T18:00Z,2026-10-07T21:00Z,a4t:50t,3,35.55,35.8,29.7,29.9,22.2,h,35.8,22.2,,,0.002,0.146,130.809,3.404,0,40,22,0.006,4,280,24.339,94.832,1.467,334.172,,,27.8,78,1
2026-10-07T18:00Z,2026-10-08T00:00Z,a4t:50t,6,29.25,29.4,31.7,31.9,22.6,h,29.4,22.6,,,0,0.319,175.765,4.051,0.013,40,22,0.006,7,281,24.866,93.908,2.1,354.474,,,27.8,78,1
2026-10-07T18:00Z,2026-10-08T06:00Z,a4t:50t,12,29.35,29.5,33.2,33.4,23.9,h,29.5,23.9,,,0.002,0.148,1244.57,1.512,0.061,40,22,0.006,13,281,31.605,62.933,1.174,24.944,,,27.8,78,1
2026-10-07T18:00Z,2026-10-08T18:00Z,a4t:50t,24,33.05,33.2,33.2,33.4,25.6,h,33.2,25.6,,,0.001,0.028,65.344,1.776,0,40,22,0.006,1,281,25.625,94.755,0.591,304.505,,,27.8,78,1
2026-10-07T18:00Z,2026-10-09T18:00Z,a4t:50t,48,31.85,31.9,28.1,28.2,25.1,h,31.9,25.1,,,0,0.01,101.578,1.16,0.772,40,22,0.006,1,282,25.538,93.163,0.097,82.315,,,27.8,78,1
2026-10-07T18:00Z,2026-10-07T19:00Z,a4t:52t,1,36.6,23.3,27.9,17.2,18.3,h,23.3,18.3,,,0.002,0.044,86.376,2.476,0,26,18.3,-0.464,2,280,24.517,96.556,0.875,324.521,,,,,1
2026-10-07T18:00Z,2026-10-07T21:00Z,a4t:52t,3,35.55,23.1,29.7,18.5,18.4,h,23.1,18.4,,,0.002,0.15,135.945,3.496,0,26,18.3,-0.464,4,280,24.367,94.817,1.53,335.459,,,,,1
2026-10-07T18:00Z,2026-10-08T00:00Z,a4t:52t,6,29.25,19.4,31.7,19.9,18.5,h,19.4,18.5,,,0,0.302,180.889,4.15,0.014,26,18.3,-0.464,7,281,24.875,93.848,2.148,355.199,,,,,1
2026-10-07T18:00Z,2026-10-08T06:00Z,a4t:52t,12,29.35,20.5,33.2,21.3,18.8,h,20.5,18.8,,,0.002,0.144,1239.799,1.627,0.065,26,18.3,-0.464,13,281,31.606,62.825,1.265,27.646,,,,,1
2026-10-07T18:00Z,2026-10-08T18:00Z,a4t:52t,24,33.05,25,33.2,23.3,19.9,h,25,19.9,,,0.001,0.028,68.591,1.955,0,26,18.3,-0.464,1,281,25.585,94.785,0.683,303.36,,,,,1
2026-10-07T18:00Z,2026-10-09T18:00Z,a4t:52t,48,31.85,26.9,28.1,22.7,20.5,h,26.9,20.5,,,0,0.01,98.604,0.983,0.854,26,18.3,-0.464,1,282,25.499,93.379,0.052,74.909,,,,,1
2026-10-07T18:00Z,2026-10-07T19:00Z,a4t:53t,1,36.6,28,27.9,21,20.1,h,28,20.1,,,0.002,0.055,77.41,2.163,0,28,20.1,-0.275,2,280,24.524,96.71,0.766,321.445,,,29.4,29,1
2026-10-07T18:00Z,2026-10-07T21:00Z,a4t:53t,3,35.55,27.5,29.7,22.5,20.3,h,27.5,20.3,,,0.002,0.187,125.887,3.271,0,28,20.1,-0.275,4,280,24.312,95.024,1.402,330.399,,,29.4,29,1
2026-10-07T18:00Z,2026-10-08T00:00Z,a4t:53t,6,29.25,23,31.7,24.1,20.5,h,23,20.5,,,0,0.383,167.329,3.83,0.008,28,20.1,-0.275,7,281,24.858,94.027,1.997,353.249,,,29.4,29,1
2026-10-07T18:00Z,2026-10-08T06:00Z,a4t:53t,12,29.35,23.7,33.2,25.6,21.2,h,23.7,21.2,,,0.003,0.139,1262.056,1.364,0.053,28,20.1,-0.275,13,281,31.698,62.425,1.049,23.586,,,29.4,29,1
2026-10-07T18:00Z,2026-10-08T18:00Z,a4t:53t,24,33.05,28,33.2,26.9,22.3,h,28,22.3,,,0.001,0.027,60.914,1.546,0,28,20.1,-0.275,1,281,25.685,95.022,0.491,299.192,,,29.4,29,1
2026-10-07T18:00Z,2026-10-09T18:00Z,a4t:53t,48,31.85,28.8,28.1,24.7,22.4,h,28.8,22.4,,,0,0.01,94.759,1.287,0.691,28,20.1,-0.275,1,282,25.59,93.131,0.218,97.285,,,29.4,29,1
2026-10-07T18:00Z,2026-10-07T19:00Z,a4t:59t,1,36.6,18,27.9,13.1,12.4,h,18,12.4,,,0.002,0.056,81.448,2.297,0,17,12.4,-0.726,2,280,24.531,96.709,0.817,322.096,0.3,125,26.5,99,1
2026-10-07T18:00Z,2026-10-07T21:00Z,a4t:59t,3,35.55,18,29.7,14,12.5,h,18,12.5,,,0.002,0.188,131.332,3.371,0,17,12.4,-0.726,4,280,24.343,94.972,1.468,332.465,0.3,125,26.5,99,1
2026-10-07T18:00Z,2026-10-08T00:00Z,a4t:59t,6,29.25,15.4,31.7,15.2,12.7,h,15.4,12.7,,,0,0.349,173.344,3.957,0.01,17,12.4,-0.726,7,281,24.869,93.946,2.059,354.412,0.3,125,26.5,99,1
2026-10-07T18:00Z,2026-10-08T06:00Z,a4t:59t,12,29.35,16.6,33.2,16.6,13.2,h,16.6,13.2,,,0.003,0.138,1254.779,1.492,0.058,17,12.4,-0.726,13,281,31.683,62.395,1.151,26.372,0.3,125,26.5,99,1
2026-10-07T18:00Z,2026-10-08T18:00Z,a4t:59t,24,33.05,21.3,33.2,19,14.5,h,21.3,14.5,,,0.001,0.027,64.509,1.74,0,17,12.4,-0.726,1,281,25.64,94.998,0.586,299.58,0.3,125,26.5,99,1
2026-10-07T18:00Z,2026-10-09T18:00Z,a4t:59t,48,31.85,24.4,28.1,20,16.2,h,24.4,16.2,,,0,0.01,93.74,1.09,0.777,17,12.4,-0.726,1,282,25.548,93.298,0.099,91.01,0.3,125,26.5,99,1
2026-10-07T18:00Z,2026-10-07T19:00Z,a4t:61t,1,36.95,37.3,18.7,18.9,16,h,37.3,16,,,0.002,0.046,76.498,2.139,0,26,16,0.01,2,280,24.506,96.606,0.748,323.262,,,,,1
2026-10-07T18:00Z,2026-10-07T21:00Z,a4t:61t,3,44.7,45.1,21.8,22,16.3,h,45.1,16.3,,,0.002,0.16,123.228,3.244,0,26,16,0.01,4,280,24.298,94.959,1.371,330.639,,,,,1
2026-10-07T18:00Z,2026-10-08T00:00Z,a4t:61t,6,50.2,50.6,27,27.3,17.1,h,50.6,17.1,,,0,0.371,166.162,3.833,0.009,26,16,0.01,7,281,24.852,94.035,1.996,352.953,,,,,1
2026-10-07T18:00Z,2026-10-08T06:00Z,a4t:61t,12,17.65,17.8,30.3,30.6,19,h,17.8,19,,,0.004,0.145,1259.115,1.324,0.053,26,16,0.01,13,281,31.658,62.745,1.022,21.153,,,,,1
2026-10-07T18:00Z,2026-10-08T18:00Z,a4t:61t,24,60.75,61.1,36.4,36.7,22.6,h,61.1,22.6,,,0.001,0.028,59.812,1.478,0,26,16,0.01,1,281,25.696,94.884,0.452,302.613,,,,,1
2026-10-07T18:00Z,2026-10-09T18:00Z,a4t:61t,48,27.4,27.5,30.2,30.4,23.2,h,27.5,23.2,,,0,0.01,100.181,1.407,0.649,26,16,0.01,1,282,25.604,92.957,0.27,94.983,,,,,1
2026-10-07T18:00Z,2026-10-07T19:00Z,a4t:o10,1,36.95,45.4,18.7,23.4,18.2,h,45.4,18.2,,,0.002,0.046,74.007,2.055,0,29,18.1,0.215,2,280,24.503,96.616,0.718,322.682,,,,,1
2026-10-07T18:00Z,2026-10-07T21:00Z,a4t:o10,3,44.7,54.5,21.8,27.1,18.5,h,54.5,18.5,,,0.003,0.159,120.005,3.184,0,29,18.1,0.215,4,280,24.279,94.999,1.333,329.22,,,,,1
2026-10-07T18:00Z,2026-10-08T00:00Z,a4t:o10,6,50.2,60.4,27,33.4,19.4,h,60.4,19.4,,,0,0.392,162.433,3.753,0.008,29,18.1,0.215,7,281,24.845,94.086,1.957,352.186,,,,,1
2026-10-07T18:00Z,2026-10-08T06:00Z,a4t:o10,12,17.65,20.9,30.3,37,22,h,20.9,22,,,0.004,0.144,1264.041,1.25,0.05,29,18.1,0.215,13,281,31.671,62.735,0.963,19.133,,,,,1
2026-10-07T18:00Z,2026-10-08T18:00Z,a4t:o10,24,60.75,69,36.4,42.9,26,h,69,26,,,0.001,0.028,57.623,1.36,0,29,18.1,0.215,1,281,25.725,94.913,0.398,302.232,,,,,1
2026-10-07T18:00Z,2026-10-09T18:00Z,a4t:o10,48,27.4,29.6,30.2,33.5,25.8,h,29.6,25.8,,,0,0.01,100.302,1.524,0.598,29,18.1,0.215,1,282,25.629,92.868,0.344,98.225,,,,,1
2026-10-07T18:00Z,2026-10-07T19:00Z,a4t:79t,1,11.55,29.8,13.8,37.3,31.5,h,29.8,31.5,,,0,0.118,73.723,2.474,0,40,31.6,0.957,2,280,22.837,97.964,0.868,323.392,,,,,1
2026-10-07T18:00Z,2026-10-07T21:00Z,a4t:79t,3,10.9,27.2,13.2,35.5,31.4,h,27.2,31.4,,,0,0.039,116.003,3.153,0,40,31.6,0.957,4,280,22.741,96.381,1.369,343.421,,,,,1
2026-10-07T18:00Z,2026-10-08T00:00Z,a4t:79t,6,7.050000000000001,17.1,12.6,33.7,30.8,h,17.1,30.8,,,0,0.015,131.641,3.173,0,40,31.6,0.957,7,281,23.273,93.914,1.408,8.856,,,,,1
2026-10-07T18:00Z,2026-10-08T06:00Z,a4t:79t,12,11.55,24.7,12.2,31.1,30.4,h,24.7,30.4,,,0,0.019,1058.357,2.58,0.054,40,31.6,0.957,13,281,29.392,66.769,2.034,60.237,,,,,1
2026-10-07T18:00Z,2026-10-08T18:00Z,a4t:79t,24,11.45,20.7,11.1,23.7,29.1,h,20.7,29.1,,,0,0.01,62.536,2.331,0,40,31.6,0.957,1,281,23.339,97.681,1.31,288.011,,,,,1
2026-10-07T18:00Z,2026-10-09T18:00Z,a4t:79t,48,13.149999999999999,18.8,12.2,19.2,25.4,h,18.8,25.4,,,0,0.007,31.879,0.512,1.034,40,31.6,0.957,1,282,24.259,90.397,0.64,348.292,,,,,1
2026-10-07T18:00Z,2026-10-07T19:00Z,a4t:107t,1,12.75,20.1,10.4,16.8,13.3,h,20.1,13.3,,,0,0.007,219.245,3.92,0,20,13.3,0.455,2,280,23.113,84.889,1.598,67.745,1.7,87,25.2,72,1
2026-10-07T18:00Z,2026-10-07T21:00Z,a4t:107t,3,14.3,22,10.7,17.4,13.4,h,22,13.4,,,0,0.011,153.7,3.472,0,20,13.3,0.455,4,280,22.39,85.131,1.383,62.321,1.7,87,25.2,72,1
2026-10-07T18:00Z,2026-10-08T00:00Z,a4t:107t,6,15.4,23.1,11.4,18.2,13.6,h,23.1,13.6,,,0,0.018,177.038,3.465,0,20,13.3,0.455,7,281,22.961,83.134,1.613,45.646,1.7,87,25.2,72,1
2026-10-07T18:00Z,2026-10-08T06:00Z,a4t:107t,12,12.55,18,12.6,19.6,14.6,h,18,14.6,,,0,0.032,1160.956,3.523,0.027,20,13.3,0.455,13,281,29.954,56.604,2.82,25,1.7,87,25.2,72,1
2026-10-07T18:00Z,2026-10-08T18:00Z,a4t:107t,24,14.5,19.2,13.7,19.7,15.4,h,19.2,15.4,,,0,0.028,154.944,3.887,0,20,13.3,0.455,1,281,23.741,85.505,1.519,75.816,1.7,87,25.2,72,1
2026-10-07T18:00Z,2026-10-09T18:00Z,a4t:107t,48,7.75,9.3,13.9,17.5,15.4,h,9.3,15.4,,,0,0.002,378.449,5.299,0.19,20,13.3,0.455,1,282,23.726,87.98,2.747,40.582,1.7,87,25.2,72,1
2026-10-07T18:00Z,2026-10-07T19:00Z,a4t:94t,1,9.1,11.7,10.6,13.8,11.2,h,11.7,11.2,,,0,0,87.113,2.932,0,7,11.2,0.24,2,280,24.289,97.62,1.428,325.326,0.9,228,,,1
2026-10-07T18:00Z,2026-10-07T21:00Z,a4t:94t,3,8.5,10.8,10.2,13.2,11.2,h,10.8,11.2,,,0,0,110,3.952,0,7,11.2,0.24,4,280,23.829,97.81,2.016,329.381,0.9,228,,,1
2026-10-07T18:00Z,2026-10-08T00:00Z,a4t:94t,6,6.95,8.7,9.5,12.3,11.2,h,8.7,11.2,,,0,0.001,119.484,3.781,0,7,11.2,0.24,7,281,24.041,92.39,2.049,328.23,0.9,228,,,1
2026-10-07T18:00Z,2026-10-08T06:00Z,a4t:94t,12,6.7,8.2,8.6,11,10.9,h,8.2,10.9,,,0,0.003,1007.481,1.039,0.1,7,11.2,0.24,13,281,30.386,70.993,0.853,35.418,0.9,228,,,1
2026-10-07T18:00Z,2026-10-08T18:00Z,a4t:94t,24,11.7,13.6,7.8,9.5,10.7,h,13.6,10.7,,,0,0.001,32.883,1.594,0,7,11.2,0.24,1,281,25.315,94.633,0.549,249.11,0.9,228,,,1
2026-10-07T18:00Z,2026-10-09T18:00Z,a4t:94t,48,16.05,17.6,12.1,13.6,12.4,h,17.6,12.4,,,0,0.004,40.917,2.577,0,7,11.2,0.24,1,282,26.046,92.488,1.201,284.28,0.9,228,,,1
2026-10-07T18:00Z,2026-10-07T19:00Z,a4t:46t,1,13.6,17.2,11.7,15,16,h,17.2,16,,,0,0.001,155.753,3.449,0,22,16,0.235,2,280,23.199,85.335,1.349,62.583,,,,,1
2026-10-07T18:00Z,2026-10-07T21:00Z,a4t:46t,3,12.5,15.7,12.2,15.6,16,h,15.7,16,,,0,0.005,99.18,2.823,0,22,16,0.235,4,280,22.329,87.145,1.097,58.616,,,,,1
2026-10-07T18:00Z,2026-10-08T00:00Z,a4t:46t,6,13.149999999999999,16.3,12.7,16.2,16,h,16.3,16,,,0,0.018,158.074,3.101,0,22,16,0.235,7,281,22.935,83.824,1.492,51.686,,,,,1
2026-10-07T18:00Z,2026-10-08T06:00Z,a4t:46t,12,16.45,19.8,14.1,17.7,16.3,h,19.8,16.3,,,0,0.039,1157.964,3.715,0.081,22,16,0.235,13,281,29.899,56.275,2.963,25.14,,,,,1
2026-10-07T18:00Z,2026-10-08T18:00Z,a4t:46t,24,18.35,21.2,15.9,19.1,17,h,21.2,17,,,0,0.015,58.579,2.989,0,22,16,0.235,1,281,23.393,85.836,0.938,76.143,,,,,1
2026-10-07T18:00Z,2026-10-09T18:00Z,a4t:46t,48,10.5,11.5,15.7,17.6,16.8,h,11.5,16.8,,,0,0.005,366.378,4.882,0.324,22,16,0.235,1,282,23.834,84.714,2.504,39.171,,,,,1
2026-10-07T18:00Z,2026-10-07T19:00Z,a4t:100t,1,9.25,5,8.6,4.5,6.8,h,5,6.8,,,0,0,151.874,2.75,0,5,6.8,-0.561,2,280,24.814,92.288,2.006,35.25,,,26.7,82,1
2026-10-07T18:00Z,2026-10-07T21:00Z,a4t:100t,3,8.15,4.5,9.1,4.8,6.8,h,4.5,6.8,,,0,0,166.5,1.276,0.035,5,6.8,-0.561,4,280,24.311,92.092,0.684,352.048,,,26.7,82,1
2026-10-07T18:00Z,2026-10-08T00:00Z,a4t:100t,6,4.25,2.2,9.5,5.1,6.7,h,2.2,6.7,,,0,0,266.622,3.428,0.004,5,6.8,-0.561,7,281,25.347,89.578,2.448,15.485,,,26.7,82,1
2026-10-07T18:00Z,2026-10-08T06:00Z,a4t:100t,12,6.4,3.8,8.8,4.8,6.3,h,3.8,6.3,,,0,0.001,924.393,3.492,0.049,5,6.8,-0.561,13,281,30.059,67.445,2.765,13.113,,,26.7,82,1
2026-10-07T18:00Z,2026-10-08T18:00Z,a4t:100t,24,5.2,3.4,6.1,3.6,5.8,h,3.4,5.8,,,0,0.008,241.958,3.095,0,5,6.8,-0.561,1,281,25.396,88.494,2.203,33.846,,,26.7,82,1
2026-10-07T18:00Z,2026-10-09T18:00Z,a4t:100t,48,2.95,2.2,5.5,4,5.4,h,2.2,5.4,,,0,0.005,178.93,3.688,0,5,6.8,-0.561,1,282,25.521,90.636,2.625,53.312,,,26.7,82,1
2026-10-07T18:00Z,2026-10-07T19:00Z,a4t:60t,1,23.6,27.4,11.8,13.9,12.2,h,27.4,12.2,,,0,0.015,47.199,1.504,0,22,12.2,0.152,2,280,24.197,95.613,0.692,350.968,,,,,1
2026-10-07T18:00Z,2026-10-07T21:00Z,a4t:60t,3,27.95,32.2,13.6,16,12.4,h,32.2,12.4,,,0.001,0.015,65.25,2.069,0,22,12.2,0.152,4,280,23.977,94.488,0.723,331.279,,,,,1
2026-10-07T18:00Z,2026-10-08T00:00Z,a4t:60t,6,36.3,41.4,17.1,19.8,12.9,h,41.4,12.9,,,0.003,0.048,119.775,2.901,0,22,12.2,0.152,7,281,24.775,93.503,1.598,357.46,,,,,1
2026-10-07T18:00Z,2026-10-08T06:00Z,a4t:60t,12,9.350000000000001,10.6,17.8,20.6,13.9,h,10.6,13.9,,,0.003,0.051,1270.257,1.696,0.114,22,12.2,0.152,13,281,31.419,63.052,1.289,14.743,,,,,1
2026-10-07T18:00Z,2026-10-08T18:00Z,a4t:60t,24,24.9,27.3,20.5,23.1,15.7,h,27.3,15.7,,,0.001,0.029,34.188,0.992,0,22,12.2,0.152,1,281,25.358,93.312,0.689,25.855,,,,,1
2026-10-07T18:00Z,2026-10-09T18:00Z,a4t:60t,48,11.95,12.7,14.5,15.6,13.9,h,12.7,13.9,,,0,0.011,128.448,2.827,0,22,12.2,0.152,1,282,25.567,90.944,1.223,89.634,,,,,1
2026-10-07T18:00Z,2026-10-07T19:00Z,a4t:33t,1,14.9,22.4,10.8,16.8,12.5,h,22.4,12.5,,,0,0.009,73.072,3.692,0,20,12.5,0.414,2,280,24.064,94.426,1.867,19.225,,,,,1
2026-10-07T18:00Z,2026-10-07T21:00Z,a4t:33t,3,17.35,25.6,11.9,18.4,12.6,h,25.6,12.6,,,0,0.01,83.513,3.571,0,20,12.5,0.414,4,280,24.181,92.579,1.588,3.975,,,,,1
2026-10-07T18:00Z,2026-10-08T00:00Z,a4t:33t,6,23.35,33.6,14,21.3,13,h,33.6,13,,,0,0.016,167.564,5.009,0,20,12.5,0.414,7,281,24.92,93.088,2.702,11.866,,,,,1
2026-10-07T18:00Z,2026-10-08T06:00Z,a4t:33t,12,7.800000000000001,11,14.1,21.1,14,h,11,14,,,0.001,0.04,1140.612,2.127,0.088,20,12.5,0.414,13,281,30.561,68.691,1.813,345.229,,,,,1
2026-10-07T18:00Z,2026-10-08T18:00Z,a4t:33t,24,19.45,25,14.6,20.3,15,h,25,15,,,0.001,0.044,47,2.884,0,20,12.5,0.414,1,281,25.534,90.409,1.513,25.306,,,,,1
2026-10-07T18:00Z,2026-10-09T18:00Z,a4t:33t,48,5.75,6.8,11.7,14.5,13.5,h,6.8,13.5,,,0,0.006,264.045,4.924,0,20,12.5,0.414,1,282,25.765,87.031,2.603,67.773,,,,,1
2026-10-07T18:00Z,2026-10-07T19:00Z,a4t:34t,1,16.75,14.6,12.8,11,13.4,h,14.6,13.4,,,0,0.015,66.941,2.622,0,7,13.4,-0.138,2,280,24.245,95.071,1.265,8.369,,,,,1
2026-10-07T18:00Z,2026-10-07T21:00Z,a4t:34t,3,18.3,16,14,12.1,13.6,h,16,13.6,,,0,0.016,88.143,3.084,0,7,13.4,-0.138,4,280,24.198,93.438,1.195,346.777,,,,,1
2026-10-07T18:00Z,2026-10-08T00:00Z,a4t:34t,6,27.95,24.8,16.4,14.2,14,h,24.8,14,,,0.002,0.058,156.732,4.257,0.001,7,13.4,-0.138,7,281,24.891,93.708,2.274,2.012,,,,,1
2026-10-07T18:00Z,2026-10-08T06:00Z,a4t:34t,12,18.95,17,19.8,17.3,14.9,h,17,14.9,,,0.002,0.089,1194.224,1.487,0.065,7,13.4,-0.138,13,281,30.971,67.147,1.284,334.571,,,,,1
2026-10-07T18:00Z,2026-10-08T18:00Z,a4t:34t,24,29.25,26.9,22.7,20.4,15.6,h,26.9,15.6,,,0.001,0.043,44.094,1.829,0,7,13.4,-0.138,1,281,25.829,92.168,1.045,20.951,,,,,1
2026-10-07T18:00Z,2026-10-09T18:00Z,a4t:34t,48,10.35,9.8,22.7,21.2,17.3,h,9.8,17.3,,,0,0.008,215.742,4.018,0.031,7,13.4,-0.138,1,282,25.881,88.645,1.978,78.429,,,,,1
2026-10-07T18:00Z,2026-10-07T19:00Z,a4t:o61,1,16.75,20.9,12.8,16.2,10,h,20.9,10,,,0,0.012,78.877,3.506,0,19,10,0.224,2,280,24.158,94.367,1.684,12.792,,,,,1
2026-10-07T18:00Z,2026-10-07T21:00Z,a4t:o61,3,18.3,22.6,14,17.7,10.2,h,22.6,10.2,,,0,0.012,94.277,3.63,0,19,10,0.224,4,280,24.265,92.611,1.547,357.755,,,,,1
2026-10-07T18:00Z,2026-10-08T00:00Z,a4t:o61,6,27.95,34,16.4,20.6,10.6,h,34,10.6,,,0.001,0.026,176.406,4.987,0.007,19,10,0.224,7,281,24.939,93.291,2.633,6.484,,,,,1
2026-10-07T18:00Z,2026-10-08T06:00Z,a4t:o61,12,18.95,22.6,19.8,24.4,12.7,h,22.6,12.7,,,0.001,0.072,1137.451,1.823,0.089,19,10,0.224,13,281,30.612,69.079,1.569,339.445,,,,,1
2026-10-07T18:00Z,2026-10-08T18:00Z,a4t:o61,24,29.25,33.5,22.7,27,15.4,h,33.5,15.4,,,0.001,0.049,51.882,2.638,0,19,10,0.224,1,281,25.703,90.931,1.292,17.293,,,,,1
2026-10-07T18:00Z,2026-10-09T18:00Z,a4t:o61,48,10.35,11.3,22.7,25.4,17.7,h,11.3,17.7,,,0,0.007,258.752,4.57,0.111,19,10,0.224,1,282,25.821,87.643,2.36,67.048,,,,,1
2026-10-07T18:00Z,2026-10-07T19:00Z,a4t:117t,1,12.35,12.7,13.4,13.8,9.4,h,12.7,9.4,,,0,0.016,118.345,4.038,0,12,9.4,0.026,2,280,24.549,97.078,1.873,352.07,1.2,341,27.7,81,1
2026-10-07T18:00Z,2026-10-07T21:00Z,a4t:117t,3,12.5,12.8,13.5,13.8,9.5,h,12.8,9.5,,,0,0.059,138.74,4.437,0,12,9.4,0.026,4,280,24.236,96.546,2.116,3.598,1.2,341,27.7,81,1
2026-10-07T18:00Z,2026-10-08T00:00Z,a4t:117t,6,11.45,11.7,13.4,13.8,9.6,h,11.7,9.6,,,0,0.064,174.372,3.627,0,12,9.4,0.026,7,281,24.873,92.877,2.121,12.605,1.2,341,27.7,81,1
2026-10-07T18:00Z,2026-10-08T06:00Z,a4t:117t,12,9.55,9.8,11.9,12.2,9.9,h,9.8,9.9,,,0,0.011,1176.205,2.519,0,12,9.4,0.026,13,281,31.379,63.165,2.042,39.005,1.2,341,27.7,81,1
2026-10-07T18:00Z,2026-10-08T18:00Z,a4t:117t,24,14.65,14.9,10.7,11,9.9,h,14.9,9.9,,,0,0.004,79.308,3.377,0,12,9.4,0.026,1,281,25.451,94.628,1.492,336.65,1.2,341,27.7,81,1
2026-10-07T18:00Z,2026-10-09T18:00Z,a4t:117t,48,18.85,19,12.9,13.1,11.2,h,19,11.2,,,0,0.011,53.061,2.664,0,12,9.4,0.026,1,282,26.192,91.007,1.028,35.907,1.2,341,27.7,81,1
2026-10-07T18:00Z,2026-10-07T19:00Z,a4t:108t,1,9.8,17.3,9.3,17,12.3,h,17.3,12.3,,,0,0.001,64.242,3.184,0,31,12.3,0.56,2,280,23.315,80.265,1.262,36.184,,,,,1
2026-10-07T18:00Z,2026-10-07T21:00Z,a4t:108t,3,8.55,14.8,9.7,17.6,12.3,h,14.8,12.3,,,0,0.001,74.983,3.775,0,31,12.3,0.56,4,280,22.927,81.803,1.494,25.194,,,,,1
2026-10-07T18:00Z,2026-10-08T00:00Z,a4t:108t,6,7.550000000000001,12.7,9.9,17.9,12.4,h,12.7,12.4,,,0,0.001,208.356,4.346,0,31,12.3,0.56,7,281,23.67,82.831,2.234,63.645,,,,,1
2026-10-07T18:00Z,2026-10-08T06:00Z,a4t:108t,12,11.3,17.7,9.8,17.1,13,h,17.7,13,,,0,0.011,1096.834,4.033,0.152,31,12.3,0.56,13,281,29.868,59.784,3.162,60.022,,,,,1
2026-10-07T18:00Z,2026-10-08T18:00Z,a4t:108t,24,12.8,18.1,11,17.2,13.9,h,18.1,13.9,,,0,0.02,62.177,3.422,0,31,12.3,0.56,1,281,23.36,83.417,1.27,48.643,,,,,1
2026-10-07T18:00Z,2026-10-09T18:00Z,a4t:108t,48,12.05,14.9,13.3,17.4,14.8,h,14.9,14.8,,,0,0.013,336.155,5.526,0,31,12.3,0.56,1,282,23.767,82.747,2.571,55.55,,,,,1
2026-10-07T18:00Z,2026-10-07T19:00Z,a4t:118t,1,2.9,6.8,4.8,11.3,14.8,h,6.8,14.8,,,0,0,142.382,2.319,0.019,8,14.8,0.744,2,280,24.069,96.062,1.332,0.967,0.8,274,26.2,89,1
2026-10-07T18:00Z,2026-10-07T21:00Z,a4t:118t,3,2.8,6.4,4.6,10.6,14.8,h,6.4,14.8,,,0,0,144.526,2.438,0.019,8,14.8,0.744,4,280,23.914,95.986,1.421,359.354,0.8,274,26.2,89,1
2026-10-07T18:00Z,2026-10-08T00:00Z,a4t:118t,6,3.05,6.6,4.2,9.8,14.6,h,6.6,14.6,,,0,0,123.183,1.531,0.329,8,14.8,0.744,7,281,24.231,94.737,1.036,17.125,0.8,274,26.2,89,1
2026-10-07T18:00Z,2026-10-08T06:00Z,a4t:118t,12,5.1,9.6,3.8,8.4,14,h,9.6,14,,,0,0,803.987,2.445,0.223,8,14.8,0.744,13,281,28.589,76.074,2.025,34.994,0.8,274,26.2,89,1
2026-10-07T18:00Z,2026-10-08T18:00Z,a4t:118t,24,7.25,11.7,4.9,9.1,13,h,11.7,13,,,0,0,150.929,2.19,0.019,8,14.8,0.744,1,281,24.099,94.144,1.267,320.456,0.8,274,26.2,89,1
2026-10-07T18:00Z,2026-10-09T18:00Z,a4t:118t,48,10.149999999999999,13.5,9.2,13.2,14,h,13.5,14,,,0,0.004,96.961,2.172,0.235,8,14.8,0.744,1,282,24.271,93.177,1.321,354.107,0.8,274,26.2,89,1
2026-10-07T18:00Z,2026-10-07T19:00Z,a4t:93t,1,10.55,27.2,,,,h,27.2,,,,0,0,120.327,1.217,0.035,,,0.991,2,280,24.868,94.295,0.691,329.501,,,,,1
2026-10-07T18:00Z,2026-10-07T21:00Z,a4t:93t,3,11.4,28.2,,,,h,28.2,,,,0,0,117.362,0.883,0.23,,,0.991,4,280,24.473,94.767,0.729,310.932,,,,,1
2026-10-07T18:00Z,2026-10-08T00:00Z,a4t:93t,6,10.2,24,,,,h,24,,,,0,0,164.538,1.483,0.018,,,0.991,7,281,24.93,93.154,0.891,292.254,,,,,1
2026-10-07T18:00Z,2026-10-08T06:00Z,a4t:93t,12,7.65,16.6,,,,h,16.6,,,,0,0,700.656,3.258,3.042,,,0.991,13,281,28.058,80.85,2.518,260.289,,,,,1
2026-10-07T18:00Z,2026-10-08T18:00Z,a4t:93t,24,5.5,10.3,,,,h,10.3,,,,0,0,188.752,1.846,0.326,,,0.991,1,281,24.573,94.825,0.992,302.937,,,,,1
2026-10-07T18:00Z,2026-10-09T18:00Z,a4t:93t,48,6.4,9.3,,,,h,9.3,,,,0,0.001,117.812,0.533,0.513,,,0.991,1,282,24.673,94.981,0.619,295.812,,,,,1
2026-10-07T18:00Z,2026-10-07T19:00Z,a4t:87t,1,3.4000000000000004,6.7,5.2,10.3,13,h,6.7,13,,,0,0.001,162.83,3.053,0,10,13,0.599,2,280,24.277,93.223,2.387,27.6,,,,,1
2026-10-07T18:00Z,2026-10-07T21:00Z,a4t:87t,3,3.1,6,5.3,10.4,12.9,h,6,12.9,,,0,0,178.637,1.613,0.036,10,13,0.599,4,280,23.771,93.476,1.359,332.117,,,,,1
2026-10-07T18:00Z,2026-10-08T00:00Z,a4t:87t,6,2.6,5,5.5,10.7,12.8,h,5,12.8,,,0,0,269.115,3.296,0.04,10,13,0.599,7,281,24.906,91.113,2.551,13.064,,,,,1
2026-10-07T18:00Z,2026-10-08T06:00Z,a4t:87t,12,5.75,9.6,5.3,10.1,12.1,h,9.6,12.1,,,0,0.001,699.058,1.854,0.481,10,13,0.599,13,281,28.675,74.263,1.514,351.756,,,,,1
2026-10-07T18:00Z,2026-10-08T18:00Z,a4t:87t,24,2.5999999999999996,4.1,4.6,7.8,11.3,h,4.1,11.3,,,0,0.003,259.126,3.531,0,10,13,0.599,1,281,24.999,91.541,2.57,24.428,,,,,1
2026-10-07T18:00Z,2026-10-09T18:00Z,a4t:87t,48,3.2,4.2,3.9,5.4,9.2,h,4.2,9.2,,,0,0.003,241.662,4.585,0,10,13,0.599,1,282,25.056,92.858,3.302,41.052,,,,,1
2026-10-07T18:00Z,2026-10-07T19:00Z,a4t:105t,1,15.149999999999999,10.9,8.5,5.9,11.7,h,10.9,11.7,,,0.005,0.027,47.073,0.914,0,6,11.7,-0.328,2,280,24.529,94.809,0.465,315.862,0.6,82,22.2,91,1
2026-10-07T18:00Z,2026-10-07T21:00Z,a4t:105t,3,15.15,11,9.4,6.6,11.8,h,11,11.8,,,0.014,0.085,77.197,1.846,0,6,11.7,-0.328,4,280,24.092,94.476,0.749,315.851,0.6,82,22.2,91,1
2026-10-07T18:00Z,2026-10-08T00:00Z,a4t:105t,6,12.95,9.6,10.4,7.3,11.9,h,9.6,11.9,,,0.025,0.19,114.003,1.983,0,6,11.7,-0.328,7,281,24.743,93.25,1.104,345.359,0.6,82,22.2,91,1
2026-10-07T18:00Z,2026-10-08T06:00Z,a4t:105t,12,10.399999999999999,7.9,11,7.9,11.7,h,7.9,11.7,,,0.004,0.034,1287.068,1.436,0.094,6,11.7,-0.328,13,281,31.682,60.874,1.066,43.042,0.6,82,22.2,91,1
2026-10-07T18:00Z,2026-10-08T18:00Z,a4t:105t,24,12.35,10,12.5,9.6,11,h,10,11,,,0.001,0.014,44.757,0.364,0,6,11.7,-0.328,1,281,25.686,94.068,0.299,95.963,0.6,82,22.2,91,1
2026-10-07T18:00Z,2026-10-09T18:00Z,a4t:105t,48,19.55,17.3,14,12,11.8,h,17.3,11.8,,,0,0.015,150.221,2.526,0,6,11.7,-0.328,1,282,25.762,91.542,0.869,103.329,0.6,82,22.2,91,1
2026-10-07T18:00Z,2026-10-07T19:00Z,a4t:81t,1,21.049999999999997,14.2,,,,h,14.2,,,,0.001,0.055,115.752,3.386,0,,,-0.413,2,280,24.684,97.28,1.287,321.189,,,,,1
2026-10-07T18:00Z,2026-10-07T21:00Z,a4t:81t,3,17.75,12.1,,,,h,12.1,,,,0,0.142,185.232,4.351,0,,,-0.413,4,280,24.662,94.861,2.122,343.974,,,,,1
2026-10-07T18:00Z,2026-10-08T00:00Z,a4t:81t,6,16.4,11.4,,,,h,11.4,,,,0,0.112,223.726,4.979,0.016,,,-0.413,7,281,25.001,93.255,2.53,3.945,,,,,1
2026-10-07T18:00Z,2026-10-08T06:00Z,a4t:81t,12,15.5,11.3,,,,h,11.3,,,,0,0.068,1215.636,2.787,0.095,,,-0.413,13,281,31.779,60.366,2.182,41.442,,,,,1
2026-10-07T18:00Z,2026-10-08T18:00Z,a4t:81t,24,15.75,12.3,,,,h,12.3,,,,0,0.018,96.137,3.49,0,,,-0.413,1,281,25.248,95.467,1.494,293.997,,,,,1
2026-10-07T18:00Z,2026-10-09T18:00Z,a4t:81t,48,26.4,22.8,,,,h,22.8,,,,0,0.009,62.889,1.153,1.617,,,-0.413,1,282,25.193,95.132,1.112,316.186,,,,,1
2026-10-07T18:00Z,2026-10-07T19:00Z,a4t:88t,1,19.5,32,12.9,21.9,18.9,h,32,18.9,,,0,0.016,128.022,3.14,0,33,18.9,0.505,2,280,20.687,81.314,1.466,17.74,,,,,1
2026-10-07T18:00Z,2026-10-07T21:00Z,a4t:88t,3,19.299999999999997,31,13.4,22.6,19.1,h,31,19.1,,,0,0.019,98.483,3.068,0,33,18.9,0.505,4,280,20.187,84.697,1.381,13.109,,,,,1
2026-10-07T18:00Z,2026-10-08T00:00Z,a4t:88t,6,19.4,30.3,14.1,23.6,19.4,h,30.3,19.4,,,0,0.023,179.407,3.757,0,33,18.9,0.505,7,281,21.651,80.274,2.173,359.026,,,,,1
2026-10-07T18:00Z,2026-10-08T06:00Z,a4t:88t,12,14.3,21.3,16.3,26.4,20.6,h,21.3,20.6,,,0,0.041,1182.873,2.88,0.046,33,18.9,0.505,13,281,29.167,56.914,2.164,22.533,,,,,1
2026-10-07T18:00Z,2026-10-08T18:00Z,a4t:88t,24,30.25,40.9,20.5,30.2,22.5,h,40.9,22.5,,,0,0.03,144.619,3.154,0,33,18.9,0.505,1,281,22.105,88.946,1.378,20.932,,,,,1
2026-10-07T18:00Z,2026-10-09T18:00Z,a4t:88t,48,6.800000000000001,8.3,14,18.2,18.5,h,8.3,18.5,,,0,0,299.433,6.125,0,33,18.9,0.505,1,282,21.741,92.953,3.102,40.145,,,,,1
2026-10-07T18:00Z,2026-10-07T19:00Z,a4t:47t,1,13.85,21.6,8,13.1,15.5,h,21.6,15.5,,,0,0.003,53.584,2.971,0,20,15.5,0.448,2,280,23.615,89.016,1.013,30.426,,,,,1
2026-10-07T18:00Z,2026-10-07T21:00Z,a4t:47t,3,14.5,22.2,8.6,13.9,15.5,h,22.2,15.5,,,0,0.003,83.278,3.532,0,20,15.5,0.448,4,280,23.116,91.279,1.281,38.555,,,,,1
2026-10-07T18:00Z,2026-10-08T00:00Z,a4t:47t,6,14.7,21.9,9.7,15.4,15.6,h,21.9,15.6,,,0,0.003,262.797,4.036,0,20,15.5,0.448,7,281,23.792,89.443,1.893,62.051,,,,,1
2026-10-07T18:00Z,2026-10-08T06:00Z,a4t:47t,12,10.899999999999999,15.6,10.7,16.5,15.9,h,15.6,15.9,,,0,0.003,1078.025,3.753,0.197,20,15.5,0.448,13,281,29.917,60.475,2.978,50.674,,,,,1
2026-10-07T18:00Z,2026-10-08T18:00Z,a4t:47t,24,17.85,23.5,13.3,18.9,16.6,h,23.5,16.6,,,0,0.018,47.867,2.755,0,20,15.5,0.448,1,281,24.292,89.493,0.776,72.95,,,,,1
2026-10-07T18:00Z,2026-10-09T18:00Z,a4t:47t,48,10.9,12.9,14.9,18.4,17,h,12.9,17,,,0,0.015,353.054,4.473,0,20,15.5,0.448,1,282,23.885,90.475,2.021,46.503,,,,,1
2026-10-07T18:00Z,2026-10-07T19:00Z,a4t:89t,1,7.300000000000001,22.7,,,,h,22.7,,,,0,0,87.055,2.613,0,,,1.267,2,280,24.503,97.746,1.234,286.952,,,,,1
2026-10-07T18:00Z,2026-10-07T21:00Z,a4t:89t,3,7.7,22.8,,,,h,22.8,,,,0,0,49.149,1.408,0,,,1.267,4,280,24.264,98.151,0.684,287.646,,,,,1
2026-10-07T18:00Z,2026-10-08T00:00Z,a4t:89t,6,8.7,24,,,,h,24,,,,0,0,91.734,2.292,0.049,,,1.267,7,281,24.726,96.071,1.249,289.347,,,,,1
2026-10-07T18:00Z,2026-10-08T06:00Z,a4t:89t,12,8,19.8,,,,h,19.8,,,,0,0,1088.779,2.568,0.308,,,1.267,13,281,30.83,71.653,2.041,303.694,,,,,1
2026-10-07T18:00Z,2026-10-08T18:00Z,a4t:89t,24,5.7,11.8,,,,h,11.8,,,,0,0,99.566,3.281,0,,,1.267,1,281,24.318,97.746,1.463,263.149,,,,,1
2026-10-07T18:00Z,2026-10-09T18:00Z,a4t:89t,48,4.95,7.8,,,,h,7.8,,,,0,0.005,52.317,1.674,0,,,1.267,1,282,24.55,97.614,0.794,241.216,,,,,1
2026-10-07T18:00Z,2026-10-07T19:00Z,a4t:13t,1,48.2,24.4,31.1,15,13.2,h,24.4,13.2,,,0.003,0.085,80.762,2.261,0,23,13.1,-0.703,2,280,24.568,96.96,0.827,318.191,,,,,1
2026-10-07T18:00Z,2026-10-07T21:00Z,a4t:13t,3,37.25,19.3,32.8,16,13.3,h,19.3,13.3,,,0.002,0.257,133.782,3.363,0,23,13.1,-0.703,4,280,24.358,95.148,1.495,330.738,,,,,1
2026-10-07T18:00Z,2026-10-08T00:00Z,a4t:13t,6,27.1,14.5,34.1,16.8,13.6,h,14.5,13.6,,,-0.001,0.376,171.923,3.868,0.007,23,13.1,-0.703,7,281,24.877,93.972,2.021,354.712,,,,,1
2026-10-07T18:00Z,2026-10-08T06:00Z,a4t:13t,12,19.25,11,33.7,17,13.9,h,11,13.9,,,0.003,0.123,1266.513,1.508,0.055,23,13.1,-0.703,13,281,31.785,61.642,1.154,29.128,,,,,1
2026-10-07T18:00Z,2026-10-08T18:00Z,a4t:13t,24,23.85,15.5,28.5,16.4,14.2,h,15.5,14.2,,,0.001,0.024,64.498,1.772,0,23,13.1,-0.703,1,281,25.645,95.324,0.617,292.901,,,,,1
2026-10-07T18:00Z,2026-10-09T18:00Z,a4t:13t,48,41.9,32.5,25,18.2,15.6,h,32.5,15.6,,,0,0.011,82.673,0.974,0.812,23,13.1,-0.703,1,282,25.55,93.534,0.195,102.652,,,,,1
2026-10-07T18:00Z,2026-10-07T19:00Z,a4t:22t,1,48.2,30.6,31.1,19.1,18.4,h,30.6,18.4,,,0.003,0.116,79.123,2.206,0,30,18.3,-0.472,2,280,24.594,97.145,0.826,314.861,,,,,1
2026-10-07T18:00Z,2026-10-07T21:00Z,a4t:22t,3,37.25,24,32.8,20.3,18.5,h,24,18.5,,,0.002,0.314,134.077,3.332,0,30,18.3,-0.472,4,280,24.361,95.295,1.499,328.828,,,,,1
2026-10-07T18:00Z,2026-10-08T00:00Z,a4t:22t,6,27.1,17.9,34.1,21.2,18.7,h,17.9,18.7,,,-0.001,0.401,169.178,3.765,0.004,30,18.3,-0.472,7,281,24.879,94.015,1.976,354.571,,,,,1
2026-10-07T18:00Z,2026-10-08T06:00Z,a4t:22t,12,19.25,13.2,33.7,21.4,18.9,h,13.2,18.9,,,0.003,0.11,1277.298,1.484,0.051,30,18.3,-0.472,13,281,31.865,61.094,1.128,30.575,,,,,1
2026-10-07T18:00Z,2026-10-08T18:00Z,a4t:22t,24,23.85,17.9,28.5,19.7,18.8,h,17.9,18.8,,,0.001,0.023,63.492,1.76,0,30,18.3,-0.472,1,281,25.662,95.576,0.62,287.669,,,,,1
2026-10-07T18:00Z,2026-10-09T18:00Z,a4t:22t,48,41.9,35.3,25,20.2,19.2,h,35.3,19.2,,,0,0.011,74.631,0.981,0.814,30,18.3,-0.472,1,282,25.562,93.669,0.298,113.951,,,,,1
2026-10-07T18:00Z,2026-10-07T19:00Z,a4t:62t,1,30.15,40.4,,,,h,40.4,,,,0,0.004,184.1,1.752,0.073,,,0.316,2,280,25.065,93.02,1.347,293.304,,,,,1
2026-10-07T18:00Z,2026-10-07T21:00Z,a4t:62t,3,29.65,39.3,,,,h,39.3,,,,0,0.004,280.93,1.548,0,,,0.316,4,280,25.282,91.312,1.53,299.389,,,,,1
2026-10-07T18:00Z,2026-10-08T00:00Z,a4t:62t,6,29.15,38,,,,h,38,,,,0,0.004,232.093,1.544,0.078,,,0.316,7,281,25.706,89.214,1.272,272.067,,,,,1
2026-10-07T18:00Z,2026-10-08T06:00Z,a4t:62t,12,37.1,46.8,,,,h,46.8,,,,0,0.002,487.271,1.407,0.148,,,0.316,13,281,28.734,77.071,1.337,303.573,,,,,1
2026-10-07T18:00Z,2026-10-08T18:00Z,a4t:62t,24,22,26.4,,,,h,26.4,,,,0,0,257.815,2.474,0.121,,,0.316,1,281,25.766,91.67,1.961,256.81,,,,,1
2026-10-07T18:00Z,2026-10-09T18:00Z,a4t:62t,48,4.05,4.6,,,,h,4.6,,,,0,0,233.319,2.328,0.233,,,0.316,1,282,25.64,91.89,2.048,252.787,,,,,1
2026-10-07T18:00Z,2026-10-07T19:00Z,a4t:106t,1,10.55,5.5,5.3,2.4,5,h,5.5,5,,,0,0.013,68.59,1.18,0,12,5,-0.62,2,280,19.563,79.185,0.608,32.284,1.2,102,27.4,66,1
2026-10-07T18:00Z,2026-10-07T21:00Z,a4t:106t,3,10.3,5.5,5.6,2.6,5,h,5.5,5,,,0,0.017,44.845,0.704,0,12,5,-0.62,4,280,18.983,85.083,0.437,58.354,1.2,102,27.4,66,1
2026-10-07T18:00Z,2026-10-08T00:00Z,a4t:106t,6,10.5,5.8,6.2,3,4.9,h,5.8,4.9,,,0,0.022,51.385,1.074,0,12,5,-0.62,7,281,20.191,81.896,0.856,49.779,1.2,102,27.4,66,1
2026-10-07T18:00Z,2026-10-08T06:00Z,a4t:106t,12,12.8,7.7,8.7,4.6,5,h,7.7,5,,,0,0.026,1368.992,0.544,0,12,5,-0.62,13,281,28.024,54.106,0.418,88.907,1.2,102,27.4,66,1
2026-10-07T18:00Z,2026-10-08T18:00Z,a4t:106t,24,18.95,12.9,13.2,8.1,5.8,h,12.9,5.8,,,0,0.033,64.248,1.851,0,12,5,-0.62,1,281,20.221,89.362,0.858,20.119,1.2,102,27.4,66,1
2026-10-07T18:00Z,2026-10-09T18:00Z,a4t:106t,48,21.2,16.8,17.2,12.8,7.7,h,16.8,7.7,,,0,0.002,160.536,3.872,0.024,12,5,-0.62,1,282,21.74,87.328,1.791,40.932,1.2,102,27.4,66,1
2026-10-07T18:00Z,2026-10-07T19:00Z,a4t:101t,1,6.2,15.2,6.1,15.8,13.7,h,15.2,13.7,,,0,0.004,173.161,4.881,0,25,13.7,0.863,2,280,23.826,87.998,2.092,51.423,0.1,324,25.7,83,1
2026-10-07T18:00Z,2026-10-07T21:00Z,a4t:101t,3,6.2,14.7,6.2,15.9,13.8,h,14.7,13.8,,,0,0.004,347.971,5.596,0,25,13.7,0.863,4,280,23.404,88.672,2.662,43.781,0.1,324,25.7,83,1
2026-10-07T18:00Z,2026-10-08T00:00Z,a4t:101t,6,7.8999999999999995,17.5,6.5,16.3,13.9,h,17.5,13.9,,,0,0.007,385.255,5.335,0,25,13.7,0.863,7,281,23.551,83.565,2.644,43.382,0.1,324,25.7,83,1
2026-10-07T18:00Z,2026-10-08T06:00Z,a4t:101t,12,6.4,13.1,7.2,17.1,14.3,h,13.1,14.3,,,0,0.01,1077.24,5.03,0.085,25,13.7,0.863,13,281,29.617,63.062,3.872,38.744,0.1,324,25.7,83,1
2026-10-07T18:00Z,2026-10-08T18:00Z,a4t:101t,24,8.350000000000001,14.4,7.7,15.5,14.3,h,14.4,14.3,,,0,0.009,233.622,4.882,0,25,13.7,0.863,1,281,24.323,87.964,1.993,65.675,0.1,324,25.7,83,1
2026-10-07T18:00Z,2026-10-09T18:00Z,a4t:101t,48,6.25,8.8,9.6,14.9,14.3,h,8.8,14.3,,,0,0.009,258.196,5.146,0,25,13.7,0.863,1,282,23.72,92.473,2.544,28.925,0.1,324,25.7,83,1
2026-10-07T18:00Z,2026-10-07T19:00Z,a4t:20t,1,45.2,57.3,18.5,23.9,22.6,h,57.3,22.6,,,0.004,0.204,72.942,1.973,0,28,22.5,0.247,2,280,24.635,97.169,0.791,309.484,,,,,1
2026-10-07T18:00Z,2026-10-07T21:00Z,a4t:20t,3,49.099999999999994,61.6,21.8,28,22.9,h,61.6,22.9,,,0.001,0.509,127.847,3.147,0,28,22.5,0.247,4,280,24.33,95.469,1.429,324.571,,,,,1
2026-10-07T18:00Z,2026-10-08T00:00Z,a4t:20t,6,45,55.7,26.5,33.8,23.9,h,55.7,23.9,,,0.004,0.53,157.098,3.405,0,28,22.5,0.247,7,281,24.86,94.068,1.807,352.481,,,,,1
2026-10-07T18:00Z,2026-10-08T06:00Z,a4t:20t,12,12.85,15.7,28.4,35.9,25.5,h,15.7,25.5,,,0.004,0.084,1293.616,1.337,0.038,28,22.5,0.247,13,281,31.959,60.517,1.003,32.497,,,,,1
2026-10-07T18:00Z,2026-10-08T18:00Z,a4t:20t,24,49.3,57.1,32,38.8,27.7,h,57.1,27.7,,,0.001,0.019,59.456,1.485,0,28,22.5,0.247,1,281,25.754,95.745,0.523,279.151,,,,,1
2026-10-07T18:00Z,2026-10-09T18:00Z,a4t:20t,48,37.95,41.5,25.7,28.9,25.7,h,41.5,25.7,,,0,0.012,72.443,1.292,0.684,28,22.5,0.247,1,282,25.657,93.549,0.445,124.356,,,,,1
2026-10-07T18:00Z,2026-10-07T19:00Z,a4t:103t,1,16.35,23.1,,,,h,23.1,,,,0,0.001,237.023,4.035,0.362,17,,0.348,2,280,25.13,91.394,2.523,340.436,2.4,270,25.4,83,1
2026-10-07T18:00Z,2026-10-07T21:00Z,a4t:103t,3,13.3,18.6,,,,h,18.6,,,,0,0.001,266.168,4.397,0.201,17,,0.348,4,280,25.201,90.589,2.913,354.366,2.4,270,25.4,83,1
2026-10-07T18:00Z,2026-10-08T00:00Z,a4t:103t,6,10.25,14.1,,,,h,14.1,,,,0,0.003,328.355,5.394,0.216,17,,0.348,7,281,25.444,90.581,3.708,353.299,2.4,270,25.4,83,1
2026-10-07T18:00Z,2026-10-08T06:00Z,a4t:103t,12,11.75,15.5,,,,h,15.5,,,,0,0.029,893.158,2.955,0.116,17,,0.348,13,281,29.478,74.354,2.662,31.552,2.4,270,25.4,83,1
2026-10-07T18:00Z,2026-10-08T18:00Z,a4t:103t,24,17,21,,,,h,21,,,,0,0.021,125.011,3.716,0,17,,0.348,1,281,25.974,91.245,2.312,315.84,2.4,270,25.4,83,1
2026-10-07T18:00Z,2026-10-09T18:00Z,a4t:103t,48,10.05,11.5,,,,h,11.5,,,,0,0.003,174.54,3.89,0.716,17,,0.348,1,282,25.709,92.539,2.937,340.423,2.4,270,25.4,83,1
2026-10-07T18:00Z,2026-10-07T19:00Z,a4t:77t,1,14.850000000000001,31.1,8.3,18.7,15.4,h,31.1,15.4,,,0,0.004,30.026,1.206,0,38,15.4,0.751,2,280,24.221,95.273,0.416,294.566,,,,,1
2026-10-07T18:00Z,2026-10-07T21:00Z,a4t:77t,3,13.45,27.4,9.2,20.3,15.6,h,27.4,15.6,,,0,0.006,39.974,1.512,0,38,15.4,0.751,4,280,23.917,94.781,0.427,284.844,,,,,1
2026-10-07T18:00Z,2026-10-08T00:00Z,a4t:77t,6,13.649999999999999,26.7,10.2,22.1,15.8,h,26.7,15.8,,,0.003,0.022,84.297,1.404,0,38,15.4,0.751,7,281,24.799,92.668,0.82,337.056,,,,,1
2026-10-07T18:00Z,2026-10-08T06:00Z,a4t:77t,12,9.4,17.2,10.3,21.5,16.7,h,17.2,16.7,,,0.002,0.02,1328.628,2.481,0.274,38,15.4,0.751,13,281,31.853,58.428,1.808,43.494,,,,,1
2026-10-07T18:00Z,2026-10-08T18:00Z,a4t:77t,24,15.45,24.5,12.2,22.3,17.6,h,24.5,17.6,,,0.001,0.015,25.257,0.155,0,38,15.4,0.751,1,281,24.837,94.47,0.34,1.545,,,,,1
2026-10-07T18:00Z,2026-10-09T18:00Z,a4t:77t,48,10.85,14.4,13.1,19,17.2,h,14.4,17.2,,,0,0.014,55.116,1.728,0,38,15.4,0.751,1,282,25.29,92.764,0.551,105.255,,,,,1
2026-10-07T18:00Z,2026-10-07T19:00Z,a4t:121t,1,20.85,22.9,27.9,30.8,25.8,h,22.9,25.8,,,0,0.009,329.25,0.514,0.356,22,25.8,0.097,2,280,26.558,84.415,0.426,347.548,2.1,160,25.6,95,1
2026-10-07T18:00Z,2026-10-07T21:00Z,a4t:121t,3,15.4,16.9,28,31,25.8,h,16.9,25.8,,,0,0.006,546.542,1.578,0,22,25.8,0.097,4,280,27.241,80.853,1.497,331.691,2.1,160,25.6,95,1
2026-10-07T18:00Z,2026-10-08T00:00Z,a4t:121t,6,17.75,19.4,27.4,30.2,25.7,h,19.4,25.7,,,0,0.006,299.317,2.174,0.111,22,25.8,0.097,7,281,26.99,85.018,2.09,257.186,2.1,160,25.6,95,1
2026-10-07T18:00Z,2026-10-08T06:00Z,a4t:121t,12,30.549999999999997,32.9,24.4,26.8,25.8,h,32.9,25.8,,,0,0.015,359.275,3.528,0.072,22,25.8,0.097,13,281,27.676,82.303,3.331,315.335,2.1,160,25.6,95,1
2026-10-07T18:00Z,2026-10-08T18:00Z,a4t:121t,24,13.1,13.9,22.1,23.9,25.2,h,13.9,25.2,,,0,0,370.839,3.62,0.2,22,25.8,0.097,1,281,26.637,88.165,3.255,240.664,2.1,160,25.6,95,1
2026-10-07T18:00Z,2026-10-09T18:00Z,a4t:121t,48,1.4,1.5,5.2,5.5,15.6,h,1.5,15.6,,,0,0,410.258,2.79,0.334,22,25.8,0.097,1,282,27.101,83.078,2.752,266.351,2.1,160,25.6,95,1
2026-10-07T18:00Z,2026-10-07T19:00Z,a4t:21t,1,35.35,11.9,,,,h,11.9,,,,-0.022,1.314,86.721,2.076,0,,,-1.128,2,280,24.774,95.382,0.937,337.263,,,,,1
2026-10-07T18:00Z,2026-10-07T21:00Z,a4t:21t,3,27.9,9.7,,,,h,9.7,,,,0.002,1.558,134.922,3.109,0,,,-1.128,4,280,24.466,94.371,1.487,345.216,,,,,1
2026-10-07T18:00Z,2026-10-08T00:00Z,a4t:21t,6,18.6,6.7,,,,h,6.7,,,,0.004,0.125,157.878,3.215,0,,,-1.128,7,281,24.888,92.829,1.726,2.873,,,,,1
2026-10-07T18:00Z,2026-10-08T06:00Z,a4t:21t,12,13.75,5.5,,,,h,5.5,,,,0.001,0.029,1215.138,2.03,0.028,,,-1.128,13,281,31.619,61.226,1.577,42.027,,,,,1
2026-10-07T18:00Z,2026-10-08T18:00Z,a4t:21t,24,12.5,6.1,,,,h,6.1,,,,0,0.012,75.746,1.168,0,,,-1.128,1,281,25.805,93.642,0.548,316.905,,,,,1
2026-10-07T18:00Z,2026-10-09T18:00Z,a4t:21t,48,17.450000000000003,11.5,,,,h,11.5,,,,0,0.013,152.441,1.558,0.507,,,-1.128,1,282,25.919,91.664,0.248,76.247,,,,,1
2026-10-07T18:00Z,2026-10-07T19:00Z,a4t:70t,1,8.95,21.5,4.8,12.8,11.3,h,21.5,11.3,,,0,0.045,42.914,0.895,0,19,11.3,0.867,2,280,22.374,91.051,0.243,218.173,,,,,1
2026-10-07T18:00Z,2026-10-07T21:00Z,a4t:70t,3,10.7,24.6,5,13,11.4,h,24.6,11.4,,,0,0.042,46.645,0.287,0.023,19,11.3,0.867,4,280,21.871,93.024,0.07,175.713,,,,,1
2026-10-07T18:00Z,2026-10-08T00:00Z,a4t:70t,6,11.65,25.4,5.6,14.1,11.8,h,25.4,11.8,,,0,0.035,32.609,0.055,0,19,11.3,0.867,7,281,22.682,90.31,0.08,11.648,,,,,1
2026-10-07T18:00Z,2026-10-08T06:00Z,a4t:70t,12,4.1,8.7,6.5,15.5,12.5,h,8.7,12.5,,,0,0.025,1061.42,2.066,0.063,19,11.3,0.867,13,281,29.117,62.849,1.545,22.324,,,,,1
2026-10-07T18:00Z,2026-10-08T18:00Z,a4t:70t,24,12.7,21.7,7.9,16.3,12.6,h,21.7,12.6,,,0,0.013,15.417,0.801,0,19,11.3,0.867,1,281,23.122,87.105,0.236,242.667,,,,,1
2026-10-07T18:00Z,2026-10-09T18:00Z,a4t:70t,48,12.649999999999999,17.5,11.2,17.4,13.4,h,17.5,13.4,,,0,0.007,21.156,0.687,0,19,11.3,0.867,1,282,23.558,82.972,0.137,7.407,,,,,1
2026-10-07T18:00Z,2026-10-07T19:00Z,a4t:120t,1,15.25,19.7,13.7,18,19.4,h,19.7,19.4,,,0,0,57.865,1.138,0.104,22,19.4,0.258,2,280,24.162,97.175,0.241,293.703,1,326,25.7,98,1
2026-10-07T18:00Z,2026-10-07T21:00Z,a4t:120t,3,14.55,18.6,14.4,18.9,19.5,h,18.6,19.5,,,0,0,52.257,0.48,0.009,22,19.4,0.258,4,280,24.001,97.071,0.135,297.615,1,326,25.7,98,1
2026-10-07T18:00Z,2026-10-08T00:00Z,a4t:120t,6,15.1,19,15.3,20,19.5,h,19,19.5,,,0,0,98.037,1.939,0.005,22,19.4,0.258,7,281,24.584,94.917,0.947,276.917,1,326,25.7,98,1
2026-10-07T18:00Z,2026-10-08T06:00Z,a4t:120t,12,10.95,13.5,16.7,21.6,19.6,h,13.5,19.6,,,0,0,966.965,3.34,1.229,22,19.4,0.258,13,281,29.369,74.383,2.555,259.167,1,326,25.7,98,1
2026-10-07T18:00Z,2026-10-08T18:00Z,a4t:120t,24,7.15,8.5,12.1,15,18,h,8.5,18,,,0,0,136.5,3.037,0.102,22,19.4,0.258,1,281,23.994,97.274,1.298,267.957,1,326,25.7,98,1
2026-10-07T18:00Z,2026-10-09T18:00Z,a4t:120t,48,3.75,4.2,3.8,4.4,11.9,h,4.2,11.9,,,0,0.001,72.357,0.798,0.008,22,19.4,0.258,1,282,23.993,97.77,0.073,216.051,1,326,25.7,98,1
2026-10-07T18:00Z,2026-10-07T19:00Z,a4t:95t,1,8.45,6.8,11.9,9.6,7.9,h,6.8,7.9,,,0,0,104.483,2.92,0,7,7.9,-0.198,2,280,24.618,99.128,1.114,305.19,0.1,1,,,1
2026-10-07T18:00Z,2026-10-07T21:00Z,a4t:95t,3,7.949999999999999,6.5,11.7,9.4,7.9,h,6.5,7.9,,,0,0,109.747,2.705,0.022,7,7.9,-0.198,4,280,24.338,98.837,1.24,351.478,0.1,1,,,1
2026-10-07T18:00Z,2026-10-08T00:00Z,a4t:95t,6,7.85,6.5,11.1,9,7.8,h,6.5,7.8,,,0,0.001,130.612,2.759,0,7,7.9,-0.198,7,281,24.51,97.23,1.562,3.635,0.1,1,,,1
2026-10-07T18:00Z,2026-10-08T06:00Z,a4t:95t,12,7.65,6.5,9.4,7.6,7.6,h,6.5,7.6,,,0,0.001,1314.3,1.065,0.119,7,7.9,-0.198,13,281,31.424,65.139,0.88,318.109,0.1,1,,,1
2026-10-07T18:00Z,2026-10-08T18:00Z,a4t:95t,24,15.149999999999999,13.4,9.2,7.9,7.9,h,13.4,7.9,,,0,0.005,35.152,1.059,0,7,7.9,-0.198,1,281,25.005,95.356,0.569,349.518,0.1,1,,,1
2026-10-07T18:00Z,2026-10-09T18:00Z,a4t:95t,48,26.55,24.7,16.8,15.3,11.6,h,24.7,11.6,,,0,0.009,25.461,1.296,0,7,7.9,-0.198,1,282,25.857,94.058,0.297,230.558,0.1,1,,,1
2026-10-07T18:00Z,2026-10-07T19:00Z,a4t:86t,1,7.75,6.3,10.3,8.4,5.8,h,6.3,5.8,,,0,0,53.458,1.736,0,7,5.8,-0.192,2,280,24.452,99.306,0.659,316.065,,,,,1
2026-10-07T18:00Z,2026-10-07T21:00Z,a4t:86t,3,7.45,6.1,10,8.1,5.8,h,6.1,5.8,,,0,0.001,102.078,1.947,0,7,5.8,-0.192,4,280,24.33,97.493,0.927,13.16,,,,,1
2026-10-07T18:00Z,2026-10-08T00:00Z,a4t:86t,6,8.149999999999999,6.8,9.6,7.8,5.8,h,6.8,5.8,,,0,0.003,173.117,2.84,0,7,5.8,-0.192,7,281,24.685,95.083,1.835,31.981,,,,,1
2026-10-07T18:00Z,2026-10-08T06:00Z,a4t:86t,12,7.45,6.3,8.4,6.8,5.9,h,6.3,5.9,,,0,0.002,1239.819,1.294,0.03,7,5.8,-0.192,13,281,31.486,65.913,1.049,339.249,,,,,1
2026-10-07T18:00Z,2026-10-08T18:00Z,a4t:86t,24,18.200000000000003,16.2,10.1,8.7,6.7,h,16.2,6.7,,,0,0.003,22.742,0.419,0,7,5.8,-0.192,1,281,24.944,97.488,0.052,211.696,,,,,1
2026-10-07T18:00Z,2026-10-09T18:00Z,a4t:86t,48,21.4,19.9,17.3,15.7,10.8,h,19.9,10.8,,,0,0.007,39.586,1.624,0,7,5.8,-0.192,1,282,25.504,92.186,0.53,154.708,,,,,1
2026-10-07T18:00Z,2026-10-07T19:00Z,a4t:43t,1,4,17.6,,,,h,17.6,,,,0,0,370.219,2.535,0.072,,,1.458,2,280,26.778,86.678,2.328,323.267,,,28.6,87,1
2026-10-07T18:00Z,2026-10-07T21:00Z,a4t:43t,3,4.05,16.8,,,,h,16.8,,,,0,0,321.201,2.262,1.103,,,1.458,4,280,25.943,87.051,2.137,316.495,,,28.6,87,1
2026-10-07T18:00Z,2026-10-08T00:00Z,a4t:43t,6,3.6500000000000004,14.2,,,,h,14.2,,,,0,0,331.335,1.054,0.079,,,1.458,7,281,25.989,87.242,0.933,316.802,,,28.6,87,1
2026-10-07T18:00Z,2026-10-08T06:00Z,a4t:43t,12,2.95,10.2,,,,h,10.2,,,,0,0,469.663,3.484,1.671,,,1.458,13,281,27.122,84.474,3.123,291.692,,,28.6,87,1
2026-10-07T18:00Z,2026-10-08T18:00Z,a4t:43t,24,2.4,6.7,,,,h,6.7,,,,0,0,435.698,2.755,0.084,,,1.458,1,281,26.813,84.589,2.242,349.637,,,28.6,87,1
2026-10-07T18:00Z,2026-10-09T18:00Z,a4t:43t,48,3.5,6.4,,,,h,6.4,,,,0,0.001,239.304,1.804,0.454,,,1.458,1,282,26.632,86.872,1.669,351.319,,,28.6,87,1
2026-10-07T18:00Z,2026-10-07T19:00Z,a4t:114t,1,11.15,16.6,10.4,15.9,14.6,h,16.6,14.6,,,0,0.002,252.165,4.264,0,25,14.6,0.394,2,280,23.504,84.628,1.785,72.411,1.4,340,26.7,73,1
2026-10-07T18:00Z,2026-10-07T21:00Z,a4t:114t,3,11.25,16.5,10.6,16.2,14.7,h,16.5,14.7,,,0,0.004,171.561,3.793,0,25,14.6,0.394,4,280,22.693,85.863,1.511,64.227,1.4,340,26.7,73,1
2026-10-07T18:00Z,2026-10-08T00:00Z,a4t:114t,6,13.4,19.1,11.1,16.7,14.8,h,19.1,14.8,,,0,0.008,199.405,3.803,0,25,14.6,0.394,7,281,23.151,82.093,1.841,52.338,1.4,340,26.7,73,1
2026-10-07T18:00Z,2026-10-08T06:00Z,a4t:114t,12,14,19.1,12.3,18,15.4,h,19.1,15.4,,,0,0.028,1177.816,3.523,0.058,25,14.6,0.394,13,281,30.22,57.518,2.847,25.799,1.4,340,26.7,73,1
2026-10-07T18:00Z,2026-10-08T18:00Z,a4t:114t,24,13.3,17,13.8,18.8,16,h,17,16,,,0,0.02,147.085,4.066,0,25,14.6,0.394,1,281,23.853,84.406,1.584,79.425,1.4,340,26.7,73,1
2026-10-07T18:00Z,2026-10-09T18:00Z,a4t:114t,48,8.600000000000001,10,13.7,16.6,15.6,h,10,15.6,,,0,0.003,400.447,5.219,0.403,25,14.6,0.394,1,282,24.015,87.766,2.795,39.201,1.4,340,26.7,73,1
2026-10-07T18:00Z,2026-10-07T19:00Z,a4t:102t,1,13.850000000000001,27.4,11.4,23.3,19.4,h,27.4,19.4,,,0,0.018,259.033,4.492,0,33,19.4,0.678,2,280,22.45,80.884,2.045,53.16,1.4,46,24.9,68,1
2026-10-07T18:00Z,2026-10-07T21:00Z,a4t:102t,3,13.25,25.6,11.5,23.5,19.5,h,25.6,19.5,,,0,0.015,224.004,4.474,0,33,19.4,0.678,4,280,21.94,82.578,2.127,47.224,1.4,46,24.9,68,1
2026-10-07T18:00Z,2026-10-08T00:00Z,a4t:102t,6,11.9,22.2,11.6,23.4,19.7,h,22.2,19.7,,,0,0.013,260.886,4.442,0,33,19.4,0.678,7,281,22.895,80.786,2.325,24.638,1.4,46,24.9,68,1
2026-10-07T18:00Z,2026-10-08T06:00Z,a4t:102t,12,9.350000000000001,16.4,11.4,22.2,20,h,16.4,20,,,0,0.014,1140.377,4.238,0.039,33,19.4,0.678,13,281,29.574,61.693,3.227,42.356,1.4,46,24.9,68,1
2026-10-07T18:00Z,2026-10-08T18:00Z,a4t:102t,24,18.7,28.5,12.5,21.6,20.1,h,28.5,20.1,,,0,0.055,277.357,4.588,0,33,19.4,0.678,1,281,23.622,86.284,2.249,56.664,1.4,46,24.9,68,1
2026-10-07T18:00Z,2026-10-09T18:00Z,a4t:102t,48,0.8,1.3,9.6,13.9,16.6,h,1.3,16.6,,,0,0,359.693,6.733,0,33,19.4,0.678,1,282,22.812,94.443,3.517,51.372,1.4,46,24.9,68,1
2026-10-07T18:00Z,2026-10-07T19:00Z,a4t:63t,1,25.35,36,,,,h,36,,,,0,0.001,209.666,0.645,0.211,,,0.376,2,280,24.962,90.478,0.233,324.498,,,,,1
2026-10-07T18:00Z,2026-10-07T21:00Z,a4t:63t,3,19.35,27.2,,,,h,27.2,,,,0,0.001,346.676,0.879,0,,,0.376,4,280,25.276,88.293,0.71,320.251,,,,,1
2026-10-07T18:00Z,2026-10-08T00:00Z,a4t:63t,6,18.5,25.5,,,,h,25.5,,,,0,0.001,198.946,1.747,0.07,,,0.376,7,281,25.425,90.395,1.217,259.371,,,,,1
2026-10-07T18:00Z,2026-10-08T06:00Z,a4t:63t,12,33.35,44,,,,h,44,,,,0,0.003,430.385,2.674,0.141,,,0.376,13,281,27.728,81.462,2.386,303.833,,,,,1
2026-10-07T18:00Z,2026-10-08T18:00Z,a4t:63t,24,14.05,17.6,,,,h,17.6,,,,0,0,243.326,2.703,0.125,,,0.376,1,281,25.156,92.471,1.978,236.751,,,,,1
2026-10-07T18:00Z,2026-10-09T18:00Z,a4t:63t,48,4.15,4.8,,,,h,4.8,,,,0,0,262.801,1.943,0.21,,,0.376,1,282,25.411,89.622,1.621,250.479,,,,,1
2026-10-07T18:00Z,2026-10-07T19:00Z,a4t:78t,1,16.3,11.9,,,,h,11.9,,,,0,0,23.362,1.032,0,,,-0.328,2,280,22.078,99.984,0.099,348.993,,,,,1
2026-10-07T18:00Z,2026-10-07T21:00Z,a4t:78t,3,17.25,12.7,,,,h,12.7,,,,0,0,27.759,0.15,0,,,-0.328,4,280,21.834,99.968,0.486,269.493,,,,,1
2026-10-07T18:00Z,2026-10-08T00:00Z,a4t:78t,6,21.5,16.2,,,,h,16.2,,,,0,0,26.399,1.06,0,,,-0.328,7,281,22.595,99.392,0.245,271.54,,,,,1
2026-10-07T18:00Z,2026-10-08T06:00Z,a4t:78t,12,44.75,35.2,,,,h,35.2,,,,0,0,569.626,2.4,0.264,,,-0.328,13,281,27.465,79.415,1.689,265.536,,,,,1
2026-10-07T18:00Z,2026-10-08T18:00Z,a4t:78t,24,34.099999999999994,28.2,,,,h,28.2,,,,0,0,24.596,0.906,0,,,-0.328,1,281,22.182,99.948,0.557,224.327,,,,,1
2026-10-07T18:00Z,2026-10-09T18:00Z,a4t:78t,48,12.100000000000001,10.7,,,,h,10.7,,,,0,0,21.679,0.973,0,,,-0.328,1,282,22.275,99.984,0.51,184.095,,,,,1
2026-10-07T18:00Z,2026-10-07T19:00Z,a4t:109t,1,9.1,22.5,8,21,13.7,h,22.5,13.7,,,0,0.015,420.714,5.279,0.007,21,13.7,0.897,2,280,23.614,79.19,2.499,51.412,,,,,1
2026-10-07T18:00Z,2026-10-07T21:00Z,a4t:109t,3,10.25,24.2,8.2,21.3,13.9,h,24.2,13.9,,,0,0.017,356.543,5.854,0,21,13.7,0.897,4,280,23.079,77.715,2.789,48.734,,,,,1
2026-10-07T18:00Z,2026-10-08T00:00Z,a4t:109t,6,10.45,23.5,8.4,21.4,14.2,h,23.5,14.2,,,0,0.014,358.897,5.7,0,21,13.7,0.897,7,281,23.416,79.553,2.74,40.78,,,,,1
2026-10-07T18:00Z,2026-10-08T06:00Z,a4t:109t,12,7.5,15.6,8.7,20.9,15.1,h,15.6,15.1,,,0,0.01,1133.823,4.655,0.017,21,13.7,0.897,13,281,29.705,62.943,3.609,28.464,,,,,1
2026-10-07T18:00Z,2026-10-08T18:00Z,a4t:109t,24,12.2,21.2,9.2,19.1,15.4,h,21.2,15.4,,,0,0.025,430.617,5.895,0,21,13.7,0.897,1,281,24.648,80.2,2.969,56.394,,,,,1
2026-10-07T18:00Z,2026-10-09T18:00Z,a4t:109t,48,3.3,4.9,10.3,16.3,15,h,4.9,15,,,0,0.002,468.67,5.821,0,21,13.7,0.897,1,282,24.201,90.807,3.195,41.193,,,,,1
2026-10-07T18:00Z,2026-10-07T19:00Z,a4t:29t,1,14.05,27.1,10.9,22.1,22.8,h,27.1,22.8,,,0,0.003,153.75,3.432,0.437,21,22.8,0.665,2,280,24.894,90.662,1.967,14.792,,,,,1
2026-10-07T18:00Z,2026-10-07T21:00Z,a4t:29t,3,14.7,27.6,11.9,23.8,22.8,h,27.6,22.8,,,0,0.005,202.904,3.542,0.078,21,22.8,0.665,4,280,24.982,89.897,2.005,3.624,,,,,1
2026-10-07T18:00Z,2026-10-08T00:00Z,a4t:29t,6,16.75,30.2,13.4,26.4,22.8,h,30.2,22.8,,,0,0.007,310.737,4.964,0.049,21,22.8,0.665,7,281,25.738,88.872,3.197,14.823,,,,,1
2026-10-07T18:00Z,2026-10-08T06:00Z,a4t:29t,12,7.15,12.4,13.1,25.1,22.9,h,12.4,22.9,,,0,0.015,948.834,2.614,0.059,21,22.8,0.665,13,281,29.868,71.175,2.281,354.528,,,,,1
2026-10-07T18:00Z,2026-10-08T18:00Z,a4t:29t,24,19.2,28.7,13.5,22.8,22.8,h,28.7,22.8,,,0,0.038,238.5,3.516,0,21,22.8,0.665,1,281,26.428,86.572,2.218,22.877,,,,,1
2026-10-07T18:00Z,2026-10-09T18:00Z,a4t:29t,48,5.550000000000001,7.3,10.7,15.1,19,h,7.3,19,,,0,0.004,341.037,5.163,0.024,21,22.8,0.665,1,282,26.401,85.317,3.4,61.637,,,,,1
2026-10-07T18:00Z,2026-10-07T19:00Z,a4t:30t,1,14.05,10.9,10.9,8.3,13.3,h,10.9,13.3,,,0,0.002,160.233,3.332,0.442,9,13.3,-0.249,2,280,24.966,90.455,1.969,15.655,0.9,340,25.8,99,1
2026-10-07T18:00Z,2026-10-07T21:00Z,a4t:30t,3,14.7,11.5,11.9,9.1,13.3,h,11.5,13.3,,,0,0.003,210.219,3.358,0.081,9,13.3,-0.249,4,280,25.003,89.823,1.912,3.368,0.9,340,25.8,99,1
2026-10-07T18:00Z,2026-10-08T00:00Z,a4t:30t,6,16.75,13.4,13.4,10.3,13.3,h,13.4,13.3,,,0,0.006,319.422,4.839,0.049,9,13.3,-0.249,7,281,25.782,88.56,3.178,15.196,0.9,340,25.8,99,1
2026-10-07T18:00Z,2026-10-08T06:00Z,a4t:30t,12,7.15,5.8,13.1,10.2,12.6,h,5.8,12.6,,,0,0.012,934.058,2.724,0.052,9,13.3,-0.249,13,281,29.844,70.984,2.36,357.379,0.9,340,25.8,99,1
2026-10-07T18:00Z,2026-10-08T18:00Z,a4t:30t,24,19.2,16.5,13.5,11.1,12.6,h,16.5,12.6,,,0,0.035,255.158,3.527,0,9,13.3,-0.249,1,281,26.429,86.362,2.285,23.611,0.9,340,25.8,99,1
2026-10-07T18:00Z,2026-10-09T18:00Z,a4t:30t,48,5.550000000000001,5,10.7,9.5,11.4,h,5,11.4,,,0,0.004,334.054,5.058,0.025,9,13.3,-0.249,1,282,26.395,85.565,3.4,60.799,0.9,340,25.8,99,1
2026-10-07T18:00Z,2026-10-07T19:00Z,a4t:113t,1,10.9,23.3,10,22.4,16.7,h,23.3,16.7,,,0,0.004,329.741,4.664,0,29,16.7,0.759,2,280,23.534,81.819,2.021,67.393,1.7,87,26.7,76,1
2026-10-07T18:00Z,2026-10-07T21:00Z,a4t:113t,3,12.3,25.3,10.2,22.7,16.8,h,25.3,16.8,,,0,0.006,242.987,4.641,0,29,16.7,0.759,4,280,22.835,81.579,1.941,58.822,1.7,87,26.7,76,1
2026-10-07T18:00Z,2026-10-08T00:00Z,a4t:113t,6,13.75,27,10.7,23.4,17.1,h,27,17.1,,,0,0.007,251.757,4.648,0,29,16.7,0.759,7,281,23.198,80.409,2.212,48.29,1.7,87,26.7,76,1
2026-10-07T18:00Z,2026-10-08T06:00Z,a4t:113t,12,11,20.2,11.5,24,18.3,h,20.2,18.3,,,0,0.017,1168.224,3.644,0.033,29,16.7,0.759,13,281,30.161,59.012,2.922,26.248,1.7,87,26.7,76,1
2026-10-07T18:00Z,2026-10-08T18:00Z,a4t:113t,24,13.05,20.8,12.3,22.6,18.6,h,20.8,18.6,,,0,0.022,263.267,4.872,0,29,16.7,0.759,1,281,24.281,81.605,2.148,71.351,1.7,87,26.7,76,1
2026-10-07T18:00Z,2026-10-09T18:00Z,a4t:113t,48,6.699999999999999,9.1,13.6,19.9,18.3,h,9.1,18.3,,,0,0.002,456.091,5.654,0.23,29,16.7,0.759,1,282,24.18,89.254,3.123,41.128,1.7,87,26.7,76,1
2026-10-07T18:00Z,2026-10-07T19:00Z,a4t:99t,1,19.35,19.4,12,12,11.3,h,19.4,11.3,,,0.001,0.049,92.626,4.258,0,10,11.3,0.001,2,280,24.643,90.601,2.084,27.336,,,24.3,86,1
2026-10-07T18:00Z,2026-10-07T21:00Z,a4t:99t,3,17.15,17.2,12.6,12.6,11.4,h,17.2,11.4,,,0.001,0.037,132.57,4.729,0,10,11.3,0.001,4,280,24.355,91.596,2.116,20.949,,,24.3,86,1
2026-10-07T18:00Z,2026-10-08T00:00Z,a4t:99t,6,13.8,13.8,13.1,13.1,11.6,h,13.8,11.6,,,0,0.052,170.458,3.823,0,10,11.3,0.001,7,281,24.901,91.013,1.999,24.805,,,24.3,86,1
2026-10-07T18:00Z,2026-10-08T06:00Z,a4t:99t,12,13.1,13.1,13.7,13.7,12,h,13.1,12,,,0,0.007,1114.852,4.12,0.182,10,11.3,0.001,13,281,31.587,59.389,3.188,38.53,,,24.3,86,1
2026-10-07T18:00Z,2026-10-08T18:00Z,a4t:99t,24,12.7,12.7,13.8,13.8,12.1,h,12.7,12.1,,,0,0.008,62.456,3.039,0,10,11.3,0.001,1,281,25.387,92.058,1.209,26.163,,,24.3,86,1
2026-10-07T18:00Z,2026-10-09T18:00Z,a4t:99t,48,17.75,17.8,15.4,15.4,13.4,h,17.8,13.4,,,0,0.014,99.892,3.689,0,10,11.3,0.001,1,282,26.209,85.074,1.314,56.929,,,24.3,86,1
2026-10-07T18:00Z,2026-10-07T19:00Z,a4t:40t,1,12.8,21.7,6.1,11,10.4,h,21.7,10.4,,,0,0.001,20,1.042,0,13,10.4,0.532,2,280,22.349,97.782,0.443,313.702,,,,,1
2026-10-07T18:00Z,2026-10-07T21:00Z,a4t:40t,3,11.100000000000001,18.5,6.6,11.8,10.5,h,18.5,10.5,,,0,0.001,26.988,0.785,0,13,10.4,0.532,4,280,22.094,98.277,0.187,325.175,,,,,1
2026-10-07T18:00Z,2026-10-08T00:00Z,a4t:40t,6,10,16.3,7.5,13.2,10.7,h,16.3,10.7,,,0,0.001,57.043,0.682,0,13,10.4,0.532,7,281,22.274,97.7,0.465,4.665,,,,,1
2026-10-07T18:00Z,2026-10-08T06:00Z,a4t:40t,12,8.2,12.7,8.9,15.1,11.3,h,12.7,11.3,,,0,0.003,1007.787,1.062,0.206,13,10.4,0.532,13,281,29.268,66.491,0.747,43.44,,,,,1
2026-10-07T18:00Z,2026-10-08T18:00Z,a4t:40t,24,14.2,19.7,9.8,15,11.6,h,19.7,11.6,,,0,0.003,28.575,0.754,0,13,10.4,0.532,1,281,23.439,97.224,0.272,338.159,,,,,1
2026-10-07T18:00Z,2026-10-09T18:00Z,a4t:40t,48,9.5,11.7,8.9,11.6,10.8,h,11.7,10.8,,,0,0.006,36.069,1.774,0,13,10.4,0.532,1,282,23.798,92.184,0.609,26.876,,,,,1
2026-10-07T18:00Z,2026-10-07T19:00Z,a4t:68t,1,19,18.6,10.1,9.9,11,h,18.6,11,,,0,0.002,75.907,0.472,0,10,11,-0.019,2,280,22.29,95.452,0.345,95.369,,,,,1
2026-10-07T18:00Z,2026-10-07T21:00Z,a4t:68t,3,16.15,15.9,10.6,10.4,11.1,h,15.9,11.1,,,0,0.002,37.129,0.652,0,10,11,-0.019,4,280,22.03,96.513,0.196,77.925,,,,,1
2026-10-07T18:00Z,2026-10-08T00:00Z,a4t:68t,6,16.549999999999997,16.3,11.5,11.2,11.2,h,16.3,11.2,,,0,0.002,52.676,0.621,0,10,11,-0.019,7,281,22.553,92.823,0.564,356.489,,,,,1
2026-10-07T18:00Z,2026-10-08T06:00Z,a4t:68t,12,9.2,9.1,13,12.7,11.6,h,9.1,11.6,,,0,0.004,809.354,0.659,0.038,10,11,-0.019,13,281,29.631,65.302,0.476,83.472,,,,,1
2026-10-07T18:00Z,2026-10-08T18:00Z,a4t:68t,24,18.4,18.2,13.5,13.3,11.6,h,18.2,11.6,,,0,0.005,32.504,0.786,0,10,11,-0.019,1,281,23.634,92.214,0.412,225.595,,,,,1
2026-10-07T18:00Z,2026-10-09T18:00Z,a4t:68t,48,23.35,23.2,15.5,15.3,12.5,h,23.2,12.5,,,0,0.006,20.635,0.904,0,10,11,-0.019,1,282,23.611,90.475,0.167,351.589,,,,,1
2026-10-07T18:00Z,2026-10-07T19:00Z,a4t:112t,1,8.45,17.1,6.6,14.1,10.5,h,17.1,10.5,,,0,0.013,439.257,5.882,0.06,13,10.5,0.694,2,280,24.015,80.769,3.063,31.445,2.4,51,24.7,72,1
2026-10-07T18:00Z,2026-10-07T21:00Z,a4t:112t,3,9.4,18.4,6.9,14.6,10.6,h,18.4,10.6,,,0,0.015,424.388,6.626,0,13,10.5,0.694,4,280,23.575,80.335,3.643,35.816,2.4,51,24.7,72,1
2026-10-07T18:00Z,2026-10-08T00:00Z,a4t:112t,6,8.7,16.5,7.3,15.1,10.8,h,16.5,10.8,,,0,0.014,463.301,6.143,0,13,10.5,0.694,7,281,23.999,80.854,3.24,31.962,2.4,51,24.7,72,1
2026-10-07T18:00Z,2026-10-08T06:00Z,a4t:112t,12,5.949999999999999,10.7,7.4,14.8,11.4,h,10.7,11.4,,,0,0.011,1079.535,5.876,0.149,13,10.5,0.694,13,281,28.945,68.732,4.479,21.079,2.4,51,24.7,72,1
2026-10-07T18:00Z,2026-10-08T18:00Z,a4t:112t,24,9.399999999999999,14.6,7.9,14,11.6,h,14.6,11.6,,,0,0.011,489.349,6.346,0,13,10.5,0.694,1,281,24.659,82.449,3.425,43.059,2.4,51,24.7,72,1
2026-10-07T18:00Z,2026-10-09T18:00Z,a4t:112t,48,2.25,3.2,5.8,8.5,9.5,h,3.2,9.5,,,0,0.003,329.427,4.296,0,13,10.5,0.694,1,282,24.094,91.932,2.014,32.866,2.4,51,24.7,72,1
2026-10-07T18:00Z,2026-10-07T19:00Z,a4t:44t,1,19.65,25.7,,,,h,25.7,,,,0,0,190.059,0.723,0.269,,,0.286,2,280,25.144,89.284,0.778,40.85,,,,,1
2026-10-07T18:00Z,2026-10-07T21:00Z,a4t:44t,3,17.25,22.4,,,,h,22.4,,,,0,0.008,307.894,0.989,0.003,,,0.286,4,280,25.425,87.377,0.758,10.361,,,,,1
2026-10-07T18:00Z,2026-10-08T00:00Z,a4t:44t,6,17.35,22.1,,,,h,22.1,,,,0,0.005,164.439,1.916,0.048,,,0.286,7,281,25.61,90.575,1.494,256.292,,,,,1
2026-10-07T18:00Z,2026-10-08T06:00Z,a4t:44t,12,17.4,21.6,,,,h,21.6,,,,0,0,315.491,3.242,1.618,,,0.286,13,281,26.296,87.742,2.678,275.689,,,,,1
2026-10-07T18:00Z,2026-10-08T18:00Z,a4t:44t,24,9.5,11.3,,,,h,11.3,,,,0,0,235.99,2.49,0.166,,,0.286,1,281,25.05,92.594,1.86,251.781,,,,,1
2026-10-07T18:00Z,2026-10-09T18:00Z,a4t:44t,48,2.2,2.5,,,,h,2.5,,,,0,0,232.468,0.997,0.143,,,0.286,1,282,25.187,89.781,1.084,294.108,,,,,1
2026-10-07T18:00Z,2026-10-07T19:00Z,a4t:80t,1,17.9,28.9,,,,h,28.9,,,,0,0,190.322,1.661,0.161,,,0.509,2,280,24.997,89.213,1.339,16.621,,,,,1
2026-10-07T18:00Z,2026-10-07T21:00Z,a4t:80t,3,15.399999999999999,24.5,,,,h,24.5,,,,0,0,139.415,1.207,0.911,,,0.509,4,280,24.485,91.15,0.876,352.759,,,,,1
2026-10-07T18:00Z,2026-10-08T00:00Z,a4t:80t,6,8.05,12.7,,,,h,12.7,,,,0,0,216.205,1.589,0.004,,,0.509,7,281,25.251,89.496,0.98,279.35,,,,,1
2026-10-07T18:00Z,2026-10-08T06:00Z,a4t:80t,12,11.25,16.6,,,,h,16.6,,,,0,0,390.638,4.315,1.98,,,0.509,13,281,26.064,86.54,3.471,250.651,,,,,1
2026-10-07T18:00Z,2026-10-08T18:00Z,a4t:80t,24,3.9,5.5,,,,h,5.5,,,,0,0,264.104,2.327,0.137,,,0.509,1,281,24.781,90.554,1.526,287.521,,,,,1
2026-10-07T18:00Z,2026-10-09T18:00Z,a4t:80t,48,2.95,3.7,,,,h,3.7,,,,0,0,213.729,1.024,0.047,,,0.509,1,282,24.684,91.39,0.981,346.554,,,,,1
2026-10-07T18:00Z,2026-10-07T19:00Z,a4t:08t,1,36.6,34,27.9,25.8,21.1,h,34,21.1,,,0.001,0.029,83.827,2.42,0,40,21.1,-0.076,2,280,24.472,96.295,0.836,328.494,,,,,1
2026-10-07T18:00Z,2026-10-07T21:00Z,a4t:08t,3,35.55,33.1,29.7,27.5,21.3,h,33.1,21.3,,,0.002,0.104,128.945,3.426,0,40,21.1,-0.076,4,280,24.328,94.66,1.453,335.958,,,,,1
2026-10-07T18:00Z,2026-10-08T00:00Z,a4t:08t,6,29.25,27.3,31.7,29.4,21.5,h,27.3,21.5,,,0,0.283,177.566,4.146,0.015,40,21.1,-0.076,7,281,24.861,93.875,2.141,354.388,,,,,1
2026-10-07T18:00Z,2026-10-08T06:00Z,a4t:08t,12,29.35,27.6,33.2,30.9,22.6,h,27.6,22.6,,,0.002,0.157,1232.997,1.513,0.064,40,21.1,-0.076,13,281,31.509,63.628,1.183,22.495,,,,,1
2026-10-07T18:00Z,2026-10-08T18:00Z,a4t:08t,24,33.05,31.5,33.2,31.3,24.4,h,31.5,24.4,,,0.001,0.031,65.61,1.797,0,40,21.1,-0.076,1,281,25.616,94.445,0.585,310.742,,,,,1
2026-10-07T18:00Z,2026-10-09T18:00Z,a4t:08t,48,31.85,31,28.1,27.1,24.1,h,31,24.1,,,0,0.009,112.057,1.318,0.745,40,21.1,-0.076,1,282,25.534,92.942,0.212,74.686,,,,,1
2026-10-07T18:00Z,2026-10-07T19:00Z,a4t:16t,1,36.6,21.8,27.9,16.1,13,h,21.8,13,,,0.001,0.024,84.003,2.451,0,29,13,-0.531,2,280,24.446,96.128,0.84,331.138,,,,,1
2026-10-07T18:00Z,2026-10-07T21:00Z,a4t:16t,3,35.55,21.6,29.7,17.2,13.1,h,21.6,13.1,,,0.002,0.08,126.904,3.431,0,29,13,-0.531,4,280,24.317,94.537,1.437,337.106,,,,,1
2026-10-07T18:00Z,2026-10-08T00:00Z,a4t:16t,6,29.25,18.3,31.7,18.6,13.3,h,18.3,13.3,,,0.001,0.257,178.129,4.201,0.017,29,13,-0.531,7,281,24.856,93.857,2.164,354.337,,,,,1
2026-10-07T18:00Z,2026-10-08T06:00Z,a4t:16t,12,29.35,19.4,33.2,20,13.9,h,19.4,13.9,,,0.002,0.162,1225.408,1.501,0.066,29,13,-0.531,13,281,31.44,64.128,1.181,20.222,,,,,1
2026-10-07T18:00Z,2026-10-08T18:00Z,a4t:16t,24,33.05,24,33.2,22.1,15.9,h,24,15.9,,,0.001,0.033,65.315,1.799,0,29,13,-0.531,1,281,25.616,94.217,0.573,315.461,,,,,1
2026-10-07T18:00Z,2026-10-09T18:00Z,a4t:16t,48,31.85,26.2,28.1,22,17.5,h,26.2,17.5,,,0,0.009,120.164,1.47,0.714,29,13,-0.531,1,282,25.538,92.739,0.318,71.308,,,,,1
2026-10-07T18:00Z,2026-10-07T19:00Z,a4t:17t,1,36.6,26.5,27.9,19.7,14.6,h,26.5,14.6,,,0.001,0.028,84.855,2.459,0,36,14.6,-0.334,2,280,24.469,96.262,0.849,328.826,,,,,1
2026-10-07T18:00Z,2026-10-07T21:00Z,a4t:17t,3,35.55,26,29.7,21.1,14.7,h,26,14.7,,,0.002,0.098,129.89,3.453,0,36,14.6,-0.334,4,280,24.332,94.629,1.467,336.527,,,,,1
2026-10-07T18:00Z,2026-10-08T00:00Z,a4t:17t,6,29.25,21.8,31.7,22.7,14.8,h,21.8,14.8,,,0,0.275,179.133,4.185,0.016,36,14.6,-0.334,7,281,24.861,93.856,2.159,354.484,,,,,1
2026-10-07T18:00Z,2026-10-08T06:00Z,a4t:17t,12,29.35,22.6,33.2,24.2,16,h,22.6,16,,,0.002,0.158,1229.874,1.54,0.065,36,14.6,-0.334,13,281,31.492,63.724,1.206,22.884,,,,,1
2026-10-07T18:00Z,2026-10-08T18:00Z,a4t:17t,24,33.05,27,33.2,25.7,18.2,h,27,18.2,,,0.001,0.031,66.474,1.847,0,36,14.6,-0.334,1,281,25.605,94.401,0.607,311.265,,,,,1
2026-10-07T18:00Z,2026-10-09T18:00Z,a4t:17t,48,31.85,28.2,28.1,24.1,19.3,h,28.2,19.3,,,0,0.009,112.956,1.303,0.761,36,14.6,-0.334,1,282,25.523,92.967,0.213,71.86,,,,,1
2026-10-07T18:00Z,2026-10-07T19:00Z,a4t:84t,1,18.1,19.7,22.3,24.4,19.2,h,19.7,19.2,,,0,0.008,118.591,3.717,0,27,19.2,0.087,2,280,24.453,95.704,1.463,320.251,,,,,1
2026-10-07T18:00Z,2026-10-07T21:00Z,a4t:84t,3,14.2,15.4,21.4,23.5,19.3,h,15.4,19.3,,,0,0.018,169.315,4.326,0,27,19.2,0.087,4,280,24.45,94.411,1.975,343.033,,,,,1
2026-10-07T18:00Z,2026-10-08T00:00Z,a4t:84t,6,10.1,10.9,20,21.8,19.3,h,10.9,19.3,,,0,0.09,228.027,5.156,0.056,27,19.2,0.087,7,281,24.816,93.578,2.685,349.722,,,,,1
2026-10-07T18:00Z,2026-10-08T06:00Z,a4t:84t,12,18.200000000000003,19.5,18.4,20.1,19.1,h,19.5,19.1,,,0,0.103,1162.698,2.499,0.099,27,19.2,0.087,13,281,31.253,65.457,2.038,41.091,,,,,1
2026-10-07T18:00Z,2026-10-08T18:00Z,a4t:84t,24,17.200000000000003,18.1,17.5,18.8,19.1,h,18.1,19.1,,,0,0.022,98.555,3.732,0,27,19.2,0.087,1,281,25.217,94.243,1.694,306.291,,,,,1
2026-10-07T18:00Z,2026-10-09T18:00Z,a4t:84t,48,20.950000000000003,21.6,18.5,19.2,19.2,h,21.6,19.2,,,0,0.007,87.174,2,1.477,27,19.2,0.087,1,282,25.05,95.967,1.382,332.09,,,,,1
2026-10-07T18:00Z,2026-10-07T19:00Z,a4t:14t,1,36.6,35.5,27.9,27,21.1,h,35.5,21.1,,,0.001,0.04,98.468,2.883,0,45,21,-0.033,2,280,24.547,96.599,1.05,323.433,,,,,1
2026-10-07T18:00Z,2026-10-07T21:00Z,a4t:14t,3,35.55,34.5,29.7,28.8,21.2,h,34.5,21.2,,,0.001,0.127,152.977,3.826,0,45,21,-0.033,4,280,24.454,94.742,1.741,339.464,,,,,1
2026-10-07T18:00Z,2026-10-08T00:00Z,a4t:14t,6,29.25,28.4,31.7,30.7,21.7,h,28.4,21.7,,,0,0.226,198.632,4.501,0.02,45,21,-0.033,7,281,24.901,93.647,2.317,357.037,,,,,1
2026-10-07T18:00Z,2026-10-08T06:00Z,a4t:14t,12,29.35,28.6,33.2,32.2,23.3,h,28.6,23.3,,,0.001,0.125,1221.379,2.03,0.078,45,21,-0.033,13,281,31.589,62.626,1.592,34.349,,,,,1
2026-10-07T18:00Z,2026-10-08T18:00Z,a4t:14t,24,33.05,32.4,33.2,32.4,24.7,h,32.4,24.7,,,0.001,0.025,79.766,2.577,0,45,21,-0.033,1,281,25.447,94.838,1.013,301.387,,,,,1
2026-10-07T18:00Z,2026-10-09T18:00Z,a4t:14t,48,31.85,31.5,28.1,27.7,24.3,h,31.5,24.3,,,0,0.009,89.785,0.693,1.131,45,21,-0.033,1,282,25.36,94.121,0.479,23.132,,,,,1
2026-10-07T18:00Z,2026-10-07T19:00Z,a4t:27t,1,36.6,43.3,27.9,33.4,32.4,h,43.3,32.4,,,0,0.017,103.582,3.124,0,59,32.3,0.174,2,280,24.475,96.055,1.132,325.6,,,,,1
2026-10-07T18:00Z,2026-10-07T21:00Z,a4t:27t,3,35.55,41.8,29.7,35.5,32.5,h,41.8,32.5,,,0.001,0.052,152.886,3.955,0,59,32.3,0.174,4,280,24.426,94.458,1.763,341.781,,,,,1
2026-10-07T18:00Z,2026-10-08T00:00Z,a4t:27t,6,29.25,34.1,31.7,37.7,32.8,h,34.1,32.8,,,0,0.16,206.563,4.74,0.033,59,32.3,0.174,7,281,24.864,93.622,2.431,354.229,,,,,1
2026-10-07T18:00Z,2026-10-08T06:00Z,a4t:27t,12,29.35,33.6,33.2,39.2,33.6,h,33.6,33.6,,,0,0.139,1193.515,2.083,0.085,59,32.3,0.174,13,281,31.38,64.31,1.66,33.888,,,,,1
2026-10-07T18:00Z,2026-10-08T18:00Z,a4t:27t,24,33.05,36.7,33.2,38,34.1,h,36.7,34.1,,,0.001,0.027,83.848,2.835,0,59,32.3,0.174,1,281,25.391,94.294,1.137,308.113,,,,,1
2026-10-07T18:00Z,2026-10-09T18:00Z,a4t:27t,48,31.85,33.9,28.1,30.4,31.4,h,33.9,31.4,,,0,0.008,102.522,1.147,1.158,59,32.3,0.174,1,282,25.286,94.298,0.666,8.13,,,,,1
2026-10-07T18:00Z,2026-10-07T19:00Z,a4t:25t,1,42.45,38.4,19.6,17.6,14.4,h,38.4,14.4,,,0.104,0.523,46.696,2.559,0,32,14.3,-0.108,2,280,24.475,86.514,1.145,65.975,,,,,1
2026-10-07T18:00Z,2026-10-07T21:00Z,a4t:25t,3,37.45,34,22,19.7,14.5,h,33.9,14.5,,,0.028,0.195,66.789,3.242,0,32,14.3,-0.108,4,280,23.849,87.896,1.2,53.536,,,,,1
2026-10-07T18:00Z,2026-10-08T00:00Z,a4t:25t,6,25.35,23.1,24.2,21.8,14.9,h,23,14.9,,,0.004,0.052,112.834,3.714,0,32,14.3,-0.108,7,281,24.725,85.566,2.022,43.176,,,,,1
2026-10-07T18:00Z,2026-10-08T06:00Z,a4t:25t,12,14.399999999999999,13.2,24.5,22.1,15.6,h,13.2,15.6,,,0.001,0.012,1284.537,3.806,0.222,32,14.3,-0.108,13,281,31.395,60.647,2.892,41.7,,,,,1
2026-10-07T18:00Z,2026-10-08T18:00Z,a4t:25t,24,15.95,14.9,21.1,19.3,15.9,h,14.9,15.9,,,0,0.01,41.054,1.858,0,32,14.3,-0.108,1,281,24.445,88.523,0.961,65.485,,,,,1
2026-10-07T18:00Z,2026-10-09T18:00Z,a4t:25t,48,24.700000000000003,23.8,18.5,17.6,15.9,h,23.7,15.9,,,0,0.015,84.068,3.749,0,32,14.3,-0.108,1,282,25.414,87.038,1.493,50.891,,,,,1
2026-10-07T18:00Z,2026-10-07T19:00Z,a4t:104t,1,12.45,8.1,11.9,7.6,7.9,h,8.1,7.9,,,0.001,0.039,110.954,4.36,0,8,7.9,-0.412,2,280,24.52,95.269,2.173,9.299,,,,,1
2026-10-07T18:00Z,2026-10-07T21:00Z,a4t:104t,3,11.75,7.7,12,7.6,7.9,h,7.7,7.9,,,0,0.061,149.224,4.851,0,8,7.9,-0.412,4,280,24.247,96.495,2.286,8.641,,,,,1
2026-10-07T18:00Z,2026-10-08T00:00Z,a4t:104t,6,11.7,7.9,12,7.7,8,h,7.9,8,,,0,0.129,196.954,3.695,0,8,7.9,-0.412,7,281,24.952,93.827,2.183,15.311,,,,,1
2026-10-07T18:00Z,2026-10-08T06:00Z,a4t:104t,12,12.1,8.6,12,7.9,8.1,h,8.6,8.1,,,0,0.011,1084.283,3.558,0.08,8,7.9,-0.412,13,281,31.407,61.688,2.784,38.457,,,,,1
2026-10-07T18:00Z,2026-10-08T18:00Z,a4t:104t,24,10.850000000000001,8.3,12,8.5,8.1,h,8.3,8.1,,,0,0.007,78.512,3.312,0,8,7.9,-0.412,1,281,25.428,94.174,1.395,2.607,,,,,1
2026-10-07T18:00Z,2026-10-09T18:00Z,a4t:104t,48,16.950000000000003,14.5,13.3,10.8,9.4,h,14.5,9.4,,,0,0.013,76.448,3.581,0,8,7.9,-0.412,1,282,26.275,86.496,1.239,53.383,,,,,1
2026-10-07T18:00Z,2026-10-07T19:00Z,a4t:85t,1,14.75,12.5,14.7,12.3,12,h,12.5,12,,,0,0.23,115.572,3.516,0,7,12,-0.162,2,280,24.763,96.28,1.505,336.305,,,,,1
2026-10-07T18:00Z,2026-10-07T21:00Z,a4t:85t,3,13.85,11.8,14.9,12.6,12.2,h,11.8,12.2,,,0,0.085,166.016,4.26,0,7,12,-0.162,4,280,24.594,94.84,2.154,350.932,,,,,1
2026-10-07T18:00Z,2026-10-08T00:00Z,a4t:85t,6,14.3,12.3,15.4,13,12.4,h,12.3,12.4,,,0,0.041,186.491,4.03,0,7,12,-0.162,7,281,24.947,92.097,2.136,8.275,,,,,1
2026-10-07T18:00Z,2026-10-08T06:00Z,a4t:85t,12,12.45,10.9,15.1,12.9,12.5,h,10.9,12.5,,,0,0.037,1162.749,2.878,0.048,7,12,-0.162,13,281,31.599,60.561,2.259,40.225,,,,,1
2026-10-07T18:00Z,2026-10-08T18:00Z,a4t:85t,24,13.05,11.8,13.9,12.2,12.1,h,11.8,12.1,,,0,0.011,85.017,2.998,0,7,12,-0.162,1,281,25.499,93.496,1.371,309.488,,,,,1
2026-10-07T18:00Z,2026-10-09T18:00Z,a4t:85t,48,16.65,15.7,13.9,12.9,12.4,h,15.7,12.4,,,0,0.011,74.524,1.393,0.862,7,12,-0.162,1,282,25.811,92.759,0.775,0.948,,,,,1
2026-10-07T18:00Z,2026-10-07T19:00Z,a4t:42t,1,3.1,11.3,,,,h,11.3,,,,0,0,80.895,1.942,0,,,1.221,2,280,24.39,97.451,0.952,329.507,,,,,1
2026-10-07T18:00Z,2026-10-07T21:00Z,a4t:42t,3,3.1500000000000004,10.9,,,,h,10.9,,,,0,0,57.373,1.718,0.004,,,1.221,4,280,24.241,98.12,0.89,335.05,,,,,1
2026-10-07T18:00Z,2026-10-08T00:00Z,a4t:42t,6,3.3499999999999996,10.7,,,,h,10.7,,,,0,0,106.933,1.951,0.332,,,1.221,7,281,24.476,97.114,1.3,301.617,,,,,1
2026-10-07T18:00Z,2026-10-08T06:00Z,a4t:42t,12,3.55,9.9,,,,h,9.9,,,,0,0,613.083,2.294,0.329,,,1.221,13,281,28.838,78.165,1.782,16.693,,,,,1
2026-10-07T18:00Z,2026-10-08T18:00Z,a4t:42t,24,2.95,6.8,,,,h,6.8,,,,0,0,68.188,2.018,0.008,,,1.221,1,281,23.93,97.161,1.058,267.683,,,,,1
2026-10-07T18:00Z,2026-10-09T18:00Z,a4t:42t,48,10.05,15.7,,,,h,15.7,,,,0,0.006,39.641,1.513,0.008,,,1.221,1,282,24.794,94.619,0.66,322.68,,,,,1
2026-10-07T18:00Z,2026-10-07T19:00Z,a4t:111t,1,5.449999999999999,12.4,5.8,13.7,10.9,h,12.4,10.9,,,0,0.004,279.223,5.04,0,20,10.9,0.781,2,280,24.017,85.208,2.303,41.278,0.1,322,26.4,77,1
2026-10-07T18:00Z,2026-10-07T21:00Z,a4t:111t,3,6.550000000000001,14.3,5.9,13.9,11,h,14.3,11,,,0,0.006,368.097,5.894,0,20,10.9,0.781,4,280,23.536,84.906,2.999,41.124,0.1,322,26.4,77,1
2026-10-07T18:00Z,2026-10-08T00:00Z,a4t:111t,6,8.25,16.9,6.2,14.4,11.1,h,16.9,11.1,,,0,0.011,409.934,5.393,0,20,10.9,0.781,7,281,23.81,82.631,2.649,39.304,0.1,322,26.4,77,1
2026-10-07T18:00Z,2026-10-08T06:00Z,a4t:111t,12,6.65,12.7,6.9,15.2,11.7,h,12.7,11.7,,,0,0.013,1073.013,5.091,0.05,20,10.9,0.781,13,281,29.351,65.977,3.889,29.161,0.1,322,26.4,77,1
2026-10-07T18:00Z,2026-10-08T18:00Z,a4t:111t,24,7.9,13,7.1,13.7,11.8,h,13,11.8,,,0,0.006,341.159,5.304,0,20,10.9,0.781,1,281,24.511,85.579,2.479,54.683,0.1,322,26.4,77,1
2026-10-07T18:00Z,2026-10-09T18:00Z,a4t:111t,48,4.9,6.8,7.7,11.6,11.3,h,6.8,11.3,,,0,0.007,278.751,4.526,0,20,10.9,0.781,1,282,23.948,91.567,2.173,30.484,0.1,322,26.4,77,1
2026-10-07T18:00Z,2026-10-07T19:00Z,a4t:96t,1,8.75,7.9,10.1,9,5.6,h,7.9,5.6,,,0,0.012,60.768,2.092,0,7,5.6,-0.103,2,280,24.237,96.736,0.874,279.758,0.2,171,20,97,1
2026-10-07T18:00Z,2026-10-07T21:00Z,a4t:96t,3,10.4,9.4,9.5,8.5,5.6,h,9.4,5.6,,,0,0.011,53.168,2.184,0,7,5.6,-0.103,4,280,23.985,94.662,0.681,303.534,0.2,171,20,97,1
2026-10-07T18:00Z,2026-10-08T00:00Z,a4t:96t,6,13.55,12.3,9.1,8.1,5.8,h,12.3,5.8,,,0,0.009,79.694,2.058,0,7,5.6,-0.103,7,281,24.415,94.644,0.977,354.134,0.2,171,20,97,1
2026-10-07T18:00Z,2026-10-08T06:00Z,a4t:96t,12,8.35,7.7,9.1,8.2,6.1,h,7.7,6.1,,,0,0.004,1088.99,1.035,0.073,7,5.6,-0.103,13,281,30.695,70.039,0.891,28.773,0.2,171,20,97,1
2026-10-07T18:00Z,2026-10-08T18:00Z,a4t:96t,24,22.5,21.1,12,11.1,7.4,h,21.1,7.4,,,0,0.002,25.165,0.751,0,7,5.6,-0.103,1,281,25.178,94.484,0.285,270.913,0.2,171,20,97,1
2026-10-07T18:00Z,2026-10-09T18:00Z,a4t:96t,48,23.799999999999997,22.9,20,19,12.3,h,22.9,12.3,,,0,0.005,23.606,1.532,0,7,5.6,-0.103,1,282,26.314,87.223,0.436,323.326,0.2,171,20,97,1
2026-10-07T18:00Z,2026-10-07T19:00Z,a4t:82t,1,12.15,29.6,7.4,19.4,18.2,h,29.6,18.2,,,0,0.032,128.361,4.198,0,32,18.2,0.899,2,280,22.897,74.146,1.913,72.075,,,,,1
2026-10-07T18:00Z,2026-10-07T21:00Z,a4t:82t,3,14.1,33,7.9,20.5,18.4,h,33,18.4,,,0,0.008,71.981,3.444,0,32,18.2,0.899,4,280,22.15,78.124,1.306,84.785,,,,,1
2026-10-07T18:00Z,2026-10-08T00:00Z,a4t:82t,6,17.5,38.6,9.1,22.8,18.8,h,38.6,18.8,,,0,0.004,65.647,2.366,0,32,18.2,0.899,7,281,22.489,81.604,1.192,70.684,,,,,1
2026-10-07T18:00Z,2026-10-08T06:00Z,a4t:82t,12,10.85,22.2,10.9,25.9,20.3,h,22.2,20.3,,,0,0.003,1315.299,1.471,0.003,32,18.2,0.899,13,281,29.896,56.328,1.255,62.671,,,,,1
2026-10-07T18:00Z,2026-10-08T18:00Z,a4t:82t,24,24,41.2,15.3,30.7,21.4,h,41.2,21.4,,,0,0.029,109.879,3.751,0,32,18.2,0.899,1,281,23.812,83.083,1.457,67.157,,,,,1
2026-10-07T18:00Z,2026-10-09T18:00Z,a4t:82t,48,20.799999999999997,28.9,17.5,27.1,21.3,h,28.9,21.3,,,0,0.004,260.1,5.202,0,32,18.2,0.899,1,282,24.454,79.988,2.86,67.595,,,,,1
2026-10-07T18:00Z,2026-10-07T19:00Z,a4t:115t,1,9.3,10.6,6.3,7.3,10.5,h,10.6,10.5,,,0,0.046,56.778,2.951,0,8,10.5,0.131,2,280,22.617,86.87,1.019,41.928,1.2,21,22.5,93,1
2026-10-07T18:00Z,2026-10-07T21:00Z,a4t:115t,3,9.4,10.7,6.7,7.7,10.5,h,10.7,10.5,,,0,0.036,63.274,2.819,0,8,10.5,0.131,4,280,22.054,93.446,1.171,47.589,1.2,21,22.5,93,1
2026-10-07T18:00Z,2026-10-08T00:00Z,a4t:115t,6,9.85,11.1,7.2,8.3,10.5,h,11.1,10.5,,,0,0.024,147.423,2.731,0,8,10.5,0.131,7,281,22.578,87.075,1.439,48.2,1.2,21,22.5,93,1
2026-10-07T18:00Z,2026-10-08T06:00Z,a4t:115t,12,15.05,16.7,9.5,10.8,10.8,h,16.7,10.8,,,0,0.01,1070.288,2.6,0.004,8,10.5,0.131,13,281,29.233,56.205,2.11,47.462,1.2,21,22.5,93,1
2026-10-07T18:00Z,2026-10-08T18:00Z,a4t:115t,24,19.65,21.3,13.9,15.4,12.1,h,21.3,12.1,,,0,0.013,28.126,1.907,0,8,10.5,0.131,1,281,23.14,88.416,0.86,43.607,1.2,21,22.5,93,1
2026-10-07T18:00Z,2026-10-09T18:00Z,a4t:115t,48,13.25,13.9,16.3,17.3,13.9,h,13.9,13.9,,,0,0.005,514.762,6.273,0,8,10.5,0.131,1,282,24.105,80.19,3.174,64.161,1.2,21,22.5,93,1
2026-10-07T18:00Z,2026-10-07T19:00Z,a4t:110t,1,11.95,22.5,9.1,18,13.7,h,22.5,13.7,,,0,0.022,452.942,5.893,0.015,24,13.7,0.635,2,280,23.512,78.158,3.043,46.069,1.3,67,24.8,78,1
2026-10-07T18:00Z,2026-10-07T21:00Z,a4t:110t,3,11,20.3,9.3,18.2,13.8,h,20.3,13.8,,,0,0.019,417.556,6.454,0,24,13.7,0.635,4,280,23.104,77.527,3.311,44.623,1.3,67,24.8,78,1
2026-10-07T18:00Z,2026-10-08T00:00Z,a4t:110t,6,9.4,16.8,9.3,18,14,h,16.8,14,,,0,0.014,419.989,6.179,0,24,13.7,0.635,7,281,23.478,79.793,3.129,34.595,1.3,67,24.8,78,1
2026-10-07T18:00Z,2026-10-08T06:00Z,a4t:110t,12,6.9,11.7,8.9,16.7,14.4,h,11.7,14.4,,,0,0.009,1143.001,6.133,0.039,24,13.7,0.635,13,281,29.474,64.902,4.65,40.99,1.3,67,24.8,78,1
2026-10-07T18:00Z,2026-10-08T18:00Z,a4t:110t,24,13.7,20.3,9.8,16.4,14.6,h,20.3,14.6,,,0,0.038,494.757,6.312,0,24,13.7,0.635,1,281,24.474,81.707,3.502,47.821,1.3,67,24.8,78,1
2026-10-07T18:00Z,2026-10-09T18:00Z,a4t:110t,48,0.8,1.3,6.4,9.2,11.4,h,1.3,11.4,,,0,0.001,441.333,6.38,0,24,13.7,0.635,1,282,23.698,93.189,3.5,41.929,1.3,67,24.8,78,1
2026-10-07T18:00Z,2026-10-07T19:00Z,a4t:91t,1,8.7,21.8,4.6,12.8,11,h,21.8,11,,,0,0.021,101.766,3.354,0,25,11,0.908,2,280,22.884,79.731,1.373,58.831,,,,,1
2026-10-07T18:00Z,2026-10-07T21:00Z,a4t:91t,3,10,23.9,5.1,13.9,11.1,h,23.9,11.1,,,0,0.009,56.172,2.487,0,25,11,0.908,4,280,22.051,81.877,0.881,70.725,,,,,1
2026-10-07T18:00Z,2026-10-08T00:00Z,a4t:91t,6,11.899999999999999,26.8,6.1,15.8,11.5,h,26.8,11.5,,,0,0.009,80.278,2.321,0,25,11,0.908,7,281,22.636,83.641,1.034,52.129,,,,,1
2026-10-07T18:00Z,2026-10-08T06:00Z,a4t:91t,12,13.55,27.7,9,21.4,13.4,h,27.7,13.4,,,0,0.004,1231.347,2.722,0.013,25,11,0.908,13,281,29.876,55.049,2.201,29.341,,,,,1
2026-10-07T18:00Z,2026-10-08T18:00Z,a4t:91t,24,17.6,30.5,13.4,27.2,16.2,h,30.5,16.2,,,0,0.028,66.565,2.873,0,25,11,0.908,1,281,23.582,85.764,0.955,63.617,,,,,1
2026-10-07T18:00Z,2026-10-09T18:00Z,a4t:91t,48,15.149999999999999,21.2,15.6,24.3,17.7,h,21.2,17.7,,,0,0.004,293.678,4.727,0,25,11,0.908,1,282,24.265,80.755,2.424,54.014,,,,,1
2026-10-07T18:00Z,2026-10-07T19:00Z,a4t:92t,1,9,15.2,7.3,12.7,11,h,15.2,11,,,0,0.001,31.773,0.955,0,16,11,0.511,2,280,24.033,99.078,0.366,266.086,,,,,1
2026-10-07T18:00Z,2026-10-07T21:00Z,a4t:92t,3,10.4,17.1,7.4,12.9,11.1,h,17.1,11.1,,,0,0.001,32.359,0.895,0,16,11,0.511,4,280,23.818,98.632,0.649,13.565,,,,,1
2026-10-07T18:00Z,2026-10-08T00:00Z,a4t:92t,6,11.350000000000001,18,8,13.7,11.3,h,18,11.3,,,0,0.001,67.889,1.536,0,16,11,0.511,7,281,24.052,98.048,0.932,36.054,,,,,1
2026-10-07T18:00Z,2026-10-08T06:00Z,a4t:92t,12,7.5,11.5,8.7,14.5,11.7,h,11.5,11.7,,,0,0.001,999.024,0.498,0.143,16,11,0.511,13,281,30.104,68.169,0.429,70.784,,,,,1
2026-10-07T18:00Z,2026-10-08T18:00Z,a4t:92t,24,20.65,28.2,10.7,16.1,12.3,h,28.2,12.3,,,0,0.001,21.677,0.396,0,16,11,0.511,1,281,24.657,93.097,0.078,261.332,,,,,1
2026-10-07T18:00Z,2026-10-09T18:00Z,a4t:92t,48,14.7,17.8,14.4,18.5,13.6,h,17.8,13.6,,,0,0.006,38.118,1.848,0,16,11,0.511,1,282,25.313,85.514,0.883,41.084,,,,,1
2026-10-07T18:00Z,2026-10-07T19:00Z,a4t:98t,1,12.35,14.4,13.4,15.7,11.4,h,14.4,11.4,,,0,0.021,96.455,3.724,0,13,11.4,0.15,2,280,24.185,96.669,1.691,342.67,0.4,316,28.9,83,1
2026-10-07T18:00Z,2026-10-07T21:00Z,a4t:98t,3,12.5,14.5,13.5,15.8,11.4,h,14.5,11.4,,,0,0.04,107.916,4.056,0,13,11.4,0.15,4,280,23.896,96.154,1.784,0.411,0.4,316,28.9,83,1
2026-10-07T18:00Z,2026-10-08T00:00Z,a4t:98t,6,11.45,13.1,13.4,15.7,11.5,h,13.1,11.5,,,0,0.047,133.529,3.335,0,13,11.4,0.15,7,281,24.618,94.169,1.821,21.756,0.4,316,28.9,83,1
2026-10-07T18:00Z,2026-10-08T06:00Z,a4t:98t,12,9.55,10.8,11.9,13.8,11.6,h,10.8,11.6,,,0,0.006,1178.617,1.99,0.199,13,11.4,0.15,13,281,30.987,65.624,1.576,32.673,0.4,316,28.9,83,1
2026-10-07T18:00Z,2026-10-08T18:00Z,a4t:98t,24,14.65,16.1,10.7,12.1,11.6,h,16.1,11.6,,,0,0.003,66.312,3.043,0,13,11.4,0.15,1,281,25.36,95.262,1.249,316.818,0.4,316,28.9,83,1
2026-10-07T18:00Z,2026-10-09T18:00Z,a4t:98t,48,18.85,19.9,12.9,13.9,12.6,h,19.9,12.6,,,0,0.009,44.613,2.288,0,13,11.4,0.15,1,282,26.181,91.561,0.955,23.051,0.4,316,28.9,83,1
2026-10-07T18:00Z,2026-10-07T19:00Z,a4t:83t,1,8.95,19.5,6.1,14.2,12.9,h,19.5,12.9,,,0,0.015,437.264,6.333,0.128,19,12.9,0.768,2,280,23.868,80.094,3.521,28.322,,,,,1
2026-10-07T18:00Z,2026-10-07T21:00Z,a4t:83t,3,9.2,19.4,6.5,15,13,h,19.4,13,,,0,0.013,435.855,6.953,0,19,12.9,0.768,4,280,23.534,80.541,3.839,28.844,,,,,1
2026-10-07T18:00Z,2026-10-08T00:00Z,a4t:83t,6,7.65,15.6,6.9,15.5,13.1,h,15.6,13.1,,,0,0.01,472.046,6.888,0,19,12.9,0.768,7,281,23.994,80.717,3.958,25.08,,,,,1
2026-10-07T18:00Z,2026-10-08T06:00Z,a4t:83t,12,4.800000000000001,9.3,6.9,15,13.5,h,9.3,13.5,,,0,0.008,1140.761,6.784,0.319,19,12.9,0.768,13,281,29.176,67.722,5.142,29.164,,,,,1
2026-10-07T18:00Z,2026-10-08T18:00Z,a4t:83t,24,9.4,15.3,7.5,14.2,13.3,h,15.3,13.3,,,0,0.018,474.016,6.459,0,19,12.9,0.768,1,281,24.553,83.372,3.598,36.743,,,,,1
2026-10-07T18:00Z,2026-10-09T18:00Z,a4t:83t,48,2.4,3.5,4.6,7.1,10,h,3.5,10,,,0,0.002,302.79,4.634,0,19,12.9,0.768,1,282,23.808,94.87,2.168,35.452,,,,,1
2026-10-07T18:00Z,2026-10-07T19:00Z,a4t:116t,1,12.45,15.1,11.9,14.7,12.1,h,15.1,12.1,,,0.001,0.229,91.099,3.571,0,19,12.1,0.192,2,280,24.788,92.179,1.611,11.827,1,288,27.9,81,1
2026-10-07T18:00Z,2026-10-07T21:00Z,a4t:116t,3,11.75,14.2,12,14.7,12.2,h,14.2,12.2,,,0.001,0.095,145.418,4.75,0,19,12.1,0.192,4,280,24.36,93.568,2.285,8.244,1,288,27.9,81,1
2026-10-07T18:00Z,2026-10-08T00:00Z,a4t:116t,6,11.7,13.9,12,14.7,12.3,h,13.9,12.3,,,0,0.079,178.604,4.424,0,19,12.1,0.192,7,281,24.89,92.772,2.273,16.539,1,288,27.9,81,1
2026-10-07T18:00Z,2026-10-08T06:00Z,a4t:116t,12,12.1,14.1,12,14.5,12.7,h,14.1,12.7,,,0,0.016,1149.385,3.921,0.1,19,12.1,0.192,13,281,31.721,59.422,3.072,33.208,1,288,27.9,81,1
2026-10-07T18:00Z,2026-10-08T18:00Z,a4t:116t,24,10.850000000000001,12.2,12,14,12.7,h,12.2,12.7,,,0,0.009,82.495,3.58,0,19,12.1,0.192,1,281,25.629,92.133,1.494,5.557,1,288,27.9,81,1
2026-10-07T18:00Z,2026-10-09T18:00Z,a4t:116t,48,16.950000000000003,18.2,13.3,14.5,13.3,h,18.2,13.3,,,0,0.013,71.218,3.393,0,19,12.1,0.192,1,282,26.326,85.69,1.297,53.778,1,288,27.9,81,1
2026-10-07T18:00Z,2026-10-07T19:00Z,a4t:57t,1,14.25,17.4,5,6.3,8.9,h,17.4,8.9,,,0,0.026,22.564,0.291,0,11,8.9,0.199,2,280,21.448,88.842,0.468,257.405,,,,,1
2026-10-07T18:00Z,2026-10-07T21:00Z,a4t:57t,3,15.1,18.3,5.9,7.4,9,h,18.3,9,,,0,0.04,20,0.084,0,11,8.9,0.199,4,280,20.783,91.592,0.402,0.96,,,,,1
2026-10-07T18:00Z,2026-10-08T00:00Z,a4t:57t,6,15.9,19,7.4,9.1,9.2,h,19,9.2,,,0,0.053,27,0.771,0,11,8.9,0.199,7,281,21.398,88.667,0.591,42.168,,,,,1
2026-10-07T18:00Z,2026-10-08T06:00Z,a4t:57t,12,4.6,5.5,9.2,11.2,9.8,h,5.5,9.8,,,0,0.035,999.24,1.96,0.071,11,8.9,0.199,13,281,28.553,61.906,1.48,67.934,,,,,1
2026-10-07T18:00Z,2026-10-08T18:00Z,a4t:57t,24,15.75,17.8,10.2,12.1,9.7,h,17.8,9.7,,,0,0.017,18.128,0.199,0,11,8.9,0.199,1,281,22.539,86.945,0.261,130.446,,,,,1
2026-10-07T18:00Z,2026-10-09T18:00Z,a4t:57t,48,16.55,17.8,12.1,13.4,10.5,h,17.8,10.5,,,0,0.008,29.079,1.93,0,11,8.9,0.199,1,282,22.724,88.469,0.829,1.533,,,,,1
2026-10-07T18:00Z,2026-10-07T19:00Z,a4t:73t,1,14.95,19.8,6.5,8.9,16.1,h,19.8,16.1,,,0,0.107,28.945,0.708,0,16,16.1,0.281,2,280,21.776,86.294,0.596,329.739,,,,,1
2026-10-07T18:00Z,2026-10-07T21:00Z,a4t:73t,3,12.65,16.6,7.1,9.7,16.1,h,16.6,16.1,,,0,0.087,28.945,1.188,0,16,16.1,0.281,4,280,21.225,86.496,0.695,325.399,,,,,1
2026-10-07T18:00Z,2026-10-08T00:00Z,a4t:73t,6,10.9,14.1,7.9,10.7,16.2,h,14.1,16.2,,,0,0.073,46.684,0.626,0,16,16.1,0.281,7,281,21.706,85.67,0.645,355.348,,,,,1
2026-10-07T18:00Z,2026-10-08T06:00Z,a4t:73t,12,3.6,4.7,9,12,15.7,h,4.7,15.7,,,0,0.042,965.634,1.438,0.014,16,16.1,0.281,13,281,28.307,60.314,1.121,123.774,,,,,1
2026-10-07T18:00Z,2026-10-08T18:00Z,a4t:73t,24,16.9,20.1,9.5,12,15,h,20.1,15,,,0,0.017,27.206,0.884,0,16,16.1,0.281,1,281,22.266,86.258,0.696,346.895,,,,,1
2026-10-07T18:00Z,2026-10-09T18:00Z,a4t:73t,48,16.85,18.7,11.1,12.8,14.9,h,18.7,14.9,,,0,0.008,35.855,1.865,0,16,16.1,0.281,1,282,22.841,86.894,0.914,354.08,,,,,1
2026-10-07T18:00Z,2026-10-07T19:00Z,a4t:35t,1,31.55,20,17.9,10.9,12.5,h,20,12.5,,,0,0.004,72.295,0.545,0.096,15,12.5,-0.469,2,280,22.204,96.485,0.355,58.906,,,,,1
2026-10-07T18:00Z,2026-10-07T21:00Z,a4t:35t,3,24.75,15.9,18.1,11.1,12.5,h,15.9,12.5,,,0,0.003,30.331,0.751,0,15,12.5,-0.469,4,280,21.847,97.88,0.282,52.602,,,,,1
2026-10-07T18:00Z,2026-10-08T00:00Z,a4t:35t,6,19.950000000000003,13.1,18.5,11.4,12.6,h,13.1,12.6,,,0,0.003,35.083,0.55,0,15,12.5,-0.469,7,281,22.04,95.122,0.409,321.149,,,,,1
2026-10-07T18:00Z,2026-10-08T06:00Z,a4t:35t,12,9.1,6.1,19.8,12.5,12.6,h,6.1,12.6,,,0,0.006,815.509,1.01,0.064,15,12.5,-0.469,13,281,29.822,63.185,0.819,133.868,,,,,1
2026-10-07T18:00Z,2026-10-08T18:00Z,a4t:35t,24,40.75,30.8,22,15.3,13.2,h,30.8,13.2,,,0,0.007,57.126,0.053,0,15,12.5,-0.469,1,281,23.944,91.74,0.035,21.994,,,,,1
2026-10-07T18:00Z,2026-10-09T18:00Z,a4t:35t,48,33.1,27.9,23.7,19,14.8,h,27.9,14.8,,,0,0.007,43.514,0.85,0,15,12.5,-0.469,1,282,23.999,91.023,0.38,343.758,,,,,1
2026-10-07T18:00Z,2026-10-07T19:00Z,a4t:36t,1,31.55,13.5,17.9,7.1,7.4,h,13.5,7.4,,,0,0.003,82.316,0.937,0.043,9,7.4,-0.86,2,280,22.649,95.638,0.559,71.929,0.4,31,28.7,,1
2026-10-07T18:00Z,2026-10-07T21:00Z,a4t:36t,3,24.75,10.9,18.1,7.2,7.5,h,10.9,7.5,,,0,0.003,30.269,0.987,0,9,7.4,-0.86,4,280,22.271,97.394,0.292,57.038,0.4,31,28.7,,1
2026-10-07T18:00Z,2026-10-08T00:00Z,a4t:36t,6,19.950000000000003,9.1,18.5,7.5,7.6,h,9.1,7.6,,,0,0.003,22.072,0.332,0,9,7.4,-0.86,7,281,22.57,94.474,0.25,332.726,0.4,31,28.7,,1
2026-10-07T18:00Z,2026-10-08T06:00Z,a4t:36t,12,9.1,4.3,19.8,8.4,7.7,h,4.3,7.7,,,0,0.006,728.804,1.064,0.027,9,7.4,-0.86,13,281,29.921,64.181,0.867,136.008,0.4,31,28.7,,1
2026-10-07T18:00Z,2026-10-08T18:00Z,a4t:36t,24,40.75,24.3,22,11.3,8.4,h,24.3,8.4,,,0,0.007,70.01,0.284,0,9,7.4,-0.86,1,281,24.473,89.742,0.115,176.756,0.4,31,28.7,,1
2026-10-07T18:00Z,2026-10-09T18:00Z,a4t:36t,48,33.1,24.2,23.7,15.7,10.3,h,24.2,10.3,,,0,0.007,47.497,0.879,0,9,7.4,-0.86,1,282,24.394,90.438,0.33,359.345,0.4,31,28.7,,1
2026-10-07T18:00Z,2026-10-07T19:00Z,a4t:97t,1,16.15,9.2,11.4,6.2,9.5,h,9.2,9.5,,,0,0,18.702,0.961,0,5,9.5,-0.551,2,280,21.871,90.463,0.261,20.491,0.9,61,27,84,1
2026-10-07T18:00Z,2026-10-07T21:00Z,a4t:97t,3,13.45,7.8,12.3,6.7,9.5,h,7.8,9.5,,,0,0,23.263,1.593,0,5,9.5,-0.551,4,280,21.723,88.068,0.474,10.324,0.9,61,27,84,1
2026-10-07T18:00Z,2026-10-08T00:00Z,a4t:97t,6,11.65,6.9,13.2,7.3,9.5,h,6.9,9.5,,,0,0,47.608,2.093,0,5,9.5,-0.551,7,281,22.729,84.362,1.007,10.278,0.9,61,27,84,1
2026-10-07T18:00Z,2026-10-08T06:00Z,a4t:97t,12,6.550000000000001,4,12.2,6.9,9.1,h,4,9.1,,,0,0.005,783.965,0.727,0.201,5,9.5,-0.551,13,281,28.942,61.349,0.509,24.179,0.9,61,27,84,1
2026-10-07T18:00Z,2026-10-08T18:00Z,a4t:97t,24,19.65,14,12,7.7,8.9,h,14,8.9,,,0,0.012,25.703,1.621,0,5,9.5,-0.551,1,281,22.355,88.613,0.51,13.871,0.9,61,27,84,1
2026-10-07T18:00Z,2026-10-09T18:00Z,a4t:97t,48,15.05,12.2,14.9,11.4,10.5,h,12.2,10.5,,,0,0.012,64.728,2.855,0,5,9.5,-0.551,1,282,22.947,88.302,1.118,19.131,0.9,61,27,84,1
2026-10-07T18:00Z,2026-10-07T19:00Z,a4t:69t,1,8.6,14.6,6.8,12,10.3,h,14.6,10.3,,,0,0.001,36.856,0.299,0,17,10.3,0.516,2,280,23.186,91.313,0.038,261.963,7.7,318,,7,1
2026-10-07T18:00Z,2026-10-07T21:00Z,a4t:69t,3,10.1,16.7,7,12.3,10.4,h,16.7,10.4,,,0,0.001,31.785,0.617,0.065,17,10.3,0.516,4,280,22.168,94.28,0.5,71.124,7.7,318,,7,1
2026-10-07T18:00Z,2026-10-08T00:00Z,a4t:69t,6,11.25,18,7.6,13.2,10.5,h,18,10.5,,,0,0.001,53.861,0.781,0,17,10.3,0.516,7,281,22.712,93.614,0.483,20.275,7.7,318,,7,1
2026-10-07T18:00Z,2026-10-08T06:00Z,a4t:69t,12,9.75,14.8,8.9,14.9,11.2,h,14.8,11.2,,,0,0.001,1010.411,0.906,0.085,17,10.3,0.516,13,281,29.318,68.207,0.741,353.532,7.7,318,,7,1
2026-10-07T18:00Z,2026-10-08T18:00Z,a4t:69t,24,17.65,24.2,10.8,16.3,11.9,h,24.2,11.9,,,0,0.002,15.04,0.376,0,17,10.3,0.516,1,281,23.906,86.935,0.037,287.336,7.7,318,,7,1
2026-10-07T18:00Z,2026-10-09T18:00Z,a4t:69t,48,13.149999999999999,16,11.1,14.3,11.7,h,16,11.7,,,0,0.006,31.457,1.808,0,17,10.3,0.516,1,282,23.863,84.535,0.753,63.676,7.7,318,,7,1
2026-10-07T18:00Z,2026-10-07T19:00Z,a4t:58t,1,5.550000000000001,10.2,3.7,7.4,9,h,10.2,9,,,0,0.002,13.316,0.547,0,7,9,0.575,2,280,22.034,89.811,0.117,231.282,,,,,1
2026-10-07T18:00Z,2026-10-07T21:00Z,a4t:58t,3,5.8,10.4,3.8,7.4,9,h,10.4,9,,,0,0.002,20,0.729,0,7,9,0.575,4,280,21.537,90.681,0.233,344.232,,,,,1
2026-10-07T18:00Z,2026-10-08T00:00Z,a4t:58t,6,5.15,9,3.9,7.5,9,h,9,9,,,0,0.004,18.866,0.916,0,7,9,0.575,7,281,21.792,89.624,0.452,29.877,,,,,1
2026-10-07T18:00Z,2026-10-08T06:00Z,a4t:58t,12,3.05,5.2,4.1,7.6,8.9,h,5.2,8.9,,,0,0.006,1126.475,0.707,0.124,7,9,0.575,13,281,30.379,56.607,0.673,286.576,,,,,1
2026-10-07T18:00Z,2026-10-08T18:00Z,a4t:58t,24,7.15,10.4,5,8.2,8.8,h,10.4,8.8,,,0,0.009,13.563,0.407,0.002,7,9,0.575,1,281,22.129,90.272,0.293,3.763,,,,,1
2026-10-07T18:00Z,2026-10-09T18:00Z,a4t:58t,48,8.25,10.3,6.4,8.7,8.9,h,10.3,8.9,,,0,0.007,21.048,1.006,0,7,9,0.575,1,282,22.159,95.176,0.429,38.942,,,,,1
2026-10-07T18:00Z,2026-10-07T19:00Z,a4t:05t,1,36.95,45.8,,,,h,45.8,,,,0.001,0.028,79.629,2.283,0,,,0.257,2,280,24.458,96.261,0.783,329.802,,,,,1
2026-10-07T18:00Z,2026-10-07T21:00Z,a4t:05t,3,44.7,54.8,,,,h,54.8,,,,0.002,0.097,122.753,3.315,0,,,0.257,4,280,24.297,94.665,1.377,334.614,,,,,1
2026-10-07T18:00Z,2026-10-08T00:00Z,a4t:05t,6,50.2,60.8,,,,h,60.8,,,,0,0.291,171.465,4.034,0.013,,,0.257,7,281,24.853,93.939,2.087,353.794,,,,,1
2026-10-07T18:00Z,2026-10-08T06:00Z,a4t:05t,12,17.65,21,,,,h,21,,,,0.003,0.158,1238.366,1.389,0.06,,,0.257,13,281,31.505,63.752,1.087,18.153,,,,,1
2026-10-07T18:00Z,2026-10-08T18:00Z,a4t:05t,24,60.75,69.3,,,,h,69.3,,,,0.001,0.032,61.642,1.585,0,,,0.257,1,281,25.664,94.392,0.482,313.688,,,,,1
2026-10-07T18:00Z,2026-10-09T18:00Z,a4t:05t,48,27.4,29.7,,,,h,29.7,,,,0,0.01,116.519,1.549,0.644,,,0.257,1,282,25.585,92.636,0.348,81.408,,,,,1
2026-10-07T18:00Z,2026-10-07T19:00Z,a4t:12t,1,36.6,26,,,,h,26,,,,0.002,0.037,82.605,2.36,0,,,-0.41,2,280,24.493,96.445,0.821,326.276,,,,,1
2026-10-07T18:00Z,2026-10-07T21:00Z,a4t:12t,3,35.55,25.6,,,,h,25.6,,,,0.002,0.13,129.31,3.395,0,,,-0.41,4,280,24.331,94.776,1.451,334.558,,,,,1
2026-10-07T18:00Z,2026-10-08T00:00Z,a4t:12t,6,29.25,21.4,,,,h,21.4,,,,0,0.309,175.505,4.067,0.013,,,-0.41,7,281,24.863,93.907,2.106,354.324,,,,,1
2026-10-07T18:00Z,2026-10-08T06:00Z,a4t:12t,12,29.35,22.3,,,,h,22.3,,,,0.002,0.152,1241.474,1.493,0.061,,,-0.41,13,281,31.573,63.186,1.162,23.605,,,,,1
2026-10-07T18:00Z,2026-10-08T18:00Z,a4t:12t,24,33.05,26.7,,,,h,26.7,,,,0.001,0.029,64.882,1.751,0,,,-0.41,1,281,25.629,94.645,0.573,306.88,,,,,1
2026-10-07T18:00Z,2026-10-09T18:00Z,a4t:12t,48,31.85,28,,,,h,28,,,,0,0.01,105.626,1.241,0.749,,,-0.41,1,282,25.543,93.051,0.15,80.584,,,,,1
2026-10-07T18:00Z,2026-10-07T19:00Z,a4t:54t,1,36.6,31.6,,,,h,31.6,,,,0.002,0.049,81.211,2.295,0,,,-0.176,2,280,24.519,96.631,0.81,323.307,,,,,1
2026-10-07T18:00Z,2026-10-07T21:00Z,a4t:54t,3,35.55,30.9,,,,h,30.9,,,,0.002,0.169,129.942,3.363,0,,,-0.176,4,280,24.335,94.921,1.453,332.813,,,,,1
2026-10-07T18:00Z,2026-10-08T00:00Z,a4t:54t,6,29.25,25.6,,,,h,25.6,,,,0,0.342,173.122,3.972,0.011,,,-0.176,7,281,24.866,93.946,2.064,354.235,,,,,1
2026-10-07T18:00Z,2026-10-08T06:00Z,a4t:54t,12,29.35,26.1,,,,h,26.1,,,,0.003,0.143,1251.846,1.474,0.058,,,-0.176,13,281,31.652,62.635,1.139,25.153,,,,,1
2026-10-07T18:00Z,2026-10-08T18:00Z,a4t:54t,24,33.05,30.2,,,,h,30.2,,,,0.001,0.028,64.099,1.712,0,,,-0.176,1,281,25.643,94.896,0.567,301.764,,,,,1
2026-10-07T18:00Z,2026-10-09T18:00Z,a4t:54t,48,31.85,30.1,,,,h,30.1,,,,0,0.01,97.466,1.158,0.756,,,-0.176,1,282,25.553,93.199,0.112,88.689,,,,,1
2026-10-07T18:00Z,2026-10-07T19:00Z,a4t:41t,1,11.6,11.6,,,,h,11.6,,,,0,0.082,105.138,3.169,0,,,0.004,2,280,24.315,96.997,1.201,320.29,,,,,1
2026-10-07T18:00Z,2026-10-07T21:00Z,a4t:41t,3,10.7,10.7,,,,h,10.7,,,,0,0.071,101.368,3.364,0,,,0.004,4,280,24.063,97.715,1.316,351.139,,,,,1
2026-10-07T18:00Z,2026-10-08T00:00Z,a4t:41t,6,8.4,8.4,,,,h,8.4,,,,0,0.02,127.512,2.827,0,,,0.004,7,281,24.55,95.612,1.499,19.392,,,,,1
2026-10-07T18:00Z,2026-10-08T06:00Z,a4t:41t,12,8.4,8.4,,,,h,8.4,,,,0,0.001,1238.43,1.613,0.101,,,0.004,13,281,31.153,66.383,1.318,10.655,,,,,1
2026-10-07T18:00Z,2026-10-08T18:00Z,a4t:41t,24,14.8,14.8,,,,h,14.8,,,,0,0.004,64.744,2.199,0,,,0.004,1,281,25.3,96.526,0.951,304.719,,,,,1
2026-10-07T18:00Z,2026-10-09T18:00Z,a4t:41t,48,18.75,18.8,,,,h,18.8,,,,0,0.009,31.69,1.627,0,,,0.004,1,282,26.401,90.98,0.53,29.468,,,,,1
2026-10-07T18:00Z,2026-10-07T19:00Z,a4t:67t,1,10.85,23.8,,,,h,23.8,,,,0,0.002,42.667,0.988,0,15,,0.787,2,280,22.111,96.426,0.669,13.489,,,,,1
2026-10-07T18:00Z,2026-10-07T21:00Z,a4t:67t,3,11.45,24.3,,,,h,24.3,,,,0,0.002,44.059,1.389,0,15,,0.787,4,280,21.694,96.565,0.682,32.301,,,,,1
2026-10-07T18:00Z,2026-10-08T00:00Z,a4t:67t,6,11.3,22.9,,,,h,22.9,,,,0,0.002,77.229,1.498,0,15,,0.787,7,281,22.378,94.303,0.9,356.525,,,,,1
2026-10-07T18:00Z,2026-10-08T06:00Z,a4t:67t,12,5.449999999999999,10.6,,,,h,10.6,,,,0,0.002,1111.953,1.288,0.002,15,,0.787,13,281,30.282,59.566,1.045,359.547,,,,,1
2026-10-07T18:00Z,2026-10-08T18:00Z,a4t:67t,24,10.3,16.9,,,,h,16.9,,,,0,0.004,26.328,0.414,0,15,,0.787,1,281,22.849,94.346,0.572,62.398,,,,,1
2026-10-07T18:00Z,2026-10-09T18:00Z,a4t:67t,48,17.2,23,,,,h,23,,,,0,0.005,24.339,0.822,0,15,,0.787,1,282,22.946,95.653,0.58,325.849,,,,,1
2026-10-07T18:00Z,2026-10-07T19:00Z,a4t:37t,1,12.8,18.2,,,,h,18.2,,,,0,0.001,20,0.585,0,,,0.396,2,280,22.98,99.48,0.125,314.919,,,,,1
2026-10-07T18:00Z,2026-10-07T21:00Z,a4t:37t,3,11.100000000000001,15.6,,,,h,15.6,,,,0,0.001,54.32,0.444,0,,,0.396,4,280,23.086,98.017,0.28,354.849,,,,,1
2026-10-07T18:00Z,2026-10-08T00:00Z,a4t:37t,6,10,13.8,,,,h,13.8,,,,0,0.001,89.587,1.163,0,,,0.396,7,281,23.02,97.558,0.786,14.424,,,,,1
2026-10-07T18:00Z,2026-10-08T06:00Z,a4t:37t,12,8.2,10.9,,,,h,10.9,,,,0,0.003,1077.762,0.524,0.041,,,0.396,13,281,30.179,66.133,0.336,7.176,,,,,1
2026-10-07T18:00Z,2026-10-08T18:00Z,a4t:37t,24,14.2,17.6,,,,h,17.6,,,,0,0.003,45.883,1.143,0,,,0.396,1,281,23.953,99.134,0.768,15.033,,,,,1
2026-10-07T18:00Z,2026-10-09T18:00Z,a4t:37t,48,9.5,10.9,,,,h,10.9,,,,0,0.006,47.44,1.784,0,,,0.396,1,282,24.194,94.421,0.682,20.728,,,,,1
2026-10-07T18:00Z,2026-10-07T19:00Z,a4t:38t,1,12.8,17,,,,h,17,,,,0,0.001,20,1.234,0,,,0.323,2,280,22.284,97.693,0.68,313.862,,,,,1
2026-10-07T18:00Z,2026-10-07T21:00Z,a4t:38t,3,11.100000000000001,14.6,,,,h,14.6,,,,0,0.001,10.589,1.008,0,,,0.323,4,280,21.757,99.795,0.304,319.892,,,,,1
2026-10-07T18:00Z,2026-10-08T00:00Z,a4t:38t,6,10,13,,,,h,13,,,,0,0.001,40.525,0.453,0,,,0.323,7,281,22.074,98.805,0.248,338.812,,,,,1
2026-10-07T18:00Z,2026-10-08T06:00Z,a4t:38t,12,8.2,10.4,,,,h,10.4,,,,0,0.002,958.787,1.425,0.294,,,0.323,13,281,28.98,67.968,1.087,51.944,,,,,1
2026-10-07T18:00Z,2026-10-08T18:00Z,a4t:38t,24,14.2,16.9,,,,h,16.9,,,,0,0.003,19.413,0.828,0,,,0.323,1,281,23.38,97.4,0.411,311.831,,,,,1
2026-10-07T18:00Z,2026-10-09T18:00Z,a4t:38t,48,9.5,10.6,,,,h,10.6,,,,0,0.006,29.969,1.814,0,,,0.323,1,282,23.948,91.588,0.548,29.009,,,,,1
2026-10-07T18:00Z,2026-10-07T19:00Z,a4t:39t,1,12.8,17.3,,,,h,17.3,,,,0,0.001,20,1.458,0,,,0.34,2,280,21.186,91.656,0.779,307.024,,,,,1
2026-10-07T18:00Z,2026-10-07T21:00Z,a4t:39t,3,11.100000000000001,14.9,,,,h,14.9,,,,0,0.001,17.161,0.837,0,,,0.34,4,280,20.887,91.596,0.252,313.168,,,,,1
2026-10-07T18:00Z,2026-10-08T00:00Z,a4t:39t,6,10,13.2,,,,h,13.2,,,,0,0.002,33.234,0.645,0,,,0.34,7,281,21.261,92.717,0.813,41.19,,,,,1
2026-10-07T18:00Z,2026-10-08T06:00Z,a4t:39t,12,8.2,10.5,,,,h,10.5,,,,0,0.004,1048.829,1.516,0.295,,,0.34,13,281,28.174,61.015,1.123,46.237,,,,,1
2026-10-07T18:00Z,2026-10-08T18:00Z,a4t:39t,24,14.2,17.1,,,,h,17.1,,,,0,0.004,13.055,0.681,0,,,0.34,1,281,22.549,88.205,0.185,260.516,,,,,1
2026-10-07T18:00Z,2026-10-09T18:00Z,a4t:39t,48,9.5,10.7,,,,h,10.7,,,,0,0.006,23.145,1.688,0,,,0.34,1,282,22.184,87.031,1.112,48.713,,,,,1
2026-10-07T18:00Z,2026-10-07T19:00Z,a4t:71t,1,15.25,21.9,9.2,13.6,7.4,h,21.9,7.4,,,0,0.001,85.836,1.777,0,23,7.4,0.365,2,280,24.421,91.91,0.87,10.817,,,,,1
2026-10-07T18:00Z,2026-10-07T21:00Z,a4t:71t,3,17,24,10.2,15,7.6,h,24,7.6,,,0,0.004,140.468,1.879,0,23,7.4,0.365,4,280,24.064,91.406,0.993,12.62,,,,,1
2026-10-07T18:00Z,2026-10-08T00:00Z,a4t:71t,6,12.25,17,11.2,16.3,7.9,h,17,7.9,,,0,0.008,230.782,2.832,0,23,7.4,0.365,7,281,24.868,87.775,1.517,12.046,,,,,1
2026-10-07T18:00Z,2026-10-08T06:00Z,a4t:71t,12,5.949999999999999,8.1,10.4,15,8.8,h,8.1,8.8,,,0,0.007,1204.907,4.759,0.169,23,7.4,0.365,13,281,30.852,62.348,3.606,36.594,,,,,1
2026-10-07T18:00Z,2026-10-08T18:00Z,a4t:71t,24,7,8.9,8.9,12.2,8.9,h,8.9,8.9,,,0,0.008,167.339,2.144,0,23,7.4,0.365,1,281,24.743,89.629,1.05,34.206,,,,,1
2026-10-07T18:00Z,2026-10-09T18:00Z,a4t:71t,48,6.25,7.2,7.9,9.6,8.5,h,7.2,8.5,,,0,0.013,110.254,2.175,0,23,7.4,0.365,1,282,24.725,91.709,0.925,58.037,,,,,1
2026-10-07T18:00Z,2026-10-07T19:00Z,a4t:24t,1,19.35,19.4,,,,h,19.4,,,,0.012,0.087,66.223,3.45,0,,,0,2,280,23.972,86.719,1.532,49.78,,,,,1
2026-10-07T18:00Z,2026-10-07T21:00Z,a4t:24t,3,17.15,17.2,,,,h,17.2,,,,0.003,0.041,103.841,4.224,0,,,0,4,280,23.57,88.196,1.812,38.618,,,,,1
2026-10-07T18:00Z,2026-10-08T00:00Z,a4t:24t,6,13.8,13.8,,,,h,13.8,,,,0.001,0.021,159.486,4.092,0,,,0,7,281,24.156,87.463,2.138,35.999,,,,,1
2026-10-07T18:00Z,2026-10-08T06:00Z,a4t:24t,12,13.1,13.1,,,,h,13.1,,,,0,0.006,1143.257,4.221,0.215,,,0,13,281,30.534,60.608,3.204,40.173,,,,,1
2026-10-07T18:00Z,2026-10-08T18:00Z,a4t:24t,24,12.7,12.7,,,,h,12.7,,,,0,0.009,47.433,2.629,0,,,0,1,281,24.266,90.481,1.137,47.079,,,,,1
2026-10-07T18:00Z,2026-10-09T18:00Z,a4t:24t,48,17.75,17.8,,,,h,17.8,,,,0,0.015,110.752,3.977,0,,,0,1,282,25.131,86.101,1.549,53.587,,,,,1
2026-10-07T18:00Z,2026-10-07T19:00Z,a4t:76t,1,11.850000000000001,11.9,,,,h,11.9,,,,0,0.022,39.377,0.175,0,,,0,2,280,21.965,97.221,0.157,12.736,,,,,1
2026-10-07T18:00Z,2026-10-07T21:00Z,a4t:76t,3,13.7,13.7,,,,h,13.7,,,,0,0.02,68.558,0.729,0,,,0,4,280,21.864,96.969,0.233,84.08,,,,,1
2026-10-07T18:00Z,2026-10-08T00:00Z,a4t:76t,6,14.600000000000001,14.6,,,,h,14.6,,,,0,0.014,126.566,1.004,0,,,0,7,281,22.168,94.994,0.84,128.041,,,,,1
2026-10-07T18:00Z,2026-10-08T06:00Z,a4t:76t,12,7.65,7.7,,,,h,7.7,,,,0,0.008,1051.363,1.226,0.053,,,0,13,281,29.715,66.093,1.045,331.522,,,,,1
2026-10-07T18:00Z,2026-10-08T18:00Z,a4t:76t,24,16.35,16.4,,,,h,16.4,,,,0,0.002,38.297,0.495,0,,,0,1,281,22.783,99.78,0.432,122.596,,,,,1
2026-10-07T18:00Z,2026-10-09T18:00Z,a4t:76t,48,17.75,17.8,,,,h,17.8,,,,0,0.001,30.289,0.882,0,,,0,1,282,22.68,96.74,0.631,79.548,,,,,1
2026-10-07T18:00Z,2026-10-07T19:00Z,a4t:75t,1,5.25,5.3,,,,h,5.3,,,,0,0.001,15.682,0.199,0,,,0,2,280,19.364,84.662,0.32,167.815,,,,,1
2026-10-07T18:00Z,2026-10-07T21:00Z,a4t:75t,3,5.6,5.6,,,,h,5.6,,,,0,0.001,18.787,0.53,0,,,0,4,280,19.116,85.514,0.453,83.905,,,,,1
2026-10-07T18:00Z,2026-10-08T00:00Z,a4t:75t,6,6.4,6.4,,,,h,6.4,,,,0,0.001,28.125,0.979,0,,,0,7,281,20.075,85.761,0.549,73.459,,,,,1
2026-10-07T18:00Z,2026-10-08T06:00Z,a4t:75t,12,2.95,3,,,,h,3,,,,0,0.001,1381.997,2.847,0,,,0,13,281,28.161,54.93,2.144,27.117,,,,,1
2026-10-07T18:00Z,2026-10-08T18:00Z,a4t:75t,24,6.8,6.8,,,,h,6.8,,,,0,0.004,17.952,0.587,0,,,0,1,281,20.087,88.244,0.477,153.061,,,,,1
2026-10-07T18:00Z,2026-10-09T18:00Z,a4t:75t,48,13.05,13.1,,,,h,13.1,,,,0,0.005,27.356,1.942,0,,,0,1,282,20.015,87.46,0.754,74.469,,,,,1
2026-10-07T18:00Z,2026-10-07T19:00Z,a4t:03t,1,36.6,36.6,,,,h,36.6,,,,0.001,0.028,92.882,2.728,0,,,0,2,280,24.488,96.282,0.961,326.901,,,,,1
2026-10-07T18:00Z,2026-10-07T21:00Z,a4t:03t,3,35.55,35.6,,,,h,35.6,,,,0.001,0.094,141.149,3.669,0,,,0,4,280,24.386,94.599,1.607,338.875,,,,,1
2026-10-07T18:00Z,2026-10-08T00:00Z,a4t:03t,6,29.25,29.3,,,,h,29.3,,,,0,0.241,190.829,4.407,0.021,,,0,7,281,24.873,93.74,2.266,355.21,,,,,1
2026-10-07T18:00Z,2026-10-08T06:00Z,a4t:03t,12,29.35,29.4,,,,h,29.4,,,,0.001,0.15,1218.024,1.787,0.074,,,0,13,281,31.482,63.629,1.405,28.994,,,,,1
2026-10-07T18:00Z,2026-10-08T18:00Z,a4t:03t,24,33.05,33.1,,,,h,33.1,,,,0.001,0.029,74.013,2.262,0,,,0,1,281,25.513,94.458,0.826,307.937,,,,,1
2026-10-07T18:00Z,2026-10-09T18:00Z,a4t:03t,48,31.85,31.9,,,,h,31.9,,,,0,0.009,105.693,0.998,0.948,,,0,1,282,25.426,93.543,0.271,48.948,,,,,1
2026-10-07T18:00Z,2026-10-07T19:00Z,a4t:19t,1,36.95,37,,,,h,37,,,,0.001,0.017,70.605,2.103,0,,,0,2,280,24.374,95.833,0.765,343.018,,,,,1
2026-10-07T18:00Z,2026-10-07T21:00Z,a4t:19t,3,44.7,44.7,,,,h,44.7,,,,0.002,0.042,104.433,3.083,0,,,0,4,280,24.217,94.344,1.179,335.416,,,,,1
2026-10-07T18:00Z,2026-10-08T00:00Z,a4t:19t,6,50.2,50.2,,,,h,50.2,,,,0.002,0.195,159.285,3.932,0.009,,,0,7,281,24.841,93.989,2.042,354.165,,,,,1
2026-10-07T18:00Z,2026-10-08T06:00Z,a4t:19t,12,17.65,17.7,,,,h,17.7,,,,0.003,0.146,1232.289,1.205,0.055,,,0,13,281,31.34,65.04,0.977,357.432,,,,,1
2026-10-07T18:00Z,2026-10-08T18:00Z,a4t:19t,24,60.75,60.8,,,,h,60.8,,,,0.001,0.037,51.714,1.236,0,,,0,1,281,25.773,93.698,0.45,342.135,,,,,1
2026-10-07T18:00Z,2026-10-09T18:00Z,a4t:19t,48,27.4,27.4,,,,h,27.4,,,,0,0.009,148.906,2.511,0.339,,,0,1,282,25.723,91.247,0.968,84.136,,,,,1
2026-10-07T18:00Z,2026-10-07T19:00Z,4946812,1,98,40.9,,,,h,40.9,,,,0,0.324,27.947,0.894,0,55.9,,-0.885,2,280,20.877,85.423,0.492,275.574,,,,,1
2026-10-07T18:00Z,2026-10-07T21:00Z,4946812,3,80.8,34.9,,,,h,34.9,,,,0,0.785,59.636,3.191,0,55.9,,-0.885,4,280,19.761,89.616,1.23,3.94,,,,,1
2026-10-07T18:00Z,2026-10-08T00:00Z,4946812,6,77.1,35,,,,h,35,,,,0,0.47,93.484,3.723,0,55.9,,-0.885,7,281,20.884,81.288,1.552,7.055,,,,,1
2026-10-07T18:00Z,2026-10-08T06:00Z,4946812,12,30,14.7,,,,h,14.7,,,,0,0.094,1178.907,2.037,0,55.9,,-0.885,13,281,28.862,48.38,1.686,8.322,,,,,1
2026-10-07T18:00Z,2026-10-08T18:00Z,4946812,24,155.5,90.9,,,,h,90.9,,,,0,0.106,35.869,1.925,0,55.9,,-0.885,1,281,22.037,88.584,1.011,333.013,,,,,1
2026-10-07T18:00Z,2026-10-09T18:00Z,4946812,48,137.4,99.2,,,,h,99.2,,,,0,0.001,125.062,3.037,1.404,55.9,,-0.885,1,282,23.087,95.583,1.319,348.747,,,,,1
2026-10-07T18:00Z,2026-10-07T19:00Z,4946813,1,122.9,43.9,,,,h,43.9,,,,0,0.415,28.418,0.911,0,59.8,,-1.04,2,280,21.013,84.828,0.522,274.504,,,,,1
2026-10-07T18:00Z,2026-10-07T21:00Z,4946813,3,77.1,28.5,,,,h,28.5,,,,0,0.922,61.915,3.309,0,59.8,,-1.04,4,280,19.88,88.966,1.312,4.583,,,,,1
2026-10-07T18:00Z,2026-10-08T00:00Z,4946813,6,57.7,22.5,,,,h,22.5,,,,0,0.451,97.177,3.908,0,59.8,,-1.04,7,281,20.998,80.284,1.674,7.593,,,,,1
2026-10-07T18:00Z,2026-10-08T06:00Z,4946813,12,26.7,11.4,,,,h,11.4,,,,0,0.092,1193.361,2.019,0,59.8,,-1.04,13,281,28.98,48.518,1.682,5.945,,,,,1
2026-10-07T18:00Z,2026-10-08T18:00Z,4946813,24,183.9,97.6,,,,h,97.6,,,,0,0.109,36.792,1.963,0,59.8,,-1.04,1,281,22.182,88.422,1.071,333.558,,,,,1
2026-10-07T18:00Z,2026-10-09T18:00Z,4946813,48,135,91.9,,,,h,91.9,,,,0,0.001,130.482,3.205,1.332,59.8,,-1.04,1,282,23.128,95.672,1.392,348.519,,,,,1
2026-10-07T18:00Z,2026-10-07T19:00Z,a4t:bkp100t,1,38.3,40.3,19.4,20.4,18.5,24,40.3,18.5,,,0.002,0.045,72.215,1.996,0,,18.4,0.05,2,280,24.499,96.615,0.696,322.347,,,,,1
2026-10-07T18:00Z,2026-10-07T21:00Z,a4t:bkp100t,3,47.1,49.4,22.6,23.8,18.7,24,49.4,18.7,,,0.003,0.156,117.583,3.142,0,,18.4,0.05,4,280,24.265,95.023,1.304,328.204,,,,,1
2026-10-07T18:00Z,2026-10-08T00:00Z,a4t:bkp100t,6,49.5,51.8,27.8,29.2,19.6,24,51.8,19.6,,,0.001,0.405,159.759,3.697,0.007,,18.4,0.05,7,281,24.84,94.122,1.93,351.588,,,,,1
2026-10-07T18:00Z,2026-10-08T06:00Z,a4t:bkp100t,12,17.3,18,30.2,31.7,21.4,24,18,21.4,,,0.004,0.143,1267.28,1.197,0.047,,18.4,0.05,13,281,31.678,62.75,0.922,17.407,,,,,1
2026-10-07T18:00Z,2026-10-08T18:00Z,a4t:bkp100t,24,60.5,62.4,36.9,38.4,24.9,24,62.4,24.9,,,0.001,0.028,56.032,1.275,0,,18.4,0.05,1,281,25.745,94.924,0.36,302.183,,,,,1
2026-10-07T18:00Z,2026-10-09T18:00Z,a4t:bkp100t,48,27.4,27.9,29.5,30.3,24.7,24,27.9,24.7,,,0,0.011,100.705,1.614,0.56,,18.4,0.05,1,282,25.647,92.798,0.399,100.058,,,,,1
2026-10-07T18:00Z,2026-10-07T19:00Z,a4t:bkp101t,1,46.3,61.1,19.3,25.8,20.2,24,61.1,20.2,,,0.003,0.061,67.625,1.848,0,,20,0.278,2,280,24.524,96.834,0.662,315.481,,,,,1
2026-10-07T18:00Z,2026-10-07T21:00Z,a4t:bkp101t,3,49.9,65.1,22.7,30.2,20.6,24,65.1,20.6,,,0.003,0.205,114.433,3.059,0,,20,0.278,4,280,24.242,95.268,1.274,323.447,,,,,1
2026-10-07T18:00Z,2026-10-08T00:00Z,a4t:bkp101t,6,42.3,54.4,27.1,35.8,21.8,24,54.4,21.8,,,0.002,0.522,152.423,3.485,0.004,,20,0.278,7,281,24.827,94.252,1.827,349.341,,,,,1
2026-10-07T18:00Z,2026-10-08T06:00Z,a4t:bkp101t,12,12.5,15.8,28.5,37.3,23.9,24,15.8,23.9,,,0.005,0.129,1285.835,1.07,0.039,,20,0.278,13,281,31.788,62.144,0.814,17.518,,,,,1
2026-10-07T18:00Z,2026-10-08T18:00Z,a4t:bkp101t,24,48.2,57.3,32.1,40.2,27.3,24,57.3,27.3,,,0.001,0.026,52.692,1.138,0,,20,0.278,1,281,25.794,95.284,0.305,291.287,,,,,1
2026-10-07T18:00Z,2026-10-09T18:00Z,a4t:bkp101t,48,39.1,43.4,25.5,29.3,27,24,43.4,27,,,0,0.011,89.251,1.698,0.512,,20,0.278,1,282,25.68,92.985,0.482,110.984,,,,,1
2026-10-07T18:00Z,2026-10-07T19:00Z,a4t:bkp102t,1,37,24.9,28.4,18.9,16.3,24,24.9,16.3,,,0.001,0.033,87.528,2.534,0,,16.2,-0.391,2,280,24.493,96.383,0.886,326.681,,,,,1
2026-10-07T18:00Z,2026-10-07T21:00Z,a4t:bkp102t,3,34.7,23.7,30.2,20.1,16.4,24,23.7,16.4,,,0.002,0.116,135.18,3.525,0,,16.2,-0.391,4,280,24.36,94.694,1.527,336.762,,,,,1
2026-10-07T18:00Z,2026-10-08T00:00Z,a4t:bkp102t,6,28.9,20.2,31.9,21.4,16.8,24,20.2,16.8,,,0,0.278,182.851,4.229,0.017,,16.2,-0.391,7,281,24.87,93.822,2.183,354.984,,,,,1
2026-10-07T18:00Z,2026-10-08T06:00Z,a4t:bkp102t,12,29.7,21.6,33.2,22.7,17.5,24,21.6,17.5,,,0.001,0.151,1230.684,1.637,0.067,,16.2,-0.391,13,281,31.534,63.345,1.279,26.443,,,,,1
2026-10-07T18:00Z,2026-10-08T18:00Z,a4t:bkp102t,24,31.1,24.3,33.1,24.2,18.1,24,24.3,18.1,,,0.001,0.029,69.248,1.993,0,,16.2,-0.391,1,281,25.573,94.566,0.69,307.276,,,,,1
2026-10-07T18:00Z,2026-10-09T18:00Z,a4t:bkp102t,48,30.6,26.4,28.1,23.3,17.4,24,26.4,17.4,,,0,0.009,105.518,1.082,0.846,,16.2,-0.391,1,282,25.489,93.273,0.127,67.645,,,,,1
2026-10-07T18:00Z,2026-10-07T19:00Z,a4t:bkp103t,1,37,29.6,28.4,22.6,19.7,24,29.6,19.7,,,0.002,0.063,83.765,2.369,0,,19.6,-0.221,2,280,24.546,96.775,0.851,321.457,,,,,1
2026-10-07T18:00Z,2026-10-07T21:00Z,a4t:bkp103t,3,34.7,28,30.2,24,19.9,24,28,19.9,,,0.002,0.203,135.346,3.432,0,,19.6,-0.221,4,280,24.366,94.987,1.516,333.225,,,,,1
2026-10-07T18:00Z,2026-10-08T00:00Z,a4t:bkp103t,6,28.9,23.6,31.9,25.5,20.2,24,23.6,20.2,,,0,0.336,176.688,4.013,0.01,,19.6,-0.221,7,281,24.878,93.904,2.087,355.158,,,,,1
2026-10-07T18:00Z,2026-10-08T06:00Z,a4t:bkp103t,12,29.7,24.9,33.2,26.8,21.1,24,24.9,21.1,,,0.002,0.133,1253.386,1.577,0.06,,19.6,-0.221,13,281,31.701,62.178,1.217,28.571,,,,,1
2026-10-07T18:00Z,2026-10-08T18:00Z,a4t:bkp103t,24,31.1,27.1,33.1,27.8,21.8,24,27.1,21.8,,,0.001,0.026,66.734,1.866,0,,19.6,-0.221,1,281,25.613,95.07,0.653,298.096,,,,,1
2026-10-07T18:00Z,2026-10-09T18:00Z,a4t:bkp103t,48,30.6,28.1,28.1,25.3,21,24,28.1,21,,,0,0.01,90.148,0.937,0.84,,19.6,-0.221,1,282,25.523,93.466,0.086,88.872,,,,,1
2026-10-07T18:00Z,2026-10-07T19:00Z,a4t:bkp104t,1,37,24.2,28.4,18.3,15.9,24,24.2,15.9,,,0.001,0.038,92.245,2.681,0,,15.8,-0.418,2,280,24.52,96.5,0.956,324.807,,,,,1
2026-10-07T18:00Z,2026-10-07T21:00Z,a4t:bkp104t,3,34.7,23.1,30.2,19.6,16,24,23.1,16,,,0.001,0.129,143.183,3.653,0,,15.8,-0.418,4,280,24.402,94.733,1.622,337.828,,,,,1
2026-10-07T18:00Z,2026-10-08T00:00Z,a4t:bkp104t,6,28.9,19.7,31.9,20.8,16.3,24,19.7,16.3,,,0,0.262,189.61,4.338,0.018,,15.8,-0.418,7,281,24.884,93.749,2.237,355.905,,,,,1
2026-10-07T18:00Z,2026-10-08T06:00Z,a4t:bkp104t,12,29.7,21.2,33.2,22.1,17.1,24,21.2,17.1,,,0.001,0.14,1227.737,1.806,0.072,,15.8,-0.418,13,281,31.568,62.963,1.412,30.558,,,,,1
2026-10-07T18:00Z,2026-10-08T18:00Z,a4t:bkp104t,24,31.1,23.9,33.1,23.7,17.6,24,23.9,17.6,,,0.001,0.027,73.851,2.247,0,,15.8,-0.418,1,281,25.518,94.716,0.831,303.808,,,,,1
2026-10-07T18:00Z,2026-10-09T18:00Z,a4t:bkp104t,48,30.6,26.1,28.1,23,17,24,26.1,17,,,0,0.009,97.52,0.829,0.974,,15.8,-0.418,1,282,25.432,93.671,0.243,53.597,,,,,1
2026-10-07T18:00Z,2026-10-07T19:00Z,a4t:bkp105t,1,37,30.9,28.4,23.5,22.2,24,30.9,22.2,,,0.001,0.031,91.058,2.657,0,,22.2,-0.183,2,280,24.495,96.352,0.936,326.515,,,,,1
2026-10-07T18:00Z,2026-10-07T21:00Z,a4t:bkp105t,3,34.7,29.2,30.2,25,22.4,24,29.2,22.4,,,0.001,0.107,139.582,3.62,0,,22.2,-0.183,4,280,24.381,94.651,1.584,338.055,,,,,1
2026-10-07T18:00Z,2026-10-08T00:00Z,a4t:bkp105t,6,28.9,24.5,31.9,26.5,22.7,24,24.5,22.7,,,0,0.257,188.069,4.339,0.019,,22.2,-0.183,7,281,24.874,93.767,2.235,355.286,,,,,1
2026-10-07T18:00Z,2026-10-08T06:00Z,a4t:bkp105t,12,29.7,25.7,33.2,27.8,23.4,24,25.7,23.4,,,0.001,0.149,1223.708,1.742,0.071,,22.2,-0.183,13,281,31.513,63.424,1.366,28.479,,,,,1
2026-10-07T18:00Z,2026-10-08T18:00Z,a4t:bkp105t,24,31.1,27.8,33.1,28.7,23.9,24,27.8,23.9,,,0.001,0.029,72.452,2.172,0,,22.2,-0.183,1,281,25.533,94.535,0.782,307.041,,,,,1
2026-10-07T18:00Z,2026-10-09T18:00Z,a4t:bkp105t,48,30.6,28.6,28.1,25.8,22.7,24,28.6,22.7,,,0,0.009,104.326,0.987,0.919,,22.2,-0.183,1,282,25.448,93.474,0.209,56.149,,,,,1
2026-10-07T18:00Z,2026-10-07T19:00Z,a4t:bkp114t,1,37,22.9,28.4,17.1,13.2,24,22.9,13.2,,,0.002,0.042,82.249,2.339,0,,13.1,-0.484,2,280,24.505,96.53,0.819,324.941,,,,,1
2026-10-07T18:00Z,2026-10-07T21:00Z,a4t:bkp114t,3,34.7,21.9,30.2,18.3,13.4,24,21.9,13.4,,,0.002,0.147,129.984,3.387,0,,13.1,-0.484,4,280,24.335,94.839,1.456,333.888,,,,,1
2026-10-07T18:00Z,2026-10-08T00:00Z,a4t:bkp114t,6,28.9,18.7,31.9,19.5,13.8,24,18.7,13.8,,,0,0.323,174.832,4.032,0.012,,13.1,-0.484,7,281,24.865,93.92,2.091,354.347,,,,,1
2026-10-07T18:00Z,2026-10-08T06:00Z,a4t:bkp114t,12,29.7,20.2,33.2,20.8,14.6,24,20.2,14.6,,,0.002,0.148,1245.74,1.493,0.06,,13.1,-0.484,13,281,31.608,62.931,1.159,24.516,,,,,1
2026-10-07T18:00Z,2026-10-08T18:00Z,a4t:bkp114t,24,31.1,23.1,33.1,22.6,15.3,24,23.1,15.3,,,0.001,0.028,64.779,1.745,0,,13.1,-0.484,1,281,25.632,94.759,0.576,304.528,,,,,1
2026-10-07T18:00Z,2026-10-09T18:00Z,a4t:bkp114t,48,30.6,25.5,28.1,22.3,15,24,25.5,15,,,0,0.01,101.765,1.187,0.758,,13.1,-0.484,1,282,25.545,93.133,0.115,83.62,,,,,1
2026-10-07T18:00Z,2026-10-07T19:00Z,a4t:bkp115t,1,44.8,30.6,31.6,21.2,15,24,30.6,15,,,0.002,0.065,79.88,2.24,0,,14.8,-0.387,2,280,24.542,96.798,0.803,320.441,,,,,1
2026-10-07T18:00Z,2026-10-07T21:00Z,a4t:bkp115t,3,34.7,24,33.2,22.3,15.2,24,24,15.2,,,0.002,0.211,130.412,3.335,0,,14.8,-0.387,4,280,24.338,95.053,1.456,331.16,,,,,1
2026-10-07T18:00Z,2026-10-08T00:00Z,a4t:bkp115t,6,26.7,18.8,34.1,23.1,15.7,24,18.8,15.7,,,0,0.372,170.861,3.883,0.008,,14.8,-0.387,7,281,24.868,93.983,2.025,354.106,,,,,1
2026-10-07T18:00Z,2026-10-08T06:00Z,a4t:bkp115t,12,19.3,14.1,33.7,23,16.5,24,14.1,16.5,,,0.003,0.134,1261.353,1.454,0.055,,14.8,-0.387,13,281,31.724,62.139,1.117,26.557,,,,,1
2026-10-07T18:00Z,2026-10-08T18:00Z,a4t:bkp115t,24,21.9,17.2,27.9,20.5,16,24,17.2,16,,,0.001,0.026,63.332,1.686,0,,14.8,-0.387,1,281,25.657,95.123,0.565,296.95,,,,,1
2026-10-07T18:00Z,2026-10-09T18:00Z,a4t:bkp115t,48,41.3,35.8,25.4,21.2,15.9,24,35.8,15.9,,,0,0.01,90.067,1.108,0.762,,14.8,-0.387,1,282,25.562,93.332,0.152,97.029,,,,,1
2026-10-07T18:00Z,2026-10-07T19:00Z,a4t:bkp116t,1,44.8,30.5,31.6,21.1,15.8,24,30.5,15.8,,,0.002,0.062,80.278,2.254,0,,15.6,-0.39,2,280,24.538,96.768,0.806,320.996,,,,,1
2026-10-07T18:00Z,2026-10-07T21:00Z,a4t:bkp116t,3,34.7,23.9,33.2,22.2,16,24,23.9,16,,,0.002,0.203,130.544,3.344,0,,15.6,-0.39,4,280,24.339,95.027,1.458,331.541,,,,,1
2026-10-07T18:00Z,2026-10-08T00:00Z,a4t:bkp116t,6,26.7,18.8,34.1,23,16.4,24,18.8,16.4,,,0,0.365,171.504,3.904,0.009,,15.6,-0.39,7,281,24.868,93.973,2.035,354.179,,,,,1
2026-10-07T18:00Z,2026-10-08T06:00Z,a4t:bkp116t,12,19.3,14.1,33.7,22.9,17.1,24,14.1,17.1,,,0.003,0.135,1259.362,1.463,0.056,,15.6,-0.39,13,281,31.711,62.227,1.125,26.403,,,,,1
2026-10-07T18:00Z,2026-10-08T18:00Z,a4t:bkp116t,24,21.9,17.2,27.9,20.5,16.5,24,17.2,16.5,,,0.001,0.026,63.611,1.698,0,,15.6,-0.39,1,281,25.652,95.081,0.569,297.846,,,,,1
2026-10-07T18:00Z,2026-10-09T18:00Z,a4t:bkp116t,48,41.3,35.8,25.4,21.2,16.2,24,35.8,16.2,,,0,0.01,91.358,1.107,0.764,,15.6,-0.39,1,282,25.559,93.314,0.137,95.226,,,,,1
2026-10-07T18:00Z,2026-10-07T19:00Z,a4t:bkp117t,1,38.3,32,19.4,16,10.6,24,32,10.6,,,0.002,0.029,75.57,2.141,0,,10.4,-0.181,2,280,24.457,96.3,0.733,329.591,,,,,1
2026-10-07T18:00Z,2026-10-07T21:00Z,a4t:bkp117t,3,47.1,39.7,22.6,18.8,10.9,24,39.7,10.9,,,0.002,0.099,117.763,3.212,0,,10.4,-0.181,4,280,24.271,94.731,1.312,332.589,,,,,1
2026-10-07T18:00Z,2026-10-08T00:00Z,a4t:bkp117t,6,49.5,42.2,27.8,23.2,11.8,24,42.2,11.8,,,0.001,0.309,165.408,3.902,0.011,,10.4,-0.181,7,281,24.845,94.012,2.024,353.022,,,,,1
2026-10-07T18:00Z,2026-10-08T06:00Z,a4t:bkp117t,12,17.3,14.9,30.2,25.4,13.6,24,14.9,13.6,,,0.003,0.156,1246.909,1.279,0.055,,10.4,-0.181,13,281,31.533,63.66,1,14.63,,,,,1
2026-10-07T18:00Z,2026-10-08T18:00Z,a4t:bkp117t,24,60.5,54.2,36.9,32,16.9,24,54.2,16.9,,,0.001,0.032,58.046,1.388,0,,10.4,-0.181,1,281,25.71,94.449,0.4,314.404,,,,,1
2026-10-07T18:00Z,2026-10-09T18:00Z,a4t:bkp117t,48,27.4,25.6,29.5,27,17.4,24,25.6,17.4,,,0,0.01,116.754,1.716,0.562,,10.4,-0.181,1,282,25.629,92.461,0.45,87.807,,,,,1
2026-10-07T18:00Z,2026-10-07T19:00Z,a4t:bkp118t,1,38.3,44.9,19.4,23,18.2,24,44.9,18.2,,,0.002,0.035,68.502,1.88,0,,18.1,0.161,2,280,24.473,96.495,0.646,324.669,,,,,1
2026-10-07T18:00Z,2026-10-07T21:00Z,a4t:bkp118t,3,47.1,54.8,22.6,26.7,18.6,24,54.8,18.6,,,0.003,0.122,110.909,3.05,0,,18.1,0.161,4,280,24.229,94.974,1.224,327.09,,,,,1
2026-10-07T18:00Z,2026-10-08T00:00Z,a4t:bkp118t,6,49.5,57.1,27.8,32.6,19.7,24,57.1,19.7,,,0.002,0.387,154.483,3.623,0.006,,18.1,0.161,7,281,24.828,94.178,1.89,350.579,,,,,1
2026-10-07T18:00Z,2026-10-08T06:00Z,a4t:bkp118t,12,17.3,19.7,30.2,35.2,22,24,19.7,22,,,0.005,0.144,1268.442,1.09,0.044,,18.1,0.161,13,281,31.64,63.135,0.847,10.519,,,,,1
2026-10-07T18:00Z,2026-10-08T18:00Z,a4t:bkp118t,24,60.5,66.7,36.9,41.9,26.2,24,66.7,26.2,,,0.001,0.029,52.345,1.071,0,,18.1,0.161,1,281,25.788,94.77,0.277,308.172,,,,,1
2026-10-07T18:00Z,2026-10-09T18:00Z,a4t:bkp118t,48,27.4,29.1,29.5,32,26.5,24,29.1,26.5,,,0,0.011,108.223,1.899,0.454,,18.1,0.161,1,282,25.692,92.457,0.562,99.899,,,,,1
2026-10-07T18:00Z,2026-10-07T19:00Z,a4t:bkp119t,1,37,26.5,28.4,20,16.8,24,26.5,16.8,,,0.002,0.04,80.651,2.287,0,,16.7,-0.336,2,280,24.498,96.507,0.798,325.317,,,,,1
2026-10-07T18:00Z,2026-10-07T21:00Z,a4t:bkp119t,3,34.7,25.2,30.2,21.3,17,24,25.2,17,,,0.002,0.142,127.501,3.346,0,,16.7,-0.336,4,280,24.321,94.839,1.426,333.328,,,,,1
2026-10-07T18:00Z,2026-10-08T00:00Z,a4t:bkp119t,6,28.9,21.4,31.9,22.7,17.3,24,21.4,17.3,,,0,0.329,172.509,3.99,0.012,,16.7,-0.336,7,281,24.86,93.947,2.07,353.983,,,,,1
2026-10-07T18:00Z,2026-10-08T06:00Z,a4t:bkp119t,12,29.7,22.8,33.2,24,18.2,24,22.8,18.2,,,0.003,0.149,1247.49,1.441,0.058,,16.7,-0.336,13,281,31.604,63.011,1.118,22.969,,,,,1
2026-10-07T18:00Z,2026-10-08T18:00Z,a4t:bkp119t,24,31.1,25.3,33.1,25.5,18.8,24,25.3,18.8,,,0.001,0.029,63.272,1.662,0,,16.7,-0.336,1,281,25.65,94.732,0.534,305.438,,,,,1
2026-10-07T18:00Z,2026-10-09T18:00Z,a4t:bkp119t,48,30.6,27,28.1,24,18.2,24,27,18.2,,,0,0.01,103.585,1.281,0.719,,16.7,-0.336,1,282,25.563,93.023,0.176,85.849,,,,,1
2026-10-07T18:00Z,2026-10-07T19:00Z,a4t:bkp120t,1,44.8,40.6,31.6,28.5,21.7,24,40.6,21.7,,,0.003,0.123,76.14,2.117,0,,21.5,-0.099,2,280,24.595,97.187,0.801,312.764,,,,,1
2026-10-07T18:00Z,2026-10-07T21:00Z,a4t:bkp120t,3,34.7,31.6,33.2,30,22,24,31.6,22,,,0.002,0.333,130.654,3.266,0,,21.5,-0.099,4,280,24.339,95.376,1.462,326.727,,,,,1
2026-10-07T18:00Z,2026-10-08T00:00Z,a4t:bkp120t,6,26.7,24.4,34.1,30.9,22.5,24,24.4,22.5,,,-0.001,0.45,164.615,3.654,0.003,,21.5,-0.099,7,281,24.869,94.087,1.923,353.393,,,,,1
2026-10-07T18:00Z,2026-10-08T06:00Z,a4t:bkp120t,12,19.3,17.8,33.7,30.5,23.5,24,17.8,23.5,,,0.004,0.108,1284.828,1.39,0.047,,21.5,-0.099,13,281,31.895,60.996,1.051,29.767,,,,,1
2026-10-07T18:00Z,2026-10-08T18:00Z,a4t:bkp120t,24,21.9,20.6,27.9,25.8,22.7,24,20.6,22.7,,,0.001,0.022,61.016,1.651,0,,21.5,-0.099,1,281,25.695,95.665,0.569,284.968,,,,,1
2026-10-07T18:00Z,2026-10-09T18:00Z,a4t:bkp120t,48,41.3,39.8,25.4,24.2,22.2,24,39.8,22.2,,,0,0.011,72.511,1.12,0.761,,21.5,-0.099,1,282,25.589,93.641,0.352,118.721,,,,,1
2026-10-07T18:00Z,2026-10-07T19:00Z,a4t:bkp121t,1,37,23.7,28.4,17.8,13.9,24,23.7,13.9,,,0.001,0.028,87.591,2.549,0,,13.8,-0.45,2,280,24.477,96.282,0.886,328.004,,,,,1
2026-10-07T18:00Z,2026-10-07T21:00Z,a4t:bkp121t,3,34.7,22.6,30.2,19,14.1,24,22.6,14.1,,,0.002,0.1,133.898,3.526,0,,13.8,-0.45,4,280,24.352,94.626,1.516,337.314,,,,,1
2026-10-07T18:00Z,2026-10-08T00:00Z,a4t:bkp121t,6,28.9,19.3,31.9,20.2,14.5,24,19.3,14.5,,,0,0.266,183.104,4.258,0.018,,13.8,-0.45,7,281,24.866,93.817,2.194,354.795,,,,,1
2026-10-07T18:00Z,2026-10-08T06:00Z,a4t:bkp121t,12,29.7,20.8,33.2,21.5,15.3,24,20.8,15.3,,,0.001,0.155,1226.337,1.624,0.068,,13.8,-0.45,13,281,31.494,63.652,1.273,25.299,,,,,1
2026-10-07T18:00Z,2026-10-08T18:00Z,a4t:bkp121t,24,31.1,23.6,33.1,23.3,16,24,23.6,16,,,0.001,0.03,69.066,1.988,0,,13.8,-0.45,1,281,25.573,94.436,0.68,309.698,,,,,1
2026-10-07T18:00Z,2026-10-09T18:00Z,a4t:bkp121t,48,30.6,25.9,28.1,22.7,15.7,24,25.9,15.7,,,0,0.009,110,1.17,0.827,,13.8,-0.45,1,282,25.49,93.172,0.176,65.651,,,,,1
2026-10-07T18:00Z,2026-10-07T19:00Z,a4t:bkp122t,1,37,23.2,28.4,17.3,13.5,24,23.2,13.5,,,0.002,0.041,81.182,2.303,0,,13.4,-0.472,2,280,24.502,96.521,0.805,325.079,,,,,1
2026-10-07T18:00Z,2026-10-07T21:00Z,a4t:bkp122t,3,34.7,22.1,30.2,18.5,13.7,24,22.1,13.7,,,0.002,0.145,128.417,3.36,0,,13.4,-0.472,4,280,24.326,94.844,1.437,333.473,,,,,1
2026-10-07T18:00Z,2026-10-08T00:00Z,a4t:bkp122t,6,28.9,18.9,31.9,19.8,14.1,24,18.9,14.1,,,0,0.328,173.269,4.002,0.012,,13.4,-0.472,7,281,24.862,93.938,2.076,354.11,,,,,1
2026-10-07T18:00Z,2026-10-08T06:00Z,a4t:bkp122t,12,29.7,20.4,33.2,21,14.9,24,20.4,14.9,,,0.003,0.149,1247.196,1.459,0.059,,13.4,-0.472,13,281,31.608,62.965,1.132,23.593,,,,,1
2026-10-07T18:00Z,2026-10-08T18:00Z,a4t:bkp122t,24,31.1,23.3,33.1,22.9,15.6,24,23.3,15.6,,,0.001,0.029,63.791,1.691,0,,13.4,-0.472,1,281,25.644,94.75,0.549,304.928,,,,,1
2026-10-07T18:00Z,2026-10-09T18:00Z,a4t:bkp122t,48,30.6,25.7,28.1,22.5,15.3,24,25.7,15.3,,,0,0.01,102.658,1.244,0.733,,13.4,-0.472,1,282,25.557,93.068,0.152,85.338,,,,,1
2026-10-07T18:00Z,2026-10-07T19:00Z,a4t:bkp123t,1,44.8,29.6,31.6,20.5,14.7,24,29.6,14.7,,,0.002,0.063,80.362,2.256,0,,14.5,-0.42,2,280,24.54,96.78,0.808,320.822,,,,,1
2026-10-07T18:00Z,2026-10-07T21:00Z,a4t:bkp123t,3,34.7,23.3,33.2,21.6,14.9,24,23.3,14.9,,,0.002,0.207,130.821,3.346,0,,14.5,-0.42,4,280,24.34,95.034,1.461,331.515,,,,,1
2026-10-07T18:00Z,2026-10-08T00:00Z,a4t:bkp123t,6,26.7,18.3,34.1,22.3,15.3,24,18.3,15.3,,,0,0.366,171.611,3.903,0.009,,14.5,-0.42,7,281,24.869,93.972,2.034,354.223,,,,,1
2026-10-07T18:00Z,2026-10-08T06:00Z,a4t:bkp123t,12,19.3,13.7,33.7,22.3,16.1,24,13.7,16.1,,,0.003,0.135,1259.719,1.467,0.056,,14.5,-0.42,13,281,31.715,62.19,1.129,26.618,,,,,1
2026-10-07T18:00Z,2026-10-08T18:00Z,a4t:bkp123t,24,21.9,16.8,27.9,20,15.6,24,16.8,15.6,,,0.001,0.026,63.716,1.705,0,,14.5,-0.42,1,281,25.651,95.096,0.573,297.526,,,,,1
2026-10-07T18:00Z,2026-10-09T18:00Z,a4t:bkp123t,48,41.3,35.4,25.4,20.9,15.4,24,35.4,15.4,,,0,0.01,90.787,1.096,0.768,,14.5,-0.42,1,282,25.558,93.331,0.137,95.556,,,,,1
2026-10-07T18:00Z,2026-10-07T19:00Z,a4t:bkp124t,1,37,27.8,28.4,21,17.7,24,27.8,17.7,,,0.002,0.057,86.827,2.475,0,,17.6,-0.289,2,280,24.544,96.725,0.889,322.417,,,,,1
2026-10-07T18:00Z,2026-10-07T21:00Z,a4t:bkp124t,3,34.7,26.4,30.2,22.4,17.9,24,26.4,17.9,,,0.002,0.187,138.822,3.511,0,,17.6,-0.289,4,280,24.385,94.919,1.56,334.845,,,,,1
2026-10-07T18:00Z,2026-10-08T00:00Z,a4t:bkp124t,6,28.9,22.3,31.9,23.8,18.3,24,22.3,18.3,,,0,0.31,181.309,4.121,0.012,,17.6,-0.289,7,281,24.884,93.844,2.138,355.752,,,,,1
2026-10-07T18:00Z,2026-10-08T06:00Z,a4t:bkp124t,12,29.7,23.6,33.2,25.1,19.1,24,23.6,19.1,,,0.002,0.133,1245.943,1.669,0.064,,17.6,-0.289,13,281,31.671,62.307,1.293,29.713,,,,,1
2026-10-07T18:00Z,2026-10-08T18:00Z,a4t:bkp124t,24,31.1,26,33.1,26.4,19.8,24,26,19.8,,,0.001,0.026,69.37,2.005,0,,17.6,-0.289,1,281,25.579,94.994,0.72,299.461,,,,,1
2026-10-07T18:00Z,2026-10-09T18:00Z,a4t:bkp124t,48,30.6,27.5,28.1,24.5,19.2,24,27.5,19.2,,,0,0.01,91.236,0.837,0.897,,17.6,-0.289,1,282,25.491,93.558,0.109,79.031,,,,,1
2026-10-07T18:00Z,2026-10-07T19:00Z,a4t:bkp125t,1,38.3,45.3,19.4,23.2,19,24,45.3,19,,,0.002,0.044,71.909,1.986,0,,18.9,0.17,2,280,24.498,96.613,0.692,322.332,,,,,1
2026-10-07T18:00Z,2026-10-07T21:00Z,a4t:bkp125t,3,47.1,55.3,22.6,27,19.4,24,55.3,19.4,,,0.003,0.155,117.141,3.135,0,,18.9,0.17,4,280,24.263,95.026,1.299,328.043,,,,,1
2026-10-07T18:00Z,2026-10-08T00:00Z,a4t:bkp125t,6,49.5,57.5,27.8,32.9,20.5,24,57.5,20.5,,,0.001,0.406,159.307,3.688,0.007,,18.9,0.17,7,281,24.839,94.128,1.925,351.486,,,,,1
2026-10-07T18:00Z,2026-10-08T06:00Z,a4t:bkp125t,12,17.3,19.8,30.2,35.6,22.7,24,19.8,22.7,,,0.004,0.143,1267.742,1.188,0.047,,18.9,0.17,13,281,31.678,62.759,0.915,17.057,,,,,1
2026-10-07T18:00Z,2026-10-08T18:00Z,a4t:bkp125t,24,60.5,67,36.9,42.2,26.9,24,67,26.9,,,0.001,0.028,55.754,1.26,0,,18.9,0.17,1,281,25.748,94.924,0.353,302.257,,,,,1
2026-10-07T18:00Z,2026-10-09T18:00Z,a4t:bkp125t,48,27.4,29.2,29.5,32.1,27,24,29.2,27,,,0,0.011,100.878,1.631,0.553,,18.9,0.17,1,282,25.65,92.783,0.409,100.29,,,,,1
2026-10-07T18:00Z,2026-10-07T19:00Z,a4t:bkp126t,1,37,26.1,28.4,19.7,16,24,26.1,16,,,0.001,0.036,94.07,2.745,0,,15.9,-0.354,2,280,24.521,96.482,0.982,324.791,,,,,1
2026-10-07T18:00Z,2026-10-07T21:00Z,a4t:bkp126t,3,34.7,24.8,30.2,21,16.2,24,24.8,16.2,,,0.001,0.122,145.423,3.703,0,,15.9,-0.354,4,280,24.413,94.709,1.651,338.476,,,,,1
2026-10-07T18:00Z,2026-10-08T00:00Z,a4t:bkp126t,6,28.9,21,31.9,22.3,16.6,24,21,16.6,,,0,0.249,192.311,4.396,0.019,,15.9,-0.354,7,281,24.886,93.721,2.265,356.034,,,,,1
2026-10-07T18:00Z,2026-10-08T06:00Z,a4t:bkp126t,12,29.7,22.4,33.2,23.6,17.5,24,22.4,17.5,,,0.001,0.138,1224.022,1.862,0.074,,15.9,-0.354,13,281,31.556,63.012,1.459,31.401,,,,,1
2026-10-07T18:00Z,2026-10-08T18:00Z,a4t:bkp126t,24,31.1,25,33.1,25.1,18.2,24,25,18.2,,,0.001,0.027,75.503,2.339,0,,15.9,-0.354,1,281,25.498,94.697,0.88,303.882,,,,,1
2026-10-07T18:00Z,2026-10-09T18:00Z,a4t:bkp126t,48,30.6,26.8,28.1,23.8,17.7,24,26.8,17.7,,,0,0.009,97.004,0.806,1.012,,15.9,-0.354,1,282,25.411,93.773,0.307,45.481,,,,,1
2026-10-07T18:00Z,2026-10-07T19:00Z,a4t:bkp127t,1,37,27.1,28.4,20.4,18.3,24,27.1,18.3,,,0.001,0.05,95.403,2.766,0,,18.2,-0.316,2,280,24.558,96.712,1.007,322.779,,,,,1
2026-10-07T18:00Z,2026-10-07T21:00Z,a4t:bkp127t,3,34.7,25.7,30.2,21.8,18.4,24,25.7,18.4,,,0.001,0.159,150.281,3.743,0,,18.2,-0.316,4,280,24.445,94.825,1.703,338.197,,,,,1
2026-10-07T18:00Z,2026-10-08T00:00Z,a4t:bkp127t,6,28.9,21.8,31.9,23.2,18.7,24,21.8,18.7,,,0,0.25,194.009,4.389,0.017,,18.2,-0.316,7,281,24.903,93.69,2.264,357.245,,,,,1
2026-10-07T18:00Z,2026-10-08T06:00Z,a4t:bkp127t,12,29.7,23.1,33.2,24.5,19.5,24,23.1,19.5,,,0.001,0.124,1230.692,1.951,0.074,,18.2,-0.316,13,281,31.639,62.293,1.523,33.714,,,,,1
2026-10-07T18:00Z,2026-10-08T18:00Z,a4t:bkp127t,24,31.1,25.6,33.1,25.9,20,24,25.6,20,,,0.001,0.025,77.121,2.431,0,,18.2,-0.316,1,281,25.481,94.959,0.939,299.762,,,,,1
2026-10-07T18:00Z,2026-10-09T18:00Z,a4t:bkp127t,48,30.6,27.2,28.1,24.2,19.2,24,27.2,19.2,,,0,0.009,87.819,0.607,1.082,,18.2,-0.316,1,282,25.397,93.993,0.385,40.157,,,,,1
2026-10-07T18:00Z,2026-10-07T19:00Z,a4t:bkp129t,1,46.3,38.5,19.3,15.8,8.8,24,38.5,8.8,,,0.003,0.037,56.273,1.492,0,,8.6,-0.188,2,280,24.481,96.688,0.517,313.03,,,,,1
2026-10-07T18:00Z,2026-10-07T21:00Z,a4t:bkp129t,3,49.9,41.8,22.7,18.7,9.2,24,41.8,9.2,,,0.005,0.134,97.192,2.839,0,,8.6,-0.188,4,280,24.138,95.342,1.089,316.305,,,,,1
2026-10-07T18:00Z,2026-10-08T00:00Z,a4t:bkp129t,6,42.3,35.8,27.1,22.4,10.1,24,35.8,10.1,,,0.012,0.512,135.648,3.195,0.002,,8.6,-0.188,7,281,24.784,94.49,1.665,343.76,,,,,1
2026-10-07T18:00Z,2026-10-08T06:00Z,a4t:bkp129t,12,12.5,10.7,28.5,23.7,11.9,24,10.7,11.9,,,0.007,0.121,1300.834,0.768,0.027,,8.6,-0.188,13,281,31.775,62.691,0.6,356.331,,,,,1
2026-10-07T18:00Z,2026-10-08T18:00Z,a4t:bkp129t,24,48.2,43,32.1,27.6,14.3,24,43,14.3,,,0.001,0.026,42.38,0.575,0,,8.6,-0.188,1,281,25.923,95.195,0.114,290.187,,,,,1
2026-10-07T18:00Z,2026-10-09T18:00Z,a4t:bkp129t,48,39.1,36.5,25.5,23.3,14.8,24,36.5,14.8,,,0,0.012,96.899,2.354,0.244,,8.6,-0.188,1,282,25.795,92.456,0.828,113.059,,,,,1
2026-10-07T18:00Z,2026-10-07T19:00Z,a4t:bkp130t,1,46.3,47.2,19.3,19.7,13.3,24,47.2,13.3,,,0.003,0.083,73.375,2.029,0,,13.1,0.02,2,280,24.556,96.967,0.743,315.32,,,,,1
2026-10-07T18:00Z,2026-10-07T21:00Z,a4t:bkp130t,3,49.9,50.8,22.7,23.2,13.7,24,50.8,13.7,,,0.002,0.257,123.957,3.191,0,,13.1,0.02,4,280,24.298,95.271,1.383,326.294,,,,,1
2026-10-07T18:00Z,2026-10-08T00:00Z,a4t:bkp130t,6,42.3,43,27.1,27.6,14.7,24,43,14.7,,,0,0.477,160.821,3.626,0.005,,13.1,0.02,7,281,24.851,94.136,1.903,351.879,,,,,1
2026-10-07T18:00Z,2026-10-08T06:00Z,a4t:bkp130t,12,12.5,12.7,28.5,29,16.6,24,12.7,16.6,,,0.004,0.123,1280.734,1.265,0.046,,13.1,0.02,13,281,31.818,61.691,0.96,24.89,,,,,1
2026-10-07T18:00Z,2026-10-08T18:00Z,a4t:bkp130t,24,48.2,48.8,32.1,32.6,19.4,24,48.8,19.4,,,0.001,0.024,58.066,1.444,0,,13.1,0.02,1,281,25.728,95.406,0.458,289.661,,,,,1
2026-10-07T18:00Z,2026-10-09T18:00Z,a4t:bkp130t,48,39.1,39.4,25.5,25.8,19.6,24,39.4,19.6,,,0,0.011,82.628,1.341,0.66,,13.1,0.02,1,282,25.621,93.321,0.335,111.399,,,,,1
2026-10-07T18:00Z,2026-10-07T19:00Z,a4t:bkp131t,1,37,27.2,28.4,20.6,19.6,24,27.2,19.6,,,0.001,0.033,85.056,2.449,0,,19.6,-0.31,2,280,24.488,96.387,0.853,326.939,,,,,1
2026-10-07T18:00Z,2026-10-07T21:00Z,a4t:bkp131t,3,34.7,25.8,30.2,21.9,19.7,24,25.8,19.7,,,0.002,0.119,131.86,3.459,0,,19.6,-0.31,4,280,24.343,94.715,1.485,335.859,,,,,1
2026-10-07T18:00Z,2026-10-08T00:00Z,a4t:bkp131t,6,28.9,21.9,31.9,23.3,20,24,21.9,20,,,0,0.291,179.213,4.156,0.015,,19.6,-0.31,7,281,24.866,93.862,2.147,354.657,,,,,1
2026-10-07T18:00Z,2026-10-08T06:00Z,a4t:bkp131t,12,29.7,23.2,33.2,24.6,20.6,24,23.2,20.6,,,0.002,0.153,1234.9,1.561,0.064,,19.6,-0.31,13,281,31.542,63.346,1.218,24.699,,,,,1
2026-10-07T18:00Z,2026-10-08T18:00Z,a4t:bkp131t,24,31.1,25.7,33.1,26,21,24,25.7,21,,,0.001,0.03,66.979,1.867,0,,19.6,-0.31,1,281,25.601,94.568,0.627,307.846,,,,,1
2026-10-07T18:00Z,2026-10-09T18:00Z,a4t:bkp131t,48,30.6,27.3,28.1,24.3,20,24,27.3,20,,,0,0.01,106.943,1.181,0.791,,19.6,-0.31,1,282,25.517,93.125,0.132,73.971,,,,,1
2026-10-07T18:00Z,2026-10-07T19:00Z,a4t:bkp133t,1,37,25.8,28.4,19.4,16.4,24,25.8,16.4,,,0.002,0.055,85,2.416,0,,16.3,-0.365,2,280,24.536,96.697,0.863,322.64,,,,,1
2026-10-07T18:00Z,2026-10-07T21:00Z,a4t:bkp133t,3,34.7,24.5,30.2,20.7,16.6,24,24.5,16.6,,,0.002,0.183,135.967,3.462,0,,16.3,-0.365,4,280,24.369,94.922,1.525,334.183,,,,,1
2026-10-07T18:00Z,2026-10-08T00:00Z,a4t:bkp133t,6,28.9,20.8,31.9,22.1,16.9,24,20.8,16.9,,,0,0.322,178.641,4.071,0.012,,16.3,-0.365,7,281,24.878,93.878,2.113,355.264,,,,,1
2026-10-07T18:00Z,2026-10-08T06:00Z,a4t:bkp133t,12,29.7,22.2,33.2,23.3,17.7,24,22.2,17.7,,,0.002,0.137,1247.977,1.605,0.062,,16.3,-0.365,13,281,31.666,62.406,1.242,28.39,,,,,1
2026-10-07T18:00Z,2026-10-08T18:00Z,a4t:bkp133t,24,31.1,24.8,33.1,24.9,18.4,24,24.8,18.4,,,0.001,0.026,67.664,1.91,0,,16.3,-0.365,1,281,25.599,94.966,0.67,300.063,,,,,1
2026-10-07T18:00Z,2026-10-09T18:00Z,a4t:bkp133t,48,30.6,26.7,28.1,23.6,17.7,24,26.7,17.7,,,0,0.01,93.121,0.935,0.852,,16.3,-0.365,1,282,25.511,93.446,0.051,82.985,,,,,1
2026-10-07T18:00Z,2026-10-07T19:00Z,a4t:bkp56t,1,37,31.6,28.4,24.1,20.4,24,31.6,20.4,,,0.002,0.049,80.631,2.276,0,,20.3,-0.158,2,280,24.516,96.622,0.802,323.396,,,,,1
2026-10-07T18:00Z,2026-10-07T21:00Z,a4t:bkp56t,3,34.7,29.8,30.2,25.6,20.6,24,29.8,20.6,,,0.002,0.167,129.043,3.348,0,,20.3,-0.158,4,280,24.33,94.922,1.442,332.59,,,,,1
2026-10-07T18:00Z,2026-10-08T00:00Z,a4t:bkp56t,6,28.9,25,31.9,27.2,21,24,25,21,,,0,0.345,172.277,3.956,0.011,,20.3,-0.158,7,281,24.864,93.956,2.056,354.08,,,,,1
2026-10-07T18:00Z,2026-10-08T06:00Z,a4t:bkp56t,12,29.7,26.1,33.2,28.5,22,24,26.1,22,,,0.003,0.144,1252.504,1.454,0.057,,20.3,-0.158,13,281,31.651,62.664,1.124,24.626,,,,,1
2026-10-07T18:00Z,2026-10-08T18:00Z,a4t:bkp56t,24,31.1,28.2,33.1,29.2,22.8,24,28.2,22.8,,,0.001,0.028,63.557,1.682,0,,20.3,-0.158,1,281,25.65,94.887,0.551,302.016,,,,,1
2026-10-07T18:00Z,2026-10-09T18:00Z,a4t:bkp56t,48,30.6,28.8,28.1,26,22.1,24,28.8,22.1,,,0,0.01,98.065,1.192,0.742,,20.3,-0.158,1,282,25.559,93.162,0.133,89.424,,,,,1
2026-10-07T18:00Z,2026-10-07T19:00Z,a4t:bkp57t,1,38.3,44.7,19.4,22.8,18.5,24,44.7,18.5,,,0.002,0.031,78.418,2.231,0,,18.4,0.155,2,280,24.468,96.341,0.767,328.434,,,,,1
2026-10-07T18:00Z,2026-10-07T21:00Z,a4t:bkp57t,3,47.1,54.6,22.6,26.6,18.9,24,54.6,18.9,,,0.002,0.109,122.202,3.285,0,,18.4,0.155,4,280,24.294,94.737,1.366,333.511,,,,,1
2026-10-07T18:00Z,2026-10-08T00:00Z,a4t:bkp57t,6,49.5,56.9,27.8,32.5,20,24,56.9,20,,,0,0.309,169.523,3.973,0.012,,18.4,0.155,7,281,24.852,93.969,2.059,353.529,,,,,1
2026-10-07T18:00Z,2026-10-08T06:00Z,a4t:bkp57t,12,17.3,19.7,30.2,35.1,22.2,24,19.7,22.2,,,0.003,0.156,1243.979,1.36,0.058,,18.4,0.155,13,281,31.542,63.521,1.061,18.344,,,,,1
2026-10-07T18:00Z,2026-10-08T18:00Z,a4t:bkp57t,24,60.5,66.6,36.9,41.8,26.4,24,66.6,26.4,,,0.001,0.031,60.772,1.531,0,,18.4,0.155,1,281,25.677,94.506,0.462,311.479,,,,,1
2026-10-07T18:00Z,2026-10-09T18:00Z,a4t:bkp57t,48,27.4,29.1,29.5,31.9,26.5,24,29.1,26.5,,,0,0.01,113.031,1.534,0.634,,18.4,0.155,1,282,25.595,92.682,0.335,85.023,,,,,1
2026-10-07T18:00Z,2026-10-07T19:00Z,a4t:bkp58t,1,37,29.9,28.4,22.8,21.2,24,29.9,21.2,,,0.001,0.033,85.95,2.48,0,,21.2,-0.212,2,280,24.49,96.383,0.865,326.881,,,,,1
2026-10-07T18:00Z,2026-10-07T21:00Z,a4t:bkp58t,3,34.7,28.3,30.2,24.3,21.4,24,28.3,21.4,,,0.002,0.118,133.032,3.483,0,,21.2,-0.212,4,280,24.349,94.706,1.5,336.205,,,,,1
2026-10-07T18:00Z,2026-10-08T00:00Z,a4t:bkp58t,6,28.9,23.8,31.9,25.7,21.7,24,23.8,21.7,,,0,0.286,180.534,4.183,0.016,,21.2,-0.212,7,281,24.867,93.847,2.16,354.778,,,,,1
2026-10-07T18:00Z,2026-10-08T06:00Z,a4t:bkp58t,12,29.7,25,33.2,27,22.4,24,25,22.4,,,0.002,0.152,1233.28,1.588,0.065,,21.2,-0.212,13,281,31.539,63.352,1.24,25.318,,,,,1
2026-10-07T18:00Z,2026-10-08T18:00Z,a4t:bkp58t,24,31.1,27.2,33.1,28,22.9,24,27.2,22.9,,,0.001,0.029,67.794,1.912,0,,21.2,-0.212,1,281,25.591,94.564,0.649,307.69,,,,,1
2026-10-07T18:00Z,2026-10-09T18:00Z,a4t:bkp58t,48,30.6,28.2,28.1,25.4,21.9,24,28.2,21.9,,,0,0.009,106.538,1.146,0.811,,21.2,-0.212,1,282,25.507,93.176,0.124,71.766,,,,,1
2026-10-07T18:00Z,2026-10-07T19:00Z,a4t:bkp59t,1,37,31.1,28.4,23.7,21.6,24,31.1,21.6,,,0.002,0.05,82.385,2.334,0,,21.5,-0.172,2,280,24.521,96.631,0.825,323.393,,,,,1
2026-10-07T18:00Z,2026-10-07T21:00Z,a4t:bkp59t,3,34.7,29.4,30.2,25.3,21.7,24,29.4,21.7,,,0.002,0.169,131.532,3.393,0,,21.5,-0.172,4,280,24.344,94.907,1.472,333.359,,,,,1
2026-10-07T18:00Z,2026-10-08T00:00Z,a4t:bkp59t,6,28.9,24.7,31.9,26.8,22.1,24,24.7,22.1,,,0,0.334,174.866,4.008,0.011,,21.5,-0.172,7,281,24.869,93.924,2.082,354.519,,,,,1
2026-10-07T18:00Z,2026-10-08T06:00Z,a4t:bkp59t,12,29.7,25.9,33.2,28.1,22.9,24,25.9,22.9,,,0.003,0.142,1249.785,1.511,0.059,,21.5,-0.172,13,281,31.648,62.626,1.169,25.956,,,,,1
2026-10-07T18:00Z,2026-10-08T18:00Z,a4t:bkp59t,24,31.1,27.9,33.1,28.9,23.5,24,27.9,23.5,,,0.001,0.027,65.155,1.769,0,,21.5,-0.172,1,281,25.63,94.891,0.595,301.742,,,,,1
2026-10-07T18:00Z,2026-10-09T18:00Z,a4t:bkp59t,48,30.6,28.7,28.1,25.9,22.5,24,28.7,22.5,,,0,0.01,97.04,1.103,0.782,,21.5,-0.172,1,282,25.541,93.254,0.074,86.484,,,,,1
2026-10-07T18:00Z,2026-10-07T19:00Z,a4t:bkp60t,1,37,26.6,28.4,20.2,16.5,24,26.6,16.5,,,0.002,0.056,82.976,2.348,0,,16.4,-0.327,2,280,24.533,96.702,0.837,322.386,,,,,1
2026-10-07T18:00Z,2026-10-07T21:00Z,a4t:bkp60t,3,34.7,25.3,30.2,21.5,16.7,24,25.3,16.7,,,0.002,0.186,133.297,3.41,0,,16.4,-0.327,4,280,24.354,94.949,1.492,333.235,,,,,1
2026-10-07T18:00Z,2026-10-08T00:00Z,a4t:bkp60t,6,28.9,21.4,31.9,22.9,17.1,24,21.4,17.1,,,0,0.337,175.627,4.007,0.011,,16.4,-0.327,7,281,24.873,93.916,2.083,354.793,,,,,1
2026-10-07T18:00Z,2026-10-08T06:00Z,a4t:bkp60t,12,29.7,22.8,33.2,24.1,18,24,22.8,18,,,0.002,0.138,1251.755,1.54,0.06,,16.4,-0.327,13,281,31.675,62.406,1.19,27.24,,,,,1
2026-10-07T18:00Z,2026-10-08T18:00Z,a4t:bkp60t,24,31.1,25.3,33.1,25.5,18.7,24,25.3,18.7,,,0.001,0.027,65.858,1.812,0,,16.4,-0.327,1,281,25.622,94.981,0.621,299.864,,,,,1
2026-10-07T18:00Z,2026-10-09T18:00Z,a4t:bkp60t,48,30.6,27,28.1,24,18.2,24,27,18.2,,,0,0.01,93.6,1.023,0.809,,16.4,-0.327,1,282,25.533,93.358,0.06,87.776,,,,,1
2026-10-07T18:00Z,2026-10-07T19:00Z,a4t:bkp61t,1,37,33.2,28.4,25.4,23.2,24,33.2,23.2,,,0.002,0.05,83.872,2.384,0,,23.1,-0.106,2,280,24.525,96.636,0.845,323.399,,,,,1
2026-10-07T18:00Z,2026-10-07T21:00Z,a4t:bkp61t,3,34.7,31.3,30.2,27,23.3,24,31.3,23.3,,,0.002,0.17,133.622,3.432,0,,23.1,-0.106,4,280,24.355,94.895,1.498,333.996,,,,,1
2026-10-07T18:00Z,2026-10-08T00:00Z,a4t:bkp61t,6,28.9,26.2,31.9,28.6,23.7,24,26.2,23.7,,,0,0.325,177.062,4.052,0.012,,23.1,-0.106,7,281,24.873,93.896,2.103,354.871,,,,,1
2026-10-07T18:00Z,2026-10-08T06:00Z,a4t:bkp61t,12,29.7,27.3,33.2,29.9,24.6,24,27.3,24.6,,,0.002,0.141,1247.425,1.559,0.061,,23.1,-0.106,13,281,31.646,62.599,1.207,26.996,,,,,1
2026-10-07T18:00Z,2026-10-08T18:00Z,a4t:bkp61t,24,31.1,29.1,33.1,30.4,25.2,24,29.1,25.2,,,0.001,0.027,66.508,1.844,0,,23.1,-0.106,1,281,25.613,94.893,0.632,301.561,,,,,1
2026-10-07T18:00Z,2026-10-09T18:00Z,a4t:bkp61t,48,30.6,29.4,28.1,26.7,24.1,24,29.4,24.1,,,0,0.01,96.216,1.03,0.815,,23.1,-0.106,1,282,25.524,93.331,0.026,83.551,,,,,1
2026-10-07T18:00Z,2026-10-07T19:00Z,a4t:bkp62t,1,37,30.5,28.4,23.3,19.3,24,30.5,19.3,,,0.002,0.045,84.372,2.406,0,,19.2,-0.191,2,280,24.515,96.571,0.849,324.343,,,,,1
2026-10-07T18:00Z,2026-10-07T21:00Z,a4t:bkp62t,3,34.7,28.8,30.2,24.8,19.5,24,28.8,19.5,,,0.002,0.155,133.415,3.443,0,,19.2,-0.191,4,280,24.353,94.846,1.498,334.566,,,,,1
2026-10-07T18:00Z,2026-10-08T00:00Z,a4t:bkp62t,6,28.9,24.3,31.9,26.3,20,24,24.3,20,,,0,0.315,177.906,4.085,0.013,,19.2,-0.191,7,281,24.871,93.884,2.117,354.847,,,,,1
2026-10-07T18:00Z,2026-10-08T06:00Z,a4t:bkp62t,12,29.7,25.4,33.2,27.5,21,24,25.4,21,,,0.002,0.144,1243.811,1.565,0.062,,19.2,-0.191,13,281,31.618,62.794,1.215,26.521,,,,,1
2026-10-07T18:00Z,2026-10-08T18:00Z,a4t:bkp62t,24,31.1,27.6,33.1,28.4,21.8,24,27.6,21.8,,,0.001,0.028,66.804,1.857,0,,19.2,-0.191,1,281,25.608,94.807,0.635,303.207,,,,,1
2026-10-07T18:00Z,2026-10-09T18:00Z,a4t:bkp62t,48,30.6,28.5,28.1,25.6,21.1,24,28.5,21.1,,,0,0.01,98.939,1.058,0.813,,19.2,-0.191,1,282,25.52,93.287,0.033,80.341,,,,,1
2026-10-07T18:00Z,2026-10-07T19:00Z,a4t:bkp63t,1,37,27.6,28.4,21,18.4,24,27.6,18.4,,,0.002,0.057,81.87,2.31,0,,18.3,-0.289,2,280,24.533,96.715,0.823,322.059,,,,,1
2026-10-07T18:00Z,2026-10-07T21:00Z,a4t:bkp63t,3,34.7,26.2,30.2,22.4,18.5,24,26.2,18.5,,,0.002,0.19,131.983,3.382,0,,18.3,-0.289,4,280,24.347,94.971,1.476,332.636,,,,,1
2026-10-07T18:00Z,2026-10-08T00:00Z,a4t:bkp63t,6,28.9,22.2,31.9,23.8,18.9,24,22.2,18.9,,,0,0.346,173.962,3.969,0.01,,18.3,-0.289,7,281,24.871,93.938,2.065,354.535,,,,,1
2026-10-07T18:00Z,2026-10-08T06:00Z,a4t:bkp63t,12,29.7,23.5,33.2,25,19.7,24,23.5,19.7,,,0.003,0.138,1254.28,1.506,0.058,,18.3,-0.289,13,281,31.684,62.373,1.162,26.719,,,,,1
2026-10-07T18:00Z,2026-10-08T18:00Z,a4t:bkp63t,24,31.1,25.9,33.1,26.3,20.3,24,25.9,20.3,,,0.001,0.027,64.901,1.762,0,,18.3,-0.289,1,281,25.635,95.004,0.597,299.448,,,,,1
2026-10-07T18:00Z,2026-10-09T18:00Z,a4t:bkp63t,48,30.6,27.4,28.1,24.4,19.5,24,27.4,19.5,,,0,0.01,93.342,1.066,0.788,,18.3,-0.289,1,282,25.544,93.323,0.089,90.45,,,,,1
2026-10-07T18:00Z,2026-10-07T19:00Z,a4t:bkp64t,1,38.3,49,19.4,25.1,21.3,24,49,21.3,,,0.002,0.048,75.718,2.111,0,,21.2,0.246,2,280,24.508,96.631,0.74,322.647,,,,,1
2026-10-07T18:00Z,2026-10-07T21:00Z,a4t:bkp64t,3,47.1,59.6,22.6,29.2,21.7,24,59.6,21.7,,,0.002,0.165,122.526,3.226,0,,21.2,0.246,4,280,24.293,94.989,1.363,330.04,,,,,1
2026-10-07T18:00Z,2026-10-08T00:00Z,a4t:bkp64t,6,49.5,61.7,27.8,35.6,22.8,24,61.7,22.8,,,0,0.382,164.952,3.801,0.008,,21.2,0.246,7,281,24.851,94.053,1.981,352.715,,,,,1
2026-10-07T18:00Z,2026-10-08T06:00Z,a4t:bkp64t,12,17.3,21.2,30.2,38.3,25.1,24,21.2,25.1,,,0.004,0.144,1261.648,1.303,0.052,,21.2,0.246,13,281,31.671,62.675,1.004,20.933,,,,,1
2026-10-07T18:00Z,2026-10-08T18:00Z,a4t:bkp64t,24,60.5,70.4,36.9,44.9,29.6,24,70.4,29.6,,,0.001,0.028,59.19,1.446,0,,21.2,0.246,1,281,25.705,94.924,0.439,301.708,,,,,1
2026-10-07T18:00Z,2026-10-09T18:00Z,a4t:bkp64t,48,27.4,30.1,29.5,33.4,29.6,24,30.1,29.6,,,0,0.01,99.089,1.427,0.638,,21.2,0.246,1,282,25.611,92.96,0.287,96.765,,,,,1
2026-10-07T18:00Z,2026-10-07T19:00Z,a4t:bkp65t,1,37,39.9,28.4,30.7,29.7,24,39.9,29.7,,,0.002,0.043,83.376,2.375,0,,29.7,0.075,2,280,24.51,96.545,0.835,324.708,,,,,1
2026-10-07T18:00Z,2026-10-07T21:00Z,a4t:bkp65t,3,34.7,37.3,30.2,32.6,29.9,24,37.3,29.9,,,0.002,0.15,131.721,3.417,0,,29.7,0.075,4,280,24.344,94.838,1.477,334.284,,,,,1
2026-10-07T18:00Z,2026-10-08T00:00Z,a4t:bkp65t,6,28.9,31,31.9,34.5,30.2,24,31,30.2,,,0,0.318,176.474,4.062,0.013,,29.7,0.075,7,281,24.868,93.9,2.106,354.601,,,,,1
2026-10-07T18:00Z,2026-10-08T06:00Z,a4t:bkp65t,12,29.7,31.6,33.2,35.7,31,24,31.6,31,,,0.002,0.146,1244.453,1.53,0.061,,29.7,0.075,13,281,31.611,62.877,1.188,25.526,,,,,1
2026-10-07T18:00Z,2026-10-08T18:00Z,a4t:bkp65t,24,31.1,32.6,33.1,35.2,31.7,24,32.6,31.7,,,0.001,0.028,65.839,1.804,0,,29.7,0.075,1,281,25.619,94.776,0.606,303.971,,,,,1
2026-10-07T18:00Z,2026-10-09T18:00Z,a4t:bkp65t,48,30.6,31.5,28.1,29.1,30,24,31.5,30,,,0,0.01,100.545,1.123,0.786,,29.7,0.075,1,282,25.532,93.208,0.073,81.789,,,,,1
2026-10-07T18:00Z,2026-10-07T19:00Z,a4t:bkp66t,1,37,28.9,28.4,22,19.6,24,28.9,19.6,,,0.002,0.042,83.54,2.383,0,,19.5,-0.245,2,280,24.506,96.521,0.836,325.066,,,,,1
2026-10-07T18:00Z,2026-10-07T21:00Z,a4t:bkp66t,3,34.7,27.4,30.2,23.4,19.7,24,27.4,19.7,,,0.002,0.145,131.617,3.421,0,,19.5,-0.245,4,280,24.343,94.82,1.477,334.492,,,,,1
2026-10-07T18:00Z,2026-10-08T00:00Z,a4t:bkp66t,6,28.9,23.1,31.9,24.9,20.1,24,23.1,20.1,,,0,0.314,176.756,4.073,0.013,,19.5,-0.245,7,281,24.868,93.896,2.111,354.597,,,,,1
2026-10-07T18:00Z,2026-10-08T06:00Z,a4t:bkp66t,12,29.7,24.4,33.2,26.1,20.9,24,24.4,20.9,,,0.002,0.148,1243.149,1.532,0.062,,19.5,-0.245,13,281,31.601,62.949,1.19,25.328,,,,,1
2026-10-07T18:00Z,2026-10-08T18:00Z,a4t:bkp66t,24,31.1,26.7,33.1,27.2,21.5,24,26.7,21.5,,,0.001,0.028,65.928,1.808,0,,19.5,-0.245,1,281,25.617,94.745,0.607,304.597,,,,,1
2026-10-07T18:00Z,2026-10-09T18:00Z,a4t:bkp66t,48,30.6,27.9,28.1,24.9,20.6,24,27.9,20.6,,,0,0.01,101.578,1.135,0.785,,19.5,-0.245,1,282,25.531,93.19,0.082,80.744,,,,,1
2026-10-07T18:00Z,2026-10-07T19:00Z,a4t:bkp67t,1,37,30.4,28.4,23.2,21.3,24,30.4,21.3,,,0.002,0.038,84.015,2.406,0,,21.2,-0.195,2,280,24.497,96.458,0.84,325.983,,,,,1
2026-10-07T18:00Z,2026-10-07T21:00Z,a4t:bkp67t,3,34.7,28.7,30.2,24.7,21.4,24,28.7,21.4,,,0.002,0.132,131.411,3.432,0,,21.2,-0.195,4,280,24.342,94.773,1.477,335.048,,,,,1
2026-10-07T18:00Z,2026-10-08T00:00Z,a4t:bkp67t,6,28.9,24.2,31.9,26.2,21.7,24,24.2,21.7,,,0,0.304,177.562,4.105,0.014,,21.2,-0.195,7,281,24.866,93.884,2.125,354.592,,,,,1
2026-10-07T18:00Z,2026-10-08T06:00Z,a4t:bkp67t,12,29.7,25.4,33.2,27.4,22.5,24,25.4,22.5,,,0.002,0.15,1239.672,1.538,0.063,,21.2,-0.195,13,281,31.574,63.136,1.198,24.852,,,,,1
2026-10-07T18:00Z,2026-10-08T18:00Z,a4t:bkp67t,24,31.1,27.5,33.1,28.3,23.1,24,27.5,23.1,,,0.001,0.029,66.204,1.823,0,,21.2,-0.195,1,281,25.613,94.661,0.61,306.202,,,,,1
2026-10-07T18:00Z,2026-10-09T18:00Z,a4t:bkp67t,48,30.6,28.4,28.1,25.6,22.1,24,28.4,22.1,,,0,0.01,104.241,1.166,0.783,,21.2,-0.195,1,282,25.527,93.145,0.107,78.022,,,,,1
2026-10-07T18:00Z,2026-10-07T19:00Z,a4t:bkp69t,1,37,38.1,28.4,29.2,27.6,24,38.1,27.6,,,0.001,0.032,83.267,2.394,0,,27.6,0.029,2,280,24.479,96.345,0.829,327.789,,,,,1
2026-10-07T18:00Z,2026-10-07T21:00Z,a4t:bkp69t,3,34.7,35.7,30.2,31.1,27.8,24,35.7,27.8,,,0.002,0.112,128.862,3.411,0,,27.6,0.029,4,280,24.328,94.7,1.45,335.438,,,,,1
2026-10-07T18:00Z,2026-10-08T00:00Z,a4t:bkp69t,6,28.9,29.7,31.9,32.9,28.2,24,29.7,28.2,,,0,0.293,176.655,4.115,0.015,,27.6,0.029,7,281,24.861,93.888,2.127,354.348,,,,,1
2026-10-07T18:00Z,2026-10-08T06:00Z,a4t:bkp69t,12,29.7,30.4,33.2,34.1,29,24,30.4,29,,,0.002,0.155,1236.081,1.502,0.063,,27.6,0.029,13,281,31.53,63.48,1.173,22.738,,,,,1
2026-10-07T18:00Z,2026-10-08T18:00Z,a4t:bkp69t,24,31.1,31.7,33.1,33.9,29.7,24,31.7,29.7,,,0.001,0.03,65.228,1.773,0,,27.6,0.029,1,281,25.622,94.511,0.576,309.526,,,,,1
2026-10-07T18:00Z,2026-10-09T18:00Z,a4t:bkp69t,48,30.6,30.9,28.1,28.5,28.3,24,30.9,28.3,,,0,0.01,110.006,1.298,0.743,,27.6,0.029,1,282,25.539,92.969,0.193,76.885,,,,,1
2026-10-07T18:00Z,2026-10-07T19:00Z,a4t:bkp70t,1,37,22.5,28.4,17,13.7,24,22.5,13.7,,,0.002,0.038,79.733,2.26,0,,13.6,-0.493,2,280,24.49,96.466,0.785,326.026,,,,,1
2026-10-07T18:00Z,2026-10-07T21:00Z,a4t:bkp70t,3,34.7,21.5,30.2,18.1,13.9,24,21.5,13.9,,,0.002,0.133,125.705,3.321,0,,13.6,-0.493,4,280,24.312,94.819,1.405,333.186,,,,,1
2026-10-07T18:00Z,2026-10-08T00:00Z,a4t:bkp70t,6,28.9,18.4,31.9,19.3,14.2,24,18.4,14.2,,,0,0.327,171.225,3.974,0.012,,13.6,-0.493,7,281,24.857,93.96,2.062,353.766,,,,,1
2026-10-07T18:00Z,2026-10-08T06:00Z,a4t:bkp70t,12,29.7,19.9,33.2,20.5,15,24,19.9,15,,,0.003,0.151,1247.304,1.409,0.058,,13.6,-0.493,13,281,31.59,63.139,1.094,21.604,,,,,1
2026-10-07T18:00Z,2026-10-08T18:00Z,a4t:bkp70t,24,31.1,22.8,33.1,22.3,15.6,24,22.8,15.6,,,0.001,0.029,62.33,1.611,0,,13.6,-0.493,1,281,25.661,94.679,0.506,306.867,,,,,1
2026-10-07T18:00Z,2026-10-09T18:00Z,a4t:bkp70t,48,30.6,25.4,28.1,22.1,15.2,24,25.4,15.2,,,0,0.01,105.982,1.359,0.69,,13.6,-0.493,1,282,25.575,92.925,0.225,86.232,,,,,1
2026-10-07T18:00Z,2026-10-07T19:00Z,a4t:bkp71t,1,38.3,40,19.4,20.3,16.2,24,40,16.2,,,0.002,0.035,74.875,2.098,0,,16.1,0.044,2,280,24.478,96.448,0.723,326.385,,,,,1
2026-10-07T18:00Z,2026-10-07T21:00Z,a4t:bkp71t,3,47.1,49.1,22.6,23.7,16.6,24,49.1,16.6,,,0.002,0.125,118.864,3.198,0,,16.1,0.044,4,280,24.275,94.857,1.321,331.019,,,,,1
2026-10-07T18:00Z,2026-10-08T00:00Z,a4t:bkp71t,6,49.5,51.5,27.8,29.1,17.5,24,51.5,17.5,,,0.001,0.346,164.065,3.833,0.009,,16.1,0.044,7,281,24.845,94.047,1.993,352.624,,,,,1
2026-10-07T18:00Z,2026-10-08T06:00Z,a4t:bkp71t,12,17.3,17.9,30.2,31.5,19.5,24,17.9,19.5,,,0.004,0.151,1254.898,1.265,0.052,,16.1,0.044,13,281,31.598,63.227,0.983,16.774,,,,,1
2026-10-07T18:00Z,2026-10-08T18:00Z,a4t:bkp71t,24,60.5,62.2,36.9,38.2,23.3,24,62.2,23.3,,,0.001,0.03,57.886,1.37,0,,16.1,0.044,1,281,25.716,94.667,0.395,308.719,,,,,1
2026-10-07T18:00Z,2026-10-09T18:00Z,a4t:bkp71t,48,27.4,27.9,29.5,30.2,23.5,24,27.9,23.5,,,0,0.01,108.968,1.616,0.58,,16.1,0.044,1,282,25.628,92.657,0.388,92.351,,,,,1
2026-10-07T18:00Z,2026-10-07T19:00Z,a4t:bkp72t,1,38.3,43.9,19.4,22.4,18.7,24,43.9,18.7,,,0.001,0.027,77.612,2.218,0,,18.6,0.137,2,280,24.452,96.248,0.759,330.415,,,,,1
2026-10-07T18:00Z,2026-10-07T21:00Z,a4t:bkp72t,3,47.1,53.7,22.6,26.1,19.1,24,53.7,19.1,,,0.002,0.093,119.818,3.263,0,,18.6,0.137,4,280,24.282,94.671,1.341,333.908,,,,,1
2026-10-07T18:00Z,2026-10-08T00:00Z,a4t:bkp72t,6,49.5,56,27.8,31.9,20.1,24,56,20.1,,,0,0.293,168.528,3.98,0.012,,18.6,0.137,7,281,24.849,93.97,2.061,353.485,,,,,1
2026-10-07T18:00Z,2026-10-08T06:00Z,a4t:bkp72t,12,17.3,19.4,30.2,34.5,22.2,24,19.4,22.2,,,0.003,0.158,1241.084,1.333,0.058,,18.6,0.137,13,281,31.505,63.803,1.044,15.847,,,,,1
2026-10-07T18:00Z,2026-10-08T18:00Z,a4t:bkp72t,24,60.5,65.8,36.9,41.2,26.2,24,65.8,26.2,,,0.001,0.032,59.747,1.485,0,,18.6,0.137,1,281,25.687,94.371,0.438,315.282,,,,,1
2026-10-07T18:00Z,2026-10-09T18:00Z,a4t:bkp72t,48,27.4,28.9,29.5,31.6,26.3,24,28.9,26.3,,,0,0.01,118.486,1.663,0.596,,18.6,0.137,1,282,25.608,92.495,0.419,84.02,,,,,1
2026-10-07T18:00Z,2026-10-07T19:00Z,a4t:bkp73t,1,44.8,48.1,31.6,34,27.6,24,48.1,27.6,,,0.003,0.073,77.635,2.164,0,,27.4,0.072,2,280,24.55,96.876,0.782,318.575,,,,,1
2026-10-07T18:00Z,2026-10-07T21:00Z,a4t:bkp73t,3,34.7,37.1,33.2,35.7,27.9,24,37.1,27.9,,,0.002,0.233,128.449,3.283,0,,27.4,0.072,4,280,24.326,95.139,1.432,329.463,,,,,1
2026-10-07T18:00Z,2026-10-08T00:00Z,a4t:bkp73t,6,26.7,28.5,34.1,36.7,28.4,24,28.5,28.4,,,-0.001,0.405,167.374,3.789,0.007,,27.4,0.072,7,281,24.863,94.035,1.981,353.477,,,,,1
2026-10-07T18:00Z,2026-10-08T06:00Z,a4t:bkp73t,12,19.3,20.4,33.7,36.1,29.3,24,20.4,29.3,,,0.004,0.129,1268.809,1.392,0.052,,27.4,0.072,13,281,31.764,61.923,1.065,26.246,,,,,1
2026-10-07T18:00Z,2026-10-08T18:00Z,a4t:bkp73t,24,21.9,22.9,27.9,29.5,28.2,24,22.9,28.2,,,0.001,0.025,61.549,1.604,0,,27.4,0.072,1,281,25.681,95.243,0.53,294.184,,,,,1
2026-10-07T18:00Z,2026-10-09T18:00Z,a4t:bkp73t,48,41.3,42.4,25.4,26.2,27.4,24,42.4,27.4,,,0,0.011,86.782,1.173,0.73,,27.4,0.072,1,282,25.583,93.34,0.219,103.32,,,,,1
2026-10-07T18:00Z,2026-10-07T19:00Z,a4t:bkp74t,1,44.8,29.8,31.6,20.7,15.5,24,29.8,15.5,,,0.004,0.106,74.528,2.067,0,,15.3,-0.407,2,280,24.579,97.102,0.773,313.369,,,,,1
2026-10-07T18:00Z,2026-10-07T21:00Z,a4t:bkp74t,3,34.7,23.4,33.2,21.8,15.7,24,23.4,15.7,,,0.002,0.304,127.341,3.225,0,,15.3,-0.407,4,280,24.318,95.347,1.424,326.173,,,,,1
2026-10-07T18:00Z,2026-10-08T00:00Z,a4t:bkp74t,6,26.7,18.3,34.1,22.6,16.1,24,18.3,16.1,,,-0.001,0.475,162.321,3.624,0.004,,15.3,-0.407,7,281,24.86,94.12,1.906,352.515,,,,,1
2026-10-07T18:00Z,2026-10-08T06:00Z,a4t:bkp74t,12,19.3,13.8,33.7,22.5,16.8,24,13.8,16.8,,,0.004,0.114,1284.349,1.322,0.046,,15.3,-0.407,13,281,31.868,61.272,1,27.745,,,,,1
2026-10-07T18:00Z,2026-10-08T18:00Z,a4t:bkp74t,24,21.9,16.9,27.9,20.1,16.2,24,16.9,16.2,,,0.001,0.023,59.418,1.548,0,,15.3,-0.407,1,281,25.714,95.574,0.516,286.264,,,,,1
2026-10-07T18:00Z,2026-10-09T18:00Z,a4t:bkp74t,48,41.3,35.4,25.4,20.9,15.9,24,35.4,15.9,,,0,0.011,76.24,1.228,0.711,,15.3,-0.407,1,282,25.606,93.512,0.346,116.103,,,,,1
2026-10-07T18:00Z,2026-10-07T19:00Z,a4t:bkp75t,1,46.3,58.8,19.3,24.9,17.5,24,58.8,17.5,,,0.004,0.083,69.897,1.925,0,,17.3,0.245,2,280,24.553,96.992,0.709,313.019,,,,,1
2026-10-07T18:00Z,2026-10-07T21:00Z,a4t:bkp75t,3,49.9,62.8,22.7,29.1,18,24,62.8,18,,,0.003,0.262,119.647,3.119,0,,17.3,0.245,4,280,24.271,95.351,1.338,323.78,,,,,1
2026-10-07T18:00Z,2026-10-08T00:00Z,a4t:bkp75t,6,42.3,52.5,27.1,34.5,19.2,24,52.5,19.2,,,0.001,0.539,155.532,3.507,0.004,,17.3,0.245,7,281,24.839,94.219,1.844,350.265,,,,,1
2026-10-07T18:00Z,2026-10-08T06:00Z,a4t:bkp75t,12,12.5,15.3,28.5,36,21.6,24,15.3,21.6,,,0.005,0.121,1288.558,1.155,0.041,,17.3,0.245,13,281,31.844,61.651,0.872,22.862,,,,,1
2026-10-07T18:00Z,2026-10-08T18:00Z,a4t:bkp75t,24,48.2,55.9,32.1,39,25,24,55.9,25,,,0.001,0.024,55.13,1.306,0,,17.3,0.245,1,281,25.767,95.482,0.393,286.638,,,,,1
2026-10-07T18:00Z,2026-10-09T18:00Z,a4t:bkp75t,48,39.1,42.8,25.5,28.7,25.1,24,42.8,25.1,,,0,0.011,81.126,1.503,0.593,,17.3,0.245,1,282,25.652,93.269,0.422,115.055,,,,,1
2026-10-07T18:00Z,2026-10-07T19:00Z,a4t:bkp77t,1,46.3,50.6,19.3,21.1,15.8,24,50.6,15.8,,,0.003,0.05,70.185,1.927,0,,15.6,0.088,2,280,24.508,96.697,0.677,319.912,,,,,1
2026-10-07T18:00Z,2026-10-07T21:00Z,a4t:bkp77t,3,49.9,54.3,22.7,24.9,16.2,24,54.3,16.2,,,0.003,0.172,115.97,3.102,0,,15.6,0.088,4,280,24.254,95.117,1.286,326.302,,,,,1
2026-10-07T18:00Z,2026-10-08T00:00Z,a4t:bkp77t,6,42.3,45.8,27.1,29.6,17.1,24,45.8,17.1,,,0.001,0.446,156.556,3.608,0.006,,15.6,0.088,7,281,24.835,94.176,1.887,350.709,,,,,1
2026-10-07T18:00Z,2026-10-08T06:00Z,a4t:bkp77t,12,12.5,13.5,28.5,31,19,24,13.5,19,,,0.005,0.138,1274.715,1.141,0.044,,15.6,0.088,13,281,31.72,62.527,0.875,17.06,,,,,1
2026-10-07T18:00Z,2026-10-08T18:00Z,a4t:bkp77t,24,48.2,50.9,32.1,34.5,21.9,24,50.9,21.9,,,0.001,0.027,54.495,1.203,0,,15.6,0.088,1,281,25.767,95.058,0.33,298.423,,,,,1
2026-10-07T18:00Z,2026-10-09T18:00Z,a4t:bkp77t,48,39.1,40.4,25.5,26.7,21.8,24,40.4,21.8,,,0,0.011,96.63,1.658,0.535,,15.6,0.088,1,282,25.663,92.849,0.436,104.465,,,,,1
2026-10-07T18:00Z,2026-10-07T19:00Z,a4t:bkp78t,1,38.3,43.1,19.4,21.9,16.2,24,43.1,16.2,,,0.002,0.027,65.992,1.815,0,,16,0.118,2,280,24.442,96.322,0.623,329.528,,,,,1
2026-10-07T18:00Z,2026-10-07T21:00Z,a4t:bkp78t,3,47.1,52.7,22.6,25.6,16.6,24,52.7,16.6,,,0.003,0.087,105.09,2.981,0,,16,0.118,4,280,24.202,94.852,1.155,327.416,,,,,1
2026-10-07T18:00Z,2026-10-08T00:00Z,a4t:bkp78t,6,49.5,55,27.8,31.3,17.7,24,55,17.7,,,0.002,0.329,151.167,3.608,0.006,,16,0.118,7,281,24.822,94.192,1.881,350.467,,,,,1
2026-10-07T18:00Z,2026-10-08T06:00Z,a4t:bkp78t,12,17.3,19.1,30.2,33.9,20,24,19.1,20,,,0.005,0.144,1264.582,1.04,0.043,,16,0.118,13,281,31.573,63.66,0.821,2.507,,,,,1
2026-10-07T18:00Z,2026-10-08T18:00Z,a4t:bkp78t,24,60.5,65.1,36.9,40.6,24.2,24,65.1,24.2,,,0.001,0.031,49.474,0.934,0,,16,0.118,1,281,25.818,94.512,0.27,320.028,,,,,1
2026-10-07T18:00Z,2026-10-09T18:00Z,a4t:bkp78t,48,27.4,28.7,29.5,31.3,24.7,24,28.7,24.7,,,0,0.01,119.407,2.188,0.359,,16,0.118,1,282,25.731,92.026,0.737,97.457,,,,,1
2026-10-07T18:00Z,2026-10-07T19:00Z,a4t:bkp79t,1,46.3,67.2,19.3,28.4,21.5,24,67.2,21.5,,,0.003,0.044,66.893,1.82,0,,21.3,0.373,2,280,24.496,96.659,0.635,319.766,,,,,1
2026-10-07T18:00Z,2026-10-07T21:00Z,a4t:bkp79t,3,49.9,71.3,22.7,33.3,22,24,71.3,22,,,0.003,0.155,111.018,3.028,0,,21.3,0.373,4,280,24.225,95.136,1.229,324.512,,,,,1
2026-10-07T18:00Z,2026-10-08T00:00Z,a4t:bkp79t,6,42.3,59.2,27.1,39.3,23.3,24,59.2,23.3,,,0.003,0.459,151.704,3.519,0.005,,21.3,0.373,7,281,24.823,94.241,1.841,349.436,,,,,1
2026-10-07T18:00Z,2026-10-08T06:00Z,a4t:bkp79t,12,12.5,17.1,28.5,40.9,25.8,24,17.1,25.8,,,0.005,0.137,1279.102,1.044,0.04,,21.3,0.373,13,281,31.717,62.669,0.803,12.511,,,,,1
2026-10-07T18:00Z,2026-10-08T18:00Z,a4t:bkp79t,24,48.2,60.7,32.1,43.4,29.5,24,60.7,29.5,,,0.001,0.027,51.484,1.038,0,,21.3,0.373,1,281,25.804,95.031,0.258,299.4,,,,,1
2026-10-07T18:00Z,2026-10-09T18:00Z,a4t:bkp79t,48,39.1,45,25.5,30.6,29.4,24,45,29.4,,,0,0.011,99.028,1.85,0.457,,21.3,0.373,1,282,25.697,92.68,0.543,105.88,,,,,1
2026-10-07T18:00Z,2026-10-07T19:00Z,a4t:bkp80t,1,46.3,43.5,19.3,18,10.7,24,43.5,10.7,,,0.003,0.036,55.977,1.483,0,,10.5,-0.063,2,280,24.479,96.684,0.514,312.98,,,,,1
2026-10-07T18:00Z,2026-10-07T21:00Z,a4t:bkp80t,3,49.9,47,22.7,21.3,11.1,24,47,11.1,,,0.005,0.132,96.734,2.834,0,,10.5,-0.063,4,280,24.135,95.344,1.084,316.113,,,,,1
2026-10-07T18:00Z,2026-10-08T00:00Z,a4t:bkp80t,6,42.3,39.9,27.1,25.4,12.1,24,39.9,12.1,,,0.012,0.509,135.214,3.188,0.002,,10.5,-0.063,7,281,24.782,94.496,1.661,343.608,,,,,1
2026-10-07T18:00Z,2026-10-08T06:00Z,a4t:bkp80t,12,12.5,11.8,28.5,26.7,14.1,24,11.8,14.1,,,0.007,0.12,1301.191,0.763,0.026,,10.5,-0.063,13,281,31.775,62.707,0.597,355.55,,,,,1
2026-10-07T18:00Z,2026-10-08T18:00Z,a4t:bkp80t,24,48.2,46.3,32.1,30.5,16.8,24,46.3,16.8,,,0.001,0.026,42.109,0.56,0,,10.5,-0.063,1,281,25.926,95.192,0.115,290.195,,,,,1
2026-10-07T18:00Z,2026-10-09T18:00Z,a4t:bkp80t,48,39.1,38.2,25.5,24.7,17.2,24,38.2,17.2,,,0,0.012,97.143,2.372,0.237,,10.5,-0.063,1,282,25.798,92.441,0.837,113.078,,,,,1
2026-10-07T18:00Z,2026-10-07T19:00Z,a4t:bkp81t,1,38.3,54.4,19.4,27.9,24,24,54.4,24,,,0.002,0.03,76.077,2.153,0,,23.9,0.35,2,280,24.462,96.332,0.738,328.845,,,,,1
2026-10-07T18:00Z,2026-10-07T21:00Z,a4t:bkp81t,3,47.1,65.8,22.6,32.4,24.4,24,65.8,24.4,,,0.002,0.105,118.894,3.225,0,,23.9,0.35,4,280,24.277,94.752,1.325,332.549,,,,,1
2026-10-07T18:00Z,2026-10-08T00:00Z,a4t:bkp81t,6,49.5,67.8,27.8,39.4,25.7,24,67.8,25.7,,,0.001,0.315,166.087,3.907,0.011,,23.9,0.35,7,281,24.846,94.008,2.027,353.073,,,,,1
2026-10-07T18:00Z,2026-10-08T06:00Z,a4t:bkp81t,12,17.3,23,30.2,42.3,28.2,24,23,28.2,,,0.003,0.155,1247.522,1.294,0.055,,23.9,0.35,13,281,31.545,63.562,1.01,15.8,,,,,1
2026-10-07T18:00Z,2026-10-08T18:00Z,a4t:bkp81t,24,60.5,75,36.9,48.8,33.1,24,75,33.1,,,0.001,0.031,58.61,1.415,0,,23.9,0.35,1,281,25.704,94.495,0.411,312.864,,,,,1
2026-10-07T18:00Z,2026-10-09T18:00Z,a4t:bkp81t,48,27.4,31.3,29.5,35.2,33.1,24,31.3,33.1,,,0,0.01,114.736,1.66,0.581,,23.9,0.35,1,282,25.621,92.539,0.414,87.941,,,,,1
2026-10-07T18:00Z,2026-10-07T19:00Z,a4t:bkp82t,1,37,32.4,28.4,24.8,20.9,24,32.4,20.9,,,0.002,0.039,86.944,2.503,0,,20.8,-0.13,2,280,24.506,96.479,0.881,325.5,,,,,1
2026-10-07T18:00Z,2026-10-07T21:00Z,a4t:bkp82t,3,34.7,30.6,30.2,26.4,21.1,24,30.6,21.1,,,0.002,0.134,135.673,3.51,0,,20.8,-0.13,4,280,24.364,94.761,1.529,336.067,,,,,1
2026-10-07T18:00Z,2026-10-08T00:00Z,a4t:bkp82t,6,28.9,25.6,31.9,28,21.6,24,25.6,21.6,,,0,0.292,181.845,4.187,0.015,,20.8,-0.13,7,281,24.873,93.835,2.164,355.113,,,,,1
2026-10-07T18:00Z,2026-10-08T06:00Z,a4t:bkp82t,12,29.7,26.7,33.2,29.2,22.6,24,26.7,22.6,,,0.002,0.147,1235.628,1.633,0.066,,20.8,-0.13,13,281,31.574,63.057,1.273,27.138,,,,,1
2026-10-07T18:00Z,2026-10-08T18:00Z,a4t:bkp82t,24,31.1,28.7,33.1,29.8,23.4,24,28.7,23.4,,,0.001,0.028,68.932,1.973,0,,20.8,-0.13,1,281,25.579,94.687,0.687,305.125,,,,,1
2026-10-07T18:00Z,2026-10-09T18:00Z,a4t:bkp82t,48,30.6,29.1,28.1,26.4,22.7,24,29.1,22.7,,,0,0.01,101.677,1.024,0.852,,20.8,-0.13,1,282,25.494,93.334,0.083,71.342,,,,,1
2026-10-07T18:00Z,2026-10-07T19:00Z,a4t:bkp83t,1,37,25.9,28.4,19.7,17,24,25.9,17,,,0.002,0.041,85.002,2.433,0,,16.9,-0.352,2,280,24.508,96.513,0.855,325.15,,,,,1
2026-10-07T18:00Z,2026-10-07T21:00Z,a4t:bkp83t,3,34.7,24.7,30.2,21,17.1,24,24.7,17.1,,,0.002,0.142,133.488,3.459,0,,16.9,-0.352,4,280,24.353,94.801,1.5,335.138,,,,,1
2026-10-07T18:00Z,2026-10-08T00:00Z,a4t:bkp83t,6,28.9,20.9,31.9,22.3,17.5,24,20.9,17.5,,,0,0.305,178.929,4.12,0.014,,16.9,-0.352,7,281,24.87,93.87,2.133,354.857,,,,,1
2026-10-07T18:00Z,2026-10-08T06:00Z,a4t:bkp83t,12,29.7,22.3,33.2,23.5,18.2,24,22.3,18.2,,,0.002,0.147,1240.305,1.577,0.063,,16.9,-0.352,13,281,31.593,62.966,1.226,26.236,,,,,1
2026-10-07T18:00Z,2026-10-08T18:00Z,a4t:bkp83t,24,31.1,24.9,33.1,25,18.9,24,24.9,18.9,,,0.001,0.028,67.237,1.88,0,,16.9,-0.352,1,281,25.601,94.731,0.642,304.608,,,,,1
2026-10-07T18:00Z,2026-10-09T18:00Z,a4t:bkp83t,48,30.6,26.8,28.1,23.7,18.2,24,26.8,18.2,,,0,0.01,101.237,1.077,0.815,,16.9,-0.352,1,282,25.515,93.26,0.057,77.206,,,,,1
2026-10-07T18:00Z,2026-10-07T19:00Z,a4t:bkp84t,1,37,34,28.4,26,22.2,24,34,22.2,,,0.002,0.045,87.184,2.501,0,,22.1,-0.083,2,280,24.521,96.572,0.887,324.311,,,,,1
2026-10-07T18:00Z,2026-10-07T21:00Z,a4t:bkp84t,3,34.7,32,30.2,27.7,22.4,24,32,22.4,,,0.002,0.152,137.248,3.518,0,,22.1,-0.083,4,280,24.374,94.819,1.545,335.704,,,,,1
2026-10-07T18:00Z,2026-10-08T00:00Z,a4t:bkp84t,6,28.9,26.8,31.9,29.3,22.9,24,26.8,22.9,,,0,0.298,182.06,4.17,0.014,,22.1,-0.083,7,281,24.878,93.834,2.158,355.382,,,,,1
2026-10-07T18:00Z,2026-10-08T06:00Z,a4t:bkp84t,12,29.7,27.8,33.2,30.6,23.9,24,27.8,23.9,,,0.002,0.142,1239.054,1.655,0.065,,22.1,-0.083,13,281,31.61,62.773,1.287,28.312,,,,,1
2026-10-07T18:00Z,2026-10-08T18:00Z,a4t:bkp84t,24,31.1,29.5,33.1,31,24.8,24,29.5,24.8,,,0.001,0.027,69.361,1.998,0,,22.1,-0.083,1,281,25.576,94.803,0.706,302.924,,,,,1
2026-10-07T18:00Z,2026-10-09T18:00Z,a4t:bkp84t,48,30.6,29.7,28.1,27,23.9,24,29.7,23.9,,,0,0.01,97.541,0.939,0.875,,22.1,-0.083,1,282,25.489,93.437,0.076,73.053,,,,,1
2026-10-07T18:00Z,2026-10-07T19:00Z,a4t:bkp85t,1,37,26.2,28.4,19.8,16.3,24,26.2,16.3,,,0.002,0.053,86.135,2.457,0,,16.2,-0.343,2,280,24.535,96.673,0.877,323.022,,,,,1
2026-10-07T18:00Z,2026-10-07T21:00Z,a4t:bkp85t,3,34.7,24.9,30.2,21.2,16.5,24,24.9,16.5,,,0.002,0.176,137.184,3.492,0,,16.2,-0.343,4,280,24.375,94.894,1.541,334.792,,,,,1
2026-10-07T18:00Z,2026-10-08T00:00Z,a4t:bkp85t,6,28.9,21.1,31.9,22.5,16.9,24,21.1,16.9,,,0,0.312,180.359,4.113,0.012,,16.2,-0.343,7,281,24.88,93.856,2.133,355.451,,,,,1
2026-10-07T18:00Z,2026-10-08T06:00Z,a4t:bkp85t,12,29.7,22.5,33.2,23.8,17.7,24,22.5,17.7,,,0.002,0.137,1245.012,1.638,0.063,,16.2,-0.343,13,281,31.653,62.471,1.269,28.782,,,,,1
2026-10-07T18:00Z,2026-10-08T18:00Z,a4t:bkp85t,24,31.1,25.1,33.1,25.2,18.4,24,25.1,18.4,,,0.001,0.027,68.634,1.962,0,,16.2,-0.343,1,281,25.587,94.932,0.694,300.638,,,,,1
2026-10-07T18:00Z,2026-10-09T18:00Z,a4t:bkp85t,48,30.6,26.9,28.1,23.8,17.9,24,26.9,17.9,,,0,0.01,93.707,0.904,0.872,,16.2,-0.343,1,282,25.499,93.478,0.067,79.168,,,,,1
2026-10-07T18:00Z,2026-10-07T19:00Z,a4t:bkp86t,1,37,29.6,28.4,22.6,19.7,24,29.6,19.7,,,0.002,0.062,89.604,2.563,0,,19.6,-0.22,2,280,24.559,96.79,0.929,321.902,,,,,1
2026-10-07T18:00Z,2026-10-07T21:00Z,a4t:bkp86t,3,34.7,28,30.2,24,19.9,24,28,19.9,,,0.001,0.195,143.445,3.587,0,,19.6,-0.22,4,280,24.411,94.927,1.615,335.748,,,,,1
2026-10-07T18:00Z,2026-10-08T00:00Z,a4t:bkp86t,6,28.9,23.6,31.9,25.5,20.2,24,23.6,20.2,,,0,0.293,185.341,4.193,0.013,,19.6,-0.22,7,281,24.895,93.792,2.173,356.57,,,,,1
2026-10-07T18:00Z,2026-10-08T06:00Z,a4t:bkp86t,12,29.7,24.9,33.2,26.8,21.1,24,24.9,21.1,,,0.002,0.127,1243.675,1.773,0.067,,19.6,-0.22,13,281,31.687,62.089,1.374,31.707,,,,,1
2026-10-07T18:00Z,2026-10-08T18:00Z,a4t:bkp86t,24,31.1,27.1,33.1,27.8,21.8,24,27.1,21.8,,,0.001,0.025,72,2.153,0,,19.6,-0.22,1,281,25.547,95.062,0.798,298.242,,,,,1
2026-10-07T18:00Z,2026-10-09T18:00Z,a4t:bkp86t,48,30.6,28.1,28.1,25.3,21,24,28.1,21,,,0,0.01,87.591,0.683,0.969,,19.6,-0.22,1,282,25.461,93.743,0.215,71.733,,,,,1
2026-10-07T18:00Z,2026-10-07T19:00Z,a4t:bkp87t,1,37,31.5,28.4,24,20.9,24,31.5,20.9,,,0.001,0.051,95.196,2.758,0,,20.8,-0.16,2,280,24.559,96.72,1.004,322.718,,,,,1
2026-10-07T18:00Z,2026-10-07T21:00Z,a4t:bkp87t,3,34.7,29.7,30.2,25.6,21.1,24,29.7,21.1,,,0.001,0.161,150.107,3.738,0,,20.8,-0.16,4,280,24.445,94.831,1.7,338.103,,,,,1
2026-10-07T18:00Z,2026-10-08T00:00Z,a4t:bkp87t,6,28.9,25,31.9,27.1,21.5,24,25,21.5,,,0,0.252,193.695,4.381,0.016,,20.8,-0.16,7,281,24.903,93.694,2.261,357.255,,,,,1
2026-10-07T18:00Z,2026-10-08T06:00Z,a4t:bkp87t,12,29.7,26.1,33.2,28.4,22.4,24,26.1,22.4,,,0.001,0.124,1231.35,1.946,0.074,,20.8,-0.16,13,281,31.643,62.269,1.518,33.679,,,,,1
2026-10-07T18:00Z,2026-10-08T18:00Z,a4t:bkp87t,24,31.1,28.1,33.1,29.2,23.1,24,28.1,23.1,,,0.001,0.025,76.945,2.422,0,,20.8,-0.16,1,281,25.484,94.968,0.934,299.63,,,,,1
2026-10-07T18:00Z,2026-10-09T18:00Z,a4t:bkp87t,48,30.6,28.8,28.1,26,22.3,24,28.8,22.3,,,0,0.009,87.644,0.603,1.079,,20.8,-0.16,1,282,25.399,93.986,0.379,41.429,,,,,1
2026-10-07T18:00Z,2026-10-07T19:00Z,a4t:bkp88t,1,37,30.3,28.4,23.1,20.7,24,30.3,20.7,,,0.002,0.043,88.795,2.558,0,,20.6,-0.196,2,280,24.521,96.549,0.908,324.537,,,,,1
2026-10-07T18:00Z,2026-10-07T21:00Z,a4t:bkp88t,3,34.7,28.7,30.2,24.6,20.8,24,28.7,20.8,,,0.002,0.145,139.127,3.561,0,,20.6,-0.196,4,280,24.383,94.79,1.57,336.425,,,,,1
2026-10-07T18:00Z,2026-10-08T00:00Z,a4t:bkp88t,6,28.9,24.1,31.9,26.1,21.2,24,24.1,21.2,,,0,0.286,184.469,4.225,0.015,,20.6,-0.196,7,281,24.88,93.806,2.184,355.587,,,,,1
2026-10-07T18:00Z,2026-10-08T06:00Z,a4t:bkp88t,12,29.7,25.3,33.2,27.4,22,24,25.3,22,,,0.001,0.142,1235.389,1.703,0.067,,20.6,-0.196,13,281,31.596,62.834,1.327,29.033,,,,,1
2026-10-07T18:00Z,2026-10-08T18:00Z,a4t:bkp88t,24,31.1,27.5,33.1,28.3,22.7,24,27.5,22.7,,,0.001,0.027,70.78,2.076,0,,20.6,-0.196,1,281,25.557,94.773,0.745,303.275,,,,,1
2026-10-07T18:00Z,2026-10-09T18:00Z,a4t:bkp88t,48,30.6,28.4,28.1,25.5,21.7,24,28.4,21.7,,,0,0.01,97.664,0.896,0.906,,20.6,-0.196,1,282,25.472,93.506,0.128,67.423,,,,,1
2026-10-07T18:00Z,2026-10-07T19:00Z,a4t:bkp89t,1,37,38.1,28.4,29.2,26.3,24,38.1,26.3,,,0.001,0.04,96.588,2.821,0,,26.2,0.029,2,280,24.541,96.58,1.021,323.727,,,,,1
2026-10-07T18:00Z,2026-10-07T21:00Z,a4t:bkp89t,3,34.7,35.7,30.2,31.1,26.5,24,35.7,26.5,,,0.001,0.131,150.161,3.773,0,,26.2,0.029,4,280,24.44,94.746,1.707,338.947,,,,,1
2026-10-07T18:00Z,2026-10-08T00:00Z,a4t:bkp89t,6,28.9,29.7,31.9,32.9,26.9,24,29.7,26.9,,,0,0.238,195.893,4.449,0.019,,26.2,0.029,7,281,24.896,93.678,2.292,356.744,,,,,1
2026-10-07T18:00Z,2026-10-08T06:00Z,a4t:bkp89t,12,29.7,30.4,33.2,34.1,28,24,30.4,28,,,0.001,0.129,1223.725,1.964,0.076,,26.2,0.029,13,281,31.587,62.695,1.538,33.377,,,,,1
2026-10-07T18:00Z,2026-10-08T18:00Z,a4t:bkp89t,24,31.1,31.7,33.1,33.9,28.7,24,31.7,28.7,,,0.001,0.026,77.999,2.478,0,,26.2,0.029,1,281,25.468,94.814,0.959,301.862,,,,,1
2026-10-07T18:00Z,2026-10-09T18:00Z,a4t:bkp89t,48,30.6,30.9,28.1,28.5,27.6,24,30.9,27.6,,,0,0.009,91.704,0.702,1.086,,26.2,0.029,1,282,25.382,93.993,0.408,33.337,,,,,1
2026-10-07T18:00Z,2026-10-07T19:00Z,a4t:bkp90t,1,37,27.8,28.4,21.1,19,24,27.8,19,,,0.001,0.028,95.546,2.815,0,,18.9,-0.284,2,280,24.499,96.318,1.002,325.998,,,,,1
2026-10-07T18:00Z,2026-10-07T21:00Z,a4t:bkp90t,3,34.7,26.3,30.2,22.5,19.1,24,26.3,19.1,,,0.001,0.094,145.278,3.741,0,,18.9,-0.284,4,280,24.406,94.608,1.657,339.451,,,,,1
2026-10-07T18:00Z,2026-10-08T00:00Z,a4t:bkp90t,6,28.9,22.3,31.9,23.9,19.4,24,22.3,19.4,,,0,0.229,194.665,4.473,0.023,,18.9,-0.284,7,281,24.878,93.703,2.3,355.49,,,,,1
2026-10-07T18:00Z,2026-10-08T06:00Z,a4t:bkp90t,12,29.7,23.6,33.2,25.2,20.2,24,23.6,20.2,,,0.001,0.144,1215.306,1.878,0.076,,18.9,-0.284,13,281,31.491,63.51,1.479,30.942,,,,,1
2026-10-07T18:00Z,2026-10-08T18:00Z,a4t:bkp90t,24,31.1,26,33.1,26.4,20.8,24,26,20.8,,,0.001,0.028,76.584,2.405,0,,18.9,-0.284,1,281,25.482,94.514,0.906,306.511,,,,,1
2026-10-07T18:00Z,2026-10-09T18:00Z,a4t:bkp90t,48,30.6,27.5,28.1,24.5,19.9,24,27.5,19.9,,,0,0.009,101.987,0.918,1.016,,18.9,-0.284,1,282,25.393,93.765,0.356,38.504,,,,,1
2026-10-07T18:00Z,2026-10-07T19:00Z,a4t:bkp91t,1,37,22.1,28.4,16.7,13.4,24,22.1,13.4,,,0.001,0.028,87.2,2.535,0,,13.3,-0.509,2,280,24.476,96.281,0.881,328.094,,,,,1
2026-10-07T18:00Z,2026-10-07T21:00Z,a4t:bkp91t,3,34.7,21.1,30.2,17.8,13.6,24,21.1,13.6,,,0.002,0.1,133.35,3.516,0,,13.3,-0.509,4,280,24.349,94.628,1.509,337.194,,,,,1
2026-10-07T18:00Z,2026-10-08T00:00Z,a4t:bkp91t,6,28.9,18.1,31.9,19,13.9,24,18.1,13.9,,,0,0.268,182.533,4.247,0.018,,13.3,-0.509,7,281,24.866,93.822,2.189,354.755,,,,,1
2026-10-07T18:00Z,2026-10-08T06:00Z,a4t:bkp91t,12,29.7,19.7,33.2,20.2,14.7,24,19.7,14.7,,,0.001,0.156,1226.921,1.612,0.068,,13.3,-0.509,13,281,31.494,63.657,1.263,24.991,,,,,1
2026-10-07T18:00Z,2026-10-08T18:00Z,a4t:bkp91t,24,31.1,22.6,33.1,22,15.3,24,22.6,15.3,,,0.001,0.03,68.7,1.968,0,,13.3,-0.509,1,281,25.578,94.433,0.669,309.863,,,,,1
2026-10-07T18:00Z,2026-10-09T18:00Z,a4t:bkp91t,48,30.6,25.2,28.1,22,14.9,24,25.2,14.9,,,0,0.009,110.34,1.187,0.818,,13.3,-0.509,1,282,25.495,93.145,0.176,66.655,,,,,1
2026-10-07T18:00Z,2026-10-07T19:00Z,a4t:bkp92t,1,37,25.3,28.4,19.2,17,24,25.3,17,,,0.002,0.053,84.782,2.411,0,,16.9,-0.376,2,280,24.532,96.675,0.859,322.914,,,,,1
2026-10-07T18:00Z,2026-10-07T21:00Z,a4t:bkp92t,3,34.7,24.1,30.2,20.4,17.1,24,24.1,17.1,,,0.002,0.178,135.381,3.456,0,,16.9,-0.376,4,280,24.365,94.91,1.519,334.195,,,,,1
2026-10-07T18:00Z,2026-10-08T00:00Z,a4t:bkp92t,6,28.9,20.5,31.9,21.8,17.4,24,20.5,17.4,,,0,0.322,178.35,4.07,0.012,,16.9,-0.376,7,281,24.877,93.881,2.112,355.161,,,,,1
2026-10-07T18:00Z,2026-10-08T06:00Z,a4t:bkp92t,12,29.7,21.9,33.2,23,18.1,24,21.9,18.1,,,0.002,0.138,1247.462,1.594,0.062,,16.9,-0.376,13,281,31.658,62.474,1.234,28.017,,,,,1
2026-10-07T18:00Z,2026-10-08T18:00Z,a4t:bkp92t,24,31.1,24.6,33.1,24.5,18.7,24,24.6,18.7,,,0.001,0.027,67.419,1.896,0,,16.9,-0.376,1,281,25.602,94.939,0.661,300.582,,,,,1
2026-10-07T18:00Z,2026-10-09T18:00Z,a4t:bkp92t,48,30.6,26.5,28.1,23.4,17.9,24,26.5,17.9,,,0,0.01,94.143,0.961,0.843,,16.9,-0.376,1,282,25.514,93.414,0.036,82.755,,,,,1
2026-10-07T18:00Z,2026-10-07T19:00Z,a4t:bkp93t,1,37,26.2,28.4,19.8,16.5,24,26.2,16.5,,,0.002,0.051,78.81,2.212,0,,16.4,-0.343,2,280,24.518,96.657,0.781,322.611,,,,,1
2026-10-07T18:00Z,2026-10-07T21:00Z,a4t:bkp93t,3,34.7,24.9,30.2,21.2,16.7,24,24.9,16.7,,,0.002,0.175,127.056,3.303,0,,16.4,-0.343,4,280,24.319,94.968,1.417,331.476,,,,,1
2026-10-07T18:00Z,2026-10-08T00:00Z,a4t:bkp93t,6,28.9,21.1,31.9,22.5,17.1,24,21.1,17.1,,,0,0.364,169.509,3.889,0.009,,16.4,-0.343,7,281,24.86,93.994,2.025,353.629,,,,,1
2026-10-07T18:00Z,2026-10-08T06:00Z,a4t:bkp93t,12,29.7,22.5,33.2,23.8,17.9,24,22.5,17.9,,,0.003,0.142,1257.242,1.401,0.055,,16.4,-0.343,13,281,31.671,62.573,1.081,23.811,,,,,1
2026-10-07T18:00Z,2026-10-08T18:00Z,a4t:bkp93t,24,31.1,25.1,33.1,25.2,18.6,24,25.1,18.6,,,0.001,0.027,62.019,1.601,0,,16.4,-0.343,1,281,25.67,94.942,0.514,300.956,,,,,1
2026-10-07T18:00Z,2026-10-09T18:00Z,a4t:bkp93t,48,30.6,26.9,28.1,23.8,18,24,26.9,18,,,0,0.01,96.97,1.255,0.71,,16.4,-0.343,1,282,25.578,93.123,0.183,93.494,,,,,1
2026-10-07T18:00Z,2026-10-07T19:00Z,a4t:bkp94t,1,37,33.2,28.4,25.3,20.8,24,33.2,20.8,,,0.002,0.035,80.107,2.278,0,,20.7,-0.11,2,280,24.484,96.42,0.789,326.828,,,,,1
2026-10-07T18:00Z,2026-10-07T21:00Z,a4t:bkp94t,3,34.7,31.3,30.2,27,21.1,24,31.3,21.1,,,0.002,0.125,125.585,3.33,0,,20.7,-0.11,4,280,24.311,94.782,1.405,333.665,,,,,1
2026-10-07T18:00Z,2026-10-08T00:00Z,a4t:bkp94t,6,28.9,26.2,31.9,28.6,21.6,24,26.2,21.6,,,0,0.317,171.862,3.999,0.012,,20.7,-0.11,7,281,24.857,93.948,2.073,353.835,,,,,1
2026-10-07T18:00Z,2026-10-08T06:00Z,a4t:bkp94t,12,29.7,27.2,33.2,29.8,22.7,24,27.2,22.7,,,0.003,0.153,1244.648,1.416,0.059,,20.7,-0.11,13,281,31.57,63.274,1.101,21.201,,,,,1
2026-10-07T18:00Z,2026-10-08T18:00Z,a4t:bkp94t,24,31.1,29.1,33.1,30.4,23.5,24,29.1,23.5,,,0.001,0.03,62.541,1.623,0,,20.7,-0.11,1,281,25.657,94.615,0.509,308.24,,,,,1
2026-10-07T18:00Z,2026-10-09T18:00Z,a4t:bkp94t,48,30.6,29.4,28.1,26.7,22.9,24,29.4,22.9,,,0,0.01,108.094,1.38,0.689,,20.7,-0.11,1,282,25.572,92.884,0.237,84.408,,,,,1
2026-10-07T18:00Z,2026-10-07T19:00Z,a4t:bkp95t,1,44.8,33.8,31.6,23.7,18.1,24,33.8,18.1,,,0.002,0.066,81.066,2.278,0,,17.9,-0.279,2,280,24.545,96.803,0.819,320.604,,,,,1
2026-10-07T18:00Z,2026-10-07T21:00Z,a4t:bkp95t,3,34.7,26.5,33.2,24.9,18.3,24,26.5,18.3,,,0.002,0.213,132.079,3.364,0,,17.9,-0.279,4,280,24.348,95.04,1.476,331.746,,,,,1
2026-10-07T18:00Z,2026-10-08T00:00Z,a4t:bkp95t,6,26.7,20.6,34.1,25.7,18.7,24,20.6,18.7,,,-0.001,0.361,172.623,3.919,0.009,,17.9,-0.279,7,281,24.872,93.959,2.043,354.472,,,,,1
2026-10-07T18:00Z,2026-10-08T06:00Z,a4t:bkp95t,12,19.3,15.3,33.7,25.5,19.5,24,15.3,19.5,,,0.003,0.133,1259.408,1.493,0.056,,17.9,-0.279,13,281,31.722,62.115,1.149,27.347,,,,,1
2026-10-07T18:00Z,2026-10-08T18:00Z,a4t:bkp95t,24,21.9,18.3,27.9,22.2,18.8,24,18.3,18.8,,,0.001,0.026,64.396,1.744,0,,17.9,-0.279,1,281,25.643,95.122,0.594,297.022,,,,,1
2026-10-07T18:00Z,2026-10-09T18:00Z,a4t:bkp95t,48,41.3,37.2,25.4,22.2,18.4,24,37.2,18.4,,,0,0.01,89.592,1.047,0.788,,17.9,-0.279,1,282,25.55,93.383,0.127,95.286,,,,,1
2026-10-07T18:00Z,2026-10-07T19:00Z,a4t:bkp96t,1,46.3,54.3,19.3,22.9,17.1,24,54.3,17.1,,,0.003,0.057,76.17,2.121,0,,16.9,0.164,2,280,24.524,96.726,0.752,320.889,,,,,1
2026-10-07T18:00Z,2026-10-07T21:00Z,a4t:bkp96t,3,49.9,58.2,22.7,26.8,17.5,24,58.2,17.5,,,0.002,0.19,124.435,3.241,0,,16.9,0.164,4,280,24.304,95.053,1.385,329.613,,,,,1
2026-10-07T18:00Z,2026-10-08T00:00Z,a4t:bkp96t,6,42.3,48.9,27.1,31.8,18.6,24,48.9,18.6,,,0,0.397,165.449,3.786,0.008,,16.9,0.164,7,281,24.854,94.053,1.976,352.859,,,,,1
2026-10-07T18:00Z,2026-10-08T06:00Z,a4t:bkp96t,12,12.5,14.3,28.5,33.3,20.6,24,14.3,20.6,,,0.004,0.139,1265.015,1.327,0.051,,16.9,0.164,13,281,31.709,62.387,1.019,22.908,,,,,1
2026-10-07T18:00Z,2026-10-08T18:00Z,a4t:bkp96t,24,48.2,53.2,32.1,36.6,23.6,24,53.2,23.6,,,0.001,0.027,59.859,1.492,0,,16.9,0.164,1,281,25.699,95.053,0.466,298.495,,,,,1
2026-10-07T18:00Z,2026-10-09T18:00Z,a4t:bkp96t,48,39.1,41.5,25.5,27.6,23.6,24,41.5,23.6,,,0,0.01,94.221,1.337,0.668,,16.9,0.164,1,282,25.602,93.104,0.253,99.42,,,,,1
2026-10-07T18:00Z,2026-10-07T19:00Z,a4t:bkp97t,1,44.8,38.1,31.6,26.7,20.7,24,38.1,20.7,,,0.003,0.095,76.269,2.119,0,,20.5,-0.165,2,280,24.572,97.036,0.783,315.354,,,,,1
2026-10-07T18:00Z,2026-10-07T21:00Z,a4t:bkp97t,3,34.7,29.7,33.2,28,20.9,24,29.7,20.9,,,0.002,0.281,128.774,3.26,0,,20.5,-0.165,4,280,24.328,95.271,1.438,327.687,,,,,1
2026-10-07T18:00Z,2026-10-08T00:00Z,a4t:bkp97t,6,26.7,23,34.1,28.9,21.4,24,23,21.4,,,-0.001,0.44,165.056,3.7,0.005,,20.5,-0.165,7,281,24.864,94.075,1.942,353.176,,,,,1
2026-10-07T18:00Z,2026-10-08T06:00Z,a4t:bkp97t,12,19.3,16.9,33.7,28.6,22.2,24,16.9,22.2,,,0.004,0.119,1278.17,1.37,0.049,,20.5,-0.165,13,281,31.834,61.455,1.041,27.73,,,,,1
2026-10-07T18:00Z,2026-10-08T18:00Z,a4t:bkp97t,24,21.9,19.8,27.9,24.5,21.5,24,19.8,21.5,,,0.001,0.024,60.757,1.597,0,,20.5,-0.165,1,281,25.695,95.467,0.536,289.094,,,,,1
2026-10-07T18:00Z,2026-10-09T18:00Z,a4t:bkp97t,48,41.3,38.9,25.4,23.5,20.9,24,38.9,20.9,,,0,0.011,79.43,1.165,0.734,,20.5,-0.165,1,282,25.591,93.48,0.291,111.648,,,,,1
2026-10-07T18:00Z,2026-10-07T19:00Z,a4t:bkp98t,1,44.8,43.2,31.6,30.5,23.8,24,43.2,23.8,,,0.003,0.085,75.345,2.09,0,,23.6,-0.036,2,280,24.56,96.974,0.766,316.042,,,,,1
2026-10-07T18:00Z,2026-10-07T21:00Z,a4t:bkp98t,3,34.7,33.5,33.2,32,24.1,24,33.5,24.1,,,0.002,0.261,126.698,3.235,0,,23.6,-0.036,4,280,24.315,95.244,1.413,327.492,,,,,1
2026-10-07T18:00Z,2026-10-08T00:00Z,a4t:bkp98t,6,26.7,25.8,34.1,32.9,24.6,24,25.8,24.6,,,-0.001,0.448,163.771,3.687,0.005,,23.6,-0.036,7,281,24.859,94.092,1.934,352.717,,,,,1
2026-10-07T18:00Z,2026-10-08T06:00Z,a4t:bkp98t,12,19.3,18.7,33.7,32.5,25.5,24,18.7,25.5,,,0.004,0.123,1277.296,1.331,0.048,,23.6,-0.036,13,281,31.813,61.65,1.012,26.277,,,,,1
2026-10-07T18:00Z,2026-10-08T18:00Z,a4t:bkp98t,24,21.9,21.4,27.9,27.1,24.7,24,21.4,24.7,,,0.001,0.024,59.798,1.533,0,,23.6,-0.036,1,281,25.706,95.395,0.501,290.423,,,,,1
2026-10-07T18:00Z,2026-10-09T18:00Z,a4t:bkp98t,48,41.3,40.7,25.4,25,24,24,40.7,24,,,0,0.011,82.304,1.238,0.702,,23.6,-0.036,1,282,25.602,93.383,0.292,109.897,,,,,1
2026-10-07T18:00Z,2026-10-07T19:00Z,a4t:bkp99t,1,38.3,38.6,19.4,19.5,15,24,38.6,15,,,0.002,0.04,71.48,1.975,0,,14.9,0.007,2,280,24.487,96.548,0.684,323.786,,,,,1
2026-10-07T18:00Z,2026-10-07T21:00Z,a4t:bkp99t,3,47.1,47.4,22.6,22.8,15.4,24,47.4,15.4,,,0.003,0.139,115.664,3.122,0,,14.9,0.007,4,280,24.255,94.979,1.281,328.347,,,,,1
2026-10-07T18:00Z,2026-10-08T00:00Z,a4t:bkp99t,6,49.5,49.8,27.8,28,16.3,24,49.8,16.3,,,0.001,0.39,158.804,3.696,0.007,,14.9,0.007,7,281,24.837,94.127,1.928,351.455,,,,,1
2026-10-07T18:00Z,2026-10-08T06:00Z,a4t:bkp99t,12,17.3,17.4,30.2,30.4,18.3,24,17.4,18.3,,,0.004,0.145,1265.539,1.172,0.047,,14.9,0.007,13,281,31.652,62.955,0.906,15.244,,,,,1
2026-10-07T18:00Z,2026-10-08T18:00Z,a4t:bkp99t,24,60.5,60.8,36.9,37.1,22,24,60.8,22,,,0.001,0.029,55.168,1.224,0,,14.9,0.007,1,281,25.754,94.831,0.336,305.105,,,,,1
2026-10-07T18:00Z,2026-10-09T18:00Z,a4t:bkp99t,48,27.4,27.5,29.5,29.6,22.3,24,27.5,22.3,,,0,0.01,104.523,1.703,0.529,,14.9,0.007,1,282,25.658,92.664,0.447,98.757,,,,,1
2026-10-07T18:00Z,2026-10-07T19:00Z,717,1,13.9,21.1,11.2,17.3,10.7,24,21.1,10.7,,,0,0.005,76.827,3.629,0.037,,10.5,0.413,2,280,24.054,94.292,1.827,20.637,,,,,1
2026-10-07T18:00Z,2026-10-07T21:00Z,717,3,15.1,22.5,12.1,18.8,11,24,22.5,11,,,0,0.007,88.223,3.503,0.007,,10.5,0.413,4,280,24.144,92.599,1.586,7.994,,,,,1
2026-10-07T18:00Z,2026-10-08T00:00Z,717,6,16.8,24.4,13.6,20.8,11.7,24,24.4,11.7,,,0,0.011,173.952,4.943,0.004,,10.5,0.413,7,281,24.928,92.635,2.71,14.656,,,,,1
2026-10-07T18:00Z,2026-10-08T06:00Z,717,12,7.1,10.1,12.9,19.5,12.6,24,10.1,12.6,,,0.001,0.025,1132.647,2.461,0.077,,10.5,0.413,13,281,30.51,68.333,2.047,355.465,,,,,1
2026-10-07T18:00Z,2026-10-08T18:00Z,717,24,19,24.6,13.6,19,13.9,24,24.6,13.9,,,0.001,0.04,62.918,3.012,0,,10.5,0.413,1,281,25.391,89.894,1.568,26.567,,,,,1
2026-10-07T18:00Z,2026-10-09T18:00Z,717,48,5.4,6.4,10.5,13,13.4,24,6.4,13.4,,,0,0.006,254.312,4.766,0.002,,10.5,0.413,1,282,25.669,87.321,2.555,65.863,,,,,1
2026-10-07T18:00Z,2026-10-07T19:00Z,225576,1,13.9,16.7,11.2,13.6,9.5,24,16.7,9.5,,,0,0.001,166.694,3.234,0.429,,9.4,0.182,2,280,25.039,90.286,1.984,17.292,,,,,1
2026-10-07T18:00Z,2026-10-07T21:00Z,225576,3,15.1,18,12.1,14.7,9.7,24,18,9.7,,,0,0.002,216.099,3.114,0.083,,9.4,0.182,4,280,25.01,89.787,1.771,2.842,,,,,1
2026-10-07T18:00Z,2026-10-08T00:00Z,225576,6,16.8,19.8,13.6,16.4,10.2,24,19.8,10.2,,,0,0.005,326.691,4.689,0.048,,9.4,0.182,7,281,25.816,88.295,3.145,15.504,,,,,1
2026-10-07T18:00Z,2026-10-08T06:00Z,225576,12,7.1,8.3,12.9,15.5,10.8,24,8.3,10.8,,,0,0.008,918.484,2.849,0.044,,9.4,0.182,13,281,29.828,70.703,2.446,0.158,,,,,1
2026-10-07T18:00Z,2026-10-08T18:00Z,225576,24,19,21.3,13.6,15.8,11.7,24,21.3,11.7,,,0,0.031,271.073,3.536,0,,9.4,0.182,1,281,26.407,86.207,2.359,24.687,,,,,1
2026-10-07T18:00Z,2026-10-09T18:00Z,225576,48,5.4,5.8,10.5,11.5,11.1,24,5.8,11.1,,,0,0.004,323.337,4.94,0.024,,9.4,0.182,1,282,26.371,85.922,3.395,59.763,,,,,1
2026-10-07T18:00Z,2026-10-07T19:00Z,225603,1,13.9,16.6,11.2,13.9,14.5,24,16.6,14.5,,,0,0.004,147.233,3.498,0.412,,,0.24,2,280,24.823,90.928,1.966,14.82,,,,,1
2026-10-07T18:00Z,2026-10-07T21:00Z,225603,3,15.1,17.9,12.1,15.1,15.7,24,17.9,15.7,,,0,0.006,193.936,3.621,0.072,,,0.24,4,280,24.933,90.051,2.021,3.82,,,,,1
2026-10-07T18:00Z,2026-10-08T00:00Z,225603,6,16.8,19.7,13.6,16.7,17.5,24,19.7,17.5,,,0,0.008,300.2,5.026,0.046,,,0.24,7,281,25.68,89.207,3.184,14.566,,,,,1
2026-10-07T18:00Z,2026-10-08T06:00Z,225603,12,7.1,8.3,12.9,15.6,16.7,24,8.3,16.7,,,0,0.018,963.592,2.55,0.064,,,0.24,13,281,29.908,71.149,2.229,352.841,,,,,1
2026-10-07T18:00Z,2026-10-08T18:00Z,225603,24,19,21.2,13.6,15.7,17.6,24,21.2,17.6,,,0,0.04,222.2,3.49,0,,,0.24,1,281,26.382,86.837,2.155,22.708,,,,,1
2026-10-07T18:00Z,2026-10-09T18:00Z,225603,48,5.4,5.8,10.5,11.5,13.6,24,5.8,13.6,,,0,0.005,340.462,5.204,0.023,,,0.24,1,282,26.371,85.289,3.367,62.184,,,,,1
2026-10-07T18:00Z,2026-10-07T19:00Z,228541,1,11.4,11.4,6.8,6.8,6.8,24,11.4,6.8,,,0,0.002,11.188,0.316,0,,,0,2,280,22.734,86.423,0.016,238.787,,,,,1
2026-10-07T18:00Z,2026-10-07T21:00Z,228541,3,12,12,7.5,7.5,7.5,24,12,7.5,,,0,0.01,34.141,1.326,0,,,0,4,280,21.732,91.459,0.627,76.399,,,,,1
2026-10-07T18:00Z,2026-10-08T00:00Z,228541,6,13.4,13.4,8.5,8.5,8.5,24,13.4,8.5,,,0,0.016,44.681,0.905,0,,,0,7,281,22.899,87.313,0.688,10.478,,,,,1
2026-10-07T18:00Z,2026-10-08T06:00Z,228541,12,9.3,9.3,9.2,9.2,9.2,24,9.3,9.2,,,0,0.006,1231.964,0.479,0,,,0,13,281,29.684,58.081,0.348,84.04,,,,,1
2026-10-07T18:00Z,2026-10-08T18:00Z,228541,24,14.1,14.1,11.2,11.2,11.2,24,14.1,11.2,,,0,0.004,11.263,0.219,0,,,0,1,281,22.793,88.137,0.123,147.769,,,,,1
2026-10-07T18:00Z,2026-10-09T18:00Z,228541,48,13.6,13.6,13.5,13.5,13.5,24,13.6,13.5,,,0,0.008,78.56,3.011,0,,,0,1,282,23.474,90.879,1.168,139.157,,,,,1
2026-10-07T18:00Z,2026-10-07T19:00Z,228544,1,15.3,16.5,10.5,11.4,12.4,24,16.5,12.4,,,0,0.05,93.678,2.355,0,,12.4,0.075,2,280,22.049,86.031,0.776,74.202,,,,,1
2026-10-07T18:00Z,2026-10-07T21:00Z,228544,3,16.8,18.1,11.1,12.1,12.4,24,18.1,12.4,,,0,0.035,65.478,1.937,0,,12.4,0.075,4,280,21.578,88.222,0.723,67.809,,,,,1
2026-10-07T18:00Z,2026-10-08T00:00Z,228544,6,18.6,19.9,12.3,13.3,12.5,24,19.9,12.5,,,0,0.021,95.22,1.956,0,,12.4,0.075,7,281,22.535,85.002,1.178,11.892,,,,,1
2026-10-07T18:00Z,2026-10-08T06:00Z,228544,12,14.4,15.3,14.3,15.4,13.1,24,15.3,13.1,,,0,0.014,1135.481,2.253,0.011,,12.4,0.075,13,281,29.339,56,1.795,31.33,,,,,1
2026-10-07T18:00Z,2026-10-08T18:00Z,228544,24,18.9,19.8,16.5,17.5,14.2,24,19.8,14.2,,,0,0.041,86.704,2.75,0,,12.4,0.075,1,281,23.058,89.802,0.932,77.574,,,,,1
2026-10-07T18:00Z,2026-10-09T18:00Z,228544,48,11.6,11.9,14.7,15.2,14.1,24,11.9,14.1,,,0,0.001,207.76,4.951,0,,12.4,0.075,1,282,22.339,92.596,2.211,41.393,,,,,1
2026-10-07T18:00Z,2026-10-07T19:00Z,2161292,1,98,98,,,,h,98,,,,0,0.364,27.999,0.871,0,,,0,2,280,20.865,85.201,0.499,276.824,,,,,1
2026-10-07T18:00Z,2026-10-07T21:00Z,2161292,3,80.8,80.8,,,,h,80.8,,,,0,0.858,59.509,3.191,0,,,0,4,280,19.756,89.343,1.236,4.308,,,,,1
2026-10-07T18:00Z,2026-10-08T00:00Z,2161292,6,77.1,77.1,,,,h,77.1,,,,0,0.458,93.536,3.726,0,,,0,7,281,20.884,81.09,1.558,7.363,,,,,1
2026-10-07T18:00Z,2026-10-08T06:00Z,2161292,12,30,30,,,,h,30,,,,0,0.091,1182.402,2.018,0,,,0,13,281,28.857,48.381,1.669,8.651,,,,,1
2026-10-07T18:00Z,2026-10-08T18:00Z,2161292,24,155.5,155.5,,,,h,155.5,,,,0,0.107,35.876,1.918,0,,,0,1,281,22.029,88.445,1.014,333.688,,,,,1
2026-10-07T18:00Z,2026-10-09T18:00Z,2161292,48,137.4,137.4,,,,h,137.4,,,,0,0.001,124.499,3.041,1.383,,,0,1,282,23.062,95.566,1.325,348.828,,,,,1
2026-10-07T18:00Z,2026-10-07T19:00Z,2161306,1,98,98,,,,h,98,,,,0,0.329,27.4,0.776,0,,,0,2,280,20.62,85.487,0.476,283.194,,,,,1
2026-10-07T18:00Z,2026-10-07T21:00Z,2161306,3,80.8,80.8,,,,h,80.8,,,,0,0.818,55.52,3.003,0,,,0,4,280,19.557,89.56,1.127,4.411,,,,,1
2026-10-07T18:00Z,2026-10-08T00:00Z,2161306,6,77.1,77.1,,,,h,77.1,,,,0,0.435,87.85,3.442,0,,,0,7,281,20.706,82.084,1.388,7.385,,,,,1
2026-10-07T18:00Z,2026-10-08T06:00Z,2161306,12,30,30,,,,h,30,,,,0,0.088,1170.15,1.995,0,,,0,13,281,28.66,48.172,1.629,13.453,,,,,1
2026-10-07T18:00Z,2026-10-08T18:00Z,2161306,24,155.5,155.5,,,,h,155.5,,,,0,0.104,34.43,1.837,0,,,0,1,281,21.779,88.267,0.93,334.993,,,,,1
2026-10-07T18:00Z,2026-10-09T18:00Z,2161306,48,137.4,137.4,,,,h,137.4,,,,0,0.001,114.23,2.781,1.427,,,0,1,282,22.925,95.367,1.223,349.476,,,,,1
2026-10-07T18:00Z,2026-10-07T19:00Z,7880,1,14.4,14.4,,,,h,14.4,,,,0,0,58.761,0.623,0.723,,,0,2,280,21.429,98.764,0.289,190.5,,,,,1
2026-10-07T18:00Z,2026-10-07T21:00Z,7880,3,7.5,7.5,,,,h,7.5,,,,0,0,79.627,0.873,1.201,,,0,4,280,20.956,99.081,0.637,356.144,,,,,1
2026-10-07T18:00Z,2026-10-08T00:00Z,7880,6,7.1,7.1,,,,h,7.1,,,,0,0,76.82,1.706,0.008,,,0,7,281,20.896,98.799,0.712,142.577,,,,,1
2026-10-07T18:00Z,2026-10-08T06:00Z,7880,12,19.5,19.5,,,,h,19.5,,,,0,0,1028.982,1.766,0.052,,,0,13,281,28.685,63.94,1.308,277.03,,,,,1
2026-10-07T18:00Z,2026-10-08T18:00Z,7880,24,34.6,34.6,,,,h,34.6,,,,0,0,24.013,1.126,0,,,0,1,281,21.355,98.592,0.632,185.59,,,,,1
2026-10-07T18:00Z,2026-10-09T18:00Z,7880,48,19.2,19.2,,,,h,19.2,,,,0,0,28.719,0.114,0.04,,,0,1,282,21.678,97.14,0.516,37.153,,,,,1
2026-10-07T18:00Z,2026-10-07T19:00Z,1235990,1,44.8,44.8,,,,h,44.8,,,,0.003,0.079,77.889,2.171,0,,,0,2,280,24.557,96.919,0.79,317.927,,,,,0
2026-10-07T18:00Z,2026-10-07T21:00Z,1235990,3,34.7,34.7,,,,h,34.7,,,,0.002,0.245,129.374,3.291,0,,,0,4,280,24.332,95.165,1.443,329.348,,,,,0
2026-10-07T18:00Z,2026-10-08T00:00Z,1235990,6,26.7,26.7,,,,h,26.7,,,,-0.001,0.406,167.681,3.785,0.006,,,0,7,281,24.866,94.032,1.98,353.628,,,,,0
2026-10-07T18:00Z,2026-10-08T06:00Z,1235990,12,19.3,19.3,,,,h,19.3,,,,0.004,0.126,1270.176,1.407,0.052,,,0,13,281,31.781,61.79,1.075,27.015,,,,,0
2026-10-07T18:00Z,2026-10-08T18:00Z,1235990,24,21.9,21.9,,,,h,21.9,,,,0.001,0.025,61.88,1.629,0,,,0,1,281,25.678,95.298,0.544,293.032,,,,,0
2026-10-07T18:00Z,2026-10-09T18:00Z,1235990,48,41.3,41.3,,,,h,41.3,,,,0,0.011,84.751,1.138,0.744,,,0,1,282,25.579,93.397,0.224,104.806,,,,,0
2026-10-07T18:00Z,2026-10-07T19:00Z,1235996,1,4.8,9,,,,h,9,,,,0,0.003,39.59,0.811,0,7.4,,0.572,2,280,20.618,96.336,0.346,139.523,,,,,0
2026-10-07T18:00Z,2026-10-07T21:00Z,1235996,3,4.2,7.8,,,,h,7.8,,,,0,0.003,48.506,0.215,0,7.4,,0.572,4,280,20.051,96.442,0.233,8.153,,,,,0
2026-10-07T18:00Z,2026-10-08T00:00Z,1235996,6,3.9,7,,,,h,7,,,,0,0.004,73.158,0.446,0,7.4,,0.572,7,281,20.334,96.613,0.35,81.061,,,,,0
2026-10-07T18:00Z,2026-10-08T06:00Z,1235996,12,2.7,4.7,,,,h,4.7,,,,0,0.005,1138.039,0.758,0.111,7.4,,0.572,13,281,28.805,59.998,0.542,320.316,,,,,0
2026-10-07T18:00Z,2026-10-08T18:00Z,1235996,24,5.1,7.6,,,,h,7.6,,,,0,0.009,24.961,0.298,0,7.4,,0.572,1,281,20.616,95.182,0.343,24.445,,,,,0
2026-10-07T18:00Z,2026-10-09T18:00Z,1235996,48,5.7,7.2,,,,h,7.2,,,,0,0.008,24.968,0.786,0,7.4,,0.572,1,282,20.812,95.527,0.408,25.201,,,,,0
2026-10-07T18:00Z,2026-10-07T19:00Z,1235999,1,31.1,31.1,,,,h,31.1,,,,0,0.004,69.062,0.419,0.113,,,0,2,280,21.985,96.779,0.312,44.931,,,,,0
2026-10-07T18:00Z,2026-10-07T21:00Z,1235999,3,23.4,23.4,,,,h,23.4,,,,0,0.003,30.292,0.672,0,,,0,4,280,21.632,98.026,0.299,49.253,,,,,0
2026-10-07T18:00Z,2026-10-08T00:00Z,1235999,6,19.8,19.8,,,,h,19.8,,,,0,0.003,37.739,0.628,0,,,0,7,281,21.806,95.366,0.472,319.871,,,,,0
2026-10-07T18:00Z,2026-10-08T06:00Z,1235999,12,8.7,8.7,,,,h,8.7,,,,0,0.006,842.552,1.027,0.078,,,0,13,281,29.711,62.931,0.828,131.525,,,,,0
2026-10-07T18:00Z,2026-10-08T18:00Z,1235999,24,40.3,40.3,,,,h,40.3,,,,0,0.007,52.935,0.12,0,,,0,1,281,23.699,92.268,0.082,3.797,,,,,0
2026-10-07T18:00Z,2026-10-09T18:00Z,1235999,48,31.7,31.7,,,,h,31.7,,,,0,0.007,41.769,0.83,0,,,0,1,282,23.784,91.279,0.408,339.143,,,,,0
2026-10-07T18:00Z,2026-10-07T19:00Z,1236013,1,12.3,79.4,,,,h,79.4,,,,0,0.001,20,0.584,0,64.4,,1.876,2,280,22.923,99.276,0.107,317.294,,,,,0
2026-10-07T18:00Z,2026-10-07T21:00Z,1236013,3,11.4,68.7,,,,h,68.7,,,,0,0.001,52.485,0.448,0,64.4,,1.876,4,280,22.999,97.881,0.271,356.072,,,,,0
2026-10-07T18:00Z,2026-10-08T00:00Z,1236013,6,9.7,53.1,,,,h,53.1,,,,0,0.001,85.062,1.129,0,64.4,,1.876,7,281,22.999,96.992,0.758,14.755,,,,,0
2026-10-07T18:00Z,2026-10-08T06:00Z,1236013,12,7.8,35.8,,,,h,35.8,,,,0,0.003,1065.557,0.475,0.036,64.4,,1.876,13,281,30.154,65.986,0.287,14.096,,,,,0
2026-10-07T18:00Z,2026-10-08T18:00Z,1236013,24,15,47.8,,,,h,47.8,,,,0,0.003,44.271,1.077,0,64.4,,1.876,1,281,23.942,98.529,0.724,16.911,,,,,0
2026-10-07T18:00Z,2026-10-09T18:00Z,1236013,48,9.1,18.9,,,,h,18.9,,,,0,0.006,46.136,1.692,0,64.4,,1.876,1,282,24.227,93.394,0.637,20.155,,,,,0
2026-10-07T18:00Z,2026-10-07T19:00Z,1236024,1,31.1,10.9,,,,h,10.9,,,,0,0.004,56.101,0.079,0.163,10,,-1.036,2,280,21.598,97.683,0.072,39.627,,,,,0
2026-10-07T18:00Z,2026-10-07T21:00Z,1236024,3,23.4,8.4,,,,h,8.4,,,,0,0.004,29.134,0.398,0,10,,-1.036,4,280,21.256,98.587,0.165,55.533,,,,,0
2026-10-07T18:00Z,2026-10-08T00:00Z,1236024,6,19.8,7.5,,,,h,7.5,,,,0,0.004,56.007,0.886,0,10,,-1.036,7,281,21.275,95.933,0.628,312.604,,,,,0
2026-10-07T18:00Z,2026-10-08T06:00Z,1236024,12,8.7,3.4,,,,h,3.4,,,,0,0.007,945.899,0.782,0.101,10,,-1.036,13,281,29.752,61.25,0.632,123.401,,,,,0
2026-10-07T18:00Z,2026-10-08T18:00Z,1236024,24,40.3,21.3,,,,h,21.3,,,,0,0.008,37.734,0.498,0,10,,-1.036,1,281,23.286,94.49,0.117,7.82,,,,,0
2026-10-07T18:00Z,2026-10-09T18:00Z,1236024,48,31.7,21.5,,,,h,21.5,,,,0,0.007,37.736,0.869,0,10,,-1.036,1,282,23.559,91.226,0.312,326.755,,,,,0
2026-10-07T18:00Z,2026-10-07T19:00Z,1236034,1,44.8,44.8,,,,h,44.8,,,,0.002,0.074,83.284,2.347,0,,,0,2,280,24.561,96.879,0.852,319.963,,,,,0
2026-10-07T18:00Z,2026-10-07T21:00Z,1236034,3,34.7,34.7,,,,h,34.7,,,,0.002,0.232,136.092,3.423,0,,,0,4,280,24.371,95.06,1.523,332.473,,,,,0
2026-10-07T18:00Z,2026-10-08T00:00Z,1236034,6,26.7,26.7,,,,h,26.7,,,,-0.001,0.345,175.816,3.971,0.009,,,0,7,281,24.881,93.917,2.069,355.296,,,,,0
2026-10-07T18:00Z,2026-10-08T06:00Z,1236034,12,19.3,19.3,,,,h,19.3,,,,0.003,0.127,1258.533,1.579,0.059,,,0,13,281,31.744,61.866,1.214,29.487,,,,,0
2026-10-07T18:00Z,2026-10-08T18:00Z,1236034,24,21.9,21.9,,,,h,21.9,,,,0.001,0.025,66.54,1.868,0,,,0,1,281,25.617,95.203,0.659,295.519,,,,,0
2026-10-07T18:00Z,2026-10-09T18:00Z,1236034,48,41.3,41.3,,,,h,41.3,,,,0,0.01,85.792,0.895,0.85,,,0,1,282,25.526,93.546,0.141,94.365,,,,,0
2026-10-07T18:00Z,2026-10-07T19:00Z,1236050,1,31.1,31.1,,,,h,31.1,,,,0,0.004,48.736,0.291,0.185,,,0,2,280,20.792,98.327,0.174,273.383,,,,,0
2026-10-07T18:00Z,2026-10-07T21:00Z,1236050,3,23.4,23.4,,,,h,23.4,,,,0,0.004,27.636,0.212,0,,,0,4,280,20.43,98.802,0.213,45.759,,,,,0
2026-10-07T18:00Z,2026-10-08T00:00Z,1236050,6,19.8,19.8,,,,h,19.8,,,,0,0.004,53.815,1.055,0,,,0,7,281,20.482,96.477,0.777,313.315,,,,,0
2026-10-07T18:00Z,2026-10-08T06:00Z,1236050,12,8.7,8.7,,,,h,8.7,,,,0,0.006,994.343,0.963,0.129,,,0,13,281,29.158,60.749,0.768,105.498,,,,,0
2026-10-07T18:00Z,2026-10-08T18:00Z,1236050,24,40.3,40.3,,,,h,40.3,,,,0,0.008,29.223,0.376,0,,,0,1,281,22.506,94.672,0.164,0.968,,,,,0
2026-10-07T18:00Z,2026-10-09T18:00Z,1236050,48,31.7,31.7,,,,h,31.7,,,,0,0.007,31.879,0.678,0,,,0,1,282,22.773,91.542,0.294,322.192,,,,,0
2026-10-07T18:00Z,2026-10-07T19:00Z,1641558,1,31.1,8.8,,,,h,8.8,,,,0,0.004,48.11,0.299,0.187,7.9,,-1.233,2,280,20.761,98.368,0.169,270.289,,,,,0
2026-10-07T18:00Z,2026-10-07T21:00Z,1641558,3,23.4,6.8,,,,h,6.8,,,,0,0.004,27.513,0.198,0,7.9,,-1.233,4,280,20.397,98.823,0.206,46.847,,,,,0
2026-10-07T18:00Z,2026-10-08T00:00Z,1641558,6,19.8,6.2,,,,h,6.2,,,,0,0.004,54.338,1.068,0,7.9,,-1.233,7,281,20.445,96.502,0.785,313.137,,,,,0
2026-10-07T18:00Z,2026-10-08T06:00Z,1641558,12,8.7,2.8,,,,h,2.8,,,,0,0.006,998.724,0.96,0.13,7.9,,-1.233,13,281,29.145,60.67,0.767,104.406,,,,,0
2026-10-07T18:00Z,2026-10-08T18:00Z,1641558,24,40.3,18.9,,,,h,18.9,,,,0,0.008,28.539,0.382,0,7.9,,-1.233,1,281,22.477,94.733,0.162,1.19,,,,,0
2026-10-07T18:00Z,2026-10-09T18:00Z,1641558,48,31.7,20,,,,h,20,,,,0,0.007,31.605,0.672,0,7.9,,-1.233,1,282,22.75,91.524,0.285,321.858,,,,,0
2026-10-07T18:00Z,2026-10-07T19:00Z,1646752,1,31.1,13.9,,,,h,13.9,,,,0,0.004,57.554,0.138,0.158,11.7,,-0.8,2,280,21.745,97.552,0.109,63.123,,,,,0
2026-10-07T18:00Z,2026-10-07T21:00Z,1646752,3,23.4,10.7,,,,h,10.7,,,,0,0.004,29.345,0.435,0,11.7,,-0.8,4,280,21.405,98.538,0.154,57.007,,,,,0
2026-10-07T18:00Z,2026-10-08T00:00Z,1646752,6,19.8,9.4,,,,h,9.4,,,,0,0.004,56.051,0.851,0,11.7,,-0.8,7,281,21.421,95.822,0.601,312.46,,,,,0
2026-10-07T18:00Z,2026-10-08T06:00Z,1646752,12,8.7,4.3,,,,h,4.3,,,,0,0.007,935.585,0.759,0.095,11.7,,-0.8,13,281,29.855,61.348,0.616,126.959,,,,,0
2026-10-07T18:00Z,2026-10-08T18:00Z,1646752,24,40.3,24.7,,,,h,24.7,,,,0,0.008,39.482,0.508,0,11.7,,-0.8,1,281,23.433,94.4,0.103,8.925,,,,,0
2026-10-07T18:00Z,2026-10-09T18:00Z,1646752,48,31.7,23.5,,,,h,23.5,,,,0,0.007,38.813,0.898,0,11.7,,-0.8,1,282,23.704,91.141,0.309,327.858,,,,,0
2026-10-07T18:00Z,2026-10-07T19:00Z,2124016,1,4.8,4.8,,,,h,4.8,,,,0,0.003,40.042,0.746,0,,,0,2,280,20.606,95.951,0.319,137.953,,,,,0
2026-10-07T18:00Z,2026-10-07T21:00Z,2124016,3,4.2,4.2,,,,h,4.2,,,,0,0.004,49.168,0.239,0,,,0,4,280,20.015,96.109,0.254,358.809,,,,,0
2026-10-07T18:00Z,2026-10-08T00:00Z,2124016,6,3.9,3.9,,,,h,3.9,,,,0,0.004,72.367,0.443,0,,,0,7,281,20.301,96.46,0.374,75.752,,,,,0
2026-10-07T18:00Z,2026-10-08T06:00Z,2124016,12,2.7,2.7,,,,h,2.7,,,,0,0.005,1155.188,0.724,0.109,,,0,13,281,28.784,60.057,0.518,318.46,,,,,0
2026-10-07T18:00Z,2026-10-08T18:00Z,2124016,24,5.1,5.1,,,,h,5.1,,,,0,0.009,26.134,0.363,0,,,0,1,281,20.585,94.993,0.388,15.972,,,,,0
2026-10-07T18:00Z,2026-10-09T18:00Z,2124016,48,5.7,5.7,,,,h,5.7,,,,0,0.008,25.997,0.92,0,,,0,1,282,20.719,95.567,0.473,24.166,,,,,0
2026-10-07T18:00Z,2026-10-07T19:00Z,2136949,1,4.8,9.5,,,,h,9.5,,,,0,0.003,40.804,0.889,0,7.7,,0.614,2,280,20.674,96.941,0.37,142.566,,,,,0
2026-10-07T18:00Z,2026-10-07T21:00Z,2136949,3,4.2,8.1,,,,h,8.1,,,,0,0.003,49.845,0.208,0,7.7,,0.614,4,280,20.14,96.896,0.219,10.5,,,,,0
2026-10-07T18:00Z,2026-10-08T00:00Z,2136949,6,3.9,7.3,,,,h,7.3,,,,0,0.004,79.408,0.403,0,7.7,,0.614,7,281,20.4,96.874,0.285,83.014,,,,,0
2026-10-07T18:00Z,2026-10-08T06:00Z,2136949,12,2.7,4.9,,,,h,4.9,,,,0,0.005,1122.788,0.867,0.11,7.7,,0.614,13,281,28.832,59.902,0.631,318.479,,,,,0
2026-10-07T18:00Z,2026-10-08T18:00Z,2136949,24,5.1,7.8,,,,h,7.8,,,,0,0.008,22.657,0.237,0,7.7,,0.614,1,281,20.676,95.61,0.28,20.87,,,,,0
2026-10-07T18:00Z,2026-10-09T18:00Z,2136949,48,5.7,7.4,,,,h,7.4,,,,0,0.008,23.093,0.642,0,7.7,,0.614,1,282,20.907,95.806,0.334,19.041,,,,,0
2026-10-07T18:00Z,2026-10-07T19:00Z,2142493,1,4.8,2,,,,h,2,,,,0,0.003,40.658,0.742,0,2.3,,-0.702,2,280,20.614,95.961,0.316,138.321,,,,,0
2026-10-07T18:00Z,2026-10-07T21:00Z,2142493,3,4.2,1.7,,,,h,1.7,,,,0,0.004,49.903,0.247,0,2.3,,-0.702,4,280,20.022,96.098,0.259,355.923,,,,,0
2026-10-07T18:00Z,2026-10-08T00:00Z,2142493,6,3.9,1.7,,,,h,1.7,,,,0,0.004,73.976,0.43,0,2.3,,-0.702,7,281,20.303,96.468,0.368,73.702,,,,,0
2026-10-07T18:00Z,2026-10-08T06:00Z,2142493,12,2.7,1.2,,,,h,1.2,,,,0,0.005,1158.684,0.744,0.108,2.3,,-0.702,13,281,28.781,60.051,0.536,316.94,,,,,0
2026-10-07T18:00Z,2026-10-08T18:00Z,2142493,24,5.1,3,,,,h,3,,,,0,0.009,25.971,0.376,0,2.3,,-0.702,1,281,20.584,95.053,0.391,12.185,,,,,0
2026-10-07T18:00Z,2026-10-09T18:00Z,2142493,48,5.7,4.2,,,,h,4.2,,,,0,0.008,25.871,0.937,0,2.3,,-0.702,1,282,20.7,95.681,0.48,22.527,,,,,0
2026-10-07T18:00Z,2026-10-07T19:00Z,2142801,1,4.8,4.8,,,,h,4.8,,,,0,0.003,39.018,0.741,0,,,0,2,280,20.588,95.848,0.319,136.9,,,,,0
2026-10-07T18:00Z,2026-10-07T21:00Z,2142801,3,4.2,4.2,,,,h,4.2,,,,0,0.004,47.968,0.229,0,,,0,4,280,19.994,96.058,0.249,2.682,,,,,0
2026-10-07T18:00Z,2026-10-08T00:00Z,2142801,6,3.9,3.9,,,,h,3.9,,,,0,0.004,69.249,0.468,0,,,0,7,281,20.29,96.412,0.394,78.115,,,,,0
2026-10-07T18:00Z,2026-10-08T06:00Z,2142801,12,2.7,2.7,,,,h,2.7,,,,0,0.005,1152.585,0.683,0.11,,,0,13,281,28.785,60.081,0.48,321.034,,,,,0
2026-10-07T18:00Z,2026-10-08T18:00Z,2142801,24,5.1,5.1,,,,h,5.1,,,,0,0.009,26.69,0.356,0,,,0,1,281,20.58,94.846,0.394,21.868,,,,,0
2026-10-07T18:00Z,2026-10-09T18:00Z,2142801,48,5.7,5.7,,,,h,5.7,,,,0,0.008,26.451,0.92,0,,,0,1,282,20.731,95.368,0.475,27.059,,,,,0
2026-10-07T18:00Z,2026-10-07T19:00Z,2147304,1,4.8,12.1,,,,h,12.1,,,,0,0.003,43.072,1.001,0,9.4,,0.847,2,280,20.766,97.82,0.401,146.402,,,,,0
2026-10-07T18:00Z,2026-10-07T21:00Z,2147304,3,4.2,10.3,,,,h,10.3,,,,0,0.003,52.42,0.205,0,9.4,,0.847,4,280,20.278,97.535,0.208,10.025,,,,,0
2026-10-07T18:00Z,2026-10-08T00:00Z,2147304,6,3.9,9.2,,,,h,9.2,,,,0,0.003,89.807,0.326,0,9.4,,0.847,7,281,20.5,97.259,0.187,84.589,,,,,0
2026-10-07T18:00Z,2026-10-08T06:00Z,2147304,12,2.7,6.1,,,,h,6.1,,,,0,0.004,1103.676,1.041,0.107,9.4,,0.847,13,281,28.872,59.762,0.775,315.623,,,,,0
2026-10-07T18:00Z,2026-10-08T18:00Z,2147304,24,5.1,9.1,,,,h,9.1,,,,0,0.008,19.187,0.169,0,9.4,,0.847,1,281,20.766,96.264,0.19,2.502,,,,,0
2026-10-07T18:00Z,2026-10-09T18:00Z,2147304,48,5.7,8.1,,,,h,8.1,,,,0,0.008,20.307,0.482,0,9.4,,0.847,1,282,21.032,96.299,0.237,1.366,,,,,0
2026-10-07T18:00Z,2026-10-07T19:00Z,2151718,1,4.8,4.8,,,,h,4.8,,,,0,0.003,39.556,0.811,0,,,0,2,280,20.618,96.333,0.346,139.494,,,,,0
2026-10-07T18:00Z,2026-10-07T21:00Z,2151718,3,4.2,4.2,,,,h,4.2,,,,0,0.003,48.466,0.215,0,,,0,4,280,20.051,96.441,0.233,8.309,,,,,0
2026-10-07T18:00Z,2026-10-08T00:00Z,2151718,6,3.9,3.9,,,,h,3.9,,,,0,0.004,73.058,0.447,0,,,0,7,281,20.333,96.612,0.35,81.138,,,,,0
2026-10-07T18:00Z,2026-10-08T06:00Z,2151718,12,2.7,2.7,,,,h,2.7,,,,0,0.005,1137.925,0.757,0.111,,,0,13,281,28.805,59.999,0.541,320.398,,,,,0
2026-10-07T18:00Z,2026-10-08T18:00Z,2151718,24,5.1,5.1,,,,h,5.1,,,,0,0.009,24.977,0.298,0,,,0,1,281,20.616,95.177,0.343,24.687,,,,,0
2026-10-07T18:00Z,2026-10-09T18:00Z,2151718,48,5.7,5.7,,,,h,5.7,,,,0,0.008,24.981,0.786,0,,,0,1,282,20.813,95.521,0.408,25.311,,,,,0
2026-10-07T18:00Z,2026-10-07T19:00Z,2158149,1,4.8,4.8,,,,h,4.8,,,,0,0.003,40.02,0.883,0,,,0,2,280,20.665,96.866,0.367,141.967,,,,,0
2026-10-07T18:00Z,2026-10-07T21:00Z,2158149,3,4.2,4.2,,,,h,4.2,,,,0,0.003,48.951,0.205,0,,,0,4,280,20.129,96.856,0.216,13.522,,,,,0
2026-10-07T18:00Z,2026-10-08T00:00Z,2158149,6,3.9,3.9,,,,h,3.9,,,,0,0.004,77.081,0.422,0,,,0,7,281,20.395,96.841,0.3,84.515,,,,,0
2026-10-07T18:00Z,2026-10-08T06:00Z,2158149,12,2.7,2.7,,,,h,2.7,,,,0,0.005,1120.549,0.835,0.111,,,0,13,281,28.835,59.923,0.603,320.086,,,,,0
2026-10-07T18:00Z,2026-10-08T18:00Z,2158149,24,5.1,5.1,,,,h,5.1,,,,0,0.008,23.054,0.234,0,,,0,1,281,20.678,95.486,0.286,26.795,,,,,0
2026-10-07T18:00Z,2026-10-09T18:00Z,2158149,48,5.7,5.7,,,,h,5.7,,,,0,0.008,23.45,0.639,0,,,0,1,282,20.921,95.649,0.336,21.878,,,,,0
2026-10-07T18:00Z,2026-10-07T19:00Z,2165656,1,4.8,4.8,,,,h,4.8,,,,0,0.003,41.373,0.867,0,,,0,2,280,20.663,96.809,0.365,142.266,,,,,0
2026-10-07T18:00Z,2026-10-07T21:00Z,2165656,3,4.2,4.2,,,,h,4.2,,,,0,0.003,50.503,0.216,0,,,0,4,280,20.12,96.775,0.228,6.048,,,,,0
2026-10-07T18:00Z,2026-10-08T00:00Z,2165656,6,3.9,3.9,,,,h,3.9,,,,0,0.004,80.066,0.395,0,,,0,7,281,20.379,96.816,0.292,80.119,,,,,0
2026-10-07T18:00Z,2026-10-08T06:00Z,2165656,12,2.7,2.7,,,,h,2.7,,,,0,0.005,1131.631,0.868,0.109,,,0,13,281,28.817,59.91,0.636,317.058,,,,,0
2026-10-07T18:00Z,2026-10-08T18:00Z,2165656,24,5.1,5.1,,,,h,5.1,,,,0,0.009,23.023,0.266,0,,,0,1,281,20.648,95.613,0.298,15.834,,,,,0
2026-10-07T18:00Z,2026-10-09T18:00Z,2165656,48,5.7,5.7,,,,h,5.7,,,,0,0.008,23.337,0.701,0,,,0,1,282,20.851,95.907,0.36,18.365,,,,,0
2026-10-07T18:00Z,2026-10-07T19:00Z,2181641,1,37,34.9,,,,h,34.9,,,,0.002,0.039,79.591,2.252,0,34.7,,-0.059,2,280,24.495,96.5,0.784,325.435,,,,,0
2026-10-07T18:00Z,2026-10-07T21:00Z,2181641,3,34.7,32.8,,,,h,32.8,,,,0.002,0.14,125.967,3.318,0,34.7,,-0.059,4,280,24.313,94.845,1.407,332.895,,,,,0
2026-10-07T18:00Z,2026-10-08T00:00Z,2181641,6,28.9,27.4,,,,h,27.4,,,,0,0.333,170.953,3.96,0.011,34.7,,-0.059,7,281,24.858,93.965,2.056,353.743,,,,,0
2026-10-07T18:00Z,2026-10-08T06:00Z,2181641,12,29.7,28.4,,,,h,28.4,,,,0.003,0.15,1249.01,1.408,0.057,34.7,,-0.059,13,281,31.604,63.04,1.092,22.007,,,,,0
2026-10-07T18:00Z,2026-10-08T18:00Z,2181641,24,31.1,30,,,,h,30,,,,0.001,0.029,62.294,1.609,0,34.7,,-0.059,1,281,25.662,94.725,0.508,305.834,,,,,0
2026-10-07T18:00Z,2026-10-09T18:00Z,2181641,48,30.6,29.9,,,,h,29.9,,,,0,0.01,104.391,1.338,0.694,34.7,,-0.059,1,282,25.575,92.961,0.213,87.388,,,,,0
2026-10-07T18:00Z,2026-10-07T19:00Z,2297552,1,4.8,4.8,,,,h,4.8,,,,0,0.003,48.994,1.038,0,,,0,2,280,20.726,98.11,0.459,148.53,,,,,0
2026-10-07T18:00Z,2026-10-07T21:00Z,2297552,3,4.2,4.2,,,,h,4.2,,,,0,0.003,58.749,0.227,0,,,0,4,280,20.241,97.654,0.229,357.174,,,,,0
2026-10-07T18:00Z,2026-10-08T00:00Z,2297552,6,3.9,3.9,,,,h,3.9,,,,0,0.004,105.043,0.23,0,,,0,7,281,20.429,97.331,0.147,65.899,,,,,0
2026-10-07T18:00Z,2026-10-08T06:00Z,2297552,12,2.7,2.7,,,,h,2.7,,,,0,0.004,1133.788,1.273,0.102,,,0,13,281,28.792,59.576,0.989,307.921,,,,,0
2026-10-07T18:00Z,2026-10-08T18:00Z,2297552,24,5.1,5.1,,,,h,5.1,,,,0,0.008,17.506,0.271,0,,,0,1,281,20.609,97.276,0.197,342.812,,,,,0
2026-10-07T18:00Z,2026-10-09T18:00Z,2297552,48,5.7,5.7,,,,h,5.7,,,,0,0.008,18.075,0.63,0,,,0,1,282,20.789,97.535,0.264,350.403,,,,,0
2026-10-07T18:00Z,2026-10-07T19:00Z,2327978,1,4.8,6.1,,,,h,6.1,,,,0,0.003,42.826,0.901,0,5.9,,0.208,2,280,20.686,97.09,0.379,143.842,,,,,0
2026-10-07T18:00Z,2026-10-07T21:00Z,2327978,3,4.2,5.3,,,,h,5.3,,,,0,0.003,52.118,0.22,0,5.9,,0.208,4,280,20.156,96.964,0.228,3.581,,,,,0
2026-10-07T18:00Z,2026-10-08T00:00Z,2327978,6,3.9,4.9,,,,h,4.9,,,,0,0.004,85.086,0.359,0,5.9,,0.208,7,281,20.4,96.934,0.257,78.299,,,,,0
2026-10-07T18:00Z,2026-10-08T06:00Z,2327978,12,2.7,3.3,,,,h,3.3,,,,0,0.005,1130.549,0.947,0.107,5.9,,0.208,13,281,28.819,59.849,0.704,314.764,,,,,0
2026-10-07T18:00Z,2026-10-08T18:00Z,2327978,24,5.1,5.9,,,,h,5.9,,,,0,0.008,21.824,0.259,0,5.9,,0.208,1,281,20.656,95.924,0.274,8.025,,,,,0
2026-10-07T18:00Z,2026-10-09T18:00Z,2327978,48,5.7,6.2,,,,h,6.2,,,,0,0.008,22.276,0.669,0,5.9,,0.208,1,282,20.854,96.212,0.337,12.776,,,,,0
2026-10-07T18:00Z,2026-10-07T19:00Z,2340282,1,4.8,7.9,,,,h,7.9,,,,0,0.003,40.731,0.943,0,8.6,,0.445,2,280,20.72,97.34,0.38,144.073,,,,,0
2026-10-07T18:00Z,2026-10-07T21:00Z,2340282,3,4.2,6.8,,,,h,6.8,,,,0,0.003,49.79,0.201,0,8.6,,0.445,4,280,20.21,97.211,0.206,14.966,,,,,0
2026-10-07T18:00Z,2026-10-08T00:00Z,2340282,6,3.9,6.2,,,,h,6.2,,,,0,0.003,81.51,0.389,0,8.6,,0.445,7,281,20.458,97.053,0.249,86.582,,,,,0
2026-10-07T18:00Z,2026-10-08T06:00Z,2340282,12,2.7,4.2,,,,h,4.2,,,,0,0.004,1106.671,0.913,0.109,8.6,,0.445,13,281,28.865,59.86,0.665,319.216,,,,,0
2026-10-07T18:00Z,2026-10-08T18:00Z,2340282,24,5.1,6.9,,,,h,6.9,,,,0,0.008,21.241,0.183,0,8.6,,0.445,1,281,20.743,95.764,0.234,22.892,,,,,0
2026-10-07T18:00Z,2026-10-09T18:00Z,2340282,48,5.7,6.9,,,,h,6.9,,,,0,0.008,22.071,0.525,0,8.6,,0.445,1,282,21.015,95.81,0.278,15.163,,,,,0
2026-10-07T18:00Z,2026-10-07T19:00Z,2375197,1,4.8,3.8,,,,h,3.8,,,,0,0.003,37.973,0.794,0,2.9,,-0.197,2,280,20.583,96.112,0.344,137.676,,,,,0
2026-10-07T18:00Z,2026-10-07T21:00Z,2375197,3,4.2,3.3,,,,h,3.3,,,,0,0.003,46.609,0.206,0,2.9,,-0.197,4,280,20.007,96.312,0.231,14.909,,,,,0
2026-10-07T18:00Z,2026-10-08T00:00Z,2375197,6,3.9,3.1,,,,h,3.1,,,,0,0.004,67.887,0.491,0,2.9,,-0.197,7,281,20.307,96.509,0.391,83.762,,,,,0
2026-10-07T18:00Z,2026-10-08T06:00Z,2375197,12,2.7,2.2,,,,h,2.2,,,,0,0.005,1136.352,0.687,0.114,2.9,,-0.197,13,281,28.801,60.042,0.479,324.429,,,,,0
2026-10-07T18:00Z,2026-10-08T18:00Z,2375197,24,5.1,4.4,,,,h,4.4,,,,0,0.009,26.06,0.306,0,2.9,,-0.197,1,281,20.598,94.922,0.363,35.294,,,,,0
2026-10-07T18:00Z,2026-10-09T18:00Z,2375197,48,5.7,5.2,,,,h,5.2,,,,0,0.008,25.846,0.808,0,2.9,,-0.197,1,282,20.816,95.21,0.422,30.663,,,,,0
2026-10-07T18:00Z,2026-10-07T19:00Z,2384279,1,4.8,10.9,,,,h,10.9,,,,0,0.003,36.041,0.809,0,7.8,,0.748,2,280,20.541,96.039,0.361,136.288,,,,,0
2026-10-07T18:00Z,2026-10-07T21:00Z,2384279,3,4.2,9.3,,,,h,9.3,,,,0,0.003,44.225,0.196,0,7.8,,0.748,4,280,19.965,96.323,0.225,30.017,,,,,0
2026-10-07T18:00Z,2026-10-08T00:00Z,2384279,6,3.9,8.4,,,,h,8.4,,,,0,0.004,62.461,0.548,0,7.8,,0.748,7,281,20.283,96.456,0.436,88.314,,,,,0
2026-10-07T18:00Z,2026-10-08T06:00Z,2384279,12,2.7,5.5,,,,h,5.5,,,,0,0.005,1127.44,0.633,0.118,7.8,,0.748,13,281,28.801,60.055,0.427,330.579,,,,,0
2026-10-07T18:00Z,2026-10-08T18:00Z,2384279,24,5.1,8.5,,,,h,8.5,,,,0,0.009,26.778,0.315,0,7.8,,0.748,1,281,20.577,94.754,0.373,53.51,,,,,0
2026-10-07T18:00Z,2026-10-09T18:00Z,2384279,48,5.7,7.8,,,,h,7.8,,,,0,0.008,26.304,0.784,0,7.8,,0.748,1,282,20.85,94.862,0.411,38.111,,,,,0
2026-10-07T18:00Z,2026-10-07T19:00Z,2384280,1,4.8,10.2,,,,h,10.2,,,,0,0.003,39.228,0.796,0,8.5,,0.69,2,280,20.607,96.217,0.341,138.803,,,,,0
2026-10-07T18:00Z,2026-10-07T21:00Z,2384280,3,4.2,8.8,,,,h,8.8,,,,0,0.003,48.101,0.216,0,8.5,,0.69,4,280,20.034,96.356,0.235,8.279,,,,,0
2026-10-07T18:00Z,2026-10-08T00:00Z,2384280,6,3.9,7.9,,,,h,7.9,,,,0,0.004,71.627,0.457,0,8.5,,0.69,7,281,20.321,96.562,0.364,81.039,,,,,0
2026-10-07T18:00Z,2026-10-08T06:00Z,2384280,12,2.7,5.3,,,,h,5.3,,,,0,0.005,1140.242,0.734,0.111,8.5,,0.69,13,281,28.801,60.019,0.521,321.062,,,,,0
2026-10-07T18:00Z,2026-10-08T18:00Z,2384280,24,5.1,8.2,,,,h,8.2,,,,0,0.009,25.436,0.308,0,8.5,,0.69,1,281,20.606,95.083,0.354,25.763,,,,,0
2026-10-07T18:00Z,2026-10-09T18:00Z,2384280,48,5.7,7.6,,,,h,7.6,,,,0,0.008,25.362,0.812,0,8.5,,0.69,1,282,20.799,95.449,0.422,26.469,,,,,0
2026-10-07T18:00Z,2026-10-07T19:00Z,2393909,1,4.8,6.1,,,,h,6.1,,,,0,0.003,39.656,0.862,0,4.8,,0.207,2,280,20.647,96.696,0.362,141.118,,,,,0
2026-10-07T18:00Z,2026-10-07T21:00Z,2393909,3,4.2,5.3,,,,h,5.3,,,,0,0.003,48.536,0.206,0,4.8,,0.207,4,280,20.101,96.731,0.22,13.302,,,,,0
2026-10-07T18:00Z,2026-10-08T00:00Z,2393909,6,3.9,4.9,,,,h,4.9,,,,0,0.004,75.251,0.435,0,4.8,,0.207,7,281,20.375,96.766,0.319,84.066,,,,,0
2026-10-07T18:00Z,2026-10-08T06:00Z,2393909,12,2.7,3.3,,,,h,3.3,,,,0,0.005,1124.74,0.804,0.111,4.8,,0.207,13,281,28.827,59.949,0.577,320.692,,,,,0
2026-10-07T18:00Z,2026-10-08T18:00Z,2393909,24,5.1,5.9,,,,h,5.9,,,,0,0.009,23.714,0.251,0,4.8,,0.207,1,281,20.658,95.37,0.303,28.294,,,,,0
2026-10-07T18:00Z,2026-10-09T18:00Z,2393909,48,5.7,6.2,,,,h,6.2,,,,0,0.008,23.971,0.679,0,4.8,,0.207,1,282,20.893,95.569,0.357,23.93,,,,,0
2026-10-07T18:00Z,2026-10-07T19:00Z,2429963,1,4.8,10,,,,h,10,,,,0,0.003,50.232,1.127,0,8.4,,0.666,2,280,20.771,98.72,0.493,150.188,,,,,0
2026-10-07T18:00Z,2026-10-07T21:00Z,2429963,3,4.2,8.6,,,,h,8.6,,,,0,0.003,60.048,0.214,0,8.4,,0.666,4,280,20.318,98.117,0.217,0.589,,,,,0
2026-10-07T18:00Z,2026-10-08T00:00Z,2429963,6,3.9,7.7,,,,h,7.7,,,,0,0.003,111.257,0.188,0,8.4,,0.666,7,281,20.485,97.586,0.087,67.868,,,,,0
2026-10-07T18:00Z,2026-10-08T06:00Z,2429963,12,2.7,5.2,,,,h,5.2,,,,0,0.004,1118.865,1.386,0.102,8.4,,0.666,13,281,28.814,59.469,1.082,307.758,,,,,0
2026-10-07T18:00Z,2026-10-08T18:00Z,2429963,24,5.1,8.1,,,,h,8.1,,,,0,0.008,15.233,0.23,0,8.4,,0.666,1,281,20.653,97.742,0.136,331.685,,,,,0
2026-10-07T18:00Z,2026-10-09T18:00Z,2429963,48,5.7,7.5,,,,h,7.5,,,,0,0.008,16.138,0.558,0,8.4,,0.666,1,282,20.874,97.83,0.201,336.376,,,,,0
2026-10-07T18:00Z,2026-10-07T19:00Z,2439091,1,4.8,6.5,,,,h,6.5,,,,0,0.003,40.415,0.819,0,7.3,,0.264,2,280,20.632,96.439,0.348,140.352,,,,,0
2026-10-07T18:00Z,2026-10-07T21:00Z,2439091,3,4.2,5.6,,,,h,5.6,,,,0,0.003,49.456,0.22,0,7.3,,0.264,4,280,20.069,96.501,0.235,5.243,,,,,0
2026-10-07T18:00Z,2026-10-08T00:00Z,2439091,6,3.9,5.2,,,,h,5.2,,,,0,0.004,75.752,0.425,0,7.3,,0.264,7,281,20.343,96.659,0.332,79.511,,,,,0
2026-10-07T18:00Z,2026-10-08T06:00Z,2439091,12,2.7,3.5,,,,h,3.5,,,,0,0.005,1139.443,0.795,0.11,7.3,,0.264,13,281,28.804,59.975,0.575,318.493,,,,,0
2026-10-07T18:00Z,2026-10-08T18:00Z,2439091,24,5.1,6.1,,,,h,6.1,,,,0,0.009,24.455,0.299,0,7.3,,0.264,1,281,20.62,95.317,0.335,19.32,,,,,0
2026-10-07T18:00Z,2026-10-09T18:00Z,2439091,48,5.7,6.4,,,,h,6.4,,,,0,0.008,24.539,0.781,0,7.3,,0.264,1,282,20.805,95.691,0.403,22.546,,,,,0
2026-10-07T18:00Z,2026-10-07T19:00Z,2439859,1,4.8,4.8,,,,h,4.8,,,,0,0.003,34.476,0.891,0,,,0,2,280,20.568,96.526,0.388,138.005,,,,,0
2026-10-07T18:00Z,2026-10-07T21:00Z,2439859,3,4.2,4.2,,,,h,4.2,,,,0,0.003,42.328,0.202,0,,,0,4,280,20.025,96.763,0.203,49.12,,,,,0
2026-10-07T18:00Z,2026-10-08T00:00Z,2439859,6,3.9,3.9,,,,h,3.9,,,,0,0.004,61.181,0.582,0,,,0,7,281,20.342,96.659,0.433,94.714,,,,,0
2026-10-07T18:00Z,2026-10-08T06:00Z,2439859,12,2.7,2.7,,,,h,2.7,,,,0,0.005,1098.814,0.661,0.121,,,0,13,281,28.844,60.006,0.44,335.658,,,,,0
2026-10-07T18:00Z,2026-10-08T18:00Z,2439859,24,5.1,5.1,,,,h,5.1,,,,0,0.009,25.405,0.304,0,,,0,1,281,20.65,94.842,0.336,77.076,,,,,0
2026-10-07T18:00Z,2026-10-09T18:00Z,2439859,48,5.7,5.7,,,,h,5.7,,,,0,0.008,25.25,0.61,0,,,0,1,282,21.022,94.607,0.335,46.448,,,,,0
2026-10-07T18:00Z,2026-10-07T19:00Z,2457250,1,4.8,4.8,,,,h,4.8,,,,0,0.003,49.446,1.27,0.003,,,0,2,280,20.785,99.597,0.499,151.19,,,,,0
2026-10-07T18:00Z,2026-10-07T21:00Z,2457250,3,4.2,4.2,,,,h,4.2,,,,0,0.003,58.208,0.175,0,,,0,4,280,20.374,98.84,0.203,5.707,,,,,0
2026-10-07T18:00Z,2026-10-08T00:00Z,2457250,6,3.9,3.9,,,,h,3.9,,,,0,0.003,112.8,0.14,0,,,0,7,281,20.525,98.034,0.069,65.894,,,,,0
2026-10-07T18:00Z,2026-10-08T06:00Z,2457250,12,2.7,2.7,,,,h,2.7,,,,0,0.004,1086.059,1.421,0.105,,,0,13,281,28.855,59.114,1.096,311.656,,,,,0
2026-10-07T18:00Z,2026-10-08T18:00Z,2457250,24,5.1,5.1,,,,h,5.1,,,,0,0.007,12.015,0.138,0,,,0,1,281,20.766,97.91,0.034,295.463,,,,,0
2026-10-07T18:00Z,2026-10-09T18:00Z,2457250,48,5.7,5.7,,,,h,5.7,,,,0,0.008,14.235,0.418,0,,,0,1,282,21.08,97.557,0.121,307.685,,,,,0
2026-10-07T18:00Z,2026-10-07T19:00Z,2510432,1,4.8,6.5,,,,h,6.5,,,,0,0.003,33.091,0.888,0,5.4,,0.274,2,280,20.488,96.28,0.412,135.963,,,,,0
2026-10-07T18:00Z,2026-10-07T21:00Z,2510432,3,4.2,5.7,,,,h,5.7,,,,0,0.003,40.459,0.219,0,5.4,,0.274,4,280,19.934,96.633,0.224,61.109,,,,,0
2026-10-07T18:00Z,2026-10-08T00:00Z,2510432,6,3.9,5.2,,,,h,5.2,,,,0,0.004,55.922,0.643,0,5.4,,0.274,7,281,20.273,96.516,0.504,96.211,,,,,0
2026-10-07T18:00Z,2026-10-08T06:00Z,2510432,12,2.7,3.6,,,,h,3.6,,,,0,0.005,1100.826,0.61,0.126,5.4,,0.274,13,281,28.815,60.016,0.396,341.192,,,,,0
2026-10-07T18:00Z,2026-10-08T18:00Z,2510432,24,5.1,6.2,,,,h,6.2,,,,0,0.009,26.726,0.382,0,5.4,,0.274,1,281,20.569,94.714,0.385,84.912,,,,,0
2026-10-07T18:00Z,2026-10-09T18:00Z,2510432,48,5.7,6.4,,,,h,6.4,,,,0,0.008,25.982,0.677,0,5.4,,0.274,1,282,20.972,94.374,0.365,53.878,,,,,0
2026-10-07T18:00Z,2026-10-07T19:00Z,2523394,1,4.8,4.8,,,,h,4.8,,,,0,0.003,39.846,0.862,0,,,0,2,280,20.649,96.702,0.362,141.22,,,,,0
2026-10-07T18:00Z,2026-10-07T21:00Z,2523394,3,4.2,4.2,,,,h,4.2,,,,0,0.003,48.756,0.207,0,,,0,4,280,20.103,96.73,0.221,12.316,,,,,0
2026-10-07T18:00Z,2026-10-08T00:00Z,2523394,6,3.9,3.9,,,,h,3.9,,,,0,0.004,75.75,0.431,0,,,0,7,281,20.375,96.769,0.316,83.593,,,,,0
2026-10-07T18:00Z,2026-10-08T06:00Z,2523394,12,2.7,2.7,,,,h,2.7,,,,0,0.005,1125.753,0.81,0.111,,,0,13,281,28.825,59.945,0.583,320.251,,,,,0
2026-10-07T18:00Z,2026-10-08T18:00Z,2523394,24,5.1,5.1,,,,h,5.1,,,,0,0.009,23.659,0.253,0,,,0,1,281,20.657,95.393,0.303,26.701,,,,,0
2026-10-07T18:00Z,2026-10-09T18:00Z,2523394,48,5.7,5.7,,,,h,5.7,,,,0,0.008,23.92,0.683,0,,,0,1,282,20.887,95.606,0.358,23.306,,,,,0
2026-10-07T18:00Z,2026-10-07T19:00Z,2575375,1,31.1,6.1,,,,h,6.1,,,,0,0.004,54.188,0.091,0.169,4.9,,-1.571,2,280,21.354,97.866,0.075,315.906,,,,,0
2026-10-07T18:00Z,2026-10-07T21:00Z,2575375,3,23.4,4.7,,,,h,4.7,,,,0,0.004,28.777,0.346,0,4.9,,-1.571,4,280,21.006,98.642,0.189,52.014,,,,,0
2026-10-07T18:00Z,2026-10-08T00:00Z,2575375,6,19.8,4.3,,,,h,4.3,,,,0,0.004,54.823,0.933,0,4.9,,-1.571,7,281,21.04,96.098,0.67,313.09,,,,,0
2026-10-07T18:00Z,2026-10-08T06:00Z,2575375,12,8.7,1.9,,,,h,1.9,,,,0,0.007,958.52,0.842,0.11,4.9,,-1.571,13,281,29.562,61.161,0.677,117.848,,,,,0
2026-10-07T18:00Z,2026-10-08T18:00Z,2575375,24,40.3,15.2,,,,h,15.2,,,,0,0.008,35.45,0.454,0,4.9,,-1.571,1,281,23.046,94.511,0.138,5.653,,,,,0
2026-10-07T18:00Z,2026-10-09T18:00Z,2575375,48,31.7,17.6,,,,h,17.6,,,,0,0.007,36.002,0.811,0,4.9,,-1.571,1,282,23.311,91.367,0.318,325.475,,,,,0
2026-10-07T18:00Z,2026-10-07T19:00Z,2692436,1,37,34.8,,,,h,34.8,,,,0.002,0.038,83.34,2.381,0,39.5,,-0.062,2,280,24.499,96.475,0.832,325.766,,,,,0
2026-10-07T18:00Z,2026-10-07T21:00Z,2692436,3,34.7,32.7,,,,h,32.7,,,,0.002,0.136,130.722,3.415,0,39.5,,-0.062,4,280,24.338,94.791,1.467,334.677,,,,,0
2026-10-07T18:00Z,2026-10-08T00:00Z,2692436,6,28.9,27.3,,,,h,27.3,,,,0,0.31,176.539,4.08,0.013,39.5,,-0.062,7,281,24.865,93.897,2.113,354.494,,,,,0
2026-10-07T18:00Z,2026-10-08T06:00Z,2692436,12,29.7,28.3,,,,h,28.3,,,,0.002,0.15,1241.529,1.52,0.062,39.5,,-0.062,13,281,31.583,63.09,1.182,24.577,,,,,0
2026-10-07T18:00Z,2026-10-08T18:00Z,2692436,24,31.1,29.9,,,,h,29.9,,,,0.001,0.029,65.631,1.792,0,39.5,,-0.062,1,281,25.62,94.684,0.595,305.878,,,,,0
2026-10-07T18:00Z,2026-10-09T18:00Z,2692436,48,30.6,29.9,,,,h,29.9,,,,0,0.01,103.812,1.182,0.771,39.5,,-0.062,1,282,25.534,93.127,0.113,79.898,,,,,0
2026-10-07T18:00Z,2026-10-07T19:00Z,2692642,1,37,37,,,,h,37,,,,0.002,0.05,86.628,2.476,0,,,0,2,280,24.53,96.64,0.882,323.455,,,,,0
2026-10-07T18:00Z,2026-10-07T21:00Z,2692642,3,34.7,34.7,,,,h,34.7,,,,0.002,0.168,137.411,3.504,0,,,0,4,280,24.376,94.868,1.545,335.155,,,,,0
2026-10-07T18:00Z,2026-10-08T00:00Z,2692642,6,28.9,28.9,,,,h,28.9,,,,0,0.307,181.137,4.136,0.013,,,0,7,281,24.88,93.846,2.143,355.462,,,,,0
2026-10-07T18:00Z,2026-10-08T06:00Z,2692642,12,29.7,29.7,,,,h,29.7,,,,0.002,0.139,1242.813,1.648,0.064,,,0,13,281,31.638,62.568,1.279,28.714,,,,,0
2026-10-07T18:00Z,2026-10-08T18:00Z,2692642,24,31.1,31.1,,,,h,31.1,,,,0.001,0.027,69.007,1.981,0,,,0,1,281,25.581,94.89,0.702,301.387,,,,,0
2026-10-07T18:00Z,2026-10-09T18:00Z,2692642,48,30.6,30.6,,,,h,30.6,,,,0,0.01,94.894,0.908,0.876,,,0,1,282,25.495,93.472,0.07,76.702,,,,,0
2026-10-07T18:00Z,2026-10-07T19:00Z,2692644,1,37,37,,,,h,37,,,,0.002,0.062,82.46,2.326,0,,,0,2,280,24.543,96.772,0.834,321.313,,,,,0
2026-10-07T18:00Z,2026-10-07T21:00Z,2692644,3,34.7,34.7,,,,h,34.7,,,,0.002,0.204,133.538,3.399,0,,,0,4,280,24.356,95.001,1.494,332.615,,,,,0
2026-10-07T18:00Z,2026-10-08T00:00Z,2692644,6,28.9,28.9,,,,h,28.9,,,,0,0.346,174.751,3.972,0.01,,,0,7,281,24.874,93.929,2.067,354.803,,,,,0
2026-10-07T18:00Z,2026-10-08T06:00Z,2692644,12,29.7,29.7,,,,h,29.7,,,,0.003,0.134,1255.581,1.534,0.058,,,0,13,281,31.704,62.199,1.182,27.781,,,,,0
2026-10-07T18:00Z,2026-10-08T18:00Z,2692644,24,31.1,31.1,,,,h,31.1,,,,0.001,0.026,65.562,1.803,0,,,0,1,281,25.628,95.073,0.621,298.036,,,,,0
2026-10-07T18:00Z,2026-10-09T18:00Z,2692644,48,30.6,30.6,,,,h,30.6,,,,0,0.01,90.656,1,0.811,,,0,1,282,25.536,93.407,0.093,91.464,,,,,0
2026-10-07T18:00Z,2026-10-07T19:00Z,2692645,1,44.8,44.8,,,,h,44.8,,,,0.003,0.07,79.839,2.236,0,,,0,2,280,24.549,96.844,0.806,319.693,,,,,0
2026-10-07T18:00Z,2026-10-07T21:00Z,2692645,3,34.7,34.7,,,,h,34.7,,,,0.002,0.224,130.986,3.335,0,,,0,4,280,24.341,95.085,1.462,330.869,,,,,0
2026-10-07T18:00Z,2026-10-08T00:00Z,2692645,6,26.7,26.7,,,,h,26.7,,,,-0.001,0.377,170.724,3.869,0.008,,,0,7,281,24.869,93.986,2.019,354.17,,,,,0
2026-10-07T18:00Z,2026-10-08T06:00Z,2692645,12,19.3,19.3,,,,h,19.3,,,,0.003,0.131,1263.395,1.46,0.055,,,0,13,281,31.743,61.999,1.12,27.156,,,,,0
2026-10-07T18:00Z,2026-10-08T18:00Z,2692645,24,21.9,21.9,,,,h,21.9,,,,0.001,0.025,63.411,1.697,0,,,0,1,281,25.657,95.184,0.573,295.662,,,,,0
2026-10-07T18:00Z,2026-10-09T18:00Z,2692645,48,41.3,41.3,,,,h,41.3,,,,0,0.01,87.945,1.082,0.77,,,0,1,282,25.562,93.381,0.164,98.975,,,,,0
2026-10-07T18:00Z,2026-10-07T19:00Z,2739142,1,10.9,24.4,,,,h,24.4,,,,0,0.002,248.694,4.326,0,36.9,,0.792,2,280,23.631,85.119,1.809,75.922,,,,,0
2026-10-07T18:00Z,2026-10-07T21:00Z,2739142,3,11.5,24.9,,,,h,24.9,,,,0,0.003,164.038,3.758,0,36.9,,0.792,4,280,22.778,87.032,1.48,66.616,,,,,0
2026-10-07T18:00Z,2026-10-08T00:00Z,2739142,6,13.9,28.5,,,,h,28.5,,,,0,0.006,196.764,3.74,0,36.9,,0.792,7,281,23.212,82.032,1.855,55.316,,,,,0
2026-10-07T18:00Z,2026-10-08T06:00Z,2739142,12,14.1,26.6,,,,h,26.6,,,,0,0.026,1183.727,3.448,0.074,36.9,,0.792,13,281,30.304,57.677,2.803,26.265,,,,,0
2026-10-07T18:00Z,2026-10-08T18:00Z,2739142,24,13.1,21.6,,,,h,21.6,,,,0,0.017,121.675,4.019,0,36.9,,0.792,1,281,23.802,84.584,1.513,83.203,,,,,0
2026-10-07T18:00Z,2026-10-09T18:00Z,2739142,48,8.4,11.5,,,,h,11.5,,,,0,0.004,391.974,5.089,0.519,36.9,,0.792,1,282,24.038,87.717,2.732,38.246,,,,,0
2026-10-07T18:00Z,2026-10-07T19:00Z,2811479,1,7.1,23.4,,,,h,23.4,,,,0,0.004,124.073,3.736,0,29.7,,1.148,2,280,24.21,88.278,1.551,42.869,,,,,0
2026-10-07T18:00Z,2026-10-07T21:00Z,2811479,3,6.4,20.3,,,,h,20.3,,,,0,0.004,258.162,4.328,0,29.7,,1.148,4,280,23.742,88.997,2.027,38.04,,,,,0
2026-10-07T18:00Z,2026-10-08T00:00Z,2811479,6,7.3,21.4,,,,h,21.4,,,,0,0.005,351.261,4.516,0,29.7,,1.148,7,281,24.103,84.811,2.311,38.512,,,,,0
2026-10-07T18:00Z,2026-10-08T06:00Z,2811479,12,7.3,18.9,,,,h,18.9,,,,0,0.008,1112.901,5.013,0.132,29.7,,1.148,13,281,30.016,62.25,3.849,42.099,,,,,0
2026-10-07T18:00Z,2026-10-08T18:00Z,2811479,24,10.4,21.5,,,,h,21.5,,,,0,0.009,206.959,3.89,0,29.7,,1.148,1,281,24.631,87.659,1.587,59.571,,,,,0
2026-10-07T18:00Z,2026-10-09T18:00Z,2811479,48,7,11.1,,,,h,11.1,,,,0,0.013,252.917,4.431,0,29.7,,1.148,1,282,24.141,90.965,2.125,36.665,,,,,0
2026-10-07T18:00Z,2026-10-07T19:00Z,2811482,1,7.1,7.1,,,,h,7.1,,,,0,0.003,137.675,4.525,0,,,0,2,280,23.942,88.45,1.866,50.69,,,,,0
2026-10-07T18:00Z,2026-10-07T21:00Z,2811482,3,6.4,6.4,,,,h,6.4,,,,0,0.004,314.933,5.196,0,,,0,4,280,23.503,89.32,2.404,42.305,,,,,0
2026-10-07T18:00Z,2026-10-08T00:00Z,2811482,6,7.3,7.3,,,,h,7.3,,,,0,0.005,374.226,5.123,0,,,0,7,281,23.694,84.071,2.563,42.483,,,,,0
2026-10-07T18:00Z,2026-10-08T06:00Z,2811482,12,7.3,7.3,,,,h,7.3,,,,0,0.009,1086.796,5.04,0.099,,,0,13,281,29.772,62.428,3.885,41.529,,,,,0
2026-10-07T18:00Z,2026-10-08T18:00Z,2811482,24,10.4,10.4,,,,h,10.4,,,,0,0.01,207.29,4.52,0,,,0,1,281,24.423,88.122,1.773,65.822,,,,,0
2026-10-07T18:00Z,2026-10-09T18:00Z,2811482,48,7,7,,,,h,7,,,,0,0.011,257.967,5.053,0,,,0,1,282,23.818,92.019,2.47,31.263,,,,,0
2026-10-07T18:00Z,2026-10-07T19:00Z,2811595,1,37,27.8,,,,h,27.8,,,,0.001,0.017,98.643,2.965,0,29.4,,-0.291,2,280,24.451,95.968,1.048,328.011,,,,,0
2026-10-07T18:00Z,2026-10-07T21:00Z,2811595,3,34.7,26.3,,,,h,26.3,,,,0.001,0.053,144.9,3.823,0,29.4,,-0.291,4,280,24.39,94.406,1.67,341.262,,,,,0
2026-10-07T18:00Z,2026-10-08T00:00Z,2811595,6,28.9,22.3,,,,h,22.3,,,,0,0.179,199.565,4.633,0.03,29.4,,-0.291,7,281,24.859,93.675,2.373,354.11,,,,,0
2026-10-07T18:00Z,2026-10-08T06:00Z,2811595,12,29.7,23.6,,,,h,23.6,,,,0,0.152,1197.078,1.91,0.081,29.4,,-0.291,13,281,31.352,64.584,1.519,30.181,,,,,0
2026-10-07T18:00Z,2026-10-08T18:00Z,2811595,24,31.1,26,,,,h,26,,,,0.001,0.03,78.911,2.564,0,29.4,,-0.291,1,281,25.448,94.136,0.972,311.425,,,,,0
2026-10-07T18:00Z,2026-10-09T18:00Z,2811595,48,30.6,27.5,,,,h,27.5,,,,0,0.008,111.828,1.175,1.025,29.4,,-0.291,1,282,25.353,93.788,0.49,27.748,,,,,0
2026-10-07T18:00Z,2026-10-07T19:00Z,2813904,1,11.8,10.9,,,,h,10.9,,,,0,0.034,99.707,4.025,0,9.2,,-0.074,2,280,24.322,95.798,1.951,9.834,,,,,0
2026-10-07T18:00Z,2026-10-07T21:00Z,2813904,3,11.2,10.4,,,,h,10.4,,,,0,0.198,141.633,4.987,0,9.2,,-0.074,4,280,24.149,96.692,2.401,7.055,,,,,0
2026-10-07T18:00Z,2026-10-08T00:00Z,2813904,6,9.2,8.6,,,,h,8.6,,,,0,0.098,183.843,4.144,0,9.2,,-0.074,7,281,24.732,95.375,2.398,12.218,,,,,0
2026-10-07T18:00Z,2026-10-08T06:00Z,2813904,12,10.9,10.2,,,,h,10.2,,,,0,0.006,1071.053,3.141,0.084,9.2,,-0.074,13,281,31.169,62.519,2.465,41.424,,,,,0
2026-10-07T18:00Z,2026-10-08T18:00Z,2813904,24,11.3,10.8,,,,h,10.8,,,,0,0.006,62.11,2.927,0,9.2,,-0.074,1,281,25.379,94.645,1.338,17.04,,,,,0
2026-10-07T18:00Z,2026-10-09T18:00Z,2813904,48,19,18.5,,,,h,18.5,,,,0,0.013,88.754,4.195,0,9.2,,-0.074,1,282,26.086,86.471,1.507,62.273,,,,,0
2026-10-07T18:00Z,2026-10-07T19:00Z,2813975,1,16.5,16.5,,,,h,16.5,,,,0,0,156.293,1.608,0.082,,,0,2,280,24.666,90.57,1.106,349.896,,,,,0
2026-10-07T18:00Z,2026-10-07T21:00Z,2813975,3,15.1,15.1,,,,h,15.1,,,,0,0,125.484,1.562,0.488,,,0,4,280,24.161,91.931,1.162,341.615,,,,,0
2026-10-07T18:00Z,2026-10-08T00:00Z,2813975,6,8.5,8.5,,,,h,8.5,,,,0,0,189.117,2.008,0.051,,,0,7,281,24.978,90.626,1.361,286.556,,,,,0
2026-10-07T18:00Z,2026-10-08T06:00Z,2813975,12,12,12,,,,h,12,,,,0,0,356.653,4.458,3.557,,,0,13,281,25.573,88.975,3.504,246.861,,,,,0
2026-10-07T18:00Z,2026-10-08T18:00Z,2813975,24,3.5,3.5,,,,h,3.5,,,,0,0,231.162,2.387,0.378,,,0,1,281,24.472,91.455,1.533,303.357,,,,,0
2026-10-07T18:00Z,2026-10-09T18:00Z,2813975,48,3,3,,,,h,3,,,,0,0,161.001,1.477,0.499,,,0,1,282,24.163,93.273,1.346,359.295,,,,,0
2026-10-07T18:00Z,2026-10-07T19:00Z,2821337,1,14.6,22.2,,,,h,22.2,,,,0,0.051,18.227,0.324,0,19.2,,0.412,2,280,22.422,92.996,0.194,250.731,,,,,0
2026-10-07T18:00Z,2026-10-07T21:00Z,2821337,3,15.2,22.7,,,,h,22.7,,,,0,0.075,21.773,0.422,0,19.2,,0.412,4,280,21.838,95.018,0.127,82.073,,,,,0
2026-10-07T18:00Z,2026-10-08T00:00Z,2821337,6,16.5,24,,,,h,24,,,,0,0.075,37.73,0.392,0,19.2,,0.412,7,281,22.181,93.146,0.04,79.29,,,,,0
2026-10-07T18:00Z,2026-10-08T06:00Z,2821337,12,4.5,6.5,,,,h,6.5,,,,0,0.035,1032.897,0.716,0,19.2,,0.412,13,281,29.709,56.902,0.545,56.136,,,,,0
2026-10-07T18:00Z,2026-10-08T18:00Z,2821337,24,16.3,21.1,,,,h,21.1,,,,0,0.016,24.683,0.563,0,19.2,,0.412,1,281,23.551,89.598,0.127,8.985,,,,,0
2026-10-07T18:00Z,2026-10-09T18:00Z,2821337,48,16.5,19.3,,,,h,19.3,,,,0,0.007,39.223,2.538,0,19.2,,0.412,1,282,23.497,92.819,0.915,12.456,,,,,0
2026-10-07T18:00Z,2026-10-07T19:00Z,2827389,1,30.6,17.1,,,,h,17.1,,,,0,0.003,84.963,0.946,0,17.4,,-0.583,2,280,22.586,95.178,0.614,70.173,,,,,0
2026-10-07T18:00Z,2026-10-07T21:00Z,2827389,3,23.4,13.3,,,,h,13.3,,,,0,0.003,38.675,0.92,0,17.4,,-0.583,4,280,22.282,96.222,0.215,54.029,,,,,0
2026-10-07T18:00Z,2026-10-08T00:00Z,2827389,6,19.4,11.3,,,,h,11.3,,,,0,0.003,33.92,0.461,0,17.4,,-0.583,7,281,22.737,93.129,0.248,356.543,,,,,0
2026-10-07T18:00Z,2026-10-08T06:00Z,2827389,12,6.5,3.8,,,,h,3.8,,,,0,0.005,698.037,0.64,0.028,17.4,,-0.583,13,281,29.628,65.833,0.475,129.609,,,,,0
2026-10-07T18:00Z,2026-10-08T18:00Z,2827389,24,39.1,27.4,,,,h,27.4,,,,0,0.006,56.732,0.483,0,17.4,,-0.583,1,281,24.211,89.86,0.272,207.855,,,,,0
2026-10-07T18:00Z,2026-10-09T18:00Z,2827389,48,31.8,25.6,,,,h,25.6,,,,0,0.006,36.672,0.957,0,17.4,,-0.583,1,282,24.152,89.265,0.231,7.413,,,,,0
2026-10-07T18:00Z,2026-10-07T19:00Z,2827395,1,12.8,14.7,,,,h,14.7,,,,0,0.056,95.45,2.321,0,16.2,,0.137,2,280,22.499,82.132,0.871,64.59,,,,,0
2026-10-07T18:00Z,2026-10-07T21:00Z,2827395,3,14.1,16.1,,,,h,16.1,,,,0,0.041,58.776,1.652,0,16.2,,0.137,4,280,21.839,86.123,0.563,78.61,,,,,0
2026-10-07T18:00Z,2026-10-08T00:00Z,2827395,6,15.1,17.1,,,,h,17.1,,,,0,0.021,78.8,1.608,0,16.2,,0.137,7,281,22.692,84.16,0.855,41.941,,,,,0
2026-10-07T18:00Z,2026-10-08T06:00Z,2827395,12,16.8,18.8,,,,h,18.8,,,,0,0.007,1221.484,2.199,0,16.2,,0.137,13,281,29.858,54.115,1.765,34.163,,,,,0
2026-10-07T18:00Z,2026-10-08T18:00Z,2827395,24,18.3,19.9,,,,h,19.9,,,,0,0.051,75.555,2.361,0,16.2,,0.137,1,281,23.381,88.594,0.754,64.145,,,,,0
2026-10-07T18:00Z,2026-10-09T18:00Z,2827395,48,17.6,18.5,,,,h,18.5,,,,0,0.001,248.409,4.886,0,16.2,,0.137,1,282,23.448,85.905,2.261,40.563,,,,,0
2026-10-07T18:00Z,2026-10-07T19:00Z,2827396,1,5.2,10.3,,,,h,10.3,,,,0,0.001,35.969,1.04,0,14.2,,0.623,2,280,22.726,94.773,0.572,283.683,,,,,0
2026-10-07T18:00Z,2026-10-07T21:00Z,2827396,3,5.1,9.8,,,,h,9.8,,,,0,0.001,27.723,0.971,0,14.2,,0.623,4,280,21.886,96.983,0.637,263.679,,,,,0
2026-10-07T18:00Z,2026-10-08T00:00Z,2827396,6,7.2,13.1,,,,h,13.1,,,,0,0.001,21.589,0.243,0,14.2,,0.623,7,281,22.226,95.722,0.345,336.993,,,,,0
2026-10-07T18:00Z,2026-10-08T06:00Z,2827396,12,12.4,20.6,,,,h,20.6,,,,0,0.001,918.017,1.027,0.013,14.2,,0.623,13,281,29.999,66.571,0.857,19.436,,,,,0
2026-10-07T18:00Z,2026-10-08T18:00Z,2827396,24,16.8,24.8,,,,h,24.8,,,,0,0.002,20,0.081,0,14.2,,0.623,1,281,23.773,93.712,0.114,85.209,,,,,0
2026-10-07T18:00Z,2026-10-09T18:00Z,2827396,48,15.8,20,,,,h,20,,,,0,0.005,27.456,0.711,0,14.2,,0.623,1,282,24.854,83.993,0.216,316.74,,,,,0
2026-10-07T18:00Z,2026-10-07T19:00Z,2832266,1,15.4,15.4,,,,h,15.4,,,,0,0.001,69.214,1.493,0,,,0,2,280,24.25,92.978,0.745,4.579,,,,,0
2026-10-07T18:00Z,2026-10-07T21:00Z,2832266,3,17.3,17.3,,,,h,17.3,,,,0,0.003,106.687,1.462,0,,,0,4,280,23.928,92.508,0.79,8.29,,,,,0
2026-10-07T18:00Z,2026-10-08T00:00Z,2832266,6,11,11,,,,h,11,,,,0,0.008,186.353,2.426,0,,,0,7,281,24.8,88.943,1.323,12.825,,,,,0
2026-10-07T18:00Z,2026-10-08T06:00Z,2832266,12,5.6,5.6,,,,h,5.6,,,,0,0.008,1230.65,4.595,0.194,,,0,13,281,31.035,61.295,3.465,36.925,,,,,0
2026-10-07T18:00Z,2026-10-08T18:00Z,2832266,24,7.1,7.1,,,,h,7.1,,,,0,0.008,126.313,1.781,0,,,0,1,281,24.536,90.626,0.879,33.433,,,,,0
2026-10-07T18:00Z,2026-10-09T18:00Z,2832266,48,6.4,6.4,,,,h,6.4,,,,0,0.013,89.661,1.914,0,,,0,1,282,24.716,92.175,0.791,62.263,,,,,0
2026-10-07T18:00Z,2026-10-07T19:00Z,2832600,1,5.2,3.4,,,,h,3.4,,,,0,0.001,29.676,0.877,0,5.3,,-0.346,2,280,22.204,95.984,0.485,302.891,,,,,0
2026-10-07T18:00Z,2026-10-07T21:00Z,2832600,3,5.1,3.4,,,,h,3.4,,,,0,0.001,25.889,0.704,0,5.3,,-0.346,4,280,21.598,96.959,0.439,291.617,,,,,0
2026-10-07T18:00Z,2026-10-08T00:00Z,2832600,6,7.2,5.1,,,,h,5.1,,,,0,0.001,25.806,0.496,0,5.3,,-0.346,7,281,22.125,94.072,0.347,353.34,,,,,0
2026-10-07T18:00Z,2026-10-08T06:00Z,2832600,12,12.4,9.3,,,,h,9.3,,,,0,0.001,914.548,0.873,0.069,5.3,,-0.346,13,281,29.548,66.073,0.721,49.319,,,,,0
2026-10-07T18:00Z,2026-10-08T18:00Z,2832600,24,16.8,13.5,,,,h,13.5,,,,0,0.002,20,0.099,0,5.3,,-0.346,1,281,23.49,93.007,0.122,141.712,,,,,0
2026-10-07T18:00Z,2026-10-09T18:00Z,2832600,48,15.8,13.8,,,,h,13.8,,,,0,0.005,23.912,0.551,0,5.3,,-0.346,1,282,24.439,83.511,0.229,333.369,,,,,0
2026-10-07T18:00Z,2026-10-07T19:00Z,2843720,1,10,19.5,,,,h,19.5,,,,0,0.002,25.905,0.732,0,19.3,,0.649,2,280,22.485,96.812,0.105,340.835,,,,,0
2026-10-07T18:00Z,2026-10-07T21:00Z,2843720,3,8.6,16.4,,,,h,16.4,,,,0,0.002,25.905,0.999,0,19.3,,0.649,4,280,21.963,98.255,0.246,23.009,,,,,0
2026-10-07T18:00Z,2026-10-08T00:00Z,2843720,6,7.5,13.9,,,,h,13.9,,,,0,0.002,51.48,0.498,0,19.3,,0.649,7,281,22.282,97.484,0.166,345.16,,,,,0
2026-10-07T18:00Z,2026-10-08T06:00Z,2843720,12,4.6,8.2,,,,h,8.2,,,,0,0.002,1057.996,1.322,0.018,19.3,,0.649,13,281,30.344,58.573,1.013,15.961,,,,,0
2026-10-07T18:00Z,2026-10-08T18:00Z,2843720,24,8.8,13.4,,,,h,13.4,,,,0,0.004,29.874,0.937,0,19.3,,0.649,1,281,22.88,94.15,0.32,125.555,,,,,0
2026-10-07T18:00Z,2026-10-09T18:00Z,2843720,48,10.7,13.8,,,,h,13.8,,,,0,0.005,29.532,1.134,0,19.3,,0.649,1,282,23.719,89.801,0.168,120.493,,,,,0
2026-10-07T18:00Z,2026-10-07T19:00Z,2843723,1,13.9,24.8,,,,h,24.8,,,,0,0.009,91.83,3.973,0.087,19.3,,0.573,2,280,24.225,93.456,2.047,18.768,,,,,0
2026-10-07T18:00Z,2026-10-07T21:00Z,2843723,3,15.1,26.3,,,,h,26.3,,,,0,0.01,109.26,3.847,0.015,19.3,,0.573,4,280,24.406,91.689,1.829,4.705,,,,,0
2026-10-07T18:00Z,2026-10-08T00:00Z,2843723,6,16.8,28.2,,,,h,28.2,,,,0,0.013,201.765,5.308,0.01,19.3,,0.573,7,281,25.12,92.258,2.951,12.524,,,,,0
2026-10-07T18:00Z,2026-10-08T06:00Z,2843723,12,7.1,11.5,,,,h,11.5,,,,0.001,0.039,1086.192,2.189,0.092,19.3,,0.573,13,281,30.318,70.086,1.906,340.548,,,,,0
2026-10-07T18:00Z,2026-10-08T18:00Z,2843723,24,19,27.1,,,,h,27.1,,,,0.001,0.046,82.7,3.219,0,19.3,,0.573,1,281,25.803,89.393,1.722,23.907,,,,,0
2026-10-07T18:00Z,2026-10-09T18:00Z,2843723,48,5.4,6.9,,,,h,6.9,,,,0,0.006,304.569,5.353,0.005,19.3,,0.573,1,282,25.971,85.951,2.991,65.566,,,,,0
2026-10-07T18:00Z,2026-10-07T19:00Z,2843771,1,3.6,3.6,,,,h,3.6,,,,0,0.001,20,0.998,0.065,,,0,2,280,19.952,98.174,0.356,289.077,,,,,0
2026-10-07T18:00Z,2026-10-07T21:00Z,2843771,3,3.7,3.7,,,,h,3.7,,,,0,0.001,16.914,0.514,0,,,0,4,280,19.723,97.579,0.153,357.409,,,,,0
2026-10-07T18:00Z,2026-10-08T00:00Z,2843771,6,5.3,5.3,,,,h,5.3,,,,0,0.001,36.668,1.079,0,,,0,7,281,20.224,97.279,0.596,325.23,,,,,0
2026-10-07T18:00Z,2026-10-08T06:00Z,2843771,12,8.4,8.4,,,,h,8.4,,,,0,0.001,976.928,1.215,0.18,,,0,13,281,27.889,65.521,0.918,89.811,,,,,0
2026-10-07T18:00Z,2026-10-08T18:00Z,2843771,24,10.7,10.7,,,,h,10.7,,,,0,0.002,20,0.15,0,,,0,1,281,21.944,91.127,0.099,161.065,,,,,0
2026-10-07T18:00Z,2026-10-09T18:00Z,2843771,48,12.1,12.1,,,,h,12.1,,,,0,0.004,16.54,0.219,0,,,0,1,282,22.382,84.287,0.088,67.055,,,,,0
2026-10-07T18:00Z,2026-10-07T19:00Z,2847191,1,8.6,0.2,,,,h,0.2,,,,0,0.001,29.104,0.29,0,0,,-2.141,2,280,22.794,90.753,0.027,243.608,,,,,0
2026-10-07T18:00Z,2026-10-07T21:00Z,2847191,3,10.6,0.6,,,,h,0.6,,,,0,0.001,30.776,0.732,0.069,0,,-2.141,4,280,21.875,93.931,0.531,66.527,,,,,0
2026-10-07T18:00Z,2026-10-08T00:00Z,2847191,6,11,0.9,,,,h,0.9,,,,0,0.001,45.283,0.875,0,0,,-2.141,7,281,22.423,93.16,0.507,32.798,,,,,0
2026-10-07T18:00Z,2026-10-08T06:00Z,2847191,12,9.3,1,,,,h,1,,,,0,0.001,990.065,0.836,0.087,0,,-2.141,13,281,28.709,69.076,0.69,3.465,,,,,0
2026-10-07T18:00Z,2026-10-08T18:00Z,2847191,24,18,4.3,,,,h,4.3,,,,0,0.002,14.354,0.368,0,0,,-2.141,1,281,23.544,87.096,0.015,285.235,,,,,0
2026-10-07T18:00Z,2026-10-09T18:00Z,2847191,48,12.7,5.3,,,,h,5.3,,,,0,0.006,32.556,1.976,0,0,,-2.141,1,282,23.457,84.885,0.874,62.756,,,,,0
2026-10-07T18:00Z,2026-10-07T19:00Z,2847192,1,33.1,33.1,,,,h,33.1,,,,-0.01,0.568,97.914,2.554,0,,,0,2,280,24.813,95.021,1.164,343.659,,,,,0
2026-10-07T18:00Z,2026-10-07T21:00Z,2847192,3,26.1,26.1,,,,h,26.1,,,,0,0.183,143.871,3.46,0,,,0,4,280,24.533,94.152,1.698,352.678,,,,,0
2026-10-07T18:00Z,2026-10-08T00:00Z,2847192,6,17.6,17.6,,,,h,17.6,,,,0.001,0.073,164.063,3.353,0,,,0,7,281,24.907,92.25,1.798,7.485,,,,,0
2026-10-07T18:00Z,2026-10-08T06:00Z,2847192,12,13.6,13.6,,,,h,13.6,,,,0,0.021,1176.717,2.448,0.029,,,0,13,281,31.501,61.342,1.921,42.995,,,,,0
2026-10-07T18:00Z,2026-10-08T18:00Z,2847192,24,12.3,12.3,,,,h,12.3,,,,0,0.01,82.56,1.62,0,,,0,1,281,25.753,92.905,0.774,324.482,,,,,0
2026-10-07T18:00Z,2026-10-09T18:00Z,2847192,48,18.1,18.1,,,,h,18.1,,,,0,0.013,157.868,1.63,0.517,,,0,1,282,25.987,91.308,0.379,53.203,,,,,0
2026-10-07T18:00Z,2026-10-07T19:00Z,2847196,1,13.9,15.5,,,,h,15.5,,,,0,0.002,138.587,3.408,0.341,16.6,,0.108,2,280,24.729,91.441,1.916,16.873,,,,,0
2026-10-07T18:00Z,2026-10-07T21:00Z,2847196,3,15.1,16.8,,,,h,16.8,,,,0,0.004,178.87,3.408,0.062,16.6,,0.108,4,280,24.784,90.533,1.825,4.638,,,,,0
2026-10-07T18:00Z,2026-10-08T00:00Z,2847196,6,16.8,18.5,,,,h,18.5,,,,0,0.007,281.987,4.874,0.038,16.6,,0.108,7,281,25.563,89.609,3.06,15.062,,,,,0
2026-10-07T18:00Z,2026-10-08T06:00Z,2847196,12,7.1,7.8,,,,h,7.8,,,,0,0.015,985.739,2.652,0.059,16.6,,0.108,13,281,30.014,70.322,2.277,356.822,,,,,0
2026-10-07T18:00Z,2026-10-08T18:00Z,2847196,24,19,20.3,,,,h,20.3,,,,0,0.037,205.355,3.394,0,16.6,,0.108,1,281,26.165,87.267,2.078,24.202,,,,,0
2026-10-07T18:00Z,2026-10-09T18:00Z,2847196,48,5.4,5.7,,,,h,5.7,,,,0,0.005,314.363,4.985,0.019,16.6,,0.108,1,282,26.211,85.992,3.18,62.096,,,,,0
2026-10-07T18:00Z,2026-10-07T19:00Z,2847198,1,14.6,14.6,,,,h,14.6,,,,0,0.045,16.835,0.344,0,,,0,2,280,22.532,91.065,0.142,250.543,,,,,0
2026-10-07T18:00Z,2026-10-07T21:00Z,2847198,3,15.2,15.2,,,,h,15.2,,,,0,0.07,23.165,0.5,0,,,0,4,280,21.905,93.095,0.213,84.457,,,,,0
2026-10-07T18:00Z,2026-10-08T00:00Z,2847198,6,16.5,16.5,,,,h,16.5,,,,0,0.071,38.317,0.588,0,,,0,7,281,22.21,91.09,0.243,78.554,,,,,0
2026-10-07T18:00Z,2026-10-08T06:00Z,2847198,12,4.5,4.5,,,,h,4.5,,,,0,0.033,1075.988,0.773,0,,,0,13,281,29.667,55.548,0.616,52.724,,,,,0
2026-10-07T18:00Z,2026-10-08T18:00Z,2847198,24,16.3,16.3,,,,h,16.3,,,,0,0.016,25.201,0.577,0,,,0,1,281,23.605,88.781,0.153,7.936,,,,,0
2026-10-07T18:00Z,2026-10-09T18:00Z,2847198,48,16.5,16.5,,,,h,16.5,,,,0,0.007,38.567,2.593,0,,,0,1,282,23.499,91.219,0.956,24.117,,,,,0
2026-10-07T18:00Z,2026-10-07T19:00Z,2848810,1,44.8,15.1,,,,h,15.1,,,,0.003,0.108,80.189,2.24,0,17,,-1.087,2,280,24.589,97.102,0.834,315.928,,,,,0
2026-10-07T18:00Z,2026-10-07T21:00Z,2848810,3,34.7,12.1,,,,h,12.1,,,,0.002,0.3,134.928,3.355,0,17,,-1.087,4,280,24.366,95.25,1.508,329.68,,,,,0
2026-10-07T18:00Z,2026-10-08T00:00Z,2848810,6,26.7,9.8,,,,h,9.8,,,,-0.001,0.386,170.846,3.812,0.005,17,,-1.087,7,281,24.881,93.99,1.997,354.871,,,,,0
2026-10-07T18:00Z,2026-10-08T06:00Z,2848810,12,19.3,7.9,,,,h,7.9,,,,0.003,0.113,1273.486,1.513,0.053,17,,-1.087,13,281,31.844,61.214,1.153,30.541,,,,,0
2026-10-07T18:00Z,2026-10-08T18:00Z,2848810,24,21.9,11,,,,h,11,,,,0.001,0.023,64.32,1.791,0,17,,-1.087,1,281,25.651,95.51,0.633,289.196,,,,,0
2026-10-07T18:00Z,2026-10-09T18:00Z,2848810,48,41.3,27.6,,,,h,27.6,,,,0,0.011,76.515,0.942,0.828,17,,-1.087,1,282,25.553,93.656,0.268,110.512,,,,,0
2026-10-07T18:00Z,2026-10-07T19:00Z,2909413,1,38.3,38.3,,,,h,38.3,,,,0,0.016,64.481,2.421,0,,,0,2,280,24.264,95.221,1.161,6.425,,,,,0
2026-10-07T18:00Z,2026-10-07T21:00Z,2909413,3,47.1,47.1,,,,h,47.1,,,,0.001,0.018,86.995,2.983,0,,,0,4,280,24.182,93.632,1.124,343.629,,,,,0
2026-10-07T18:00Z,2026-10-08T00:00Z,2909413,6,49.5,49.5,,,,h,49.5,,,,0.002,0.068,152.593,4.096,0.001,,,0,7,281,24.877,93.808,2.189,0.455,,,,,0
2026-10-07T18:00Z,2026-10-08T06:00Z,2909413,12,17.3,17.3,,,,h,17.3,,,,0.002,0.092,1206.705,1.407,0.06,,,0,13,281,31.051,66.744,1.215,333.507,,,,,0
2026-10-07T18:00Z,2026-10-08T18:00Z,2909413,24,60.5,60.5,,,,h,60.5,,,,0.001,0.042,42.614,1.646,0,,,0,1,281,25.854,92.455,0.979,21.559,,,,,0
2026-10-07T18:00Z,2026-10-09T18:00Z,2909413,48,27.4,27.4,,,,h,27.4,,,,0,0.009,205.238,3.889,0.019,,,0,1,282,25.889,88.93,1.883,81.215,,,,,0
2026-10-07T18:00Z,2026-10-07T19:00Z,2926254,1,3.6,3.6,,,,h,3.6,,,,0,0.001,20,0.769,0.044,,,0,2,280,20.087,97.932,0.142,281.055,,,,,0
2026-10-07T18:00Z,2026-10-07T21:00Z,2926254,3,3.7,3.7,,,,h,3.7,,,,0,0.001,18.383,0.569,0,,,0,4,280,20.012,96.585,0.366,327.711,,,,,0
2026-10-07T18:00Z,2026-10-08T00:00Z,2926254,6,5.3,5.3,,,,h,5.3,,,,0,0.002,52.098,0.971,0,,,0,7,281,20.301,97.441,0.643,341.087,,,,,0
2026-10-07T18:00Z,2026-10-08T06:00Z,2926254,12,8.4,8.4,,,,h,8.4,,,,0,0.001,914.88,1.671,0.207,,,0,13,281,27.38,66.036,1.287,68.002,,,,,0
2026-10-07T18:00Z,2026-10-08T18:00Z,2926254,24,10.7,10.7,,,,h,10.7,,,,0,0.002,20,0.402,0,,,0,1,281,21.545,93.601,0.172,238.978,,,,,0
2026-10-07T18:00Z,2026-10-09T18:00Z,2926254,48,12.1,12.1,,,,h,12.1,,,,0,0.004,14.439,0.444,0,,,0,1,282,21.911,85.459,0.104,91.336,,,,,0
2026-10-07T18:00Z,2026-10-07T19:00Z,2927999,1,12.5,9.4,,,,h,9.4,,,,0,0.016,117.592,4.023,0,7.8,,-0.271,2,280,24.528,97.109,1.858,351.632,,,,,0
2026-10-07T18:00Z,2026-10-07T21:00Z,2927999,3,12.4,9.4,,,,h,9.4,,,,0,0.057,137.58,4.424,0,7.8,,-0.271,4,280,24.215,96.499,2.1,3.692,,,,,0
2026-10-07T18:00Z,2026-10-08T00:00Z,2927999,6,11.1,8.6,,,,h,8.6,,,,0,0.062,172.562,3.618,0,7.8,,-0.271,7,281,24.852,92.98,2.102,13.104,,,,,0
2026-10-07T18:00Z,2026-10-08T06:00Z,2927999,12,9.4,7.5,,,,h,7.5,,,,0,0.011,1178.935,2.495,0,7.8,,-0.271,13,281,31.374,63.241,2.024,38.917,,,,,0
2026-10-07T18:00Z,2026-10-08T18:00Z,2927999,24,15.3,12.9,,,,h,12.9,,,,0,0.004,77.562,3.343,0,7.8,,-0.271,1,281,25.428,94.718,1.47,335.967,,,,,0
2026-10-07T18:00Z,2026-10-09T18:00Z,2927999,48,19.7,17.8,,,,h,17.8,,,,0,0.01,52.601,2.651,0,7.8,,-0.271,1,282,26.178,91.222,1.028,35.715,,,,,0
2026-10-07T18:00Z,2026-10-07T19:00Z,3019320,1,46.3,61.2,,,,h,61.2,,,,0.004,0.148,69.422,1.944,0,44.3,,0.285,2,280,24.605,97.333,0.765,305.734,,,,,0
2026-10-07T18:00Z,2026-10-07T21:00Z,3019320,3,49.9,65.1,,,,h,65.1,,,,0.002,0.41,123.662,3.142,0,44.3,,0.285,4,280,24.292,95.608,1.4,321.09,,,,,0
2026-10-07T18:00Z,2026-10-08T00:00Z,3019320,6,42.3,54.4,,,,h,54.4,,,,0.003,0.588,154.192,3.39,0,44.3,,0.285,7,281,24.846,94.262,1.795,350.077,,,,,0
2026-10-07T18:00Z,2026-10-08T06:00Z,3019320,12,12.5,15.8,,,,h,15.8,,,,0.005,0.097,1304.378,1.183,0.037,44.3,,0.285,13,281,31.986,60.633,0.881,28.78,,,,,0
2026-10-07T18:00Z,2026-10-08T18:00Z,3019320,24,48.2,57.3,,,,h,57.3,,,,0.001,0.021,55.654,1.463,0,44.3,,0.285,1,281,25.769,95.954,0.485,275.754,,,,,0
2026-10-07T18:00Z,2026-10-09T18:00Z,3019320,48,39.1,43.4,,,,h,43.4,,,,0,0.012,64.286,1.426,0.655,44.3,,0.285,1,282,25.644,93.695,0.519,128.778,,,,,0
2026-10-07T18:00Z,2026-10-07T19:00Z,3047340,1,31.1,3,,,,h,3,,,,0,0.004,56.152,0.087,0.163,1.5,,-2.179,2,280,21.496,97.71,0.085,2.997,,,,,0
2026-10-07T18:00Z,2026-10-07T21:00Z,3047340,3,23.4,2.3,,,,h,2.3,,,,0,0.004,29.059,0.392,0,1.5,,-2.179,4,280,21.15,98.571,0.191,52.585,,,,,0
2026-10-07T18:00Z,2026-10-08T00:00Z,3047340,6,19.8,2.2,,,,h,2.2,,,,0,0.004,53.827,0.89,0,1.5,,-2.179,7,281,21.19,95.979,0.638,313.344,,,,,0
2026-10-07T18:00Z,2026-10-08T06:00Z,3047340,12,8.7,0.8,,,,h,0.8,,,,0,0.007,944.225,0.835,0.104,1.5,,-2.179,13,281,29.644,61.348,0.672,121.323,,,,,0
2026-10-07T18:00Z,2026-10-08T18:00Z,3047340,24,40.3,10.3,,,,h,10.3,,,,0,0.008,37.748,0.444,0,1.5,,-2.179,1,281,23.187,94.323,0.128,6.404,,,,,0
2026-10-07T18:00Z,2026-10-09T18:00Z,3047340,48,31.7,13.9,,,,h,13.9,,,,0,0.007,37.122,0.834,0,1.5,,-2.179,1,282,23.44,91.32,0.326,326.975,,,,,0
2026-10-07T18:00Z,2026-10-07T19:00Z,3090636,1,46.3,45,,,,h,45,,,,0.003,0.068,72.744,2.008,0,29.4,,-0.029,2,280,24.538,96.857,0.723,317.253,,,,,0
2026-10-07T18:00Z,2026-10-07T21:00Z,3090636,3,49.9,48.6,,,,h,48.6,,,,0.003,0.222,121.61,3.169,0,29.4,,-0.029,4,280,24.285,95.201,1.354,326.66,,,,,0
2026-10-07T18:00Z,2026-10-08T00:00Z,3090636,6,42.3,41.2,,,,h,41.2,,,,0,0.463,160.075,3.639,0.005,29.4,,-0.029,7,281,24.846,94.14,1.906,351.596,,,,,0
2026-10-07T18:00Z,2026-10-08T06:00Z,3090636,12,12.5,12.2,,,,h,12.2,,,,0.004,0.13,1277.118,1.232,0.046,29.4,,-0.029,13,281,31.776,62.027,0.939,22.515,,,,,0
2026-10-07T18:00Z,2026-10-08T18:00Z,3090636,24,48.2,47.4,,,,h,47.4,,,,0.001,0.025,57.213,1.375,0,29.4,,-0.029,1,281,25.736,95.262,0.418,293.037,,,,,0
2026-10-07T18:00Z,2026-10-09T18:00Z,3090636,48,39.1,38.7,,,,h,38.7,,,,0,0.011,88.078,1.429,0.623,29.4,,-0.029,1,282,25.631,93.16,0.342,107.738,,,,,0
2026-10-07T18:00Z,2026-10-07T19:00Z,3097120,1,37,30,,,,h,30,,,,0.002,0.046,81.051,2.293,0,34.6,,-0.211,2,280,24.511,96.585,0.806,324.032,,,,,0
2026-10-07T18:00Z,2026-10-07T21:00Z,3097120,3,34.7,28.4,,,,h,28.4,,,,0.002,0.159,129.106,3.358,0,34.6,,-0.211,4,280,24.33,94.891,1.444,333.017,,,,,0
2026-10-07T18:00Z,2026-10-08T00:00Z,3097120,6,28.9,23.9,,,,h,23.9,,,,0,0.337,172.964,3.98,0.011,34.6,,-0.211,7,281,24.864,93.946,2.067,354.142,,,,,0
2026-10-07T18:00Z,2026-10-08T06:00Z,3097120,12,29.7,25.1,,,,h,25.1,,,,0.003,0.145,1250.168,1.463,0.058,34.6,,-0.211,13,281,31.634,62.774,1.132,24.403,,,,,0
2026-10-07T18:00Z,2026-10-08T18:00Z,3097120,24,31.1,27.3,,,,h,27.3,,,,0.001,0.028,63.839,1.695,0,34.6,,-0.211,1,281,25.645,94.836,0.555,303.079,,,,,0
2026-10-07T18:00Z,2026-10-09T18:00Z,3097120,48,30.6,28.3,,,,h,28.3,,,,0,0.01,99.675,1.2,0.743,34.6,,-0.211,1,282,25.556,93.138,0.131,87.496,,,,,0
2026-10-07T18:00Z,2026-10-07T19:00Z,3203249,1,4.1,16.8,,,,h,16.8,,,,0,0,370.464,2.485,0.02,22.2,,1.301,2,280,26.751,87.169,2.248,327.686,,,,,0
2026-10-07T18:00Z,2026-10-07T21:00Z,3203249,3,3.9,15.2,,,,h,15.2,,,,0,0,321.507,2.165,1.165,22.2,,1.301,4,280,25.878,87.453,2.027,319.998,,,,,0
2026-10-07T18:00Z,2026-10-08T00:00Z,3203249,6,3.7,13.5,,,,h,13.5,,,,0,0,319.778,0.82,0.067,22.2,,1.301,7,281,25.926,87.508,0.707,320.043,,,,,0
2026-10-07T18:00Z,2026-10-08T06:00Z,3203249,12,2.8,9.2,,,,h,9.2,,,,0,0,477.382,3.426,1.486,22.2,,1.301,13,281,27.152,84.482,3.07,292.454,,,,,0
2026-10-07T18:00Z,2026-10-08T18:00Z,3203249,24,2.4,6.4,,,,h,6.4,,,,0,0,429.331,2.685,0.022,22.2,,1.301,1,281,26.771,84.777,2.128,353.505,,,,,0
2026-10-07T18:00Z,2026-10-09T18:00Z,3203249,48,3.6,6.3,,,,h,6.3,,,,0,0.001,220.154,1.633,0.396,22.2,,1.301,1,282,26.575,87.315,1.495,354.808,,,,,0
2026-10-07T18:00Z,2026-10-07T19:00Z,3276359,1,48.7,24,,,,h,24,,,,0,0.002,212.279,3.954,0.806,21.4,,-0.715,2,280,24.347,96.585,2.096,280.315,,,,,0
2026-10-07T18:00Z,2026-10-07T21:00Z,3276359,3,26.8,13.4,,,,h,13.4,,,,0,0.002,282.942,3.687,1.7,21.4,,-0.715,4,280,24.131,96.543,2.471,279.812,,,,,0
2026-10-07T18:00Z,2026-10-08T00:00Z,3276359,6,20.3,10.5,,,,h,10.5,,,,0,0.001,316.813,3.14,0.12,21.4,,-0.715,7,281,24.746,92.758,2.46,330.965,,,,,0
2026-10-07T18:00Z,2026-10-08T06:00Z,3276359,12,16.9,9.4,,,,h,9.4,,,,0,0.001,937.965,3.125,0.086,21.4,,-0.715,13,281,30.915,66.656,2.475,327.354,,,,,0
2026-10-07T18:00Z,2026-10-08T18:00Z,3276359,24,46.9,30.3,,,,h,30.3,,,,0,0,124.474,0.352,0.142,21.4,,-0.715,1,281,24.47,95.874,0.325,239.715,,,,,0
2026-10-07T18:00Z,2026-10-09T18:00Z,3276359,48,37.1,28.4,,,,h,28.4,,,,0,0,138.698,2.982,0.122,21.4,,-0.715,1,282,24.714,95.769,1.325,127.116,,,,,0
2026-10-07T18:00Z,2026-10-07T19:00Z,3400922,1,11.7,24.9,,,,h,24.9,,,,0,0,200.766,0.928,0.238,57.2,,0.742,2,280,25.108,89.045,0.861,33.145,,,,,0
2026-10-07T18:00Z,2026-10-07T21:00Z,3400922,3,11.5,23.7,,,,h,23.7,,,,0,0,284.454,0.926,0.261,57.2,,0.742,4,280,25.194,88.066,0.694,3.219,,,,,0
2026-10-07T18:00Z,2026-10-08T00:00Z,3400922,6,14.3,28,,,,h,28,,,,0,0.002,182.267,1.751,0.04,57.2,,0.742,7,281,25.471,90.422,1.255,259.333,,,,,0
2026-10-07T18:00Z,2026-10-08T06:00Z,3400922,12,20.2,36.3,,,,h,36.3,,,,0,0,345.763,3.282,1.359,57.2,,0.742,13,281,26.446,86.549,2.708,274.368,,,,,0
2026-10-07T18:00Z,2026-10-08T18:00Z,3400922,24,9.1,14.7,,,,h,14.7,,,,0,0,244.326,2.363,0.14,57.2,,0.742,1,281,24.979,92.116,1.7,252.777,,,,,0
2026-10-07T18:00Z,2026-10-09T18:00Z,3400922,48,3.4,4.7,,,,h,4.7,,,,0,0,241.468,0.959,0.129,57.2,,0.742,1,282,25.133,89.764,0.999,289.531,,,,,0
2026-10-07T18:00Z,2026-10-07T19:00Z,3400935,1,37,24.5,,,,h,24.5,,,,0.002,0.033,79.509,2.263,0,30.1,,-0.417,2,280,24.476,96.378,0.78,327.636,,,,,0
2026-10-07T18:00Z,2026-10-07T21:00Z,3400935,3,34.7,23.3,,,,h,23.3,,,,0.002,0.116,124.192,3.314,0,30.1,,-0.417,4,280,24.304,94.756,1.39,333.706,,,,,0
2026-10-07T18:00Z,2026-10-08T00:00Z,3400935,6,28.9,19.8,,,,h,19.8,,,,0,0.312,171.06,3.994,0.012,30.1,,-0.417,7,281,24.855,93.954,2.07,353.72,,,,,0
2026-10-07T18:00Z,2026-10-08T06:00Z,3400935,12,29.7,21.3,,,,h,21.3,,,,0.003,0.155,1243.787,1.394,0.058,30.1,,-0.417,13,281,31.554,63.404,1.086,19.991,,,,,0
2026-10-07T18:00Z,2026-10-08T18:00Z,3400935,24,31.1,24.1,,,,h,24.1,,,,0.001,0.03,61.876,1.588,0,30.1,,-0.417,1,281,25.665,94.557,0.49,309.805,,,,,0
2026-10-07T18:00Z,2026-10-09T18:00Z,3400935,48,30.6,26.2,,,,h,26.2,,,,0,0.01,110.543,1.447,0.666,30.1,,-0.417,1,282,25.581,92.794,0.28,84.287,,,,,0
2026-10-07T18:00Z,2026-10-07T19:00Z,3400936,1,37,29.2,,,,h,29.2,,,,0.002,0.033,79.448,2.261,0,35.7,,-0.24,2,280,24.476,96.379,0.78,327.628,,,,,0
2026-10-07T18:00Z,2026-10-07T21:00Z,3400936,3,34.7,27.6,,,,h,27.6,,,,0.002,0.117,124.118,3.312,0,35.7,,-0.24,4,280,24.304,94.757,1.389,333.675,,,,,0
2026-10-07T18:00Z,2026-10-08T00:00Z,3400936,6,28.9,23.3,,,,h,23.3,,,,0,0.313,170.968,3.992,0.012,35.7,,-0.24,7,281,24.854,93.956,2.069,353.708,,,,,0
2026-10-07T18:00Z,2026-10-08T06:00Z,3400936,12,29.7,24.6,,,,h,24.6,,,,0.003,0.155,1243.92,1.393,0.058,35.7,,-0.24,13,281,31.555,63.403,1.085,19.947,,,,,0
2026-10-07T18:00Z,2026-10-08T18:00Z,3400936,24,31.1,26.8,,,,h,26.8,,,,0.001,0.03,61.822,1.585,0,35.7,,-0.24,1,281,25.665,94.558,0.489,309.804,,,,,0
2026-10-07T18:00Z,2026-10-09T18:00Z,3400936,48,30.6,28,,,,h,28,,,,0,0.01,110.541,1.449,0.665,35.7,,-0.24,1,282,25.581,92.792,0.281,84.398,,,,,0
2026-10-07T18:00Z,2026-10-07T19:00Z,3400937,1,46.3,48.5,,,,h,48.5,,,,0.004,0.107,68.109,1.888,0,33.8,,0.048,2,280,24.574,97.149,0.719,308.459,,,,,0
2026-10-07T18:00Z,2026-10-07T21:00Z,3400937,3,49.9,52.2,,,,h,52.2,,,,0.003,0.323,119.407,3.1,0,33.8,,0.048,4,280,24.266,95.502,1.345,321.34,,,,,0
2026-10-07T18:00Z,2026-10-08T00:00Z,3400937,6,42.3,44.1,,,,h,44.1,,,,0.003,0.606,152.531,3.402,0.002,33.8,,0.048,7,281,24.835,94.279,1.795,349.254,,,,,0
2026-10-07T18:00Z,2026-10-08T06:00Z,3400937,12,12.5,13,,,,h,13,,,,0.005,0.109,1299.014,1.113,0.037,33.8,,0.048,13,281,31.917,61.201,0.833,24.643,,,,,0
2026-10-07T18:00Z,2026-10-08T18:00Z,3400937,24,48.2,49.6,,,,h,49.6,,,,0.001,0.022,54.044,1.313,0,33.8,,0.048,1,281,25.786,95.724,0.404,279.828,,,,,0
2026-10-07T18:00Z,2026-10-09T18:00Z,3400937,48,39.1,39.8,,,,h,39.8,,,,0,0.012,72.9,1.533,0.59,33.8,,0.048,1,282,25.661,93.445,0.49,122.118,,,,,0
2026-10-07T18:00Z,2026-10-07T19:00Z,3400941,1,46.3,42.4,,,,h,42.4,,,,0.004,0.086,67.622,1.861,0,31.9,,-0.091,2,280,24.555,97.029,0.693,310.802,,,,,0
2026-10-07T18:00Z,2026-10-07T21:00Z,3400941,3,49.9,45.8,,,,h,45.8,,,,0.003,0.273,117.108,3.078,0,31.9,,-0.091,4,280,24.254,95.42,1.314,321.874,,,,,0
2026-10-07T18:00Z,2026-10-08T00:00Z,3400941,6,42.3,39,,,,h,39,,,,0.003,0.588,152.024,3.424,0.003,31.9,,-0.091,7,281,24.83,94.278,1.802,349.06,,,,,0
2026-10-07T18:00Z,2026-10-08T06:00Z,3400941,12,12.5,11.6,,,,h,11.6,,,,0.005,0.117,1294.636,1.085,0.037,31.9,,-0.091,13,281,31.87,61.566,0.816,21.812,,,,,0
2026-10-07T18:00Z,2026-10-08T18:00Z,3400941,24,48.2,45.6,,,,h,45.6,,,,0.001,0.023,53.281,1.23,0,31.9,,-0.091,1,281,25.792,95.563,0.358,283.492,,,,,0
2026-10-07T18:00Z,2026-10-09T18:00Z,3400941,48,39.1,37.8,,,,h,37.8,,,,0,0.011,78.939,1.601,0.555,31.9,,-0.091,1,282,25.671,93.272,0.481,117.865,,,,,0
2026-10-07T18:00Z,2026-10-07T19:00Z,3400955,1,15.3,33.5,,,,h,33.5,,,,0,0.063,96.103,2.685,0,33.4,,0.78,2,280,22.217,87.382,0.887,82.444,,,,,0
2026-10-07T18:00Z,2026-10-07T21:00Z,3400955,3,16.8,35.5,,,,h,35.5,,,,0,0.047,67.321,2.193,0,33.4,,0.78,4,280,21.785,88.269,0.759,76.291,,,,,0
2026-10-07T18:00Z,2026-10-08T00:00Z,3400955,6,18.6,37.5,,,,h,37.5,,,,0,0.029,87.771,1.826,0,33.4,,0.78,7,281,22.608,85.928,1.079,15.802,,,,,0
2026-10-07T18:00Z,2026-10-08T06:00Z,3400955,12,14.4,26.9,,,,h,26.9,,,,0,0.012,1116.601,2.391,0,33.4,,0.78,13,281,29.214,55.696,1.927,29.669,,,,,0
2026-10-07T18:00Z,2026-10-08T18:00Z,3400955,24,18.9,30.6,,,,h,30.6,,,,0,0.043,85.981,3.14,0,33.4,,0.78,1,281,23.125,89.917,1.059,85.705,,,,,0
2026-10-07T18:00Z,2026-10-09T18:00Z,3400955,48,11.6,15.7,,,,h,15.7,,,,0,0.001,198.986,4.748,0,33.4,,0.78,1,282,22.331,92.39,2.088,40.026,,,,,0
2026-10-07T18:00Z,2026-10-07T19:00Z,3400984,1,10,2,,,,h,2,,,,0,0.001,200.012,3.085,1.087,3.5,,-1.367,2,280,23.769,96.68,1.749,256.683,,,,,0
2026-10-07T18:00Z,2026-10-07T21:00Z,3400984,3,9.5,2,,,,h,2,,,,0,0,143.307,1.904,0.31,3.5,,-1.367,4,280,23.706,96.757,1.164,324.278,,,,,0
2026-10-07T18:00Z,2026-10-08T00:00Z,3400984,6,8.5,1.9,,,,h,1.9,,,,0,0,202.163,2.681,0.032,3.5,,-1.367,7,281,24.525,94.188,1.462,315.067,,,,,0
2026-10-07T18:00Z,2026-10-08T06:00Z,3400984,12,5.2,1.2,,,,h,1.2,,,,0,0,1104.675,3.497,0.212,3.5,,-1.367,13,281,30.56,67.217,2.746,348.843,,,,,0
2026-10-07T18:00Z,2026-10-08T18:00Z,3400984,24,10.4,4.1,,,,h,4.1,,,,0,0,117.669,2.264,0.265,3.5,,-1.367,1,281,24.462,95.435,1.235,297.317,,,,,0
2026-10-07T18:00Z,2026-10-09T18:00Z,3400984,48,6,3.3,,,,h,3.3,,,,0,0,100.113,1.611,0.131,3.5,,-1.367,1,282,24.306,97.316,0.873,35.323,,,,,0
2026-10-07T18:00Z,2026-10-07T19:00Z,3400986,1,12.5,33.9,,,,h,33.9,,,,0,0.047,114.722,3.775,0,27.6,,0.991,2,280,22.798,76.342,1.723,71.315,,,,,0
2026-10-07T18:00Z,2026-10-07T21:00Z,3400986,3,15.1,39.1,,,,h,39.1,,,,0,0.015,68.341,3.243,0,27.6,,0.991,4,280,22.05,80.274,1.253,85.163,,,,,0
2026-10-07T18:00Z,2026-10-08T00:00Z,3400986,6,18.6,45.2,,,,h,45.2,,,,0,0.006,61.831,2.199,0,27.6,,0.991,7,281,22.291,83.531,1.13,72.081,,,,,0
2026-10-07T18:00Z,2026-10-08T06:00Z,3400986,12,10.5,23.5,,,,h,23.5,,,,0,0.005,1298.826,1.302,0.003,27.6,,0.991,13,281,29.754,56.712,1.1,71.222,,,,,0
2026-10-07T18:00Z,2026-10-08T18:00Z,3400986,24,23.6,43.3,,,,h,43.3,,,,0,0.024,99.694,3.42,0,27.6,,0.991,1,281,23.718,82.637,1.312,67.68,,,,,0
2026-10-07T18:00Z,2026-10-09T18:00Z,3400986,48,21.2,30.7,,,,h,30.7,,,,0,0.004,225.495,4.707,0,27.6,,0.991,1,282,24.226,81.626,2.55,71.996,,,,,0
2026-10-07T18:00Z,2026-10-07T19:00Z,3401031,1,37,25.2,,,,h,25.2,,,,0.002,0.043,80.574,2.281,0,22.9,,-0.387,2,280,24.504,96.544,0.798,324.686,,,,,0
2026-10-07T18:00Z,2026-10-07T21:00Z,3401031,3,34.7,24,,,,h,24,,,,0.002,0.15,127.905,3.344,0,22.9,,-0.387,4,280,24.324,94.867,1.43,333.053,,,,,0
2026-10-07T18:00Z,2026-10-08T00:00Z,3401031,6,28.9,20.4,,,,h,20.4,,,,0,0.334,172.329,3.977,0.011,22.9,,-0.387,7,281,24.861,93.951,2.065,353.992,,,,,0
2026-10-07T18:00Z,2026-10-08T06:00Z,3401031,12,29.7,21.9,,,,h,21.9,,,,0.003,0.148,1249.241,1.443,0.058,22.9,,-0.387,13,281,31.619,62.9,1.118,23.46,,,,,0
2026-10-07T18:00Z,2026-10-08T18:00Z,3401031,24,31.1,24.5,,,,h,24.5,,,,0.001,0.028,63.302,1.665,0,22.9,,-0.387,1,281,25.651,94.783,0.538,304.323,,,,,0
2026-10-07T18:00Z,2026-10-09T18:00Z,3401031,48,30.6,26.5,,,,h,26.5,,,,0,0.01,101.811,1.255,0.725,22.9,,-0.387,1,282,25.563,93.066,0.162,87.073,,,,,0
2026-10-07T18:00Z,2026-10-07T19:00Z,3402586,1,38.3,33.6,,,,h,33.6,,,,0.001,0.017,59.667,1.807,0,25.2,,-0.133,2,280,24.345,95.788,0.757,350.757,,,,,0
2026-10-07T18:00Z,2026-10-07T21:00Z,3402586,3,47.1,41.6,,,,h,41.6,,,,0.002,0.029,88.827,2.805,0,25.2,,-0.133,4,280,24.145,94.358,0.987,331.552,,,,,0
2026-10-07T18:00Z,2026-10-08T00:00Z,3402586,6,49.5,44,,,,h,44,,,,0.003,0.15,143.432,3.642,0.002,25.2,,-0.133,7,281,24.827,94.136,1.921,353.315,,,,,0
2026-10-07T18:00Z,2026-10-08T06:00Z,3402586,12,17.3,15.5,,,,h,15.5,,,,0.004,0.115,1247.295,1.101,0.044,25.2,,-0.133,13,281,31.345,65.213,0.934,336.917,,,,,0
2026-10-07T18:00Z,2026-10-08T18:00Z,3402586,24,60.5,55.8,,,,h,55.8,,,,0.001,0.036,41.312,0.975,0,25.2,,-0.133,1,281,25.898,93.58,0.626,10.97,,,,,0
2026-10-07T18:00Z,2026-10-09T18:00Z,3402586,48,27.4,26.1,,,,h,26.1,,,,0,0.01,160.65,3.197,0.079,25.2,,-0.133,1,282,25.859,90.388,1.391,91.192,,,,,0
2026-10-07T18:00Z,2026-10-07T19:00Z,3402593,1,38.3,25,,,,h,25,,,,0.001,0.017,59.817,1.809,0,19.5,,-0.43,2,280,24.346,95.793,0.755,350.496,,,,,0
2026-10-07T18:00Z,2026-10-07T21:00Z,3402593,3,47.1,31.4,,,,h,31.4,,,,0.002,0.03,89.094,2.809,0,19.5,,-0.43,4,280,24.146,94.362,0.99,331.549,,,,,0
2026-10-07T18:00Z,2026-10-08T00:00Z,3402593,6,49.5,33.8,,,,h,33.8,,,,0.003,0.151,143.636,3.644,0.002,19.5,,-0.43,7,281,24.827,94.135,1.921,353.289,,,,,0
2026-10-07T18:00Z,2026-10-08T06:00Z,3402593,12,17.3,12.2,,,,h,12.2,,,,0.004,0.116,1247.293,1.1,0.044,19.5,,-0.43,13,281,31.346,65.2,0.932,337.302,,,,,0
2026-10-07T18:00Z,2026-10-08T18:00Z,3402593,24,60.5,46.6,,,,h,46.6,,,,0.001,0.036,41.473,0.973,0,19.5,,-0.43,1,281,25.897,93.589,0.619,10.3,,,,,0
2026-10-07T18:00Z,2026-10-09T18:00Z,3402593,48,27.4,23.3,,,,h,23.3,,,,0,0.01,160.203,3.182,0.083,19.5,,-0.43,1,282,25.857,90.41,1.381,91.174,,,,,0
2026-10-07T18:00Z,2026-10-07T19:00Z,3402594,1,38.3,28.6,,,,h,28.6,,,,0.001,0.017,60.554,1.842,0,22.8,,-0.294,2,280,24.345,95.773,0.767,350.802,,,,,0
2026-10-07T18:00Z,2026-10-07T21:00Z,3402594,3,47.1,35.7,,,,h,35.7,,,,0.002,0.029,89.813,2.827,0,22.8,,-0.294,4,280,24.151,94.334,1.003,332.231,,,,,0
2026-10-07T18:00Z,2026-10-08T00:00Z,3402594,6,49.5,38.2,,,,h,38.2,,,,0.003,0.149,144.785,3.675,0.002,22.8,,-0.294,7,281,24.83,94.116,1.936,353.619,,,,,0
2026-10-07T18:00Z,2026-10-08T06:00Z,3402594,12,17.3,13.6,,,,h,13.6,,,,0.004,0.117,1244.999,1.113,0.045,22.8,,-0.294,13,281,31.335,65.25,0.941,338.238,,,,,0
2026-10-07T18:00Z,2026-10-08T18:00Z,3402594,24,60.5,50.6,,,,h,50.6,,,,0.001,0.036,42.052,1.003,0,22.8,,-0.294,1,281,25.889,93.553,0.62,9.224,,,,,0
2026-10-07T18:00Z,2026-10-09T18:00Z,3402594,48,27.4,24.5,,,,h,24.5,,,,0,0.01,161.268,3.17,0.094,22.8,,-0.294,1,282,25.851,90.4,1.376,90.431,,,,,0
2026-10-07T18:00Z,2026-10-07T19:00Z,3405765,1,10,2.7,,,,h,2.7,,,,0,0.001,199.358,3.067,1.087,3.8,,-1.137,2,280,23.762,96.69,1.739,256.73,,,,,0
2026-10-07T18:00Z,2026-10-07T21:00Z,3405765,3,9.5,2.7,,,,h,2.7,,,,0,0,142.849,1.902,0.309,3.8,,-1.137,4,280,23.699,96.763,1.161,324.206,,,,,0
2026-10-07T18:00Z,2026-10-08T00:00Z,3405765,6,8.5,2.6,,,,h,2.6,,,,0,0,201.863,2.681,0.032,3.8,,-1.137,7,281,24.518,94.202,1.461,315.077,,,,,0
2026-10-07T18:00Z,2026-10-08T06:00Z,3405765,12,5.2,1.6,,,,h,1.6,,,,0,0,1101.873,3.498,0.216,3.8,,-1.137,13,281,30.538,67.304,2.746,348.743,,,,,0
2026-10-07T18:00Z,2026-10-08T18:00Z,3405765,24,10.4,4.8,,,,h,4.8,,,,0,0,117.473,2.265,0.264,3.8,,-1.137,1,281,24.454,95.448,1.233,297.398,,,,,0
2026-10-07T18:00Z,2026-10-09T18:00Z,3405765,48,6,3.6,,,,h,3.6,,,,0,0,100,1.608,0.132,3.8,,-1.137,1,282,24.298,97.324,0.87,35.249,,,,,0
2026-10-07T18:00Z,2026-10-07T19:00Z,3412669,1,12.5,30.5,,,,h,30.5,,,,0,0.049,115.717,3.761,0,35.9,,0.883,2,280,22.853,76.242,1.682,69.477,,,,,0
2026-10-07T18:00Z,2026-10-07T21:00Z,3412669,3,15.1,35.3,,,,h,35.3,,,,0,0.013,66.977,3.126,0,35.9,,0.883,4,280,22.093,79.852,1.168,82.537,,,,,0
2026-10-07T18:00Z,2026-10-08T00:00Z,3412669,6,18.6,41,,,,h,41,,,,0,0.004,66.833,2.23,0,35.9,,0.883,7,281,22.425,82.936,1.08,67.048,,,,,0
2026-10-07T18:00Z,2026-10-08T06:00Z,3412669,12,10.5,21.6,,,,h,21.6,,,,0,0.003,1287.677,1.536,0.007,35.9,,0.883,13,281,29.804,56.433,1.293,55.484,,,,,0
2026-10-07T18:00Z,2026-10-08T18:00Z,3412669,24,23.6,40.6,,,,h,40.6,,,,0,0.026,96.187,3.389,0,35.9,,0.883,1,281,23.726,83.292,1.274,66.637,,,,,0
2026-10-07T18:00Z,2026-10-09T18:00Z,3412669,48,21.2,29.5,,,,h,29.5,,,,0,0.004,245.139,4.778,0,35.9,,0.883,1,282,24.296,81.08,2.572,67.343,,,,,0
2026-10-07T18:00Z,2026-10-07T19:00Z,3478630,1,6.6,29.9,,,,h,29.9,,,,0,0,23.484,0.293,0,28.6,,1.461,2,280,20.58,87.412,0.054,23.556,,,,,0
2026-10-07T18:00Z,2026-10-07T21:00Z,3478630,3,6.9,29.3,,,,h,29.3,,,,0,0,23.484,0.337,0,28.6,,1.461,4,280,19.96,89.413,0.088,38.253,,,,,0
2026-10-07T18:00Z,2026-10-08T00:00Z,3478630,6,7.9,30.5,,,,h,30.5,,,,0,0,51.972,0.692,0,28.6,,1.461,7,281,20.603,87.754,0.271,38.355,,,,,0
2026-10-07T18:00Z,2026-10-08T06:00Z,3478630,12,3.4,12.4,,,,h,12.4,,,,0,0,1161.126,1.872,0,28.6,,1.461,13,281,28.628,55.235,1.417,23.079,,,,,0
2026-10-07T18:00Z,2026-10-08T18:00Z,3478630,24,9.5,24,,,,h,24,,,,0,0.002,23.484,0.435,0,28.6,,1.461,1,281,21.241,86.469,0.076,48.337,,,,,0
2026-10-07T18:00Z,2026-10-09T18:00Z,3478630,48,16.2,28.1,,,,h,28.1,,,,0,0.006,38.18,1.908,0,28.6,,1.461,1,282,21.928,85.77,0.508,43.146,,,,,0
2026-10-07T18:00Z,2026-10-07T19:00Z,3478631,1,6.7,12.7,,,,h,12.7,,,,0,0.003,109.208,3.026,0,8.7,,0.598,2,280,20.648,76.481,1.613,68.005,,,,,0
2026-10-07T18:00Z,2026-10-07T21:00Z,3478631,3,6.3,11.7,,,,h,11.7,,,,0,0.003,61.514,2.394,0,8.7,,0.598,4,280,20.033,80.518,1.173,76.783,,,,,0
2026-10-07T18:00Z,2026-10-08T00:00Z,3478631,6,6.7,11.9,,,,h,11.9,,,,0,0.004,59.469,1.974,0,8.7,,0.598,7,281,20.844,81.064,1.341,59.864,,,,,0
2026-10-07T18:00Z,2026-10-08T06:00Z,3478631,12,8,13.2,,,,h,13.2,,,,0,0.006,1413.014,0.81,0,8.7,,0.598,13,281,28.753,53.184,0.678,39.612,,,,,0
2026-10-07T18:00Z,2026-10-08T18:00Z,3478631,24,14.6,21.3,,,,h,21.3,,,,0,0.033,98.892,2.958,0,8.7,,0.598,1,281,21.447,85.898,1.462,56.166,,,,,0
2026-10-07T18:00Z,2026-10-09T18:00Z,3478631,48,14.7,18.5,,,,h,18.5,,,,0,0.003,223.9,5.107,0.007,8.7,,0.598,1,282,22.723,81.931,2.837,57.404,,,,,0
2026-10-07T18:00Z,2026-10-07T19:00Z,3493785,1,3.7,6.7,,,,h,6.7,,,,0,0,21.745,1.16,0,5.1,,0.513,2,280,18.558,84.21,0.352,107.122,,,,,0
2026-10-07T18:00Z,2026-10-07T21:00Z,3493785,3,4.1,7.2,,,,h,7.2,,,,0,0,20.566,0.864,0,5.1,,0.513,4,280,17.962,85.699,0.177,107.159,,,,,0
2026-10-07T18:00Z,2026-10-08T00:00Z,3493785,6,4.8,8,,,,h,8,,,,0,0,34.965,0.849,0,5.1,,0.513,7,281,18.913,85.39,0.421,120.7,,,,,0
2026-10-07T18:00Z,2026-10-08T06:00Z,3493785,12,5.4,8.5,,,,h,8.5,,,,0,0.001,1344.162,1.184,0,5.1,,0.513,13,281,27.455,51.331,0.943,38.859,,,,,0
2026-10-07T18:00Z,2026-10-08T18:00Z,3493785,24,11.6,16.1,,,,h,16.1,,,,0,0.005,27.323,1.526,0,5.1,,0.513,1,281,19.416,84.798,0.481,104.883,,,,,0
2026-10-07T18:00Z,2026-10-09T18:00Z,3493785,48,19.8,24,,,,h,24,,,,0,0.005,44.774,2.754,0,5.1,,0.513,1,282,20.535,83.567,0.897,65.83,,,,,0
2026-10-07T18:00Z,2026-10-07T19:00Z,3493786,1,19,32.2,,,,h,32.2,,,,0,0.015,127.632,3.194,0,38.8,,0.528,2,280,20.674,81.282,1.478,19.001,,,,,0
2026-10-07T18:00Z,2026-10-07T21:00Z,3493786,3,19.2,31.8,,,,h,31.8,,,,0,0.018,97.411,3.129,0,38.8,,0.528,4,280,20.167,84.641,1.397,13.846,,,,,0
2026-10-07T18:00Z,2026-10-08T00:00Z,3493786,6,19.6,31.5,,,,h,31.5,,,,0,0.023,180.277,3.827,0,38.8,,0.528,7,281,21.653,80.128,2.208,359.178,,,,,0
2026-10-07T18:00Z,2026-10-08T06:00Z,3493786,12,12.1,18.6,,,,h,18.6,,,,0,0.039,1180.859,2.894,0.049,38.8,,0.528,13,281,29.178,57.101,2.177,22.704,,,,,0
2026-10-07T18:00Z,2026-10-08T18:00Z,3493786,24,29.8,41.2,,,,h,41.2,,,,0,0.031,143.754,3.17,0,38.8,,0.528,1,281,22.105,88.973,1.37,22.273,,,,,0
2026-10-07T18:00Z,2026-10-09T18:00Z,3493786,48,2.7,3.5,,,,h,3.5,,,,0,0,303.314,6.212,0,38.8,,0.528,1,282,21.728,93.142,3.158,41.41,,,,,0
2026-10-07T18:00Z,2026-10-07T19:00Z,3493787,1,19,28.5,,,,h,28.5,,,,0,0.016,92.973,3.346,0,33.1,,0.405,2,280,21.178,81.759,1.252,46.008,,,,,0
2026-10-07T18:00Z,2026-10-07T21:00Z,3493787,3,19.2,28.3,,,,h,28.3,,,,0,0.014,54.88,2.989,0,33.1,,0.405,4,280,20.525,86.264,1.187,33.304,,,,,0
2026-10-07T18:00Z,2026-10-08T00:00Z,3493787,6,19.6,28.2,,,,h,28.2,,,,0,0.017,145.285,3.762,0,33.1,,0.405,7,281,22.192,79.855,2.174,4.311,,,,,0
2026-10-07T18:00Z,2026-10-08T06:00Z,3493787,12,12.1,16.8,,,,h,16.8,,,,0,0.026,1156.163,2.454,0.09,33.1,,0.405,13,281,29.71,59.414,1.879,33.007,,,,,0
2026-10-07T18:00Z,2026-10-08T18:00Z,3493787,24,29.8,38.2,,,,h,38.2,,,,0,0.045,89.754,3.061,0,33.1,,0.405,1,281,22.676,89.745,1.138,55.232,,,,,0
2026-10-07T18:00Z,2026-10-09T18:00Z,3493787,48,2.7,3.3,,,,h,3.3,,,,0,0,312.958,7.305,0,33.1,,0.405,1,282,22.05,95.43,3.754,58.67,,,,,0
2026-10-07T18:00Z,2026-10-07T19:00Z,3499026,1,6.2,3.6,,,,h,3.6,,,,0,0.001,18.962,0.954,0,3.4,,-0.475,2,280,17.655,85.502,0.376,127.782,,,,,0
2026-10-07T18:00Z,2026-10-07T21:00Z,3499026,3,6.5,3.8,,,,h,3.8,,,,0,0.001,23.205,0.871,0,3.4,,-0.475,4,280,17.151,86.63,0.218,76.486,,,,,0
2026-10-07T18:00Z,2026-10-08T00:00Z,3499026,6,7.4,4.6,,,,h,4.6,,,,0,0.001,46.259,1.33,0,3.4,,-0.475,7,281,18.257,85.564,0.719,86.707,,,,,0
2026-10-07T18:00Z,2026-10-08T06:00Z,3499026,12,4.1,2.5,,,,h,2.5,,,,0,0.001,946.502,2.716,0,3.4,,-0.475,13,281,25.469,55.77,2.064,18.833,,,,,0
2026-10-07T18:00Z,2026-10-08T18:00Z,3499026,24,11.3,8.3,,,,h,8.3,,,,0,0.004,19.666,0.492,0,3.4,,-0.475,1,281,18.46,83.673,0.35,109.851,,,,,0
2026-10-07T18:00Z,2026-10-09T18:00Z,3499026,48,16.1,13.4,,,,h,13.4,,,,0,0.005,120.358,3.014,0,3.4,,-0.475,1,282,19.103,89.296,1.025,94.986,,,,,0
2026-10-07T18:00Z,2026-10-07T19:00Z,3501135,1,14.5,19.5,,,,h,19.5,,,,0,0.069,18.781,0.58,0,17.9,,0.289,2,280,22.636,90.74,0.193,312.19,,,,,0
2026-10-07T18:00Z,2026-10-07T21:00Z,3501135,3,12,16,,,,h,16,,,,0,0.082,24.66,0.518,0,17.9,,0.289,4,280,22.037,92.492,0.151,24.748,,,,,0
2026-10-07T18:00Z,2026-10-08T00:00Z,3501135,6,11.4,14.9,,,,h,14.9,,,,0,0.075,37.635,0.205,0,17.9,,0.289,7,281,22.361,90.2,0.153,52.877,,,,,0
2026-10-07T18:00Z,2026-10-08T06:00Z,3501135,12,3.6,4.7,,,,h,4.7,,,,0,0.035,1104.366,0.453,0,17.9,,0.289,13,281,29.72,55.878,0.322,142.234,,,,,0
2026-10-07T18:00Z,2026-10-08T18:00Z,3501135,24,16.5,19.8,,,,h,19.8,,,,0,0.016,30.359,0.944,0,17.9,,0.289,1,281,23.657,89.917,0.317,359.195,,,,,0
2026-10-07T18:00Z,2026-10-09T18:00Z,3501135,48,15.7,17.5,,,,h,17.5,,,,0,0.007,40.359,2.533,0,17.9,,0.289,1,282,23.6,91.596,0.978,16.117,,,,,0
2026-10-07T18:00Z,2026-10-07T19:00Z,3501136,1,9.6,9.7,,,,h,9.7,,,,0,0.005,19.653,0.483,0,8.6,,0.006,2,280,20.599,84.694,0.315,83.565,,,,,0
2026-10-07T18:00Z,2026-10-07T21:00Z,3501136,3,9.5,9.6,,,,h,9.6,,,,0,0.01,24.826,0.947,0,8.6,,0.006,4,280,20.046,84.876,0.359,68.864,,,,,0
2026-10-07T18:00Z,2026-10-08T00:00Z,3501136,6,10.4,10.5,,,,h,10.5,,,,0,0.014,30.936,1.092,0,8.6,,0.006,7,281,20.75,82.55,0.693,84.198,,,,,0
2026-10-07T18:00Z,2026-10-08T06:00Z,3501136,12,3.4,3.4,,,,h,3.4,,,,0,0.011,1393.722,1.086,0,8.6,,0.006,13,281,29.068,50.981,0.809,17.268,,,,,0
2026-10-07T18:00Z,2026-10-08T18:00Z,3501136,24,11.6,11.6,,,,h,11.6,,,,0,0.01,17.076,0.588,0,8.6,,0.006,1,281,21.741,86.22,0.245,91.977,,,,,0
2026-10-07T18:00Z,2026-10-09T18:00Z,3501136,48,13,13,,,,h,13,,,,0,0.006,32.902,2.297,0,8.6,,0.006,1,282,21.569,85.561,0.965,57.07,,,,,0
2026-10-07T18:00Z,2026-10-07T19:00Z,3501137,1,7.2,10.4,,,,h,10.4,,,,0,0,20.235,0.652,0,6.1,,0.342,2,280,18.472,86.295,0.085,101.039,,,,,0
2026-10-07T18:00Z,2026-10-07T21:00Z,3501137,3,7.5,10.6,,,,h,10.6,,,,0,0,20.235,0.448,0,6.1,,0.342,4,280,17.989,86.983,0.067,101.738,,,,,0
2026-10-07T18:00Z,2026-10-08T00:00Z,3501137,6,9,12.4,,,,h,12.4,,,,0,0,35.783,0.493,0,6.1,,0.342,7,281,18.914,86.075,0.35,121.967,,,,,0
2026-10-07T18:00Z,2026-10-08T06:00Z,3501137,12,4.5,6.1,,,,h,6.1,,,,0,0.001,1331.592,1.204,0.004,6.1,,0.342,13,281,27.526,51.648,0.936,44.14,,,,,0
2026-10-07T18:00Z,2026-10-08T18:00Z,3501137,24,11.6,14.4,,,,h,14.4,,,,0,0.004,25.899,0.939,0,6.1,,0.342,1,281,19.351,86.81,0.196,101.936,,,,,0
2026-10-07T18:00Z,2026-10-09T18:00Z,3501137,48,18.2,20.7,,,,h,20.7,,,,0,0.005,36.899,2.446,0,6.1,,0.342,1,282,20.554,83.459,0.776,56.584,,,,,0
2026-10-07T18:00Z,2026-10-07T19:00Z,3503723,1,16,11.6,,,,h,11.6,,,,0,0.019,92.385,2.521,0,9.4,,-0.316,2,280,20.546,80.014,1.33,324.095,,,,,0
2026-10-07T18:00Z,2026-10-07T21:00Z,3503723,3,17.2,12.6,,,,h,12.6,,,,0,0.043,81.599,1.723,0,9.4,,-0.316,4,280,20.018,87.52,0.706,320.389,,,,,0
2026-10-07T18:00Z,2026-10-08T00:00Z,3503723,6,18.1,13.5,,,,h,13.5,,,,0,0.086,123.169,1.623,0,9.4,,-0.316,7,281,21.314,82.321,1.167,350.505,,,,,0
2026-10-07T18:00Z,2026-10-08T06:00Z,3503723,12,13.2,10.2,,,,h,10.2,,,,0,0.097,1290.683,1.463,0,9.4,,-0.316,13,281,29.068,53.8,1.019,36.26,,,,,0
2026-10-07T18:00Z,2026-10-08T18:00Z,3503723,24,26.5,21.8,,,,h,21.8,,,,0,0.026,110.528,3.24,0,9.4,,-0.316,1,281,21.696,89.193,1.609,337.272,,,,,0
2026-10-07T18:00Z,2026-10-09T18:00Z,3503723,48,17.4,15.4,,,,h,15.4,,,,0,0.001,190.815,4.492,0.079,9.4,,-0.316,1,282,22.171,89.459,1.946,13.246,,,,,0
2026-10-07T18:00Z,2026-10-07T19:00Z,3503724,1,18.2,25.9,,,,h,25.9,,,,0,0.023,192.334,5.557,0,23.9,,0.353,2,280,18.941,80.049,2.86,340.405,,,,,0
2026-10-07T18:00Z,2026-10-07T21:00Z,3503724,3,18.3,25.7,,,,h,25.7,,,,0,0.036,179.827,5.413,0,23.9,,0.353,4,280,18.734,79.655,2.749,343.048,,,,,0
2026-10-07T18:00Z,2026-10-08T00:00Z,3503724,6,18.6,25.6,,,,h,25.6,,,,0,0.056,275.543,5.126,0,23.9,,0.353,7,281,20.213,77.838,2.83,343.919,,,,,0
2026-10-07T18:00Z,2026-10-08T06:00Z,3503724,12,13.8,18.4,,,,h,18.4,,,,0,0.073,1246.027,4.181,0,23.9,,0.353,13,281,28,54.729,3,17.373,,,,,0
2026-10-07T18:00Z,2026-10-08T18:00Z,3503724,24,27.5,34.1,,,,h,34.1,,,,0,0.027,252.082,5.996,0,23.9,,0.353,1,281,20.693,87.786,3.17,342.375,,,,,0
2026-10-07T18:00Z,2026-10-09T18:00Z,3503724,48,7.7,8.9,,,,h,8.9,,,,0,0,316.806,5.404,0.42,23.9,,0.353,1,282,20.904,91.09,3.065,5.998,,,,,0
2026-10-07T18:00Z,2026-10-07T19:00Z,3503725,1,16.9,27.9,,,,h,27.9,,,,0,0.011,200.284,4.524,0,36,,0.5,2,280,20.036,78.993,2.213,356.983,,,,,0
2026-10-07T18:00Z,2026-10-07T21:00Z,3503725,3,15.9,25.8,,,,h,25.8,,,,0,0.014,188.792,4.575,0,36,,0.5,4,280,19.816,80.149,2.157,357.299,,,,,0
2026-10-07T18:00Z,2026-10-08T00:00Z,3503725,6,14.1,22.3,,,,h,22.3,,,,0,0.024,285.968,4.803,0,36,,0.5,7,281,21.199,78.092,2.61,352.603,,,,,0
2026-10-07T18:00Z,2026-10-08T06:00Z,3503725,12,16,23.9,,,,h,23.9,,,,0,0.052,1118.525,4.096,0.053,36,,0.5,13,281,27.989,60.504,2.962,14.108,,,,,0
2026-10-07T18:00Z,2026-10-08T18:00Z,3503725,24,22.1,30.1,,,,h,30.1,,,,0,0.031,245.454,4.788,0,36,,0.5,1,281,21.471,88.666,2.365,356.54,,,,,0
2026-10-07T18:00Z,2026-10-09T18:00Z,3503725,48,0.4,0.7,,,,h,0.7,,,,0,0,339.194,6.102,0.188,36,,0.5,1,282,21.32,92.928,3.3,26.714,,,,,0
2026-10-07T18:00Z,2026-10-07T19:00Z,3510962,1,16.4,1.4,,,,h,1.4,,,,0,0.167,78.038,2.595,0,0.3,,-2.075,2,280,18.278,82.466,1.349,330.06,,,,,0
2026-10-07T18:00Z,2026-10-07T21:00Z,3510962,3,17.5,1.7,,,,h,1.7,,,,0,0.227,75.539,2.376,0,0.3,,-2.075,4,280,17.914,84.761,1.121,327.451,,,,,0
2026-10-07T18:00Z,2026-10-08T00:00Z,3510962,6,19.6,2.4,,,,h,2.4,,,,0,0.188,113.803,2.15,0,0.3,,-2.075,7,281,19.482,80.367,1.375,335.996,,,,,0
2026-10-07T18:00Z,2026-10-08T06:00Z,3510962,12,12,1.7,,,,h,1.7,,,,0,0.077,1315.699,1.497,0,0.3,,-2.075,13,281,27.192,55.778,1.051,55.605,,,,,0
2026-10-07T18:00Z,2026-10-08T18:00Z,3510962,24,24.9,6.6,,,,h,6.6,,,,0,0.026,97.692,3.035,0,0.3,,-2.075,1,281,19.376,91.306,1.582,337.11,,,,,0
2026-10-07T18:00Z,2026-10-09T18:00Z,3510962,48,19.9,8.9,,,,h,8.9,,,,0,0.001,160.61,2.708,0.55,0.3,,-2.075,1,282,20.776,92.816,1.252,13.351,,,,,0
2026-10-07T18:00Z,2026-10-07T19:00Z,3510963,1,16,26.3,,,,h,26.3,,,,0,0.018,98.399,3.401,0,34,,0.494,2,280,21.621,82.914,1.226,58.489,,,,,0
2026-10-07T18:00Z,2026-10-07T21:00Z,3510963,3,15.8,25.5,,,,h,25.5,,,,0,0.016,60.774,2.904,0,34,,0.494,4,280,20.988,86.806,1.178,46.319,,,,,0
2026-10-07T18:00Z,2026-10-08T00:00Z,3510963,6,16.1,25.2,,,,h,25.2,,,,0,0.017,134.625,3.397,0,34,,0.494,7,281,22.475,81.081,1.945,9.051,,,,,0
2026-10-07T18:00Z,2026-10-08T06:00Z,3510963,12,10.2,15.3,,,,h,15.3,,,,0,0.022,1140.698,2.486,0.078,34,,0.494,13,281,29.735,59.488,1.922,37.117,,,,,0
2026-10-07T18:00Z,2026-10-08T18:00Z,3510963,24,24.7,33.5,,,,h,33.5,,,,0,0.047,91.074,3.304,0,34,,0.494,1,281,22.992,89.709,1.289,68.581,,,,,0
2026-10-07T18:00Z,2026-10-09T18:00Z,3510963,48,0.9,1.3,,,,h,1.3,,,,0,0,295.198,7.044,0,34,,0.494,1,282,22.246,95.383,3.563,59.479,,,,,0
2026-10-07T18:00Z,2026-10-07T19:00Z,3510964,1,2.2,8.9,,,,h,8.9,,,,0,0.013,158.459,3.26,0.102,10.1,,1.178,2,280,21.021,93.088,1.406,16.528,,,,,0
2026-10-07T18:00Z,2026-10-07T21:00Z,3510964,3,2,7.9,,,,h,7.9,,,,0,0.012,122.929,3.193,0.084,10.1,,1.178,4,280,20.808,93.757,1.511,13.801,,,,,0
2026-10-07T18:00Z,2026-10-08T00:00Z,3510964,6,2.2,7.9,,,,h,7.9,,,,0,0.011,249.717,3.011,0.072,10.1,,1.178,7,281,21.869,92.364,1.563,358.31,,,,,0
2026-10-07T18:00Z,2026-10-08T06:00Z,3510964,12,1.7,5.6,,,,h,5.6,,,,0,0.005,632.608,3.386,0.69,10.1,,1.178,13,281,24.256,88.352,2.084,12.014,,,,,0
2026-10-07T18:00Z,2026-10-08T18:00Z,3510964,24,4,9.1,,,,h,9.1,,,,0,0.003,56.445,2.115,0.27,10.1,,1.178,1,281,21.223,93.757,0.996,21.638,,,,,0
2026-10-07T18:00Z,2026-10-09T18:00Z,3510964,48,6.9,11.1,,,,h,11.1,,,,0,0,37.411,2.568,0,10.1,,1.178,1,282,21.173,95.823,1.236,51.256,,,,,0
2026-10-07T18:00Z,2026-10-07T19:00Z,3510965,1,7.2,11.9,,,,h,11.9,,,,0,0,26.326,1.261,0,9.1,,0.47,2,280,20.276,87.84,0.291,18.71,,,,,0
2026-10-07T18:00Z,2026-10-07T21:00Z,3510965,3,7.5,12.1,,,,h,12.1,,,,0,0,26.326,1.228,0,9.1,,0.47,4,280,19.749,87.818,0.23,17.9,,,,,0
2026-10-07T18:00Z,2026-10-08T00:00Z,3510965,6,9,14,,,,h,14,,,,0,0,48.898,1.519,0,9.1,,0.47,7,281,20.493,85.213,0.708,17.118,,,,,0
2026-10-07T18:00Z,2026-10-08T06:00Z,3510965,12,4.5,6.9,,,,h,6.9,,,,0,0,1154.793,2.18,0,9.1,,0.47,13,281,28.403,53.034,1.659,29.76,,,,,0
2026-10-07T18:00Z,2026-10-08T18:00Z,3510965,24,11.6,15.7,,,,h,15.7,,,,0,0.003,26.326,1.266,0,9.1,,0.47,1,281,20.544,88.538,0.258,28.999,,,,,0
2026-10-07T18:00Z,2026-10-09T18:00Z,3510965,48,18.2,21.7,,,,h,21.7,,,,0,0.006,62.531,3.44,0,9.1,,0.47,1,282,21.738,85.311,1.208,33.542,,,,,0
2026-10-07T18:00Z,2026-10-07T19:00Z,3511463,1,4.1,12.3,,,,h,12.3,,,,0,0,25.69,1.728,0,10,,0.999,2,280,18.238,80.714,0.745,98.089,,,,,0
2026-10-07T18:00Z,2026-10-07T21:00Z,3511463,3,4,11.5,,,,h,11.5,,,,0,0,22.222,1.517,0,10,,0.999,4,280,17.54,83.125,0.655,94.648,,,,,0
2026-10-07T18:00Z,2026-10-08T00:00Z,3511463,6,4.5,12,,,,h,12,,,,0,0,31.382,1.427,0,10,,0.999,7,281,18.608,83.677,0.742,96.207,,,,,0
2026-10-07T18:00Z,2026-10-08T06:00Z,3511463,12,4.8,11.4,,,,h,11.4,,,,0,0,1398.815,1.362,0,10,,0.999,13,281,27.006,50.374,1.021,55.675,,,,,0
2026-10-07T18:00Z,2026-10-08T18:00Z,3511463,24,8.7,16.6,,,,h,16.6,,,,0,0.005,28.317,2.224,0,10,,0.999,1,281,18.8,81.371,0.912,94.004,,,,,0
2026-10-07T18:00Z,2026-10-09T18:00Z,3511463,48,19.3,28.1,,,,h,28.1,,,,0,0.005,65.251,3.526,0,10,,0.999,1,282,19.709,84.808,1.401,71.609,,,,,0
2026-10-07T18:00Z,2026-10-07T19:00Z,3513587,1,5,5,,,,h,5,,,,0,0,70.565,2.056,0,,,0,2,280,19.584,77.433,0.767,56.029,,,,,0
2026-10-07T18:00Z,2026-10-07T21:00Z,3513587,3,5.2,5.2,,,,h,5.2,,,,0,0,48.092,2.074,0,,,0,4,280,18.778,80.925,0.775,47.377,,,,,0
2026-10-07T18:00Z,2026-10-08T00:00Z,3513587,6,6,6,,,,h,6,,,,0,0,84.864,2.3,0,,,0,7,281,19.763,80.767,1.091,44.431,,,,,0
2026-10-07T18:00Z,2026-10-08T06:00Z,3513587,12,3.8,3.8,,,,h,3.8,,,,0,0,984.31,1.849,0,,,0,13,281,26.352,55.967,1.432,61.87,,,,,0
2026-10-07T18:00Z,2026-10-08T18:00Z,3513587,24,7.6,7.6,,,,h,7.6,,,,0,0.003,108.512,2.8,0,,,0,1,281,20.448,77.881,1.012,43.374,,,,,0
2026-10-07T18:00Z,2026-10-09T18:00Z,3513587,48,18.7,18.7,,,,h,18.7,,,,0,0.006,114.543,3.85,0,,,0,1,282,20.825,83.312,1.614,37.459,,,,,0
2026-10-07T18:00Z,2026-10-07T19:00Z,3524548,1,7.6,21.1,,,,h,21.1,,,,0,0,28.822,2.307,0,15,,0.983,2,280,17.884,76.518,1.13,94.05,,,,,0
2026-10-07T18:00Z,2026-10-07T21:00Z,3524548,3,8.9,23.5,,,,h,23.5,,,,0,0,24.162,2.179,0,15,,0.983,4,280,17.09,79.945,1.08,89.056,,,,,0
2026-10-07T18:00Z,2026-10-08T00:00Z,3524548,6,10.4,25.7,,,,h,25.7,,,,0,0,29.113,2.166,0,15,,0.983,7,281,18.25,81.843,1.378,87.651,,,,,0
2026-10-07T18:00Z,2026-10-08T06:00Z,3524548,12,4,9.6,,,,h,9.6,,,,0,0.001,1450.905,1.651,0,15,,0.983,13,281,26.405,49.534,1.228,70.56,,,,,0
2026-10-07T18:00Z,2026-10-08T18:00Z,3524548,24,9.1,17.1,,,,h,17.1,,,,0,0.005,29.61,3.02,0,15,,0.983,1,281,18.231,77.339,1.328,89.496,,,,,0
2026-10-07T18:00Z,2026-10-09T18:00Z,3524548,48,17.3,25.1,,,,h,25.1,,,,0,0.006,89.498,4.339,0,15,,0.983,1,282,18.796,85.371,1.96,76.452,,,,,0
2026-10-07T18:00Z,2026-10-07T19:00Z,3524550,1,22.1,38.4,,,,h,38.4,,,,0,0.054,118.683,3.936,0,29.8,,0.557,2,280,19.53,84.306,2.115,329.361,,,,,0
2026-10-07T18:00Z,2026-10-07T21:00Z,3524550,3,22.8,38.7,,,,h,38.7,,,,0,0.075,121.653,4.19,0,29.8,,0.557,4,280,19.325,82.686,2.139,325.445,,,,,0
2026-10-07T18:00Z,2026-10-08T00:00Z,3524550,6,22.4,36.9,,,,h,36.9,,,,0,0.087,190.12,4.021,0,29.8,,0.557,7,281,20.772,79.34,2.246,324.424,,,,,0
2026-10-07T18:00Z,2026-10-08T06:00Z,3524550,12,14.2,22.2,,,,h,22.2,,,,0,0.05,1277.677,3.413,0,29.8,,0.557,13,281,28.331,56.303,2.464,44.58,,,,,0
2026-10-07T18:00Z,2026-10-08T18:00Z,3524550,24,35,49.1,,,,h,49.1,,,,0,0.037,159.062,4.147,0,29.8,,0.557,1,281,21.616,89.388,2.238,330.004,,,,,0
2026-10-07T18:00Z,2026-10-09T18:00Z,3524550,48,8.5,10.6,,,,h,10.6,,,,0,0,211.992,2.072,1.305,29.8,,0.557,1,282,21.86,93.461,1.177,350.131,,,,,0
2026-10-07T18:00Z,2026-10-07T19:00Z,3524551,1,16.9,25,,,,h,25,,,,0,0.012,190.409,4.051,0,28.8,,0.389,2,280,20.401,79.704,1.928,8.288,,,,,0
2026-10-07T18:00Z,2026-10-07T21:00Z,3524551,3,15.9,23.2,,,,h,23.2,,,,0,0.013,172.556,4.096,0,28.8,,0.389,4,280,20.1,81.589,1.87,5.022,,,,,0
2026-10-07T18:00Z,2026-10-08T00:00Z,3524551,6,14.1,20.1,,,,h,20.1,,,,0,0.021,266.898,4.513,0,28.8,,0.389,7,281,21.524,78.541,2.486,357.096,,,,,0
2026-10-07T18:00Z,2026-10-08T06:00Z,3524551,12,16,21.9,,,,h,21.9,,,,0,0.043,1120.311,3.791,0.06,28.8,,0.389,13,281,28.333,60.844,2.757,18.485,,,,,0
2026-10-07T18:00Z,2026-10-08T18:00Z,3524551,24,22.1,28.1,,,,h,28.1,,,,0,0.035,223.678,4.099,0,28.8,,0.389,1,281,21.838,88.779,1.925,7.246,,,,,0
2026-10-07T18:00Z,2026-10-09T18:00Z,3524551,48,0.4,0.6,,,,h,0.6,,,,0,0,339.031,6.267,0.132,28.8,,0.389,1,282,21.584,93.481,3.327,36.49,,,,,0
2026-10-07T18:00Z,2026-10-07T19:00Z,3524552,1,17.9,23.6,,,,h,23.6,,,,0,0.017,136.258,3.139,0,22.4,,0.273,2,280,20.589,80.414,1.616,352.555,,,,,0
2026-10-07T18:00Z,2026-10-07T21:00Z,3524552,3,20.7,26.9,,,,h,26.9,,,,0,0.018,114.878,2.817,0,22.4,,0.273,4,280,20.134,84.847,1.354,354.92,,,,,0
2026-10-07T18:00Z,2026-10-08T00:00Z,3524552,6,20.6,26.3,,,,h,26.3,,,,0,0.022,183.998,3.25,0,22.4,,0.273,7,281,21.464,80.948,1.938,355.29,,,,,0
2026-10-07T18:00Z,2026-10-08T06:00Z,3524552,12,14,17.5,,,,h,17.5,,,,0,0.073,1223.069,2.755,0.016,22.4,,0.273,13,281,29.076,54.901,2.019,19.766,,,,,0
2026-10-07T18:00Z,2026-10-08T18:00Z,3524552,24,25.5,30.2,,,,h,30.2,,,,0,0.025,162.872,3.596,0,22.4,,0.273,1,281,21.94,88.438,1.77,356.814,,,,,0
2026-10-07T18:00Z,2026-10-09T18:00Z,3524552,48,14.2,15.8,,,,h,15.8,,,,0,0.001,271.069,5.594,0,22.4,,0.273,1,282,21.837,90.716,2.755,23.433,,,,,0
2026-10-07T18:00Z,2026-10-07T19:00Z,3524553,1,8.9,17,,,,h,17,,,,0,0.014,195.34,2.74,0.212,22,,0.623,2,280,21.782,94.661,1.173,13.827,,,,,0
2026-10-07T18:00Z,2026-10-07T21:00Z,3524553,3,8.2,15.3,,,,h,15.3,,,,0,0.014,164.302,2.755,0.177,22,,0.623,4,280,21.585,96.351,1.268,6.476,,,,,0
2026-10-07T18:00Z,2026-10-08T00:00Z,3524553,6,6.9,12.5,,,,h,12.5,,,,0,0.015,275.657,2.665,0.038,22,,0.623,7,281,22.461,94.951,1.385,358.868,,,,,0
2026-10-07T18:00Z,2026-10-08T06:00Z,3524553,12,1.5,3,,,,h,3,,,,0,0.006,591.958,3.201,0.809,22,,0.623,13,281,24.912,88.748,1.96,2.991,,,,,0
2026-10-07T18:00Z,2026-10-08T18:00Z,3524553,24,6.7,10.1,,,,h,10.1,,,,0,0.006,69.104,1.679,0.524,22,,0.623,1,281,21.975,96.351,0.709,15.221,,,,,0
2026-10-07T18:00Z,2026-10-09T18:00Z,3524553,48,5.7,7.4,,,,h,7.4,,,,0,0,30.463,1.728,0,22,,0.623,1,282,21.953,97.753,0.816,64.513,,,,,0
2026-10-07T18:00Z,2026-10-07T19:00Z,3527752,1,7.7,5.1,,,,h,5.1,,,,0,0.004,37.56,2.299,0,6.1,,-0.377,2,280,22.355,90.238,0.78,98.448,,,,,0
2026-10-07T18:00Z,2026-10-07T21:00Z,3527752,3,8.4,5.6,,,,h,5.6,,,,0,0.005,29.987,1.674,0,6.1,,-0.377,4,280,21.883,91.437,0.412,86.212,,,,,0
2026-10-07T18:00Z,2026-10-08T00:00Z,3527752,6,9.7,6.7,,,,h,6.7,,,,0.001,0.008,126.071,2.608,0,6.1,,-0.377,7,281,23.234,87.681,1.333,75.271,,,,,0
2026-10-07T18:00Z,2026-10-08T06:00Z,3527752,12,10.1,7.3,,,,h,7.3,,,,0,0.006,1001.023,4.209,0.176,6.1,,-0.377,13,281,28.92,62.287,3.181,58.087,,,,,0
2026-10-07T18:00Z,2026-10-08T18:00Z,3527752,24,11.9,9.3,,,,h,9.3,,,,0,0.011,35.196,2.688,0,6.1,,-0.377,1,281,23.206,87.962,0.893,101.914,,,,,0
2026-10-07T18:00Z,2026-10-09T18:00Z,3527752,48,12.4,10.7,,,,h,10.7,,,,0,0.017,315.701,4.097,0,6.1,,-0.377,1,282,23.192,94.292,1.518,71.577,,,,,0
2026-10-07T18:00Z,2026-10-07T19:00Z,3539280,1,6.7,22.6,,,,h,22.6,,,,0,0.003,97.281,2.896,0,15.5,,1.169,2,280,19.945,80.956,1.757,66.925,,,,,0
2026-10-07T18:00Z,2026-10-07T21:00Z,3539280,3,6.3,20.4,,,,h,20.4,,,,0,0.003,56.905,2.447,0,15.5,,1.169,4,280,19.355,83.214,1.376,69.434,,,,,0
2026-10-07T18:00Z,2026-10-08T00:00Z,3539280,6,6.7,20.2,,,,h,20.2,,,,0,0.003,58.932,2.132,0,15.5,,1.169,7,281,20.078,83.794,1.591,52.657,,,,,0
2026-10-07T18:00Z,2026-10-08T06:00Z,3539280,12,8,21,,,,h,21,,,,0,0.004,1449.222,1.035,0,15.5,,1.169,13,281,28.367,51.063,0.816,357.839,,,,,0
2026-10-07T18:00Z,2026-10-08T18:00Z,3539280,24,14.6,30.2,,,,h,30.2,,,,0,0.023,88.312,2.807,0,15.5,,1.169,1,281,20.723,85.226,1.657,60.175,,,,,0
2026-10-07T18:00Z,2026-10-09T18:00Z,3539280,48,14.7,22.9,,,,h,22.9,,,,0,0.003,202.153,5.058,0,15.5,,1.169,1,282,22.002,82.185,2.945,61.152,,,,,0
2026-10-07T18:00Z,2026-10-07T19:00Z,3539838,1,7.9,12.5,,,,h,12.5,,,,0,0.005,38.934,1.653,0,10.9,,0.433,2,280,21.911,97.446,0.972,5.584,,,,,0
2026-10-07T18:00Z,2026-10-07T21:00Z,3539838,3,7.9,12.3,,,,h,12.3,,,,0,0.008,44.424,1.616,0,10.9,,0.433,4,280,21.47,96.251,0.631,13.446,,,,,0
2026-10-07T18:00Z,2026-10-08T00:00Z,3539838,6,9.5,14.3,,,,h,14.3,,,,0,0.012,65.239,0.311,0,10.9,,0.433,7,281,22.292,95.178,0.411,186.625,,,,,0
2026-10-07T18:00Z,2026-10-08T06:00Z,3539838,12,5.7,8.3,,,,h,8.3,,,,0,0.011,988.56,0.424,0.515,10.9,,0.433,13,281,29.404,60.931,0.353,115.317,,,,,0
2026-10-07T18:00Z,2026-10-08T18:00Z,3539838,24,11.9,15.7,,,,h,15.7,,,,0,0.008,21.724,0.918,0,10.9,,0.433,1,281,22.521,90.351,0.775,26.256,,,,,0
2026-10-07T18:00Z,2026-10-09T18:00Z,3539838,48,13.2,15.6,,,,h,15.6,,,,0,0.004,14.513,1.059,0,10.9,,0.433,1,282,24.063,88.267,0.119,157.812,,,,,0
2026-10-07T18:00Z,2026-10-07T19:00Z,3553302,1,9.8,23.4,,,,h,23.4,,,,0,0,31.563,1.036,0,17.5,,0.851,2,280,18.24,79.266,0.364,17.149,,,,,0
2026-10-07T18:00Z,2026-10-07T21:00Z,3553302,3,10.7,24.6,,,,h,24.6,,,,0,0,31.521,0.782,0,17.5,,0.851,4,280,17.795,78.888,0.172,18.204,,,,,0
2026-10-07T18:00Z,2026-10-08T00:00Z,3553302,6,11.8,25.7,,,,h,25.7,,,,0,0,43.152,0.74,0,17.5,,0.851,7,281,18.45,80.885,0.388,34.872,,,,,0
2026-10-07T18:00Z,2026-10-08T06:00Z,3553302,12,3,6.7,,,,h,6.7,,,,0,0,1093.84,0.597,0,17.5,,0.851,13,281,26.785,52.39,0.527,168.387,,,,,0
2026-10-07T18:00Z,2026-10-08T18:00Z,3553302,24,8.7,15.1,,,,h,15.1,,,,0,0.002,27.709,1.068,0,17.5,,0.851,1,281,18.657,84.084,0.488,9.48,,,,,0
2026-10-07T18:00Z,2026-10-09T18:00Z,3553302,48,12.5,17.3,,,,h,17.3,,,,0,0.007,49.328,3.085,0,17.5,,0.851,1,282,18.397,82.316,1.142,42.845,,,,,0
2026-10-07T18:00Z,2026-10-07T19:00Z,3553304,1,6.6,8.1,,,,h,8.1,,,,0,0.002,10.427,0.119,0,5,,0.193,2,280,19.976,94.842,0.184,0.958,,,,,0
2026-10-07T18:00Z,2026-10-07T21:00Z,3553304,3,6.9,8.4,,,,h,8.4,,,,0,0.002,27.806,1.105,0,5,,0.193,4,280,19.526,95.94,0.471,51.266,,,,,0
2026-10-07T18:00Z,2026-10-08T00:00Z,3553304,6,8.1,9.8,,,,h,9.8,,,,0,0.002,53.212,1.284,0,5,,0.193,7,281,20.947,91.802,0.374,50.846,,,,,0
2026-10-07T18:00Z,2026-10-08T06:00Z,3553304,12,3.4,4.1,,,,h,4.1,,,,0,0.001,985.813,2.663,0,5,,0.193,13,281,28.349,57.016,1.876,18.258,,,,,0
2026-10-07T18:00Z,2026-10-08T18:00Z,3553304,24,8.1,9.2,,,,h,9.2,,,,0,0.003,19.93,0.395,0,5,,0.193,1,281,21.106,89.274,0.162,76.166,,,,,0
2026-10-07T18:00Z,2026-10-09T18:00Z,3553304,48,16.9,18.2,,,,h,18.2,,,,0,0.005,31.631,0.758,0,5,,0.193,1,282,22.087,86.378,0.094,47.356,,,,,0
2026-10-07T18:00Z,2026-10-07T19:00Z,3553305,1,3.3,14.6,,,,h,14.6,,,,0,0.004,42.269,1.25,0,20.4,,1.372,2,280,17.453,90.434,1.066,30.912,,,,,0
2026-10-07T18:00Z,2026-10-07T21:00Z,3553305,3,3.3,13.8,,,,h,13.8,,,,0,0.003,34.414,1.528,0,20.4,,1.372,4,280,16.951,90.888,1.136,31.42,,,,,0
2026-10-07T18:00Z,2026-10-08T00:00Z,3553305,6,3.5,13.4,,,,h,13.4,,,,0,0.003,49.257,1.824,0,20.4,,1.372,7,281,17.929,88.457,1.548,30.421,,,,,0
2026-10-07T18:00Z,2026-10-08T06:00Z,3553305,12,5.7,17.7,,,,h,17.7,,,,0,0.003,1472.853,1.424,0,20.4,,1.372,13,281,26.759,48.768,1.109,319.349,,,,,0
2026-10-07T18:00Z,2026-10-08T18:00Z,3553305,24,12.5,29,,,,h,29,,,,0,0.015,40.543,1.42,0,20.4,,1.372,1,281,18.007,87.526,1.325,39.503,,,,,0
2026-10-07T18:00Z,2026-10-09T18:00Z,3553305,48,11.4,19.1,,,,h,19.1,,,,0,0.003,110.313,3.704,0.009,20.4,,1.372,1,282,19.707,87.646,2.148,57.696,,,,,0
2026-10-07T18:00Z,2026-10-07T19:00Z,3560430,1,11.1,28.6,,,,h,28.6,,,,0,0.037,31.029,1.464,0,27.1,,0.932,2,280,23.267,96.688,0.409,71.144,,,,,0
2026-10-07T18:00Z,2026-10-07T21:00Z,3560430,3,12.9,31.8,,,,h,31.8,,,,0,0.036,55.139,1.995,0,27.1,,0.932,4,280,22.703,96.387,0.641,115.42,,,,,0
2026-10-07T18:00Z,2026-10-08T00:00Z,3560430,6,15.8,36.6,,,,h,36.6,,,,0,0.022,42.592,0.671,0,27.1,,0.932,7,281,22.101,94.684,0.306,125.368,,,,,0
2026-10-07T18:00Z,2026-10-08T06:00Z,3560430,12,9.6,20.6,,,,h,20.6,,,,0,0.011,1049.931,1.068,0,27.1,,0.932,13,281,29.676,56.39,0.896,175.158,,,,,0
2026-10-07T18:00Z,2026-10-08T18:00Z,3560430,24,22.6,40,,,,h,40,,,,0,0.013,47.217,2.468,0,27.1,,0.932,1,281,24.152,86.261,0.67,78.11,,,,,0
2026-10-07T18:00Z,2026-10-09T18:00Z,3560430,48,20.1,28.5,,,,h,28.5,,,,0,0.004,61.563,2.762,0,27.1,,0.932,1,282,24.283,91.753,1.007,149.596,,,,,0
2026-10-07T18:00Z,2026-10-07T19:00Z,3560431,1,11.4,15.6,,,,h,15.6,,,,0,0.002,40.538,0.751,0,13.6,,0.305,2,280,22.503,86.468,0.507,275.631,,,,,0
2026-10-07T18:00Z,2026-10-07T21:00Z,3560431,3,12,16.2,,,,h,16.2,,,,0,0.002,26.533,0.574,0,13.6,,0.305,4,280,22.143,87.215,0.084,341.413,,,,,0
2026-10-07T18:00Z,2026-10-08T00:00Z,3560431,6,13.4,17.7,,,,h,17.7,,,,0,0.004,57.593,0.513,0,13.6,,0.305,7,281,22.262,88.34,0.174,89.394,,,,,0
2026-10-07T18:00Z,2026-10-08T06:00Z,3560431,12,9.3,12,,,,h,12,,,,0,0.004,949.333,1.929,0.076,13.6,,0.305,13,281,28.62,63.233,1.526,102.363,,,,,0
2026-10-07T18:00Z,2026-10-08T18:00Z,3560431,24,14.1,17.1,,,,h,17.1,,,,0,0.004,34.716,0.165,0,13.6,,0.305,1,281,22.929,86.686,0.25,319.535,,,,,0
2026-10-07T18:00Z,2026-10-09T18:00Z,3560431,48,13.6,15.3,,,,h,15.3,,,,0,0.007,47.005,2.057,0,13.6,,0.305,1,282,23.321,87.996,0.631,126.484,,,,,0
2026-10-07T18:00Z,2026-10-07T19:00Z,3560513,1,4.3,8,,,,h,8,,,,0,0.005,24.142,0.89,0,6.2,,0.549,2,280,16.224,89.125,0.693,35.235,,,,,0
2026-10-07T18:00Z,2026-10-07T21:00Z,3560513,3,4.5,8.1,,,,h,8.1,,,,0,0.004,25.409,1.152,0,6.2,,0.549,4,280,15.755,89.182,0.771,31.209,,,,,0
2026-10-07T18:00Z,2026-10-08T00:00Z,3560513,6,4.8,8.3,,,,h,8.3,,,,0,0.003,40.513,1.208,0,6.2,,0.549,7,281,17.104,86.201,0.943,37.035,,,,,0
2026-10-07T18:00Z,2026-10-08T06:00Z,3560513,12,7.2,11.5,,,,h,11.5,,,,0,0.004,1420.913,0.71,0,6.2,,0.549,13,281,25.854,51.651,0.586,334.774,,,,,0
2026-10-07T18:00Z,2026-10-08T18:00Z,3560513,24,13.9,19.6,,,,h,19.6,,,,0,0.015,27.552,1.109,0,6.2,,0.549,1,281,16.792,90.032,1,47.215,,,,,0
2026-10-07T18:00Z,2026-10-09T18:00Z,3560513,48,16.7,20.6,,,,h,20.6,,,,0,0.003,84.52,2.946,0.569,6.2,,0.549,1,282,19.203,90.057,1.452,61.488,,,,,0
2026-10-07T18:00Z,2026-10-07T19:00Z,3560514,1,5.3,29.6,,,,h,29.6,,,,0,0.033,40.19,1.267,0,28.4,,1.649,2,280,16.222,83.617,0.647,10.701,,,,,0
2026-10-07T18:00Z,2026-10-07T21:00Z,3560514,3,5.3,27.7,,,,h,27.7,,,,0,0.027,31.341,1.159,0,28.4,,1.649,4,280,15.774,85.589,0.649,16.613,,,,,0
2026-10-07T18:00Z,2026-10-08T00:00Z,3560514,6,6.5,30.2,,,,h,30.2,,,,0,0.021,37.904,1.267,0,28.4,,1.649,7,281,17.345,82.01,0.981,27.189,,,,,0
2026-10-07T18:00Z,2026-10-08T06:00Z,3560514,12,10.4,39.1,,,,h,39.1,,,,0,0.018,1403.53,0.33,0,28.4,,1.649,13,281,25.442,54.409,0.297,184.77,,,,,0
2026-10-07T18:00Z,2026-10-08T18:00Z,3560514,24,14.3,39.7,,,,h,39.7,,,,0,0.023,38.611,1.739,0,28.4,,1.649,1,281,16.427,92.172,1.007,13.448,,,,,0
2026-10-07T18:00Z,2026-10-09T18:00Z,3560514,48,15.9,29.6,,,,h,29.6,,,,0,0.002,108.175,3.009,0.051,28.4,,1.649,1,282,19.185,91.599,1.425,45.632,,,,,0
2026-10-07T18:00Z,2026-10-07T19:00Z,3561013,1,10.6,13.9,,,,h,13.9,,,,0,0.018,63.239,1.118,0,11.4,,0.263,2,280,19.141,79.811,0.575,24.581,,,,,0
2026-10-07T18:00Z,2026-10-07T21:00Z,3561013,3,10.2,13.3,,,,h,13.3,,,,0,0.023,42.448,0.645,0,11.4,,0.263,4,280,18.577,85.391,0.41,47.101,,,,,0
2026-10-07T18:00Z,2026-10-08T00:00Z,3561013,6,10.3,13.2,,,,h,13.2,,,,0,0.026,49.469,1.038,0,11.4,,0.263,7,281,19.847,81.952,0.845,45.805,,,,,0
2026-10-07T18:00Z,2026-10-08T06:00Z,3561013,12,12.5,15.5,,,,h,15.5,,,,0,0.028,1370.203,0.489,0,11.4,,0.263,13,281,27.704,54.194,0.369,97.233,,,,,0
2026-10-07T18:00Z,2026-10-08T18:00Z,3561013,24,18.9,22.3,,,,h,22.3,,,,0,0.031,59.532,1.812,0,11.4,,0.263,1,281,19.742,89.863,0.856,16.318,,,,,0
2026-10-07T18:00Z,2026-10-09T18:00Z,3561013,48,21,23.2,,,,h,23.2,,,,0,0.002,151.32,3.72,0.028,11.4,,0.263,1,282,21.409,88.094,1.697,40.08,,,,,0
2026-10-07T18:00Z,2026-10-07T19:00Z,3562555,1,7.8,11.2,,,,h,11.2,,,,0,0.001,19.942,0.36,0,11.7,,0.343,2,280,20.078,81.237,0.141,1.855,,,,,0
2026-10-07T18:00Z,2026-10-07T21:00Z,3562555,3,8.8,12.4,,,,h,12.4,,,,0,0.001,25.351,0.899,0,11.7,,0.343,4,280,19.755,81.548,0.286,2.142,,,,,0
2026-10-07T18:00Z,2026-10-08T00:00Z,3562555,6,11.4,15.7,,,,h,15.7,,,,0,0.001,39.255,1.209,0,11.7,,0.343,7,281,20.751,81.134,0.638,22.699,,,,,0
2026-10-07T18:00Z,2026-10-08T06:00Z,3562555,12,3.9,5.4,,,,h,5.4,,,,0,0.001,1282.568,3.201,0.001,11.7,,0.343,13,281,27.543,56.933,2.334,35.413,,,,,0
2026-10-07T18:00Z,2026-10-08T18:00Z,3562555,24,10.5,13.1,,,,h,13.1,,,,0,0.002,24.618,0.502,0,11.7,,0.343,1,281,21.172,76.832,0.202,287.895,,,,,0
2026-10-07T18:00Z,2026-10-09T18:00Z,3562555,48,16.8,19.1,,,,h,19.1,,,,0,0.005,38.473,1.617,0,11.7,,0.343,1,282,21.043,81.987,0.599,43.541,,,,,0
2026-10-07T18:00Z,2026-10-07T19:00Z,3562556,1,13.2,25.3,,,,h,25.3,,,,0,0.015,16.843,0.789,0,13.9,,0.642,2,280,16.045,84.85,0.532,63.444,,,,,0
2026-10-07T18:00Z,2026-10-07T21:00Z,3562556,3,13.9,25.9,,,,h,25.9,,,,0,0.014,21.473,1.157,0,13.9,,0.642,4,280,15.664,84.967,0.593,48.656,,,,,0
2026-10-07T18:00Z,2026-10-08T00:00Z,3562556,6,14.2,25.5,,,,h,25.5,,,,0,0.014,34.262,1.244,0,13.9,,0.642,7,281,17.509,80.167,0.73,54.15,,,,,0
2026-10-07T18:00Z,2026-10-08T06:00Z,3562556,12,10.1,17.1,,,,h,17.1,,,,0,0.02,1293.077,1.816,0,13.9,,0.642,13,281,25.563,54.019,1.284,76.975,,,,,0
2026-10-07T18:00Z,2026-10-08T18:00Z,3562556,24,29,42.9,,,,h,42.9,,,,0,0.058,25.946,0.735,0,13.9,,0.642,1,281,17.015,86.985,0.627,57.256,,,,,0
2026-10-07T18:00Z,2026-10-09T18:00Z,3562556,48,36.2,45.9,,,,h,45.9,,,,0,0.002,103.247,2.478,2.579,13.9,,0.642,1,282,19.52,92.39,1.103,73.862,,,,,0
2026-10-07T18:00Z,2026-10-07T19:00Z,3562557,1,4.3,6.3,,,,h,6.3,,,,0,0.003,26.074,0.755,0,5.6,,0.333,2,280,17.267,90.559,0.732,42.146,,,,,0
2026-10-07T18:00Z,2026-10-07T21:00Z,3562557,3,4.5,6.5,,,,h,6.5,,,,0,0.003,26.473,1.037,0,5.6,,0.333,4,280,16.742,90.944,0.769,32.828,,,,,0
2026-10-07T18:00Z,2026-10-08T00:00Z,3562557,6,4.8,6.7,,,,h,6.7,,,,0,0.003,44.603,1.167,0,5.6,,0.333,7,281,17.786,88.508,1.001,37.571,,,,,0
2026-10-07T18:00Z,2026-10-08T06:00Z,3562557,12,7.2,9.6,,,,h,9.6,,,,0,0.003,1430.335,1.33,0,5.6,,0.333,13,281,26.66,49.604,1.074,325.495,,,,,0
2026-10-07T18:00Z,2026-10-08T18:00Z,3562557,24,13.9,17.2,,,,h,17.2,,,,0,0.011,29.065,0.999,0,5.6,,0.333,1,281,17.975,87.735,1.048,60.744,,,,,0
2026-10-07T18:00Z,2026-10-09T18:00Z,3562557,48,16.7,19,,,,h,19,,,,0,0.003,78.36,3.136,0.181,5.6,,0.333,1,282,19.754,87.645,1.619,61.29,,,,,0
2026-10-07T18:00Z,2026-10-07T19:00Z,3567158,1,6.2,7.8,,,,h,7.8,,,,0,0.001,22.089,0.806,0,7.5,,0.208,2,280,19.427,83.523,0.289,144.843,,,,,0
2026-10-07T18:00Z,2026-10-07T21:00Z,3567158,3,6.4,8,,,,h,8,,,,0,0.002,24.41,0.612,0,7.5,,0.208,4,280,19.008,83.166,0.29,121.081,,,,,0
2026-10-07T18:00Z,2026-10-08T00:00Z,3567158,6,7.6,9.3,,,,h,9.3,,,,0,0.003,26.551,1.067,0,7.5,,0.208,7,281,19.582,82.343,0.661,114.13,,,,,0
2026-10-07T18:00Z,2026-10-08T06:00Z,3567158,12,2.7,3.3,,,,h,3.3,,,,0,0.004,1416.156,1.343,0,7.5,,0.208,13,281,27.662,51.909,0.974,60.978,,,,,0
2026-10-07T18:00Z,2026-10-08T18:00Z,3567158,24,7.4,8.5,,,,h,8.5,,,,0,0.007,22.089,1.185,0,7.5,,0.208,1,281,20.419,87.745,0.444,143.83,,,,,0
2026-10-07T18:00Z,2026-10-09T18:00Z,3567158,48,10.8,11.7,,,,h,11.7,,,,0,0.006,35.282,2.638,0,7.5,,0.208,1,282,20.311,85.488,1.131,60.324,,,,,0
2026-10-07T18:00Z,2026-10-07T19:00Z,3567159,1,7.3,21.1,,,,h,21.1,,,,0,0.016,25.64,0.574,0,29.1,,1.022,2,280,23.073,93.407,0.406,4.83,,,,,0
2026-10-07T18:00Z,2026-10-07T21:00Z,3567159,3,7.8,21.5,,,,h,21.5,,,,0,0.015,63.877,1.975,0,29.1,,1.022,4,280,22.45,95.503,1.212,177.894,,,,,0
2026-10-07T18:00Z,2026-10-08T00:00Z,3567159,6,9.6,24.6,,,,h,24.6,,,,0,0.012,46.97,1.502,0,29.1,,1.022,7,281,22.32,91.661,1.063,197.956,,,,,0
2026-10-07T18:00Z,2026-10-08T06:00Z,3567159,12,5.9,14,,,,h,14,,,,0,0.008,1119.261,1.103,0.024,29.1,,1.022,13,281,30.004,56.764,0.872,176.974,,,,,0
2026-10-07T18:00Z,2026-10-08T18:00Z,3567159,24,14.1,26.7,,,,h,26.7,,,,0,0.014,126.952,2.006,0,29.1,,1.022,1,281,23.824,85.183,0.456,125.858,,,,,0
2026-10-07T18:00Z,2026-10-09T18:00Z,3567159,48,14.4,21.3,,,,h,21.3,,,,0,0.004,100.839,2.873,0,29.1,,1.022,1,282,24.521,89.2,1.189,174.327,,,,,0
2026-10-07T18:00Z,2026-10-07T19:00Z,3567160,1,12.7,33.3,,,,h,33.3,,,,0,0.02,405.927,5.629,0.09,44.3,,0.958,2,280,22.813,80.491,2.892,43.417,,,,,0
2026-10-07T18:00Z,2026-10-07T21:00Z,3567160,3,11.4,28.9,,,,h,28.9,,,,0,0.017,381.682,5.808,0.09,44.3,,0.958,4,280,22.474,82.1,2.982,40.629,,,,,0
2026-10-07T18:00Z,2026-10-08T00:00Z,3567160,6,9.9,24,,,,h,24,,,,0,0.014,422.616,5.582,0,44.3,,0.958,7,281,23.156,82.502,2.951,27.455,,,,,0
2026-10-07T18:00Z,2026-10-08T06:00Z,3567160,12,8.3,18.3,,,,h,18.3,,,,0,0.007,1077.225,6.324,0.049,44.3,,0.958,13,281,28.721,67.884,4.644,44.38,,,,,0
2026-10-07T18:00Z,2026-10-08T18:00Z,3567160,24,13.7,25,,,,h,25,,,,0,0.062,413.415,5.466,0,44.3,,0.958,1,281,23.697,86.676,2.964,41.813,,,,,0
2026-10-07T18:00Z,2026-10-09T18:00Z,3567160,48,0.6,1.3,,,,h,1.3,,,,0,0.001,348.005,6.352,0,44.3,,0.958,1,282,22.869,95.754,3.378,48.478,,,,,0
2026-10-07T18:00Z,2026-10-07T19:00Z,3567161,1,8.9,21.3,,,,h,21.3,,,,0,0.019,265.335,3.482,0.292,,,0.922,2,280,21.437,95.021,1.618,24.497,,,,,0
2026-10-07T18:00Z,2026-10-07T21:00Z,3567161,3,8.2,19.1,,,,h,19.1,,,,0,0.017,210.713,3.433,0.275,,,0.922,4,280,21.231,97.234,1.576,17.982,,,,,0
2026-10-07T18:00Z,2026-10-08T00:00Z,3567161,6,6.9,15.4,,,,h,15.4,,,,0,0.017,343.257,3.287,0.042,,,0.922,7,281,22.023,96.241,1.741,12.706,,,,,0
2026-10-07T18:00Z,2026-10-08T06:00Z,3567161,12,1.5,3.8,,,,h,3.8,,,,0,0.007,663.452,4.325,0.545,,,0.922,13,281,24.629,86.663,2.758,17.796,,,,,0
2026-10-07T18:00Z,2026-10-08T18:00Z,3567161,24,6.7,11.7,,,,h,11.7,,,,0,0.008,85.779,2.194,0.253,,,0.922,1,281,21.62,97.234,0.825,20.314,,,,,0
2026-10-07T18:00Z,2026-10-09T18:00Z,3567161,48,5.7,8.1,,,,h,8.1,,,,0,0,36.177,2.337,0,,,0.922,1,282,21.404,98.546,1.028,55.181,,,,,0
2026-10-07T18:00Z,2026-10-07T19:00Z,3572812,1,7.8,36.3,,,,h,36.3,,,,0,0,10.456,0.582,0,29.6,,1.505,2,280,17.374,78.172,0.029,69.043,,,,,0
2026-10-07T18:00Z,2026-10-07T21:00Z,3572812,3,8.6,37.3,,,,h,37.3,,,,0,0,20.54,0.933,0,29.6,,1.505,4,280,16.669,80.768,0.47,45.683,,,,,0
2026-10-07T18:00Z,2026-10-08T00:00Z,3572812,6,9.1,36.1,,,,h,36.1,,,,0,0,26.411,0.864,0,29.6,,1.505,7,281,17.967,78.84,0.534,60.342,,,,,0
2026-10-07T18:00Z,2026-10-08T06:00Z,3572812,12,3.4,12.9,,,,h,12.9,,,,0,0,1532.243,0.794,0.005,29.6,,1.505,13,281,26.736,48.954,0.627,129.631,,,,,0
2026-10-07T18:00Z,2026-10-08T18:00Z,3572812,24,8.1,21.2,,,,h,21.2,,,,0,0.003,20.456,0.991,0,29.6,,1.505,1,281,18.177,79.824,0.205,70.61,,,,,0
2026-10-07T18:00Z,2026-10-09T18:00Z,3572812,48,14,24.8,,,,h,24.8,,,,0,0.007,31.287,1.821,0,29.6,,1.505,1,282,18.17,83.23,0.625,65.288,,,,,0
2026-10-07T18:00Z,2026-10-07T19:00Z,3572813,1,7.5,28.3,,,,h,28.3,,,,0,0,13.031,1.223,0,29.2,,1.292,2,280,14.992,86.443,0.368,93.801,,,,,0
2026-10-07T18:00Z,2026-10-07T21:00Z,3572813,3,7.8,27.9,,,,h,27.9,,,,0,0,10.848,1.193,0,29.2,,1.292,4,280,14.465,87.482,0.276,79.188,,,,,0
2026-10-07T18:00Z,2026-10-08T00:00Z,3572813,6,8.5,28,,,,h,28,,,,0,0,21.109,1.478,0,29.2,,1.292,7,281,15.36,84.951,0.902,89.316,,,,,0
2026-10-07T18:00Z,2026-10-08T06:00Z,3572813,12,3.3,10.5,,,,h,10.5,,,,0,0,1407.217,1.882,0,29.2,,1.292,13,281,24.458,51.303,1.45,55.655,,,,,0
2026-10-07T18:00Z,2026-10-08T18:00Z,3572813,24,8.2,18.8,,,,h,18.8,,,,0,0.002,12.508,1.4,0,29.2,,1.292,1,281,15.741,86.245,0.288,84.522,,,,,0
2026-10-07T18:00Z,2026-10-09T18:00Z,3572813,48,15.5,25.3,,,,h,25.3,,,,0,0.007,29.381,3.021,0,29.2,,1.292,1,282,16.396,87.101,1,64.939,,,,,0
2026-10-07T18:00Z,2026-10-07T19:00Z,3572814,1,0.5,0,,,,h,0,,,,0,0.01,168.542,3.468,0.478,0,,-0.914,2,280,18.874,94.877,1.575,17.083,,,,,0
2026-10-07T18:00Z,2026-10-07T21:00Z,3572814,3,0.3,0,,,,h,0,,,,0,0.007,113.312,3.436,0.433,0,,-0.914,4,280,18.706,94.877,1.701,17.351,,,,,0
2026-10-07T18:00Z,2026-10-08T00:00Z,3572814,6,0.2,0,,,,h,0,,,,0,0.006,234.304,3.186,0.368,0,,-0.914,7,281,19.659,93.957,1.623,9.809,,,,,0
2026-10-07T18:00Z,2026-10-08T06:00Z,3572814,12,0.6,0,,,,h,0,,,,0,0.003,570.8,3.826,1.185,0,,-0.914,13,281,21.636,90.913,2.386,25.561,,,,,0
2026-10-07T18:00Z,2026-10-08T18:00Z,3572814,24,0.3,0,,,,h,0,,,,0,0.001,50.219,2.04,0.042,0,,-0.914,1,281,19.103,94.75,0.997,20.797,,,,,0
2026-10-07T18:00Z,2026-10-09T18:00Z,3572814,48,1,0.4,,,,h,0.4,,,,0,0,60.652,3.004,0.063,0,,-0.914,1,282,18.975,96.556,1.35,49.407,,,,,0
2026-10-07T18:00Z,2026-10-07T19:00Z,3585655,1,8.6,5.4,,,,h,5.4,,,,0,0.003,15.883,0.585,0,3.1,,-0.415,2,280,21.147,93.542,0.186,135.525,,,,,0
2026-10-07T18:00Z,2026-10-07T21:00Z,3585655,3,8.4,5.4,,,,h,5.4,,,,0,0.003,21.014,0.635,0,3.1,,-0.415,4,280,20.439,95.008,0.356,335.608,,,,,0
2026-10-07T18:00Z,2026-10-08T00:00Z,3585655,6,8.1,5.4,,,,h,5.4,,,,0,0.003,29.722,1.001,0,3.1,,-0.415,7,281,21.334,93.848,0.304,60.796,,,,,0
2026-10-07T18:00Z,2026-10-08T06:00Z,3585655,12,5,3.4,,,,h,3.4,,,,0,0.003,855.815,1.544,0.42,3.1,,-0.415,13,281,27.526,68.802,1.146,68.269,,,,,0
2026-10-07T18:00Z,2026-10-08T18:00Z,3585655,24,9.1,6.9,,,,h,6.9,,,,0,0.005,17.695,1.148,0,3.1,,-0.415,1,281,21.534,92.874,0.312,102.263,,,,,0
2026-10-07T18:00Z,2026-10-09T18:00Z,3585655,48,10.7,9.1,,,,h,9.1,,,,0,0.005,24.869,2.132,0,3.1,,-0.415,1,282,22.357,89.262,0.603,105.982,,,,,0
2026-10-07T18:00Z,2026-10-07T19:00Z,3585656,1,5.3,9.8,,,,h,9.8,,,,0,0.001,15.021,0.23,0,11.4,,0.563,2,280,19.097,84.719,0.261,154.57,,,,,0
2026-10-07T18:00Z,2026-10-07T21:00Z,3585656,3,5.7,10.2,,,,h,10.2,,,,0,0,18.141,0.448,0,11.4,,0.563,4,280,18.8,86.079,0.358,70.367,,,,,0
2026-10-07T18:00Z,2026-10-08T00:00Z,3585656,6,6.7,11.5,,,,h,11.5,,,,0,0.001,32.228,0.989,0,11.4,,0.563,7,281,19.68,86.13,0.574,71.735,,,,,0
2026-10-07T18:00Z,2026-10-08T06:00Z,3585656,12,3,5.1,,,,h,5.1,,,,0,0.001,1382.649,2.479,0,11.4,,0.563,13,281,27.865,54.587,1.841,36.253,,,,,0
2026-10-07T18:00Z,2026-10-08T18:00Z,3585656,24,6.8,9.9,,,,h,9.9,,,,0,0.003,17.362,0.647,0,11.4,,0.563,1,281,19.756,88.205,0.478,126.837,,,,,0
2026-10-07T18:00Z,2026-10-09T18:00Z,3585656,48,13.1,16.3,,,,h,16.3,,,,0,0.005,29.774,2.128,0,11.4,,0.563,1,282,19.937,86.466,0.771,76.018,,,,,0
2026-10-07T18:00Z,2026-10-07T19:00Z,3585657,1,6.5,16,,,,h,16,,,,0,0.01,92.112,2.932,0,22.2,,0.852,2,280,21.171,81.802,1.519,67.78,,,,,0
2026-10-07T18:00Z,2026-10-07T21:00Z,3585657,3,6.8,16.1,,,,h,16.1,,,,0,0.007,57.292,2.523,0,22.2,,0.852,4,280,20.539,84.658,1.168,78.207,,,,,0
2026-10-07T18:00Z,2026-10-08T00:00Z,3585657,6,7.7,17.2,,,,h,17.2,,,,0,0.006,53.042,1.888,0,22.2,,0.852,7,281,20.984,86.278,1.215,63.024,,,,,0
2026-10-07T18:00Z,2026-10-08T06:00Z,3585657,12,5.8,12,,,,h,12,,,,0,0.005,1349.016,0.637,0.023,22.2,,0.852,13,281,28.972,55.121,0.543,52.9,,,,,0
2026-10-07T18:00Z,2026-10-08T18:00Z,3585657,24,14.3,24.4,,,,h,24.4,,,,0,0.02,84.529,2.806,0,22.2,,0.852,1,281,22.128,84.484,1.3,63.627,,,,,0
2026-10-07T18:00Z,2026-10-09T18:00Z,3585657,48,13.9,19.3,,,,h,19.3,,,,0,0.004,178.824,4.313,0,22.2,,0.852,1,282,22.948,83.104,2.381,69.296,,,,,0
2026-10-07T18:00Z,2026-10-07T19:00Z,3585658,1,4.2,21.2,,,,h,21.2,,,,0,0.003,28.209,0.864,0,13.8,,1.514,2,280,17.635,93.453,0.836,20.849,,,,,0
2026-10-07T18:00Z,2026-10-07T21:00Z,3585658,3,4.1,19.5,,,,h,19.5,,,,0,0.003,28.209,1.24,0,13.8,,1.514,4,280,17.131,93.646,0.956,23.211,,,,,0
2026-10-07T18:00Z,2026-10-08T00:00Z,3585658,6,3.6,16,,,,h,16,,,,0,0.002,46.727,1.532,0,13.8,,1.514,7,281,18.016,91.096,1.334,27.897,,,,,0
2026-10-07T18:00Z,2026-10-08T06:00Z,3585658,12,4.4,16.1,,,,h,16.1,,,,0,0.002,1450.291,1.666,0.014,13.8,,1.514,13,281,27.026,48.585,1.308,319.237,,,,,0
2026-10-07T18:00Z,2026-10-08T18:00Z,3585658,24,10,26,,,,h,26,,,,0,0.01,29.914,1.007,0,13.8,,1.514,1,281,18.373,87.165,1.15,44.966,,,,,0
2026-10-07T18:00Z,2026-10-09T18:00Z,3585658,48,13.7,24.4,,,,h,24.4,,,,0,0.004,80.262,3.303,0,13.8,,1.514,1,282,19.805,87.3,1.851,58.778,,,,,0
2026-10-07T18:00Z,2026-10-07T19:00Z,3587757,1,6.2,12,,,,h,12,,,,0,0,13.304,0.786,0,,,0.711,2,280,17.155,81.997,0.245,120.611,,,,,0
2026-10-07T18:00Z,2026-10-07T21:00Z,3587757,3,7.1,13.3,,,,h,13.3,,,,0,0,13.042,0.939,0,,,0.711,4,280,16.447,84.381,0.297,88.786,,,,,0
2026-10-07T18:00Z,2026-10-08T00:00Z,3587757,6,8.4,15,,,,h,15,,,,0,0,14.102,0.98,0,,,0.711,7,281,17.411,86.39,0.382,109.972,,,,,0
2026-10-07T18:00Z,2026-10-08T06:00Z,3587757,12,3.2,5.7,,,,h,5.7,,,,0,0,1354.254,2.27,0.111,,,0.711,13,281,25.049,56.093,1.724,166.42,,,,,0
2026-10-07T18:00Z,2026-10-08T18:00Z,3587757,24,6.7,10.1,,,,h,10.1,,,,0,0.003,25.288,2.209,0,,,0.711,1,281,18.222,81.473,0.543,120.581,,,,,0
2026-10-07T18:00Z,2026-10-09T18:00Z,3587757,48,11.5,14.6,,,,h,14.6,,,,0,0.006,27.22,2.729,0,,,0.711,1,282,18.265,83.076,0.894,120.336,,,,,0
2026-10-07T18:00Z,2026-10-07T19:00Z,3591604,1,7.9,17.2,,,,h,17.2,,,,0,0.009,41.06,1.516,0,17.6,,0.744,2,280,19.159,76.079,0.662,46.603,,,,,0
2026-10-07T18:00Z,2026-10-07T21:00Z,3591604,3,7.1,15.1,,,,h,15.1,,,,0,0.011,36.402,1.615,0,17.6,,0.744,4,280,18.511,77.739,0.868,51.048,,,,,0
2026-10-07T18:00Z,2026-10-08T00:00Z,3591604,6,7.1,14.4,,,,h,14.4,,,,0,0.012,48.147,1.826,0,17.6,,0.744,7,281,19.184,78.762,1.002,53.433,,,,,0
2026-10-07T18:00Z,2026-10-08T06:00Z,3591604,12,3.2,6.4,,,,h,6.4,,,,0,0.012,1151.374,0.386,0.029,17.6,,0.744,13,281,27.385,48.517,0.292,124.872,,,,,0
2026-10-07T18:00Z,2026-10-08T18:00Z,3591604,24,10.5,16.9,,,,h,16.9,,,,0,0.011,41.132,1.687,0,17.6,,0.744,1,281,20.231,81.064,0.906,54.629,,,,,0
2026-10-07T18:00Z,2026-10-09T18:00Z,3591604,48,10.8,14.4,,,,h,14.4,,,,0,0.007,90.494,4.235,0,17.6,,0.744,1,282,20.286,74.79,1.606,56.515,,,,,0
2026-10-07T18:00Z,2026-10-07T19:00Z,3591605,1,8.9,11.2,,,,h,11.2,,,,0,0.005,18.503,1.217,0,9.2,,0.219,2,280,15.551,88.208,0.949,72.377,,,,,0
2026-10-07T18:00Z,2026-10-07T21:00Z,3591605,3,10.4,12.9,,,,h,12.9,,,,0,0.006,25.26,1.539,0,9.2,,0.219,4,280,15.158,87.807,1.051,64.874,,,,,0
2026-10-07T18:00Z,2026-10-08T00:00Z,3591605,6,13,15.9,,,,h,15.9,,,,0,0.007,41.27,1.624,0,9.2,,0.219,7,281,16.969,82.731,1.239,61.552,,,,,0
2026-10-07T18:00Z,2026-10-08T06:00Z,3591605,12,8.6,10.3,,,,h,10.3,,,,0,0.011,1374.63,1.781,0,9.2,,0.219,13,281,25.828,54.424,1.268,68.393,,,,,0
2026-10-07T18:00Z,2026-10-08T18:00Z,3591605,24,20.1,23,,,,h,23,,,,0,0.037,28.254,1.286,0,9.2,,0.219,1,281,16.598,89.587,1.089,73.345,,,,,0
2026-10-07T18:00Z,2026-10-09T18:00Z,3591605,48,30.9,33.5,,,,h,33.5,,,,0,0.002,131.572,3.25,3.012,9.2,,0.219,1,282,19.37,92.658,1.491,77.142,,,,,0
2026-10-07T18:00Z,2026-10-07T19:00Z,3591606,1,10.2,1.4,,,,h,1.4,,,,0,0.004,21.896,0.585,0,0.3,,-1.589,2,280,21.775,96.312,0.651,313.357,,,,,0
2026-10-07T18:00Z,2026-10-07T21:00Z,3591606,3,10.2,1.6,,,,h,1.6,,,,0,0.004,34.62,1.14,0,0.3,,-1.589,4,280,21.247,96.95,0.602,346.321,,,,,0
2026-10-07T18:00Z,2026-10-08T00:00Z,3591606,6,10.3,1.9,,,,h,1.9,,,,0,0.005,61.73,1.356,0,0.3,,-1.589,7,281,21.829,93.534,0.75,78.659,,,,,0
2026-10-07T18:00Z,2026-10-08T06:00Z,3591606,12,5.7,1,,,,h,1,,,,0,0.006,974.02,1.708,0.151,0.3,,-1.589,13,281,28.164,68.646,1.308,79.236,,,,,0
2026-10-07T18:00Z,2026-10-08T18:00Z,3591606,24,10.7,3.6,,,,h,3.6,,,,0,0.006,20,0.488,0,0.3,,-1.589,1,281,22.36,93.836,0.415,354.443,,,,,0
2026-10-07T18:00Z,2026-10-09T18:00Z,3591606,48,12.7,6.7,,,,h,6.7,,,,0,0.006,22.93,1.379,0,0.3,,-1.589,1,282,22.909,91.056,0.3,109.194,,,,,0
2026-10-07T18:00Z,2026-10-07T19:00Z,3591609,1,7.3,6,,,,h,6,,,,0,0.003,36.781,1.209,0,3.8,,-0.176,2,280,18.842,94.126,0.836,32.808,,,,,0
2026-10-07T18:00Z,2026-10-07T21:00Z,3591609,3,7.4,6.1,,,,h,6.1,,,,0,0.003,31.25,1.219,0,3.8,,-0.176,4,280,18.387,94.712,0.82,36.611,,,,,0
2026-10-07T18:00Z,2026-10-08T00:00Z,3591609,6,8.4,7.1,,,,h,7.1,,,,0,0.003,38.782,1.389,0,3.8,,-0.176,7,281,19.135,93.401,1.074,30.2,,,,,0
2026-10-07T18:00Z,2026-10-08T06:00Z,3591609,12,4.4,3.7,,,,h,3.7,,,,0,0.003,1349.385,0.745,0.08,3.8,,-0.176,13,281,27.814,54.472,0.579,313.449,,,,,0
2026-10-07T18:00Z,2026-10-08T18:00Z,3591609,24,8.4,7.5,,,,h,7.5,,,,0,0.009,39.273,1.418,0,3.8,,-0.176,1,281,19.896,88.298,0.878,44.172,,,,,0
2026-10-07T18:00Z,2026-10-09T18:00Z,3591609,48,12.7,11.9,,,,h,11.9,,,,0,0.004,80.923,2.883,0,3.8,,-0.176,1,282,21.034,86.874,1.534,62.045,,,,,0
2026-10-07T18:00Z,2026-10-07T19:00Z,3591610,1,6.7,14.7,,,,h,14.7,,,,0,0.027,377.536,4.507,0.501,22.6,,0.742,2,280,21.846,94.165,2.217,33.209,,,,,0
2026-10-07T18:00Z,2026-10-07T21:00Z,3591610,3,4.8,10.5,,,,h,10.5,,,,0,0.024,304.162,4.416,0.501,22.6,,0.742,4,280,21.585,98.185,2.031,25.274,,,,,0
2026-10-07T18:00Z,2026-10-08T00:00Z,3591610,6,4.5,9.4,,,,h,9.4,,,,0,0.022,449.492,4.286,0.019,22.6,,0.742,7,281,22.225,97.371,2.443,22.007,,,,,0
2026-10-07T18:00Z,2026-10-08T06:00Z,3591610,12,3.1,6.2,,,,h,6.2,,,,0,0.008,756.947,5.844,0.245,22.6,,0.742,13,281,25.392,81.574,3.894,26.616,,,,,0
2026-10-07T18:00Z,2026-10-08T18:00Z,3591610,24,8.4,13.6,,,,h,13.6,,,,0,0.019,118.024,2.901,0.007,22.6,,0.742,1,281,21.924,98.185,0.962,21.701,,,,,0
2026-10-07T18:00Z,2026-10-09T18:00Z,3591610,48,0.9,1.5,,,,h,1.5,,,,0,0,29.578,2.377,0,22.6,,0.742,1,282,21.631,99.796,0.856,59.416,,,,,0
2026-10-07T18:00Z,2026-10-07T19:00Z,3591611,1,7.8,17.2,,,,h,17.2,,,,0,0.014,216.583,2.452,0.285,20.1,,0.756,2,280,22.315,95.27,1.044,11.753,,,,,0
2026-10-07T18:00Z,2026-10-07T21:00Z,3591611,3,6.4,13.8,,,,h,13.8,,,,0,0.015,190.108,2.546,0.239,20.1,,0.756,4,280,22.121,97.655,1.164,0.918,,,,,0
2026-10-07T18:00Z,2026-10-08T00:00Z,3591611,6,5,10.5,,,,h,10.5,,,,0,0.017,290.815,2.485,0.016,20.1,,0.756,7,281,22.896,96.19,1.306,358.473,,,,,0
2026-10-07T18:00Z,2026-10-08T06:00Z,3591611,12,2,4.3,,,,h,4.3,,,,0,0.007,569.699,3.111,0.882,20.1,,0.756,13,281,25.431,88.624,1.909,356.987,,,,,0
2026-10-07T18:00Z,2026-10-08T18:00Z,3591611,24,6.4,10.6,,,,h,10.6,,,,0,0.008,77.024,1.464,0.678,20.1,,0.756,1,281,22.489,97.655,0.581,9.549,,,,,0
2026-10-07T18:00Z,2026-10-09T18:00Z,3591611,48,5.6,7.7,,,,h,7.7,,,,0,0.001,24.6,1.28,0,20.1,,0.756,1,282,22.513,98.776,0.553,83.381,,,,,0
2026-10-07T18:00Z,2026-10-07T19:00Z,3597971,1,8.9,38.7,,,,h,38.7,,,,0,0.009,16.072,0.947,0,34.2,,1.448,2,280,15.752,85.243,0.727,77.975,,,,,0
2026-10-07T18:00Z,2026-10-07T21:00Z,3597971,3,10.4,42.2,,,,h,42.2,,,,0,0.009,21.636,1.25,0,34.2,,1.448,4,280,15.369,84.821,0.798,60.973,,,,,0
2026-10-07T18:00Z,2026-10-08T00:00Z,3597971,6,13,48,,,,h,48,,,,0,0.01,33.57,1.405,0,34.2,,1.448,7,281,17.154,79.417,0.976,63.052,,,,,0
2026-10-07T18:00Z,2026-10-08T06:00Z,3597971,12,8.6,28,,,,h,28,,,,0,0.015,1313.208,1.632,0,34.2,,1.448,13,281,25.362,55.284,1.14,83.234,,,,,0
2026-10-07T18:00Z,2026-10-08T18:00Z,3597971,24,20.1,48.9,,,,h,48.9,,,,0,0.047,25.862,0.951,0,34.2,,1.448,1,281,16.726,85.792,0.854,80.524,,,,,0
2026-10-07T18:00Z,2026-10-09T18:00Z,3597971,48,30.9,52.8,,,,h,52.8,,,,0,0.002,113.021,2.841,2.528,34.2,,1.448,1,282,19.281,91.134,1.272,79.633,,,,,0
2026-10-07T18:00Z,2026-10-07T19:00Z,3597972,1,20,17.8,,,,h,17.8,,,,0,0.035,20.01,1.257,0,11.6,,-0.118,2,280,15.974,80.483,0.611,13.921,,,,,0
2026-10-07T18:00Z,2026-10-07T21:00Z,3597972,3,19.7,17.6,,,,h,17.6,,,,0,0.03,23.617,1.546,0,11.6,,-0.118,4,280,15.801,80.761,0.7,23.232,,,,,0
2026-10-07T18:00Z,2026-10-08T00:00Z,3597972,6,18.1,16.2,,,,h,16.2,,,,0,0.024,43.621,1.554,0,11.6,,-0.118,7,281,18.285,77.321,0.872,25.694,,,,,0
2026-10-07T18:00Z,2026-10-08T06:00Z,3597972,12,13.3,12.1,,,,h,12.1,,,,0,0.03,1388.754,2.727,0,11.6,,-0.118,13,281,26.056,51.445,2.003,71.366,,,,,0
2026-10-07T18:00Z,2026-10-08T18:00Z,3597972,24,39.1,36.4,,,,h,36.4,,,,0,0.095,30.013,1.455,0,11.6,,-0.118,1,281,16.946,93.08,0.777,354.271,,,,,0
2026-10-07T18:00Z,2026-10-09T18:00Z,3597972,48,38.4,36.8,,,,h,36.8,,,,0,0.001,105.975,2.459,3.274,11.6,,-0.118,1,282,19.321,98.918,1.07,41.898,,,,,0
2026-10-07T18:00Z,2026-10-07T19:00Z,3597973,1,3.8,8.6,,,,h,8.6,,,,0,0.001,21.419,1.679,0,5.8,,0.725,2,280,17.628,83.315,0.816,106.428,,,,,0
2026-10-07T18:00Z,2026-10-07T21:00Z,3597973,3,4.1,8.9,,,,h,8.9,,,,0,0.001,20.231,1.403,0,5.8,,0.725,4,280,16.943,85.042,0.698,99.187,,,,,0
2026-10-07T18:00Z,2026-10-08T00:00Z,3597973,6,4.6,9.5,,,,h,9.5,,,,0,0.001,30.895,1.241,0,5.8,,0.725,7,281,18.218,83.117,0.753,105.213,,,,,0
2026-10-07T18:00Z,2026-10-08T06:00Z,3597973,12,6.3,11.7,,,,h,11.7,,,,0,0.003,1335.09,0.904,0,5.8,,0.725,13,281,26.583,53.041,0.698,41.98,,,,,0
2026-10-07T18:00Z,2026-10-08T18:00Z,3597973,24,10.9,17.3,,,,h,17.3,,,,0,0.016,28.376,2.023,0,5.8,,0.725,1,281,18.505,82.917,0.982,105.603,,,,,0
2026-10-07T18:00Z,2026-10-09T18:00Z,3597973,48,21.7,28.5,,,,h,28.5,,,,0,0.003,70.207,3.109,0.798,5.8,,0.725,1,282,20.085,86.609,1.25,81.844,,,,,0
2026-10-07T18:00Z,2026-10-07T19:00Z,3597974,1,3.4,10.7,,,,h,10.7,,,,0,0.001,20.239,1.356,0,6.3,,1.019,2,280,17.488,86.746,0.699,101.276,,,,,0
2026-10-07T18:00Z,2026-10-07T21:00Z,3597974,3,4,11.8,,,,h,11.8,,,,0,0.001,23.044,1.144,0,6.3,,1.019,4,280,16.914,87.766,0.538,92.621,,,,,0
2026-10-07T18:00Z,2026-10-08T00:00Z,3597974,6,4.7,12.8,,,,h,12.8,,,,0,0.002,41.047,1.024,0,6.3,,1.019,7,281,18.209,85.522,0.662,99.999,,,,,0
2026-10-07T18:00Z,2026-10-08T06:00Z,3597974,12,6.9,16.2,,,,h,16.2,,,,0,0.004,1349.046,1.277,0,6.3,,1.019,13,281,27.025,52.851,1.026,33.191,,,,,0
2026-10-07T18:00Z,2026-10-08T18:00Z,3597974,24,13.4,25.4,,,,h,25.4,,,,0,0.017,29.62,1.631,0,6.3,,1.019,1,281,18.638,87.559,0.859,102.305,,,,,0
2026-10-07T18:00Z,2026-10-09T18:00Z,3597974,48,22.2,32.5,,,,h,32.5,,,,0,0.003,85.751,3.011,1.472,6.3,,1.019,1,282,20.587,87.507,1.153,75.894,,,,,0
2026-10-07T18:00Z,2026-10-07T19:00Z,3597975,1,12.7,21.9,,,,h,21.9,,,,0,0.031,21.843,1.239,0,16.6,,0.534,2,280,15.977,82.63,0.647,6.649,,,,,0
2026-10-07T18:00Z,2026-10-07T21:00Z,3597975,3,13.8,23.2,,,,h,23.2,,,,0,0.027,27.352,1.461,0,16.6,,0.534,4,280,15.78,82.385,0.735,12.917,,,,,0
2026-10-07T18:00Z,2026-10-08T00:00Z,3597975,6,14.9,24.2,,,,h,24.2,,,,0,0.022,47.755,1.452,0,16.6,,0.534,7,281,18.104,78.497,0.906,15.114,,,,,0
2026-10-07T18:00Z,2026-10-08T06:00Z,3597975,12,11.2,17.3,,,,h,17.3,,,,0,0.025,1387.609,2.563,0,16.6,,0.534,13,281,26.019,52.78,1.886,73.803,,,,,0
2026-10-07T18:00Z,2026-10-08T18:00Z,3597975,24,27.7,38.4,,,,h,38.4,,,,0,0.087,32.044,1.441,0,16.6,,0.534,1,281,17.004,93.368,0.775,352.463,,,,,0
2026-10-07T18:00Z,2026-10-09T18:00Z,3597975,48,36.3,44.2,,,,h,44.2,,,,0,0.001,109.433,2.084,3.063,16.6,,0.534,1,282,19.437,98.315,0.903,47.816,,,,,0
2026-10-07T18:00Z,2026-10-07T19:00Z,3597976,1,5.3,10.9,,,,h,10.9,,,,0,0.001,18.277,0.722,0,9.9,,0.661,2,280,18.546,86.439,0.343,127.756,,,,,0
2026-10-07T18:00Z,2026-10-07T21:00Z,3597976,3,5.7,11.3,,,,h,11.3,,,,0,0,13.076,0.391,0,9.9,,0.661,4,280,18.256,87.378,0.151,81.548,,,,,0
2026-10-07T18:00Z,2026-10-08T00:00Z,3597976,6,6.7,12.6,,,,h,12.6,,,,0,0,30.403,0.943,0,9.9,,0.661,7,281,19.201,85.23,0.632,84.983,,,,,0
2026-10-07T18:00Z,2026-10-08T06:00Z,3597976,12,3,5.6,,,,h,5.6,,,,0,0.001,1350.525,2.017,0,9.9,,0.661,13,281,27.542,53.599,1.588,71.863,,,,,0
2026-10-07T18:00Z,2026-10-08T18:00Z,3597976,24,6.8,10.5,,,,h,10.5,,,,0,0.002,20,1.595,0,9.9,,0.661,1,281,18.867,88.065,0.675,113.27,,,,,0
2026-10-07T18:00Z,2026-10-09T18:00Z,3597976,48,13.1,16.9,,,,h,16.9,,,,0,0.005,29.36,2.39,0,9.9,,0.661,1,282,19.696,83.305,0.888,76.138,,,,,0
2026-10-07T18:00Z,2026-10-07T19:00Z,3597978,1,7.3,20,,,,h,20,,,,0,0.005,58.602,1.862,0,24.9,,0.968,2,280,20.207,88.943,1.052,55.869,,,,,0
2026-10-07T18:00Z,2026-10-07T21:00Z,3597978,3,7.8,20.4,,,,h,20.4,,,,0,0.005,42.884,1.692,0,24.9,,0.968,4,280,19.651,90.726,0.895,66.375,,,,,0
2026-10-07T18:00Z,2026-10-08T00:00Z,3597978,6,9.6,23.5,,,,h,23.5,,,,0,0.006,43.988,1.47,0,24.9,,0.968,7,281,20.168,90.953,1.03,51.055,,,,,0
2026-10-07T18:00Z,2026-10-08T06:00Z,3597978,12,5.9,13.4,,,,h,13.4,,,,0,0.006,1324.013,0.295,0.055,24.9,,0.968,13,281,28.462,55.587,0.234,13.183,,,,,0
2026-10-07T18:00Z,2026-10-08T18:00Z,3597978,24,14.1,25.8,,,,h,25.8,,,,0,0.013,56.884,1.959,0,24.9,,0.968,1,281,21.239,86.156,0.968,57.709,,,,,0
2026-10-07T18:00Z,2026-10-09T18:00Z,3597978,48,14.4,20.8,,,,h,20.8,,,,0,0.004,116.127,3.293,0,24.9,,0.968,1,282,22.091,85.7,1.736,70.152,,,,,0
2026-10-07T18:00Z,2026-10-07T19:00Z,3599598,1,10.1,30.8,,,,h,30.8,,,,0,0.006,11.832,0.97,0,21.9,,1.098,2,280,16.804,78.928,0.334,126.096,,,,,0
2026-10-07T18:00Z,2026-10-07T21:00Z,3599598,3,10.7,31.1,,,,h,31.1,,,,0,0.007,13.619,0.63,0,21.9,,1.098,4,280,16.339,78.77,0.261,86.448,,,,,0
2026-10-07T18:00Z,2026-10-08T00:00Z,3599598,6,11.9,32.3,,,,h,32.3,,,,0,0.008,17.246,0.968,0,21.9,,1.098,7,281,17.783,73.605,0.318,99.208,,,,,0
2026-10-07T18:00Z,2026-10-08T06:00Z,3599598,12,7.6,18.9,,,,h,18.9,,,,0,0.013,1201.181,1.206,0,21.9,,1.098,13,281,24.824,57.233,0.865,126.14,,,,,0
2026-10-07T18:00Z,2026-10-08T18:00Z,3599598,24,18.7,36.8,,,,h,36.8,,,,0,0.036,21.795,1.175,0,21.9,,1.098,1,281,17.658,76.197,0.473,132.665,,,,,0
2026-10-07T18:00Z,2026-10-09T18:00Z,3599598,48,28.5,42.8,,,,h,42.8,,,,0,0.002,63.209,2.343,0.78,21.9,,1.098,1,282,19.421,84.74,0.88,91.559,,,,,0
2026-10-07T18:00Z,2026-10-07T19:00Z,3599599,1,10.1,25,,,,h,25,,,,0,0.01,13.055,0.729,0,18.8,,0.886,2,280,16.985,80.755,0.218,122.934,,,,,0
2026-10-07T18:00Z,2026-10-07T21:00Z,3599599,3,10.7,25.4,,,,h,25.4,,,,0,0.01,14.643,0.537,0,18.8,,0.886,4,280,16.492,81.22,0.14,65.473,,,,,0
2026-10-07T18:00Z,2026-10-08T00:00Z,3599599,6,11.9,26.7,,,,h,26.7,,,,0,0.011,19.559,0.769,0,18.8,,0.886,7,281,17.945,76.501,0.163,91.124,,,,,0
2026-10-07T18:00Z,2026-10-08T06:00Z,3599599,12,7.6,15.9,,,,h,15.9,,,,0,0.019,1176.718,1.175,0,18.8,,0.886,13,281,25.097,55.714,0.806,106.445,,,,,0
2026-10-07T18:00Z,2026-10-08T18:00Z,3599599,24,18.7,32.3,,,,h,32.3,,,,0,0.042,21.861,0.807,0,18.8,,0.886,1,281,17.859,78.467,0.35,129.1,,,,,0
2026-10-07T18:00Z,2026-10-09T18:00Z,3599599,48,28.5,39.6,,,,h,39.6,,,,0,0.002,60.27,2.055,1.067,18.8,,0.886,1,282,19.755,86.306,0.783,88.965,,,,,0
2026-10-07T18:00Z,2026-10-07T19:00Z,3599600,1,6.5,5.8,,,,h,5.8,,,,0,0.002,28.852,1.61,0,4.4,,-0.109,2,280,19.684,92.201,0.879,26.648,,,,,0
2026-10-07T18:00Z,2026-10-07T21:00Z,3599600,3,6.1,5.4,,,,h,5.4,,,,0,0.002,20.999,1.377,0,4.4,,-0.109,4,280,19.358,88.967,0.635,39.024,,,,,0
2026-10-07T18:00Z,2026-10-08T00:00Z,3599600,6,5.3,4.7,,,,h,4.7,,,,0,0.002,39.229,1.307,0,4.4,,-0.109,7,281,20.37,85.673,1.078,25.428,,,,,0
2026-10-07T18:00Z,2026-10-08T06:00Z,3599600,12,3.3,3,,,,h,3,,,,0,0.001,1408.397,2.943,0,4.4,,-0.109,13,281,30.134,48.207,2.162,5.899,,,,,0
2026-10-07T18:00Z,2026-10-08T18:00Z,3599600,24,8.4,7.8,,,,h,7.8,,,,0,0.004,37.775,1.751,0,4.4,,-0.109,1,281,20.771,85.866,0.992,40.913,,,,,0
2026-10-07T18:00Z,2026-10-09T18:00Z,3599600,48,14.1,13.5,,,,h,13.5,,,,0,0.005,40.14,2.464,0,4.4,,-0.109,1,282,21.314,87.656,0.925,17.547,,,,,0
2026-10-07T18:00Z,2026-10-07T19:00Z,3600181,1,10.2,3.5,,,,h,3.5,,,,0,0.005,37.955,1.293,0,2.7,,-0.949,2,280,22.414,99.863,1.014,352.007,,,,,0
2026-10-07T18:00Z,2026-10-07T21:00Z,3600181,3,10.2,3.7,,,,h,3.7,,,,0,0.006,55.393,1.536,0,2.7,,-0.949,4,280,22.052,98.841,0.921,24.142,,,,,0
2026-10-07T18:00Z,2026-10-08T00:00Z,3600181,6,10.3,4,,,,h,4,,,,0,0.009,68.289,1.156,0,2.7,,-0.949,7,281,22.006,98.745,0.752,70.96,,,,,0
2026-10-07T18:00Z,2026-10-08T06:00Z,3600181,12,5.7,2.2,,,,h,2.2,,,,0,0.009,984.832,0.982,0.29,2.7,,-0.949,13,281,28.838,63.228,0.829,25.497,,,,,0
2026-10-07T18:00Z,2026-10-08T18:00Z,3600181,24,10.7,5.7,,,,h,5.7,,,,0,0.007,27.642,0.686,0,2.7,,-0.949,1,281,23.034,94.51,0.685,13.302,,,,,0
2026-10-07T18:00Z,2026-10-09T18:00Z,3600181,48,12.7,8.7,,,,h,8.7,,,,0,0.005,27.33,1.394,0,2.7,,-0.949,1,282,24.103,91.563,0.543,125.077,,,,,0
2026-10-07T18:00Z,2026-10-07T19:00Z,3600182,1,19,25.5,,,,h,25.5,,,,0,0.018,91.886,3.23,0,30.6,,0.293,2,280,21.314,82.398,1.186,50.141,,,,,0
2026-10-07T18:00Z,2026-10-07T21:00Z,3600182,3,19.2,25.5,,,,h,25.5,,,,0,0.015,54.617,2.835,0,30.6,,0.293,4,280,20.681,86.566,1.132,37.471,,,,,0
2026-10-07T18:00Z,2026-10-08T00:00Z,3600182,6,19.6,25.5,,,,h,25.5,,,,0,0.018,137.348,3.533,0,30.6,,0.293,7,281,22.261,80.529,2.044,5.135,,,,,0
2026-10-07T18:00Z,2026-10-08T06:00Z,3600182,12,12.1,15.4,,,,h,15.4,,,,0,0.025,1150.987,2.423,0.081,30.6,,0.293,13,281,29.675,59.086,1.866,33.194,,,,,0
2026-10-07T18:00Z,2026-10-08T18:00Z,3600182,24,29.8,35.7,,,,h,35.7,,,,0,0.044,87.255,3.04,0,30.6,,0.293,1,281,22.749,89.793,1.133,59.776,,,,,0
2026-10-07T18:00Z,2026-10-09T18:00Z,3600182,48,2.7,3.1,,,,h,3.1,,,,0,0,299.909,7.037,0,30.6,,0.293,1,282,22.093,95.19,3.575,57.829,,,,,0
2026-10-07T18:00Z,2026-10-07T19:00Z,3600183,1,7.8,17.6,,,,h,17.6,,,,0,0.018,299.23,3.274,0.42,24.7,,0.781,2,280,22.381,94.6,1.522,24.868,,,,,0
2026-10-07T18:00Z,2026-10-07T21:00Z,3600183,3,6.4,14.2,,,,h,14.2,,,,0,0.018,254.517,3.286,0.392,24.7,,0.781,4,280,22.147,98.106,1.474,14.235,,,,,0
2026-10-07T18:00Z,2026-10-08T00:00Z,3600183,6,5,10.8,,,,h,10.8,,,,0,0.02,370.656,3.221,0.007,24.7,,0.781,7,281,22.832,96.855,1.781,12.101,,,,,0
2026-10-07T18:00Z,2026-10-08T06:00Z,3600183,12,2,4.4,,,,h,4.4,,,,0,0.007,651.84,4.171,0.611,24.7,,0.781,13,281,25.749,84.853,2.708,14.041,,,,,0
2026-10-07T18:00Z,2026-10-08T18:00Z,3600183,24,6.4,10.8,,,,h,10.8,,,,0,0.015,99.639,2.079,0.42,24.7,,0.781,1,281,22.488,98.106,0.717,15.769,,,,,0
2026-10-07T18:00Z,2026-10-09T18:00Z,3600183,48,5.6,7.7,,,,h,7.7,,,,0,0.001,22.832,1.54,0,24.7,,0.781,1,282,22.411,99.487,0.579,77.4,,,,,0
2026-10-07T18:00Z,2026-10-07T19:00Z,3600716,1,20.9,20.9,,,,h,20.9,,,,0,0.02,15.632,0.362,0,,,0,2,280,17.073,83.823,0.136,84.801,,,,,0
2026-10-07T18:00Z,2026-10-07T21:00Z,3600716,3,23.9,23.9,,,,h,23.9,,,,0,0.019,17.414,0.703,0,,,0,4,280,16.571,85.123,0.127,29,,,,,0
2026-10-07T18:00Z,2026-10-08T00:00Z,3600716,6,28.5,28.5,,,,h,28.5,,,,0,0.018,25.944,0.633,0,,,0,7,281,18.143,81.1,0.111,56.305,,,,,0
2026-10-07T18:00Z,2026-10-08T06:00Z,3600716,12,8.7,8.7,,,,h,8.7,,,,0,0.031,1167.704,1.545,0,,,0,13,281,25.594,53.114,1.073,76.485,,,,,0
2026-10-07T18:00Z,2026-10-08T18:00Z,3600716,24,31.9,31.9,,,,h,31.9,,,,0,0.058,22.898,0.271,0,,,0,1,281,17.993,83.525,0.225,64.384,,,,,0
2026-10-07T18:00Z,2026-10-09T18:00Z,3600716,48,36.1,36.1,,,,h,36.1,,,,0,0.002,63.784,1.701,1.778,,,0,1,282,20.176,89.962,0.697,77.835,,,,,0
2026-10-07T18:00Z,2026-10-07T19:00Z,3612960,1,11.1,27.6,,,,h,27.6,,,,0,0.046,100.225,3.349,0,24.2,,0.895,2,280,22.38,79.285,1.579,70.709,,,,,0
2026-10-07T18:00Z,2026-10-07T21:00Z,3612960,3,12.9,30.7,,,,h,30.7,,,,0,0.021,63.951,3.011,0,24.2,,0.895,4,280,21.657,83.077,1.232,85.81,,,,,0
2026-10-07T18:00Z,2026-10-08T00:00Z,3612960,6,15.8,35.4,,,,h,35.4,,,,0,0.011,54.704,2.021,0,24.2,,0.895,7,281,21.836,85.863,1.132,74.686,,,,,0
2026-10-07T18:00Z,2026-10-08T06:00Z,3612960,12,9.6,20,,,,h,20,,,,0,0.007,1302.154,1.038,0.006,24.2,,0.895,13,281,29.502,56.725,0.864,87.859,,,,,0
2026-10-07T18:00Z,2026-10-08T18:00Z,3612960,24,22.6,39.2,,,,h,39.2,,,,0,0.02,90.561,3.089,0,24.2,,0.895,1,281,23.341,82.569,1.222,68.086,,,,,0
2026-10-07T18:00Z,2026-10-09T18:00Z,3612960,48,20.1,28.1,,,,h,28.1,,,,0,0.004,186.929,4.307,0,24.2,,0.895,1,282,23.798,83.209,2.308,77.203,,,,,0
2026-10-07T18:00Z,2026-10-07T19:00Z,3612961,1,5.7,9.2,,,,h,9.2,,,,0,0,20,1.04,0,8.3,,0.439,2,280,18.454,89.436,1.146,37.402,,,,,0
2026-10-07T18:00Z,2026-10-07T21:00Z,3612961,3,5.5,8.7,,,,h,8.7,,,,0,0,17.588,0.76,0,8.3,,0.439,4,280,18.249,85.979,0.948,46.126,,,,,0
2026-10-07T18:00Z,2026-10-08T00:00Z,3612961,6,5.7,8.8,,,,h,8.8,,,,0,0.001,26.501,0.975,0,8.3,,0.439,7,281,19.199,82.938,1.07,53.314,,,,,0
2026-10-07T18:00Z,2026-10-08T06:00Z,3612961,12,3.5,5.3,,,,h,5.3,,,,0,0.003,1087.617,1.192,0.081,8.3,,0.439,13,281,27.983,54.65,1.026,289.558,,,,,0
2026-10-07T18:00Z,2026-10-08T18:00Z,3612961,24,6.4,8.6,,,,h,8.6,,,,0,0.006,21.519,0.955,0,8.3,,0.439,1,281,19.334,91.96,1.206,58.263,,,,,0
2026-10-07T18:00Z,2026-10-09T18:00Z,3612961,48,9,10.7,,,,h,10.7,,,,0,0.007,36.501,3.116,0,8.3,,0.439,1,282,19.397,86.9,1.641,68.745,,,,,0
2026-10-07T18:00Z,2026-10-07T19:00Z,3612962,1,11.4,20,,,,h,20,,,,0,0,20.961,0.277,0,16.4,,0.552,2,280,18.396,80.458,0.241,338.29,,,,,0
2026-10-07T18:00Z,2026-10-07T21:00Z,3612962,3,11.8,20.3,,,,h,20.3,,,,0,0,19.956,0.333,0,16.4,,0.552,4,280,18.086,80.018,0.247,311.807,,,,,0
2026-10-07T18:00Z,2026-10-08T00:00Z,3612962,6,13.1,21.7,,,,h,21.7,,,,0,0,32.729,0.341,0,16.4,,0.552,7,281,18.945,79.508,0.396,39.105,,,,,0
2026-10-07T18:00Z,2026-10-08T06:00Z,3612962,12,3.3,5.5,,,,h,5.5,,,,0,0,914.872,1.272,0.064,16.4,,0.552,13,281,26.097,57.467,0.974,4.257,,,,,0
2026-10-07T18:00Z,2026-10-08T18:00Z,3612962,24,9.9,14.1,,,,h,14.1,,,,0,0.003,19.575,0.033,0,16.4,,0.552,1,281,19.075,84.494,0.222,157.517,,,,,0
2026-10-07T18:00Z,2026-10-09T18:00Z,3612962,48,12.3,15.2,,,,h,15.2,,,,0,0.007,38.915,1.751,0,16.4,,0.552,1,282,18.833,79.531,0.572,82.421,,,,,0
2026-10-07T18:00Z,2026-10-07T19:00Z,3612963,1,3.7,7,,,,h,7,,,,0,0.002,24.241,0.692,0,5.3,,0.552,2,280,18.332,89.766,0.531,80.622,,,,,0
2026-10-07T18:00Z,2026-10-07T21:00Z,3612963,3,4.3,7.8,,,,h,7.8,,,,0,0.001,24.241,0.649,0,5.3,,0.552,4,280,17.769,90.627,0.428,57.23,,,,,0
2026-10-07T18:00Z,2026-10-08T00:00Z,3612963,6,5,8.7,,,,h,8.7,,,,0,0.001,42.537,0.667,0,5.3,,0.552,7,281,18.63,89.179,0.572,62.711,,,,,0
2026-10-07T18:00Z,2026-10-08T06:00Z,3612963,12,5.5,8.9,,,,h,8.9,,,,0,0.002,1379.815,1.301,0.011,5.3,,0.552,13,281,27.442,50.372,1.076,336.624,,,,,0
2026-10-07T18:00Z,2026-10-08T18:00Z,3612963,24,13.1,18.6,,,,h,18.6,,,,0,0.007,29.4,1.07,0,5.3,,0.552,1,281,19.292,86.475,0.805,90.55,,,,,0
2026-10-07T18:00Z,2026-10-09T18:00Z,3612963,48,18.8,23.2,,,,h,23.2,,,,0,0.004,60.055,2.898,0,5.3,,0.552,1,282,20.608,85.001,1.301,63.129,,,,,0
2026-10-07T18:00Z,2026-10-07T19:00Z,3612964,1,9.7,25.5,,,,h,25.5,,,,0,0.003,22.756,0.827,0,23.5,,0.945,2,280,22.595,93.185,0.323,279.623,,,,,0
2026-10-07T18:00Z,2026-10-07T21:00Z,3612964,3,9.8,24.8,,,,h,24.8,,,,0,0.006,20.894,0.799,0,23.5,,0.945,4,280,21.949,95.163,0.42,48.19,,,,,0
2026-10-07T18:00Z,2026-10-08T00:00Z,3612964,6,10.6,25.2,,,,h,25.2,,,,0,0.009,71.985,1.412,0,23.5,,0.945,7,281,22.399,95.068,0.835,45.579,,,,,0
2026-10-07T18:00Z,2026-10-08T06:00Z,3612964,12,8.1,17.7,,,,h,17.7,,,,0,0.008,1085.671,1.555,0.02,23.5,,0.945,13,281,29.427,59.534,1.243,106.496,,,,,0
2026-10-07T18:00Z,2026-10-08T18:00Z,3612964,24,12.6,22.8,,,,h,22.8,,,,0,0.005,28.75,0.03,0,23.5,,0.945,1,281,23.12,86.724,0.17,36.943,,,,,0
2026-10-07T18:00Z,2026-10-09T18:00Z,3612964,48,12.6,18.1,,,,h,18.1,,,,0,0.006,46.989,2.679,0,23.5,,0.945,1,282,23.883,88.556,0.849,131.37,,,,,0
2026-10-07T18:00Z,2026-10-07T19:00Z,3612965,1,7.3,23.3,,,,h,23.3,,,,0,0.007,39.724,1.682,0,19.5,,1.118,2,280,23.084,96.527,1.08,300.8,,,,,0
2026-10-07T18:00Z,2026-10-07T21:00Z,3612965,3,7.8,23.6,,,,h,23.6,,,,0,0.007,68.37,2.66,0,19.5,,1.118,4,280,22.494,96.719,1.809,206.702,,,,,0
2026-10-07T18:00Z,2026-10-08T00:00Z,3612965,6,9.6,26.9,,,,h,26.9,,,,0,0.007,49.438,1.757,0,19.5,,1.118,7,281,22.931,96.97,0.923,214.773,,,,,0
2026-10-07T18:00Z,2026-10-08T06:00Z,3612965,12,5.9,15.2,,,,h,15.2,,,,0,0.006,1043.315,1.376,0.011,19.5,,1.118,13,281,30.259,59.635,1.118,158.061,,,,,0
2026-10-07T18:00Z,2026-10-08T18:00Z,3612965,24,14.1,28.3,,,,h,28.3,,,,0,0.013,35.674,1.39,0,19.5,,1.118,1,281,23.185,92.923,1.277,231.779,,,,,0
2026-10-07T18:00Z,2026-10-09T18:00Z,3612965,48,14.4,22,,,,h,22,,,,0,0.004,55.517,2.497,0,19.5,,1.118,1,282,24.36,90.512,1.536,217.002,,,,,0
2026-10-07T18:00Z,2026-10-07T19:00Z,3612966,1,12.7,15.6,,,,h,15.6,,,,0,0.022,340.346,5.364,0.002,23.1,,0.198,2,280,22.664,78.888,2.683,46.199,,,,,0
2026-10-07T18:00Z,2026-10-07T21:00Z,3612966,3,11.4,13.9,,,,h,13.9,,,,0,0.017,319.203,5.538,0.002,23.1,,0.198,4,280,22.22,80.727,2.831,43.182,,,,,0
2026-10-07T18:00Z,2026-10-08T00:00Z,3612966,6,9.9,11.9,,,,h,11.9,,,,0,0.013,352.676,5.379,0,23.1,,0.198,7,281,23.095,80.059,2.833,25.305,,,,,0
2026-10-07T18:00Z,2026-10-08T06:00Z,3612966,12,8.3,9.8,,,,h,9.8,,,,0,0.009,1141.884,5.673,0.037,23.1,,0.198,13,281,29.437,64.507,4.251,47.449,,,,,0
2026-10-07T18:00Z,2026-10-08T18:00Z,3612966,24,13.7,15.5,,,,h,15.5,,,,0,0.063,386.149,5.426,0,23.1,,0.198,1,281,23.78,85.613,2.952,46.91,,,,,0
2026-10-07T18:00Z,2026-10-09T18:00Z,3612966,48,0.6,0.7,,,,h,0.7,,,,0,0,384.84,7.162,0,23.1,,0.198,1,282,22.832,95.375,3.828,50.416,,,,,0
2026-10-07T18:00Z,2026-10-07T19:00Z,3624137,1,2.8,2.2,,,,h,2.2,,,,0,0.015,226.802,3.721,0.117,3,,-0.168,2,280,20.037,96.39,1.75,24.378,,,,,0
2026-10-07T18:00Z,2026-10-07T21:00Z,3624137,3,2.5,2,,,,h,2,,,,0,0.011,154.162,3.608,0.115,3,,-0.168,4,280,19.883,96.776,1.738,22.929,,,,,0
2026-10-07T18:00Z,2026-10-08T00:00Z,3624137,6,1.8,1.4,,,,h,1.4,,,,0,0.01,311.735,3.352,0.091,3,,-0.168,7,281,20.786,96.272,1.657,15.528,,,,,0
2026-10-07T18:00Z,2026-10-08T06:00Z,3624137,12,0.9,0.7,,,,h,0.7,,,,0,0.005,675.522,4.644,0.449,3,,-0.168,13,281,22.886,89.781,2.887,22.485,,,,,0
2026-10-07T18:00Z,2026-10-08T18:00Z,3624137,24,3.3,2.9,,,,h,2.9,,,,0,0.002,67.92,2.303,0.03,3,,-0.168,1,281,20.347,96.776,1.016,26.016,,,,,0
2026-10-07T18:00Z,2026-10-09T18:00Z,3624137,48,2.5,2.3,,,,h,2.3,,,,0,0,57.517,3.776,0,3,,-0.168,1,282,19.879,97.705,1.86,41.761,,,,,0
2026-10-07T18:00Z,2026-10-07T19:00Z,3658671,1,11.1,34.3,,,,h,34.3,,,,0,0.051,101.432,3.413,0,26.9,,1.117,2,280,22.565,78.865,1.592,71.096,,,,,0
2026-10-07T18:00Z,2026-10-07T21:00Z,3658671,3,12.9,37.9,,,,h,37.9,,,,0,0.023,65.051,3.094,0,26.9,,1.117,4,280,21.825,82.809,1.251,86.753,,,,,0
2026-10-07T18:00Z,2026-10-08T00:00Z,3658671,6,15.8,43.1,,,,h,43.1,,,,0,0.011,55.139,2.053,0,26.9,,1.117,7,281,21.96,85.768,1.129,76.336,,,,,0
2026-10-07T18:00Z,2026-10-08T06:00Z,3658671,12,9.6,23.9,,,,h,23.9,,,,0,0.007,1296.041,1.117,0.002,26.9,,1.117,13,281,29.578,56.892,0.926,90.429,,,,,0
2026-10-07T18:00Z,2026-10-08T18:00Z,3658671,24,22.6,44.8,,,,h,44.8,,,,0,0.02,91.385,3.131,0,26.9,,1.117,1,281,23.52,82.219,1.213,68.767,,,,,0
2026-10-07T18:00Z,2026-10-09T18:00Z,3658671,48,20.1,30.6,,,,h,30.6,,,,0,0.004,188.286,4.32,0,26.9,,1.117,1,282,23.919,83.253,2.305,78.5,,,,,0
2026-10-07T18:00Z,2026-10-07T19:00Z,3663294,1,9,12.4,,,,h,12.4,,,,0,0.015,420.365,5.161,0.319,17.4,,0.306,2,280,22.898,86.571,2.677,37.041,,,,,0
2026-10-07T18:00Z,2026-10-07T21:00Z,3663294,3,7.1,9.7,,,,h,9.7,,,,0,0.015,382.83,5.317,0.303,17.4,,0.306,4,280,22.61,89.207,2.662,32.981,,,,,0
2026-10-07T18:00Z,2026-10-08T00:00Z,3663294,6,6.9,9.3,,,,h,9.3,,,,0,0.017,459.03,5.141,0,17.4,,0.306,7,281,23.141,89.688,2.821,25.198,,,,,0
2026-10-07T18:00Z,2026-10-08T06:00Z,3663294,12,4.9,6.5,,,,h,6.5,,,,0,0.006,910.258,6.169,0.223,17.4,,0.306,13,281,27.455,74.963,4.379,35.539,,,,,0
2026-10-07T18:00Z,2026-10-08T18:00Z,3663294,24,8.5,10.4,,,,h,10.4,,,,0,0.038,308.797,4.421,0.093,17.4,,0.306,1,281,23.292,91.616,2.173,33.517,,,,,0
2026-10-07T18:00Z,2026-10-09T18:00Z,3663294,48,0.7,0.9,,,,h,0.9,,,,0,0.001,188.536,3.81,0,17.4,,0.306,1,282,22.752,97.821,1.903,50.149,,,,,0
2026-10-07T18:00Z,2026-10-07T19:00Z,3683630,1,1.6,10.4,,,,h,10.4,,,,0,0.025,310.008,4.014,0.32,21.9,,1.538,2,280,20.764,96.302,1.893,27.518,,,,,0
2026-10-07T18:00Z,2026-10-07T21:00Z,3683630,3,1,7.2,,,,h,7.2,,,,0,0.019,235.342,3.963,0.32,21.9,,1.538,4,280,20.621,97.992,1.831,23.117,,,,,0
2026-10-07T18:00Z,2026-10-08T00:00Z,3683630,6,0.7,5.4,,,,h,5.4,,,,0,0.016,387.839,3.799,0.148,21.9,,1.538,7,281,21.295,97.672,1.957,19.333,,,,,0
2026-10-07T18:00Z,2026-10-08T06:00Z,3683630,12,1.1,5.8,,,,h,5.8,,,,0,0.007,703.501,5.359,0.371,21.9,,1.538,13,281,23.714,87.181,3.384,22.694,,,,,0
2026-10-07T18:00Z,2026-10-08T18:00Z,3683630,24,2.8,8.5,,,,h,8.5,,,,0,0.009,111.282,2.617,0.105,21.9,,1.538,1,281,21.042,98.291,0.979,21.703,,,,,0
2026-10-07T18:00Z,2026-10-09T18:00Z,3683630,48,1,2.5,,,,h,2.5,,,,0,0,62.534,3.351,0.014,21.9,,1.538,1,282,20.581,99.165,1.52,45.653,,,,,0
2026-10-07T18:00Z,2026-10-07T19:00Z,3684609,1,7.6,7.6,,,,h,7.6,,,,0,0,20,1.291,0,,,0,2,280,18.603,75.955,0.38,93.444,,,,,0
2026-10-07T18:00Z,2026-10-07T21:00Z,3684609,3,8.9,8.9,,,,h,8.9,,,,0,0,20,1.204,0,,,0,4,280,17.641,79.697,0.427,77.851,,,,,0
2026-10-07T18:00Z,2026-10-08T00:00Z,3684609,6,10.4,10.4,,,,h,10.4,,,,0,0,20,1.197,0,,,0,7,281,18.412,81.392,0.489,71.323,,,,,0
2026-10-07T18:00Z,2026-10-08T06:00Z,3684609,12,4,4,,,,h,4,,,,0,0.001,1288.061,1.564,0,,,0,13,281,26.448,51.45,1.249,104.534,,,,,0
2026-10-07T18:00Z,2026-10-08T18:00Z,3684609,24,9.1,9.1,,,,h,9.1,,,,0,0.004,17.685,1.746,0,,,0,1,281,19.076,75.863,0.509,80.836,,,,,0
2026-10-07T18:00Z,2026-10-09T18:00Z,3684609,48,17.3,17.3,,,,h,17.3,,,,0,0.006,30,2.2,0,,,0,1,282,18.834,84.127,0.821,62.322,,,,,0
2026-10-07T18:00Z,2026-10-07T19:00Z,3684610,1,10.9,9.4,,,,h,9.4,,,,0,0.012,15.851,0.152,0,6,,-0.136,2,280,19.805,84.274,0.134,171.871,,,,,0
2026-10-07T18:00Z,2026-10-07T21:00Z,3684610,3,12.7,11.1,,,,h,11.1,,,,0,0.011,20.184,0.36,0,6,,-0.136,4,280,19.316,86.154,0.193,61.62,,,,,0
2026-10-07T18:00Z,2026-10-08T00:00Z,3684610,6,14.2,12.5,,,,h,12.5,,,,0,0.01,34.333,1.256,0,6,,-0.136,7,281,19.804,85.813,0.819,84.002,,,,,0
2026-10-07T18:00Z,2026-10-08T06:00Z,3684610,12,3.3,2.9,,,,h,2.9,,,,0,0.008,1277.589,2.583,0,6,,-0.136,13,281,27.681,53.857,2.043,58.509,,,,,0
2026-10-07T18:00Z,2026-10-08T18:00Z,3684610,24,11.6,10.6,,,,h,10.6,,,,0,0.009,15.391,0.73,0,6,,-0.136,1,281,20.47,88.667,0.162,111.981,,,,,0
2026-10-07T18:00Z,2026-10-09T18:00Z,3684610,48,13.8,13.1,,,,h,13.1,,,,0,0.006,28.449,2.469,0,6,,-0.136,1,282,20.867,82.549,0.67,65.42,,,,,0
2026-10-07T18:00Z,2026-10-07T19:00Z,3685146,1,10.7,27.7,,,,h,27.7,,,,0,0,29.897,1.166,0,23.3,,0.935,2,280,17.194,87.971,0.49,60.464,,,,,0
2026-10-07T18:00Z,2026-10-07T21:00Z,3685146,3,11.8,29.3,,,,h,29.3,,,,0,0,26.658,1.233,0,23.3,,0.935,4,280,16.747,88.773,0.393,67.62,,,,,0
2026-10-07T18:00Z,2026-10-08T00:00Z,3685146,6,13.3,31.1,,,,h,31.1,,,,0,0,33.714,1.727,0,23.3,,0.935,7,281,17.46,88.247,0.698,71.983,,,,,0
2026-10-07T18:00Z,2026-10-08T06:00Z,3685146,12,3.6,8.4,,,,h,8.4,,,,0,0,1674.72,0.42,0,23.3,,0.935,13,281,27.719,49.985,0.3,107.912,,,,,0
2026-10-07T18:00Z,2026-10-08T18:00Z,3685146,24,11.2,20.3,,,,h,20.3,,,,0,0.002,23.419,1.691,0,23.3,,0.935,1,281,17.905,88.105,0.522,72.639,,,,,0
2026-10-07T18:00Z,2026-10-09T18:00Z,3685146,48,13.8,19.7,,,,h,19.7,,,,0,0.007,52.933,3.982,0,23.3,,0.935,1,282,18.991,84.022,1.425,54.924,,,,,0
2026-10-07T18:00Z,2026-10-07T19:00Z,3685147,1,6.2,18.2,,,,h,18.2,,,,0,0,20.959,0.917,0,12.8,,1.023,2,280,18.096,80.186,0.493,34.276,,,,,0
2026-10-07T18:00Z,2026-10-07T21:00Z,3685147,3,6.7,18.7,,,,h,18.7,,,,0,0,16.391,0.81,0,12.8,,1.023,4,280,17.619,81.803,0.436,9.297,,,,,0
2026-10-07T18:00Z,2026-10-08T00:00Z,3685147,6,7.1,18.6,,,,h,18.6,,,,0,0,26.595,0.988,0,12.8,,1.023,7,281,18.342,81.634,0.746,27.655,,,,,0
2026-10-07T18:00Z,2026-10-08T06:00Z,3685147,12,3.1,7.9,,,,h,7.9,,,,0,0,1251.32,1.651,0,12.8,,1.023,13,281,26.233,55.053,1.232,32.664,,,,,0
2026-10-07T18:00Z,2026-10-08T18:00Z,3685147,24,7.7,15,,,,h,15,,,,0,0.002,20.959,0.858,0,12.8,,1.023,1,281,18.93,86.554,0.408,70.514,,,,,0
2026-10-07T18:00Z,2026-10-09T18:00Z,3685147,48,14.2,21,,,,h,21,,,,0,0.006,42.232,2.725,0,12.8,,1.023,1,282,18.923,82.475,1.059,37.676,,,,,0
2026-10-07T18:00Z,2026-10-07T19:00Z,3685149,1,7.9,7.6,,,,h,7.6,,,,0,0.009,221.254,2.626,0.189,10.8,,-0.038,2,280,23.158,92.297,1.268,4.475,,,,,0
2026-10-07T18:00Z,2026-10-07T21:00Z,3685149,3,6.7,6.4,,,,h,6.4,,,,0,0.009,224.218,2.876,0.087,10.8,,-0.038,4,280,22.973,93.824,1.459,358.806,,,,,0
2026-10-07T18:00Z,2026-10-08T00:00Z,3685149,6,5,4.8,,,,h,4.8,,,,0,0.011,284.508,2.869,0,10.8,,-0.038,7,281,23.654,92.474,1.56,0.832,,,,,0
2026-10-07T18:00Z,2026-10-08T06:00Z,3685149,12,2.2,2.1,,,,h,2.1,,,,0,0.006,637.771,3.079,1.061,10.8,,-0.038,13,281,26.635,86.221,1.998,350.358,,,,,0
2026-10-07T18:00Z,2026-10-08T18:00Z,3685149,24,6.3,6.1,,,,h,6.1,,,,0,0.011,172.182,2.011,0.862,10.8,,-0.038,1,281,23.515,94.608,1.06,20.909,,,,,0
2026-10-07T18:00Z,2026-10-09T18:00Z,3685149,48,5.6,5.5,,,,h,5.5,,,,0,0.001,92.179,1.247,0,10.8,,-0.038,1,282,23.44,98.251,0.725,69.281,,,,,0
2026-10-07T18:00Z,2026-10-07T19:00Z,3685150,1,4.6,12.6,,,,h,12.6,,,,0,0.007,127.917,2.106,0.093,14.7,,0.922,2,280,23.557,95.853,0.986,327.981,,,,,0
2026-10-07T18:00Z,2026-10-07T21:00Z,3685150,3,4.6,12.1,,,,h,12.1,,,,0,0.007,146.504,2.39,0,14.7,,0.922,4,280,23.374,96.421,1.3,326.867,,,,,0
2026-10-07T18:00Z,2026-10-08T00:00Z,3685150,6,4.8,11.9,,,,h,11.9,,,,0,0.008,190.806,1.95,0,14.7,,0.922,7,281,23.971,94.307,1.142,330.536,,,,,0
2026-10-07T18:00Z,2026-10-08T06:00Z,3685150,12,2.6,6.3,,,,h,6.3,,,,0,0.005,519.603,2.842,1.74,14.7,,0.922,13,281,26.549,90.263,1.785,325.273,,,,,0
2026-10-07T18:00Z,2026-10-08T18:00Z,3685150,24,4.8,9,,,,h,9,,,,0,0.006,101.832,0.924,0.986,14.7,,0.922,1,281,23.646,96.88,0.555,18.986,,,,,0
2026-10-07T18:00Z,2026-10-09T18:00Z,3685150,48,4,6,,,,h,6,,,,0,0.001,68.747,0.924,0,14.7,,0.922,1,282,23.77,98.753,0.323,136.84,,,,,0
2026-10-07T18:00Z,2026-10-07T19:00Z,3685151,1,7.9,13.7,,,,h,13.7,,,,0,0.008,179.586,2.21,0.159,18.7,,0.525,2,280,23.164,93.614,1.018,350.871,,,,,0
2026-10-07T18:00Z,2026-10-07T21:00Z,3685151,3,6.7,11.5,,,,h,11.5,,,,0,0.008,189.382,2.489,0.05,18.7,,0.525,4,280,23.002,94.92,1.284,345.251,,,,,0
2026-10-07T18:00Z,2026-10-08T00:00Z,3685151,6,5,8.4,,,,h,8.4,,,,0,0.011,245.599,2.408,0,18.7,,0.525,7,281,23.714,93.328,1.305,349.969,,,,,0
2026-10-07T18:00Z,2026-10-08T06:00Z,3685151,12,2.2,3.8,,,,h,3.8,,,,0,0.006,569.684,2.834,1.221,18.7,,0.525,13,281,26.401,88.878,1.761,332.422,,,,,0
2026-10-07T18:00Z,2026-10-08T18:00Z,3685151,24,6.3,9,,,,h,9,,,,0,0.009,141.789,1.456,1.034,18.7,,0.525,1,281,23.515,95.474,0.812,13.655,,,,,0
2026-10-07T18:00Z,2026-10-09T18:00Z,3685151,48,5.6,7,,,,h,7,,,,0,0.001,74.784,0.889,0,18.7,,0.525,1,282,23.536,98.374,0.547,88.121,,,,,0
2026-10-07T18:00Z,2026-10-07T19:00Z,3685152,1,4.6,9.5,,,,h,9.5,,,,0,0.006,127.848,2.225,0.078,9.4,,0.651,2,280,23.801,96.261,1.071,328.201,,,,,0
2026-10-07T18:00Z,2026-10-07T21:00Z,3685152,3,4.6,9.2,,,,h,9.2,,,,0,0.006,146.579,2.493,0,9.4,,0.651,4,280,23.585,96.56,1.362,328.752,,,,,0
2026-10-07T18:00Z,2026-10-08T00:00Z,3685152,6,4.8,9.2,,,,h,9.2,,,,0,0.007,187.433,1.931,0,9.4,,0.651,7,281,24.087,94.268,1.16,330.981,,,,,0
2026-10-07T18:00Z,2026-10-08T06:00Z,3685152,12,2.6,4.9,,,,h,4.9,,,,0,0.004,548.47,2.915,1.922,9.4,,0.651,13,281,26.852,88.878,1.896,335.399,,,,,0
2026-10-07T18:00Z,2026-10-08T18:00Z,3685152,24,4.8,7.5,,,,h,7.5,,,,0,0.005,99.241,1.056,0.819,9.4,,0.651,1,281,23.731,97.096,0.571,30.959,,,,,0
2026-10-07T18:00Z,2026-10-09T18:00Z,3685152,48,4,5.3,,,,h,5.3,,,,0,0.001,76.658,1.047,0,9.4,,0.651,1,282,23.848,98.901,0.335,140.267,,,,,0
2026-10-07T18:00Z,2026-10-07T19:00Z,3714636,1,6.9,7.5,,,,h,7.5,,,,0,0,32.7,1.784,0,4.7,,0.082,2,280,17.95,76.807,0.843,69.487,,,,,0
2026-10-07T18:00Z,2026-10-07T21:00Z,3714636,3,7.2,7.8,,,,h,7.8,,,,0,0,19.183,1.332,0,4.7,,0.082,4,280,17.529,78.107,0.557,64.377,,,,,0
2026-10-07T18:00Z,2026-10-08T00:00Z,3714636,6,8.7,9.4,,,,h,9.4,,,,0,0,31.962,1.326,0,4.7,,0.082,7,281,18.448,81.105,0.768,74.262,,,,,0
2026-10-07T18:00Z,2026-10-08T06:00Z,3714636,12,3,3.3,,,,h,3.3,,,,0,0,1282.744,1.345,0,4.7,,0.082,13,281,25.79,54.918,0.901,16.462,,,,,0
2026-10-07T18:00Z,2026-10-08T18:00Z,3714636,24,7.9,8.3,,,,h,8.3,,,,0,0.002,28.148,1.732,0,4.7,,0.082,1,281,18.609,78.763,0.791,86.44,,,,,0
2026-10-07T18:00Z,2026-10-09T18:00Z,3714636,48,13.3,13.7,,,,h,13.7,,,,0,0.007,61.852,3.67,0,4.7,,0.082,1,282,18.532,84.832,1.595,61.527,,,,,0
2026-10-07T18:00Z,2026-10-07T19:00Z,3714637,1,6.1,2.6,,,,h,2.6,,,,0,0,14.651,0.311,0,,,-0.773,2,280,19.352,82.713,0.153,123.669,,,,,0
2026-10-07T18:00Z,2026-10-07T21:00Z,3714637,3,6.5,3,,,,h,3,,,,0,0,19.117,0.408,0,,,-0.773,4,280,18.846,84.839,0.284,49.812,,,,,0
2026-10-07T18:00Z,2026-10-08T00:00Z,3714637,6,7.4,3.6,,,,h,3.6,,,,0,0,30.933,1.249,0,,,-0.773,7,281,19.427,84.006,1.014,63.166,,,,,0
2026-10-07T18:00Z,2026-10-08T06:00Z,3714637,12,3,1.4,,,,h,1.4,,,,0,0.001,1335.357,2.538,0,,,-0.773,13,281,27.212,54.73,1.938,41.793,,,,,0
2026-10-07T18:00Z,2026-10-08T18:00Z,3714637,24,7.4,4.6,,,,h,4.6,,,,0,0.004,14.651,0.781,0,,,-0.773,1,281,20.169,85.331,0.355,101.994,,,,,0
2026-10-07T18:00Z,2026-10-09T18:00Z,3714637,48,11.9,9,,,,h,9,,,,0,0.006,45.02,2.847,0,,,-0.773,1,282,20.529,82.415,1.031,56.845,,,,,0
2026-10-07T18:00Z,2026-10-07T19:00Z,3714638,1,6.6,5.7,,,,h,5.7,,,,0,0.003,10.735,0.284,0,2.8,,-0.134,2,280,20.184,87.943,0.032,127.865,,,,,0
2026-10-07T18:00Z,2026-10-07T21:00Z,3714638,3,6.9,6,,,,h,6,,,,0,0.002,25.192,0.719,0,2.8,,-0.134,4,280,19.658,89.752,0.099,17.676,,,,,0
2026-10-07T18:00Z,2026-10-08T00:00Z,3714638,6,8.1,7.1,,,,h,7.1,,,,0,0.002,65.626,0.652,0,2.8,,-0.134,7,281,20.6,88.359,0.267,19.654,,,,,0
2026-10-07T18:00Z,2026-10-08T06:00Z,3714638,12,3.4,3,,,,h,3,,,,0,0.002,944.441,2.728,0,2.8,,-0.134,13,281,27.656,61.15,1.999,34.409,,,,,0
2026-10-07T18:00Z,2026-10-08T18:00Z,3714638,24,8.1,7.4,,,,h,7.4,,,,0,0.004,14.521,0.479,0,2.8,,-0.134,1,281,21.042,84.977,0.099,202.777,,,,,0
2026-10-07T18:00Z,2026-10-09T18:00Z,3714638,48,16.9,16.1,,,,h,16.1,,,,0,0.005,49.309,1.131,0,2.8,,-0.134,1,282,21.843,83.928,0.248,16.411,,,,,0
2026-10-07T18:00Z,2026-10-07T19:00Z,3714639,1,5.3,6,,,,h,6,,,,0,0.001,12.383,0.132,0,5.6,,0.115,2,280,16.915,79.046,0.08,181.482,,,,,0
2026-10-07T18:00Z,2026-10-07T21:00Z,3714639,3,5.7,6.5,,,,h,6.5,,,,0,0.001,13.405,0.64,0,5.6,,0.115,4,280,16.712,79.215,0.085,339.462,,,,,0
2026-10-07T18:00Z,2026-10-08T00:00Z,3714639,6,6.7,7.5,,,,h,7.5,,,,0,0.001,22.383,0.765,0,5.6,,0.115,7,281,17.891,80.706,0.268,35.373,,,,,0
2026-10-07T18:00Z,2026-10-08T06:00Z,3714639,12,3,3.4,,,,h,3.4,,,,0,0.001,1355.256,2.634,0.048,5.6,,0.115,13,281,25.134,54.296,1.9,39.597,,,,,0
2026-10-07T18:00Z,2026-10-08T18:00Z,3714639,24,6.8,7.4,,,,h,7.4,,,,0,0.003,20,0.796,0,5.6,,0.115,1,281,17.322,83.116,0.24,139.146,,,,,0
2026-10-07T18:00Z,2026-10-09T18:00Z,3714639,48,13.1,13.7,,,,h,13.7,,,,0,0.005,33.812,2.07,0,5.6,,0.115,1,282,18.006,80.917,0.496,75.496,,,,,0
2026-10-07T18:00Z,2026-10-07T19:00Z,3714641,1,9,22.5,,,,h,22.5,,,,0,0.019,428.923,5.157,0.446,31.8,,0.893,2,280,22.657,88.959,2.622,37.474,,,,,0
2026-10-07T18:00Z,2026-10-07T21:00Z,3714641,3,7.1,17.4,,,,h,17.4,,,,0,0.019,374.543,5.187,0.445,31.8,,0.893,4,280,22.358,92.674,2.502,31.602,,,,,0
2026-10-07T18:00Z,2026-10-08T00:00Z,3714641,6,6.9,16.1,,,,h,16.1,,,,0,0.02,478.686,5.013,0,31.8,,0.893,7,281,22.908,92.681,2.82,24.989,,,,,0
2026-10-07T18:00Z,2026-10-08T06:00Z,3714641,12,4.9,10.7,,,,h,10.7,,,,0,0.007,869.844,6.357,0.155,31.8,,0.893,13,281,26.96,76.022,4.423,33.787,,,,,0
2026-10-07T18:00Z,2026-10-08T18:00Z,3714641,24,8.5,15.1,,,,h,15.1,,,,0,0.037,241.29,3.976,0.006,31.8,,0.893,1,281,22.887,94.194,1.707,29.872,,,,,0
2026-10-07T18:00Z,2026-10-09T18:00Z,3714641,48,0.7,1.3,,,,h,1.3,,,,0,0.001,123.935,3.204,0,31.8,,0.893,1,282,22.46,98.727,1.458,55.085,,,,,0
2026-10-07T18:00Z,2026-10-07T19:00Z,3714642,1,5.6,5.6,,,,h,5.6,,,,0,0.009,173.667,2.102,0.163,,,0,2,280,23.126,94.059,0.947,348.614,,,,,0
2026-10-07T18:00Z,2026-10-07T21:00Z,3714642,3,4.2,4.2,,,,h,4.2,,,,0,0.009,182.546,2.386,0.058,,,0,4,280,22.967,95.421,1.228,342.424,,,,,0
2026-10-07T18:00Z,2026-10-08T00:00Z,3714642,6,3.5,3.5,,,,h,3.5,,,,0,0.011,240.025,2.289,0,,,0,7,281,23.686,93.81,1.236,347.315,,,,,0
2026-10-07T18:00Z,2026-10-08T06:00Z,3714642,12,2.1,2.1,,,,h,2.1,,,,0,0.006,551.225,2.792,1.236,,,0,13,281,26.3,89.504,1.717,329.508,,,,,0
2026-10-07T18:00Z,2026-10-08T18:00Z,3714642,24,4.5,4.5,,,,h,4.5,,,,0,0.009,130.912,1.31,1.059,,,0,1,281,23.463,95.912,0.727,10.671,,,,,0
2026-10-07T18:00Z,2026-10-09T18:00Z,3714642,48,6.5,6.5,,,,h,6.5,,,,0,0.001,68.05,0.861,0,,,0,1,282,23.508,98.479,0.513,95.424,,,,,0
2026-10-07T18:00Z,2026-10-07T19:00Z,3714643,1,3.7,2.6,,,,h,2.6,,,,0,0.011,129.014,1.86,0.153,4.1,,-0.277,2,280,22.384,95.546,0.726,346.727,,,,,0
2026-10-07T18:00Z,2026-10-07T21:00Z,3714643,3,3.6,2.6,,,,h,2.6,,,,0,0.011,124.738,2.052,0.089,4.1,,-0.277,4,280,22.22,96.897,1.046,337.462,,,,,0
2026-10-07T18:00Z,2026-10-08T00:00Z,3714643,6,2.9,2.1,,,,h,2.1,,,,0,0.013,206.541,2.022,0.022,4.1,,-0.277,7,281,23.098,95.118,1.103,333.506,,,,,0
2026-10-07T18:00Z,2026-10-08T06:00Z,3714643,12,1.4,0.9,,,,h,0.9,,,,0,0.006,484.393,2.528,1.175,4.1,,-0.277,13,281,25.3,92.105,1.498,325.303,,,,,0
2026-10-07T18:00Z,2026-10-08T18:00Z,3714643,24,3.5,2.8,,,,h,2.8,,,,0,0.005,53.979,0.893,0.96,4.1,,-0.277,1,281,22.61,96.897,0.5,353.428,,,,,0
2026-10-07T18:00Z,2026-10-09T18:00Z,3714643,48,3.9,3.4,,,,h,3.4,,,,0,0.001,23.762,0.998,0,4.1,,-0.277,1,282,22.781,97.894,0.478,101.279,,,,,0
2026-10-07T18:00Z,2026-10-07T19:00Z,3714646,1,2.2,0.8,,,,h,0.8,,,,0,0.01,81.971,2.908,0.014,1.9,,-0.588,2,280,21.721,91.449,1.25,10.577,,,,,0
2026-10-07T18:00Z,2026-10-07T21:00Z,3714646,3,1.2,0.3,,,,h,0.3,,,,0,0.01,70.356,2.729,0,1.9,,-0.588,4,280,21.48,91.555,1.386,7.919,,,,,0
2026-10-07T18:00Z,2026-10-08T00:00Z,3714646,6,2,0.8,,,,h,0.8,,,,0,0.009,190.393,2.5,0.067,1.9,,-0.588,7,281,22.69,88.902,1.415,339.453,,,,,0
2026-10-07T18:00Z,2026-10-08T06:00Z,3714646,12,3,1.6,,,,h,1.6,,,,0,0.004,613.339,2.286,0.819,1.9,,-0.588,13,281,25.439,85.583,1.515,357.148,,,,,0
2026-10-07T18:00Z,2026-10-08T18:00Z,3714646,24,4.7,3,,,,h,3,,,,0,0.002,39.406,2.093,0.211,1.9,,-0.588,1,281,21.829,91.743,1.131,24.57,,,,,0
2026-10-07T18:00Z,2026-10-09T18:00Z,3714646,48,7.1,5.6,,,,h,5.6,,,,0,0,38.618,2.314,0,1.9,,-0.588,1,282,21.885,94.315,1.075,57.526,,,,,0
2026-10-07T18:00Z,2026-10-07T19:00Z,3733065,1,6.1,0.4,,,,h,0.4,,,,0,0.004,113.406,2.759,0.005,0.2,,-1.679,2,280,24.869,98.965,1.446,322.77,,,,,0
2026-10-07T18:00Z,2026-10-07T21:00Z,3733065,3,3.7,0,,,,h,0,,,,0,0.005,133.355,2.879,0,0.2,,-1.679,4,280,24.548,98.062,1.633,328.476,,,,,0
2026-10-07T18:00Z,2026-10-08T00:00Z,3733065,6,3.9,0.1,,,,h,0.1,,,,0,0.005,156.782,1.627,0,0.2,,-1.679,7,281,24.615,95.016,1.141,317.576,,,,,0
2026-10-07T18:00Z,2026-10-08T06:00Z,3733065,12,4.4,0.5,,,,h,0.5,,,,0,0.003,514.48,3.875,3.152,0.2,,-1.679,13,281,27.461,87.322,2.833,5.773,,,,,0
2026-10-07T18:00Z,2026-10-08T18:00Z,3733065,24,3.5,0.7,,,,h,0.7,,,,0,0.002,67.59,1.804,0.16,0.2,,-1.679,1,281,24.002,98.925,0.66,65.262,,,,,0
2026-10-07T18:00Z,2026-10-09T18:00Z,3733065,48,4.6,2.1,,,,h,2.1,,,,0,0.001,98.235,1.824,0,0.2,,-1.679,1,282,24.127,99.838,0.643,158.673,,,,,0
2026-10-07T18:00Z,2026-10-07T19:00Z,3783738,1,13.4,13.4,,,,h,13.4,,,,0,0.021,292.935,4.605,0.031,,,0,2,280,21.886,81.491,2.045,44.463,,,,,0
2026-10-07T18:00Z,2026-10-07T21:00Z,3783738,3,11.8,11.8,,,,h,11.8,,,,0,0.017,265.825,4.152,0.031,,,0,4,280,21.589,83.987,1.889,35.056,,,,,0
2026-10-07T18:00Z,2026-10-08T00:00Z,3783738,6,10.9,10.9,,,,h,10.9,,,,0,0.013,340.636,4.379,0,,,0,7,281,22.756,80.604,2.389,21.845,,,,,0
2026-10-07T18:00Z,2026-10-08T06:00Z,3783738,12,9.9,9.9,,,,h,9.9,,,,0,0.017,1061.446,4.506,0.067,,,0,13,281,28.441,66.26,3.196,35.822,,,,,0
2026-10-07T18:00Z,2026-10-08T18:00Z,3783738,24,19,19,,,,h,19,,,,0,0.063,295.152,4.13,0,,,0,1,281,23.103,88.276,1.862,42.893,,,,,0
2026-10-07T18:00Z,2026-10-09T18:00Z,3783738,48,0.4,0.4,,,,h,0.4,,,,0,0,355.52,7.106,0,,,0,1,282,22.644,94.685,3.696,55.072,,,,,0
2026-10-07T18:00Z,2026-10-07T19:00Z,3891934,1,31.1,10.9,,,,h,10.9,,,,0,0.004,56.393,0.109,0.162,10.3,,-1.037,2,280,21.444,97.711,0.111,349.486,,,,,0
2026-10-07T18:00Z,2026-10-07T21:00Z,3891934,3,23.4,8.4,,,,h,8.4,,,,0,0.004,29.053,0.393,0,10.3,,-1.037,4,280,21.097,98.554,0.209,50.546,,,,,0
2026-10-07T18:00Z,2026-10-08T00:00Z,3891934,6,19.8,7.5,,,,h,7.5,,,,0,0.004,52.325,0.888,0,10.3,,-1.037,7,281,21.151,95.998,0.642,313.861,,,,,0
2026-10-07T18:00Z,2026-10-08T06:00Z,3891934,12,8.7,3.4,,,,h,3.4,,,,0,0.007,941.726,0.87,0.106,10.3,,-1.037,13,281,29.583,61.434,0.698,120.543,,,,,0
2026-10-07T18:00Z,2026-10-08T18:00Z,3891934,24,40.3,21.3,,,,h,21.3,,,,0,0.008,37.987,0.409,0,10.3,,-1.037,1,281,23.136,94.2,0.135,5.322,,,,,0
2026-10-07T18:00Z,2026-10-09T18:00Z,3891934,48,31.7,21.5,,,,h,21.5,,,,0,0.007,36.84,0.814,0,10.3,,-1.037,1,282,23.376,91.381,0.337,327.213,,,,,0
2026-10-07T18:00Z,2026-10-07T19:00Z,3892436,1,31.1,14.1,,,,h,14.1,,,,0,0.004,58.453,0.137,0.154,13.4,,-0.789,2,280,21.616,97.536,0.118,29.905,,,,,0
2026-10-07T18:00Z,2026-10-07T21:00Z,3892436,3,23.4,10.8,,,,h,10.8,,,,0,0.004,29.324,0.443,0,13.4,,-0.789,4,280,21.271,98.479,0.203,52.294,,,,,0
2026-10-07T18:00Z,2026-10-08T00:00Z,3892436,6,19.8,9.5,,,,h,9.5,,,,0,0.004,51.662,0.841,0,13.4,,-0.789,7,281,21.328,95.857,0.604,313.986,,,,,0
2026-10-07T18:00Z,2026-10-08T06:00Z,3892436,12,8.7,4.3,,,,h,4.3,,,,0,0.007,926.658,0.852,0.099,13.4,,-0.789,13,281,29.691,61.604,0.686,124.257,,,,,0
2026-10-07T18:00Z,2026-10-08T18:00Z,3892436,24,40.3,24.9,,,,h,24.9,,,,0,0.008,40.451,0.405,0,13.4,,-0.789,1,281,23.309,94.016,0.118,6.74,,,,,0
2026-10-07T18:00Z,2026-10-09T18:00Z,3892436,48,31.7,23.6,,,,h,23.6,,,,0,0.007,38.15,0.843,0,13.4,,-0.789,1,282,23.539,91.292,0.337,328.927,,,,,0
2026-10-07T18:00Z,2026-10-07T19:00Z,3892437,1,31.1,15,,,,h,15,,,,0,0.004,58.375,0.163,0.154,14.2,,-0.724,2,280,21.78,97.491,0.121,63.251,,,,,0
2026-10-07T18:00Z,2026-10-07T21:00Z,3892437,3,23.4,11.5,,,,h,11.5,,,,0,0.004,29.415,0.453,0,14.2,,-0.724,4,280,21.44,98.503,0.159,56.747,,,,,0
2026-10-07T18:00Z,2026-10-08T00:00Z,3892437,6,19.8,10.1,,,,h,10.1,,,,0,0.004,55.093,0.834,0,14.2,,-0.724,7,281,21.464,95.779,0.589,312.713,,,,,0
2026-10-07T18:00Z,2026-10-08T06:00Z,3892437,12,8.7,4.6,,,,h,4.6,,,,0,0.007,929.074,0.769,0.093,14.2,,-0.724,13,281,29.863,61.443,0.623,127.758,,,,,0
2026-10-07T18:00Z,2026-10-08T18:00Z,3892437,24,40.3,25.9,,,,h,25.9,,,,0,0.008,40.462,0.488,0,14.2,,-0.724,1,281,23.47,94.27,0.099,9.082,,,,,0
2026-10-07T18:00Z,2026-10-09T18:00Z,3892437,48,31.7,24.2,,,,h,24.2,,,,0,0.007,39.134,0.897,0,14.2,,-0.724,1,282,23.731,91.129,0.312,328.625,,,,,0
2026-10-07T18:00Z,2026-10-07T19:00Z,3998818,1,12.5,37.5,,,,h,37.5,,,,0,0.046,115.386,3.812,0,37.2,,1.092,2,280,22.788,76.245,1.749,71.836,,,,,0
2026-10-07T18:00Z,2026-10-07T21:00Z,3998818,3,15.1,43,,,,h,43,,,,0,0.016,68.937,3.29,0,37.2,,1.092,4,280,22.043,80.263,1.281,85.829,,,,,0
2026-10-07T18:00Z,2026-10-08T00:00Z,3998818,6,18.6,49.4,,,,h,49.4,,,,0,0.007,60.719,2.207,0,37.2,,1.092,7,281,22.267,83.572,1.152,73.406,,,,,0
2026-10-07T18:00Z,2026-10-08T06:00Z,3998818,12,10.5,25.4,,,,h,25.4,,,,0,0.005,1303.175,1.27,0.002,37.2,,1.092,13,281,29.752,56.74,1.073,75.531,,,,,0
2026-10-07T18:00Z,2026-10-08T18:00Z,3998818,24,23.6,46.1,,,,h,46.1,,,,0,0.024,101.263,3.452,0,37.2,,1.092,1,281,23.721,82.504,1.332,67.94,,,,,0
2026-10-07T18:00Z,2026-10-09T18:00Z,3998818,48,21.2,31.9,,,,h,31.9,,,,0,0.004,223.027,4.73,0,37.2,,1.092,1,282,24.222,81.652,2.569,72.902,,,,,0
2026-10-07T18:00Z,2026-10-07T19:00Z,4028033,1,46.3,55,,,,h,55,,,,0.004,0.234,73.947,1.954,0,38.6,,0.176,2,280,24.647,97.005,0.792,311.874,,,,,0
2026-10-07T18:00Z,2026-10-07T21:00Z,4028033,3,49.9,58.9,,,,h,58.9,,,,0.001,0.582,128.213,3.121,0,38.6,,0.176,4,280,24.341,95.37,1.424,326.236,,,,,0
2026-10-07T18:00Z,2026-10-08T00:00Z,4028033,6,42.3,49.4,,,,h,49.4,,,,0.005,0.516,156.918,3.378,0,38.6,,0.176,7,281,24.862,93.963,1.795,353.268,,,,,0
2026-10-07T18:00Z,2026-10-08T06:00Z,4028033,12,12.5,14.4,,,,h,14.4,,,,0.004,0.077,1287.025,1.39,0.037,38.6,,0.176,13,281,31.929,60.587,1.046,33.684,,,,,0
2026-10-07T18:00Z,2026-10-08T18:00Z,4028033,24,48.2,53.6,,,,h,53.6,,,,0.001,0.018,60.796,1.425,0,38.6,,0.176,1,281,25.761,95.559,0.513,281.495,,,,,0
2026-10-07T18:00Z,2026-10-09T18:00Z,4028033,48,39.1,41.7,,,,h,41.7,,,,0,0.012,79.973,1.287,0.665,38.6,,0.176,1,282,25.682,93.375,0.4,119.773,,,,,0
2026-10-07T18:00Z,2026-10-07T19:00Z,4143979,1,9.2,28.4,,,,h,28.4,,,,0,0,17.163,1.031,0,20.3,,1.104,2,280,17.824,77.658,0.41,89.302,,,,,0
2026-10-07T18:00Z,2026-10-07T21:00Z,4143979,3,9.9,29.1,,,,h,29.1,,,,0,0,16.847,1.242,0,20.3,,1.104,4,280,17.162,79.993,0.416,74.741,,,,,0
2026-10-07T18:00Z,2026-10-08T00:00Z,4143979,6,11.1,30.4,,,,h,30.4,,,,0,0,20.285,1.444,0,20.3,,1.104,7,281,18.263,82.934,0.64,91.756,,,,,0
2026-10-07T18:00Z,2026-10-08T06:00Z,4143979,12,3.9,10.4,,,,h,10.4,,,,0,0,1433.606,1.936,0.018,20.3,,1.104,13,281,25.805,52.946,1.498,129.448,,,,,0
2026-10-07T18:00Z,2026-10-08T18:00Z,4143979,24,8.3,16.9,,,,h,16.9,,,,0,0.003,24.329,2.254,0,20.3,,1.104,1,281,18.649,78.154,0.599,99.52,,,,,0
2026-10-07T18:00Z,2026-10-09T18:00Z,4143979,48,13.4,20.4,,,,h,20.4,,,,0,0.007,60.612,3.216,0,20.3,,1.104,1,282,18.721,81.748,1.11,96.357,,,,,0
2026-10-07T18:00Z,2026-10-07T19:00Z,4143980,1,6.5,2.6,,,,h,2.6,,,,0,0.001,22.133,0.519,0,,,-0.959,2,280,18.943,82.941,0.246,110.629,,,,,0
2026-10-07T18:00Z,2026-10-07T21:00Z,4143980,3,6.7,2.8,,,,h,2.8,,,,0,0.002,20.968,0.596,0,,,-0.959,4,280,18.511,84.289,0.29,86.099,,,,,0
2026-10-07T18:00Z,2026-10-08T00:00Z,4143980,6,7.8,3.5,,,,h,3.5,,,,0,0.002,27.606,0.952,0,,,-0.959,7,281,19.136,85.393,0.489,77.709,,,,,0
2026-10-07T18:00Z,2026-10-08T06:00Z,4143980,12,3.3,1.4,,,,h,1.4,,,,0,0.003,1459.803,2.354,0,,,-0.959,13,281,27.624,52.779,1.745,30.712,,,,,0
2026-10-07T18:00Z,2026-10-08T18:00Z,4143980,24,7.8,4.5,,,,h,4.5,,,,0,0.006,18.632,0.693,0,,,-0.959,1,281,19.878,87.381,0.327,118.881,,,,,0
2026-10-07T18:00Z,2026-10-09T18:00Z,4143980,48,11.9,8.7,,,,h,8.7,,,,0,0.006,30.14,2.66,0,,,-0.959,1,282,20.195,79.343,0.786,56.585,,,,,0
2026-10-07T18:00Z,2026-10-07T19:00Z,4143982,1,8.3,15.5,,,,h,15.5,,,,0,0.044,471.841,5.097,0.311,21.7,,0.595,2,280,22.208,86.947,2.255,28.577,,,,,0
2026-10-07T18:00Z,2026-10-07T21:00Z,4143982,3,8.1,14.7,,,,h,14.7,,,,0,0.033,453.709,4.876,0.311,21.7,,0.595,4,280,22.42,87.044,2.213,20.646,,,,,0
2026-10-07T18:00Z,2026-10-08T00:00Z,4143982,6,7.7,13.5,,,,h,13.5,,,,0,0.023,544.251,4.637,0.283,21.7,,0.595,7,281,22.861,87.355,2.34,22.973,,,,,0
2026-10-07T18:00Z,2026-10-08T06:00Z,4143982,12,9.3,15.2,,,,h,15.2,,,,0,0.016,792.195,6.348,0.292,21.7,,0.595,13,281,25.469,80.649,4.051,22.436,,,,,0
2026-10-07T18:00Z,2026-10-08T18:00Z,4143982,24,7,10.4,,,,h,10.4,,,,0,0.04,423.709,4.673,0.321,21.7,,0.595,1,281,22.842,91.192,2.17,17.687,,,,,0
2026-10-07T18:00Z,2026-10-09T18:00Z,4143982,48,1.5,2.1,,,,h,2.1,,,,0,0,278.068,4.83,0.044,21.7,,0.595,1,282,22.875,94.978,2.402,46.416,,,,,0
2026-10-07T18:00Z,2026-10-07T19:00Z,4143984,1,8.6,14,,,,h,14,,,,0,0.034,585.136,6.17,0.016,19.5,,0.462,2,280,22.164,80.451,3.013,35.992,,,,,0
2026-10-07T18:00Z,2026-10-07T21:00Z,4143984,3,8.7,13.8,,,,h,13.8,,,,0,0.026,581.095,5.418,0.016,19.5,,0.462,4,280,22.577,79.018,2.663,26.981,,,,,0
2026-10-07T18:00Z,2026-10-08T00:00Z,4143984,6,8.7,13.5,,,,h,13.5,,,,0,0.018,644.756,5.399,0,19.5,,0.462,7,281,23.144,79.537,2.899,36.259,,,,,0
2026-10-07T18:00Z,2026-10-08T06:00Z,4143984,12,9.4,13.8,,,,h,13.8,,,,0,0.027,919.784,7.253,0.011,19.5,,0.462,13,281,25.945,75.206,4.858,31.03,,,,,0
2026-10-07T18:00Z,2026-10-08T18:00Z,4143984,24,8.3,11.2,,,,h,11.2,,,,0,0.055,623.119,5.859,0,19.5,,0.462,1,281,23.164,85.614,3.032,23.152,,,,,0
2026-10-07T18:00Z,2026-10-09T18:00Z,4143984,48,0.9,1.2,,,,h,1.2,,,,0,0,458.461,7.203,0,19.5,,0.462,1,282,23.303,91.516,3.873,44.11,,,,,0
2026-10-07T18:00Z,2026-10-07T19:00Z,4143985,1,11.1,21.2,,,,h,21.2,,,,0,0.024,412.878,5.228,0.119,29.8,,0.633,2,280,22.189,82.715,2.499,40.096,,,,,0
2026-10-07T18:00Z,2026-10-07T21:00Z,4143985,3,9.8,18.3,,,,h,18.3,,,,0,0.02,386.645,4.833,0.119,29.8,,0.633,4,280,22.091,84.295,2.303,32.152,,,,,0
2026-10-07T18:00Z,2026-10-08T00:00Z,4143985,6,9,16.3,,,,h,16.3,,,,0,0.015,462.375,4.859,0,29.8,,0.633,7,281,22.924,82.996,2.636,27.505,,,,,0
2026-10-07T18:00Z,2026-10-08T06:00Z,4143985,12,10.6,17.8,,,,h,17.8,,,,0,0.012,981.624,5.797,0.067,29.8,,0.633,13,281,27.433,70.981,4.021,34.274,,,,,0
2026-10-07T18:00Z,2026-10-08T18:00Z,4143985,24,11.4,17.1,,,,h,17.1,,,,0,0.066,385.012,4.624,0,29.8,,0.633,1,281,23.112,88.672,2.202,33.406,,,,,0
2026-10-07T18:00Z,2026-10-09T18:00Z,4143985,48,0.5,0.9,,,,h,0.9,,,,0,0,335.108,6.232,0,29.8,,0.633,1,282,22.806,94.713,3.233,51.038,,,,,0
2026-10-07T18:00Z,2026-10-07T19:00Z,4143986,1,7.8,17.2,,,,h,17.2,,,,0,0.013,308.208,3.439,0.334,23.4,,0.756,2,280,22.841,91.831,1.678,24.697,,,,,0
2026-10-07T18:00Z,2026-10-07T21:00Z,4143986,3,6.4,13.8,,,,h,13.8,,,,0,0.014,281.172,3.548,0.285,23.4,,0.756,4,280,22.607,94.616,1.689,16.958,,,,,0
2026-10-07T18:00Z,2026-10-08T00:00Z,4143986,6,5,10.5,,,,h,10.5,,,,0,0.018,368.147,3.531,0,23.4,,0.756,7,281,23.242,93.75,1.938,13.936,,,,,0
2026-10-07T18:00Z,2026-10-08T06:00Z,4143986,12,2,4.3,,,,h,4.3,,,,0,0.007,710.66,4.125,0.661,23.4,,0.756,13,281,26.557,82.651,2.773,16.168,,,,,0
2026-10-07T18:00Z,2026-10-08T18:00Z,4143986,24,6.4,10.6,,,,h,10.6,,,,0,0.018,176.163,2.604,0.493,23.4,,0.756,1,281,23.092,95.471,1.137,24.13,,,,,0
2026-10-07T18:00Z,2026-10-09T18:00Z,4143986,48,5.6,7.7,,,,h,7.7,,,,0,0.001,85.086,1.896,0,23.4,,0.756,1,282,22.913,98.772,0.919,64.908,,,,,0
2026-10-07T18:00Z,2026-10-07T19:00Z,4143988,1,2.2,1.8,,,,h,1.8,,,,0,0.01,82.43,3.201,0.006,3.4,,-0.145,2,280,21.506,90.579,1.385,14.7,,,,,0
2026-10-07T18:00Z,2026-10-07T21:00Z,4143988,3,1.2,0.9,,,,h,0.9,,,,0,0.009,66.897,2.985,0,3.4,,-0.145,4,280,21.251,90.623,1.509,13.024,,,,,0
2026-10-07T18:00Z,2026-10-08T00:00Z,4143988,6,2,1.6,,,,h,1.6,,,,0,0.009,196.11,2.671,0.076,3.4,,-0.145,7,281,22.531,87.928,1.499,342.847,,,,,0
2026-10-07T18:00Z,2026-10-08T06:00Z,4143988,12,3,2.6,,,,h,2.6,,,,0,0.004,644.988,2.4,0.677,3.4,,-0.145,13,281,25.38,84.376,1.604,4.751,,,,,0
2026-10-07T18:00Z,2026-10-08T18:00Z,4143988,24,4.7,4.2,,,,h,4.2,,,,0,0.002,38.674,2.363,0.086,3.4,,-0.145,1,281,21.62,90.806,1.264,25.362,,,,,0
2026-10-07T18:00Z,2026-10-09T18:00Z,4143988,48,7.1,6.7,,,,h,6.7,,,,0,0,38.848,2.655,0,3.4,,-0.145,1,282,21.654,93.69,1.201,54.036,,,,,0
2026-10-07T18:00Z,2026-10-07T19:00Z,4165629,1,3.2,1.2,,,,h,1.2,,,,0,0,162.322,3.02,0,1.2,,-0.688,2,280,24.295,93.214,2.358,27.614,,,,,0
2026-10-07T18:00Z,2026-10-07T21:00Z,4165629,3,3.1,1.2,,,,h,1.2,,,,0,0,178.118,1.602,0.036,1.2,,-0.688,4,280,23.79,93.455,1.341,331.81,,,,,0
2026-10-07T18:00Z,2026-10-08T00:00Z,4165629,6,2.7,1,,,,h,1,,,,0,0,268.726,3.282,0.039,1.2,,-0.688,7,281,24.921,91.051,2.534,12.729,,,,,0
2026-10-07T18:00Z,2026-10-08T06:00Z,4165629,12,5.8,3,,,,h,3,,,,0,0.001,707,1.899,0.464,1.2,,-0.688,13,281,28.724,74.052,1.551,352.732,,,,,0
2026-10-07T18:00Z,2026-10-08T18:00Z,4165629,24,2.4,1.3,,,,h,1.3,,,,0,0.003,257.879,3.484,0,1.2,,-0.688,1,281,25.019,91.479,2.536,24.484,,,,,0
2026-10-07T18:00Z,2026-10-09T18:00Z,4165629,48,3,2.1,,,,h,2.1,,,,0,0.003,238.825,4.52,0,1.2,,-0.688,1,282,25.069,92.809,3.256,41.507,,,,,0
2026-10-07T18:00Z,2026-10-07T19:00Z,4321722,1,5.3,15.3,,,,h,15.3,,,,0,0.036,344.341,4.151,0.424,27.4,,0.99,2,280,21.592,93.338,1.732,22.703,,,,,0
2026-10-07T18:00Z,2026-10-07T21:00Z,4321722,3,4.8,13.4,,,,h,13.4,,,,0,0.027,299.864,4.218,0.424,27.4,,0.99,4,280,21.579,94.539,1.83,17.549,,,,,0
2026-10-07T18:00Z,2026-10-08T00:00Z,4321722,6,4.2,11.2,,,,h,11.2,,,,0,0.021,424.825,4.03,0.383,27.4,,0.99,7,281,22.074,94.412,1.983,12.571,,,,,0
2026-10-07T18:00Z,2026-10-08T06:00Z,4321722,12,5.3,12.4,,,,h,12.4,,,,0,0.01,703.655,5.479,0.465,27.4,,0.99,13,281,24.561,85.62,3.357,16.686,,,,,0
2026-10-07T18:00Z,2026-10-08T18:00Z,4321722,24,8,15.2,,,,h,15.2,,,,0,0.018,213.196,3.326,0.408,27.4,,0.99,1,281,21.979,96.23,1.333,15.146,,,,,0
2026-10-07T18:00Z,2026-10-09T18:00Z,4321722,48,1.7,2.9,,,,h,2.9,,,,0,0,124.105,3.39,0.056,27.4,,0.99,1,282,21.755,97.993,1.508,48.247,,,,,0
2026-10-07T18:00Z,2026-10-07T19:00Z,4588536,1,30.6,9.1,,,,h,9.1,,,,0,0.004,60.352,0.385,0.141,7.2,,-1.184,2,280,22.251,97.058,0.309,91.506,,,,,0
2026-10-07T18:00Z,2026-10-07T21:00Z,4588536,3,23.4,7.2,,,,h,7.2,,,,0,0.004,30.234,0.557,0,7.2,,-1.184,4,280,21.908,98.301,0.112,61.589,,,,,0
2026-10-07T18:00Z,2026-10-08T00:00Z,4588536,6,19.4,6.3,,,,h,6.3,,,,0,0.004,60.488,0.762,0,7.2,,-1.184,7,281,21.915,95.225,0.495,312.456,,,,,0
2026-10-07T18:00Z,2026-10-08T06:00Z,4588536,12,6.5,2,,,,h,2,,,,0,0.008,923.73,0.574,0.077,7.2,,-1.184,13,281,30.272,61.508,0.469,150,,,,,0
2026-10-07T18:00Z,2026-10-08T18:00Z,4588536,24,39.1,18.8,,,,h,18.8,,,,0,0.008,42.387,0.641,0,7.2,,-1.184,1,281,23.919,94.302,0.039,12.338,,,,,0
2026-10-07T18:00Z,2026-10-09T18:00Z,4588536,48,31.8,20.4,,,,h,20.4,,,,0,0.007,41.484,1.014,0,7.2,,-1.184,1,282,24.179,90.614,0.249,330.363,,,,,0
2026-10-07T18:00Z,2026-10-07T19:00Z,4765764,1,11.1,24.1,,,,h,24.1,,,,0,0.06,104.696,3.418,0,22.2,,0.762,2,280,22.768,77.918,1.533,69.023,,,,,0
2026-10-07T18:00Z,2026-10-07T21:00Z,4765764,3,12.9,27,,,,h,27,,,,0,0.021,64.407,2.986,0,22.2,,0.762,4,280,22.012,81.564,1.139,83.195,,,,,0
2026-10-07T18:00Z,2026-10-08T00:00Z,4765764,6,15.8,31.5,,,,h,31.5,,,,0,0.007,62.949,2.08,0,22.2,,0.762,7,281,22.247,84.535,1.032,68.754,,,,,0
2026-10-07T18:00Z,2026-10-08T06:00Z,4765764,12,9.6,18,,,,h,18,,,,0,0.005,1275.952,1.328,0.006,22.2,,0.762,13,281,29.676,56.86,1.113,64.358,,,,,0
2026-10-07T18:00Z,2026-10-08T18:00Z,4765764,24,22.6,36.1,,,,h,36.1,,,,0,0.022,88.989,3.13,0,22.2,,0.762,1,281,23.655,82.771,1.165,67.176,,,,,0
2026-10-07T18:00Z,2026-10-09T18:00Z,4765764,48,20.1,26.8,,,,h,26.8,,,,0,0.004,212.449,4.359,0,22.2,,0.762,1,282,24.102,82.513,2.313,72.127,,,,,0
2026-10-07T18:00Z,2026-10-07T19:00Z,4894523,1,37,36.9,,,,h,36.9,,,,0.002,0.058,89.1,2.55,0,33.2,,-0.004,2,280,24.551,96.746,0.92,322.33,,,,,0
2026-10-07T18:00Z,2026-10-07T21:00Z,4894523,3,34.7,34.6,,,,h,34.6,,,,0.002,0.187,142.179,3.572,0,33.2,,-0.004,4,280,24.403,94.907,1.601,335.711,,,,,0
2026-10-07T18:00Z,2026-10-08T00:00Z,4894523,6,28.9,28.8,,,,h,28.8,,,,0,0.295,184.65,4.187,0.013,33.2,,-0.004,7,281,24.891,93.802,2.169,356.3,,,,,0
2026-10-07T18:00Z,2026-10-08T06:00Z,4894523,12,29.7,29.6,,,,h,29.6,,,,0.002,0.13,1242.815,1.748,0.066,33.2,,-0.004,13,281,31.672,62.227,1.356,31.078,,,,,0
2026-10-07T18:00Z,2026-10-08T18:00Z,4894523,24,31.1,31,,,,h,31,,,,0.001,0.026,71.461,2.121,0,33.2,,-0.004,1,281,25.553,95.011,0.779,299.098,,,,,0
2026-10-07T18:00Z,2026-10-09T18:00Z,4894523,48,30.6,30.6,,,,h,30.6,,,,0,0.01,89.507,0.732,0.95,33.2,,-0.004,1,282,25.467,93.685,0.184,72.125,,,,,0
2026-10-07T18:00Z,2026-10-07T19:00Z,4932270,1,31.1,8.5,,,,h,8.5,,,,0,0.003,38.886,1.061,0.209,7.7,,-1.273,2,280,18.302,99.602,1.08,283.604,,,,,0
2026-10-07T18:00Z,2026-10-07T21:00Z,4932270,3,23.4,6.6,,,,h,6.6,,,,0,0.003,24.01,0.332,0,7.7,,-1.273,4,280,17.903,98.783,0.642,311.488,,,,,0
2026-10-07T18:00Z,2026-10-08T00:00Z,4932270,6,19.8,5.9,,,,h,5.9,,,,0,0.003,27.53,1.171,0,7.7,,-1.273,7,281,18.315,97.608,1.143,328.947,,,,,0
2026-10-07T18:00Z,2026-10-08T06:00Z,4932270,12,8.7,2.7,,,,h,2.7,,,,0,0.003,1071.015,1.831,0.253,7.7,,-1.273,13,281,27.018,59.967,1.364,93.688,,,,,0
2026-10-07T18:00Z,2026-10-08T18:00Z,4932270,24,40.3,18.4,,,,h,18.4,,,,0,0.006,17.081,0.317,0,7.7,,-1.273,1,281,19.776,94.388,0.428,199.634,,,,,0
2026-10-07T18:00Z,2026-10-09T18:00Z,4932270,48,31.7,19.7,,,,h,19.7,,,,0,0.007,21.898,0.263,0,7.7,,-1.273,1,282,19.939,93.687,0.456,161.349,,,,,0
2026-10-07T18:00Z,2026-10-07T19:00Z,4985405,1,10,25,,,,h,25,,,,0,0,246.437,1.711,0.226,48,,0.898,2,280,25.484,87.127,1.385,19.456,,,,,0
2026-10-07T18:00Z,2026-10-07T21:00Z,4985405,3,9.3,22.5,,,,h,22.5,,,,0,0,196.629,1.145,1.166,48,,0.898,4,280,24.916,89.448,0.905,341.714,,,,,0
2026-10-07T18:00Z,2026-10-08T00:00Z,4985405,6,13,29.4,,,,h,29.4,,,,0,0,268.159,1.446,0.009,48,,0.898,7,281,25.575,88.059,0.895,279.78,,,,,0
2026-10-07T18:00Z,2026-10-08T06:00Z,4985405,12,16.9,34.5,,,,h,34.5,,,,0,0,430.01,3.861,1.244,48,,0.898,13,281,26.645,83.865,3.212,259.869,,,,,0
2026-10-07T18:00Z,2026-10-08T18:00Z,4985405,24,6.8,12.3,,,,h,12.3,,,,0,0,304.74,2.344,0.142,48,,0.898,1,281,25.209,89.12,1.69,277.439,,,,,0
2026-10-07T18:00Z,2026-10-09T18:00Z,4985405,48,3.8,5.6,,,,h,5.6,,,,0,0,276.371,1.031,0.073,48,,0.898,1,282,25.287,89.05,1.043,314.772,,,,,0
2026-10-07T18:00Z,2026-10-07T19:00Z,4993065,1,46.3,36.6,,,,h,36.6,,,,0.003,0.052,66.49,1.809,0,29.4,,-0.238,2,280,24.511,96.761,0.64,316.813,,,,,0
2026-10-07T18:00Z,2026-10-07T21:00Z,4993065,3,49.9,39.9,,,,h,39.9,,,,0.003,0.181,111.902,3.029,0,29.4,,-0.238,4,280,24.228,95.228,1.243,323.295,,,,,0
2026-10-07T18:00Z,2026-10-08T00:00Z,4993065,6,42.3,34.2,,,,h,34.2,,,,0.003,0.505,150.871,3.473,0.004,29.4,,-0.238,7,281,24.822,94.267,1.819,348.965,,,,,0
2026-10-07T18:00Z,2026-10-08T06:00Z,4993065,12,12.5,10.3,,,,h,10.3,,,,0.006,0.132,1284.647,1.034,0.039,29.4,,-0.238,13,281,31.762,62.371,0.789,14.568,,,,,0
2026-10-07T18:00Z,2026-10-08T18:00Z,4993065,24,48.2,41.7,,,,h,41.7,,,,0.001,0.026,51.473,1.057,0,29.4,,-0.238,1,281,25.808,95.189,0.266,294.008,,,,,0
2026-10-07T18:00Z,2026-10-09T18:00Z,4993065,48,39.1,35.8,,,,h,35.8,,,,0,0.011,93.239,1.799,0.472,29.4,,-0.238,1,282,25.695,92.839,0.526,109.37,,,,,0
2026-10-07T18:00Z,2026-10-07T19:00Z,5103390,1,12.5,40.5,,,,h,40.5,,,,0,0.045,116.011,3.845,0,40.2,,1.17,2,280,22.781,76.155,1.772,72.249,,,,,0
2026-10-07T18:00Z,2026-10-07T21:00Z,5103390,3,15.1,46.2,,,,h,46.2,,,,0,0.016,69.439,3.33,0,40.2,,1.17,4,280,22.038,80.242,1.304,86.35,,,,,0
2026-10-07T18:00Z,2026-10-08T00:00Z,5103390,6,18.6,52.9,,,,h,52.9,,,,0,0.007,59.848,2.215,0,40.2,,1.17,7,281,22.249,83.594,1.172,74.458,,,,,0
2026-10-07T18:00Z,2026-10-08T06:00Z,5103390,12,10.5,27.1,,,,h,27.1,,,,0,0.005,1306.804,1.251,0.002,40.2,,1.17,13,281,29.751,56.758,1.056,79.055,,,,,0
2026-10-07T18:00Z,2026-10-08T18:00Z,5103390,24,23.6,48.3,,,,h,48.3,,,,0,0.023,102.586,3.48,0,40.2,,1.17,1,281,23.724,82.402,1.35,68.144,,,,,0
2026-10-07T18:00Z,2026-10-09T18:00Z,5103390,48,21.2,32.8,,,,h,32.8,,,,0,0.004,221.324,4.752,0,40.2,,1.17,1,282,24.221,81.661,2.586,73.588,,,,,0
2026-10-07T18:00Z,2026-10-07T19:00Z,5108494,1,38.3,37.6,,,,h,37.6,,,,0.002,0.032,71.993,2.005,0,35.3,,-0.02,2,280,24.468,96.416,0.688,327.038,,,,,0
2026-10-07T18:00Z,2026-10-07T21:00Z,5108494,3,47.1,46.2,,,,h,46.2,,,,0.003,0.114,114.528,3.127,0,35.3,,-0.02,4,280,24.252,94.864,1.269,329.803,,,,,0
2026-10-07T18:00Z,2026-10-08T00:00Z,5108494,6,49.5,48.6,,,,h,48.6,,,,0.001,0.348,159.856,3.756,0.008,35.3,,-0.02,7,281,24.837,94.096,1.955,351.906,,,,,0
2026-10-07T18:00Z,2026-10-08T06:00Z,5108494,12,17.3,17,,,,h,17,,,,0.004,0.15,1258.501,1.184,0.049,35.3,,-0.02,13,281,31.594,63.34,0.922,12.978,,,,,0
2026-10-07T18:00Z,2026-10-08T18:00Z,5108494,24,60.5,59.8,,,,h,59.8,,,,0.001,0.03,55.193,1.226,0,35.3,,-0.02,1,281,25.749,94.632,0.336,311.029,,,,,0
2026-10-07T18:00Z,2026-10-09T18:00Z,5108494,48,27.4,27.2,,,,h,27.2,,,,0,0.01,111.761,1.79,0.511,35.3,,-0.02,1,282,25.661,92.471,0.495,94.619,,,,,0
2026-10-07T18:00Z,2026-10-07T19:00Z,5482624,1,16.9,15.1,,,,h,15.1,,,,0,0.007,116.569,3.668,0,18.3,,-0.108,2,280,24.289,95.847,1.44,320.748,,,,,0
2026-10-07T18:00Z,2026-10-07T21:00Z,5482624,3,13.2,11.9,,,,h,11.9,,,,0,0.017,166.29,4.279,0,18.3,,-0.108,4,280,24.28,94.614,1.952,343.96,,,,,0
2026-10-07T18:00Z,2026-10-08T00:00Z,5482624,6,10.5,9.5,,,,h,9.5,,,,0,0.089,223.706,5.071,0.054,18.3,,-0.108,7,281,24.654,93.709,2.631,350.555,,,,,0
2026-10-07T18:00Z,2026-10-08T06:00Z,5482624,12,19.1,17.5,,,,h,17.5,,,,0,0.089,1133.511,2.47,0.151,18.3,,-0.108,13,281,30.998,66.279,2.013,42.337,,,,,0
2026-10-07T18:00Z,2026-10-08T18:00Z,5482624,24,16.6,15.5,,,,h,15.5,,,,0,0.02,96.951,3.68,0,18.3,,-0.108,1,281,25.015,94.519,1.682,306.705,,,,,0
2026-10-07T18:00Z,2026-10-09T18:00Z,5482624,48,19.3,18.5,,,,h,18.5,,,,0,0.006,81.405,2.047,1.452,18.3,,-0.108,1,282,24.897,95.974,1.389,331.063,,,,,0
2026-10-07T18:00Z,2026-10-07T19:00Z,5551122,1,31.1,6.8,,,,h,6.8,,,,0,0.004,53.834,0.089,0.171,5.6,,-1.476,2,280,21.345,97.89,0.067,310.19,,,,,0
2026-10-07T18:00Z,2026-10-07T21:00Z,5551122,3,23.4,5.3,,,,h,5.3,,,,0,0.004,28.736,0.338,0,5.6,,-1.476,4,280,20.997,98.657,0.185,52.479,,,,,0
2026-10-07T18:00Z,2026-10-08T00:00Z,5551122,6,19.8,4.8,,,,h,4.8,,,,0,0.004,55.333,0.94,0,5.6,,-1.476,7,281,21.027,96.112,0.674,312.937,,,,,0
2026-10-07T18:00Z,2026-10-08T06:00Z,5551122,12,8.7,2.1,,,,h,2.1,,,,0,0.007,961.279,0.835,0.111,5.6,,-1.476,13,281,29.565,61.112,0.671,117.484,,,,,0
2026-10-07T18:00Z,2026-10-08T18:00Z,5551122,24,40.3,16.2,,,,h,16.2,,,,0,0.008,35.045,0.464,0,5.6,,-1.476,1,281,23.036,94.569,0.138,5.785,,,,,0
2026-10-07T18:00Z,2026-10-09T18:00Z,5551122,48,31.7,18.2,,,,h,18.2,,,,0,0.007,35.9,0.813,0,5.6,,-1.476,1,282,23.308,91.36,0.314,325.193,,,,,0
2026-10-07T18:00Z,2026-10-07T19:00Z,5851170,1,12.4,21.4,,,,h,21.4,,,,0,0.004,27.358,1.805,0,22,,0.534,2,280,22.79,89.308,0.272,78.035,,,,,0
2026-10-07T18:00Z,2026-10-07T21:00Z,5851170,3,14.8,24.8,,,,h,24.8,,,,0,0.004,23.871,1.686,0,22,,0.534,4,280,22.187,92.051,0.303,54.739,,,,,0
2026-10-07T18:00Z,2026-10-08T00:00Z,5851170,6,15.5,25.2,,,,h,25.2,,,,0,0.005,141.034,2.551,0,22,,0.534,7,281,23.193,90.117,1.013,56.971,,,,,0
2026-10-07T18:00Z,2026-10-08T06:00Z,5851170,12,11.6,17.9,,,,h,17.9,,,,0,0.004,1047.545,4.259,0.128,22,,0.534,13,281,29.154,61.866,3.276,59.363,,,,,0
2026-10-07T18:00Z,2026-10-08T18:00Z,5851170,24,15.4,21.5,,,,h,21.5,,,,0,0.013,32.382,2.168,0,22,,0.534,1,281,23.437,89.136,0.551,102.635,,,,,0
2026-10-07T18:00Z,2026-10-09T18:00Z,5851170,48,11.4,14,,,,h,14,,,,0,0.017,298.917,3.859,0,22,,0.534,1,282,23.668,94.407,1.559,64.896,,,,,0
2026-10-07T18:00Z,2026-10-07T19:00Z,5894629,1,19.3,35.7,,,,h,35.7,,,,0,0.004,114.977,0.936,0.216,36.2,,0.618,2,280,25.603,93.805,0.654,62.209,,,,,0
2026-10-07T18:00Z,2026-10-07T21:00Z,5894629,3,23.2,41.7,,,,h,41.7,,,,0,0.004,146.355,2.078,0.173,36.2,,0.618,4,280,24.789,95.527,1.352,66.167,,,,,0
2026-10-07T18:00Z,2026-10-08T00:00Z,5894629,6,29.8,51.5,,,,h,51.5,,,,0,0.004,166.706,1.939,0,36.2,,0.618,7,281,25.016,93.662,1.503,44.843,,,,,0
2026-10-07T18:00Z,2026-10-08T06:00Z,5894629,12,11.8,19.5,,,,h,19.5,,,,0,0.004,844.889,0.983,0.012,36.2,,0.618,13,281,30.707,73.986,0.877,70.956,,,,,0
2026-10-07T18:00Z,2026-10-08T18:00Z,5894629,24,12,17.8,,,,h,17.8,,,,0,0.002,134.098,1.651,0.012,36.2,,0.618,1,281,26.684,93.954,0.816,256.729,,,,,0
2026-10-07T18:00Z,2026-10-09T18:00Z,5894629,48,29.9,37.6,,,,h,37.6,,,,0,0.001,149.453,2.488,0,36.2,,0.618,1,282,27.107,93.952,1.365,286.547,,,,,0
2026-10-07T18:00Z,2026-10-07T19:00Z,5951902,1,46.3,22.1,,,,h,22.1,,,,0.004,0.252,73.988,1.924,0,10.2,,-0.747,2,280,24.653,96.889,0.787,313.157,,,,,0
2026-10-07T18:00Z,2026-10-07T21:00Z,5951902,3,49.9,24.6,,,,h,24.6,,,,0.002,0.644,127.564,3.091,0,10.2,,-0.747,4,280,24.342,95.311,1.411,326.943,,,,,0
2026-10-07T18:00Z,2026-10-08T00:00Z,5951902,6,42.3,21.7,,,,h,21.7,,,,0.007,0.519,155.922,3.342,0,10.2,,-0.747,7,281,24.86,93.911,1.778,353.445,,,,,0
2026-10-07T18:00Z,2026-10-08T06:00Z,5951902,12,12.5,6.6,,,,h,6.6,,,,0.004,0.074,1283.683,1.402,0.036,10.2,,-0.747,13,281,31.909,60.661,1.057,34.175,,,,,0
2026-10-07T18:00Z,2026-10-08T18:00Z,5951902,24,48.2,30.6,,,,h,30.6,,,,0.001,0.018,61.176,1.359,0,10.2,,-0.747,1,281,25.773,95.438,0.493,282.787,,,,,0
2026-10-07T18:00Z,2026-10-09T18:00Z,5951902,48,39.1,29.6,,,,h,29.6,,,,0,0.012,85.222,1.32,0.64,10.2,,-0.747,1,282,25.702,93.244,0.382,117.001,,,,,0
2026-10-07T18:00Z,2026-10-07T19:00Z,5955903,1,46.3,48.2,,,,h,48.2,,,,0.004,0.252,74,1.924,0,33.9,,0.042,2,280,24.653,96.886,0.787,313.198,,,,,0
2026-10-07T18:00Z,2026-10-07T21:00Z,5955903,3,49.9,51.9,,,,h,51.9,,,,0.002,0.646,127.563,3.09,0,33.9,,0.042,4,280,24.342,95.309,1.411,326.97,,,,,0
2026-10-07T18:00Z,2026-10-08T00:00Z,5955903,6,42.3,43.9,,,,h,43.9,,,,0.007,0.519,155.911,3.342,0,33.9,,0.042,7,281,24.86,93.909,1.777,353.456,,,,,0
2026-10-07T18:00Z,2026-10-08T06:00Z,5955903,12,12.5,12.9,,,,h,12.9,,,,0.004,0.074,1283.572,1.403,0.036,33.9,,0.042,13,281,31.909,60.662,1.057,34.193,,,,,0
2026-10-07T18:00Z,2026-10-08T18:00Z,5955903,24,48.2,49.4,,,,h,49.4,,,,0.001,0.018,61.196,1.358,0,33.9,,0.042,1,281,25.773,95.435,0.493,282.831,,,,,0
2026-10-07T18:00Z,2026-10-09T18:00Z,5955903,48,39.1,39.7,,,,h,39.7,,,,0,0.012,85.363,1.32,0.639,33.9,,0.042,1,282,25.703,93.241,0.381,116.922,,,,,0
2026-10-07T18:00Z,2026-10-07T19:00Z,6094818,1,14.6,8.5,,,,h,8.5,,,,0,0.209,116.209,3.561,0,10.5,,-0.521,2,280,24.762,96.264,1.529,336.611,,,,,0
2026-10-07T18:00Z,2026-10-07T21:00Z,6094818,3,13.7,8.1,,,,h,8.1,,,,0,0.076,165.902,4.285,0,10.5,,-0.521,4,280,24.591,94.853,2.17,351.139,,,,,0
2026-10-07T18:00Z,2026-10-08T00:00Z,6094818,6,14.5,8.9,,,,h,8.9,,,,0,0.04,186.063,4.021,0,10.5,,-0.521,7,281,24.945,92.055,2.135,8.257,,,,,0
2026-10-07T18:00Z,2026-10-08T06:00Z,6094818,12,12.3,7.9,,,,h,7.9,,,,0,0.037,1159.671,2.893,0.047,10.5,,-0.521,13,281,31.588,60.613,2.271,40.103,,,,,0
2026-10-07T18:00Z,2026-10-08T18:00Z,6094818,24,12.7,9.1,,,,h,9.1,,,,0,0.011,84.787,3.038,0,10.5,,-0.521,1,281,25.499,93.429,1.392,310.035,,,,,0
2026-10-07T18:00Z,2026-10-09T18:00Z,6094818,48,16.9,13.8,,,,h,13.8,,,,0,0.011,72.679,1.44,0.846,10.5,,-0.521,1,282,25.824,92.734,0.794,0.318,,,,,0
2026-10-07T18:00Z,2026-10-07T19:00Z,6099600,1,15.5,9.8,,,,h,9.8,,,,0,0.001,61.858,0.31,0,5.6,,-0.443,2,280,23.464,91.142,0.195,349.4,,,,,0
2026-10-07T18:00Z,2026-10-07T21:00Z,6099600,3,14.5,9.3,,,,h,9.3,,,,0,0.001,33.614,0.342,0.068,5.6,,-0.443,4,280,22.351,92.592,0.421,126.564,,,,,0
2026-10-07T18:00Z,2026-10-08T00:00Z,6099600,6,14.5,9.6,,,,h,9.6,,,,0,0.001,73.634,0.837,0,5.6,,-0.443,7,281,22.984,91.765,0.787,339.055,,,,,0
2026-10-07T18:00Z,2026-10-08T06:00Z,6099600,12,5.2,3.4,,,,h,3.4,,,,0,0.002,1063.824,1.695,0.041,5.6,,-0.443,13,281,30.258,64.342,1.42,314.72,,,,,0
2026-10-07T18:00Z,2026-10-08T18:00Z,6099600,24,10.2,7.6,,,,h,7.6,,,,0,0.003,21.902,0.415,0,5.6,,-0.443,1,281,24.221,84.049,0.243,47.853,,,,,0
2026-10-07T18:00Z,2026-10-09T18:00Z,6099600,48,10.3,8.6,,,,h,8.6,,,,0,0.006,32.452,1.161,0,5.6,,-0.443,1,282,23.961,84.21,0.557,77.717,,,,,0
2026-10-07T18:00Z,2026-10-07T19:00Z,6101817,1,16.2,14.6,,,,h,14.6,,,,0,0.001,313.719,4.395,0.587,6.7,,-0.104,2,280,25.856,89.523,3.389,350.943,,,,,0
2026-10-07T18:00Z,2026-10-07T21:00Z,6101817,3,12.2,11,,,,h,11,,,,0,0.001,343.251,4.672,0.326,6.7,,-0.104,4,280,25.982,88.219,3.732,0.197,,,,,0
2026-10-07T18:00Z,2026-10-08T00:00Z,6101817,6,10.2,9.2,,,,h,9.2,,,,0,0.001,396.235,5.628,0.294,6.7,,-0.104,7,281,26.12,88.226,4.488,2.258,,,,,0
2026-10-07T18:00Z,2026-10-08T06:00Z,6101817,12,12.6,11.6,,,,h,11.6,,,,0,0.013,790.537,3.58,0.049,6.7,,-0.104,13,281,28.956,75.698,3.281,28.491,,,,,0
2026-10-07T18:00Z,2026-10-08T18:00Z,6101817,24,16.1,15.1,,,,h,15.1,,,,0,0.019,144.166,3.66,0,6.7,,-0.104,1,281,26.645,89.847,2.658,313.307,,,,,0
2026-10-07T18:00Z,2026-10-09T18:00Z,6101817,48,9.9,9.5,,,,h,9.5,,,,0,0.003,219.095,4.549,0.426,6.7,,-0.104,1,282,26.363,89.795,3.784,341.026,,,,,0
2026-10-07T18:00Z,2026-10-07T19:00Z,6115454,1,31.1,8,,,,h,8,,,,0,0.004,59.979,0.25,0.148,6,,-1.329,2,280,21.961,97.337,0.176,74.769,,,,,0
2026-10-07T18:00Z,2026-10-07T21:00Z,6115454,3,23.4,6.2,,,,h,6.2,,,,0,0.004,29.622,0.497,0,6,,-1.329,4,280,21.623,98.448,0.142,58.894,,,,,0
2026-10-07T18:00Z,2026-10-08T00:00Z,6115454,6,19.8,5.6,,,,h,5.6,,,,0,0.004,55.467,0.794,0,6,,-1.329,7,281,21.641,95.643,0.558,312.362,,,,,0
2026-10-07T18:00Z,2026-10-08T06:00Z,6115454,12,8.7,2.5,,,,h,2.5,,,,0,0.007,917.604,0.736,0.085,6,,-1.329,13,281,29.996,61.527,0.599,132.169,,,,,0
2026-10-07T18:00Z,2026-10-08T18:00Z,6115454,24,40.3,17.7,,,,h,17.7,,,,0,0.008,42.441,0.506,0,6,,-1.329,1,281,23.653,94.181,0.078,10.636,,,,,0
2026-10-07T18:00Z,2026-10-09T18:00Z,6115454,48,31.7,19.3,,,,h,19.3,,,,0,0.007,40.44,0.933,0,6,,-1.329,1,282,23.914,90.999,0.302,329.905,,,,,0
2026-10-07T18:00Z,2026-10-07T19:00Z,6118093,1,15.3,27.1,,,,h,27.1,,,,0,0.063,96.103,2.685,0,29.8,,0.568,2,280,22.217,87.382,0.888,82.443,,,,,0
2026-10-07T18:00Z,2026-10-07T21:00Z,6118093,3,16.8,29,,,,h,29,,,,0,0.047,67.321,2.193,0,29.8,,0.568,4,280,21.785,88.269,0.759,76.29,,,,,0
2026-10-07T18:00Z,2026-10-08T00:00Z,6118093,6,18.6,31,,,,h,31,,,,0,0.029,87.772,1.826,0,29.8,,0.568,7,281,22.608,85.929,1.079,15.802,,,,,0
2026-10-07T18:00Z,2026-10-08T06:00Z,6118093,12,14.4,22.8,,,,h,22.8,,,,0,0.012,1116.599,2.391,0,29.8,,0.568,13,281,29.214,55.696,1.927,29.669,,,,,0
2026-10-07T18:00Z,2026-10-08T18:00Z,6118093,24,18.9,26.9,,,,h,26.9,,,,0,0.043,85.981,3.14,0,29.8,,0.568,1,281,23.125,89.917,1.059,85.706,,,,,0
2026-10-07T18:00Z,2026-10-09T18:00Z,6118093,48,11.6,14.5,,,,h,14.5,,,,0,0.001,198.989,4.748,0,29.8,,0.568,1,282,22.331,92.39,2.088,40.027,,,,,0
2026-10-07T18:00Z,2026-10-07T19:00Z,6123215,1,195.1,71,,,,h,71,,,,0,0.515,29.568,0.972,0,49.9,,-1.044,2,280,21.337,83.619,0.6,272.423,,,,,0
2026-10-07T18:00Z,2026-10-07T21:00Z,6123215,3,140.2,53,,,,h,53,,,,0,1.034,67.268,3.577,0,49.9,,-1.044,4,280,20.166,87.641,1.503,5.257,,,,,0
2026-10-07T18:00Z,2026-10-08T00:00Z,6123215,6,105.2,42.1,,,,h,42.1,,,,0,0.393,105.911,4.34,0,49.9,,-1.044,7,281,21.271,78.165,1.956,8.313,,,,,0
2026-10-07T18:00Z,2026-10-08T06:00Z,6123215,12,36.3,15.8,,,,h,15.8,,,,0,0.091,1225.601,2.015,0,49.9,,-1.044,13,281,29.258,48.859,1.701,0.529,,,,,0
2026-10-07T18:00Z,2026-10-08T18:00Z,6123215,24,178.3,95.4,,,,h,95.4,,,,0,0.112,39.329,2.075,0,49.9,,-1.044,1,281,22.525,88.124,1.216,334.509,,,,,0
2026-10-07T18:00Z,2026-10-09T18:00Z,6123215,48,159.3,109,,,,h,109,,,,0,0.001,143.75,3.585,1.187,49.9,,-1.044,1,282,23.242,95.897,1.555,348.291,,,,,0
2026-10-07T18:00Z,2026-10-07T19:00Z,6125288,1,6.6,15.1,,,,h,15.1,,,,0,0,26.714,0.437,0,16.1,,0.784,2,280,20.911,88.78,0.13,17.846,,,,,0
2026-10-07T18:00Z,2026-10-07T21:00Z,6125288,3,6.9,15.2,,,,h,15.2,,,,0,0,26.714,0.416,0,16.1,,0.784,4,280,20.23,90.652,0.091,17.659,,,,,0
2026-10-07T18:00Z,2026-10-08T00:00Z,6125288,6,7.9,16.5,,,,h,16.5,,,,0,0,51.717,0.738,0,16.1,,0.784,7,281,20.849,88.37,0.35,18.878,,,,,0
2026-10-07T18:00Z,2026-10-08T06:00Z,6125288,12,3.4,7,,,,h,7,,,,0,0,1210.337,1.999,0,16.1,,0.784,13,281,29.101,54.319,1.534,12.401,,,,,0
2026-10-07T18:00Z,2026-10-08T18:00Z,6125288,24,9.5,15.7,,,,h,15.7,,,,0,0.002,26.714,0.504,0,16.1,,0.784,1,281,21.493,88.063,0.157,36.652,,,,,0
2026-10-07T18:00Z,2026-10-09T18:00Z,6125288,48,16.2,21.8,,,,h,21.8,,,,0,0.006,43.925,2.236,0,16.1,,0.784,1,282,22.137,87.042,0.732,35.914,,,,,0
2026-10-07T18:00Z,2026-10-07T19:00Z,6130741,1,38.3,33.5,,,,h,33.5,,,,0.002,0.03,78.693,2.244,0,28.7,,-0.137,2,280,24.464,96.311,0.771,328.991,,,,,0
2026-10-07T18:00Z,2026-10-07T21:00Z,6130741,3,47.1,41.4,,,,h,41.4,,,,0.002,0.104,122.159,3.292,0,28.7,,-0.137,4,280,24.294,94.711,1.367,333.858,,,,,0
2026-10-07T18:00Z,2026-10-08T00:00Z,6130741,6,49.5,43.9,,,,h,43.9,,,,0,0.303,169.988,3.991,0.012,28.7,,-0.137,7,281,24.852,93.96,2.067,353.603,,,,,0
2026-10-07T18:00Z,2026-10-08T06:00Z,6130741,12,17.3,15.5,,,,h,15.5,,,,0.003,0.157,1242.153,1.366,0.058,28.7,,-0.137,13,281,31.529,63.609,1.067,18.085,,,,,0
2026-10-07T18:00Z,2026-10-08T18:00Z,6130741,24,60.5,55.7,,,,h,55.7,,,,0.001,0.031,60.932,1.542,0,28.7,,-0.137,1,281,25.674,94.462,0.465,312.426,,,,,0
2026-10-07T18:00Z,2026-10-09T18:00Z,6130741,48,27.4,26,,,,h,26,,,,0,0.01,114.473,1.548,0.634,28.7,,-0.137,1,282,25.593,92.653,0.345,83.913,,,,,0
2026-10-07T18:00Z,2026-10-07T19:00Z,6149445,1,16.9,28.3,,,,h,28.3,,,,0,0.012,105.732,3.282,0,35.7,,0.513,2,280,23.921,96.841,1.227,323.562,,,,,0
2026-10-07T18:00Z,2026-10-07T21:00Z,6149445,3,13.2,21.8,,,,h,21.8,,,,0,0.106,158.33,4.048,0,35.7,,0.513,4,280,23.888,95.258,1.862,346.112,,,,,0
2026-10-07T18:00Z,2026-10-08T00:00Z,6149445,6,10.5,16.9,,,,h,16.9,,,,0,0.071,202.242,4.613,0.031,35.7,,0.513,7,281,24.296,93.823,2.315,359.307,,,,,0
2026-10-07T18:00Z,2026-10-08T06:00Z,6149445,12,19.1,28.7,,,,h,28.7,,,,0,0.055,1096.023,2.477,0.218,35.7,,0.513,13,281,30.557,65.999,1.974,45.66,,,,,0
2026-10-07T18:00Z,2026-10-08T18:00Z,6149445,24,16.6,22.9,,,,h,22.9,,,,0,0.015,87.851,3.223,0,35.7,,0.513,1,281,24.513,95.692,1.466,302.478,,,,,0
2026-10-07T18:00Z,2026-10-09T18:00Z,6149445,48,19.3,23.4,,,,h,23.4,,,,0,0.007,62.842,1.539,1.368,35.7,,0.513,1,282,24.652,94.734,1.106,330.332,,,,,0
2026-10-07T18:00Z,2026-10-07T19:00Z,6151749,1,7.3,26.3,,,,h,26.3,,,,0,0.007,38.465,1.562,0,31.9,,1.24,2,280,23.098,96.237,1.028,301.3,,,,,0
2026-10-07T18:00Z,2026-10-07T21:00Z,6151749,3,7.8,26.5,,,,h,26.5,,,,0,0.008,68.646,2.628,0,31.9,,1.24,4,280,22.504,96.597,1.776,204.894,,,,,0
2026-10-07T18:00Z,2026-10-08T00:00Z,6151749,6,9.6,30,,,,h,30,,,,0,0.008,49.399,1.755,0,31.9,,1.24,7,281,22.894,96.404,0.95,213.266,,,,,0
2026-10-07T18:00Z,2026-10-08T06:00Z,6151749,12,5.9,16.8,,,,h,16.8,,,,0,0.007,1050.374,1.356,0.011,31.9,,1.24,13,281,30.252,59.383,1.1,159,,,,,0
2026-10-07T18:00Z,2026-10-08T18:00Z,6151749,24,14.1,30.5,,,,h,30.5,,,,0,0.014,45.736,1.266,0,31.9,,1.24,1,281,23.246,92.283,1.171,223.386,,,,,0
2026-10-07T18:00Z,2026-10-09T18:00Z,6151749,48,14.4,23.1,,,,h,23.1,,,,0,0.004,60.027,2.478,0,31.9,,1.24,1,282,24.383,90.388,1.481,213.501,,,,,0
2026-10-07T18:00Z,2026-10-07T19:00Z,6154187,1,46.3,52.8,,,,h,52.8,,,,0.004,0.116,69.359,1.925,0,39,,0.135,2,280,24.582,97.187,0.737,308.571,,,,,0
2026-10-07T18:00Z,2026-10-07T21:00Z,6154187,3,49.9,56.6,,,,h,56.6,,,,0.002,0.339,121.59,3.127,0,39,,0.135,4,280,24.28,95.505,1.369,322.008,,,,,0
2026-10-07T18:00Z,2026-10-08T00:00Z,6154187,6,42.3,47.7,,,,h,47.7,,,,0.002,0.585,154.356,3.431,0.002,39,,0.135,7,281,24.841,94.251,1.811,349.961,,,,,0
2026-10-07T18:00Z,2026-10-08T06:00Z,6154187,12,12.5,14,,,,h,14,,,,0.005,0.107,1298.177,1.16,0.038,39,,0.135,13,281,31.927,61.073,0.868,26.168,,,,,0
2026-10-07T18:00Z,2026-10-08T18:00Z,6154187,24,48.2,52.3,,,,h,52.3,,,,0.001,0.022,55.212,1.381,0,39,,0.135,1,281,25.771,95.758,0.439,279.835,,,,,0
2026-10-07T18:00Z,2026-10-09T18:00Z,6154187,48,39.1,41.1,,,,h,41.1,,,,0,0.012,71.32,1.46,0.623,39,,0.135,1,282,25.649,93.514,0.473,122.944,,,,,0
2026-10-07T18:00Z,2026-10-07T19:00Z,6157903,1,3.8,21.1,,,,h,21.1,,,,0,0.003,24.422,0.762,0,17.4,,1.593,2,280,17.234,89.386,0.664,59.921,,,,,0
2026-10-07T18:00Z,2026-10-07T21:00Z,6157903,3,5.1,25.4,,,,h,25.4,,,,0,0.003,25.322,0.915,0,17.4,,1.593,4,280,16.703,89.896,0.644,43.911,,,,,0
2026-10-07T18:00Z,2026-10-08T00:00Z,6157903,6,6.9,30.3,,,,h,30.3,,,,0,0.002,43.086,0.957,0,17.4,,1.593,7,281,17.821,87.582,0.793,48.675,,,,,0
2026-10-07T18:00Z,2026-10-08T06:00Z,6157903,12,8,29.3,,,,h,29.3,,,,0,0.003,1407.805,1.11,0,17.4,,1.593,13,281,26.645,50.64,0.914,336.188,,,,,0
2026-10-07T18:00Z,2026-10-08T18:00Z,6157903,24,15.1,40.5,,,,h,40.5,,,,0,0.012,28.882,1.051,0,17.4,,1.593,1,281,18.017,88.126,0.953,72.263,,,,,0
2026-10-07T18:00Z,2026-10-09T18:00Z,6157903,48,23.2,42,,,,h,42,,,,0,0.003,77.167,3.012,0.398,17.4,,1.593,1,282,19.916,87.681,1.446,63.668,,,,,0
2026-10-07T18:00Z,2026-10-07T19:00Z,6160493,1,13.8,33.7,,,,h,33.7,,,,0,0.018,256.848,4.5,0,41.6,,0.888,2,280,22.422,80.817,2.05,52.718,,,,,0
2026-10-07T18:00Z,2026-10-07T21:00Z,6160493,3,13,30.7,,,,h,30.7,,,,0,0.015,222.616,4.475,0,41.6,,0.888,4,280,21.91,82.644,2.131,46.787,,,,,0
2026-10-07T18:00Z,2026-10-08T00:00Z,6160493,6,12,27,,,,h,27,,,,0,0.013,261.255,4.457,0,41.6,,0.888,7,281,22.888,80.723,2.341,24.096,,,,,0
2026-10-07T18:00Z,2026-10-08T06:00Z,6160493,12,10.3,21.2,,,,h,21.2,,,,0,0.014,1140.809,4.251,0.041,41.6,,0.888,13,281,29.576,61.791,3.232,42.708,,,,,0
2026-10-07T18:00Z,2026-10-08T18:00Z,6160493,24,18.7,32.4,,,,h,32.4,,,,0,0.056,275.916,4.577,0,41.6,,0.888,1,281,23.603,86.398,2.246,56.225,,,,,0
2026-10-07T18:00Z,2026-10-09T18:00Z,6160493,48,0.7,1.3,,,,h,1.3,,,,0,0,358.853,6.785,0,41.6,,0.888,1,282,22.786,94.562,3.545,51.775,,,,,0
2026-10-07T18:00Z,2026-10-07T19:00Z,6160761,1,31.1,2.9,,,,h,2.9,,,,0,0.003,79.879,0.709,0.069,2.5,,-2.197,2,280,22.323,96.007,0.515,48.37,,,,,0
2026-10-07T18:00Z,2026-10-07T21:00Z,6160761,3,23.4,2.2,,,,h,2.2,,,,0,0.003,31.13,0.905,0,2.5,,-2.197,4,280,21.96,97.551,0.401,47.946,,,,,0
2026-10-07T18:00Z,2026-10-08T00:00Z,6160761,6,19.8,2.1,,,,h,2.1,,,,0,0.003,22.571,0.424,0,2.5,,-2.197,7,281,22.262,94.866,0.363,332.191,,,,,0
2026-10-07T18:00Z,2026-10-08T06:00Z,6160761,12,8.7,0.8,,,,h,0.8,,,,0,0.005,755.355,1.223,0.057,2.5,,-2.197,13,281,29.691,64.297,0.992,135.525,,,,,0
2026-10-07T18:00Z,2026-10-08T18:00Z,6160761,24,40.3,10.2,,,,h,10.2,,,,0,0.007,65.771,0.204,0,2.5,,-2.197,1,281,24.068,90.371,0.04,190.459,,,,,0
2026-10-07T18:00Z,2026-10-09T18:00Z,6160761,48,31.7,13.8,,,,h,13.8,,,,0,0.007,45.228,0.83,0,2.5,,-2.197,1,282,23.996,91.244,0.477,350.816,,,,,0
2026-10-07T18:00Z,2026-10-07T19:00Z,6166036,1,8.9,21.5,,,,h,21.5,,,,0,0.02,268.661,3.517,0.296,21.4,,0.855,2,280,21.421,95.046,1.64,24.879,,,,,0
2026-10-07T18:00Z,2026-10-07T21:00Z,6166036,3,8.2,19.2,,,,h,19.2,,,,0,0.018,212.917,3.466,0.28,21.4,,0.855,4,280,21.214,97.285,1.592,18.397,,,,,0
2026-10-07T18:00Z,2026-10-08T00:00Z,6166036,6,6.9,15.5,,,,h,15.5,,,,0,0.017,346.444,3.319,0.042,21.4,,0.855,7,281,22.002,96.311,1.761,13.233,,,,,0
2026-10-07T18:00Z,2026-10-08T06:00Z,6166036,12,1.5,3.8,,,,h,3.8,,,,0,0.007,666.66,4.382,0.533,21.4,,0.855,13,281,24.615,86.574,2.798,18.282,,,,,0
2026-10-07T18:00Z,2026-10-08T18:00Z,6166036,24,6.7,11.8,,,,h,11.8,,,,0,0.008,86.568,2.217,0.241,21.4,,0.855,1,281,21.603,97.285,0.831,20.487,,,,,0
2026-10-07T18:00Z,2026-10-09T18:00Z,6166036,48,5.7,8.1,,,,h,8.1,,,,0,0,36.463,2.366,0,21.4,,0.855,1,282,21.378,98.588,1.039,54.861,,,,,0
2026-10-07T18:00Z,2026-10-07T19:00Z,6182459,1,10.7,30.5,,,,h,30.5,,,,0,0,30.475,1.051,0,19.4,,1.033,2,280,18.163,79.591,0.386,17.888,,,,,0
2026-10-07T18:00Z,2026-10-07T21:00Z,6182459,3,11.8,32.1,,,,h,32.1,,,,0,0,30.434,0.765,0,19.4,,1.033,4,280,17.703,79.25,0.184,19.756,,,,,0
2026-10-07T18:00Z,2026-10-08T00:00Z,6182459,6,13.3,33.9,,,,h,33.9,,,,0,0,40.874,0.725,0,19.4,,1.033,7,281,18.348,81.183,0.402,36.33,,,,,0
2026-10-07T18:00Z,2026-10-08T06:00Z,6182459,12,3.6,9.1,,,,h,9.1,,,,0,0,1115.34,0.59,0,19.4,,1.033,13,281,26.804,52.308,0.528,175.957,,,,,0
2026-10-07T18:00Z,2026-10-08T18:00Z,6182459,24,11.2,21.5,,,,h,21.5,,,,0,0.002,26.983,1.111,0,19.4,,1.033,1,281,18.571,84.497,0.521,11.211,,,,,0
2026-10-07T18:00Z,2026-10-09T18:00Z,6182459,48,13.8,20.5,,,,h,20.5,,,,0,0.007,47.383,3.078,0,19.4,,1.033,1,282,18.309,82.818,1.133,43.692,,,,,0
2026-10-07T18:00Z,2026-10-07T19:00Z,6188057,1,5.9,11.4,,,,h,11.4,,,,0,0.001,243.659,2.114,0.384,21.6,,0.613,2,280,25.682,88.208,1.904,322.294,,,,,0
2026-10-07T18:00Z,2026-10-07T21:00Z,6188057,3,6.3,11.8,,,,h,11.8,,,,0,0.001,277.112,2.68,0.219,21.6,,0.613,4,280,25.495,84.727,2.22,334.917,,,,,0
2026-10-07T18:00Z,2026-10-08T00:00Z,6188057,6,7.8,13.9,,,,h,13.9,,,,0,0.003,328.967,3.196,0.165,21.6,,0.613,7,281,25.652,86.199,2.96,328.808,,,,,0
2026-10-07T18:00Z,2026-10-08T06:00Z,6188057,12,7.5,12.6,,,,h,12.6,,,,0,0.007,693.93,2.673,0.031,21.6,,0.613,13,281,29.323,72.595,2.463,320.076,,,,,0
2026-10-07T18:00Z,2026-10-08T18:00Z,6188057,24,4.1,6.3,,,,h,6.3,,,,0,0.004,259.233,2.976,2.303,21.6,,0.613,1,281,25.73,86.845,2.242,12.507,,,,,0
2026-10-07T18:00Z,2026-10-09T18:00Z,6188057,48,4.2,5.5,,,,h,5.5,,,,0,0.007,214.985,2.645,1.261,21.6,,0.613,1,282,25.332,90.106,2.165,87.38,,,,,0
2026-10-07T18:00Z,2026-10-07T19:00Z,6195103,1,44.8,27.9,,,,h,27.9,,,,0.003,0.068,78.656,2.198,0,29.1,,-0.48,2,280,24.544,96.828,0.791,319.665,,,,,0
2026-10-07T18:00Z,2026-10-07T21:00Z,6195103,3,34.7,22,,,,h,22,,,,0.002,0.219,129.173,3.306,0,29.1,,-0.48,4,280,24.331,95.091,1.441,330.324,,,,,0
2026-10-07T18:00Z,2026-10-08T00:00Z,6195103,6,26.7,17.3,,,,h,17.3,,,,-0.001,0.388,168.983,3.835,0.008,29.1,,-0.48,7,281,24.865,94.01,2.003,353.762,,,,,0
2026-10-07T18:00Z,2026-10-08T06:00Z,6195103,12,19.3,13.1,,,,h,13.1,,,,0.003,0.132,1264.876,1.419,0.053,29.1,,-0.48,13,281,31.741,62.059,1.088,26.205,,,,,0
2026-10-07T18:00Z,2026-10-08T18:00Z,6195103,24,21.9,16.2,,,,h,16.2,,,,0.001,0.026,62.326,1.637,0,29.1,,-0.48,1,281,25.67,95.172,0.543,295.843,,,,,0
2026-10-07T18:00Z,2026-10-09T18:00Z,6195103,48,41.3,34.6,,,,h,34.6,,,,0,0.01,88.887,1.15,0.742,29.1,,-0.48,1,282,25.574,93.32,0.186,100.034,,,,,0
2026-10-07T18:00Z,2026-10-07T19:00Z,6202299,1,46.3,39.9,,,,h,39.9,,,,0.003,0.348,76.38,1.893,0,32.5,,-0.152,2,280,24.683,96.481,0.798,319.292,,,,,0
2026-10-07T18:00Z,2026-10-07T21:00Z,6202299,3,49.9,43.2,,,,h,43.2,,,,0.003,0.982,128.371,3.038,0,32.5,,-0.152,4,280,24.368,95.065,1.402,331.173,,,,,0
2026-10-07T18:00Z,2026-10-08T00:00Z,6202299,6,42.3,37,,,,h,37,,,,0.011,0.437,155.389,3.276,0,32.5,,-0.152,7,281,24.865,93.655,1.748,355.441,,,,,0
2026-10-07T18:00Z,2026-10-08T06:00Z,6202299,12,12.5,11,,,,h,11,,,,0.003,0.059,1267.574,1.531,0.033,32.5,,-0.152,13,281,31.835,60.835,1.164,36.689,,,,,0
2026-10-07T18:00Z,2026-10-08T18:00Z,6202299,24,48.2,43.9,,,,h,43.9,,,,0.001,0.016,64.453,1.221,0,32.5,,-0.152,1,281,25.79,94.98,0.472,289.898,,,,,0
2026-10-07T18:00Z,2026-10-09T18:00Z,6202299,48,39.1,37,,,,h,37,,,,0,0.012,104.04,1.358,0.591,32.5,,-0.152,1,282,25.763,92.81,0.295,106.224,,,,,0
2026-10-07T18:00Z,2026-10-07T19:00Z,6204360,1,46.3,42.9,,,,h,42.9,,,,0.004,0.086,62.738,1.735,0,31.8,,-0.078,2,280,24.552,97.072,0.657,306.025,,,,,0
2026-10-07T18:00Z,2026-10-07T21:00Z,6204360,3,49.9,46.4,,,,h,46.4,,,,0.005,0.288,111.191,2.999,0,31.8,,-0.078,4,280,24.214,95.55,1.262,317.753,,,,,0
2026-10-07T18:00Z,2026-10-08T00:00Z,6204360,6,42.3,39.5,,,,h,39.5,,,,0.01,0.677,144.537,3.26,0.002,31.8,,-0.078,7,281,24.81,94.404,1.716,346.094,,,,,0
2026-10-07T18:00Z,2026-10-08T06:00Z,6204360,12,12.5,11.7,,,,h,11.7,,,,0.006,0.111,1306.316,0.931,0.031,31.8,,-0.078,13,281,31.911,61.492,0.694,18.407,,,,,0
2026-10-07T18:00Z,2026-10-08T18:00Z,6204360,24,48.2,46,,,,h,46,,,,0.001,0.023,49.251,1.068,0,31.8,,-0.078,1,281,25.846,95.696,0.279,276.472,,,,,0
2026-10-07T18:00Z,2026-10-09T18:00Z,6204360,48,39.1,38,,,,h,38,,,,0,0.012,75.552,1.824,0.465,31.8,,-0.078,1,282,25.711,93.255,0.602,121.955,,,,,0
2026-10-07T18:00Z,2026-10-07T19:00Z,6205698,1,44.8,31.5,,,,h,31.5,,,,0.003,0.132,86.76,2.44,0,37.5,,-0.357,2,280,24.623,97.239,0.918,316.642,,,,,0
2026-10-07T18:00Z,2026-10-07T21:00Z,6205698,3,34.7,24.7,,,,h,24.7,,,,0.001,0.323,145.574,3.524,0,37.5,,-0.357,4,280,24.433,95.225,1.631,332.75,,,,,0
2026-10-07T18:00Z,2026-10-08T00:00Z,6205698,6,26.7,19.3,,,,h,19.3,,,,-0.001,0.306,180.538,4.003,0.005,37.5,,-0.357,7,281,24.912,93.843,2.09,357.704,,,,,0
2026-10-07T18:00Z,2026-10-08T06:00Z,6205698,12,19.3,14.5,,,,h,14.5,,,,0.002,0.1,1266.514,1.764,0.06,37.5,,-0.357,13,281,31.869,60.73,1.35,34.338,,,,,0
2026-10-07T18:00Z,2026-10-08T18:00Z,6205698,24,21.9,17.5,,,,h,17.5,,,,0.001,0.022,70.319,2.122,0,37.5,,-0.357,1,281,25.576,95.607,0.8,288.918,,,,,0
2026-10-07T18:00Z,2026-10-09T18:00Z,6205698,48,41.3,36.2,,,,h,36.2,,,,0,0.011,70.947,0.567,0.991,37.5,,-0.357,1,282,25.489,93.954,0.357,108.236,,,,,0
2026-10-07T18:00Z,2026-10-07T19:00Z,6205700,1,37,30.3,,,,h,30.3,,,,0.001,0.027,88.405,2.581,0,38.7,,-0.204,2,280,24.473,96.245,0.897,328.312,,,,,0
2026-10-07T18:00Z,2026-10-07T21:00Z,6205700,3,34.7,28.6,,,,h,28.6,,,,0.001,0.094,134.52,3.548,0,38.7,,-0.204,4,280,24.354,94.597,1.526,337.76,,,,,0
2026-10-07T18:00Z,2026-10-08T00:00Z,6205700,6,28.9,24.1,,,,h,24.1,,,,0,0.258,184.352,4.291,0.019,38.7,,-0.204,7,281,24.866,93.803,2.209,354.801,,,,,0
2026-10-07T18:00Z,2026-10-08T06:00Z,6205700,12,29.7,25.3,,,,h,25.3,,,,0.001,0.156,1223.516,1.644,0.069,38.7,,-0.204,13,281,31.477,63.759,1.29,25.481,,,,,0
2026-10-07T18:00Z,2026-10-08T18:00Z,6205700,24,31.1,27.4,,,,h,27.4,,,,0.001,0.03,69.738,2.027,0,38.7,,-0.204,1,281,25.564,94.391,0.698,310.272,,,,,0
2026-10-07T18:00Z,2026-10-09T18:00Z,6205700,48,30.6,28.4,,,,h,28.4,,,,0,0.009,111,1.172,0.838,38.7,,-0.204,1,282,25.481,93.189,0.196,62.898,,,,,0
2026-10-07T18:00Z,2026-10-07T19:00Z,6205764,1,38.3,38.5,,,,h,38.5,,,,0.002,0.038,70.53,1.945,0,36.5,,0.005,2,280,24.482,96.526,0.671,324.183,,,,,0
2026-10-07T18:00Z,2026-10-07T21:00Z,6205764,3,47.1,47.3,,,,h,47.3,,,,0.003,0.133,114.073,3.098,0,36.5,,0.005,4,280,24.247,94.973,1.262,327.997,,,,,0
2026-10-07T18:00Z,2026-10-08T00:00Z,6205764,6,49.5,49.7,,,,h,49.7,,,,0.001,0.388,157.436,3.675,0.007,36.5,,0.005,7,281,24.834,94.143,1.917,351.187,,,,,0
2026-10-07T18:00Z,2026-10-08T06:00Z,6205764,12,17.3,17.4,,,,h,17.4,,,,0.005,0.145,1266.223,1.145,0.046,36.5,,0.005,13,281,31.646,63.028,0.887,13.697,,,,,0
2026-10-07T18:00Z,2026-10-08T18:00Z,6205764,24,60.5,60.7,,,,h,60.7,,,,0.001,0.029,54.25,1.174,0,36.5,,0.005,1,281,25.765,94.804,0.315,306.242,,,,,0
2026-10-07T18:00Z,2026-10-09T18:00Z,6205764,48,27.4,27.4,,,,h,27.4,,,,0,0.011,105.99,1.77,0.504,36.5,,0.005,1,282,25.669,92.59,0.486,99.002,,,,,0
2026-10-07T18:00Z,2026-10-07T19:00Z,6205924,1,38.3,33.2,,,,h,33.2,,,,0.001,0.024,76.11,2.186,0,32.2,,-0.144,2,280,24.434,96.146,0.748,332.904,,,,,0
2026-10-07T18:00Z,2026-10-07T21:00Z,6205924,3,47.1,41.1,,,,h,41.1,,,,0.002,0.078,116.367,3.224,0,32.2,,-0.144,4,280,24.266,94.599,1.303,334.166,,,,,0
2026-10-07T18:00Z,2026-10-08T00:00Z,6205924,6,49.5,43.6,,,,h,43.6,,,,0.001,0.273,166.541,3.97,0.012,32.2,,-0.144,7,281,24.845,93.978,2.055,353.443,,,,,0
2026-10-07T18:00Z,2026-10-08T06:00Z,6205924,12,17.3,15.4,,,,h,15.4,,,,0.003,0.158,1238.865,1.292,0.057,32.2,,-0.144,13,281,31.466,64.109,1.017,12.193,,,,,0
2026-10-07T18:00Z,2026-10-08T18:00Z,6205924,24,60.5,55.5,,,,h,55.5,,,,0.001,0.033,58.033,1.411,0,32.2,,-0.144,1,281,25.706,94.219,0.41,320.317,,,,,0
2026-10-07T18:00Z,2026-10-09T18:00Z,6205924,48,27.4,26,,,,h,26,,,,0,0.01,125.094,1.843,0.539,32.2,,-0.144,1,282,25.632,92.239,0.535,83.859,,,,,0
2026-10-07T18:00Z,2026-10-07T19:00Z,6206920,1,4.6,16.6,,,,h,16.6,,,,0,0.02,237.744,3.455,0.401,28.1,,1.192,2,280,20.772,97.631,1.262,11.609,,,,,0
2026-10-07T18:00Z,2026-10-07T21:00Z,6206920,3,2.5,9.5,,,,h,9.5,,,,0,0.015,184.146,3.655,0.401,28.1,,1.192,4,280,20.73,97.956,1.501,11.845,,,,,0
2026-10-07T18:00Z,2026-10-08T00:00Z,6206920,6,2.1,7.7,,,,h,7.7,,,,0,0.013,326.904,3.575,0.566,28.1,,1.192,7,281,21.239,97.911,1.636,0.778,,,,,0
2026-10-07T18:00Z,2026-10-08T06:00Z,6206920,12,6.8,18.4,,,,h,18.4,,,,0,0.006,620.309,4.822,0.663,28.1,,1.192,13,281,23.222,91.509,2.722,7.634,,,,,0
2026-10-07T18:00Z,2026-10-08T18:00Z,6206920,24,5.2,11.6,,,,h,11.6,,,,0,0.006,110.635,2.546,0.584,28.1,,1.192,1,281,21.161,98.72,0.935,10.582,,,,,0
2026-10-07T18:00Z,2026-10-09T18:00Z,6206920,48,2.6,4.5,,,,h,4.5,,,,0,0,69.15,3.19,0.08,28.1,,1.192,1,282,20.742,99.077,1.528,43.855,,,,,0
2026-10-07T18:00Z,2026-10-07T19:00Z,6207952,1,5.9,22.3,,,,h,22.3,,,,0,0.001,245.686,2.081,0.396,46.1,,1.267,2,280,25.72,88.249,1.931,319.32,,,,,0
2026-10-07T18:00Z,2026-10-07T21:00Z,6207952,3,6.3,22.4,,,,h,22.4,,,,0,0.001,279.899,2.643,0.226,46.1,,1.267,4,280,25.553,84.781,2.244,332.395,,,,,0
2026-10-07T18:00Z,2026-10-08T00:00Z,6207952,6,7.8,25.3,,,,h,25.3,,,,0,0.003,332.289,3.219,0.17,46.1,,1.267,7,281,25.7,86.235,3.015,326.738,,,,,0
2026-10-07T18:00Z,2026-10-08T06:00Z,6207952,12,7.5,21.3,,,,h,21.3,,,,0,0.007,675.308,2.701,0.029,46.1,,1.267,13,281,29.276,72.834,2.512,317.491,,,,,0
2026-10-07T18:00Z,2026-10-08T18:00Z,6207952,24,4.1,9.8,,,,h,9.8,,,,0,0.004,263.467,2.951,2.375,46.1,,1.267,1,281,25.774,86.791,2.265,11.87,,,,,0
2026-10-07T18:00Z,2026-10-09T18:00Z,6207952,48,4.2,7.2,,,,h,7.2,,,,0,0.007,220.298,2.695,1.3,46.1,,1.267,1,282,25.377,89.952,2.23,88.199,,,,,0
2026-10-07T18:00Z,2026-10-07T19:00Z,6209697,1,18.2,45.4,,,,h,45.4,,,,0,0.026,227.002,0.207,0.609,78.3,,0.919,2,280,25.541,88.356,0.248,351.505,,,,,0
2026-10-07T18:00Z,2026-10-07T21:00Z,6209697,3,17.3,41.6,,,,h,41.6,,,,0,0.023,342.056,0.691,0.035,78.3,,0.919,4,280,25.894,86.352,0.525,350.297,,,,,0
2026-10-07T18:00Z,2026-10-08T00:00Z,6209697,6,17.1,39,,,,h,39,,,,0,0.011,219.772,1.98,0.059,78.3,,0.919,7,281,26.057,88.852,1.617,261.341,,,,,0
2026-10-07T18:00Z,2026-10-08T06:00Z,6209697,12,18,37.3,,,,h,37.3,,,,0,0,425.071,3.118,1.064,78.3,,0.919,13,281,27.175,83.992,2.727,287.836,,,,,0
2026-10-07T18:00Z,2026-10-08T18:00Z,6209697,24,9.1,16.4,,,,h,16.4,,,,0,0,258.554,2.942,0.372,78.3,,0.919,1,281,25.469,91.542,2.301,252.083,,,,,0
2026-10-07T18:00Z,2026-10-09T18:00Z,6209697,48,2.2,3.5,,,,h,3.5,,,,0,0.001,260.342,1.396,0.153,78.3,,0.919,1,282,25.742,88.077,1.416,281.381,,,,,0
2026-10-07T18:00Z,2026-10-07T19:00Z,6209698,1,46.3,46.1,,,,h,46.1,,,,0.003,0.088,73.335,2.028,0,30.6,,-0.005,2,280,24.561,97.003,0.747,314.607,,,,,0
2026-10-07T18:00Z,2026-10-07T21:00Z,6209698,3,49.9,49.7,,,,h,49.7,,,,0.002,0.269,124.392,3.192,0,30.6,,-0.005,4,280,24.301,95.298,1.389,326.026,,,,,0
2026-10-07T18:00Z,2026-10-08T00:00Z,6209698,6,42.3,42.1,,,,h,42.1,,,,0,0.483,160.695,3.614,0.004,30.6,,-0.005,7,281,24.852,94.14,1.898,351.881,,,,,0
2026-10-07T18:00Z,2026-10-08T06:00Z,6209698,12,12.5,12.4,,,,h,12.4,,,,0.004,0.121,1282.375,1.268,0.045,30.6,,-0.005,13,281,31.833,61.584,0.961,25.464,,,,,0
2026-10-07T18:00Z,2026-10-08T18:00Z,6209698,24,48.2,48.1,,,,h,48.1,,,,0.001,0.024,58.128,1.457,0,30.6,,-0.005,1,281,25.728,95.455,0.466,288.502,,,,,0
2026-10-07T18:00Z,2026-10-09T18:00Z,6209698,48,39.1,39,,,,h,39,,,,0,0.011,80.878,1.327,0.666,30.6,,-0.005,1,282,25.62,93.364,0.343,112.881,,,,,0
2026-10-07T18:00Z,2026-10-07T19:00Z,6210633,1,24.7,12.8,,,,h,12.8,,,,0.001,0.017,50.76,1.403,0,10.4,,-0.652,2,280,24.346,95.991,0.573,340.824,,,,,0
2026-10-07T18:00Z,2026-10-07T21:00Z,6210633,3,28.9,15.4,,,,h,15.4,,,,0.002,0.029,79.078,2.526,0,10.4,,-0.652,4,280,24.069,94.738,0.843,322.299,,,,,0
2026-10-07T18:00Z,2026-10-08T00:00Z,6210633,6,36.9,20.6,,,,h,20.6,,,,0.006,0.165,128.158,3.168,0,10.4,,-0.652,7,281,24.789,94.206,1.679,348.77,,,,,0
2026-10-07T18:00Z,2026-10-08T06:00Z,6210633,12,9.3,5.3,,,,h,5.3,,,,0.005,0.096,1277.511,0.986,0.05,10.4,,-0.652,13,281,31.509,64.046,0.814,343.526,,,,,0
2026-10-07T18:00Z,2026-10-08T18:00Z,6210633,24,23.9,15.9,,,,h,15.9,,,,0.002,0.031,35.475,0.617,0,10.4,,-0.652,1,281,25.851,94.054,0.553,20.713,,,,,0
2026-10-07T18:00Z,2026-10-09T18:00Z,6210633,48,12.1,9.4,,,,h,9.4,,,,0,0.011,135.711,3.073,0,10.4,,-0.652,1,282,25.832,90.938,1.288,99.153,,,,,0
2026-10-07T18:00Z,2026-10-07T19:00Z,6210702,1,44.8,30.3,,,,h,30.3,,,,0.003,0.086,82.623,2.321,0,33.1,,-0.396,2,280,24.573,96.964,0.85,318.647,,,,,0
2026-10-07T18:00Z,2026-10-07T21:00Z,6210702,3,34.7,23.8,,,,h,23.8,,,,0.002,0.256,136.351,3.409,0,33.1,,-0.396,4,280,24.374,95.124,1.525,331.714,,,,,0
2026-10-07T18:00Z,2026-10-08T00:00Z,6210702,6,26.7,18.7,,,,h,18.7,,,,-0.001,0.355,174.702,3.928,0.007,33.1,,-0.396,7,281,24.883,93.933,2.05,355.334,,,,,0
2026-10-07T18:00Z,2026-10-08T06:00Z,6210702,12,19.3,14,,,,h,14,,,,0.003,0.121,1263.265,1.571,0.057,33.1,,-0.396,13,281,31.78,61.61,1.205,30.111,,,,,0
2026-10-07T18:00Z,2026-10-08T18:00Z,6210702,24,21.9,17.1,,,,h,17.1,,,,0.001,0.024,66.145,1.859,0,33.1,,-0.396,1,281,25.624,95.315,0.66,293.33,,,,,0
2026-10-07T18:00Z,2026-10-09T18:00Z,6210702,48,41.3,35.7,,,,h,35.7,,,,0,0.01,82.246,0.881,0.853,33.1,,-0.396,1,282,25.531,93.602,0.187,99.751,,,,,0
2026-10-07T18:00Z,2026-10-07T19:00Z,6218293,1,9.3,20.6,,,,h,20.6,,,,0,0.001,33.503,1.119,0,24.5,,0.772,2,280,24.34,99.346,0.351,264.615,,,,,0
2026-10-07T18:00Z,2026-10-07T21:00Z,6218293,3,10.5,22.4,,,,h,22.4,,,,0,0.002,37.519,0.88,0,24.5,,0.772,4,280,24.085,99.249,0.592,13.503,,,,,0
2026-10-07T18:00Z,2026-10-08T00:00Z,6218293,6,11.3,23,,,,h,23,,,,0,0.001,77.978,1.679,0,24.5,,0.772,7,281,24.3,98.547,1.057,43.377,,,,,0
2026-10-07T18:00Z,2026-10-08T06:00Z,6218293,12,7.1,13.6,,,,h,13.6,,,,0,0.001,1019.286,0.373,0.115,24.5,,0.772,13,281,30.419,68.74,0.297,20.951,,,,,0
2026-10-07T18:00Z,2026-10-08T18:00Z,6218293,24,21.3,34.3,,,,h,34.3,,,,0,0.002,25.465,0.363,0,24.5,,0.772,1,281,24.846,94.145,0.012,284.693,,,,,0
2026-10-07T18:00Z,2026-10-09T18:00Z,6218293,48,13.9,18.7,,,,h,18.7,,,,0,0.006,37.952,1.652,0,24.5,,0.772,1,282,25.232,89.282,0.947,34.002,,,,,0
2026-10-07T18:00Z,2026-10-07T19:00Z,6218918,1,11.1,25.2,,,,h,25.2,,,,0,0.06,104.404,3.415,0,23.7,,0.805,2,280,22.76,77.974,1.536,69.19,,,,,0
2026-10-07T18:00Z,2026-10-07T21:00Z,6218918,3,12.9,28.1,,,,h,28.1,,,,0,0.021,64.478,2.995,0,23.7,,0.805,4,280,22.005,81.649,1.146,83.489,,,,,0
2026-10-07T18:00Z,2026-10-08T00:00Z,6218918,6,15.8,32.7,,,,h,32.7,,,,0,0.008,62.39,2.076,0,23.7,,0.805,7,281,22.23,84.628,1.036,69.335,,,,,0
2026-10-07T18:00Z,2026-10-08T06:00Z,6218918,12,9.6,18.6,,,,h,18.6,,,,0,0.005,1276.933,1.305,0.006,23.7,,0.805,13,281,29.67,56.881,1.093,66.129,,,,,0
2026-10-07T18:00Z,2026-10-08T18:00Z,6218918,24,22.6,37.1,,,,h,37.1,,,,0,0.022,89.147,3.129,0,23.7,,0.805,1,281,23.652,82.708,1.167,67.309,,,,,0
2026-10-07T18:00Z,2026-10-09T18:00Z,6218918,48,20.1,27.2,,,,h,27.2,,,,0,0.004,210.293,4.349,0,23.7,,0.805,1,282,24.092,82.584,2.308,72.685,,,,,0
2026-10-07T18:00Z,2026-10-07T19:00Z,6222557,1,37,29.8,,,,h,29.8,,,,0.002,0.068,93.987,2.701,0,28.7,,-0.219,2,280,24.582,96.886,0.991,321.367,,,,,0
2026-10-07T18:00Z,2026-10-07T21:00Z,6222557,3,34.7,28.2,,,,h,28.2,,,,0.001,0.201,150.646,3.708,0,28.7,,-0.219,4,280,24.453,94.931,1.701,337.192,,,,,0
2026-10-07T18:00Z,2026-10-08T00:00Z,6222557,6,28.9,23.7,,,,h,23.7,,,,0,0.262,191.73,4.312,0.013,28.7,,-0.219,7,281,24.912,93.707,2.23,357.879,,,,,0
2026-10-07T18:00Z,2026-10-08T06:00Z,6222557,12,29.7,25,,,,h,25,,,,0.001,0.116,1239.72,1.939,0.071,28.7,,-0.219,13,281,31.709,61.763,1.506,34.285,,,,,0
2026-10-07T18:00Z,2026-10-08T18:00Z,6222557,24,31.1,27.2,,,,h,27.2,,,,0.001,0.024,76.114,2.384,0,28.7,,-0.219,1,281,25.496,95.155,0.92,296.818,,,,,0
2026-10-07T18:00Z,2026-10-09T18:00Z,6222557,48,30.6,28.2,,,,h,28.2,,,,0,0.01,82.396,0.493,1.081,28.7,,-0.219,1,282,25.414,94.014,0.376,51.578,,,,,0
2026-10-07T18:00Z,2026-10-07T19:00Z,6223085,1,20.4,39.5,,,,h,39.5,,,,0,0.038,117.325,3.479,0,55.2,,0.665,2,280,24.563,97.237,1.325,321.483,,,,,0
2026-10-07T18:00Z,2026-10-07T21:00Z,6223085,3,17.1,32.4,,,,h,32.4,,,,0,0.138,185.511,4.398,0,55.2,,0.665,4,280,24.558,94.901,2.136,345.091,,,,,0
2026-10-07T18:00Z,2026-10-08T00:00Z,6223085,6,16.5,30.1,,,,h,30.1,,,,0,0.086,224.59,5.009,0.019,55.2,,0.665,7,281,24.891,93.267,2.531,3.782,,,,,0
2026-10-07T18:00Z,2026-10-08T06:00Z,6223085,12,15.5,26.4,,,,h,26.4,,,,0,0.061,1192.867,2.874,0.11,55.2,,0.665,13,281,31.577,61.13,2.261,42.969,,,,,0
2026-10-07T18:00Z,2026-10-08T18:00Z,6223085,24,15.3,23.2,,,,h,23.2,,,,0,0.017,97.791,3.616,0,55.2,,0.665,1,281,25.082,95.534,1.585,295.024,,,,,0
2026-10-07T18:00Z,2026-10-09T18:00Z,6223085,48,24.6,31.5,,,,h,31.5,,,,0,0.008,60.479,1.398,1.656,55.2,,0.665,1,282,25.073,95.168,1.222,316.155,,,,,0
2026-10-07T18:00Z,2026-10-07T19:00Z,6224050,1,44.8,37.1,,,,h,37.1,,,,0.004,0.129,73.617,2.046,0,43.5,,-0.193,2,280,24.596,97.226,0.782,310.66,,,,,0
2026-10-07T18:00Z,2026-10-07T21:00Z,6224050,3,34.7,28.9,,,,h,28.9,,,,0.002,0.349,127.808,3.214,0,43.5,,-0.193,4,280,24.32,95.45,1.433,324.807,,,,,0
2026-10-07T18:00Z,2026-10-08T00:00Z,6224050,6,26.7,22.4,,,,h,22.4,,,,0,0.499,160.738,3.559,0.002,43.5,,-0.193,7,281,24.861,94.15,1.877,352.258,,,,,0
2026-10-07T18:00Z,2026-10-08T06:00Z,6224050,12,19.3,16.5,,,,h,16.5,,,,0.004,0.105,1291.422,1.31,0.044,43.5,,-0.193,13,281,31.923,60.906,0.986,29.126,,,,,0
2026-10-07T18:00Z,2026-10-08T18:00Z,6224050,24,21.9,19.4,,,,h,19.4,,,,0.001,0.022,58.948,1.566,0,43.5,,-0.193,1,281,25.723,95.749,0.53,282.241,,,,,0
2026-10-07T18:00Z,2026-10-09T18:00Z,6224050,48,41.3,38.5,,,,h,38.5,,,,0,0.011,70.347,1.237,0.718,43.5,,-0.193,1,282,25.61,93.633,0.407,122.222,,,,,0
2026-10-07T18:00Z,2026-10-07T19:00Z,6226542,1,17.1,31.7,,,,h,31.7,,,,0,0.013,76.61,3.344,0,37.3,,0.617,2,280,24.175,94.505,1.61,12.284,,,,,0
2026-10-07T18:00Z,2026-10-07T21:00Z,6226542,3,18.6,33.6,,,,h,33.6,,,,0,0.013,93.147,3.521,0,37.3,,0.617,4,280,24.254,92.762,1.48,356.049,,,,,0
2026-10-07T18:00Z,2026-10-08T00:00Z,6226542,6,31,53.5,,,,h,53.5,,,,0.001,0.031,172.695,4.852,0.006,37.3,,0.617,7,281,24.932,93.364,2.569,5.91,,,,,0
2026-10-07T18:00Z,2026-10-08T06:00Z,6226542,12,17.9,29.3,,,,h,29.3,,,,0.001,0.076,1148.16,1.763,0.085,37.3,,0.617,13,281,30.681,68.695,1.518,338.635,,,,,0
2026-10-07T18:00Z,2026-10-08T18:00Z,6226542,24,29.5,43,,,,h,43,,,,0.001,0.048,50.363,2.486,0,37.3,,0.617,1,281,25.727,91.16,1.248,17.934,,,,,0
2026-10-07T18:00Z,2026-10-09T18:00Z,6226542,48,10,12.7,,,,h,12.7,,,,0,0.007,251.018,4.464,0.095,37.3,,0.617,1,282,25.835,87.805,2.29,69.036,,,,,0
2026-10-07T18:00Z,2026-10-07T19:00Z,6226788,1,8.7,17,,,,h,17,,,,0,0,56.784,2.231,0.011,25.1,,0.645,2,280,23.808,95.803,1.063,31.032,,,,,0
2026-10-07T18:00Z,2026-10-07T21:00Z,6226788,3,8.4,16,,,,h,16,,,,0,0,61.055,2.211,0.008,25.1,,0.645,4,280,23.516,94.861,0.738,26.786,,,,,0
2026-10-07T18:00Z,2026-10-08T00:00Z,6226788,6,4.3,8.3,,,,h,8.3,,,,0,0.001,131.446,3.583,0.001,25.1,,0.645,7,281,24.568,92.3,1.984,26.985,,,,,0
2026-10-07T18:00Z,2026-10-08T06:00Z,6226788,12,6.3,10.9,,,,h,10.9,,,,0,0.004,1220.423,4.474,0.008,25.1,,0.645,13,281,30.951,62.757,3.361,24.819,,,,,0
2026-10-07T18:00Z,2026-10-08T18:00Z,6226788,24,5.2,8.1,,,,h,8.1,,,,0,0.013,72.401,2.514,0,25.1,,0.645,1,281,24.262,90.285,1.258,38.223,,,,,0
2026-10-07T18:00Z,2026-10-09T18:00Z,6226788,48,2.8,3.8,,,,h,3.8,,,,0,0.007,95.003,2.642,0.001,25.1,,0.645,1,282,24.827,91.859,1.254,63.594,,,,,0
2026-10-07T18:00Z,2026-10-07T19:00Z,6229487,1,37,39.8,,,,h,39.8,,,,0.001,0.025,91.758,2.698,0,43.9,,0.073,2,280,24.476,96.222,0.944,327.802,,,,,0
2026-10-07T18:00Z,2026-10-07T21:00Z,6229487,3,34.7,37.2,,,,h,37.2,,,,0.001,0.088,138.802,3.638,0,43.9,,0.073,4,280,24.373,94.567,1.581,338.827,,,,,0
2026-10-07T18:00Z,2026-10-08T00:00Z,6229487,6,28.9,30.8,,,,h,30.8,,,,0,0.24,189.275,4.391,0.021,43.9,,0.073,7,281,24.869,93.755,2.257,354.968,,,,,0
2026-10-07T18:00Z,2026-10-08T06:00Z,6229487,12,29.7,31.5,,,,h,31.5,,,,0.001,0.154,1217.33,1.742,0.073,43.9,,0.073,13,281,31.461,63.818,1.371,27.659,,,,,0
2026-10-07T18:00Z,2026-10-08T18:00Z,6229487,24,31.1,32.5,,,,h,32.5,,,,0.001,0.03,72.83,2.2,0,43.9,,0.073,1,281,25.526,94.378,0.788,309.537,,,,,0
2026-10-07T18:00Z,2026-10-09T18:00Z,6229487,48,30.6,31.4,,,,h,31.4,,,,0,0.009,109.153,1.08,0.911,43.9,,0.073,1,282,25.441,93.409,0.252,52.444,,,,,0
2026-10-07T18:00Z,2026-10-07T19:00Z,6229488,1,37,35.2,,,,h,35.2,,,,0.001,0.026,92.677,2.726,0,39.3,,-0.051,2,280,24.481,96.243,0.958,327.353,,,,,0
2026-10-07T18:00Z,2026-10-07T21:00Z,6229488,3,34.7,33.1,,,,h,33.1,,,,0.001,0.089,140.345,3.663,0,39.3,,-0.051,4,280,24.381,94.576,1.599,338.981,,,,,0
2026-10-07T18:00Z,2026-10-08T00:00Z,6229488,6,28.9,27.6,,,,h,27.6,,,,0,0.238,190.583,4.411,0.022,39.3,,-0.051,7,281,24.871,93.743,2.267,355.076,,,,,0
2026-10-07T18:00Z,2026-10-08T06:00Z,6229488,12,29.7,28.5,,,,h,28.5,,,,0.001,0.152,1216.766,1.774,0.074,39.3,,-0.051,13,281,31.468,63.75,1.396,28.493,,,,,0
2026-10-07T18:00Z,2026-10-08T18:00Z,6229488,24,31.1,30.1,,,,h,30.1,,,,0.001,0.029,73.74,2.25,0,39.3,,-0.051,1,281,25.515,94.409,0.816,308.784,,,,,0
2026-10-07T18:00Z,2026-10-09T18:00Z,6229488,48,30.6,30,,,,h,30,,,,0,0.009,107.462,1.037,0.936,39.3,,-0.051,1,282,25.429,93.496,0.271,49.432,,,,,0
2026-10-07T18:00Z,2026-10-07T19:00Z,6230362,1,9.3,8.9,,,,h,8.9,,,,0,0,33.363,1.089,0,8.3,,-0.044,2,280,24.027,99.459,0.392,266.328,,,,,0
2026-10-07T18:00Z,2026-10-07T21:00Z,6230362,3,10.5,10,,,,h,10,,,,0,0.001,28.411,0.71,0,8.3,,-0.044,4,280,23.812,98.511,0.527,5.934,,,,,0
2026-10-07T18:00Z,2026-10-08T00:00Z,6230362,6,11.3,10.8,,,,h,10.8,,,,0,0.001,66.611,1.584,0,8.3,,-0.044,7,281,24.014,98.367,0.961,46.308,,,,,0
2026-10-07T18:00Z,2026-10-08T06:00Z,6230362,12,7.1,6.8,,,,h,6.8,,,,0,0.001,1032.607,0.474,0.099,8.3,,-0.044,13,281,30.201,67.68,0.417,50.131,,,,,0
2026-10-07T18:00Z,2026-10-08T18:00Z,6230362,24,21.3,20.7,,,,h,20.7,,,,0,0.002,20.556,0.298,0,8.3,,-0.044,1,281,24.565,92.591,0.075,286.054,,,,,0
2026-10-07T18:00Z,2026-10-09T18:00Z,6230362,48,13.9,13.7,,,,h,13.7,,,,0,0.006,45.261,2.394,0,8.3,,-0.044,1,282,25.181,85.62,1.102,46.421,,,,,0
2026-10-07T18:00Z,2026-10-07T19:00Z,6230395,1,9.3,9.7,,,,h,9.7,,,,0,0.001,31.153,0.9,0,7.7,,0.038,2,280,23.977,98.958,0.366,266.379,,,,,0
2026-10-07T18:00Z,2026-10-07T21:00Z,6230395,3,10.5,10.9,,,,h,10.9,,,,0,0.001,32.107,0.934,0,7.7,,0.038,4,280,23.768,98.537,0.688,14.639,,,,,0
2026-10-07T18:00Z,2026-10-08T00:00Z,6230395,6,11.3,11.7,,,,h,11.7,,,,0,0.001,66.219,1.51,0,7.7,,0.038,7,281,24.012,97.895,0.92,32.555,,,,,0
2026-10-07T18:00Z,2026-10-08T06:00Z,6230395,12,7.1,7.3,,,,h,7.3,,,,0,0.001,989.042,0.563,0.156,7.7,,0.038,13,281,30.026,68.152,0.482,79.399,,,,,0
2026-10-07T18:00Z,2026-10-08T18:00Z,6230395,24,21.3,21.8,,,,h,21.8,,,,0,0.001,21.172,0.433,0,7.7,,0.038,1,281,24.638,92.992,0.096,254.718,,,,,0
2026-10-07T18:00Z,2026-10-09T18:00Z,6230395,48,13.9,14.1,,,,h,14.1,,,,0,0.006,36.842,1.789,0,7.7,,0.038,1,282,25.352,84.784,0.84,41.009,,,,,0
2026-10-07T18:00Z,2026-10-07T19:00Z,6235850,1,44.8,28.5,,,,h,28.5,,,,0.003,0.066,78.823,2.204,0,34,,-0.457,2,280,24.541,96.807,0.791,320.053,,,,,0
2026-10-07T18:00Z,2026-10-07T21:00Z,6235850,3,34.7,22.4,,,,h,22.4,,,,0.002,0.214,129.115,3.309,0,34,,-0.457,4,280,24.33,95.074,1.44,330.541,,,,,0
2026-10-07T18:00Z,2026-10-08T00:00Z,6235850,6,26.7,17.7,,,,h,17.7,,,,-0.001,0.384,169.267,3.847,0.008,34,,-0.457,7,281,24.865,94.005,2.008,353.788,,,,,0
2026-10-07T18:00Z,2026-10-08T06:00Z,6235850,12,19.3,13.3,,,,h,13.3,,,,0.003,0.133,1263.68,1.421,0.054,34,,-0.457,13,281,31.732,62.12,1.091,26.017,,,,,0
2026-10-07T18:00Z,2026-10-08T18:00Z,6235850,24,21.9,16.5,,,,h,16.5,,,,0.001,0.026,62.421,1.639,0,34,,-0.457,1,281,25.668,95.143,0.543,296.48,,,,,0
2026-10-07T18:00Z,2026-10-09T18:00Z,6235850,48,41.3,34.9,,,,h,34.9,,,,0,0.01,89.832,1.154,0.741,34,,-0.457,1,282,25.573,93.302,0.179,98.971,,,,,0
2026-10-07T18:00Z,2026-10-07T19:00Z,6236444,1,46.3,46.4,,,,h,46.4,,,,0.004,0.138,68.572,1.918,0,38.5,,0.003,2,280,24.598,97.296,0.751,305.777,,,,,0
2026-10-07T18:00Z,2026-10-07T21:00Z,6236444,3,49.9,50,,,,h,50,,,,0.003,0.392,122.026,3.123,0,38.5,,0.003,4,280,24.281,95.599,1.382,320.679,,,,,0
2026-10-07T18:00Z,2026-10-08T00:00Z,6236444,6,42.3,42.4,,,,h,42.4,,,,0.004,0.608,152.966,3.373,0.001,38.5,,0.003,7,281,24.841,94.281,1.785,349.54,,,,,0
2026-10-07T18:00Z,2026-10-08T06:00Z,6236444,12,12.5,12.5,,,,h,12.5,,,,0.005,0.099,1304.495,1.148,0.036,38.5,,0.003,13,281,31.975,60.756,0.855,27.694,,,,,0
2026-10-07T18:00Z,2026-10-08T18:00Z,6236444,24,48.2,48.3,,,,h,48.3,,,,0.001,0.021,54.839,1.412,0,38.5,,0.003,1,281,25.779,95.918,0.458,275.905,,,,,0
2026-10-07T18:00Z,2026-10-09T18:00Z,6236444,48,39.1,39.1,,,,h,39.1,,,,0,0.012,65.8,1.475,0.63,38.5,,0.003,1,282,25.652,93.64,0.522,127.63,,,,,0
2026-10-07T18:00Z,2026-10-07T19:00Z,6238788,1,24.7,34.1,,,,h,34.1,,,,0,0.017,58.177,1.903,0,,,0.377,2,280,24.31,95.611,0.876,358.395,,,,,0
2026-10-07T18:00Z,2026-10-07T21:00Z,6238788,3,28.9,39.3,,,,h,39.3,,,,0.001,0.023,84.008,2.756,0,,,0.377,4,280,24.133,94.158,0.963,334.329,,,,,0
2026-10-07T18:00Z,2026-10-08T00:00Z,6238788,6,36.9,49.2,,,,h,49.2,,,,0.003,0.106,141.722,3.677,0,,,0.377,7,281,24.837,94.055,1.96,355.506,,,,,0
2026-10-07T18:00Z,2026-10-08T06:00Z,6238788,12,9.3,12.2,,,,h,12.2,,,,0.004,0.1,1239.753,1.194,0.048,,,0.377,13,281,31.263,65.624,1.026,332.827,,,,,0
2026-10-07T18:00Z,2026-10-08T18:00Z,6238788,24,23.9,29.2,,,,h,29.2,,,,0.001,0.037,39.11,1.159,0,,,0.377,1,281,25.896,93.22,0.788,22.437,,,,,0
2026-10-07T18:00Z,2026-10-09T18:00Z,6238788,48,12.1,13.7,,,,h,13.7,,,,0,0.01,175.058,3.529,0,,,0.377,1,282,25.889,89.794,1.616,89.13,,,,,0
2026-10-07T18:00Z,2026-10-07T19:00Z,6240774,1,44.8,30.3,,,,h,30.3,,,,0.004,0.177,74.833,2.091,0,35.5,,-0.397,2,280,24.627,97.414,0.821,308.354,,,,,0
2026-10-07T18:00Z,2026-10-07T21:00Z,6240774,3,34.7,23.8,,,,h,23.8,,,,0.001,0.42,131.957,3.253,0,35.5,,-0.397,4,280,24.346,95.55,1.484,324.609,,,,,0
2026-10-07T18:00Z,2026-10-08T00:00Z,6240774,6,26.7,18.7,,,,h,18.7,,,,0,0.462,162.282,3.549,0,35.5,,-0.397,7,281,24.873,94.128,1.877,353.274,,,,,0
2026-10-07T18:00Z,2026-10-08T06:00Z,6240774,12,19.3,14,,,,h,14,,,,0.004,0.092,1296.851,1.384,0.044,35.5,,-0.397,13,281,31.991,60.324,1.038,32.193,,,,,0
2026-10-07T18:00Z,2026-10-08T18:00Z,6240774,24,21.9,17.1,,,,h,17.1,,,,0.001,0.02,60.429,1.7,0,35.5,,-0.397,1,281,25.708,95.973,0.602,278.566,,,,,0
2026-10-07T18:00Z,2026-10-09T18:00Z,6240774,48,41.3,35.7,,,,h,35.7,,,,0,0.011,62.238,1.148,0.779,35.5,,-0.397,1,282,25.596,93.849,0.471,130.164,,,,,0
2026-10-07T18:00Z,2026-10-07T19:00Z,6242472,1,38.3,29.3,,,,h,29.3,,,,0.001,0.02,76.363,2.229,0,29.9,,-0.272,2,280,24.411,95.995,0.768,336.26,,,,,0
2026-10-07T18:00Z,2026-10-07T21:00Z,6242472,3,47.1,36.5,,,,h,36.5,,,,0.002,0.061,114.6,3.231,0,29.9,,-0.272,4,280,24.26,94.467,1.291,335.669,,,,,0
2026-10-07T18:00Z,2026-10-08T00:00Z,6242472,6,49.5,38.9,,,,h,38.9,,,,0.001,0.24,167.263,4.03,0.013,29.9,,-0.272,7,281,24.845,93.946,2.083,353.891,,,,,0
2026-10-07T18:00Z,2026-10-08T06:00Z,6242472,12,17.3,13.9,,,,h,13.9,,,,0.003,0.159,1231.28,1.301,0.059,29.9,,-0.272,13,281,31.4,64.552,1.032,9.412,,,,,0
2026-10-07T18:00Z,2026-10-08T18:00Z,6242472,24,60.5,51.3,,,,h,51.3,,,,0.001,0.035,57.741,1.435,0,29.9,,-0.272,1,281,25.705,93.988,0.426,326.328,,,,,0
2026-10-07T18:00Z,2026-10-09T18:00Z,6242472,48,27.4,24.8,,,,h,24.8,,,,0,0.009,133.764,1.995,0.51,29.9,,-0.272,1,282,25.639,91.989,0.639,80.805,,,,,0
2026-10-07T18:00Z,2026-10-07T19:00Z,6244503,1,7.9,9,,,,h,9,,,,0,0.017,22.919,0.769,0,12.1,,0.122,2,280,21.461,89.29,0.513,50.105,,,,,0
2026-10-07T18:00Z,2026-10-07T21:00Z,6244503,3,7.1,8.1,,,,h,8.1,,,,0,0.032,29.966,1.156,0,12.1,,0.122,4,280,20.662,89.843,0.639,54.747,,,,,0
2026-10-07T18:00Z,2026-10-08T00:00Z,6244503,6,7.1,8,,,,h,8,,,,0,0.036,39.966,1.214,0,12.1,,0.122,7,281,21.182,86.319,1.014,63.45,,,,,0
2026-10-07T18:00Z,2026-10-08T06:00Z,6244503,12,3.2,3.6,,,,h,3.6,,,,0,0.021,1416.68,0.2,0,12.1,,0.122,13,281,29.591,52.295,0.092,148.989,,,,,0
2026-10-07T18:00Z,2026-10-08T18:00Z,6244503,24,10.5,11.4,,,,h,11.4,,,,0,0.013,23.992,0.853,0,12.1,,0.122,1,281,22.876,88.319,0.512,32.979,,,,,0
2026-10-07T18:00Z,2026-10-09T18:00Z,6244503,48,10.8,11.3,,,,h,11.3,,,,0,0.007,46.81,3.332,0,12.1,,0.122,1,282,22.447,88.887,1.492,42.069,,,,,0
2026-10-07T18:00Z,2026-10-07T19:00Z,6245573,1,37,27.4,,,,h,27.4,,,,0.001,0.04,89.159,2.575,0,31.3,,-0.303,2,280,24.515,96.505,0.912,325.016,,,,,0
2026-10-07T18:00Z,2026-10-07T21:00Z,6245573,3,34.7,26,,,,h,26,,,,0.002,0.136,139.045,3.57,0,31.3,,-0.303,4,280,24.382,94.76,1.57,336.751,,,,,0
2026-10-07T18:00Z,2026-10-08T00:00Z,6245573,6,28.9,22,,,,h,22,,,,0,0.281,185.067,4.246,0.016,31.3,,-0.303,7,281,24.879,93.799,2.193,355.514,,,,,0
2026-10-07T18:00Z,2026-10-08T06:00Z,6245573,12,29.7,23.4,,,,h,23.4,,,,0.001,0.144,1233.026,1.707,0.068,31.3,,-0.303,13,281,31.578,62.964,1.332,28.817,,,,,0
2026-10-07T18:00Z,2026-10-08T18:00Z,6245573,24,31.1,25.8,,,,h,25.8,,,,0.001,0.028,71.022,2.089,0,31.3,,-0.303,1,281,25.554,94.72,0.749,304.165,,,,,0
2026-10-07T18:00Z,2026-10-09T18:00Z,6245573,48,30.6,27.3,,,,h,27.3,,,,0,0.009,99.25,0.918,0.906,31.3,,-0.303,1,282,25.468,93.489,0.139,65.221,,,,,0
2026-10-07T18:00Z,2026-10-07T19:00Z,6248478,1,46.3,38.7,,,,h,38.7,,,,0.003,0.071,70.922,1.951,0,29.8,,-0.181,2,280,24.539,96.889,0.706,315.798,,,,,0
2026-10-07T18:00Z,2026-10-07T21:00Z,6248478,3,49.9,42.1,,,,h,42.1,,,,0.003,0.229,119.603,3.132,0,29.8,,-0.181,4,280,24.272,95.255,1.332,325.247,,,,,0
2026-10-07T18:00Z,2026-10-08T00:00Z,6248478,6,42.3,36,,,,h,36,,,,0.001,0.496,157.275,3.571,0.005,29.8,,-0.181,7,281,24.84,94.184,1.873,350.801,,,,,0
2026-10-07T18:00Z,2026-10-08T06:00Z,6248478,12,12.5,10.8,,,,h,10.8,,,,0.005,0.128,1281.992,1.177,0.043,29.8,,-0.181,13,281,31.797,61.949,0.894,21.663,,,,,0
2026-10-07T18:00Z,2026-10-08T18:00Z,6248478,24,48.2,43.2,,,,h,43.2,,,,0.001,0.025,55.718,1.306,0,29.8,,-0.181,1,281,25.757,95.326,0.387,291.008,,,,,0
2026-10-07T18:00Z,2026-10-09T18:00Z,6248478,48,39.1,36.6,,,,h,36.6,,,,0,0.011,86.467,1.503,0.592,29.8,,-0.181,1,282,25.647,93.152,0.39,110.454,,,,,0
2026-10-07T18:00Z,2026-10-07T19:00Z,6256182,1,10.9,22.6,,,,h,22.6,,,,0,0.001,49.984,3.297,0,30.3,,0.713,2,280,23.151,84.783,1.244,29.356,,,,,0
2026-10-07T18:00Z,2026-10-07T21:00Z,6256182,3,10.5,21.2,,,,h,21.2,,,,0,0.001,60.439,4.058,0,30.3,,0.713,4,280,22.643,86.889,1.649,16.623,,,,,0
2026-10-07T18:00Z,2026-10-08T00:00Z,6256182,6,10.6,20.5,,,,h,20.5,,,,0,0.001,147.834,4.358,0,30.3,,0.713,7,281,23.363,86.984,2.28,66.655,,,,,0
2026-10-07T18:00Z,2026-10-08T06:00Z,6256182,12,12.7,22.6,,,,h,22.6,,,,0,0.007,1160.918,3.13,0.1,30.3,,0.713,13,281,30.413,58.623,2.493,59.446,,,,,0
2026-10-07T18:00Z,2026-10-08T18:00Z,6256182,24,13.9,21.8,,,,h,21.8,,,,0,0.022,49.958,3.274,0,30.3,,0.713,1,281,23.469,87.182,1.096,52.751,,,,,0
2026-10-07T18:00Z,2026-10-09T18:00Z,6256182,48,11.4,15,,,,h,15,,,,0,0.014,228.963,4.623,0,30.3,,0.713,1,282,24.152,82.053,1.986,63.186,,,,,0
2026-10-07T18:00Z,2026-10-07T19:00Z,6262040,1,11.7,28.6,,,,h,28.6,,,,0,0,204.58,1.171,0.219,66,,0.881,2,280,25.039,89.049,0.964,23.937,,,,,0
2026-10-07T18:00Z,2026-10-07T21:00Z,6262040,3,11.5,27.1,,,,h,27.1,,,,0,0,237.361,0.917,0.557,66,,0.881,4,280,24.875,89.271,0.663,354.338,,,,,0
2026-10-07T18:00Z,2026-10-08T00:00Z,6262040,6,14.3,31.8,,,,h,31.8,,,,0,0,201.284,1.606,0.027,66,,0.881,7,281,25.318,90.178,1.004,266.209,,,,,0
2026-10-07T18:00Z,2026-10-08T06:00Z,6262040,12,20.2,40.5,,,,h,40.5,,,,0,0,386.17,3.449,1.273,66,,0.881,13,281,26.536,85.461,2.817,268.171,,,,,0
2026-10-07T18:00Z,2026-10-08T18:00Z,6262040,24,9.1,16,,,,h,16,,,,0,0,251.671,2.221,0.132,66,,0.881,1,281,24.873,91.553,1.494,260.258,,,,,0
2026-10-07T18:00Z,2026-10-09T18:00Z,6262040,48,3.4,5,,,,h,5,,,,0,0,239.618,0.859,0.101,66,,0.881,1,282,24.994,90.152,0.87,295.409,,,,,0
2026-10-07T18:00Z,2026-10-07T19:00Z,6262415,1,46.3,56.4,,,,h,56.4,,,,0.004,0.235,73.97,1.954,0,39.4,,0.202,2,280,24.647,97.002,0.792,311.921,,,,,0
2026-10-07T18:00Z,2026-10-07T21:00Z,6262415,3,49.9,60.3,,,,h,60.3,,,,0.001,0.584,128.226,3.121,0,39.4,,0.202,4,280,24.341,95.368,1.424,326.27,,,,,0
2026-10-07T18:00Z,2026-10-08T00:00Z,6262415,6,42.3,50.5,,,,h,50.5,,,,0.005,0.516,156.921,3.378,0,39.4,,0.202,7,281,24.862,93.961,1.795,353.286,,,,,0
2026-10-07T18:00Z,2026-10-08T06:00Z,6262415,12,12.5,14.7,,,,h,14.7,,,,0.004,0.077,1286.894,1.391,0.037,39.4,,0.202,13,281,31.928,60.588,1.047,33.707,,,,,0
2026-10-07T18:00Z,2026-10-08T18:00Z,6262415,24,48.2,54.5,,,,h,54.5,,,,0.001,0.018,60.825,1.424,0,39.4,,0.202,1,281,25.761,95.556,0.513,281.544,,,,,0
2026-10-07T18:00Z,2026-10-09T18:00Z,6262415,48,39.1,42.1,,,,h,42.1,,,,0,0.012,80.112,1.287,0.665,39.4,,0.202,1,282,25.682,93.371,0.399,119.685,,,,,0
2026-10-07T18:00Z,2026-10-07T19:00Z,6265530,1,9.3,6.8,,,,h,6.8,,,,0,0.001,31.612,0.929,0,,,-0.332,2,280,24.048,98.979,0.364,265.908,,,,,0
2026-10-07T18:00Z,2026-10-07T21:00Z,6265530,3,10.5,7.8,,,,h,7.8,,,,0,0.002,33.453,0.937,0,,,-0.332,4,280,23.832,98.664,0.684,14.735,,,,,0
2026-10-07T18:00Z,2026-10-08T00:00Z,6265530,6,11.3,8.6,,,,h,8.6,,,,0,0.001,68.262,1.533,0,,,-0.332,7,281,24.066,97.982,0.932,33.886,,,,,0
2026-10-07T18:00Z,2026-10-08T06:00Z,6265530,12,7.1,5.5,,,,h,5.5,,,,0,0.001,991.784,0.526,0.152,,,-0.332,13,281,30.094,68.16,0.448,76.369,,,,,0
2026-10-07T18:00Z,2026-10-08T18:00Z,6265530,24,21.3,17.8,,,,h,17.8,,,,0,0.001,21.61,0.437,0,,,-0.332,1,281,24.686,93.166,0.086,255.328,,,,,0
2026-10-07T18:00Z,2026-10-09T18:00Z,6265530,48,13.9,12.4,,,,h,12.4,,,,0,0.006,36.363,1.735,0,,,-0.332,1,282,25.359,85.437,0.841,39.372,,,,,0
2026-10-07T18:00Z,2026-10-07T19:00Z,6266678,1,9.3,12.9,,,,h,12.9,,,,0,0.001,32.342,0.991,0,11.5,,0.314,2,280,24.141,99.088,0.362,265.426,,,,,0
2026-10-07T18:00Z,2026-10-07T21:00Z,6266678,3,10.5,14.4,,,,h,14.4,,,,0,0.002,34.623,0.913,0,11.5,,0.314,4,280,23.913,98.831,0.653,14.112,,,,,0
2026-10-07T18:00Z,2026-10-08T00:00Z,6266678,6,11.3,15.1,,,,h,15.1,,,,0,0.001,71.065,1.572,0,11.5,,0.314,7,281,24.135,98.159,0.958,37.275,,,,,0
2026-10-07T18:00Z,2026-10-08T06:00Z,6266678,12,7.1,9.3,,,,h,9.3,,,,0,0.001,1001.044,0.452,0.14,11.5,,0.314,13,281,30.199,68.229,0.384,65.487,,,,,0
2026-10-07T18:00Z,2026-10-08T18:00Z,6266678,24,21.3,25.9,,,,h,25.9,,,,0,0.001,22.461,0.408,0,11.5,,0.314,1,281,24.734,93.399,0.064,261.484,,,,,0
2026-10-07T18:00Z,2026-10-09T18:00Z,6266678,48,13.9,15.7,,,,h,15.7,,,,0,0.006,36.964,1.732,0,11.5,,0.314,1,282,25.329,86.508,0.872,38.14,,,,,0
2026-10-07T18:00Z,2026-10-07T19:00Z,6267732,1,12.5,39.8,,,,h,39.8,,,,0,0.043,117.87,3.896,0,39.8,,1.153,2,280,22.799,75.832,1.793,72.269,,,,,0
2026-10-07T18:00Z,2026-10-07T21:00Z,6267732,3,15.1,45.5,,,,h,45.5,,,,0,0.015,69.863,3.349,0,39.8,,1.153,4,280,22.056,79.911,1.306,86.13,,,,,0
2026-10-07T18:00Z,2026-10-08T00:00Z,6267732,6,18.6,52.1,,,,h,52.1,,,,0,0.007,60.663,2.236,0,39.8,,1.153,7,281,22.284,83.292,1.174,73.895,,,,,0
2026-10-07T18:00Z,2026-10-08T06:00Z,6267732,12,10.5,26.7,,,,h,26.7,,,,0,0.005,1308.118,1.273,0.002,39.8,,1.153,13,281,29.771,56.713,1.078,76.617,,,,,0
2026-10-07T18:00Z,2026-10-08T18:00Z,6267732,24,23.6,47.8,,,,h,47.8,,,,0,0.024,103.805,3.521,0,39.8,,1.153,1,281,23.738,82.484,1.367,67.984,,,,,0
2026-10-07T18:00Z,2026-10-09T18:00Z,6267732,48,21.2,32.6,,,,h,32.6,,,,0,0.004,226.543,4.813,0,39.8,,1.153,1,282,24.255,81.423,2.625,72.705,,,,,0
2026-10-07T18:00Z,2026-10-07T19:00Z,6284173,1,31.1,2.3,,,,h,2.3,,,,0,0.003,59.932,1.768,0.178,1.6,,-2.365,2,280,21.268,97.034,1.468,319.715,,,,,0
2026-10-07T18:00Z,2026-10-07T21:00Z,6284173,3,23.4,1.8,,,,h,1.8,,,,0,0.002,46.538,0.765,0,1.6,,-2.365,4,280,20.963,97.964,0.87,351.348,,,,,0
2026-10-07T18:00Z,2026-10-08T00:00Z,6284173,6,19.8,1.7,,,,h,1.7,,,,0,0.003,46.075,0.85,0,1.6,,-2.365,7,281,21.25,96.6,0.907,336.507,,,,,0
2026-10-07T18:00Z,2026-10-08T06:00Z,6284173,12,8.7,0.6,,,,h,0.6,,,,0,0.003,903.702,1.779,0.178,1.6,,-2.365,13,281,28.961,65.221,1.451,139.339,,,,,0
2026-10-07T18:00Z,2026-10-08T18:00Z,6284173,24,40.3,9.1,,,,h,9.1,,,,0,0.005,37.117,0.647,0,1.6,,-2.365,1,281,22.234,94.322,0.813,321.584,,,,,0
2026-10-07T18:00Z,2026-10-09T18:00Z,6284173,48,31.7,12.9,,,,h,12.9,,,,0,0.006,30.992,1.109,0,1.6,,-2.365,1,282,22.486,93.554,1.24,303.521,,,,,0
2026-10-07T18:00Z,2026-10-07T19:00Z,6285048,1,17.9,8,,,,h,8,,,,0,0.002,33.017,0.962,0,4.7,,-0.774,2,280,20.309,97.946,0.549,333.51,,,,,0
2026-10-07T18:00Z,2026-10-07T21:00Z,6285048,3,16.4,7.5,,,,h,7.5,,,,0,0.002,24.773,0.837,0,4.7,,-0.774,4,280,19.957,98.812,0.298,359.406,,,,,0
2026-10-07T18:00Z,2026-10-08T00:00Z,6285048,6,16.2,7.8,,,,h,7.8,,,,0,0.002,38.637,1.184,0,4.7,,-0.774,7,281,20.756,94.717,0.913,350.578,,,,,0
2026-10-07T18:00Z,2026-10-08T06:00Z,6285048,12,8.8,4.4,,,,h,4.4,,,,0,0.004,976.434,0.827,0.221,4.7,,-0.774,13,281,28.509,61.8,0.673,107.321,,,,,0
2026-10-07T18:00Z,2026-10-08T18:00Z,6285048,24,19.7,12.1,,,,h,12.1,,,,0,0.004,13.079,0.577,0,4.7,,-0.774,1,281,22.194,91.651,0.196,190.947,,,,,0
2026-10-07T18:00Z,2026-10-09T18:00Z,6285048,48,23.1,17.2,,,,h,17.2,,,,0,0.006,17.83,1.214,0,4.7,,-0.774,1,282,22.666,82.959,0.543,54.231,,,,,0
2026-10-07T18:00Z,2026-10-07T19:00Z,6287521,1,30.6,14.8,,,,h,14.8,,,,0,0.003,76.258,0.804,0,8,,-0.725,2,280,22.055,95.669,0.543,45.921,,,,,0
2026-10-07T18:00Z,2026-10-07T21:00Z,6287521,3,23.4,11.5,,,,h,11.5,,,,0,0.003,44.54,0.824,0,8,,-0.725,4,280,21.809,95.88,0.228,33.503,,,,,0
2026-10-07T18:00Z,2026-10-08T00:00Z,6287521,6,19.4,9.9,,,,h,9.9,,,,0,0.003,48.25,0.741,0,8,,-0.725,7,281,22.342,92.793,0.368,353.922,,,,,0
2026-10-07T18:00Z,2026-10-08T06:00Z,6287521,12,6.5,3.3,,,,h,3.3,,,,0,0.006,733.035,0.313,0.079,8,,-0.725,13,281,29.214,66.069,0.208,137.212,,,,,0
2026-10-07T18:00Z,2026-10-08T18:00Z,6287521,24,39.1,25.1,,,,h,25.1,,,,0,0.006,39.06,0.382,0,8,,-0.725,1,281,23.595,90.858,0.255,227.148,,,,,0
2026-10-07T18:00Z,2026-10-09T18:00Z,6287521,48,31.8,24.3,,,,h,24.3,,,,0,0.006,28.328,1.025,0,8,,-0.725,1,282,23.719,87.239,0.335,16.988,,,,,0
2026-10-07T18:00Z,2026-10-07T19:00Z,6289784,1,7.1,32.4,,,,h,32.4,,,,0,0.004,139.758,4.811,0,51.9,,1.476,2,280,23.755,88.86,2.012,54.096,,,,,0
2026-10-07T18:00Z,2026-10-07T21:00Z,6289784,3,6.4,27.8,,,,h,27.8,,,,0,0.004,334.994,5.457,0,51.9,,1.476,4,280,23.346,89.832,2.531,44.413,,,,,0
2026-10-07T18:00Z,2026-10-08T00:00Z,6289784,6,7.3,28.7,,,,h,28.7,,,,0,0.006,371.757,5.273,0,51.9,,1.476,7,281,23.464,83.999,2.616,45.031,,,,,0
2026-10-07T18:00Z,2026-10-08T06:00Z,6289784,12,7.3,24.6,,,,h,24.6,,,,0,0.009,1080.953,4.979,0.099,51.9,,1.476,13,281,29.711,62.117,3.844,41.663,,,,,0
2026-10-07T18:00Z,2026-10-08T18:00Z,6289784,24,10.4,26.4,,,,h,26.4,,,,0,0.01,194.442,4.725,0,51.9,,1.476,1,281,24.252,88.783,1.825,69.413,,,,,0
2026-10-07T18:00Z,2026-10-09T18:00Z,6289784,48,7,12.6,,,,h,12.6,,,,0,0.01,252.408,5.271,0,51.9,,1.476,1,282,23.647,92.772,2.618,28.713,,,,,0
2026-10-07T18:00Z,2026-10-07T19:00Z,6291584,1,14.6,30.4,,,,h,30.4,,,,0,0.025,21.435,0.181,0,17.1,,0.729,2,280,21.458,88.622,0.437,263.255,,,,,0
2026-10-07T18:00Z,2026-10-07T21:00Z,6291584,3,15.2,30.7,,,,h,30.7,,,,0,0.042,20,0.203,0,17.1,,0.729,4,280,20.769,91.584,0.388,46.816,,,,,0
2026-10-07T18:00Z,2026-10-08T00:00Z,6291584,6,16.5,31.9,,,,h,31.9,,,,0,0.056,25.537,0.838,0,17.1,,0.729,7,281,21.376,88.979,0.566,51.16,,,,,0
2026-10-07T18:00Z,2026-10-08T06:00Z,6291584,12,4.5,8.6,,,,h,8.6,,,,0,0.035,997.1,1.947,0.066,17.1,,0.729,13,281,28.463,62.137,1.478,72.989,,,,,0
2026-10-07T18:00Z,2026-10-08T18:00Z,6291584,24,16.3,25.7,,,,h,25.7,,,,0,0.017,17.333,0.297,0,17.1,,0.729,1,281,22.592,86.074,0.218,94.905,,,,,0
2026-10-07T18:00Z,2026-10-09T18:00Z,6291584,48,16.5,21.8,,,,h,21.8,,,,0,0.008,29.045,2.018,0,17.1,,0.729,1,282,22.669,88.397,0.875,4.994,,,,,0
2026-10-07T18:00Z,2026-10-07T19:00Z,6294442,1,8,14.6,,,,h,14.6,,,,0,0.016,38.776,1.468,0,11.7,,0.574,2,280,20.719,95.871,0.34,180.538,,,,,0
2026-10-07T18:00Z,2026-10-07T21:00Z,6294442,3,6.2,11.2,,,,h,11.2,,,,0,0.011,34.044,0.748,0,11.7,,0.574,4,280,20.245,96.048,0.185,95.782,,,,,0
2026-10-07T18:00Z,2026-10-08T00:00Z,6294442,6,5.1,9,,,,h,9,,,,0,0.009,57.552,1.3,0,11.7,,0.574,7,281,20.658,93.759,0.847,2.715,,,,,0
2026-10-07T18:00Z,2026-10-08T06:00Z,6294442,12,3.2,5.5,,,,h,5.5,,,,0,0.012,1208.256,0.55,0.066,11.7,,0.574,13,281,29.249,55.182,0.441,85.517,,,,,0
2026-10-07T18:00Z,2026-10-08T18:00Z,6294442,24,9.2,13.3,,,,h,13.3,,,,0,0.013,15.34,0.272,0,11.7,,0.574,1,281,21.919,92.602,0.21,12.316,,,,,0
2026-10-07T18:00Z,2026-10-09T18:00Z,6294442,48,7.8,9.8,,,,h,9.8,,,,0,0.008,29.388,1.506,0,11.7,,0.574,1,282,21.527,91.693,0.644,357.374,,,,,0
2026-10-07T18:00Z,2026-10-07T19:00Z,6300553,1,14.6,9.4,,,,h,9.4,,,,0,0.028,23.562,0.397,0,6.5,,-0.425,2,280,21.453,89.224,0.49,251.724,,,,,0
2026-10-07T18:00Z,2026-10-07T21:00Z,6300553,3,15.2,10,,,,h,10,,,,0,0.04,20,0.118,0,6.5,,-0.425,4,280,20.814,91.748,0.402,273.654,,,,,0
2026-10-07T18:00Z,2026-10-08T00:00Z,6300553,6,16.5,11.1,,,,h,11.1,,,,0,0.051,28.506,0.735,0,6.5,,-0.425,7,281,21.437,88.575,0.611,34.017,,,,,0
2026-10-07T18:00Z,2026-10-08T06:00Z,6300553,12,4.5,3,,,,h,3,,,,0,0.034,1002.021,1.977,0.073,6.5,,-0.425,13,281,28.659,61.628,1.49,62.613,,,,,0
2026-10-07T18:00Z,2026-10-08T18:00Z,6300553,24,16.3,12.4,,,,h,12.4,,,,0,0.017,18.619,0.225,0,6.5,,-0.425,1,281,22.507,87.718,0.299,177.055,,,,,0
2026-10-07T18:00Z,2026-10-09T18:00Z,6300553,48,16.5,14,,,,h,14,,,,0,0.008,29.338,1.884,0,6.5,,-0.425,1,282,22.781,88.648,0.793,358.31,,,,,0
2026-10-07T18:00Z,2026-10-07T19:00Z,6301503,1,12.1,2.9,,,,h,2.9,,,,0,0.013,21.728,0.311,0,3.2,,-1.274,2,280,21.875,83.716,0.114,310.869,,,,,0
2026-10-07T18:00Z,2026-10-07T21:00Z,6301503,3,11.6,2.9,,,,h,2.9,,,,0,0.018,25.499,0.456,0,3.2,,-1.274,4,280,21.549,83.732,0.249,297.724,,,,,0
2026-10-07T18:00Z,2026-10-08T00:00Z,6301503,6,12.7,3.6,,,,h,3.6,,,,0,0.029,32.344,0.545,0,3.2,,-1.274,7,281,22.264,82.714,0.472,333.4,,,,,0
2026-10-07T18:00Z,2026-10-08T06:00Z,6301503,12,4.2,1,,,,h,1,,,,0,0.032,981.415,1.744,0.155,3.2,,-1.274,13,281,28.731,60.182,1.288,87.408,,,,,0
2026-10-07T18:00Z,2026-10-08T18:00Z,6301503,24,14.9,6.5,,,,h,6.5,,,,0,0.018,36.496,0.347,0,3.2,,-1.274,1,281,23.065,82.827,0.157,256.798,,,,,0
2026-10-07T18:00Z,2026-10-09T18:00Z,6301503,48,15.3,9.3,,,,h,9.3,,,,0,0.008,20,0.706,0,3.2,,-1.274,1,282,22.89,82.292,0.359,343.309,,,,,0
2026-10-07T18:00Z,2026-10-07T19:00Z,6309947,1,19.2,12.1,,,,h,12.1,,,,0.001,0.042,88.288,4.127,0,8.9,,-0.449,2,280,24.561,90.847,2.001,27.812,,,,,0
2026-10-07T18:00Z,2026-10-07T21:00Z,6309947,3,16.3,10.4,,,,h,10.4,,,,0.001,0.035,128.077,4.661,0,8.9,,-0.449,4,280,24.278,92.109,2.068,20.72,,,,,0
2026-10-07T18:00Z,2026-10-08T00:00Z,6309947,6,13.5,8.8,,,,h,8.8,,,,0,0.051,167.425,3.711,0,8.9,,-0.449,7,281,24.846,91.501,1.955,24.882,,,,,0
2026-10-07T18:00Z,2026-10-08T06:00Z,6309947,12,13,8.9,,,,h,8.9,,,,0,0.006,1109.727,4.061,0.174,8.9,,-0.449,13,281,31.526,59.569,3.143,38.987,,,,,0
2026-10-07T18:00Z,2026-10-08T18:00Z,6309947,24,12.6,9.4,,,,h,9.4,,,,0,0.008,58.02,2.873,0,8.9,,-0.449,1,281,25.324,92.314,1.111,28.046,,,,,0
2026-10-07T18:00Z,2026-10-09T18:00Z,6309947,48,17.2,14.5,,,,h,14.5,,,,0,0.014,111.598,3.831,0,8.9,,-0.449,1,282,26.185,84.812,1.357,58.188,,,,,0
2026-10-07T18:00Z,2026-10-07T19:00Z,6318469,1,31.1,31.1,,,,h,31.1,,,,0,0.003,78.677,0.62,0.06,,,0,2,280,22.304,95.699,0.535,28.649,,,,,0
2026-10-07T18:00Z,2026-10-07T21:00Z,6318469,3,23.4,23.4,,,,h,23.4,,,,0,0.003,36.764,0.79,0,,,0,4,280,21.965,97.194,0.374,47.595,,,,,0
2026-10-07T18:00Z,2026-10-08T00:00Z,6318469,6,19.8,19.8,,,,h,19.8,,,,0,0.003,30.179,0.465,0,,,0,7,281,22.34,94.6,0.459,345.608,,,,,0
2026-10-07T18:00Z,2026-10-08T06:00Z,6318469,12,8.7,8.7,,,,h,8.7,,,,0,0.004,766.729,1.217,0.06,,,0,13,281,29.582,65.209,0.965,131.63,,,,,0
2026-10-07T18:00Z,2026-10-08T18:00Z,6318469,24,40.3,40.3,,,,h,40.3,,,,0,0.006,57.391,0.345,0,,,0,1,281,23.771,90.96,0.082,228.433,,,,,0
2026-10-07T18:00Z,2026-10-09T18:00Z,6318469,48,31.7,31.7,,,,h,31.7,,,,0,0.006,38.144,0.854,0,,,0,1,282,23.732,91.652,0.535,340.194,,,,,0
2026-10-07T18:00Z,2026-10-07T19:00Z,6328962,1,16.9,31.2,,,,h,31.2,,,,0,0.008,104.25,3.289,0,43.3,,0.611,2,280,23.754,96.531,1.228,324.716,,,,,0
2026-10-07T18:00Z,2026-10-07T21:00Z,6328962,3,13.2,23.9,,,,h,23.9,,,,0,0.038,150.964,3.998,0,43.3,,0.611,4,280,23.715,95.291,1.802,346.966,,,,,0
2026-10-07T18:00Z,2026-10-08T00:00Z,6328962,6,10.5,18.5,,,,h,18.5,,,,0,0.08,200.346,4.62,0.039,43.3,,0.611,7,281,24.142,94.067,2.332,356.429,,,,,0
2026-10-07T18:00Z,2026-10-08T06:00Z,6328962,12,19.1,31,,,,h,31,,,,0,0.058,1055.653,2.294,0.289,43.3,,0.611,13,281,30.226,68.127,1.842,45.234,,,,,0
2026-10-07T18:00Z,2026-10-08T18:00Z,6328962,24,16.6,24.3,,,,h,24.3,,,,0,0.015,86.26,3.182,0,43.3,,0.611,1,281,24.39,95.514,1.441,307.686,,,,,0
2026-10-07T18:00Z,2026-10-09T18:00Z,6328962,48,19.3,24.3,,,,h,24.3,,,,0,0.006,67.537,1.756,1.273,43.3,,0.611,1,282,24.502,95.062,1.132,334.939,,,,,0
2026-10-07T18:00Z,2026-10-07T19:00Z,6410306,1,31.1,9.4,,,,h,9.4,,,,0,0.004,45.598,0.446,0.192,8.8,,-1.17,2,280,20.35,98.609,0.281,269.38,,,,,0
2026-10-07T18:00Z,2026-10-07T21:00Z,6410306,3,23.4,7.3,,,,h,7.3,,,,0,0.004,26.711,0.135,0,8.8,,-1.17,4,280,19.972,98.866,0.245,33.028,,,,,0
2026-10-07T18:00Z,2026-10-08T00:00Z,6410306,6,19.8,6.6,,,,h,6.6,,,,0,0.004,50.509,1.128,0,8.8,,-1.17,7,281,20.06,96.726,0.855,313.961,,,,,0
2026-10-07T18:00Z,2026-10-08T06:00Z,6410306,12,8.7,3,,,,h,3,,,,0,0.006,1012.085,1.115,0.141,8.8,,-1.17,13,281,28.797,60.588,0.884,98.313,,,,,0
2026-10-07T18:00Z,2026-10-08T18:00Z,6410306,24,40.3,19.6,,,,h,19.6,,,,0,0.008,25.762,0.257,0,8.8,,-1.17,1,281,22.091,94.499,0.175,352.497,,,,,0
2026-10-07T18:00Z,2026-10-09T18:00Z,6410306,48,31.7,20.5,,,,h,20.5,,,,0,0.007,28.778,0.547,0,8.8,,-1.17,1,282,22.334,91.667,0.276,320.819,,,,,0
2026-10-07T18:00Z,2026-10-07T19:00Z,6419381,1,17.9,9.9,,,,h,9.9,,,,0,0.002,34.142,1.295,0,,,-0.68,2,280,19.992,98.176,0.702,341.226,,,,,0
2026-10-07T18:00Z,2026-10-07T21:00Z,6419381,3,16.4,9.2,,,,h,9.2,,,,0,0.002,30.943,1.162,0,,,-0.68,4,280,19.667,98.494,0.426,353.418,,,,,0
2026-10-07T18:00Z,2026-10-08T00:00Z,6419381,6,16.2,9.5,,,,h,9.5,,,,0,0.002,41.319,1.343,0,,,-0.68,7,281,20.484,94.844,0.934,349.04,,,,,0
2026-10-07T18:00Z,2026-10-08T06:00Z,6419381,12,8.8,5.3,,,,h,5.3,,,,0,0.005,943.309,0.585,0.255,,,-0.68,13,281,28.168,62.09,0.529,129.287,,,,,0
2026-10-07T18:00Z,2026-10-08T18:00Z,6419381,24,19.7,13.7,,,,h,13.7,,,,0,0.005,12.423,0.394,0,,,-0.68,1,281,21.968,91.238,0.262,182.117,,,,,0
2026-10-07T18:00Z,2026-10-09T18:00Z,6419381,48,23.1,18.6,,,,h,18.6,,,,0,0.006,19.902,1.537,0,,,-0.68,1,282,22.509,81.112,0.704,58.2,,,,,0
2026-10-07T18:00Z,2026-10-07T19:00Z,6419429,1,11.3,6.3,,,,h,6.3,,,,0,0.004,49.351,1.803,0,4.2,,-0.543,2,280,23.714,92.779,0.815,324.84,,,,,0
2026-10-07T18:00Z,2026-10-07T21:00Z,6419429,3,11.4,6.5,,,,h,6.5,,,,0,0.005,54.852,2.378,0,4.2,,-0.543,4,280,23.555,91.53,1.001,330.11,,,,,0
2026-10-07T18:00Z,2026-10-08T00:00Z,6419429,6,12.7,7.6,,,,h,7.6,,,,0,0.012,67.317,1.677,0,4.2,,-0.543,7,281,24.112,87.776,0.75,8.671,,,,,0
2026-10-07T18:00Z,2026-10-08T06:00Z,6419429,12,9.4,5.9,,,,h,5.9,,,,0,0.006,968.969,1.937,0.035,4.2,,-0.543,13,281,29.629,69.699,1.645,42.303,,,,,0
2026-10-07T18:00Z,2026-10-08T18:00Z,6419429,24,18.6,13.2,,,,h,13.2,,,,0,0.002,47.502,2.128,0,4.2,,-0.543,1,281,24.585,91.67,1.141,285.932,,,,,0
2026-10-07T18:00Z,2026-10-09T18:00Z,6419429,48,11.8,9.5,,,,h,9.5,,,,0,0.006,72.519,2.476,0,4.2,,-0.543,1,282,25.722,88.008,1.183,321.726,,,,,0
2026-10-07T18:00Z,2026-10-07T19:00Z,6435325,1,38.3,48.5,,,,h,48.5,,,,0.002,0.03,78.986,2.253,0,37.8,,0.241,2,280,24.466,96.32,0.774,328.778,,,,,0
2026-10-07T18:00Z,2026-10-07T21:00Z,6435325,3,47.1,59.1,,,,h,59.1,,,,0.002,0.106,122.685,3.299,0,37.8,,0.241,4,280,24.296,94.716,1.373,333.912,,,,,0
2026-10-07T18:00Z,2026-10-08T00:00Z,6435325,6,49.5,61.2,,,,h,61.2,,,,0,0.304,170.403,3.997,0.012,37.8,,0.241,7,281,24.852,93.957,2.07,353.648,,,,,0
2026-10-07T18:00Z,2026-10-08T06:00Z,6435325,12,17.3,21,,,,h,21,,,,0.003,0.157,1242.074,1.375,0.058,37.8,,0.241,13,281,31.532,63.58,1.073,18.53,,,,,0
2026-10-07T18:00Z,2026-10-08T18:00Z,6435325,24,60.5,70,,,,h,70,,,,0.001,0.031,61.228,1.557,0,37.8,,0.241,1,281,25.671,94.475,0.472,311.974,,,,,0
2026-10-07T18:00Z,2026-10-09T18:00Z,6435325,48,27.4,30,,,,h,30,,,,0,0.01,113.825,1.525,0.642,37.8,,0.241,1,282,25.589,92.683,0.331,83.692,,,,,0
2026-10-07T18:00Z,2026-10-07T19:00Z,6472300,1,10.6,34.2,,,,h,34.2,,,,0,0.018,474.236,6.43,0.042,36.2,,1.157,2,280,23.529,77.871,3.528,39.101,,,,,0
2026-10-07T18:00Z,2026-10-07T21:00Z,6472300,3,9.9,30.6,,,,h,30.6,,,,0,0.014,467.515,7,0,36.2,,1.157,4,280,23.225,78.056,3.808,39.068,,,,,0
2026-10-07T18:00Z,2026-10-08T00:00Z,6472300,6,8.1,23.7,,,,h,23.7,,,,0,0.012,477.992,6.687,0,36.2,,1.157,7,281,23.645,80.201,3.571,28.966,,,,,0
2026-10-07T18:00Z,2026-10-08T06:00Z,6472300,12,5.5,14.7,,,,h,14.7,,,,0,0.007,1144.081,7.378,0.105,36.2,,1.157,13,281,29.208,67.141,5.543,44.106,,,,,0
2026-10-07T18:00Z,2026-10-08T18:00Z,6472300,24,10.7,22.3,,,,h,22.3,,,,0,0.039,540.546,6.747,0,36.2,,1.157,1,281,24.368,83.162,3.96,40.199,,,,,0
2026-10-07T18:00Z,2026-10-09T18:00Z,6472300,48,0.9,1.9,,,,h,1.9,,,,0,0.001,390.972,6.37,0,36.2,,1.157,1,282,23.363,95.14,3.411,41.243,,,,,0
2026-10-07T18:00Z,2026-10-07T19:00Z,6486693,1,2.2,2.4,,,,h,2.4,,,,0,0.01,82.079,2.878,0.015,4.2,,0.078,2,280,21.735,91.525,1.234,9.875,,,,,0
2026-10-07T18:00Z,2026-10-07T21:00Z,6486693,3,1.2,1.4,,,,h,1.4,,,,0,0.01,71.065,2.71,0,4.2,,0.078,4,280,21.495,91.645,1.376,7.129,,,,,0
2026-10-07T18:00Z,2026-10-08T00:00Z,6486693,6,2,2.2,,,,h,2.2,,,,0,0.009,189.395,2.5,0.067,4.2,,0.078,7,281,22.697,89.026,1.415,339.167,,,,,0
2026-10-07T18:00Z,2026-10-08T06:00Z,6486693,12,3,3.2,,,,h,3.2,,,,0,0.005,608.726,2.287,0.841,4.2,,0.078,13,281,25.42,85.848,1.508,356.287,,,,,0
2026-10-07T18:00Z,2026-10-08T18:00Z,6486693,24,4.7,5,,,,h,5,,,,0,0.002,39.553,2.056,0.235,4.2,,0.078,1,281,21.844,91.825,1.113,24.288,,,,,0
2026-10-07T18:00Z,2026-10-09T18:00Z,6486693,48,7.1,7.3,,,,h,7.3,,,,0,0,38.152,2.261,0,4.2,,0.078,1,282,21.909,94.375,1.056,58.111,,,,,0
2026-10-07T18:00Z,2026-10-07T19:00Z,6502940,1,4.1,7,,,,h,7,,,,0,0,382.827,2.563,0,5.1,,0.466,2,280,26.826,86.788,2.316,328.12,,,,,0
2026-10-07T18:00Z,2026-10-07T21:00Z,6502940,3,3.9,6.5,,,,h,6.5,,,,0,0,326.038,2.216,1.211,5.1,,0.466,4,280,25.923,87.109,2.039,321.556,,,,,0
2026-10-07T18:00Z,2026-10-08T00:00Z,6502940,6,3.7,6,,,,h,6,,,,0,0,322.225,0.81,0.156,5.1,,0.466,7,281,25.957,87.178,0.697,320.271,,,,,0
2026-10-07T18:00Z,2026-10-08T06:00Z,6502940,12,2.8,4.4,,,,h,4.4,,,,0,0,487.474,3.346,1.241,5.1,,0.466,13,281,27.217,83.876,3.028,294.996,,,,,0
2026-10-07T18:00Z,2026-10-08T18:00Z,6502940,24,2.4,3.5,,,,h,3.5,,,,0,0,438.035,2.736,0.006,5.1,,0.466,1,281,26.841,84.284,2.207,352.468,,,,,0
2026-10-07T18:00Z,2026-10-09T18:00Z,6502940,48,3.6,4.4,,,,h,4.4,,,,0,0.001,224.309,1.691,0.38,5.1,,0.466,1,282,26.627,87.103,1.539,355.496,,,,,0
2026-10-07T18:00Z,2026-10-07T19:00Z,3567155,1,9.7,30.2,,,,h,30.2,,,,0,0.002,146.09,4.512,0,38.2,,1.117,2,280,22.016,70.95,2.229,74.396,,,,,0
2026-10-07T18:00Z,2026-10-07T21:00Z,3567155,3,10.9,32.3,,,,h,32.3,,,,0,0.002,76.466,3.517,0,38.2,,1.117,4,280,21.355,75.338,1.49,83.661,,,,,0
2026-10-07T18:00Z,2026-10-08T00:00Z,3567155,6,15.2,41.5,,,,h,41.5,,,,0,0.003,65.517,2.478,0,38.2,,1.117,7,281,21.971,78.29,1.492,68.076,,,,,0
2026-10-07T18:00Z,2026-10-08T06:00Z,3567155,12,11.9,29.2,,,,h,29.2,,,,0,0.004,1411.087,1.191,0,38.2,,1.117,13,281,29.61,54.31,1.045,54.284,,,,,0
2026-10-07T18:00Z,2026-10-08T18:00Z,3567155,24,16.4,32.8,,,,h,32.8,,,,0,0.035,130.721,4.079,0,38.2,,1.117,1,281,22.936,84.124,1.831,63.907,,,,,0
2026-10-07T18:00Z,2026-10-09T18:00Z,3567155,48,17.6,26.8,,,,h,26.8,,,,0,0.003,284.221,6.097,0.001,38.2,,1.117,1,282,24.019,78.105,3.48,61.446,,,,,0
2026-10-07T18:00Z,2026-10-07T19:00Z,3714644,1,4.6,13.5,,,,h,13.5,,,,0,0.007,93.057,1.933,0.089,,,1.355,2,280,23.355,97.401,0.89,308.403,,,,,0
2026-10-07T18:00Z,2026-10-07T21:00Z,3714644,3,4.6,12.9,,,,h,12.9,,,,0,0.008,112.608,2.242,0,,,1.355,4,280,23.212,98.088,1.266,306.825,,,,,0
2026-10-07T18:00Z,2026-10-08T00:00Z,3714644,6,4.8,12.7,,,,h,12.7,,,,0,0.009,158.078,1.759,0,,,1.355,7,281,23.876,95.968,1.101,306.604,,,,,0
2026-10-07T18:00Z,2026-10-08T06:00Z,3714644,12,2.6,6.7,,,,h,6.7,,,,0,0.005,403.742,2.915,1.834,,,1.355,13,281,25.944,94.359,1.792,304.304,,,,,0
2026-10-07T18:00Z,2026-10-08T18:00Z,3714644,24,4.8,9.5,,,,h,9.5,,,,0,0.005,62.424,0.349,1.213,,,1.355,1,281,23.471,98.326,0.338,326.259,,,,,0
2026-10-07T18:00Z,2026-10-09T18:00Z,3714644,48,4,6.1,,,,h,6.1,,,,0,0.001,42.495,1.169,0,,,1.355,1,282,23.696,99.013,0.254,158.462,,,,,0
2026-10-07T18:00Z,2026-10-07T19:00Z,3133267,1,20.4,13.8,,,,h,13.8,,,,0.001,0.049,117.017,3.434,0,18.97,,-0.388,2,280,24.681,97.243,1.308,321.214,,,,,0
2026-10-07T18:00Z,2026-10-07T21:00Z,3133267,3,17.1,11.7,,,,h,11.7,,,,0,0.136,186.485,4.387,0,18.97,,-0.388,4,280,24.665,94.838,2.139,344.279,,,,,0
2026-10-07T18:00Z,2026-10-08T00:00Z,3133267,6,16.5,11.5,,,,h,11.5,,,,0,0.107,225.599,5.018,0.017,18.97,,-0.388,7,281,24.999,93.241,2.549,3.739,,,,,0
2026-10-07T18:00Z,2026-10-08T06:00Z,3133267,12,15.5,11.3,,,,h,11.3,,,,0,0.068,1212.334,2.822,0.097,18.97,,-0.388,13,281,31.763,60.477,2.213,41.657,,,,,0
2026-10-07T18:00Z,2026-10-08T18:00Z,3133267,24,15.3,12,,,,h,12,,,,0,0.018,97.278,3.553,0,18.97,,-0.388,1,281,25.234,95.435,1.529,294.398,,,,,0
2026-10-07T18:00Z,2026-10-09T18:00Z,3133267,48,24.6,21.3,,,,h,21.3,,,,0,0.009,62.928,1.243,1.64,18.97,,-0.388,1,282,25.177,95.213,1.155,316.087,,,,,0
2026-10-07T18:00Z,2026-10-07T19:00Z,3567156,1,10.2,21.4,,,,h,21.4,,,,0,0,27.796,2.366,0,17.2,,0.722,2,280,17.489,78.663,1.173,98.562,,,,,0
2026-10-07T18:00Z,2026-10-07T21:00Z,3567156,3,10.5,21.3,,,,h,21.3,,,,0,0,21.816,2.225,0,17.2,,0.722,4,280,16.632,82.214,1.126,95.075,,,,,0
2026-10-07T18:00Z,2026-10-08T00:00Z,3567156,6,11.4,22.1,,,,h,22.1,,,,0,0,25.357,1.972,0,17.2,,0.722,7,281,17.859,83.15,1.303,95.385,,,,,0
2026-10-07T18:00Z,2026-10-08T06:00Z,3567156,12,4.9,9.2,,,,h,9.2,,,,0,0.001,1407.32,1.266,0,17.2,,0.722,13,281,26.06,50.82,0.937,63.573,,,,,0
2026-10-07T18:00Z,2026-10-08T18:00Z,3567156,24,12.3,19.4,,,,h,19.4,,,,0,0.006,29.521,3.016,0,17.2,,0.722,1,281,17.877,78.581,1.345,95.022,,,,,0
2026-10-07T18:00Z,2026-10-09T18:00Z,3567156,48,21.7,28.4,,,,h,28.4,,,,0,0.005,70.883,3.878,0,17.2,,0.722,1,282,18.546,86.268,1.73,82.509,,,,,0
2026-10-07T18:00Z,2026-10-07T19:00Z,3567157,1,6.9,15,,,,h,15,,,,0,0,23.587,1.014,0,10,,0.738,2,280,18.144,87.607,0.157,39.456,,,,,0
2026-10-07T18:00Z,2026-10-07T21:00Z,3567157,3,7.2,15.2,,,,h,15.2,,,,0,0,14.744,0.881,0,10,,0.738,4,280,17.676,87.353,0.09,12.826,,,,,0
2026-10-07T18:00Z,2026-10-08T00:00Z,3567157,6,8.7,17.4,,,,h,17.4,,,,0,0,17.483,0.876,0,10,,0.738,7,281,18.55,84.829,0.095,21.4,,,,,0
2026-10-07T18:00Z,2026-10-08T06:00Z,3567157,12,3,6,,,,h,6,,,,0,0,1400.175,1.15,0,10,,0.738,13,281,27.715,53.277,0.86,25.365,,,,,0
2026-10-07T18:00Z,2026-10-08T18:00Z,3567157,24,7.9,12.8,,,,h,12.8,,,,0,0.002,23.587,1.046,0,10,,0.738,1,281,18.49,86.91,0.278,37.932,,,,,0
2026-10-07T18:00Z,2026-10-09T18:00Z,3567157,48,13.3,17.7,,,,h,17.7,,,,0,0.007,66.572,3.882,0,10,,0.738,1,282,19.286,84.634,1.295,43.424,,,,,0
2026-10-07T18:00Z,2026-10-07T19:00Z,3684611,1,7.5,25.6,,,,h,25.6,,,,0,0.037,513.297,5.537,0.291,37.7,,1.19,2,280,22.275,86.408,2.7,34.62,,,,,0
2026-10-07T18:00Z,2026-10-07T21:00Z,3684611,3,6.6,21.7,,,,h,21.7,,,,0,0.029,480.389,5.105,0.291,37.7,,1.19,4,280,22.395,87.684,2.429,25.667,,,,,0
2026-10-07T18:00Z,2026-10-08T00:00Z,3684611,6,7,21.4,,,,h,21.4,,,,0,0.021,578.816,4.974,0.023,37.7,,1.19,7,281,22.936,87.739,2.74,30.306,,,,,0
2026-10-07T18:00Z,2026-10-08T06:00Z,3684611,12,5.8,15.9,,,,h,15.9,,,,0,0.012,841.815,6.799,0.114,37.7,,1.19,13,281,25.883,77.782,4.547,28.896,,,,,0
2026-10-07T18:00Z,2026-10-08T18:00Z,3684611,24,8.4,18.1,,,,h,18.1,,,,0,0.046,408.185,4.659,0.025,37.7,,1.19,1,281,22.8,91.322,2.135,21.293,,,,,0
2026-10-07T18:00Z,2026-10-09T18:00Z,3684611,48,1.1,2.2,,,,h,2.2,,,,0,0,258.134,4.702,0.003,37.7,,1.19,1,282,22.805,95.343,2.355,48.034,,,,,0
2026-10-07T18:00Z,2026-10-07T19:00Z,6291933,1,13.4,11.7,,,,h,11.7,,,,0,0.028,20.586,0.244,0,,,-0.177,2,280,22.148,82.57,0.141,220.365,,,,,0
2026-10-07T18:00Z,2026-10-07T21:00Z,6291933,3,14.5,12.8,,,,h,12.8,,,,0,0.026,28.971,0.721,0,,,-0.177,4,280,21.475,84.605,0.355,246.595,,,,,0
2026-10-07T18:00Z,2026-10-08T00:00Z,6291933,6,16.4,14.6,,,,h,14.6,,,,0,0.028,31.384,0.616,0,,,-0.177,7,281,22.227,84.383,0.342,321.482,,,,,0
2026-10-07T18:00Z,2026-10-08T06:00Z,6291933,12,4.2,3.7,,,,h,3.7,,,,0,0.03,954.206,2.216,0.108,,,-0.177,13,281,28.822,60.732,1.641,74.105,,,,,0
2026-10-07T18:00Z,2026-10-08T18:00Z,6291933,24,17.7,16.3,,,,h,16.3,,,,0,0.018,38.74,0.727,0,,,-0.177,1,281,22.942,83.867,0.283,202.234,,,,,0
2026-10-07T18:00Z,2026-10-09T18:00Z,6291933,48,18.2,17.3,,,,h,17.3,,,,0,0.008,28.173,1.055,0,,,-0.177,1,282,23.223,79.565,0.419,334.593,,,,,0
2026-10-07T18:00Z,2026-10-07T19:00Z,3733063,1,5.6,14.5,,,,h,14.5,,,,0,0.008,124.593,1.759,0.136,18.5,,0.889,2,280,23.066,95.969,0.756,324.155,,,,,0
2026-10-07T18:00Z,2026-10-07T21:00Z,3733063,3,4.2,10.8,,,,h,10.8,,,,0,0.009,138.571,2.105,0.033,18.5,,0.889,4,280,22.935,97.179,1.144,318.903,,,,,0
2026-10-07T18:00Z,2026-10-08T00:00Z,3733063,6,3.5,8.7,,,,h,8.7,,,,0,0.011,193.14,1.856,0,18.5,,0.889,7,281,23.693,95.36,1.055,324.717,,,,,0
2026-10-07T18:00Z,2026-10-08T06:00Z,3733063,12,2.1,5.1,,,,h,5.1,,,,0,0.006,455.882,2.879,1.409,18.5,,0.889,13,281,25.916,93.057,1.761,306.352,,,,,0
2026-10-07T18:00Z,2026-10-08T18:00Z,3733063,24,4.5,8.3,,,,h,8.3,,,,0,0.007,86.519,0.684,1.266,18.5,,0.889,1,281,23.382,97.408,0.453,337.572,,,,,0
2026-10-07T18:00Z,2026-10-09T18:00Z,3733063,48,6.5,9.3,,,,h,9.3,,,,0,0.001,43.633,0.852,0,18.5,,0.889,1,282,23.55,98.742,0.33,137.3,,,,,0
2026-10-07T18:00Z,2026-10-07T19:00Z,3684608,1,12.5,12.5,,,,h,12.5,,,,0,0.036,119.007,3.941,0,,,0,2,280,22.634,75.825,1.847,73.027,,,,,0
2026-10-07T18:00Z,2026-10-07T21:00Z,3684608,3,15.1,15.1,,,,h,15.1,,,,0,0.013,70.39,3.387,0,,,0,4,280,21.909,79.954,1.353,86.616,,,,,0
2026-10-07T18:00Z,2026-10-08T00:00Z,3684608,6,18.6,18.6,,,,h,18.6,,,,0,0.007,58.493,2.241,0,,,0,7,281,22.144,83.308,1.232,75.041,,,,,0
2026-10-07T18:00Z,2026-10-08T06:00Z,3684608,12,10.5,10.5,,,,h,10.5,,,,0,0.005,1323.198,1.181,0.003,,,0,13,281,29.709,56.568,1,82.457,,,,,0
2026-10-07T18:00Z,2026-10-08T18:00Z,3684608,24,23.6,23.6,,,,h,23.6,,,,0,0.024,106.786,3.567,0,,,0,1,281,23.598,82.51,1.425,67.96,,,,,0
2026-10-07T18:00Z,2026-10-09T18:00Z,3684608,48,21.2,21.2,,,,h,21.2,,,,0,0.004,222.742,4.886,0,,,0,1,282,24.158,81.351,2.689,73.198,,,,,0
2026-10-07T18:00Z,2026-10-07T19:00Z,6207256,1,11.1,6.3,,,,h,6.3,,,,0,0.002,38.75,0.873,0.059,8,,-0.526,2,280,22.27,94.522,0.544,344.101,,,,,0
2026-10-07T18:00Z,2026-10-07T21:00Z,6207256,3,10.4,6,,,,h,6,,,,0,0.002,71.054,0.087,0,8,,-0.526,4,280,21.81,96.627,0.156,69.647,,,,,0
2026-10-07T18:00Z,2026-10-08T00:00Z,6207256,6,13.4,8.1,,,,h,8.1,,,,0,0.002,80.535,0.726,0,8,,-0.526,7,281,22.184,95.771,0.487,355.725,,,,,0
2026-10-07T18:00Z,2026-10-08T06:00Z,6207256,12,8,5,,,,h,5,,,,0,0.002,893.266,1.025,0.059,8,,-0.526,13,281,29.418,65.763,0.861,134.22,,,,,0
2026-10-07T18:00Z,2026-10-08T18:00Z,6207256,24,16.4,11.7,,,,h,11.7,,,,0,0.004,24.443,0.818,0,8,,-0.526,1,281,22.552,93.078,0.611,308.637,,,,,0
2026-10-07T18:00Z,2026-10-09T18:00Z,6207256,48,23.9,19.6,,,,h,19.6,,,,0,0.006,21.858,0.961,0,8,,-0.526,1,282,23.431,86.928,0.752,311.213,,,,,0
2026-10-07T18:00Z,2026-10-07T19:00Z,3539279,1,4.1,4.1,,,,h,4.1,,,,0,0,24.657,1.921,0,,,0,2,280,18.509,82.357,0.833,108.293,,,,,0
2026-10-07T18:00Z,2026-10-07T21:00Z,3539279,3,4,4,,,,h,4,,,,0,0,20.552,1.544,0,,,0,4,280,17.723,85.043,0.648,107.481,,,,,0
2026-10-07T18:00Z,2026-10-08T00:00Z,3539279,6,4.5,4.5,,,,h,4.5,,,,0,0,31.157,1.322,0,,,0,7,281,18.758,85.137,0.771,116.964,,,,,0
2026-10-07T18:00Z,2026-10-08T06:00Z,3539279,12,4.8,4.8,,,,h,4.8,,,,0,0.001,1361.732,1.037,0,,,0,13,281,27.243,51.25,0.874,23.416,,,,,0
2026-10-07T18:00Z,2026-10-08T18:00Z,3539279,24,8.7,8.7,,,,h,8.7,,,,0,0.008,29.366,2.393,0,,,0,1,281,19.28,82.239,1.007,105.207,,,,,0
2026-10-07T18:00Z,2026-10-09T18:00Z,3539279,48,19.3,19.3,,,,h,19.3,,,,0,0.005,52.545,3.243,0,,,0,1,282,20.342,84.708,1.235,78.031,,,,,0
2026-10-07T18:00Z,2026-10-07T19:00Z,4143983,1,12.7,12.7,,,,h,12.7,,,,0,0.021,296.518,5.001,0.01,,,0,2,280,22.418,79.674,2.406,46.923,,,,,0
2026-10-07T18:00Z,2026-10-07T21:00Z,4143983,3,11.4,11.4,,,,h,11.4,,,,0,0.017,271.493,5.029,0.01,,,0,4,280,21.941,82.092,2.498,42.459,,,,,0
2026-10-07T18:00Z,2026-10-08T00:00Z,4143983,6,9.9,9.9,,,,h,9.9,,,,0,0.013,317.316,5.007,0,,,0,7,281,22.961,80.259,2.673,22.938,,,,,0
2026-10-07T18:00Z,2026-10-08T06:00Z,4143983,12,8.3,8.3,,,,h,8.3,,,,0,0.011,1135.353,5.058,0.051,,,0,13,281,29.429,64.018,3.776,45.993,,,,,0
2026-10-07T18:00Z,2026-10-08T18:00Z,4143983,24,13.7,13.7,,,,h,13.7,,,,0,0.065,327.602,4.942,0,,,0,1,281,23.589,86.589,2.562,48.517,,,,,0
2026-10-07T18:00Z,2026-10-09T18:00Z,4143983,48,0.6,0.6,,,,h,0.6,,,,0,0,367.304,7.158,0,,,0,1,282,22.713,95.493,3.784,52.826,,,,,0
2026-10-07T18:00Z,2026-10-07T19:00Z,2894459,1,19.2,19.2,,,,h,19.2,,,,0.001,0.051,93.229,4.322,0,,,0,2,280,24.721,89.804,2.112,29.591,,,,,0
2026-10-07T18:00Z,2026-10-07T21:00Z,2894459,3,16.3,16.3,,,,h,16.3,,,,0.001,0.037,132.993,4.741,0,,,0,4,280,24.439,90.58,2.1,22.96,,,,,0
2026-10-07T18:00Z,2026-10-08T00:00Z,2894459,6,13.5,13.5,,,,h,13.5,,,,0,0.046,169.195,3.879,0,,,0,7,281,24.942,90.116,2.004,26.352,,,,,0
2026-10-07T18:00Z,2026-10-08T06:00Z,2894459,12,13,13,,,,h,13,,,,0,0.007,1116.891,4.197,0.202,,,0,13,281,31.611,59.217,3.241,38.486,,,,,0
2026-10-07T18:00Z,2026-10-08T18:00Z,2894459,24,12.6,12.6,,,,h,12.6,,,,0,0.008,61.91,3.08,0,,,0,1,281,25.408,91.627,1.238,28.27,,,,,0
2026-10-07T18:00Z,2026-10-09T18:00Z,2894459,48,17.2,17.2,,,,h,17.2,,,,0,0.014,97.435,3.67,0,,,0,1,282,26.215,85.099,1.315,56.387,,,,,0
2026-10-07T18:00Z,2026-10-07T19:00Z,3602359,1,10.8,10.8,,,,h,10.8,,,,0,0.009,20.07,1.373,0,,,0,2,280,13.609,87.498,0.876,25.823,,,,,0
2026-10-07T18:00Z,2026-10-07T21:00Z,3602359,3,11.9,11.9,,,,h,11.9,,,,0,0.008,24.967,1.649,0,,,0,4,280,13.305,86.526,1.05,32.691,,,,,0
2026-10-07T18:00Z,2026-10-08T00:00Z,3602359,6,14.7,14.7,,,,h,14.7,,,,0,0.007,35.039,1.662,0,,,0,7,281,15.438,81.581,1.265,36.568,,,,,0
2026-10-07T18:00Z,2026-10-08T06:00Z,3602359,12,12.3,12.3,,,,h,12.3,,,,0,0.012,1419.528,1.083,0,,,0,13,281,24.134,55.923,0.749,99.916,,,,,0
2026-10-07T18:00Z,2026-10-08T18:00Z,3602359,24,21.2,21.2,,,,h,21.2,,,,0,0.037,25.036,1.64,0,,,0,1,281,13.963,95.868,1.232,25.385,,,,,0
2026-10-07T18:00Z,2026-10-09T18:00Z,3602359,48,33.5,33.5,,,,h,33.5,,,,0,0.002,118.905,2.771,2.155,,,0,1,282,17.88,96.834,1.276,64.279,,,,,0
2026-10-07T18:00Z,2026-10-07T19:00Z,1236035,1,12.5,12.5,,,,h,12.5,,,,0,0.029,130.37,4.261,0,,,0,2,280,22.913,73.848,1.939,72.059,,,,,0
2026-10-07T18:00Z,2026-10-07T21:00Z,1236035,3,15.1,15.1,,,,h,15.1,,,,0,0.008,72.406,3.466,0,,,0,4,280,22.165,77.811,1.309,84.615,,,,,0
2026-10-07T18:00Z,2026-10-08T00:00Z,1236035,6,18.6,18.6,,,,h,18.6,,,,0,0.004,66.46,2.394,0,,,0,7,281,22.523,81.304,1.199,70.278,,,,,0
2026-10-07T18:00Z,2026-10-08T06:00Z,1236035,12,10.5,10.5,,,,h,10.5,,,,0,0.003,1317.193,1.513,0.003,,,0,13,281,29.921,56.24,1.292,60.732,,,,,0
2026-10-07T18:00Z,2026-10-08T18:00Z,1236035,24,23.6,23.6,,,,h,23.6,,,,0,0.029,111.075,3.797,0,,,0,1,281,23.825,83.196,1.475,67.053,,,,,0
2026-10-07T18:00Z,2026-10-09T18:00Z,1236035,48,21.2,21.2,,,,h,21.2,,,,0,0.003,266.56,5.283,0,,,0,1,282,24.491,79.715,2.908,66.777,,,,,0
2026-10-07T18:00Z,2026-10-07T19:00Z,3591608,1,9,9,,,,h,9,,,,0,0.125,22.254,1.522,0,,,0,2,280,13.317,82.855,0.671,356.201,,,,,0
2026-10-07T18:00Z,2026-10-07T21:00Z,3591608,3,10.5,10.5,,,,h,10.5,,,,0,0.07,21.506,1.536,0,,,0,4,280,12.988,82.776,0.734,0.779,,,,,0
2026-10-07T18:00Z,2026-10-08T00:00Z,3591608,6,13.2,13.2,,,,h,13.2,,,,0,0.037,23.034,1.246,0,,,0,7,281,15.101,78.578,0.964,13.494,,,,,0
2026-10-07T18:00Z,2026-10-08T06:00Z,3591608,12,11.4,11.4,,,,h,11.4,,,,0,0.022,1393.602,1.276,0,,,0,13,281,22.995,57.574,1.009,177.528,,,,,0
2026-10-07T18:00Z,2026-10-08T18:00Z,3591608,24,14.8,14.8,,,,h,14.8,,,,0,0.026,22.243,1.974,0,,,0,1,281,13.03,96.364,1.194,3.104,,,,,0
2026-10-07T18:00Z,2026-10-09T18:00Z,3591608,48,26.5,26.5,,,,h,26.5,,,,0,0.002,75.182,2.173,0.092,,,0,1,282,17.199,96.297,0.901,43.099,,,,,0
2026-10-07T18:00Z,2026-10-07T19:00Z,2843713,1,5.6,5.6,,,,h,5.6,,,,0,0.004,243.358,4.806,0,,,0,2,280,24.18,85.806,2.123,39.086,,,,,0
2026-10-07T18:00Z,2026-10-07T21:00Z,2843713,3,6.9,6.9,,,,h,6.9,,,,0,0.005,344.778,5.661,0,,,0,4,280,23.667,85.253,2.822,38.327,,,,,0
2026-10-07T18:00Z,2026-10-08T00:00Z,2843713,6,8.3,8.3,,,,h,8.3,,,,0,0.01,398.404,5.293,0,,,0,7,281,23.957,82.843,2.633,36.108,,,,,0
2026-10-07T18:00Z,2026-10-08T06:00Z,2843713,12,6.4,6.4,,,,h,6.4,,,,0,0.013,1095.511,5.142,0.053,,,0,13,281,29.582,65.609,3.916,31.114,,,,,0
2026-10-07T18:00Z,2026-10-08T18:00Z,2843713,24,8.1,8.1,,,,h,8.1,,,,0,0.006,314.037,5.021,0,,,0,1,281,24.602,85.848,2.275,52.67,,,,,0
2026-10-07T18:00Z,2026-10-09T18:00Z,2843713,48,4.8,4.8,,,,h,4.8,,,,0,0.008,249.926,4.326,0,,,0,1,282,24.006,91.63,2.034,31.947,,,,,0
2026-10-07T18:00Z,2026-10-07T19:00Z,6152097,1,30.6,30.6,,,,h,30.6,,,,0,0.003,89.863,1.212,0,,,0,2,280,22.851,95.003,0.732,73.234,,,,,0
2026-10-07T18:00Z,2026-10-07T21:00Z,6152097,3,23.4,23.4,,,,h,23.4,,,,0,0.003,33.216,1.126,0,,,0,4,280,22.478,96.68,0.309,56.015,,,,,0
2026-10-07T18:00Z,2026-10-08T00:00Z,6152097,6,19.4,19.4,,,,h,19.4,,,,0,0.003,15.579,0.261,0,,,0,7,281,22.886,93.732,0.134,358.584,,,,,0
2026-10-07T18:00Z,2026-10-08T06:00Z,6152097,12,6.5,6.5,,,,h,6.5,,,,0,0.006,656.279,0.994,0.006,,,0,13,281,29.817,65.382,0.802,137.342,,,,,0
2026-10-07T18:00Z,2026-10-08T18:00Z,6152097,24,39.1,39.1,,,,h,39.1,,,,0,0.007,75.641,0.526,0,,,0,1,281,24.693,88.308,0.222,183.637,,,,,0
2026-10-07T18:00Z,2026-10-09T18:00Z,6152097,48,31.8,31.8,,,,h,31.8,,,,0,0.006,47.731,0.946,0,,,0,1,282,24.532,89.646,0.28,12.183,,,,,0
2026-10-07T18:00Z,2026-10-07T19:00Z,3591607,1,6,14.3,,,,h,14.3,,,,0,0.005,21.382,1.061,0,8.3,,0.816,2,280,15.329,88.44,0.763,45.44,,,,,0
2026-10-07T18:00Z,2026-10-07T21:00Z,3591607,3,7.5,17,,,,h,17,,,,0,0.005,25.294,1.306,0,8.3,,0.816,4,280,14.921,88.176,0.858,43.62,,,,,0
2026-10-07T18:00Z,2026-10-08T00:00Z,3591607,6,9.5,20.3,,,,h,20.3,,,,0,0.004,39.87,1.324,0,8.3,,0.816,7,281,16.624,84.33,0.987,46.248,,,,,0
2026-10-07T18:00Z,2026-10-08T06:00Z,3591607,12,9.6,18.8,,,,h,18.8,,,,0,0.007,1408.149,0.791,0,8.3,,0.816,13,281,25.455,53.718,0.539,54.086,,,,,0
2026-10-07T18:00Z,2026-10-08T18:00Z,3591607,24,17.9,29.7,,,,h,29.7,,,,0,0.024,27.288,1.264,0,8.3,,0.816,1,281,15.993,92.443,1.031,48.43,,,,,0
2026-10-07T18:00Z,2026-10-09T18:00Z,3591607,48,27.6,37.4,,,,h,37.4,,,,0,0.002,105.901,2.934,1.709,8.3,,0.816,1,282,18.99,92.765,1.344,66.432,,,,,0
2026-10-07T18:00Z,2026-10-07T19:00Z,5755932,1,10,10,,,,h,10,,,,0,0.004,217.046,3.655,1.038,,,0,2,280,24.019,96.679,1.979,258.07,,,,,0
2026-10-07T18:00Z,2026-10-07T21:00Z,5755932,3,9.5,9.5,,,,h,9.5,,,,0,0.001,166.546,2.085,0.397,,,0,4,280,24.025,96.583,1.373,332.341,,,,,0
2026-10-07T18:00Z,2026-10-08T00:00Z,5755932,6,8.5,8.5,,,,h,8.5,,,,0,0,211.05,2.492,0.05,,,0,7,281,24.779,93.647,1.422,312.994,,,,,0
2026-10-07T18:00Z,2026-10-08T06:00Z,5755932,12,5.2,5.2,,,,h,5.2,,,,0,0,1233.912,3.456,0.075,,,0,13,281,31.579,63.078,2.791,353.521,,,,,0
2026-10-07T18:00Z,2026-10-08T18:00Z,5755932,24,10.4,10.4,,,,h,10.4,,,,0,0,122.038,2.205,0.289,,,0,1,281,24.758,95.196,1.34,292.922,,,,,0
2026-10-07T18:00Z,2026-10-09T18:00Z,5755932,48,6,6,,,,h,6,,,,0,0,104.047,1.764,0.1,,,0,1,282,24.614,97.114,0.925,35.176,,,,,0
2026-10-07T18:00Z,2026-10-07T19:00Z,3503722,1,7.9,7.9,,,,h,7.9,,,,0,0.006,23.538,0.988,0,,,0,2,280,20.115,89.46,0.638,65.385,,,,,0
2026-10-07T18:00Z,2026-10-07T21:00Z,3503722,3,7.1,7.1,,,,h,7.1,,,,0,0.013,26.769,1.196,0,,,0,4,280,19.523,88.356,0.696,53.848,,,,,0
2026-10-07T18:00Z,2026-10-08T00:00Z,3503722,6,7.1,7.1,,,,h,7.1,,,,0,0.017,34.151,1.192,0,,,0,7,281,20.285,84.937,1.143,71.471,,,,,0
2026-10-07T18:00Z,2026-10-08T06:00Z,3503722,12,3.2,3.2,,,,h,3.2,,,,0,0.013,1555.579,0.122,0,,,0,13,281,29.65,50.985,0.062,32.48,,,,,0
2026-10-07T18:00Z,2026-10-08T18:00Z,3503722,24,10.5,10.5,,,,h,10.5,,,,0,0.011,17.106,0.784,0,,,0,1,281,21.636,88.934,0.497,69.702,,,,,0
2026-10-07T18:00Z,2026-10-09T18:00Z,3503722,48,10.8,10.8,,,,h,10.8,,,,0,0.006,42.527,2.865,0,,,0,1,282,21.226,88.465,1.417,48.68,,,,,0
2026-10-07T18:00Z,2026-10-07T19:00Z,6284174,1,17.9,17.9,,,,h,17.9,,,,0,0.002,36.691,1.303,0,,,0,2,280,20.11,97.941,0.693,344.052,,,,,0
2026-10-07T18:00Z,2026-10-07T21:00Z,6284174,3,16.4,16.4,,,,h,16.4,,,,0,0.002,34.368,1.2,0,,,0,4,280,19.8,98.018,0.429,352.973,,,,,0
2026-10-07T18:00Z,2026-10-08T00:00Z,6284174,6,16.2,16.2,,,,h,16.2,,,,0,0.003,44.301,1.355,0,,,0,7,281,20.604,94.501,0.897,349.909,,,,,0
2026-10-07T18:00Z,2026-10-08T06:00Z,6284174,12,8.8,8.8,,,,h,8.8,,,,0,0.005,918.437,0.487,0.25,,,0,13,281,28.152,62.779,0.451,135.222,,,,,0
2026-10-07T18:00Z,2026-10-08T18:00Z,6284174,24,19.7,19.7,,,,h,19.7,,,,0,0.005,12.755,0.286,0,,,0,1,281,22.027,91.264,0.263,186.346,,,,,0
2026-10-07T18:00Z,2026-10-09T18:00Z,6284174,48,23.1,23.1,,,,h,23.1,,,,0,0.006,21.872,1.575,0,,,0,1,282,22.591,80.872,0.706,54.527,,,,,0
2026-10-07T18:00Z,2026-10-07T19:00Z,1236063,1,46.3,46.3,,,,h,46.3,,,,0.004,0.246,73.828,1.927,0,,,0,2,280,24.651,96.917,0.787,312.749,,,,,0
2026-10-07T18:00Z,2026-10-07T21:00Z,1236063,3,49.9,49.9,,,,h,49.9,,,,0.002,0.628,127.515,3.095,0,,,0,4,280,24.341,95.328,1.412,326.663,,,,,0
2026-10-07T18:00Z,2026-10-08T00:00Z,1236063,6,42.3,42.3,,,,h,42.3,,,,0.007,0.523,155.964,3.347,0,,,0,7,281,24.86,93.928,1.78,353.314,,,,,0
2026-10-07T18:00Z,2026-10-08T06:00Z,1236063,12,12.5,12.5,,,,h,12.5,,,,0.004,0.075,1284.773,1.393,0.036,,,0,13,281,31.914,60.649,1.05,33.989,,,,,0
2026-10-07T18:00Z,2026-10-08T18:00Z,1236063,24,48.2,48.2,,,,h,48.2,,,,0.001,0.018,60.956,1.369,0,,,0,1,281,25.771,95.47,0.495,282.359,,,,,0
2026-10-07T18:00Z,2026-10-09T18:00Z,1236063,48,39.1,39.1,,,,h,39.1,,,,0,0.012,83.941,1.319,0.643,,,0,1,282,25.698,93.274,0.388,117.751,,,,,0
2026-10-07T18:00Z,2026-10-07T19:00Z,3553303,1,3.4,3.4,,,,h,3.4,,,,0,0,26.297,2.319,0,,,0,2,280,18.074,81.23,1.15,106.544,,,,,0
2026-10-07T18:00Z,2026-10-07T21:00Z,3553303,3,3.9,3.9,,,,h,3.9,,,,0,0,19.652,1.998,0,,,0,4,280,17.188,84.431,1.051,104.544,,,,,0
2026-10-07T18:00Z,2026-10-08T00:00Z,3553303,6,5,5,,,,h,5,,,,0,0,24.897,1.591,0,,,0,7,281,18.381,84.046,1.07,109.875,,,,,0
2026-10-07T18:00Z,2026-10-08T06:00Z,3553303,12,4.5,4.5,,,,h,4.5,,,,0,0.002,1369.794,0.842,0,,,0,13,281,26.748,51.679,0.699,26.33,,,,,0
2026-10-07T18:00Z,2026-10-08T18:00Z,3553303,24,8.8,8.8,,,,h,8.8,,,,0,0.011,29.46,2.813,0,,,0,1,281,18.66,80.387,1.343,103.461,,,,,0
2026-10-07T18:00Z,2026-10-09T18:00Z,3553303,48,20.6,20.6,,,,h,20.6,,,,0,0.004,56.171,3.537,0.083,,,0,1,282,19.776,86.39,1.531,84.974,,,,,0
