issued_utc,valid_utc,station_id,lead_h,cams_raw,corrected,cams24,corr24,blend24,obs_basis,correctedA,blend24A,correctedML,blend24ML,inc,fire,blh,ws,pr,obs_last,obs24_last,kfAb,hloc,doy,t2,rh,ws10,wd,o_ws,o_wd,o_t2,o_rh,monitor
2026-10-10T04:00Z,2026-10-10T05:00Z,a4t:119t,1,6.2,17.1,5.5,16.2,14.6,h,17.1,14.6,17.1,14.6,0,0,1267.103,0.259,0.092,14,14.6,0.984,12,283,31.816,63.212,0.355,217.92,2.6,84,29.6,82,1
2026-10-10T04:00Z,2026-10-10T07:00Z,a4t:119t,3,6.2,16.5,5.3,15.7,14.5,h,16.5,14.5,16.5,14.5,0,0,461.653,3.214,0.959,14,14.6,0.984,14,283,29.359,77.348,2.744,221.189,2.6,84,29.6,82,1
2026-10-10T04:00Z,2026-10-10T10:00Z,a4t:119t,6,6.45,16.1,5.1,14.7,14.4,h,16.1,14.4,16.2,14.4,0,0,127.187,0.908,0.304,14,14.6,0.984,17,283,28.357,84.218,0.625,259.78,2.6,84,29.6,82,1
2026-10-10T04:00Z,2026-10-10T16:00Z,a4t:119t,12,5.25,12,5.2,14.2,14.3,h,12,14.3,12.1,14.3,0,0,123.633,1.876,0.25,14,14.6,0.984,23,283,24.853,96.666,0.891,61.521,2.6,84,29.6,82,1
2026-10-10T04:00Z,2026-10-11T04:00Z,a4t:119t,24,2.95,6,5,11.9,13.7,h,6,13.7,6.1,13.8,0,0,731.247,0.836,0.528,14,14.6,0.984,11,284,30.074,72.495,0.64,135.513,2.6,84,29.6,82,1
2026-10-10T04:00Z,2026-10-12T04:00Z,a4t:119t,48,2.2,3.5,2.2,4.1,9.3,h,3.5,9.3,3.5,9.3,0,0,648.921,1.185,0.092,14,14.6,0.984,11,285,29.702,74.105,0.899,86.587,2.6,84,29.6,82,1
2026-10-10T04:00Z,2026-10-10T05:00Z,a4t:02t,1,24.549999999999997,25,28,28.5,21,h,25,21,25,21,0,0.002,1032.711,3.101,0.173,31,21,0.017,12,283,30.457,69.351,2.455,42.889,,,,,1
2026-10-10T04:00Z,2026-10-10T07:00Z,a4t:02t,3,21.950000000000003,22.3,27.7,28.1,21,h,22.3,21,22.3,21,0,0.001,521.701,1.903,1.329,31,21,0.017,14,283,28.219,82.87,1.344,322.86,,,,,1
2026-10-10T04:00Z,2026-10-10T10:00Z,a4t:02t,6,16.450000000000003,16.7,26.4,26.8,21,h,16.7,21,16.8,21,0,0.001,311.866,1.435,2.091,31,21,0.017,17,283,26.563,90.612,0.818,72.053,,,,,1
2026-10-10T04:00Z,2026-10-10T16:00Z,a4t:02t,12,12.100000000000001,12.3,24,24.3,20.8,h,12.3,20.8,12.4,20.8,0,0,260.186,3.031,1.853,31,21,0.017,23,283,24.614,97.209,1.69,46.451,,,,,1
2026-10-10T04:00Z,2026-10-11T04:00Z,a4t:02t,24,7.85,7.9,13,13.2,18.5,h,7.9,18.5,8,18.5,0,0,639.281,3.112,1.472,31,21,0.017,11,284,27.811,80.792,2.28,89.303,,,,,1
2026-10-10T04:00Z,2026-10-12T04:00Z,a4t:02t,48,16,16.1,13,13.1,17,h,16.1,17,16.1,17,0,0,1002.043,3.332,0.094,31,21,0.017,11,285,30.048,70.885,2.573,61.561,,,,,1
2026-10-10T04:00Z,2026-10-10T05:00Z,a4t:52t,1,24.549999999999997,22.8,28,26,25.3,h,22.8,25.3,22.8,25.3,0,0.002,1033.117,3.106,0.173,24,25.3,-0.074,12,283,30.456,69.379,2.459,42.837,,,,,1
2026-10-10T04:00Z,2026-10-10T07:00Z,a4t:52t,3,21.950000000000003,20.5,27.7,25.7,25.2,h,20.5,25.2,20.5,25.2,0,0.001,525.979,1.89,1.322,24,25.3,-0.074,14,283,28.234,82.782,1.333,323.469,,,,,1
2026-10-10T04:00Z,2026-10-10T10:00Z,a4t:52t,6,16.450000000000003,15.4,26.4,24.5,25.1,h,15.4,25.1,15.5,25.1,0,0.001,312.257,1.437,2.088,24,25.3,-0.074,17,283,26.563,90.589,0.822,71.759,,,,,1
2026-10-10T04:00Z,2026-10-10T16:00Z,a4t:52t,12,12.100000000000001,11.4,24,22.3,24.4,h,11.4,24.4,11.4,24.4,0,0,260.057,3.025,1.856,24,25.3,-0.074,23,283,24.611,97.202,1.686,46.168,,,,,1
2026-10-10T04:00Z,2026-10-11T04:00Z,a4t:52t,24,7.85,7.5,13,12.2,21.1,h,7.5,21.1,7.6,21.1,0,0,637.658,3.086,1.467,24,25.3,-0.074,11,284,27.802,80.832,2.261,89.242,,,,,1
2026-10-10T04:00Z,2026-10-12T04:00Z,a4t:52t,48,16,15.6,13,12.6,18.9,h,15.6,18.9,15.6,18.9,0,0,1000.153,3.333,0.096,24,25.3,-0.074,11,285,30.041,70.94,2.574,61.512,,,,,1
2026-10-10T04:00Z,2026-10-10T05:00Z,a4t:53t,1,24.549999999999997,30.4,28,35.1,25.8,h,30.4,25.8,30.4,25.8,0,0.001,1009.939,3.041,0.18,39,25.8,0.22,12,283,30.483,68.981,2.406,44.918,,,30.2,30,1
2026-10-10T04:00Z,2026-10-10T07:00Z,a4t:53t,3,21.950000000000003,27,27.7,34.6,25.8,h,27,25.8,27,25.8,0,0.001,470.029,1.861,1.246,39,25.8,0.22,14,283,28.115,83.55,1.343,317.244,,,30.2,30,1
2026-10-10T04:00Z,2026-10-10T10:00Z,a4t:53t,6,16.450000000000003,20,26.4,32.9,25.8,h,20,25.8,20.2,25.8,0,0,286.969,1.609,2.401,39,25.8,0.22,17,283,26.436,91.537,0.854,83.185,,,30.2,30,1
2026-10-10T04:00Z,2026-10-10T16:00Z,a4t:53t,12,12.100000000000001,14.4,24,29.7,25.5,h,14.4,25.5,14.5,25.5,0,0,255.474,3.099,1.62,39,25.8,0.22,23,283,24.661,97.498,1.752,50.348,,,30.2,30,1
2026-10-10T04:00Z,2026-10-11T04:00Z,a4t:53t,24,7.85,9.1,13,15.7,22.6,h,9.1,22.6,9.2,22.6,0,0,729.479,3.683,1.263,39,25.8,0.22,11,284,28.281,78.661,2.702,90.484,,,30.2,30,1
2026-10-10T04:00Z,2026-10-12T04:00Z,a4t:53t,48,16,17.4,13,14.5,20.1,h,17.4,20.1,17.4,20.1,0,0,1043.142,3.419,0.07,39,25.8,0.22,11,285,30.295,69.383,2.616,65.885,,,30.2,30,1
2026-10-10T04:00Z,2026-10-10T05:00Z,a4t:59t,1,24.549999999999997,16.1,28,17.9,17.9,h,16.1,17.9,16.1,17.9,0,0.002,1020.861,3.054,0.178,19,17.9,-0.429,12,283,30.474,69.06,2.416,44.037,0.5,219,29.7,77,1
2026-10-10T04:00Z,2026-10-10T07:00Z,a4t:59t,3,21.950000000000003,14.6,27.7,17.8,17.9,h,14.6,17.9,14.6,17.9,0,0.001,480.187,1.943,1.321,19,17.9,-0.429,14,283,28.107,83.547,1.396,317.924,0.5,219,29.7,77,1
2026-10-10T04:00Z,2026-10-10T10:00Z,a4t:59t,6,16.450000000000003,11.1,26.4,17,17.8,h,11.1,17.8,11.2,17.8,0,0,298.905,1.501,2.244,19,17.9,-0.429,17,283,26.503,91.133,0.814,78.724,0.5,219,29.7,77,1
2026-10-10T04:00Z,2026-10-10T16:00Z,a4t:59t,12,12.100000000000001,8.5,24,15.7,17.2,h,8.5,17.2,8.5,17.3,0,0,258.547,3.091,1.734,19,17.9,-0.429,23,283,24.648,97.37,1.738,49.441,0.5,219,29.7,77,1
2026-10-10T04:00Z,2026-10-11T04:00Z,a4t:59t,24,7.85,5.9,13,9,15.1,h,5.9,15.1,6,15.1,0,0,687.293,3.485,1.395,19,17.9,-0.429,11,284,28.064,79.644,2.555,90.099,0.5,219,29.7,77,1
2026-10-10T04:00Z,2026-10-12T04:00Z,a4t:59t,48,16,13.6,13,10.6,14.2,h,13.6,14.2,13.6,14.2,0,0,1028.717,3.367,0.075,19,17.9,-0.429,11,285,30.192,69.97,2.586,63.78,0.5,219,29.7,77,1
2026-10-10T04:00Z,2026-10-10T05:00Z,a4t:61t,1,12.65,20.4,15.2,25.1,20.8,h,20.4,20.8,20.4,20.8,0,0.001,1009.837,3.079,0.177,23,20.8,0.481,12,283,30.487,69.064,2.437,45.083,,,,,1
2026-10-10T04:00Z,2026-10-10T07:00Z,a4t:61t,3,10.35,16.5,14.9,24.6,20.8,h,16.5,20.8,16.5,20.8,0,0.001,489.935,1.733,1.172,23,20.8,0.481,14,283,28.209,83.028,1.24,320.53,,,,,1
2026-10-10T04:00Z,2026-10-10T10:00Z,a4t:61t,6,9.05,14.1,14.2,23.3,20.7,h,14.1,20.7,14.2,20.7,0,0,283.818,1.678,2.447,23,20.8,0.481,17,283,26.404,91.611,0.899,84.307,,,,,1
2026-10-10T04:00Z,2026-10-10T16:00Z,a4t:61t,12,9.7,14.3,12.9,20.7,20.4,h,14.3,20.4,14.4,20.4,0,0,252.856,3.073,1.576,23,20.8,0.481,23,283,24.655,97.508,1.739,49.774,,,,,1
2026-10-10T04:00Z,2026-10-11T04:00Z,a4t:61t,24,3.7,5.2,7.8,11.8,17.9,h,5.2,17.9,5.3,17.9,0,0,741.46,3.651,1.176,23,20.8,0.481,11,284,28.344,78.368,2.68,90.398,,,,,1
2026-10-10T04:00Z,2026-10-12T04:00Z,a4t:61t,48,10.45,12.6,9.8,12.3,16.5,h,12.6,16.5,12.6,16.5,0,0,1039.196,3.465,0.078,23,20.8,0.481,11,285,30.306,69.401,2.65,66.712,,,,,1
2026-10-10T04:00Z,2026-10-10T05:00Z,a4t:o10,1,12.65,22.8,15.2,28.1,21.2,h,22.8,21.2,22.8,21.2,0,0.001,1002.817,3.067,0.178,21,21.2,0.591,12,283,30.492,69.007,2.428,45.627,,,,,1
2026-10-10T04:00Z,2026-10-10T07:00Z,a4t:o10,3,10.35,18.3,14.9,27.5,21.2,h,18.3,21.2,18.3,21.2,0,0,481.604,1.692,1.131,21,21.2,0.591,14,283,28.206,83.078,1.215,319.796,,,,,1
2026-10-10T04:00Z,2026-10-10T10:00Z,a4t:o10,6,9.05,15.6,14.2,26.1,21.1,h,15.6,21.1,15.7,21.1,0,0,276.492,1.745,2.543,21,21.2,0.591,17,283,26.364,91.862,0.926,86.593,,,,,1
2026-10-10T04:00Z,2026-10-10T16:00Z,a4t:o10,12,9.7,15.6,12.9,23,20.9,h,15.6,20.9,15.7,20.9,0,0,251.149,3.081,1.507,21,21.2,0.591,23,283,24.664,97.589,1.749,50.396,,,,,1
2026-10-10T04:00Z,2026-10-11T04:00Z,a4t:o10,24,3.7,5.6,7.8,13,18.6,h,5.6,18.6,5.7,18.6,0,0,767.224,3.78,1.1,21,21.2,0.591,11,284,28.476,77.77,2.775,90.635,,,,,1
2026-10-10T04:00Z,2026-10-12T04:00Z,a4t:o10,48,10.45,13.1,9.8,13,17.1,h,13.1,17.1,13.1,17.1,0,0,1048.761,3.497,0.074,21,21.2,0.591,11,285,30.37,69.025,2.67,67.918,,,,,1
2026-10-10T04:00Z,2026-10-10T05:00Z,a4t:79t,1,15.25,29.9,13.8,28.1,35,h,29.9,35,29.9,35,0,0.089,1143.818,3.194,0.203,14,35,0.683,12,283,28.726,71.224,2.4,54.566,,,,,1
2026-10-10T04:00Z,2026-10-10T07:00Z,a4t:79t,3,16.75,31.8,14.1,28.7,35.1,h,31.8,35.1,31.8,35.1,0,0.036,254.23,1.791,2.595,14,35,0.683,14,283,24.987,91.602,1.334,324.345,,,,,1
2026-10-10T04:00Z,2026-10-10T10:00Z,a4t:79t,6,13.85,25.5,14.5,29,35.3,h,25.5,35.3,25.7,35.3,0,0.012,319.371,0.626,0.152,14,35,0.683,17,283,25.969,89.418,0.387,345.424,,,,,1
2026-10-10T04:00Z,2026-10-10T16:00Z,a4t:79t,12,6.2,11,13.6,26.6,34.2,h,11,34.2,11,34.2,0,0.001,232.269,2.775,2.534,14,35,0.683,23,283,22.982,97.403,1.366,84.992,,,,,1
2026-10-10T04:00Z,2026-10-11T04:00Z,a4t:79t,24,4.7,7.5,8.3,15.2,28.7,h,7.5,28.7,7.6,28.7,0,0,262.527,2.972,2.625,14,35,0.683,11,284,24.037,92.521,2.112,89.321,,,,,1
2026-10-10T04:00Z,2026-10-12T04:00Z,a4t:79t,48,4.8,6.4,6.3,9,22,h,6.4,22,6.4,22,0,0,789.237,3.293,0.23,14,35,0.683,11,285,26.726,81.717,2.432,64.125,,,,,1
2026-10-10T04:00Z,2026-10-10T05:00Z,a4t:107t,1,2.3,1.9,12.2,10.5,19.6,h,1.9,19.6,1.9,19.6,0,0,1239.156,5.734,0.05,11,19.6,-0.137,12,283,29.776,69.959,4.408,71.999,3.8,81,30.5,55,1
2026-10-10T04:00Z,2026-10-10T07:00Z,a4t:107t,3,1.95,1.6,11.2,9.6,19.4,h,1.6,19.4,1.6,19.4,0,0,908.347,4.369,2.176,11,19.6,-0.137,14,283,28.44,77.475,3.243,72.439,3.8,81,30.5,55,1
2026-10-10T04:00Z,2026-10-10T10:00Z,a4t:107t,6,2,1.7,10.1,8.7,19,h,1.7,19,1.7,19,0,0,524.532,4.876,0.727,11,19.6,-0.137,17,283,25.889,88.976,3.182,56.876,3.8,81,30.5,55,1
2026-10-10T04:00Z,2026-10-10T16:00Z,a4t:107t,12,2.3499999999999996,2,8,6.8,16.7,h,2,16.7,2,16.7,0,0,341.893,5.169,0.027,11,19.6,-0.137,23,283,24.209,92.004,2.281,54.896,3.8,81,30.5,55,1
2026-10-10T04:00Z,2026-10-11T04:00Z,a4t:107t,24,10.75,9.8,4.3,3.8,14.6,h,9.8,14.6,10,14.6,0,0,1112.778,5.793,0,11,19.6,-0.137,11,284,29.193,68.427,4.409,69.332,3.8,81,30.5,55,1
2026-10-10T04:00Z,2026-10-12T04:00Z,a4t:107t,48,16.05,15.2,13.4,12.6,16.1,h,15.2,16.1,15.2,16.1,0,0.003,957.591,3.74,0,11,19.6,-0.137,11,285,29.465,64.307,2.903,64.211,3.8,81,30.5,55,1
2026-10-10T04:00Z,2026-10-10T05:00Z,a4t:94t,1,10.899999999999999,12.8,10.8,12.9,14.9,h,12.8,14.9,12.8,14.9,0,0.056,1361.901,1.735,0.01,14,14.9,0.161,12,283,31.445,64.254,1.437,84.318,1.1,330,,,1
2026-10-10T04:00Z,2026-10-10T07:00Z,a4t:94t,3,12.2,14.3,11.2,13.3,14.9,h,14.3,14.9,14.3,14.9,0,0.032,351.066,4.43,3.445,14,14.9,0.161,14,283,27.174,89.39,3.209,54.803,1.1,330,,,1
2026-10-10T04:00Z,2026-10-10T10:00Z,a4t:94t,6,13.35,15.4,12,14.2,14.9,h,15.4,14.9,15.5,14.9,0,0.006,292.648,2.845,2.464,14,14.9,0.161,17,283,26.543,89.456,1.802,344.858,1.1,330,,,1
2026-10-10T04:00Z,2026-10-10T16:00Z,a4t:94t,12,9.149999999999999,10.4,12.1,14.3,14.6,h,10.4,14.6,10.4,14.6,0,0,171.896,2.879,0.243,14,14.9,0.161,23,283,24.285,96.738,1.711,245.544,1.1,330,,,1
2026-10-10T04:00Z,2026-10-11T04:00Z,a4t:94t,24,3.65,4.1,8.8,10.1,13.4,h,4.1,13.4,4.2,13.4,0,0,794.281,0.749,0.11,14,14.9,0.161,11,284,27.89,79.143,0.675,312.21,1.1,330,,,1
2026-10-10T04:00Z,2026-10-12T04:00Z,a4t:94t,48,9.2,9.8,6,6.5,10.7,h,9.8,10.7,9.8,10.7,0,0,1125.591,0.929,0.1,14,14.9,0.161,11,285,30.146,74.364,0.804,31.711,1.1,330,,,1
2026-10-10T04:00Z,2026-10-10T05:00Z,a4t:46t,1,11.3,8.5,17.6,13.2,21.5,h,8.5,21.5,8.5,21.5,0,0,1179.986,5.877,0.09,14,21.5,-0.272,12,283,29.399,70.354,4.529,72.433,,,,,1
2026-10-10T04:00Z,2026-10-10T07:00Z,a4t:46t,3,6.6,4.9,16.7,12.5,21.4,h,4.9,21.4,4.9,21.4,0,0,852.292,4.672,0.673,14,21.5,-0.272,14,283,28.42,76.824,3.672,57.988,,,,,1
2026-10-10T04:00Z,2026-10-10T10:00Z,a4t:46t,6,4.9,3.7,15.5,11.6,21.1,h,3.7,21.1,3.7,21.1,0,0,436.6,4.149,0.413,14,21.5,-0.272,17,283,25.728,88.597,2.699,47.39,,,,,1
2026-10-10T04:00Z,2026-10-10T16:00Z,a4t:46t,12,3.9,3,12.3,9.2,19,h,3,19,3,19,0,0,179.511,3.888,0.055,14,21.5,-0.272,23,283,23.709,96.256,1.632,35.543,,,,,1
2026-10-10T04:00Z,2026-10-11T04:00Z,a4t:46t,24,10.25,8.6,5.1,4,15.9,h,8.6,15.9,8.7,15.9,0,0,1084.619,5.285,0.016,14,21.5,-0.272,11,284,28.883,69.603,4.068,72.882,,,,,1
2026-10-10T04:00Z,2026-10-12T04:00Z,a4t:46t,48,17.5,15.8,15.5,13.6,17.5,h,15.8,17.5,15.8,17.5,0,0.002,950.754,3.475,0,14,21.5,-0.272,11,285,29.175,64.207,2.692,61.608,,,,,1
2026-10-10T04:00Z,2026-10-10T05:00Z,a4t:100t,1,2.05,7.6,5.9,19.5,13.3,h,7.6,13.3,7.6,13.3,0,0,890.368,2.2,0.079,16,13.4,1.1,12,283,29.949,70.803,1.773,50.336,1.1,35,28.5,70,1
2026-10-10T04:00Z,2026-10-10T07:00Z,a4t:100t,3,2.95,9.6,5.5,18.3,13.3,h,9.6,13.3,9.6,13.3,0,0,315.99,2.917,1.713,16,13.4,1.1,14,283,27.871,80.735,2.491,151.019,1.1,35,28.5,70,1
2026-10-10T04:00Z,2026-10-10T10:00Z,a4t:100t,6,3.6,10.7,5,16.8,13.2,h,10.7,13.2,10.8,13.2,0,0,258.748,1.277,1.03,16,13.4,1.1,17,283,27.083,86.058,1.342,157.408,1.1,35,28.5,70,1
2026-10-10T04:00Z,2026-10-10T16:00Z,a4t:100t,12,1.85,5.5,3.6,11.9,12.6,h,5.5,12.6,5.5,12.6,0,0.001,216.967,2.035,0.218,16,13.4,1.1,23,283,25.898,91.617,1.571,63.732,1.1,35,28.5,70,1
2026-10-10T04:00Z,2026-10-11T04:00Z,a4t:100t,24,1.6,3.9,2.3,6.7,11.2,h,3.9,11.2,4,11.3,0,0,706.456,2.726,0.013,16,13.4,1.1,11,284,28.565,76.099,2.261,50.416,1.1,35,28.5,70,1
2026-10-10T04:00Z,2026-10-12T04:00Z,a4t:100t,48,2.95,4.8,3.4,6.2,9.8,h,4.8,9.8,4.8,9.8,0,0,698.381,1.32,0.008,16,13.4,1.1,11,285,28.446,79.063,1.106,104.644,1.1,35,28.5,70,1
2026-10-10T04:00Z,2026-10-10T05:00Z,a4t:60t,1,6.9,18.7,9.7,27.3,22.8,h,18.7,22.8,18.7,22.8,0,0,1127.379,3.072,0.125,21,22.8,0.974,12,283,30.894,67.123,2.352,59.718,,,,,1
2026-10-10T04:00Z,2026-10-10T07:00Z,a4t:60t,3,7.050000000000001,18.4,9.6,26.8,22.8,h,18.4,22.8,18.4,22.8,0,0,581.013,1.111,0.877,21,22.8,0.974,14,283,28.679,80.528,0.713,88.574,,,,,1
2026-10-10T04:00Z,2026-10-10T10:00Z,a4t:60t,6,7.4,18.2,9.5,26.2,22.8,h,18.2,22.8,18.3,22.8,0,0,229.485,2.778,2.781,21,22.8,0.974,17,283,25.959,93.934,1.645,113.897,,,,,1
2026-10-10T04:00Z,2026-10-10T16:00Z,a4t:60t,12,6,13.5,8.1,21.6,22.5,h,13.5,22.5,13.6,22.5,0,0,170.84,2.398,0.88,21,22.8,0.974,23,283,24.633,98.001,1.379,58.657,,,,,1
2026-10-10T04:00Z,2026-10-11T04:00Z,a4t:60t,24,2.55,5.3,5.5,12.9,19.6,h,5.3,19.6,5.4,19.6,0,0,967.471,3.77,0.168,21,22.8,0.974,11,284,29.625,72.767,2.803,89.939,,,,,1
2026-10-10T04:00Z,2026-10-12T04:00Z,a4t:60t,48,6.550000000000001,9.6,6.2,10,16.4,h,9.6,16.4,9.6,16.4,0,0,1071.801,3.298,0.122,21,22.8,0.974,11,285,30.608,68.555,2.497,82.198,,,,,1
2026-10-10T04:00Z,2026-10-10T05:00Z,a4t:33t,1,5.199999999999999,14.6,8.3,23.8,16.8,h,14.6,16.8,14.6,16.8,0,0,1265.558,4.797,0.104,18,16.8,0.986,12,283,31.033,67.919,3.763,47.133,,,,,1
2026-10-10T04:00Z,2026-10-10T07:00Z,a4t:33t,3,5.15,13.9,8.1,23.1,16.8,h,13.9,16.8,13.9,16.8,0,0,908.357,2.372,0.467,18,16.8,0.986,14,283,29.926,72.03,1.77,73.175,,,,,1
2026-10-10T04:00Z,2026-10-10T10:00Z,a4t:33t,6,5.25,13.4,7.8,22,16.7,h,13.4,16.7,13.5,16.7,0,0,287.287,3.317,1.674,18,16.8,0.986,17,283,25.946,92.169,2.364,111.221,,,,,1
2026-10-10T04:00Z,2026-10-10T16:00Z,a4t:33t,12,3.5,8.4,5.9,16.4,16.3,h,8.4,16.3,8.4,16.3,0,0,171.177,3.387,0.839,18,16.8,0.986,23,283,24.773,96.349,2.063,70.546,,,,,1
2026-10-10T04:00Z,2026-10-11T04:00Z,a4t:33t,24,1.95,4.2,3.6,8.9,14.3,h,4.2,14.3,4.3,14.3,0,0,868.569,3.722,0.178,18,16.8,0.986,11,284,29.446,72.743,2.891,84.204,,,,,1
2026-10-10T04:00Z,2026-10-12T04:00Z,a4t:33t,48,4.3,6.5,3.9,6.7,11.8,h,6.5,11.8,6.5,11.8,0,0,887.885,4.855,0.257,18,16.8,0.986,11,285,30.151,72.049,3.736,77.428,,,,,1
2026-10-10T04:00Z,2026-10-10T05:00Z,a4t:34t,1,8.35,12.9,,,,h,12.9,,12.9,,0,0,1133.42,4.273,0.135,,,0.629,12,283,30.833,68.474,3.371,48.232,,,,,1
2026-10-10T04:00Z,2026-10-10T07:00Z,a4t:34t,3,7.199999999999999,11,,,,h,11,,11,,0,0,765.123,1.548,0.356,,,0.629,14,283,29.481,75.356,1.116,50.681,,,,,1
2026-10-10T04:00Z,2026-10-10T10:00Z,a4t:34t,6,5.95,8.9,,,,h,8.9,,9,,0,0,262.941,3.188,2.47,,,0.629,17,283,25.924,92.918,2.068,107.055,,,,,1
2026-10-10T04:00Z,2026-10-10T16:00Z,a4t:34t,12,4.6,6.7,,,,h,6.7,,6.7,,0,0,203.061,3.305,0.872,,,0.629,23,283,24.751,97.055,1.989,63.723,,,,,1
2026-10-10T04:00Z,2026-10-11T04:00Z,a4t:34t,24,2.8499999999999996,3.9,,,,h,3.9,,4,,0,0,920.762,4.148,0.196,,,0.629,11,284,29.526,72.698,3.161,88.717,,,,,1
2026-10-10T04:00Z,2026-10-12T04:00Z,a4t:34t,48,6.8,8.1,,,,h,8.1,,8.1,,0,0,979.321,4.741,0.195,,,0.629,11,285,30.518,69.364,3.632,77.635,,,,,1
2026-10-10T04:00Z,2026-10-10T05:00Z,a4t:o61,1,8.35,15.1,10.5,19.4,15,h,15.1,15,15.1,15,0,0,1216.269,4.767,0.112,19,15,0.581,12,283,30.911,68.817,3.758,46.634,,,,,1
2026-10-10T04:00Z,2026-10-10T07:00Z,a4t:o61,3,7.199999999999999,12.8,10,18.5,15,h,12.8,15,12.8,15,0,0,936.128,2.381,0.256,19,15,0.581,14,283,30.043,71.837,1.81,61.797,,,,,1
2026-10-10T04:00Z,2026-10-10T10:00Z,a4t:o61,6,5.95,10.4,9,16.7,14.9,h,10.4,14.9,10.5,14.9,0,0,299.419,3.229,1.925,19,15,0.581,17,283,25.985,91.788,2.25,106.078,,,,,1
2026-10-10T04:00Z,2026-10-10T16:00Z,a4t:o61,12,4.6,7.6,7.6,13.7,14.5,h,7.6,14.5,7.6,14.5,0,0,194.911,3.244,1.041,19,15,0.581,23,283,24.71,96.4,1.956,63.359,,,,,1
2026-10-10T04:00Z,2026-10-11T04:00Z,a4t:o61,24,2.8499999999999996,4.4,4.4,7.6,12.6,h,4.4,12.6,4.5,12.6,0,0,825.652,3.403,0.257,19,15,0.581,11,284,29.119,74.433,2.649,85.843,,,,,1
2026-10-10T04:00Z,2026-10-12T04:00Z,a4t:o61,48,6.8,8.6,4.8,6.5,10.8,h,8.6,10.8,8.6,10.8,0,0,891.865,4.943,0.271,19,15,0.581,11,285,30.174,71.851,3.815,75.652,,,,,1
2026-10-10T04:00Z,2026-10-10T05:00Z,a4t:117t,1,14.1,18.2,13.4,17.6,15.7,h,18.2,15.7,18.2,15.7,0,0.025,1241.751,3.811,0.058,17,15.7,0.258,12,283,30.765,69.2,3.039,41.464,1,81,28.4,84,1
2026-10-10T04:00Z,2026-10-10T07:00Z,a4t:117t,3,14,17.9,13.8,18.1,15.7,h,17.9,15.7,17.9,15.7,0,0.017,397.68,3.801,2.983,17,15.7,0.258,14,283,27.981,83.369,2.801,35.804,1,81,28.4,84,1
2026-10-10T04:00Z,2026-10-10T10:00Z,a4t:117t,6,12.35,15.6,14.3,18.7,15.8,h,15.6,15.8,15.7,15.8,0,0.005,232.869,3.196,4.468,17,15.7,0.258,17,283,26.112,89.479,2.174,40.669,1,81,28.4,84,1
2026-10-10T04:00Z,2026-10-10T16:00Z,a4t:117t,12,8.100000000000001,10,13.4,17.3,15.7,h,10,15.7,10,15.7,0,0,133.647,1.407,0.546,17,15.7,0.258,23,283,24.874,95.904,0.925,20.205,1,81,28.4,84,1
2026-10-10T04:00Z,2026-10-11T04:00Z,a4t:117t,24,4.699999999999999,5.6,9.4,11.7,14.4,h,5.6,14.4,5.7,14.5,0,0,852.542,4.716,0.178,17,15.7,0.258,11,284,28.135,78.293,3.614,75.298,1,81,28.4,84,1
2026-10-10T04:00Z,2026-10-12T04:00Z,a4t:117t,48,7.8,8.6,6.4,7.3,11.5,h,8.6,11.5,8.6,11.5,0,0,1054.021,4.26,0.029,17,15.7,0.258,11,285,30.032,68.211,3.256,65.298,1,81,28.4,84,1
2026-10-10T04:00Z,2026-10-10T05:00Z,a4t:108t,1,12.45,13.4,15.3,16.4,17.3,h,13.4,17.3,13.4,17.3,0,0.001,1108.05,7.088,0.186,18,17.3,0.069,12,283,29.119,68.641,5.392,67.807,,,,,1
2026-10-10T04:00Z,2026-10-10T07:00Z,a4t:108t,3,10.05,10.8,14.9,16,17.3,h,10.8,17.3,10.8,17.3,0,0,602.885,5.431,1.493,18,17.3,0.069,14,283,27.11,81.419,3.978,70.341,,,,,1
2026-10-10T04:00Z,2026-10-10T10:00Z,a4t:108t,6,8,8.5,14.1,15.2,17.2,h,8.5,17.2,8.6,17.2,0,0,508.526,5.749,0.508,18,17.3,0.069,17,283,25.678,85.434,3.898,44.544,,,,,1
2026-10-10T04:00Z,2026-10-10T16:00Z,a4t:108t,12,2.95,3.2,11.6,12.5,16.4,h,3.2,16.4,3.2,16.4,0,0,369.904,6.013,0.132,18,17.3,0.069,23,283,22.933,95.16,3.332,52.484,,,,,1
2026-10-10T04:00Z,2026-10-11T04:00Z,a4t:108t,24,8.5,8.9,5.5,5.9,13.6,h,8.9,13.6,9,13.7,0,0.001,1047.058,7.45,0.023,18,17.3,0.069,11,284,27.996,71.982,5.662,75.067,,,,,1
2026-10-10T04:00Z,2026-10-12T04:00Z,a4t:108t,48,14,14.4,13,13.5,15.4,h,14.4,15.4,14.4,15.4,0,0.001,1045.635,5.038,0,18,17.3,0.069,11,285,28.594,64.618,3.834,61.772,,,,,1
2026-10-10T04:00Z,2026-10-10T05:00Z,a4t:118t,1,9.65,10.5,10,10.9,11.5,h,10.5,11.5,10.5,11.5,0,0.006,1079.866,3.582,0,12,11.5,0.083,12,283,29.826,71.413,2.839,54.839,1.5,323,30.5,69,1
2026-10-10T04:00Z,2026-10-10T07:00Z,a4t:118t,3,5.75,6.3,10,10.9,11.4,h,6.3,11.4,6.3,11.4,0,0.004,676.005,2.905,1.082,12,11.5,0.083,14,283,28.095,81.192,2.206,53.677,1.5,323,30.5,69,1
2026-10-10T04:00Z,2026-10-10T10:00Z,a4t:118t,6,3.65,4,9.2,10.1,11.2,h,4,11.2,4,11.2,0,0.002,485.786,2.641,0.121,12,11.5,0.083,17,283,27.278,84.518,1.98,65.994,1.5,323,30.5,69,1
2026-10-10T04:00Z,2026-10-10T16:00Z,a4t:118t,12,3.8499999999999996,4.2,7.5,8.2,10.6,h,4.2,10.6,4.2,10.6,0,0.001,73.804,0.537,0.643,12,11.5,0.083,23,283,24.498,95.563,0.318,96.981,1.5,323,30.5,69,1
2026-10-10T04:00Z,2026-10-11T04:00Z,a4t:118t,24,2.6,2.8,3.9,4.3,9.2,h,2.8,9.2,2.9,9.2,0,0,727.476,3.373,0.169,12,11.5,0.083,11,284,28.468,78.394,2.647,101.678,1.5,323,30.5,69,1
2026-10-10T04:00Z,2026-10-12T04:00Z,a4t:118t,48,2,2.1,3,3.1,7.3,h,2.1,7.3,2.1,7.3,0,0,498.971,4.555,2.616,12,11.5,0.083,11,285,26.408,88.234,3.418,103.404,1.5,323,30.5,69,1
2026-10-10T04:00Z,2026-10-10T05:00Z,a4t:93t,1,4.6,11.8,4.8,13,17.2,h,11.8,17.2,11.8,17.2,0,0,925.564,0.478,1.365,15,17.3,0.879,12,283,29.837,72.855,0.45,248.273,,,,,1
2026-10-10T04:00Z,2026-10-10T07:00Z,a4t:93t,3,4.4,10.9,4.7,12.5,17.1,h,10.9,17.1,10.9,17.1,0,0,339.967,2.469,2.601,15,17.3,0.879,14,283,27.214,89.352,1.866,179.681,,,,,1
2026-10-10T04:00Z,2026-10-10T10:00Z,a4t:93t,6,3.7,8.9,4.5,11.8,16.8,h,8.9,16.8,9,16.8,0,0,195.928,0.883,0.953,15,17.3,0.879,17,283,26.779,90.309,0.591,250.428,,,,,1
2026-10-10T04:00Z,2026-10-10T16:00Z,a4t:93t,12,4.55,9.7,4.5,11.4,15.9,h,9.7,15.9,9.7,16,0,0,112.565,1.033,0.135,15,17.3,0.879,23,283,24.733,95.096,0.459,310.107,,,,,1
2026-10-10T04:00Z,2026-10-11T04:00Z,a4t:93t,24,2.25,4.4,3.4,7.8,14.3,h,4.4,14.3,4.5,14.3,0,0,630.449,0.9,0.2,15,17.3,0.879,11,284,29.22,74.407,0.787,173.384,,,,,1
2026-10-10T04:00Z,2026-10-12T04:00Z,a4t:93t,48,2.4,3.6,2,3.5,10.4,h,3.6,10.4,3.6,10.4,0,0,669.028,1.332,0.134,15,17.3,0.879,11,285,28.928,76.933,1.042,88.528,,,,,1
2026-10-10T04:00Z,2026-10-10T05:00Z,a4t:87t,1,1.15,19.3,3.9,52,18.7,h,19.3,18.7,19.3,18.7,0,0,712.409,2.897,0.156,26,18.7,2.392,12,283,29.039,73.796,2.317,65.887,,,,,1
2026-10-10T04:00Z,2026-10-10T07:00Z,a4t:87t,3,1.9,24,3.6,48.2,18.7,h,24,18.7,24,18.7,0,0.002,318.755,2.103,1.025,26,18.7,2.392,14,283,27.135,84.338,1.839,110.752,,,,,1
2026-10-10T04:00Z,2026-10-10T10:00Z,a4t:87t,6,2.25,23.6,3.1,42.3,18.8,h,23.6,18.8,23.8,18.8,0,0.023,285.676,1.994,0.675,26,18.7,2.392,17,283,26.516,86.788,1.839,138.95,,,,,1
2026-10-10T04:00Z,2026-10-10T16:00Z,a4t:87t,12,1.7,15.1,2,26.9,19.1,h,15.1,19.1,15.2,19.1,0,0.019,232.465,2.887,0.107,26,18.7,2.392,23,283,25.217,91.595,1.934,64.877,,,,,1
2026-10-10T04:00Z,2026-10-11T04:00Z,a4t:87t,24,1.85,10.5,1.5,15,17.5,h,10.5,17.5,10.7,17.5,0,0,614.409,3.135,0.025,26,18.7,2.392,11,284,27.798,78.73,2.485,53.41,,,,,1
2026-10-10T04:00Z,2026-10-12T04:00Z,a4t:87t,48,2.3,6.7,2.2,8.6,13.6,h,6.7,13.6,6.7,13.6,0,0,774.711,2.855,0.08,26,18.7,2.392,11,285,28.46,77.83,2.263,92.173,,,,,1
2026-10-10T04:00Z,2026-10-10T05:00Z,a4t:105t,1,9.100000000000001,14.3,9.9,15.9,15.7,h,14.3,15.7,14.3,15.7,0,0,1012.957,3.204,0.141,20,15.7,0.44,12,283,30.62,67.165,2.463,68.418,0.8,280,31.8,69,1
2026-10-10T04:00Z,2026-10-10T07:00Z,a4t:105t,3,7.75,12,10,16,15.7,h,12,15.7,12,15.7,0,0,560.823,1.142,0.619,20,15.7,0.44,14,283,28.518,81.671,0.772,57.086,0.8,280,31.8,69,1
2026-10-10T04:00Z,2026-10-10T10:00Z,a4t:105t,6,6.4,9.7,10,15.9,15.6,h,9.7,15.6,9.8,15.6,0,0,240.1,2.773,3.392,20,15.7,0.44,17,283,26.024,93.99,1.448,103.43,0.8,280,31.8,69,1
2026-10-10T04:00Z,2026-10-10T16:00Z,a4t:105t,12,5.15,7.5,9.2,14.4,15.2,h,7.5,15.2,7.5,15.2,0,0,262.681,3.058,0.896,20,15.7,0.44,23,283,24.646,97.906,1.766,54.99,0.8,280,31.8,69,1
2026-10-10T04:00Z,2026-10-11T04:00Z,a4t:105t,24,1.9,2.7,4.6,7,12.9,h,2.7,12.9,2.8,12.9,0,0,1030.907,4.715,0.151,20,15.7,0.44,11,284,29.598,72.899,3.494,91.689,0.8,280,31.8,69,1
2026-10-10T04:00Z,2026-10-12T04:00Z,a4t:105t,48,9.4,11.1,5.2,6.5,11.1,h,11.1,11.1,11.1,11.1,0,0,1203.077,3.405,0.034,20,15.7,0.44,11,285,30.803,65.822,2.564,81.884,0.8,280,31.8,69,1
2026-10-10T04:00Z,2026-10-10T05:00Z,a4t:81t,1,20.049999999999997,22.2,21.9,24.4,19.8,h,22.2,19.8,22.2,19.8,0,0.022,1120.406,3.074,0.183,23,19.8,0.104,12,283,30.437,68.846,2.422,37.247,,,,,1
2026-10-10T04:00Z,2026-10-10T07:00Z,a4t:81t,3,21.4,23.6,22.5,25,19.8,h,23.6,19.8,23.6,19.8,0,0.01,439.701,3.281,2.304,23,19.8,0.104,14,283,27.509,86.4,2.372,310.9,,,,,1
2026-10-10T04:00Z,2026-10-10T10:00Z,a4t:81t,6,19.200000000000003,21.1,23.3,25.9,20.1,h,21.1,20.1,21.3,20.1,0,0.004,405.219,1.056,0.766,23,19.8,0.104,17,283,27.156,87.902,0.75,13.359,,,,,1
2026-10-10T04:00Z,2026-10-10T16:00Z,a4t:81t,12,8.8,9.6,22.3,24.7,20.4,h,9.6,20.4,9.6,20.4,0,0,292.775,3.26,2.774,23,19.8,0.104,23,283,24.621,96.303,1.781,50.155,,,,,1
2026-10-10T04:00Z,2026-10-11T04:00Z,a4t:81t,24,7.65,8.2,13,14.2,18,h,8.2,18,8.3,18,0,0,322.96,2.43,2.861,23,19.8,0.104,11,284,26.225,87.983,1.777,86.557,,,,,1
2026-10-10T04:00Z,2026-10-12T04:00Z,a4t:81t,48,8.15,8.5,8.8,9.3,14.6,h,8.5,14.6,8.5,14.6,0,0,947.857,3.078,0.066,23,19.8,0.104,11,285,29.415,73.98,2.47,42.042,,,,,1
2026-10-10T04:00Z,2026-10-10T05:00Z,a4t:88t,1,0.8500000000000001,2,14,23.4,15.4,h,2,15.4,2,15.4,0,0,960.026,5.021,0.37,4,15.5,0.487,12,283,27.423,77.612,3.624,51.172,,,,,1
2026-10-10T04:00Z,2026-10-10T07:00Z,a4t:88t,3,1.1,2.3,12.9,21.6,15.2,h,2.3,15.2,2.3,15.2,0,0,503.568,4.182,2.421,4,15.5,0.487,14,283,25.599,90.582,2.622,67.947,,,,,1
2026-10-10T04:00Z,2026-10-10T10:00Z,a4t:88t,6,1.4,2.7,10.9,18.3,14.7,h,2.7,14.7,2.7,14.7,0,0,607.283,6.073,0.351,4,15.5,0.487,17,283,24.896,89.266,3.529,41.487,,,,,1
2026-10-10T04:00Z,2026-10-10T16:00Z,a4t:88t,12,3.45,5.5,5.6,9.5,13.2,h,5.5,13.2,5.5,13.2,0,0,437.823,5.33,0,4,15.5,0.487,23,283,23.406,87.807,2.709,48.314,,,,,1
2026-10-10T04:00Z,2026-10-11T04:00Z,a4t:88t,24,20.75,28,6.2,9,13.4,h,28,13.4,28.4,13.5,0,0.002,1123.652,5.29,0,4,15.5,0.487,11,284,28.641,61.284,3.764,51.571,,,,,1
2026-10-10T04:00Z,2026-10-12T04:00Z,a4t:88t,48,18.3,22,21.6,27.3,21.4,h,22,21.4,22,21.4,0,0.004,984.767,4.118,0,4,15.5,0.487,11,285,29.165,60.782,3.026,41.779,,,,,1
2026-10-10T04:00Z,2026-10-10T05:00Z,a4t:47t,1,8.95,20.9,11.7,28.3,24.3,h,20.9,24.3,20.9,24.3,0,0,996.959,5.552,0.063,22,24.3,0.838,12,283,29.275,72.913,4.208,77.827,,,,,1
2026-10-10T04:00Z,2026-10-10T07:00Z,a4t:47t,3,7.45,17,11.6,27.9,24.3,h,17,24.3,17,24.3,0,0,1113.01,5.422,0.135,22,24.3,0.838,14,283,29.419,72.115,4.21,79.202,,,,,1
2026-10-10T04:00Z,2026-10-10T10:00Z,a4t:47t,6,4.9,11,11.1,26.5,24.3,h,11,24.3,11.1,24.3,0,0,359.732,3.693,1.568,22,24.3,0.838,17,283,25.63,90.073,2.625,73.162,,,,,1
2026-10-10T04:00Z,2026-10-10T16:00Z,a4t:47t,12,3.3,7,8.6,20.3,23.3,h,7,23.3,7,23.3,0,0,248.673,3.045,1.601,22,24.3,0.838,23,283,23.515,97.047,1.791,47.833,,,,,1
2026-10-10T04:00Z,2026-10-11T04:00Z,a4t:47t,24,4.3,7.6,4.2,9,19.4,h,7.6,19.4,7.7,19.4,0,0.004,844.894,5.207,0.101,22,24.3,0.838,11,284,27.972,76.967,4.036,76.149,,,,,1
2026-10-10T04:00Z,2026-10-12T04:00Z,a4t:47t,48,15.2,20.8,7.5,11.2,17.8,h,20.8,17.8,20.8,17.8,0,0.001,980.421,3.923,0,22,24.3,0.838,11,285,28.765,69.057,3.039,72.644,,,,,1
2026-10-10T04:00Z,2026-10-10T05:00Z,a4t:89t,1,5.15,17.3,3.8,14.1,17.2,h,17.3,17.2,17.3,17.2,0,0,1259.877,1.463,0.264,15,17.2,1.16,12,283,31.733,66.377,1.062,11.573,,,,,1
2026-10-10T04:00Z,2026-10-10T07:00Z,a4t:89t,3,4.45,14.5,3.7,13.6,17.1,h,14.5,17.1,14.5,17.1,0,0,536.458,3.184,3.537,15,17.2,1.16,14,283,28.129,83.676,2.315,128.94,,,,,1
2026-10-10T04:00Z,2026-10-10T10:00Z,a4t:89t,6,3.6,11.3,3.6,13,16.9,h,11.3,16.9,11.4,16.9,0,0,327.253,0.782,0.889,15,17.2,1.16,17,283,27.532,84.452,0.67,32.968,,,,,1
2026-10-10T04:00Z,2026-10-10T16:00Z,a4t:89t,12,2.9,8.3,3.7,12.7,16.2,h,8.3,16.2,8.3,16.2,0,0,90.914,1.608,0.052,15,17.2,1.16,23,283,25.15,97.196,0.832,271.535,,,,,1
2026-10-10T04:00Z,2026-10-11T04:00Z,a4t:89t,24,2.3,5.5,2.9,8.7,14.5,h,5.5,14.5,5.6,14.5,0,0,726.116,1.252,0.07,15,17.2,1.16,11,284,29.942,72.892,1.007,126.877,,,,,1
2026-10-10T04:00Z,2026-10-12T04:00Z,a4t:89t,48,2,3.5,1.8,3.7,10.5,h,3.5,10.5,3.5,10.5,0,0,673.067,1.768,0.196,15,17.2,1.16,11,285,28.974,78.338,1.464,86.156,,,,,1
2026-10-10T04:00Z,2026-10-10T05:00Z,a4t:13t,1,22.6,13.2,32.1,18.6,14.8,h,13.2,14.8,13.2,14.8,0,0.002,1016.996,2.974,0.185,18,14.8,-0.527,12,283,30.479,68.743,2.35,44.339,,,,,1
2026-10-10T04:00Z,2026-10-10T07:00Z,a4t:13t,3,23.3,14,32.7,18.9,14.8,h,14,14.8,14,14.8,0,0.001,424.508,2.21,1.45,18,14.8,-0.527,14,283,27.885,84.798,1.621,311.216,,,,,1
2026-10-10T04:00Z,2026-10-10T10:00Z,a4t:13t,6,23.65,14.6,33.5,19.5,14.8,h,14.6,14.8,14.7,14.8,0,0.001,298.408,1.426,2.229,18,14.8,-0.527,17,283,26.531,91.264,0.742,79.8,,,,,1
2026-10-10T04:00Z,2026-10-10T16:00Z,a4t:13t,12,15.899999999999999,10.3,32.4,19.3,15.1,h,10.3,15.1,10.3,15.1,0,0,262.171,3.178,1.751,18,14.8,-0.527,23,283,24.679,97.424,1.794,52.162,,,,,1
2026-10-10T04:00Z,2026-10-11T04:00Z,a4t:13t,24,9,6.3,17.9,11.5,13.7,h,6.3,13.7,6.4,13.8,0,0,689.999,3.74,1.514,18,14.8,-0.527,11,284,28.082,79.571,2.74,90.571,,,,,1
2026-10-10T04:00Z,2026-10-12T04:00Z,a4t:13t,48,13.9,11.3,14.4,11.1,13,h,11.3,13,11.3,13,0,0,1048.778,3.316,0.051,18,14.8,-0.527,11,285,30.246,69.482,2.543,63.363,,,,,1
2026-10-10T04:00Z,2026-10-10T05:00Z,a4t:22t,1,22.6,17.6,32.1,24.8,21.9,h,17.6,21.9,17.6,21.9,0,0.002,1010.681,2.91,0.191,26,21.9,-0.252,12,283,30.485,68.493,2.297,44.823,,,,,1
2026-10-10T04:00Z,2026-10-10T07:00Z,a4t:22t,3,23.3,18.4,32.7,25.2,21.8,h,18.4,21.8,18.4,21.8,0,0.001,380.495,2.402,1.524,26,21.9,-0.252,14,283,27.723,85.726,1.786,306.993,,,,,1
2026-10-10T04:00Z,2026-10-10T10:00Z,a4t:22t,6,23.65,18.9,33.5,25.9,21.8,h,18.9,21.8,19.1,21.8,0,0.001,294.648,1.4,2.264,26,21.9,-0.252,17,283,26.533,91.473,0.699,81.942,,,,,1
2026-10-10T04:00Z,2026-10-10T16:00Z,a4t:22t,12,15.899999999999999,13,32.4,25.4,22,h,13,22,13.1,22,0,0,264.045,3.248,1.731,26,21.9,-0.252,23,283,24.704,97.502,1.844,54.244,,,,,1
2026-10-10T04:00Z,2026-10-11T04:00Z,a4t:22t,24,9,7.6,17.9,14.6,19.6,h,7.6,19.6,7.7,19.6,0,0,703.673,3.981,1.564,26,21.9,-0.252,11,284,28.154,79.25,2.915,90.972,,,,,1
2026-10-10T04:00Z,2026-10-12T04:00Z,a4t:22t,48,13.9,12.6,14.4,12.8,17.3,h,12.6,17.3,12.6,17.3,0,0,1067.644,3.291,0.032,26,21.9,-0.252,11,285,30.314,68.959,2.518,63.641,,,,,1
2026-10-10T04:00Z,2026-10-10T05:00Z,a4t:62t,1,20.15,26.4,15.5,20.8,28.4,h,26.4,28.4,26.4,28.4,0,0.001,641.723,0.915,0.801,26,28.4,0.275,12,283,29.127,78.698,0.764,295.127,,,,,1
2026-10-10T04:00Z,2026-10-10T07:00Z,a4t:62t,3,16.75,21.7,15.5,20.7,28.2,h,21.7,28.2,21.7,28.2,0,0,498.609,1.213,0.132,26,28.4,0.275,14,283,29.06,77.982,1.169,23.045,,,,,1
2026-10-10T04:00Z,2026-10-10T10:00Z,a4t:62t,6,10.149999999999999,13.1,15.2,20.2,27.7,h,13.1,27.7,13.2,27.7,0,0,335.297,1.635,0.404,26,28.4,0.275,17,283,26.857,87.665,1.115,214.699,,,,,1
2026-10-10T04:00Z,2026-10-10T16:00Z,a4t:62t,12,5.7,7.2,13.5,17.8,25.9,h,7.2,25.9,7.2,25.9,0,0,220.63,2.546,0.575,26,28.4,0.275,23,283,25.574,91.819,2.105,180.644,,,,,1
2026-10-10T04:00Z,2026-10-11T04:00Z,a4t:62t,24,6.85,8.2,8,10.2,22.6,h,8.2,22.6,8.3,22.6,0,0,642.084,0.575,0.067,26,28.4,0.275,11,284,29.207,75.005,0.578,109.392,,,,,1
2026-10-10T04:00Z,2026-10-12T04:00Z,a4t:62t,48,4.5,5.1,7.8,9,18.7,h,5.1,18.7,5.1,18.7,0,0,623.047,0.956,0.161,26,28.4,0.275,11,285,28.438,79.292,0.921,53.335,,,,,1
2026-10-10T04:00Z,2026-10-10T05:00Z,a4t:67t,1,10.75,16.8,8.2,13.2,20.8,h,16.8,20.8,16.8,20.8,0,0.023,518.763,2.085,1.175,15,20.8,0.443,12,283,27.795,74.948,1.727,186.373,,,,,1
2026-10-10T04:00Z,2026-10-10T07:00Z,a4t:67t,3,14.05,21.4,9.1,14.6,20.8,h,21.4,20.8,21.4,20.8,0,0.016,344.855,0.122,1.155,15,20.8,0.443,14,283,26.591,85.32,0.102,224.077,,,,,1
2026-10-10T04:00Z,2026-10-10T10:00Z,a4t:67t,6,14.9,22.1,10.7,16.9,20.8,h,22.1,20.8,22.3,20.8,0,0.004,145.213,1.436,0.634,15,20.8,0.443,17,283,25.878,90.887,1.022,51.116,,,,,1
2026-10-10T04:00Z,2026-10-10T16:00Z,a4t:67t,12,17.700000000000003,25,13.1,20,20.8,h,25,20.8,25.1,20.8,0,0.003,94.621,2.413,0,15,20.8,0.443,23,283,24.425,98.06,0.959,350.062,,,,,1
2026-10-10T04:00Z,2026-10-11T04:00Z,a4t:67t,24,6.45,8.6,13.9,19.9,20.6,h,8.6,20.6,8.7,20.6,0,0.002,806.27,0.452,0.084,15,20.8,0.443,11,284,28.194,77.643,0.324,14.685,,,,,1
2026-10-10T04:00Z,2026-10-12T04:00Z,a4t:67t,48,9.2,10.9,8.3,10.4,17.1,h,10.9,17.1,10.9,17.1,0,0.001,642.98,0.922,0.109,15,20.8,0.443,11,285,28.854,73.545,0.809,190.808,,,,,1
2026-10-10T04:00Z,2026-10-10T05:00Z,a4t:106t,1,13.25,6.1,20.4,9.2,10.6,h,6.1,10.6,6.1,10.6,0,0,589.45,2.948,0.272,6,10.6,-0.744,12,283,24.626,82.79,2.122,43.146,3.1,113,30.6,65,1
2026-10-10T04:00Z,2026-10-10T07:00Z,a4t:106t,3,9,4.1,19.8,9,10.6,h,4.1,10.6,4.1,10.6,0,0,585.999,3.159,0.363,6,10.6,-0.744,14,283,24.916,82.048,2.354,48.592,3.1,113,30.6,65,1
2026-10-10T04:00Z,2026-10-10T10:00Z,a4t:106t,6,6.85,3.2,18.7,8.5,10.7,h,3.2,10.7,3.2,10.7,0,0,327.359,2.912,0,6,10.6,-0.744,17,283,24.319,85.312,1.851,55.594,3.1,113,30.6,65,1
2026-10-10T04:00Z,2026-10-10T16:00Z,a4t:106t,12,6.1,3.1,14.9,6.8,10.5,h,3.1,10.5,3.1,10.5,0,0,135.258,2.607,0,6,10.6,-0.744,23,283,22.228,90.336,1.149,64.505,3.1,113,30.6,65,1
2026-10-10T04:00Z,2026-10-11T04:00Z,a4t:106t,24,12.9,8,7.6,3.9,8.9,h,8,8.9,8.1,8.9,0,0.002,1023.174,1.553,0.012,6,10.6,-0.744,11,284,27.163,61.125,1.173,61.285,3.1,113,30.6,65,1
2026-10-10T04:00Z,2026-10-12T04:00Z,a4t:106t,48,26.1,19.8,21.5,15.2,12.2,h,19.8,12.2,19.8,12.2,0,0.005,878.232,0.37,0,6,10.6,-0.744,11,285,27.454,61.392,0.212,69.263,3.1,113,30.6,65,1
2026-10-10T04:00Z,2026-10-10T05:00Z,a4t:101t,1,3.5,8.2,6.3,14.5,23.7,h,8.2,23.7,8.2,23.7,0,0,1047.99,3.924,0.1,9,23.7,0.759,12,283,29.256,76.344,3.161,81.302,2.6,55,27.7,79,1
2026-10-10T04:00Z,2026-10-10T07:00Z,a4t:101t,3,4.05,9,6,13.8,23.6,h,9,23.6,9,23.6,0,0,855.264,3.967,0.209,9,23.7,0.759,14,283,29.205,76.35,3.188,83.666,2.6,55,27.7,79,1
2026-10-10T04:00Z,2026-10-10T10:00Z,a4t:101t,6,3.8499999999999996,8.2,5.6,12.9,23.4,h,8.2,23.4,8.3,23.4,0,0,344.98,4.774,4.39,9,23.7,0.759,17,283,25.434,91.788,3.263,102.268,2.6,55,27.7,79,1
2026-10-10T04:00Z,2026-10-10T16:00Z,a4t:101t,12,3.55,7,5,11.2,21.8,h,7,21.8,7,21.8,0,0,181.425,2.7,0.184,9,23.7,0.759,23,283,23.946,96.768,1.129,17.477,2.6,55,27.7,79,1
2026-10-10T04:00Z,2026-10-11T04:00Z,a4t:101t,24,3.5,6,3.4,6.9,18.3,h,6,18.3,6.1,18.3,0,0,821.166,4.896,0.09,9,23.7,0.759,11,284,28.346,77.345,3.815,71.12,2.6,55,27.7,79,1
2026-10-10T04:00Z,2026-10-12T04:00Z,a4t:101t,48,14.1,18.7,7.6,10.8,17.3,h,18.7,17.3,18.7,17.3,0,0.001,778.413,4.568,0,9,23.7,0.759,11,285,28.473,74.442,3.551,67.005,2.6,55,27.7,79,1
2026-10-10T04:00Z,2026-10-10T05:00Z,a4t:20t,1,13,20.7,15.7,25.7,23.6,h,20.7,23.6,20.7,23.6,0,0.001,984.683,2.831,0.201,27,23.6,0.469,12,283,30.478,68.194,2.231,46.943,,,,,1
2026-10-10T04:00Z,2026-10-10T07:00Z,a4t:20t,3,10.8,17,16,26,23.6,h,17,23.6,17,23.6,0,0.001,335.311,2.404,1.487,27,23.6,0.469,14,283,27.605,86.433,1.807,305.476,,,,,1
2026-10-10T04:00Z,2026-10-10T10:00Z,a4t:20t,6,9.25,14.2,16.2,26.2,23.5,h,14.2,23.5,14.3,23.5,0,0,276.523,1.548,2.538,27,23.6,0.469,17,283,26.466,92.056,0.736,85.605,,,,,1
2026-10-10T04:00Z,2026-10-10T16:00Z,a4t:20t,12,10.2,14.9,15.4,24.5,23.2,h,14.9,23.2,15,23.2,0,0,268.127,3.359,1.537,27,23.6,0.469,23,283,24.746,97.695,1.918,56.235,,,,,1
2026-10-10T04:00Z,2026-10-11T04:00Z,a4t:20t,24,3.1500000000000004,4.5,8.8,13.1,20.2,h,4.5,20.2,4.6,20.3,0,0,779.294,4.514,1.395,27,23.6,0.469,11,284,28.499,77.661,3.306,91.131,,,,,1
2026-10-10T04:00Z,2026-10-12T04:00Z,a4t:20t,48,9.8,11.7,10,12.4,18,h,11.7,18,11.7,18,0,0,1110.915,3.336,0.003,27,23.6,0.469,11,285,30.499,67.674,2.533,66.416,,,,,1
2026-10-10T04:00Z,2026-10-10T05:00Z,a4t:103t,1,6.15,18.9,12.2,38.2,18.5,h,18.9,18.5,18.9,18.5,0,0.001,810.16,4.475,0.177,28,18.6,1.092,12,283,29.031,77.667,3.94,22.835,3.4,23,31.7,62,1
2026-10-10T04:00Z,2026-10-10T07:00Z,a4t:103t,3,7,20.4,12,37.5,18.5,h,20.4,18.5,20.4,18.5,0,0,983.433,4.006,0.005,28,18.6,1.092,14,283,29.734,72.384,3.544,39.076,3.4,23,31.7,62,1
2026-10-10T04:00Z,2026-10-10T10:00Z,a4t:103t,6,6.85,18.8,11.3,34.8,18.5,h,18.8,18.5,19,18.5,0,0,429.637,4.237,1.453,28,18.6,1.092,17,283,27.579,81.518,3.541,14.947,3.4,23,31.7,62,1
2026-10-10T04:00Z,2026-10-10T16:00Z,a4t:103t,12,2.8499999999999996,7.7,8,24.3,18.6,h,7.7,18.6,7.7,18.6,0,0,340.875,4.92,2.202,28,18.6,1.092,23,283,24.814,93.067,3.557,347.354,3.4,23,31.7,62,1
2026-10-10T04:00Z,2026-10-11T04:00Z,a4t:103t,24,1.9,4.5,3.8,10.5,16,h,4.5,16,4.6,16,0,0,350.574,0.848,0.557,28,18.6,1.092,11,284,25.975,88.586,0.675,332.245,3.4,23,31.7,62,1
2026-10-10T04:00Z,2026-10-12T04:00Z,a4t:103t,48,2.5,4.1,2.5,4.7,11.7,h,4.1,11.7,4.1,11.7,0,0,659.756,4.005,0.426,28,18.6,1.092,11,285,28.245,80.405,3.521,44.131,3.4,23,31.7,62,1
2026-10-10T04:00Z,2026-10-10T05:00Z,a4t:77t,1,7.5,12.4,8.4,14.2,22.2,h,12.4,22.2,12.4,22.2,0,0,1239.562,2.773,0.083,3,22.2,0.483,12,283,31.251,64.534,2.095,94.593,,,,,1
2026-10-10T04:00Z,2026-10-10T07:00Z,a4t:77t,3,6.35,10.4,8.4,14.1,22.2,h,10.4,22.2,10.4,22.2,0,0,507.254,2.224,1.127,3,22.2,0.483,14,283,28.221,84.938,1.488,105.77,,,,,1
2026-10-10T04:00Z,2026-10-10T10:00Z,a4t:77t,6,5.4,8.6,8.3,13.8,22,h,8.6,22,8.7,22,0,0,243.706,3.482,3.16,3,22.2,0.483,17,283,25.924,95.295,2.016,128.131,,,,,1
2026-10-10T04:00Z,2026-10-10T16:00Z,a4t:77t,12,5.35,8.1,7.1,11.7,20.8,h,8.1,20.8,8.1,20.8,0,0,131.679,1.15,1.229,3,22.2,0.483,23,283,24.428,98.85,0.523,50.681,,,,,1
2026-10-10T04:00Z,2026-10-11T04:00Z,a4t:77t,24,1.6,2.4,4.5,7.1,17.4,h,2.4,17.4,2.4,17.4,0,0,970.672,3,0.261,3,22.2,0.483,11,284,29.473,74.86,2.236,98.878,,,,,1
2026-10-10T04:00Z,2026-10-12T04:00Z,a4t:77t,48,8.2,9.9,4.3,5.6,13.9,h,9.9,13.9,9.9,13.9,0,0,1206.968,2.057,0.118,3,22.2,0.483,11,285,30.901,67.07,1.571,97.573,,,,,1
2026-10-10T04:00Z,2026-10-10T05:00Z,a4t:121t,1,4.800000000000001,10,11.1,22.9,27.7,h,10,27.7,10,27.7,0,0,288.192,1.841,0.607,25,27.8,0.685,12,283,27.758,82.873,1.871,325.699,1.2,233,30.6,73,1
2026-10-10T04:00Z,2026-10-10T07:00Z,a4t:121t,3,3.9,8.1,10.1,20.9,27.5,h,8.1,27.5,8.1,27.5,0,0,312.839,1.541,0.107,25,27.8,0.685,14,283,28.035,82.396,1.529,318.261,1.2,233,30.6,73,1
2026-10-10T04:00Z,2026-10-10T10:00Z,a4t:121t,6,4.2,8.3,8.8,18.3,26.8,h,8.3,26.8,8.4,26.8,0,0,421.124,2.222,0.26,25,27.8,0.685,17,283,27.689,82.049,2.17,187.865,1.2,233,30.6,73,1
2026-10-10T04:00Z,2026-10-10T16:00Z,a4t:121t,12,2.25,4.4,6.8,13.9,24.5,h,4.4,24.5,4.4,24.5,0,0,388.172,2.676,0.257,25,27.8,0.685,23,283,27.222,84.526,2.695,187.198,1.2,233,30.6,73,1
2026-10-10T04:00Z,2026-10-11T04:00Z,a4t:121t,24,4.5,7.2,3,5.8,20.7,h,7.2,20.7,7.3,20.8,0,0,552.828,0.738,0.019,25,27.8,0.685,11,284,28.373,76.682,0.58,245.299,1.2,233,30.6,73,1
2026-10-10T04:00Z,2026-10-12T04:00Z,a4t:121t,48,1.9,2.7,2.5,3.8,15.8,h,2.7,15.8,2.7,15.8,0,0,412.338,1.736,0.106,25,27.8,0.685,11,285,27.177,82.48,1.76,59.39,1.2,233,30.6,73,1
2026-10-10T04:00Z,2026-10-10T05:00Z,a4t:21t,1,16.200000000000003,24.6,18.9,29.3,25.1,h,24.6,25.1,24.6,25.1,0,0.003,1048.199,3.435,0.211,45,25,0.424,12,283,30.476,68.1,2.679,48.664,,,,,1
2026-10-10T04:00Z,2026-10-10T07:00Z,a4t:21t,3,16,23.9,19.3,29.9,25.1,h,23.9,25.1,23.9,25.1,0,0.002,534.784,2.002,1.404,45,25,0.424,14,283,28.206,82.211,1.434,2.42,,,,,1
2026-10-10T04:00Z,2026-10-10T10:00Z,a4t:21t,6,14.45,21.1,20,30.7,24.8,h,21.1,24.8,21.3,24.8,0,0.001,315.034,2.034,2.247,45,25,0.424,17,283,26.622,90.303,1.192,69.625,,,,,1
2026-10-10T04:00Z,2026-10-10T16:00Z,a4t:21t,12,12.9,18.1,19.3,29.2,24.6,h,18.1,24.6,18.2,24.7,0,0,300.709,3.69,1.341,45,25,0.424,23,283,24.797,96.654,2.068,56.23,,,,,1
2026-10-10T04:00Z,2026-10-11T04:00Z,a4t:21t,24,4.699999999999999,6.3,12,17,22.4,h,6.3,22.4,6.4,22.5,0,0,798.899,4.836,1.088,45,25,0.424,11,284,28.379,77.762,3.605,85.448,,,,,1
2026-10-10T04:00Z,2026-10-12T04:00Z,a4t:21t,48,10.25,12.1,7.5,9.3,17.2,h,12.1,17.2,12.1,17.2,0,0,1100.313,3.768,0.031,45,25,0.424,11,285,30.208,68.954,2.881,64.826,,,,,1
2026-10-10T04:00Z,2026-10-10T05:00Z,a4t:70t,1,11.3,22.5,6.3,13.5,15.9,h,22.5,15.9,22.5,15.9,0,0.022,1197.646,3.497,0.521,16,15.9,0.689,12,283,29.346,62.217,2.6,12.049,,,,,1
2026-10-10T04:00Z,2026-10-10T07:00Z,a4t:70t,3,12.1,23.4,7.2,15,16,h,23.4,16,23.4,16,0,0.024,1154.567,4.04,0.819,16,15.9,0.689,14,283,29.024,64.555,3.037,29.294,,,,,1
2026-10-10T04:00Z,2026-10-10T10:00Z,a4t:70t,6,14.350000000000001,26.5,8.6,17.5,16.2,h,26.5,16.2,26.7,16.2,0,0.007,228.646,0.752,0.692,16,15.9,0.689,17,283,25.145,89.334,0.493,86.288,,,,,1
2026-10-10T04:00Z,2026-10-10T16:00Z,a4t:70t,12,15.350000000000001,26.4,10.5,20.4,16.9,h,26.4,16.9,26.5,16.9,0,0.004,50.592,1.042,1.151,16,15.9,0.689,23,283,23.842,97.371,0.539,19.824,,,,,1
2026-10-10T04:00Z,2026-10-11T04:00Z,a4t:70t,24,4.8,7.7,11.8,20.6,17.1,h,7.7,17.1,7.8,17.2,0,0.001,695.458,2.645,0.066,16,15.9,0.689,11,284,26.227,82.199,2.039,1.554,,,,,1
2026-10-10T04:00Z,2026-10-12T04:00Z,a4t:70t,48,10.85,14.1,10.7,14.8,15.5,h,14.1,15.5,14.1,15.5,0,0,644.857,1.6,0.323,16,15.9,0.689,11,285,27.593,74.598,1.243,27.648,,,,,1
2026-10-10T04:00Z,2026-10-10T05:00Z,a4t:120t,1,3.25,8.5,4.2,11.2,16.9,h,8.5,16.9,8.5,16.9,0,0,935.316,0.474,1.945,15,17,0.851,12,283,29.803,74.01,0.386,317.381,0.9,66,30.6,72,1
2026-10-10T04:00Z,2026-10-10T07:00Z,a4t:120t,3,3.75,9.2,4,10.5,16.8,h,9.2,16.8,9.2,16.8,0,0,269.357,3.315,4.022,15,17,0.851,14,283,26.148,96.554,2.341,151.633,0.9,66,30.6,72,1
2026-10-10T04:00Z,2026-10-10T10:00Z,a4t:120t,6,3.75,8.8,3.7,9.9,16.5,h,8.8,16.5,8.9,16.5,0,0,150.918,0.245,1.434,15,17,0.851,17,283,25.709,95.662,0.115,279.691,0.9,66,30.6,72,1
2026-10-10T04:00Z,2026-10-10T16:00Z,a4t:120t,12,3.05,6.6,3.5,8.9,15.5,h,6.6,15.5,6.6,15.5,0,0,110.294,2.102,0.012,15,17,0.851,23,283,24.369,96.855,0.882,283.109,0.9,66,30.6,72,1
2026-10-10T04:00Z,2026-10-11T04:00Z,a4t:120t,24,2.2,4.3,3,6.8,13.7,h,4.3,13.7,4.4,13.7,0,0,620.976,0.872,0.095,15,17,0.851,11,284,29.177,74.141,0.735,176.55,0.9,66,30.6,72,1
2026-10-10T04:00Z,2026-10-12T04:00Z,a4t:120t,48,1.7000000000000002,2.6,1.8,3.2,10.1,h,2.6,10.1,2.6,10.1,0,0,709.829,1.279,0.154,15,17,0.851,11,285,28.844,77.491,0.956,87.995,0.9,66,30.6,72,1
2026-10-10T04:00Z,2026-10-10T05:00Z,a4t:95t,1,13.35,11.4,16.7,14.3,15.7,h,11.4,15.7,11.4,15.7,0,0.043,1346.756,3.452,0,18,15.7,-0.151,12,283,31.631,61.084,2.797,45.816,1.6,17,,,1
2026-10-10T04:00Z,2026-10-10T07:00Z,a4t:95t,3,11.6,10,16.7,14.3,15.7,h,10,15.7,10,15.7,0,0.019,1230.859,1.881,0.106,18,15.7,-0.151,14,283,31.232,66.451,1.507,348.112,1.6,17,,,1
2026-10-10T04:00Z,2026-10-10T10:00Z,a4t:95t,6,8.55,7.4,16.5,14.1,15.6,h,7.4,15.6,7.5,15.6,0,0.005,153.933,2.378,4.62,18,15.7,-0.151,17,283,26.036,91.73,1.555,296.483,1.6,17,,,1
2026-10-10T04:00Z,2026-10-10T16:00Z,a4t:95t,12,12.85,11.4,16.1,13.8,15.2,h,11.4,15.2,11.4,15.2,0,0,100.017,2.293,0.007,18,15.7,-0.151,23,283,25.171,97.32,0.913,244.47,1.6,17,,,1
2026-10-10T04:00Z,2026-10-11T04:00Z,a4t:95t,24,8.8,8,11.7,10.3,14,h,8,14,8.1,14,0,0.001,964.039,0.725,0.177,18,15.7,-0.151,11,284,29.28,78.183,0.624,317.479,1.6,17,,,1
2026-10-10T04:00Z,2026-10-12T04:00Z,a4t:95t,48,13.85,13.1,10.6,9.8,12.8,h,13.1,12.8,13.1,12.8,0,0,846.082,0.56,0.068,18,15.7,-0.151,11,285,29.986,76.075,0.404,244.207,1.6,17,,,1
2026-10-10T04:00Z,2026-10-10T05:00Z,a4t:86t,1,13,11.7,15.8,14.1,15.4,h,11.7,15.4,11.7,15.4,0,0.033,569.795,1.855,1.901,14,15.4,-0.105,12,283,30.153,69.668,1.266,25.574,,,,,1
2026-10-10T04:00Z,2026-10-10T07:00Z,a4t:86t,3,11.15,10,16.1,14.4,15.4,h,10,15.4,10,15.4,0,0.011,1329.75,3.576,0.029,14,15.4,-0.105,14,283,32.001,60.385,2.883,22.477,,,,,1
2026-10-10T04:00Z,2026-10-10T10:00Z,a4t:86t,6,8.75,7.9,16.2,14.5,15.3,h,7.9,15.3,8,15.3,0,0.003,551.63,3.436,0.567,14,15.4,-0.105,17,283,28.8,81.185,2.327,5.615,,,,,1
2026-10-10T04:00Z,2026-10-10T16:00Z,a4t:86t,12,15.350000000000001,14.1,15.1,13.6,14.8,h,14.1,14.8,14.2,14.8,0,0.001,94.517,1.945,0,14,15.4,-0.105,23,283,25.959,98.041,0.856,212.401,,,,,1
2026-10-10T04:00Z,2026-10-11T04:00Z,a4t:86t,24,8.75,8.2,12.6,11.6,14.2,h,8.2,14.2,8.3,14.2,0,0.001,1070.937,1.088,0.205,14,15.4,-0.105,11,284,29.883,75.362,0.823,356.894,,,,,1
2026-10-10T04:00Z,2026-10-12T04:00Z,a4t:86t,48,15.9,15.3,11.8,11.2,13.3,h,15.3,13.3,15.3,13.3,0,0.001,767.208,0.439,0.002,14,15.4,-0.105,11,285,30.278,72.466,0.362,292.177,,,,,1
2026-10-10T04:00Z,2026-10-10T05:00Z,a4t:43t,1,6.65,22.6,5,18.8,16.5,h,22.6,16.5,22.6,16.5,0,0,855.405,0.811,0.039,16,16.5,1.199,12,283,29.977,69.534,0.872,302.605,,,32.5,63,1
2026-10-10T04:00Z,2026-10-10T07:00Z,a4t:43t,3,7.1,22.9,4.9,18.2,16.5,h,22.9,16.5,22.9,16.5,0,0,502.623,2.632,0.381,16,16.5,1.199,14,283,28.936,76.525,2.519,259.319,,,32.5,63,1
2026-10-10T04:00Z,2026-10-10T10:00Z,a4t:43t,6,6.1,18.6,4.7,17,16.4,h,18.6,16.4,18.8,16.4,0,0,456.378,2.124,0.104,16,16.5,1.199,17,283,28.856,77.031,1.897,266.234,,,32.5,63,1
2026-10-10T04:00Z,2026-10-10T16:00Z,a4t:43t,12,5.25,14.3,4.7,16.1,16.4,h,14.3,16.4,14.4,16.4,0,0,306.803,1.595,0.49,16,16.5,1.199,23,283,26.308,86.763,1.156,57.925,,,32.5,63,1
2026-10-10T04:00Z,2026-10-11T04:00Z,a4t:43t,24,4.1,9.2,5.4,15,16,h,9.2,16,9.3,16.1,0,0,668.441,1.211,0.208,16,16.5,1.199,11,284,29.135,74.263,1.105,166.944,,,32.5,63,1
2026-10-10T04:00Z,2026-10-12T04:00Z,a4t:43t,48,3,5.1,3.1,6.2,11.4,h,5.1,11.4,5.1,11.4,0,0,474.765,0.864,0.088,16,16.5,1.199,11,285,28.185,78.725,0.746,109.804,,,32.5,63,1
2026-10-10T04:00Z,2026-10-10T05:00Z,a4t:114t,1,3.75,3.7,12.2,12.1,22.4,h,3.7,22.4,3.7,22.4,0,0.003,1197.912,5.353,0.063,10,22.4,-0.006,12,283,29.927,70.181,4.193,76.463,3.4,360,29.6,59,1
2026-10-10T04:00Z,2026-10-10T07:00Z,a4t:114t,3,3,3,11.2,11.1,22.3,h,3,22.3,3,22.3,0,0.006,970.514,4.218,0.816,10,22.4,-0.006,14,283,29.434,74.026,3.366,69.817,3.4,360,29.6,59,1
2026-10-10T04:00Z,2026-10-10T10:00Z,a4t:114t,6,3.35,3.3,9.9,9.9,21.9,h,3.3,21.9,3.3,21.9,0,0,503.22,4.621,0.33,10,22.4,-0.006,17,283,26.308,87.614,3.119,54.787,3.4,360,29.6,59,1
2026-10-10T04:00Z,2026-10-10T16:00Z,a4t:114t,12,3.1,3.1,7.8,7.7,19.6,h,3.1,19.6,3.1,19.6,0,0,334.022,5.017,0.058,10,22.4,-0.006,23,283,24.279,92.547,2.207,41.485,3.4,360,29.6,59,1
2026-10-10T04:00Z,2026-10-11T04:00Z,a4t:114t,24,11.100000000000001,11.1,4.6,4.6,16.7,h,11.1,16.7,11.3,16.7,0,0,1120.386,6.159,0,10,22.4,-0.006,11,284,29.241,69.744,4.726,70.974,3.4,360,29.6,59,1
2026-10-10T04:00Z,2026-10-12T04:00Z,a4t:114t,48,16.95,16.9,12.1,12,17.2,h,16.9,17.2,16.9,17.2,0,0.002,947.819,4.315,0,10,22.4,-0.006,11,285,29.483,66.322,3.337,64.585,3.4,360,29.6,59,1
2026-10-10T04:00Z,2026-10-10T05:00Z,a4t:102t,1,1.55,11.2,6,36.2,19.2,h,11.2,19.2,11.2,19.2,0,0,1167.557,5.45,0.21,12,19.3,1.666,12,283,29.38,72.45,4.075,60.323,2.9,55,29.7,63,1
2026-10-10T04:00Z,2026-10-10T07:00Z,a4t:102t,3,1.55,10.4,5.5,33.2,19.1,h,10.4,19.1,10.4,19.1,0,0,832.365,5.362,2.006,12,19.3,1.666,14,283,28.412,78.565,3.781,80.034,2.9,55,29.7,63,1
2026-10-10T04:00Z,2026-10-10T10:00Z,a4t:102t,6,2.3,12.5,4.8,29,18.7,h,12.5,18.7,12.6,18.7,0,0,663.248,6.41,0.674,12,19.3,1.666,17,283,26.096,88.205,3.903,55.172,2.9,55,29.7,63,1
2026-10-10T04:00Z,2026-10-10T16:00Z,a4t:102t,12,3.5999999999999996,15,2.8,16.9,17.7,h,15,17.7,15.1,17.7,0,0,591.399,7.603,0,12,19.3,1.666,23,283,24.483,85.326,4.183,61.438,2.9,55,29.7,63,1
2026-10-10T04:00Z,2026-10-11T04:00Z,a4t:102t,24,6.65,19.2,4.9,18.3,19,h,19.2,19,19.5,19,0,0.001,1174.458,7.485,0,12,19.3,1.666,11,284,29.334,64.702,5.453,61.565,2.9,55,29.7,63,1
2026-10-10T04:00Z,2026-10-12T04:00Z,a4t:102t,48,16.35,30.2,15.2,32.5,25.9,h,30.2,25.9,30.2,25.9,0,0.003,1158.612,5.946,0,12,19.3,1.666,11,285,30.02,63.557,4.484,66.867,2.9,55,29.7,63,1
2026-10-10T04:00Z,2026-10-10T05:00Z,a4t:63t,1,6.05,10,14.7,24.2,28.1,h,10,28.1,10,28.1,0,0,365.828,1.758,2.338,26,28.2,0.475,12,283,27.4,85.269,1.58,325.498,,,,,1
2026-10-10T04:00Z,2026-10-10T07:00Z,a4t:63t,3,4.7,7.7,13.4,22.1,27.9,h,7.7,27.9,7.7,27.9,0,0,285.532,0.898,0.423,26,28.2,0.475,14,283,27.37,85.597,0.961,330.095,,,,,1
2026-10-10T04:00Z,2026-10-10T10:00Z,a4t:63t,6,4.2,6.8,11.9,19.6,27.2,h,6.8,27.2,6.9,27.2,0,0,339.991,1.861,0.37,26,28.2,0.475,17,283,26.737,87.596,1.557,183.753,,,,,1
2026-10-10T04:00Z,2026-10-10T16:00Z,a4t:63t,12,2.6500000000000004,4.2,9,14.8,24.9,h,4.2,24.9,4.2,24.9,0,0,256.875,2.299,0.222,26,28.2,0.475,23,283,25.658,90.106,1.979,179.58,,,,,1
2026-10-10T04:00Z,2026-10-11T04:00Z,a4t:63t,24,5.3,7.3,4,6.1,21.1,h,7.3,21.1,7.4,21.1,0,0,631.256,0.716,0.078,26,28.2,0.475,11,284,28.773,74.193,0.522,235.642,,,,,1
2026-10-10T04:00Z,2026-10-12T04:00Z,a4t:63t,48,2.25,2.8,2.8,3.8,16,h,2.8,16,2.8,16,0,0,554.428,0.977,0.127,26,28.2,0.475,11,285,27.832,80.799,0.97,40.164,,,,,1
2026-10-10T04:00Z,2026-10-10T05:00Z,a4t:78t,1,10.55,6.9,37.4,24.7,27.6,h,6.9,27.6,6.9,27.6,0,0,480.635,1.455,5.104,25,27.7,-0.4,12,283,26.253,89.04,0.934,311.124,,,,,1
2026-10-10T04:00Z,2026-10-10T07:00Z,a4t:78t,3,8.4,5.6,33,21.9,27.4,h,5.6,27.4,5.6,27.4,0,0,107.619,0.136,1.235,25,27.7,-0.4,14,283,24.914,96.306,0.13,260.965,,,,,1
2026-10-10T04:00Z,2026-10-10T10:00Z,a4t:78t,6,6.85,4.6,27.8,18.4,26.6,h,4.6,26.6,4.6,26.6,0,0,195.957,1.27,0.493,25,27.7,-0.4,17,283,24.88,97.152,0.699,158.272,,,,,1
2026-10-10T04:00Z,2026-10-10T16:00Z,a4t:78t,12,5.449999999999999,3.8,19.8,13.1,24.1,h,3.8,24.1,3.8,24.1,0,0,38.597,1.346,0.029,25,27.7,-0.4,23,283,22.829,98.984,0.654,157.672,,,,,1
2026-10-10T04:00Z,2026-10-11T04:00Z,a4t:78t,24,3.75,2.8,5.9,4.1,20.1,h,2.8,20.1,2.9,20.1,0,0,724.381,1.184,0.17,25,27.7,-0.4,11,284,28.781,71.096,0.816,223.63,,,,,1
2026-10-10T04:00Z,2026-10-12T04:00Z,a4t:78t,48,2.05,1.6,2.4,1.8,14.7,h,1.6,14.7,1.6,14.7,0,0,764.914,0.965,0.186,25,27.7,-0.4,11,285,28.531,77.412,0.836,299.368,,,,,1
2026-10-10T04:00Z,2026-10-10T05:00Z,a4t:109t,1,2.55,4.4,6,10,16.5,h,4.4,16.5,4.4,16.5,0,0,1253.541,4.03,0.003,6,16.5,0.444,12,283,30.572,68.235,3.237,69.239,,,,,1
2026-10-10T04:00Z,2026-10-10T07:00Z,a4t:109t,3,4,6.5,5.7,9.4,16.4,h,6.5,16.4,6.5,16.4,0,0,1300.462,4.02,0.022,6,16.5,0.444,14,283,30.843,68.622,3.273,66.465,,,,,1
2026-10-10T04:00Z,2026-10-10T10:00Z,a4t:109t,6,3.4,5.4,5.3,8.7,16,h,5.4,16,5.4,16,0,0,539.851,4.995,0.895,6,16.5,0.444,17,283,26.638,87.026,3.33,61.217,,,,,1
2026-10-10T04:00Z,2026-10-10T16:00Z,a4t:109t,12,2.4,3.7,4.4,7.3,14.2,h,3.7,14.2,3.7,14.2,0,0,599.876,6.758,0.007,6,16.5,0.444,23,283,25.167,85.571,3.725,56.789,,,,,1
2026-10-10T04:00Z,2026-10-11T04:00Z,a4t:109t,24,5.699999999999999,7.7,3.9,5.7,13.1,h,7.7,13.1,7.8,13.1,0,0.001,1112.115,6.287,0,6,16.5,0.444,11,284,29.444,69.561,4.762,64.363,,,,,1
2026-10-10T04:00Z,2026-10-12T04:00Z,a4t:109t,48,14.55,17.2,10.3,12.6,14.6,h,17.2,14.6,17.2,14.6,0,0.002,1017.891,4.838,0,6,16.5,0.444,11,285,29.857,69.543,3.759,70.327,,,,,1
2026-10-10T04:00Z,2026-10-10T05:00Z,a4t:28t,1,5.5,12.2,10.4,23.2,11.2,h,12.2,11.2,12.2,11.2,0,0,1251.922,4.435,0.099,23,11.2,0.751,12,283,30.958,67.976,3.476,45.856,,,,,1
2026-10-10T04:00Z,2026-10-10T07:00Z,a4t:28t,3,5.65,12.1,10.2,22.5,11.2,h,12.1,11.2,12.1,11.2,0,0,861.711,2.235,0.734,23,11.2,0.751,14,283,29.702,72.784,1.644,84.733,,,,,1
2026-10-10T04:00Z,2026-10-10T10:00Z,a4t:28t,6,6,12.2,9.8,21.5,11.2,h,12.2,11.2,12.3,11.2,0,0,284.101,2.855,1.441,23,11.2,0.751,17,283,26.089,91.457,2.069,110.582,,,,,1
2026-10-10T04:00Z,2026-10-10T16:00Z,a4t:28t,12,4.35,8.4,7,15.2,11.4,h,8.4,11.4,8.4,11.4,0,0,162.524,3.222,0.8,23,11.2,0.751,23,283,24.825,96.057,2.014,69.817,,,,,1
2026-10-10T04:00Z,2026-10-11T04:00Z,a4t:28t,24,2.85,5,4.3,8.4,10.3,h,5,10.3,5.1,10.3,0,0,854.775,3.529,0.155,23,11.2,0.751,11,284,29.394,72.827,2.736,80.735,,,,,1
2026-10-10T04:00Z,2026-10-12T04:00Z,a4t:28t,48,4.35,6,5.4,8.1,9.6,h,6,9.6,6,9.6,0,0,862.107,4.345,0.232,23,11.2,0.751,11,285,29.91,73.242,3.352,77.206,,,,,1
2026-10-10T04:00Z,2026-10-10T05:00Z,a4t:29t,1,5.5,17.9,10.4,34.5,23.9,h,17.9,23.9,17.9,23.9,0,0,1072.805,3.822,0.095,21,23.9,1.134,12,283,30.397,69.922,3.054,44.428,,,,,1
2026-10-10T04:00Z,2026-10-10T07:00Z,a4t:29t,3,5.65,17.5,10.2,33.4,23.9,h,17.5,23.9,17.5,23.9,0,0,803.064,1.932,0.448,21,23.9,1.134,14,283,29.56,72.5,1.488,85.339,,,,,1
2026-10-10T04:00Z,2026-10-10T10:00Z,a4t:29t,6,6,17.3,9.8,31.8,23.7,h,17.3,23.7,17.4,23.7,0,0,397.863,2.704,1.126,21,23.9,1.134,17,283,26.925,85.88,2.046,103.811,,,,,1
2026-10-10T04:00Z,2026-10-10T16:00Z,a4t:29t,12,4.35,11.5,7,22.3,23,h,11.5,23,11.5,23,0,0,247.947,3.788,1.131,21,23.9,1.134,23,283,25.49,92.303,2.827,67.129,,,,,1
2026-10-10T04:00Z,2026-10-11T04:00Z,a4t:29t,24,2.85,6.4,4.3,11.7,20,h,6.4,20,6.5,20,0,0,751.425,3.874,0.143,21,23.9,1.134,11,284,28.904,75.435,3.206,80.564,,,,,1
2026-10-10T04:00Z,2026-10-12T04:00Z,a4t:29t,48,4.35,7,5.4,9.8,16.9,h,7,16.9,7,16.9,0,0,785.556,4.34,0.202,21,23.9,1.134,11,285,29.391,74.821,3.529,76.702,,,,,1
2026-10-10T04:00Z,2026-10-10T05:00Z,a4t:30t,1,5.5,12.6,10.4,24,16.9,h,12.6,16.9,12.6,16.9,0,0,1043.699,3.592,0.092,19,17,0.786,12,283,30.32,70.088,2.878,44.205,2.9,358,31.4,59,1
2026-10-10T04:00Z,2026-10-10T07:00Z,a4t:30t,3,5.65,12.5,10.2,23.3,16.8,h,12.5,16.8,12.5,16.8,0,0,754.271,1.832,0.55,19,17,0.786,14,283,29.398,73.185,1.42,93.91,2.9,358,31.4,59,1
2026-10-10T04:00Z,2026-10-10T10:00Z,a4t:30t,6,6,12.6,9.8,22.2,16.6,h,12.6,16.6,12.7,16.6,0,0,395.167,2.482,1.089,19,17,0.786,17,283,27.021,85.388,1.9,104.561,2.9,358,31.4,59,1
2026-10-10T04:00Z,2026-10-10T16:00Z,a4t:30t,12,4.35,8.6,7,15.8,16.2,h,8.6,16.2,8.6,16.2,0,0,251.539,3.676,1.088,19,17,0.786,23,283,25.588,91.919,2.79,66.433,2.9,358,31.4,59,1
2026-10-10T04:00Z,2026-10-11T04:00Z,a4t:30t,24,2.85,5.1,4.3,8.7,14.3,h,5.1,14.3,5.2,14.4,0,0,741.239,3.772,0.128,19,17,0.786,11,284,28.848,75.646,3.129,78.684,2.9,358,31.4,59,1
2026-10-10T04:00Z,2026-10-12T04:00Z,a4t:30t,48,4.35,6.1,5.4,8.2,12.6,h,6.1,12.6,6.1,12.6,0,0,771.646,4.025,0.18,19,17,0.786,11,285,29.258,75.346,3.291,77.291,2.9,358,31.4,59,1
2026-10-10T04:00Z,2026-10-10T05:00Z,a4t:31t,1,5.5,15.5,10.4,29.7,18.3,h,15.5,18.3,15.5,18.3,0,0,1095.145,3.972,0.096,16,18.3,0.989,12,283,30.462,69.754,3.167,44.673,1.4,20,,,1
2026-10-10T04:00Z,2026-10-10T07:00Z,a4t:31t,3,5.65,15.2,10.2,28.8,18.4,h,15.2,18.4,15.2,18.4,0,0,829.238,2.014,0.406,16,18.3,0.989,14,283,29.649,72.163,1.547,81.56,1.4,20,,,1
2026-10-10T04:00Z,2026-10-10T10:00Z,a4t:31t,6,6,15.2,9.8,27.4,18.5,h,15.2,18.5,15.3,18.5,0,0,393.493,2.826,1.163,16,18.3,0.989,17,283,26.837,86.39,2.124,104.089,1.4,20,,,1
2026-10-10T04:00Z,2026-10-10T16:00Z,a4t:31t,12,4.35,10.2,7,19.3,18.2,h,10.2,18.2,10.2,18.2,0,0,242.541,3.813,1.132,16,18.3,0.989,23,283,25.417,92.649,2.803,67.608,1.4,20,,,1
2026-10-10T04:00Z,2026-10-11T04:00Z,a4t:31t,24,2.85,5.8,4.3,10.3,15.8,h,5.8,15.8,5.9,15.8,0,0,760.703,3.903,0.15,16,18.3,0.989,11,284,28.952,75.22,3.219,81.408,1.4,20,,,1
2026-10-10T04:00Z,2026-10-12T04:00Z,a4t:31t,48,4.35,6.6,5.4,9.1,13.7,h,6.6,13.7,6.6,13.7,0,0,795.174,4.496,0.214,16,18.3,0.989,11,285,29.479,74.496,3.637,76.543,1.4,20,,,1
2026-10-10T04:00Z,2026-10-10T05:00Z,a4t:113t,1,2.35,1.9,10,8.3,26.4,h,1.9,26.4,1.9,26.4,0,0.007,1237.887,4.858,0.037,5,26.5,-0.169,12,283,30.273,68.924,3.859,74.784,2.4,82,29,67,1
2026-10-10T04:00Z,2026-10-10T07:00Z,a4t:113t,3,3.05,2.5,9.2,7.6,26.3,h,2.5,26.3,2.5,26.3,0,0.002,1147.256,4.093,0.489,5,26.5,-0.169,14,283,30.194,71.109,3.308,71.592,2.4,82,29,67,1
2026-10-10T04:00Z,2026-10-10T10:00Z,a4t:113t,6,3.4,2.8,8.2,6.8,25.7,h,2.8,25.7,2.8,25.7,0,0.003,549.332,5.089,0.367,5,26.5,-0.169,17,283,26.634,86.476,3.479,55.471,2.4,82,29,67,1
2026-10-10T04:00Z,2026-10-10T16:00Z,a4t:113t,12,3,2.5,6.6,5.5,22.5,h,2.5,22.5,2.5,22.5,0,0.029,528.258,6.329,0.033,5,26.5,-0.169,23,283,24.793,87.409,3.224,50.438,2.4,82,29,67,1
2026-10-10T04:00Z,2026-10-11T04:00Z,a4t:113t,24,10.05,9,5,4.3,19.4,h,9,19.4,9.1,19.4,0,0,1138.639,6.628,0,5,26.5,-0.169,11,284,29.392,69.505,5.032,68.65,2.4,82,29,67,1
2026-10-10T04:00Z,2026-10-12T04:00Z,a4t:113t,48,16.8,15.8,11.8,10.9,18.7,h,15.8,18.7,15.8,18.7,0,0.002,992.931,4.64,0,5,26.5,-0.169,11,285,29.66,68.381,3.601,68.14,2.4,82,29,67,1
2026-10-10T04:00Z,2026-10-10T05:00Z,a4t:99t,1,14.2,15.6,14.7,16.3,16,h,15.6,16,15.6,16,0,0.005,1244.124,5.503,0.107,17,16,0.096,12,283,30.913,66.413,4.241,52.032,,,30.2,59,1
2026-10-10T04:00Z,2026-10-10T07:00Z,a4t:99t,3,12.8,14,15.1,16.7,16,h,14,16,14,16,0,0.005,767.021,4.542,1.391,17,16,0.096,14,283,29.178,76.927,3.48,56.392,,,30.2,59,1
2026-10-10T04:00Z,2026-10-10T10:00Z,a4t:99t,6,11.3,12.3,15.3,16.9,15.9,h,12.3,15.9,12.4,15.9,0,0.002,336.931,2.746,3.184,17,16,0.096,17,283,26.698,88.973,1.751,52.694,,,30.2,59,1
2026-10-10T04:00Z,2026-10-10T16:00Z,a4t:99t,12,9.75,10.5,14.6,16,15.6,h,10.5,15.6,10.5,15.6,0,0,355.575,4.533,1.183,17,16,0.096,23,283,25.019,95.321,2.334,60.394,,,30.2,59,1
2026-10-10T04:00Z,2026-10-11T04:00Z,a4t:99t,24,4.699999999999999,5,8.4,9.2,13.8,h,5,13.8,5.1,13.8,0,0,986.128,5.206,0.268,17,16,0.096,11,284,29.258,74.598,3.979,79.809,,,30.2,59,1
2026-10-10T04:00Z,2026-10-12T04:00Z,a4t:99t,48,13.45,13.9,9.8,10.3,13.1,h,13.9,13.1,13.9,13.1,0,0,1130.571,4.717,0.054,17,16,0.096,11,285,30.257,68.652,3.609,63.331,,,30.2,59,1
2026-10-10T04:00Z,2026-10-10T05:00Z,a4t:40t,1,7.15,19.4,6.1,17.6,15,h,19.4,15,19.4,15,0,0.005,1418.357,2.581,0.065,15,15,0.974,12,283,30.131,62.697,1.962,48.809,,,,,1
2026-10-10T04:00Z,2026-10-10T07:00Z,a4t:40t,3,8.5,21.9,6.3,18.2,15,h,21.9,15,21.9,15,0,0.002,308.781,4.003,4.042,15,15,0.974,14,283,24.865,93.178,2.563,88.959,,,,,1
2026-10-10T04:00Z,2026-10-10T10:00Z,a4t:40t,6,9.1,22,6.9,19.2,15.2,h,22,15.2,22.2,15.2,0,0.001,380.981,3.108,0.229,15,15,0.974,17,283,25.416,91.002,1.919,54.18,,,,,1
2026-10-10T04:00Z,2026-10-10T16:00Z,a4t:40t,12,10,21.8,7.4,19.3,15.7,h,21.8,15.7,21.9,15.8,0,0.001,138.707,4.238,0.005,15,15,0.974,23,283,23.521,96,1.747,44.882,,,,,1
2026-10-10T04:00Z,2026-10-11T04:00Z,a4t:40t,24,8.25,15.3,8.9,19.6,16.2,h,15.3,16.2,15.5,16.2,0,0.001,1174.989,3.483,0.036,15,15,0.974,11,284,28.026,74.106,2.617,70.325,,,,,1
2026-10-10T04:00Z,2026-10-12T04:00Z,a4t:40t,48,9.7,14.1,7.3,12,14,h,14.1,14,14.1,14,0,0,786.282,1.737,0.143,15,15,0.974,11,285,28.569,69.635,1.237,77.734,,,,,1
2026-10-10T04:00Z,2026-10-10T05:00Z,a4t:68t,1,7.5,7,13.7,12.8,16.1,h,7,16.1,7,16.1,0,0.002,937.592,0.931,0.027,16,16.1,-0.065,12,283,30.394,57.962,0.729,23.813,,,,,1
2026-10-10T04:00Z,2026-10-10T07:00Z,a4t:68t,3,7.6,7.1,13.8,12.9,16,h,7.1,16,7.1,16,0,0.003,1164.514,1.174,0.042,16,16.1,-0.065,14,283,31.056,56.219,0.907,47.423,,,,,1
2026-10-10T04:00Z,2026-10-10T10:00Z,a4t:68t,6,9.25,8.7,14.1,13.2,15.9,h,8.7,15.9,8.8,15.9,0,0.003,270.671,4.424,0.351,16,16.1,-0.065,17,283,26.275,87.009,2.525,126.163,,,,,1
2026-10-10T04:00Z,2026-10-10T16:00Z,a4t:68t,12,9.65,9.1,13.2,12.4,15.2,h,9.1,15.2,9.1,15.2,0,0.001,68.974,1.196,0.025,16,16.1,-0.065,23,283,24.274,95.204,0.378,338.251,,,,,1
2026-10-10T04:00Z,2026-10-11T04:00Z,a4t:68t,24,8.899999999999999,8.5,9.3,8.8,14.2,h,8.5,14.2,8.6,14.2,0,0.001,908.325,0.815,0.104,16,16.1,-0.065,11,284,27.652,75.557,0.538,73.265,,,,,1
2026-10-10T04:00Z,2026-10-12T04:00Z,a4t:68t,48,9.3,9.1,11.2,10.8,14.3,h,9.1,14.3,9.1,14.3,0,0,672.299,0.218,0.07,16,16.1,-0.065,11,285,28.456,71.335,0.152,46.405,,,,,1
2026-10-10T04:00Z,2026-10-10T05:00Z,a4t:112t,1,3.9,8.5,4.3,9.7,12.1,h,8.5,12.1,8.5,12.1,0,0,1165.299,2.847,0.03,5,12.1,0.701,12,283,30.269,71.891,2.291,67.366,1.3,99,27.4,70,1
2026-10-10T04:00Z,2026-10-10T07:00Z,a4t:112t,3,4.449999999999999,9.2,4.2,9.5,12.1,h,9.2,12.1,9.2,12.1,0,0,1211.114,3.208,0.091,5,12.1,0.701,14,283,30.532,71.595,2.573,52.118,1.3,99,27.4,70,1
2026-10-10T04:00Z,2026-10-10T10:00Z,a4t:112t,6,4.65,9.2,4.2,9.3,12,h,9.2,12,9.3,12,0,0,370.244,3.667,1.858,5,12.1,0.701,17,283,25.824,91.792,2.24,84.806,1.3,99,27.4,70,1
2026-10-10T04:00Z,2026-10-10T16:00Z,a4t:112t,12,3.15,6,3.9,8.4,11.3,h,6,11.3,6,11.3,0,0,228.946,3.043,0.06,5,12.1,0.701,23,283,24.77,94.337,1.082,55.292,1.3,99,27.4,70,1
2026-10-10T04:00Z,2026-10-11T04:00Z,a4t:112t,24,2.9000000000000004,4.9,3.3,6.3,10.3,h,4.9,10.3,5,10.3,0,0,956.176,3.192,0,5,12.1,0.701,11,284,29.133,72.009,2.576,63.967,1.3,99,27.4,70,1
2026-10-10T04:00Z,2026-10-12T04:00Z,a4t:112t,48,11.55,15.1,8.4,11.6,11.9,h,15.1,11.9,15.1,11.9,0,0.001,827.105,3.215,0,5,12.1,0.701,11,285,29.604,70.174,2.53,66.723,1.3,99,27.4,70,1
2026-10-10T04:00Z,2026-10-10T05:00Z,a4t:90t,1,3,0.8,,,,h,0.8,,0.8,,0,0,1110.379,6.263,0.138,,,-0.886,12,283,28.237,75.465,4.559,63.042,,,,,1
2026-10-10T04:00Z,2026-10-10T07:00Z,a4t:90t,3,1.7,0.2,,,,h,0.2,,0.2,,0,0,428.84,4.71,6.39,,,-0.886,14,283,24.911,90.53,2.877,93.402,,,,,1
2026-10-10T04:00Z,2026-10-10T10:00Z,a4t:90t,6,1.65,0.3,,,,h,0.3,,0.3,,0,0,528.178,5.164,1.548,,,-0.886,17,283,24.6,94.031,3.029,65.112,,,,,1
2026-10-10T04:00Z,2026-10-10T16:00Z,a4t:90t,12,2.15,0.6,,,,h,0.6,,0.6,,0,0,254.391,5.178,0,,,-0.886,23,283,23.315,94.276,2.345,76.851,,,,,1
2026-10-10T04:00Z,2026-10-11T04:00Z,a4t:90t,24,14.45,8.3,,,,h,8.3,,8.4,,0,0,1065.291,5.216,0,,,-0.886,11,284,28.678,64.679,3.854,67.033,,,,,1
2026-10-10T04:00Z,2026-10-12T04:00Z,a4t:90t,48,19.299999999999997,13.9,,,,h,13.9,,13.9,,0,0.004,895.516,3.062,0,,,-0.886,11,285,29.039,60.402,2.338,56.071,,,,,1
2026-10-10T04:00Z,2026-10-10T05:00Z,a4t:44t,1,4.25,14,6.8,22.9,24.9,h,14,24.9,14,24.9,0,0,190.066,0.745,2.585,18,25,1.119,12,283,26.841,86.299,0.719,299.827,,,,,1
2026-10-10T04:00Z,2026-10-10T07:00Z,a4t:44t,3,4.800000000000001,14.9,6,20.3,24.7,h,14.9,24.7,14.9,24.7,0,0,365.508,0.7,0.521,18,25,1.119,14,283,27.411,88.225,0.685,271.578,,,,,1
2026-10-10T04:00Z,2026-10-10T10:00Z,a4t:44t,6,4.25,12.5,5.2,17.6,24.2,h,12.5,24.2,12.6,24.2,0,0,251.994,2.128,0.916,18,25,1.119,17,283,26.277,90.669,1.863,187.297,,,,,1
2026-10-10T04:00Z,2026-10-10T16:00Z,a4t:44t,12,3,8.2,4.2,13.7,22.6,h,8.2,22.6,8.2,22.6,0,0,229.347,0.841,0.004,18,25,1.119,23,283,25.694,90.214,1.053,196.681,,,,,1
2026-10-10T04:00Z,2026-10-11T04:00Z,a4t:44t,24,2.6,5.9,3.1,8.9,19.8,h,5.9,19.8,6,19.9,0,0,510.563,1.227,0.052,18,25,1.119,11,284,27.916,79.443,1.027,228.097,,,,,1
2026-10-10T04:00Z,2026-10-12T04:00Z,a4t:44t,48,2.1,3.6,2.4,4.6,14.8,h,3.6,14.8,3.6,14.8,0,0,547.105,1.25,0.053,18,25,1.119,11,285,27.688,81.875,1.055,72.821,,,,,1
2026-10-10T04:00Z,2026-10-10T05:00Z,a4t:80t,1,2.45,8.1,5.8,18,17.8,h,8.1,17.8,8.1,17.8,0,0,261.681,1.514,3.362,16,17.8,1.037,12,283,26.337,87.248,1.221,229.255,,,,,1
2026-10-10T04:00Z,2026-10-10T07:00Z,a4t:80t,3,1.85,6.3,5.3,16.5,17.6,h,6.3,17.6,6.3,17.6,0,0,429.21,1.399,0.557,16,17.8,1.037,14,283,27.039,89.264,1.183,239.314,,,,,1
2026-10-10T04:00Z,2026-10-10T10:00Z,a4t:80t,6,1.6,5.3,4.7,14.9,17.2,h,5.3,17.2,5.3,17.2,0,0,271.897,1.637,0.97,16,17.8,1.037,17,283,26.35,89.487,1.271,218.533,,,,,1
2026-10-10T04:00Z,2026-10-10T16:00Z,a4t:80t,12,2.9,7.5,3.6,11.2,16.1,h,7.5,16.1,7.5,16.1,0,0,129.709,0.392,1.437,16,17.8,1.037,23,283,24.616,92.967,0.234,258.939,,,,,1
2026-10-10T04:00Z,2026-10-11T04:00Z,a4t:80t,24,1.45,3.5,2,5.5,13.9,h,3.5,13.9,3.6,13.9,0,0,523.897,1.928,0.133,16,17.8,1.037,11,284,27.748,80.069,1.745,202.778,,,,,1
2026-10-10T04:00Z,2026-10-12T04:00Z,a4t:80t,48,1.35,2.4,1.3,2.6,10.2,h,2.4,10.2,2.4,10.2,0,0,644.624,0.819,0.239,16,17.8,1.037,11,285,28.181,78.93,0.581,101.669,,,,,1
2026-10-10T04:00Z,2026-10-10T05:00Z,a4t:08t,1,24.549999999999997,27.2,28,31.2,28,h,27.2,28,27.2,28,0,0.001,1031.625,3.196,0.166,29,28,0.105,12,283,30.466,69.591,2.533,43.338,,,,,1
2026-10-10T04:00Z,2026-10-10T07:00Z,a4t:08t,3,21.950000000000003,24.2,27.7,30.8,28,h,24.2,28,24.2,28,0,0.001,575.176,1.611,1.132,29,28,0.105,14,283,28.47,81.477,1.111,333.534,,,,,1
2026-10-10T04:00Z,2026-10-10T10:00Z,a4t:08t,6,16.450000000000003,18.1,26.4,29.3,28,h,18.1,28,18.2,28,0,0,303.528,1.598,2.216,29,28,0.105,17,283,26.478,90.796,0.922,76.038,,,,,1
2026-10-10T04:00Z,2026-10-10T16:00Z,a4t:08t,12,12.100000000000001,13.2,24,26.5,27.4,h,13.2,27.4,13.3,27.4,0,0,253.374,2.965,1.741,29,28,0.105,23,283,24.595,97.236,1.66,44.541,,,,,1
2026-10-10T04:00Z,2026-10-11T04:00Z,a4t:08t,24,7.85,8.4,13,14.2,23.6,h,8.4,23.6,8.5,23.6,0,0,670.202,3.013,1.241,29,28,0.105,11,284,27.971,80.047,2.213,88.983,,,,,1
2026-10-10T04:00Z,2026-10-12T04:00Z,a4t:08t,48,16,16.6,13,13.7,20.8,h,16.6,20.8,16.6,20.8,0,0,991.195,3.44,0.116,29,28,0.105,11,285,30.073,70.95,2.652,63.848,,,,,1
2026-10-10T04:00Z,2026-10-10T05:00Z,a4t:16t,1,24.549999999999997,23.9,28,27.3,20.7,h,23.9,20.7,23.9,20.7,0,0.001,1035.425,3.259,0.162,31,20.7,-0.026,12,283,30.468,69.765,2.585,43.273,,,,,1
2026-10-10T04:00Z,2026-10-10T07:00Z,a4t:16t,3,21.950000000000003,21.4,27.7,26.9,20.7,h,21.4,20.7,21.4,20.7,0,0.001,611.219,1.504,1.044,31,20.7,-0.026,14,283,28.617,80.641,1.024,341.595,,,,,1
2026-10-10T04:00Z,2026-10-10T10:00Z,a4t:16t,6,16.450000000000003,16.1,26.4,25.7,20.7,h,16.1,20.7,16.2,20.7,0,0,303.266,1.66,2.228,31,20.7,-0.026,17,283,26.454,90.747,0.975,76.365,,,,,1
2026-10-10T04:00Z,2026-10-10T16:00Z,a4t:16t,12,12.100000000000001,11.9,24,23.4,20.7,h,11.9,20.7,12,20.7,0,0,250.489,2.926,1.719,31,20.7,-0.026,23,283,24.579,97.201,1.641,43.002,,,,,1
2026-10-10T04:00Z,2026-10-11T04:00Z,a4t:16t,24,7.85,7.7,13,12.7,18.2,h,7.7,18.2,7.8,18.2,0,0,672.1,2.877,1.155,31,20.7,-0.026,11,284,27.983,79.987,2.116,88.55,,,,,1
2026-10-10T04:00Z,2026-10-12T04:00Z,a4t:16t,48,16,15.8,13,12.8,16.8,h,15.8,16.8,15.8,16.8,0,0,979,3.487,0.132,31,20.7,-0.026,11,285,30.047,71.22,2.69,64.348,,,,,1
2026-10-10T04:00Z,2026-10-10T05:00Z,a4t:17t,1,24.549999999999997,23.7,28,27,19.9,h,23.7,19.9,23.7,19.9,0,0.001,1033.591,3.204,0.165,31,19.9,-0.035,12,283,30.46,69.67,2.54,43.081,,,,,1
2026-10-10T04:00Z,2026-10-10T07:00Z,a4t:17t,3,21.950000000000003,21.2,27.7,26.7,20,h,21.2,20,21.2,20,0,0.001,585.258,1.608,1.131,31,19.9,-0.035,14,283,28.499,81.309,1.105,335.054,,,,,1
2026-10-10T04:00Z,2026-10-10T10:00Z,a4t:17t,6,16.450000000000003,15.9,26.4,25.5,20.2,h,15.9,20.2,16,20.2,0,0,306.229,1.584,2.186,31,19.9,-0.035,17,283,26.49,90.679,0.923,74.521,,,,,1
2026-10-10T04:00Z,2026-10-10T16:00Z,a4t:17t,12,12.100000000000001,11.8,24,23.1,20.2,h,11.8,20.2,11.9,20.2,0,0,253.735,2.951,1.767,31,19.9,-0.035,23,283,24.586,97.203,1.649,43.661,,,,,1
2026-10-10T04:00Z,2026-10-11T04:00Z,a4t:17t,24,7.85,7.7,13,12.6,17.6,h,7.7,17.6,7.8,17.6,0,0,659.645,2.922,1.254,31,19.9,-0.035,11,284,27.914,80.306,2.146,88.756,,,,,1
2026-10-10T04:00Z,2026-10-12T04:00Z,a4t:17t,48,16,15.8,13,12.8,16.3,h,15.8,16.3,15.8,16.3,0,0,985.046,3.43,0.121,31,19.9,-0.035,11,285,30.04,71.159,2.647,63.365,,,,,1
2026-10-10T04:00Z,2026-10-10T05:00Z,a4t:19t,1,12.65,21.8,15.2,26.9,18.5,h,21.8,18.5,21.8,18.5,0,0,1038.938,3.511,0.157,25,18.5,0.546,12,283,30.587,69.245,2.781,46.571,,,,,1
2026-10-10T04:00Z,2026-10-10T07:00Z,a4t:19t,3,10.35,17.6,14.9,26.3,18.6,h,17.6,18.6,17.6,18.6,0,0,632.78,1.143,0.69,25,18.5,0.546,14,283,28.878,79.167,0.762,3.826,,,,,1
2026-10-10T04:00Z,2026-10-10T10:00Z,a4t:19t,6,9.05,14.9,14.2,24.9,18.7,h,14.9,18.7,15,18.7,0,0,266.42,2.288,2.633,25,18.5,0.546,17,283,26.162,92.216,1.339,94.878,,,,,1
2026-10-10T04:00Z,2026-10-10T16:00Z,a4t:19t,12,9.7,15.1,12.9,22,18.8,h,15.1,18.8,15.2,18.8,0,0,230.724,3.007,1.238,25,18.5,0.546,23,283,24.654,97.438,1.743,51.152,,,,,1
2026-10-10T04:00Z,2026-10-11T04:00Z,a4t:19t,24,3.7,5.5,7.8,12.5,16.6,h,5.5,16.6,5.6,16.6,0,0,831.554,3.649,0.603,25,18.5,0.546,11,284,28.875,75.859,2.715,89.61,,,,,1
2026-10-10T04:00Z,2026-10-12T04:00Z,a4t:19t,48,10.45,12.9,9.8,12.7,15.6,h,12.9,15.6,12.9,15.6,0,0,1009.817,3.951,0.138,25,18.5,0.546,11,285,30.398,69.451,3.02,72.65,,,,,1
2026-10-10T04:00Z,2026-10-10T05:00Z,a4t:84t,1,21.6,18.8,26.1,22.5,20.5,h,18.8,20.5,18.8,20.5,0,0.009,998.36,2.856,0.143,25,20.5,-0.143,12,283,30.048,73.166,2.302,30.963,,,,,1
2026-10-10T04:00Z,2026-10-10T07:00Z,a4t:84t,3,23.15,20.2,26.7,23.1,20.4,h,20.2,20.4,20.2,20.4,0,0.006,820.135,2.048,1.221,25,20.5,-0.143,14,283,29.036,78.519,1.423,355.959,,,,,1
2026-10-10T04:00Z,2026-10-10T10:00Z,a4t:84t,6,18.299999999999997,16.1,26.9,23.3,20.4,h,16.1,20.4,16.2,20.4,0,0.003,386.548,2.296,1.543,25,20.5,-0.143,17,283,27.043,86.458,1.713,4.301,,,,,1
2026-10-10T04:00Z,2026-10-10T16:00Z,a4t:84t,12,10.9,9.7,24.1,21,20,h,9.7,20,9.7,20,0,0,286.528,3.269,2.849,25,20.5,-0.143,23,283,24.186,96.589,1.844,359.32,,,,,1
2026-10-10T04:00Z,2026-10-11T04:00Z,a4t:84t,24,8.8,8,12.5,11,17.5,h,8,17.5,8.1,17.5,0,0,267.336,0.635,1.857,25,20.5,-0.143,11,284,25.616,90.953,0.57,300.431,,,,,1
2026-10-10T04:00Z,2026-10-12T04:00Z,a4t:84t,48,8.55,8.1,9.8,9.1,14.8,h,8.1,14.8,8.1,14.8,0,0,812.079,2.843,0.227,25,20.5,-0.143,11,285,28.915,77.907,2.319,35.711,,,,,1
2026-10-10T04:00Z,2026-10-10T05:00Z,a4t:14t,1,24.549999999999997,24.5,28,28,22.8,h,24.5,22.8,24.5,22.8,0,0.005,1053.762,3.077,0.171,29,22.8,-0.001,12,283,30.4,69.755,2.438,39.932,,,,,1
2026-10-10T04:00Z,2026-10-10T07:00Z,a4t:14t,3,21.950000000000003,21.9,27.7,27.6,22.8,h,21.9,22.8,21.9,22.8,0,0.003,549.54,2.183,1.552,29,22.8,-0.001,14,283,28.179,82.996,1.531,323.371,,,,,1
2026-10-10T04:00Z,2026-10-10T10:00Z,a4t:14t,6,16.450000000000003,16.4,26.4,26.3,22.8,h,16.4,22.8,16.5,22.8,0,0.001,346.843,1.251,1.662,29,22.8,-0.001,17,283,26.778,89.326,0.811,47.905,,,,,1
2026-10-10T04:00Z,2026-10-10T16:00Z,a4t:14t,12,12.100000000000001,12.1,24,23.9,22.6,h,12.1,22.6,12.2,22.6,0,0,271.454,2.988,2.224,29,22.8,-0.001,23,283,24.556,96.87,1.629,41.222,,,,,1
2026-10-10T04:00Z,2026-10-11T04:00Z,a4t:14t,24,7.85,7.8,13,13,19.7,h,7.8,19.7,7.9,19.7,0,0,506.079,2.415,1.872,29,22.8,-0.001,11,284,27.102,84.03,1.758,87.386,,,,,1
2026-10-10T04:00Z,2026-10-12T04:00Z,a4t:14t,48,16,16,13,13,17.9,h,16,17.9,16,17.9,0,0,958.881,3.161,0.109,29,22.8,-0.001,11,285,29.722,72.717,2.478,53.783,,,,,1
2026-10-10T04:00Z,2026-10-10T05:00Z,a4t:27t,1,24.549999999999997,42.1,28,49.5,40.3,h,42.1,40.3,42.2,40.3,0,0.005,1039.681,3.099,0.155,50,40.3,0.556,12,283,30.3,71.048,2.47,37.704,,,,,1
2026-10-10T04:00Z,2026-10-10T07:00Z,a4t:27t,3,21.950000000000003,36.9,27.7,48.7,40.3,h,36.9,40.3,37,40.3,0,0.003,687.147,1.872,1.284,50,40.3,0.556,14,283,28.681,80.277,1.275,343.15,,,,,1
2026-10-10T04:00Z,2026-10-10T10:00Z,a4t:27t,6,16.450000000000003,26.9,26.4,46.2,40.3,h,26.9,40.3,27.1,40.3,0,0.001,354.685,1.511,1.695,50,40.3,0.556,17,283,26.797,88.504,1.061,33.777,,,,,1
2026-10-10T04:00Z,2026-10-10T16:00Z,a4t:27t,12,12.100000000000001,18.8,24,41.1,40.3,h,18.8,40.3,18.9,40.3,0,0,270.356,2.87,2.341,50,40.3,0.556,23,283,24.422,96.768,1.557,25.484,,,,,1
2026-10-10T04:00Z,2026-10-11T04:00Z,a4t:27t,24,7.85,11.2,13,20.8,34.1,h,11.2,34.1,11.4,34.1,0,0,450.09,1.369,1.686,50,40.3,0.556,11,284,26.738,85.721,0.973,81.695,,,,,1
2026-10-10T04:00Z,2026-10-12T04:00Z,a4t:27t,48,16,19.7,13,17,28.6,h,19.7,28.6,19.7,28.6,0,0,899.038,3.101,0.168,50,40.3,0.556,11,285,29.467,74.546,2.455,50.76,,,,,1
2026-10-10T04:00Z,2026-10-10T05:00Z,a4t:25t,1,14.850000000000001,15.9,18.5,19.9,20.3,h,15.9,20.3,15.9,20.3,0,0.001,1019.193,4.413,0.168,22,20.3,0.069,12,283,30.446,67.162,3.405,57.555,,,,,1
2026-10-10T04:00Z,2026-10-10T07:00Z,a4t:25t,3,13.95,14.9,18.9,20.3,20.3,h,14.9,20.3,14.9,20.3,0,0.001,791.135,2.363,0.462,22,20.3,0.069,14,283,29.192,76.229,1.832,46.395,,,,,1
2026-10-10T04:00Z,2026-10-10T10:00Z,a4t:25t,6,11.35,12.1,19.2,20.6,20.3,h,12.1,20.3,12.2,20.3,0,0,297.031,2.686,2.842,22,20.3,0.069,17,283,26.382,91.451,1.461,81.438,,,,,1
2026-10-10T04:00Z,2026-10-10T16:00Z,a4t:25t,12,12.45,13.2,18.9,20.2,20,h,13.2,20,13.3,20,0,0,391.538,4.881,0.702,22,20.3,0.069,23,283,24.937,95.887,2.946,60.49,,,,,1
2026-10-10T04:00Z,2026-10-11T04:00Z,a4t:25t,24,4.6,4.8,10.9,11.5,17.5,h,4.8,17.5,4.9,17.5,0,0,1000.154,5.679,0.228,22,20.3,0.069,11,284,29.287,73.439,4.269,86.654,,,,,1
2026-10-10T04:00Z,2026-10-12T04:00Z,a4t:25t,48,12.75,13.1,10.2,10.6,15.4,h,13.1,15.4,13.1,15.4,0,0,1192.059,4.354,0.008,22,20.3,0.069,11,285,30.357,67.541,3.307,74.768,,,,,1
2026-10-10T04:00Z,2026-10-10T05:00Z,a4t:104t,1,16.55,14.5,15.4,13.4,14,h,14.5,14,14.5,14,0,0.01,1332.841,5.723,0.031,19,14,-0.136,12,283,31.088,65.665,4.484,51.934,,,,,1
2026-10-10T04:00Z,2026-10-10T07:00Z,a4t:104t,3,14.8,13,15.9,13.8,14,h,13,14,13,14,0,0.008,952.885,5.133,0.98,19,14,-0.136,14,283,29.573,74.177,3.979,49.759,,,,,1
2026-10-10T04:00Z,2026-10-10T10:00Z,a4t:104t,6,13,11.5,16.4,14.3,13.9,h,11.5,13.9,11.6,13.9,0,0.003,324.351,3.101,2.812,19,14,-0.136,17,283,26.707,88.031,2.166,33.171,,,,,1
2026-10-10T04:00Z,2026-10-10T16:00Z,a4t:104t,12,10.850000000000001,9.7,15.6,13.7,13.6,h,9.7,13.6,9.7,13.6,0,0,387.047,4.272,0.8,19,14,-0.136,23,283,25.122,94.45,2.157,64.85,,,,,1
2026-10-10T04:00Z,2026-10-11T04:00Z,a4t:104t,24,4.199999999999999,3.8,9.4,8.4,12.2,h,3.8,12.2,3.9,12.2,0,0,967.869,5.192,0.239,19,14,-0.136,11,284,28.98,76.212,4.029,77.362,,,,,1
2026-10-10T04:00Z,2026-10-12T04:00Z,a4t:104t,48,11.100000000000001,10.5,8,7.5,10.7,h,10.5,10.7,10.5,10.7,0,0,1039.388,4.687,0.058,19,14,-0.136,11,285,30.155,69.532,3.631,59.909,,,,,1
2026-10-10T04:00Z,2026-10-10T05:00Z,a4t:85t,1,16.3,12.5,15.4,11.6,14.3,h,12.5,14.3,12.5,14.3,0,0.024,1151.226,3.074,0.283,13,14.3,-0.265,12,283,30.5,69.184,2.447,34.836,,,,,1
2026-10-10T04:00Z,2026-10-10T07:00Z,a4t:85t,3,16.25,12.6,15.9,12,14.3,h,12.6,14.3,12.6,14.3,0,0.009,439.942,3.107,2.46,13,14.3,-0.265,14,283,27.659,84.915,2.259,5.136,,,,,1
2026-10-10T04:00Z,2026-10-10T10:00Z,a4t:85t,6,14.2,11.1,16.5,12.5,14.3,h,11.1,14.3,11.2,14.3,0,0.004,377.876,2.183,1.19,13,14.3,-0.265,17,283,27.082,87.051,1.572,38.904,,,,,1
2026-10-10T04:00Z,2026-10-10T16:00Z,a4t:85t,12,9.899999999999999,7.9,15.7,12.1,13.8,h,7.9,13.8,7.9,13.8,0,0,225.263,2.661,1.919,13,14.3,-0.265,23,283,24.681,96.448,1.272,47.384,,,,,1
2026-10-10T04:00Z,2026-10-11T04:00Z,a4t:85t,24,4.050000000000001,3.3,10.3,8.2,12.4,h,3.3,12.4,3.4,12.4,0,0,572.383,4.193,1.815,13,14.3,-0.265,11,284,27.139,83.178,3.147,77.079,,,,,1
2026-10-10T04:00Z,2026-10-12T04:00Z,a4t:85t,48,8.3,7.5,6.4,5.5,9.9,h,7.5,9.9,7.5,9.9,0,0,978.394,3.728,0.087,13,14.3,-0.265,11,285,29.715,72.036,2.911,48.881,,,,,1
2026-10-10T04:00Z,2026-10-10T05:00Z,a4t:42t,1,6.45,15.8,5.1,13.5,17,h,15.8,17,15.8,17,0,0,1095.018,2.817,0.201,15,17,0.867,12,283,30.906,70.716,2.208,30.139,,,,,1
2026-10-10T04:00Z,2026-10-10T07:00Z,a4t:42t,3,5.5,13.2,5.2,13.7,16.9,h,13.2,16.9,13.2,16.9,0,0,1079.389,2.997,0.241,15,17,0.867,14,283,30.757,69.778,2.419,47.644,,,,,1
2026-10-10T04:00Z,2026-10-10T10:00Z,a4t:42t,6,5.95,13.5,5.5,14,16.7,h,13.5,16.7,13.6,16.7,0,0,256.001,1.042,0.568,15,17,0.867,17,283,27.281,84.04,0.86,73.644,,,,,1
2026-10-10T04:00Z,2026-10-10T16:00Z,a4t:42t,12,5.9,12.2,5.8,14.1,16.2,h,12.2,16.2,12.3,16.3,0,0.024,51.411,0.786,0.4,15,17,0.867,23,283,24.577,97.448,0.619,215.982,,,,,1
2026-10-10T04:00Z,2026-10-11T04:00Z,a4t:42t,24,3.45,6.4,5.6,11.8,15.3,h,6.4,15.3,6.5,15.4,0,0.002,720.378,1.624,0.084,15,17,0.867,11,284,28.776,77.662,1.372,123.333,,,,,1
2026-10-10T04:00Z,2026-10-12T04:00Z,a4t:42t,48,1.85,2.9,2.2,3.8,10.4,h,2.9,10.4,2.9,10.4,0,0,565.335,2.822,0.591,15,17,0.867,11,285,28.178,82.674,2.203,54.536,,,,,1
2026-10-10T04:00Z,2026-10-10T05:00Z,a4t:111t,1,3.5,6.6,5.2,9.8,14.5,h,6.6,14.5,6.6,14.5,0,0,1122.321,3.588,0.069,7,14.5,0.555,12,283,29.714,74.085,2.877,81.967,1.5,26,29,68,1
2026-10-10T04:00Z,2026-10-10T07:00Z,a4t:111t,3,3.95,7.2,5,9.4,14.5,h,7.2,14.5,7.2,14.5,0,0,1033.576,3.61,0.175,7,14.5,0.555,14,283,29.783,74.147,2.878,76.03,1.5,26,29,68,1
2026-10-10T04:00Z,2026-10-10T10:00Z,a4t:111t,6,3.8499999999999996,6.8,4.8,8.9,14.3,h,6.8,14.3,6.9,14.3,0,0,343.853,4.441,3.632,7,14.5,0.555,17,283,25.574,92.306,3.015,108.001,1.5,26,29,68,1
2026-10-10T04:00Z,2026-10-10T16:00Z,a4t:111t,12,3.8499999999999996,6.3,4.5,8.3,13.4,h,6.3,13.4,6.3,13.4,0,0,182.556,2.44,0.107,7,14.5,0.555,23,283,24.31,96.252,0.712,43.319,1.5,26,29,68,1
2026-10-10T04:00Z,2026-10-11T04:00Z,a4t:111t,24,3.6999999999999997,5.5,3.3,5.6,11.7,h,5.5,11.7,5.6,11.7,0,0,877.622,4.154,0.056,7,14.5,0.555,11,284,28.697,75.266,3.296,70.907,1.5,26,29,68,1
2026-10-10T04:00Z,2026-10-12T04:00Z,a4t:111t,48,12.55,15.5,7.3,9.5,12,h,15.5,12,15.5,12,0,0.001,798.424,3.949,0,7,14.5,0.555,11,285,28.946,72.95,3.084,68.302,1.5,26,29,68,1
2026-10-10T04:00Z,2026-10-10T05:00Z,a4t:96t,1,13.55,7,18.8,9.5,13.5,h,7,13.5,7,13.5,0,0.04,701.042,4.027,1.434,14,13.5,-0.638,12,283,29.242,72.86,3.047,66.654,1.3,333,22.2,72,1
2026-10-10T04:00Z,2026-10-10T07:00Z,a4t:96t,3,13.75,7.3,19.3,9.8,13.5,h,7.3,13.5,7.3,13.5,0,0.012,1111.465,4.259,0.349,14,13.5,-0.638,14,283,30.143,68.18,3.283,51.526,1.3,333,22.2,72,1
2026-10-10T04:00Z,2026-10-10T10:00Z,a4t:96t,6,12.6,6.9,20,10.2,13.4,h,6.9,13.4,7,13.4,0,0.002,623.842,4.205,0.027,14,13.5,-0.638,17,283,28.139,79.039,2.9,5.059,1.3,333,22.2,72,1
2026-10-10T04:00Z,2026-10-10T16:00Z,a4t:96t,12,11.600000000000001,6.8,18.8,9.8,12.7,h,6.8,12.7,6.8,12.7,0,0.001,61.256,1.153,0.874,14,13.5,-0.638,23,283,25.201,96.568,1.113,276.23,1.3,333,22.2,72,1
2026-10-10T04:00Z,2026-10-11T04:00Z,a4t:96t,24,6.85,4.4,11,6.4,11.2,h,4.4,11.2,4.5,11.2,0,0.001,852.409,1.568,0.057,14,13.5,-0.638,11,284,28.815,78.446,1.301,358.702,1.3,333,22.2,72,1
2026-10-10T04:00Z,2026-10-12T04:00Z,a4t:96t,48,13.899999999999999,10.9,10.6,7.7,10.6,h,10.9,10.6,10.9,10.6,0,0.001,1002.618,1.157,0,14,13.5,-0.638,11,285,30.212,73.701,0.995,32.651,1.3,333,22.2,72,1
2026-10-10T04:00Z,2026-10-10T05:00Z,a4t:82t,1,10.350000000000001,6.9,20.1,13.4,18.8,h,6.9,18.8,6.9,18.8,0,0,737.228,4.984,0.179,14,18.8,-0.384,12,283,26.428,84.874,3.726,48.599,,,,,1
2026-10-10T04:00Z,2026-10-10T07:00Z,a4t:82t,3,7.9,5.3,19.8,13.2,18.7,h,5.3,18.7,5.3,18.7,0,0,777.751,5.273,0.123,14,18.8,-0.384,14,283,27.318,78.337,4.008,53.877,,,,,1
2026-10-10T04:00Z,2026-10-10T10:00Z,a4t:82t,6,7.15,4.9,19.2,12.9,18.4,h,4.9,18.4,4.9,18.4,0,0,495.99,3.683,0.357,14,18.8,-0.384,17,283,26.226,86.206,2.556,56.12,,,,,1
2026-10-10T04:00Z,2026-10-10T16:00Z,a4t:82t,12,12.7,9.3,16.6,11.2,17.1,h,9.3,17.1,9.3,17.1,0,0,308.347,4.8,0,14,18.8,-0.384,23,283,24.971,82.675,2.195,77.502,,,,,1
2026-10-10T04:00Z,2026-10-11T04:00Z,a4t:82t,24,12.2,9.6,12.1,8.9,16.2,h,9.6,16.2,9.7,16.2,0,0.001,1030.043,4.123,0.003,14,18.8,-0.384,11,284,29.248,62.492,3.195,78.152,,,,,1
2026-10-10T04:00Z,2026-10-12T04:00Z,a4t:82t,48,28.75,25,23.1,19.4,19,h,25,19,25,19,0,0.003,818.44,2.947,0,14,18.8,-0.384,11,285,29.123,63.801,2.334,83.402,,,,,1
2026-10-10T04:00Z,2026-10-10T05:00Z,a4t:115t,1,6.7,3.1,17.4,8.5,14.1,h,3.1,14.1,3.1,14.1,0,0,1044.861,5.219,0.082,11,14.1,-0.669,12,283,28.243,74.402,4.023,61.036,2.2,4,27.2,70,1
2026-10-10T04:00Z,2026-10-10T07:00Z,a4t:115t,3,4.45,2,16.4,7.9,14,h,2,14,2,14,0,0,782.154,5.638,0.77,11,14.1,-0.669,14,283,27.1,79.537,4.277,51.049,2.2,4,27.2,70,1
2026-10-10T04:00Z,2026-10-10T10:00Z,a4t:115t,6,4.800000000000001,2.3,15.2,7.3,13.7,h,2.3,13.7,2.3,13.7,0,0,338.881,2.971,0.381,11,14.1,-0.669,17,283,25.711,88.665,1.812,38.351,2.2,4,27.2,70,1
2026-10-10T04:00Z,2026-10-10T16:00Z,a4t:115t,12,6.199999999999999,3.4,12.7,6.2,12.5,h,3.4,12.5,3.4,12.5,0,0,92.428,1.703,0,11,14.1,-0.669,23,283,23.58,94.842,0.425,57.211,2.2,4,27.2,70,1
2026-10-10T04:00Z,2026-10-11T04:00Z,a4t:115t,24,15.299999999999999,10,6.2,3.5,10.7,h,10,10.7,10.2,10.7,0,0,1018.516,3.489,0.043,11,14.1,-0.669,11,284,28.76,68.203,2.705,80.878,2.2,4,27.2,70,1
2026-10-10T04:00Z,2026-10-12T04:00Z,a4t:115t,48,24.65,19.3,20.2,14.7,14.4,h,19.3,14.4,19.3,14.4,0,0.002,965.543,2.023,0,11,14.1,-0.669,11,285,29.134,63.868,1.632,78.739,2.2,4,27.2,70,1
2026-10-10T04:00Z,2026-10-10T05:00Z,a4t:110t,1,2.45,11.6,4.1,19.3,14.7,h,11.6,14.7,11.6,14.7,0,0,1197.934,3.973,0.008,7,14.7,1.382,12,283,30.602,68.243,3.141,56.809,1.7,76,29.3,71,1
2026-10-10T04:00Z,2026-10-10T07:00Z,a4t:110t,3,2.5,11.2,3.9,18.1,14.6,h,11.2,14.6,11.2,14.6,0,0,1197.1,4.676,0.012,7,14.7,1.382,14,283,30.72,67.407,3.787,62.933,1.7,76,29.3,71,1
2026-10-10T04:00Z,2026-10-10T10:00Z,a4t:110t,6,1.95,8.5,3.5,16.3,14.4,h,8.5,14.4,8.6,14.4,0,0,535.173,5.516,0.712,7,14.7,1.382,17,283,26.53,87.474,3.516,48.661,1.7,76,29.3,71,1
2026-10-10T04:00Z,2026-10-10T16:00Z,a4t:110t,12,1.7999999999999998,6.9,2.2,10.5,13.4,h,6.9,13.4,6.9,13.4,0,0,624.301,7.609,0.015,7,14.7,1.382,23,283,24.874,86.962,4.332,51.895,1.7,76,29.3,71,1
2026-10-10T04:00Z,2026-10-11T04:00Z,a4t:110t,24,4.05,10.3,3.6,11.5,13.7,h,10.3,13.7,10.5,13.7,0,0.001,1131.903,7.219,0,7,14.7,1.382,11,284,29.385,68.905,5.365,58.844,1.7,76,29.3,71,1
2026-10-10T04:00Z,2026-10-12T04:00Z,a4t:110t,48,14.05,23.5,13,24.5,19.6,h,23.5,19.6,23.5,19.6,0,0.002,1130.105,6.201,0,7,14.7,1.382,11,285,30.095,67.245,4.747,68.532,1.7,76,29.3,71,1
2026-10-10T04:00Z,2026-10-10T05:00Z,a4t:91t,1,7.9,2.6,18.3,6.5,13.2,h,2.6,13.2,2.6,13.2,0,0,1011.955,5.667,0.096,8,13.2,-0.953,12,283,28.131,75.75,4.307,59.124,,,,,1
2026-10-10T04:00Z,2026-10-10T07:00Z,a4t:91t,3,5.65,1.8,17.5,6.2,13.1,h,1.8,13.1,1.8,13.1,0,0,818.486,5.489,0.47,8,13.2,-0.953,14,283,27.6,78.476,4.216,50.219,,,,,1
2026-10-10T04:00Z,2026-10-10T10:00Z,a4t:91t,6,5.2,1.8,16.5,5.8,12.8,h,1.8,12.8,1.8,12.8,0,0,465.136,3.785,0.36,8,13.2,-0.953,17,283,26.1,86.726,2.462,48.554,,,,,1
2026-10-10T04:00Z,2026-10-10T16:00Z,a4t:91t,12,4.45,1.7,13.8,4.9,11.3,h,1.7,11.3,1.7,11.3,0,0,196.904,3.613,0,8,13.2,-0.953,23,283,24.509,89.285,1.377,67.062,,,,,1
2026-10-10T04:00Z,2026-10-11T04:00Z,a4t:91t,24,17.049999999999997,9.4,6.3,2.7,9.8,h,9.4,9.8,9.5,9.8,0,0,1062.049,3.856,0.013,8,13.2,-0.953,11,284,29.258,65.107,3.007,74.433,,,,,1
2026-10-10T04:00Z,2026-10-12T04:00Z,a4t:91t,48,28.1,19.8,21.2,13.5,13.4,h,19.8,13.4,19.8,13.4,0,0.003,915.214,2.293,0,8,13.2,-0.953,11,285,29.402,61.995,1.83,73.604,,,,,1
2026-10-10T04:00Z,2026-10-10T05:00Z,a4t:92t,1,11.55,15,9.9,13.1,15,h,15,15,15,15,0,0.008,743.16,4.219,2.153,13,15,0.26,12,283,28.494,76.447,3.186,59.077,,,,,1
2026-10-10T04:00Z,2026-10-10T07:00Z,a4t:92t,3,12.1,15.6,10.6,14,15,h,15.6,15,15.6,15,0,0.001,612.592,5.261,1.263,13,15,0.26,14,283,27.291,84.908,3.729,49.959,,,,,1
2026-10-10T04:00Z,2026-10-10T10:00Z,a4t:92t,6,11.8,15,11.6,15.3,15,h,15,15,15.1,15,0,0,549.186,4.369,0.019,13,15,0.26,17,283,27.5,81.67,2.717,17.338,,,,,1
2026-10-10T04:00Z,2026-10-10T16:00Z,a4t:92t,12,10.75,13.3,11.8,15.2,14.9,h,13.3,14.9,13.4,14.9,0,0.001,162.702,4.444,0,13,15,0.26,23,283,25.207,86.865,1.834,45.183,,,,,1
2026-10-10T04:00Z,2026-10-11T04:00Z,a4t:92t,24,7.65,9.1,9.9,12.3,14.3,h,9.1,14.3,9.2,14.3,0,0.001,1046.595,3.333,0.047,13,15,0.26,11,284,29.66,68.601,2.546,59.783,,,,,1
2026-10-10T04:00Z,2026-10-12T04:00Z,a4t:92t,48,12.600000000000001,13.9,10.3,11.7,13.8,h,13.9,13.8,13.9,13.8,0,0.001,800.557,1.535,0.051,13,15,0.26,11,285,30.179,67.362,1.2,83.881,,,,,1
2026-10-10T04:00Z,2026-10-10T05:00Z,a4t:98t,1,14.1,18.3,13.4,17.6,15.8,h,18.3,15.8,18.3,15.8,0,0.036,1141.566,2.706,0.054,15,15.8,0.26,12,283,30.528,70.676,2.054,48.449,1.3,21,32,70,1
2026-10-10T04:00Z,2026-10-10T07:00Z,a4t:98t,3,14,18,13.8,18.1,15.8,h,18,15.8,18,15.8,0,0.025,415.142,3.725,3.059,15,15.8,0.26,14,283,27.806,84.407,2.695,61.207,1.3,21,32,70,1
2026-10-10T04:00Z,2026-10-10T10:00Z,a4t:98t,6,12.35,15.6,14.3,18.8,15.9,h,15.6,15.9,15.7,15.9,0,0.007,474.015,3.17,3.09,15,15.8,0.26,17,283,26.869,85.537,2.245,43.438,1.3,21,32,70,1
2026-10-10T04:00Z,2026-10-10T16:00Z,a4t:98t,12,8.100000000000001,10.1,13.4,17.4,15.7,h,10.1,15.7,10.1,15.7,0,0,81.613,1.353,0.365,15,15.8,0.26,23,283,24.806,96.846,0.972,349.387,1.3,21,32,70,1
2026-10-10T04:00Z,2026-10-11T04:00Z,a4t:98t,24,4.699999999999999,5.6,9.4,11.7,14.5,h,5.6,14.5,5.7,14.5,0,0,883.816,3.328,0.152,15,15.8,0.26,11,284,27.98,80.177,2.535,63.312,1.3,21,32,70,1
2026-10-10T04:00Z,2026-10-12T04:00Z,a4t:98t,48,7.8,8.6,6.4,7.3,11.5,h,8.6,11.5,8.6,11.5,0,0,980.37,3.641,0,15,15.8,0.26,11,285,29.947,68.115,2.8,73.887,1.3,21,32,70,1
2026-10-10T04:00Z,2026-10-10T05:00Z,a4t:83t,1,4.45,8.4,3.7,7.4,10.2,h,8.4,10.2,8.4,10.2,0,0,1133.6,2.847,0.064,6,10.2,0.58,12,283,30.482,71.619,2.3,44.414,,,,,1
2026-10-10T04:00Z,2026-10-10T07:00Z,a4t:83t,3,4.75,8.7,3.8,7.4,10.1,h,8.7,10.1,8.7,10.1,0,0,1090.938,3.536,0.075,6,10.2,0.58,14,283,30.54,70.603,2.876,41.169,,,,,1
2026-10-10T04:00Z,2026-10-10T10:00Z,a4t:83t,6,4.65,8.2,3.9,7.6,10,h,8.2,10,8.3,10,0,0,387.282,4.734,0.582,6,10.2,0.58,17,283,26.074,90.383,2.753,40.867,,,,,1
2026-10-10T04:00Z,2026-10-10T16:00Z,a4t:83t,12,3.4000000000000004,5.8,3.8,7.1,9.6,h,5.8,9.6,5.8,9.6,0,0,285.304,4.007,0.128,6,10.2,0.58,23,283,24.653,93.694,1.872,36.949,,,,,1
2026-10-10T04:00Z,2026-10-11T04:00Z,a4t:83t,24,1.9,3.1,3.2,5.5,8.7,h,3.1,8.7,3.2,8.7,0,0,987.605,3.284,0,6,10.2,0.58,11,284,29.277,71.695,2.534,54.383,,,,,1
2026-10-10T04:00Z,2026-10-12T04:00Z,a4t:83t,48,9.3,11.6,7.6,10,10.1,h,11.6,10.1,11.6,10.1,0,0.001,926.109,3.175,0,6,10.2,0.58,11,285,29.925,68.439,2.472,62.443,,,,,1
2026-10-10T04:00Z,2026-10-10T05:00Z,a4t:116t,1,16.55,18.1,15.4,16.9,18.7,h,18.1,18.7,18.1,18.7,0,0.006,1134.395,3.921,0.218,23,18.7,0.087,12,283,30.567,68.244,3.058,47.679,1.5,54,30.2,65,1
2026-10-10T04:00Z,2026-10-10T07:00Z,a4t:116t,3,14.8,16.1,15.9,17.5,18.6,h,16.1,18.6,16.1,18.6,0,0.004,646.952,3.334,1.532,23,18.7,0.087,14,283,28.555,79.799,2.545,37.861,1.5,54,30.2,65,1
2026-10-10T04:00Z,2026-10-10T10:00Z,a4t:116t,6,13,14.1,16.4,18,18.5,h,14.1,18.5,14.2,18.5,0,0.002,335.154,2.521,2.072,23,18.7,0.087,17,283,26.781,88.568,1.649,55.702,1.5,54,30.2,65,1
2026-10-10T04:00Z,2026-10-10T16:00Z,a4t:116t,12,10.850000000000001,11.6,15.6,17.1,17.9,h,11.6,17.9,11.7,17.9,0,0,304.78,3.631,1.206,23,18.7,0.087,23,283,24.831,96.037,1.946,51.262,1.5,54,30.2,65,1
2026-10-10T04:00Z,2026-10-11T04:00Z,a4t:116t,24,4.199999999999999,4.5,9.4,10.2,16,h,4.5,16,4.6,16,0,0,815.749,4.973,0.819,23,18.7,0.087,11,284,28.309,77.913,3.765,79.67,1.5,54,30.2,65,1
2026-10-10T04:00Z,2026-10-12T04:00Z,a4t:116t,48,11.100000000000001,11.5,8,8.4,13.5,h,11.5,13.5,11.5,13.5,0,0,1074.38,4.119,0.059,23,18.7,0.087,11,285,30.029,70.142,3.169,60.048,1.5,54,30.2,65,1
2026-10-10T04:00Z,2026-10-10T05:00Z,a4t:73t,1,11.25,26.4,9.1,22.6,22.2,h,26.4,22.2,26.4,22.2,0,0.02,1243.949,2.822,0.084,22,22.2,0.858,12,283,29.207,54.479,2.064,52.048,,,,,1
2026-10-10T04:00Z,2026-10-10T07:00Z,a4t:73t,3,9.45,21.6,9.7,24,22.2,h,21.6,22.2,21.6,22.2,0,0.018,1369.339,2.958,0.085,22,22.2,0.858,14,283,29.826,53.994,2.193,45.993,,,,,1
2026-10-10T04:00Z,2026-10-10T10:00Z,a4t:73t,6,10.25,22.3,10.6,25.7,22.2,h,22.3,22.2,22.5,22.2,0,0.01,451.736,2.908,0.031,22,22.2,0.858,17,283,27.018,70.918,1.753,106.46,,,,,1
2026-10-10T04:00Z,2026-10-10T16:00Z,a4t:73t,12,15.2,29.8,11.2,25.7,22.4,h,29.8,22.4,29.9,22.4,0,0.004,38.968,0.597,0.104,22,22.2,0.858,23,283,23.501,88.854,0.464,246.024,,,,,1
2026-10-10T04:00Z,2026-10-11T04:00Z,a4t:73t,24,5.9,10.4,12.1,24,22.7,h,10.4,22.7,10.6,22.7,0,0.001,412.689,2.045,1.83,22,22.2,0.858,11,284,23.956,88.512,1.469,18.637,,,,,1
2026-10-10T04:00Z,2026-10-12T04:00Z,a4t:73t,48,11.3,15.6,9.9,15,19.7,h,15.6,19.7,15.6,19.7,0,0,820.177,1.603,0.046,22,22.2,0.858,11,285,27.907,71.245,1.188,66.413,,,,,1
2026-10-10T04:00Z,2026-10-10T05:00Z,a4t:35t,1,7.8,10.1,18.3,23.7,19,h,10.1,19,10.1,19,0,0.006,1216.92,1.56,0.067,18,19,0.245,12,283,30.728,56.879,1.123,45.511,0.2,360,,,1
2026-10-10T04:00Z,2026-10-10T07:00Z,a4t:35t,3,9.05,11.5,18.6,24,19,h,11.5,19,11.5,19,0,0.009,1321.862,2.467,0.071,18,19,0.245,14,283,31.525,53.854,1.82,56.326,0.2,360,,,1
2026-10-10T04:00Z,2026-10-10T10:00Z,a4t:35t,6,11.45,14.3,19.3,24.8,18.9,h,14.3,18.9,14.4,18.9,0,0.008,303.308,2.729,0.305,18,19,0.245,17,283,27.197,79.467,1.815,164.772,0.2,360,,,1
2026-10-10T04:00Z,2026-10-10T16:00Z,a4t:35t,12,32.55,39.3,19.2,24.3,19.6,h,39.3,19.6,39.5,19.6,0,0.002,70.01,1.298,0.547,18,19,0.245,23,283,24.393,94.683,0.522,335.624,0.2,360,,,1
2026-10-10T04:00Z,2026-10-11T04:00Z,a4t:35t,24,10,11.7,20.5,24.7,20.5,h,11.7,20.5,11.9,20.5,0,0.001,909.56,0.485,0.136,18,19,0.245,11,284,27.616,76.496,0.405,11.18,0.2,360,,,1
2026-10-10T04:00Z,2026-10-12T04:00Z,a4t:35t,48,8.95,9.8,13.8,15.5,17.8,h,9.8,17.8,9.8,17.8,0,0,658.518,0.449,0.024,18,19,0.245,11,285,28.5,71.724,0.324,167.782,0.2,360,,,1
2026-10-10T04:00Z,2026-10-10T05:00Z,a4t:36t,1,7.8,8.3,18.3,19.4,12.2,h,8.3,12.2,8.3,12.2,0,0.004,1179.747,1.766,0.03,26,12.2,0.056,12,283,31.055,56.916,1.359,53.829,0.7,36,30.3,,1
2026-10-10T04:00Z,2026-10-10T07:00Z,a4t:36t,3,9.05,9.6,18.6,19.8,12.2,h,9.6,12.2,9.6,12.2,0,0.008,1235.693,2.626,0.03,26,12.2,0.056,14,283,31.761,54.869,2.004,67.117,0.7,36,30.3,,1
2026-10-10T04:00Z,2026-10-10T10:00Z,a4t:36t,6,11.45,12.1,19.3,20.4,12.2,h,12.1,12.2,12.2,12.2,0,0.007,334.631,2.653,0.196,26,12.2,0.056,17,283,27.735,77.201,1.845,163.576,0.7,36,30.3,,1
2026-10-10T04:00Z,2026-10-10T16:00Z,a4t:36t,12,32.55,34,19.2,20.3,13.2,h,34,13.2,34.1,13.2,0,0.002,64.781,1.152,0.25,26,12.2,0.056,23,283,24.895,93.19,0.386,343.038,0.7,36,30.3,,1
2026-10-10T04:00Z,2026-10-11T04:00Z,a4t:36t,24,10,10.4,20.5,21.4,14.6,h,10.4,14.6,10.6,14.6,0,0.001,986.748,0.686,0.116,26,12.2,0.056,11,284,28.114,75.052,0.57,47.198,0.7,36,30.3,,1
2026-10-10T04:00Z,2026-10-12T04:00Z,a4t:36t,48,8.95,9.1,13.8,14.2,12.9,h,9.1,12.9,9.1,12.9,0,0,620.611,0.587,0.008,26,12.2,0.056,11,285,28.727,72.371,0.484,163.311,0.7,36,30.3,,1
2026-10-10T04:00Z,2026-10-10T05:00Z,a4t:97t,1,8.1,11,12.6,17.2,15.7,h,11,15.7,11,15.7,0,0.008,921.945,4.936,0.113,20,15.7,0.292,12,283,27.56,69.374,3.58,13.841,2.7,54,30.4,,1
2026-10-10T04:00Z,2026-10-10T07:00Z,a4t:97t,3,5.550000000000001,7.5,12.6,17.2,15.6,h,7.5,15.6,7.5,15.6,0,0.003,922.125,4.154,0.368,20,15.7,0.292,14,283,28.182,71.961,3.1,7.813,2.7,54,30.4,,1
2026-10-10T04:00Z,2026-10-10T10:00Z,a4t:97t,6,4.4,5.9,12.1,16.5,15.5,h,5.9,15.5,6,15.5,0,0.001,292.726,3.883,0.784,20,15.7,0.292,17,283,25.973,85.115,2.008,0.641,2.7,54,30.4,,1
2026-10-10T04:00Z,2026-10-10T16:00Z,a4t:97t,12,5.3,6.8,9.6,13,14.8,h,6.8,14.8,6.8,14.8,0,0,221.106,4.379,0.025,20,15.7,0.292,23,283,23.352,93.258,2.094,358.214,2.7,54,30.4,,1
2026-10-10T04:00Z,2026-10-11T04:00Z,a4t:97t,24,6.55,7.9,4.8,6.2,12.7,h,7.9,12.7,8,12.7,0,0,1019.683,1.85,0.52,20,15.7,0.292,11,284,27.747,74.274,1.357,30.204,2.7,54,30.4,,1
2026-10-10T04:00Z,2026-10-12T04:00Z,a4t:97t,48,20.6,22.9,11.9,13.6,14.6,h,22.9,14.6,22.9,14.6,0,0.001,713.132,2.178,0.284,20,15.7,0.292,11,285,28.308,71.179,1.626,345.818,2.7,54,30.4,,1
2026-10-10T04:00Z,2026-10-10T05:00Z,a4t:69t,1,9.75,15.6,8.7,14.3,15.5,h,15.6,15.5,15.6,15.5,0,0.004,480.21,3.218,2.412,15,15.5,0.46,12,283,26.602,81.608,2.349,77.948,7.4,327,,8,1
2026-10-10T04:00Z,2026-10-10T07:00Z,a4t:69t,3,10.5,16.4,9.2,15.1,15.5,h,16.4,15.5,16.4,15.5,0,0.001,529.424,2.254,0.96,15,15.5,0.46,14,283,26.248,86.313,1.669,49.235,7.4,327,,8,1
2026-10-10T04:00Z,2026-10-10T10:00Z,a4t:69t,6,10.1,15.4,10,16.2,15.5,h,15.4,15.5,15.5,15.5,0,0.001,504.145,3.619,0,15,15.5,0.46,17,283,25.859,87.434,2.176,25.278,7.4,327,,8,1
2026-10-10T04:00Z,2026-10-10T16:00Z,a4t:69t,12,9.8,14.2,9.9,15.6,15.5,h,14.2,15.5,14.3,15.5,0,0.001,221.437,3.391,0,15,15.5,0.46,23,283,23.668,93.88,1.294,45.316,7.4,327,,8,1
2026-10-10T04:00Z,2026-10-11T04:00Z,a4t:69t,24,8.850000000000001,11.9,9,13.2,14.9,h,11.9,14.9,12.1,14.9,0,0.001,1124.659,3.293,0.067,15,15.5,0.46,11,284,28.397,70.417,2.438,61.357,7.4,327,,8,1
2026-10-10T04:00Z,2026-10-12T04:00Z,a4t:69t,48,11.7,13.9,8.8,11,13.9,h,13.9,13.9,13.9,13.9,0,0.001,881.187,0.97,0.065,15,15.5,0.46,11,285,29.061,70.571,0.772,34.808,7.4,327,,8,1
2026-10-10T04:00Z,2026-10-10T05:00Z,a4t:58t,1,4.65,9.5,5.6,11.7,11.8,h,9.5,11.8,9.5,11.8,0,0.003,1604.268,1.379,0.335,14,11.8,0.659,12,283,31.674,46.702,1.075,358.931,,,,,1
2026-10-10T04:00Z,2026-10-10T07:00Z,a4t:58t,3,5.85,11.4,5.8,12,11.8,h,11.4,11.8,11.4,11.8,0,0.004,1665.915,1.725,0.144,14,11.8,0.659,14,283,32.283,43.964,1.215,8.914,,,,,1
2026-10-10T04:00Z,2026-10-10T10:00Z,a4t:58t,6,7.75,14.3,6.2,12.7,11.8,h,14.3,11.8,14.4,11.8,0,0.009,370.342,2.38,0,14,11.8,0.659,17,283,30.475,60.353,0.927,28.484,,,,,1
2026-10-10T04:00Z,2026-10-10T16:00Z,a4t:58t,12,11,18.6,7.2,13.8,12.1,h,18.6,12.1,18.7,12.1,0,0.011,40.017,2.16,0,14,11.8,0.659,23,283,23.783,80.592,1.341,90.204,,,,,1
2026-10-10T04:00Z,2026-10-11T04:00Z,a4t:58t,24,5.9,9.1,9,15.3,12.7,h,9.1,12.7,9.2,12.7,0,0.002,998.287,1.526,0.543,14,11.8,0.659,11,284,27.154,80.845,1.072,28.405,,,,,1
2026-10-10T04:00Z,2026-10-12T04:00Z,a4t:58t,48,5.5,7.2,5.5,7.7,10.4,h,7.2,10.4,7.2,10.4,0,0,988.992,1.028,0.112,14,11.8,0.659,11,285,29.211,65.081,0.9,309.921,,,,,1
2026-10-10T04:00Z,2026-10-10T05:00Z,a4t:05t,1,12.65,21.9,,,,h,21.9,,21.9,,0,0.001,1026.258,3.223,0.167,,,0.562,12,283,30.489,69.457,2.554,44.332,1,62,16.8,,1
2026-10-10T04:00Z,2026-10-10T07:00Z,a4t:05t,3,10.35,17.6,,,,h,17.6,,17.6,,0,0,570.795,1.497,1.044,,,0.562,14,283,28.505,81.306,1.03,335.181,1,62,16.8,,1
2026-10-10T04:00Z,2026-10-10T10:00Z,a4t:05t,6,9.05,15,,,,h,15,,15.1,,0,0,291.603,1.732,2.36,,,0.562,17,283,26.399,91.239,0.982,82.024,1,62,16.8,,1
2026-10-10T04:00Z,2026-10-10T16:00Z,a4t:05t,12,9.7,15.1,,,,h,15.1,,15.2,,0,0,248.891,2.981,1.608,,,0.562,23,283,24.615,97.342,1.683,46.417,1,62,16.8,,1
2026-10-10T04:00Z,2026-10-11T04:00Z,a4t:05t,24,3.7,5.5,,,,h,5.5,,5.6,,0,0,716.851,3.246,1.092,,,0.562,11,284,28.223,78.896,2.389,89.441,1,62,16.8,,1
2026-10-10T04:00Z,2026-10-12T04:00Z,a4t:05t,48,10.45,12.9,,,,h,12.9,,12.9,,0,0,1004.327,3.531,0.113,,,0.562,11,285,30.183,70.35,2.712,66.326,1,62,16.8,,1
2026-10-10T04:00Z,2026-10-10T05:00Z,a4t:12t,1,24.549999999999997,19.4,,,,h,19.4,,19.4,,0,0.001,1027.004,3.145,0.171,,,-0.247,12,283,30.47,69.389,2.491,43.666,,,,,1
2026-10-10T04:00Z,2026-10-10T07:00Z,a4t:12t,3,21.950000000000003,17.5,,,,h,17.5,,17.5,,0,0.001,539.964,1.708,1.194,,,-0.247,14,283,28.34,82.224,1.195,327.198,,,,,1
2026-10-10T04:00Z,2026-10-10T10:00Z,a4t:12t,6,16.450000000000003,13.2,,,,h,13.2,,13.3,,0,0,300.813,1.572,2.239,,,-0.247,17,283,26.481,90.956,0.886,77.462,,,,,1
2026-10-10T04:00Z,2026-10-10T16:00Z,a4t:12t,12,12.100000000000001,9.9,,,,h,9.9,,9.9,,0,0,254.93,3.009,1.728,,,-0.247,23,283,24.616,97.295,1.687,46.494,,,,,1
2026-10-10T04:00Z,2026-10-11T04:00Z,a4t:12t,24,7.85,6.7,,,,h,6.7,,6.8,,0,0,680.268,3.203,1.285,,,-0.247,11,284,28.025,79.808,2.351,89.467,,,,,1
2026-10-10T04:00Z,2026-10-12T04:00Z,a4t:12t,48,16,14.6,,,,h,14.6,,14.6,,0,0,1006.048,3.419,0.101,,,-0.247,11,285,30.125,70.542,2.631,64.025,,,,,1
2026-10-10T04:00Z,2026-10-10T05:00Z,a4t:50t,1,24.549999999999997,24.9,28,28.5,25.8,h,24.9,25.8,24.9,25.8,0,0.002,1026.322,3.116,0.173,29,25.8,0.015,12,283,30.469,69.305,2.467,43.632,,,30,63,1
2026-10-10T04:00Z,2026-10-10T07:00Z,a4t:50t,3,21.950000000000003,22.3,27.7,28.1,25.7,h,22.3,25.7,22.3,25.7,0,0.001,522.884,1.79,1.245,29,25.8,0.015,14,283,28.265,82.639,1.262,324.093,,,30,63,1
2026-10-10T04:00Z,2026-10-10T10:00Z,a4t:50t,6,16.450000000000003,16.7,26.4,26.8,25.6,h,16.7,25.6,16.8,25.6,0,0,302.036,1.533,2.218,29,25.8,0.015,17,283,26.499,90.945,0.858,76.96,,,30,63,1
2026-10-10T04:00Z,2026-10-10T16:00Z,a4t:50t,12,12.100000000000001,12.3,24,24.3,25,h,12.3,25,12.4,25,0,0,256.61,3.031,1.749,29,25.8,0.015,23,283,24.623,97.3,1.699,47.188,,,30,63,1
2026-10-10T04:00Z,2026-10-11T04:00Z,a4t:50t,24,7.85,7.9,13,13.2,21.8,h,7.9,21.8,8,21.8,0,0,675.652,3.256,1.34,29,25.8,0.015,11,284,28.001,79.921,2.389,89.605,,,30,63,1
2026-10-10T04:00Z,2026-10-12T04:00Z,a4t:50t,48,16,16.1,13,13.1,19.4,h,16.1,19.4,16.1,19.4,0,0,1010.853,3.392,0.094,29,25.8,0.015,11,285,30.129,70.458,2.611,63.593,,,30,63,1
2026-10-10T04:00Z,2026-10-10T05:00Z,a4t:54t,1,24.549999999999997,24.8,,,,h,24.8,,24.8,,0,0.001,1021.216,3.08,0.176,,,0.012,12,283,30.475,69.145,2.438,44.052,,,,,1
2026-10-10T04:00Z,2026-10-10T07:00Z,a4t:54t,3,21.950000000000003,22.2,,,,h,22.2,,22.2,,0,0.001,496.533,1.856,1.272,,,0.012,14,283,28.177,83.153,1.324,320.36,,,,,1
2026-10-10T04:00Z,2026-10-10T10:00Z,a4t:54t,6,16.450000000000003,16.6,,,,h,16.6,,16.7,,0,0,297.763,1.537,2.265,,,0.012,17,283,26.487,91.139,0.841,79.041,,,,,1
2026-10-10T04:00Z,2026-10-10T16:00Z,a4t:54t,12,12.100000000000001,12.2,,,,h,12.2,,12.3,,0,0,257.012,3.067,1.716,,,0.012,23,283,24.641,97.365,1.724,48.732,,,,,1
2026-10-10T04:00Z,2026-10-11T04:00Z,a4t:54t,24,7.85,7.9,,,,h,7.9,,8,,0,0,691.323,3.431,1.343,,,0.012,11,284,28.084,79.549,2.516,89.983,,,,,1
2026-10-10T04:00Z,2026-10-12T04:00Z,a4t:54t,48,16,16.1,,,,h,16.1,,16.1,,0,0,1024.045,3.39,0.082,,,0.012,11,285,30.187,70.055,2.604,64.165,,,,,1
2026-10-10T04:00Z,2026-10-10T05:00Z,a4t:41t,1,12.85,13.9,,,,h,13.9,,13.9,,0,0.051,1316.845,3.526,0.199,,,0.077,12,283,31.146,64.67,2.817,61.621,,,,,1
2026-10-10T04:00Z,2026-10-10T07:00Z,a4t:41t,3,12.7,13.7,,,,h,13.7,,13.7,,0,0.034,438.954,2.588,2.664,,,0.077,14,283,27.955,81.406,1.848,73.267,,,,,1
2026-10-10T04:00Z,2026-10-10T10:00Z,a4t:41t,6,11.1,11.9,,,,h,11.9,,12,,0,0.009,504.618,3.419,1.439,,,0.077,17,283,27.222,84.398,2.443,36.556,,,,,1
2026-10-10T04:00Z,2026-10-10T16:00Z,a4t:41t,12,8.2,8.7,,,,h,8.7,,8.7,,0,0,57.27,0.742,0.04,,,0.077,23,283,25.321,93.175,0.378,47.754,,,,,1
2026-10-10T04:00Z,2026-10-11T04:00Z,a4t:41t,24,4.4,4.6,,,,h,4.6,,4.7,,0,0,1048.64,2.366,0.123,,,0.077,11,284,28.697,77.032,1.828,67.885,,,,,1
2026-10-10T04:00Z,2026-10-12T04:00Z,a4t:41t,48,8.05,8.3,,,,h,8.3,,8.3,,0,0,1070.934,1.856,0.042,,,0.077,11,285,30.21,70.502,1.508,76.71,,,,,1
2026-10-10T04:00Z,2026-10-10T05:00Z,a4t:37t,1,7.15,19,6.1,17.2,15.3,h,19,15.3,19,15.3,0,0.004,1409.255,2.095,0.024,15,15.3,0.954,12,283,30.917,62.354,1.676,40.871,,,,,1
2026-10-10T04:00Z,2026-10-10T07:00Z,a4t:37t,3,8.5,21.4,6.3,17.8,15.3,h,21.4,15.3,21.4,15.3,0,0.002,469.113,6.598,5.705,15,15.3,0.954,14,283,26.343,87.526,4.588,96.045,,,,,1
2026-10-10T04:00Z,2026-10-10T10:00Z,a4t:37t,6,9.1,21.7,6.9,18.8,15.5,h,21.7,15.5,21.9,15.5,0,0.001,427.21,2.006,0.094,15,15.3,0.954,17,283,26.707,86.326,1.318,66.28,,,,,1
2026-10-10T04:00Z,2026-10-10T16:00Z,a4t:37t,12,10,21.4,7.4,18.9,16,h,21.4,16,21.5,16,0,0.001,119.672,3.428,0.011,15,15.3,0.954,23,283,24.627,96,1.337,38.729,,,,,1
2026-10-10T04:00Z,2026-10-11T04:00Z,a4t:37t,24,8.25,15.1,8.9,19.3,16.3,h,15.1,16.3,15.3,16.4,0,0.001,1233.629,3.246,0.097,15,15.3,0.954,11,284,28.754,72.519,2.532,67.081,,,,,1
2026-10-10T04:00Z,2026-10-12T04:00Z,a4t:37t,48,9.7,14,7.3,11.9,14.1,h,14,14.1,14,14.1,0,0,737.653,1.241,0.091,15,15.3,0.954,11,285,29.001,70.622,0.926,52.796,,,,,1
2026-10-10T04:00Z,2026-10-10T05:00Z,a4t:38t,1,7.15,18.7,6.1,17,14.8,h,18.7,14.8,18.7,14.8,0,0.005,1414.731,2.856,0.139,15,14.8,0.94,12,283,29.92,63.665,2.149,52.945,,,,,1
2026-10-10T04:00Z,2026-10-10T07:00Z,a4t:38t,3,8.5,21.2,6.3,17.6,14.8,h,21.2,14.8,21.2,14.8,0,0.002,203.193,2.336,2.685,15,14.8,0.94,14,283,24.231,96.716,1.222,79.116,,,,,1
2026-10-10T04:00Z,2026-10-10T10:00Z,a4t:38t,6,9.1,21.4,6.9,18.6,15,h,21.4,15,21.6,15,0,0.001,370.235,3.778,0.099,15,14.8,0.94,17,283,25.054,93.016,2.278,49.23,,,,,1
2026-10-10T04:00Z,2026-10-10T16:00Z,a4t:38t,12,10,21.2,7.4,18.7,15.5,h,21.2,15.5,21.3,15.5,0,0.001,152.203,4.662,0,15,14.8,0.94,23,283,23.282,95.834,1.934,45.429,,,,,1
2026-10-10T04:00Z,2026-10-11T04:00Z,a4t:38t,24,8.25,15,8.9,19.1,15.9,h,15,15.9,15.2,15.9,0,0.001,1141.478,3.601,0,15,14.8,0.94,11,284,27.96,74.778,2.677,71.364,,,,,1
2026-10-10T04:00Z,2026-10-12T04:00Z,a4t:38t,48,9.7,13.9,7.3,11.8,13.8,h,13.9,13.8,13.9,13.8,0,0,805.886,2.131,0.188,15,14.8,0.94,11,285,28.591,69.756,1.525,84.793,,,,,1
2026-10-10T04:00Z,2026-10-10T05:00Z,a4t:39t,1,7.15,18.3,6.1,16.6,14.6,h,18.3,14.6,18.3,14.6,0,0.004,1287.399,2.994,0.04,14,14.6,0.919,12,283,28.388,62.551,2.191,58.443,,,,,1
2026-10-10T04:00Z,2026-10-10T07:00Z,a4t:39t,3,8.5,20.7,6.3,17.2,14.6,h,20.7,14.6,20.7,14.6,0,0.003,281.177,3.607,4.496,14,14.6,0.919,14,283,23.449,95.563,2.346,75.741,,,,,1
2026-10-10T04:00Z,2026-10-10T10:00Z,a4t:39t,6,9.1,21,6.9,18.2,14.8,h,21,14.8,21.2,14.8,0,0.001,303.209,3.958,1.198,14,14.6,0.919,17,283,23.352,96.536,2.336,50.011,,,,,1
2026-10-10T04:00Z,2026-10-10T16:00Z,a4t:39t,12,10,20.9,7.4,18.3,15.3,h,20.9,15.3,21,15.3,0,0.001,147.767,5.251,0,14,14.6,0.919,23,283,21.64,96.016,2.506,54.538,,,,,1
2026-10-10T04:00Z,2026-10-11T04:00Z,a4t:39t,24,8.25,14.8,8.9,18.8,15.7,h,14.8,15.7,15,15.7,0,0.001,1111.359,3.831,0.002,14,14.6,0.919,11,284,26.46,75.051,2.747,71.603,,,,,1
2026-10-10T04:00Z,2026-10-12T04:00Z,a4t:39t,48,9.7,13.8,7.3,11.7,13.6,h,13.8,13.6,13.8,13.6,0,0,874.577,2.076,0.059,14,14.6,0.919,11,285,27.62,65.165,1.561,91.477,,,,,1
2026-10-10T04:00Z,2026-10-10T05:00Z,a4t:71t,1,4.65,9.8,,,,h,9.8,,9.8,,0,0,1174.804,2.945,0.152,,,0.702,12,283,30.607,69.685,2.258,88.249,,,,,1
2026-10-10T04:00Z,2026-10-10T07:00Z,a4t:71t,3,4.4,9,,,,h,9,,9,,0,0,650.633,3.511,1.456,,,0.702,14,283,28.699,81.508,2.561,99.927,,,,,1
2026-10-10T04:00Z,2026-10-10T10:00Z,a4t:71t,6,4.1,8.1,,,,h,8.1,,8.2,,0,0,333.899,2.463,1.973,,,0.702,17,283,26.82,89.622,1.64,117.509,,,,,1
2026-10-10T04:00Z,2026-10-10T16:00Z,a4t:71t,12,4.4,8,,,,h,8,,8,,0,0,137.023,1.298,0.774,,,0.702,23,283,24.547,97.317,0.556,85.15,,,,,1
2026-10-10T04:00Z,2026-10-11T04:00Z,a4t:71t,24,2.35,4,,,,h,4,,4.1,,0,0,855.257,2.423,0.202,,,0.702,11,284,29.045,77.219,1.914,86.666,,,,,1
2026-10-10T04:00Z,2026-10-12T04:00Z,a4t:71t,48,7.75,10.2,,,,h,10.2,,10.2,,0,0.001,985.568,1.779,0.068,,,0.702,11,285,29.831,72.507,1.408,85.997,,,,,1
2026-10-10T04:00Z,2026-10-10T05:00Z,a4t:57t,1,13.85,13.9,,,,h,13.9,,13.9,,0,0.022,1142.761,4.566,0.071,,,-0.345,12,283,29.022,57.502,3.327,46.873,,,,,1
2026-10-10T04:00Z,2026-10-10T07:00Z,a4t:57t,3,11.6,11.6,,,,h,11.6,,11.6,,0,0.02,1232.878,4.457,0.081,,,-0.345,14,283,29.419,57.691,3.279,49.85,,,,,1
2026-10-10T04:00Z,2026-10-10T10:00Z,a4t:57t,6,12.05,12.1,,,,h,12.1,,12.2,,0,0.009,497.499,4.531,0.787,,,-0.345,17,283,26.178,79.548,2.761,93.819,,,,,1
2026-10-10T04:00Z,2026-10-10T16:00Z,a4t:57t,12,10.5,10.5,,,,h,10.5,,10.5,,0,0.004,39.564,1.541,0.011,,,-0.345,23,283,23.327,94.383,0.65,3.75,,,,,1
2026-10-10T04:00Z,2026-10-11T04:00Z,a4t:57t,24,7.050000000000001,7.1,,,,h,7.1,,7.2,,0,0.001,730.417,3.114,0.241,,,-0.345,11,284,25.695,85.02,2.376,24.518,,,,,1
2026-10-10T04:00Z,2026-10-12T04:00Z,a4t:57t,48,12.45,12.5,,,,h,12.5,,12.5,,0,0,752.63,1.984,0.126,,,-0.345,11,285,27.438,77.043,1.567,60.055,,,,,1
2026-10-10T04:00Z,2026-10-10T05:00Z,a4t:24t,1,14.2,14.2,,,,h,14.2,,14.2,,0,0.002,1102.139,5.113,0.221,,,0,12,283,30.193,67.514,3.904,54.225,,,,,1
2026-10-10T04:00Z,2026-10-10T07:00Z,a4t:24t,3,12.8,12.8,,,,h,12.8,,12.8,,0,0.002,867.523,3.301,0.721,,,0,14,283,29.15,75.238,2.542,50.215,,,,,1
2026-10-10T04:00Z,2026-10-10T10:00Z,a4t:24t,6,11.3,11.3,,,,h,11.3,,11.4,,0,0.001,336.422,3.01,2.806,,,0,17,283,26.18,90.973,1.807,70.828,,,,,1
2026-10-10T04:00Z,2026-10-10T16:00Z,a4t:24t,12,9.75,9.8,,,,h,9.8,,9.8,,0,0,377.427,4.936,0.846,,,0,23,283,24.696,95.424,2.782,63.581,,,,,1
2026-10-10T04:00Z,2026-10-11T04:00Z,a4t:24t,24,4.699999999999999,4.7,,,,h,4.7,,4.8,,0,0,961.986,5.318,0.253,,,0,11,284,28.915,74.345,4.031,84.134,,,,,1
2026-10-10T04:00Z,2026-10-12T04:00Z,a4t:24t,48,13.45,13.5,,,,h,13.5,,13.5,,0,0,1185.869,4.533,0.024,,,0,11,285,29.963,68.141,3.446,69.337,,,,,1
2026-10-10T04:00Z,2026-10-10T05:00Z,a4t:76t,1,7.75,7.8,,,,h,7.8,,7.8,,0,0.007,1452.225,3.903,0.039,,,0,12,283,30.951,54.779,2.945,71.354,,,,,1
2026-10-10T04:00Z,2026-10-10T07:00Z,a4t:76t,3,7.1,7.1,,,,h,7.1,,7.1,,0,0.008,941.113,5.45,0.86,,,0,14,283,29.608,63.044,4.056,66.679,,,,,1
2026-10-10T04:00Z,2026-10-10T10:00Z,a4t:76t,6,8.15,8.2,,,,h,8.2,,8.3,,0,0.004,601.573,3.872,0.133,,,0,17,283,27.025,76.978,2.674,77.087,,,,,1
2026-10-10T04:00Z,2026-10-10T16:00Z,a4t:76t,12,8.7,8.7,,,,h,8.7,,8.7,,0,0.002,152.749,2.457,0.028,,,0,23,283,24.367,89.312,0.908,60.317,,,,,1
2026-10-10T04:00Z,2026-10-11T04:00Z,a4t:76t,24,2.1,2.1,,,,h,2.1,,2.1,,0,0.001,1112.679,5.899,0.009,,,0,11,284,27.434,70.576,4.31,78.217,,,,,1
2026-10-10T04:00Z,2026-10-12T04:00Z,a4t:76t,48,9.899999999999999,9.9,,,,h,9.9,,9.9,,0,0,1112.61,3.763,0.002,,,0,11,285,29.504,64.91,2.86,76.772,,,,,1
2026-10-10T04:00Z,2026-10-10T05:00Z,a4t:75t,1,19.200000000000003,19.2,,,,h,19.2,,19.2,,0,0.075,1056.128,4.704,0.209,,,0,12,283,27.243,63.549,3.315,56.486,,,,,1
2026-10-10T04:00Z,2026-10-10T07:00Z,a4t:75t,3,12.95,13,,,,h,13,,13,,0,0.034,953.482,4.097,0.429,,,0,14,283,26.71,70.484,2.832,70.422,,,,,1
2026-10-10T04:00Z,2026-10-10T10:00Z,a4t:75t,6,7.85,7.9,,,,h,7.9,,8,,0,0.006,234.462,1.776,0.379,,,0,17,283,23.673,91.847,0.968,93.776,,,,,1
2026-10-10T04:00Z,2026-10-10T16:00Z,a4t:75t,12,8.05,8.1,,,,h,8.1,,8.1,,0,0.003,62.308,2.111,0.567,,,0,23,283,22.014,97.022,0.712,71.881,,,,,1
2026-10-10T04:00Z,2026-10-11T04:00Z,a4t:75t,24,8.55,8.6,,,,h,8.6,,8.7,,0,0.005,836.052,2.987,0.047,,,0,11,284,26.024,75.987,2.207,49.653,,,,,1
2026-10-10T04:00Z,2026-10-12T04:00Z,a4t:75t,48,15,15,,,,h,15,,15,,0,0.002,942.807,2.249,0.047,,,0,11,285,27.943,65.597,1.71,51.712,,,,,1
2026-10-10T04:00Z,2026-10-10T05:00Z,a4t:03t,1,24.549999999999997,24.5,,,,h,24.5,,24.5,,0,0.003,1041.886,3.157,0.164,,,0,12,283,30.41,70.02,2.505,41.051,,,,,1
2026-10-10T04:00Z,2026-10-10T07:00Z,a4t:03t,3,21.950000000000003,22,,,,h,22,,22,,0,0.001,603.863,1.792,1.27,,,0,14,283,28.474,81.412,1.231,334.111,,,,,1
2026-10-10T04:00Z,2026-10-10T10:00Z,a4t:03t,6,16.450000000000003,16.5,,,,h,16.5,,16.6,,0,0.001,328.469,1.416,1.929,,,0,17,283,26.635,89.809,0.883,59.367,,,,,1
2026-10-10T04:00Z,2026-10-10T16:00Z,a4t:03t,12,12.100000000000001,12.1,,,,h,12.1,,12.2,,0,0,261.851,2.916,2.019,,,0,23,283,24.539,97.004,1.604,38.917,,,,,1
2026-10-10T04:00Z,2026-10-11T04:00Z,a4t:03t,24,7.85,7.9,,,,h,7.9,,8,,0,0,570.367,2.415,1.51,,,0,11,284,27.428,82.536,1.763,87.394,,,,,1
2026-10-10T04:00Z,2026-10-12T04:00Z,a4t:03t,48,16,16,,,,h,16,,16,,0,0,956.537,3.276,0.13,,,0,11,285,29.819,72.392,2.551,58.257,,,,,1
2026-10-10T04:00Z,2026-10-10T05:00Z,a4t:bkp100t,1,11.8,15.8,15.2,20.3,25.1,24,15.8,25.1,,,0,0.001,997.744,3.061,0.179,,25.2,0.276,12,283,30.496,68.976,2.424,46.013,,,,,1
2026-10-10T04:00Z,2026-10-10T07:00Z,a4t:bkp100t,3,10,13.3,14.8,19.8,24.9,24,13.3,24.9,,,0,0,477.263,1.654,1.097,,25.2,0.276,14,283,28.211,83.077,1.191,319.52,,,,,1
2026-10-10T04:00Z,2026-10-10T10:00Z,a4t:bkp100t,6,9.1,11.9,14.1,18.8,24.5,24,11.9,24.5,,,0,0,271.161,1.798,2.614,,25.2,0.276,17,283,26.335,92.04,0.948,88.091,,,,,1
2026-10-10T04:00Z,2026-10-10T16:00Z,a4t:bkp100t,12,9.3,11.8,12.6,16.7,23.4,24,11.8,23.4,,,0,0,249.804,3.084,1.457,,25.2,0.276,23,283,24.669,97.647,1.754,50.746,,,,,1
2026-10-10T04:00Z,2026-10-11T04:00Z,a4t:bkp100t,24,3.7,4.6,7.6,9.7,20.4,24,4.6,20.4,,,0,0,785.877,3.865,1.04,,25.2,0.276,11,284,28.571,77.338,2.838,90.786,,,,,1
2026-10-10T04:00Z,2026-10-12T04:00Z,a4t:bkp100t,48,11.1,12.4,9.9,11.4,19.3,24,12.4,19.3,,,0,0,1055.104,3.523,0.072,,25.2,0.276,11,285,30.416,68.767,2.685,68.788,,,,,1
2026-10-10T04:00Z,2026-10-10T05:00Z,a4t:bkp101t,1,11.9,16.9,15.8,22.5,24.8,24,16.9,24.8,,,0,0,974.867,2.933,0.186,,24.9,0.335,12,283,30.487,68.766,2.323,47.031,,,,,1
2026-10-10T04:00Z,2026-10-10T07:00Z,a4t:bkp101t,3,10.7,15,16,22.7,24.8,24,15,24.8,,,0,0,420.67,1.802,1.121,,24.9,0.335,14,283,28.033,84.171,1.333,311.605,,,,,1
2026-10-10T04:00Z,2026-10-10T10:00Z,a4t:bkp101t,6,9.1,12.6,16.2,22.9,24.7,24,12.6,24.7,,,0,0,257.864,1.828,2.794,,24.9,0.335,17,283,26.298,92.508,0.919,90.425,,,,,1
2026-10-10T04:00Z,2026-10-10T16:00Z,a4t:bkp101t,12,9.5,12.6,15.1,21.1,24.1,24,12.6,24.1,,,0,0,251.013,3.129,1.371,,24.9,0.335,23,283,24.694,97.858,1.785,52.216,,,,,1
2026-10-10T04:00Z,2026-10-11T04:00Z,a4t:bkp101t,24,3.2,4.1,8.6,11.5,20.9,24,4.1,20.9,,,0,0,826.629,4.197,1,,24.9,0.335,11,284,28.766,76.478,3.073,91.445,,,,,1
2026-10-10T04:00Z,2026-10-12T04:00Z,a4t:bkp101t,48,9.9,11.3,10.1,11.9,19.7,24,11.3,19.7,,,0,0,1085.972,3.494,0.046,,24.9,0.335,11,285,30.553,67.826,2.652,70.128,,,,,1
2026-10-10T04:00Z,2026-10-10T05:00Z,a4t:bkp102t,1,23.9,19.7,28,23,22.6,24,19.7,22.6,,,0,0.002,1035.823,3.155,0.168,,22.6,-0.191,12,283,30.446,69.641,2.5,42.469,,,,,1
2026-10-10T04:00Z,2026-10-10T07:00Z,a4t:bkp102t,3,20.8,17.2,27.5,22.6,22.6,24,17.2,22.6,,,0,0.001,566.666,1.758,1.242,,22.6,-0.191,14,283,28.388,81.915,1.22,329.928,,,,,1
2026-10-10T04:00Z,2026-10-10T10:00Z,a4t:bkp102t,6,15.8,13.2,26.1,21.5,22.5,24,13.2,22.5,,,0,0.001,314.383,1.475,2.08,,22.6,-0.191,17,283,26.556,90.42,0.867,69.827,,,,,1
2026-10-10T04:00Z,2026-10-10T16:00Z,a4t:bkp102t,12,10.9,9.3,23.6,19.5,21.9,24,9.3,21.9,,,0,0,258.287,2.968,1.867,,22.6,-0.191,23,283,24.584,97.15,1.65,43.526,,,,,1
2026-10-10T04:00Z,2026-10-11T04:00Z,a4t:bkp102t,24,7.1,6.2,12.7,10.7,18.7,24,6.2,18.7,,,0,0,628.025,2.858,1.405,,22.6,-0.191,11,284,27.746,81.084,2.094,88.666,,,,,1
2026-10-10T04:00Z,2026-10-12T04:00Z,a4t:bkp102t,48,17.5,16.2,13.2,12,16.7,24,16.2,16.7,,,0,0,983.654,3.351,0.113,,22.6,-0.191,11,285,29.984,71.39,2.593,61.364,,,,,1
2026-10-10T04:00Z,2026-10-10T05:00Z,a4t:bkp103t,1,23.9,19.9,28,23.3,24.7,24,19.9,24.7,,,0,0.002,1026.444,3.041,0.179,,24.7,-0.178,12,283,30.47,69.028,2.405,43.566,,,,,1
2026-10-10T04:00Z,2026-10-10T07:00Z,a4t:bkp103t,3,20.8,17.4,27.5,22.9,24.6,24,17.4,24.6,,,0,0.001,471.85,2.061,1.401,,24.7,-0.178,14,283,28.043,83.875,1.485,316.416,,,,,1
2026-10-10T04:00Z,2026-10-10T10:00Z,a4t:bkp103t,6,15.8,13.4,26.1,21.7,24.4,24,13.4,24.4,,,0,0.001,306.137,1.419,2.144,,24.7,-0.178,17,283,26.552,90.917,0.774,75.833,,,,,1
2026-10-10T04:00Z,2026-10-10T16:00Z,a4t:bkp103t,12,10.9,9.4,23.6,19.8,23.6,24,9.4,23.6,,,0,0,261.42,3.107,1.81,,24.7,-0.178,23,283,24.648,97.305,1.743,49.582,,,,,1
2026-10-10T04:00Z,2026-10-11T04:00Z,a4t:bkp103t,24,7.1,6.3,12.7,10.8,20.1,24,6.3,20.1,,,0,0,661.856,3.428,1.508,,24.7,-0.178,11,284,27.934,80.236,2.512,89.979,,,,,1
2026-10-10T04:00Z,2026-10-12T04:00Z,a4t:bkp103t,48,17.5,16.3,13.2,12.1,17.8,24,16.3,17.8,,,0,0,1025.06,3.323,0.072,,24.7,-0.178,11,285,30.142,70.206,2.557,62.324,,,,,1
2026-10-10T04:00Z,2026-10-10T05:00Z,a4t:bkp56t,1,23.9,21,28,24.5,26.3,24,21,26.3,,,0,0.001,1019.935,3.082,0.176,,26.4,-0.128,12,283,30.476,69.14,2.439,44.177,,,,,1
2026-10-10T04:00Z,2026-10-10T07:00Z,a4t:bkp56t,3,20.8,18.3,27.5,24.1,26.3,24,18.3,26.3,,,0,0.001,496.866,1.835,1.257,,26.4,-0.128,14,283,28.186,83.11,1.309,320.557,,,,,1
2026-10-10T04:00Z,2026-10-10T10:00Z,a4t:bkp56t,6,15.8,14,26.1,22.9,26,24,14,26,,,0,0,296.025,1.556,2.288,,26.4,-0.128,17,283,26.476,91.196,0.849,79.755,,,,,1
2026-10-10T04:00Z,2026-10-10T16:00Z,a4t:bkp56t,12,10.9,9.8,23.6,20.8,25.1,24,9.8,25.1,,,0,0,256.402,3.066,1.698,,26.4,-0.128,23,283,24.642,97.382,1.725,48.818,,,,,1
2026-10-10T04:00Z,2026-10-11T04:00Z,a4t:bkp56t,24,7.1,6.5,12.7,11.3,21.5,24,6.5,21.5,,,0,0,697.611,3.454,1.32,,26.4,-0.128,11,284,28.117,79.4,2.534,90.027,,,,,1
2026-10-10T04:00Z,2026-10-12T04:00Z,a4t:bkp56t,48,17.5,16.7,13.2,12.4,19,24,16.7,19,,,0,0,1025.536,3.401,0.082,,26.4,-0.128,11,285,30.201,69.982,2.611,64.504,,,,,1
2026-10-10T04:00Z,2026-10-10T05:00Z,a4t:bkp57t,1,11.8,15.6,15.2,20.1,25.2,24,15.6,25.2,,,0,0.001,1021.685,3.191,0.169,,25.4,0.268,12,283,30.491,69.347,2.528,44.615,,,,,1
2026-10-10T04:00Z,2026-10-10T07:00Z,a4t:bkp57t,3,10,13.1,14.8,19.6,25.1,24,13.1,25.1,,,0,0,550.708,1.532,1.066,,25.4,0.268,14,283,28.437,81.705,1.063,331.387,,,,,1
2026-10-10T04:00Z,2026-10-10T10:00Z,a4t:bkp57t,6,9.1,11.8,14.1,18.6,24.7,24,11.8,24.7,,,0,0,288.431,1.734,2.396,,25.4,0.268,17,283,26.392,91.377,0.969,83.148,,,,,1
2026-10-10T04:00Z,2026-10-10T16:00Z,a4t:bkp57t,12,9.3,11.7,12.6,16.5,23.5,24,11.7,23.5,,,0,0,249.372,3.004,1.586,,25.4,0.268,23,283,24.627,97.394,1.698,47.446,,,,,1
2026-10-10T04:00Z,2026-10-11T04:00Z,a4t:bkp57t,24,3.7,4.5,7.6,9.7,20.5,24,4.5,20.5,,,0,0,727.832,3.369,1.096,,25.4,0.268,11,284,28.279,78.645,2.478,89.737,,,,,1
2026-10-10T04:00Z,2026-10-12T04:00Z,a4t:bkp57t,48,11.1,12.4,9.9,11.3,19.3,24,12.4,19.3,,,0,0,1014.198,3.525,0.104,,25.4,0.268,11,285,30.224,70.056,2.704,66.678,,,,,1
2026-10-10T04:00Z,2026-10-10T05:00Z,a4t:bkp58t,1,23.9,25.4,28,29.8,31.6,24,25.4,31.6,,,0,0.002,1033.493,3.159,0.168,,31.7,0.061,12,283,30.454,69.578,2.503,42.852,,,,,1
2026-10-10T04:00Z,2026-10-10T07:00Z,a4t:bkp58t,3,20.8,22.1,27.5,29.3,31.6,24,22.1,31.6,,,0,0.001,562.234,1.725,1.216,,31.7,0.061,14,283,28.39,81.917,1.198,329.845,,,,,1
2026-10-10T04:00Z,2026-10-10T10:00Z,a4t:bkp58t,6,15.8,16.7,26.1,27.8,31.3,24,16.7,31.3,,,0,0.001,309.956,1.511,2.133,,31.7,0.061,17,283,26.529,90.589,0.877,72.499,,,,,1
2026-10-10T04:00Z,2026-10-10T16:00Z,a4t:bkp58t,12,10.9,11.5,23.6,25.1,30.3,24,11.5,30.3,,,0,0,256.845,2.976,1.819,,31.7,0.061,23,283,24.593,97.193,1.659,44.339,,,,,1
2026-10-10T04:00Z,2026-10-11T04:00Z,a4t:bkp58t,24,7.1,7.4,12.7,13.3,25.9,24,7.4,25.9,,,0,0,645.245,2.955,1.356,,31.7,0.061,11,284,27.838,80.661,2.167,88.897,,,,,1
2026-10-10T04:00Z,2026-10-12T04:00Z,a4t:bkp58t,48,17.5,17.9,13.2,13.6,22.9,24,17.9,22.9,,,0,0,989.494,3.378,0.111,,31.7,0.061,11,285,30.027,71.145,2.609,62.308,,,,,1
2026-10-10T04:00Z,2026-10-10T05:00Z,a4t:bkp59t,1,23.9,23.2,28,27.2,28.8,24,23.2,28.8,,,0,0.002,1024.017,3.082,0.176,,28.9,-0.028,12,283,30.471,69.174,2.439,43.789,,,,,1
2026-10-10T04:00Z,2026-10-10T07:00Z,a4t:bkp59t,3,20.8,20.2,27.5,26.7,28.8,24,20.2,28.8,,,0,0.001,499.537,1.88,1.294,,28.9,-0.028,14,283,28.175,83.153,1.34,320.522,,,,,1
2026-10-10T04:00Z,2026-10-10T10:00Z,a4t:bkp59t,6,15.8,15.4,26.1,25.4,28.5,24,15.4,28.5,,,0,0,301.191,1.507,2.221,,28.9,-0.028,17,283,26.507,91.019,0.83,77.55,,,,,1
2026-10-10T04:00Z,2026-10-10T16:00Z,a4t:bkp59t,12,10.9,10.6,23.6,23,27.6,24,10.6,27.6,,,0,0,257.955,3.063,1.75,,28.9,-0.028,23,283,24.636,97.329,1.719,48.386,,,,,1
2026-10-10T04:00Z,2026-10-11T04:00Z,a4t:bkp59t,24,7.1,7,12.7,12.3,23.6,24,7,23.6,,,0,0,678.905,3.369,1.381,,28.9,-0.028,11,284,28.02,79.842,2.471,89.859,,,,,1
2026-10-10T04:00Z,2026-10-12T04:00Z,a4t:bkp59t,48,17.5,17.3,13.2,13,20.9,24,17.3,20.9,,,0,0,1019.823,3.374,0.083,,28.9,-0.028,11,285,30.157,70.228,2.594,63.528,,,,,1
2026-10-10T04:00Z,2026-10-10T05:00Z,a4t:bkp60t,1,23.9,15.4,28,18,18.6,24,15.4,18.6,,,0,0.002,1024.805,3.06,0.178,,18.6,-0.425,12,283,30.47,69.102,2.421,43.695,,,,,1
2026-10-10T04:00Z,2026-10-10T07:00Z,a4t:bkp60t,3,20.8,13.6,27.5,17.7,18.5,24,13.6,18.5,,,0,0.001,485.639,1.967,1.345,,18.6,-0.425,14,283,28.11,83.51,1.409,318.383,,,,,1
2026-10-10T04:00Z,2026-10-10T10:00Z,a4t:bkp60t,6,15.8,10.5,26.1,16.8,18.4,24,10.5,18.4,,,0,0.001,303.346,1.465,2.187,,18.6,-0.425,17,283,26.528,90.977,0.803,76.791,,,,,1
2026-10-10T04:00Z,2026-10-10T16:00Z,a4t:bkp60t,12,10.9,7.5,23.6,15.4,17.8,24,7.5,17.8,,,0,0,259.62,3.084,1.777,,18.6,-0.425,23,283,24.642,97.321,1.73,48.969,,,,,1
2026-10-10T04:00Z,2026-10-11T04:00Z,a4t:bkp60t,24,7.1,5.3,12.7,8.6,15.2,24,5.3,15.2,,,0,0,671.372,3.401,1.441,,18.6,-0.425,11,284,27.982,80.018,2.493,89.929,,,,,1
2026-10-10T04:00Z,2026-10-12T04:00Z,a4t:bkp60t,48,17.5,14.8,13.2,10.7,13.4,24,14.8,13.4,,,0,0,1022.729,3.349,0.078,,18.6,-0.425,11,285,30.152,70.205,2.576,62.978,,,,,1
2026-10-10T04:00Z,2026-10-10T05:00Z,a4t:bkp62t,1,23.9,22,28,25.7,27.3,24,22,27.3,,,0,0.002,1028.993,3.102,0.174,,27.4,-0.083,12,283,30.464,69.3,2.456,43.309,,,,,1
2026-10-10T04:00Z,2026-10-10T07:00Z,a4t:bkp62t,3,20.8,19.2,27.5,25.3,27.3,24,19.2,27.3,,,0,0.001,517.619,1.862,1.295,,27.4,-0.083,14,283,28.225,82.853,1.317,322.765,,,,,1
2026-10-10T04:00Z,2026-10-10T10:00Z,a4t:bkp62t,6,15.8,14.6,26.1,24,27,24,14.6,27,,,0,0.001,306.592,1.479,2.157,,27.4,-0.083,17,283,26.531,90.801,0.832,74.819,,,,,1
2026-10-10T04:00Z,2026-10-10T16:00Z,a4t:bkp62t,12,10.9,10.2,23.6,21.8,26.1,24,10.2,26.1,,,0,0,258.588,3.038,1.799,,27.4,-0.083,23,283,24.621,97.262,1.699,47.092,,,,,1
2026-10-10T04:00Z,2026-10-11T04:00Z,a4t:bkp62t,24,7.1,6.7,12.7,11.8,22.3,24,6.7,22.3,,,0,0,658.874,3.21,1.412,,27.4,-0.083,11,284,27.914,80.322,2.354,89.518,,,,,1
2026-10-10T04:00Z,2026-10-12T04:00Z,a4t:bkp62t,48,17.5,16.9,13.2,12.7,19.7,24,16.9,19.7,,,0,0,1008.43,3.359,0.092,,27.4,-0.083,11,285,30.096,70.616,2.589,62.616,,,,,1
2026-10-10T04:00Z,2026-10-10T05:00Z,a4t:bkp63t,1,23.9,17.1,28,19.9,21.3,24,17.1,21.3,,,0,0.002,1021.892,3.053,0.178,,21.3,-0.327,12,283,30.473,69.062,2.416,43.947,,,,,1
2026-10-10T04:00Z,2026-10-10T07:00Z,a4t:bkp63t,3,20.8,15,27.5,19.6,21.2,24,15,21.2,,,0,0.001,479.956,1.958,1.332,,21.3,-0.327,14,283,28.1,83.577,1.407,317.812,,,,,1
2026-10-10T04:00Z,2026-10-10T10:00Z,a4t:bkp63t,6,15.8,11.6,26.1,18.6,21,24,11.6,21,,,0,0.001,300.181,1.488,2.227,,21.3,-0.327,17,283,26.511,91.092,0.808,78.207,,,,,1
2026-10-10T04:00Z,2026-10-10T16:00Z,a4t:bkp63t,12,10.9,8.2,23.6,17,20.3,24,8.2,20.3,,,0,0,258.976,3.091,1.747,,21.3,-0.327,23,283,24.647,97.357,1.738,49.397,,,,,1
2026-10-10T04:00Z,2026-10-11T04:00Z,a4t:bkp63t,24,7.1,5.6,12.7,9.4,17.3,24,5.6,17.3,,,0,0,682.754,3.469,1.412,,21.3,-0.327,11,284,28.041,79.75,2.543,90.067,,,,,1
2026-10-10T04:00Z,2026-10-12T04:00Z,a4t:bkp63t,48,17.5,15.4,13.2,11.2,15.3,24,15.4,15.3,,,0,0,1027.63,3.36,0.075,,21.3,-0.327,11,285,30.182,70.022,2.581,63.535,,,,,1
2026-10-10T04:00Z,2026-10-10T05:00Z,a4t:bkp64t,1,11.8,15.1,15.2,19.4,24.9,24,15.1,24.9,,,0,0.001,1007.082,3.066,0.178,,25.1,0.234,12,283,30.488,69.025,2.427,45.26,,,,,1
2026-10-10T04:00Z,2026-10-10T07:00Z,a4t:bkp64t,3,10,12.7,14.8,18.9,24.7,24,12.7,24.7,,,0,0,482.572,1.743,1.172,,25.1,0.234,14,283,28.189,83.156,1.251,319.526,,,,,1
2026-10-10T04:00Z,2026-10-10T10:00Z,a4t:bkp64t,6,9.1,11.4,14.1,18,24.3,24,11.4,24.3,,,0,0,281.615,1.689,2.475,,25.1,0.234,17,283,26.395,91.693,0.9,84.992,,,,,1
2026-10-10T04:00Z,2026-10-10T16:00Z,a4t:bkp64t,12,9.3,11.4,12.6,16,23.1,24,11.4,23.1,,,0,0,252.74,3.082,1.558,,25.1,0.234,23,283,24.66,97.538,1.745,50.126,,,,,1
2026-10-10T04:00Z,2026-10-11T04:00Z,a4t:bkp64t,24,3.7,4.4,7.6,9.4,20.2,24,4.4,20.2,,,0,0,748.982,3.708,1.164,,25.1,0.234,11,284,28.382,78.197,2.721,90.51,,,,,1
2026-10-10T04:00Z,2026-10-12T04:00Z,a4t:bkp64t,48,11.1,12.2,9.9,11.2,18.9,24,12.2,18.9,,,0,0,1043.733,3.467,0.075,,25.1,0.234,11,285,30.329,69.251,2.65,67.014,,,,,1
2026-10-10T04:00Z,2026-10-10T05:00Z,a4t:bkp65t,1,23.9,27.4,28,32.1,33.9,24,27.4,33.9,,,0,0.002,1027.15,3.11,0.173,,34,0.134,12,283,30.467,69.3,2.463,43.525,,,,,1
2026-10-10T04:00Z,2026-10-10T07:00Z,a4t:bkp65t,3,20.8,23.7,27.5,31.6,33.9,24,23.7,33.9,,,0,0.001,520.46,1.817,1.263,,34,0.134,14,283,28.249,82.726,1.283,323.528,,,,,1
2026-10-10T04:00Z,2026-10-10T10:00Z,a4t:bkp65t,6,15.8,17.9,26.1,29.9,33.6,24,17.9,33.6,,,0,0,303.57,1.514,2.197,,34,0.134,17,283,26.51,90.897,0.848,76.252,,,,,1
2026-10-10T04:00Z,2026-10-10T16:00Z,a4t:bkp65t,12,10.9,12.2,23.6,27,32.5,24,12.2,32.5,,,0,0,257.326,3.034,1.766,,34,0.134,23,283,24.623,97.288,1.699,47.182,,,,,1
2026-10-10T04:00Z,2026-10-11T04:00Z,a4t:bkp65t,24,7.1,7.8,12.7,14.2,27.8,24,7.8,27.8,,,0,0,669.985,3.243,1.365,,34,0.134,11,284,27.972,80.056,2.379,89.583,,,,,1
2026-10-10T04:00Z,2026-10-12T04:00Z,a4t:bkp65t,48,17.5,18.4,13.2,14.1,24.6,24,18.4,24.6,,,0,0,1010.262,3.38,0.093,,34,0.134,11,285,30.119,70.506,2.603,63.258,,,,,1
2026-10-10T04:00Z,2026-10-10T05:00Z,a4t:bkp66t,1,23.9,20.8,28,24.3,26.2,24,20.8,26.2,,,0,0.002,1027.759,3.118,0.173,,26.3,-0.135,12,283,30.466,69.333,2.469,43.477,,,,,1
2026-10-10T04:00Z,2026-10-10T07:00Z,a4t:bkp66t,3,20.8,18.2,27.5,23.9,26.2,24,18.2,26.2,,,0,0.001,526.081,1.797,1.253,,26.3,-0.135,14,283,28.27,82.606,1.266,324.405,,,,,1
2026-10-10T04:00Z,2026-10-10T10:00Z,a4t:bkp66t,6,15.8,13.9,26.1,22.7,25.9,24,13.9,25.9,,,0,0,303.904,1.518,2.195,,26.3,-0.135,17,283,26.509,90.875,0.854,76.039,,,,,1
2026-10-10T04:00Z,2026-10-10T16:00Z,a4t:bkp66t,12,10.9,9.7,23.6,20.7,25,24,9.7,25,,,0,0,257.055,3.026,1.767,,26.3,-0.135,23,283,24.619,97.28,1.694,46.872,,,,,1
2026-10-10T04:00Z,2026-10-11T04:00Z,a4t:bkp66t,24,7.1,6.5,12.7,11.2,21.4,24,6.5,21.4,,,0,0,668.689,3.213,1.357,,26.3,-0.135,11,284,27.965,80.088,2.357,89.514,,,,,1
2026-10-10T04:00Z,2026-10-12T04:00Z,a4t:bkp66t,48,17.5,16.6,13.2,12.4,18.9,24,16.6,18.9,,,0,0,1007.975,3.384,0.095,,26.3,-0.135,11,285,30.111,70.568,2.606,63.245,,,,,1
2026-10-10T04:00Z,2026-10-10T05:00Z,a4t:bkp67t,1,23.9,23.7,28,27.8,29,24,23.7,29,,,0,0.002,1029.421,3.139,0.171,,29,-0.008,12,283,30.464,69.421,2.486,43.342,,,,,1
2026-10-10T04:00Z,2026-10-10T07:00Z,a4t:bkp67t,3,20.8,20.6,27.5,27.3,28.9,24,20.6,28.9,,,0,0.001,540.859,1.749,1.226,,29,-0.008,14,283,28.326,82.291,1.225,326.783,,,,,1
2026-10-10T04:00Z,2026-10-10T10:00Z,a4t:bkp67t,6,15.8,15.7,26.1,25.9,28.7,24,15.7,28.7,,,0,0,304.908,1.53,2.188,,29,-0.008,17,283,26.507,90.811,0.869,75.418,,,,,1
2026-10-10T04:00Z,2026-10-10T16:00Z,a4t:bkp67t,12,10.9,10.8,23.6,23.5,27.8,24,10.8,27.8,,,0,0,256.39,3.006,1.772,,29,-0.008,23,283,24.611,97.257,1.682,46.034,,,,,1
2026-10-10T04:00Z,2026-10-11T04:00Z,a4t:bkp67t,24,7.1,7.1,12.7,12.6,23.7,24,7.1,23.7,,,0,0,664.802,3.133,1.337,,29,-0.008,11,284,27.943,80.182,2.299,89.324,,,,,1
2026-10-10T04:00Z,2026-10-12T04:00Z,a4t:bkp67t,48,17.5,17.4,13.2,13.2,21.1,24,17.4,21.1,,,0,0,1001.842,3.392,0.102,,29,-0.008,11,285,30.089,70.735,2.614,63.184,,,,,1
2026-10-10T04:00Z,2026-10-10T05:00Z,a4t:bkp69t,1,23.9,27.4,28,32.1,29.8,24,27.4,29.8,,,0,0.001,1029.87,3.18,0.168,,29.7,0.133,12,283,30.468,69.517,2.519,43.483,,,,,1
2026-10-10T04:00Z,2026-10-10T07:00Z,a4t:bkp69t,3,20.8,23.7,27.5,31.6,29.8,24,23.7,29.8,,,0,0.001,562.961,1.638,1.151,,29.7,0.133,14,283,28.427,81.727,1.135,331.325,,,,,1
2026-10-10T04:00Z,2026-10-10T10:00Z,a4t:bkp69t,6,15.8,17.9,26.1,29.9,29.7,24,17.9,29.7,,,0,0,302.198,1.593,2.229,,29.7,0.133,17,283,26.476,90.866,0.912,76.74,,,,,1
2026-10-10T04:00Z,2026-10-10T16:00Z,a4t:bkp69t,12,10.9,12.2,23.6,27,29.1,24,12.2,29.1,,,0,0,253.755,2.98,1.732,,29.7,0.133,23,283,24.603,97.26,1.67,45.282,,,,,1
2026-10-10T04:00Z,2026-10-11T04:00Z,a4t:bkp69t,24,7.1,7.8,12.7,14.2,24.9,24,7.8,24.9,,,0,0,675.22,3.086,1.251,,29.7,0.133,11,284,27.998,79.926,2.266,89.171,,,,,1
2026-10-10T04:00Z,2026-10-12T04:00Z,a4t:bkp69t,48,17.5,18.4,13.2,14.1,22.5,24,18.4,22.5,,,0,0,996.726,3.436,0.111,,29.7,0.133,11,285,30.094,70.79,2.647,63.994,,,,,1
2026-10-10T04:00Z,2026-10-10T05:00Z,a4t:bkp70t,1,23.9,14.7,28,17.1,17,24,14.7,17,,,0,0.001,1020.878,3.139,0.172,,17,-0.471,12,283,30.481,69.277,2.486,44.331,,,,,1
2026-10-10T04:00Z,2026-10-10T07:00Z,a4t:bkp70t,3,20.8,13,27.5,16.8,17,24,13,17,,,0,0.001,527.75,1.667,1.156,,17,-0.471,14,283,28.325,82.331,1.171,326.113,,,,,1
2026-10-10T04:00Z,2026-10-10T10:00Z,a4t:bkp70t,6,15.8,10.1,26.1,16,16.9,24,10.1,16.9,,,0,0,292.676,1.643,2.339,,17,-0.471,17,283,26.435,91.258,0.91,81.137,,,,,1
2026-10-10T04:00Z,2026-10-10T16:00Z,a4t:bkp70t,12,10.9,7.2,23.6,14.7,16.4,24,7.2,16.4,,,0,0,252.87,3.027,1.646,,17,-0.471,23,283,24.631,97.382,1.706,47.79,,,,,1
2026-10-10T04:00Z,2026-10-11T04:00Z,a4t:bkp70t,24,7.1,5.1,12.7,8.3,14,24,5.1,14,,,0,0,710.577,3.381,1.205,,17,-0.471,11,284,28.185,79.08,2.484,89.833,,,,,1
2026-10-10T04:00Z,2026-10-12T04:00Z,a4t:bkp70t,48,17.5,14.6,13.2,10.4,12.4,24,14.6,12.4,,,0,0,1017.983,3.46,0.095,,17,-0.471,11,285,30.204,70.078,2.656,65.521,,,,,1
2026-10-10T04:00Z,2026-10-10T05:00Z,a4t:bkp71t,1,11.8,12.3,15.2,15.8,19.2,24,12.3,19.2,,,0,0.001,1010.681,3.144,0.173,,19.3,0.042,12,283,30.499,69.159,2.49,45.417,,,,,1
2026-10-10T04:00Z,2026-10-10T07:00Z,a4t:bkp71t,3,10,10.4,14.8,15.5,19.1,24,10.4,19.1,,,0,0,519.01,1.548,1.059,,19.3,0.042,14,283,28.351,82.239,1.09,326.448,,,,,1
2026-10-10T04:00Z,2026-10-10T10:00Z,a4t:bkp71t,6,9.1,9.5,14.1,14.7,18.8,24,9.5,18.8,,,0,0,278.538,1.795,2.519,,19.3,0.042,17,283,26.35,91.755,0.977,86.453,,,,,1
2026-10-10T04:00Z,2026-10-10T16:00Z,a4t:bkp71t,12,9.3,9.6,12.6,13.2,18,24,9.6,18,,,0,0,248.508,3.042,1.501,,19.3,0.042,23,283,24.649,97.523,1.727,49.3,,,,,1
2026-10-10T04:00Z,2026-10-11T04:00Z,a4t:bkp71t,24,3.7,3.8,7.6,7.8,15.7,24,3.8,15.7,,,0,0,762.741,3.631,1.039,,19.3,0.042,11,284,28.459,77.834,2.67,90.285,,,,,1
2026-10-10T04:00Z,2026-10-12T04:00Z,a4t:bkp71t,48,11.1,11.3,9.9,10.1,14.8,24,11.3,14.8,,,0,0,1034.277,3.547,0.09,,19.3,0.042,11,285,30.33,69.38,2.712,68.105,,,,,1
2026-10-10T04:00Z,2026-10-10T05:00Z,a4t:bkp72t,1,11.8,13.7,15.2,17.5,20.5,24,13.7,20.5,,,0,0.001,1023.502,3.235,0.167,,20.6,0.138,12,283,30.5,69.392,2.563,44.802,,,,,1
2026-10-10T04:00Z,2026-10-10T07:00Z,a4t:bkp72t,3,10,11.5,14.8,17.1,20.4,24,11.5,20.4,,,0,0,568.117,1.445,1.003,,20.6,0.138,14,283,28.52,81.238,0.993,335.92,,,,,1
2026-10-10T04:00Z,2026-10-10T10:00Z,a4t:bkp72t,6,9.1,10.4,14.1,16.3,20.1,24,10.4,20.1,,,0,0,285.873,1.801,2.429,,20.6,0.138,17,283,26.362,91.451,1.015,84.536,,,,,1
2026-10-10T04:00Z,2026-10-10T16:00Z,a4t:bkp72t,12,9.3,10.5,12.6,14.5,19.3,24,10.5,19.3,,,0,0,246.804,2.99,1.544,,20.6,0.138,23,283,24.624,97.394,1.694,47.307,,,,,1
2026-10-10T04:00Z,2026-10-11T04:00Z,a4t:bkp72t,24,3.7,4.1,7.6,8.6,16.8,24,4.1,16.8,,,0,0,739.151,3.358,1.022,,20.6,0.138,11,284,28.342,78.348,2.474,89.644,,,,,1
2026-10-10T04:00Z,2026-10-12T04:00Z,a4t:bkp72t,48,11.1,11.7,9.9,10.6,16.1,24,11.7,16.1,,,0,0,1010.818,3.576,0.112,,20.6,0.138,11,285,30.236,70.059,2.742,67.457,,,,,1
2026-10-10T04:00Z,2026-10-10T05:00Z,a4t:bkp74t,1,22.4,13.6,32.3,19.5,16.6,24,13.6,16.6,,,0,0.001,993.89,2.883,0.191,,16.5,-0.484,12,283,30.482,68.533,2.279,45.728,,,,,1
2026-10-10T04:00Z,2026-10-10T07:00Z,a4t:bkp74t,3,23.3,14.4,32.8,19.9,16.7,24,14.4,16.7,,,0,0.001,379.48,2.26,1.406,,16.5,-0.484,14,283,27.776,85.51,1.686,306.835,,,,,1
2026-10-10T04:00Z,2026-10-10T10:00Z,a4t:bkp74t,6,24.1,15.4,33.6,20.4,16.9,24,15.4,16.9,,,0,0,280.221,1.531,2.471,,16.5,-0.484,17,283,26.453,91.897,0.753,85.574,,,,,1
2026-10-10T04:00Z,2026-10-10T16:00Z,a4t:bkp74t,12,14.1,9.4,31.8,19.7,17.1,24,9.4,17.1,,,0,0,260.409,3.221,1.602,,16.5,-0.484,23,283,24.706,97.662,1.831,53.881,,,,,1
2026-10-10T04:00Z,2026-10-11T04:00Z,a4t:bkp74t,24,8.4,6,17.6,11.6,14.6,24,6,14.6,,,0,0,750.669,4.121,1.382,,16.5,-0.484,11,284,28.385,78.209,3.015,91.276,,,,,1
2026-10-10T04:00Z,2026-10-12T04:00Z,a4t:bkp74t,48,14.8,12.2,14.6,11.4,12.5,24,12.2,12.5,,,0,0,1080.491,3.338,0.03,,16.5,-0.484,11,285,30.419,68.394,2.543,66.008,,,,,1
2026-10-10T04:00Z,2026-10-10T05:00Z,a4t:bkp77t,1,11.9,14.1,15.8,18.7,21.7,24,14.1,21.7,,,0,0.001,988.65,3.014,0.181,,21.8,0.158,12,283,30.494,68.887,2.386,46.459,,,,,1
2026-10-10T04:00Z,2026-10-10T07:00Z,a4t:bkp77t,3,10.7,12.6,16,18.9,21.6,24,12.6,21.6,,,0,0,455.39,1.699,1.101,,21.8,0.158,14,283,28.145,83.483,1.236,316.358,,,,,1
2026-10-10T04:00Z,2026-10-10T10:00Z,a4t:bkp77t,6,9.1,10.6,16.2,19.1,21.5,24,10.6,21.5,,,0,0,265.295,1.82,2.692,,21.8,0.158,17,283,26.315,92.248,0.942,89.297,,,,,1
2026-10-10T04:00Z,2026-10-10T16:00Z,a4t:bkp77t,12,9.5,10.9,15.1,17.7,20.9,24,10.9,20.9,,,0,0,249.969,3.103,1.415,,21.8,0.158,23,283,24.68,97.735,1.768,51.426,,,,,1
2026-10-10T04:00Z,2026-10-11T04:00Z,a4t:bkp77t,24,3.2,3.6,8.6,9.9,18.1,24,3.6,18.1,,,0,0,804.516,4.007,1.015,,21.8,0.158,11,284,28.662,76.934,2.939,91.067,,,,,1
2026-10-10T04:00Z,2026-10-12T04:00Z,a4t:bkp77t,48,9.9,10.6,10.1,10.9,16.9,24,10.6,16.9,,,0,0,1067.749,3.519,0.062,,21.8,0.158,11,285,30.475,68.368,2.677,69.452,,,,,1
2026-10-10T04:00Z,2026-10-10T05:00Z,a4t:bkp78t,1,11.8,13.7,15.2,17.6,22.8,24,13.7,22.8,,,0,0,995.418,3.2,0.172,,23,0.139,12,283,30.536,69.01,2.536,47.361,,,,,1
2026-10-10T04:00Z,2026-10-10T07:00Z,a4t:bkp78t,3,10,11.5,14.8,17.1,22.6,24,11.5,22.6,,,0,0,522.235,1.254,0.835,,23,0.139,14,283,28.476,81.61,0.874,332.116,,,,,1
2026-10-10T04:00Z,2026-10-10T10:00Z,a4t:bkp78t,6,9.1,10.4,14.1,16.3,22.3,24,10.4,22.3,,,0,0,252.451,2.149,2.851,,23,0.139,17,283,26.178,92.655,1.168,94.252,,,,,1
2026-10-10T04:00Z,2026-10-10T16:00Z,a4t:bkp78t,12,9.3,10.5,12.6,14.5,21.2,24,10.5,21.2,,,0,0,238.68,3.056,1.219,,23,0.139,23,283,24.677,97.758,1.76,51.616,,,,,1
2026-10-10T04:00Z,2026-10-11T04:00Z,a4t:bkp78t,24,3.7,4.1,7.6,8.6,18.5,24,4.1,18.5,,,0,0,860.75,4.033,0.688,,23,0.139,11,284,28.977,75.467,2.974,90.836,,,,,1
2026-10-10T04:00Z,2026-10-12T04:00Z,a4t:bkp78t,48,11.1,11.7,9.9,10.6,17.3,24,11.7,17.3,,,0,0,1057.87,3.761,0.089,,23,0.139,11,285,30.549,68.227,2.86,72.78,,,,,1
2026-10-10T04:00Z,2026-10-10T05:00Z,a4t:bkp79t,1,11.9,18.1,15.8,24.2,26.1,24,18.1,26.1,,,0,0,979.569,3.014,0.181,,26.2,0.403,12,283,30.499,68.877,2.388,47.149,,,,,1
2026-10-10T04:00Z,2026-10-10T07:00Z,a4t:bkp79t,3,10.7,16.1,16,24.4,26.1,24,16.1,26.1,,,0,0,455.492,1.59,1.017,,26.2,0.403,14,283,28.187,83.294,1.158,317.013,,,,,1
2026-10-10T04:00Z,2026-10-10T10:00Z,a4t:bkp79t,6,9.1,13.4,16.2,24.5,26,24,13.4,26,,,0,0,255.27,1.935,2.829,,26.2,0.403,17,283,26.255,92.565,0.999,91.604,,,,,1
2026-10-10T04:00Z,2026-10-10T16:00Z,a4t:bkp79t,12,9.5,13.4,15.1,22.6,25.5,24,13.4,25.5,,,0,0,246.888,3.095,1.317,,26.2,0.403,23,283,24.685,97.837,1.77,51.665,,,,,1
2026-10-10T04:00Z,2026-10-11T04:00Z,a4t:bkp79t,24,3.2,4.4,8.6,12.2,22.1,24,4.4,22.1,,,0,0,839.414,4.13,0.885,,26.2,0.403,11,284,28.84,76.127,3.03,91.262,,,,,1
2026-10-10T04:00Z,2026-10-12T04:00Z,a4t:bkp79t,48,9.9,11.6,10.1,12.3,20.9,24,11.6,20.9,,,0,0,1076.761,3.578,0.061,,26.2,0.403,11,285,30.553,67.953,2.717,71.098,,,,,1
2026-10-10T04:00Z,2026-10-10T05:00Z,a4t:bkp80t,1,11.9,13,15.8,17.3,19.9,24,13,19.9,,,0,0,938.708,2.918,0.186,,20,0.087,12,283,30.495,68.819,2.317,49.445,,,,,1
2026-10-10T04:00Z,2026-10-10T07:00Z,a4t:bkp80t,3,10.7,11.7,16,17.5,19.9,24,11.7,19.9,,,0,0,425.603,1.395,0.808,,20,0.087,14,283,28.2,83.418,1.039,313.595,,,,,1
2026-10-10T04:00Z,2026-10-10T10:00Z,a4t:bkp80t,6,9.1,9.9,16.2,17.7,19.7,24,9.9,19.7,,,0,0,221.784,2.236,3.298,,20,0.087,17,283,26.084,93.605,1.124,96.474,,,,,1
2026-10-10T04:00Z,2026-10-10T16:00Z,a4t:bkp80t,12,9.5,10.2,15.1,16.4,19.2,24,10.2,19.2,,,0,0,240.356,3.076,1.027,,20,0.087,23,283,24.704,98.234,1.772,52.037,,,,,1
2026-10-10T04:00Z,2026-10-11T04:00Z,a4t:bkp80t,24,3.2,3.4,8.6,9.2,16.6,24,3.4,16.6,,,0,0,948.8,4.576,0.524,,20,0.087,11,284,29.379,73.703,3.35,92.032,,,,,1
2026-10-10T04:00Z,2026-10-12T04:00Z,a4t:bkp80t,48,9.9,10.3,10.1,10.6,15.6,24,10.3,15.6,,,0,0,1116.25,3.704,0.045,,20,0.087,11,285,30.82,66.413,2.796,75.618,,,,,1
2026-10-10T04:00Z,2026-10-10T05:00Z,a4t:bkp81t,1,11.8,18.2,15.2,23.5,29,24,18.2,29,,,0,0.001,1017.553,3.198,0.17,,29.2,0.416,12,283,30.501,69.278,2.534,45.147,,,,,1
2026-10-10T04:00Z,2026-10-10T07:00Z,a4t:bkp81t,3,10,15.3,14.8,22.9,28.8,24,15.3,28.8,,,0,0,546.393,1.475,1.021,,29.2,0.416,14,283,28.449,81.659,1.024,331.767,,,,,1
2026-10-10T04:00Z,2026-10-10T10:00Z,a4t:bkp81t,6,9.1,13.6,14.1,21.7,28.4,24,13.6,28.4,,,0,0,281.713,1.811,2.48,,29.2,0.416,17,283,26.35,91.62,1.005,85.794,,,,,1
2026-10-10T04:00Z,2026-10-10T16:00Z,a4t:bkp81t,12,9.3,13.2,12.6,19.2,27.1,24,13.2,27.1,,,0,0,247.168,3.014,1.515,,29.2,0.416,23,283,24.637,97.459,1.71,48.347,,,,,1
2026-10-10T04:00Z,2026-10-11T04:00Z,a4t:bkp81t,24,3.7,5,7.6,11,23.7,24,5,23.7,,,0,0,753.264,3.497,1.017,,29.2,0.416,11,284,28.414,78.029,2.574,89.965,,,,,1
2026-10-10T04:00Z,2026-10-12T04:00Z,a4t:bkp81t,48,11.1,13.1,9.9,12.2,22.4,24,13.1,22.4,,,0,0,1022.103,3.572,0.102,,29.2,0.416,11,285,30.286,69.714,2.734,67.933,,,,,1
2026-10-10T04:00Z,2026-10-10T05:00Z,a4t:bkp82t,1,23.9,21.5,28,25.2,26.5,24,21.5,26.5,,,0,0.002,1034.443,3.128,0.171,,26.5,-0.101,12,283,30.451,69.498,2.478,42.659,,,,,1
2026-10-10T04:00Z,2026-10-10T07:00Z,a4t:bkp82t,3,20.8,18.8,27.5,24.8,26.4,24,18.8,26.4,,,0,0.001,544.328,1.829,1.287,,26.5,-0.101,14,283,28.303,82.394,1.28,326.249,,,,,1
2026-10-10T04:00Z,2026-10-10T10:00Z,a4t:bkp82t,6,15.8,14.4,26.1,23.5,26.2,24,14.4,26.2,,,0,0.001,313.36,1.453,2.082,,26.5,-0.101,17,283,26.561,90.508,0.842,70.802,,,,,1
2026-10-10T04:00Z,2026-10-10T16:00Z,a4t:bkp82t,12,10.9,10,23.6,21.4,25.3,24,10,25.3,,,0,0,259.308,2.999,1.862,,26.5,-0.101,23,283,24.599,97.177,1.669,44.979,,,,,1
2026-10-10T04:00Z,2026-10-11T04:00Z,a4t:bkp82t,24,7.1,6.6,12.7,11.6,21.6,24,6.6,21.6,,,0,0,632.788,2.981,1.441,,26.5,-0.101,11,284,27.774,80.958,2.184,88.988,,,,,1
2026-10-10T04:00Z,2026-10-12T04:00Z,a4t:bkp82t,48,17.5,16.8,13.2,12.6,19.2,24,16.8,19.2,,,0,0,992.578,3.34,0.104,,26.5,-0.101,11,285,30.014,71.149,2.582,61.416,,,,,1
2026-10-10T04:00Z,2026-10-10T05:00Z,a4t:bkp83t,1,23.9,18.6,28,21.7,23.6,24,18.6,23.6,,,0,0.002,1030.713,3.12,0.172,,23.7,-0.247,12,283,30.46,69.39,2.471,43.134,,,,,1
2026-10-10T04:00Z,2026-10-10T07:00Z,a4t:bkp83t,3,20.8,16.3,27.5,21.3,23.6,24,16.3,23.6,,,0,0.001,531.789,1.82,1.273,,23.7,-0.247,14,283,28.276,82.563,1.28,324.854,,,,,1
2026-10-10T04:00Z,2026-10-10T10:00Z,a4t:bkp83t,6,15.8,12.5,26.1,20.3,23.3,24,12.5,23.3,,,0,0.001,308.044,1.485,2.144,,23.7,-0.247,17,283,26.533,90.721,0.845,73.894,,,,,1
2026-10-10T04:00Z,2026-10-10T16:00Z,a4t:bkp83t,12,10.9,8.8,23.6,18.5,22.5,24,8.8,22.5,,,0,0,258.163,3.017,1.809,,23.7,-0.247,23,283,24.612,97.236,1.685,46.207,,,,,1
2026-10-10T04:00Z,2026-10-11T04:00Z,a4t:bkp83t,24,7.1,6,12.7,10.2,19.2,24,6,19.2,,,0,0,653.161,3.124,1.399,,23.7,-0.247,11,284,27.883,80.462,2.29,89.319,,,,,1
2026-10-10T04:00Z,2026-10-12T04:00Z,a4t:bkp83t,48,17.5,15.9,13.2,11.7,16.9,24,15.9,16.9,,,0,0,1002.062,3.363,0.098,,23.7,-0.247,11,285,30.071,70.801,2.594,62.442,,,,,1
2026-10-10T04:00Z,2026-10-10T05:00Z,a4t:bkp84t,1,23.9,20.8,28,24.3,25.6,24,20.8,25.6,,,0,0.002,1034.656,3.102,0.173,,25.6,-0.136,12,283,30.453,69.385,2.456,42.657,,,,,1
2026-10-10T04:00Z,2026-10-10T07:00Z,a4t:bkp84t,3,20.8,18.2,27.5,23.9,25.5,24,18.2,25.5,,,0,0.001,524.821,1.921,1.345,,25.6,-0.136,14,283,28.219,82.859,1.356,323.047,,,,,1
2026-10-10T04:00Z,2026-10-10T10:00Z,a4t:bkp84t,6,15.8,13.9,26.1,22.7,25.3,24,13.9,25.3,,,0,0.001,314.677,1.414,2.056,,25.6,-0.136,17,283,26.579,90.509,0.813,70.462,,,,,1
2026-10-10T04:00Z,2026-10-10T16:00Z,a4t:bkp84t,12,10.9,9.7,23.6,20.7,24.5,24,9.7,24.5,,,0,0,260.992,3.026,1.882,,25.6,-0.136,23,283,24.609,97.18,1.685,46.037,,,,,1
2026-10-10T04:00Z,2026-10-11T04:00Z,a4t:bkp84t,24,7.1,6.5,12.7,11.2,20.9,24,6.5,20.9,,,0,0,628.739,3.054,1.502,,25.6,-0.136,11,284,27.755,81.046,2.237,89.172,,,,,1
2026-10-10T04:00Z,2026-10-12T04:00Z,a4t:bkp84t,48,17.5,16.6,13.2,12.4,18.5,24,16.6,18.5,,,0,0,998.293,3.318,0.095,,25.6,-0.136,11,285,30.022,71.037,2.565,60.993,,,,,1
2026-10-10T04:00Z,2026-10-10T05:00Z,a4t:bkp85t,1,23.9,17.9,28,20.9,23,24,17.9,23,,,0,0.002,1032.397,3.074,0.176,,23.1,-0.282,12,283,30.46,69.219,2.432,42.967,,,,,1
2026-10-10T04:00Z,2026-10-10T07:00Z,a4t:bkp85t,3,20.8,15.7,27.5,20.5,22.9,24,15.7,22.9,,,0,0.001,500.035,2.001,1.385,,23.1,-0.282,14,283,28.13,83.365,1.426,319.714,,,,,1
2026-10-10T04:00Z,2026-10-10T10:00Z,a4t:bkp85t,6,15.8,12.1,26.1,19.5,22.7,24,12.1,22.7,,,0,0.001,312.366,1.4,2.074,,23.1,-0.282,17,283,26.577,90.647,0.789,72.272,,,,,1
2026-10-10T04:00Z,2026-10-10T16:00Z,a4t:bkp85t,12,10.9,8.6,23.6,17.8,21.9,24,8.6,21.9,,,0,0,261.698,3.064,1.865,,23.1,-0.282,23,283,24.626,97.221,1.711,47.692,,,,,1
2026-10-10T04:00Z,2026-10-11T04:00Z,a4t:bkp85t,24,7.1,5.8,12.7,9.8,18.7,24,5.8,18.7,,,0,0,638.421,3.209,1.526,,23.1,-0.282,11,284,27.809,80.8,2.351,89.521,,,,,1
2026-10-10T04:00Z,2026-10-12T04:00Z,a4t:bkp85t,48,17.5,15.7,13.2,11.5,16.4,24,15.7,16.4,,,0,0,1009.305,3.313,0.085,,23.1,-0.282,11,285,30.065,70.718,2.557,61.302,,,,,1
2026-10-10T04:00Z,2026-10-10T05:00Z,a4t:bkp86t,1,23.9,19.6,28,22.9,23.4,24,19.6,23.4,,,0,0.003,1040.948,3.051,0.178,,23.4,-0.194,12,283,30.454,69.142,2.412,42.275,,,,,1
2026-10-10T04:00Z,2026-10-10T07:00Z,a4t:bkp86t,3,20.8,17.2,27.5,22.5,23.3,24,17.2,23.3,,,0,0.002,483.404,2.196,1.517,,23.4,-0.194,14,283,28.017,83.95,1.575,316.933,,,,,1
2026-10-10T04:00Z,2026-10-10T10:00Z,a4t:bkp86t,6,15.8,13.2,26.1,21.4,23.2,24,13.2,23.2,,,0,0.001,323.351,1.287,1.919,,23.4,-0.194,17,283,26.652,90.329,0.737,67.004,,,,,1
2026-10-10T04:00Z,2026-10-10T16:00Z,a4t:bkp86t,12,10.9,9.2,23.6,19.5,22.5,24,9.2,22.5,,,0,0,266.27,3.095,1.98,,23.4,-0.194,23,283,24.628,97.125,1.722,48.192,,,,,1
2026-10-10T04:00Z,2026-10-11T04:00Z,a4t:bkp86t,24,7.1,6.2,12.7,10.6,19.2,24,6.2,19.2,,,0,0,600.133,3.144,1.707,,23.4,-0.194,11,284,27.615,81.687,2.302,89.349,,,,,1
2026-10-10T04:00Z,2026-10-12T04:00Z,a4t:bkp86t,48,17.5,16.2,13.2,12,17.1,24,16.2,17.1,,,0,0,1005.194,3.251,0.078,,23.4,-0.194,11,285,29.994,71.039,2.518,58.978,,,,,1
2026-10-10T04:00Z,2026-10-10T05:00Z,a4t:bkp87t,1,23.9,19,28,22.2,22.4,24,19,22.4,,,0,0.005,1051.526,3.066,0.175,,22.4,-0.223,12,283,30.428,69.42,2.426,40.898,,,,,1
2026-10-10T04:00Z,2026-10-10T07:00Z,a4t:bkp87t,3,20.8,16.7,27.5,21.8,22.4,24,16.7,22.4,,,0,0.002,513.582,2.236,1.573,,22.4,-0.223,14,283,28.072,83.6,1.587,319.578,,,,,1
2026-10-10T04:00Z,2026-10-10T10:00Z,a4t:bkp87t,6,15.8,12.8,26.1,20.7,22.2,24,12.8,22.2,,,0,0.001,338.834,1.227,1.736,,22.4,-0.223,17,283,26.737,89.724,0.756,55.869,,,,,1
2026-10-10T04:00Z,2026-10-10T16:00Z,a4t:bkp87t,12,10.9,9,23.6,18.9,21.6,24,9,21.6,,,0,0,270.015,3.046,2.137,,22.4,-0.223,23,283,24.593,96.959,1.676,45.06,,,,,1
2026-10-10T04:00Z,2026-10-11T04:00Z,a4t:bkp87t,24,7.1,6.1,12.7,10.4,18.4,24,6.1,18.4,,,0,0,541,2.758,1.843,,22.4,-0.223,11,284,27.299,83.125,2.014,88.39,,,,,1
2026-10-10T04:00Z,2026-10-12T04:00Z,a4t:bkp87t,48,17.5,16,13.2,11.8,16.4,24,16,16.4,,,0,0,979.822,3.193,0.092,,22.4,-0.223,11,285,29.834,71.998,2.492,55.72,,,,,1
2026-10-10T04:00Z,2026-10-10T05:00Z,a4t:bkp88t,1,23.9,22.1,28,25.9,26.6,24,22.1,26.6,,,0,0.002,1037.638,3.106,0.172,,26.6,-0.075,12,283,30.445,69.47,2.46,42.261,,,,,1
2026-10-10T04:00Z,2026-10-10T07:00Z,a4t:bkp88t,3,20.8,19.3,27.5,25.5,26.5,24,19.3,26.5,,,0,0.001,534.188,1.933,1.359,,26.6,-0.075,14,283,28.238,82.743,1.359,323.99,,,,,1
2026-10-10T04:00Z,2026-10-10T10:00Z,a4t:bkp88t,6,15.8,14.7,26.1,24.2,26.3,24,14.7,26.3,,,0,0.001,319.107,1.388,2.004,,26.6,-0.075,17,283,26.603,90.333,0.812,67.683,,,,,1
2026-10-10T04:00Z,2026-10-10T16:00Z,a4t:bkp88t,12,10.9,10.2,23.6,21.9,25.6,24,10.2,25.6,,,0,0,262.032,3.012,1.927,,26.6,-0.075,23,283,24.598,97.132,1.671,45.06,,,,,1
2026-10-10T04:00Z,2026-10-11T04:00Z,a4t:bkp88t,24,7.1,6.7,12.7,11.8,21.8,24,6.7,21.8,,,0,0,611.729,2.939,1.539,,26.6,-0.075,11,284,27.664,81.461,2.152,88.899,,,,,1
2026-10-10T04:00Z,2026-10-12T04:00Z,a4t:bkp88t,48,17.5,17,13.2,12.7,19.4,24,17,19.4,,,0,0,990.762,3.299,0.1,,26.6,-0.075,11,285,29.975,71.319,2.555,60.103,,,,,1
2026-10-10T04:00Z,2026-10-10T05:00Z,a4t:bkp89t,1,23.9,25,28,29.3,30.3,24,25,30.3,,,0,0.005,1050.617,3.085,0.171,,30.3,0.044,12,283,30.409,69.713,2.444,40.384,,,,,1
2026-10-10T04:00Z,2026-10-10T07:00Z,a4t:bkp89t,3,20.8,21.7,27.5,28.8,30.2,24,21.7,30.2,,,0,0.002,548.566,2.125,1.509,,30.3,0.044,14,283,28.198,82.901,1.49,323.758,,,,,1
2026-10-10T04:00Z,2026-10-10T10:00Z,a4t:bkp89t,6,15.8,16.5,26.1,27.3,30,24,16.5,30,,,0,0.001,341.385,1.268,1.731,,30.3,0.044,17,283,26.742,89.519,0.805,52.075,,,,,1
2026-10-10T04:00Z,2026-10-10T16:00Z,a4t:bkp89t,12,10.9,11.3,23.6,24.7,29.1,24,11.3,29.1,,,0,0,269.48,2.989,2.165,,30.3,0.044,23,283,24.563,96.92,1.635,41.846,,,,,1
2026-10-10T04:00Z,2026-10-11T04:00Z,a4t:bkp89t,24,7.1,7.3,12.7,13.1,24.8,24,7.3,24.8,,,0,0,526.746,2.508,1.802,,30.3,0.044,11,284,27.211,83.529,1.828,87.699,,,,,1
2026-10-10T04:00Z,2026-10-12T04:00Z,a4t:bkp89t,48,17.5,17.8,13.2,13.5,22.1,24,17.8,22.1,,,0,0,964.419,3.186,0.108,,30.3,0.044,11,285,29.77,72.46,2.492,55.084,,,,,1
2026-10-10T04:00Z,2026-10-10T05:00Z,a4t:bkp90t,1,23.9,22.3,28,26,28.5,24,22.3,28.5,,,0,0.003,1044.442,3.133,0.164,,28.6,-0.07,12,283,30.393,70.1,2.487,40.371,,,,,1
2026-10-10T04:00Z,2026-10-10T07:00Z,a4t:bkp90t,3,20.8,19.4,27.5,25.6,28.4,24,19.4,28.4,,,0,0.002,603.76,1.875,1.332,,28.6,-0.07,14,283,28.439,81.591,1.291,332.711,,,,,1
2026-10-10T04:00Z,2026-10-10T10:00Z,a4t:bkp90t,6,15.8,14.8,26.1,24.3,28.1,24,14.8,28.1,,,0,0.001,336.033,1.375,1.838,,28.6,-0.07,17,283,26.687,89.528,0.881,53.519,,,,,1
2026-10-10T04:00Z,2026-10-10T16:00Z,a4t:bkp90t,12,10.9,10.3,23.6,22.1,27.1,24,10.3,27.1,,,0,0,265.023,2.915,2.106,,28.6,-0.07,23,283,24.527,96.941,1.595,37.688,,,,,1
2026-10-10T04:00Z,2026-10-11T04:00Z,a4t:bkp90t,24,7.1,6.8,12.7,11.9,23.2,24,6.8,23.2,,,0,0,540.23,2.273,1.612,,28.6,-0.07,11,284,27.265,83.286,1.654,86.922,,,,,1
2026-10-10T04:00Z,2026-10-12T04:00Z,a4t:bkp90t,48,17.5,17,13.2,12.8,20.4,24,17,20.4,,,0,0,949.124,3.225,0.131,,28.6,-0.07,11,285,29.751,72.756,2.52,56.353,,,,,1
2026-10-10T04:00Z,2026-10-10T05:00Z,a4t:bkp91t,1,23.9,18.1,28,21.1,19.9,24,18.1,19.9,,,0,0.002,1036.175,3.187,0.165,,19.9,-0.272,12,283,30.446,69.752,2.527,42.507,,,,,1
2026-10-10T04:00Z,2026-10-10T07:00Z,a4t:bkp91t,3,20.8,15.9,27.5,20.7,19.9,24,15.9,19.9,,,0,0.001,587.846,1.671,1.179,,19.9,-0.272,14,283,28.48,81.403,1.15,334.187,,,,,1
2026-10-10T04:00Z,2026-10-10T10:00Z,a4t:bkp91t,6,15.8,12.2,26.1,19.7,19.9,24,12.2,19.9,,,0,0.001,312.836,1.52,2.108,,19.9,-0.272,17,283,26.534,90.43,0.9,70.521,,,,,1
2026-10-10T04:00Z,2026-10-10T16:00Z,a4t:bkp91t,12,10.9,8.6,23.6,18,19.4,24,8.6,19.4,,,0,0,256.286,2.943,1.842,,19.9,-0.272,23,283,24.574,97.146,1.637,42.501,,,,,1
2026-10-10T04:00Z,2026-10-11T04:00Z,a4t:bkp91t,24,7.1,5.9,12.7,9.9,16.5,24,5.9,16.5,,,0,0,633.441,2.788,1.337,,19.9,-0.272,11,284,27.773,80.957,2.044,88.446,,,,,1
2026-10-10T04:00Z,2026-10-12T04:00Z,a4t:bkp91t,48,17.5,15.7,13.2,11.5,14.9,24,15.7,14.9,,,0,0,977.656,3.38,0.122,,19.9,-0.272,11,285,29.978,71.498,2.615,61.894,,,,,1
2026-10-10T04:00Z,2026-10-10T05:00Z,a4t:bkp92t,1,23.9,17.4,28,20.3,21.9,24,17.4,21.9,,,0,0.002,1029.3,3.072,0.176,,21.9,-0.307,12,283,30.464,69.18,2.43,43.275,,,,,1
2026-10-10T04:00Z,2026-10-10T07:00Z,a4t:bkp92t,3,20.8,15.3,27.5,20,21.8,24,15.3,21.8,,,0,0.001,496.053,1.976,1.362,,21.9,-0.307,14,283,28.13,83.376,1.41,319.456,,,,,1
2026-10-10T04:00Z,2026-10-10T10:00Z,a4t:bkp92t,6,15.8,11.8,26.1,19,21.6,24,11.8,21.6,,,0,0.001,308.449,1.431,2.124,,21.9,-0.307,17,283,26.554,90.786,0.797,74.283,,,,,1
2026-10-10T04:00Z,2026-10-10T16:00Z,a4t:bkp92t,12,10.9,8.4,23.6,17.4,20.9,24,8.4,20.9,,,0,0,260.63,3.07,1.826,,21.9,-0.307,23,283,24.632,97.262,1.717,48.146,,,,,1
2026-10-10T04:00Z,2026-10-11T04:00Z,a4t:bkp92t,24,7.1,5.7,12.7,9.6,17.8,24,5.7,17.8,,,0,0,652.742,3.283,1.484,,21.9,-0.307,11,284,27.884,80.46,2.406,89.681,,,,,1
2026-10-10T04:00Z,2026-10-12T04:00Z,a4t:bkp92t,48,17.5,15.5,13.2,11.3,15.7,24,15.5,15.7,,,0,0,1014.343,3.331,0.083,,21.9,-0.307,11,285,30.101,70.513,2.567,62.061,,,,,1
2026-10-10T04:00Z,2026-10-10T05:00Z,a4t:bkp93t,1,23.9,17.1,28,20,22.6,24,17.1,22.6,,,0,0.001,1014.753,3.065,0.178,,22.7,-0.325,12,283,30.481,69.062,2.426,44.593,,,,,1
2026-10-10T04:00Z,2026-10-10T07:00Z,a4t:bkp93t,3,20.8,15.1,27.5,19.6,22.5,24,15.1,22.5,,,0,0.001,484.782,1.834,1.243,,22.7,-0.325,14,283,28.159,83.285,1.315,319.143,,,,,1
2026-10-10T04:00Z,2026-10-10T10:00Z,a4t:bkp93t,6,15.8,11.6,26.1,18.7,22.2,24,11.6,22.2,,,0,0,290.858,1.592,2.353,,22.7,-0.325,17,283,26.451,91.387,0.856,81.799,,,,,1
2026-10-10T04:00Z,2026-10-10T16:00Z,a4t:bkp93t,12,10.9,8.2,23.6,17.1,21.4,24,8.2,21.4,,,0,0,255.59,3.081,1.651,,22.7,-0.325,23,283,24.652,97.444,1.738,49.606,,,,,1
2026-10-10T04:00Z,2026-10-11T04:00Z,a4t:bkp93t,24,7.1,5.7,12.7,9.5,18.3,24,5.7,18.3,,,0,0,716.024,3.574,1.28,,22.7,-0.325,11,284,28.212,78.969,2.622,90.267,,,,,1
2026-10-10T04:00Z,2026-10-12T04:00Z,a4t:bkp93t,48,17.5,15.4,13.2,11.2,16,24,15.4,16,,,0,0,1034.491,3.416,0.076,,22.7,-0.325,11,285,30.253,69.663,2.618,65.345,,,,,1
2026-10-10T04:00Z,2026-10-10T05:00Z,a4t:bkp95t,1,22.4,17.8,32.3,25.6,24,24,17.8,24,,,0,0.002,1018.936,3.023,0.181,,24,-0.226,12,283,30.476,68.941,2.391,44.172,,,,,1
2026-10-10T04:00Z,2026-10-10T07:00Z,a4t:bkp95t,3,23.3,18.7,32.8,26,24.1,24,18.7,24.1,,,0,0.001,459.102,2.037,1.367,,24,-0.226,14,283,28.024,84.015,1.476,315.192,,,,,1
2026-10-10T04:00Z,2026-10-10T10:00Z,a4t:bkp95t,6,24.1,19.6,33.6,26.7,24.3,24,19.6,24.3,,,0,0.001,298.329,1.476,2.244,,24,-0.226,17,283,26.512,91.194,0.788,79.221,,,,,1
2026-10-10T04:00Z,2026-10-10T16:00Z,a4t:bkp95t,12,14.1,11.7,31.8,25.4,24.2,24,11.7,24.2,,,0,0,259.822,3.122,1.737,,24,-0.226,23,283,24.66,97.394,1.758,50.475,,,,,1
2026-10-10T04:00Z,2026-10-11T04:00Z,a4t:bkp95t,24,8.4,7.2,17.6,14.5,20.8,24,7.2,20.8,,,0,0,689.568,3.585,1.435,,24,-0.226,11,284,28.077,79.589,2.628,90.296,,,,,1
2026-10-10T04:00Z,2026-10-12T04:00Z,a4t:bkp95t,48,14.8,13.5,14.6,13,17.7,24,13.5,17.7,,,0,0,1036.647,3.349,0.066,,24,-0.226,11,285,30.215,69.77,2.57,63.686,,,,,1
2026-10-10T04:00Z,2026-10-10T05:00Z,a4t:bkp98t,1,22.4,20.8,32.3,29.9,27.8,24,20.8,27.8,,,0,0.001,998.731,2.934,0.187,,27.7,-0.073,12,283,30.482,68.678,2.32,45.481,,,,,1
2026-10-10T04:00Z,2026-10-10T07:00Z,a4t:bkp98t,3,23.3,21.7,32.8,30.4,27.9,24,21.7,27.9,,,0,0.001,408.782,2.12,1.351,,27.7,-0.073,14,283,27.887,84.869,1.567,309.776,,,,,1
2026-10-10T04:00Z,2026-10-10T10:00Z,a4t:bkp98t,6,24.1,22.5,33.6,31.2,28.1,24,22.5,28.1,,,0,0,282.05,1.56,2.453,,27.7,-0.073,17,283,26.445,91.792,0.787,84.877,,,,,1
2026-10-10T04:00Z,2026-10-10T16:00Z,a4t:bkp98t,12,14.1,13.3,31.8,29.6,28.1,24,13.3,28.1,,,0,0,258.709,3.18,1.604,,27.7,-0.073,23,283,24.692,97.613,1.804,52.769,,,,,1
2026-10-10T04:00Z,2026-10-11T04:00Z,a4t:bkp98t,24,8.4,8,17.6,16.6,24.1,24,8,24.1,,,0,0,745.02,3.983,1.339,,27.7,-0.073,11,284,28.358,78.328,2.917,91.046,,,,,1
2026-10-10T04:00Z,2026-10-12T04:00Z,a4t:bkp98t,48,14.8,14.4,14.6,14.1,20.6,24,14.4,20.6,,,0,0,1068.721,3.366,0.043,,27.7,-0.073,11,285,30.381,68.7,2.568,66.029,,,,,1
2026-10-10T04:00Z,2026-10-10T05:00Z,a4t:bkp99t,1,11.8,11.7,15.2,15,19,24,11.7,19,,,0,0.001,998.198,3.089,0.177,,19.1,-0.009,12,283,30.501,69.012,2.447,46.163,,,,,1
2026-10-10T04:00Z,2026-10-10T07:00Z,a4t:bkp99t,3,10,9.9,14.8,14.7,18.8,24,9.9,18.8,,,0,0,489.465,1.571,1.049,,19.1,-0.009,14,283,28.271,82.742,1.124,321.932,,,,,1
2026-10-10T04:00Z,2026-10-10T10:00Z,a4t:bkp99t,6,9.1,9,14.1,13.9,18.5,24,9,18.5,,,0,0,268.81,1.852,2.645,,19.1,-0.009,17,283,26.311,92.107,0.984,88.959,,,,,1
2026-10-10T04:00Z,2026-10-10T16:00Z,a4t:bkp99t,12,9.3,9.2,12.6,12.5,17.6,24,9.2,17.6,,,0,0,247.894,3.072,1.423,,19.1,-0.009,23,283,24.667,97.654,1.75,50.606,,,,,1
2026-10-10T04:00Z,2026-10-11T04:00Z,a4t:bkp99t,24,3.7,3.7,7.6,7.5,15.4,24,3.7,15.4,,,0,0,795.475,3.861,0.981,,19.1,-0.009,11,284,28.624,77.095,2.837,90.744,,,,,1
2026-10-10T04:00Z,2026-10-12T04:00Z,a4t:bkp99t,48,11.1,11.1,9.9,9.9,14.5,24,11.1,14.5,,,0,0,1053.194,3.561,0.077,,19.1,-0.009,11,285,30.427,68.75,2.714,69.388,,,,,1
2026-10-10T04:00Z,2026-10-10T05:00Z,4946812,1,48.7,50.9,58.9,61.6,49.3,h,50.9,49.3,51,49.3,0,0.155,815.396,3.32,0,87.57,49.3,0.045,12,283,28.672,63.056,2.53,4.637,,,,,1
2026-10-10T04:00Z,2026-10-10T07:00Z,4946812,3,39,40.7,58.9,61.6,49.2,h,40.7,49.2,40.8,49.2,0,0.08,1120.734,3.403,0,87.57,49.3,0.045,14,283,29.189,60.062,2.569,19.644,,,,,1
2026-10-10T04:00Z,2026-10-10T10:00Z,4946812,6,43.4,45.2,58.6,61.2,49.1,h,45.2,49.1,45.6,49.1,0,0.056,44.425,1.286,0,87.57,49.3,0.045,17,283,28.349,71.052,0.391,355.062,,,,,1
2026-10-10T04:00Z,2026-10-10T16:00Z,4946812,12,54.6,56.6,53.4,55.7,48.9,h,56.6,48.9,56.8,48.9,0,0.093,35.857,2.151,0,87.57,49.3,0.045,23,283,24.219,85.824,0.853,173.255,,,,,1
2026-10-10T04:00Z,2026-10-11T04:00Z,4946812,24,32.9,33.8,51.7,53.5,50.7,h,33.8,50.7,34.3,50.8,0,0.08,1094.301,2.164,0,87.57,49.3,0.045,11,284,29.765,58.97,1.739,5.225,,,,,1
2026-10-10T04:00Z,2026-10-12T04:00Z,4946812,48,61.9,62.9,93.8,95.7,72.5,h,62.9,72.5,62.9,72.5,0,0.044,1140.838,0.895,0,87.57,49.3,0.045,11,285,29.731,61.156,0.705,52.344,,,,,1
2026-10-10T04:00Z,2026-10-10T05:00Z,4946813,1,41.2,36.1,53.4,46.7,53.3,h,36.1,53.3,36.2,53.3,0,0.147,831.109,3.382,0,91.42,53.4,-0.132,12,283,28.879,62.336,2.589,4.392,,,,,1
2026-10-10T04:00Z,2026-10-10T07:00Z,4946813,3,35.6,31.3,53.7,47,53.1,h,31.3,53.1,31.3,53.1,0,0.075,1148.008,3.482,0,91.42,53.4,-0.132,14,283,29.416,59.343,2.638,19.058,,,,,1
2026-10-10T04:00Z,2026-10-10T10:00Z,4946813,6,44.4,39.4,53.6,46.9,52.9,h,39.4,52.9,39.7,52.9,0,0.058,43.744,1.294,0,91.42,53.4,-0.132,17,283,28.535,70.58,0.392,354.511,,,,,1
2026-10-10T04:00Z,2026-10-10T16:00Z,4946813,12,82.7,74.5,58.7,51.8,52.7,h,74.5,52.7,74.8,52.8,0,0.1,36.765,2.281,0,91.42,53.4,-0.132,23,283,24.346,85.382,0.87,171.586,,,,,1
2026-10-10T04:00Z,2026-10-11T04:00Z,4946813,24,38.2,35.2,65.7,59.3,55.3,h,35.2,55.3,35.7,55.4,0,0.083,1080.227,2.165,0,91.42,53.4,-0.132,11,284,29.861,58.947,1.748,3.004,,,,,1
2026-10-10T04:00Z,2026-10-12T04:00Z,4946813,48,44.2,42.1,74.2,69.7,61.6,h,42.1,61.6,42.1,61.6,0,0.045,1125.795,0.84,0,91.42,53.4,-0.132,11,285,29.79,61.325,0.67,46.971,,,,,1
2026-10-10T04:00Z,2026-10-10T05:00Z,a4t:bkp104t,1,23.9,17.5,28,20.4,20.7,24,17.5,20.7,,,0,0.003,1042.958,3.111,0.17,,20.7,-0.302,12,283,30.426,69.668,2.465,41.386,,,,,1
2026-10-10T04:00Z,2026-10-10T07:00Z,a4t:bkp104t,3,20.8,15.4,27.5,20.1,20.7,24,15.4,20.7,,,0,0.002,554.172,1.96,1.389,,20.7,-0.302,14,283,28.276,82.502,1.37,325.929,,,,,1
2026-10-10T04:00Z,2026-10-10T10:00Z,a4t:bkp104t,6,15.8,11.9,26.1,19.1,20.5,24,11.9,20.5,,,0,0.001,328.476,1.346,1.898,,20.7,-0.302,17,283,26.656,89.952,0.819,61.042,,,,,1
2026-10-10T04:00Z,2026-10-10T16:00Z,a4t:bkp104t,12,10.9,8.4,23.6,17.5,19.9,24,8.4,19.9,,,0,0,264.414,2.981,2.025,,20.7,-0.302,23,283,24.574,97.034,1.643,42.718,,,,,1
2026-10-10T04:00Z,2026-10-11T04:00Z,a4t:bkp104t,24,7.1,5.7,12.7,9.6,17,24,5.7,17,,,0,0,574.863,2.684,1.619,,20.7,-0.302,11,284,27.464,82.371,1.961,88.234,,,,,1
2026-10-10T04:00Z,2026-10-12T04:00Z,a4t:bkp104t,48,17.5,15.6,13.2,11.4,15.1,24,15.6,15.1,,,0,0,974.63,3.255,0.109,,20.7,-0.302,11,285,29.874,71.928,2.532,58.095,,,,,1
2026-10-10T04:00Z,2026-10-10T05:00Z,a4t:bkp105t,1,23.9,25.9,28,30.3,30.8,24,25.9,30.8,,,0,0.002,1040.4,3.149,0.166,,30.8,0.078,12,283,30.425,69.834,2.497,41.571,,,,,1
2026-10-10T04:00Z,2026-10-10T07:00Z,a4t:bkp105t,3,20.8,22.4,27.5,29.8,30.7,24,22.4,30.7,,,0,0.001,583.373,1.807,1.282,,30.8,0.078,14,283,28.412,81.76,1.249,331.29,,,,,1
2026-10-10T04:00Z,2026-10-10T10:00Z,a4t:bkp105t,6,15.8,17,26.1,28.3,30.5,24,17,30.5,,,0,0.001,323.991,1.418,1.971,,30.8,0.078,17,283,26.613,90.031,0.863,63.2,,,,,1
2026-10-10T04:00Z,2026-10-10T16:00Z,a4t:bkp105t,12,10.9,11.6,23.6,25.5,29.7,24,11.6,29.7,,,0,0,261.114,2.943,1.971,,30.8,0.078,23,283,24.56,97.055,1.624,41.128,,,,,1
2026-10-10T04:00Z,2026-10-11T04:00Z,a4t:bkp105t,24,7.1,7.5,12.7,13.6,25.3,24,7.5,25.3,,,0,0,589.713,2.606,1.496,,30.8,0.078,11,284,27.537,82.037,1.905,87.992,,,,,1
2026-10-10T04:00Z,2026-10-12T04:00Z,a4t:bkp105t,48,17.5,18,13.2,13.7,22.6,24,18,22.6,,,0,0,968.351,3.296,0.121,,30.8,0.078,11,285,29.882,71.989,2.561,59.257,,,,,1
2026-10-10T04:00Z,2026-10-10T05:00Z,a4t:bkp114t,1,23.9,15,28,17.1,17.5,24,15,17.5,,,0,0.001,1024.978,3.115,0.173,,17.5,-0.472,12,283,30.471,69.284,2.467,43.777,,,,,1
2026-10-10T04:00Z,2026-10-10T07:00Z,a4t:bkp114t,3,20.8,13.2,27.5,16.9,17.5,24,13.2,17.5,,,0,0.001,520.778,1.778,1.235,,17.5,-0.472,14,283,28.265,82.65,1.255,323.95,,,,,1
2026-10-10T04:00Z,2026-10-10T10:00Z,a4t:bkp114t,6,15.8,10.3,26.1,16.1,17.3,24,10.3,17.3,,,0,0,300.236,1.549,2.24,,17.5,-0.472,17,283,26.488,91.011,0.863,77.809,,,,,1
2026-10-10T04:00Z,2026-10-10T16:00Z,a4t:bkp114t,12,10.9,7.4,23.6,14.8,16.8,24,7.4,16.8,,,0,0,256.118,3.034,1.731,,17.5,-0.472,23,283,24.626,97.319,1.703,47.436,,,,,1
2026-10-10T04:00Z,2026-10-11T04:00Z,a4t:bkp114t,24,7.1,5.2,12.7,8.4,14.3,24,5.2,14.3,,,0,0,682.324,3.292,1.321,,17.5,-0.472,11,284,28.037,79.761,2.416,89.681,,,,,1
2026-10-10T04:00Z,2026-10-12T04:00Z,a4t:bkp114t,48,17.5,14.7,13.2,10.5,12.7,24,14.7,12.7,,,0,0,1013.28,3.402,0.093,,17.5,-0.472,11,285,30.146,70.361,2.616,63.934,,,,,1
2026-10-10T04:00Z,2026-10-10T05:00Z,a4t:bkp115t,1,22.4,14,32.3,19.9,18.7,24,14,18.7,,,0,0.002,1015.6,3.02,0.181,,18.7,-0.465,12,283,30.478,68.927,2.388,44.425,,,,,1
2026-10-10T04:00Z,2026-10-10T07:00Z,a4t:bkp115t,3,23.3,14.8,32.8,20.3,18.8,24,14.8,18.8,,,0,0.001,457.257,2.007,1.342,,18.7,-0.465,14,283,28.031,83.99,1.456,315.116,,,,,1
2026-10-10T04:00Z,2026-10-10T10:00Z,a4t:bkp115t,6,24.1,15.8,33.6,20.9,18.9,24,15.8,18.9,,,0,0,294.771,1.508,2.292,,18.7,-0.465,17,283,26.491,91.311,0.8,80.552,,,,,1
2026-10-10T04:00Z,2026-10-10T16:00Z,a4t:bkp115t,12,14.1,9.6,31.8,20.1,18.9,24,9.6,18.9,,,0,0,258.856,3.122,1.703,,18.7,-0.465,23,283,24.663,97.432,1.761,50.651,,,,,1
2026-10-10T04:00Z,2026-10-11T04:00Z,a4t:bkp115t,24,8.4,6.1,17.6,11.9,16.1,24,6.1,16.1,,,0,0,701.989,3.637,1.393,,18.7,-0.465,11,284,28.14,79.301,2.666,90.399,,,,,1
2026-10-10T04:00Z,2026-10-12T04:00Z,a4t:bkp115t,48,14.8,12.4,14.6,11.6,13.7,24,12.4,13.7,,,0,0,1040.509,3.364,0.065,,18.7,-0.465,11,285,30.245,69.607,2.579,64.323,,,,,1
2026-10-10T04:00Z,2026-10-10T05:00Z,a4t:bkp116t,1,22.4,13.9,32.3,19.9,18.1,24,13.9,18.1,,,0,0.002,1017.069,3.031,0.18,,18,-0.468,12,283,30.477,68.968,2.398,44.323,,,,,1
2026-10-10T04:00Z,2026-10-10T07:00Z,a4t:bkp116t,3,23.3,14.8,32.8,20.2,18.1,24,14.8,18.1,,,0,0.001,464.669,1.982,1.332,,18,-0.468,14,283,28.057,83.84,1.433,316.021,,,,,1
2026-10-10T04:00Z,2026-10-10T10:00Z,a4t:bkp116t,6,24.1,15.8,33.6,20.8,18.3,24,15.8,18.3,,,0,0,295.783,1.509,2.281,,18,-0.468,17,283,26.493,91.264,0.806,80.103,,,,,1
2026-10-10T04:00Z,2026-10-10T16:00Z,a4t:bkp116t,12,14.1,9.6,31.8,20.1,18.3,24,9.6,18.3,,,0,0,258.645,3.112,1.71,,18,-0.468,23,283,24.658,97.415,1.754,50.284,,,,,1
2026-10-10T04:00Z,2026-10-11T04:00Z,a4t:bkp116t,24,8.4,6.1,17.6,11.9,15.7,24,6.1,15.7,,,0,0,698.421,3.593,1.389,,18,-0.468,11,284,28.122,79.384,2.634,90.313,,,,,1
2026-10-10T04:00Z,2026-10-12T04:00Z,a4t:bkp116t,48,14.8,12.4,14.6,11.5,13.4,24,12.4,13.4,,,0,0,1036.999,3.367,0.068,,18,-0.468,11,285,30.23,69.71,2.582,64.211,,,,,1
2026-10-10T04:00Z,2026-10-10T05:00Z,a4t:bkp117t,1,11.8,10,15.2,12.8,14.5,24,10,14.5,,,0,0.001,1017.834,3.214,0.169,,14.6,-0.159,12,283,30.505,69.284,2.546,45.264,,,,,1
2026-10-10T04:00Z,2026-10-10T07:00Z,a4t:bkp117t,3,10,8.5,14.8,12.5,14.5,24,8.5,14.5,,,0,0,551.712,1.44,0.995,,14.6,-0.159,14,283,28.478,81.499,0.996,333.325,,,,,1
2026-10-10T04:00Z,2026-10-10T10:00Z,a4t:bkp117t,6,9.1,7.8,14.1,11.9,14.3,24,7.8,14.3,,,0,0,280.189,1.842,2.498,,14.6,-0.159,17,283,26.336,91.67,1.025,86.491,,,,,1
2026-10-10T04:00Z,2026-10-10T16:00Z,a4t:bkp117t,12,9.3,8.1,12.6,10.7,13.7,24,8.1,13.7,,,0,0,246.077,3.011,1.494,,14.6,-0.159,23,283,24.637,97.465,1.711,48.416,,,,,1
2026-10-10T04:00Z,2026-10-11T04:00Z,a4t:bkp117t,24,3.7,3.3,7.6,6.5,11.9,24,3.3,11.9,,,0,0,759.659,3.507,0.985,,14.6,-0.159,11,284,28.449,77.865,2.584,89.958,,,,,1
2026-10-10T04:00Z,2026-10-12T04:00Z,a4t:bkp117t,48,11.1,10.4,9.9,9.2,11.5,24,10.4,11.5,,,0,0,1021.798,3.594,0.104,,14.6,-0.159,11,285,30.296,69.68,2.751,68.314,,,,,1
2026-10-10T04:00Z,2026-10-10T05:00Z,a4t:bkp118t,1,11.8,12.4,15.2,16,21,24,12.4,21,,,0,0,992.266,3.107,0.176,,21.2,0.051,12,283,30.511,68.99,2.461,46.801,,,,,1
2026-10-10T04:00Z,2026-10-10T07:00Z,a4t:bkp118t,3,10,10.5,14.8,15.6,20.9,24,10.5,20.9,,,0,0,493.119,1.458,0.966,,21.2,0.051,14,283,28.323,82.476,1.039,323.728,,,,,1
2026-10-10T04:00Z,2026-10-10T10:00Z,a4t:bkp118t,6,9.1,9.6,14.1,14.8,20.5,24,9.6,20.5,,,0,0,259.888,1.97,2.762,,21.2,0.051,17,283,26.252,92.401,1.048,91.435,,,,,1
2026-10-10T04:00Z,2026-10-10T16:00Z,a4t:bkp118t,12,9.3,9.7,12.6,13.3,19.5,24,9.7,19.5,,,0,0,244.531,3.069,1.328,,21.2,0.051,23,283,24.674,97.736,1.755,51.072,,,,,1
2026-10-10T04:00Z,2026-10-11T04:00Z,a4t:bkp118t,24,3.7,3.8,7.6,7.9,17,24,3.8,17,,,0,0,828.18,3.977,0.856,,21.2,0.051,11,284,28.794,76.316,2.924,90.904,,,,,1
2026-10-10T04:00Z,2026-10-12T04:00Z,a4t:bkp118t,48,11.1,11.3,9.9,10.2,15.8,24,11.3,15.8,,,0,0,1060.239,3.63,0.077,,21.2,0.051,11,285,30.498,68.387,2.762,70.98,,,,,1
2026-10-10T04:00Z,2026-10-10T05:00Z,a4t:bkp119t,1,23.9,17.3,28,20.1,21.6,24,17.3,21.6,,,0,0.001,1021.969,3.123,0.173,,21.6,-0.321,12,283,30.477,69.263,2.473,44.133,,,,,1
2026-10-10T04:00Z,2026-10-10T07:00Z,a4t:bkp119t,3,20.8,15.2,27.5,19.7,21.5,24,15.2,21.5,,,0,0.001,521.559,1.723,1.194,,21.6,-0.321,14,283,28.288,82.534,1.215,324.639,,,,,1
2026-10-10T04:00Z,2026-10-10T10:00Z,a4t:bkp119t,6,15.8,11.7,26.1,18.8,21.3,24,11.7,21.3,,,0,0,295.507,1.601,2.301,,21.6,-0.321,17,283,26.458,91.171,0.886,79.912,,,,,1
2026-10-10T04:00Z,2026-10-10T16:00Z,a4t:bkp119t,12,10.9,8.3,23.6,17.2,20.6,24,8.3,20.6,,,0,0,254.374,3.034,1.68,,21.6,-0.321,23,283,24.631,97.362,1.707,47.791,,,,,1
2026-10-10T04:00Z,2026-10-11T04:00Z,a4t:bkp119t,24,7.1,5.7,12.7,9.5,17.5,24,5.7,17.5,,,0,0,699.86,3.361,1.257,,21.6,-0.321,11,284,28.129,79.34,2.468,89.811,,,,,1
2026-10-10T04:00Z,2026-10-12T04:00Z,a4t:bkp119t,48,17.5,15.5,13.2,11.3,15.5,24,15.5,15.5,,,0,0,1017.45,3.433,0.092,,21.6,-0.321,11,285,30.185,70.156,2.637,64.886,,,,,1
2026-10-10T04:00Z,2026-10-10T05:00Z,a4t:bkp120t,1,22.4,18.9,32.3,27.2,23.3,24,18.9,23.3,,,0,0.002,999.201,2.871,0.193,,23.2,-0.167,12,283,30.484,68.434,2.267,45.462,,,,,1
2026-10-10T04:00Z,2026-10-10T07:00Z,a4t:bkp120t,3,23.3,19.8,32.8,27.6,23.5,24,19.8,23.5,,,0,0.001,364.677,2.398,1.487,,23.2,-0.167,14,283,27.695,85.937,1.793,305.558,,,,,1
2026-10-10T04:00Z,2026-10-10T10:00Z,a4t:bkp120t,6,24.1,20.7,33.6,28.3,23.8,24,20.7,23.8,,,0,0.001,285.711,1.459,2.387,,23.2,-0.167,17,283,26.492,91.766,0.711,84.529,,,,,1
2026-10-10T04:00Z,2026-10-10T16:00Z,a4t:bkp120t,12,14.1,12.3,31.8,27,24,24,12.3,24,,,0,0,262.852,3.257,1.657,,23.2,-0.167,23,283,24.713,97.615,1.853,54.676,,,,,1
2026-10-10T04:00Z,2026-10-11T04:00Z,a4t:bkp120t,24,8.4,7.5,17.6,15.3,20.5,24,7.5,20.5,,,0,0,732.92,4.134,1.485,,23.2,-0.167,11,284,28.299,78.601,3.025,91.259,,,,,1
2026-10-10T04:00Z,2026-10-12T04:00Z,a4t:bkp120t,48,14.8,13.9,14.6,13.4,17.7,24,13.9,17.7,,,0,0,1080.931,3.304,0.024,,23.2,-0.167,11,285,30.392,68.484,2.52,64.97,,,,,1
2026-10-10T04:00Z,2026-10-10T05:00Z,a4t:bkp121t,1,23.9,17.9,28,20.7,20.1,24,17.9,20.1,,,0,0.002,1036.619,3.185,0.165,,20.1,-0.289,12,283,30.444,69.769,2.526,42.409,,,,,1
2026-10-10T04:00Z,2026-10-10T07:00Z,a4t:bkp121t,3,20.8,15.7,27.5,20.4,20.1,24,15.7,20.1,,,0,0.001,588.747,1.68,1.186,,20.1,-0.289,14,283,28.479,81.408,1.156,334.142,,,,,1
2026-10-10T04:00Z,2026-10-10T10:00Z,a4t:bkp121t,6,15.8,12.1,26.1,19.4,20,24,12.1,20,,,0,0.001,313.925,1.511,2.095,,20.1,-0.289,17,283,26.541,90.388,0.897,69.822,,,,,1
2026-10-10T04:00Z,2026-10-10T16:00Z,a4t:bkp121t,12,10.9,8.5,23.6,17.7,19.5,24,8.5,19.5,,,0,0,256.677,2.941,1.854,,20.1,-0.289,23,283,24.572,97.136,1.635,42.28,,,,,1
2026-10-10T04:00Z,2026-10-11T04:00Z,a4t:bkp121t,24,7.1,5.8,12.7,9.8,16.6,24,5.8,16.6,,,0,0,629.104,2.764,1.349,,20.1,-0.289,11,284,27.749,81.065,2.026,88.386,,,,,1
2026-10-10T04:00Z,2026-10-12T04:00Z,a4t:bkp121t,48,17.5,15.7,13.2,11.5,14.9,24,15.7,14.9,,,0,0,976.269,3.373,0.123,,20.1,-0.289,11,285,29.967,71.557,2.61,61.651,,,,,1
2026-10-10T04:00Z,2026-10-10T05:00Z,a4t:bkp122t,1,23.9,15.7,28,18.1,18.5,24,15.7,18.5,,,0,0.001,1022.847,3.118,0.173,,18.5,-0.419,12,283,30.475,69.263,2.469,44.017,,,,,1
2026-10-10T04:00Z,2026-10-10T07:00Z,a4t:bkp122t,3,20.8,13.8,27.5,17.8,18.5,24,13.8,18.5,,,0,0.001,519.88,1.748,1.211,,18.5,-0.419,14,283,28.274,82.605,1.234,324.159,,,,,1
2026-10-10T04:00Z,2026-10-10T10:00Z,a4t:bkp122t,6,15.8,10.7,26.1,17,18.3,24,10.7,18.3,,,0,0,297.111,1.581,2.28,,18.5,-0.419,17,283,26.469,91.119,0.876,79.214,,,,,1
2026-10-10T04:00Z,2026-10-10T16:00Z,a4t:bkp122t,12,10.9,7.6,23.6,15.6,17.8,24,7.6,17.8,,,0,0,255.073,3.036,1.698,,18.5,-0.419,23,283,24.63,97.349,1.706,47.731,,,,,1
2026-10-10T04:00Z,2026-10-11T04:00Z,a4t:bkp122t,24,7.1,5.3,12.7,8.7,15.1,24,5.3,15.1,,,0,0,693.885,3.344,1.282,,18.5,-0.419,11,284,28.097,79.484,2.454,89.781,,,,,1
2026-10-10T04:00Z,2026-10-12T04:00Z,a4t:bkp122t,48,17.5,14.9,13.2,10.7,13.4,24,14.9,13.4,,,0,0,1016.525,3.421,0.092,,18.5,-0.419,11,285,30.173,70.214,2.628,64.548,,,,,1
2026-10-10T04:00Z,2026-10-10T05:00Z,a4t:bkp123t,1,22.4,13.4,32.3,19.1,18.6,24,13.4,18.6,,,0,0.002,1017.172,3.028,0.181,,18.6,-0.503,12,283,30.477,68.956,2.395,44.311,,,,,1
2026-10-10T04:00Z,2026-10-10T07:00Z,a4t:bkp123t,3,23.3,14.3,32.8,19.5,18.7,24,14.3,18.7,,,0,0.001,462.29,1.997,1.341,,18.6,-0.503,14,283,28.046,83.9,1.445,315.697,,,,,1
2026-10-10T04:00Z,2026-10-10T10:00Z,a4t:bkp123t,6,24.1,15.3,33.6,20.1,18.7,24,15.3,18.7,,,0,0,296.103,1.502,2.275,,18.6,-0.503,17,283,26.497,91.258,0.801,80.011,,,,,1
2026-10-10T04:00Z,2026-10-10T16:00Z,a4t:bkp123t,12,14.1,9.3,31.8,19.4,18.6,24,9.3,18.6,,,0,0,258.912,3.116,1.714,,18.6,-0.503,23,283,24.659,97.414,1.756,50.384,,,,,1
2026-10-10T04:00Z,2026-10-11T04:00Z,a4t:bkp123t,24,8.4,6,17.6,11.5,15.9,24,6,15.9,,,0,0,697.313,3.599,1.399,,18.6,-0.503,11,284,28.116,79.41,2.638,90.325,,,,,1
2026-10-10T04:00Z,2026-10-12T04:00Z,a4t:bkp123t,48,14.8,12.2,14.6,11.4,13.5,24,12.2,13.5,,,0,0,1037.542,3.363,0.067,,18.6,-0.503,11,285,30.23,69.704,2.579,64.128,,,,,1
2026-10-10T04:00Z,2026-10-10T05:00Z,a4t:bkp124t,1,23.9,19.6,28,22.8,23.2,24,19.6,23.2,,,0,0.003,1034.037,3.061,0.177,,23.2,-0.197,12,283,30.46,69.165,2.421,42.848,,,,,1
2026-10-10T04:00Z,2026-10-10T07:00Z,a4t:bkp124t,3,20.8,17.2,27.5,22.4,23.2,24,17.2,23.2,,,0,0.001,490.412,2.07,1.428,,23.2,-0.197,14,283,28.081,83.627,1.481,318.28,,,,,1
2026-10-10T04:00Z,2026-10-10T10:00Z,a4t:bkp124t,6,15.8,13.2,26.1,21.3,23,24,13.2,23,,,0,0.001,314.754,1.366,2.038,,23.2,-0.197,17,283,26.596,90.592,0.769,71.318,,,,,1
2026-10-10T04:00Z,2026-10-10T16:00Z,a4t:bkp124t,12,10.9,9.2,23.6,19.4,22.3,24,9.2,22.3,,,0,0,263.07,3.08,1.892,,23.2,-0.197,23,283,24.63,97.205,1.719,48.141,,,,,1
2026-10-10T04:00Z,2026-10-11T04:00Z,a4t:bkp124t,24,7.1,6.2,12.7,10.6,19,24,6.2,19,,,0,0,630.333,3.223,1.579,,23.2,-0.197,11,284,27.769,80.985,2.361,89.547,,,,,1
2026-10-10T04:00Z,2026-10-12T04:00Z,a4t:bkp124t,48,17.5,16.2,13.2,12,16.9,24,16.2,16.9,,,0,0,1010.549,3.294,0.081,,23.2,-0.197,11,285,30.055,70.735,2.544,60.757,,,,,1
2026-10-10T04:00Z,2026-10-10T05:00Z,a4t:bkp125t,1,11.8,13.8,15.2,17.7,23.1,24,13.8,23.1,,,0,0.001,996.934,3.06,0.179,,23.3,0.148,12,283,30.496,68.973,2.423,46.078,,,,,1
2026-10-10T04:00Z,2026-10-10T07:00Z,a4t:bkp125t,3,10,11.6,14.8,17.3,22.9,24,11.6,22.9,,,0,0,476.95,1.646,1.09,,23.3,0.148,14,283,28.213,83.067,1.185,319.545,,,,,1
2026-10-10T04:00Z,2026-10-10T10:00Z,a4t:bkp125t,6,9.1,10.5,14.1,16.4,22.5,24,10.5,22.5,,,0,0,270.243,1.808,2.626,,23.3,0.148,17,283,26.329,92.07,0.953,88.342,,,,,1
2026-10-10T04:00Z,2026-10-10T16:00Z,a4t:bkp125t,12,9.3,10.5,12.6,14.6,21.4,24,10.5,21.4,,,0,0,249.536,3.084,1.448,,23.3,0.148,23,283,24.67,97.657,1.755,50.793,,,,,1
2026-10-10T04:00Z,2026-10-11T04:00Z,a4t:bkp125t,24,3.7,4.1,7.6,8.6,18.7,24,4.1,18.7,,,0,0,789.113,3.879,1.029,,23.3,0.148,11,284,28.588,77.262,2.847,90.808,,,,,1
2026-10-10T04:00Z,2026-10-12T04:00Z,a4t:bkp125t,48,11.1,11.8,9.9,10.7,17.5,24,11.8,17.5,,,0,0,1056.049,3.528,0.071,,23.3,0.148,11,285,30.423,68.725,2.689,68.943,,,,,1
2026-10-10T04:00Z,2026-10-10T05:00Z,a4t:bkp126t,1,23.9,17.7,28,20.6,20.6,24,17.7,20.6,,,0,0.003,1045.272,3.109,0.169,,20.6,-0.296,12,283,30.414,69.772,2.464,40.911,,,,,1
2026-10-10T04:00Z,2026-10-10T07:00Z,a4t:bkp126t,3,20.8,15.6,27.5,20.2,20.6,24,15.6,20.6,,,0,0.002,563.43,1.981,1.408,,20.6,-0.296,14,283,28.292,82.408,1.381,326.715,,,,,1
2026-10-10T04:00Z,2026-10-10T10:00Z,a4t:bkp126t,6,15.8,12,26.1,19.3,20.4,24,12,20.4,,,0,0.001,333.419,1.329,1.842,,20.6,-0.296,17,283,26.685,89.75,0.826,57.19,,,,,1
2026-10-10T04:00Z,2026-10-10T16:00Z,a4t:bkp126t,12,10.9,8.5,23.6,17.6,19.9,24,8.5,19.9,,,0,0,265.84,2.967,2.078,,20.6,-0.296,23,283,24.561,96.985,1.629,41.434,,,,,1
2026-10-10T04:00Z,2026-10-11T04:00Z,a4t:bkp126t,24,7.1,5.8,12.7,9.8,16.9,24,5.8,16.9,,,0,0,555.07,2.551,1.664,,20.6,-0.296,11,284,27.357,82.865,1.861,87.847,,,,,1
2026-10-10T04:00Z,2026-10-12T04:00Z,a4t:bkp126t,48,17.5,15.6,13.2,11.4,15.1,24,15.6,15.1,,,0,0,966.512,3.23,0.113,,20.6,-0.296,11,285,29.821,72.243,2.518,56.961,,,,,1
2026-10-10T04:00Z,2026-10-10T05:00Z,a4t:bkp127t,1,23.9,16.2,28,18.7,18.3,24,16.2,18.3,,,0,0.005,1051.722,3.067,0.174,,18.3,-0.388,12,283,30.427,69.441,2.427,40.838,,,,,1
2026-10-10T04:00Z,2026-10-10T07:00Z,a4t:bkp127t,3,20.8,14.3,27.5,18.4,18.3,24,14.3,18.3,,,0,0.002,515.951,2.232,1.571,,18.3,-0.388,14,283,28.079,83.559,1.583,319.825,,,,,1
2026-10-10T04:00Z,2026-10-10T10:00Z,a4t:bkp127t,6,15.8,11,26.1,17.5,18.2,24,11,18.2,,,0,0.001,339.343,1.228,1.731,,18.3,-0.388,17,283,26.74,89.699,0.759,55.381,,,,,1
2026-10-10T04:00Z,2026-10-10T16:00Z,a4t:bkp127t,12,10.9,7.8,23.6,16.1,17.7,24,7.8,17.7,,,0,0,270.091,3.042,2.142,,18.3,-0.388,23,283,24.591,96.953,1.673,44.827,,,,,1
2026-10-10T04:00Z,2026-10-11T04:00Z,a4t:bkp127t,24,7.1,5.4,12.7,9,15.1,24,5.4,15.1,,,0,0,538.822,2.736,1.845,,18.3,-0.388,11,284,27.287,83.181,1.998,88.333,,,,,1
2026-10-10T04:00Z,2026-10-12T04:00Z,a4t:bkp127t,48,17.5,15.1,13.2,10.9,13.5,24,15.1,13.5,,,0,0,978.468,3.191,0.094,,18.3,-0.388,11,285,29.827,72.044,2.491,55.604,,,,,1
2026-10-10T04:00Z,2026-10-10T05:00Z,a4t:bkp129t,1,11.9,10,15.8,13.3,15,24,10,15,,,0,0,939.571,2.918,0.186,,15.1,-0.162,12,283,30.495,68.818,2.317,49.383,,,,,1
2026-10-10T04:00Z,2026-10-10T07:00Z,a4t:bkp129t,3,10.7,9.1,16,13.5,15,24,9.1,15,,,0,0,425.355,1.406,0.817,,15.1,-0.162,14,283,28.195,83.44,1.047,313.507,,,,,1
2026-10-10T04:00Z,2026-10-10T10:00Z,a4t:bkp129t,6,9.1,7.8,16.2,13.6,14.9,24,7.8,14.9,,,0,0,222.697,2.225,3.286,,15.1,-0.162,17,283,26.09,93.577,1.118,96.342,,,,,1
2026-10-10T04:00Z,2026-10-10T16:00Z,a4t:bkp129t,12,9.5,8.3,15.1,12.8,14.6,24,8.3,14.6,,,0,0,240.643,3.078,1.036,,15.1,-0.162,23,283,24.704,98.224,1.772,52.038,,,,,1
2026-10-10T04:00Z,2026-10-11T04:00Z,a4t:bkp129t,24,3.2,2.8,8.6,7.4,12.5,24,2.8,12.5,,,0,0,945.671,4.566,0.536,,15.1,-0.162,11,284,29.364,73.775,3.343,92.019,,,,,1
2026-10-10T04:00Z,2026-10-12T04:00Z,a4t:bkp129t,48,9.9,9.3,10.1,9.3,11.8,24,9.3,11.8,,,0,0,1115.521,3.698,0.045,,15.1,-0.162,11,285,30.813,66.448,2.791,75.485,,,,,1
2026-10-10T04:00Z,2026-10-10T05:00Z,a4t:bkp130t,1,11.9,11.1,15.8,14.7,16.8,24,11.1,16.8,,,0,0.001,991.873,2.922,0.188,,16.9,-0.069,12,283,30.483,68.675,2.311,45.886,,,,,1
2026-10-10T04:00Z,2026-10-10T07:00Z,a4t:bkp130t,3,10.7,10,16,14.9,16.8,24,10,16.8,,,0,0.001,405.828,2.072,1.308,,16.9,-0.069,14,283,27.9,84.833,1.535,309.515,,,,,1
2026-10-10T04:00Z,2026-10-10T10:00Z,a4t:bkp130t,6,9.1,8.5,16.2,15,16.7,24,8.5,16.7,,,0,0,275.986,1.614,2.538,,16.9,-0.069,17,283,26.412,91.979,0.809,86.392,,,,,1
2026-10-10T04:00Z,2026-10-10T16:00Z,a4t:bkp130t,12,9.5,9,15.1,14.1,16.3,24,9,16.3,,,0,0,257.283,3.174,1.55,,16.9,-0.069,23,283,24.695,97.681,1.804,52.803,,,,,1
2026-10-10T04:00Z,2026-10-11T04:00Z,a4t:bkp130t,24,3.2,3,8.6,8.1,14,24,3,14,,,0,0,765.132,4.057,1.267,,16.9,-0.069,11,284,28.458,77.877,2.97,91.19,,,,,1
2026-10-10T04:00Z,2026-10-12T04:00Z,a4t:bkp130t,48,9.9,9.6,10.1,9.8,13.1,24,9.6,13.1,,,0,0,1075.062,3.388,0.041,,16.9,-0.069,11,285,30.428,68.437,2.58,67.001,,,,,1
2026-10-10T04:00Z,2026-10-10T05:00Z,a4t:bkp131t,1,23.9,19.9,28,23.2,22.4,24,19.9,22.4,,,0,0.002,1032.067,3.16,0.169,,22.4,-0.181,12,283,30.459,69.54,2.504,43.069,,,,,1
2026-10-10T04:00Z,2026-10-10T07:00Z,a4t:bkp131t,3,20.8,17.5,27.5,22.8,22.4,24,17.5,22.4,,,0,0.001,559.029,1.709,1.203,,22.4,-0.181,14,283,28.388,81.934,1.188,329.664,,,,,1
2026-10-10T04:00Z,2026-10-10T10:00Z,a4t:bkp131t,6,15.8,13.4,26.1,21.7,22.3,24,13.4,22.3,,,0,0,307.457,1.531,2.162,,22.4,-0.181,17,283,26.514,90.685,0.883,73.931,,,,,1
2026-10-10T04:00Z,2026-10-10T16:00Z,a4t:bkp131t,12,10.9,9.4,23.6,19.8,21.8,24,9.4,21.8,,,0,0,256.093,2.982,1.792,,22.4,-0.181,23,283,24.598,97.217,1.665,44.817,,,,,1
2026-10-10T04:00Z,2026-10-11T04:00Z,a4t:bkp131t,24,7.1,6.3,12.7,10.8,18.6,24,6.3,18.6,,,0,0,654.918,3.012,1.33,,22.4,-0.181,11,284,27.89,80.424,2.21,89.028,,,,,1
2026-10-10T04:00Z,2026-10-12T04:00Z,a4t:bkp131t,48,17.5,16.3,13.2,12.1,16.6,24,16.3,16.6,,,0,0,993.028,3.393,0.109,,22.4,-0.181,11,285,30.051,71.003,2.618,62.822,,,,,1
2026-10-10T04:00Z,2026-10-10T05:00Z,a4t:bkp133t,1,23.9,16.5,28,19.1,19.9,24,16.5,19.9,,,0,0.002,1029.744,3.066,0.177,,19.9,-0.368,12,283,30.464,69.157,2.425,43.239,,,,,1
2026-10-10T04:00Z,2026-10-10T07:00Z,a4t:bkp133t,3,20.8,14.5,27.5,18.8,19.8,24,14.5,19.8,,,0,0.001,491.911,2.003,1.379,,19.9,-0.368,14,283,28.11,83.485,1.432,318.838,,,,,1
2026-10-10T04:00Z,2026-10-10T10:00Z,a4t:bkp133t,6,15.8,11.2,26.1,17.9,19.7,24,11.2,19.7,,,0,0.001,309.229,1.418,2.112,,19.9,-0.368,17,283,26.561,90.77,0.789,73.997,,,,,1
2026-10-10T04:00Z,2026-10-10T16:00Z,a4t:bkp133t,12,10.9,8,23.6,16.4,19.1,24,8,19.1,,,0,0,261.152,3.076,1.835,,19.9,-0.368,23,283,24.634,97.258,1.721,48.336,,,,,1
2026-10-10T04:00Z,2026-10-11T04:00Z,a4t:bkp133t,24,7.1,5.5,12.7,9.1,16.2,24,5.5,16.2,,,0,0,650.09,3.292,1.504,,19.9,-0.368,11,284,27.871,80.521,2.412,89.7,,,,,1
2026-10-10T04:00Z,2026-10-12T04:00Z,a4t:bkp133t,48,17.5,15.2,13.2,11,14.4,24,15.2,14.4,,,0,0,1015.097,3.323,0.081,,19.9,-0.368,11,285,30.098,70.511,2.562,61.874,,,,,1
2026-10-10T04:00Z,2026-10-10T05:00Z,a4t:bkp61t,1,23.9,24.2,28,28.4,31.4,24,24.2,31.4,,,0,0.002,1027.411,3.082,0.176,,31.5,0.013,12,283,30.466,69.205,2.439,43.457,,,,,1
2026-10-10T04:00Z,2026-10-10T07:00Z,a4t:bkp61t,3,20.8,21.1,27.5,27.9,31.3,24,21.1,31.3,,,0,0.001,502.152,1.917,1.324,,31.5,0.013,14,283,28.167,83.181,1.365,320.544,,,,,1
2026-10-10T04:00Z,2026-10-10T10:00Z,a4t:bkp61t,6,15.8,16,26.1,26.5,30.9,24,16,30.9,,,0,0.001,305.551,1.467,2.165,,31.5,0.013,17,283,26.533,90.869,0.816,75.543,,,,,1
2026-10-10T04:00Z,2026-10-10T16:00Z,a4t:bkp61t,12,10.9,11,23.6,24,29.8,24,11,29.8,,,0,0,259.256,3.06,1.794,,31.5,0.013,23,283,24.631,97.285,1.714,47.986,,,,,1
2026-10-10T04:00Z,2026-10-11T04:00Z,a4t:bkp61t,24,7.1,7.2,12.7,12.8,25.5,24,7.2,25.5,,,0,0,663.046,3.296,1.433,,31.5,0.013,11,284,27.937,80.218,2.416,89.707,,,,,1
2026-10-10T04:00Z,2026-10-12T04:00Z,a4t:bkp61t,48,17.5,17.6,13.2,13.3,22.5,24,17.6,22.5,,,0,0,1014.863,3.351,0.085,,31.5,0.013,11,285,30.119,70.44,2.581,62.69,,,,,1
2026-10-10T04:00Z,2026-10-10T05:00Z,a4t:bkp73t,1,22.4,22.8,32.3,32.9,28.6,24,22.8,28.6,,,0,0.001,1007.819,2.983,0.184,,28.5,0.017,12,283,30.481,68.806,2.359,44.947,,,,,1
2026-10-10T04:00Z,2026-10-10T07:00Z,a4t:bkp73t,3,23.3,23.7,32.8,33.4,28.8,24,23.7,28.8,,,0,0.001,435.054,2.051,1.342,,28.5,0.017,14,283,27.968,84.381,1.5,312.62,,,,,1
2026-10-10T04:00Z,2026-10-10T10:00Z,a4t:bkp73t,6,24.1,24.5,33.6,34.2,29.1,24,24.5,29.1,,,0,0,288.481,1.537,2.371,,28.5,0.017,17,283,26.467,91.549,0.797,82.857,,,,,1
2026-10-10T04:00Z,2026-10-10T16:00Z,a4t:bkp73t,12,14.1,14.3,31.8,32.3,29.3,24,14.3,29.3,,,0,0,258.575,3.15,1.652,,28.5,0.017,23,283,24.677,97.518,1.782,51.72,,,,,1
2026-10-10T04:00Z,2026-10-11T04:00Z,a4t:bkp73t,24,8.4,8.5,17.6,17.9,25.1,24,8.5,25.1,,,0,0,723.635,3.806,1.362,,28.5,0.017,11,284,28.251,78.806,2.788,90.72,,,,,1
2026-10-10T04:00Z,2026-10-12T04:00Z,a4t:bkp73t,48,14.8,14.9,14.6,14.7,21.7,24,14.9,21.7,,,0,0,1053.902,3.369,0.055,,28.5,0.017,11,285,30.312,69.168,2.577,65.217,,,,,1
2026-10-10T04:00Z,2026-10-10T05:00Z,a4t:bkp75t,1,11.9,13.5,15.8,17.9,20.1,24,13.5,20.1,,,0,0.001,978.378,2.883,0.19,,20.2,0.118,12,283,30.481,68.641,2.281,46.618,,,,,1
2026-10-10T04:00Z,2026-10-10T07:00Z,a4t:bkp75t,3,10.7,12.1,16,18.1,20.1,24,12.1,20.1,,,0,0,392.567,2.035,1.251,,20.2,0.118,14,283,27.888,84.961,1.517,308.122,,,,,1
2026-10-10T04:00Z,2026-10-10T10:00Z,a4t:bkp75t,6,9.1,10.2,16.2,18.3,20,24,10.2,20,,,0,0,265.382,1.695,2.686,,20.2,0.118,17,283,26.361,92.313,0.836,88.673,,,,,1
2026-10-10T04:00Z,2026-10-10T16:00Z,a4t:bkp75t,12,9.5,10.5,15.1,17,19.5,24,10.5,19.5,,,0,0,255.536,3.173,1.46,,20.2,0.118,23,283,24.702,97.811,1.807,53.029,,,,,1
2026-10-10T04:00Z,2026-10-11T04:00Z,a4t:bkp75t,24,3.2,3.5,8.6,9.5,16.9,24,3.5,16.9,,,0,0,799.549,4.212,1.162,,20.2,0.118,11,284,28.627,77.118,3.081,91.482,,,,,1
2026-10-10T04:00Z,2026-10-12T04:00Z,a4t:bkp75t,48,9.9,10.4,10.1,10.7,15.8,24,10.4,15.8,,,0,0,1088.857,3.413,0.035,,20.2,0.118,11,285,30.516,67.921,2.592,68.539,,,,,1
2026-10-10T04:00Z,2026-10-10T05:00Z,a4t:bkp76t,1,11.8,9.7,15.2,12.3,15,24,9.7,15,,,0,0.001,1004.895,3.088,0.177,,15.1,-0.195,12,283,30.494,69.049,2.445,45.571,,,,,1
2026-10-10T04:00Z,2026-10-10T07:00Z,a4t:bkp76t,3,10,8.2,14.8,12,14.9,24,8.2,14.9,,,0,0,491.879,1.65,1.111,,15.1,-0.195,14,283,28.246,82.847,1.178,321.511,,,,,1
2026-10-10T04:00Z,2026-10-10T10:00Z,a4t:bkp76t,6,9.1,7.6,14.1,11.5,14.7,24,7.6,14.7,,,0,0,276.996,1.759,2.537,,15.1,-0.195,17,283,26.36,91.834,0.94,86.56,,,,,1
2026-10-10T04:00Z,2026-10-10T16:00Z,a4t:bkp76t,12,9.3,7.9,12.6,10.4,14,24,7.9,14,,,0,0,250.412,3.07,1.505,,15.1,-0.195,23,283,24.66,97.572,1.743,50.092,,,,,1
2026-10-10T04:00Z,2026-10-11T04:00Z,a4t:bkp76t,24,3.7,3.2,7.6,6.4,12.2,24,3.2,12.2,,,0,0,766.165,3.74,1.082,,15.1,-0.195,11,284,28.472,77.784,2.746,90.543,,,,,1
2026-10-10T04:00Z,2026-10-12T04:00Z,a4t:bkp76t,48,11.1,10.3,9.9,9,11.5,24,10.3,11.5,,,0,0,1044.83,3.511,0.078,,15.1,-0.195,11,285,30.359,69.12,2.681,67.977,,,,,1
2026-10-10T04:00Z,2026-10-10T05:00Z,a4t:bkp94t,1,23.9,23.9,28,28,28.2,24,23.9,28.2,,,0,0.001,1022.71,3.156,0.171,,28.2,0.001,12,283,30.481,69.332,2.5,44.236,,,,,1
2026-10-10T04:00Z,2026-10-10T07:00Z,a4t:bkp94t,3,20.8,20.8,27.5,27.5,28.2,24,20.8,28.2,,,0,0.001,538.476,1.634,1.137,,28.2,0.001,14,283,28.365,82.102,1.142,328.003,,,,,1
2026-10-10T04:00Z,2026-10-10T10:00Z,a4t:bkp94t,6,15.8,15.8,26.1,26.1,28,24,15.8,28,,,0,0,293.555,1.651,2.33,,28.2,0.001,17,283,26.434,91.212,0.921,80.813,,,,,1
2026-10-10T04:00Z,2026-10-10T16:00Z,a4t:bkp94t,12,10.9,10.9,23.6,23.6,27.2,24,10.9,27.2,,,0,0,252.338,3.014,1.65,,28.2,0.001,23,283,24.625,97.362,1.698,47.297,,,,,1
2026-10-10T04:00Z,2026-10-11T04:00Z,a4t:bkp94t,24,7.1,7.1,12.7,12.7,23.2,24,7.1,23.2,,,0,0,707.663,3.327,1.193,,28.2,0.001,11,284,28.171,79.145,2.445,89.705,,,,,1
2026-10-10T04:00Z,2026-10-12T04:00Z,a4t:bkp94t,48,17.5,17.5,13.2,13.2,20.7,24,17.5,20.7,,,0,0,1013.466,3.468,0.1,,28.2,0.001,11,285,30.189,70.2,2.663,65.484,,,,,1
2026-10-10T04:00Z,2026-10-10T05:00Z,a4t:bkp96t,1,11.9,14.2,15.8,19,21.6,24,14.2,21.6,,,0,0.001,1006.045,3.03,0.18,,21.7,0.172,12,283,30.485,68.944,2.398,45.191,,,,,1
2026-10-10T04:00Z,2026-10-10T07:00Z,a4t:bkp96t,3,10.7,12.7,16,19.2,21.5,24,12.7,21.5,,,0,0.001,463.557,1.853,1.231,,21.7,0.172,14,283,28.104,83.631,1.341,316.532,,,,,1
2026-10-10T04:00Z,2026-10-10T10:00Z,a4t:bkp96t,6,9.1,10.7,16.2,19.3,21.4,24,10.7,21.4,,,0,0,283.351,1.637,2.448,,21.7,0.172,17,283,26.419,91.664,0.862,84.357,,,,,1
2026-10-10T04:00Z,2026-10-10T16:00Z,a4t:bkp96t,12,9.5,11,15.1,17.9,20.9,24,11,20.9,,,0,0,254.847,3.106,1.587,,21.7,0.172,23,283,24.666,97.542,1.758,50.706,,,,,1
2026-10-10T04:00Z,2026-10-11T04:00Z,a4t:bkp96t,24,3.2,3.7,8.6,9.9,18.1,24,3.7,18.1,,,0,0,741.993,3.754,1.23,,21.7,0.172,11,284,28.345,78.373,2.753,90.619,,,,,1
2026-10-10T04:00Z,2026-10-12T04:00Z,a4t:bkp96t,48,9.9,10.6,10.1,11,16.9,24,10.6,16.9,,,0,0,1048.655,3.43,0.067,,21.7,0.172,11,285,30.329,69.181,2.622,66.455,,,,,1
2026-10-10T04:00Z,2026-10-10T05:00Z,a4t:bkp97t,1,22.4,19,32.3,27.3,24,24,19,24,,,0,0.002,1001.159,2.92,0.189,,23.9,-0.162,12,283,30.482,68.614,2.308,45.327,,,,,1
2026-10-10T04:00Z,2026-10-10T07:00Z,a4t:bkp97t,3,23.3,19.9,32.8,27.8,24.1,24,19.9,24.1,,,0,0.001,397.674,2.212,1.404,,23.9,-0.162,14,283,27.83,85.178,1.64,308.601,,,,,1
2026-10-10T04:00Z,2026-10-10T10:00Z,a4t:bkp97t,6,24.1,20.8,33.6,28.5,24.4,24,20.8,24.4,,,0,0,285.211,1.512,2.405,,23.9,-0.162,17,283,26.47,91.717,0.758,84.161,,,,,1
2026-10-10T04:00Z,2026-10-10T16:00Z,a4t:bkp97t,12,14.1,12.3,31.8,27.1,24.6,24,12.3,24.6,,,0,0,260.384,3.202,1.639,,23.9,-0.162,23,283,24.696,97.589,1.817,53.263,,,,,1
2026-10-10T04:00Z,2026-10-11T04:00Z,a4t:bkp97t,24,8.4,7.5,17.6,15.3,21,24,7.5,21,,,0,0,734.427,3.997,1.404,,23.9,-0.162,11,284,28.305,78.568,2.926,91.055,,,,,1
2026-10-10T04:00Z,2026-10-12T04:00Z,a4t:bkp97t,48,14.8,13.9,14.6,13.4,18.1,24,13.9,18.1,,,0,0,1069.816,3.341,0.039,,23.9,-0.162,11,285,30.367,68.735,2.55,65.38,,,,,1
2026-10-10T04:00Z,2026-10-10T05:00Z,228541,1,14.6,14.6,16.1,16.1,16.1,24,14.6,16.1,,,0,0,937.201,4.23,0.228,,,0,12,283,27.287,76.194,3.221,60.968,,,,,1
2026-10-10T04:00Z,2026-10-10T07:00Z,228541,3,6.4,6.4,15.7,15.7,15.7,24,6.4,15.7,,,0,0,764.513,3.823,1.508,,,0,14,283,25.885,87.705,2.841,44.401,,,,,1
2026-10-10T04:00Z,2026-10-10T10:00Z,228541,6,5.5,5.5,14.9,14.9,14.9,24,5.5,14.9,,,0,0,276.401,2.168,1.428,,,0,17,283,24.755,93.345,1.161,123.492,,,,,1
2026-10-10T04:00Z,2026-10-10T16:00Z,228541,12,5.9,5.9,12.8,12.8,12.8,24,5.9,12.8,,,0,0,102.125,2.488,0.288,,,0,23,283,22.683,97.078,0.705,188.871,,,,,1
2026-10-10T04:00Z,2026-10-11T04:00Z,228541,24,11.9,11.9,7.1,7.1,7.1,24,11.9,7.1,,,0,0.001,1037.476,3.954,0.025,,,0,11,284,28.667,64.379,2.949,103.424,,,,,1
2026-10-10T04:00Z,2026-10-12T04:00Z,228541,48,21.6,21.6,16.8,16.8,16.8,24,21.6,16.8,,,0,0.001,1015.834,3.207,0.093,,,0,11,285,28.946,67.657,2.475,122.703,,,,,1
2026-10-10T04:00Z,2026-10-10T05:00Z,225576,1,5.6,5.6,10.4,10.4,10.4,24,5.6,10.4,,,0,0,1012.145,3.346,0.089,,,-0.001,12,283,30.242,70.251,2.689,44.129,,,,,1
2026-10-10T04:00Z,2026-10-10T07:00Z,225576,3,5.7,5.7,10.1,10.1,10.1,24,5.7,10.1,,,0,0,695.038,1.787,0.673,,,-0.001,14,283,29.209,74,1.409,105.335,,,,,1
2026-10-10T04:00Z,2026-10-10T10:00Z,225576,6,6,6,9.7,9.7,9.6,24,6,9.6,,,0,0,388.05,2.229,1.06,,,-0.001,17,283,27.11,84.949,1.737,106.675,,,,,1
2026-10-10T04:00Z,2026-10-10T16:00Z,225576,12,3.9,3.9,6.7,6.7,6.7,24,3.9,6.7,,,0,0,254.436,3.518,1.017,,,-0.001,23,283,25.701,91.51,2.717,65.68,,,,,1
2026-10-10T04:00Z,2026-10-11T04:00Z,225576,24,3.1,3.1,4.2,4.2,4.2,24,3.1,4.2,,,0,0,730.309,3.632,0.112,,,-0.001,11,284,28.788,75.858,3.019,76.095,,,,,1
2026-10-10T04:00Z,2026-10-12T04:00Z,225576,48,4.6,4.6,5.5,5.5,5.5,24,4.6,5.5,,,0,0,754.948,3.643,0.156,,,-0.001,11,285,29.106,75.959,2.996,78.371,,,,,1
2026-10-10T04:00Z,2026-10-10T05:00Z,7880,1,16.5,16.5,,,,h,16.5,,16.5,,0,0,1087.21,0.91,0,,,0,12,283,29.588,58.665,0.706,282.464,,,,,1
2026-10-10T04:00Z,2026-10-10T07:00Z,7880,3,16.5,16.5,,,,h,16.5,,16.5,,0,0,1260.498,1.384,0.103,,,0,14,283,29.572,59.717,1.029,291.458,,,,,1
2026-10-10T04:00Z,2026-10-10T10:00Z,7880,6,16.9,16.9,,,,h,16.9,,17,,0,0,373.82,1.448,0.206,,,0,17,283,27.274,73.333,0.981,344.055,,,,,1
2026-10-10T04:00Z,2026-10-10T16:00Z,7880,12,26,26,,,,h,26,,26.1,,0,0,23.963,0.245,0,,,0,23,283,22.402,94.028,0.302,83.679,,,,,1
2026-10-10T04:00Z,2026-10-11T04:00Z,7880,24,9.7,9.7,,,,h,9.7,,9.9,,0,0,547.328,0.549,0,,,0,11,284,28.667,67.204,0.401,53.719,,,,,1
2026-10-10T04:00Z,2026-10-12T04:00Z,7880,48,10.6,10.6,,,,h,10.6,,10.6,,0,0,668.077,1.006,0,,,0,11,285,29.514,63.848,0.769,19.336,,,,,1
2026-10-10T04:00Z,2026-10-10T05:00Z,2161292,1,48.7,48.7,,,,h,48.7,,48.8,,0,0.152,821.289,3.314,0,,,0,12,283,28.679,62.886,2.524,5.076,,,,,1
2026-10-10T04:00Z,2026-10-10T07:00Z,2161292,3,39,39,,,,h,39,,39.1,,0,0.078,1123.029,3.397,0,,,0,14,283,29.196,59.916,2.564,19.868,,,,,1
2026-10-10T04:00Z,2026-10-10T10:00Z,2161292,6,43.4,43.4,,,,h,43.4,,43.7,,0,0.056,45.583,1.292,0,,,0,17,283,28.334,70.995,0.383,356.253,,,,,1
2026-10-10T04:00Z,2026-10-10T16:00Z,2161292,12,54.6,54.6,,,,h,54.6,,54.8,,0,0.094,35.816,2.13,0,,,0,23,283,24.211,85.682,0.839,172.771,,,,,1
2026-10-10T04:00Z,2026-10-11T04:00Z,2161292,24,32.9,32.9,,,,h,32.9,,33.4,,0,0.08,1095.283,2.151,0,,,0,11,284,29.762,58.851,1.728,5.731,,,,,1
2026-10-10T04:00Z,2026-10-12T04:00Z,2161292,48,61.9,61.9,,,,h,61.9,,61.9,,0,0.045,1143.2,0.862,0,,,0,11,285,29.729,61.087,0.679,53.378,,,,,1
2026-10-10T04:00Z,2026-10-10T05:00Z,2161306,1,48.7,48.7,,,,h,48.7,,48.8,,0,0.152,815.5,3.191,0,,,0,12,283,28.381,63.481,2.406,6.907,,,,,1
2026-10-10T04:00Z,2026-10-10T07:00Z,2161306,3,39,39,,,,h,39,,39.1,,0,0.079,1085.15,3.248,0,,,0,14,283,28.862,60.626,2.436,21.586,,,,,1
2026-10-10T04:00Z,2026-10-10T10:00Z,2161306,6,43.4,43.4,,,,h,43.4,,43.7,,0,0.054,49.86,1.297,0,,,0,17,283,28.003,71.574,0.363,0.424,,,,,1
2026-10-10T04:00Z,2026-10-10T16:00Z,2161306,12,54.6,54.6,,,,h,54.6,,54.8,,0,0.088,34.32,1.856,0,,,0,23,283,23.992,85.968,0.77,174.262,,,,,1
2026-10-10T04:00Z,2026-10-11T04:00Z,2161306,24,32.9,32.9,,,,h,32.9,,33.4,,0,0.075,1120.31,2.118,0,,,0,11,284,29.607,58.543,1.687,10.725,,,,,1
2026-10-10T04:00Z,2026-10-12T04:00Z,2161306,48,61.9,61.9,,,,h,61.9,,61.9,,0,0.045,1172.1,0.873,0,,,0,11,285,29.63,60.644,0.675,64.518,,,,,1
2026-10-10T04:00Z,2026-10-10T05:00Z,1235990,1,22.4,22.4,,,,h,22.4,,22.4,,0,0.002,1008.077,2.97,0.185,,,0,12,283,30.481,68.76,2.348,44.918,,,,,0
2026-10-10T04:00Z,2026-10-10T07:00Z,1235990,3,23.3,23.3,,,,h,23.3,,23.3,,0,0.001,426.395,2.106,1.371,,,0,14,283,27.929,84.597,1.545,311.597,,,,,0
2026-10-10T04:00Z,2026-10-10T10:00Z,1235990,6,24.1,24.1,,,,h,24.1,,24.3,,0,0,289.484,1.514,2.354,,,0,17,283,26.478,91.534,0.78,82.634,,,,,0
2026-10-10T04:00Z,2026-10-10T16:00Z,1235990,12,14.1,14.1,,,,h,14.1,,14.2,,0,0,259.493,3.164,1.666,,,0,23,283,24.681,97.516,1.79,52.084,,,,,0
2026-10-10T04:00Z,2026-10-11T04:00Z,1235990,24,8.4,8.4,,,,h,8.4,,8.5,,0,0,720.188,3.831,1.394,,,0,11,284,28.233,78.886,2.806,90.761,,,,,0
2026-10-10T04:00Z,2026-10-12T04:00Z,1235990,48,14.8,14.8,,,,h,14.8,,14.8,,0,0,1056.029,3.355,0.051,,,0,11,285,30.311,69.138,2.566,64.95,,,,,0
2026-10-10T04:00Z,2026-10-10T05:00Z,1235999,1,8.1,8.1,,,,h,8.1,,8.1,,0,0.006,1219.933,1.56,0.081,,,0,12,283,30.535,56.925,1.101,45.423,,,,,0
2026-10-10T04:00Z,2026-10-10T07:00Z,1235999,3,9.4,9.4,,,,h,9.4,,9.4,,0,0.009,1333.932,2.46,0.088,,,0,14,283,31.333,53.83,1.795,54.672,,,,,0
2026-10-10T04:00Z,2026-10-10T10:00Z,1235999,6,11.9,11.9,,,,h,11.9,,12,,0,0.008,302.859,2.735,0.337,,,0,17,283,26.978,79.907,1.79,162.729,,,,,0
2026-10-10T04:00Z,2026-10-10T16:00Z,1235999,12,31.2,31.2,,,,h,31.2,,31.3,,0,0.002,71.011,1.296,0.62,,,0,23,283,24.162,95.15,0.551,334.896,,,,,0
2026-10-10T04:00Z,2026-10-11T04:00Z,1235999,24,9.9,9.9,,,,h,9.9,,10.1,,0,0.001,889.896,0.432,0.141,,,0,11,284,27.382,77.016,0.35,14.17,,,,,0
2026-10-10T04:00Z,2026-10-12T04:00Z,1235999,48,8.7,8.7,,,,h,8.7,,8.7,,0,0,669.835,0.461,0.034,,,0,11,285,28.347,71.625,0.324,163.692,,,,,0
2026-10-10T04:00Z,2026-10-10T05:00Z,1236013,1,7.6,89.1,6.1,80.8,57.8,h,89.1,57.8,89.2,57.8,0,0.004,1378.79,2.094,0.031,79,57.7,2.449,12,283,30.856,62.237,1.666,41.494,,,,,0
2026-10-10T04:00Z,2026-10-10T07:00Z,1236013,3,8.8,92.3,6.4,83,58.1,h,92.3,58.1,92.4,58.1,0,0.002,504.123,6.534,5.32,79,57.7,2.449,14,283,26.608,85.595,4.585,94.962,,,,,0
2026-10-10T04:00Z,2026-10-10T10:00Z,1236013,6,9,82,7,85.7,59.3,h,82,59.3,82.6,59.3,0,0.001,408.169,1.883,0.082,79,57.7,2.449,17,283,26.653,86.485,1.235,66.104,,,,,0
2026-10-10T04:00Z,2026-10-10T16:00Z,1236013,12,10,70.2,7.4,79.2,61.5,h,70.2,61.5,70.5,61.5,0,0.001,115.69,3.363,0.011,79,57.7,2.449,23,283,24.625,95.735,1.281,37.595,,,,,0
2026-10-10T04:00Z,2026-10-11T04:00Z,1236013,24,7.9,37.1,8.9,65.7,59.8,h,37.1,59.8,37.6,59.9,0,0.001,1221.131,3.212,0.1,79,57.7,2.449,11,284,28.693,72.636,2.507,66.933,,,,,0
2026-10-10T04:00Z,2026-10-12T04:00Z,1236013,48,10.3,26.3,7.4,25.6,46.5,h,26.3,46.5,26.3,46.5,0,0,735.166,1.244,0.081,79,57.7,2.449,11,285,28.976,70.596,0.927,54.206,,,,,0
2026-10-10T04:00Z,2026-10-10T05:00Z,1236024,1,8.1,16.6,18.4,37.5,21.1,h,16.6,21.1,16.6,21.1,0,0.009,1285.207,1.473,0.092,24.9,21.1,0.687,12,283,30.309,56.596,0.993,24.866,,,,,0
2026-10-10T04:00Z,2026-10-10T07:00Z,1236024,3,9.4,18.6,18.7,38.1,21.1,h,18.6,21.1,18.6,21.1,0,0.012,1476.203,2.594,0.105,24.9,21.1,0.687,14,283,31.266,51.689,1.861,34.839,,,,,0
2026-10-10T04:00Z,2026-10-10T10:00Z,1236024,6,11.9,22.4,19.4,39.2,21.3,h,22.4,21.3,22.6,21.3,0,0.009,237.056,2.752,0.391,24.9,21.1,0.687,17,283,26.468,82.485,1.721,169.661,,,,,0
2026-10-10T04:00Z,2026-10-10T16:00Z,1236024,12,31.2,53.4,19.1,36.7,23.4,h,53.4,23.4,53.6,23.4,0,0.003,79.903,1.571,1.095,24.9,21.1,0.687,23,283,23.704,96.89,0.678,332.375,,,,,0
2026-10-10T04:00Z,2026-10-11T04:00Z,1236024,24,9.9,15.4,20.5,35.2,24.8,h,15.4,24.8,15.6,24.8,0,0.001,757.049,0.972,0.175,24.9,21.1,0.687,11,284,26.843,78.66,0.839,316.318,,,,,0
2026-10-10T04:00Z,2026-10-12T04:00Z,1236024,48,8.7,11.4,13.8,19.3,20.5,h,11.4,20.5,11.4,20.5,0,0,716.935,0.115,0.035,24.9,21.1,0.687,11,285,28.212,70.52,0.072,209.19,,,,,0
2026-10-10T04:00Z,2026-10-10T05:00Z,1236034,1,22.4,22.4,,,,h,22.4,,22.4,,0,0.002,1024.888,3.01,0.182,,,0,12,283,30.474,68.883,2.379,43.744,,,,,0
2026-10-10T04:00Z,2026-10-10T07:00Z,1236034,3,23.3,23.3,,,,h,23.3,,23.3,,0,0.001,448.124,2.167,1.452,,,0,14,283,27.951,84.394,1.575,313.621,,,,,0
2026-10-10T04:00Z,2026-10-10T10:00Z,1236034,6,24.1,24.1,,,,h,24.1,,24.3,,0,0.001,305.422,1.393,2.143,,,0,17,283,26.56,90.994,0.746,76.676,,,,,0
2026-10-10T04:00Z,2026-10-10T16:00Z,1236034,12,14.1,14.1,,,,h,14.1,,14.2,,0,0,262.703,3.146,1.81,,,0,23,283,24.662,97.331,1.769,50.883,,,,,0
2026-10-10T04:00Z,2026-10-11T04:00Z,1236034,24,8.4,8.4,,,,h,8.4,,8.5,,0,0,665.246,3.549,1.552,,,0,11,284,27.954,80.146,2.601,90.208,,,,,0
2026-10-10T04:00Z,2026-10-12T04:00Z,1236034,48,14.8,14.8,,,,h,14.8,,14.8,,0,0,1034.142,3.307,0.062,,,0,11,285,30.17,69.971,2.543,62.276,,,,,0
2026-10-10T04:00Z,2026-10-10T05:00Z,1236050,1,8.1,8.1,,,,h,8.1,,8.1,,0,0.009,1251.514,1.803,0.105,,,0,12,283,29.503,56.825,1.182,39.423,,,,,0
2026-10-10T04:00Z,2026-10-10T07:00Z,1236050,3,9.4,9.4,,,,h,9.4,,9.4,,0,0.013,1433.237,2.77,0.134,,,0,14,283,30.325,52.793,1.945,39.969,,,,,0
2026-10-10T04:00Z,2026-10-10T10:00Z,1236050,6,11.9,11.9,,,,h,11.9,,12,,0,0.01,273.901,2.588,0.376,,,0,17,283,25.841,81.404,1.528,154.19,,,,,0
2026-10-10T04:00Z,2026-10-10T16:00Z,1236050,12,31.2,31.2,,,,h,31.2,,31.3,,0,0.003,79.768,1.305,1.199,,,0,23,283,22.913,97.692,0.564,343.004,,,,,0
2026-10-10T04:00Z,2026-10-11T04:00Z,1236050,24,9.9,9.9,,,,h,9.9,,10.1,,0,0.001,716.557,0.434,0.185,,,0,11,284,25.948,79.989,0.35,3.745,,,,,0
2026-10-10T04:00Z,2026-10-12T04:00Z,1236050,48,8.7,8.7,,,,h,8.7,,8.7,,0,0,735.476,0.372,0.067,,,0,11,285,27.503,70.747,0.218,125.691,,,,,0
2026-10-10T04:00Z,2026-10-10T05:00Z,1641558,1,8.1,15.1,18.4,34.2,20.4,h,15.1,20.4,15.1,20.4,0,0.009,1252.935,1.814,0.105,22.1,20.4,0.596,12,283,29.476,56.813,1.188,39.114,,,,,0
2026-10-10T04:00Z,2026-10-10T07:00Z,1641558,3,9.4,17,18.7,34.7,20.4,h,17,20.4,17,20.4,0,0.013,1437.104,2.788,0.134,22.1,20.4,0.596,14,283,30.3,52.738,1.957,39.459,,,,,0
2026-10-10T04:00Z,2026-10-10T10:00Z,1641558,6,11.9,20.6,19.4,35.8,20.5,h,20.6,20.5,20.8,20.5,0,0.01,272.307,2.58,0.374,22.1,20.4,0.596,17,283,25.811,81.435,1.518,154.052,,,,,0
2026-10-10T04:00Z,2026-10-10T16:00Z,1641558,12,31.2,49.7,19.1,33.7,22,h,49.7,22,49.9,22,0,0.003,80.098,1.308,1.22,22.1,20.4,0.596,23,283,22.88,97.763,0.562,343.427,,,,,0
2026-10-10T04:00Z,2026-10-11T04:00Z,1641558,24,9.9,14.5,20.5,32.8,23.6,h,14.5,23.6,14.7,23.7,0,0.001,710.208,0.442,0.187,22.1,20.4,0.596,11,284,25.906,80.074,0.358,2.554,,,,,0
2026-10-10T04:00Z,2026-10-12T04:00Z,1641558,48,8.7,11,13.8,18.5,19.7,h,11,19.7,11,19.7,0,0,737.425,0.368,0.068,22.1,20.4,0.596,11,285,27.481,70.712,0.215,123.844,,,,,0
2026-10-10T04:00Z,2026-10-10T05:00Z,1646752,1,8.1,18.2,18.4,41.2,26,h,18.2,26,18.2,26,0,0.008,1290.069,1.435,0.088,28,26,0.779,12,283,30.453,56.554,0.977,22.122,,,,,0
2026-10-10T04:00Z,2026-10-10T07:00Z,1646752,3,9.4,20.3,18.7,41.8,26,h,20.3,26,20.3,26,0,0.012,1481.589,2.57,0.099,28,26,0.779,14,283,31.429,51.518,1.852,34.141,,,,,0
2026-10-10T04:00Z,2026-10-10T10:00Z,1646752,6,11.9,24.3,19.4,43.1,26.1,h,24.3,26.1,24.5,26.1,0,0.009,231.341,2.792,0.389,28,26,0.779,17,283,26.588,82.591,1.764,172.051,,,,,0
2026-10-10T04:00Z,2026-10-10T16:00Z,1646752,12,31.2,57.3,19.1,40,27.5,h,57.3,27.5,57.5,27.6,0,0.003,79.837,1.615,1.072,28,26,0.779,23,283,23.849,96.717,0.692,331.231,,,,,0
2026-10-10T04:00Z,2026-10-11T04:00Z,1646752,24,9.9,16.3,20.5,37.9,29.1,h,16.3,29.1,16.5,29.2,0,0.001,764.842,1.083,0.173,28,26,0.779,11,284,27.003,78.402,0.926,314.003,,,,,0
2026-10-10T04:00Z,2026-10-12T04:00Z,1646752,48,8.7,11.8,13.8,20.2,24,h,11.8,24,11.8,24,0,0,712.897,0.139,0.028,28,26,0.779,11,285,28.337,70.494,0.118,234.845,,,,,0
2026-10-10T04:00Z,2026-10-10T05:00Z,2124016,1,6.4,6.4,,,,h,6.4,,6.4,,0,0.011,1365.118,2.657,0.131,,,0,12,283,29.382,52.135,1.807,83.125,,,,,0
2026-10-10T04:00Z,2026-10-10T07:00Z,2124016,3,7.9,7.9,,,,h,7.9,,7.9,,0,0.014,1524.276,2.532,0.122,,,0,14,283,30.046,48.214,1.824,66.794,,,,,0
2026-10-10T04:00Z,2026-10-10T10:00Z,2124016,6,9,9,,,,h,9,,9.1,,0,0.015,508.448,3.493,0.092,,,0,17,283,27.522,66.59,1.629,88.18,,,,,0
2026-10-10T04:00Z,2026-10-10T16:00Z,2124016,12,9.1,9.1,,,,h,9.1,,9.1,,0,0.009,88.62,1.996,0.557,,,0,23,283,22.27,92.514,0.867,97.345,,,,,0
2026-10-10T04:00Z,2026-10-11T04:00Z,2124016,24,3.7,3.7,,,,h,3.7,,3.8,,0,0.001,924.596,2.93,0.201,,,0,11,284,25.319,78.195,2.027,104.437,,,,,0
2026-10-10T04:00Z,2026-10-12T04:00Z,2124016,48,4.8,4.8,,,,h,4.8,,4.8,,0,0,947.685,0.879,0.077,,,0,11,285,27.387,68.705,0.591,125.875,,,,,0
2026-10-10T04:00Z,2026-10-10T05:00Z,2136949,1,6.4,32.8,3.9,22.7,19.9,h,32.8,19.9,32.8,19.9,0,0.01,1342.982,2.309,0.131,21.9,19.9,1.584,12,283,29.429,52.804,1.553,82.867,,,,,0
2026-10-10T04:00Z,2026-10-10T07:00Z,2136949,3,7.9,37.2,4.3,24.2,20.1,h,37.2,20.1,37.3,20.1,0,0.013,1539.844,2.233,0.122,21.9,19.9,1.584,14,283,30.184,48.057,1.613,65.663,,,,,0
2026-10-10T04:00Z,2026-10-10T10:00Z,2136949,6,9,38.3,5,26.7,20.6,h,38.3,20.6,38.6,20.6,0,0.015,395.687,3.152,0.119,21.9,19.9,1.584,17,283,27.533,68.087,1.409,89.188,,,,,0
2026-10-10T04:00Z,2026-10-10T16:00Z,2136949,12,9.1,32.8,6.3,29.6,22,h,32.8,22,32.9,22,0,0.009,98.415,2.022,0.616,21.9,19.9,1.584,23,283,22.312,93.462,0.82,111.828,,,,,0
2026-10-10T04:00Z,2026-10-11T04:00Z,2136949,24,3.7,11,8.1,30.3,22.6,h,11,22.6,11.2,22.7,0,0.001,943.348,3.032,0.196,21.9,19.9,1.584,11,284,25.536,77.538,2.108,106.638,,,,,0
2026-10-10T04:00Z,2026-10-12T04:00Z,2136949,48,4.8,9.3,4.8,11,16.8,h,9.3,16.8,9.3,16.8,0,0,908.474,0.776,0.091,21.9,19.9,1.584,11,285,27.307,69.687,0.501,124.48,,,,,0
2026-10-10T04:00Z,2026-10-10T05:00Z,2142493,1,6.4,27.6,3.9,19,12.6,h,27.6,12.6,27.6,12.6,0,0.012,1369.069,2.633,0.133,21.5,12.6,1.411,12,283,29.392,52.063,1.789,82.831,,,,,0
2026-10-10T04:00Z,2026-10-10T07:00Z,2142493,3,7.9,31.6,4.3,20.3,12.8,h,31.6,12.8,31.6,12.8,0,0.014,1525.414,2.522,0.126,21.5,12.6,1.411,14,283,30.048,48.126,1.816,66.694,,,,,0
2026-10-10T04:00Z,2026-10-10T10:00Z,2142493,6,9,32.9,5,22.4,13.3,h,32.9,13.3,33.2,13.3,0,0.015,503.443,3.474,0.093,21.5,12.6,1.411,17,283,27.508,66.646,1.615,88.206,,,,,0
2026-10-10T04:00Z,2026-10-10T16:00Z,2142493,12,9.1,28.6,6.3,25.1,15.2,h,28.6,15.2,28.7,15.2,0,0.009,88.305,1.983,0.57,21.5,12.6,1.411,23,283,22.269,92.583,0.865,96.903,,,,,0
2026-10-10T04:00Z,2026-10-11T04:00Z,2142493,24,3.7,9.9,8.1,26.3,16.2,h,9.9,16.2,10.1,16.2,0,0.001,927.709,2.914,0.201,21.5,12.6,1.411,11,284,25.325,78.108,2.015,104.464,,,,,0
2026-10-10T04:00Z,2026-10-12T04:00Z,2142493,48,4.8,8.6,4.8,10.1,11.7,h,8.6,11.7,8.6,11.7,0,0,950.1,0.857,0.08,21.5,12.6,1.411,11,285,27.383,68.755,0.574,126.785,,,,,0
2026-10-10T04:00Z,2026-10-10T05:00Z,2142801,1,6.4,6.4,,,,h,6.4,,6.4,,0,0.011,1360.866,2.725,0.127,,,0,12,283,29.363,52.189,1.857,83.582,,,,,0
2026-10-10T04:00Z,2026-10-10T07:00Z,2142801,3,7.9,7.9,,,,h,7.9,,7.9,,0,0.013,1521.091,2.575,0.117,,,0,14,283,30.03,48.365,1.855,67.032,,,,,0
2026-10-10T04:00Z,2026-10-10T10:00Z,2142801,6,9,9,,,,h,9,,9.1,,0,0.015,526.065,3.553,0.087,,,0,17,283,27.542,66.372,1.67,88.064,,,,,0
2026-10-10T04:00Z,2026-10-10T16:00Z,2142801,12,9.1,9.1,,,,h,9.1,,9.1,,0,0.009,88.266,2.019,0.533,,,0,23,283,22.267,92.323,0.879,96.761,,,,,0
2026-10-10T04:00Z,2026-10-11T04:00Z,2142801,24,3.7,3.7,,,,h,3.7,,3.8,,0,0.001,918.086,2.948,0.202,,,0,11,284,25.291,78.388,2.037,104.197,,,,,0
2026-10-10T04:00Z,2026-10-12T04:00Z,2142801,48,4.8,4.8,,,,h,4.8,,4.8,,0,0,947.338,0.924,0.071,,,0,11,285,27.402,68.542,0.626,124.664,,,,,0
2026-10-10T04:00Z,2026-10-10T05:00Z,2147304,1,6.4,29.5,3.9,20.3,18.6,h,29.5,18.6,29.5,18.6,0,0.009,1332.664,1.941,0.138,19.4,18.6,1.475,12,283,29.503,53.214,1.286,81.405,,,,,0
2026-10-10T04:00Z,2026-10-10T07:00Z,2147304,3,7.9,33.6,4.3,21.7,18.8,h,33.6,18.8,33.6,18.8,0,0.012,1554.785,1.946,0.131,19.4,18.6,1.475,14,283,30.316,47.697,1.409,63.999,,,,,0
2026-10-10T04:00Z,2026-10-10T10:00Z,2147304,6,9,34.8,5,24,19.3,h,34.8,19.3,35.1,19.3,0,0.014,282.893,2.809,0.146,19.4,18.6,1.475,17,283,27.513,69.517,1.2,90.436,,,,,0
2026-10-10T04:00Z,2026-10-10T16:00Z,2147304,12,9.1,30.1,6.3,26.7,20.2,h,30.1,20.2,30.2,20.3,0,0.009,106.581,2.094,0.704,19.4,18.6,1.475,23,283,22.357,94.495,0.845,122.929,,,,,0
2026-10-10T04:00Z,2026-10-11T04:00Z,2147304,24,3.7,10.3,8.1,27.7,21,h,10.3,21,10.5,21,0,0.001,967.082,3.082,0.189,19.4,18.6,1.475,11,284,25.745,76.754,2.153,108.577,,,,,0
2026-10-10T04:00Z,2026-10-12T04:00Z,2147304,48,4.8,8.9,4.8,10.4,15.7,h,8.9,15.7,8.9,15.7,0,0,879.91,0.625,0.111,19.4,18.6,1.475,11,285,27.227,70.723,0.377,125.822,,,,,0
2026-10-10T04:00Z,2026-10-10T05:00Z,2151718,1,6.4,6.4,,,,h,6.4,,6.4,,0,0.011,1351.901,2.552,0.128,,,0,12,283,29.385,52.485,1.73,83.455,,,,,0
2026-10-10T04:00Z,2026-10-10T07:00Z,2151718,3,7.9,7.9,,,,h,7.9,,7.9,,0,0.013,1529.65,2.427,0.117,,,0,14,283,30.095,48.262,1.751,66.526,,,,,0
2026-10-10T04:00Z,2026-10-10T10:00Z,2151718,6,9,9,,,,h,9,,9.1,,0,0.015,470.99,3.382,0.1,,,0,17,283,27.542,67.119,1.557,88.498,,,,,0
2026-10-10T04:00Z,2026-10-10T16:00Z,2151718,12,9.1,9.1,,,,h,9.1,,9.1,,0,0.009,92.694,2.01,0.563,,,0,23,283,22.283,92.788,0.841,103.631,,,,,0
2026-10-10T04:00Z,2026-10-11T04:00Z,2151718,24,3.7,3.7,,,,h,3.7,,3.8,,0,0.001,928.325,2.991,0.2,,,0,11,284,25.395,78.041,2.073,105.275,,,,,0
2026-10-10T04:00Z,2026-10-12T04:00Z,2151718,48,4.8,4.8,,,,h,4.8,,4.8,,0,0,929.419,0.868,0.078,,,0,11,285,27.36,69.006,0.577,124.254,,,,,0
2026-10-10T04:00Z,2026-10-10T05:00Z,2158149,1,6.4,6.4,,,,h,6.4,,6.4,,0,0.01,1339.048,2.358,0.129,,,0,12,283,29.417,52.856,1.589,83.245,,,,,0
2026-10-10T04:00Z,2026-10-10T07:00Z,2158149,3,7.9,7.9,,,,h,7.9,,7.9,,0,0.013,1536.908,2.263,0.118,,,0,14,283,30.175,48.174,1.636,65.871,,,,,0
2026-10-10T04:00Z,2026-10-10T10:00Z,2158149,6,9,9,,,,h,9,,9.1,,0,0.015,407.9,3.196,0.116,,,0,17,283,27.552,67.923,1.438,89.1,,,,,0
2026-10-10T04:00Z,2026-10-10T16:00Z,2158149,12,9.1,9.1,,,,h,9.1,,9.1,,0,0.009,98.381,2.035,0.599,,,0,23,283,22.314,93.331,0.824,111.355,,,,,0
2026-10-10T04:00Z,2026-10-11T04:00Z,2158149,24,3.7,3.7,,,,h,3.7,,3.8,,0,0.001,938.195,3.046,0.196,,,0,11,284,25.518,77.688,2.117,106.471,,,,,0
2026-10-10T04:00Z,2026-10-12T04:00Z,2158149,48,4.8,4.8,,,,h,4.8,,4.8,,0,0,907.666,0.81,0.086,,,0,11,285,27.318,69.587,0.528,123.445,,,,,0
2026-10-10T04:00Z,2026-10-10T05:00Z,2165656,1,6.4,6.4,,,,h,6.4,,6.4,,0,0.01,1351.842,2.337,0.134,,,0,12,283,29.427,52.61,1.573,82.614,,,,,0
2026-10-10T04:00Z,2026-10-10T07:00Z,2165656,3,7.9,7.9,,,,h,7.9,,7.9,,0,0.013,1540.016,2.267,0.125,,,0,14,283,30.16,47.978,1.636,65.746,,,,,0
2026-10-10T04:00Z,2026-10-10T10:00Z,2165656,6,9,9,,,,h,9,,9.1,,0,0.015,408.567,3.181,0.115,,,0,17,283,27.512,67.936,1.426,89.018,,,,,0
2026-10-10T04:00Z,2026-10-10T16:00Z,2165656,12,9.1,9.1,,,,h,9.1,,9.1,,0,0.009,96.201,1.995,0.618,,,0,23,283,22.297,93.374,0.817,109.298,,,,,0
2026-10-10T04:00Z,2026-10-11T04:00Z,2165656,24,3.7,3.7,,,,h,3.7,,3.8,,0,0.001,944.53,2.998,0.197,,,0,11,284,25.506,77.53,2.082,106.338,,,,,0
2026-10-10T04:00Z,2026-10-12T04:00Z,2165656,48,4.8,4.8,,,,h,4.8,,4.8,,0,0,917.721,0.766,0.092,,,0,11,285,27.312,69.552,0.494,125.854,,,,,0
2026-10-10T04:00Z,2026-10-10T05:00Z,2181641,1,23.9,30.3,28,35.8,28.4,h,30.3,28.4,30.3,28.4,0,0.001,1019.822,3.126,0.173,38.3,28.4,0.238,12,283,30.481,69.24,2.475,44.371,,,,,0
2026-10-10T04:00Z,2026-10-10T07:00Z,2181641,3,20.8,26.1,27.5,35.1,28.4,h,26.1,28.4,26.1,28.4,0,0.001,520.306,1.694,1.171,38.3,28.4,0.238,14,283,28.296,82.498,1.195,324.801,,,,,0
2026-10-10T04:00Z,2026-10-10T10:00Z,2181641,6,15.8,19.6,26.1,33.3,28.3,h,19.6,28.3,19.8,28.3,0,0,292.411,1.633,2.341,38.3,28.4,0.238,17,283,26.439,91.279,0.9,81.219,,,,,0
2026-10-10T04:00Z,2026-10-10T16:00Z,2181641,12,10.9,13.3,23.6,29.9,28,h,13.3,28,13.4,28.1,0,0,253.365,3.036,1.648,38.3,28.4,0.238,23,283,24.634,97.392,1.711,48.099,,,,,0
2026-10-10T04:00Z,2026-10-11T04:00Z,2181641,24,7.1,8.3,12.7,15.6,24.3,h,8.3,24.3,8.4,24.3,0,0,711.313,3.414,1.219,38.3,28.4,0.238,11,284,28.189,79.066,2.507,89.911,,,,,0
2026-10-10T04:00Z,2026-10-12T04:00Z,2181641,48,17.5,19.2,13.2,14.8,21.6,h,19.2,21.6,19.2,21.6,0,0,1020.792,3.452,0.092,38.3,28.4,0.238,11,285,30.212,70.008,2.649,65.479,,,,,0
2026-10-10T04:00Z,2026-10-10T05:00Z,2327978,1,6.4,33.8,3.9,23.4,18.2,h,33.8,18.2,33.8,18.2,0,0.01,1355.454,2.202,0.139,19.7,18.2,1.613,12,283,29.453,52.62,1.474,81.879,,,,,0
2026-10-10T04:00Z,2026-10-10T07:00Z,2327978,3,7.9,38.2,4.3,25,18.4,h,38.2,18.4,38.3,18.4,0,0.013,1547.678,2.17,0.132,19.7,18.2,1.613,14,283,30.195,47.753,1.566,65.186,,,,,0
2026-10-10T04:00Z,2026-10-10T10:00Z,2327978,6,9,39.3,5,27.5,18.9,h,39.3,18.9,39.6,18.9,0,0.015,370.969,3.054,0.124,19.7,18.2,1.613,17,283,27.481,68.447,1.344,89.334,,,,,0
2026-10-10T04:00Z,2026-10-10T16:00Z,2327978,12,9.1,33.6,6.3,30.4,20.7,h,33.6,20.7,33.7,20.7,0,0.009,97.654,1.986,0.655,19.7,18.2,1.613,23,283,22.298,93.735,0.81,112.297,,,,,0
2026-10-10T04:00Z,2026-10-11T04:00Z,2327978,24,3.7,11.2,8.1,31,21.5,h,11.2,21.5,11.4,21.6,0,0.001,956.291,2.989,0.195,19.7,18.2,1.613,11,284,25.569,77.173,2.08,106.95,,,,,0
2026-10-10T04:00Z,2026-10-12T04:00Z,2327978,48,4.8,9.4,4.8,11.2,15.7,h,9.4,15.7,9.4,15.7,0,0,913.301,0.693,0.101,19.7,18.2,1.613,11,285,27.28,69.861,0.436,127.806,,,,,0
2026-10-10T04:00Z,2026-10-10T05:00Z,2340282,1,6.4,30.9,3.9,21.3,17.4,h,30.9,17.4,30.9,17.4,0,0.009,1328.474,2.17,0.13,21,17.4,1.524,12,283,29.456,53.164,1.453,82.784,,,,,0
2026-10-10T04:00Z,2026-10-10T07:00Z,2340282,3,7.9,35.2,4.3,22.8,17.6,h,35.2,17.6,35.3,17.6,0,0.012,1542.804,2.111,0.12,21,17.4,1.524,14,283,30.253,48.058,1.529,65.117,,,,,0
2026-10-10T04:00Z,2026-10-10T10:00Z,2340282,6,9,36.3,5,25.1,18,h,36.3,18,36.6,18,0,0.014,347.903,3.023,0.131,21,17.4,1.524,17,283,27.558,68.655,1.331,89.758,,,,,0
2026-10-10T04:00Z,2026-10-10T16:00Z,2340282,12,9.1,31.3,6.3,27.9,19.5,h,31.3,19.5,31.4,19.5,0,0.009,103.652,2.076,0.64,21,17.4,1.524,23,283,22.349,93.87,0.831,117.863,,,,,0
2026-10-10T04:00Z,2026-10-11T04:00Z,2340282,24,3.7,10.6,8.1,28.8,20.4,h,10.6,20.4,10.8,20.4,0,0.001,948.009,3.089,0.192,21,17.4,1.524,11,284,25.634,77.341,2.152,107.538,,,,,0
2026-10-10T04:00Z,2026-10-12T04:00Z,2340282,48,4.8,9,4.8,10.7,15.1,h,9,15.1,9,15.1,0,0,888.841,0.747,0.095,21,17.4,1.524,11,285,27.28,70.167,0.476,123.03,,,,,0
2026-10-10T04:00Z,2026-10-10T05:00Z,2375197,1,6.4,12.9,3.9,8.4,7.4,h,12.9,7.4,12.9,7.4,0,0.011,1347.468,2.679,0.123,9,7.4,0.656,12,283,29.351,52.515,1.823,84.17,,,,,0
2026-10-10T04:00Z,2026-10-10T07:00Z,2375197,3,7.9,15.3,4.3,9.1,7.5,h,15.3,7.5,15.3,7.5,0,0.013,1524.186,2.512,0.109,9,7.4,0.656,14,283,30.06,48.496,1.813,66.976,,,,,0
2026-10-10T04:00Z,2026-10-10T10:00Z,2375197,6,9,16.6,5,10.3,7.7,h,16.6,7.7,16.7,7.7,0,0.015,505.692,3.494,0.092,9,7.4,0.656,17,283,27.571,66.692,1.633,88.235,,,,,0
2026-10-10T04:00Z,2026-10-10T16:00Z,2375197,12,9.1,15.7,6.3,12.1,8.4,h,15.7,8.4,15.8,8.4,0,0.009,91.354,2.042,0.522,9,7.4,0.656,23,283,22.274,92.43,0.863,101.668,,,,,0
2026-10-10T04:00Z,2026-10-11T04:00Z,2375197,24,3.7,5.9,8.1,14.2,9.2,h,5.9,9.2,6,9.2,0,0.001,917.454,3.01,0.202,9,7.4,0.656,11,284,25.337,78.372,2.083,104.757,,,,,0
2026-10-10T04:00Z,2026-10-12T04:00Z,2375197,48,4.8,6.3,4.8,6.8,7.2,h,6.3,7.2,6.3,7.2,0,0,931.873,0.943,0.068,9,7.4,0.656,11,285,27.387,68.681,0.638,122.705,,,,,0
2026-10-10T04:00Z,2026-10-10T05:00Z,2384279,1,6.4,30.9,3.9,21.3,19.9,h,30.9,19.9,30.9,19.9,0,0.011,1338.289,2.777,0.116,20.5,19.9,1.523,12,283,29.309,52.68,1.895,85.096,,,,,0
2026-10-10T04:00Z,2026-10-10T07:00Z,2384279,3,7.9,35.1,4.3,22.8,20.1,h,35.1,20.1,35.2,20.1,0,0.013,1521.849,2.561,0.098,20.5,19.9,1.523,14,283,30.037,48.767,1.849,67.358,,,,,0
2026-10-10T04:00Z,2026-10-10T10:00Z,2384279,6,9,36.3,5,25.1,20.6,h,36.3,20.6,36.6,20.6,0,0.014,529.335,3.569,0.085,20.5,19.9,1.523,17,283,27.606,66.462,1.686,88.051,,,,,0
2026-10-10T04:00Z,2026-10-10T16:00Z,2384279,12,9.1,31.3,6.3,27.9,21.6,h,31.3,21.6,31.4,21.6,0,0.009,91.19,2.089,0.476,20.5,19.9,1.523,23,283,22.261,92.131,0.88,102.156,,,,,0
2026-10-10T04:00Z,2026-10-11T04:00Z,2384279,24,3.7,10.6,8.1,28.8,22.2,h,10.6,22.2,10.8,22.3,0,0.001,907.76,3.055,0.205,20.5,19.9,1.523,11,284,25.301,78.657,2.113,104.526,,,,,0
2026-10-10T04:00Z,2026-10-12T04:00Z,2384279,48,4.8,9,4.8,10.7,16.7,h,9,16.7,9,16.7,0,0,927.559,1.022,0.058,20.5,19.9,1.523,11,285,27.403,68.407,0.7,120.714,,,,,0
2026-10-10T04:00Z,2026-10-10T05:00Z,2384280,1,6.4,41.7,3.9,29.2,22.6,h,41.7,22.6,41.8,22.6,0,0.011,1352.854,2.601,0.127,26.2,22.6,1.828,12,283,29.376,52.438,1.766,83.591,,,,,0
2026-10-10T04:00Z,2026-10-10T07:00Z,2384280,3,7.9,46.9,4.3,31.1,22.8,h,46.9,22.8,47,22.8,0,0.013,1527.413,2.465,0.116,26.2,22.6,1.828,14,283,30.078,48.314,1.778,66.687,,,,,0
2026-10-10T04:00Z,2026-10-10T10:00Z,2384280,6,9,47.6,5,34.1,23.5,h,47.6,23.5,48,23.5,0,0.015,485.767,3.428,0.097,26.2,22.6,1.828,17,283,27.546,66.926,1.587,88.378,,,,,0
2026-10-10T04:00Z,2026-10-10T16:00Z,2384280,12,9.1,39.7,6.3,37.2,25.5,h,39.7,25.5,39.9,25.5,0,0.009,91.708,2.015,0.552,26.2,22.6,1.828,23,283,22.279,92.653,0.85,102.143,,,,,0
2026-10-10T04:00Z,2026-10-11T04:00Z,2384280,24,3.7,12.9,8.1,36.9,26.3,h,12.9,26.3,13.1,26.4,0,0.001,924.961,2.986,0.201,26.2,22.6,1.828,11,284,25.368,78.15,2.068,105.012,,,,,0
2026-10-10T04:00Z,2026-10-12T04:00Z,2384280,48,4.8,10.2,4.8,12.5,19.1,h,10.2,19.1,10.2,19.1,0,0,932.926,0.889,0.076,26.2,22.6,1.828,11,285,27.371,68.876,0.595,124.087,,,,,0
2026-10-10T04:00Z,2026-10-10T05:00Z,2393909,1,6.4,21.3,3.9,14.4,12.8,h,21.3,12.8,21.3,12.8,0,0.01,1341.712,2.427,0.128,14,12.8,1.152,12,283,29.403,52.765,1.639,83.43,,,,,0
2026-10-10T04:00Z,2026-10-10T07:00Z,2393909,3,7.9,24.7,4.3,15.5,12.9,h,24.7,12.9,24.7,12.9,0,0.013,1534.292,2.318,0.116,14,12.8,1.152,14,283,30.149,48.233,1.675,66.126,,,,,0
2026-10-10T04:00Z,2026-10-10T10:00Z,2393909,6,9,26.1,5,17.3,13.3,h,26.1,13.3,26.3,13.3,0,0.015,429.45,3.261,0.11,14,12.8,1.152,17,283,27.553,67.652,1.479,88.892,,,,,0
2026-10-10T04:00Z,2026-10-10T16:00Z,2393909,12,9.1,23.3,6.3,19.6,14.2,h,23.3,14.2,23.4,14.2,0,0.009,96.699,2.029,0.584,14,12.8,1.152,23,283,22.304,93.136,0.828,109.088,,,,,0
2026-10-10T04:00Z,2026-10-11T04:00Z,2393909,24,3.7,8.3,8.1,21.3,15,h,8.3,15,8.4,15,0,0.001,934.031,3.035,0.197,14,12.8,1.152,11,284,25.477,77.828,2.107,106.088,,,,,0
2026-10-10T04:00Z,2026-10-12T04:00Z,2393909,48,4.8,7.8,4.8,8.8,11.4,h,7.8,11.4,7.8,11.4,0,0,913.634,0.836,0.083,14,12.8,1.152,11,285,27.333,69.386,0.55,123.403,,,,,0
2026-10-10T04:00Z,2026-10-10T05:00Z,2429963,1,6.4,51.3,3.9,36.3,30.5,h,51.3,30.5,51.4,30.5,0,0.009,1374.254,1.477,0.164,48.2,30.4,2.038,12,283,29.564,52.744,0.95,76.469,,,,,0
2026-10-10T04:00Z,2026-10-10T07:00Z,2429963,3,7.9,57,4.3,38.5,30.8,h,57,30.8,57.1,30.8,0,0.012,1594.972,1.633,0.162,48.2,30.4,2.038,14,283,30.37,46.573,1.174,61.068,,,,,0
2026-10-10T04:00Z,2026-10-10T10:00Z,2429963,6,9,57.2,5,42,31.6,h,57.2,31.6,57.7,31.6,0,0.014,167.026,2.345,0.171,48.2,30.4,2.038,17,283,27.311,71.365,0.948,91.52,,,,,0
2026-10-10T04:00Z,2026-10-10T16:00Z,2429963,12,9.1,46.8,6.3,45.3,33.2,h,46.8,33.2,47,33.2,0,0.008,105.097,2.079,0.839,48.2,30.4,2.038,23,283,22.275,95.628,0.885,129.738,,,,,0
2026-10-10T04:00Z,2026-10-11T04:00Z,2429963,24,3.7,14.8,8.1,43.7,33.9,h,14.8,33.9,15,33.9,0,0.001,1021.388,2.973,0.191,48.2,30.4,2.038,11,284,25.909,75.204,2.093,110.383,,,,,0
2026-10-10T04:00Z,2026-10-12T04:00Z,2429963,48,4.8,11.1,4.8,13.9,24.6,h,11.1,24.6,11.1,24.6,0,0,886.275,0.338,0.149,48.2,30.4,2.038,11,285,27.095,71.406,0.19,150.452,,,,,0
2026-10-10T04:00Z,2026-10-10T05:00Z,2439091,1,6.4,23,3.9,15.6,12.3,h,23,12.3,23,12.3,0,0.011,1355.203,2.489,0.131,16,12.3,1.227,12,283,29.4,52.451,1.684,83.06,,,,,0
2026-10-10T04:00Z,2026-10-10T07:00Z,2439091,3,7.9,26.5,4.3,16.7,12.4,h,26.5,12.4,26.5,12.4,0,0.013,1532.847,2.386,0.122,16,12.3,1.227,14,283,30.109,48.134,1.721,66.293,,,,,0
2026-10-10T04:00Z,2026-10-10T10:00Z,2439091,6,9,27.9,5,18.6,12.8,h,27.9,12.8,28.1,12.8,0,0.015,454.543,3.326,0.104,16,12.3,1.227,17,283,27.524,67.331,1.519,88.616,,,,,0
2026-10-10T04:00Z,2026-10-10T16:00Z,2439091,12,9.1,24.8,6.3,21.1,14.1,h,24.8,14.1,24.9,14.1,0,0.009,93.098,1.994,0.584,16,12.3,1.227,23,283,22.284,92.959,0.833,104.466,,,,,0
2026-10-10T04:00Z,2026-10-11T04:00Z,2439091,24,3.7,8.7,8.1,22.6,15,h,8.7,15,8.8,15,0,0.001,934.176,2.979,0.199,16,12.3,1.227,11,284,25.422,77.866,2.065,105.514,,,,,0
2026-10-10T04:00Z,2026-10-12T04:00Z,2439091,48,4.8,8,4.8,9.2,11.2,h,8,11.2,8,11.2,0,0,929.064,0.829,0.083,16,12.3,1.227,11,285,27.347,69.151,0.546,125.274,,,,,0
2026-10-10T04:00Z,2026-10-10T05:00Z,2439859,1,6.4,6.4,,,,h,6.4,,6.4,,0,0.01,1311.894,2.665,0.108,,,0,12,283,29.312,53.291,1.814,85.882,,,,,0
2026-10-10T04:00Z,2026-10-10T07:00Z,2439859,3,7.9,7.9,,,,h,7.9,,7.9,,0,0.012,1524.388,2.432,0.087,,,0,14,283,30.112,48.973,1.762,67.134,,,,,0
2026-10-10T04:00Z,2026-10-10T10:00Z,2439859,6,9,9,,,,h,9,,9.1,,0,0.014,482.739,3.449,0.096,,,0,17,283,27.665,67.062,1.612,88.52,,,,,0
2026-10-10T04:00Z,2026-10-10T16:00Z,2439859,12,9.1,9.1,,,,h,9.1,,9.1,,0,0.009,98.084,2.156,0.473,,,0,23,283,22.298,92.452,0.874,110.565,,,,,0
2026-10-10T04:00Z,2026-10-11T04:00Z,2439859,24,3.7,3.7,,,,h,3.7,,3.8,,0,0.001,906.862,3.164,0.202,,,0,11,284,25.405,78.603,2.193,105.599,,,,,0
2026-10-10T04:00Z,2026-10-12T04:00Z,2439859,48,4.8,4.8,,,,h,4.8,,4.8,,0,0,897.785,1.046,0.056,,,0,11,285,27.377,68.842,0.72,117.814,,,,,0
2026-10-10T04:00Z,2026-10-10T05:00Z,2457250,1,6.4,6.4,,,,h,6.4,,6.4,,0,0.008,1332.107,1.274,0.157,,,0,12,283,29.536,53.619,0.818,75.356,,,,,0
2026-10-10T04:00Z,2026-10-10T07:00Z,2457250,3,7.9,7.9,,,,h,7.9,,7.9,,0,0.011,1584.006,1.451,0.169,,,0,14,283,30.412,46.873,1.048,60.203,,,,,0
2026-10-10T04:00Z,2026-10-10T10:00Z,2457250,6,9,9,,,,h,9,,9.1,,0,0.014,83.1,2.178,0.197,,,0,17,283,27.287,72.288,0.908,93.908,,,,,0
2026-10-10T04:00Z,2026-10-10T16:00Z,2457250,12,9.1,9.1,,,,h,9.1,,9.1,,0,0.008,119.782,2.391,0.89,,,0,23,283,22.28,96.707,1.06,139.811,,,,,0
2026-10-10T04:00Z,2026-10-11T04:00Z,2457250,24,3.7,3.7,,,,h,3.7,,3.8,,0,0.001,1017.465,3.159,0.18,,,0,11,284,25.997,75.164,2.234,112.28,,,,,0
2026-10-10T04:00Z,2026-10-12T04:00Z,2457250,48,4.8,4.8,,,,h,4.8,,4.8,,0,0,840.413,0.364,0.157,,,0,11,285,26.967,72.412,0.17,138.671,,,,,0
2026-10-10T04:00Z,2026-10-10T05:00Z,2510432,1,6.4,23.4,3.9,16.2,13.8,h,23.4,13.8,23.4,13.8,0,0.01,1315.571,2.818,0.104,15,13.8,1.269,12,283,29.252,53.191,1.923,86.611,,,,,0
2026-10-10T04:00Z,2026-10-10T07:00Z,2510432,3,7.9,26.9,4.3,17.4,14,h,26.9,14,26.9,14,0,0.012,1524.328,2.534,0.078,15,13.8,1.269,14,283,30.046,49.159,1.834,67.663,,,,,0
2026-10-10T04:00Z,2026-10-10T10:00Z,2510432,6,9,28.3,5,19.2,14.4,h,28.3,14.4,28.5,14.4,0,0.014,528.654,3.569,0.084,15,13.8,1.269,17,283,27.667,66.631,1.692,88.049,,,,,0
2026-10-10T04:00Z,2026-10-10T16:00Z,2510432,12,9.1,25.1,6.3,21.6,15.5,h,25.1,15.5,25.2,15.6,0,0.01,94.253,2.181,0.419,15,13.8,1.269,23,283,22.249,91.964,0.9,107.778,,,,,0
2026-10-10T04:00Z,2026-10-11T04:00Z,2510432,24,3.7,8.8,8.1,22.9,16.2,h,8.8,16.2,8.9,16.2,0,0.001,898.708,3.166,0.207,15,13.8,1.269,11,284,25.317,78.887,2.193,104.913,,,,,0
2026-10-10T04:00Z,2026-10-12T04:00Z,2510432,48,4.8,8.1,4.8,9.3,12.2,h,8.1,12.2,8.1,12.2,0,0,906.481,1.12,0.046,15,13.8,1.269,11,285,27.398,68.282,0.779,117.409,,,,,0
2026-10-10T04:00Z,2026-10-10T05:00Z,2523394,1,6.4,6.4,,,,h,6.4,,6.4,,0,0.01,1343.003,2.419,0.128,,,0,12,283,29.406,52.743,1.633,83.341,,,,,0
2026-10-10T04:00Z,2026-10-10T07:00Z,2523394,3,7.9,7.9,,,,h,7.9,,7.9,,0,0.013,1534.813,2.314,0.117,,,0,14,283,30.149,48.205,1.672,66.092,,,,,0
2026-10-10T04:00Z,2026-10-10T10:00Z,2523394,6,9,9,,,,h,9,,9.1,,0,0.015,427.848,3.254,0.111,,,0,17,283,27.549,67.674,1.475,88.899,,,,,0
2026-10-10T04:00Z,2026-10-10T16:00Z,2523394,12,9.1,9.1,,,,h,9.1,,9.1,,0,0.009,96.579,2.025,0.587,,,0,23,283,22.303,93.157,0.827,109.011,,,,,0
2026-10-10T04:00Z,2026-10-11T04:00Z,2523394,24,3.7,3.7,,,,h,3.7,,3.8,,0,0.001,935.084,3.03,0.197,,,0,11,284,25.479,77.799,2.103,106.102,,,,,0
2026-10-10T04:00Z,2026-10-12T04:00Z,2523394,48,4.8,4.8,,,,h,4.8,,4.8,,0,0,914.366,0.829,0.084,,,0,11,285,27.331,69.398,0.544,123.671,,,,,0
2026-10-10T04:00Z,2026-10-10T05:00Z,2575375,1,8.1,15.3,18.4,34.5,21,h,15.3,21,15.3,21,0,0.009,1272.499,1.556,0.098,24.6,21,0.606,12,283,30.06,56.689,1.035,30.718,,,,,0
2026-10-10T04:00Z,2026-10-10T07:00Z,2575375,3,9.4,17.2,18.7,35.1,21,h,17.2,21,17.2,21,0,0.012,1458.079,2.63,0.116,24.6,21,0.606,14,283,30.97,52.12,1.871,37.138,,,,,0
2026-10-10T04:00Z,2026-10-10T10:00Z,2575375,6,11.9,20.8,19.4,36.1,21.1,h,20.8,21.1,21,21.1,0,0.01,251.173,2.687,0.39,24.6,21,0.606,17,283,26.281,82.115,1.652,164.722,,,,,0
2026-10-10T04:00Z,2026-10-10T16:00Z,2575375,12,31.2,50.1,19.1,34,22.5,h,50.1,22.5,50.3,22.5,0,0.003,79.53,1.475,1.11,24.6,21,0.606,23,283,23.465,97.101,0.643,334.994,,,,,0
2026-10-10T04:00Z,2026-10-11T04:00Z,2575375,24,9.9,14.6,20.5,33.1,24.1,h,14.6,24.1,14.8,24.2,0,0.001,749.832,0.736,0.177,24.6,21,0.606,11,284,26.58,79.034,0.649,324.522,,,,,0
2026-10-10T04:00Z,2026-10-12T04:00Z,2575375,48,8.7,11.1,13.8,18.6,20.1,h,11.1,20.1,11.1,20.1,0,0,721.504,0.166,0.046,24.6,21,0.606,11,285,27.992,70.63,0.031,158.124,,,,,0
2026-10-10T04:00Z,2026-10-10T05:00Z,2692436,1,23.9,31,28,36.7,32.6,h,31,32.6,31,32.6,0,0.001,1027.942,3.134,0.171,40.8,32.6,0.262,12,283,30.467,69.379,2.482,43.505,,,,,0
2026-10-10T04:00Z,2026-10-10T07:00Z,2692436,3,20.8,26.7,27.5,36,32.6,h,26.7,32.6,26.7,32.6,0,0.001,535.436,1.75,1.224,40.8,32.6,0.262,14,283,28.312,82.375,1.228,326.086,,,,,0
2026-10-10T04:00Z,2026-10-10T10:00Z,2692436,6,15.8,20.1,26.1,34.1,32.5,h,20.1,32.5,20.3,32.5,0,0,303.075,1.541,2.209,40.8,32.6,0.262,17,283,26.498,90.885,0.87,76.375,,,,,0
2026-10-10T04:00Z,2026-10-10T16:00Z,2692436,12,10.9,13.5,23.6,30.6,31.7,h,13.5,31.7,13.6,31.7,0,0,256.095,3.014,1.754,40.8,32.6,0.262,23,283,24.616,97.279,1.688,46.484,,,,,0
2026-10-10T04:00Z,2026-10-11T04:00Z,2692436,24,7.1,8.5,12.7,15.9,27.2,h,8.5,27.2,8.6,27.3,0,0,671.732,3.186,1.325,40.8,32.6,0.262,11,284,27.98,80.015,2.338,89.442,,,,,0
2026-10-10T04:00Z,2026-10-12T04:00Z,2692436,48,17.5,19.3,13.2,15,23.8,h,19.3,23.8,19.3,23.8,0,0,1005.48,3.399,0.099,40.8,32.6,0.262,11,285,30.11,70.607,2.617,63.51,,,,,0
2026-10-10T04:00Z,2026-10-10T05:00Z,2692642,1,23.9,23.9,,,,h,23.9,,23.9,,0,0.002,1033.489,3.083,0.175,,,0,12,283,30.457,69.276,2.44,42.831,,,,,0
2026-10-10T04:00Z,2026-10-10T07:00Z,2692642,3,20.8,20.8,,,,h,20.8,,20.8,,0,0.001,508.465,1.978,1.375,,,0,14,283,28.158,83.201,1.405,320.785,,,,,0
2026-10-10T04:00Z,2026-10-10T10:00Z,2692642,6,15.8,15.8,,,,h,15.8,,15.9,,0,0.001,313.56,1.401,2.063,,,0,17,283,26.58,90.587,0.795,71.452,,,,,0
2026-10-10T04:00Z,2026-10-10T16:00Z,2692642,12,10.9,10.9,,,,h,10.9,,10.9,,0,0,261.592,3.051,1.875,,,0,23,283,24.62,97.203,1.701,47.113,,,,,0
2026-10-10T04:00Z,2026-10-11T04:00Z,2692642,24,7.1,7.1,,,,h,7.1,,7.2,,0,0,633.666,3.151,1.523,,,0,11,284,27.783,80.918,2.308,89.393,,,,,0
2026-10-10T04:00Z,2026-10-12T04:00Z,2692642,48,17.5,17.5,,,,h,17.5,,17.5,,0,0,1005.185,3.313,0.088,,,0,11,285,30.047,70.844,2.559,61.116,,,,,0
2026-10-10T04:00Z,2026-10-10T05:00Z,2692644,1,23.9,23.9,,,,h,23.9,,23.9,,0,0.002,1023.006,3.038,0.18,,,0,12,283,30.473,69.006,2.403,43.85,,,,,0
2026-10-10T04:00Z,2026-10-10T07:00Z,2692644,3,20.8,20.8,,,,h,20.8,,20.8,,0,0.001,469.318,2.031,1.375,,,0,14,283,28.049,83.858,1.465,316.293,,,,,0
2026-10-10T04:00Z,2026-10-10T10:00Z,2692644,6,15.8,15.8,,,,h,15.8,,15.9,,0,0.001,302.266,1.452,2.195,,,0,17,283,26.53,91.047,0.786,77.513,,,,,0
2026-10-10T04:00Z,2026-10-10T16:00Z,2692644,12,10.9,10.9,,,,h,10.9,,10.9,,0,0,260.361,3.109,1.772,,,0,23,283,24.652,97.346,1.747,49.85,,,,,0
2026-10-10T04:00Z,2026-10-11T04:00Z,2692644,24,7.1,7.1,,,,h,7.1,,7.2,,0,0,675.576,3.49,1.463,,,0,11,284,28.005,79.915,2.558,90.106,,,,,0
2026-10-10T04:00Z,2026-10-12T04:00Z,2692644,48,17.5,17.5,,,,h,17.5,,17.5,,0,0,1029.479,3.339,0.071,,,0,11,285,30.175,70.021,2.567,63.041,,,,,0
2026-10-10T04:00Z,2026-10-10T05:00Z,2692645,1,22.4,22.4,,,,h,22.4,,22.4,,0,0.002,1014.986,3.005,0.182,,,0,12,283,30.479,68.872,2.376,44.46,,,,,0
2026-10-10T04:00Z,2026-10-10T07:00Z,2692645,3,23.3,23.3,,,,h,23.3,,23.3,,0,0.001,447.157,2.059,1.367,,,0,14,283,27.99,84.222,1.499,313.863,,,,,0
2026-10-10T04:00Z,2026-10-10T10:00Z,2692645,6,24.1,24.1,,,,h,24.1,,24.3,,0,0,294.92,1.492,2.286,,,0,17,283,26.498,91.326,0.786,80.62,,,,,0
2026-10-10T04:00Z,2026-10-10T16:00Z,2692645,12,14.1,14.1,,,,h,14.1,,14.2,,0,0,259.612,3.138,1.709,,,0,23,283,24.668,97.44,1.77,51.11,,,,,0
2026-10-10T04:00Z,2026-10-11T04:00Z,2692645,24,8.4,8.4,,,,h,8.4,,8.5,,0,0,701.532,3.679,1.418,,,0,11,284,28.138,79.312,2.696,90.477,,,,,0
2026-10-10T04:00Z,2026-10-12T04:00Z,2692645,48,14.8,14.8,,,,h,14.8,,14.8,,0,0,1043.913,3.353,0.061,,,0,11,285,30.252,69.53,2.57,64.195,,,,,0
2026-10-10T04:00Z,2026-10-10T05:00Z,2739142,1,3.5,3.3,11.9,11.4,30.8,h,3.3,30.8,3.3,30.8,0,0.003,1169.72,5.335,0.076,3.8,30.8,-0.046,12,283,29.866,70.764,4.195,78.477,,,,,0
2026-10-10T04:00Z,2026-10-10T07:00Z,2739142,3,3,2.8,11,10.4,30.6,h,2.8,30.6,2.8,30.6,0,0.007,941.618,4.168,0.579,3.8,30.8,-0.046,14,283,29.534,73.749,3.38,70.174,,,,,0
2026-10-10T04:00Z,2026-10-10T10:00Z,2739142,6,3.6,3.4,9.7,9.3,30,h,3.4,30,3.4,30,0,0.001,486.425,4.441,0.217,3.8,30.8,-0.046,17,283,26.34,87.61,3.022,54.452,,,,,0
2026-10-10T04:00Z,2026-10-10T16:00Z,2739142,12,3.1,3,7.6,7.2,26.6,h,3,26.6,3,26.6,0,0,294.368,4.817,0.074,3.8,30.8,-0.046,23,283,24.158,93.824,2.109,34.707,,,,,0
2026-10-10T04:00Z,2026-10-11T04:00Z,2739142,24,10.8,10.5,4.8,4.6,22.4,h,10.5,22.4,10.7,22.4,0,0,1117.55,6.257,0,3.8,30.8,-0.046,11,284,29.201,70.258,4.822,72.084,,,,,0
2026-10-10T04:00Z,2026-10-12T04:00Z,2739142,48,16.2,15.9,12.2,11.9,21.3,h,15.9,21.3,15.9,21.3,0,0.002,931.312,4.506,0,3.8,30.8,-0.046,11,285,29.427,66.64,3.477,63.938,,,,,0
2026-10-10T04:00Z,2026-10-10T05:00Z,2811479,1,4.1,16.4,7.2,28.6,32,h,16.4,32,16.4,32,0,0,1070.89,4.111,0.125,22,32,1.28,12,283,29.646,74.109,3.246,82.856,,,,,0
2026-10-10T04:00Z,2026-10-10T07:00Z,2811479,3,3.9,14.9,6.9,27.2,32,h,14.9,32,14.9,32,0,0,859.972,4.253,0.412,22,32,1.28,14,283,29.282,76.338,3.354,84.144,,,,,0
2026-10-10T04:00Z,2026-10-10T10:00Z,2811479,6,3.3,12,6.4,25,31.8,h,12,31.8,12.1,31.8,0,0,371.25,3.726,3.159,22,32,1.28,17,283,26.008,90.202,2.57,95.802,,,,,0
2026-10-10T04:00Z,2026-10-10T16:00Z,2811479,12,3.1,9.9,5.2,19.9,30,h,9.9,30,9.9,30,0,0,187.058,2.168,0.7,22,32,1.28,23,283,24.045,96.764,0.841,34.647,,,,,0
2026-10-10T04:00Z,2026-10-11T04:00Z,2811479,24,3.7,9.1,3.4,10.8,25.2,h,9.1,25.2,9.2,25.2,0,0,853.678,4.218,0.131,22,32,1.28,11,284,28.576,77.381,3.312,76.293,,,,,0
2026-10-10T04:00Z,2026-10-12T04:00Z,2811479,48,14.4,23.4,7.8,14.4,23.2,h,23.4,23.2,23.4,23.2,0,0.001,899.481,3.695,0.021,22,32,1.28,11,285,28.949,72.243,2.885,70.426,,,,,0
2026-10-10T04:00Z,2026-10-10T05:00Z,2811482,1,4.1,4.1,,,,h,4.1,,4.1,,0,0,1032.521,4.092,0.118,,,0,12,283,29.266,76.211,3.277,80.988,,,,,0
2026-10-10T04:00Z,2026-10-10T07:00Z,2811482,3,3.9,3.9,,,,h,3.9,,3.9,,0,0,833.928,4.148,0.262,,,0,14,283,29.164,76.391,3.323,84.226,,,,,0
2026-10-10T04:00Z,2026-10-10T10:00Z,2811482,6,3.3,3.3,,,,h,3.3,,3.3,,0,0,356.387,4.42,4.045,,,0,17,283,25.63,90.956,3.036,97.871,,,,,0
2026-10-10T04:00Z,2026-10-10T16:00Z,2811482,12,3.1,3.1,,,,h,3.1,,3.1,,0,0,186.821,2.618,0.371,,,0,23,283,23.911,96.815,1.103,19.387,,,,,0
2026-10-10T04:00Z,2026-10-11T04:00Z,2811482,24,3.7,3.7,,,,h,3.7,,3.8,,0,0,822.704,4.843,0.104,,,0,11,284,28.359,77.712,3.772,72.612,,,,,0
2026-10-10T04:00Z,2026-10-12T04:00Z,2811482,48,14.4,14.4,,,,h,14.4,,14.4,,0,0.001,812.761,4.413,0.003,,,0,11,285,28.521,73.966,3.434,67.534,,,,,0
2026-10-10T04:00Z,2026-10-10T05:00Z,2811595,1,23.9,35.6,28,42.3,30.5,h,35.6,30.5,35.7,30.5,0,0.003,1039.766,3.171,0.154,37.7,30.5,0.402,12,283,30.341,70.847,2.525,39.163,,,,,0
2026-10-10T04:00Z,2026-10-10T07:00Z,2811595,3,20.8,30.6,27.5,41.5,30.5,h,30.6,30.5,30.6,30.5,0,0.002,690.753,1.728,1.164,37.7,30.5,0.402,14,283,28.759,79.84,1.177,347.628,,,,,0
2026-10-10T04:00Z,2026-10-10T10:00Z,2811595,6,15.8,22.8,26.1,39.3,30.6,h,22.8,30.6,23,30.6,0,0.001,341.104,1.499,1.846,37.7,30.5,0.402,17,283,26.694,89.045,1.01,45.777,,,,,0
2026-10-10T04:00Z,2026-10-10T16:00Z,2811595,12,10.9,15.2,23.6,35.1,31,h,15.2,31,15.3,31.1,0,0,263.552,2.847,2.169,37.7,30.5,0.402,23,283,24.45,96.862,1.558,28.639,,,,,0
2026-10-10T04:00Z,2026-10-11T04:00Z,2811595,24,7.1,9.3,12.7,17.9,26.5,h,9.3,26.5,9.4,26.5,0,0,508.097,1.658,1.493,37.7,30.5,0.402,11,284,27.061,84.228,1.195,83.846,,,,,0
2026-10-10T04:00Z,2026-10-12T04:00Z,2811595,48,17.5,20.4,13.2,16.1,23.3,h,20.4,23.3,20.4,23.3,0,0,911.788,3.204,0.169,37.7,30.5,0.402,11,285,29.598,73.869,2.517,54.916,,,,,0
2026-10-10T04:00Z,2026-10-10T05:00Z,2813904,1,15.8,20.7,14.1,18.7,18.1,h,20.7,18.1,20.7,18.1,0,0.015,1286.81,5.743,0.039,19.8,18.1,0.269,12,283,30.846,65.462,4.549,49.249,,,,,0
2026-10-10T04:00Z,2026-10-10T07:00Z,2813904,3,12.5,16.3,14.5,19.2,18.1,h,16.3,18.1,16.3,18.1,0,0.013,1255.787,3.824,0.699,19.8,18.1,0.269,14,283,30.363,69.931,3.004,51.778,,,,,0
2026-10-10T04:00Z,2026-10-10T10:00Z,2813904,6,11.1,14.3,14.7,19.4,18.1,h,14.3,18.1,14.4,18.1,0,0.004,385.498,3.824,2.542,19.8,18.1,0.269,17,283,26.354,88.49,2.778,35.762,,,,,0
2026-10-10T04:00Z,2026-10-10T16:00Z,2813904,12,8.9,11.2,13.9,18.2,17.8,h,11.2,17.8,11.2,17.8,0,0,428.836,5.307,0.371,19.8,18.1,0.269,23,283,25.116,93.596,2.796,79.057,,,,,0
2026-10-10T04:00Z,2026-10-11T04:00Z,2813904,24,5.5,6.6,8.5,10.8,15.8,h,6.6,15.8,6.7,15.8,0,0,950.781,5.598,0.153,19.8,18.1,0.269,11,284,28.924,76.153,4.314,81.606,,,,,0
2026-10-10T04:00Z,2026-10-12T04:00Z,2813904,48,12.1,13.4,7.8,9,13.5,h,13.4,13.5,13.4,13.5,0,0,1069.525,4.644,0.044,19.8,18.1,0.269,11,285,29.992,68.414,3.563,68.477,,,,,0
2026-10-10T04:00Z,2026-10-10T05:00Z,2813975,1,2.2,2.2,,,,h,2.2,,2.2,,0,0,227.026,1.414,3.677,,,0,12,283,26.256,87.835,1.097,219.204,,,,,0
2026-10-10T04:00Z,2026-10-10T07:00Z,2813975,3,1.8,1.8,,,,h,1.8,,1.8,,0,0,438.897,1.275,0.644,,,0,14,283,27.018,90.217,1.074,233.097,,,,,0
2026-10-10T04:00Z,2026-10-10T10:00Z,2813975,6,1.7,1.7,,,,h,1.7,,1.7,,0,0,239.364,1.508,1.078,,,0,17,283,26.032,92.037,1.08,217.473,,,,,0
2026-10-10T04:00Z,2026-10-10T16:00Z,2813975,12,3,3,,,,h,3,,3,,0,0,95.257,0.573,0.579,,,0,23,283,24.497,93.283,0.294,335.642,,,,,0
2026-10-10T04:00Z,2026-10-11T04:00Z,2813975,24,1.4,1.4,,,,h,1.4,,1.4,,0,0,490.547,1.687,0.094,,,0,11,284,27.679,80.677,1.52,200.839,,,,,0
2026-10-10T04:00Z,2026-10-12T04:00Z,2813975,48,1.4,1.4,,,,h,1.4,,1.4,,0,0,649.919,0.955,0.139,,,0,11,285,28.159,80.191,0.674,100.391,,,,,0
2026-10-10T04:00Z,2026-10-10T05:00Z,2821337,1,13,32.9,8.5,22.9,24.8,h,32.9,24.8,32.9,24.8,0,0.023,1353.058,3.332,0.053,25.3,24.8,0.922,12,283,30.615,53.41,2.512,49.374,,,,,0
2026-10-10T04:00Z,2026-10-10T07:00Z,2821337,3,11.6,28.4,9.3,24.6,24.9,h,28.4,24.9,28.4,24.9,0,0.019,1370.186,3.021,0.515,25.3,24.8,0.922,14,283,30.549,55.956,2.309,83.084,,,,,0
2026-10-10T04:00Z,2026-10-10T10:00Z,2821337,6,12.1,28.1,10.4,27,25.1,h,28.1,25.1,28.3,25.1,0,0.008,373.909,3.559,0.244,25.3,24.8,0.922,17,283,27.236,77.01,1.978,89.477,,,,,0
2026-10-10T04:00Z,2026-10-10T16:00Z,2821337,12,10.3,21.8,11.2,27.7,25.4,h,21.8,25.4,21.9,25.4,0,0.003,43.488,0.988,0,25.3,24.8,0.922,23,283,24.27,95.531,0.296,311.567,,,,,0
2026-10-10T04:00Z,2026-10-11T04:00Z,2821337,24,6.9,12.7,10.2,22,24.1,h,12.7,24.1,12.9,24.1,0,0.001,440.241,3.134,0.511,25.3,24.8,0.922,11,284,25.355,88.421,2.372,1.297,,,,,0
2026-10-10T04:00Z,2026-10-12T04:00Z,2821337,48,12.9,18.4,12.6,19.6,23,h,18.4,23,18.4,23,0,0.001,707.744,0.785,0.04,25.3,24.8,0.922,11,285,28.327,74.986,0.586,33.875,,,,,0
2026-10-10T04:00Z,2026-10-10T05:00Z,2827389,1,9,17.6,17.7,34.7,22,h,17.6,22,17.6,22,0,0.003,1017.118,1.413,0.023,24.8,22,0.646,12,283,30.778,58.169,1.095,44.05,,,,,0
2026-10-10T04:00Z,2026-10-10T07:00Z,2827389,3,9.7,18.4,18.2,35.6,22,h,18.4,22,18.4,22,0,0.005,1058.4,1.845,0.042,24.8,22,0.646,14,283,31.285,57.108,1.442,64.08,,,,,0
2026-10-10T04:00Z,2026-10-10T10:00Z,2827389,6,10.9,19.8,19,36.9,22.1,h,19.8,22.1,20,22.1,0,0.005,326.627,3.06,0.191,24.8,22,0.646,17,283,27.39,79.721,1.933,137.686,,,,,0
2026-10-10T04:00Z,2026-10-10T16:00Z,2827389,12,22.8,37.9,18.1,33.6,23.2,h,37.9,23.2,38.1,23.2,0,0.001,68.126,1.192,0.086,24.8,22,0.646,23,283,24.743,93.566,0.412,347.658,,,,,0
2026-10-10T04:00Z,2026-10-11T04:00Z,2827389,24,9.5,14.4,16.6,27.9,23.5,h,14.4,23.5,14.6,23.6,0,0.001,1024.216,0.95,0.114,24.8,22,0.646,11,284,28.123,74.586,0.695,68.53,,,,,0
2026-10-10T04:00Z,2026-10-12T04:00Z,2827389,48,10,12.9,12.5,17.1,20.3,h,12.9,20.3,12.9,20.3,0,0,619.333,0.339,0.048,24.8,22,0.646,11,285,28.624,72.651,0.285,156.115,,,,,0
2026-10-10T04:00Z,2026-10-10T05:00Z,2827395,1,5.3,5.5,19.3,19.8,24.7,h,5.5,24.7,5.5,24.7,0,0,1010.786,5.558,0.068,9.2,24.8,0.026,12,283,28.243,74.931,4.133,58.051,,,,,0
2026-10-10T04:00Z,2026-10-10T07:00Z,2827395,3,4.2,4.3,18.3,18.8,24.5,h,4.3,24.5,4.3,24.5,0,0,606.804,4.345,3.251,9.2,24.8,0.026,14,283,26.454,83.576,2.953,66.861,,,,,0
2026-10-10T04:00Z,2026-10-10T10:00Z,2827395,6,3.8,3.9,16.9,17.4,23.9,h,3.9,23.9,3.9,23.9,0,0,467.08,4.275,0.853,9.2,24.8,0.026,17,283,25.721,89.36,2.658,59.583,,,,,0
2026-10-10T04:00Z,2026-10-10T16:00Z,2827395,12,2.4,2.5,12.2,12.6,21.6,h,2.5,21.6,2.5,21.6,0,0,182.279,3.984,0,9.2,24.8,0.026,23,283,24.177,92.677,1.607,71.951,,,,,0
2026-10-10T04:00Z,2026-10-11T04:00Z,2827395,24,21.7,22.1,7.2,7.4,19.2,h,22.1,19.2,22.4,19.2,0,0,1057.95,3.849,0,9.2,24.8,0.026,11,284,29.073,64.018,2.947,67.549,,,,,0
2026-10-10T04:00Z,2026-10-12T04:00Z,2827395,48,29.3,29.6,22.9,23.2,24,h,29.6,24,29.6,24,0,0.003,861.504,2.021,0,9.2,24.8,0.026,11,285,29.318,61.606,1.587,55.246,,,,,0
2026-10-10T04:00Z,2026-10-10T05:00Z,2827396,1,9.1,15.6,10.9,18.9,18.2,h,15.6,18.2,15.6,18.2,0,0.007,1036.22,2.263,0.257,21.2,18.2,0.517,12,283,30.601,61.934,1.754,24.359,,,,,0
2026-10-10T04:00Z,2026-10-10T07:00Z,2827396,3,9.5,15.9,11,19.1,18.2,h,15.9,18.2,15.9,18.2,0,0.003,635.588,4.524,1.517,21.2,18.2,0.517,14,283,28.51,75.103,3.435,66.23,,,,,0
2026-10-10T04:00Z,2026-10-10T10:00Z,2827396,6,10,16.2,11.3,19.3,18.3,h,16.2,18.3,16.3,18.3,0,0.001,168.329,0.919,0.104,21.2,18.2,0.517,17,283,25.619,93.152,0.564,336.051,,,,,0
2026-10-10T04:00Z,2026-10-10T16:00Z,2827396,12,7.5,11.6,10.5,17.7,17.8,h,11.6,17.8,11.7,17.8,0,0,42.185,0.978,0,21.2,18.2,0.517,23,283,24.531,93.954,0.16,14.403,,,,,0
2026-10-10T04:00Z,2026-10-11T04:00Z,2827396,24,9,12.6,7.8,12.2,16.6,h,12.6,16.6,12.8,16.7,0,0.001,962.763,2.685,0.168,21.2,18.2,0.517,11,284,28.133,76.624,2.059,52.507,,,,,0
2026-10-10T04:00Z,2026-10-12T04:00Z,2827396,48,11.7,14.3,11.9,15.4,17.2,h,14.3,17.2,14.3,17.2,0,0,668.643,1.544,0.075,21.2,18.2,0.517,11,285,28.859,72.266,1.229,44.254,,,,,0
2026-10-10T04:00Z,2026-10-10T05:00Z,2832266,1,4.6,4.6,,,,h,4.6,,4.6,,0,0,1212.137,2.771,0.125,,,0,12,283,30.766,68.359,2.077,90.178,,,,,0
2026-10-10T04:00Z,2026-10-10T07:00Z,2832266,3,4.2,4.2,,,,h,4.2,,4.2,,0,0,608.56,3.486,1.621,,,0,14,283,28.486,82.452,2.488,105.916,,,,,0
2026-10-10T04:00Z,2026-10-10T10:00Z,2832266,6,4.3,4.3,,,,h,4.3,,4.3,,0,0,308.877,2.49,1.94,,,0,17,283,26.667,90.678,1.631,123.601,,,,,0
2026-10-10T04:00Z,2026-10-10T16:00Z,2832266,12,4.2,4.2,,,,h,4.2,,4.2,,0,0,121.044,1.108,0.845,,,0,23,283,24.512,97.607,0.469,83.82,,,,,0
2026-10-10T04:00Z,2026-10-11T04:00Z,2832266,24,2.5,2.5,,,,h,2.5,,2.5,,0,0,859.619,2.289,0.209,,,0,11,284,29.073,76.775,1.773,85.878,,,,,0
2026-10-10T04:00Z,2026-10-12T04:00Z,2832266,48,8,8,,,,h,8,,8,,0,0.001,1006.558,1.522,0.078,,,0,11,285,29.889,72.534,1.192,91.223,,,,,0
2026-10-10T04:00Z,2026-10-10T05:00Z,2832600,1,9.1,14.1,10.9,17.1,16.1,h,14.1,16.1,14.1,16.1,0,0.005,1022.572,2.403,0.238,18.8,16.1,0.421,12,283,29.968,62.111,1.8,39.341,,,,,0
2026-10-10T04:00Z,2026-10-10T07:00Z,2832600,3,9.5,14.5,11,17.3,16.1,h,14.5,16.1,14.5,16.1,0,0.002,734.88,4.669,1.007,18.8,16.1,0.421,14,283,28.485,71.001,3.556,69.816,,,,,0
2026-10-10T04:00Z,2026-10-10T10:00Z,2832600,6,10,14.8,11.3,17.5,16.2,h,14.8,16.2,14.9,16.2,0,0.001,190.809,0.797,0.105,18.8,16.1,0.421,17,283,25.312,92.302,0.454,19.398,,,,,0
2026-10-10T04:00Z,2026-10-10T16:00Z,2832600,12,7.5,10.7,10.5,16.1,15.7,h,10.7,15.7,10.7,15.7,0,0,56.488,1.871,0,18.8,16.1,0.421,23,283,24.101,94.123,0.602,28.09,,,,,0
2026-10-10T04:00Z,2026-10-11T04:00Z,2832600,24,9,11.8,7.8,11.2,14.8,h,11.8,14.8,12,14.9,0,0.001,1004.434,3.033,0.12,18.8,16.1,0.421,11,284,27.696,76.165,2.305,61.546,,,,,0
2026-10-10T04:00Z,2026-10-12T04:00Z,2832600,48,11.7,13.8,11.9,14.7,15.6,h,13.8,15.6,13.8,15.6,0,0,701.284,1.667,0.039,18.8,16.1,0.421,11,285,28.509,71.01,1.328,62.836,,,,,0
2026-10-10T04:00Z,2026-10-10T05:00Z,2843720,1,11.3,25.4,8,18.8,24.4,h,25.4,24.4,25.4,24.4,0,0.013,395.144,2.547,0.623,21.6,24.4,0.796,12,283,26.339,86.413,1.948,168.223,,,,,0
2026-10-10T04:00Z,2026-10-10T07:00Z,2843720,3,11.6,25.2,8.6,20.2,24.5,h,25.2,24.5,25.2,24.5,0,0.009,416.175,1.45,0.523,21.6,24.4,0.796,14,283,26.27,84.942,1.014,129.176,,,,,0
2026-10-10T04:00Z,2026-10-10T10:00Z,2843720,6,11.5,23.9,9.7,22.1,24.7,h,23.9,24.7,24.1,24.7,0,0.003,173.709,2.109,0.185,21.6,24.4,0.796,17,283,25.234,93.258,1.487,66.008,,,,,0
2026-10-10T04:00Z,2026-10-10T16:00Z,2843720,12,11,21,10.5,23,24.2,h,21,24.2,21.1,24.2,0,0.002,53.41,1.36,0,21.6,24.4,0.796,23,283,24.335,95.519,0.313,16.498,,,,,0
2026-10-10T04:00Z,2026-10-11T04:00Z,2843720,24,7.2,12.2,10.8,20.9,23.5,h,12.2,23.5,12.4,23.5,0,0.002,800.218,0.666,0.097,21.6,24.4,0.796,11,284,27.803,78.939,0.502,29.296,,,,,0
2026-10-10T04:00Z,2026-10-12T04:00Z,2843720,48,15.2,20.6,9.3,13.8,20.7,h,20.6,20.7,20.6,20.7,0,0.001,647.147,0.453,0.09,21.6,24.4,0.796,11,285,28.825,73.005,0.406,136.239,,,,,0
2026-10-10T04:00Z,2026-10-10T05:00Z,2843723,1,5.6,26.8,10.4,49.8,26.3,h,26.8,26.3,26.8,26.3,0,0,1259.456,4.987,0.1,32.3,26.3,1.499,12,283,30.972,68.316,3.928,46.727,,,,,0
2026-10-10T04:00Z,2026-10-10T07:00Z,2843723,3,5.7,25.6,10.1,48.3,26.3,h,25.6,26.3,25.6,26.3,0,0,960.507,2.615,0.28,32.3,26.3,1.499,14,283,30.136,70.603,1.99,69.918,,,,,0
2026-10-10T04:00Z,2026-10-10T10:00Z,2843723,6,6,24.6,9.7,45.7,26.3,h,24.6,26.3,24.8,26.4,0,0,324.61,3.518,1.501,32.3,26.3,1.499,17,283,26.091,90.909,2.558,110.199,,,,,0
2026-10-10T04:00Z,2026-10-10T16:00Z,2843723,12,3.9,14.4,6.7,30.7,26.1,h,14.4,26.1,14.5,26.1,0,0,189.892,3.671,0.945,32.3,26.3,1.499,23,283,24.906,95.413,2.334,71.355,,,,,0
2026-10-10T04:00Z,2026-10-11T04:00Z,2843723,24,3.1,9,4.2,16.2,23.1,h,9,23.1,9.1,23.1,0,0,834.709,3.821,0.188,32.3,26.3,1.499,11,284,29.321,73.383,3.036,84.527,,,,,0
2026-10-10T04:00Z,2026-10-12T04:00Z,2843723,48,4.6,8.6,5.5,12.1,19.2,h,8.6,19.2,8.6,19.2,0,0,857.042,5.19,0.279,32.3,26.3,1.499,11,285,30.05,72.531,4.041,77.005,,,,,0
2026-10-10T04:00Z,2026-10-10T05:00Z,2843771,1,8.5,8.5,,,,h,8.5,,8.5,,0,0.003,1028.125,2.455,0.258,,,0,12,283,27.858,61.436,1.776,56.423,,,,,0
2026-10-10T04:00Z,2026-10-10T07:00Z,2843771,3,8.7,8.7,,,,h,8.7,,8.7,,0,0.003,1127.276,2.33,0.443,,,0,14,283,28.881,60.394,1.678,44.133,,,,,0
2026-10-10T04:00Z,2026-10-10T10:00Z,2843771,6,9.1,9.1,,,,h,9.1,,9.2,,0,0.001,294.688,2.541,0.684,,,0,17,283,24.058,91.697,1.643,113.334,,,,,0
2026-10-10T04:00Z,2026-10-10T16:00Z,2843771,12,2.9,2.9,,,,h,2.9,,2.9,,0,0.001,55.012,1.169,0.162,,,0,23,283,21.651,98.488,0.271,31.298,,,,,0
2026-10-10T04:00Z,2026-10-11T04:00Z,2843771,24,6.4,6.4,,,,h,6.4,,6.5,,0,0.001,843.298,3.368,0.111,,,0,11,284,24.719,79.028,2.325,85.984,,,,,0
2026-10-10T04:00Z,2026-10-12T04:00Z,2843771,48,9.7,9.7,,,,h,9.7,,9.7,,0,0,713.774,1.825,0.128,,,0,11,285,26.698,70.406,1.263,87.759,,,,,0
2026-10-10T04:00Z,2026-10-10T05:00Z,2847191,1,9.8,0.2,8.8,0.1,0,h,0.2,0,0.2,0,0,0.004,464.68,3.06,2.29,0,0,-2.302,12,283,25.959,82.687,2.201,76.646,,,,,0
2026-10-10T04:00Z,2026-10-10T07:00Z,2847191,3,10.7,0.4,9.4,0.1,0,h,0.4,0,0.4,0,0,0.001,531.561,2.324,1.005,0,0,-2.302,14,283,25.755,86.405,1.728,43.898,,,,,0
2026-10-10T04:00Z,2026-10-10T10:00Z,2847191,6,10,0.5,10.1,0.2,0,h,0.5,0,0.5,0,0,0.001,535.247,3.495,0,0,0,-2.302,17,283,25.354,87.71,2.105,29.339,,,,,0
2026-10-10T04:00Z,2026-10-10T16:00Z,2847191,12,9.5,0.8,9.8,0.3,0.1,h,0.8,0.1,0.8,0.1,0,0.001,271.315,3.362,0,0,0,-2.302,23,283,23.218,93.382,1.248,56.432,,,,,0
2026-10-10T04:00Z,2026-10-11T04:00Z,2847191,24,8.8,1.5,9,0.7,0.2,h,1.5,0.2,1.5,0.2,0,0.001,1101.59,3.556,0.046,0,0,-2.302,11,284,27.904,69.978,2.587,67.768,,,,,0
2026-10-10T04:00Z,2026-10-12T04:00Z,2847191,48,13,5.1,8.8,2.4,0.8,h,5.1,0.8,5.1,0.8,0,0.001,874.884,1.112,0.069,0,0,-2.302,11,285,28.633,69.452,0.863,47.743,,,,,0
2026-10-10T04:00Z,2026-10-10T05:00Z,2847192,1,15.8,15.8,,,,h,15.8,,15.8,,0,0.006,1091.876,3.505,0.234,,,0,12,283,30.479,68.398,2.737,46.026,,,,,0
2026-10-10T04:00Z,2026-10-10T07:00Z,2847192,3,16.5,16.5,,,,h,16.5,,16.5,,0,0.003,575.591,2.617,1.629,,,0,14,283,28.274,81.475,1.941,18.961,,,,,0
2026-10-10T04:00Z,2026-10-10T10:00Z,2847192,6,13.4,13.4,,,,h,13.4,,13.5,,0,0.002,340.854,2.241,1.923,,,0,17,283,26.777,88.943,1.442,58.808,,,,,0
2026-10-10T04:00Z,2026-10-10T16:00Z,2847192,12,12.5,12.5,,,,h,12.5,,12.6,,0,0,289.841,3.496,1.399,,,0,23,283,24.781,96.301,1.877,54.098,,,,,0
2026-10-10T04:00Z,2026-10-11T04:00Z,2847192,24,4.6,4.6,,,,h,4.6,,4.7,,0,0,756.064,4.796,1.131,,,0,11,284,28.06,79.009,3.599,81.78,,,,,0
2026-10-10T04:00Z,2026-10-12T04:00Z,2847192,48,11.4,11.4,,,,h,11.4,,11.4,,0,0,1066.567,3.881,0.055,,,0,11,285,30.004,70.078,2.985,60.759,,,,,0
2026-10-10T04:00Z,2026-10-10T05:00Z,2847196,1,5.6,24.3,10.4,45,26.3,h,24.3,26.3,24.3,26.3,0,0,1098.51,3.818,0.095,23.8,26.3,1.4,12,283,30.487,69.541,3.039,44.676,,,,,0
2026-10-10T04:00Z,2026-10-10T07:00Z,2847196,3,5.7,23.3,10.1,43.7,26.3,h,23.3,26.3,23.3,26.3,0,0,785.061,1.933,0.591,23.8,26.3,1.4,14,283,29.485,73.041,1.474,90.619,,,,,0
2026-10-10T04:00Z,2026-10-10T10:00Z,2847196,6,6,22.5,9.7,41.4,26.4,h,22.5,26.4,22.7,26.4,0,0,367.429,2.586,1.179,23.8,26.3,1.4,17,283,26.779,86.954,1.947,106.06,,,,,0
2026-10-10T04:00Z,2026-10-10T16:00Z,2847196,12,3.9,13.3,6.7,27.9,26,h,13.3,26,13.4,26,0,0,228.641,3.569,1.02,23.8,26.3,1.4,23,283,25.386,92.999,2.598,67.238,,,,,0
2026-10-10T04:00Z,2026-10-11T04:00Z,2847196,24,3.1,8.4,4.2,14.9,22.7,h,8.4,22.7,8.5,22.7,0,0,770.88,3.72,0.136,23.8,26.3,1.4,11,284,28.991,74.915,3.036,79.338,,,,,0
2026-10-10T04:00Z,2026-10-12T04:00Z,2847196,48,4.6,8.3,5.5,11.5,18.9,h,8.3,18.9,8.3,18.9,0,0,795.809,4.128,0.195,23.8,26.3,1.4,11,285,29.433,74.774,3.323,77.192,,,,,0
2026-10-10T04:00Z,2026-10-10T05:00Z,2847198,1,13,13,,,,h,13,,13,,0,0.024,1327.734,3.556,0.095,,,0,12,283,30.49,53.277,2.68,52.991,,,,,0
2026-10-10T04:00Z,2026-10-10T07:00Z,2847198,3,11.6,11.6,,,,h,11.6,,11.6,,0,0.019,1204.445,3.143,0.73,,,0,14,283,30.089,59.077,2.39,83.983,,,,,0
2026-10-10T04:00Z,2026-10-10T10:00Z,2847198,6,12.1,12.1,,,,h,12.1,,12.2,,0,0.008,376.75,3.652,0.257,,,0,17,283,26.908,78.257,2.099,93.772,,,,,0
2026-10-10T04:00Z,2026-10-10T16:00Z,2847198,12,10.3,10.3,,,,h,10.3,,10.3,,0,0.003,35.076,0.814,0,,,0,23,283,24.088,96.344,0.246,323.515,,,,,0
2026-10-10T04:00Z,2026-10-11T04:00Z,2847198,24,6.9,6.9,,,,h,6.9,,7,,0,0.001,425.258,2.867,0.423,,,0,11,284,25.244,88.329,2.162,357.987,,,,,0
2026-10-10T04:00Z,2026-10-12T04:00Z,2847198,48,12.9,12.9,,,,h,12.9,,12.9,,0,0.001,722.201,0.858,0.048,,,0,11,285,28.244,73.953,0.653,35.025,,,,,0
2026-10-10T04:00Z,2026-10-10T05:00Z,2848810,1,22.4,12.7,32.3,18,13.6,h,12.7,13.6,12.7,13.6,0,0.002,1014.607,2.93,0.189,17.5,13.6,-0.562,12,283,30.483,68.554,2.314,44.569,,,,,0
2026-10-10T04:00Z,2026-10-10T07:00Z,2848810,3,23.3,13.5,32.8,18.3,13.6,h,13.5,13.6,13.5,13.6,0,0.001,392.267,2.37,1.521,17.5,13.6,-0.562,14,283,27.759,85.511,1.755,308.053,,,,,0
2026-10-10T04:00Z,2026-10-10T10:00Z,2848810,6,24.1,14.4,33.6,18.9,13.6,h,14.4,13.6,14.5,13.6,0,0.001,297.621,1.389,2.227,17.5,13.6,-0.562,17,283,26.544,91.359,0.703,80.793,,,,,0
2026-10-10T04:00Z,2026-10-10T16:00Z,2848810,12,14.1,8.8,31.8,18.3,13.8,h,8.8,13.8,8.8,13.8,0,0,264.057,3.233,1.755,17.5,13.6,-0.562,23,283,24.697,97.459,1.832,53.743,,,,,0
2026-10-10T04:00Z,2026-10-11T04:00Z,2848810,24,8.4,5.7,17.6,10.9,12.7,h,5.7,12.7,5.8,12.8,0,0,693.57,3.898,1.576,17.5,13.6,-0.562,11,284,28.103,79.479,2.855,90.826,,,,,0
2026-10-10T04:00Z,2026-10-12T04:00Z,2848810,48,14.8,11.9,14.6,11,12.3,h,11.9,12.3,11.9,12.3,0,0,1060.888,3.291,0.037,17.5,13.6,-0.562,11,285,30.282,69.175,2.521,63.234,,,,,0
2026-10-10T04:00Z,2026-10-10T05:00Z,2909413,1,11.8,11.8,,,,h,11.8,,11.8,,0,0,1111.925,4.147,0.141,,,0,12,283,30.806,68.469,3.273,48.554,,,,,0
2026-10-10T04:00Z,2026-10-10T07:00Z,2909413,3,10,10,,,,h,10,,10,,0,0,729.791,1.385,0.372,,,0,14,283,29.364,76.107,0.98,46.575,,,,,0
2026-10-10T04:00Z,2026-10-10T10:00Z,2909413,6,9.1,9.1,,,,h,9.1,,9.2,,0,0,254.917,3.152,2.601,,,0,17,283,25.914,93.129,2.007,106.813,,,,,0
2026-10-10T04:00Z,2026-10-10T16:00Z,2909413,12,9.3,9.3,,,,h,9.3,,9.3,,0,0,205.37,3.289,0.845,,,0,23,283,24.752,97.209,1.976,63.085,,,,,0
2026-10-10T04:00Z,2026-10-11T04:00Z,2909413,24,3.7,3.7,,,,h,3.7,,3.8,,0,0,938.614,4.263,0.18,,,0,11,284,29.592,72.43,3.235,89.191,,,,,0
2026-10-10T04:00Z,2026-10-12T04:00Z,2909413,48,11.1,11.1,,,,h,11.1,,11.1,,0,0,997.259,4.675,0.179,,,0,11,285,30.584,68.876,3.576,77.977,,,,,0
2026-10-10T04:00Z,2026-10-10T05:00Z,2926254,1,8.5,8.5,,,,h,8.5,,8.5,,0,0.001,969.021,3.324,0.193,,,0,12,283,27.22,65.276,2.433,66.976,,,,,0
2026-10-10T04:00Z,2026-10-10T07:00Z,2926254,3,8.7,8.7,,,,h,8.7,,8.7,,0,0.002,1058.57,2.86,0.146,,,0,14,283,28.09,63.064,2.059,53.961,,,,,0
2026-10-10T04:00Z,2026-10-10T10:00Z,2926254,6,9.1,9.1,,,,h,9.1,,9.2,,0,0.001,351.408,2.972,0.51,,,0,17,283,24.394,84.359,1.986,101.457,,,,,0
2026-10-10T04:00Z,2026-10-10T16:00Z,2926254,12,2.9,2.9,,,,h,2.9,,2.9,,0,0.001,82.256,2.124,0.2,,,0,23,283,21.623,99.186,0.939,51.1,,,,,0
2026-10-10T04:00Z,2026-10-11T04:00Z,2926254,24,6.4,6.4,,,,h,6.4,,6.5,,0,0.001,640.242,3.318,0.198,,,0,11,284,23.977,83.354,2.339,66.356,,,,,0
2026-10-10T04:00Z,2026-10-12T04:00Z,2926254,48,9.7,9.7,,,,h,9.7,,9.7,,0,0,648.56,2.261,0.226,,,0,11,285,25.87,74.556,1.679,79.191,,,,,0
2026-10-10T04:00Z,2026-10-10T05:00Z,2927999,1,14.5,27.3,13.5,26,18.3,h,27.3,18.3,27.3,18.3,0,0.025,1227.888,3.752,0.052,25,18.3,0.629,12,283,30.725,69.485,2.988,41.093,,,,,0
2026-10-10T04:00Z,2026-10-10T07:00Z,2927999,3,13.5,24.9,13.9,26.7,18.4,h,24.9,18.4,24.9,18.4,0,0.018,397.445,3.813,3.011,25,18.3,0.629,14,283,27.954,83.592,2.802,38.47,,,,,0
2026-10-10T04:00Z,2026-10-10T10:00Z,2927999,6,12,21.4,14.4,27.5,18.5,h,21.4,18.5,21.6,18.5,0,0.006,232.205,3.194,4.646,25,18.3,0.629,17,283,26.093,89.477,2.173,42.308,,,,,0
2026-10-10T04:00Z,2026-10-10T16:00Z,2927999,12,8.3,14,13.2,24.7,19,h,14,19,14.1,19,0,0,123.069,1.348,0.541,25,18.3,0.629,23,283,24.86,96.003,0.952,16.087,,,,,0
2026-10-10T04:00Z,2026-10-11T04:00Z,2927999,24,5.1,7.9,9.2,15.9,17.5,h,7.9,17.5,8,17.6,0,0,847.224,4.661,0.176,25,18.3,0.629,11,284,28.11,78.395,3.573,75.444,,,,,0
2026-10-10T04:00Z,2026-10-12T04:00Z,2927999,48,8.7,11.2,6.5,9,13.6,h,11.2,13.6,11.2,13.6,0,0,1054.959,4.255,0.026,25,18.3,0.629,11,285,30.024,68.152,3.245,65.92,,,,,0
2026-10-10T04:00Z,2026-10-10T05:00Z,3019320,1,11.9,26.6,15.8,36.1,28,h,26.6,28,26.6,28,0,0.001,969.257,2.749,0.199,33.3,28,0.794,12,283,30.474,68.302,2.172,46.93,,,,,0
2026-10-10T04:00Z,2026-10-10T07:00Z,3019320,3,10.7,23.3,16,36.5,28,h,23.3,28,23.3,28,0,0.001,319.033,2.458,1.427,33.3,28,0.794,14,283,27.589,86.665,1.866,301.516,,,,,0
2026-10-10T04:00Z,2026-10-10T10:00Z,3019320,6,9.1,19.1,16.2,36.5,27.9,h,19.1,27.9,19.3,27.9,0,0,265.44,1.568,2.67,33.3,28,0.794,17,283,26.409,92.418,0.722,88.817,,,,,0
2026-10-10T04:00Z,2026-10-10T16:00Z,3019320,12,9.5,18.2,15.1,33.1,28.1,h,18.2,28.1,18.3,28.2,0,0,261.459,3.275,1.504,33.3,28,0.794,23,283,24.733,97.891,1.871,55.413,,,,,0
2026-10-10T04:00Z,2026-10-11T04:00Z,3019320,24,3.2,5.7,8.6,17,24.5,h,5.7,24.5,5.8,24.5,0,0,796.499,4.486,1.331,33.3,28,0.794,11,284,28.606,77.234,3.275,91.905,,,,,0
2026-10-10T04:00Z,2026-10-12T04:00Z,3019320,48,9.9,13.5,10.1,14.8,21.4,h,13.5,21.4,13.5,21.4,0,0,1114.03,3.309,0.003,33.3,28,0.794,11,285,30.57,67.362,2.507,67.622,,,,,0
2026-10-10T04:00Z,2026-10-10T05:00Z,3047340,1,8.1,8,18.4,18.2,11.5,h,8,11.5,8,11.5,0,0.008,1272.664,1.516,0.095,11.7,11.5,-0.008,12,283,30.191,56.678,1.014,29.912,,,,,0
2026-10-10T04:00Z,2026-10-10T07:00Z,3047340,3,9.4,9.3,18.7,18.6,11.5,h,9.3,11.5,9.3,11.5,0,0.012,1454.117,2.589,0.11,11.7,11.5,-0.008,14,283,31.108,52.112,1.849,37.701,,,,,0
2026-10-10T04:00Z,2026-10-10T10:00Z,3047340,6,11.9,11.8,19.4,19.3,11.7,h,11.8,11.7,11.9,11.7,0,0.009,250.536,2.714,0.388,11.7,11.5,-0.008,17,283,26.407,82.078,1.688,166.363,,,,,0
2026-10-10T04:00Z,2026-10-10T16:00Z,3047340,12,31.2,31,19.1,19,12.4,h,31,12.4,31.1,12.4,0,0.003,78.927,1.495,1.062,11.7,11.5,-0.008,23,283,23.611,96.861,0.649,333.864,,,,,0
2026-10-10T04:00Z,2026-10-11T04:00Z,3047340,24,9.9,9.8,20.5,20.4,13.8,h,9.8,13.8,10,13.9,0,0.001,764.784,0.778,0.173,11.7,11.5,-0.008,11,284,26.745,78.728,0.682,322.717,,,,,0
2026-10-10T04:00Z,2026-10-12T04:00Z,3047340,48,8.7,8.7,13.8,13.8,12.3,h,8.7,12.3,8.7,12.3,0,0,715.502,0.162,0.041,11.7,11.5,-0.008,11,285,28.103,70.675,0.029,171.432,,,,,0
2026-10-10T04:00Z,2026-10-10T05:00Z,3090636,1,11.9,24.5,15.8,33.2,24.6,h,24.5,24.6,24.5,24.6,0,0.001,992.134,2.96,0.185,35.2,24.6,0.712,12,283,30.485,68.778,2.342,45.967,,,,,0
2026-10-10T04:00Z,2026-10-10T07:00Z,3090636,3,10.7,21.5,16,33.5,24.6,h,21.5,24.6,21.5,24.6,0,0,427.7,1.93,1.235,35.2,24.6,0.712,14,283,27.998,84.284,1.42,312.125,,,,,0
2026-10-10T04:00Z,2026-10-10T10:00Z,3090636,6,9.1,17.7,16.2,33.6,24.5,h,17.7,24.5,17.8,24.6,0,0,273.579,1.677,2.576,35.2,24.6,0.712,17,283,26.384,92.02,0.854,86.993,,,,,0
2026-10-10T04:00Z,2026-10-10T16:00Z,3090636,12,9.5,17.1,15.1,30.5,24.6,h,17.1,24.6,17.2,24.6,0,0,254.845,3.142,1.514,35.2,24.6,0.712,23,283,24.686,97.683,1.785,52.058,,,,,0
2026-10-10T04:00Z,2026-10-11T04:00Z,3090636,24,3.2,5.4,8.6,15.8,21.8,h,5.4,21.8,5.5,21.8,0,0,774.102,4.002,1.186,35.2,24.6,0.712,11,284,28.504,77.66,2.932,91.091,,,,,0
2026-10-10T04:00Z,2026-10-12T04:00Z,3090636,48,9.9,13.1,10.1,14.2,19.4,h,13.1,19.4,13.1,19.4,0,0,1069.689,3.429,0.05,35.2,24.6,0.712,11,285,30.43,68.507,2.612,67.676,,,,,0
2026-10-10T04:00Z,2026-10-10T05:00Z,3097120,1,23.9,32.4,28,38.4,29.5,h,32.4,29.5,32.4,29.5,0,0.001,1021.505,3.095,0.175,42,29.5,0.307,12,283,30.475,69.191,2.45,44.069,,,,,0
2026-10-10T04:00Z,2026-10-10T07:00Z,3097120,3,20.8,27.9,27.5,37.7,29.5,h,27.9,29.5,27.9,29.5,0,0.001,505.916,1.807,1.244,42,29.5,0.307,14,283,28.218,82.924,1.284,321.873,,,,,0
2026-10-10T04:00Z,2026-10-10T10:00Z,3097120,6,15.8,20.9,26.1,35.7,29.4,h,20.9,29.4,21.1,29.4,0,0,297.056,1.559,2.277,42,29.5,0.307,17,283,26.477,91.145,0.857,79.284,,,,,0
2026-10-10T04:00Z,2026-10-10T16:00Z,3097120,12,10.9,14,23.6,32,29.3,h,14,29.3,14.1,29.3,0,0,256.088,3.054,1.704,42,29.5,0.307,23,283,24.636,97.363,1.717,48.351,,,,,0
2026-10-10T04:00Z,2026-10-11T04:00Z,3097120,24,7.1,8.7,12.7,16.5,25.3,h,8.7,25.3,8.8,25.4,0,0,693.938,3.402,1.313,42,29.5,0.307,11,284,28.098,79.486,2.496,89.915,,,,,0
2026-10-10T04:00Z,2026-10-12T04:00Z,3097120,48,17.5,19.7,13.2,15.4,22.4,h,19.7,22.4,19.7,22.4,0,0,1021.431,3.405,0.086,42,29.5,0.307,11,285,30.185,70.1,2.615,64.403,,,,,0
2026-10-10T04:00Z,2026-10-10T05:00Z,3203249,1,7,26.8,5,20.8,12.7,h,26.8,12.7,26.8,12.7,0,0,890.696,0.803,0.038,17.8,12.7,1.298,12,283,30.154,68.613,0.869,315.723,,,,,0
2026-10-10T04:00Z,2026-10-10T07:00Z,3203249,3,7,25.4,4.9,20.1,12.9,h,25.4,12.9,25.4,12.9,0,0,508.111,2.652,0.403,17.8,12.7,1.298,14,283,29.018,76.234,2.544,259.289,,,,,0
2026-10-10T04:00Z,2026-10-10T10:00Z,3203249,6,6,20.5,4.7,19,13.3,h,20.5,13.3,20.7,13.3,0,0,455.887,2.073,0.11,17.8,12.7,1.298,17,283,28.888,76.907,1.838,267.455,,,,,0
2026-10-10T04:00Z,2026-10-10T16:00Z,3203249,12,5.3,16,4.8,18.1,14,h,16,14,16.1,14,0,0,306.792,1.806,0.507,17.8,12.7,1.298,23,283,26.232,87.19,1.343,64.509,,,,,0
2026-10-10T04:00Z,2026-10-11T04:00Z,3203249,24,3.9,9.6,5.3,16.5,13.9,h,9.6,13.9,9.7,14,0,0,679.455,1.188,0.22,17.8,12.7,1.298,11,284,29.208,73.985,1.074,163.939,,,,,0
2026-10-10T04:00Z,2026-10-12T04:00Z,3203249,48,3.1,5.5,3.1,6.6,9.7,h,5.5,9.7,5.5,9.7,0,0,478.222,0.893,0.052,17.8,12.7,1.298,11,285,28.229,78.661,0.767,119.738,,,,,0
2026-10-10T04:00Z,2026-10-10T05:00Z,3276359,1,11.5,14.6,22.4,28.4,30.5,h,14.6,30.5,14.6,30.5,0,0,1083.222,3.022,0.364,23.4,30.5,0.232,12,283,30.703,71.948,2.537,96.585,,,,,0
2026-10-10T04:00Z,2026-10-10T07:00Z,3276359,3,11.3,14.2,21.9,27.9,30.3,h,14.2,30.3,14.2,30.3,0,0,450.201,3.928,1.748,23.4,30.5,0.232,14,283,27.625,86.303,3.112,125.179,,,,,0
2026-10-10T04:00Z,2026-10-10T10:00Z,3276359,6,15.3,18.9,21.3,27,29.7,h,18.9,29.7,19.1,29.7,0,0,429.882,3.379,0.354,23.4,30.5,0.232,17,283,26.977,90.671,2.436,108.394,,,,,0
2026-10-10T04:00Z,2026-10-10T16:00Z,3276359,12,30.2,36.2,19.3,24.2,28.5,h,36.2,28.5,36.3,28.6,0,0,125.218,2.789,0.331,23.4,30.5,0.232,23,283,25.29,95.968,1.005,128.859,,,,,0
2026-10-10T04:00Z,2026-10-11T04:00Z,3276359,24,10.7,12.4,16.9,20.3,27.2,h,12.4,27.2,12.6,27.3,0,0,733.672,2.353,0.154,23.4,30.5,0.232,11,284,29.586,76.434,1.921,9.412,,,,,0
2026-10-10T04:00Z,2026-10-12T04:00Z,3276359,48,17.9,19.5,22,24.5,27.5,h,19.5,27.5,19.5,27.5,0,0,681.33,1.363,0.37,23.4,30.5,0.232,11,285,29.204,73.14,1.144,301.589,,,,,0
2026-10-10T04:00Z,2026-10-10T05:00Z,3400922,1,3.3,7.6,10,21.5,29.8,h,7.6,29.8,7.6,29.8,0,0,217.334,0.939,2.826,10.9,29.9,0.722,12,283,26.672,86.925,0.786,293.804,,,,,0
2026-10-10T04:00Z,2026-10-10T07:00Z,3400922,3,3.1,7,9.1,19.7,29.6,h,7,29.6,7,29.6,0,0,345.422,0.87,0.493,10.9,29.9,0.722,14,283,27.188,88.347,0.813,269.915,,,,,0
2026-10-10T04:00Z,2026-10-10T10:00Z,3400922,6,3.3,7,8.3,18,28.8,h,7,28.8,7.1,28.8,0,0,277.661,2.022,0.797,10.9,29.9,0.722,17,283,26.399,89.569,1.746,191.492,,,,,0
2026-10-10T04:00Z,2026-10-10T16:00Z,3400922,12,4.5,8.5,6.3,13.5,26,h,8.5,26,8.5,26,0,0,215.361,0.961,0.412,10.9,29.9,0.722,23,283,25.445,90.653,1.044,192.023,,,,,0
2026-10-10T04:00Z,2026-10-11T04:00Z,3400922,24,2.5,4.4,3.1,6.2,22.3,h,4.4,22.3,4.5,22.3,0,0,542.992,1.375,0.08,10.9,29.9,0.722,11,284,28.023,78.349,1.157,224.056,,,,,0
2026-10-10T04:00Z,2026-10-12T04:00Z,3400922,48,2.1,3,2,3.2,16.6,h,3,16.6,3,16.6,0,0,565.335,1.01,0.11,10.9,29.9,0.722,11,285,27.785,80.993,0.85,70.146,,,,,0
2026-10-10T04:00Z,2026-10-10T05:00Z,3400935,1,23.9,24.3,28,28.5,21.4,h,24.3,21.4,24.3,21.4,0,0.001,1022.64,3.174,0.17,32.8,21.4,0.018,12,283,30.485,69.352,2.514,44.367,,,,,0
2026-10-10T04:00Z,2026-10-10T07:00Z,3400935,3,20.8,21.2,27.5,28,21.4,h,21.2,21.4,21.2,21.4,0,0.001,545.854,1.585,1.104,32.8,21.4,0.018,14,283,28.403,81.89,1.104,329.774,,,,,0
2026-10-10T04:00Z,2026-10-10T10:00Z,3400935,6,15.8,16.1,26.1,26.6,21.2,h,16.1,21.2,16.2,21.2,0,0,291.675,1.686,2.355,32.8,21.4,0.018,17,283,26.417,91.267,0.943,81.693,,,,,0
2026-10-10T04:00Z,2026-10-10T16:00Z,3400935,12,10.9,11.1,23.6,24.1,21.2,h,11.1,21.2,11.1,21.2,0,0,251.029,3.007,1.625,32.8,21.4,0.018,23,283,24.624,97.371,1.696,47.23,,,,,0
2026-10-10T04:00Z,2026-10-11T04:00Z,3400935,24,7.1,7.2,12.7,12.9,18.7,h,7.2,18.7,7.3,18.7,0,0,715.127,3.331,1.151,32.8,21.4,0.018,11,284,28.211,78.959,2.449,89.688,,,,,0
2026-10-10T04:00Z,2026-10-12T04:00Z,3400935,48,17.5,17.6,13.2,13.3,17.4,h,17.6,17.4,17.6,17.4,0,0,1012.735,3.493,0.103,32.8,21.4,0.018,11,285,30.2,70.17,2.681,65.959,,,,,0
2026-10-10T04:00Z,2026-10-10T05:00Z,3400936,1,23.9,28.2,28,33.3,25.3,h,28.2,25.3,28.2,25.3,0,0.001,1022.507,3.174,0.17,35.5,25.3,0.168,12,283,30.485,69.349,2.514,44.381,,,,,0
2026-10-10T04:00Z,2026-10-10T07:00Z,3400936,3,20.8,24.4,27.5,32.7,25.3,h,24.4,25.3,24.4,25.3,0,0.001,545.551,1.584,1.104,35.5,25.3,0.168,14,283,28.403,81.893,1.103,329.742,,,,,0
2026-10-10T04:00Z,2026-10-10T10:00Z,3400936,6,15.8,18.4,26.1,31,25.2,h,18.4,25.2,18.6,25.2,0,0,291.503,1.688,2.357,35.5,25.3,0.168,17,283,26.416,91.274,0.943,81.765,,,,,0
2026-10-10T04:00Z,2026-10-10T16:00Z,3400936,12,10.9,12.5,23.6,27.9,25.2,h,12.5,25.2,12.6,25.2,0,0,250.988,3.008,1.623,35.5,25.3,0.168,23,283,24.625,97.373,1.696,47.26,,,,,0
2026-10-10T04:00Z,2026-10-11T04:00Z,3400936,24,7.1,7.9,12.7,14.6,21.9,h,7.9,21.9,8,21.9,0,0,715.769,3.335,1.149,35.5,25.3,0.168,11,284,28.214,78.943,2.452,89.696,,,,,0
2026-10-10T04:00Z,2026-10-12T04:00Z,3400936,48,17.5,18.7,13.2,14.3,19.8,h,18.7,19.8,18.7,19.8,0,0,1013.003,3.494,0.102,35.5,25.3,0.168,11,285,30.201,70.159,2.682,65.99,,,,,0
2026-10-10T04:00Z,2026-10-10T05:00Z,3400937,1,11.9,25,15.8,33.9,25.4,h,25,25.4,25,25.4,0,0.001,967.216,2.802,0.194,31.6,25.4,0.732,12,283,30.474,68.499,2.217,47.07,,,,,0
2026-10-10T04:00Z,2026-10-10T07:00Z,3400937,3,10.7,21.9,16,34.2,25.4,h,21.9,25.4,21.9,25.4,0,0,355.431,2.196,1.298,31.6,25.4,0.732,14,283,27.757,85.746,1.657,304.384,,,,,0
2026-10-10T04:00Z,2026-10-10T10:00Z,3400937,6,9.1,18,16.2,34.3,25.4,h,18,25.4,18.1,25.4,0,0,260.436,1.675,2.752,31.6,25.4,0.732,17,283,26.359,92.504,0.797,89.448,,,,,0
2026-10-10T04:00Z,2026-10-10T16:00Z,3400937,12,9.5,17.3,15.1,31.1,25.7,h,17.3,25.7,17.4,25.7,0,0,257.405,3.209,1.44,31.6,25.4,0.732,23,283,24.717,97.909,1.831,53.947,,,,,0
2026-10-10T04:00Z,2026-10-11T04:00Z,3400937,24,3.2,5.5,8.6,16.1,22.4,h,5.5,22.4,5.6,22.5,0,0,813.51,4.388,1.184,31.6,25.4,0.732,11,284,28.691,76.844,3.205,91.795,,,,,0
2026-10-10T04:00Z,2026-10-12T04:00Z,3400937,48,9.9,13.2,10.1,14.4,19.9,h,13.2,19.9,13.2,19.9,0,0,1105.763,3.375,0.018,31.6,25.4,0.732,11,285,30.577,67.456,2.557,68.814,,,,,0
2026-10-10T04:00Z,2026-10-10T05:00Z,3400941,1,11.9,23.5,15.8,31.8,21.7,h,23.5,21.7,23.5,21.7,0,0.001,968.431,2.846,0.191,32.6,21.7,0.668,12,283,30.477,68.61,2.253,47.106,,,,,0
2026-10-10T04:00Z,2026-10-10T07:00Z,3400941,3,10.7,20.6,16,32.1,21.7,h,20.6,21.7,20.6,21.7,0,0,379.814,2.036,1.223,32.6,21.7,0.668,14,283,27.864,85.144,1.527,306.742,,,,,0
2026-10-10T04:00Z,2026-10-10T10:00Z,3400941,6,9.1,17,16.2,32.1,21.7,h,17,21.7,17.1,21.7,0,0,258.451,1.739,2.784,32.6,21.7,0.668,17,283,26.331,92.531,0.845,89.88,,,,,0
2026-10-10T04:00Z,2026-10-10T16:00Z,3400941,12,9.5,16.5,15.1,29.3,22.2,h,16.5,22.2,16.6,22.2,0,0,254.843,3.175,1.406,32.6,21.7,0.668,23,283,24.707,97.903,1.81,53.183,,,,,0
2026-10-10T04:00Z,2026-10-11T04:00Z,3400941,24,3.2,5.2,8.6,15.3,19.6,h,5.2,19.6,5.3,19.7,0,0,821.343,4.321,1.103,32.6,21.7,0.668,11,284,28.732,76.649,3.158,91.688,,,,,0
2026-10-10T04:00Z,2026-10-12T04:00Z,3400941,48,9.9,12.9,10.1,13.9,17.8,h,12.9,17.8,12.9,17.8,0,0,1099.186,3.42,0.029,32.6,21.7,0.668,11,285,30.574,67.56,2.593,69.443,,,,,0
2026-10-10T04:00Z,2026-10-10T05:00Z,3400955,1,2.3,1.9,16.9,14.8,22.5,h,1.9,22.5,1.9,22.5,0,0,1158.314,6.719,0.091,7.4,22.6,-0.127,12,283,28.374,74.935,4.896,65.419,,,,,0
2026-10-10T04:00Z,2026-10-10T07:00Z,3400955,3,1.7,1.4,15.9,13.9,22.3,h,1.4,22.3,1.4,22.3,0,0,397.617,4.845,7.596,7.4,22.6,-0.127,14,283,24.425,91.7,2.957,97.785,,,,,0
2026-10-10T04:00Z,2026-10-10T10:00Z,3400955,6,1.7,1.4,14.5,12.7,21.5,h,1.4,21.5,1.4,21.5,0,0,511.229,5.048,1.916,7.4,22.6,-0.127,17,283,24.182,95.932,2.955,68.729,,,,,0
2026-10-10T04:00Z,2026-10-10T16:00Z,3400955,12,2.3,2,10.5,9.1,19.2,h,2,19.2,2,19.2,0,0,220.895,5.341,0,7.4,22.6,-0.127,23,283,23.061,96.043,2.376,80.979,,,,,0
2026-10-10T04:00Z,2026-10-11T04:00Z,3400955,24,15.2,14,4.4,3.9,16.6,h,14,16.6,14.2,16.6,0,0,1048.27,5.36,0,7.4,22.6,-0.127,11,284,28.562,65.714,3.986,69.225,,,,,0
2026-10-10T04:00Z,2026-10-12T04:00Z,3400955,48,18.7,17.8,18.5,17.4,20,h,17.8,20,17.8,20,0,0.004,865.475,2.991,0,7.4,22.6,-0.127,11,285,28.869,59.591,2.307,57.354,,,,,0
2026-10-10T04:00Z,2026-10-10T05:00Z,3400984,1,9.5,0.5,9.7,0.4,3.1,h,0.5,3.1,0.5,3.1,0,0.001,1049.934,3.151,0.327,0.1,3.1,-2.037,12,283,30.334,69.002,2.49,104.859,,,,,0
2026-10-10T04:00Z,2026-10-10T07:00Z,3400984,3,10.4,0.7,9.8,0.4,3.1,h,0.7,3.1,0.7,3.1,0,0.002,739.97,2.617,0.698,0.1,3.1,-2.037,14,283,29.631,73.465,2.001,103.365,,,,,0
2026-10-10T04:00Z,2026-10-10T10:00Z,3400984,6,13.1,1.4,10.2,0.5,3,h,1.4,3,1.4,3,0,0.002,433.383,2.958,0.5,0.1,3.1,-2.037,17,283,27.339,85.488,2.071,149.376,,,,,0
2026-10-10T04:00Z,2026-10-10T16:00Z,3400984,12,17.6,2.9,11.2,1,2.9,h,2.9,2.9,2.9,2.9,0,0.001,72.688,0.584,0.903,0.1,3.1,-2.037,23,283,24.422,96.824,0.304,94.156,,,,,0
2026-10-10T04:00Z,2026-10-11T04:00Z,3400984,24,5.6,1,11,1.5,2.6,h,1,2.6,1,2.6,0,0,835.701,2.201,0.084,0.1,3.1,-2.037,11,284,29.371,71.819,1.747,52.593,,,,,0
2026-10-10T04:00Z,2026-10-12T04:00Z,3400984,48,6,2.4,8.3,2.6,2.9,h,2.4,2.9,2.4,2.9,0,0,844.325,1.143,0.257,0.1,3.1,-2.037,11,285,30.059,68.618,0.9,61.973,,,,,0
2026-10-10T04:00Z,2026-10-10T05:00Z,3400986,1,9.3,14,20.1,30.2,34.5,h,14,34.5,14,34.5,0,0,734.532,4.507,0.185,25.8,34.5,0.393,12,283,26.185,86.347,3.367,47.429,,,,,0
2026-10-10T04:00Z,2026-10-10T07:00Z,3400986,3,7.8,11.6,19.7,29.7,34.4,h,11.6,34.4,11.6,34.4,0,0,806.693,5.21,0.111,25.8,34.5,0.393,14,283,27.235,78.445,3.948,56.065,,,,,0
2026-10-10T04:00Z,2026-10-10T10:00Z,3400986,6,7.3,10.7,19.1,28.7,34.2,h,10.7,34.2,10.8,34.2,0,0,467.042,3.624,0.478,25.8,34.5,0.393,17,283,26.012,87.238,2.519,56.66,,,,,0
2026-10-10T04:00Z,2026-10-10T16:00Z,3400986,12,12.6,17.4,16.4,24.3,31.7,h,17.4,31.7,17.5,31.8,0,0,273.991,4.384,0,25.8,34.5,0.393,23,283,24.751,84.594,1.972,78.88,,,,,0
2026-10-10T04:00Z,2026-10-11T04:00Z,3400986,24,12.6,16.2,12.1,16.6,29.8,h,16.2,29.8,16.4,29.9,0,0.001,1010.348,3.904,0.003,25.8,34.5,0.393,11,284,29.085,63.288,3.01,81.381,,,,,0
2026-10-10T04:00Z,2026-10-12T04:00Z,3400986,48,28.6,33.1,23.4,28.2,32.3,h,33.1,32.3,33.1,32.3,0,0.002,812.62,2.854,0,25.8,34.5,0.393,11,285,28.944,64.749,2.254,88.153,,,,,0
2026-10-10T04:00Z,2026-10-10T05:00Z,3401031,1,23.9,30.1,28,35.5,27.4,h,30.1,27.4,30.1,27.4,0,0.001,1021.104,3.109,0.174,37.9,27.4,0.231,12,283,30.477,69.222,2.462,44.162,,,,,0
2026-10-10T04:00Z,2026-10-10T07:00Z,3401031,3,20.8,26,27.5,34.8,27.4,h,26,27.4,26,27.4,0,0.001,513.396,1.757,1.213,37.9,27.4,0.231,14,283,28.255,82.72,1.244,323.253,,,,,0
2026-10-10T04:00Z,2026-10-10T10:00Z,3401031,6,15.8,19.5,26.1,33,27.3,h,19.5,27.3,19.7,27.3,0,0,295.465,1.588,2.3,37.9,27.4,0.231,17,283,26.462,91.186,0.875,79.934,,,,,0
2026-10-10T04:00Z,2026-10-10T16:00Z,3401031,12,10.9,13.2,23.6,29.7,27.2,h,13.2,27.2,13.3,27.2,0,0,254.979,3.044,1.684,37.9,27.4,0.231,23,283,24.634,97.371,1.713,48.138,,,,,0
2026-10-10T04:00Z,2026-10-11T04:00Z,3401031,24,7.1,8.3,12.7,15.5,23.6,h,8.3,23.6,8.4,23.6,0,0,699.861,3.395,1.275,37.9,27.4,0.231,11,284,28.129,79.343,2.491,89.89,,,,,0
2026-10-10T04:00Z,2026-10-12T04:00Z,3401031,48,17.5,19.1,13.2,14.8,21.1,h,19.1,21.1,19.1,21.1,0,0,1020.316,3.423,0.089,37.9,27.4,0.231,11,285,30.192,70.09,2.629,64.799,,,,,0
2026-10-10T04:00Z,2026-10-10T05:00Z,3402586,1,11.8,25.7,15.2,33.7,25.9,h,25.7,25.9,25.7,25.9,0,0,1031.148,3.614,0.159,31.6,25.9,0.767,12,283,30.665,68.733,2.86,48.968,,,,,0
2026-10-10T04:00Z,2026-10-10T07:00Z,3402586,3,10,21.3,14.8,32.9,25.9,h,21.3,25.9,21.3,25.9,0,0,610.274,0.959,0.497,31.6,25.9,0.767,14,283,28.924,78.942,0.624,14.617,,,,,0
2026-10-10T04:00Z,2026-10-10T10:00Z,3402586,6,9.1,18.6,14.1,31,26,h,18.6,26,18.8,26,0,0,236.423,2.79,2.972,31.6,25.9,0.767,17,283,25.961,93.415,1.637,102.943,,,,,0
2026-10-10T04:00Z,2026-10-10T16:00Z,3402586,12,9.3,17.5,12.6,26.9,26,h,17.5,26,17.6,26,0,0,218.964,3.14,0.887,31.6,25.9,0.767,23,283,24.722,97.693,1.857,57.485,,,,,0
2026-10-10T04:00Z,2026-10-11T04:00Z,3402586,24,3.7,6.4,7.6,14.9,22.4,h,6.4,22.4,6.5,22.4,0,0,954.798,4.361,0.25,31.6,25.9,0.767,11,284,29.552,72.746,3.257,90.476,,,,,0
2026-10-10T04:00Z,2026-10-12T04:00Z,3402586,48,11.1,15,9.9,14.4,20.2,h,15,20.2,15,20.2,0,0,1047.828,4.277,0.126,31.6,25.9,0.767,11,285,30.701,67.772,3.254,77.543,,,,,0
2026-10-10T04:00Z,2026-10-10T05:00Z,3402593,1,11.8,23,15.2,30,21.6,h,23,21.6,23,21.6,0,0,1030.847,3.61,0.159,30,21.6,0.654,12,283,30.663,68.741,2.857,48.934,,,,,0
2026-10-10T04:00Z,2026-10-10T07:00Z,3402593,3,10,19.1,14.8,29.3,21.6,h,19.1,21.6,19.1,21.6,0,0,609.88,0.96,0.501,30,21.6,0.654,14,283,28.921,78.964,0.625,14.133,,,,,0
2026-10-10T04:00Z,2026-10-10T10:00Z,3402593,6,9.1,16.8,14.1,27.7,21.7,h,16.8,21.7,16.9,21.7,0,0,236.809,2.78,2.968,30,21.6,0.654,17,283,25.964,93.397,1.63,102.816,,,,,0
2026-10-10T04:00Z,2026-10-10T16:00Z,3402593,12,9.3,16,12.6,24.1,21.9,h,16,21.9,16.1,21.9,0,0,219.232,3.137,0.893,30,21.6,0.654,23,283,24.721,97.692,1.855,57.364,,,,,0
2026-10-10T04:00Z,2026-10-11T04:00Z,3402593,24,3.7,5.9,7.6,13.5,19,h,5.9,19,6,19,0,0,952.903,4.351,0.256,30,21.6,0.654,11,284,29.541,72.798,3.249,90.472,,,,,0
2026-10-10T04:00Z,2026-10-12T04:00Z,3402593,48,11.1,14.3,9.9,13.7,17.6,h,14.3,17.6,14.3,17.6,0,0,1047.528,4.269,0.126,30,21.6,0.654,11,285,30.697,67.792,3.249,77.467,,,,,0
2026-10-10T04:00Z,2026-10-10T05:00Z,3402594,1,11.8,23,15.2,30,21.4,h,23,21.4,23,21.4,0,0,1034.174,3.624,0.158,30.2,21.4,0.653,12,283,30.664,68.76,2.868,48.796,,,,,0
2026-10-10T04:00Z,2026-10-10T07:00Z,3402594,3,10,19.1,14.8,29.2,21.5,h,19.1,21.5,19.1,21.5,0,0,615.642,0.977,0.506,30.2,21.4,0.653,14,283,28.936,78.866,0.638,15.16,,,,,0
2026-10-10T04:00Z,2026-10-10T10:00Z,3402594,6,9.1,16.8,14.1,27.6,21.5,h,16.8,21.5,16.9,21.5,0,0,239.013,2.766,2.938,30.2,21.4,0.653,17,283,25.973,93.325,1.627,102.627,,,,,0
2026-10-10T04:00Z,2026-10-10T16:00Z,3402594,12,9.3,16,12.6,24.1,21.7,h,16,21.7,16.1,21.7,0,0,219.325,3.133,0.909,30.2,21.4,0.653,23,283,24.718,97.661,1.852,57.25,,,,,0
2026-10-10T04:00Z,2026-10-11T04:00Z,3402594,24,3.7,5.9,7.6,13.5,18.9,h,5.9,18.9,6,18.9,0,0,945.996,4.31,0.271,30.2,21.4,0.653,11,284,29.508,72.946,3.219,90.387,,,,,0
2026-10-10T04:00Z,2026-10-12T04:00Z,3402594,48,11.1,14.3,9.9,13.7,17.5,h,14.3,17.5,14.3,17.5,0,0,1043.65,4.266,0.129,30.2,21.4,0.653,11,285,30.677,67.92,3.248,77.253,,,,,0
2026-10-10T04:00Z,2026-10-10T05:00Z,3405765,1,9.5,3,9.7,2.9,6,h,3,6,3,6,0,0.001,1050.287,3.143,0.326,1.7,6,-1.019,12,283,30.33,68.999,2.483,104.952,,,,,0
2026-10-10T04:00Z,2026-10-10T07:00Z,3405765,3,10.4,3.5,9.8,2.9,6,h,3.5,6,3.5,6,0,0.002,738.871,2.61,0.699,1.7,6,-1.019,14,283,29.619,73.521,1.996,103.49,,,,,0
2026-10-10T04:00Z,2026-10-10T10:00Z,3405765,6,13.1,4.8,10.2,3.1,5.9,h,4.8,5.9,4.8,5.9,0,0.002,432.064,2.959,0.5,1.7,6,-1.019,17,283,27.324,85.545,2.07,149.386,,,,,0
2026-10-10T04:00Z,2026-10-10T16:00Z,3405765,12,17.6,7.6,11.2,3.9,5.8,h,7.6,5.8,7.6,5.8,0,0.001,73.061,0.59,0.901,1.7,6,-1.019,23,283,24.412,96.837,0.296,95.233,,,,,0
2026-10-10T04:00Z,2026-10-11T04:00Z,3405765,24,5.6,2.6,11,4.5,5.5,h,2.6,5.5,2.7,5.5,0,0,835.268,2.194,0.084,1.7,6,-1.019,11,284,29.361,71.85,1.74,52.776,,,,,0
2026-10-10T04:00Z,2026-10-12T04:00Z,3405765,48,6,3.8,8.3,4.8,5.4,h,3.8,5.4,3.8,5.4,0,0,843.186,1.14,0.256,1.7,6,-1.019,11,285,30.047,68.681,0.897,62.109,,,,,0
2026-10-10T04:00Z,2026-10-10T05:00Z,3412669,1,9.3,4.5,20.1,9.9,21.6,h,4.5,21.6,4.5,21.6,0,0,786.006,4.849,0.167,3.8,21.6,-0.658,12,283,26.623,83.872,3.637,50.298,,,,,0
2026-10-10T04:00Z,2026-10-10T07:00Z,3412669,3,7.8,3.8,19.7,9.8,21.4,h,3.8,21.4,3.8,21.4,0,0,796.29,5.287,0.192,3.8,21.6,-0.658,14,283,27.306,78.456,4.019,54.22,,,,,0
2026-10-10T04:00Z,2026-10-10T10:00Z,3412669,6,7.3,3.7,19.1,9.5,21.1,h,3.7,21.1,3.7,21.1,0,0,471.058,3.622,0.413,3.8,21.6,-0.658,17,283,26.088,86.861,2.477,54.63,,,,,0
2026-10-10T04:00Z,2026-10-10T16:00Z,3412669,12,12.6,7.2,16.4,8.3,19.2,h,7.2,19.2,7.2,19.2,0,0,268.136,4.298,0,3.8,21.6,-0.658,23,283,24.745,84.977,1.888,76.643,,,,,0
2026-10-10T04:00Z,2026-10-11T04:00Z,3412669,24,12.6,8.2,12.1,7.1,17.8,h,8.2,17.8,8.3,17.8,0,0,1024.636,3.955,0.007,3.8,21.6,-0.658,11,284,29.152,63.465,3.06,79.254,,,,,0
2026-10-10T04:00Z,2026-10-12T04:00Z,3412669,48,28.6,22.4,23.4,17.2,20.1,h,22.4,20.1,22.4,20.1,0,0.002,835.239,2.767,0,3.8,21.6,-0.658,11,285,29.078,64.005,2.189,84.428,,,,,0
2026-10-10T04:00Z,2026-10-10T05:00Z,3478631,1,6.9,10.8,13.5,20.9,19.9,h,10.8,19.9,10.8,19.9,0,0,484.403,3.697,0.296,14.7,19.9,0.417,12,283,24.61,86.068,2.663,44.958,,,,,0
2026-10-10T04:00Z,2026-10-10T07:00Z,3478631,3,5.7,8.8,13.1,20.4,20,h,8.8,20,8.8,20,0,0,550.086,3.352,0.284,14.7,19.9,0.417,14,283,25.417,82.197,2.49,44.749,,,,,0
2026-10-10T04:00Z,2026-10-10T10:00Z,3478631,6,5.4,8.2,12.2,18.9,20,h,8.2,20,8.3,20,0,0,379.059,2.998,0,14.7,19.9,0.417,17,283,24.814,86.187,1.923,54.407,,,,,0
2026-10-10T04:00Z,2026-10-10T16:00Z,3478631,12,6.1,8.8,9.5,14.6,18.7,h,8.8,18.7,8.8,18.7,0,0,257.752,4.234,0,14.7,19.9,0.417,23,283,22.892,84.642,2.216,73.649,,,,,0
2026-10-10T04:00Z,2026-10-11T04:00Z,3478631,24,8,10.5,6,8.6,17,h,10.5,17,10.7,17,0,0.001,1050.979,2.32,0.029,14.7,19.9,0.417,11,284,27.899,61.385,1.759,66.493,,,,,0
2026-10-10T04:00Z,2026-10-12T04:00Z,3478631,48,17.6,20.6,16.2,19.8,19.9,h,20.6,19.9,20.6,19.9,0,0.004,848.542,0.99,0,14.7,19.9,0.417,11,285,27.846,64.081,0.755,66.344,,,,,0
2026-10-10T04:00Z,2026-10-10T05:00Z,3493785,1,16.7,13.1,18.1,14.1,11.4,h,13.1,11.4,13.1,11.4,0,0.002,741.124,3.334,0.439,22.2,11.4,-0.238,12,283,24.041,80.836,2.362,51.778,,,,,0
2026-10-10T04:00Z,2026-10-10T07:00Z,3493785,3,10.1,7.9,18.4,14.3,11.4,h,7.9,11.4,7.9,11.4,0,0.001,974.967,3.697,0.027,22.2,11.4,-0.238,14,283,25.943,71.118,2.723,48.897,,,,,0
2026-10-10T04:00Z,2026-10-10T10:00Z,3493785,6,5.8,4.5,18.1,14.1,11.4,h,4.5,11.4,4.5,11.4,0,0,349.661,2.754,0.011,22.2,11.4,-0.238,17,283,23.72,84.104,1.323,52.172,,,,,0
2026-10-10T04:00Z,2026-10-10T16:00Z,3493785,12,6.8,5.5,15.7,12.3,11.1,h,5.5,11.1,5.5,11.1,0,0,47.885,1.968,0,22.2,11.4,-0.238,23,283,21.553,86.014,0.473,92.835,,,,,0
2026-10-10T04:00Z,2026-10-11T04:00Z,3493785,24,17.5,15.1,9.7,7.9,10.5,h,15.1,10.5,15.3,10.5,0,0.001,1213.667,3.648,0,22.2,11.4,-0.238,11,284,26.981,59.664,2.673,81.88,,,,,0
2026-10-10T04:00Z,2026-10-12T04:00Z,3493785,48,17.5,16,15.8,14.1,12.3,h,16,12.3,16,12.3,0,0.006,984.417,1.568,0,22.2,11.4,-0.238,11,285,27.114,58.86,1.223,87.582,,,,,0
2026-10-10T04:00Z,2026-10-10T05:00Z,3493786,1,1.1,4.4,11.7,33.1,19.6,h,4.4,19.6,4.4,19.6,0,0,967.265,5.081,0.384,2.6,19.7,0.987,12,283,27.442,77.642,3.665,51.66,,,,,0
2026-10-10T04:00Z,2026-10-10T07:00Z,3493786,3,1.6,5.4,10.8,30.7,19.4,h,5.4,19.4,5.4,19.4,0,0,507.279,4.258,2.36,2.6,19.7,0.987,14,283,25.658,90.585,2.676,68.892,,,,,0
2026-10-10T04:00Z,2026-10-10T10:00Z,3493786,6,1.9,5.8,9.2,26.3,18.9,h,5.8,18.9,5.9,18.9,0,0,621.912,6.183,0.326,2.6,19.7,0.987,17,283,24.932,89.113,3.591,41.947,,,,,0
2026-10-10T04:00Z,2026-10-10T16:00Z,3493786,12,6.2,14.3,5.2,14.9,17.2,h,14.3,17.2,14.4,17.2,0,0,453.364,5.472,0,2.6,19.7,0.987,23,283,23.443,87.278,2.804,49.012,,,,,0
2026-10-10T04:00Z,2026-10-11T04:00Z,3493786,24,15.4,28.5,6.1,13.3,17.7,h,28.5,17.7,28.9,17.7,0,0.002,1130.643,5.428,0,2.6,19.7,0.987,11,284,28.673,61.17,3.858,52.034,,,,,0
2026-10-10T04:00Z,2026-10-12T04:00Z,3493786,48,16.1,23.4,18.5,29.6,24.7,h,23.4,24.7,23.4,24.7,0,0.004,998.527,4.231,0,2.6,19.7,0.987,11,285,29.208,60.759,3.109,43.048,,,,,0
2026-10-10T04:00Z,2026-10-10T05:00Z,3493787,1,1.1,0,11.7,4.9,8.5,h,0,8.5,0,8.5,0,0,1093.165,6.058,0.484,0,8.5,-0.782,12,283,28.081,77.219,4.392,59.804,,,,,0
2026-10-10T04:00Z,2026-10-10T07:00Z,3493787,3,1.6,0.3,10.8,4.5,8.3,h,0.3,8.3,0.3,8.3,0,0,578.396,5.717,1.955,0,8.5,-0.782,14,283,26.981,88.018,3.744,84.678,,,,,0
2026-10-10T04:00Z,2026-10-10T10:00Z,3493787,6,1.9,0.5,9.2,3.7,7.9,h,0.5,7.9,0.5,7.9,0,0,796.701,7.375,0.133,0,8.5,-0.782,17,283,26.029,86.69,4.325,54.997,,,,,0
2026-10-10T04:00Z,2026-10-10T16:00Z,3493787,12,6.2,3,5.2,2,6.8,h,3,6.8,3,6.8,0,0,592.36,7.177,0,0,8.5,-0.782,23,283,24.391,81.395,3.909,63.972,,,,,0
2026-10-10T04:00Z,2026-10-11T04:00Z,3493787,24,15.4,9.3,6.1,3.2,6.8,h,9.3,6.8,9.4,6.8,0,0.001,1217.842,7.048,0,0,8.5,-0.782,11,284,29.378,60.188,5.011,61.381,,,,,0
2026-10-10T04:00Z,2026-10-12T04:00Z,3493787,48,16.1,11.9,18.5,12.6,10.6,h,11.9,10.6,11.9,10.6,0,0.004,1181.807,5.371,0,0,8.5,-0.782,11,285,30.045,61.619,3.97,61.662,,,,,0
2026-10-10T04:00Z,2026-10-10T05:00Z,3499026,1,11.8,5.3,15.7,7,11.7,h,5.3,11.7,5.3,11.7,0,0.036,559.68,1.468,0.736,8.3,11.7,-0.734,12,283,24.083,82.546,0.915,69.979,,,,,0
2026-10-10T04:00Z,2026-10-10T07:00Z,3499026,3,9.5,4.3,15.9,7.2,11.7,h,4.3,11.7,4.3,11.7,0,0.015,608.646,1.907,0.456,8.3,11.7,-0.734,14,283,24.573,80.999,1.361,50.213,,,,,0
2026-10-10T04:00Z,2026-10-10T10:00Z,3499026,6,7.1,3.3,16,7.2,11.5,h,3.3,11.5,3.3,11.5,0,0.003,220.822,1.56,0.147,8.3,11.7,-0.734,17,283,23.214,88.912,0.731,40.773,,,,,0
2026-10-10T04:00Z,2026-10-10T16:00Z,3499026,12,5.9,2.9,14.8,6.8,10.9,h,2.9,10.9,2.9,10.9,0,0.002,42.187,1.438,0,8.3,11.7,-0.734,23,283,20.929,93.749,0.537,64.942,,,,,0
2026-10-10T04:00Z,2026-10-11T04:00Z,3499026,24,14.3,8.9,7.7,4,9.7,h,8.9,9.7,9,9.7,0,0.001,1086.292,1.34,0.023,8.3,11.7,-0.734,11,284,26.727,63.449,0.952,88.818,,,,,0
2026-10-10T04:00Z,2026-10-12T04:00Z,3499026,48,18.4,13.9,17.3,12.1,11.9,h,13.9,11.9,13.9,11.9,0,0.004,975.93,0.588,0,8.3,11.7,-0.734,11,285,26.72,62.708,0.504,127.033,,,,,0
2026-10-10T04:00Z,2026-10-10T05:00Z,3501135,1,10.6,30.2,9.2,27.7,30.6,h,30.2,30.6,30.2,30.6,0,0.022,1378.583,2.825,0.162,21.8,30.6,1.031,12,283,30.719,52.176,2.082,56.892,,,,,0
2026-10-10T04:00Z,2026-10-10T07:00Z,3501135,3,9.2,25.3,9.8,29.2,30.7,h,25.3,30.7,25.3,30.7,0,0.017,1177.774,2.587,0.843,21.8,30.6,1.031,14,283,30.111,59.478,1.977,92.163,,,,,0
2026-10-10T04:00Z,2026-10-10T10:00Z,3501135,6,10.8,27.8,10.7,31.2,31,h,27.8,31,28,31,0,0.008,354.569,2.748,0.133,21.8,30.6,1.031,17,283,27.436,75.197,1.505,95.431,,,,,0
2026-10-10T04:00Z,2026-10-10T16:00Z,3501135,12,15.3,34.8,11.2,30.5,30.8,h,34.8,30.8,34.9,30.9,0,0.003,41.932,0.793,0.01,21.8,30.6,1.031,23,283,24.24,94.042,0.244,309.939,,,,,0
2026-10-10T04:00Z,2026-10-11T04:00Z,3501135,24,5.5,11,12,27.7,29.9,h,11,29.9,11.2,29.9,0,0.001,356.274,2.518,0.889,21.8,30.6,1.031,11,284,24.838,90.265,1.862,351.78,,,,,0
2026-10-10T04:00Z,2026-10-12T04:00Z,3501135,48,11.9,17.7,10.1,16.7,25.7,h,17.7,25.7,17.7,25.7,0,0.001,760.34,0.43,0.066,21.8,30.6,1.031,11,285,28.463,72.963,0.277,39.209,,,,,0
2026-10-10T04:00Z,2026-10-10T05:00Z,3501136,1,14.4,18.6,7.7,10.2,13.5,h,18.6,13.5,18.6,13.5,0,0.037,1445.496,3.509,0.042,9,13.5,0.252,12,283,29.466,54.99,2.544,71.176,,,,,0
2026-10-10T04:00Z,2026-10-10T07:00Z,3501136,3,14.3,18.3,8.7,11.5,13.6,h,18.3,13.6,18.3,13.6,0,0.022,1327.312,4.089,0.263,9,13.5,0.252,14,283,29.477,57.638,3.015,73.131,,,,,0
2026-10-10T04:00Z,2026-10-10T10:00Z,3501136,6,12,15.2,10,13,13.8,h,15.2,13.8,15.3,13.8,0,0.007,138.81,1.405,0.72,9,13.5,0.252,17,283,24.422,90.811,0.938,149.732,,,,,0
2026-10-10T04:00Z,2026-10-10T16:00Z,3501136,12,8.9,11,10.5,13.6,13.7,h,11,13.7,11,13.7,0,0.005,29.369,0.199,0.161,9,13.5,0.252,23,283,22.982,95.575,0.138,100.048,,,,,0
2026-10-10T04:00Z,2026-10-11T04:00Z,3501136,24,7.9,9.3,9.7,12.1,13.1,h,9.3,13.1,9.4,13.1,0,0.002,981.428,1.73,0.077,9,13.5,0.252,11,284,26.943,75.395,1.247,23.617,,,,,0
2026-10-10T04:00Z,2026-10-12T04:00Z,3501136,48,15.3,16.9,13.8,15.5,14.2,h,16.9,14.2,16.9,14.2,0,0.001,725.368,0.774,0.023,9,13.5,0.252,11,285,27.772,69.335,0.563,61.978,,,,,0
2026-10-10T04:00Z,2026-10-10T05:00Z,3503723,1,2.2,0.4,19,7.3,16.7,h,0.4,16.7,0.4,16.7,0,0,700.066,3.126,0.171,0,16.8,-0.876,12,283,26.443,78.413,2.297,26.671,,,,,0
2026-10-10T04:00Z,2026-10-10T07:00Z,3503723,3,1.6,0.2,17.8,6.8,16.6,h,0.2,16.6,0.2,16.6,0,0,553.548,3.438,0.739,0,16.8,-0.876,14,283,25.678,84.914,2.512,35.264,,,,,0
2026-10-10T04:00Z,2026-10-10T10:00Z,3503723,6,1.4,0.1,15.4,5.8,16,h,0.1,16,0.1,16,0,0,309.939,3.704,0.223,0,16.8,-0.876,17,283,25.237,86.952,2.276,33,,,,,0
2026-10-10T04:00Z,2026-10-10T16:00Z,3503723,12,5.8,2.5,8,2.9,14.2,h,2.5,14.2,2.5,14.2,0,0,111.766,2.332,0,0,16.8,-0.876,23,283,23.191,95.507,0.952,10.931,,,,,0
2026-10-10T04:00Z,2026-10-11T04:00Z,3503723,24,24.1,13.9,9.4,4.7,13.7,h,13.9,13.7,14.1,13.7,0,0.004,1009.378,1.882,0.012,0,16.8,-0.876,11,284,28.069,61.667,1.41,25.89,,,,,0
2026-10-10T04:00Z,2026-10-12T04:00Z,3503723,48,26,18.7,26.1,17.2,16.9,h,18.7,16.9,18.7,16.9,0,0.006,810.272,1.746,0,0,16.8,-0.876,11,285,28.513,62.903,1.294,351.289,,,,,0
2026-10-10T04:00Z,2026-10-10T05:00Z,3503724,1,0.9,0,13.6,5.4,14.4,h,0,14.4,0,14.4,0,0,659.098,3.823,0.414,0.1,14.5,-0.841,12,283,25.525,81.98,2.619,24.834,,,,,0
2026-10-10T04:00Z,2026-10-10T07:00Z,3503724,3,1.1,0,12.2,4.8,14.1,h,0,14.1,0,14.1,0,0,420.945,3.997,1.178,0.1,14.5,-0.841,14,283,23.475,97.354,2.512,13.764,,,,,0
2026-10-10T04:00Z,2026-10-10T10:00Z,3503724,6,0.9,0,9.5,3.6,13.4,h,0,13.4,0,13.4,0,0,361.649,5.925,1.249,0.1,14.5,-0.841,17,283,22.914,92.25,3.336,8.995,,,,,0
2026-10-10T04:00Z,2026-10-10T16:00Z,3503724,12,4.1,1.7,3.1,0.9,11.4,h,1.7,11.4,1.7,11.4,0,0,314.112,4.957,0,0.1,14.5,-0.841,23,283,21.776,94.139,2.787,354.924,,,,,0
2026-10-10T04:00Z,2026-10-11T04:00Z,3503724,24,21.1,12.4,9.6,5,12,h,12.4,12,12.6,12.1,0,0.009,1008.825,4.036,0.073,0.1,14.5,-0.841,11,284,27.448,62.103,2.867,19.698,,,,,0
2026-10-10T04:00Z,2026-10-12T04:00Z,3503724,48,17.9,13,25,16.7,15.3,h,13,15.3,13,15.3,0,0.007,832.912,4.572,0,0.1,14.5,-0.841,11,285,27.922,58.63,3.211,5.375,,,,,0
2026-10-10T04:00Z,2026-10-10T05:00Z,3503725,1,0.9,1.5,8.4,11.8,6.8,h,1.5,6.8,1.5,6.8,0,0,829.852,4.424,0.612,0.1,6.8,0.307,12,283,26.564,80.964,3.152,42.146,,,,,0
2026-10-10T04:00Z,2026-10-10T07:00Z,3503725,3,0.9,1.5,7.3,10.2,6.8,h,1.5,6.8,1.5,6.8,0,0,488.928,4.06,1.5,0.1,6.8,0.307,14,283,24.872,92.562,2.554,42.975,,,,,0
2026-10-10T04:00Z,2026-10-10T10:00Z,3503725,6,1,1.6,4.9,7,6.6,h,1.6,6.6,1.6,6.6,0,0,593.806,6.509,0.093,0.1,6.8,0.307,17,283,24.183,89.384,3.744,27.922,,,,,0
2026-10-10T04:00Z,2026-10-10T16:00Z,3503725,12,4.2,5.6,1.7,2.5,5.9,h,5.6,5.9,5.6,5.9,0,0,451.311,5.209,0.01,0.1,6.8,0.307,23,283,22.724,89.111,2.664,23.846,,,,,0
2026-10-10T04:00Z,2026-10-11T04:00Z,3503725,24,16.9,20.5,7.6,9.6,7.5,h,20.5,7.5,20.8,7.5,0,0.004,1154.421,5.331,0,0.1,6.8,0.307,11,284,28.224,60.85,3.754,39.03,,,,,0
2026-10-10T04:00Z,2026-10-12T04:00Z,3503725,48,13.9,15.6,19.8,23,12.5,h,15.6,12.5,15.6,12.5,0,0.005,899.851,4.852,0.052,0.1,6.8,0.307,11,285,28.353,62.474,3.45,26.148,,,,,0
2026-10-10T04:00Z,2026-10-10T05:00Z,3510962,1,2.3,0,20.3,2.2,0.9,h,0,0.9,0,0.9,0,0,625.186,2.997,0.4,0,0.9,-1.928,12,283,24.19,83.693,2.006,41.427,,,,,0
2026-10-10T04:00Z,2026-10-10T07:00Z,3510962,3,1.7,0,19,2,0.9,h,0,0.9,0,0.9,0,0,549.464,3.108,0.631,0,0.9,-1.928,14,283,23.648,89.244,2.067,41.285,,,,,0
2026-10-10T04:00Z,2026-10-10T10:00Z,3510962,6,1.4,0,16.1,1.7,0.8,h,0,0.8,0,0.8,0,0,296.327,3.186,1.474,0,0.9,-1.928,17,283,23.032,88.268,1.772,40.449,,,,,0
2026-10-10T04:00Z,2026-10-10T16:00Z,3510962,12,12.2,2,8.1,0.7,0.7,h,2,0.7,2,0.7,0,0,127.522,1.845,0,0,0.9,-1.928,23,283,21.357,94.592,0.899,10.231,,,,,0
2026-10-10T04:00Z,2026-10-11T04:00Z,3510962,24,21.9,6.3,12.8,2.8,1.4,h,6.3,1.4,6.4,1.4,0,0.008,995.106,2.055,0.091,0,0.9,-1.928,11,284,26.612,62.062,1.422,43.038,,,,,0
2026-10-10T04:00Z,2026-10-12T04:00Z,3510962,48,24.4,11.7,27.9,11.2,4.5,h,11.7,4.5,11.7,4.5,0,0.008,969.934,1.33,0,0,0.9,-1.928,11,285,27.217,57.7,0.884,22.433,,,,,0
2026-10-10T04:00Z,2026-10-10T05:00Z,3510963,1,1.4,0.6,8.6,5.4,21.8,h,0.6,21.8,0.6,21.8,0,0,1142.695,6.396,0.409,0,21.9,-0.408,12,283,28.405,76.292,4.655,62.571,,,,,0
2026-10-10T04:00Z,2026-10-10T07:00Z,3510963,3,2.1,1.1,7.9,4.9,21.6,h,1.1,21.6,1.1,21.6,0,0,579.46,5.926,2.989,0,21.9,-0.408,14,283,26.925,87.313,3.872,89.41,,,,,0
2026-10-10T04:00Z,2026-10-10T10:00Z,3510963,6,2.9,1.7,6.8,4.2,20.5,h,1.7,20.5,1.7,20.5,0,0,772.929,7.173,0.486,0,21.9,-0.408,17,283,25.951,88.049,4.232,59.833,,,,,0
2026-10-10T04:00Z,2026-10-10T16:00Z,3510963,12,6.3,4.3,3.9,2.3,17.7,h,4.3,17.7,4.3,17.7,0,0,553.317,7.312,0,0,21.9,-0.408,23,283,24.375,83.16,3.908,69.08,,,,,0
2026-10-10T04:00Z,2026-10-11T04:00Z,3510963,24,10.1,7.7,6.1,4.3,16.3,h,7.7,16.3,7.8,16.3,0,0.001,1202.535,7.182,0,0,21.9,-0.408,11,284,29.391,61.396,5.156,64.343,,,,,0
2026-10-10T04:00Z,2026-10-12T04:00Z,3510963,48,15.8,13.5,16.6,13.6,17.7,h,13.5,17.7,13.5,17.7,0,0.004,1164.046,5.307,0,0,21.9,-0.408,11,285,30.025,61.604,3.948,65.43,,,,,0
2026-10-10T04:00Z,2026-10-10T05:00Z,3510964,1,3.3,9.5,4.8,13.6,6.7,h,9.5,6.7,9.5,6.7,0,0,992.613,2.856,0.259,19.6,6.7,0.927,12,283,27.694,70.086,1.934,48.574,,,,,0
2026-10-10T04:00Z,2026-10-10T07:00Z,3510964,3,3.4,9.3,4.7,13.3,6.8,h,9.3,6.8,9.3,6.8,0,0,872.24,2.443,0.594,19.6,6.7,0.927,14,283,26.967,71.329,1.604,69.157,,,,,0
2026-10-10T04:00Z,2026-10-10T10:00Z,3510964,6,4.5,11.3,4.7,13.2,7,h,11.3,7,11.4,7,0,0,630.113,4.054,0.02,19.6,6.7,0.927,17,283,24.771,82.974,2.182,41.972,,,,,0
2026-10-10T04:00Z,2026-10-10T16:00Z,3510964,12,8.2,17.7,5.1,13.4,7.6,h,17.7,7.6,17.8,7.6,0,0,145.937,3.12,0.018,19.6,6.7,0.927,23,283,21.853,92.853,1.646,19.834,,,,,0
2026-10-10T04:00Z,2026-10-11T04:00Z,3510964,24,2.8,5.6,5.4,12,8.4,h,5.6,8.4,5.7,8.4,0,0,941.616,4.59,0.596,19.6,6.7,0.927,11,284,26.858,70.808,3.13,51.19,,,,,0
2026-10-10T04:00Z,2026-10-12T04:00Z,3510964,48,2.4,3.7,4.7,7.8,7.3,h,3.7,7.3,3.7,7.3,0,0,1039.448,4.357,0.028,19.6,6.7,0.927,11,285,27.913,67.656,3.044,47.867,,,,,0
2026-10-10T04:00Z,2026-10-10T05:00Z,3510965,1,20.3,19.7,16.3,15.8,16.5,h,19.7,16.5,19.7,16.5,0,0.007,881.894,4.186,0.596,26.6,16.5,-0.028,12,283,25.179,74.356,2.957,42.333,,,,,0
2026-10-10T04:00Z,2026-10-10T07:00Z,3510965,3,15.5,15.1,17.2,16.7,16.5,h,15.1,16.5,15.1,16.5,0,0.003,847.654,5.205,0.067,26.6,16.5,-0.028,14,283,25.721,69.277,3.69,37.96,,,,,0
2026-10-10T04:00Z,2026-10-10T10:00Z,3510965,6,11,10.7,17.7,17.2,16.6,h,10.7,16.6,10.8,16.6,0,0.001,497.005,3.223,0.015,26.6,16.5,-0.028,17,283,24.591,76.481,1.805,35.68,,,,,0
2026-10-10T04:00Z,2026-10-10T16:00Z,3510965,12,9.8,9.6,17.2,16.8,16.3,h,9.6,16.3,9.6,16.3,0,0.001,53.613,1.648,0,26.6,16.5,-0.028,23,283,22.183,86.969,0.465,46.891,,,,,0
2026-10-10T04:00Z,2026-10-11T04:00Z,3510965,24,16.1,15.8,12.2,11.9,15.3,h,15.8,15.3,16,15.3,0,0.001,1336.875,3.427,0,26.6,16.5,-0.028,11,284,27.553,57.756,2.541,73.162,,,,,0
2026-10-10T04:00Z,2026-10-12T04:00Z,3510965,48,17.3,17.1,18.9,18.6,17.2,h,17.1,17.2,17.1,17.2,0,0.004,1049.369,1.698,0,26.6,16.5,-0.028,11,285,27.566,57.92,1.224,63.862,,,,,0
2026-10-10T04:00Z,2026-10-10T05:00Z,3511463,1,18.5,21.8,18.4,21.8,20.7,h,21.8,20.7,21.8,20.7,0,0,833.053,4.125,0.349,32.6,20.7,0.162,12,283,23.784,76.085,2.834,69.1,,,,,0
2026-10-10T04:00Z,2026-10-10T07:00Z,3511463,3,12.7,14.9,18.9,22.4,20.7,h,14.9,20.7,14.9,20.7,0,0,953.144,3.712,0.017,32.6,20.7,0.162,14,283,25.133,69.862,2.624,60.432,,,,,0
2026-10-10T04:00Z,2026-10-10T10:00Z,3511463,6,9.5,11.1,18.8,22.3,20.7,h,11.1,20.7,11.2,20.7,0,0,450.641,3.677,0.044,32.6,20.7,0.162,17,283,23.211,80.91,1.88,68.223,,,,,0
2026-10-10T04:00Z,2026-10-10T16:00Z,3511463,12,11.7,13.4,17.4,20.5,20.3,h,13.4,20.3,13.5,20.4,0,0.001,104.408,3.116,0,32.6,20.7,0.162,23,283,20.939,85.451,1.212,92.638,,,,,0
2026-10-10T04:00Z,2026-10-11T04:00Z,3511463,24,18.9,20.9,13,14.8,19.2,h,20.9,19.2,21.2,19.2,0,0.001,1182.525,3.93,0,32.6,20.7,0.162,11,284,26.419,59.239,2.853,84.301,,,,,0
2026-10-10T04:00Z,2026-10-12T04:00Z,3511463,48,15.8,16.8,14.1,15.3,18.8,h,16.8,18.8,16.8,18.8,0,0.006,987.304,1.987,0,32.6,20.7,0.162,11,285,26.861,55.246,1.51,87.397,,,,,0
2026-10-10T04:00Z,2026-10-10T05:00Z,3513587,1,22.4,22.4,,,,h,22.4,,22.4,,0,0.001,826.217,3.955,0.878,,,0,12,283,23.737,77.351,2.757,65.546,,,,,0
2026-10-10T04:00Z,2026-10-10T07:00Z,3513587,3,16.5,16.5,,,,h,16.5,,16.5,,0,0,868.246,4.028,0.048,,,0,14,283,24.636,70.968,2.836,55.894,,,,,0
2026-10-10T04:00Z,2026-10-10T10:00Z,3513587,6,10.9,10.9,,,,h,10.9,,11,,0,0,444.212,3.202,0.051,,,0,17,283,23.108,80.142,1.724,56.939,,,,,0
2026-10-10T04:00Z,2026-10-10T16:00Z,3513587,12,11.9,11.9,,,,h,11.9,,12,,0,0,117.598,2.796,0,,,0,23,283,21.101,86.578,1.088,80.569,,,,,0
2026-10-10T04:00Z,2026-10-11T04:00Z,3513587,24,17.5,17.5,,,,h,17.5,,17.8,,0,0.001,1180.432,3.825,0,,,0,11,284,26.266,59.798,2.819,80.661,,,,,0
2026-10-10T04:00Z,2026-10-12T04:00Z,3513587,48,13.9,13.9,,,,h,13.9,,13.9,,0,0.005,969.465,2.206,0,,,0,11,285,26.635,56.54,1.652,79.781,,,,,0
2026-10-10T04:00Z,2026-10-10T05:00Z,3524548,1,19.5,32,,,,h,32,,32,,0,0,977.188,5.133,0.14,,,0.767,12,283,23.781,68.319,3.506,81.781,,,,,0
2026-10-10T04:00Z,2026-10-10T07:00Z,3524548,3,17,27.4,,,,h,27.4,,27.4,,0,0,982.863,3.884,0.004,,,0.767,14,283,24.413,67.026,2.661,75.661,,,,,0
2026-10-10T04:00Z,2026-10-10T10:00Z,3524548,6,13,20.5,,,,h,20.5,,20.7,,0,0.001,478.426,4.416,0.091,,,0.767,17,283,22.469,78.807,2.428,79.138,,,,,0
2026-10-10T04:00Z,2026-10-10T16:00Z,3524548,12,17.8,26.4,,,,h,26.4,,26.5,,0,0.002,175.702,4.362,0,,,0.767,23,283,20.226,84.626,1.975,93.462,,,,,0
2026-10-10T04:00Z,2026-10-11T04:00Z,3524548,24,13,17.8,,,,h,17.8,,18.1,,0,0.002,1119.251,4.064,0.004,,,0.767,11,284,25.616,59.645,2.924,86.962,,,,,0
2026-10-10T04:00Z,2026-10-12T04:00Z,3524548,48,12.5,15.1,,,,h,15.1,,15.1,,0,0.005,1002.863,2.439,0,,,0.767,11,285,26.467,51.979,1.807,85.949,,,,,0
2026-10-10T04:00Z,2026-10-10T05:00Z,3524550,1,0.6,4.2,17.4,62.3,21.8,h,4.2,21.8,4.2,21.8,0,0,592.537,4.049,0.457,4.5,21.9,1.235,12,283,25.081,86.291,2.617,37.379,,,,,0
2026-10-10T04:00Z,2026-10-10T07:00Z,3524550,3,0.7,4.3,15.6,56,21.6,h,4.3,21.6,4.3,21.6,0,0,479.146,3.568,0.942,4.5,21.9,1.235,14,283,24.116,96.606,2.111,30.993,,,,,0
2026-10-10T04:00Z,2026-10-10T10:00Z,3524550,6,1.5,6.3,11.6,42.3,20.6,h,6.3,20.6,6.4,20.6,0,0,284.72,3.739,3.671,4.5,21.9,1.235,17,283,23.626,92.997,1.802,31.695,,,,,0
2026-10-10T04:00Z,2026-10-10T16:00Z,3524550,12,8.4,23.1,3.4,12.9,18.5,h,23.1,18.5,23.2,18.5,0,0.001,187.209,2.436,0,4.5,21.9,1.235,23,283,22.453,96.402,1.616,336.662,,,,,0
2026-10-10T04:00Z,2026-10-11T04:00Z,3524550,24,23.3,49.6,12.9,31.3,24.4,h,49.6,24.4,50.3,24.4,0,0.015,985.583,3.243,0.227,4.5,21.9,1.235,11,284,27.901,64.39,2.252,41.128,,,,,0
2026-10-10T04:00Z,2026-10-12T04:00Z,3524550,48,19.3,30.7,29.4,52.6,32.7,h,30.7,32.7,30.7,32.7,0,0.009,1027.729,3.059,0,4.5,21.9,1.235,11,285,28.532,59.645,2.167,17.891,,,,,0
2026-10-10T04:00Z,2026-10-10T05:00Z,3524551,1,0.9,1.5,8.4,11.7,8.1,h,1.5,8.1,1.5,8.1,0,0,896.371,4.882,0.69,0,8.2,0.297,12,283,26.94,80.267,3.49,48.597,,,,,0
2026-10-10T04:00Z,2026-10-10T07:00Z,3524551,3,0.9,1.5,7.3,10.1,8,h,1.5,8,1.5,8,0,0,532.862,4.438,1.538,0,8.2,0.297,14,283,25.537,90.581,2.825,57.024,,,,,0
2026-10-10T04:00Z,2026-10-10T10:00Z,3524551,6,1,1.6,4.9,6.9,7.8,h,1.6,7.8,1.6,7.8,0,0,655.613,6.647,0.091,0,8.2,0.297,17,283,24.697,88.41,3.843,36.218,,,,,0
2026-10-10T04:00Z,2026-10-10T16:00Z,3524551,12,4.2,5.5,1.7,2.5,7,h,5.5,7,5.5,7,0,0,499.012,5.492,0.007,0,8.2,0.297,23,283,23.206,86.98,2.854,37.111,,,,,0
2026-10-10T04:00Z,2026-10-11T04:00Z,3524551,24,16.9,20.4,7.6,9.5,8.6,h,20.4,8.6,20.7,8.6,0,0.003,1173.675,5.77,0,0,8.2,0.297,11,284,28.534,60.704,4.062,46.119,,,,,0
2026-10-10T04:00Z,2026-10-12T04:00Z,3524551,48,13.9,15.6,19.8,22.9,15.5,h,15.6,15.5,15.6,15.5,0,0.004,980.954,4.92,0.037,0,8.2,0.297,11,285,28.781,62.551,3.536,36.581,,,,,0
2026-10-10T04:00Z,2026-10-10T05:00Z,3524552,1,1.6,0,19.4,4.6,24.4,h,0,24.4,0,24.4,0,0,831.433,4.072,0.261,0,24.5,-1.299,12,283,27.039,77.725,2.954,38.923,,,,,0
2026-10-10T04:00Z,2026-10-10T07:00Z,3524552,3,1.4,0,18.4,4.3,24.2,h,0,24.2,0,24.2,0,0,488.077,3.554,2,0,24.5,-1.299,14,283,25.241,89.902,2.303,45.832,,,,,0
2026-10-10T04:00Z,2026-10-10T10:00Z,3524552,6,1.5,0,16.5,3.9,23.5,h,0,23.5,0,23.5,0,0,450.079,5.153,0.302,0,24.5,-1.299,17,283,24.713,89.497,3.043,30.188,,,,,0
2026-10-10T04:00Z,2026-10-10T16:00Z,3524552,12,3.1,0.5,10.7,2.3,19.8,h,0.5,19.8,0.5,19.8,0,0,290.825,3.995,0,0,24.5,-1.299,23,283,23.105,92.453,1.88,28.542,,,,,0
2026-10-10T04:00Z,2026-10-11T04:00Z,3524552,24,20.9,9.1,5.8,1.9,18.6,h,9.1,18.6,9.2,18.6,0,0.003,1056.065,3.708,0,0,24.5,-1.299,11,284,28.313,61.722,2.677,38.6,,,,,0
2026-10-10T04:00Z,2026-10-12T04:00Z,3524552,48,22.4,13.7,23.1,12.4,20.3,h,13.7,20.3,13.7,20.3,0,0.005,846.479,3.221,0,0,24.5,-1.299,11,285,28.75,61.481,2.344,18.83,,,,,0
2026-10-10T04:00Z,2026-10-10T05:00Z,3524553,1,3.4,1.9,5,2.9,9.9,h,1.9,9.9,1.9,9.9,0,0,936.109,2.568,0.241,0,9.9,-0.43,12,283,28.486,72.005,1.801,37.426,,,,,0
2026-10-10T04:00Z,2026-10-10T07:00Z,3524553,3,3.4,2,5,2.9,9.9,h,2,9.9,2,9.9,0,0,584.032,2.068,1.478,0,9.9,-0.43,14,283,26.909,79.53,1.347,61.235,,,,,0
2026-10-10T04:00Z,2026-10-10T10:00Z,3524553,6,3.8,2.3,5.2,3.1,9.9,h,2.3,9.9,2.3,9.9,0,0,481.512,3.464,0.054,0,9.9,-0.43,17,283,25.444,87.011,2.013,31.916,,,,,0
2026-10-10T04:00Z,2026-10-10T16:00Z,3524553,12,5.6,3.8,5.1,3.1,9.2,h,3.8,9.2,3.8,9.2,0,0,138.801,2.572,0.035,0,9.9,-0.43,23,283,22.603,95.47,1.204,23.64,,,,,0
2026-10-10T04:00Z,2026-10-11T04:00Z,3524553,24,2.1,1.4,3.9,2.5,7.5,h,1.4,7.5,1.4,7.5,0,0,838.996,3.989,0.405,0,9.9,-0.43,11,284,27.624,72.387,2.789,45.805,,,,,0
2026-10-10T04:00Z,2026-10-12T04:00Z,3524553,48,2.7,2.2,6.3,5,7.5,h,2.2,7.5,2.2,7.5,0,0,889.277,3.656,0.062,0,9.9,-0.43,11,285,28.329,70.606,2.607,36.933,,,,,0
2026-10-10T04:00Z,2026-10-10T05:00Z,3527752,1,6.6,13.4,8.5,17.5,14.4,h,13.4,14.4,13.4,14.4,0,0,1107.472,4.515,0.075,12.6,14.4,0.663,12,283,30.323,67.587,3.411,75.221,,,,,0
2026-10-10T04:00Z,2026-10-10T07:00Z,3527752,3,5.6,11.1,8.5,17.4,14.5,h,11.1,14.5,11.1,14.5,0,0,862.228,3.73,0.463,12.6,14.4,0.663,14,283,29.107,76.371,2.828,75.681,,,,,0
2026-10-10T04:00Z,2026-10-10T10:00Z,3527752,6,4.7,9.1,8.3,16.9,14.5,h,9.1,14.5,9.2,14.5,0,0,331.806,3.105,2.197,12.6,14.4,0.663,17,283,26.034,92.168,1.898,97.472,,,,,0
2026-10-10T04:00Z,2026-10-10T16:00Z,3527752,12,3,5.6,7.1,14.2,14.5,h,5.6,14.5,5.6,14.5,0,0,303.025,3.4,1.254,12.6,14.4,0.663,23,283,24.356,96.493,2.026,62.783,,,,,0
2026-10-10T04:00Z,2026-10-11T04:00Z,3527752,24,1.7,3,2.8,5.5,11.6,h,3,11.6,3.1,11.6,0,0.001,942.408,4.741,0.167,12.6,14.4,0.663,11,284,28.847,75.21,3.607,86.067,,,,,0
2026-10-10T04:00Z,2026-10-12T04:00Z,3527752,48,10.5,13.6,4.2,5.9,10.2,h,13.6,10.2,13.6,10.2,0,0.001,1167.716,3.549,0.042,12.6,14.4,0.663,11,285,29.957,67.782,2.698,79.96,,,,,0
2026-10-10T04:00Z,2026-10-10T05:00Z,3539279,1,18.5,28.3,,,,h,28.3,,28.3,,0,0,744.376,3.788,0.253,36.7,,0.424,12,283,23.745,79.314,2.609,61.946,,,,,0
2026-10-10T04:00Z,2026-10-10T07:00Z,3539279,3,12.7,19.2,,,,h,19.2,,19.2,,0,0,960.78,3.243,0.006,36.7,,0.424,14,283,25.544,72.475,2.366,52.787,,,,,0
2026-10-10T04:00Z,2026-10-10T10:00Z,3539279,6,9.5,14.1,,,,h,14.1,,14.2,,0,0,402.901,3.607,0.011,36.7,,0.424,17,283,23.668,82.614,1.741,66.501,,,,,0
2026-10-10T04:00Z,2026-10-10T16:00Z,3539279,12,11.7,16.5,,,,h,16.5,,16.6,,0,0.001,61.245,2.752,0,36.7,,0.424,23,283,21.245,85.198,1,98.646,,,,,0
2026-10-10T04:00Z,2026-10-11T04:00Z,3539279,24,18.9,24.6,,,,h,24.6,,25,,0,0.001,1176.987,3.719,0,36.7,,0.424,11,284,26.758,60.515,2.714,83.074,,,,,0
2026-10-10T04:00Z,2026-10-12T04:00Z,3539279,48,15.8,18.6,,,,h,18.6,,18.6,,0,0.007,964.496,1.532,0,36.7,,0.424,11,285,27.095,56.971,1.193,90.07,,,,,0
2026-10-10T04:00Z,2026-10-10T05:00Z,3539280,1,6.9,19.6,13.5,38.3,25.5,h,19.6,25.5,19.6,25.5,0,0.001,346.824,2.889,0.365,35.3,25.5,1,12,283,23.658,88.832,2.003,44.738,,,,,0
2026-10-10T04:00Z,2026-10-10T07:00Z,3539280,3,5.7,15.8,13.1,37.3,25.6,h,15.8,25.6,15.8,25.6,0,0.001,461.42,2.411,0.385,35.3,25.5,1,14,283,24.644,84.598,1.737,35.698,,,,,0
2026-10-10T04:00Z,2026-10-10T10:00Z,3539280,6,5.4,14.2,12.2,34.5,25.6,h,14.2,25.6,14.3,25.6,0,0,298.417,2.64,0,35.3,25.5,1,17,283,23.979,88.489,1.567,50.785,,,,,0
2026-10-10T04:00Z,2026-10-10T16:00Z,3539280,12,6.1,14.2,9.5,26.2,24.8,h,14.2,24.8,14.3,24.8,0,0.001,228.435,4.075,0,35.3,25.5,1,23,283,21.724,86.673,2.367,73.975,,,,,0
2026-10-10T04:00Z,2026-10-11T04:00Z,3539280,24,8,15.3,6,14,22.5,h,15.3,22.5,15.5,22.5,0,0.001,1058.813,1.433,0.055,35.3,25.5,1,11,284,27.383,62.843,1.021,59.404,,,,,0
2026-10-10T04:00Z,2026-10-12T04:00Z,3539280,48,17.6,25.7,16.2,26.3,25.8,h,25.7,25.8,25.7,25.8,0,0.004,861.827,0.32,0,35.3,25.5,1,11,285,27.186,66.916,0.233,336.095,,,,,0
2026-10-10T04:00Z,2026-10-10T05:00Z,3539838,1,15,8.3,10.4,5.4,13.9,h,8.3,13.9,8.3,13.9,0,0.016,494.127,0.246,0.355,9.1,13.9,-0.571,12,283,25.73,88.199,0.08,355.993,,,,,0
2026-10-10T04:00Z,2026-10-10T07:00Z,3539838,3,13.4,7.5,11.2,5.9,13.8,h,7.5,13.8,7.5,13.8,0,0.006,837.148,1.746,0.221,9.1,13.9,-0.571,14,283,26.839,80.905,1.373,81.614,,,,,0
2026-10-10T04:00Z,2026-10-10T10:00Z,3539838,6,11.4,6.6,12.1,6.5,13.6,h,6.6,13.6,6.7,13.6,0,0.002,366.214,2.005,0.133,9.1,13.9,-0.571,17,283,26.182,81.647,1.337,36.54,,,,,0
2026-10-10T04:00Z,2026-10-10T16:00Z,3539838,12,15.9,9.9,13.6,7.6,12.5,h,9.9,12.5,9.9,12.5,0,0.001,38.387,0.633,0,9.1,13.9,-0.571,23,283,23.478,97.274,0.52,331.688,,,,,0
2026-10-10T04:00Z,2026-10-11T04:00Z,3539838,24,7.5,5.1,14,8.7,12.6,h,5.1,12.6,5.2,12.6,0,0.002,781.344,0.815,0.287,9.1,13.9,-0.571,11,284,28.26,70.977,0.516,53.6,,,,,0
2026-10-10T04:00Z,2026-10-12T04:00Z,3539838,48,14.4,11.5,10.7,8.1,11.9,h,11.5,11.9,11.5,11.9,0,0.002,693.876,2.226,0.089,9.1,13.9,-0.571,11,285,27.848,73.028,1.749,189.245,,,,,0
2026-10-10T04:00Z,2026-10-10T05:00Z,3553302,1,15.3,27.8,10.7,20.1,23.9,h,27.8,23.9,27.8,23.9,0,0.001,1378.748,5.06,0.001,33.9,23.9,0.595,12,283,26.923,54.148,3.517,90.139,,,,,0
2026-10-10T04:00Z,2026-10-10T07:00Z,3553302,3,13.9,24.8,11.6,21.8,24,h,24.8,24,24.8,24,0,0.001,1182.946,4.802,0.287,33.9,23.9,0.595,14,283,26.672,58.209,3.35,96.713,,,,,0
2026-10-10T04:00Z,2026-10-10T10:00Z,3553302,6,13,22.4,12.9,23.8,24.1,h,22.4,24.1,22.6,24.1,0,0,531.368,3.464,0,33.9,23.9,0.595,17,283,24.219,73.906,1.89,85.733,,,,,0
2026-10-10T04:00Z,2026-10-10T16:00Z,3553302,12,13.5,21.8,14.1,25.3,23.9,h,21.8,23.9,21.9,23.9,0,0,41.499,1.444,0.001,33.9,23.9,0.595,23,283,20.86,86.136,0.738,21.64,,,,,0
2026-10-10T04:00Z,2026-10-11T04:00Z,3553302,24,11.3,16.5,12.7,20.7,23.1,h,16.5,23.1,16.7,23.1,0,0.001,1130.503,2.307,0,33.9,23.9,0.595,11,284,26.083,60.557,1.651,86.982,,,,,0
2026-10-10T04:00Z,2026-10-12T04:00Z,3553302,48,11.2,14.1,13.7,18.2,21.9,h,14.1,21.9,14.1,21.9,0,0.002,1136.727,0.91,0,33.9,23.9,0.595,11,285,27.042,55.798,0.623,89.576,,,,,0
2026-10-10T04:00Z,2026-10-10T05:00Z,3553304,1,19.2,29.4,10,15.8,16.9,h,29.4,16.9,29.4,16.9,0,0.07,514.067,2.97,1.546,33.2,16.9,0.426,12,283,25.384,82.654,2.116,41.464,,,,,0
2026-10-10T04:00Z,2026-10-10T07:00Z,3553304,3,15.2,23,11,17.3,17.1,h,23,17.1,23,17.1,0,0.025,313.549,0.511,1.183,33.2,16.9,0.426,14,283,24.827,88.69,0.355,75.829,,,,,0
2026-10-10T04:00Z,2026-10-10T10:00Z,3553304,6,10.7,15.9,11.9,18.6,17.3,h,15.9,17.3,16,17.3,0,0.006,58.173,0.517,1.059,33.2,16.9,0.426,17,283,23.397,98.584,0.437,260.994,,,,,0
2026-10-10T04:00Z,2026-10-10T16:00Z,3553304,12,8.2,11.7,12.3,18.8,17.4,h,11.7,17.4,11.8,17.4,0,0.003,71.409,0.647,0.013,33.2,16.9,0.426,23,283,22.816,96.585,0.255,46.376,,,,,0
2026-10-10T04:00Z,2026-10-11T04:00Z,3553304,24,7.6,10.1,9.8,14.1,16.2,h,10.1,16.2,10.3,16.2,0,0.001,825.32,1.419,0.009,33.2,16.9,0.426,11,284,27.299,72.367,1.156,14.7,,,,,0
2026-10-10T04:00Z,2026-10-12T04:00Z,3553304,48,16.1,18.9,13.3,16.4,16.7,h,18.9,16.7,18.9,16.7,0,0.002,689.027,0.989,0.009,33.2,16.9,0.426,11,285,26.788,72.807,0.76,304.583,,,,,0
2026-10-10T04:00Z,2026-10-10T05:00Z,3553305,1,6.1,6.8,11.7,13,20.7,h,6.8,20.7,6.8,20.7,0,0.002,213.473,0.915,0.487,6.5,20.7,0.1,12,283,21.782,90.911,0.44,45.463,,,,,0
2026-10-10T04:00Z,2026-10-10T07:00Z,3553305,3,4.4,4.9,11.4,12.7,20.8,h,4.9,20.8,4.9,20.8,0,0.001,353.802,0.971,0.588,6.5,20.7,0.1,14,283,22.621,88.61,0.68,354.576,,,,,0
2026-10-10T04:00Z,2026-10-10T10:00Z,3553305,6,3.9,4.3,10.7,11.9,20.9,h,4.3,20.9,4.3,20.9,0,0.001,129.024,1.976,0,6.5,20.7,0.1,17,283,21.826,91.298,0.968,43.96,,,,,0
2026-10-10T04:00Z,2026-10-10T16:00Z,3553305,12,4.1,4.5,8.7,9.7,19.4,h,4.5,19.4,4.5,19.4,0,0.001,81.938,2.482,0,6.5,20.7,0.1,23,283,18.942,94.419,1.734,67.007,,,,,0
2026-10-10T04:00Z,2026-10-11T04:00Z,3553305,24,8.8,9.4,4.4,4.9,16.6,h,9.4,16.6,9.5,16.6,0,0.001,1046.25,0.834,0.082,6.5,20.7,0.1,11,284,25.622,64.763,0.752,287.013,,,,,0
2026-10-10T04:00Z,2026-10-12T04:00Z,3553305,48,14.4,15,12,12.6,17.9,h,15,17.9,15,17.9,0,0.005,923.73,2.16,0,6.5,20.7,0.1,11,285,25.512,68.056,1.773,264.705,,,,,0
2026-10-10T04:00Z,2026-10-10T05:00Z,3560430,1,10,11.1,,,,h,11.1,,11.1,,0,0.002,742.202,2.088,0.401,,,0.108,12,283,25.782,90.057,1.564,43.595,,,,,0
2026-10-10T04:00Z,2026-10-10T07:00Z,3560430,3,8.7,9.7,,,,h,9.7,,9.7,,0,0.001,857.768,4.111,0.173,,,0.108,14,283,26.911,81.579,3.131,62.487,,,,,0
2026-10-10T04:00Z,2026-10-10T10:00Z,3560430,6,8.1,8.9,,,,h,8.9,,9,,0,0,419.904,2.981,0.55,,,0.108,17,283,25.849,87.642,2.072,51.537,,,,,0
2026-10-10T04:00Z,2026-10-10T16:00Z,3560430,12,16.3,17.7,,,,h,17.7,,17.8,,0,0,81.706,1.883,0,,,0.108,23,283,24.069,94.242,0.608,85.564,,,,,0
2026-10-10T04:00Z,2026-10-11T04:00Z,3560430,24,10.9,11.6,,,,h,11.6,,11.8,,0,0.001,916.244,2.328,0.04,,,0.108,11,284,28.756,67.296,1.789,101.18,,,,,0
2026-10-10T04:00Z,2026-10-12T04:00Z,3560430,48,27.5,28.6,,,,h,28.6,,28.6,,0,0.002,819.102,1.978,0.014,,,0.108,11,285,28.546,68.609,1.568,114.222,,,,,0
2026-10-10T04:00Z,2026-10-10T05:00Z,3560431,1,14.6,16.9,16.1,18.7,26,h,16.9,26,16.9,26,0,0,382.579,0.983,0.149,23,26,0.144,12,283,24.188,91.491,0.702,18.271,,,,,0
2026-10-10T04:00Z,2026-10-10T07:00Z,3560431,3,6.4,7.5,15.7,18.3,25.9,h,7.5,25.9,7.5,25.9,0,0.007,867.135,3.942,0.278,23,26,0.144,14,283,26.022,82.511,3.054,48.471,,,,,0
2026-10-10T04:00Z,2026-10-10T10:00Z,3560431,6,5.5,6.4,14.9,17.4,25.5,h,6.4,25.5,6.5,25.5,0,0.008,299.48,2.982,2.085,23,26,0.144,17,283,24.456,91.463,1.59,66.492,,,,,0
2026-10-10T04:00Z,2026-10-10T16:00Z,3560431,12,5.9,6.7,12.8,14.8,23.8,h,6.7,23.8,6.7,23.8,0,0,66.044,2.158,0.102,23,26,0.144,23,283,22.903,94.656,0.528,152.084,,,,,0
2026-10-10T04:00Z,2026-10-11T04:00Z,3560431,24,11.9,13.1,7.1,8,21.3,h,13.1,21.3,13.3,21.3,0,0.002,989.367,2.886,0.004,23,26,0.144,11,284,27.349,72.519,2.246,108.153,,,,,0
2026-10-10T04:00Z,2026-10-12T04:00Z,3560431,48,21.6,22.8,16.8,18.1,23.2,h,22.8,23.2,22.8,23.2,0,0.001,798.245,2.595,0.098,23,26,0.144,11,285,28.009,70.446,2.032,110.302,,,,,0
2026-10-10T04:00Z,2026-10-10T05:00Z,3560513,1,5,7.7,15.8,23.6,28.8,h,7.7,28.8,7.7,28.8,0,0.001,431.961,1.895,0.4,14,28.8,0.383,12,283,21.798,87.192,1.182,60.901,,,,,0
2026-10-10T04:00Z,2026-10-10T07:00Z,3560513,3,3.3,5.1,15.3,22.9,28.6,h,5.1,28.6,5.1,28.6,0,0.001,603.824,1.731,0.327,14,28.8,0.383,14,283,22.808,83.936,1.149,48.627,,,,,0
2026-10-10T04:00Z,2026-10-10T10:00Z,3560513,6,1.9,3,14.3,21.4,28.2,h,3,28.2,3,28.2,0,0.001,200.793,2.32,0.038,14,28.8,0.383,17,283,21.269,89.228,1.181,50.996,,,,,0
2026-10-10T04:00Z,2026-10-10T16:00Z,3560513,12,2.1,3.2,11.3,16.9,25.5,h,3.2,25.5,3.2,25.5,0,0.001,63.857,2.151,0,14,28.8,0.383,23,283,18.901,92.208,1.208,70.686,,,,,0
2026-10-10T04:00Z,2026-10-11T04:00Z,3560513,24,13.6,17.3,5.1,7,23.1,h,17.3,23.1,17.6,23.1,0,0.002,1078.767,0.888,0.041,14,28.8,0.383,11,284,25.12,62.796,0.519,65.36,,,,,0
2026-10-10T04:00Z,2026-10-12T04:00Z,3560513,48,19.6,22.6,15.5,18.5,25.2,h,22.6,25.2,22.6,25.2,0,0.007,996.126,0.663,0,14,28.8,0.383,11,285,25.347,61.305,0.639,233.785,,,,,0
2026-10-10T04:00Z,2026-10-10T05:00Z,3560514,1,10.9,25.2,16.5,38.7,36.9,h,25.2,36.9,25.2,36.9,0,0.001,493.447,1.922,0.492,32.8,36.9,0.822,12,283,21.829,86.603,1.259,60.699,,,,,0
2026-10-10T04:00Z,2026-10-10T07:00Z,3560514,3,7.8,17.7,16,37.5,36.9,h,17.7,36.9,17.7,36.9,0,0,545.364,2.135,0.319,32.8,36.9,0.822,14,283,22.142,85.594,1.472,52.951,,,,,0
2026-10-10T04:00Z,2026-10-10T10:00Z,3560514,6,5.6,12.4,15,35.1,36.8,h,12.4,36.8,12.5,36.8,0,0,268.667,2.393,0,32.8,36.9,0.822,17,283,21.298,86.191,1.444,56.261,,,,,0
2026-10-10T04:00Z,2026-10-10T16:00Z,3560514,12,5.4,11,12,27.7,34.8,h,11,34.8,11,34.8,0,0,103.909,2.358,0,32.8,36.9,0.822,23,283,19.157,91.586,1.152,61.892,,,,,0
2026-10-10T04:00Z,2026-10-11T04:00Z,3560514,24,13.4,22.5,6.9,13.9,30.9,h,22.5,30.9,22.8,30.9,0,0.003,1013.773,0.841,0.023,32.8,36.9,0.822,11,284,24.814,61.153,0.539,58.836,,,,,0
2026-10-10T04:00Z,2026-10-12T04:00Z,3560514,48,24,32.6,18.2,26.9,33.4,h,32.6,33.4,32.6,33.4,0,0.006,982.982,0.573,0,32.8,36.9,0.822,11,285,25.233,56.744,0.527,180.216,,,,,0
2026-10-10T04:00Z,2026-10-10T05:00Z,3561013,1,11.4,10.3,,,,h,10.3,,10.3,,0,0,585.159,2.787,0.295,,,-0.105,12,283,24.325,83.015,1.989,44.303,,,,,0
2026-10-10T04:00Z,2026-10-10T07:00Z,3561013,3,8.5,7.7,,,,h,7.7,,7.7,,0,0,583.743,3.038,0.362,,,-0.105,14,283,24.588,82.421,2.252,49.17,,,,,0
2026-10-10T04:00Z,2026-10-10T10:00Z,3561013,6,6.5,5.9,,,,h,5.9,,6,,0,0,318.196,2.851,0,,,-0.105,17,283,23.965,85.355,1.803,55.73,,,,,0
2026-10-10T04:00Z,2026-10-10T16:00Z,3561013,12,6.3,5.8,,,,h,5.8,,5.8,,0,0,124.997,2.492,0,,,-0.105,23,283,21.86,90.789,1.089,63.366,,,,,0
2026-10-10T04:00Z,2026-10-11T04:00Z,3561013,24,13.9,13,,,,h,13,,13.2,,0,0.002,1020.577,1.435,0.013,,,-0.105,11,284,26.867,61.111,1.072,60.67,,,,,0
2026-10-10T04:00Z,2026-10-12T04:00Z,3561013,48,26.3,25.3,,,,h,25.3,,25.3,,0,0.005,891.238,0.281,0,,,-0.105,11,285,27.192,60.732,0.127,81.846,,,,,0
2026-10-10T04:00Z,2026-10-10T05:00Z,3562555,1,17,6.8,13,4.9,8.3,h,6.8,8.3,6.8,8.3,0,0.055,956.595,4.643,0.321,9,8.3,-0.875,12,283,26.686,64.879,3.353,45.695,,,,,0
2026-10-10T04:00Z,2026-10-10T07:00Z,3562555,3,13.3,5.4,13.7,5.2,8.3,h,5.4,8.3,5.4,8.3,0,0.021,652.7,3.5,0.439,9,8.3,-0.875,14,283,25.034,76.978,2.396,26.797,,,,,0
2026-10-10T04:00Z,2026-10-10T10:00Z,3562555,6,10.2,4.3,14.3,5.5,8.3,h,4.3,8.3,4.3,8.3,0,0.005,259.06,2.257,0.586,9,8.3,-0.875,17,283,22.968,95.097,1.179,50.85,,,,,0
2026-10-10T04:00Z,2026-10-10T16:00Z,3562555,12,9.3,4.3,14.6,5.8,7.9,h,4.3,7.9,4.3,7.9,0,0.002,33.994,1.496,0.185,9,8.3,-0.875,23,283,21.632,99.053,0.556,38.643,,,,,0
2026-10-10T04:00Z,2026-10-11T04:00Z,3562555,24,13.1,7.4,10.7,5,7.4,h,7.4,7.4,7.5,7.4,0,0.001,921.337,2.993,0,9,8.3,-0.875,11,284,26.591,68.95,2.168,45.445,,,,,0
2026-10-10T04:00Z,2026-10-12T04:00Z,3562555,48,18,12.9,19.7,12.9,9.9,h,12.9,9.9,12.9,9.9,0,0.002,986.559,1.695,0,9,8.3,-0.875,11,285,27.24,62.427,1.195,34.929,,,,,0
2026-10-10T04:00Z,2026-10-10T05:00Z,3562556,1,14.4,19.5,35.1,47.5,41.9,h,19.5,41.9,19.5,41.9,0,0.003,803.789,4.497,0.026,37.4,41.9,0.296,12,283,23.407,76.215,3.037,78.486,,,,,0
2026-10-10T04:00Z,2026-10-10T07:00Z,3562556,3,16.1,21.5,34.6,46.8,41.8,h,21.5,41.8,21.5,41.8,0,0.006,654.482,3.823,0.086,37.4,41.9,0.296,14,283,23.214,77.177,2.671,78.458,,,,,0
2026-10-10T04:00Z,2026-10-10T10:00Z,3562556,6,19.1,25,33.8,45.6,41.6,h,25,41.6,25.2,41.6,0,0.012,453.758,3.217,0.165,37.4,41.9,0.296,17,283,21.938,82.025,1.939,71.612,,,,,0
2026-10-10T04:00Z,2026-10-10T16:00Z,3562556,12,22.9,29,30.2,40.4,40.2,h,29,40.2,29.1,40.2,0,0.013,59.834,1.484,0,37.4,41.9,0.296,23,283,19.896,91.316,0.713,72.54,,,,,0
2026-10-10T04:00Z,2026-10-11T04:00Z,3562556,24,18.6,22.4,19.1,24.1,37.3,h,22.4,37.3,22.7,37.3,0,0.016,1304.215,3.485,0,37.4,41.9,0.296,11,284,25.798,58.637,2.428,85.402,,,,,0
2026-10-10T04:00Z,2026-10-12T04:00Z,3562556,48,27.2,30.4,25.1,28.7,37.3,h,30.4,37.3,30.4,37.3,0,0.018,1142.324,2.056,0,37.4,41.9,0.296,11,285,26.148,59.579,1.417,98.418,,,,,0
2026-10-10T04:00Z,2026-10-10T05:00Z,3562557,1,5,7.7,,,,h,7.7,,7.7,,0,0.003,329.943,1.358,0.395,,,0.619,12,283,22.114,88.694,0.811,46.598,,,,,0
2026-10-10T04:00Z,2026-10-10T07:00Z,3562557,3,3.3,5.2,,,,h,5.2,,5.2,,0,0.002,543.81,1.3,0.438,,,0.619,14,283,23.342,84.973,0.902,21.934,,,,,0
2026-10-10T04:00Z,2026-10-10T10:00Z,3562557,6,1.9,3.1,,,,h,3.1,,3.1,,0,0.001,121.865,2.053,0.012,,,0.619,17,283,21.902,91.281,0.989,42.738,,,,,0
2026-10-10T04:00Z,2026-10-10T16:00Z,3562557,12,2.1,3.2,,,,h,3.2,,3.2,,0,0.001,46.744,2.008,0,,,0.619,23,283,19.257,93.075,1.25,73.299,,,,,0
2026-10-10T04:00Z,2026-10-11T04:00Z,3562557,24,13.6,17.4,,,,h,17.4,,17.7,,0,0.001,1081.087,0.318,0.061,,,0.619,11,284,25.711,64.109,0.187,26.792,,,,,0
2026-10-10T04:00Z,2026-10-12T04:00Z,3562557,48,19.6,22.7,,,,h,22.7,,22.7,,0,0.006,950.925,1.454,0,,,0.619,11,285,25.701,65.811,1.216,261.201,,,,,0
2026-10-10T04:00Z,2026-10-10T05:00Z,3567155,1,7.3,9.2,19.2,24,25.7,h,9.2,25.7,9.2,25.7,0,0,531.191,4.873,0.248,19.7,25.7,0.214,12,283,25.453,85.837,3.581,45.585,,,,,0
2026-10-10T04:00Z,2026-10-10T07:00Z,3567155,3,5.9,7.4,18.5,23.2,25.6,h,7.4,25.6,7.4,25.6,0,0,600.318,4.306,0.151,19.7,25.7,0.214,14,283,26.447,80.237,3.245,47.012,,,,,0
2026-10-10T04:00Z,2026-10-10T10:00Z,3567155,6,6,7.4,17.5,21.8,25.5,h,7.4,25.5,7.5,25.5,0,0,480.11,3.367,0,19.7,25.7,0.214,17,283,25.898,84.85,2.282,56.052,,,,,0
2026-10-10T04:00Z,2026-10-10T16:00Z,3567155,12,3.6,4.4,13.7,17.1,23.8,h,4.4,23.8,4.4,23.8,0,0,362.099,5.454,0,19.7,25.7,0.214,23,283,24.36,79.252,2.79,76.297,,,,,0
2026-10-10T04:00Z,2026-10-11T04:00Z,3567155,24,14.6,16.7,6.6,7.9,21.1,h,16.7,21.1,16.9,21.1,0,0.001,1062.884,3.583,0.017,19.7,25.7,0.214,11,284,28.861,60.362,2.774,70.258,,,,,0
2026-10-10T04:00Z,2026-10-12T04:00Z,3567155,48,27.1,29.3,21.5,23.7,25,h,29.3,25,29.3,25,0,0.003,815.614,2.232,0,19.7,25.7,0.214,11,285,28.699,63.635,1.771,72.411,,,,,0
2026-10-10T04:00Z,2026-10-10T05:00Z,3567156,1,21.7,26,18.4,22.2,21.5,h,26,21.5,26,21.5,0,0,958.865,4.641,0.179,34.4,21.5,0.18,12,283,23.508,69.541,3.15,81.467,,,,,0
2026-10-10T04:00Z,2026-10-10T07:00Z,3567156,3,18,21.4,19.2,23.1,21.6,h,21.4,21.6,21.4,21.6,0,0.001,958.536,3.222,0.012,34.4,21.5,0.18,14,283,24.33,67.369,2.202,75.548,,,,,0
2026-10-10T04:00Z,2026-10-10T10:00Z,3567156,6,16.5,19.5,19.9,24,21.7,h,19.5,21.7,19.7,21.7,0,0.002,540.04,4.669,0.046,34.4,21.5,0.18,17,283,22.826,75.823,2.577,83.034,,,,,0
2026-10-10T04:00Z,2026-10-10T16:00Z,3567156,12,22.5,26,21,25.1,22,h,26,22,26.1,22,0,0.003,117.683,3.788,0,34.4,21.5,0.18,23,283,19.949,85.174,1.716,97.173,,,,,0
2026-10-10T04:00Z,2026-10-11T04:00Z,3567156,24,14.3,16,20.4,23.6,22,h,16,22,16.2,22.1,0,0.002,1109.049,3.731,0.005,34.4,21.5,0.18,11,284,25.363,61.057,2.704,86.714,,,,,0
2026-10-10T04:00Z,2026-10-12T04:00Z,3567156,48,14.7,15.8,16,17.5,20.1,h,15.8,20.1,15.8,20.1,0,0.006,1009.557,2.101,0,34.4,21.5,0.18,11,285,26.265,52.758,1.583,89.349,,,,,0
2026-10-10T04:00Z,2026-10-10T05:00Z,3567157,1,17.8,19.1,10.4,11.2,15,h,19.1,15,19.1,15,0,0.003,1343.094,5.437,0.051,18.4,15,0.072,12,283,27.058,59.717,3.817,72.935,,,,,0
2026-10-10T04:00Z,2026-10-10T07:00Z,3567157,3,15.2,16.3,11.5,12.4,15.1,h,16.3,15.1,16.3,15.1,0,0,1049.449,6.915,0.376,18.4,15,0.072,14,283,26.441,62.949,4.815,77.33,,,,,0
2026-10-10T04:00Z,2026-10-10T10:00Z,3567157,6,10.3,11,12.5,13.5,15.2,h,11,15.2,11.1,15.2,0,0,693.353,5.132,0,18.4,15,0.072,17,283,24.281,72.871,2.925,70.173,,,,,0
2026-10-10T04:00Z,2026-10-10T16:00Z,3567157,12,10.5,11.1,13.4,14.4,14.8,h,11.1,14.8,11.1,14.8,0,0.003,66.135,2.678,0,18.4,15,0.072,23,283,21.278,88.423,0.955,44.417,,,,,0
2026-10-10T04:00Z,2026-10-11T04:00Z,3567157,24,14.3,15,11.4,12.1,14.2,h,15,14.2,15.2,14.3,0,0.001,1150.065,3.059,0,18.4,15,0.072,11,284,26.522,63.283,2.226,67.17,,,,,0
2026-10-10T04:00Z,2026-10-12T04:00Z,3567157,48,12.4,12.8,15.9,16.5,15.5,h,12.8,15.5,12.8,15.5,0,0.002,1151.434,1.551,0,18.4,15,0.072,11,285,27.564,60.275,1.145,57.838,,,,,0
2026-10-10T04:00Z,2026-10-10T05:00Z,3567158,1,17.2,32.1,7.3,14.5,13.8,h,32.1,13.8,32.1,13.8,0,0.038,1375.158,4.616,0.046,20.9,13.8,0.624,12,283,27.705,57.573,3.317,71.811,,,,,0
2026-10-10T04:00Z,2026-10-10T07:00Z,3567158,3,15.3,27.9,8.5,16.5,14,h,27.9,14,27.9,14,0,0.019,1185.011,4.751,0.371,20.9,13.8,0.624,14,283,27.398,62.485,3.454,66.089,,,,,0
2026-10-10T04:00Z,2026-10-10T10:00Z,3567158,6,9.1,16.3,9.5,18.2,14.3,h,16.3,14.3,16.4,14.3,0,0.007,159.789,0.585,0.441,20.9,13.8,0.624,17,283,23.338,89.294,0.316,125.264,,,,,0
2026-10-10T04:00Z,2026-10-10T16:00Z,3567158,12,8.6,14.4,10.3,19.1,15.2,h,14.4,15.2,14.5,15.2,0,0.005,36.409,0.942,0.45,20.9,13.8,0.624,23,283,21.562,94.203,0.376,111.051,,,,,0
2026-10-10T04:00Z,2026-10-11T04:00Z,3567158,24,9.7,14.5,9.4,16,14.4,h,14.5,14.4,14.7,14.4,0,0.005,970.667,2.144,0.023,20.9,13.8,0.624,11,284,25.979,72.073,1.574,56.07,,,,,0
2026-10-10T04:00Z,2026-10-12T04:00Z,3567158,48,14.6,18.5,13.4,18.2,15.3,h,18.5,15.3,18.5,15.3,0,0.001,816.822,1.233,0.044,20.9,13.8,0.624,11,285,26.716,66.859,0.958,90.657,,,,,0
2026-10-10T04:00Z,2026-10-10T05:00Z,3567159,1,12.5,30.9,10.4,26.8,34.8,h,30.9,34.8,30.9,34.8,0,0.005,593.63,2.133,0.394,27.2,34.8,0.897,12,283,25.172,87.61,1.498,51.547,,,,,0
2026-10-10T04:00Z,2026-10-10T07:00Z,3567159,3,10.1,24.3,10.9,27.9,34.9,h,24.3,34.9,24.3,34.9,0,0.002,694.409,3.24,0.238,27.2,34.8,0.897,14,283,25.977,82.546,2.426,59.909,,,,,0
2026-10-10T04:00Z,2026-10-10T10:00Z,3567159,6,9.9,22.7,11.5,29.1,35,h,22.7,35,22.9,35,0,0.001,288.456,2.568,0.535,27.2,34.8,0.897,17,283,24.778,90.584,1.69,53.154,,,,,0
2026-10-10T04:00Z,2026-10-10T16:00Z,3567159,12,14.5,29.7,12.3,29.7,33.9,h,29.7,33.9,29.8,33.9,0,0.001,138.098,2.67,0,27.2,34.8,0.897,23,283,23.135,92.114,1.179,76.539,,,,,0
2026-10-10T04:00Z,2026-10-11T04:00Z,3567159,24,7,12.6,12.2,25.3,32.3,h,12.6,32.3,12.8,32.4,0,0.001,957.01,1.997,0.018,27.2,34.8,0.897,11,284,28.13,65.915,1.517,93.239,,,,,0
2026-10-10T04:00Z,2026-10-12T04:00Z,3567159,48,16.2,22.8,10.6,16.3,28.3,h,22.8,28.3,22.8,28.3,0,0.002,846.508,1.551,0.001,27.2,34.8,0.897,11,285,27.978,66.418,1.238,111.104,,,,,0
2026-10-10T04:00Z,2026-10-10T05:00Z,3567160,1,1.4,3.2,3.6,7.3,14.5,h,3.2,14.5,3.2,14.5,0,0,1178.672,4.493,0.264,0.7,14.6,0.582,12,283,30.016,70.301,3.386,53.279,,,,,0
2026-10-10T04:00Z,2026-10-10T07:00Z,3567160,3,1.6,3.4,3.3,6.6,14.3,h,3.4,14.3,3.4,14.3,0,0,901.385,5.389,1.126,0.7,14.6,0.582,14,283,29.149,74.779,4.044,68.147,,,,,0
2026-10-10T04:00Z,2026-10-10T10:00Z,3567160,6,2.2,4.3,2.7,5.6,13.9,h,4.3,13.9,4.3,13.9,0,0,606.662,6.106,0.539,0.7,14.6,0.582,17,283,26.274,88.285,3.684,47.187,,,,,0
2026-10-10T04:00Z,2026-10-10T16:00Z,3567160,12,3.5,6,1.6,3.4,12.4,h,6,12.4,6,12.4,0,0,590.387,7.724,0,0.7,14.6,0.582,23,283,24.361,87.731,4.325,52.442,,,,,0
2026-10-10T04:00Z,2026-10-11T04:00Z,3567160,24,5.1,7.6,4.4,7.2,12.2,h,7.6,12.2,7.7,12.2,0,0.002,1174.013,7.861,0.015,0.7,14.6,0.582,11,284,29.329,65.896,5.669,55.836,,,,,0
2026-10-10T04:00Z,2026-10-12T04:00Z,3567160,48,14.3,17.9,15.6,20.5,17.6,h,17.9,17.6,17.9,17.6,0,0.002,1183.171,7.074,0.015,0.7,14.6,0.582,11,285,29.892,66.01,5.244,63.348,,,,,0
2026-10-10T04:00Z,2026-10-10T05:00Z,3567161,1,3.4,3.8,5,5.5,7,h,3.8,7,3.8,7,0,0,1074.912,2.951,0.236,4,7,0.083,12,283,28.477,70.63,2.069,47.777,,,,,0
2026-10-10T04:00Z,2026-10-10T07:00Z,3567161,3,3.4,3.7,5,5.6,7,h,3.7,7,3.7,7,0,0,583.538,2.904,2.156,4,7,0.083,14,283,26.178,82.577,1.922,58.521,,,,,0
2026-10-10T04:00Z,2026-10-10T10:00Z,3567161,6,3.8,4.2,5.2,5.7,6.8,h,4.2,6.8,4.2,6.8,0,0,520.142,4.097,0.082,4,7,0.083,17,283,24.877,88.974,2.315,35.431,,,,,0
2026-10-10T04:00Z,2026-10-10T16:00Z,3567161,12,5.6,6,5.1,5.6,6.6,h,6,6.6,6,6.6,0,0,204.204,3.409,0.017,4,7,0.083,23,283,22.297,95.454,1.554,29.9,,,,,0
2026-10-10T04:00Z,2026-10-11T04:00Z,3567161,24,2.1,2.3,3.9,4.2,6.1,h,2.3,6.1,2.3,6.1,0,0,934.998,4.603,0.244,4,7,0.083,11,284,27.421,71.053,3.139,46.514,,,,,0
2026-10-10T04:00Z,2026-10-12T04:00Z,3567161,48,2.7,2.8,6.3,6.6,6.8,h,2.8,6.8,2.8,6.8,0,0,908.709,4.543,0.058,4,7,0.083,11,285,27.761,71.279,3.146,41.746,,,,,0
2026-10-10T04:00Z,2026-10-10T05:00Z,3572812,1,17.1,28.7,12.1,20.9,29.4,h,28.7,29.4,28.7,29.4,0,0.006,1191.728,4.54,0.001,32.9,29.4,0.517,12,283,25.195,57.957,3.192,91.659,,,,,0
2026-10-10T04:00Z,2026-10-10T07:00Z,3572812,3,15.8,26,13.1,22.5,29.5,h,26,29.5,26,29.5,0,0.003,1080.44,4.056,0.001,32.9,29.4,0.517,14,283,24.793,60.688,2.826,92.315,,,,,0
2026-10-10T04:00Z,2026-10-10T10:00Z,3572812,6,11.8,19,14.1,23.9,29.6,h,19,29.6,19.2,29.6,0,0.002,256.656,2.36,0.104,32.9,29.4,0.517,17,283,22.217,80.405,1.17,98.691,,,,,0
2026-10-10T04:00Z,2026-10-10T16:00Z,3572812,12,13.7,20.8,14.8,24.7,28.3,h,20.8,28.3,20.9,28.3,0,0.002,172.5,3.513,0,32.9,29.4,0.517,23,283,20.318,83.943,1.408,94.533,,,,,0
2026-10-10T04:00Z,2026-10-11T04:00Z,3572812,24,12.8,17.8,13.5,20.6,27.1,h,17.8,27.1,18.1,27.2,0,0.002,1103.549,3.416,0.033,32.9,29.4,0.517,11,284,25.431,60.13,2.464,92.704,,,,,0
2026-10-10T04:00Z,2026-10-12T04:00Z,3572812,48,11.4,13.9,13,16.7,25,h,13.9,25,13.9,25,0,0.004,1130.876,2.576,0,32.9,29.4,0.517,11,285,26.412,53.143,1.867,86.671,,,,,0
2026-10-10T04:00Z,2026-10-10T05:00Z,3572813,1,18.8,27.8,12.9,19.5,24.8,h,27.8,24.8,27.8,24.8,0,0,1105.371,6.615,0.001,22.8,24.8,0.389,12,283,23.216,61.782,4.561,84.019,,,,,0
2026-10-10T04:00Z,2026-10-10T07:00Z,3572813,3,17.2,25,14.1,21.2,24.9,h,25,24.9,25,24.9,0,0,780.53,5.063,0.078,22.8,24.8,0.389,14,283,21.385,72.322,3.495,81.274,,,,,0
2026-10-10T04:00Z,2026-10-10T10:00Z,3572813,6,12.1,17.3,15.2,22.7,25.2,h,17.3,25.2,17.4,25.2,0,0,387.84,2.858,0.003,22.8,24.8,0.389,17,283,20.321,82.831,1.751,68.558,,,,,0
2026-10-10T04:00Z,2026-10-10T16:00Z,3572813,12,12,16.5,15.7,23.2,24.8,h,16.5,24.8,16.6,24.8,0,0,52.045,2.45,0,22.8,24.8,0.389,23,283,18.237,93.241,0.646,76.894,,,,,0
2026-10-10T04:00Z,2026-10-11T04:00Z,3572813,24,14.8,18.9,13.3,18.4,23.1,h,18.9,23.1,19.2,23.2,0,0.001,1149.998,3.823,0,22.8,24.8,0.389,11,284,23.862,60.694,2.763,74.928,,,,,0
2026-10-10T04:00Z,2026-10-12T04:00Z,3572813,48,11.6,13.5,15.2,18.3,22.5,h,13.5,22.5,13.5,22.5,0,0.004,1004.419,2.832,0,22.8,24.8,0.389,11,285,24.406,57.987,2.133,67.68,,,,,0
2026-10-10T04:00Z,2026-10-10T05:00Z,3572814,1,2.8,0.9,2.2,0.5,0.4,h,0.9,0.4,0.9,0.4,0,0,884.273,3.268,0.326,0,0.4,-0.747,12,283,24.524,74.686,2.213,59.97,,,,,0
2026-10-10T04:00Z,2026-10-10T07:00Z,3572814,3,4.3,1.7,2.4,0.6,0.4,h,1.7,0.4,1.7,0.4,0,0,852.192,3.042,0.281,0,0.4,-0.747,14,283,23.997,74.946,2.017,65.587,,,,,0
2026-10-10T04:00Z,2026-10-10T10:00Z,3572814,6,5,2.1,2.7,0.8,0.4,h,2.1,0.4,2.1,0.4,0,0,591.729,4.394,0.125,0,0.4,-0.747,17,283,21.862,85.696,2.378,46.585,,,,,0
2026-10-10T04:00Z,2026-10-10T16:00Z,3572814,12,0.6,0,2.7,0.9,0.5,h,0,0.5,0,0.5,0,0,186.659,3.5,0.183,0,0.4,-0.747,23,283,19.617,93.689,1.892,23.761,,,,,0
2026-10-10T04:00Z,2026-10-11T04:00Z,3572814,24,2.3,1.1,2.1,0.8,0.5,h,1.1,0.5,1.1,0.5,0,0,813.302,4.532,0.878,0,0.4,-0.747,11,284,23.546,77.389,3.033,50.706,,,,,0
2026-10-10T04:00Z,2026-10-12T04:00Z,3572814,48,0.6,0.2,2.5,1.5,0.9,h,0.2,0.9,0.2,0.9,0,0,954.32,4.742,0.069,0,0.4,-0.747,11,285,24.903,72.206,3.263,54.013,,,,,0
2026-10-10T04:00Z,2026-10-10T05:00Z,3585655,1,12.7,25.6,7.8,16.5,19.6,h,25.6,19.6,25.6,19.6,0,0.02,254.88,2.659,1.028,26.1,19.6,0.692,12,283,23.207,93.677,1.789,114.664,,,,,0
2026-10-10T04:00Z,2026-10-10T07:00Z,3585655,3,12.1,23.8,8.4,17.7,19.7,h,23.8,19.7,23.8,19.7,0,0.009,789.533,2.715,0.162,26.1,19.6,0.692,14,283,25.141,86.831,1.926,90.798,,,,,0
2026-10-10T04:00Z,2026-10-10T10:00Z,3585655,6,7.5,14.5,9.1,18.9,20,h,14.5,20,14.6,20,0,0.002,400.291,3.356,0.421,26.1,19.6,0.692,17,283,23.962,91.947,2.088,71.433,,,,,0
2026-10-10T04:00Z,2026-10-10T16:00Z,3585655,12,9.9,17.5,9.6,19.3,19.4,h,17.5,19.4,17.6,19.4,0,0.001,82.933,2.312,0.069,26.1,19.6,0.692,23,283,22.245,97.339,0.896,82.972,,,,,0
2026-10-10T04:00Z,2026-10-11T04:00Z,3585655,24,6.1,9.7,9.3,16.6,18.8,h,9.7,18.8,9.9,18.9,0,0.002,772.16,2.773,0.198,26.1,19.6,0.692,11,284,26.483,75.084,2.045,103.376,,,,,0
2026-10-10T04:00Z,2026-10-12T04:00Z,3585655,48,16.1,20.9,10.2,14.3,17.7,h,20.9,17.7,20.9,17.7,0,0.001,993.109,2.566,0.114,26.1,19.6,0.692,11,285,27.825,68.134,1.871,113.4,,,,,0
2026-10-10T04:00Z,2026-10-10T05:00Z,3585656,1,17.8,20.8,8.8,10.4,12.2,h,20.8,12.2,20.8,12.2,0,0.074,1068.274,4.809,0.156,16.6,12.2,0.155,12,283,27.005,63.182,3.405,62.26,,,,,0
2026-10-10T04:00Z,2026-10-10T07:00Z,3585656,3,11.1,13,9.6,11.3,12.3,h,13,12.3,13,12.3,0,0.032,948.45,4.474,0.414,16.6,12.2,0.155,14,283,26.365,69.572,3.103,75.325,,,,,0
2026-10-10T04:00Z,2026-10-10T10:00Z,3585656,6,7.7,8.9,10.2,12,12.4,h,8.9,12.4,9,12.4,0,0.006,311.009,2.39,0.422,16.6,12.2,0.155,17,283,23.52,90.171,1.357,95.917,,,,,0
2026-10-10T04:00Z,2026-10-10T16:00Z,3585656,12,7.4,8.5,10.7,12.5,12.3,h,8.5,12.3,8.5,12.3,0,0.003,72.515,2.321,0.438,16.6,12.2,0.155,23,283,21.721,96.97,0.804,75.289,,,,,0
2026-10-10T04:00Z,2026-10-11T04:00Z,3585656,24,8.9,9.9,8.5,9.7,11.6,h,9.9,11.6,10.1,11.6,0,0.006,849.481,2.984,0.029,16.6,12.2,0.155,11,284,25.758,75.193,2.197,56.154,,,,,0
2026-10-10T04:00Z,2026-10-12T04:00Z,3585656,48,14.6,15.5,13.3,14.3,12.9,h,15.5,12.9,15.5,12.9,0,0.002,967.764,2.407,0.029,16.6,12.2,0.155,11,285,27.635,64.985,1.814,59.366,,,,,0
2026-10-10T04:00Z,2026-10-10T05:00Z,3585657,1,9.7,24.6,11.5,29.9,26.6,h,24.6,26.6,24.6,26.6,0,0.002,543.705,3.025,0.348,30.4,26.6,0.909,12,283,24.954,87.442,2.157,48.678,,,,,0
2026-10-10T04:00Z,2026-10-10T07:00Z,3585657,3,7.7,19.1,11.7,30.3,26.7,h,19.1,26.7,19.1,26.7,0,0.001,640.18,3.417,0.237,30.4,26.6,0.909,14,283,25.868,82.18,2.549,53.761,,,,,0
2026-10-10T04:00Z,2026-10-10T10:00Z,3585657,6,6.5,15.5,11.5,29.6,26.7,h,15.5,26.7,15.6,26.7,0,0,341.837,2.823,0.337,30.4,26.6,0.909,17,283,24.863,89.087,1.846,55.138,,,,,0
2026-10-10T04:00Z,2026-10-10T16:00Z,3585657,12,10,21,10.3,25.6,26,h,21,26,21.1,26,0,0.001,217.777,3.754,0,30.4,26.6,0.909,23,283,23.167,87.749,1.864,76.389,,,,,0
2026-10-10T04:00Z,2026-10-11T04:00Z,3585657,24,6.2,11.4,8.7,18.4,24.5,h,11.4,24.5,11.6,24.5,0,0.001,1007.863,2.326,0.022,30.4,26.6,0.909,11,284,28.158,63.846,1.761,81.35,,,,,0
2026-10-10T04:00Z,2026-10-12T04:00Z,3585657,48,15.8,22.3,12.9,20,24.3,h,22.3,24.3,22.3,24.3,0,0.003,845.542,1.446,0,30.4,26.6,0.909,11,285,27.993,65.695,1.143,94.109,,,,,0
2026-10-10T04:00Z,2026-10-10T05:00Z,3585658,1,5.3,8.2,13.6,20.7,21.2,h,8.2,21.2,8.2,21.2,0,0.007,217.541,0.545,0.495,24,21.2,0.398,12,283,22.132,89.961,0.205,42.18,,,,,0
2026-10-10T04:00Z,2026-10-10T07:00Z,3585658,3,3.6,5.6,13.3,20.2,21.2,h,5.6,21.2,5.6,21.2,0,0.003,384.164,0.903,0.61,24,21.2,0.398,14,283,23.043,88.114,0.698,337.304,,,,,0
2026-10-10T04:00Z,2026-10-10T10:00Z,3585658,6,2.3,3.6,12.5,19,21,h,3.6,21,3.6,21,0,0.001,71.574,1.732,0.028,24,21.2,0.398,17,283,22.027,92.776,0.807,37.777,,,,,0
2026-10-10T04:00Z,2026-10-10T16:00Z,3585658,12,1.9,2.9,10.1,15.4,19.5,h,2.9,19.5,2.9,19.5,0,0.001,38.124,1.947,0,24,21.2,0.398,23,283,19.07,95.933,1.41,66.829,,,,,0
2026-10-10T04:00Z,2026-10-11T04:00Z,3585658,24,12.3,15.8,4,5.6,17.2,h,15.8,17.2,16,17.2,0,0.001,1054.179,0.938,0.082,24,21.2,0.398,11,284,25.857,65.643,0.869,275.137,,,,,0
2026-10-10T04:00Z,2026-10-12T04:00Z,3585658,48,16.5,19.1,13.3,16,19.4,h,19.1,19.4,19.1,19.4,0,0.005,928.97,2.353,0,24,21.2,0.398,11,285,25.7,69.276,1.9,264.197,,,,,0
2026-10-10T04:00Z,2026-10-10T05:00Z,3587757,1,11.3,16.7,9.3,14.1,20.3,h,16.7,20.3,16.7,20.3,0,0.038,1344.374,2.918,0.052,21.2,20.3,0.38,12,283,26.025,50.818,2.154,121.974,,,,,0
2026-10-10T04:00Z,2026-10-10T07:00Z,3587757,3,10.4,15.2,10,15,20.3,h,15.2,20.3,15.2,20.3,0,0.028,1184.67,2.689,0.053,21.2,20.3,0.38,14,283,25.28,55.158,1.928,135.704,,,,,0
2026-10-10T04:00Z,2026-10-10T10:00Z,3587757,6,12.7,18,10.9,16.2,20.3,h,18,20.3,18.1,20.3,0,0.017,364.589,2.749,0,21.2,20.3,0.38,17,283,23.522,70.068,1.241,147.741,,,,,0
2026-10-10T04:00Z,2026-10-10T16:00Z,3587757,12,15.2,20.6,12.6,18.3,19.8,h,20.6,19.8,20.7,19.8,0,0.01,20,1.633,0,21.2,20.3,0.38,23,283,19.926,82.47,0.532,133.687,,,,,0
2026-10-10T04:00Z,2026-10-11T04:00Z,3587757,24,11.1,14.2,13.9,18.8,19.9,h,14.2,19.9,14.4,20,0,0.004,1003.078,1.657,0.106,21.2,20.3,0.38,11,284,24.259,66.465,1.25,104.442,,,,,0
2026-10-10T04:00Z,2026-10-12T04:00Z,3587757,48,9.6,11.2,10.5,12.7,17.6,h,11.2,17.6,11.2,17.6,0,0.003,1258.25,1.48,0.003,21.2,20.3,0.38,11,285,25.908,58.136,1.042,113.961,,,,,0
2026-10-10T04:00Z,2026-10-10T05:00Z,3591604,1,11.3,13.4,7.1,8.6,14,h,13.4,14,13.4,14,0,0.014,1430.976,4.68,0.183,10.7,14,0.165,12,283,27.773,51.366,3.345,68.377,,,,,0
2026-10-10T04:00Z,2026-10-10T07:00Z,3591604,3,11,13,7.9,9.4,14,h,13,14,13,14,0,0.007,944.619,5.465,0.662,10.7,14,0.165,14,283,26.297,60.704,3.848,75.999,,,,,0
2026-10-10T04:00Z,2026-10-10T10:00Z,3591604,6,12,14,9,10.8,14.2,h,14,14.2,14.1,14.2,0,0.005,533.722,2.892,0.083,10.7,14,0.165,17,283,24.429,79.526,1.437,95.335,,,,,0
2026-10-10T04:00Z,2026-10-10T16:00Z,3591604,12,10.1,11.6,9.8,11.6,13.6,h,11.6,13.6,11.7,13.7,0,0.003,74.293,2.908,0,10.7,14,0.165,23,283,21.294,79.95,0.995,61.716,,,,,0
2026-10-10T04:00Z,2026-10-11T04:00Z,3591604,24,7.1,7.9,10.2,11.7,13.4,h,7.9,13.4,8,13.4,0,0.001,1009.78,2.295,0.01,10.7,14,0.165,11,284,25.516,70.323,1.684,41.806,,,,,0
2026-10-10T04:00Z,2026-10-12T04:00Z,3591604,48,14,14.9,14,15.2,14.4,h,14.9,14.4,14.9,14.4,0,0.001,908.011,1.563,0.01,10.7,14,0.165,11,285,26.711,61.366,1.111,64.273,,,,,0
2026-10-10T04:00Z,2026-10-10T05:00Z,3591605,1,10.2,10.1,28.8,28.5,31.9,h,10.1,31.9,10.1,31.9,0,0.001,820.72,5.161,0.017,13.5,31.9,-0.01,12,283,23.435,76.028,3.496,75.199,,,,,0
2026-10-10T04:00Z,2026-10-10T07:00Z,3591605,3,11.1,11,28.1,27.8,31.8,h,11,31.8,11,31.8,0,0.001,801.81,4.515,0.07,13.5,31.9,-0.01,14,283,23.91,74.676,3.14,78.921,,,,,0
2026-10-10T04:00Z,2026-10-10T10:00Z,3591605,6,14.4,14.3,27.2,26.9,31.5,h,14.3,31.5,14.4,31.5,0,0.002,522.036,4.155,0.21,13.5,31.9,-0.01,17,283,21.784,82.879,2.516,70.769,,,,,0
2026-10-10T04:00Z,2026-10-10T16:00Z,3591605,12,15.8,15.7,24,23.8,30,h,15.7,30,15.8,30,0,0.004,83.55,2.461,0,13.5,31.9,-0.01,23,283,19.877,90.779,1.272,76.28,,,,,0
2026-10-10T04:00Z,2026-10-11T04:00Z,3591605,24,17.1,17,15.6,15.5,27.6,h,17,27.6,17.3,27.7,0,0.009,1220.677,3.722,0,13.5,31.9,-0.01,11,284,25.575,60.377,2.585,81.913,,,,,0
2026-10-10T04:00Z,2026-10-12T04:00Z,3591605,48,24.4,24.3,21.4,21.3,28.2,h,24.3,28.2,24.3,28.2,0,0.014,1094.785,1.881,0,13.5,31.9,-0.01,11,285,26.17,59.123,1.274,93.565,,,,,0
2026-10-10T04:00Z,2026-10-10T05:00Z,3591606,1,13.4,12.9,9,8.6,8.7,h,12.9,8.7,12.9,8.7,0,0.017,291.096,2.268,0.809,12.9,8.7,-0.035,12,283,23.471,93.275,1.515,94.781,,,,,0
2026-10-10T04:00Z,2026-10-10T07:00Z,3591606,3,12.5,12.1,9.6,9.3,8.7,h,12.1,8.7,12.1,8.7,0,0.005,898.378,2.784,0.012,12.9,8.7,-0.035,14,283,25.766,83.423,2.091,65.435,,,,,0
2026-10-10T04:00Z,2026-10-10T10:00Z,3591606,6,11.1,10.7,10.5,10.1,8.8,h,10.7,8.8,10.8,8.8,0,0.001,614.288,3.286,0.163,12.9,8.7,-0.035,17,283,24.87,86.831,1.997,57.868,,,,,0
2026-10-10T04:00Z,2026-10-10T16:00Z,3591606,12,14.3,13.9,12,11.5,9.2,h,13.9,9.2,14,9.2,0,0.003,57.47,1.631,0.083,12.9,8.7,-0.035,23,283,22.726,97.392,0.658,71.39,,,,,0
2026-10-10T04:00Z,2026-10-11T04:00Z,3591606,24,7.3,7.1,12.4,12.1,9.6,h,7.1,9.6,7.2,9.6,0,0.004,788.228,2.417,0.272,12.9,8.7,-0.035,11,284,27.174,72.986,1.88,118.178,,,,,0
2026-10-10T04:00Z,2026-10-12T04:00Z,3591606,48,14.9,14.7,11.1,10.9,9.5,h,14.7,9.5,14.7,9.5,0,0.001,1130.483,2.963,0.004,12.9,8.7,-0.035,11,285,28.305,65.411,2.233,122.113,,,,,0
2026-10-10T04:00Z,2026-10-10T05:00Z,3591607,1,4,4.9,22.3,26.6,28.2,h,4.9,28.2,4.9,28.2,0,0.002,618.217,3.302,0.279,12.9,28.2,0.169,12,283,22.147,83.253,2.211,67.717,,,,,0
2026-10-10T04:00Z,2026-10-10T07:00Z,3591607,3,2.1,2.6,21.4,25.5,28.1,h,2.6,28.1,2.6,28.1,0,0.001,738.434,3.064,0.163,12.9,28.2,0.169,14,283,23.031,80.128,2.11,68.051,,,,,0
2026-10-10T04:00Z,2026-10-10T10:00Z,3591607,6,1.9,2.4,19.7,23.5,27.7,h,2.4,27.7,2.4,27.7,0,0.001,341.256,3.108,0.117,12.9,28.2,0.169,17,283,21.066,86.64,1.78,60.13,,,,,0
2026-10-10T04:00Z,2026-10-10T16:00Z,3591607,12,4.7,5.5,15,17.9,25.7,h,5.5,25.7,5.5,25.7,0,0.001,84.372,2.44,0,12.9,28.2,0.169,23,283,19.061,91.144,1.215,70.375,,,,,0
2026-10-10T04:00Z,2026-10-11T04:00Z,3591607,24,16.2,18,7.8,8.9,23.2,h,18,23.2,18.3,23.2,0,0.005,1112.421,2.291,0.014,12.9,28.2,0.169,11,284,24.953,61.348,1.571,74.663,,,,,0
2026-10-10T04:00Z,2026-10-12T04:00Z,3591607,48,25.1,26.7,21.3,23.1,26.4,h,26.7,26.4,26.7,26.4,0,0.01,1053.75,0.956,0,12.9,28.2,0.169,11,285,25.494,57.34,0.601,111.356,,,,,0
2026-10-10T04:00Z,2026-10-10T05:00Z,3591609,1,15.9,16.2,9.3,9.5,12,h,16.2,12,16.2,12,0,0.023,386.655,0.824,0.618,19.4,12,0.016,12,283,23.97,85.497,0.442,99.647,,,,,0
2026-10-10T04:00Z,2026-10-10T07:00Z,3591609,3,14.2,14.4,10.3,10.5,12.1,h,14.4,12.1,14.4,12.1,0,0.008,433.77,0.802,0.525,19.4,12,0.016,14,283,24.054,87.931,0.535,47.677,,,,,0
2026-10-10T04:00Z,2026-10-10T10:00Z,3591609,6,12.7,12.9,11.5,11.7,12.2,h,12.9,12.2,13,12.2,0,0.002,112.19,1.371,0.249,19.4,12,0.016,17,283,23.175,93.107,0.655,43.73,,,,,0
2026-10-10T04:00Z,2026-10-10T16:00Z,3591609,12,14,14.2,13.5,13.7,12.4,h,14.2,12.4,14.3,12.4,0,0.001,66.774,1.926,0,19.4,12,0.016,23,283,20.828,96.582,1.073,62.02,,,,,0
2026-10-10T04:00Z,2026-10-11T04:00Z,3591609,24,5.3,5.4,11.7,11.8,12,h,5.4,12,5.5,12,0,0.001,980.986,0.291,0.045,19.4,12,0.016,11,284,26.843,66.473,0.331,201.801,,,,,0
2026-10-10T04:00Z,2026-10-12T04:00Z,3591609,48,9.6,9.7,8.7,8.8,10.9,h,9.7,10.9,9.7,10.9,0,0.003,934.075,0.788,0,19.4,12,0.016,11,285,26.764,66.22,0.661,220.446,,,,,0
2026-10-10T04:00Z,2026-10-10T05:00Z,3591610,1,1.7,1.9,1.3,1.4,3.2,h,1.9,3.2,1.9,3.2,0,0,1344.061,3.055,0.158,0.5,3.2,0.063,12,283,29.833,67.592,2.16,54.881,,,,,0
2026-10-10T04:00Z,2026-10-10T07:00Z,3591610,3,1.8,2,1.3,1.5,3.2,h,2,3.2,2,3.2,0,0,446.478,3.484,4.055,0.5,3.2,0.063,14,283,25.64,91.687,2.319,58.832,,,,,0
2026-10-10T04:00Z,2026-10-10T10:00Z,3591610,6,2.3,2.5,1.5,1.6,3.2,h,2.5,3.2,2.5,3.2,0,0,524.201,4.522,0.161,0.5,3.2,0.063,17,283,25.214,92.806,2.481,38.336,,,,,0
2026-10-10T04:00Z,2026-10-10T16:00Z,3591610,12,0.3,0.4,1.4,1.6,3,h,0.4,3,0.4,3,0,0,225.54,4.298,0,0.5,3.2,0.063,23,283,22.581,96.426,1.835,38.102,,,,,0
2026-10-10T04:00Z,2026-10-11T04:00Z,3591610,24,2.4,2.5,1.2,1.3,2.6,h,2.5,2.6,2.5,2.6,0,0.001,1078.977,5.312,0.083,0.5,3.2,0.063,11,284,28.393,67.784,3.572,47.744,,,,,0
2026-10-10T04:00Z,2026-10-12T04:00Z,3591610,48,4.6,4.7,8.5,8.8,6,h,4.7,6,4.7,6,0,0.001,888.491,5.49,0.081,0.5,3.2,0.063,11,285,27.766,73.219,3.722,41.758,,,,,0
2026-10-10T04:00Z,2026-10-10T05:00Z,3591611,1,3.8,5,4.2,5.6,6.5,h,5,6.5,5,6.5,0,0,918.004,2.399,0.221,4.9,6.5,0.233,12,283,29.108,72.834,1.732,29.215,,,,,0
2026-10-10T04:00Z,2026-10-10T07:00Z,3591611,3,3.3,4.3,4.4,5.8,6.5,h,4.3,6.5,4.3,6.5,0,0,413.264,1.8,2.083,4.9,6.5,0.233,14,283,26.955,84.533,1.173,56.563,,,,,0
2026-10-10T04:00Z,2026-10-10T10:00Z,3591611,6,3.1,4,4.5,6,6.5,h,4,6.5,4,6.5,0,0,396.518,3.14,0.077,4.9,6.5,0.233,17,283,25.968,89.273,1.907,24.904,,,,,0
2026-10-10T04:00Z,2026-10-10T16:00Z,3591611,12,2.8,3.5,4.5,5.9,6.2,h,3.5,6.2,3.5,6.2,0,0,124.203,2.236,0.045,4.9,6.5,0.233,23,283,23.103,96.983,0.935,27.098,,,,,0
2026-10-10T04:00Z,2026-10-11T04:00Z,3591611,24,1.5,1.9,2.7,3.4,5.5,h,1.9,5.5,1.9,5.5,0,0,786.965,3.67,0.315,4.9,6.5,0.233,11,284,28.216,72.996,2.618,42.409,,,,,0
2026-10-10T04:00Z,2026-10-12T04:00Z,3591611,48,3.9,4.3,6.3,7.1,6.8,h,4.3,6.8,4.3,6.8,0,0,803.896,3.326,0.084,4.9,6.5,0.233,11,285,28.67,72.291,2.425,28.289,,,,,0
2026-10-10T04:00Z,2026-10-10T05:00Z,3597971,1,10.2,18.4,28.8,52.3,46.1,h,18.4,46.1,18.4,46.1,0,0.001,851.506,5.204,0.006,67.7,46.1,0.583,12,283,23.473,73.928,3.517,82.456,,,,,0
2026-10-10T04:00Z,2026-10-10T07:00Z,3597971,3,11.1,19.5,28.1,51,46,h,19.5,46,19.5,46,0,0.003,710.445,4.416,0.065,67.7,46.1,0.583,14,283,23.283,75.169,3.062,82.614,,,,,0
2026-10-10T04:00Z,2026-10-10T10:00Z,3597971,6,14.4,24.2,27.2,49.1,45.7,h,24.2,45.7,24.4,45.7,0,0.007,530.495,3.803,0.173,67.7,46.1,0.583,17,283,21.736,80.657,2.328,77.075,,,,,0
2026-10-10T04:00Z,2026-10-10T16:00Z,3597971,12,15.8,25,24,42.6,44,h,25,44,25.1,44,0,0.008,66.45,1.813,0,67.7,46.1,0.583,23,283,19.836,90.369,0.958,80.823,,,,,0
2026-10-10T04:00Z,2026-10-11T04:00Z,3597971,24,17.1,24.4,15.6,24.4,40.5,h,24.4,40.5,24.8,40.5,0,0.012,1277.003,3.68,0,67.7,46.1,0.583,11,284,25.479,59.179,2.547,88.967,,,,,0
2026-10-10T04:00Z,2026-10-12T04:00Z,3597971,48,24.4,30.2,21.4,28,39.8,h,30.2,39.8,30.2,39.8,0,0.016,1118.827,1.929,0,67.7,46.1,0.583,11,285,25.869,59.964,1.313,101.251,,,,,0
2026-10-10T04:00Z,2026-10-10T05:00Z,3597972,1,13.4,34.2,37,95.4,47.1,h,34.2,47.1,34.2,47.1,0,0.006,685.455,3.159,0.128,56.7,47.1,0.932,12,283,22.304,87.884,2.163,60.149,,,,,0
2026-10-10T04:00Z,2026-10-10T07:00Z,3597972,3,15.8,38.6,36.1,92.9,47.2,h,38.6,47.2,38.7,47.2,0,0.011,426.049,2.463,0.228,56.7,47.1,0.932,14,283,22.136,88.446,1.71,57.798,,,,,0
2026-10-10T04:00Z,2026-10-10T10:00Z,3597972,6,21.4,49.1,34.2,87.5,47.4,h,49.1,47.4,49.5,47.4,0,0.021,288.312,2.455,0.239,56.7,47.1,0.932,17,283,21.365,90.401,1.444,38.276,,,,,0
2026-10-10T04:00Z,2026-10-10T16:00Z,3597972,12,20.2,42.2,27.6,68.2,47.5,h,42.2,47.5,42.4,47.6,0,0.025,58.802,1.931,0,56.7,47.1,0.932,23,283,19.145,95.561,0.742,34.958,,,,,0
2026-10-10T04:00Z,2026-10-11T04:00Z,3597972,24,18.9,33.6,18.9,39.6,45.1,h,33.6,45.1,34.1,45.2,0,0.025,1388.097,3.398,0,56.7,47.1,0.932,11,284,26.196,56.525,2.364,77.352,,,,,0
2026-10-10T04:00Z,2026-10-12T04:00Z,3597972,48,26.7,37.8,32.8,50.6,48.3,h,37.8,48.3,37.8,48.3,0,0.021,1132.851,2.611,0,56.7,47.1,0.932,11,285,26.393,57.998,1.848,89.206,,,,,0
2026-10-10T04:00Z,2026-10-10T05:00Z,3597973,1,9.2,13.9,20.2,30.5,28.5,h,13.9,28.5,13.9,28.5,0,0,769.203,4.233,0.126,36.3,28.5,0.394,12,283,23.64,77.624,2.876,71.009,,,,,0
2026-10-10T04:00Z,2026-10-10T07:00Z,3597973,3,6.9,10.4,19.9,30,28.5,h,10.4,28.5,10.4,28.5,0,0,877.034,3.416,0.019,36.3,28.5,0.394,14,283,24.805,73.881,2.42,65.185,,,,,0
2026-10-10T04:00Z,2026-10-10T10:00Z,3597973,6,7.8,11.4,19.2,28.8,28.4,h,11.4,28.4,11.5,28.4,0,0.001,447.06,3.746,0.056,36.3,28.5,0.394,17,283,23.085,81.928,1.959,71.782,,,,,0
2026-10-10T04:00Z,2026-10-10T16:00Z,3597973,12,11.4,15.7,16.8,24.9,27.2,h,15.7,27.2,15.8,27.2,0,0.001,53.769,2.392,0,36.3,28.5,0.394,23,283,20.81,86.647,0.943,97.507,,,,,0
2026-10-10T04:00Z,2026-10-11T04:00Z,3597973,24,18.2,23.3,11.6,15.9,25.2,h,23.3,25.2,23.6,25.3,0,0.003,1207.822,3.678,0,36.3,28.5,0.394,11,284,26.341,60.394,2.635,85.977,,,,,0
2026-10-10T04:00Z,2026-10-12T04:00Z,3597973,48,17.5,20.3,14.4,17.5,24.6,h,20.3,24.6,20.3,24.6,0,0.009,1008.517,1.54,0,36.3,28.5,0.394,11,285,26.672,58.377,1.135,96.945,,,,,0
2026-10-10T04:00Z,2026-10-10T05:00Z,3597974,1,6.7,10.7,19.4,30.5,29.2,h,10.7,29.2,10.7,29.2,0,0,722.549,4.001,0.074,28.3,29.2,0.437,12,283,23.877,80.005,2.808,59.013,,,,,0
2026-10-10T04:00Z,2026-10-10T07:00Z,3597974,3,3.8,6.2,18.9,29.8,29.2,h,6.2,29.2,6.2,29.2,0,0,949.27,3.686,0.034,28.3,29.2,0.437,14,283,25.508,74.281,2.669,60.73,,,,,0
2026-10-10T04:00Z,2026-10-10T10:00Z,3597974,6,3.6,5.7,17.8,28,29,h,5.7,29,5.8,29,0,0.001,330.502,3.248,0.103,28.3,29.2,0.437,17,283,22.982,86.944,1.691,58.251,,,,,0
2026-10-10T04:00Z,2026-10-10T16:00Z,3597974,12,6.5,9.5,14.5,22.7,27.2,h,9.5,27.2,9.5,27.2,0,0.001,59.108,2.245,0,28.3,29.2,0.437,23,283,21.055,87.777,0.839,88.644,,,,,0
2026-10-10T04:00Z,2026-10-11T04:00Z,3597974,24,17.1,22.5,8.3,11.7,24.7,h,22.5,24.7,22.8,24.7,0,0.003,1184.825,3.558,0,28.3,29.2,0.437,11,284,26.584,61.344,2.553,79.597,,,,,0
2026-10-10T04:00Z,2026-10-12T04:00Z,3597974,48,18.7,22.1,15.8,19.4,25.8,h,22.1,25.8,22.1,25.8,0,0.009,1009.568,1.446,0,28.3,29.2,0.437,11,285,26.924,60.05,1.051,88.579,,,,,0
2026-10-10T04:00Z,2026-10-10T05:00Z,3597975,1,6.8,17.9,29.7,76.2,47.6,h,17.9,47.6,17.9,47.6,0,0.003,675.113,3.421,0.19,31.7,47.6,0.923,12,283,22.401,87.058,2.317,61.91,,,,,0
2026-10-10T04:00Z,2026-10-10T07:00Z,3597975,3,9.1,22.6,28.8,73.8,47.5,h,22.6,47.5,22.6,47.5,0,0.005,489.94,2.774,0.249,31.7,47.6,0.923,14,283,22.365,87.651,1.898,61.948,,,,,0
2026-10-10T04:00Z,2026-10-10T10:00Z,3597975,6,14.9,34.3,27.5,70.2,47.2,h,34.3,47.2,34.6,47.2,0,0.012,310.754,2.621,0.793,31.7,47.6,0.923,17,283,21.426,89.613,1.521,49.614,,,,,0
2026-10-10T04:00Z,2026-10-10T16:00Z,3597975,12,14.1,29.5,22.4,55.6,45.9,h,29.5,45.9,29.6,45.9,0,0.018,66.938,1.712,0,31.7,47.6,0.923,23,283,19.37,95.213,0.663,40.274,,,,,0
2026-10-10T04:00Z,2026-10-11T04:00Z,3597975,24,18.2,32.2,14.1,29.1,42.8,h,32.2,42.8,32.7,42.8,0,0.022,1299.852,3.264,0.037,31.7,47.6,0.923,11,284,26.036,58.125,2.283,76.501,,,,,0
2026-10-10T04:00Z,2026-10-12T04:00Z,3597975,48,26.2,36.9,26.5,40.6,45.1,h,36.9,45.1,36.9,45.1,0,0.019,1139.719,2.349,0,31.7,47.6,0.923,11,285,26.403,57.412,1.662,88.868,,,,,0
2026-10-10T04:00Z,2026-10-10T05:00Z,3597976,1,17.8,24.4,8.8,12.4,13.3,h,24.4,13.3,24.4,13.3,0,0.061,1077.961,5.44,0.063,23,13.3,0.316,12,283,26.597,62.981,3.859,67.051,,,,,0
2026-10-10T04:00Z,2026-10-10T07:00Z,3597976,3,11.1,15.2,9.6,13.5,13.4,h,15.2,13.4,15.2,13.4,0,0.021,933.175,5.15,0.679,23,13.3,0.316,14,283,25.708,69.461,3.597,80.802,,,,,0
2026-10-10T04:00Z,2026-10-10T10:00Z,3597976,6,7.7,10.4,10.2,14.2,13.6,h,10.4,13.6,10.5,13.6,0,0.004,505.157,3.747,0.749,23,13.3,0.316,17,283,23.313,87.29,2.192,90.236,,,,,0
2026-10-10T04:00Z,2026-10-10T16:00Z,3597976,12,7.4,9.7,10.7,14.7,13.5,h,9.7,13.5,9.7,13.5,0,0.003,56.924,2.062,0.233,23,13.3,0.316,23,283,21.446,96.609,0.747,77.263,,,,,0
2026-10-10T04:00Z,2026-10-11T04:00Z,3597976,24,8.9,10.9,8.5,11.2,12.7,h,10.9,12.7,11.1,12.8,0,0.007,924.161,2.811,0,23,13.3,0.316,11,284,25.686,70.941,2.046,60.879,,,,,0
2026-10-10T04:00Z,2026-10-12T04:00Z,3597976,48,14.6,16.5,13.3,15.5,14.1,h,16.5,14.1,16.5,14.1,0,0.002,1075.816,2.777,0,23,13.3,0.316,11,285,27.321,62.967,2.092,69.882,,,,,0
2026-10-10T04:00Z,2026-10-10T05:00Z,3597978,1,12.5,22.8,10.4,19.5,26.1,h,22.8,26.1,22.8,26.1,0,0.01,508.749,1.705,0.477,23.7,26.1,0.592,12,283,24.662,86.517,1.108,60.388,,,,,0
2026-10-10T04:00Z,2026-10-10T07:00Z,3597978,3,10.1,18.1,10.9,20.4,26.1,h,18.1,26.1,18.1,26.1,0,0.004,582.947,2.318,0.355,23.7,26.1,0.592,14,283,25.177,84.604,1.708,57.522,,,,,0
2026-10-10T04:00Z,2026-10-10T10:00Z,3597978,6,9.9,17.2,11.5,21.3,25.9,h,17.2,25.9,17.3,25.9,0,0.001,226.765,2.125,0.398,23.7,26.1,0.592,17,283,24.112,91.535,1.293,52.558,,,,,0
2026-10-10T04:00Z,2026-10-10T16:00Z,3597978,12,14.5,23.4,12.3,22.1,24.9,h,23.4,24.9,23.5,24.9,0,0.001,126.822,2.607,0,23.7,26.1,0.592,23,283,22.189,93.122,1.273,72.218,,,,,0
2026-10-10T04:00Z,2026-10-11T04:00Z,3597978,24,7,10.4,12.2,19.8,24.5,h,10.4,24.5,10.6,24.5,0,0.001,979.903,1.241,0.028,23.7,26.1,0.592,11,284,27.595,65.649,0.93,94.898,,,,,0
2026-10-10T04:00Z,2026-10-12T04:00Z,3597978,48,16.2,20.3,10.6,14.1,21.9,h,20.3,21.9,20.3,21.9,0,0.003,886.417,0.869,0,23.7,26.1,0.592,11,285,27.477,66.006,0.712,124.738,,,,,0
2026-10-10T04:00Z,2026-10-10T05:00Z,3597979,1,0.9,0.3,8.4,5.2,5,h,0.3,5,0.3,5,0,0,795.779,4.205,0.56,0,5.1,-0.425,12,283,26.37,81.236,2.992,38.071,,,,,0
2026-10-10T04:00Z,2026-10-10T07:00Z,3597979,3,0.9,0.3,7.3,4.4,4.9,h,0.3,4.9,0.3,4.9,0,0,464.227,3.956,1.482,0,5.1,-0.425,14,283,24.51,93.689,2.485,34.681,,,,,0
2026-10-10T04:00Z,2026-10-10T10:00Z,3597979,6,1,0.4,4.9,2.9,4.6,h,0.4,4.6,0.4,4.6,0,0,559.661,6.496,0.095,0,5.1,-0.425,17,283,23.902,89.921,3.731,23.27,,,,,0
2026-10-10T04:00Z,2026-10-10T16:00Z,3597979,12,4.2,2.8,1.7,0.9,4.1,h,2.8,4.1,2.8,4.1,0,0,426.584,5.194,0.012,0,5.1,-0.425,23,283,22.464,90.198,2.653,16.588,,,,,0
2026-10-10T04:00Z,2026-10-11T04:00Z,3597979,24,16.9,12.9,7.6,5.4,5.2,h,12.9,5.2,13.1,5.2,0,0.005,1141.985,5.125,0,0,5.1,-0.425,11,284,28.054,60.916,3.615,34.757,,,,,0
2026-10-10T04:00Z,2026-10-12T04:00Z,3597979,48,13.9,11.8,19.8,16.1,8.9,h,11.8,8.9,11.8,8.9,0,0.005,857.767,4.873,0.058,0,5.1,-0.425,11,285,28.138,62.299,3.449,20.571,,,,,0
2026-10-10T04:00Z,2026-10-10T05:00Z,3599598,1,18.2,21.2,29.8,34.8,39,h,21.2,39,21.2,39,0,0.002,908.684,5.458,0,43,39,0.149,12,283,23.778,69.656,3.744,94.432,,,,,0
2026-10-10T04:00Z,2026-10-10T07:00Z,3599598,3,14.8,17.1,29.5,34.4,38.9,h,17.1,38.9,17.1,38.9,0,0.004,645.584,4.236,0.018,43,39,0.149,14,283,22.823,74.189,2.912,86.855,,,,,0
2026-10-10T04:00Z,2026-10-10T10:00Z,3599598,6,15,17.2,28.8,33.6,38.7,h,17.2,38.7,17.3,38.7,0,0.009,535.033,3.404,0.054,43,39,0.149,17,283,22.05,76.639,1.966,92.733,,,,,0
2026-10-10T04:00Z,2026-10-10T16:00Z,3599598,12,19.7,22.2,26.7,30.9,36.9,h,22.2,36.9,22.3,36.9,0,0.009,27.917,1.147,0,43,39,0.149,23,283,20.226,87.286,0.404,126.504,,,,,0
2026-10-10T04:00Z,2026-10-11T04:00Z,3599598,24,19.2,21.1,18.6,21,34.3,h,21.1,34.3,21.4,34.4,0,0.013,1346.008,3.893,0,43,39,0.149,11,284,25.475,57.72,2.757,104.227,,,,,0
2026-10-10T04:00Z,2026-10-12T04:00Z,3599598,48,27.1,28.7,20.7,22.2,33.1,h,28.7,33.1,28.7,33.1,0,0.016,1104.78,1.836,0,43,39,0.149,11,285,25.393,62.084,1.339,118.655,,,,,0
2026-10-10T04:00Z,2026-10-10T05:00Z,3599599,1,18.2,19.5,29.8,32,37.6,h,19.5,37.6,19.5,37.6,0,0.004,859.626,4.757,0.005,40.3,37.6,0.069,12,283,23.875,70.975,3.244,90.62,,,,,0
2026-10-10T04:00Z,2026-10-10T07:00Z,3599599,3,14.8,15.8,29.5,31.7,37.5,h,15.8,37.5,15.8,37.5,0,0.008,636.812,3.82,0.024,40.3,37.6,0.069,14,283,23.075,74.521,2.656,83.339,,,,,0
2026-10-10T04:00Z,2026-10-10T10:00Z,3599599,6,15,16,28.8,30.9,37.1,h,16,37.1,16.1,37.1,0,0.014,469.326,2.943,0.053,40.3,37.6,0.069,17,283,22.381,77.425,1.674,88.696,,,,,0
2026-10-10T04:00Z,2026-10-10T16:00Z,3599599,12,19.7,20.8,26.7,28.6,35.4,h,20.8,35.4,20.9,35.4,0,0.013,27.621,0.858,0,40.3,37.6,0.069,23,283,20.394,88.248,0.286,127.663,,,,,0
2026-10-10T04:00Z,2026-10-11T04:00Z,3599599,24,19.2,20,18.6,19.7,32.9,h,20,32.9,20.3,33,0,0.016,1348.327,3.558,0,40.3,37.6,0.069,11,284,25.811,57.792,2.525,99.028,,,,,0
2026-10-10T04:00Z,2026-10-12T04:00Z,3599599,48,27.1,27.8,20.7,21.3,31.9,h,27.8,31.9,27.8,31.9,0,0.018,1141.275,1.884,0,40.3,37.6,0.069,11,285,25.812,61.473,1.353,113.397,,,,,0
2026-10-10T04:00Z,2026-10-10T05:00Z,3599600,1,11.3,19.3,13.5,23.3,20.6,h,19.3,20.6,19.3,20.6,0,0.057,681.84,0.446,0.698,42.8,20.6,0.521,12,283,26.221,75.819,0.229,31.069,,,,,0
2026-10-10T04:00Z,2026-10-10T07:00Z,3599600,3,7.4,12.6,13.7,23.7,20.7,h,12.6,20.7,12.6,20.7,0,0.021,330.278,0.929,5.584,42.8,20.6,0.521,14,283,24.626,87.553,0.638,114.055,,,,,0
2026-10-10T04:00Z,2026-10-10T10:00Z,3599600,6,4.1,7,13.4,23.1,20.7,h,7,20.7,7.1,20.7,0,0.004,156.018,0.998,0.233,42.8,20.6,0.521,17,283,24.072,91.325,0.536,10.194,,,,,0
2026-10-10T04:00Z,2026-10-10T16:00Z,3599600,12,3.4,5.5,11.7,20,20.1,h,5.5,20.1,5.5,20.1,0,0.002,34.281,1.468,0,42.8,20.6,0.521,23,283,21.736,95.637,0.621,37.354,,,,,0
2026-10-10T04:00Z,2026-10-11T04:00Z,3599600,24,9.7,13.6,4.9,7.8,17.3,h,13.6,17.3,13.8,17.3,0,0.001,897.885,0.274,0.02,42.8,20.6,0.521,11,284,27.756,66.33,0.145,4.755,,,,,0
2026-10-10T04:00Z,2026-10-12T04:00Z,3599600,48,15.4,18.8,11.1,14.3,18.4,h,18.8,18.4,18.8,18.4,0,0.003,965.301,0.546,0.005,42.8,20.6,0.521,11,285,27.908,62.079,0.512,193.443,,,,,0
2026-10-10T04:00Z,2026-10-10T05:00Z,3600181,1,13.4,12.4,9,8.2,8.3,h,12.4,8.3,12.4,8.3,0,0.014,497.832,1.097,0.361,11.9,8.3,-0.079,12,283,25.508,89.345,0.833,101.437,,,,,0
2026-10-10T04:00Z,2026-10-10T07:00Z,3600181,3,12.5,11.6,9.6,8.9,8.3,h,11.6,8.3,11.6,8.3,0,0.005,951.711,2.452,0.109,11.9,8.3,-0.079,14,283,27.081,78.202,1.955,89.778,,,,,0
2026-10-10T04:00Z,2026-10-10T10:00Z,3600181,6,11.1,10.3,10.5,9.7,8.4,h,10.3,8.4,10.4,8.4,0,0.002,165.372,1.263,1.152,11.9,8.3,-0.079,17,283,25.938,86.866,0.651,39.211,,,,,0
2026-10-10T04:00Z,2026-10-10T16:00Z,3600181,12,14.3,13.4,12,11,8.9,h,13.4,8.9,13.5,8.9,0,0.001,50.869,1.743,0,11.9,8.3,-0.079,23,283,23.243,96.622,0.661,24.372,,,,,0
2026-10-10T04:00Z,2026-10-11T04:00Z,3600181,24,7.3,6.9,12.4,11.6,9.2,h,6.9,9.2,7,9.2,0,0.003,853.736,1.093,0.354,11.9,8.3,-0.079,11,284,28.192,71.743,0.781,66.959,,,,,0
2026-10-10T04:00Z,2026-10-12T04:00Z,3600181,48,14.9,14.5,11.1,10.6,9.1,h,14.5,9.1,14.5,9.1,0,0.001,838.348,1.666,0.08,11.9,8.3,-0.079,11,285,28.524,68.651,1.271,171.136,,,,,0
2026-10-10T04:00Z,2026-10-10T05:00Z,3600182,1,1.1,0.6,11.7,8.5,9.1,h,0.6,9.1,0.6,9.1,0,0,1104.097,6.16,0.443,5.6,9.2,-0.287,12,283,28.134,76.962,4.468,60.698,,,,,0
2026-10-10T04:00Z,2026-10-10T07:00Z,3600182,3,1.6,1,10.8,7.9,8.9,h,1,8.9,1,8.9,0,0,560.146,5.665,2.575,5.6,9.2,-0.287,14,283,26.743,88.332,3.679,86.402,,,,,0
2026-10-10T04:00Z,2026-10-10T10:00Z,3600182,6,1.9,1.3,9.2,6.7,8.6,h,1.3,8.6,1.3,8.6,0,0,770.642,7.147,0.326,5.6,9.2,-0.287,17,283,25.867,87.635,4.194,56.524,,,,,0
2026-10-10T04:00Z,2026-10-10T16:00Z,3600182,12,6.2,4.8,5.2,3.7,7.5,h,4.8,7.5,4.8,7.5,0,0,555.43,7.013,0,5.6,9.2,-0.287,23,283,24.278,82.83,3.756,65.857,,,,,0
2026-10-10T04:00Z,2026-10-11T04:00Z,3600182,24,15.4,12.8,6.1,4.8,7.8,h,12.8,7.8,13,7.8,0,0.001,1201.811,6.91,0,5.6,9.2,-0.287,11,284,29.312,60.765,4.934,62.334,,,,,0
2026-10-10T04:00Z,2026-10-12T04:00Z,3600182,48,16.1,14.4,18.5,16.1,12.6,h,14.4,12.6,14.4,12.6,0,0.004,1152.686,5.149,0,5.6,9.2,-0.287,11,285,29.944,61.442,3.815,61.943,,,,,0
2026-10-10T04:00Z,2026-10-10T05:00Z,3600183,1,3.8,1,4.2,1.1,6.4,h,1,6.4,1,6.4,0,0,1129.458,2.499,0.174,0,6.4,-0.897,12,283,29.848,70.314,1.811,39.912,,,,,0
2026-10-10T04:00Z,2026-10-10T07:00Z,3600183,3,3.3,0.9,4.4,1.2,6.4,h,0.9,6.4,0.9,6.4,0,0,367.413,2.418,3.321,0,6.4,-0.897,14,283,26.445,89.862,1.594,57.95,,,,,0
2026-10-10T04:00Z,2026-10-10T10:00Z,3600183,6,3.1,0.9,4.5,1.3,6.4,h,0.9,6.4,0.9,6.4,0,0,429.466,3.6,0.129,0,6.4,-0.897,17,283,25.946,91.6,2.102,30.931,,,,,0
2026-10-10T04:00Z,2026-10-10T16:00Z,3600183,12,2.8,0.9,4.5,1.4,5.6,h,0.9,5.6,0.9,5.6,0,0,154.74,3.063,0.028,0,6.4,-0.897,23,283,23.101,97.223,1.242,35.677,,,,,0
2026-10-10T04:00Z,2026-10-11T04:00Z,3600183,24,1.5,0.5,2.7,0.8,4.6,h,0.5,4.6,0.5,4.6,0,0,915.61,4.341,0.201,0,6.4,-0.897,11,284,28.669,70.389,3.02,44.939,,,,,0
2026-10-10T04:00Z,2026-10-12T04:00Z,3600183,48,3.9,2.5,6.3,3.9,5.1,h,2.5,5.1,2.5,5.1,0,0.001,817.064,4.191,0.093,0,6.4,-0.897,11,285,28.474,73.263,2.957,33.662,,,,,0
2026-10-10T04:00Z,2026-10-10T05:00Z,3600716,1,17.9,17.9,,,,h,17.9,,17.9,,0,0.011,773.541,3.692,0.022,,,0,12,283,23.869,74.418,2.483,79.407,,,,,0
2026-10-10T04:00Z,2026-10-10T07:00Z,3600716,3,15,15,,,,h,15,,15,,0,0.017,614.695,3.185,0.051,,,0,14,283,23.396,76.086,2.257,74.905,,,,,0
2026-10-10T04:00Z,2026-10-10T10:00Z,3600716,6,16.1,16.1,,,,h,16.1,,16.2,,0,0.025,364.014,2.308,0.076,,,0,17,283,22.743,79.817,1.278,74.674,,,,,0
2026-10-10T04:00Z,2026-10-10T16:00Z,3600716,12,25.6,25.6,,,,h,25.6,,25.7,,0,0.021,32.789,0.451,0,,,0,23,283,20.503,90.389,0.226,98.399,,,,,0
2026-10-10T04:00Z,2026-10-11T04:00Z,3600716,24,18.2,18.2,,,,h,18.2,,18.5,,0,0.021,1348.586,3.135,0,,,0,11,284,26.309,57.925,2.229,86.701,,,,,0
2026-10-10T04:00Z,2026-10-12T04:00Z,3600716,48,28.9,28.9,,,,h,28.9,,28.9,,0,0.021,1192.778,2.035,0,,,0,11,285,26.48,60.184,1.44,103.141,,,,,0
2026-10-10T04:00Z,2026-10-10T05:00Z,3612960,1,10,17.6,18.8,33.2,39.7,h,17.6,39.7,17.6,39.7,0,0.001,681.547,3.731,0.233,33.1,39.7,0.547,12,283,25.642,88.461,2.758,45.495,,,,,0
2026-10-10T04:00Z,2026-10-10T07:00Z,3612960,3,8.7,15.1,18.6,32.8,39.7,h,15.1,39.7,15.1,39.7,0,0,804.655,4.777,0.085,33.1,39.7,0.547,14,283,26.917,79.224,3.601,58.519,,,,,0
2026-10-10T04:00Z,2026-10-10T10:00Z,3612960,6,8.1,13.6,18.3,32.2,39.5,h,13.6,39.5,13.7,39.5,0,0,423.637,3.461,0.575,33.1,39.7,0.547,17,283,25.619,88.505,2.409,57.993,,,,,0
2026-10-10T04:00Z,2026-10-10T16:00Z,3612960,12,16.3,25.3,16.9,29.1,37,h,25.3,37,25.4,37,0,0,240.661,4.032,0,33.1,39.7,0.547,23,283,24.333,86.481,1.832,80.331,,,,,0
2026-10-10T04:00Z,2026-10-11T04:00Z,3612960,24,10.9,15.5,13.8,21.3,34.9,h,15.5,34.9,15.7,35,0,0.001,990.362,3.43,0.004,33.1,39.7,0.547,11,284,28.787,63.867,2.626,85.126,,,,,0
2026-10-10T04:00Z,2026-10-12T04:00Z,3612960,48,27.5,33.7,20.8,26.9,35.2,h,33.7,35.2,33.7,35.2,0,0.002,805.787,2.587,0,33.1,39.7,0.547,11,285,28.597,65.757,2.04,94.469,,,,,0
2026-10-10T04:00Z,2026-10-10T05:00Z,3612961,1,11.6,22.8,6.4,13.3,43.4,h,22.8,43.4,22.8,43.4,0,0.008,1410.897,3.618,0.072,30.8,44,0.663,12,283,28.558,53.053,2.523,72.546,,,,,0
2026-10-10T04:00Z,2026-10-10T07:00Z,3612961,3,11.7,22.4,7.2,14.8,42.5,h,22.4,42.5,22.4,42.5,0,0.004,1581.628,3.75,0.169,30.8,44,0.663,14,283,29.066,53.483,2.614,75.233,,,,,0
2026-10-10T04:00Z,2026-10-10T10:00Z,3612961,6,12.8,23.5,8.5,17,41.3,h,23.5,41.3,23.7,41.3,0,0.002,305.637,1.44,0.011,30.8,44,0.663,17,283,26.149,69.135,0.595,74.099,,,,,0
2026-10-10T04:00Z,2026-10-10T16:00Z,3612961,12,11.1,19.1,10.2,19.7,38.7,h,19.1,38.7,19.2,38.7,0,0.001,39.366,1.335,0,30.8,44,0.663,23,283,21.926,88.637,0.782,58.477,,,,,0
2026-10-10T04:00Z,2026-10-11T04:00Z,3612961,24,10.2,15.6,10.4,18.1,37.3,h,15.6,37.3,15.8,37.3,0,0.001,1240.291,1.036,0.011,30.8,44,0.663,11,284,26.798,67.467,0.806,6.824,,,,,0
2026-10-10T04:00Z,2026-10-12T04:00Z,3612961,48,11.8,15.3,12.9,17.8,34.8,h,15.3,34.8,15.3,34.8,0,0.001,1149.036,0.548,0.072,30.8,44,0.663,11,285,28.222,58.738,0.301,36.032,,,,,0
2026-10-10T04:00Z,2026-10-10T05:00Z,3612962,1,14.5,22.2,9.5,14.9,21.3,h,22.2,21.3,22.2,21.3,0,0.003,1301.971,4.03,0.065,20.5,21.3,0.42,12,283,26.628,56.042,2.784,79.05,,,,,0
2026-10-10T04:00Z,2026-10-10T07:00Z,3612962,3,12.7,19.2,10.4,16.3,21.4,h,19.2,21.4,19.2,21.4,0,0.002,1129.933,3.727,0.41,20.5,21.3,0.42,14,283,26.485,59.932,2.521,97.299,,,,,0
2026-10-10T04:00Z,2026-10-10T10:00Z,3612962,6,13,19.1,11.6,18,21.5,h,19.1,21.5,19.3,21.5,0,0.001,459.285,3.065,0.037,20.5,21.3,0.42,17,283,24.149,75.83,1.708,101.945,,,,,0
2026-10-10T04:00Z,2026-10-10T16:00Z,3612962,12,14.5,20.4,13.2,20,21.1,h,20.4,21.1,20.5,21.1,0,0,58.678,1.502,0.06,20.5,21.3,0.42,23,283,21.073,88.034,0.773,71.726,,,,,0
2026-10-10T04:00Z,2026-10-11T04:00Z,3612962,24,11.3,14.8,12.9,18.2,20.5,h,14.8,20.5,15,20.5,0,0.001,1172.585,2.29,0.031,20.5,21.3,0.42,11,284,25.552,65.295,1.58,79.328,,,,,0
2026-10-10T04:00Z,2026-10-12T04:00Z,3612962,48,11.8,13.9,15.2,18.7,20.4,h,13.9,20.4,13.9,20.4,0,0.002,1026.614,1.507,0.03,20.5,21.3,0.42,11,285,26.53,60.583,1.084,60.538,,,,,0
2026-10-10T04:00Z,2026-10-10T05:00Z,3612963,1,8.3,4.9,18.4,11.1,20.5,h,4.9,20.5,4.9,20.5,0,0.007,431.865,1.761,0.386,5.7,20.5,-0.468,12,283,23.222,86.426,1.183,40.818,,,,,0
2026-10-10T04:00Z,2026-10-10T07:00Z,3612963,3,5.2,3,18.2,11,20.4,h,3,20.4,3,20.4,0,0.004,689.336,1.893,0.331,5.7,20.5,-0.468,14,283,24.761,81.135,1.398,29.571,,,,,0
2026-10-10T04:00Z,2026-10-10T10:00Z,3612963,6,2.8,1.5,17.4,10.6,20.2,h,1.5,20.2,1.5,20.2,0,0.001,128.28,2.005,0.022,5.7,20.5,-0.468,17,283,22.964,91.05,0.999,37.896,,,,,0
2026-10-10T04:00Z,2026-10-10T16:00Z,3612963,12,2.8,1.7,14.3,8.7,18.9,h,1.7,18.9,1.7,18.9,0,0.001,33.642,1.736,0,5.7,20.5,-0.468,23,283,20.516,91.158,0.842,81.365,,,,,0
2026-10-10T04:00Z,2026-10-11T04:00Z,3612963,24,15.7,11.6,5.8,3.8,16.2,h,11.6,16.2,11.8,16.2,0,0.001,1114.989,1.127,0.042,5.7,20.5,-0.468,11,284,26.603,63.608,0.738,74.609,,,,,0
2026-10-10T04:00Z,2026-10-12T04:00Z,3612963,48,20.4,17.1,16.3,13,17.9,h,17.1,17.9,17.1,17.9,0,0.005,943.228,0.658,0,5.7,20.5,-0.468,11,285,26.524,65.462,0.539,260.821,,,,,0
2026-10-10T04:00Z,2026-10-10T05:00Z,3612964,1,20.5,18.1,15.2,13.3,17.9,h,18.1,17.9,18.1,17.9,0,0.025,528.628,1.683,0.269,18.2,17.9,-0.123,12,283,25.244,89.93,1.262,43.276,,,,,0
2026-10-10T04:00Z,2026-10-10T07:00Z,3612964,3,14,12.4,15.5,13.6,17.9,h,12.4,17.9,12.4,17.9,0,0.002,1016.621,4.345,0.191,18.2,17.9,-0.123,14,283,27.282,79.197,3.352,59.437,,,,,0
2026-10-10T04:00Z,2026-10-10T10:00Z,3612964,6,8.8,7.8,15.4,13.5,17.9,h,7.8,17.9,7.9,17.9,0,0,521.06,2.831,0.823,18.2,17.9,-0.123,17,283,25.737,86.845,1.759,66.051,,,,,0
2026-10-10T04:00Z,2026-10-10T16:00Z,3612964,12,11.4,10.3,14.8,13.1,17.1,h,10.3,17.1,10.3,17.1,0,0.049,64.424,1.719,0.032,18.2,17.9,-0.123,23,283,23.695,95.406,0.554,158.029,,,,,0
2026-10-10T04:00Z,2026-10-11T04:00Z,3612964,24,9.9,9.1,11.7,10.5,16,h,9.1,16,9.2,16,0,0.006,908.099,2.975,0.064,18.2,17.9,-0.123,11,284,28.319,68.033,2.279,117.368,,,,,0
2026-10-10T04:00Z,2026-10-12T04:00Z,3612964,48,21.4,20.4,14.6,13.8,16.5,h,20.4,16.5,20.4,16.5,0,0.001,968.197,2.843,0.011,18.2,17.9,-0.123,11,285,28.871,67.462,2.199,127.014,,,,,0
2026-10-10T04:00Z,2026-10-10T05:00Z,3612965,1,12.5,22.1,10.4,18.9,23.9,h,22.1,23.9,22.1,23.9,0,0.008,539.625,1.919,0.445,29,23.9,0.56,12,283,24.832,86.779,1.289,57.054,,,,,0
2026-10-10T04:00Z,2026-10-10T07:00Z,3612965,3,10.1,17.6,10.9,19.7,23.9,h,17.6,23.9,17.6,23.9,0,0.003,620.431,2.671,0.316,29,23.9,0.56,14,283,25.445,83.83,1.982,58.54,,,,,0
2026-10-10T04:00Z,2026-10-10T10:00Z,3612965,6,9.9,16.7,11.5,20.7,23.9,h,16.7,23.9,16.8,23.9,0,0.001,251.082,2.296,0.443,29,23.9,0.56,17,283,24.325,91.243,1.442,53.688,,,,,0
2026-10-10T04:00Z,2026-10-10T16:00Z,3612965,12,14.5,22.8,12.3,21.4,23,h,22.8,23,22.9,23.1,0,0.001,137.126,2.725,0,29,23.9,0.56,23,283,22.503,92.527,1.294,73.876,,,,,0
2026-10-10T04:00Z,2026-10-11T04:00Z,3612965,24,7,10.2,12.2,19.3,22.7,h,10.2,22.7,10.4,22.7,0,0.001,977.058,1.541,0.024,29,23.9,0.56,11,284,27.768,65.555,1.161,93.316,,,,,0
2026-10-10T04:00Z,2026-10-12T04:00Z,3612965,48,16.2,20,10.6,13.9,20.4,h,20,20.4,20,20.4,0,0.003,874.797,1.113,0,29,23.9,0.56,11,285,27.642,66.004,0.898,116.257,,,,,0
2026-10-10T04:00Z,2026-10-10T05:00Z,3612966,1,1.4,0.4,3.6,1.7,4.5,h,0.4,4.5,0.4,4.5,0,0,1143.187,4.936,0.19,0,4.5,-0.548,12,283,29.753,71.317,3.728,54.449,,,,,0
2026-10-10T04:00Z,2026-10-10T07:00Z,3612966,3,1.6,0.6,3.3,1.5,4.4,h,0.6,4.4,0.6,4.4,0,0,927.248,5.625,0.712,0,4.5,-0.548,14,283,29.41,73.784,4.187,72.826,,,,,0
2026-10-10T04:00Z,2026-10-10T10:00Z,3612966,6,2.2,1,2.7,1.2,4.3,h,1,4.3,1,4.3,0,0,650.006,6.532,0.541,0,4.5,-0.548,17,283,26.396,87.281,3.962,50.111,,,,,0
2026-10-10T04:00Z,2026-10-10T16:00Z,3612966,12,3.5,2,1.6,0.6,3.7,h,2,3.7,2,3.7,0,0,650.117,8.236,0,0,4.5,-0.548,23,283,24.63,85.108,4.701,56.006,,,,,0
2026-10-10T04:00Z,2026-10-11T04:00Z,3612966,24,5.1,3.4,4.4,2.6,3.9,h,3.4,3.9,3.5,3.9,0,0.002,1189.235,8.171,0,0,4.5,-0.548,11,284,29.408,65.061,5.93,58.147,,,,,0
2026-10-10T04:00Z,2026-10-12T04:00Z,3612966,48,14.3,11.6,15.6,12,8.2,h,11.6,8.2,11.6,8.2,0,0.002,1241.071,7.133,0,0,4.5,-0.548,11,285,30.288,63.948,5.365,67.286,,,,,0
2026-10-10T04:00Z,2026-10-10T05:00Z,3624137,1,2.3,5.5,2.9,7,7.1,h,5.5,7.1,5.5,7.1,0,0,971.625,3.73,0.337,7.1,7.1,0.714,12,283,26.371,71.776,2.549,54.798,,,,,0
2026-10-10T04:00Z,2026-10-10T07:00Z,3624137,3,3,6.7,2.9,7,7.2,h,6.7,7.2,6.7,7.2,0,0,853.405,3.716,0.514,7.1,7.1,0.714,14,283,25.617,73.208,2.477,56.962,,,,,0
2026-10-10T04:00Z,2026-10-10T10:00Z,3624137,6,7.1,14,3.3,7.6,7.3,h,14,7.3,14.1,7.3,0,0,626.738,4.842,0.015,7.1,7.1,0.714,17,283,23.201,86.093,2.673,38.522,,,,,0
2026-10-10T04:00Z,2026-10-10T16:00Z,3624137,12,4.6,8.7,3.9,8.3,7.2,h,8.7,7.2,8.7,7.2,0,0,294.749,3.954,0.002,7.1,7.1,0.714,23,283,21.141,93.342,2.004,23.91,,,,,0
2026-10-10T04:00Z,2026-10-11T04:00Z,3624137,24,2.4,4.2,3.5,6.9,7,h,4.2,7,4.3,7.1,0,0,939.668,4.905,0.23,7.1,7.1,0.714,11,284,25.503,72.683,3.266,47.142,,,,,0
2026-10-10T04:00Z,2026-10-12T04:00Z,3624137,48,1.2,1.8,3.5,5.3,6.2,h,1.8,6.2,1.8,6.2,0,0,1014.503,5.121,0.009,7.1,7.1,0.714,11,285,26.612,68.984,3.507,50.417,,,,,0
2026-10-10T04:00Z,2026-10-10T05:00Z,3658671,1,10,14,18.8,26.4,43,h,14,43,14,43,0,0,701.601,3.848,0.212,27.1,43,0.324,12,283,25.723,88.737,2.858,44.883,,,,,0
2026-10-10T04:00Z,2026-10-10T07:00Z,3658671,3,8.7,12.1,18.6,26.1,43,h,12.1,43,12.1,43,0,0,831.044,4.997,0.061,27.1,43,0.324,14,283,27.073,78.746,3.769,58.944,,,,,0
2026-10-10T04:00Z,2026-10-10T10:00Z,3658671,6,8.1,11,18.3,25.6,42.8,h,11,42.8,11.1,42.8,0,0,436.78,3.576,0.613,27.1,43,0.324,17,283,25.724,88.409,2.506,58.318,,,,,0
2026-10-10T04:00Z,2026-10-10T16:00Z,3658671,12,16.3,21.1,16.9,23.3,38.5,h,21.1,38.5,21.2,38.5,0,0,243.96,4.082,0,27.1,43,0.324,23,283,24.496,86.282,1.837,80.968,,,,,0
2026-10-10T04:00Z,2026-10-11T04:00Z,3658671,24,10.9,13.4,13.8,17.9,36.5,h,13.4,36.5,13.6,36.5,0,0.001,988.274,3.598,0.001,27.1,43,0.324,11,284,28.875,63.869,2.757,85.45,,,,,0
2026-10-10T04:00Z,2026-10-12T04:00Z,3658671,48,27.5,31,20.8,24.2,36.4,h,31,36.4,31,36.4,0,0.002,798.742,2.744,0,27.1,43,0.324,11,285,28.678,65.843,2.162,94.469,,,,,0
2026-10-10T04:00Z,2026-10-10T05:00Z,3663294,1,2,2.9,1.6,2.4,3.5,h,2.9,3.5,2.9,3.5,0,0,1259.163,3.217,0.074,2,3.5,0.261,12,283,30.611,67.965,2.424,48.11,,,,,0
2026-10-10T04:00Z,2026-10-10T07:00Z,3663294,3,1.8,2.6,1.6,2.3,3.4,h,2.6,3.4,2.6,3.4,0,0,676.735,3.919,2.55,2,3.5,0.261,14,283,28.015,82.371,2.916,60.339,,,,,0
2026-10-10T04:00Z,2026-10-10T10:00Z,3663294,6,2,2.8,1.5,2.3,3.4,h,2.8,3.4,2.8,3.4,0,0,492.747,4.824,0.414,2,3.5,0.261,17,283,26.153,91.174,2.833,39.544,,,,,0
2026-10-10T04:00Z,2026-10-10T16:00Z,3663294,12,0.6,1,1.4,2,3.3,h,1,3.3,1,3.3,0,0,364.051,5.671,0.016,2,3.5,0.261,23,283,23.748,93.604,2.876,45.441,,,,,0
2026-10-10T04:00Z,2026-10-11T04:00Z,3663294,24,2.5,3.1,1.7,2.3,3.1,h,3.1,3.1,3.2,3.1,0,0.001,1087.751,6.231,0.075,2,3.5,0.261,11,284,29.226,67.965,4.417,51.625,,,,,0
2026-10-10T04:00Z,2026-10-12T04:00Z,3663294,48,7.9,8.8,10.7,12.1,7.8,h,8.8,7.8,8.8,7.8,0,0.001,1000.39,5.816,0.057,2,3.5,0.261,11,285,29.177,70.231,4.175,53.218,,,,,0
2026-10-10T04:00Z,2026-10-10T05:00Z,3684608,1,9.3,14.6,20.1,31.5,33.7,h,14.6,33.7,14.6,33.7,0,0,671.486,4.319,0.216,29.1,33.7,0.434,12,283,25.807,87.835,3.205,45.448,,,,,0
2026-10-10T04:00Z,2026-10-10T07:00Z,3684608,3,7.8,12.1,19.7,30.9,33.6,h,12.1,33.6,12.1,33.6,0,0,783.689,4.99,0.057,29.1,33.7,0.434,14,283,27.081,78.758,3.772,56.392,,,,,0
2026-10-10T04:00Z,2026-10-10T10:00Z,3684608,6,7.3,11.1,19.1,29.9,33.4,h,11.1,33.4,11.2,33.4,0,0,466.981,3.584,0.457,29.1,33.7,0.434,17,283,25.945,87.199,2.515,58.096,,,,,0
2026-10-10T04:00Z,2026-10-10T16:00Z,3684608,12,12.6,17.9,16.4,25.3,31.1,h,17.9,31.1,18,31.1,0,0,292.227,4.632,0,29.1,33.7,0.434,23,283,24.719,83.533,2.161,79.705,,,,,0
2026-10-10T04:00Z,2026-10-11T04:00Z,3684608,24,12.6,16.6,12.1,17.1,29.4,h,16.6,29.4,16.8,29.4,0,0.001,1008.339,3.814,0.002,29.1,33.7,0.434,11,284,29.023,62.746,2.937,81.412,,,,,0
2026-10-10T04:00Z,2026-10-12T04:00Z,3684608,48,28.6,33.6,23.4,28.7,32,h,33.6,32,33.6,32,0,0.003,799.071,2.836,0,29.1,33.7,0.434,11,285,28.827,64.969,2.241,88.998,,,,,0
2026-10-10T04:00Z,2026-10-10T05:00Z,3684609,1,19.5,19.5,,,,h,19.5,,19.5,,0,0.003,1113.412,4.195,0.054,,,0,12,283,24.519,62.005,2.935,87.706,,,,,0
2026-10-10T04:00Z,2026-10-10T07:00Z,3684609,3,17,17,,,,h,17,,17,,0,0.001,1008.651,3.407,0.009,,,0,14,283,24.608,63.026,2.371,87.272,,,,,0
2026-10-10T04:00Z,2026-10-10T10:00Z,3684609,6,13,13,,,,h,13,,13.1,,0,0.002,356.466,2.992,0.067,,,0,17,283,22.656,78.011,1.547,90.984,,,,,0
2026-10-10T04:00Z,2026-10-10T16:00Z,3684609,12,17.8,17.8,,,,h,17.8,,17.9,,0,0.004,131.355,3.391,0,,,0,23,283,20.058,84.253,1.361,97.116,,,,,0
2026-10-10T04:00Z,2026-10-11T04:00Z,3684609,24,13,13,,,,h,13,,13.2,,0,0.002,1072.805,3.33,0.018,,,0,11,284,25.276,61.442,2.418,90.56,,,,,0
2026-10-10T04:00Z,2026-10-12T04:00Z,3684609,48,12.5,12.5,,,,h,12.5,,12.5,,0,0.005,1063.34,2.407,0,,,0,11,285,26.228,52.732,1.776,88.186,,,,,0
2026-10-10T04:00Z,2026-10-10T05:00Z,3684610,1,16,17.9,7.5,8.5,19,h,17.9,19,17.9,19,0,0.062,1331.147,4.554,0,11.5,19,0.113,12,283,27.545,62.08,3.343,58.934,,,,,0
2026-10-10T04:00Z,2026-10-10T07:00Z,3684610,3,16.4,18.3,8.7,9.8,19.1,h,18.3,19.1,18.3,19.1,0,0.043,1353.188,4.178,0.029,11.5,19,0.113,14,283,28.051,60.621,3.051,59.989,,,,,0
2026-10-10T04:00Z,2026-10-10T10:00Z,3684610,6,11.8,13.1,10,11.3,18.7,h,13.1,18.7,13.2,18.7,0,0.011,146.022,2.298,0.876,11.5,19,0.113,17,283,22.586,95.842,1.34,47.825,,,,,0
2026-10-10T04:00Z,2026-10-10T16:00Z,3684610,12,9.5,10.4,10.9,12.2,17.8,h,10.4,17.8,10.4,17.8,0,0.004,43.141,1.862,0.544,11.5,19,0.113,23,283,21.629,97.081,0.641,64.727,,,,,0
2026-10-10T04:00Z,2026-10-11T04:00Z,3684610,24,6.8,7.3,9.4,10.3,16.7,h,7.3,16.7,7.4,16.8,0,0.003,816.626,2.145,0.034,11.5,19,0.113,11,284,25.387,78.071,1.579,54.97,,,,,0
2026-10-10T04:00Z,2026-10-12T04:00Z,3684610,48,14.8,15.5,8.6,9.1,15.5,h,15.5,15.5,15.5,15.5,0,0.001,766.798,1.75,0.016,11.5,19,0.113,11,285,26.812,68.604,1.324,66.321,,,,,0
2026-10-10T04:00Z,2026-10-10T05:00Z,3684611,1,1.6,4,1.4,3.7,23.3,h,4,23.3,4,23.3,0,0,1127.131,5.029,1.776,16.7,23.5,0.689,12,283,28.509,77.226,3.522,59.922,,,,,0
2026-10-10T04:00Z,2026-10-10T07:00Z,3684611,3,2.1,4.8,1.3,3.6,22.5,h,4.8,22.5,4.8,22.5,0,0,699.723,6.391,2.468,16.7,23.5,0.689,14,283,26.949,83.207,4.368,62.415,,,,,0
2026-10-10T04:00Z,2026-10-10T10:00Z,3684611,6,2.2,4.8,1.4,3.7,21.3,h,4.8,21.3,4.8,21.3,0,0,678.895,6.289,0.107,16.7,23.5,0.689,17,283,25.544,88.282,3.69,46.581,,,,,0
2026-10-10T04:00Z,2026-10-10T16:00Z,3684611,12,1.2,2.7,1.4,3.6,19,h,2.7,19,2.7,19,0,0.001,458.363,5.66,0.001,16.7,23.5,0.689,23,283,23.608,91.278,2.816,43.638,,,,,0
2026-10-10T04:00Z,2026-10-11T04:00Z,3684611,24,4.6,7.4,2.3,4.6,17.4,h,7.4,17.4,7.5,17.5,0,0.002,1172.679,6.552,0.054,16.7,23.5,0.689,11,284,28.913,64.271,4.536,47.815,,,,,0
2026-10-10T04:00Z,2026-10-12T04:00Z,3684611,48,7.7,10.2,13.3,18.5,21,h,10.2,21,10.2,21,0,0.002,998.029,6.644,0.048,16.7,23.5,0.689,11,285,28.228,71.986,4.571,43.43,,,,,0
2026-10-10T04:00Z,2026-10-10T05:00Z,3685146,1,17.1,31.9,11.1,21.5,21,h,31.9,21,31.9,21,0,0,1220.325,6.441,0,40.8,21,0.623,12,283,26.461,57.966,4.541,85.602,,,,,0
2026-10-10T04:00Z,2026-10-10T07:00Z,3685146,3,16.1,29.3,12.2,23.5,21.1,h,29.3,21.1,29.3,21.1,0,0,1139.673,5.65,0.002,40.8,21,0.623,14,283,26.426,61.942,4.064,84.591,,,,,0
2026-10-10T04:00Z,2026-10-10T10:00Z,3685146,6,12.4,21.9,13.5,25.6,21.4,h,21.9,21.4,22.1,21.4,0,0,455.382,3.458,0.102,40.8,21,0.623,17,283,23.365,78.385,2.029,74.415,,,,,0
2026-10-10T04:00Z,2026-10-10T16:00Z,3685146,12,12.7,21,14.4,26.7,21.8,h,21,21.8,21.1,21.9,0,0,40.824,2.275,0,40.8,21,0.623,23,283,20.939,87.055,0.785,67.153,,,,,0
2026-10-10T04:00Z,2026-10-11T04:00Z,3685146,24,13.7,20.3,13,21.7,21.2,h,20.3,21.2,20.6,21.2,0,0.001,1206.314,3.422,0,40.8,21,0.623,11,284,26.7,59.385,2.52,83.014,,,,,0
2026-10-10T04:00Z,2026-10-12T04:00Z,3685146,48,11.7,14.9,16.2,21.9,21.3,h,14.9,21.3,14.9,21.3,0,0.003,1144.556,2.064,0,40.8,21,0.623,11,285,27.589,53.701,1.56,81.371,,,,,0
2026-10-10T04:00Z,2026-10-10T05:00Z,3685147,1,18.1,20.8,11,12.8,18.5,h,20.8,18.5,20.8,18.5,0,0.02,1229.536,4.551,0.013,27.9,18.5,0.138,12,283,25.858,61.893,3.287,73.16,,,,,0
2026-10-10T04:00Z,2026-10-10T07:00Z,3685147,3,12.1,13.9,11.8,13.7,18.6,h,13.9,18.6,13.9,18.6,0,0.019,1037.406,3.879,0.206,27.9,18.5,0.138,14,283,25.367,65.491,2.853,79.902,,,,,0
2026-10-10T04:00Z,2026-10-10T10:00Z,3685147,6,9.3,10.6,12.5,14.5,18.6,h,10.6,18.6,10.7,18.6,0,0.007,657.399,3.887,0.112,27.9,18.5,0.138,17,283,23.399,76.621,2.226,62.48,,,,,0
2026-10-10T04:00Z,2026-10-10T16:00Z,3685147,12,10.6,11.9,13.5,15.5,17.7,h,11.9,17.7,12,17.7,0,0.011,37.13,1.124,0.021,27.9,18.5,0.138,23,283,20.772,89.35,0.447,67.619,,,,,0
2026-10-10T04:00Z,2026-10-11T04:00Z,3685147,24,13.6,14.8,11,12.3,16.9,h,14.8,16.9,15,16.9,0,0.007,930.735,2.257,0.008,27.9,18.5,0.138,11,284,24.811,69.641,1.716,48.764,,,,,0
2026-10-10T04:00Z,2026-10-12T04:00Z,3685147,48,14.1,14.9,16.5,17.6,18.2,h,14.9,18.2,14.9,18.2,0,0.002,1006.759,1.247,0.008,27.9,18.5,0.138,11,285,25.938,63.906,0.984,67.299,,,,,0
2026-10-10T04:00Z,2026-10-10T05:00Z,3685149,1,5.6,1.3,4.5,0.8,5.8,h,1.3,5.8,1.3,5.8,0,0,760.772,2.422,0.209,0.4,5.8,-1.109,12,283,29.356,75.723,1.855,13.608,,,,,0
2026-10-10T04:00Z,2026-10-10T07:00Z,3685149,3,5.3,1.3,4.8,0.9,5.8,h,1.3,5.8,1.3,5.8,0,0,477.478,1.544,0.923,0.4,5.8,-1.109,14,283,28.441,80.333,1.176,34.474,,,,,0
2026-10-10T04:00Z,2026-10-10T10:00Z,3685149,6,4.8,1.2,5.1,1.1,5.7,h,1.2,5.7,1.2,5.7,0,0,281.839,3.088,0.097,0.4,5.8,-1.109,17,283,26.468,89.543,1.979,14.904,,,,,0
2026-10-10T04:00Z,2026-10-10T16:00Z,3685149,12,5.8,1.9,5.7,1.4,4.9,h,1.9,4.9,1.9,4.9,0,0,121.946,1.687,0.102,0.4,5.8,-1.109,23,283,23.964,97.419,0.701,19.184,,,,,0
2026-10-10T04:00Z,2026-10-11T04:00Z,3685149,24,2.4,0.8,4.6,1.3,4.4,h,0.8,4.4,0.8,4.4,0,0,673.141,2.54,0.245,0.4,5.8,-1.109,11,284,28.61,75.723,1.974,35.825,,,,,0
2026-10-10T04:00Z,2026-10-12T04:00Z,3685149,48,6.7,4.2,5.9,3.2,4.5,h,4.2,4.5,4.2,4.5,0,0,746.779,2.072,0.072,0.4,5.8,-1.109,11,285,29.502,71.803,1.659,15.539,,,,,0
2026-10-10T04:00Z,2026-10-10T05:00Z,3685151,1,5.6,8.3,4.5,6.9,7.7,h,8.3,7.7,8.3,7.7,0,0,657.309,2.434,0.235,10.7,7.7,0.361,12,283,29.088,77.125,1.847,6.003,,,,,0
2026-10-10T04:00Z,2026-10-10T07:00Z,3685151,3,5.3,7.8,4.8,7.3,7.7,h,7.8,7.7,7.8,7.7,0,0,425.298,1.184,0.64,10.7,7.7,0.361,14,283,28.459,80.042,0.915,24.232,,,,,0
2026-10-10T04:00Z,2026-10-10T10:00Z,3685151,6,4.8,6.9,5.1,7.7,7.7,h,6.9,7.7,7,7.7,0,0,246.586,2.821,0.056,10.7,7.7,0.361,17,283,26.553,89.106,1.826,7.285,,,,,0
2026-10-10T04:00Z,2026-10-10T16:00Z,3685151,12,5.8,8,5.7,8.3,7.6,h,8,7.6,8,7.6,0,0,90.157,1.188,0.11,10.7,7.7,0.361,23,283,23.985,97.956,0.516,3.041,,,,,0
2026-10-10T04:00Z,2026-10-11T04:00Z,3685151,24,2.4,3.2,4.6,6.4,7.3,h,3.2,7.3,3.3,7.3,0,0,593.643,2.132,0.284,10.7,7.7,0.361,11,284,28.473,77.125,1.706,29.19,,,,,0
2026-10-10T04:00Z,2026-10-12T04:00Z,3685151,48,6.7,7.8,5.9,7,7.4,h,7.8,7.4,7.8,7.4,0,0,707.705,1.805,0.077,10.7,7.7,0.361,11,285,29.562,72.073,1.449,358.209,,,,,0
2026-10-10T04:00Z,2026-10-10T05:00Z,3714636,1,17.8,15.5,10.4,8.9,10.1,h,15.5,10.1,15.5,10.1,0,0.011,1138.195,5.384,0.147,15.2,10.1,-0.139,12,283,25.072,63.202,3.778,79.788,,,,,0
2026-10-10T04:00Z,2026-10-10T07:00Z,3714636,3,15.2,13.3,11.5,9.9,10.2,h,13.3,10.2,13.3,10.2,0,0.018,919.171,5.182,0.204,15.2,10.1,-0.139,14,283,24.395,68.519,3.698,79.987,,,,,0
2026-10-10T04:00Z,2026-10-10T10:00Z,3714636,6,10.3,9,12.5,10.8,10.4,h,9,10.4,9.1,10.4,0,0.002,602.457,4.459,0,15.2,10.1,-0.139,17,283,22.537,77.039,2.659,69.177,,,,,0
2026-10-10T04:00Z,2026-10-10T16:00Z,3714636,12,10.5,9.3,13.4,11.7,10.3,h,9.3,10.3,9.3,10.3,0,0.021,185.104,3.007,0,15.2,10.1,-0.139,23,283,20.37,88.507,1.353,80.854,,,,,0
2026-10-10T04:00Z,2026-10-11T04:00Z,3714636,24,14.3,13.1,11.4,10.1,10.1,h,13.1,10.1,13.3,10.1,0,0.002,1035.68,2.778,0,15.2,10.1,-0.139,11,284,24.926,65.215,2.021,68.173,,,,,0
2026-10-10T04:00Z,2026-10-12T04:00Z,3714636,48,12.4,11.7,15.9,14.8,11.8,h,11.7,11.8,11.7,11.8,0,0.002,1083.149,1.873,0,15.2,10.1,-0.139,11,285,25.993,60.155,1.419,69.174,,,,,0
2026-10-10T04:00Z,2026-10-10T05:00Z,3714637,1,18.5,6.2,,,,h,6.2,,6.2,,0,0.046,1168.974,5.161,0.04,,,-1.515,12,283,26.832,61.19,3.676,69.319,,,,,0
2026-10-10T04:00Z,2026-10-10T07:00Z,3714637,3,13,4.4,,,,h,4.4,,4.4,,0,0.022,1132.859,5.243,0.343,,,-1.515,14,283,26.759,62.358,3.708,77.595,,,,,0
2026-10-10T04:00Z,2026-10-10T10:00Z,3714637,6,8.1,2.7,,,,h,2.7,,2.7,,0,0.005,482.481,2.884,0.311,,,-1.515,17,283,24.108,80.21,1.611,83.278,,,,,0
2026-10-10T04:00Z,2026-10-10T16:00Z,3714637,12,9.6,3.8,,,,h,3.8,,3.8,,0,0.005,65.217,2.088,0.352,,,-1.515,23,283,21.475,97.023,0.827,75.103,,,,,0
2026-10-10T04:00Z,2026-10-11T04:00Z,3714637,24,11.9,5.9,,,,h,5.9,,6,,0,0.011,864.05,2.864,0,,,-1.515,11,284,25.42,72.67,2.14,61.896,,,,,0
2026-10-10T04:00Z,2026-10-12T04:00Z,3714637,48,14.4,9.6,,,,h,9.6,,9.6,,0,0.002,972.377,2.153,0,,,-1.515,11,285,26.837,66.442,1.63,56.359,,,,,0
2026-10-10T04:00Z,2026-10-10T05:00Z,3714638,1,19.2,12.1,10,6,10.4,h,12.1,10.4,12.1,10.4,0,0.064,812.843,1.991,0.684,10.3,10.4,-0.449,12,283,26.417,71.066,1.513,68.263,,,,,0
2026-10-10T04:00Z,2026-10-10T07:00Z,3714638,3,15.2,9.7,11,6.7,10.5,h,9.7,10.5,9.7,10.5,0,0.024,274.446,1.109,3.778,10.3,10.4,-0.449,14,283,23.525,90.878,0.929,22.981,,,,,0
2026-10-10T04:00Z,2026-10-10T10:00Z,3714638,6,10.7,6.9,11.9,7.3,10.6,h,6.9,10.6,7,10.6,0,0.005,113.13,1.126,1.048,10.3,10.4,-0.449,17,283,22.684,96.903,0.674,340.005,,,,,0
2026-10-10T04:00Z,2026-10-10T16:00Z,3714638,12,8.2,5.5,12.3,7.7,9.9,h,5.5,9.9,5.5,9.9,0,0.003,68.525,1.212,0.033,10.3,10.4,-0.449,23,283,22.18,95.337,0.343,359.533,,,,,0
2026-10-10T04:00Z,2026-10-11T04:00Z,3714638,24,7.6,5.6,9.8,6.6,9.4,h,5.6,9.4,5.7,9.4,0,0.002,725.492,2.261,0.069,10.3,10.4,-0.449,11,284,26.372,73.91,1.759,28.232,,,,,0
2026-10-10T04:00Z,2026-10-12T04:00Z,3714638,48,16.1,13.5,13.3,10.7,10.5,h,13.5,10.5,13.5,10.5,0,0.002,744.608,1.087,0.015,10.3,10.4,-0.449,11,285,26.423,71.657,0.798,28.169,,,,,0
2026-10-10T04:00Z,2026-10-10T05:00Z,3714639,1,17.8,20.2,8.8,10.1,12.5,h,20.2,12.5,20.2,12.5,0,0.075,846.602,3.561,0.482,12.3,12.5,0.124,12,283,23.649,68.759,2.584,76.884,,,,,0
2026-10-10T04:00Z,2026-10-10T07:00Z,3714639,3,11.1,12.6,9.6,11,12.6,h,12.6,12.6,12.6,12.6,0,0.028,423.164,3.312,2.871,12.3,12.5,0.124,14,283,20.814,88.501,2.269,90.557,,,,,0
2026-10-10T04:00Z,2026-10-10T10:00Z,3714639,6,7.7,8.7,10.2,11.6,12.7,h,8.7,12.7,8.8,12.7,0,0.006,231.756,2.21,1.143,12.3,12.5,0.124,17,283,19.971,96.817,1.309,93.868,,,,,0
2026-10-10T04:00Z,2026-10-10T16:00Z,3714639,12,7.4,8.2,10.7,12.2,12.9,h,8.2,12.9,8.2,12.9,0,0.003,63.07,1.711,0.625,12.3,12.5,0.124,23,283,18.802,97.174,0.562,79.185,,,,,0
2026-10-10T04:00Z,2026-10-11T04:00Z,3714639,24,8.9,9.7,8.5,9.5,11.7,h,9.7,11.7,9.9,11.7,0,0.003,939.647,2.269,0,12.3,12.5,0.124,11,284,23.537,74.882,1.712,64.981,,,,,0
2026-10-10T04:00Z,2026-10-12T04:00Z,3714639,48,14.6,15.3,13.3,14.1,13.1,h,15.3,13.1,15.3,13.1,0,0.002,1048.082,2.467,0,12.3,12.5,0.124,11,285,24.911,62.434,1.864,79.584,,,,,0
2026-10-10T04:00Z,2026-10-10T05:00Z,3714641,1,2,1.4,1.6,1.1,22.7,h,1.4,22.7,1.4,22.7,0,0,1377.114,3.137,0.075,0,22.7,-0.238,12,283,30.814,66.569,2.311,52.545,,,,,0
2026-10-10T04:00Z,2026-10-10T07:00Z,3714641,3,1.8,1.2,1.6,1,22.6,h,1.2,22.6,1.2,22.6,0,0,552.503,3.851,3.711,0,22.7,-0.238,14,283,27.028,88.327,2.751,61.719,,,,,0
2026-10-10T04:00Z,2026-10-10T10:00Z,3714641,6,2,1.4,1.5,1,20.5,h,1.4,20.5,1.4,20.5,0,0,516.071,4.779,0.351,0,22.7,-0.238,17,283,26.03,92.456,2.706,40.676,,,,,0
2026-10-10T04:00Z,2026-10-10T16:00Z,3714641,12,0.6,0.3,1.4,0.9,18.1,h,0.3,18.1,0.3,18.1,0,0,310.709,5.454,0.001,0,22.7,-0.238,23,283,23.41,94.731,2.606,44.812,,,,,0
2026-10-10T04:00Z,2026-10-11T04:00Z,3714641,24,2.5,2,1.7,1.3,15.8,h,2,15.8,2,15.8,0,0.001,1134.538,6.227,0.076,0,22.7,-0.238,11,284,29.295,66.569,4.318,51.009,,,,,0
2026-10-10T04:00Z,2026-10-12T04:00Z,3714641,48,7.9,7.2,10.7,9.5,16.1,h,7.2,16.1,7.2,16.1,0,0.001,965.095,6.022,0.075,0,22.7,-0.238,11,285,28.739,71.714,4.199,48.92,,,,,0
2026-10-10T04:00Z,2026-10-10T05:00Z,3714642,1,5,5,,,,h,5,,5,,0,0,650.59,2.433,0.239,,,0,12,283,29.059,77.148,1.839,5.642,,,,,0
2026-10-10T04:00Z,2026-10-10T07:00Z,3714642,3,4.9,4.9,,,,h,4.9,,4.9,,0,0,402.969,1.126,0.711,,,0,14,283,28.356,80.521,0.86,25.282,,,,,0
2026-10-10T04:00Z,2026-10-10T10:00Z,3714642,6,4.6,4.6,,,,h,4.6,,4.6,,0,0,246.452,2.766,0.056,,,0,17,283,26.565,89.1,1.793,6.4,,,,,0
2026-10-10T04:00Z,2026-10-10T16:00Z,3714642,12,7,7,,,,h,7,,7,,0,0,88.568,1.152,0.105,,,0,23,283,23.952,98.024,0.494,3.298,,,,,0
2026-10-10T04:00Z,2026-10-11T04:00Z,3714642,24,2.8,2.8,,,,h,2.8,,2.9,,0,0,587.704,2.189,0.292,,,0,11,284,28.453,77.148,1.743,29.359,,,,,0
2026-10-10T04:00Z,2026-10-12T04:00Z,3714642,48,4.9,4.9,,,,h,4.9,,4.9,,0,0,704.41,1.86,0.08,,,0,11,285,29.534,72.21,1.488,358.08,,,,,0
2026-10-10T04:00Z,2026-10-10T05:00Z,3714644,1,5.7,7.2,,,,h,7.2,,7.2,,0,0.001,559.974,2.299,0.244,,,0.227,12,283,28.939,77.773,1.688,3.746,,,,,0
2026-10-10T04:00Z,2026-10-10T07:00Z,3714644,3,5.6,7,,,,h,7,,7,,0,0.001,401.689,0.549,0.244,,,0.227,14,283,28.728,78.066,0.395,20.481,,,,,0
2026-10-10T04:00Z,2026-10-10T10:00Z,3714644,6,5,6.2,,,,h,6.2,,6.3,,0,0.002,196.198,2.015,0.041,,,0.227,17,283,26.791,87.922,1.32,356.224,,,,,0
2026-10-10T04:00Z,2026-10-10T16:00Z,3714644,12,5.8,7,,,,h,7,,7,,0,0.001,57.05,0.847,0.134,,,0.227,23,283,24.023,98.874,0.401,344.51,,,,,0
2026-10-10T04:00Z,2026-10-11T04:00Z,3714644,24,4.8,5.6,,,,h,5.6,,5.7,,0,0,521.935,1.591,0.335,,,0.227,11,284,28.433,78.598,1.293,19.465,,,,,0
2026-10-10T04:00Z,2026-10-12T04:00Z,3714644,48,4.4,4.8,,,,h,4.8,,4.8,,0,0,673.128,1.588,0.082,,,0.227,11,285,29.781,72.219,1.195,334.432,,,,,0
2026-10-10T04:00Z,2026-10-10T05:00Z,3714646,1,4.4,3.8,6.2,5.4,13.1,h,3.8,13.1,3.8,13.1,0,0.096,1055.081,2.425,0.176,3.3,13.2,-0.117,12,283,28.608,67.333,1.654,59.767,,,,,0
2026-10-10T04:00Z,2026-10-10T07:00Z,3714646,3,3.8,3.3,6,5.3,12.9,h,3.3,12.9,3.3,12.9,0,0.304,974.591,2.416,0.244,3.3,13.2,-0.117,14,283,27.915,67.942,1.661,97.07,,,,,0
2026-10-10T04:00Z,2026-10-10T10:00Z,3714646,6,4.3,3.8,5.8,5.1,12.5,h,3.8,12.5,3.8,12.5,0,0.125,616.654,3.381,0.003,3.3,13.2,-0.117,17,283,25.77,80.16,1.695,55.819,,,,,0
2026-10-10T04:00Z,2026-10-10T16:00Z,3714646,12,8.1,7.3,5.7,5,11.4,h,7.3,11.4,7.3,11.4,0,0,52.405,2.487,0.023,3.3,13.2,-0.117,23,283,22.421,92.417,1.5,4.82,,,,,0
2026-10-10T04:00Z,2026-10-11T04:00Z,3714646,24,3.6,3.3,6.1,5.5,10.7,h,3.3,10.7,3.4,10.8,0,0.001,1030.453,4.023,0.816,3.3,13.2,-0.117,11,284,27.903,68.478,2.769,59.416,,,,,0
2026-10-10T04:00Z,2026-10-12T04:00Z,3714646,48,3.2,3,6.1,5.7,9.5,h,3,9.5,3,9.5,0,0,1130.454,3.641,0.014,3.3,13.2,-0.117,11,285,28.93,65.357,2.569,54.112,,,,,0
2026-10-10T04:00Z,2026-10-10T05:00Z,3733063,1,5,2.3,5.1,2.2,3.4,h,2.3,3.4,2.3,3.4,0,0,538.62,2.5,0.268,1.5,3.4,-0.632,12,283,28.751,78.496,1.855,358.418,,,,,0
2026-10-10T04:00Z,2026-10-10T07:00Z,3733063,3,4.9,2.3,5.2,2.3,3.4,h,2.3,3.4,2.3,3.4,0,0,319.281,0.741,0.534,1.5,3.4,-0.632,14,283,28.221,80.857,0.568,11.147,,,,,0
2026-10-10T04:00Z,2026-10-10T10:00Z,3733063,6,4.6,2.2,5.5,2.5,3.3,h,2.2,3.3,2.2,3.3,0,0,214.493,2.495,0.025,1.5,3.4,-0.632,17,283,26.672,88.613,1.607,356.007,,,,,0
2026-10-10T04:00Z,2026-10-10T16:00Z,3733063,12,7,3.9,5.9,2.8,3.3,h,3.9,3.3,3.9,3.3,0,0,62.565,0.804,0.104,1.5,3.4,-0.632,23,283,23.923,98.536,0.428,336.149,,,,,0
2026-10-10T04:00Z,2026-10-11T04:00Z,3733063,24,2.8,1.6,5.1,2.7,3.2,h,1.6,3.2,1.6,3.2,0,0,503.529,1.996,0.343,1.5,3.4,-0.632,11,284,28.288,78.496,1.614,22.819,,,,,0
2026-10-10T04:00Z,2026-10-12T04:00Z,3733063,48,4.9,3.7,5.1,3.6,3.5,h,3.7,3.5,3.7,3.5,0,0,666.974,1.874,0.09,1.5,3.4,-0.632,11,285,29.557,72.621,1.452,341.915,,,,,0
2026-10-10T04:00Z,2026-10-10T05:00Z,3733065,1,4.8,1.4,5.2,1.5,2.7,h,1.4,2.7,1.4,2.7,0,0.02,1149.495,2.658,0.013,1.2,2.7,-0.921,12,283,31.155,68.148,2.002,71.018,,,,,0
2026-10-10T04:00Z,2026-10-10T07:00Z,3733065,3,4.8,1.5,5.1,1.5,2.7,h,1.5,2.7,1.5,2.7,0,0.009,1074.691,1.91,0.013,1.2,2.7,-0.921,14,283,31.292,65.43,1.44,75.562,,,,,0
2026-10-10T04:00Z,2026-10-10T10:00Z,3733065,6,4.6,1.5,4.9,1.4,2.6,h,1.5,2.6,1.5,2.6,0,0.004,229.561,1.941,0.343,1.2,2.7,-0.921,17,283,26.937,87.299,1.087,77.546,,,,,0
2026-10-10T04:00Z,2026-10-10T16:00Z,3733065,12,4.2,1.6,4.8,1.5,2.5,h,1.6,2.5,1.6,2.5,0,0.001,111.745,3.053,0.271,1.2,2.7,-0.921,23,283,24.445,99.084,1.525,32.611,,,,,0
2026-10-10T04:00Z,2026-10-11T04:00Z,3733065,24,3.9,1.8,4,1.4,2.3,h,1.8,2.3,1.8,2.3,0,0.001,947.201,0.595,0.112,1.2,2.7,-0.921,11,284,29.79,73.401,0.382,69.573,,,,,0
2026-10-10T04:00Z,2026-10-12T04:00Z,3733065,48,5.6,3.7,5.9,3.6,3.1,h,3.7,3.1,3.7,3.1,0,0,831.536,0.883,0.034,1.2,2.7,-0.921,11,285,30.589,69.47,0.686,72.95,,,,,0
2026-10-10T04:00Z,2026-10-10T05:00Z,3783738,1,1.2,1.2,,,,h,1.2,,1.2,,0,0,1069.747,6.135,1.223,,,0,12,283,28.161,78.339,4.417,60.513,,,,,0
2026-10-10T04:00Z,2026-10-10T07:00Z,3783738,3,1.6,1.6,,,,h,1.6,,1.6,,0,0,754.713,6.668,1.412,,,0,14,283,27.817,81.044,4.533,75.703,,,,,0
2026-10-10T04:00Z,2026-10-10T10:00Z,3783738,6,1.6,1.6,,,,h,1.6,,1.6,,0,0,791.835,7.43,0.149,,,0,17,283,26.061,85.772,4.437,54.253,,,,,0
2026-10-10T04:00Z,2026-10-10T16:00Z,3783738,12,6.6,6.6,,,,h,6.6,,6.6,,0,0,628.259,7.267,0,,,0,23,283,24.459,83.418,3.981,58.773,,,,,0
2026-10-10T04:00Z,2026-10-11T04:00Z,3783738,24,8.6,8.6,,,,h,8.6,,8.7,,0,0.002,1223.165,7.468,0.005,,,0,11,284,29.298,61.706,5.309,57.426,,,,,0
2026-10-10T04:00Z,2026-10-12T04:00Z,3783738,48,14,14,,,,h,14,,14,,0,0.003,1181.998,6.383,0.005,,,0,11,285,29.622,65.209,4.636,58.263,,,,,0
2026-10-10T04:00Z,2026-10-10T05:00Z,3891934,1,8.1,16.5,18.4,37.3,22.5,h,16.5,22.5,16.5,22.5,0,0.008,1264.567,1.544,0.097,24.6,22.6,0.682,12,283,30.128,56.731,1.03,32.932,,,,,0
2026-10-10T04:00Z,2026-10-10T07:00Z,3891934,3,9.4,18.5,18.7,37.9,22.5,h,18.5,22.5,18.5,22.5,0,0.012,1439.405,2.583,0.113,24.6,22.6,0.682,14,283,31.021,52.388,1.84,39.625,,,,,0
2026-10-10T04:00Z,2026-10-10T10:00Z,3891934,6,11.9,22.3,19.4,39,22.6,h,22.3,22.6,22.5,22.6,0,0.009,259.248,2.698,0.386,24.6,22.6,0.682,17,283,26.38,81.818,1.674,164.352,,,,,0
2026-10-10T04:00Z,2026-10-10T16:00Z,3891934,12,31.2,53.2,19.1,36.5,24.1,h,53.2,24.1,53.4,24.1,0,0.003,78.225,1.449,1.035,24.6,22.6,0.682,23,283,23.565,96.82,0.633,334.725,,,,,0
2026-10-10T04:00Z,2026-10-11T04:00Z,3891934,24,9.9,15.3,20.5,35.1,25.9,h,15.3,25.9,15.5,25.9,0,0.001,771.564,0.664,0.171,24.6,22.6,0.682,11,284,26.699,78.74,0.586,328.476,,,,,0
2026-10-10T04:00Z,2026-10-12T04:00Z,3891934,48,8.7,11.4,13.8,19.3,21.4,h,11.4,21.4,11.4,21.4,0,0,713.973,0.214,0.044,24.6,22.6,0.682,11,285,28.044,70.781,0.075,160.335,,,,,0
2026-10-10T04:00Z,2026-10-10T05:00Z,3892436,1,8.1,20.2,18.4,45.8,27.9,h,20.2,27.9,20.2,27.9,0,0.008,1267.238,1.496,0.092,29.9,28,0.882,12,283,30.29,56.699,1.005,31.174,,,,,0
2026-10-10T04:00Z,2026-10-10T07:00Z,3892436,3,9.4,22.4,18.7,46.5,27.9,h,22.4,27.9,22.4,27.9,0,0.011,1439.645,2.546,0.105,29.9,28,0.882,14,283,31.199,52.288,1.823,39.671,,,,,0
2026-10-10T04:00Z,2026-10-10T10:00Z,3892436,6,11.9,26.7,19.4,47.8,28,h,26.7,28,26.9,28,0,0.009,255.682,2.729,0.381,29.9,28,0.882,17,283,26.528,81.832,1.715,166.767,,,,,0
2026-10-10T04:00Z,2026-10-10T16:00Z,3892436,12,31.2,62.1,19.1,44.1,29.7,h,62.1,29.7,62.4,29.8,0,0.003,77.809,1.484,0.992,29.9,28,0.882,23,283,23.739,96.566,0.642,333.421,,,,,0
2026-10-10T04:00Z,2026-10-11T04:00Z,3892436,24,9.9,17.4,20.5,41.1,31.4,h,17.4,31.4,17.7,31.5,0,0.001,785.076,0.746,0.168,29.9,28,0.882,11,284,26.891,78.4,0.652,324.577,,,,,0
2026-10-10T04:00Z,2026-10-12T04:00Z,3892436,48,8.7,12.3,13.8,21.2,25.6,h,12.3,25.6,12.3,25.6,0,0,707.816,0.194,0.038,29.9,28,0.882,11,285,28.182,70.796,0.062,174.977,,,,,0
2026-10-10T04:00Z,2026-10-10T05:00Z,3892437,1,8.1,21.2,18.4,48,29.6,h,21.2,29.6,21.2,29.6,0,0.008,1287.174,1.431,0.087,31.4,29.7,0.927,12,283,30.48,56.565,0.975,22.984,,,,,0
2026-10-10T04:00Z,2026-10-10T07:00Z,3892437,3,9.4,23.4,18.7,48.7,29.6,h,23.4,29.6,23.4,29.6,0,0.012,1474.753,2.554,0.097,31.4,29.7,0.927,14,283,31.45,51.609,1.841,35.036,,,,,0
2026-10-10T04:00Z,2026-10-10T10:00Z,3892437,6,11.9,27.8,19.4,50,29.6,h,27.8,29.6,28,29.6,0,0.009,234.119,2.792,0.385,31.4,29.7,0.927,17,283,26.628,82.46,1.77,171.951,,,,,0
2026-10-10T04:00Z,2026-10-10T16:00Z,3892437,12,31.2,64.3,19.1,46,31.4,h,64.3,31.4,64.6,31.4,0,0.003,79.375,1.605,1.046,31.4,29.7,0.927,23,283,23.888,96.607,0.685,331.265,,,,,0
2026-10-10T04:00Z,2026-10-11T04:00Z,3892437,24,9.9,17.9,20.5,42.5,33,h,17.9,33,18.2,33.1,0,0.001,772.346,1.056,0.171,31.4,29.7,0.927,11,284,27.047,78.289,0.903,314.793,,,,,0
2026-10-10T04:00Z,2026-10-12T04:00Z,3892437,48,8.7,12.5,13.8,21.7,26.9,h,12.5,26.9,12.5,26.9,0,0,710.007,0.145,0.028,31.4,29.7,0.927,11,285,28.356,70.548,0.109,229.152,,,,,0
2026-10-10T04:00Z,2026-10-10T05:00Z,3998818,1,9.3,15.5,20.1,33.4,35.4,h,15.5,35.4,15.5,35.4,0,0,721.631,4.451,0.19,29.1,35.4,0.493,12,283,26.087,86.901,3.321,46.709,,,,,0
2026-10-10T04:00Z,2026-10-10T07:00Z,3998818,3,7.8,12.9,19.7,32.9,35.3,h,12.9,35.3,12.9,35.3,0,0,808.164,5.194,0.089,29.1,35.4,0.493,14,283,27.224,78.43,3.933,56.422,,,,,0
2026-10-10T04:00Z,2026-10-10T10:00Z,3998818,6,7.3,11.7,19.1,31.8,35.1,h,11.7,35.1,11.8,35.1,0,0,468.365,3.635,0.488,29.1,35.4,0.493,17,283,26.006,87.269,2.538,57.187,,,,,0
2026-10-10T04:00Z,2026-10-10T16:00Z,3998818,12,12.6,18.8,16.4,26.9,32.8,h,18.8,32.8,18.9,32.8,0,0,277.82,4.441,0,29.1,35.4,0.493,23,283,24.77,84.368,2.012,79.337,,,,,0
2026-10-10T04:00Z,2026-10-11T04:00Z,3998818,24,12.6,17.2,12.1,17.9,30.9,h,17.2,30.9,17.5,30.9,0,0.001,1008.047,3.905,0.002,29.1,35.4,0.493,11,284,29.08,63.183,3.009,81.708,,,,,0
2026-10-10T04:00Z,2026-10-12T04:00Z,3998818,48,28.6,34.4,23.4,29.5,33.3,h,34.4,33.3,34.4,33.3,0,0.002,806.921,2.883,0,29.1,35.4,0.493,11,285,28.921,64.875,2.276,88.774,,,,,0
2026-10-10T04:00Z,2026-10-10T05:00Z,4028033,1,11.9,23.8,15.8,32.2,27.9,h,23.8,27.9,23.8,27.9,0,0.002,989.491,2.886,0.201,29.7,27.9,0.681,12,283,30.478,68.181,2.272,47.215,,,,,0
2026-10-10T04:00Z,2026-10-10T07:00Z,4028033,3,10.7,20.9,16,32.5,27.9,h,20.9,27.9,20.9,27.9,0,0.001,353.56,2.287,1.472,29.7,27.9,0.681,14,283,27.662,86.04,1.705,309.077,,,,,0
2026-10-10T04:00Z,2026-10-10T10:00Z,4028033,6,9.1,17.2,16.2,32.6,27.8,h,17.2,27.8,17.3,27.8,0,0.001,279.398,1.589,2.521,29.7,27.9,0.681,17,283,26.477,91.924,0.775,84.04,,,,,0
2026-10-10T04:00Z,2026-10-10T16:00Z,4028033,12,9.5,16.7,15.1,29.6,27.7,h,16.7,27.7,16.8,27.7,0,0,271.37,3.393,1.515,29.7,27.9,0.681,23,283,24.751,97.606,1.936,56.256,,,,,0
2026-10-10T04:00Z,2026-10-11T04:00Z,4028033,24,3.2,5.3,8.6,15.4,23.9,h,5.3,23.9,5.4,23.9,0,0,782.883,4.546,1.361,29.7,27.9,0.681,11,284,28.498,77.628,3.335,90.635,,,,,0
2026-10-10T04:00Z,2026-10-12T04:00Z,4028033,48,9.9,12.9,10.1,14,21,h,12.9,21,12.9,21,0,0,1110.782,3.376,0.005,29.7,27.9,0.681,11,285,30.477,67.764,2.565,66.381,,,,,0
2026-10-10T04:00Z,2026-10-10T05:00Z,4143979,1,15.3,28.5,12,23,22.8,h,28.5,22.8,28.5,22.8,0,0.018,1243.347,3.907,0.006,30.3,22.8,0.618,12,283,25.666,55.634,2.772,99.107,,,,,0
2026-10-10T04:00Z,2026-10-10T07:00Z,4143979,3,13.7,25,12.7,24.3,22.9,h,25,22.9,25,22.9,0,0.01,1125.09,3.397,0.003,30.3,22.8,0.618,14,283,25.106,58.802,2.39,104.398,,,,,0
2026-10-10T04:00Z,2026-10-10T10:00Z,4143979,6,13.7,24.1,13.7,25.8,23.3,h,24.1,23.3,24.3,23.3,0,0.005,298.418,2.348,0.062,30.3,22.8,0.618,17,283,22.922,76.695,1.096,118.304,,,,,0
2026-10-10T04:00Z,2026-10-10T16:00Z,4143979,12,16.4,26.9,14.9,27.3,23.6,h,26.9,23.6,27,23.6,0,0.004,111.476,2.755,0,30.3,22.8,0.618,23,283,20.411,82.961,0.992,102.55,,,,,0
2026-10-10T04:00Z,2026-10-11T04:00Z,4143979,24,10.1,15,14.3,23.7,23,h,15,23,15.2,23.1,0,0.003,1111.426,2.795,0.06,30.3,22.8,0.618,11,284,25.274,61.891,2.05,94.637,,,,,0
2026-10-10T04:00Z,2026-10-12T04:00Z,4143979,48,11.7,14.9,12.5,16.8,20.7,h,14.9,20.7,14.9,20.7,0,0.003,1211.638,2.247,0,30.3,22.8,0.618,11,285,26.396,55.279,1.626,92.57,,,,,0
2026-10-10T04:00Z,2026-10-10T05:00Z,4143980,1,18.7,21.5,,,,h,21.5,,21.5,,0,0.07,1247.162,4.538,0.037,,,0.203,12,283,27.175,60.098,3.255,58.085,,,,,0
2026-10-10T04:00Z,2026-10-10T07:00Z,4143980,3,15.1,17.3,,,,h,17.3,,17.3,,0,0.041,1324.84,4.192,0.168,,,0.203,14,283,27.475,61.365,3.017,70.603,,,,,0
2026-10-10T04:00Z,2026-10-10T10:00Z,4143980,6,9.1,10.4,,,,h,10.4,,10.5,,0,0.009,149.566,0.904,0.755,,,0.203,17,283,23.27,90.857,0.469,78.507,,,,,0
2026-10-10T04:00Z,2026-10-10T16:00Z,4143980,12,8.2,9.2,,,,h,9.2,,9.2,,0,0.004,96.478,2.673,0.472,,,0.203,23,283,21.231,96.123,0.873,55.591,,,,,0
2026-10-10T04:00Z,2026-10-11T04:00Z,4143980,24,8.2,9,,,,h,9,,9.1,,0,0.005,892.743,2.715,0.051,,,0.203,11,284,25.431,75.3,2.024,46.946,,,,,0
2026-10-10T04:00Z,2026-10-12T04:00Z,4143980,48,15,15.8,,,,h,15.8,,15.8,,0,0.001,912.446,1.92,0.012,,,0.203,11,285,27.016,64.819,1.462,50.116,,,,,0
2026-10-10T04:00Z,2026-10-10T05:00Z,4143982,1,1.9,2.5,1.5,2.1,8.4,h,2.5,8.4,2.5,8.4,0,0,937.054,5.425,2.144,0.7,8.4,0.186,12,283,27.34,81.866,3.791,63.462,,,,,0
2026-10-10T04:00Z,2026-10-10T07:00Z,4143982,3,2,2.6,1.6,2.1,8.2,h,2.6,8.2,2.6,8.2,0,0,799.438,6.915,1.407,0.7,8.4,0.186,14,283,27.232,79.196,4.775,62.668,,,,,0
2026-10-10T04:00Z,2026-10-10T10:00Z,4143982,6,2.9,3.6,1.7,2.2,8,h,3.6,8,3.6,8,0,0,667.751,6.432,0.237,0.7,8.4,0.186,17,283,25.224,87.85,3.807,48.607,,,,,0
2026-10-10T04:00Z,2026-10-10T16:00Z,4143982,12,3.1,3.7,1.8,2.4,7.1,h,3.7,7.1,3.7,7.1,0,0.001,462.325,5.322,0.015,0.7,8.4,0.186,23,283,23.667,90.603,2.635,44.808,,,,,0
2026-10-10T04:00Z,2026-10-11T04:00Z,4143982,24,6.9,7.8,4.2,5,7.3,h,7.8,7.3,7.9,7.3,0,0.003,1089.102,6.296,0.126,0.7,8.4,0.186,11,284,28.307,67.427,4.404,48.705,,,,,0
2026-10-10T04:00Z,2026-10-12T04:00Z,4143982,48,8.1,8.7,17.9,19.6,14,h,8.7,14,8.7,14,0,0.002,987.858,6.285,0.053,0.7,8.4,0.186,11,285,28.109,72.708,4.383,45.122,,,,,0
2026-10-10T04:00Z,2026-10-10T05:00Z,4143983,1,1.4,4.4,,,,h,4.4,,4.4,,0,0,1140.895,5.194,0.29,,,1.252,12,283,29.452,72.525,3.882,56.263,,,,,0
2026-10-10T04:00Z,2026-10-10T07:00Z,4143983,3,1.6,4.6,,,,h,4.6,,4.6,,0,0,859.546,5.714,0.985,,,1.252,14,283,28.966,76.525,4.138,75.587,,,,,0
2026-10-10T04:00Z,2026-10-10T10:00Z,4143983,6,2.2,5.6,,,,h,5.6,,5.7,,0,0,686.259,6.733,0.446,,,1.252,17,283,26.375,87.072,4.054,51.867,,,,,0
2026-10-10T04:00Z,2026-10-10T16:00Z,4143983,12,3.5,7.6,,,,h,7.6,,7.6,,0,0,639.173,8.031,0,,,1.252,23,283,24.615,84.325,4.539,57.856,,,,,0
2026-10-10T04:00Z,2026-10-11T04:00Z,4143983,24,5.1,9.1,,,,h,9.1,,9.2,,0,0.002,1198.492,7.987,0.002,,,1.252,11,284,29.433,64.085,5.772,58.898,,,,,0
2026-10-10T04:00Z,2026-10-12T04:00Z,4143983,48,14.3,19.7,,,,h,19.7,,19.7,,0,0.003,1232.368,6.835,0.002,,,1.252,11,285,30.235,63.802,5.116,66.487,,,,,0
2026-10-10T04:00Z,2026-10-10T05:00Z,4143984,1,1.5,0.9,1.8,1.1,6.9,h,0.9,6.9,0.9,6.9,0,0,881.863,6.913,3.059,0.1,7,-0.289,12,283,26.721,85.87,4.826,61.209,,,,,0
2026-10-10T04:00Z,2026-10-10T07:00Z,4143984,3,1.7,1.1,1.6,1,6.6,h,1.1,6.6,1.1,6.6,0,0,961.54,8.856,0.511,0.1,7,-0.289,14,283,27.913,73.44,6.092,63.782,,,,,0
2026-10-10T04:00Z,2026-10-10T10:00Z,4143984,6,2,1.3,1.3,0.7,6.3,h,1.3,6.3,1.3,6.3,0,0,830.691,7.963,0.012,0.1,7,-0.289,17,283,25.377,83.464,4.86,50.306,,,,,0
2026-10-10T04:00Z,2026-10-10T16:00Z,4143984,12,4.8,3.7,1.6,1,5.7,h,3.7,5.7,3.7,5.7,0,0.001,691.171,6.874,0,0.1,7,-0.289,23,283,24.195,85.975,3.77,46.278,,,,,0
2026-10-10T04:00Z,2026-10-11T04:00Z,4143984,24,6.8,5.6,4.4,3.4,5.9,h,5.6,5.9,5.7,5.9,0,0.004,1227.75,7.56,0.003,0.1,7,-0.289,11,284,28.765,62.009,5.323,48.039,,,,,0
2026-10-10T04:00Z,2026-10-12T04:00Z,4143984,48,9.7,8.6,17.4,15.2,11.1,h,8.6,11.1,8.6,11.1,0,0.003,1119.423,7.523,0.003,0.1,7,-0.289,11,285,28.408,69.669,5.258,46.27,,,,,0
2026-10-10T04:00Z,2026-10-10T05:00Z,4143985,1,1.3,0.9,3,2.3,5.1,h,0.9,5.1,0.9,5.1,0,0,1089.624,5.605,1.439,0,5.2,-0.176,12,283,28.439,77.442,4.013,59.453,,,,,0
2026-10-10T04:00Z,2026-10-10T07:00Z,4143985,3,1.5,1.1,2.6,2,5,h,1.1,5,1.1,5,0,0,780.311,6.575,1.63,0,5.2,-0.176,14,283,27.761,80.029,4.539,69.013,,,,,0
2026-10-10T04:00Z,2026-10-10T10:00Z,4143985,6,1.7,1.3,1.8,1.3,4.8,h,1.3,4.8,1.3,4.8,0,0,732.433,6.911,0.179,0,5.2,-0.176,17,283,25.873,86.705,4.122,50.578,,,,,0
2026-10-10T04:00Z,2026-10-10T16:00Z,4143985,12,6.3,5.4,1.6,1.2,4.5,h,5.4,4.5,5.4,4.5,0,0.001,576.361,6.763,0,0,5.2,-0.176,23,283,24.153,86.834,3.625,52.319,,,,,0
2026-10-10T04:00Z,2026-10-11T04:00Z,4143985,24,6.9,6.1,5.3,4.6,5,h,6.1,5,6.2,5,0,0.002,1203.047,7.241,0.02,0,5.2,-0.176,11,284,29.148,63.089,5.113,53.359,,,,,0
2026-10-10T04:00Z,2026-10-12T04:00Z,4143985,48,12.4,11.6,17.7,16.2,10.7,h,11.6,10.7,11.6,10.7,0,0.002,1118.347,6.645,0.02,0,5.2,-0.176,11,285,29.104,67.918,4.738,52.976,,,,,0
2026-10-10T04:00Z,2026-10-10T05:00Z,4143986,1,3.8,2.1,4.2,2.3,5.9,h,2.1,5.9,2.1,5.9,0,0,1050.642,2.544,0.154,1.7,5.9,-0.45,12,283,30.011,71.398,1.91,34.045,,,,,0
2026-10-10T04:00Z,2026-10-10T07:00Z,4143986,3,3.3,1.8,4.4,2.4,5.8,h,1.8,5.8,1.8,5.8,0,0,458.893,2.44,2.482,1.7,5.9,-0.45,14,283,27.489,85.67,1.734,54.37,,,,,0
2026-10-10T04:00Z,2026-10-10T10:00Z,4143986,6,3.1,1.8,4.5,2.6,5.7,h,1.8,5.7,1.8,5.7,0,0,390.484,3.65,0.196,1.7,5.9,-0.45,17,283,26.262,91.091,2.216,29.096,,,,,0
2026-10-10T04:00Z,2026-10-10T16:00Z,4143986,12,2.8,1.7,4.5,2.6,5.3,h,1.7,5.3,1.7,5.3,0,0,193.005,3.219,0.049,1.7,5.9,-0.45,23,283,23.609,96.536,1.416,37.935,,,,,0
2026-10-10T04:00Z,2026-10-11T04:00Z,4143986,24,1.5,0.9,2.7,1.6,4.5,h,0.9,4.5,0.9,4.5,0,0,880.579,4.212,0.179,1.7,5.9,-0.45,11,284,28.905,71.398,3.024,45.544,,,,,0
2026-10-10T04:00Z,2026-10-12T04:00Z,4143986,48,3.9,3.2,6.3,5,5.4,h,3.2,5.4,3.2,5.4,0,0.001,832.624,3.8,0.08,1.7,5.9,-0.45,11,285,29.04,72.229,2.773,37.123,,,,,0
2026-10-10T04:00Z,2026-10-10T05:00Z,4143988,1,4.4,4,6.2,5.7,5.9,h,4,5.9,4,5.9,0,0.001,1117.436,2.577,0.169,1,5.9,-0.082,12,283,28.558,66.054,1.762,64.687,,,,,0
2026-10-10T04:00Z,2026-10-10T07:00Z,4143988,3,3.8,3.5,6,5.5,5.9,h,3.5,5.9,3.5,5.9,0,0,1049.568,2.689,0.239,1,5.9,-0.082,14,283,27.819,66.612,1.854,97.988,,,,,0
2026-10-10T04:00Z,2026-10-10T10:00Z,4143988,6,4.3,3.9,5.8,5.3,6,h,3.9,6,3.9,6,0,0,671.612,3.708,0.001,1,5.9,-0.082,17,283,25.629,79.191,1.799,58.841,,,,,0
2026-10-10T04:00Z,2026-10-10T16:00Z,4143988,12,8.1,7.5,5.7,5.2,5.8,h,7.5,5.8,7.5,5.8,0,0,52.027,2.706,0.009,1,5.9,-0.082,23,283,22.211,91.566,1.648,5.726,,,,,0
2026-10-10T04:00Z,2026-10-11T04:00Z,4143988,24,3.6,3.4,6.1,5.7,5.8,h,3.4,5.8,3.5,5.8,0,0.001,1093.395,4.39,0.877,1,5.9,-0.082,11,284,27.823,67.219,2.995,60.983,,,,,0
2026-10-10T04:00Z,2026-10-12T04:00Z,4143988,48,3.2,3.1,6.1,5.8,5.9,h,3.1,5.9,3.1,5.9,0,0,1187.666,4.081,0.006,1,5.9,-0.082,11,285,28.813,64.493,2.855,56.788,,,,,0
2026-10-10T04:00Z,2026-10-10T05:00Z,4165629,1,1.3,9.3,3.8,21.7,16.1,h,9.3,16.1,9.3,16.1,0,0,716.513,2.882,0.154,6.3,16.1,1.561,12,283,29.062,73.774,2.305,65.591,,,,,0
2026-10-10T04:00Z,2026-10-10T07:00Z,4165629,3,2.1,12,3.5,20.2,16,h,12,16,12,16,0,0.001,319.272,2.116,1.049,6.3,16.1,1.561,14,283,27.163,84.228,1.848,111.702,,,,,0
2026-10-10T04:00Z,2026-10-10T10:00Z,4165629,6,2,10.6,3.1,17.9,15.9,h,10.6,15.9,10.7,15.9,0,0.02,286.505,1.99,0.683,6.3,16.1,1.561,17,283,26.548,86.712,1.837,139.108,,,,,0
2026-10-10T04:00Z,2026-10-10T16:00Z,4165629,12,1.7,7.9,1.9,11.6,14.6,h,7.9,14.6,7.9,14.6,0,0.017,233.234,2.86,0.111,6.3,16.1,1.561,23,283,25.24,91.602,1.918,65.348,,,,,0
2026-10-10T04:00Z,2026-10-11T04:00Z,4165629,24,1.9,6.3,1.5,7.6,13.4,h,6.3,13.4,6.4,13.4,0,0,615.244,3.122,0.026,6.3,16.1,1.561,11,284,27.813,78.708,2.479,53.563,,,,,0
2026-10-10T04:00Z,2026-10-12T04:00Z,4165629,48,2.3,4.8,2.2,5.6,10.9,h,4.8,10.9,4.8,10.9,0,0,770.971,2.815,0.077,6.3,16.1,1.561,11,285,28.463,77.886,2.233,92.256,,,,,0
2026-10-10T04:00Z,2026-10-10T05:00Z,4321722,1,1.5,1.7,1.6,1.8,2.4,h,1.7,2.4,1.7,2.4,0,0,974.091,4.256,1.13,0,2.4,0.084,12,283,27.363,77.261,2.97,63.336,,,,,0
2026-10-10T04:00Z,2026-10-10T07:00Z,4321722,3,2,2.2,1.6,1.9,2.4,h,2.2,2.4,2.2,2.4,0,0,694.465,5.095,1.735,0,2.4,0.084,14,283,26.288,81.867,3.505,60.298,,,,,0
2026-10-10T04:00Z,2026-10-10T10:00Z,4321722,6,2.3,2.5,1.8,2,2.4,h,2.5,2.4,2.5,2.4,0,0,559.986,5.236,0.304,0,2.4,0.084,17,283,24.521,90.434,2.991,44.309,,,,,0
2026-10-10T04:00Z,2026-10-10T16:00Z,4321722,12,1,1.1,1.7,1.9,2.5,h,1.1,2.5,1.1,2.5,0,0,313.657,4.176,0.019,0,2.4,0.084,23,283,22.729,93.81,1.883,39.962,,,,,0
2026-10-10T04:00Z,2026-10-11T04:00Z,4321722,24,5.3,5.6,1.9,2,2.3,h,5.6,2.3,5.7,2.3,0,0.001,969.337,5.252,0.161,0,2.4,0.084,11,284,27.265,71.931,3.611,48.754,,,,,0
2026-10-10T04:00Z,2026-10-12T04:00Z,4321722,48,4.8,5,10.8,11.3,6.8,h,5,6.8,5,6.8,0,0.001,914.815,5.292,0.069,0,2.4,0.084,11,285,27.505,73.487,3.674,45.967,,,,,0
2026-10-10T04:00Z,2026-10-10T05:00Z,4588536,1,9,18.3,17.7,36.1,20.6,h,18.3,20.6,18.3,20.6,0,0.009,1328.712,1.353,0.083,26.1,20.6,0.684,12,283,31.01,56.08,0.991,2.174,,,,,0
2026-10-10T04:00Z,2026-10-10T07:00Z,4588536,3,9.7,19.1,18.2,37,20.6,h,19.1,20.6,19.1,20.6,0,0.012,1538.252,2.493,0.075,26.1,20.6,0.684,14,283,32.093,50.154,1.833,25.76,,,,,0
2026-10-10T04:00Z,2026-10-10T10:00Z,4588536,6,10.9,20.5,19,38.3,20.8,h,20.5,20.8,20.7,20.8,0,0.009,185.562,2.964,0.38,26.1,20.6,0.684,17,283,26.951,83.899,1.937,181.92,,,,,0
2026-10-10T04:00Z,2026-10-10T16:00Z,4588536,12,22.8,39.1,18.1,34.8,22.4,h,39.1,22.4,39.3,22.4,0,0.003,81.862,1.897,1.064,26.1,20.6,0.684,23,283,24.322,96.474,0.782,327.469,,,,,0
2026-10-10T04:00Z,2026-10-11T04:00Z,4588536,24,9.5,14.8,16.6,28.8,22.7,h,14.8,22.7,15,22.8,0,0.001,763.29,1.779,0.18,26.1,20.6,0.684,11,284,27.548,77.796,1.475,304.923,,,,,0
2026-10-10T04:00Z,2026-10-12T04:00Z,4588536,48,10,13.1,12.5,17.4,19.5,h,13.1,19.5,13.1,19.5,0,0,708.591,0.467,0.022,26.1,20.6,0.684,11,285,28.815,70.142,0.425,280.638,,,,,0
2026-10-10T04:00Z,2026-10-10T05:00Z,4765764,1,10,9.8,18.8,18.5,27.7,h,9.8,27.7,9.8,27.7,0,0,771.631,4.401,0.176,14.2,27.7,-0.017,12,283,26.338,85.545,3.298,48.834,,,,,0
2026-10-10T04:00Z,2026-10-10T07:00Z,4765764,3,8.7,8.5,18.6,18.3,27.6,h,8.5,27.6,8.5,27.6,0,0,819.083,5.226,0.169,14.2,27.7,-0.017,14,283,27.216,78.553,3.96,56.294,,,,,0
2026-10-10T04:00Z,2026-10-10T10:00Z,4765764,6,8.1,8,18.3,18,27.3,h,8,27.3,8.1,27.3,0,0,445.898,3.556,0.517,14.2,27.7,-0.017,17,283,25.905,87.753,2.441,55.359,,,,,0
2026-10-10T04:00Z,2026-10-10T16:00Z,4765764,12,16.3,16.1,16.9,16.6,25.4,h,16.1,25.4,16.2,25.4,0,0,242.261,3.971,0,14.2,27.7,-0.017,23,283,24.566,86.402,1.721,78.326,,,,,0
2026-10-10T04:00Z,2026-10-11T04:00Z,4765764,24,10.9,10.8,13.8,13.7,24.1,h,10.8,24.1,11,24.1,0,0.001,1005.644,3.778,0.006,14.2,27.7,-0.017,11,284,29.005,64.072,2.909,82.44,,,,,0
2026-10-10T04:00Z,2026-10-12T04:00Z,4765764,48,27.5,27.3,20.8,20.7,25.2,h,27.3,25.2,27.3,25.2,0,0.002,826.389,2.72,0,14.2,27.7,-0.017,11,285,28.907,64.929,2.146,89.193,,,,,0
2026-10-10T04:00Z,2026-10-10T05:00Z,4894523,1,23.9,34.2,28,40.6,34.7,h,34.2,34.7,34.2,34.7,0,0.003,1039.369,3.059,0.177,37.7,34.7,0.361,12,283,30.453,69.195,2.42,42.349,,,,,0
2026-10-10T04:00Z,2026-10-10T07:00Z,4894523,3,20.8,29.4,27.5,39.8,34.7,h,29.4,34.7,29.4,34.7,0,0.002,491.735,2.139,1.481,37.7,34.7,0.361,14,283,28.058,83.731,1.529,318.033,,,,,0
2026-10-10T04:00Z,2026-10-10T10:00Z,4894523,6,15.8,21.9,26.1,37.6,34.6,h,21.9,34.6,22.1,34.6,0,0.001,321.522,1.312,1.949,37.7,34.7,0.361,17,283,26.637,90.366,0.752,67.684,,,,,0
2026-10-10T04:00Z,2026-10-10T16:00Z,4894523,12,10.9,14.7,23.6,33.7,34,h,14.7,34,14.8,34,0,0,265.23,3.08,1.96,37.7,34.7,0.361,23,283,24.624,97.138,1.714,47.715,,,,,0
2026-10-10T04:00Z,2026-10-11T04:00Z,4894523,24,7.1,9,12.7,17.3,29.1,h,9,29.1,9.1,29.2,0,0,605.966,3.124,1.664,37.7,34.7,0.361,11,284,27.643,81.559,2.287,89.317,,,,,0
2026-10-10T04:00Z,2026-10-12T04:00Z,4894523,48,17.5,20.1,13.2,15.8,25.2,h,20.1,25.2,20.1,25.2,0,0,1003.847,3.263,0.082,37.7,34.7,0.361,11,285,29.999,71.038,2.526,59.385,,,,,0
2026-10-10T04:00Z,2026-10-10T05:00Z,4932270,1,8.1,12.9,,,,h,12.9,,12.9,,0,0.004,1079.7,3.499,0.18,,,0.46,12,283,26.825,57.824,2.478,76.645,,,,,0
2026-10-10T04:00Z,2026-10-10T07:00Z,4932270,3,9.4,14.6,,,,h,14.6,,14.6,,0,0.009,1119.174,3.463,0.28,,,0.46,14,283,27.051,58.808,2.428,76.182,,,,,0
2026-10-10T04:00Z,2026-10-10T10:00Z,4932270,6,11.9,17.9,,,,h,17.9,,18,,0,0.01,542.486,4.142,0.419,,,0.46,17,283,24.057,75.148,2.603,106.512,,,,,0
2026-10-10T04:00Z,2026-10-10T16:00Z,4932270,12,31.2,44.1,,,,h,44.1,,44.3,,0,0.004,113.75,1.024,0.832,,,0.46,23,283,20.404,98.909,0.402,95.927,,,,,0
2026-10-10T04:00Z,2026-10-11T04:00Z,4932270,24,9.9,13.2,,,,h,13.2,,13.4,,0,0.001,783.841,3.614,0.204,,,0.46,11,284,23.229,83.635,2.6,110.963,,,,,0
2026-10-10T04:00Z,2026-10-12T04:00Z,4932270,48,8.7,10.4,,,,h,10.4,,10.4,,0,0,772.972,2.32,0.169,,,0.46,11,285,25.098,71.944,1.745,125.7,,,,,0
2026-10-10T04:00Z,2026-10-10T05:00Z,4985405,1,3.3,17.1,10.1,48.7,38,h,17.1,38,17.1,38,0,0,320.436,1.46,2.857,33.9,38.1,1.498,12,283,26.547,86.301,1.172,249.662,,,,,0
2026-10-10T04:00Z,2026-10-10T07:00Z,4985405,3,2.6,13.3,9.3,44.7,37.9,h,13.3,37.9,13.3,37.9,0,0,388.827,1.445,0.463,33.9,38.1,1.498,14,283,27.035,87.472,1.267,250.893,,,,,0
2026-10-10T04:00Z,2026-10-10T10:00Z,4985405,6,2.9,13.2,8.5,41.1,37.3,h,13.2,37.3,13.3,37.3,0,0,338.841,1.788,0.682,33.9,38.1,1.498,17,283,26.876,85.966,1.535,219.863,,,,,0
2026-10-10T04:00Z,2026-10-10T16:00Z,4985405,12,4.2,15.3,6.6,31,35.2,h,15.3,35.2,15.4,35.3,0,0,170.282,0.836,1.839,33.9,38.1,1.498,23,283,24.942,91.467,0.726,212.072,,,,,0
2026-10-10T04:00Z,2026-10-11T04:00Z,4985405,24,3,8.7,3,11.7,29.7,h,8.7,29.7,8.8,29.7,0,0,572.461,1.946,0.148,33.9,38.1,1.498,11,284,27.997,78.133,1.754,206.275,,,,,0
2026-10-10T04:00Z,2026-10-12T04:00Z,4985405,48,2.1,4.3,2.4,5.9,22,h,4.3,22,4.3,22,0,0,617.451,0.705,0.283,33.9,38.1,1.498,11,285,28.115,78.246,0.544,92.819,,,,,0
2026-10-10T04:00Z,2026-10-10T05:00Z,4993065,1,11.9,21.9,15.8,29.6,21.2,h,21.9,21.2,21.9,21.2,0,0,973.683,2.959,0.184,31.1,21.2,0.598,12,283,30.491,68.81,2.344,47.25,,,,,0
2026-10-10T04:00Z,2026-10-10T07:00Z,4993065,3,10.7,19.3,16,29.8,21.2,h,19.3,21.2,19.3,21.2,0,0,433.269,1.695,1.061,31.1,21.2,0.598,14,283,28.1,83.807,1.248,313.505,,,,,0
2026-10-10T04:00Z,2026-10-10T10:00Z,4993065,6,9.1,15.9,16.2,29.9,21.2,h,15.9,21.2,16,21.2,0,0,254.221,1.895,2.845,31.1,21.2,0.598,17,283,26.267,92.61,0.961,91.361,,,,,0
2026-10-10T04:00Z,2026-10-10T16:00Z,4993065,12,9.5,15.6,15.1,27.3,21.6,h,15.6,21.6,15.7,21.6,0,0,248.777,3.113,1.326,31.1,21.2,0.598,23,283,24.692,97.879,1.778,51.989,,,,,0
2026-10-10T04:00Z,2026-10-11T04:00Z,4993065,24,3.2,5,8.6,14.4,19,h,5,19,5.1,19,0,0,840.284,4.201,0.924,31.1,21.2,0.598,11,284,28.838,76.148,3.078,91.431,,,,,0
2026-10-10T04:00Z,2026-10-12T04:00Z,4993065,48,9.9,12.5,10.1,13.5,17.3,h,12.5,17.3,12.5,17.3,0,0,1085.017,3.538,0.051,31.1,21.2,0.598,11,285,30.573,67.765,2.684,70.901,,,,,0
2026-10-10T04:00Z,2026-10-10T05:00Z,5103390,1,9.3,14.8,20.1,32,31.3,h,14.8,31.3,14.8,31.3,0,0,711.361,4.409,0.193,29.9,31.3,0.449,12,283,26.01,87.336,3.287,46.131,,,,,0
2026-10-10T04:00Z,2026-10-10T07:00Z,5103390,3,7.8,12.3,19.7,31.4,31.2,h,12.3,31.2,12.3,31.2,0,0,809.22,5.181,0.072,29.9,31.3,0.449,14,283,27.217,78.418,3.921,56.695,,,,,0
2026-10-10T04:00Z,2026-10-10T10:00Z,5103390,6,7.3,11.2,19.1,30.4,31,h,11.2,31,11.3,31,0,0,469.667,3.645,0.496,29.9,31.3,0.449,17,283,26.003,87.287,2.553,57.607,,,,,0
2026-10-10T04:00Z,2026-10-10T16:00Z,5103390,12,12.6,18.2,16.4,25.7,29.3,h,18.2,29.3,18.3,29.3,0,0,281.118,4.489,0,29.9,31.3,0.449,23,283,24.787,84.175,2.045,79.683,,,,,0
2026-10-10T04:00Z,2026-10-11T04:00Z,5103390,24,12.6,16.8,12.1,17.3,27.7,h,16.8,27.7,17.1,27.7,0,0.001,1006.351,3.906,0.002,29.9,31.3,0.449,11,284,29.077,63.094,3.009,81.946,,,,,0
2026-10-10T04:00Z,2026-10-12T04:00Z,5103390,48,28.6,33.8,23.4,28.9,30.5,h,33.8,30.5,33.8,30.5,0,0.002,802.379,2.906,0,29.9,31.3,0.449,11,285,28.903,64.969,2.295,89.231,,,,,0
2026-10-10T04:00Z,2026-10-10T05:00Z,5108494,1,11.8,26,15.2,34.2,23.4,h,26,23.4,26,23.4,0,0,1005.114,3.156,0.173,32.6,23.4,0.779,12,283,30.509,69.108,2.5,46.05,,,,,0
2026-10-10T04:00Z,2026-10-10T07:00Z,5108494,3,10,21.5,14.8,33.3,23.4,h,21.5,23.4,21.5,23.4,0,0,518.167,1.459,0.991,32.6,23.4,0.779,14,283,28.383,82.082,1.026,327.606,,,,,0
2026-10-10T04:00Z,2026-10-10T10:00Z,5108494,6,9.1,18.8,14.1,31.4,23.4,h,18.8,23.4,19,23.4,0,0,270.066,1.9,2.627,32.6,23.4,0.779,17,283,26.296,92.046,1.031,89.204,,,,,0
2026-10-10T04:00Z,2026-10-10T16:00Z,5108494,12,9.3,17.7,12.6,27.3,24,h,17.7,24,17.8,24,0,0,245.541,3.047,1.412,32.6,23.4,0.779,23,283,24.659,97.603,1.737,50.039,,,,,0
2026-10-10T04:00Z,2026-10-11T04:00Z,5108494,24,3.7,6.5,7.6,15,20.7,h,6.5,20.7,6.6,20.8,0,0,794.165,3.764,0.93,32.6,23.4,0.779,11,284,28.624,77.08,2.77,90.492,,,,,0
2026-10-10T04:00Z,2026-10-12T04:00Z,5108494,48,11.1,15,9.9,14.5,19,h,15,19,15,19,0,0,1042.533,3.609,0.089,32.6,23.4,0.779,11,285,30.401,68.995,2.753,69.639,,,,,0
2026-10-10T04:00Z,2026-10-10T05:00Z,5482624,1,22.5,13.4,26.3,15.5,13.6,h,13.4,13.6,13.4,13.6,0,0.011,988.425,2.807,0.214,16.1,13.6,-0.508,12,283,29.865,73.619,2.242,32.677,,,,,0
2026-10-10T04:00Z,2026-10-10T07:00Z,5482624,3,22.6,13.8,26.8,15.8,13.6,h,13.8,13.6,13.8,13.6,0,0.007,813.316,2.057,1.241,16.1,13.6,-0.508,14,283,28.87,78.703,1.433,356.595,,,,,0
2026-10-10T04:00Z,2026-10-10T10:00Z,5482624,6,17.9,11.2,26.9,15.9,13.5,h,11.2,13.5,11.3,13.5,0,0.003,382.731,2.371,1.502,16.1,13.6,-0.508,17,283,26.917,86.677,1.749,3.197,,,,,0
2026-10-10T04:00Z,2026-10-10T16:00Z,5482624,12,9.8,6.3,23.7,14.2,13.1,h,6.3,13.1,6.3,13.1,0,0,283.392,3.24,2.813,16.1,13.6,-0.508,23,283,24.04,96.678,1.811,359.951,,,,,0
2026-10-10T04:00Z,2026-10-11T04:00Z,5482624,24,8.1,5.7,12.2,7.8,11.7,h,5.7,11.7,5.8,11.7,0,0,263.268,0.627,1.86,16.1,13.6,-0.508,11,284,25.426,91.281,0.566,305.828,,,,,0
2026-10-10T04:00Z,2026-10-12T04:00Z,5482624,48,9.4,7.7,9.8,7.5,10.5,h,7.7,10.5,7.7,10.5,0,0,807.825,2.839,0.23,16.1,13.6,-0.508,11,285,28.741,78.163,2.303,36.401,,,,,0
2026-10-10T04:00Z,2026-10-10T05:00Z,5551122,1,8.1,15.5,18.4,35,21.4,h,15.5,21.4,15.5,21.4,0,0.009,1274.412,1.556,0.098,23.1,21.4,0.62,12,283,30.055,56.678,1.034,30.123,,,,,0
2026-10-10T04:00Z,2026-10-10T07:00Z,5551122,3,9.4,17.4,18.7,35.6,21.4,h,17.4,21.4,17.4,21.4,0,0.012,1462.199,2.638,0.116,23.1,21.4,0.62,14,283,30.97,52.055,1.877,36.604,,,,,0
2026-10-10T04:00Z,2026-10-10T10:00Z,5551122,6,11.9,21,19.4,36.7,21.5,h,21,21.5,21.2,21.5,0,0.01,249.185,2.686,0.391,23.1,21.4,0.62,17,283,26.268,82.183,1.649,164.957,,,,,0
2026-10-10T04:00Z,2026-10-10T16:00Z,5551122,12,31.2,50.7,19.1,34.4,22.9,h,50.7,22.9,50.9,22.9,0,0.003,79.789,1.483,1.124,23.1,21.4,0.62,23,283,23.454,97.147,0.646,334.956,,,,,0
2026-10-10T04:00Z,2026-10-11T04:00Z,5551122,24,9.9,14.7,20.5,33.4,24.5,h,14.7,24.5,14.9,24.6,0,0.001,745.952,0.758,0.178,23.1,21.4,0.62,11,284,26.566,79.077,0.668,323.529,,,,,0
2026-10-10T04:00Z,2026-10-12T04:00Z,5551122,48,8.7,11.1,13.8,18.7,20.4,h,11.1,20.4,11.1,20.4,0,0,722.777,0.154,0.046,23.1,21.4,0.62,11,285,27.99,70.597,0.02,158.62,,,,,0
2026-10-10T04:00Z,2026-10-10T05:00Z,5851170,1,9,21.6,11.7,28.6,27.3,h,21.6,27.3,21.6,27.3,0,0,1073.823,5.013,0.049,23.2,27.3,0.851,12,283,29.595,69.826,3.769,74.868,,,,,0
2026-10-10T04:00Z,2026-10-10T07:00Z,5851170,3,7,16.5,11.7,28.5,27.3,h,16.5,27.3,16.5,27.3,0,0,921.835,4.468,0.426,23.2,27.3,0.851,14,283,28.865,75.562,3.404,75.117,,,,,0
2026-10-10T04:00Z,2026-10-10T10:00Z,5851170,6,5.3,12.1,11.3,27.4,27.3,h,12.1,27.3,12.2,27.3,0,0,353.669,3.181,1.404,23.2,27.3,0.851,17,283,25.774,91.169,2.076,94.59,,,,,0
2026-10-10T04:00Z,2026-10-10T16:00Z,5851170,12,2.8,6.3,9.1,21.9,26.2,h,6.3,26.2,6.3,26.2,0,0,308.03,3.194,1.358,23.2,27.3,0.851,23,283,23.908,96.407,1.862,71.193,,,,,0
2026-10-10T04:00Z,2026-10-11T04:00Z,5851170,24,3.8,7,3.8,8.5,21.3,h,7,21.3,7.1,21.3,0,0.002,876.107,4.903,0.176,23.2,27.3,0.851,11,284,28.134,77.203,3.741,85.194,,,,,0
2026-10-10T04:00Z,2026-10-12T04:00Z,5851170,48,13.1,18.2,6.6,10.1,18.7,h,18.2,18.7,18.2,18.7,0,0.001,1130.861,3.874,0.027,23.2,27.3,0.851,11,285,29.272,68.51,2.956,80.433,,,,,0
2026-10-10T04:00Z,2026-10-10T05:00Z,5894629,1,11.5,17.7,24.7,38.2,41.8,h,17.7,41.8,17.7,41.8,0,0.011,1246.283,2.344,0.012,33,41.8,0.421,12,283,32.426,65.318,1.961,19.082,,,,,0
2026-10-10T04:00Z,2026-10-10T07:00Z,5894629,3,10.8,16.4,25.1,38.7,41.6,h,16.4,41.6,16.4,41.6,0,0.013,1296.984,1.746,0.074,33,41.8,0.421,14,283,32.622,64.202,1.468,22.837,,,,,0
2026-10-10T04:00Z,2026-10-10T10:00Z,5894629,6,11.2,16.6,25.6,39.3,41.4,h,16.6,41.4,16.7,41.4,0,0.012,499.504,0.41,0.012,33,41.8,0.421,17,283,31.732,66.374,0.36,289.339,,,,,0
2026-10-10T04:00Z,2026-10-10T16:00Z,5894629,12,17.9,25.1,24.9,37.7,40.3,h,25.1,40.3,25.2,40.3,0,0.01,120.086,0.471,0,33,41.8,0.421,23,283,28.443,86.025,0.31,343.744,,,,,0
2026-10-10T04:00Z,2026-10-11T04:00Z,5894629,24,12.8,16.7,14.5,20.4,34.9,h,16.7,34.9,16.9,35,0,0.006,681.181,2.119,0.481,33,41.8,0.421,11,284,29.467,78.452,1.884,80.799,,,,,0
2026-10-10T04:00Z,2026-10-12T04:00Z,5894629,48,10.4,12.3,11.6,14.4,28.1,h,12.3,28.1,12.3,28.1,0,0,713.765,1.345,0.257,33,41.8,0.421,11,285,29.093,82.506,1.177,49.904,,,,,0
2026-10-10T04:00Z,2026-10-10T05:00Z,5951902,1,11.9,6.2,15.8,8.2,12.8,h,6.2,12.8,6.2,12.8,0,0.001,990,2.918,0.201,9.9,12.8,-0.603,12,283,30.476,68.183,2.297,47.524,,,,,0
2026-10-10T04:00Z,2026-10-10T07:00Z,5951902,3,10.7,5.7,16,8.3,12.7,h,5.7,12.7,5.7,12.7,0,0.001,366.029,2.196,1.444,9.9,12.8,-0.603,14,283,27.709,85.744,1.628,311.606,,,,,0
2026-10-10T04:00Z,2026-10-10T10:00Z,5951902,6,9.1,5,16.2,8.5,12.4,h,5,12.4,5,12.4,0,0,279.36,1.632,2.539,9.9,12.8,-0.603,17,283,26.473,91.893,0.806,83.441,,,,,0
2026-10-10T04:00Z,2026-10-10T16:00Z,5951902,12,9.5,5.6,15.1,8.1,11.5,h,5.6,11.5,5.6,11.5,0,0,273.291,3.412,1.484,9.9,12.8,-0.603,23,283,24.754,97.569,1.946,56.165,,,,,0
2026-10-10T04:00Z,2026-10-11T04:00Z,5951902,24,3.2,1.9,8.6,4.9,10.3,h,1.9,10.3,1.9,10.3,0,0,791.18,4.58,1.314,9.9,12.8,-0.603,11,284,28.526,77.477,3.362,90.368,,,,,0
2026-10-10T04:00Z,2026-10-12T04:00Z,5951902,48,9.9,7.8,10.1,7.5,10.2,h,7.8,10.2,7.8,10.2,0,0,1112.368,3.407,0.006,9.9,12.8,-0.603,11,285,30.476,67.754,2.588,66.659,,,,,0
2026-10-10T04:00Z,2026-10-10T05:00Z,5955903,1,11.9,23.6,15.8,32,26.1,h,23.6,26.1,23.6,26.1,0,0.001,990.063,2.919,0.201,29.3,26.1,0.674,12,283,30.476,68.183,2.297,47.53,,,,,0
2026-10-10T04:00Z,2026-10-10T07:00Z,5955903,3,10.7,20.8,16,32.3,26.1,h,20.8,26.1,20.8,26.1,0,0.001,366.368,2.194,1.444,29.3,26.1,0.674,14,283,27.71,85.736,1.626,311.679,,,,,0
2026-10-10T04:00Z,2026-10-10T10:00Z,5955903,6,9.1,17.1,16.2,32.3,26,h,17.1,26,17.2,26,0,0,279.395,1.633,2.539,29.3,26.1,0.674,17,283,26.473,91.891,0.807,83.419,,,,,0
2026-10-10T04:00Z,2026-10-10T16:00Z,5955903,12,9.5,16.6,15.1,29.4,26.2,h,16.6,26.2,16.7,26.2,0,0,273.35,3.413,1.484,29.3,26.1,0.674,23,283,24.754,97.567,1.946,56.164,,,,,0
2026-10-10T04:00Z,2026-10-11T04:00Z,5955903,24,3.2,5.3,8.6,15.3,22.7,h,5.3,22.7,5.4,22.7,0,0,791.299,4.581,1.314,29.3,26.1,0.674,11,284,28.527,77.476,3.363,90.36,,,,,0
2026-10-10T04:00Z,2026-10-12T04:00Z,5955903,48,9.9,12.9,10.1,14,20,h,12.9,20,12.9,20,0,0,1112.382,3.408,0.006,29.3,26.1,0.674,11,285,30.476,67.755,2.588,66.661,,,,,0
2026-10-10T04:00Z,2026-10-10T05:00Z,6094818,1,16,22.7,15.5,22.3,23,h,22.7,23,22.7,23,0,0.024,1152.787,3.061,0.287,27.7,23,0.347,12,283,30.498,69.278,2.44,34.268,,,,,0
2026-10-10T04:00Z,2026-10-10T07:00Z,6094818,3,16.6,23.2,16,22.9,23,h,23.2,23,23.2,23,0,0.01,440.978,3.169,2.478,27.7,23,0.347,14,283,27.665,84.864,2.311,6.988,,,,,0
2026-10-10T04:00Z,2026-10-10T10:00Z,6094818,6,13.1,18,16.5,23.6,23,h,18,23,18.1,23,0,0.004,378.019,2.24,1.189,27.7,23,0.347,17,283,27.088,86.939,1.62,38.375,,,,,0
2026-10-10T04:00Z,2026-10-10T16:00Z,6094818,12,9.2,12.3,15.5,21.8,22.3,h,12.3,22.3,12.4,22.3,0,0,220.859,2.602,1.908,27.7,23,0.347,23,283,24.674,96.459,1.238,46.234,,,,,0
2026-10-10T04:00Z,2026-10-11T04:00Z,6094818,24,3.7,4.8,10.1,13.6,20,h,4.8,20,4.9,20,0,0,573.905,4.196,1.789,27.7,23,0.347,11,284,27.131,83.194,3.151,76.562,,,,,0
2026-10-10T04:00Z,2026-10-12T04:00Z,6094818,48,9.1,10.4,6.5,7.8,15.4,h,10.4,15.4,10.4,15.4,0,0,974.645,3.746,0.091,27.7,23,0.347,11,285,29.709,72.091,2.924,48.615,,,,,0
2026-10-10T04:00Z,2026-10-10T05:00Z,6099600,1,8.4,14.6,6.3,11.4,11.7,h,14.6,11.7,14.6,11.7,0,0.004,469,3.057,2.878,13.5,11.7,0.528,12,283,27.322,78.995,2.277,82.172,,,,,0
2026-10-10T04:00Z,2026-10-10T07:00Z,6099600,3,9,15.3,6.9,12.3,11.8,h,15.3,11.8,15.3,11.8,0,0.003,541.906,1.811,0.902,13.5,11.7,0.528,14,283,27.231,82.658,1.339,71.866,,,,,0
2026-10-10T04:00Z,2026-10-10T10:00Z,6099600,6,10,16.4,7.7,13.5,12,h,16.4,12,16.5,12,0,0.002,407.962,3.371,0.035,13.5,11.7,0.528,17,283,26.673,84.942,2.105,12.147,,,,,0
2026-10-10T04:00Z,2026-10-10T16:00Z,6099600,12,10.1,15.6,8.7,14.9,12.4,h,15.6,12.4,15.7,12.4,0,0.001,110.094,2.893,0.02,13.5,11.7,0.528,23,283,24.105,96,1.23,17.543,,,,,0
2026-10-10T04:00Z,2026-10-11T04:00Z,6099600,24,7.3,10.4,9.9,15.3,12.6,h,10.4,12.6,10.6,12.7,0,0.001,1224.545,2.19,0.197,13.5,11.7,0.528,11,284,28.905,72.734,1.757,34.792,,,,,0
2026-10-10T04:00Z,2026-10-12T04:00Z,6099600,48,11.3,13.9,7.8,10.2,11.2,h,13.9,11.2,13.9,11.2,0,0.001,899.918,1.351,0.176,13.5,11.7,0.528,11,285,29.312,75.478,1.203,327.16,,,,,0
2026-10-10T04:00Z,2026-10-10T05:00Z,6101817,1,6.1,33.1,12.2,66.5,35.4,h,33.1,35.4,33.1,35.4,0,0.001,787.867,5.678,0.12,36.8,35.4,1.635,12,283,28.799,77.315,5.106,21.066,,,,,0
2026-10-10T04:00Z,2026-10-10T07:00Z,6101817,3,7.3,36.4,12,65,35.5,h,36.4,35.5,36.5,35.5,0,0.001,838.404,4.708,0.001,36.8,35.4,1.635,14,283,29.245,73.878,4.311,34.345,,,,,0
2026-10-10T04:00Z,2026-10-10T10:00Z,6101817,6,6.5,29.8,11.1,59.6,35.5,h,29.8,35.5,30,35.5,0,0,480.463,4.722,0.845,36.8,35.4,1.635,17,283,28.164,78.701,4.164,20.608,,,,,0
2026-10-10T04:00Z,2026-10-10T16:00Z,6101817,12,2.9,12.6,7.7,40.4,34.7,h,12.6,34.7,12.7,34.7,0,0,386.822,5.049,1.929,36.8,35.4,1.635,23,283,25.581,90.52,4.088,357.635,,,,,0
2026-10-10T04:00Z,2026-10-11T04:00Z,6101817,24,1.9,6.7,3.7,17,29.5,h,6.7,29.5,6.8,29.5,0,0,400.496,1.557,0.494,36.8,35.4,1.635,11,284,26.533,85.929,1.686,57.348,,,,,0
2026-10-10T04:00Z,2026-10-12T04:00Z,6101817,48,2.5,5.3,2.5,6.5,21,h,5.3,21,5.3,21,0,0,640.222,4.896,0.459,36.8,35.4,1.635,11,285,28.189,79.93,4.419,47.563,,,,,0
2026-10-10T04:00Z,2026-10-10T05:00Z,6115454,1,8.1,15.9,18.4,36,21.7,h,15.9,21.7,15.9,21.7,0,0.008,1294.69,1.394,0.081,25.3,21.7,0.647,12,283,30.66,56.499,0.962,18.897,,,,,0
2026-10-10T04:00Z,2026-10-10T07:00Z,6115454,3,9.4,17.9,18.7,36.6,21.7,h,17.9,21.7,17.9,21.7,0,0.012,1484.484,2.534,0.088,25.3,21.7,0.647,14,283,31.658,51.341,1.839,33.749,,,,,0
2026-10-10T04:00Z,2026-10-10T10:00Z,6115454,6,11.9,21.6,19.4,37.7,21.9,h,21.6,21.9,21.8,21.9,0,0.009,225.301,2.848,0.381,25.3,21.7,0.647,17,283,26.774,82.621,1.827,175.073,,,,,0
2026-10-10T04:00Z,2026-10-10T16:00Z,6115454,12,31.2,51.8,19.1,35.4,23.2,h,51.8,23.2,52,23.3,0,0.003,79.49,1.666,1.028,25.3,21.7,0.647,23,283,24.067,96.413,0.703,330.025,,,,,0
2026-10-10T04:00Z,2026-10-11T04:00Z,6115454,24,9.9,15,20.5,34.2,24.9,h,15,24.9,15.2,25,0,0.001,779.026,1.217,0.169,25.3,21.7,0.647,11,284,27.241,77.988,1.029,312.19,,,,,0
2026-10-10T04:00Z,2026-10-12T04:00Z,6115454,48,8.7,11.2,13.8,18.9,20.7,h,11.2,20.7,11.2,20.7,0,0,705.661,0.197,0.019,25.3,21.7,0.647,11,285,28.513,70.491,0.173,252.259,,,,,0
2026-10-10T04:00Z,2026-10-10T05:00Z,6118093,1,2.3,0.1,16.9,4.5,16,h,0.1,16,0.1,16,0,0,1158.323,6.72,0.091,1.1,16.1,-1.189,12,283,28.374,74.935,4.896,65.419,,,,,0
2026-10-10T04:00Z,2026-10-10T07:00Z,6118093,3,1.7,0,15.9,4.2,15.8,h,0,15.8,0,15.8,0,0,397.62,4.845,7.596,1.1,16.1,-1.189,14,283,24.425,91.7,2.957,97.784,,,,,0
2026-10-10T04:00Z,2026-10-10T10:00Z,6118093,6,1.7,0,14.5,3.8,15.1,h,0,15.1,0,15.1,0,0,511.233,5.048,1.916,1.1,16.1,-1.189,17,283,24.182,95.932,2.955,68.728,,,,,0
2026-10-10T04:00Z,2026-10-10T16:00Z,6118093,12,2.3,0.3,10.5,2.6,13.2,h,0.3,13.2,0.3,13.2,0,0,220.897,5.341,0,1.1,16.1,-1.189,23,283,23.061,96.043,2.376,80.979,,,,,0
2026-10-10T04:00Z,2026-10-11T04:00Z,6118093,24,15.2,7,4.4,1.4,11.4,h,7,11.4,7.1,11.4,0,0,1048.272,5.36,0,1.1,16.1,-1.189,11,284,28.563,65.714,3.986,69.225,,,,,0
2026-10-10T04:00Z,2026-10-12T04:00Z,6118093,48,18.7,11.8,18.5,10.3,13.2,h,11.8,13.2,11.8,13.2,0,0.004,865.478,2.991,0,1.1,16.1,-1.189,11,285,28.869,59.591,2.308,57.354,,,,,0
2026-10-10T04:00Z,2026-10-10T05:00Z,6123215,1,50.1,72.3,45.8,67,63.9,h,72.3,63.9,72.4,63.9,0,0.132,860.992,3.529,0.027,98,63.9,0.375,12,283,29.328,61.042,2.727,3.495,,,,,0
2026-10-10T04:00Z,2026-10-10T07:00Z,6123215,3,43.8,62.3,45.6,66.6,64.1,h,62.3,64.1,62.4,64.1,0,0.067,1204.373,3.661,0.01,98,63.9,0.375,14,283,29.903,58.056,2.795,17.675,,,,,0
2026-10-10T04:00Z,2026-10-10T10:00Z,6123215,6,52.3,72.7,45.4,66,64.6,h,72.7,64.6,73.3,64.6,0,0.062,41.967,1.311,0,98,63.9,0.375,17,283,28.949,69.71,0.407,352.319,,,,,0
2026-10-10T04:00Z,2026-10-10T16:00Z,6123215,12,113.2,151.1,58,82,68.2,h,151.1,68.2,151.7,68.2,0,0.113,38.886,2.563,0,98,63.9,0.375,23,283,24.634,84.568,0.911,168.756,,,,,0
2026-10-10T04:00Z,2026-10-11T04:00Z,6123215,24,48.1,60.4,80.4,106.6,77.6,h,60.4,77.6,61.3,77.8,0,0.091,1049.729,2.198,0,98,63.9,0.375,11,284,30.084,58.985,1.791,357.766,,,,,0
2026-10-10T04:00Z,2026-10-12T04:00Z,6123215,48,46,52.8,88.3,104.7,84.3,h,52.8,84.3,52.8,84.3,0,0.046,1086.122,0.786,0.003,98,63.9,0.375,11,285,29.916,61.852,0.641,33.262,,,,,0
2026-10-10T04:00Z,2026-10-10T05:00Z,6125288,1,18.2,21.3,13.5,16,18.7,h,21.3,18.7,21.3,18.7,0,0.014,909.764,3.483,0.681,26.2,18.7,0.158,12,283,26.18,73.944,2.442,31.995,,,,,0
2026-10-10T04:00Z,2026-10-10T07:00Z,6125288,3,14.4,16.8,14.4,17,18.8,h,16.8,18.8,16.8,18.8,0,0.007,807.775,4.952,0.137,26.2,18.7,0.158,14,283,26.659,68.619,3.511,31.925,,,,,0
2026-10-10T04:00Z,2026-10-10T10:00Z,6125288,6,11,12.8,15.3,18,18.9,h,12.8,18.9,12.9,18.9,0,0.002,449.416,2.449,0.162,26.2,18.7,0.158,17,283,25.214,78.405,1.304,32.716,,,,,0
2026-10-10T04:00Z,2026-10-10T16:00Z,6125288,12,9.8,11.2,15.7,18.4,18.8,h,11.2,18.8,11.2,18.8,0,0.001,42.212,1.043,0,26.2,18.7,0.158,23,283,22.847,89.331,0.23,39.978,,,,,0
2026-10-10T04:00Z,2026-10-11T04:00Z,6125288,24,14.9,16.5,11.4,13,17.2,h,16.5,17.2,16.7,17.3,0,0.001,1363.796,2.903,0,26.2,18.7,0.158,11,284,28.317,57.771,2.135,71.026,,,,,0
2026-10-10T04:00Z,2026-10-12T04:00Z,6125288,48,15.7,16.7,18,19.4,19,h,16.7,19,16.7,19,0,0.004,1097.694,1.245,0,26.2,18.7,0.158,11,285,28.296,58.929,0.825,59.285,,,,,0
2026-10-10T04:00Z,2026-10-10T05:00Z,6130741,1,11.8,24.1,15.2,31.6,21.4,h,24.1,21.4,24.1,21.4,0,0.001,1023.138,3.204,0.168,31.6,21.4,0.703,12,283,30.491,69.382,2.538,44.55,,,,,0
2026-10-10T04:00Z,2026-10-10T07:00Z,6130741,3,10,20,14.8,30.8,21.4,h,20,21.4,20,21.4,0,0,557.822,1.514,1.055,31.6,21.4,0.703,14,283,28.463,81.554,1.047,332.805,,,,,0
2026-10-10T04:00Z,2026-10-10T10:00Z,6130741,6,9.1,17.5,14.1,29.1,21.3,h,17.5,21.3,17.6,21.3,0,0,289.115,1.739,2.389,31.6,21.4,0.703,17,283,26.392,91.344,0.977,82.955,,,,,0
2026-10-10T04:00Z,2026-10-10T16:00Z,6130741,12,9.3,16.6,12.6,25.3,21.7,h,16.6,21.7,16.7,21.8,0,0,249.021,2.997,1.589,31.6,21.4,0.703,23,283,24.623,97.379,1.693,47.148,,,,,0
2026-10-10T04:00Z,2026-10-11T04:00Z,6130741,24,3.7,6.1,7.6,14.1,19.1,h,6.1,19.1,6.2,19.1,0,0,725.68,3.333,1.089,31.6,21.4,0.703,11,284,28.268,78.691,2.453,89.648,,,,,0
2026-10-10T04:00Z,2026-10-12T04:00Z,6130741,48,11.1,14.6,9.9,14,17.7,h,14.6,17.7,14.6,17.7,0,0,1011.132,3.531,0.108,31.6,21.4,0.703,11,285,30.214,70.139,2.709,66.645,,,,,0
2026-10-10T04:00Z,2026-10-10T05:00Z,6149445,1,22.5,35.1,26.3,41.7,35.7,h,35.1,35.7,35.2,35.7,0,0.029,1041.228,2.909,0.335,37.7,35.7,0.448,12,283,29.596,72.411,2.251,41.263,,,,,0
2026-10-10T04:00Z,2026-10-10T07:00Z,6149445,3,22.6,34.6,26.8,42.4,35.7,h,34.6,35.7,34.7,35.7,0,0.015,603.589,2.207,1.786,37.7,35.7,0.448,14,283,27.621,83.159,1.537,334.658,,,,,0
2026-10-10T04:00Z,2026-10-10T10:00Z,6149445,6,17.9,26.8,26.9,42.2,35.8,h,26.8,35.8,27,35.8,0,0.006,372.199,1.736,1.009,37.7,35.7,0.448,17,283,26.612,88.015,1.221,4.494,,,,,0
2026-10-10T04:00Z,2026-10-10T16:00Z,6149445,12,9.8,14.2,23.7,36.8,35,h,14.2,35,14.3,35,0,0,271.72,2.717,2.648,37.7,35.7,0.448,23,283,23.843,96.807,1.357,30.118,,,,,0
2026-10-10T04:00Z,2026-10-11T04:00Z,6149445,24,8.1,10.9,12.2,18.1,30.1,h,10.9,30.1,11.1,30.1,0,0,291.4,1.169,2.259,37.7,35.7,0.448,11,284,25.263,90.461,0.795,73.629,,,,,0
2026-10-10T04:00Z,2026-10-12T04:00Z,6149445,48,9.4,11.2,9.8,12.3,24,h,11.2,24,11.2,24,0,0,846.992,2.978,0.181,37.7,35.7,0.448,11,285,28.419,77.513,2.344,45.218,,,,,0
2026-10-10T04:00Z,2026-10-10T05:00Z,6151749,1,12.5,28.6,10.4,24.7,28.2,h,28.6,28.2,28.6,28.2,0,0.008,543.786,1.955,0.44,33.6,28.2,0.818,12,283,24.854,86.828,1.319,56.541,,,,,0
2026-10-10T04:00Z,2026-10-10T07:00Z,6151749,3,10.1,22.6,10.9,25.7,28.2,h,22.6,28.2,22.6,28.2,0,0.003,625.807,2.725,0.31,33.6,28.2,0.818,14,283,25.484,83.713,2.023,58.614,,,,,0
2026-10-10T04:00Z,2026-10-10T10:00Z,6151749,6,9.9,21.1,11.5,26.9,28.2,h,21.1,28.2,21.3,28.2,0,0.001,254.998,2.324,0.449,33.6,28.2,0.818,17,283,24.357,91.19,1.465,53.839,,,,,0
2026-10-10T04:00Z,2026-10-10T16:00Z,6151749,12,14.5,27.9,12.3,27.5,27.7,h,27.9,27.7,28,27.7,0,0.001,138.991,2.747,0,33.6,28.2,0.818,23,283,22.549,92.416,1.301,74.121,,,,,0
2026-10-10T04:00Z,2026-10-11T04:00Z,6151749,24,7,12,12.2,23.7,27,h,12,27,12.2,27.1,0,0.001,976.924,1.586,0.023,33.6,28.2,0.818,11,284,27.793,65.532,1.196,93.036,,,,,0
2026-10-10T04:00Z,2026-10-12T04:00Z,6151749,48,16.2,22.1,10.6,15.7,23.8,h,22.1,23.8,22.1,23.8,0,0.003,872.984,1.148,0,33.6,28.2,0.818,11,285,27.665,66.007,0.924,115.239,,,,,0
2026-10-10T04:00Z,2026-10-10T05:00Z,6154187,1,11.9,26,15.8,35.3,26.4,h,26,26.4,26,26.4,0,0.001,971.657,2.801,0.195,32.8,26.4,0.77,12,283,30.475,68.455,2.215,46.838,,,,,0
2026-10-10T04:00Z,2026-10-10T07:00Z,6154187,3,10.7,22.8,16,35.6,26.4,h,22.8,26.4,22.8,26.4,0,0,350.077,2.268,1.345,32.8,26.4,0.77,14,283,27.719,85.935,1.711,303.984,,,,,0
2026-10-10T04:00Z,2026-10-10T10:00Z,6154187,6,9.1,18.6,16.2,35.6,26.4,h,18.6,26.4,18.8,26.4,0,0,264.531,1.628,2.691,32.8,26.4,0.77,17,283,26.385,92.395,0.772,88.791,,,,,0
2026-10-10T04:00Z,2026-10-10T16:00Z,6154187,12,9.5,17.9,15.1,32.3,26.7,h,17.9,26.7,18,26.7,0,0,258.815,3.227,1.479,32.8,26.4,0.77,23,283,24.719,97.869,1.841,54.313,,,,,0
2026-10-10T04:00Z,2026-10-11T04:00Z,6154187,24,3.2,5.6,8.6,16.6,23.3,h,5.6,23.3,5.7,23.3,0,0,800.291,4.373,1.249,32.8,26.4,0.77,11,284,28.626,77.135,3.195,91.751,,,,,0
2026-10-10T04:00Z,2026-10-12T04:00Z,6154187,48,9.9,13.4,10.1,14.6,20.5,h,13.4,20.5,13.4,20.5,0,0,1104.107,3.353,0.016,32.8,26.4,0.77,11,285,30.552,67.569,2.543,68.126,,,,,0
2026-10-10T04:00Z,2026-10-10T05:00Z,6157903,1,6.5,10.3,20.6,32,31.7,h,10.3,31.7,10.3,31.7,0,0.002,421.726,1.91,0.335,22.4,31.7,0.426,12,283,22.439,86.999,1.239,50.218,,,,,0
2026-10-10T04:00Z,2026-10-10T07:00Z,6157903,3,3.1,5.1,20,31.2,31.6,h,5.1,31.6,5.1,31.6,0,0.002,651.348,1.788,0.33,22.4,31.7,0.426,14,283,23.792,82.619,1.254,38.64,,,,,0
2026-10-10T04:00Z,2026-10-10T10:00Z,6157903,6,1.5,2.6,18.8,29.2,31.2,h,2.6,31.2,2.6,31.2,0,0.001,158.778,2.244,0.027,22.4,31.7,0.426,17,283,22.058,90.472,1.103,45.636,,,,,0
2026-10-10T04:00Z,2026-10-10T16:00Z,6157903,12,3.3,4.9,14.4,22.5,28.9,h,4.9,28.9,4.9,28.9,0,0.001,50.569,2.019,0,22.4,31.7,0.426,23,283,19.641,91.586,1.103,76.767,,,,,0
2026-10-10T04:00Z,2026-10-11T04:00Z,6157903,24,15.9,20.8,6.9,9.6,26,h,20.8,26,21.1,26,0,0.002,1098.606,1.009,0.044,22.4,31.7,0.426,11,284,25.836,63.343,0.628,67.797,,,,,0
2026-10-10T04:00Z,2026-10-12T04:00Z,6157903,48,24,28.1,18.2,22.3,28.4,h,28.1,28.4,28.1,28.4,0,0.007,966.368,0.731,0,22.4,31.7,0.426,11,285,25.918,63.831,0.652,254.087,,,,,0
2026-10-10T04:00Z,2026-10-10T05:00Z,6160493,1,1.6,16.4,5.9,48.9,28.2,h,16.4,28.2,16.4,28.2,0,0,1164.446,5.455,0.219,6.8,28.3,1.979,12,283,29.359,72.561,4.076,60.058,,,,,0
2026-10-10T04:00Z,2026-10-10T07:00Z,6160493,3,1.6,15.1,5.4,44.9,28,h,15.1,28,15.1,28,0,0,827.878,5.406,1.939,6.8,28.3,1.979,14,283,28.424,78.624,3.812,79.972,,,,,0
2026-10-10T04:00Z,2026-10-10T10:00Z,6160493,6,2.5,18.4,4.7,39.2,27.6,h,18.4,27.6,18.6,27.6,0,0,668.734,6.462,0.648,6.8,28.3,1.979,17,283,26.12,88.092,3.927,55.041,,,,,0
2026-10-10T04:00Z,2026-10-10T16:00Z,6160493,12,4.1,22.1,2.7,22.3,26.6,h,22.1,26.6,22.2,26.7,0,0,595.169,7.637,0,6.8,28.3,1.979,23,283,24.495,85.145,4.209,61.352,,,,,0
2026-10-10T04:00Z,2026-10-11T04:00Z,6160493,24,6.6,23.6,5,24.4,27.1,h,23.6,27.1,23.9,27.1,0,0.001,1177.535,7.524,0,6.8,28.3,1.979,11,284,29.346,64.547,5.475,61.425,,,,,0
2026-10-10T04:00Z,2026-10-12T04:00Z,6160493,48,14.9,31.4,15.3,38.8,33.5,h,31.4,33.5,31.4,33.5,0,0.003,1165.995,6.007,0,6.8,28.3,1.979,11,285,30.045,63.5,4.525,66.865,,,,,0
2026-10-10T04:00Z,2026-10-10T05:00Z,6160761,1,8.1,13.5,18.4,30.6,15,h,13.5,15,13.5,15,0,0.004,1166.812,1.769,0.068,21,15,0.489,12,283,30.739,57.174,1.35,59.027,,,,,0
2026-10-10T04:00Z,2026-10-10T07:00Z,6160761,3,9.4,15.3,18.7,31.1,15,h,15.3,15,15.3,15,0,0.007,1217.639,2.589,0.07,21,15,0.489,14,283,31.409,55.546,1.959,70.677,,,,,0
2026-10-10T04:00Z,2026-10-10T10:00Z,6160761,6,11.9,18.7,19.4,32.1,15.2,h,18.7,15.2,18.9,15.2,0,0.007,355.624,2.739,0.283,21,15,0.489,17,283,27.42,77.707,1.869,157.364,,,,,0
2026-10-10T04:00Z,2026-10-10T16:00Z,6160761,12,31.2,45.8,19.1,30.5,17.1,h,45.8,17.1,46,17.1,0,0.002,63.777,1.074,0.231,21,15,0.489,23,283,24.561,93.677,0.447,338.708,,,,,0
2026-10-10T04:00Z,2026-10-11T04:00Z,6160761,24,9.9,13.6,20.5,30.2,19,h,13.6,19,13.8,19,0,0.001,997.633,0.764,0.114,21,15,0.489,11,284,27.84,75.624,0.57,74.226,,,,,0
2026-10-10T04:00Z,2026-10-12T04:00Z,6160761,48,8.7,10.6,13.8,17.5,15.9,h,10.6,15.9,10.6,15.9,0,0,630.287,0.764,0.031,21,15,0.489,11,285,28.471,72.526,0.622,158.688,,,,,0
2026-10-10T04:00Z,2026-10-10T05:00Z,6166036,1,3.4,2.5,5,3.7,14.5,h,2.5,14.5,2.5,14.5,0,0,1080.954,2.971,0.236,0.7,14.5,-0.234,12,283,28.475,70.576,2.083,48.174,,,,,0
2026-10-10T04:00Z,2026-10-10T07:00Z,6166036,3,3.4,2.5,5,3.8,14.5,h,2.5,14.5,2.5,14.5,0,0,582.99,2.944,2.187,0.7,14.5,-0.234,14,283,26.143,82.731,1.949,58.402,,,,,0
2026-10-10T04:00Z,2026-10-10T10:00Z,6166036,6,3.8,2.9,5.2,3.9,13.8,h,2.9,13.8,2.9,13.8,0,0,521.605,4.126,0.083,0.7,14.5,-0.234,17,283,24.85,89.075,2.329,35.54,,,,,0
2026-10-10T04:00Z,2026-10-10T16:00Z,6166036,12,5.6,4.5,5.1,3.9,12.4,h,4.5,12.4,4.5,12.4,0,0,207.424,3.448,0.016,0.7,14.5,-0.234,23,283,22.283,95.459,1.571,30.12,,,,,0
2026-10-10T04:00Z,2026-10-11T04:00Z,6166036,24,2.1,1.7,3.9,3.1,10.8,h,1.7,10.8,1.7,10.8,0,0,939.096,4.63,0.236,0.7,14.5,-0.234,11,284,27.411,71,3.154,46.524,,,,,0
2026-10-10T04:00Z,2026-10-12T04:00Z,6166036,48,2.7,2.4,6.3,5.6,10.1,h,2.4,10.1,2.4,10.1,0,0,909.267,4.584,0.058,0.7,14.5,-0.234,11,285,27.734,71.317,3.17,41.909,,,,,0
2026-10-10T04:00Z,2026-10-10T05:00Z,6182459,1,17.1,32.8,11.1,22.1,29.1,h,32.8,29.1,32.8,29.1,0,0.001,1383.9,5.091,0.001,37.8,29.1,0.652,12,283,26.924,54.099,3.533,89.973,,,,,0
2026-10-10T04:00Z,2026-10-10T07:00Z,6182459,3,16.1,30.2,12.2,24.2,29.2,h,30.2,29.2,30.2,29.2,0,0.001,1180.663,4.857,0.291,37.8,29.1,0.652,14,283,26.67,58.068,3.387,96.253,,,,,0
2026-10-10T04:00Z,2026-10-10T10:00Z,6182459,6,12.4,22.5,13.5,26.4,29.2,h,22.5,29.2,22.7,29.2,0,0,546.706,3.528,0,37.8,29.1,0.652,17,283,24.223,73.535,1.928,85.364,,,,,0
2026-10-10T04:00Z,2026-10-10T16:00Z,6182459,12,12.7,21.5,14.4,27.5,28.6,h,21.5,28.6,21.6,28.6,0,0,40.523,1.449,0,37.8,29.1,0.652,23,283,20.803,86.465,0.742,22.414,,,,,0
2026-10-10T04:00Z,2026-10-11T04:00Z,6182459,24,13.7,20.7,13,22.3,27.3,h,20.7,27.3,21,27.4,0,0.001,1135.95,2.312,0,37.8,29.1,0.652,11,284,26.092,60.433,1.653,86.508,,,,,0
2026-10-10T04:00Z,2026-10-12T04:00Z,6182459,48,11.7,15.1,16.2,22.2,26.7,h,15.1,26.7,15.1,26.7,0,0.002,1144.837,0.892,0,37.8,29.1,0.652,11,285,27.056,55.719,0.602,89.416,,,,,0
2026-10-10T04:00Z,2026-10-10T05:00Z,6188057,1,3.5,20.4,4.8,28.5,14.9,h,20.4,14.9,20.4,14.9,0,0,825.427,3.367,0.229,15.2,14.9,1.625,12,283,29.71,71.245,2.975,105.986,,,,,0
2026-10-10T04:00Z,2026-10-10T07:00Z,6188057,3,3.8,20.4,4.5,26.7,15,h,20.4,15,20.4,15,0,0,530.006,1.619,0.481,15.2,14.9,1.625,14,283,28.944,75.391,1.324,124.603,,,,,0
2026-10-10T04:00Z,2026-10-10T10:00Z,6188057,6,5.3,24.7,4.2,24.6,15.1,h,24.7,15.1,24.9,15.1,0,0,409.765,3.737,1.311,15.2,14.9,1.625,17,283,27.79,84.233,3.387,125.301,,,,,0
2026-10-10T04:00Z,2026-10-10T16:00Z,6188057,12,4.8,19,4,21.5,16.2,h,19,16.2,19.1,16.2,0,0,317.204,4.255,0.591,15.2,14.9,1.625,23,283,25.794,91.753,3.822,95.979,,,,,0
2026-10-10T04:00Z,2026-10-11T04:00Z,6188057,24,2.6,8.5,4.2,17.4,15.7,h,8.5,15.7,8.6,15.7,0,0,600.558,1.889,0.054,15.2,14.9,1.625,11,284,28.03,80.197,1.617,96.053,,,,,0
2026-10-10T04:00Z,2026-10-12T04:00Z,6188057,48,2.5,5.3,3.4,8.3,11.6,h,5.3,11.6,5.3,11.6,0,0,529.756,0.453,0,15.2,14.9,1.625,11,285,27.946,82.269,0.64,320.386,,,,,0
2026-10-10T04:00Z,2026-10-10T05:00Z,6195103,1,22.4,22.8,32.3,32.9,26,h,22.8,26,22.8,26,0,0.001,1011.625,3.004,0.182,32.2,26,0.018,12,283,30.48,68.873,2.376,44.704,,,,,0
2026-10-10T04:00Z,2026-10-10T07:00Z,6195103,3,23.3,23.7,32.8,33.4,25.9,h,23.7,25.9,23.7,25.9,0,0.001,447.787,2.017,1.335,32.2,26,0.018,14,283,28.008,84.141,1.468,314.071,,,,,0
2026-10-10T04:00Z,2026-10-10T10:00Z,6195103,6,24.1,24.5,33.6,34.2,25.9,h,24.5,25.9,24.7,25.9,0,0,291.287,1.529,2.336,32.2,26,0.018,17,283,26.476,91.438,0.802,81.848,,,,,0
2026-10-10T04:00Z,2026-10-10T16:00Z,6195103,12,14.1,14.3,31.8,32.3,26.1,h,14.3,26.1,14.4,26.2,0,0,258.476,3.133,1.673,32.2,26,0.018,23,283,24.669,97.477,1.77,51.144,,,,,0
2026-10-10T04:00Z,2026-10-11T04:00Z,6195103,24,8.4,8.5,17.6,17.9,23.4,h,8.5,23.4,8.6,23.4,0,0,714.074,3.72,1.369,32.2,26,0.018,11,284,28.202,79.023,2.726,90.558,,,,,0
2026-10-10T04:00Z,2026-10-12T04:00Z,6195103,48,14.8,14.9,14.6,14.7,20.4,h,14.9,20.4,14.9,20.4,0,0,1046.955,3.371,0.061,32.2,26,0.018,11,285,30.28,69.386,2.581,64.855,,,,,0
2026-10-10T04:00Z,2026-10-10T05:00Z,6202299,1,11.9,23.5,15.8,31.8,26.6,h,23.5,26.6,23.5,26.6,0,0.002,1001.549,3.057,0.202,28.6,26.6,0.669,12,283,30.475,68.15,2.399,48.175,,,,,0
2026-10-10T04:00Z,2026-10-10T07:00Z,6202299,3,10.7,20.7,16,32.1,26.6,h,20.7,26.6,20.7,26.6,0,0.001,411.357,1.972,1.404,28.6,26.6,0.669,14,283,27.852,84.765,1.428,322.767,,,,,0
2026-10-10T04:00Z,2026-10-10T10:00Z,6202299,6,9.1,17,16.2,32.2,26.5,h,17,26.5,17.1,26.5,0,0.001,286.259,1.74,2.5,28.6,26.6,0.669,17,283,26.497,91.575,0.902,80.143,,,,,0
2026-10-10T04:00Z,2026-10-10T16:00Z,6202299,12,9.5,16.5,15.1,29.3,26.5,h,16.5,26.5,16.6,26.5,0,0,281.518,3.5,1.428,28.6,26.6,0.669,23,283,24.767,97.35,1.991,56.236,,,,,0
2026-10-10T04:00Z,2026-10-11T04:00Z,6202299,24,3.2,5.3,8.6,15.3,23,h,5.3,23,5.4,23,0,0,800.742,4.663,1.229,28.6,26.6,0.669,11,284,28.528,77.378,3.437,89.207,,,,,0
2026-10-10T04:00Z,2026-10-12T04:00Z,6202299,48,9.9,12.9,10.1,13.9,20.3,h,12.9,20.3,12.9,20.3,0,0,1112.409,3.506,0.012,28.6,26.6,0.669,11,285,30.424,67.967,2.666,66.62,,,,,0
2026-10-10T04:00Z,2026-10-10T05:00Z,6204360,1,11.9,23.2,15.8,31.3,20.6,h,23.2,20.6,23.2,20.6,0,0,946.522,2.774,0.194,31.9,20.6,0.654,12,283,30.467,68.6,2.199,48.139,,,,,0
2026-10-10T04:00Z,2026-10-10T07:00Z,6204360,3,10.7,20.4,16,31.6,20.6,h,20.4,20.6,20.4,20.6,0,0,360.221,1.996,1.143,31.9,20.6,0.654,14,283,27.843,85.362,1.512,304.525,,,,,0
2026-10-10T04:00Z,2026-10-10T10:00Z,6204360,6,9.1,16.8,16.2,31.7,20.6,h,16.8,20.6,16.9,20.6,0,0,243.256,1.844,3.003,31.9,20.6,0.654,17,283,26.262,92.986,0.876,91.968,,,,,0
2026-10-10T04:00Z,2026-10-10T16:00Z,6204360,12,9.5,16.3,15.1,28.9,21.2,h,16.3,21.2,16.4,21.2,0,0,252.878,3.161,1.287,31.9,20.6,0.654,23,283,24.714,98.098,1.805,52.998,,,,,0
2026-10-10T04:00Z,2026-10-11T04:00Z,6204360,24,3.2,5.2,8.6,15.1,18.8,h,5.2,18.8,5.3,18.9,0,0,868.427,4.515,0.955,31.9,20.6,0.654,11,284,28.957,75.644,3.295,92.069,,,,,0
2026-10-10T04:00Z,2026-10-12T04:00Z,6204360,48,9.9,12.8,10.1,13.8,17.2,h,12.8,17.2,12.8,17.2,0,0,1118.795,3.445,0.019,31.9,20.6,0.654,11,285,30.694,66.846,2.601,71.427,,,,,0
2026-10-10T04:00Z,2026-10-10T05:00Z,6205698,1,22.4,23,32.3,33.1,27.8,h,23,27.8,23,27.8,0,0.004,1038.377,2.948,0.191,31,27.8,0.025,12,283,30.489,68.398,2.324,43.364,,,,,0
2026-10-10T04:00Z,2026-10-10T07:00Z,6205698,3,23.3,23.9,32.8,33.7,27.8,h,23.9,27.8,23.9,27.8,0,0.002,377.396,2.667,1.733,31,27.8,0.025,14,283,27.615,86.195,1.975,306.836,,,,,0
2026-10-10T04:00Z,2026-10-10T10:00Z,6205698,6,24.1,24.7,33.6,34.5,27.8,h,24.7,27.8,24.9,27.8,0,0.001,318.76,1.19,1.917,31,27.8,0.025,17,283,26.67,90.774,0.616,74.189,,,,,0
2026-10-10T04:00Z,2026-10-10T16:00Z,6205698,12,14.1,14.4,31.8,32.6,27.7,h,14.4,27.7,14.5,27.8,0,0,270.461,3.303,1.95,31,27.8,0.025,23,283,24.704,97.238,1.87,55.034,,,,,0
2026-10-10T04:00Z,2026-10-11T04:00Z,6205698,24,8.4,8.5,17.6,18,24.7,h,8.5,24.7,8.6,24.7,0,0,625.148,3.769,1.879,31,27.8,0.025,11,284,27.769,80.988,2.763,90.451,,,,,0
2026-10-10T04:00Z,2026-10-12T04:00Z,6205698,48,14.8,14.9,14.6,14.8,21.3,h,14.9,21.3,14.9,21.3,0,0,1047.85,3.22,0.033,31,27.8,0.025,11,285,30.144,69.864,2.482,59.487,,,,,0
2026-10-10T04:00Z,2026-10-10T05:00Z,6205700,1,23.9,32.7,28,38.7,31.5,h,32.7,31.5,32.7,31.5,0,0.002,1037.787,3.193,0.164,36.2,31.5,0.314,12,283,30.438,69.851,2.532,42.19,,,,,0
2026-10-10T04:00Z,2026-10-10T07:00Z,6205700,3,20.8,28.1,27.5,38,31.5,h,28.1,31.5,28.1,31.5,0,0.001,598.94,1.671,1.178,36.2,31.5,0.314,14,283,28.51,81.226,1.146,335.733,,,,,0
2026-10-10T04:00Z,2026-10-10T10:00Z,6205700,6,15.8,21,26.1,35.9,31.5,h,21,31.5,21.2,31.5,0,0.001,315.947,1.507,2.075,36.2,31.5,0.314,17,283,26.55,90.29,0.903,68.388,,,,,0
2026-10-10T04:00Z,2026-10-10T16:00Z,6205700,12,10.9,14.1,23.6,32.2,31.2,h,14.1,31.2,14.2,31.2,0,0,256.859,2.928,1.874,36.2,31.5,0.314,23,283,24.563,97.111,1.625,41.346,,,,,0
2026-10-10T04:00Z,2026-10-11T04:00Z,6205700,24,7.1,8.8,12.7,16.6,26.7,h,8.8,26.7,8.9,26.8,0,0,620.744,2.679,1.354,36.2,31.5,0.314,11,284,27.703,81.276,1.962,88.144,,,,,0
2026-10-10T04:00Z,2026-10-12T04:00Z,6205700,48,17.5,19.7,13.2,15.4,23.5,h,19.7,23.5,19.7,23.5,0,0,970.667,3.366,0.127,36.2,31.5,0.314,11,285,29.939,71.742,2.608,61.265,,,,,0
2026-10-10T04:00Z,2026-10-10T05:00Z,6205764,1,11.8,26.4,15.2,34.7,24.9,h,26.4,24.9,26.4,24.9,0,0,996.493,3.097,0.177,32.4,24.9,0.794,12,283,30.505,69.009,2.453,46.366,,,,,0
2026-10-10T04:00Z,2026-10-10T07:00Z,6205764,3,10,21.8,14.8,33.8,24.9,h,21.8,24.9,21.8,24.9,0,0,491.743,1.53,1.02,32.4,24.9,0.794,14,283,28.292,82.63,1.092,322.693,,,,,0
2026-10-10T04:00Z,2026-10-10T10:00Z,6205764,6,9.1,19.1,14.1,31.9,24.9,h,19.1,24.9,19.3,24.9,0,0,265.948,1.892,2.683,32.4,24.9,0.794,17,283,26.291,92.2,1.006,89.8,,,,,0
2026-10-10T04:00Z,2026-10-10T16:00Z,6205764,12,9.3,17.9,12.6,27.7,25.2,h,17.9,25.2,18,25.2,0,0,246.714,3.07,1.392,32.4,24.9,0.794,23,283,24.669,97.679,1.751,50.729,,,,,0
2026-10-10T04:00Z,2026-10-11T04:00Z,6205764,24,3.7,6.5,7.6,15.2,21.8,h,6.5,21.8,6.6,21.8,0,0,806.062,3.895,0.938,32.4,24.9,0.794,11,284,28.679,76.841,2.863,90.788,,,,,0
2026-10-10T04:00Z,2026-10-12T04:00Z,6205764,48,11.1,15.1,9.9,14.6,19.8,h,15.1,19.8,15.1,19.8,0,0,1055.083,3.585,0.077,32.4,24.9,0.794,11,285,30.449,68.641,2.73,69.921,,,,,0
2026-10-10T04:00Z,2026-10-10T05:00Z,6205924,1,11.8,26.6,15.2,34.9,27,h,26.6,27,26.6,27,0,0,1025.438,3.29,0.164,30.6,27,0.8,12,283,30.514,69.4,2.607,45.164,,,,,0
2026-10-10T04:00Z,2026-10-10T07:00Z,6205924,3,10,22,14.8,34,27,h,22,27,22,27,0,0,585.016,1.35,0.927,30.6,27,0.8,14,283,28.609,80.732,0.918,341.506,,,,,0
2026-10-10T04:00Z,2026-10-10T10:00Z,6205924,6,9.1,19.2,14.1,32.1,27,h,19.2,27,19.4,27,0,0,281.446,1.899,2.481,30.6,27,0.8,17,283,26.318,91.604,1.078,86.831,,,,,0
2026-10-10T04:00Z,2026-10-10T16:00Z,6205924,12,9.3,18,12.6,27.8,26.8,h,18,26.8,18.1,26.8,0,0,243.333,2.982,1.479,30.6,27,0.8,23,283,24.627,97.408,1.697,47.672,,,,,0
2026-10-10T04:00Z,2026-10-11T04:00Z,6205924,24,3.7,6.6,7.6,15.3,23.3,h,6.6,23.3,6.7,23.3,0,0,758.626,3.395,0.923,30.6,27,0.8,11,284,28.452,77.839,2.506,89.613,,,,,0
2026-10-10T04:00Z,2026-10-12T04:00Z,6205924,48,11.1,15.1,9.9,14.7,20.8,h,15.1,20.8,15.1,20.8,0,0,1009.574,3.649,0.119,30.6,27,0.8,11,285,30.267,69.959,2.796,68.636,,,,,0
2026-10-10T04:00Z,2026-10-10T05:00Z,6206920,1,1.8,1.3,2.3,1.7,0.7,h,1.3,0.7,1.3,0.7,0,0,805.075,4.121,0.871,2.9,0.7,-0.202,12,283,25.894,78.582,2.859,64.706,,,,,0
2026-10-10T04:00Z,2026-10-10T07:00Z,6206920,3,2.4,1.8,2.3,1.7,0.7,h,1.8,0.7,1.8,0.7,0,0,767.815,4.651,0.579,2.9,0.7,-0.202,14,283,25.817,77.514,3.214,57.416,,,,,0
2026-10-10T04:00Z,2026-10-10T10:00Z,6206920,6,2.9,2.3,2.5,1.9,0.7,h,2.3,0.7,2.3,0.7,0,0,517.797,4.854,0.361,2.9,0.7,-0.202,17,283,23.425,90.425,2.755,41.889,,,,,0
2026-10-10T04:00Z,2026-10-10T16:00Z,6206920,12,1,0.7,2.2,1.7,0.8,h,0.7,0.8,0.7,0.8,0,0,277.972,3.442,0.027,2.9,0.7,-0.202,23,283,21.935,94.499,1.536,33.525,,,,,0
2026-10-10T04:00Z,2026-10-11T04:00Z,6206920,24,6.1,5.3,2.1,1.7,1,h,5.3,1,5.4,1,0,0,831.685,4.529,0.194,2.9,0.7,-0.202,11,284,25.689,77.044,3.091,48.391,,,,,0
2026-10-10T04:00Z,2026-10-12T04:00Z,6206920,48,3.1,2.8,9.3,8.4,4.6,h,2.8,4.6,2.8,4.6,0,0,892.893,4.602,0.061,2.9,0.7,-0.202,11,285,26.77,73.497,3.227,49.792,,,,,0
2026-10-10T04:00Z,2026-10-10T05:00Z,6207256,1,7.7,8.4,14.4,15.6,13.6,h,8.4,13.6,8.4,13.6,0,0.001,1103.756,1.636,0.078,22.5,13.6,0.077,12,283,30.197,58.917,1.236,52.717,,,,,0
2026-10-10T04:00Z,2026-10-10T07:00Z,6207256,3,8,8.7,14.5,15.7,13.6,h,8.7,13.6,8.7,13.6,0,0.003,1218.468,1.788,0.078,22.5,13.6,0.077,14,283,30.838,56.585,1.35,57.844,,,,,0
2026-10-10T04:00Z,2026-10-10T10:00Z,6207256,6,9.4,10.1,14.6,15.9,13.7,h,10.1,13.7,10.2,13.7,0,0.004,324.755,3.082,0.412,22.5,13.6,0.077,17,283,26.631,82.737,2.055,136.269,,,,,0
2026-10-10T04:00Z,2026-10-10T16:00Z,6207256,12,8.9,9.5,13.5,14.6,13.1,h,9.5,13.1,9.5,13.1,0,0.001,55.046,2.018,0.228,22.5,13.6,0.077,23,283,23.848,94.965,1.168,305.933,,,,,0
2026-10-10T04:00Z,2026-10-11T04:00Z,6207256,24,8.8,9.3,9.9,10.6,12.8,h,9.3,12.8,9.4,12.8,0,0.001,975.425,0.553,0.1,22.5,13.6,0.077,11,284,27.261,76.831,0.399,75.817,,,,,0
2026-10-10T04:00Z,2026-10-12T04:00Z,6207256,48,8.5,8.8,12,12.4,13.2,h,8.8,13.2,8.8,13.2,0,0,761.869,0.556,0.115,22.5,13.6,0.077,11,285,28.233,71.607,0.477,159.053,,,,,0
2026-10-10T04:00Z,2026-10-10T05:00Z,6209697,1,4.3,13.7,6.6,21,24.9,h,13.7,24.9,13.7,24.9,0,0,324.523,1.058,1.772,17.8,25,1.064,12,283,27.596,82.835,1.113,321.882,,,,,0
2026-10-10T04:00Z,2026-10-10T07:00Z,6209697,3,4.9,14.7,5.9,18.8,24.7,h,14.7,24.7,14.7,24.7,0,0,346.635,0.405,0.811,17.8,25,1.064,14,283,27.504,86.621,0.461,255.802,,,,,0
2026-10-10T04:00Z,2026-10-10T10:00Z,6209697,6,4.1,11.8,5.1,16.4,24,h,11.8,24,11.9,24,0,0,297.929,1.786,0.759,17.8,25,1.064,17,283,26.754,87.969,1.641,179.86,,,,,0
2026-10-10T04:00Z,2026-10-10T16:00Z,6209697,12,2.9,7.8,4.2,13,22.1,h,7.8,22.1,7.8,22.1,0,0,272.188,1.432,0.047,17.8,25,1.064,23,283,26.19,88.609,1.519,207.131,,,,,0
2026-10-10T04:00Z,2026-10-11T04:00Z,6209697,24,2.6,5.8,3.1,8.6,19.7,h,5.8,19.7,5.9,19.8,0,0,532.712,1.024,0.041,17.8,25,1.064,11,284,28.188,77.997,0.858,227.808,,,,,0
2026-10-10T04:00Z,2026-10-12T04:00Z,6209697,48,2.2,3.7,2.3,4.5,14.8,h,3.7,14.8,3.7,14.8,0,0,529.047,1.418,0.049,17.8,25,1.064,11,285,27.698,81.337,1.271,75.621,,,,,0
2026-10-10T04:00Z,2026-10-10T05:00Z,6209698,1,11.9,24.9,15.8,33.7,24.9,h,24.9,24.9,24.9,24.9,0,0.001,991.027,2.908,0.189,31.9,24.9,0.726,12,283,30.482,68.638,2.3,45.913,,,,,0
2026-10-10T04:00Z,2026-10-10T07:00Z,6209698,3,10.7,21.8,16,34,24.9,h,21.8,24.9,21.8,24.9,0,0.001,398.068,2.115,1.327,31.9,24.9,0.726,14,283,27.868,85.013,1.57,308.68,,,,,0
2026-10-10T04:00Z,2026-10-10T10:00Z,6209698,6,9.1,17.9,16.2,34.1,24.9,h,17.9,24.9,18,24.9,0,0,276.031,1.601,2.535,31.9,24.9,0.726,17,283,26.418,91.989,0.797,86.404,,,,,0
2026-10-10T04:00Z,2026-10-10T16:00Z,6209698,12,9.5,17.3,15.1,30.9,25.3,h,17.3,25.3,17.4,25.3,0,0,257.904,3.185,1.554,31.9,24.9,0.726,23,283,24.698,97.689,1.81,53.078,,,,,0
2026-10-10T04:00Z,2026-10-11T04:00Z,6209698,24,3.2,5.5,8.6,16,22.1,h,5.5,22.1,5.6,22.1,0,0,764.746,4.087,1.286,31.9,24.9,0.726,11,284,28.455,77.89,2.991,91.24,,,,,0
2026-10-10T04:00Z,2026-10-12T04:00Z,6209698,48,9.9,13.2,10.1,14.3,19.6,h,13.2,19.6,13.2,19.6,0,0,1077.695,3.377,0.038,31.9,24.9,0.726,11,285,30.434,68.379,2.572,66.9,,,,,0
2026-10-10T04:00Z,2026-10-10T05:00Z,6210633,1,6.6,17.9,9.7,26.6,15.8,h,17.9,15.8,17.9,15.8,0,0,1009.941,3.264,0.16,20.9,15.8,0.951,12,283,30.674,68.334,2.57,52.669,,,,,0
2026-10-10T04:00Z,2026-10-10T07:00Z,6210633,3,7.2,18.7,9.6,26.2,15.9,h,18.7,15.9,18.7,15.9,0,0,540.191,0.674,0.557,20.9,15.8,0.951,14,283,28.682,80.585,0.407,11.858,,,,,0
2026-10-10T04:00Z,2026-10-10T10:00Z,6210633,6,7.6,18.6,9.5,25.6,16.1,h,18.6,16.1,18.8,16.1,0,0,216.089,2.809,3.25,20.9,15.8,0.951,17,283,25.91,94.101,1.577,105.576,,,,,0
2026-10-10T04:00Z,2026-10-10T16:00Z,6210633,12,4.9,11.2,7.9,20.7,16.6,h,11.2,16.6,11.2,16.6,0,0,211.397,2.95,0.793,20.9,15.8,0.951,23,283,24.707,98.097,1.73,56.588,,,,,0
2026-10-10T04:00Z,2026-10-11T04:00Z,6210633,24,2.6,5.3,5.4,12.6,14.8,h,5.3,14.8,5.4,14.8,0,0,1008.143,4.513,0.14,20.9,15.8,0.951,11,284,29.778,71.881,3.346,91.394,,,,,0
2026-10-10T04:00Z,2026-10-12T04:00Z,6210633,48,7.2,10.6,6.2,10.2,13,h,10.6,13,10.6,13,0,0,1092.968,3.989,0.097,20.9,15.8,0.951,11,285,30.853,66.771,3.021,79.886,,,,,0
2026-10-10T04:00Z,2026-10-10T05:00Z,6210702,1,22.4,24.2,32.3,34.9,27.8,h,24.2,27.8,24.2,27.8,0,0.002,1022.832,2.984,0.185,33.1,27.8,0.076,12,283,30.478,68.759,2.357,43.951,,,,,0
2026-10-10T04:00Z,2026-10-10T07:00Z,6210702,3,23.3,25.1,32.8,35.5,27.8,h,25.1,27.8,25.1,27.8,0,0.001,427.892,2.253,1.489,33.1,27.8,0.076,14,283,27.875,84.822,1.649,311.465,,,,,0
2026-10-10T04:00Z,2026-10-10T10:00Z,6210702,6,24.1,25.8,33.6,36.3,27.7,h,25.8,27.7,26,27.7,0,0.001,304.043,1.379,2.152,33.1,27.8,0.076,17,283,26.562,91.084,0.725,77.723,,,,,0
2026-10-10T04:00Z,2026-10-10T16:00Z,6210702,12,14.1,15,31.8,34.2,27.8,h,15,27.8,15.1,27.9,0,0,263.567,3.179,1.803,33.1,27.8,0.076,23,283,24.675,97.362,1.792,51.979,,,,,0
2026-10-10T04:00Z,2026-10-11T04:00Z,6210702,24,8.4,8.8,17.6,18.8,24.9,h,8.8,24.9,8.9,25,0,0,670.786,3.662,1.579,33.1,27.8,0.076,11,284,27.985,80.009,2.683,90.41,,,,,0
2026-10-10T04:00Z,2026-10-12T04:00Z,6210702,48,14.8,15.2,14.6,15.1,21.5,h,15.2,21.5,15.2,21.5,0,0,1042.576,3.297,0.053,33.1,27.8,0.076,11,285,30.2,69.738,2.533,62.379,,,,,0
2026-10-10T04:00Z,2026-10-10T05:00Z,6218293,1,11.6,21.6,10.1,19.3,24.2,h,21.6,24.2,21.6,24.2,0,0.008,852.233,3.809,1.623,19.9,24.2,0.607,12,283,29.293,72.687,2.939,52.153,,,,,0
2026-10-10T04:00Z,2026-10-10T07:00Z,6218293,3,12.2,22.1,10.8,20.6,24.2,h,22.1,24.2,22.1,24.2,0,0.002,565.73,5.507,1.357,19.9,24.2,0.607,14,283,27.303,86.083,3.919,48.2,,,,,0
2026-10-10T04:00Z,2026-10-10T10:00Z,6218293,6,12.1,21.1,11.8,22.2,24.3,h,21.1,24.3,21.3,24.3,0,0,616.559,4.577,0.035,19.9,24.2,0.607,17,283,27.954,80.205,2.844,19.419,,,,,0
2026-10-10T04:00Z,2026-10-10T16:00Z,6218293,12,10.3,17,11.7,21.3,23.7,h,17,23.7,17.1,23.7,0,0.001,171.999,4.443,0,19.9,24.2,0.607,23,283,25.499,86.16,1.804,46.944,,,,,0
2026-10-10T04:00Z,2026-10-11T04:00Z,6218293,24,7.8,11.6,9.8,16.4,22.2,h,11.6,22.2,11.8,22.2,0,0.001,1034.897,3.22,0.07,19.9,24.2,0.607,11,284,29.825,69.45,2.506,53.566,,,,,0
2026-10-10T04:00Z,2026-10-12T04:00Z,6218293,48,13.4,16.9,10.4,14.1,20.7,h,16.9,20.7,16.9,20.7,0,0.001,791.839,1.221,0.05,19.9,24.2,0.607,11,285,30.28,68.645,0.977,75.326,,,,,0
2026-10-10T04:00Z,2026-10-10T05:00Z,6218918,1,10,9.9,18.8,18.6,28,h,9.9,28,9.9,28,0,0,766.998,4.361,0.178,15.7,28,-0.01,12,283,26.294,85.801,3.266,48.534,,,,,0
2026-10-10T04:00Z,2026-10-10T07:00Z,6218918,3,8.7,8.6,18.6,18.4,27.9,h,8.6,27.9,8.6,27.9,0,0,820.881,5.218,0.161,15.7,28,-0.01,14,283,27.209,78.551,3.952,56.51,,,,,0
2026-10-10T04:00Z,2026-10-10T10:00Z,6218918,6,8.1,8,18.3,18.1,27.6,h,8,27.6,8.1,27.6,0,0,445.333,3.558,0.526,15.7,28,-0.01,17,283,25.894,87.805,2.447,55.581,,,,,0
2026-10-10T04:00Z,2026-10-10T16:00Z,6218918,12,16.3,16.2,16.9,16.7,25.7,h,16.2,25.7,16.3,25.7,0,0,242.289,3.976,0,15.7,28,-0.01,23,283,24.564,86.396,1.727,78.571,,,,,0
2026-10-10T04:00Z,2026-10-11T04:00Z,6218918,24,10.9,10.8,13.8,13.7,24.3,h,10.8,24.3,11,24.3,0,0.001,1004.079,3.77,0.006,15.7,28,-0.01,11,284,28.997,64.064,2.902,82.699,,,,,0
2026-10-10T04:00Z,2026-10-12T04:00Z,6218918,48,27.5,27.4,20.8,20.7,25.5,h,27.4,25.5,27.4,25.5,0,0.002,824.091,2.727,0,15.7,28,-0.01,11,285,28.892,65.01,2.151,89.627,,,,,0
2026-10-10T04:00Z,2026-10-10T05:00Z,6222557,1,23.9,29.4,28,34.7,29.2,h,29.4,29.2,29.4,29.2,0,0.005,1052.765,3.041,0.179,32.3,29.2,0.209,12,283,30.448,69.099,2.403,41.389,,,,,0
2026-10-10T04:00Z,2026-10-10T07:00Z,6222557,3,20.8,25.4,27.5,34.1,29.2,h,25.4,29.2,25.4,29.2,0,0.002,473.497,2.39,1.654,32.3,29.2,0.209,14,283,27.921,84.428,1.719,315.235,,,,,0
2026-10-10T04:00Z,2026-10-10T10:00Z,6222557,6,15.8,19.1,26.1,32.3,29.1,h,19.1,29.1,19.3,29.1,0,0.001,336.985,1.18,1.73,32.3,29.2,0.209,17,283,26.74,89.918,0.702,59.468,,,,,0
2026-10-10T04:00Z,2026-10-10T16:00Z,6222557,12,10.9,13,23.6,29,28.7,h,13,28.7,13.1,28.7,0,0,271.11,3.121,2.117,32.3,29.2,0.209,23,283,24.626,96.995,1.729,48.386,,,,,0
2026-10-10T04:00Z,2026-10-11T04:00Z,6222557,24,7.1,8.2,12.7,15.2,24.7,h,8.2,24.7,8.3,24.7,0,0,552.903,3.022,1.906,32.3,29.2,0.209,11,284,27.375,82.775,2.211,89.002,,,,,0
2026-10-10T04:00Z,2026-10-12T04:00Z,6222557,48,17.5,18.9,13.2,14.6,21.9,h,18.9,21.9,18.9,21.9,0,0,996.389,3.194,0.075,32.3,29.2,0.209,11,285,29.897,71.521,2.487,56.153,,,,,0
2026-10-10T04:00Z,2026-10-10T05:00Z,6223085,1,20.4,38,22.1,42.1,40.6,h,38,40.6,38.1,40.6,0,0.028,1119.255,3.056,0.196,32.5,40.6,0.626,12,283,30.289,69.426,2.403,37.164,,,,,0
2026-10-10T04:00Z,2026-10-10T07:00Z,6223085,3,21,38.1,22.6,43,40.6,h,38.1,40.6,38.2,40.6,0,0.013,464.598,3.169,2.313,32.5,40.6,0.626,14,283,27.461,86.142,2.276,313.484,,,,,0
2026-10-10T04:00Z,2026-10-10T10:00Z,6223085,6,18.8,33,23.4,44,40.8,h,33,40.8,33.3,40.8,0,0.005,409.926,1.215,0.649,32.5,40.6,0.626,17,283,27.133,87.551,0.867,4.438,,,,,0
2026-10-10T04:00Z,2026-10-10T16:00Z,6223085,12,6.8,11.6,21.9,40.4,39.9,h,11.6,39.9,11.7,39.9,0,0,292.206,3.132,2.867,32.5,40.6,0.626,23,283,24.478,96.279,1.671,47.382,,,,,0
2026-10-10T04:00Z,2026-10-11T04:00Z,6223085,24,6.9,10.5,12.7,21.8,34.6,h,10.5,34.6,10.7,34.6,0,0,277.62,2.076,2.902,32.5,40.6,0.626,11,284,25.853,89.345,1.505,84.907,,,,,0
2026-10-10T04:00Z,2026-10-12T04:00Z,6223085,48,8.9,11.4,8.9,12.3,26.5,h,11.4,26.5,11.4,26.5,0,0,918.39,3.054,0.089,32.5,40.6,0.626,11,285,29.139,75.149,2.457,40.366,,,,,0
2026-10-10T04:00Z,2026-10-10T05:00Z,6224050,1,22.4,23.8,32.3,34.3,27.3,h,23.8,27.3,23.8,27.3,0,0.001,988.756,2.833,0.195,31.5,27.3,0.061,12,283,30.482,68.393,2.238,46.002,,,,,0
2026-10-10T04:00Z,2026-10-10T07:00Z,6224050,3,23.3,24.7,32.8,34.9,27.3,h,24.7,27.3,24.7,27.3,0,0.001,350.774,2.399,1.457,31.5,27.3,0.061,14,283,27.669,86.132,1.803,304.288,,,,,0
2026-10-10T04:00Z,2026-10-10T10:00Z,6224050,6,24.1,25.4,33.6,35.7,27.3,h,25.4,27.3,25.6,27.3,0,0,278.085,1.507,2.493,31.5,27.3,0.061,17,283,26.458,92.011,0.721,86.364,,,,,0
2026-10-10T04:00Z,2026-10-10T16:00Z,6224050,12,14.1,14.8,31.8,33.7,27.6,h,14.8,27.6,14.9,27.7,0,0,261.984,3.261,1.596,31.5,27.3,0.061,23,283,24.72,97.714,1.859,54.934,,,,,0
2026-10-10T04:00Z,2026-10-11T04:00Z,6224050,24,8.4,8.7,17.6,18.6,24.5,h,8.7,24.5,8.8,24.5,0,0,757.331,4.259,1.42,31.5,27.3,0.061,11,284,28.418,78.068,3.114,91.493,,,,,0
2026-10-10T04:00Z,2026-10-12T04:00Z,6224050,48,14.8,15.1,14.6,15,21.2,h,15.1,21.2,15.1,21.2,0,0,1092.322,3.312,0.018,31.5,27.3,0.061,11,285,30.458,68.082,2.52,66.044,,,,,0
2026-10-10T04:00Z,2026-10-10T05:00Z,6226542,1,8.1,24.3,10.4,32,23.1,h,24.3,23.1,24.3,23.1,0,0,1202.429,4.682,0.116,29.4,23.1,1.066,12,283,30.901,68.715,3.691,46.941,,,,,0
2026-10-10T04:00Z,2026-10-10T07:00Z,6226542,3,6.8,19.8,9.8,30.3,23.1,h,19.8,23.1,19.8,23.1,0,0,902.301,2.212,0.28,29.4,23.1,1.066,14,283,29.931,72.526,1.67,60.24,,,,,0
2026-10-10T04:00Z,2026-10-10T10:00Z,6226542,6,5.9,16.3,8.9,27.2,23,h,16.3,23,16.4,23,0,0,292.751,3.231,2.019,29.4,23.1,1.066,17,283,25.973,92.014,2.224,106.479,,,,,0
2026-10-10T04:00Z,2026-10-10T16:00Z,6226542,12,4.3,11,7.4,22.1,22.5,h,11,22.5,11,22.5,0,0,196.287,3.271,1.007,29.4,23.1,1.066,23,283,24.722,96.517,1.972,63.8,,,,,0
2026-10-10T04:00Z,2026-10-11T04:00Z,6226542,24,2.9,6.3,4.3,11.5,19.4,h,6.3,19.4,6.4,19.4,0,0,844.38,3.567,0.251,29.4,23.1,1.066,11,284,29.204,74.066,2.764,86.509,,,,,0
2026-10-10T04:00Z,2026-10-12T04:00Z,6226542,48,7,10.7,4.9,8.6,15.9,h,10.7,15.9,10.7,15.9,0,0,908.968,4.913,0.256,29.4,23.1,1.066,11,285,30.242,71.357,3.786,76.048,,,,,0
2026-10-10T04:00Z,2026-10-10T05:00Z,6226788,1,2.2,6.9,5.7,16.2,15.4,h,6.9,15.4,6.9,15.4,0,0,1128.392,1.972,0.094,4.2,15.4,0.939,12,283,30.624,67.618,1.57,36.383,,,,,0
2026-10-10T04:00Z,2026-10-10T07:00Z,6226788,3,3.1,8.7,5.4,15.3,15.3,h,8.7,15.3,8.7,15.3,0,0,428.187,2.886,2.399,4.2,15.4,0.939,14,283,27.891,81.384,2.24,156.149,,,,,0
2026-10-10T04:00Z,2026-10-10T10:00Z,6226788,6,3.5,9.1,5,14,15.3,h,9.1,15.3,9.2,15.3,0,0,175.177,0.136,1.062,4.2,15.4,0.939,17,283,26.493,90.892,0.215,119.124,,,,,0
2026-10-10T04:00Z,2026-10-10T16:00Z,6226788,12,1.9,4.9,3.5,9.8,14.5,h,4.9,14.5,4.9,14.5,0,0,97.286,1.74,0.349,4.2,15.4,0.939,23,283,24.869,96.647,1.108,54.178,,,,,0
2026-10-10T04:00Z,2026-10-11T04:00Z,6226788,24,1.7,3.7,2.3,5.9,12.4,h,3.7,12.4,3.8,12.4,0,0,879.977,2.727,0.017,4.2,15.4,0.939,11,284,29.426,71.963,2.063,57.982,,,,,0
2026-10-10T04:00Z,2026-10-12T04:00Z,6226788,48,3,4.6,3.4,5.8,10.6,h,4.6,10.6,4.6,10.6,0,0,838.565,0.928,0.025,4.2,15.4,0.939,11,285,29.068,76.968,0.651,83.04,,,,,0
2026-10-10T04:00Z,2026-10-10T05:00Z,6229487,1,23.9,38.9,28,46.3,38.2,h,38.9,38.2,39,38.2,0,0.002,1040.766,3.179,0.162,43.1,38.2,0.491,12,283,30.415,70.047,2.523,41.309,,,,,0
2026-10-10T04:00Z,2026-10-10T07:00Z,6229487,3,20.8,33.3,27.5,45.4,38.2,h,33.3,38.2,33.3,38.2,0,0.001,613.727,1.726,1.217,43.1,38.2,0.491,14,283,28.529,81.111,1.181,336.664,,,,,0
2026-10-10T04:00Z,2026-10-10T10:00Z,6229487,6,15.8,24.7,26.1,42.9,38.1,h,24.7,38.1,24.9,38.2,0,0.001,324.952,1.454,1.976,43.1,38.2,0.491,17,283,26.606,89.915,0.9,61.748,,,,,0
2026-10-10T04:00Z,2026-10-10T16:00Z,6229487,12,10.9,16.3,23.6,38.3,37.8,h,16.3,37.8,16.4,37.8,0,0,259.816,2.906,1.976,43.1,38.2,0.491,23,283,24.539,97.026,1.603,38.791,,,,,0
2026-10-10T04:00Z,2026-10-11T04:00Z,6229487,24,7.1,9.8,12.7,19.3,32.2,h,9.8,32.2,10,32.2,0,0,583.737,2.432,1.442,43.1,38.2,0.491,11,284,27.499,82.211,1.776,87.42,,,,,0
2026-10-10T04:00Z,2026-10-12T04:00Z,6229487,48,17.5,21.1,13.2,16.8,27.5,h,21.1,27.5,21.1,27.5,0,0,956.449,3.306,0.134,43.1,38.2,0.491,11,285,29.841,72.312,2.572,59.178,,,,,0
2026-10-10T04:00Z,2026-10-10T05:00Z,6229488,1,23.9,36.8,28,43.8,35.1,h,36.8,35.1,36.9,35.1,0,0.002,1041.509,3.168,0.163,40.9,35.1,0.436,12,283,30.409,70.066,2.514,41.078,,,,,0
2026-10-10T04:00Z,2026-10-10T07:00Z,6229488,3,20.8,31.5,27.5,42.9,35.1,h,31.5,35.1,31.5,35.1,0,0.001,611.834,1.76,1.243,40.9,35.1,0.436,14,283,28.509,81.216,1.206,335.741,,,,,0
2026-10-10T04:00Z,2026-10-10T10:00Z,6229488,6,15.8,23.5,26.1,40.6,35.1,h,23.5,35.1,23.7,35.1,0,0.001,327.606,1.433,1.944,40.9,35.1,0.436,17,283,26.625,89.819,0.894,59.791,,,,,0
2026-10-10T04:00Z,2026-10-10T16:00Z,6229488,12,10.9,15.6,23.6,36.3,34.9,h,15.6,34.9,15.7,34.9,0,0,261.062,2.907,2.007,40.9,35.1,0.436,23,283,24.535,97.006,1.6,38.455,,,,,0
2026-10-10T04:00Z,2026-10-11T04:00Z,6229488,24,7.1,9.5,12.7,18.4,29.8,h,9.5,29.8,9.6,29.8,0,0,573.159,2.39,1.481,40.9,35.1,0.436,11,284,27.442,82.474,1.744,87.295,,,,,0
2026-10-10T04:00Z,2026-10-12T04:00Z,6229488,48,17.5,20.6,13.2,16.4,25.7,h,20.6,25.7,20.6,25.7,0,0,954.496,3.286,0.134,40.9,35.1,0.436,11,285,29.819,72.424,2.559,58.504,,,,,0
2026-10-10T04:00Z,2026-10-10T05:00Z,6230362,1,11.6,19.6,10.1,17.5,21.1,h,19.6,21.1,19.6,21.1,0,0.006,836.274,4.273,1.447,20.2,21.1,0.515,12,283,28.872,73.703,3.198,54.279,,,,,0
2026-10-10T04:00Z,2026-10-10T07:00Z,6230362,3,12.2,20.2,10.8,18.7,21.1,h,20.2,21.1,20.2,21.1,0,0.001,557.65,5.81,1.067,20.2,21.1,0.515,14,283,26.965,85.885,4.034,45.905,,,,,0
2026-10-10T04:00Z,2026-10-10T10:00Z,6230362,6,12.1,19.4,11.8,20.2,21.3,h,19.4,21.3,19.6,21.3,0,0,584.231,5.1,0.024,20.2,21.1,0.515,17,283,27.563,80.281,3.065,27.965,,,,,0
2026-10-10T04:00Z,2026-10-10T16:00Z,6230362,12,10.3,15.7,11.7,19.5,20.8,h,15.7,20.8,15.8,20.8,0,0.001,185.891,4.821,0,20.2,21.1,0.515,23,283,25.31,85.125,2.049,41.711,,,,,0
2026-10-10T04:00Z,2026-10-11T04:00Z,6230362,24,7.8,10.9,9.8,15.2,19.6,h,10.9,19.6,11.1,19.6,0,0.001,984.823,3.671,0.036,20.2,21.1,0.515,11,284,29.574,68.419,2.799,56.443,,,,,0
2026-10-10T04:00Z,2026-10-12T04:00Z,6230362,48,13.4,16.3,10.4,13.5,18.4,h,16.3,18.4,16.3,18.4,0,0.001,802.063,1.813,0.045,20.2,21.1,0.515,11,285,30.166,67.667,1.398,77.924,,,,,0
2026-10-10T04:00Z,2026-10-10T05:00Z,6230395,1,11.6,23.8,10.1,21.4,22,h,23.8,22,23.8,22,0,0.008,705.621,4.296,2.382,24.6,22,0.704,12,283,28.274,77.658,3.237,61.102,,,,,0
2026-10-10T04:00Z,2026-10-10T07:00Z,6230395,3,12.2,24.2,10.8,22.7,22.1,h,24.2,22.1,24.2,22.1,0,0.001,631.47,5.119,1.281,24.6,22,0.704,14,283,27.348,84.508,3.64,51.158,,,,,0
2026-10-10T04:00Z,2026-10-10T10:00Z,6230395,6,12.1,23.1,11.8,24.5,22.2,h,23.1,22.2,23.3,22.2,0,0,530.052,4.218,0.015,24.6,22,0.704,17,283,27.403,82.202,2.645,14.572,,,,,0
2026-10-10T04:00Z,2026-10-10T16:00Z,6230395,12,10.3,18.3,11.7,23.4,22.1,h,18.3,22.1,18.4,22.1,0,0.001,156.68,4.377,0,24.6,22,0.704,23,283,25.133,87.317,1.804,45.544,,,,,0
2026-10-10T04:00Z,2026-10-11T04:00Z,6230395,24,7.8,12.4,9.8,17.8,20.9,h,12.4,20.9,12.6,20.9,0,0.001,1060.118,3.298,0.045,24.6,22,0.704,11,284,29.644,68.474,2.514,61.607,,,,,0
2026-10-10T04:00Z,2026-10-12T04:00Z,6230395,48,13.4,17.6,10.4,14.8,19.5,h,17.6,19.5,17.6,19.5,0,0.001,801.948,1.55,0.052,24.6,22,0.704,11,285,30.162,67.064,1.211,86.427,,,,,0
2026-10-10T04:00Z,2026-10-10T05:00Z,6235850,1,22.4,24.9,32.3,35.9,26.7,h,24.9,26.7,24.9,26.7,0,0.001,1012.4,3.012,0.182,36.1,26.7,0.105,12,283,30.48,68.899,2.382,44.657,,,,,0
2026-10-10T04:00Z,2026-10-10T07:00Z,6235850,3,23.3,25.8,32.8,36.5,26.7,h,25.8,26.7,25.8,26.7,0,0.001,452.667,1.997,1.327,36.1,26.7,0.105,14,283,28.026,84.037,1.451,314.666,,,,,0
2026-10-10T04:00Z,2026-10-10T10:00Z,6235850,6,24.1,26.5,33.6,37.3,26.7,h,26.5,26.7,26.7,26.7,0,0,291.671,1.532,2.332,36.1,26.7,0.105,17,283,26.475,91.417,0.807,81.677,,,,,0
2026-10-10T04:00Z,2026-10-10T16:00Z,6235850,12,14.1,15.4,31.8,35.2,27.2,h,15.4,27.2,15.5,27.2,0,0,258.238,3.127,1.675,36.1,26.7,0.105,23,283,24.667,97.468,1.765,50.925,,,,,0
2026-10-10T04:00Z,2026-10-11T04:00Z,6235850,24,8.4,9,17.6,19.3,24.3,h,9,24.3,9.1,24.4,0,0,712.762,3.695,1.363,36.1,26.7,0.105,11,284,28.195,79.053,2.708,90.511,,,,,0
2026-10-10T04:00Z,2026-10-12T04:00Z,6235850,48,14.8,15.4,14.6,15.4,21,h,15.4,21,15.4,21,0,0,1044.907,3.374,0.063,36.1,26.7,0.105,11,285,30.273,69.441,2.584,64.838,,,,,0
2026-10-10T04:00Z,2026-10-10T05:00Z,6236444,1,11.9,23.3,15.8,31.5,21.8,h,23.3,21.8,23.3,21.8,0,0.001,966.089,2.751,0.198,30.8,21.8,0.66,12,283,30.472,68.35,2.175,47.074,,,,,0
2026-10-10T04:00Z,2026-10-10T07:00Z,6236444,3,10.7,20.5,16,31.8,21.8,h,20.5,21.8,20.5,21.8,0,0.001,325.212,2.393,1.388,30.8,21.8,0.66,14,283,27.626,86.48,1.817,301.902,,,,,0
2026-10-10T04:00Z,2026-10-10T10:00Z,6236444,6,9.1,16.9,16.2,31.9,21.8,h,16.9,21.8,17,21.8,0,0,262.558,1.603,2.715,30.8,21.8,0.66,17,283,26.39,92.488,0.742,89.183,,,,,0
2026-10-10T04:00Z,2026-10-10T16:00Z,6236444,12,9.5,16.4,15.1,29,22.4,h,16.4,22.4,16.5,22.4,0,0,260.34,3.257,1.476,30.8,21.8,0.66,23,283,24.73,97.918,1.86,55.019,,,,,0
2026-10-10T04:00Z,2026-10-11T04:00Z,6236444,24,3.2,5.2,8.6,15.2,19.7,h,5.2,19.7,5.3,19.7,0,0,805.594,4.483,1.281,30.8,21.8,0.66,11,284,28.65,77.037,3.273,91.924,,,,,0
2026-10-10T04:00Z,2026-10-12T04:00Z,6236444,48,9.9,12.8,10.1,13.9,17.8,h,12.8,17.8,12.8,17.8,0,0,1114.319,3.325,0.006,30.8,21.8,0.66,11,285,30.585,67.305,2.518,68.121,,,,,0
2026-10-10T04:00Z,2026-10-10T05:00Z,6238788,1,6.6,18.6,9.7,27.6,16.3,h,18.6,16.3,18.6,16.3,0,0,1055.532,3.772,0.153,28.1,16.3,0.986,12,283,30.73,68.493,2.979,49.596,,,,,0
2026-10-10T04:00Z,2026-10-10T07:00Z,6238788,3,7.2,19.3,9.6,27.2,16.3,h,19.3,16.3,19.3,16.3,0,0,638.562,1.005,0.43,28.1,16.3,0.986,14,283,29.053,78.126,0.663,31.567,,,,,0
2026-10-10T04:00Z,2026-10-10T10:00Z,6238788,6,7.6,19.2,9.5,26.6,16.4,h,19.2,16.4,19.4,16.4,0,0,234.652,3.01,2.935,28.1,16.3,0.986,17,283,25.902,93.618,1.814,105.78,,,,,0
2026-10-10T04:00Z,2026-10-10T16:00Z,6238788,12,4.9,11.5,7.9,21.4,16.8,h,11.5,16.8,11.5,16.8,0,0,210.823,3.193,0.795,28.1,16.3,0.986,23,283,24.743,97.622,1.905,60.496,,,,,0
2026-10-10T04:00Z,2026-10-11T04:00Z,6238788,24,2.6,5.5,5.4,13,15.2,h,5.5,15.2,5.6,15.3,0,0,978.37,4.474,0.147,28.1,16.3,0.986,11,284,29.719,71.952,3.357,90.255,,,,,0
2026-10-10T04:00Z,2026-10-12T04:00Z,6238788,48,7.2,10.7,6.2,10.4,13.3,h,10.7,13.3,10.7,13.3,0,0,1042.441,4.436,0.138,28.1,16.3,0.986,11,285,30.731,67.741,3.378,78.762,,,,,0
2026-10-10T04:00Z,2026-10-10T05:00Z,6240774,1,22.4,21.6,32.3,31.1,25.3,h,21.6,25.3,21.6,25.3,0,0.002,992.474,2.789,0.199,27.8,25.3,-0.035,12,283,30.487,68.157,2.201,45.919,,,,,0
2026-10-10T04:00Z,2026-10-10T07:00Z,6240774,3,23.3,22.5,32.8,31.6,25.3,h,22.5,25.3,22.5,25.3,0,0.001,312.939,2.664,1.589,27.8,25.3,-0.035,14,283,27.497,87.068,2.016,301.565,,,,,0
2026-10-10T04:00Z,2026-10-10T10:00Z,6240774,6,24.1,23.4,33.6,32.4,25.3,h,23.4,25.3,23.6,25.3,0,0.001,283.062,1.409,2.406,27.8,25.3,-0.035,17,283,26.506,91.946,0.652,86.151,,,,,0
2026-10-10T04:00Z,2026-10-10T16:00Z,6240774,12,14.1,13.7,31.8,30.7,25.6,h,13.7,25.6,13.8,25.6,0,0,265.776,3.341,1.655,27.8,25.3,-0.035,23,283,24.741,97.691,1.911,56.77,,,,,0
2026-10-10T04:00Z,2026-10-11T04:00Z,6240774,24,8.4,8.2,17.6,17.1,22.7,h,8.2,22.7,8.3,22.7,0,0,742.025,4.385,1.568,27.8,25.3,-0.035,11,284,28.347,78.396,3.206,91.614,,,,,0
2026-10-10T04:00Z,2026-10-12T04:00Z,6240774,48,14.8,14.6,14.6,14.3,19.8,h,14.6,19.8,14.6,19.8,0,0,1101.379,3.26,0.002,27.8,25.3,-0.035,11,285,30.457,67.953,2.481,64.911,,,,,0
2026-10-10T04:00Z,2026-10-10T05:00Z,6242472,1,11.8,24.8,15.2,32.5,22.7,h,24.8,22.7,24.8,22.7,0,0,1033.333,3.37,0.16,29,22.7,0.729,12,283,30.527,69.489,2.671,45.151,,,,,0
2026-10-10T04:00Z,2026-10-10T07:00Z,6242472,3,10,20.5,14.8,31.6,22.7,h,20.5,22.7,20.5,22.7,0,0,616.917,1.285,0.856,29,22.7,0.729,14,283,28.738,79.974,0.865,350.582,,,,,0
2026-10-10T04:00Z,2026-10-10T10:00Z,6242472,6,9.1,18,14.1,29.9,22.7,h,18,22.7,18.1,22.7,0,0,282.001,1.968,2.47,29,22.7,0.729,17,283,26.295,91.573,1.138,87.616,,,,,0
2026-10-10T04:00Z,2026-10-10T16:00Z,6242472,12,9.3,17,12.6,26,23.2,h,17,23.2,17.1,23.2,0,0,240.27,2.96,1.455,29,22.7,0.729,23,283,24.619,97.356,1.689,47.245,,,,,0
2026-10-10T04:00Z,2026-10-11T04:00Z,6242472,24,3.7,6.2,7.6,14.4,20,h,6.2,20,6.3,20.1,0,0,760.954,3.309,0.855,29,22.7,0.729,11,284,28.474,77.723,2.449,89.284,,,,,0
2026-10-10T04:00Z,2026-10-12T04:00Z,6242472,48,11.1,14.7,9.9,14.2,18.4,h,14.7,18.4,14.7,18.4,0,0,998.624,3.714,0.132,29,22.7,0.729,11,285,30.247,70.186,2.848,69.115,,,,,0
2026-10-10T04:00Z,2026-10-10T05:00Z,6244503,1,11.3,25.5,7.1,17,18.4,h,25.5,18.4,25.5,18.4,0,0.026,1476.118,3.039,0.184,21.3,18.4,0.799,12,283,30.242,54.047,2.322,74.757,,,,,0
2026-10-10T04:00Z,2026-10-10T07:00Z,6244503,3,11,24,7.9,18.5,18.5,h,24,18.5,24,18.5,0,0.016,1204.58,3.555,0.714,21.3,18.4,0.799,14,283,29.7,60.513,2.728,95.473,,,,,0
2026-10-10T04:00Z,2026-10-10T10:00Z,6244503,6,12,24.9,9,20.8,18.9,h,24.9,18.9,25.1,18.9,0,0.006,302,2.533,0.524,21.3,18.4,0.799,17,283,26.083,82.373,1.775,101.061,,,,,0
2026-10-10T04:00Z,2026-10-10T16:00Z,6244503,12,10.1,19.4,9.8,21.7,19.1,h,19.4,19.1,19.5,19.1,0,0.003,35.872,1.426,0,21.3,18.4,0.799,23,283,23.783,97.054,0.26,31.864,,,,,0
2026-10-10T04:00Z,2026-10-11T04:00Z,6244503,24,7.1,12,10.2,19.8,18.8,h,12,18.8,12.2,18.8,0,0.001,780.245,1.799,0.137,21.3,18.4,0.799,11,284,26.357,79.715,1.36,2.598,,,,,0
2026-10-10T04:00Z,2026-10-12T04:00Z,6244503,48,14,19,14,20.5,19.1,h,19,19.1,19,19.1,0,0.001,784.529,0.696,0.042,21.3,18.4,0.799,11,285,28.298,68.346,0.421,66.266,,,,,0
2026-10-10T04:00Z,2026-10-10T05:00Z,6245573,1,23.9,31.7,28,37.5,29.6,h,31.7,29.6,31.7,29.6,0,0.002,1038.158,3.117,0.171,37,29.6,0.284,12,283,30.442,69.543,2.469,42.144,,,,,0
2026-10-10T04:00Z,2026-10-10T07:00Z,6245573,3,20.8,27.3,27.5,36.8,29.6,h,27.3,29.6,27.3,29.6,0,0.001,544.601,1.9,1.34,37,29.6,0.284,14,283,28.276,82.527,1.331,325.496,,,,,0
2026-10-10T04:00Z,2026-10-10T10:00Z,6245573,6,15.8,20.5,26.1,34.9,29.6,h,20.5,29.6,20.7,29.6,0,0.001,319.82,1.397,2.001,37,29.6,0.284,17,283,26.603,90.282,0.823,66.968,,,,,0
2026-10-10T04:00Z,2026-10-10T16:00Z,6245573,12,10.9,13.8,23.6,31.3,29.5,h,13.8,29.5,13.9,29.5,0,0,261.695,2.997,1.932,37,29.6,0.284,23,283,24.591,97.118,1.661,44.304,,,,,0
2026-10-10T04:00Z,2026-10-11T04:00Z,6245573,24,7.1,8.6,12.7,16.2,25.3,h,8.6,25.3,8.7,25.3,0,0,608.382,2.875,1.526,37,29.6,0.284,11,284,27.644,81.55,2.104,88.737,,,,,0
2026-10-10T04:00Z,2026-10-12T04:00Z,6245573,48,17.5,19.5,13.2,15.2,22.4,h,19.5,22.4,19.5,22.4,0,0,986.339,3.301,0.104,37,29.6,0.284,11,285,29.958,71.445,2.558,60.005,,,,,0
2026-10-10T04:00Z,2026-10-10T05:00Z,6248478,1,11.9,22.9,15.8,31,20.2,h,22.9,20.2,22.9,20.2,0,0.001,984.953,2.934,0.186,32.9,20.2,0.645,12,283,30.484,68.737,2.322,46.361,,,,,0
2026-10-10T04:00Z,2026-10-10T07:00Z,6248478,3,10.7,20.2,16,31.3,20.2,h,20.2,20.2,20.2,20.2,0,0,416.732,1.931,1.216,32.9,20.2,0.645,14,283,27.976,84.444,1.428,310.885,,,,,0
2026-10-10T04:00Z,2026-10-10T10:00Z,6248478,6,9.1,16.6,16.2,31.4,20.3,h,16.6,20.3,16.7,20.3,0,0,268.144,1.713,2.65,32.9,20.2,0.645,17,283,26.36,92.2,0.862,88.217,,,,,0
2026-10-10T04:00Z,2026-10-10T16:00Z,6248478,12,9.5,16.2,15.1,28.6,20.9,h,16.2,20.9,16.3,21,0,0,254.233,3.148,1.47,32.9,20.2,0.645,23,283,24.692,97.753,1.791,52.373,,,,,0
2026-10-10T04:00Z,2026-10-11T04:00Z,6248478,24,3.2,5.2,8.6,15,18.5,h,5.2,18.5,5.3,18.6,0,0,791.811,4.1,1.142,32.9,20.2,0.645,11,284,28.592,77.269,3.002,91.274,,,,,0
2026-10-10T04:00Z,2026-10-12T04:00Z,6248478,48,9.9,12.7,10.1,13.8,17,h,12.7,17,12.7,17,0,0,1078.228,3.438,0.045,32.9,20.2,0.645,11,285,30.479,68.208,2.614,68.423,,,,,0
2026-10-10T04:00Z,2026-10-10T05:00Z,6256182,1,13.4,24.9,15.7,29.6,31.2,h,24.9,31.2,24.9,31.2,0,0.002,1094.649,6.79,0.333,37.7,31.2,0.611,12,283,29.567,68.227,5.212,66.166,,,,,0
2026-10-10T04:00Z,2026-10-10T07:00Z,6256182,3,10.4,19,15.3,29,31.2,h,19,31.2,19,31.2,0,0.001,749.502,5.122,1.263,37.7,31.2,0.611,14,283,28.28,76.993,3.762,68.892,,,,,0
2026-10-10T04:00Z,2026-10-10T10:00Z,6256182,6,7.4,13.2,14.3,27,31.2,h,13.2,31.2,13.3,31.2,0,0,620.927,5.606,0.146,37.7,31.2,0.611,17,283,26.76,82.45,4.016,44.408,,,,,0
2026-10-10T04:00Z,2026-10-10T16:00Z,6256182,12,2.8,5.1,11.6,21.6,29.7,h,5.1,29.7,5.1,29.7,0,0,396.304,4.859,0.13,37.7,31.2,0.611,23,283,23.517,95.476,2.516,59.849,,,,,0
2026-10-10T04:00Z,2026-10-11T04:00Z,6256182,24,9.1,13.5,5.7,9.9,24.4,h,13.5,24.4,13.7,24.4,0,0.001,1072.657,7.598,0.007,37.7,31.2,0.611,11,284,28.488,71.021,5.776,80.754,,,,,0
2026-10-10T04:00Z,2026-10-12T04:00Z,6256182,48,14.4,18.2,12.1,16.3,23.7,h,18.2,23.7,18.2,23.7,0,0.001,1136.414,5.067,0,37.7,31.2,0.611,11,285,29.333,63.348,3.902,70.477,,,,,0
2026-10-10T04:00Z,2026-10-10T05:00Z,6262040,1,3.3,12.3,10,34.5,37.9,h,12.3,37.9,12.3,37.9,0,0,255.771,1.069,3.094,19.9,38,1.177,12,283,26.534,87.249,0.785,278.226,,,,,0
2026-10-10T04:00Z,2026-10-10T07:00Z,6262040,3,3.1,11.1,9.1,31.7,37.7,h,11.1,37.7,11.1,37.7,0,0,344.374,1.029,0.531,19.9,38,1.177,14,283,26.979,88.692,0.918,259.786,,,,,0
2026-10-10T04:00Z,2026-10-10T10:00Z,6262040,6,3.3,10.9,8.3,28.9,37,h,10.9,37,11,37,0,0,294.348,1.811,0.746,19.9,38,1.177,17,283,26.474,88.81,1.523,198.647,,,,,0
2026-10-10T04:00Z,2026-10-10T16:00Z,6262040,12,4.5,12.5,6.3,21.5,34,h,12.5,34,12.6,34,0,0,188.676,0.909,0.878,19.9,38,1.177,23,283,25.104,91.449,0.882,194.804,,,,,0
2026-10-10T04:00Z,2026-10-11T04:00Z,6262040,24,2.5,6,3.1,9.3,28.8,h,6,28.8,6.1,28.8,0,0,564.235,1.556,0.111,19.9,38,1.177,11,284,28.071,77.774,1.332,216.661,,,,,0
2026-10-10T04:00Z,2026-10-12T04:00Z,6262040,48,2.1,3.7,2,4.2,21.1,h,3.7,21.1,3.7,21.1,0,0,595.318,0.78,0.175,19.9,38,1.177,11,285,27.943,79.932,0.624,73.381,,,,,0
2026-10-10T04:00Z,2026-10-10T05:00Z,6262415,1,11.9,24.3,15.8,32.9,28.2,h,24.3,28.2,24.3,28.2,0,0.002,989.6,2.887,0.201,29.6,28.2,0.702,12,283,30.478,68.181,2.273,47.22,,,,,0
2026-10-10T04:00Z,2026-10-10T07:00Z,6262415,3,10.7,21.3,16,33.2,28.2,h,21.3,28.2,21.3,28.2,0,0.001,353.899,2.285,1.472,29.6,28.2,0.702,14,283,27.663,86.033,1.703,309.149,,,,,0
2026-10-10T04:00Z,2026-10-10T10:00Z,6262415,6,9.1,17.5,16.2,33.2,28.1,h,17.5,28.1,17.6,28.1,0,0.001,279.465,1.59,2.52,29.6,28.2,0.702,17,283,26.477,91.921,0.775,84.009,,,,,0
2026-10-10T04:00Z,2026-10-10T16:00Z,6262415,12,9.5,16.9,15.1,30.2,27.9,h,16.9,27.9,17,27.9,0,0,271.433,3.394,1.515,29.6,28.2,0.702,23,283,24.752,97.604,1.936,56.257,,,,,0
2026-10-10T04:00Z,2026-10-11T04:00Z,6262415,24,3.2,5.4,8.6,15.7,24.2,h,5.4,24.2,5.5,24.2,0,0,782.91,4.547,1.361,29.6,28.2,0.702,11,284,28.498,77.628,3.335,90.625,,,,,0
2026-10-10T04:00Z,2026-10-12T04:00Z,6262415,48,9.9,13,10.1,14.2,21.2,h,13,21.2,13,21.2,0,0,1110.768,3.377,0.005,29.6,28.2,0.702,11,285,30.477,67.766,2.565,66.379,,,,,0
2026-10-10T04:00Z,2026-10-10T05:00Z,6265530,1,11.6,22.2,,,,h,22.2,,22.2,,0,0.008,711.509,4.251,2.339,22.3,,0.634,12,283,28.388,77.176,3.217,60.659,,,,,0
2026-10-10T04:00Z,2026-10-10T07:00Z,6265530,3,12.2,22.7,,,,h,22.7,,22.7,,0,0.002,628.33,5.155,1.326,22.3,,0.634,14,283,27.382,84.598,3.676,51.108,,,,,0
2026-10-10T04:00Z,2026-10-10T10:00Z,6265530,6,12.1,21.7,,,,h,21.7,,21.9,,0,0,540.999,4.212,0.016,22.3,,0.634,17,283,27.492,81.894,2.652,14.207,,,,,0
2026-10-10T04:00Z,2026-10-10T16:00Z,6265530,12,10.3,17.3,,,,h,17.3,,17.4,,0,0.001,159.234,4.386,0,22.3,,0.634,23,283,25.194,87.243,1.798,46.235,,,,,0
2026-10-10T04:00Z,2026-10-11T04:00Z,6265530,24,7.8,11.8,,,,h,11.8,,12,,0,0.001,1061.014,3.267,0.05,22.3,,0.634,11,284,29.686,68.666,2.498,60.676,,,,,0
2026-10-10T04:00Z,2026-10-12T04:00Z,6265530,48,13.4,17.1,,,,h,17.1,,17.1,,0,0.001,798.049,1.485,0.05,22.3,,0.634,11,285,30.183,67.306,1.167,85.198,,,,,0
2026-10-10T04:00Z,2026-10-10T05:00Z,6266678,1,11.6,22.8,10.1,20.5,23,h,22.8,23,22.8,23,0,0.008,747.831,4.144,2.128,23.3,23,0.664,12,283,28.646,75.87,3.152,58.589,,,,,0
2026-10-10T04:00Z,2026-10-10T07:00Z,6266678,3,12.2,23.3,10.8,21.8,23,h,23.3,23,23.3,23,0,0.002,610.77,5.282,1.341,23.3,23,0.664,14,283,27.361,84.997,3.764,50.16,,,,,0
2026-10-10T04:00Z,2026-10-10T10:00Z,6266678,6,12.1,22.3,11.8,23.5,23,h,22.3,23,22.5,23,0,0,563.68,4.321,0.02,23.3,23,0.664,17,283,27.631,81.301,2.71,16.058,,,,,0
2026-10-10T04:00Z,2026-10-10T16:00Z,6266678,12,10.3,17.8,11.7,22.6,22.8,h,17.8,22.8,17.9,22.8,0,0.001,164.879,4.431,0,23.3,23,0.664,23,283,25.292,86.863,1.812,46.432,,,,,0
2026-10-10T04:00Z,2026-10-11T04:00Z,6266678,24,7.8,12.1,9.8,17.2,21.5,h,12.1,21.5,12.3,21.5,0,0.001,1051.752,3.265,0.056,23.3,23,0.664,11,284,29.727,68.902,2.509,58.568,,,,,0
2026-10-10T04:00Z,2026-10-12T04:00Z,6266678,48,13.4,17.3,10.4,14.5,20,h,17.3,20,17.3,20,0,0.001,794.848,1.421,0.049,23.3,23,0.664,11,285,30.211,67.709,1.122,82.275,,,,,0
2026-10-10T04:00Z,2026-10-10T05:00Z,6267732,1,9.3,13.9,20.1,30.1,33,h,13.9,33,13.9,33,0,0,713.847,4.489,0.192,36.6,33,0.391,12,283,26.064,87.012,3.349,46.469,,,,,0
2026-10-10T04:00Z,2026-10-10T07:00Z,6267732,3,7.8,11.5,19.7,29.6,32.9,h,11.5,32.9,11.5,32.9,0,0,804.136,5.194,0.079,36.6,33,0.391,14,283,27.229,78.408,3.933,56.291,,,,,0
2026-10-10T04:00Z,2026-10-10T10:00Z,6267732,6,7.3,10.6,19.1,28.6,32.6,h,10.6,32.6,10.7,32.6,0,0,473.281,3.646,0.475,36.6,33,0.391,17,283,26.036,87.129,2.551,57.399,,,,,0
2026-10-10T04:00Z,2026-10-10T16:00Z,6267732,12,12.6,17.2,16.4,24.2,30.6,h,17.2,30.6,17.3,30.6,0,0,285.423,4.535,0,36.6,33,0.391,23,283,24.813,83.934,2.068,79.386,,,,,0
2026-10-10T04:00Z,2026-10-11T04:00Z,6267732,24,12.6,16.1,12.1,16.4,28.7,h,16.1,28.7,16.3,28.7,0,0.001,1009.559,3.938,0.002,36.6,33,0.391,11,284,29.101,63.001,3.036,81.394,,,,,0
2026-10-10T04:00Z,2026-10-12T04:00Z,6267732,48,28.6,33,23.4,28.1,31.3,h,33,31.3,33,31.3,0,0.002,804.441,2.913,0,36.6,33,0.391,11,285,28.934,64.811,2.301,88.403,,,,,0
2026-10-10T04:00Z,2026-10-10T05:00Z,6284173,1,8.1,18.5,18.4,41.9,21.4,h,18.5,21.4,18.5,21.4,0,0.002,1118.918,1.455,0.237,25.2,21.4,0.795,12,283,29.623,58.627,1.079,76.254,,,,,0
2026-10-10T04:00Z,2026-10-10T07:00Z,6284173,3,9.4,20.6,18.7,42.5,21.5,h,20.6,21.5,20.6,21.5,0,0.005,1190.413,1.996,0.237,25.2,21.4,0.795,14,283,30.239,57.777,1.464,81.961,,,,,0
2026-10-10T04:00Z,2026-10-10T10:00Z,6284173,6,11.9,24.6,19.4,43.8,21.7,h,24.6,21.7,24.8,21.7,0,0.006,404.153,3.511,0.73,25.2,21.4,0.795,17,283,26.054,82.727,2.3,138.703,,,,,0
2026-10-10T04:00Z,2026-10-10T16:00Z,6284173,12,31.2,58,19.1,40.6,24,h,58,24,58.2,24,0,0.002,58.848,1.428,0.169,25.2,21.4,0.795,23,283,23.26,96.103,1.047,300.436,,,,,0
2026-10-10T04:00Z,2026-10-11T04:00Z,6284173,24,9.9,16.5,20.5,38.4,25.8,h,16.5,25.8,16.7,25.9,0,0.001,1037.294,1.358,0.1,25.2,21.4,0.795,11,284,26.897,78.05,1.006,123.599,,,,,0
2026-10-10T04:00Z,2026-10-12T04:00Z,6284173,48,8.7,11.9,13.8,20.3,21,h,11.9,21,11.9,21,0,0,707.173,1.264,0.141,25.2,21.4,0.795,11,285,27.673,72.611,0.987,157.566,,,,,0
2026-10-10T04:00Z,2026-10-10T05:00Z,6285048,1,7.3,13.5,13.8,25.3,22.5,h,13.5,22.5,13.5,22.5,0,0.002,1258.595,1.831,0.161,25.7,22.5,0.58,12,283,28.865,54.494,1.237,66.515,,,,,0
2026-10-10T04:00Z,2026-10-10T07:00Z,6285048,3,7.7,13.8,13.8,25.4,22.5,h,13.8,22.5,13.8,22.5,0,0.002,1289.912,2.664,0.251,25.7,22.5,0.58,14,283,28.834,56.36,1.904,54.161,,,,,0
2026-10-10T04:00Z,2026-10-10T10:00Z,6285048,6,9.5,16.3,14.2,25.8,22.4,h,16.3,22.4,16.4,22.5,0,0.002,268.06,3.926,0.182,25.7,22.5,0.58,17,283,23.606,94.927,2.247,103.606,,,,,0
2026-10-10T04:00Z,2026-10-10T16:00Z,6285048,12,9.5,15.3,13,23.3,21.9,h,15.3,21.9,15.4,21.9,0,0.001,70.041,2.794,0,25.7,22.5,0.58,23,283,22.148,96.48,1.162,46.176,,,,,0
2026-10-10T04:00Z,2026-10-11T04:00Z,6285048,24,8.6,12.6,9.3,15,20.6,h,12.6,20.6,12.8,20.6,0,0.001,894.744,3.257,0.098,25.7,22.5,0.58,11,284,25.883,72.709,2.286,100.137,,,,,0
2026-10-10T04:00Z,2026-10-12T04:00Z,6285048,48,9.1,11.4,11.2,14.9,19.8,h,11.4,19.8,11.4,19.8,0,0,892.415,1.407,0.022,25.7,22.5,0.58,11,285,27.45,65.572,1.016,117.646,,,,,0
2026-10-10T04:00Z,2026-10-10T05:00Z,6287521,1,9,23.3,17.7,46.3,28,h,23.3,28,23.3,28,0,0.003,982.763,1.202,0.062,29.6,28,0.928,12,283,30.261,58.556,0.888,30.666,,,,,0
2026-10-10T04:00Z,2026-10-10T07:00Z,6287521,3,9.7,24.1,18.2,47.4,28.1,h,24.1,28.1,24.1,28.1,0,0.005,983.639,1.442,0.107,29.6,28,0.928,14,283,30.561,58.101,1.098,44.859,,,,,0
2026-10-10T04:00Z,2026-10-10T10:00Z,6287521,6,10.9,25.5,19,49,28.2,h,25.5,28.2,25.7,28.2,0,0.004,302.58,3.349,0.21,29.6,28,0.928,17,283,26.595,83.436,1.949,123.156,,,,,0
2026-10-10T04:00Z,2026-10-10T16:00Z,6287521,12,22.8,47.3,18.1,43.9,29.6,h,47.3,29.6,47.5,29.6,0,0.001,75.049,1.436,0.17,29.6,28,0.928,23,283,24.105,94.785,0.624,1.627,,,,,0
2026-10-10T04:00Z,2026-10-11T04:00Z,6287521,24,9.5,17.2,16.6,34.9,29.8,h,17.2,29.8,17.5,29.9,0,0.001,1022.97,1.195,0.128,29.6,28,0.928,11,284,27.698,74.393,0.753,81.454,,,,,0
2026-10-10T04:00Z,2026-10-12T04:00Z,6287521,48,10,14.4,12.5,19.6,25.1,h,14.4,25.1,14.4,25.1,0,0,669.107,0.263,0.077,29.6,28,0.928,11,285,28.345,71.691,0.191,144.651,,,,,0
2026-10-10T04:00Z,2026-10-10T05:00Z,6289784,1,4.1,13.6,7.2,23.6,34.5,h,13.6,34.5,13.6,34.5,0,0,1029.354,4.058,0.104,11.1,34.5,1.097,12,283,29.132,76.857,3.264,81.275,,,,,0
2026-10-10T04:00Z,2026-10-10T07:00Z,6289784,3,3.9,12.4,6.9,22.5,34.4,h,12.4,34.4,12.4,34.4,0,0,808.372,4.118,0.211,11.1,34.5,1.097,14,283,29.04,76.836,3.31,85.382,,,,,0
2026-10-10T04:00Z,2026-10-10T10:00Z,6289784,6,3.3,10.1,6.4,20.7,34.2,h,10.1,34.2,10.2,34.2,0,0,343.912,4.867,4.552,11.1,34.5,1.097,17,283,25.375,91.747,3.332,100.673,,,,,0
2026-10-10T04:00Z,2026-10-10T16:00Z,6289784,12,3.1,8.5,5.2,16.6,32,h,8.5,32,8.5,32.1,0,0,181.89,2.869,0.236,11.1,34.5,1.097,23,283,23.825,96.952,1.298,11.821,,,,,0
2026-10-10T04:00Z,2026-10-11T04:00Z,6289784,24,3.7,8,3.4,9.2,26.4,h,8,26.4,8.1,26.4,0,0,805.028,5.116,0.1,11.1,34.5,1.097,11,284,28.235,77.933,3.967,71.216,,,,,0
2026-10-10T04:00Z,2026-10-12T04:00Z,6289784,48,14.4,21.9,7.8,13.2,23.9,h,21.9,23.9,21.9,23.9,0,0.001,778.693,4.715,0,11.1,34.5,1.097,11,285,28.345,74.777,3.659,66.799,,,,,0
2026-10-10T04:00Z,2026-10-10T05:00Z,6291584,1,13,32.1,8.5,22.3,27.1,h,32.1,27.1,32.1,27.1,0,0.021,1153.965,4.621,0.066,23.9,27.1,0.898,12,283,28.992,57.279,3.364,49.024,,,,,0
2026-10-10T04:00Z,2026-10-10T07:00Z,6291584,3,11.6,27.8,9.3,24,27.1,h,27.8,27.1,27.8,27.1,0,0.02,1242.997,4.382,0.063,23.9,27.1,0.898,14,283,29.404,57.441,3.238,52.003,,,,,0
2026-10-10T04:00Z,2026-10-10T10:00Z,6291584,6,12.1,27.5,10.4,26.3,27.1,h,27.5,27.1,27.7,27.2,0,0.009,513.47,4.529,0.611,23.9,27.1,0.898,17,283,26.321,78.263,2.706,89.292,,,,,0
2026-10-10T04:00Z,2026-10-10T16:00Z,6291584,12,10.3,21.4,11.2,27.1,26.8,h,21.4,26.8,21.5,26.8,0,0.003,36.972,1.536,0.007,23.9,27.1,0.898,23,283,23.261,94.407,0.674,0.826,,,,,0
2026-10-10T04:00Z,2026-10-11T04:00Z,6291584,24,6.9,12.5,10.2,21.6,25.7,h,12.5,25.7,12.7,25.7,0,0.001,742.093,3.11,0.221,23.9,27.1,0.898,11,284,25.7,84.469,2.352,25.478,,,,,0
2026-10-10T04:00Z,2026-10-12T04:00Z,6291584,48,12.9,18.2,12.6,19.3,24.4,h,18.2,24.4,18.2,24.4,0,0,759.233,1.953,0.114,23.9,27.1,0.898,11,285,27.41,76.995,1.538,61.694,,,,,0
2026-10-10T04:00Z,2026-10-10T05:00Z,6291933,1,12.1,42.1,7.8,29.4,29.9,h,42.1,29.9,42.2,29.9,0,0.027,1093.459,4.61,0.049,30.5,29.9,1.242,12,283,28.897,58.163,3.338,45.746,,,,,0
2026-10-10T04:00Z,2026-10-10T07:00Z,6291933,3,10.5,35.1,8.5,31.5,30.1,h,35.1,30.1,35.2,30.1,0,0.019,1086.571,5.099,0.183,30.5,29.9,1.242,14,283,29.025,60.707,3.669,54.052,,,,,0
2026-10-10T04:00Z,2026-10-10T10:00Z,6291933,6,12,37,9.5,34.3,30.4,h,37,30.4,37.3,30.4,0,0.008,582.031,3.986,0.283,30.5,29.9,1.242,17,283,26.65,75.476,2.554,83.448,,,,,0
2026-10-10T04:00Z,2026-10-10T16:00Z,6291933,12,19.2,51.1,11.6,38.2,31.7,h,51.1,31.7,51.3,31.7,0,0.003,72.975,1.622,0,30.5,29.9,1.242,23,283,23.557,94.351,0.882,350.367,,,,,0
2026-10-10T04:00Z,2026-10-11T04:00Z,6291933,24,4.7,10.9,12.8,35.2,31.3,h,10.9,31.3,11.1,31.3,0,0.001,591.777,1.823,1.445,30.5,29.9,1.242,11,284,25.216,90.385,1.367,56.623,,,,,0
2026-10-10T04:00Z,2026-10-12T04:00Z,6291933,48,12.4,20,10.9,19.8,26.4,h,20,26.4,20,26.4,0,0,693.067,1.861,0.247,30.5,29.9,1.242,11,285,27.505,76.796,1.501,87.704,,,,,0
2026-10-10T04:00Z,2026-10-10T05:00Z,6294442,1,8.6,48.3,5.2,32.9,27.2,h,48.3,27.2,48.4,27.2,0,0.031,1353.833,3.155,0.103,32.6,27.2,1.706,12,283,29.391,52.582,2.306,41.698,,,,,0
2026-10-10T04:00Z,2026-10-10T07:00Z,6294442,3,9.6,49.9,5.8,35.6,27.4,h,49.9,27.4,50,27.4,0,0.024,1408.182,3.424,0.192,32.6,27.2,1.706,14,283,30.028,50.712,2.438,40.159,,,,,0
2026-10-10T04:00Z,2026-10-10T10:00Z,6294442,6,9.2,43.5,6.6,38.8,28.1,h,43.5,28.1,43.8,28.1,0,0.013,217.013,2.034,0.015,32.6,27.2,1.706,17,283,27.546,67.947,0.854,61.148,,,,,0
2026-10-10T04:00Z,2026-10-10T16:00Z,6294442,12,12.8,49.7,7.8,40.5,29.9,h,49.7,29.9,49.9,29.9,0,0.004,69.147,1.477,0.553,32.6,27.2,1.706,23,283,22.398,98.497,0.716,14.267,,,,,0
2026-10-10T04:00Z,2026-10-11T04:00Z,6294442,24,6.2,18.8,9.7,39.5,30.4,h,18.8,30.4,19.1,30.5,0,0.001,873.711,1.293,0.322,32.6,27.2,1.706,11,284,25.862,76.895,0.977,31.501,,,,,0
2026-10-10T04:00Z,2026-10-12T04:00Z,6294442,48,6.5,12.9,6.2,14.9,22.9,h,12.9,22.9,12.9,22.9,0,0,841.787,0.623,0.056,32.6,27.2,1.706,11,285,27.735,65.918,0.498,81.869,,,,,0
2026-10-10T04:00Z,2026-10-10T05:00Z,6300553,1,13,11.7,8.5,7.6,9.1,h,11.7,9.1,11.7,9.1,0,0.022,1137.2,4.532,0.073,8.9,9.1,-0.101,12,283,29.081,57.624,3.308,44.784,,,,,0
2026-10-10T04:00Z,2026-10-10T07:00Z,6300553,3,11.6,10.5,9.3,8.3,9.1,h,10.5,9.1,10.5,9.1,0,0.021,1227.796,4.537,0.098,8.9,9.1,-0.101,14,283,29.468,57.733,3.328,48.302,,,,,0
2026-10-10T04:00Z,2026-10-10T10:00Z,6300553,6,12.1,11,10.4,9.3,9.2,h,11,9.2,11.1,9.2,0,0.009,483.79,4.573,0.926,8.9,9.1,-0.101,17,283,26.072,80.697,2.836,97.742,,,,,0
2026-10-10T04:00Z,2026-10-10T16:00Z,6300553,12,10.3,9.5,11.2,10.1,9.3,h,9.5,9.3,9.5,9.3,0,0.003,42.068,1.555,0.013,8.9,9.1,-0.101,23,283,23.405,94.462,0.636,5.625,,,,,0
2026-10-10T04:00Z,2026-10-11T04:00Z,6300553,24,6.9,6.4,10.2,9.3,9.2,h,6.4,9.2,6.5,9.2,0,0.001,717.848,3.143,0.258,8.9,9.1,-0.101,11,284,25.706,85.545,2.42,22.96,,,,,0
2026-10-10T04:00Z,2026-10-12T04:00Z,6300553,48,12.9,12.4,12.6,12,10.1,h,12.4,10.1,12.4,10.1,0,0,745.333,2.005,0.136,8.9,9.1,-0.101,11,285,27.476,77.093,1.587,57.885,,,,,0
2026-10-10T04:00Z,2026-10-10T05:00Z,6301503,1,12.5,13.5,8.2,8.9,13.6,h,13.5,13.6,13.5,13.6,0,0.023,1146.721,4.706,0.045,14.5,13.6,0.074,12,283,28.951,56.983,3.382,56.511,,,,,0
2026-10-10T04:00Z,2026-10-10T07:00Z,6301503,3,10.1,10.9,8.8,9.6,13.5,h,10.9,13.5,10.9,13.5,0,0.016,1136.362,4.932,0.09,14.5,13.6,0.074,14,283,29.131,59.015,3.537,64.417,,,,,0
2026-10-10T04:00Z,2026-10-10T10:00Z,6301503,6,10.6,11.4,9.7,10.5,13.4,h,11.4,13.4,11.5,13.4,0,0.007,706.244,5.258,0.21,14.5,13.6,0.074,17,283,26.838,73.905,3.208,92.492,,,,,0
2026-10-10T04:00Z,2026-10-10T16:00Z,6301503,12,12.6,13.4,10.7,11.5,12.9,h,13.4,12.9,13.5,12.9,0,0.003,47.013,0.831,0,14.5,13.6,0.074,23,283,23.401,92.685,0.521,1.339,,,,,0
2026-10-10T04:00Z,2026-10-11T04:00Z,6301503,24,5.3,5.6,10.5,11.2,13,h,5.6,13,5.7,13,0,0,609.743,1.87,1.651,14.5,13.6,0.074,11,284,25.08,92.534,1.456,69.148,,,,,0
2026-10-10T04:00Z,2026-10-12T04:00Z,6301503,48,12.1,12.5,9.3,9.7,12.2,h,12.5,12.2,12.5,12.2,0,0,731.021,1.823,0.227,14.5,13.6,0.074,11,285,27.271,78.145,1.412,90.746,,,,,0
2026-10-10T04:00Z,2026-10-10T05:00Z,6309947,1,13.9,24.3,14.8,26.4,23.6,h,24.3,23.6,24.3,23.6,0,0.005,1255.067,5.652,0.096,19.1,23.6,0.55,12,283,30.926,66.129,4.354,52.071,,,,,0
2026-10-10T04:00Z,2026-10-10T07:00Z,6309947,3,12.6,21.6,15.1,26.9,23.6,h,21.6,23.6,21.6,23.6,0,0.005,817.287,4.549,1.378,19.1,23.6,0.55,14,283,29.317,76.211,3.483,57.925,,,,,0
2026-10-10T04:00Z,2026-10-10T10:00Z,6309947,6,11.5,19.1,15.4,27.1,23.7,h,19.1,23.7,19.3,23.7,0,0.002,346.937,2.852,3.081,19.1,23.6,0.55,17,283,26.707,88.911,1.849,52.61,,,,,0
2026-10-10T04:00Z,2026-10-10T16:00Z,6309947,12,9.8,15.4,14.4,24.9,23.7,h,15.4,23.7,15.5,23.7,0,0,364.454,4.682,1.136,19.1,23.6,0.55,23,283,25.004,95.092,2.399,63.131,,,,,0
2026-10-10T04:00Z,2026-10-11T04:00Z,6309947,24,4.8,7,8.2,13.4,20.3,h,7,20.3,7.1,20.4,0,0,991.674,5.268,0.237,19.1,23.6,0.55,11,284,29.288,74.585,4.03,80.131,,,,,0
2026-10-10T04:00Z,2026-10-12T04:00Z,6309947,48,13.6,16.8,10,13.1,18.3,h,16.8,18.3,16.8,18.3,0,0,1129.651,4.776,0.054,19.1,23.6,0.55,11,285,30.233,68.649,3.65,63.995,,,,,0
2026-10-10T04:00Z,2026-10-10T05:00Z,6318469,1,8.1,8.1,,,,h,8.1,,8.1,,0,0.002,1084.509,1.558,0.081,,,0,12,283,30.57,57.821,1.214,61.279,,,,,0
2026-10-10T04:00Z,2026-10-10T07:00Z,6318469,3,9.4,9.4,,,,h,9.4,,9.4,,0,0.005,1167.517,2.206,0.081,,,0,14,283,31.217,56.604,1.696,75.818,,,,,0
2026-10-10T04:00Z,2026-10-10T10:00Z,6318469,6,11.9,11.9,,,,h,11.9,,12,,0,0.006,362.578,3.2,0.369,,,0,17,283,27.147,79.67,2.094,144.127,,,,,0
2026-10-10T04:00Z,2026-10-10T16:00Z,6318469,12,31.2,31.2,,,,h,31.2,,31.3,,0,0.002,61.026,1.09,0.056,,,0,23,283,24.449,93.938,0.495,324.759,,,,,0
2026-10-10T04:00Z,2026-10-11T04:00Z,6318469,24,9.9,9.9,,,,h,9.9,,10.1,,0,0.001,1017.044,0.923,0.1,,,0,11,284,27.81,75.782,0.669,89.505,,,,,0
2026-10-10T04:00Z,2026-10-12T04:00Z,6318469,48,8.7,8.7,,,,h,8.7,,8.7,,0,0,637.23,0.735,0.061,,,0,11,285,28.39,72.738,0.605,155.252,,,,,0
2026-10-10T04:00Z,2026-10-10T05:00Z,6328962,1,22.5,32,26.3,37.8,33.6,h,32,33.6,32,33.6,0,0.023,992.936,2.822,0.417,32.4,33.6,0.353,12,283,29.38,73.915,2.175,41.574,,,,,0
2026-10-10T04:00Z,2026-10-10T07:00Z,6328962,3,22.6,31.7,26.8,38.5,33.6,h,31.7,33.6,31.7,33.6,0,0.013,708.903,2.006,1.449,32.4,33.6,0.353,14,283,28.008,80.778,1.392,351.016,,,,,0
2026-10-10T04:00Z,2026-10-10T10:00Z,6328962,6,17.9,24.6,26.9,38.4,33.6,h,24.6,33.6,24.8,33.6,0,0.006,361.415,2.115,1.279,32.4,33.6,0.353,17,283,26.444,88.079,1.49,5.443,,,,,0
2026-10-10T04:00Z,2026-10-10T16:00Z,6328962,12,9.8,13.1,23.7,33.5,33,h,13.1,33,13.2,33,0,0,266.712,2.817,2.554,32.4,33.6,0.353,23,283,23.655,96.977,1.452,15.947,,,,,0
2026-10-10T04:00Z,2026-10-11T04:00Z,6328962,24,8.1,10.2,12.2,16.6,28.2,h,10.2,28.2,10.4,28.2,0,0,303.044,0.654,1.92,32.4,33.6,0.353,11,284,25.145,90.686,0.429,48.209,,,,,0
2026-10-10T04:00Z,2026-10-12T04:00Z,6328962,48,9.4,10.8,9.8,11.8,22.7,h,10.8,22.7,10.8,22.7,0,0,822.58,2.938,0.216,32.4,33.6,0.353,11,285,28.296,78.048,2.305,45.099,,,,,0
2026-10-10T04:00Z,2026-10-10T05:00Z,6410306,1,8.1,17.8,18.4,40.3,23,h,17.8,23,17.8,23,0,0.009,1224.672,2.08,0.108,23.6,23,0.756,12,283,29.042,56.978,1.368,47.017,,,,,0
2026-10-10T04:00Z,2026-10-10T07:00Z,6410306,3,9.4,19.9,18.7,40.9,23.1,h,19.9,23.1,19.9,23.1,0,0.013,1393.164,2.889,0.146,23.6,23,0.756,14,283,29.767,53.648,2.011,44.389,,,,,0
2026-10-10T04:00Z,2026-10-10T10:00Z,6410306,6,11.9,23.8,19.4,42.1,23.2,h,23.8,23.2,24,23.2,0,0.01,301.996,2.584,0.352,23.6,23,0.756,17,283,25.524,80.401,1.495,143.629,,,,,0
2026-10-10T04:00Z,2026-10-10T16:00Z,6410306,12,31.2,56.3,19.1,39.2,25.2,h,56.3,25.2,56.5,25.2,0,0.003,78.879,1.152,1.22,23.6,23,0.756,23,283,22.489,97.977,0.486,353.209,,,,,0
2026-10-10T04:00Z,2026-10-11T04:00Z,6410306,24,9.9,16.1,20.5,37.2,26.7,h,16.1,26.7,16.3,26.8,0,0.001,703.112,0.59,0.188,23.6,23,0.756,11,284,25.458,80.613,0.332,64.072,,,,,0
2026-10-10T04:00Z,2026-10-12T04:00Z,6410306,48,8.7,11.7,13.8,19.9,21.9,h,11.7,21.9,11.7,21.9,0,0,741.547,0.622,0.086,23.6,23,0.756,11,285,27.089,70.989,0.42,120.037,,,,,0
2026-10-10T04:00Z,2026-10-10T05:00Z,6419381,1,7.3,15.9,,,,h,15.9,,15.9,,0,0.002,1285.834,1.806,0.176,23.9,,0.74,12,283,28.689,54.29,1.156,65.009,,,,,0
2026-10-10T04:00Z,2026-10-10T07:00Z,6419381,3,7.7,16.2,,,,h,16.2,,16.2,,0,0.003,1212.342,2.485,0.273,23.9,,0.74,14,283,28.524,56.583,1.763,45.688,,,,,0
2026-10-10T04:00Z,2026-10-10T10:00Z,6419381,6,9.5,18.9,,,,h,18.9,,19.1,,0,0.003,287.089,3.903,0.128,23.9,,0.74,17,283,23.56,93.919,2.22,98.746,,,,,0
2026-10-10T04:00Z,2026-10-10T16:00Z,6419381,12,9.5,17.5,,,,h,17.5,,17.6,,0,0.001,75.102,3.123,0.103,23.9,,0.74,23,283,21.832,96.77,1.35,47.621,,,,,0
2026-10-10T04:00Z,2026-10-11T04:00Z,6419381,24,8.6,13.9,,,,h,13.9,,14.1,,0,0.001,942.913,3.499,0.117,23.9,,0.74,11,284,25.746,71.874,2.394,102.776,,,,,0
2026-10-10T04:00Z,2026-10-12T04:00Z,6419381,48,9.1,12.2,,,,h,12.2,,12.2,,0,0,909.266,1.451,0.037,23.9,,0.74,11,285,27.296,65.376,1.052,127.633,,,,,0
2026-10-10T04:00Z,2026-10-10T05:00Z,6419429,1,11.7,25.2,13.1,29.1,25.2,h,25.2,25.2,25.2,25.2,0,0.028,889.329,1.848,0.575,25.6,25.2,0.756,12,283,28.658,75.103,1.521,36.227,,,,,0
2026-10-10T04:00Z,2026-10-10T07:00Z,6419429,3,11.7,24.5,13.2,29.1,25.3,h,24.5,25.3,24.5,25.3,0,0.021,611.079,1.402,1.086,25.6,25.2,0.756,14,283,27.75,81.457,1.079,1.217,,,,,0
2026-10-10T04:00Z,2026-10-10T10:00Z,6419429,6,11.6,23.2,13.4,29.2,25.3,h,23.2,25.3,23.4,25.3,0,0.006,301.804,3.213,0.217,25.6,25.2,0.756,17,283,25.572,90.58,2.268,335.506,,,,,0
2026-10-10T04:00Z,2026-10-10T16:00Z,6419429,12,8.1,15.2,11.8,25,24.6,h,15.2,24.6,15.3,24.6,0,0,89.111,0.907,1.06,25.6,25.2,0.756,23,283,23.773,96.812,0.461,332.993,,,,,0
2026-10-10T04:00Z,2026-10-11T04:00Z,6419429,24,3.6,6.2,8,15.4,22.1,h,6.2,22.1,6.3,22.1,0,0,294.375,1.704,0.877,25.6,25.2,0.756,11,284,24.353,92.207,1.277,357.57,,,,,0
2026-10-10T04:00Z,2026-10-12T04:00Z,6419429,48,7,9.5,4.6,7,16.1,h,9.5,16.1,9.5,16.1,0,0,1053.429,2.781,0,25.6,25.2,0.756,11,285,28.543,75.994,2.235,50.911,,,,,0
2026-10-10T04:00Z,2026-10-10T05:00Z,6435325,1,11.8,31.2,15.2,41.2,31.4,h,31.2,31.4,31.2,31.4,0,0.001,1023.365,3.199,0.168,40,31.4,0.961,12,283,30.489,69.385,2.535,44.483,,,,,0
2026-10-10T04:00Z,2026-10-10T07:00Z,6435325,3,10,25.6,14.8,40.1,31.4,h,25.6,31.4,25.6,31.4,0,0,556.686,1.527,1.064,40,31.4,0.961,14,283,28.455,81.6,1.057,332.377,,,,,0
2026-10-10T04:00Z,2026-10-10T10:00Z,6435325,6,9.1,22.2,14.1,37.8,31.2,h,22.2,31.2,22.4,31.2,0,0,289.98,1.726,2.378,40,31.4,0.961,17,283,26.398,91.314,0.97,82.56,,,,,0
2026-10-10T04:00Z,2026-10-10T16:00Z,6435325,12,9.3,20.4,12.6,32.5,31.2,h,20.4,31.2,20.5,31.2,0,0,249.459,2.997,1.599,40,31.4,0.961,23,283,24.622,97.373,1.692,47.073,,,,,0
2026-10-10T04:00Z,2026-10-11T04:00Z,6435325,24,3.7,7.3,7.6,17.6,27,h,7.3,27,7.4,27,0,0,722.258,3.322,1.103,40,31.4,0.961,11,284,28.25,78.776,2.444,89.633,,,,,0
2026-10-10T04:00Z,2026-10-12T04:00Z,6435325,48,11.1,16.1,9.9,15.9,23.6,h,16.1,23.6,16.1,23.6,0,0,1010.682,3.522,0.107,40,31.4,0.961,11,285,30.207,70.171,2.703,66.453,,,,,0
2026-10-10T04:00Z,2026-10-10T05:00Z,6472300,1,3.3,2.7,3.2,2.6,12.4,h,2.7,12.4,2.7,12.4,0,0,1143.363,3.795,0.021,0.3,12.5,-0.148,12,283,30.579,69.048,2.982,46.11,,,,,0
2026-10-10T04:00Z,2026-10-10T07:00Z,6472300,3,3.4,2.8,3.1,2.6,12.3,h,2.8,12.3,2.8,12.3,0,0,1104.188,4.873,0.021,0.3,12.5,-0.148,14,283,30.583,67.296,3.933,57.9,,,,,0
2026-10-10T04:00Z,2026-10-10T10:00Z,6472300,6,2.6,2.2,3.1,2.5,11.9,h,2.2,11.9,2.2,11.9,0,0,496.159,5.711,0.655,0.3,12.5,-0.148,17,283,26.32,88.61,3.491,41.313,,,,,0
2026-10-10T04:00Z,2026-10-10T16:00Z,6472300,12,1.2,1,2.3,1.9,10.4,h,1,10.4,1,10.4,0,0,560.285,7.371,0.042,0.3,12.5,-0.148,23,283,24.609,89.63,4.167,47.452,,,,,0
2026-10-10T04:00Z,2026-10-11T04:00Z,6472300,24,2.3,2,2.7,2.3,9.2,h,2,9.2,2,9.2,0,0.001,1111.193,7.059,0,0.3,12.5,-0.148,11,284,29.302,69.07,5.205,54.992,,,,,0
2026-10-10T04:00Z,2026-10-12T04:00Z,6472300,48,9.7,9.1,10.2,9.5,11,h,9.1,11,9.1,11,0,0.001,1160.568,6.558,0,0.3,12.5,-0.148,11,285,30.209,65.91,4.99,67.025,,,,,0
2026-10-10T04:00Z,2026-10-10T05:00Z,6486693,1,4.4,2.8,6.2,3.9,8.4,h,2.8,8.4,2.8,8.4,0,0.063,1044.185,2.403,0.179,0.6,8.4,-0.38,12,283,28.595,67.56,1.635,58.46,,,,,0
2026-10-10T04:00Z,2026-10-10T07:00Z,6486693,3,3.8,2.4,6,3.8,8.4,h,2.4,8.4,2.4,8.4,0,0.156,966.299,2.354,0.237,0.6,8.4,-0.38,14,283,27.932,68.025,1.617,96.656,,,,,0
2026-10-10T04:00Z,2026-10-10T10:00Z,6486693,6,4.3,2.8,5.8,3.7,8.2,h,2.8,8.2,2.8,8.2,0,0.098,612.191,3.352,0.003,0.6,8.4,-0.38,17,283,25.778,80.238,1.691,55.008,,,,,0
2026-10-10T04:00Z,2026-10-10T16:00Z,6486693,12,8.1,5.8,5.7,3.7,7.5,h,5.8,7.5,5.8,7.5,0,0,52.296,2.468,0.026,0.6,8.4,-0.38,23,283,22.432,92.491,1.484,5.09,,,,,0
2026-10-10T04:00Z,2026-10-11T04:00Z,6486693,24,3.6,2.7,6.1,4.3,7.1,h,2.7,7.1,2.8,7.1,0,0.001,1019.119,3.994,0.812,0.6,8.4,-0.38,11,284,27.891,68.688,2.753,59.008,,,,,0
2026-10-10T04:00Z,2026-10-12T04:00Z,6486693,48,3.2,2.7,6.1,5,6.7,h,2.7,6.7,2.7,6.7,0,0,1121.97,3.598,0.015,0.6,8.4,-0.38,11,285,28.933,65.477,2.543,53.493,,,,,0
2026-10-10T04:00Z,2026-10-10T05:00Z,6502940,1,7,14.9,5,11.2,6.1,h,14.9,6.1,14.9,6.1,0,0,874.539,0.879,0.034,12,6.1,0.716,12,283,30.099,68.855,0.929,326.354,,,,,0
2026-10-10T04:00Z,2026-10-10T07:00Z,6502940,3,7,14.5,4.9,10.9,6.2,h,14.5,6.2,14.5,6.2,0,0,524.271,2.536,0.358,12,6.1,0.716,14,283,29.059,75.974,2.467,264.652,,,,,0
2026-10-10T04:00Z,2026-10-10T10:00Z,6502940,6,6,12,4.7,10.4,6.5,h,12,6.5,12.1,6.5,0,0,474.832,2.005,0.113,12,6.1,0.716,17,283,28.887,76.528,1.787,270.664,,,,,0
2026-10-10T04:00Z,2026-10-10T16:00Z,6502940,12,5.3,9.9,4.8,10.2,6.9,h,9.9,6.9,9.9,6.9,0,0,312.934,1.808,0.53,12,6.1,0.716,23,283,26.258,86.871,1.404,67.389,,,,,0
2026-10-10T04:00Z,2026-10-11T04:00Z,6502940,24,3.9,6.5,5.3,10.1,7.4,h,6.5,7.4,6.6,7.4,0,0,674.352,1.228,0.197,12,6.1,0.716,11,284,29.13,74.162,1.116,162.31,,,,,0
2026-10-10T04:00Z,2026-10-12T04:00Z,6502940,48,3.1,4.3,3.1,4.8,5.4,h,4.3,5.4,4.3,5.4,0,0,465.879,0.897,0.034,12,6.1,0.716,11,285,28.141,79.029,0.782,124.478,,,,,0
2026-10-10T04:00Z,2026-10-10T05:00Z,3685150,1,5.7,4,4.6,3.1,4.3,h,4,4.3,4,4.3,0,0.001,681.111,2.192,0.207,3.3,4.3,-0.307,12,283,29.332,76.265,1.647,13.378,,,,,0
2026-10-10T04:00Z,2026-10-10T07:00Z,3685150,3,5.6,4,4.5,3.1,4.3,h,4,4.3,4,4.3,0,0.001,538.988,0.949,0.207,3.3,4.3,-0.307,14,283,29.167,76.158,0.71,31.654,,,,,0
2026-10-10T04:00Z,2026-10-10T10:00Z,3685150,6,5,3.6,4.6,3.2,4.2,h,3.6,4.2,3.6,4.2,0,0.001,209.305,2.118,0.133,3.3,4.3,-0.307,17,283,26.711,88.459,1.377,9.206,,,,,0
2026-10-10T04:00Z,2026-10-10T16:00Z,3685150,12,5.8,4.4,5,3.5,4.1,h,4.4,4.1,4.4,4.1,0,0,70.869,1.099,0.15,3.3,4.3,-0.307,23,283,24.117,98.615,0.479,358.639,,,,,0
2026-10-10T04:00Z,2026-10-11T04:00Z,3685150,24,4.8,3.8,5.4,4.1,4.2,h,3.8,4.2,3.9,4.2,0,0,603.416,1.446,0.279,3.3,4.3,-0.307,11,284,28.646,77.539,1.178,22.902,,,,,0
2026-10-10T04:00Z,2026-10-12T04:00Z,3685150,48,4.4,3.8,5.4,4.6,4.4,h,3.8,4.4,3.8,4.4,0,0,703.666,1.319,0.076,3.3,4.3,-0.307,11,285,29.857,71.688,1.031,344.811,,,,,0
2026-10-10T04:00Z,2026-10-10T05:00Z,3685152,1,5.7,3.7,4.6,2.9,3,h,3.7,3,3.7,3,0,0.002,780.192,2.096,0.169,1.8,3,-0.371,12,283,29.703,74.631,1.579,25.484,,,,,0
2026-10-10T04:00Z,2026-10-10T07:00Z,3685152,3,5.6,3.7,4.5,2.8,3,h,3.7,3,3.7,3,0,0.002,651.447,1.126,0.169,1.8,3,-0.371,14,283,29.589,74.043,0.83,44.381,,,,,0
2026-10-10T04:00Z,2026-10-10T10:00Z,3685152,6,5,3.4,4.6,2.9,3,h,3.4,3,3.4,3,0,0.002,211.247,1.911,0.219,1.8,3,-0.371,17,283,26.734,88.502,1.225,20.191,,,,,0
2026-10-10T04:00Z,2026-10-10T16:00Z,3685152,12,5.8,4.1,5,3.3,3.1,h,4.1,3.1,4.1,3.1,0,0.001,78.582,1.338,0.169,1.8,3,-0.371,23,283,24.179,98.688,0.559,10.031,,,,,0
2026-10-10T04:00Z,2026-10-11T04:00Z,3685152,24,4.8,3.7,5.4,3.8,3.3,h,3.7,3.3,3.8,3.3,0,0,670.341,1.254,0.244,1.8,3,-0.371,11,284,28.863,76.726,1.008,26.438,,,,,0
2026-10-10T04:00Z,2026-10-12T04:00Z,3685152,48,4.4,3.7,5.4,4.4,3.7,h,3.7,3.7,3.7,3.7,0,0,727.612,1.083,0.073,1.8,3,-0.371,11,285,29.983,71.296,0.869,354.751,,,,,0
2026-10-10T04:00Z,2026-10-10T05:00Z,3714643,1,3.6,0.5,3.7,0.5,2.9,h,0.5,2.9,0.5,2.9,0,0,715.104,2.324,0.258,0,2.9,-1.156,12,283,28.565,75.099,1.654,15.814,,,,,0
2026-10-10T04:00Z,2026-10-10T07:00Z,3714643,3,3.5,0.6,3.7,0.5,2.9,h,0.6,2.9,0.6,2.9,0,0,455.05,1.037,0.911,0,2.9,-1.156,14,283,27.611,79.289,0.649,56.485,,,,,0
2026-10-10T04:00Z,2026-10-10T10:00Z,3714643,6,4.2,0.9,3.8,0.6,2.8,h,0.9,2.8,0.9,2.8,0,0,362.57,2.633,0.028,0,2.9,-1.156,17,283,26.191,86.714,1.654,16.776,,,,,0
2026-10-10T04:00Z,2026-10-10T16:00Z,3714643,12,5.6,1.7,4.1,0.8,2.5,h,1.7,2.5,1.7,2.5,0,0,76.561,1.433,0.064,0,2.9,-1.156,23,283,23.204,96.735,0.684,8.415,,,,,0
2026-10-10T04:00Z,2026-10-11T04:00Z,3714643,24,2.9,1,4.1,1.1,2.3,h,1,2.3,1,2.3,0,0,661.071,2.977,0.466,0,2.9,-1.156,11,284,27.954,75.317,2.204,39.38,,,,,0
2026-10-10T04:00Z,2026-10-12T04:00Z,3714643,48,2.6,1.4,4.6,2.3,2.6,h,1.4,2.6,1.4,2.6,0,0,791.66,2.464,0.078,0,2.9,-1.156,11,285,29.023,71.241,1.873,17.731,,,,,0
2026-10-10T04:00Z,2026-10-10T05:00Z,3133267,1,20.4,15.5,,,,h,15.5,,15.5,,0,0.023,1120.108,3.07,0.182,,,-0.286,12,283,30.424,68.982,2.421,36.837,,,,,0
2026-10-10T04:00Z,2026-10-10T07:00Z,3133267,3,21,16.1,,,,h,16.1,,16.1,,0,0.01,451.734,3.261,2.3,,,-0.286,14,283,27.542,86.216,2.351,311.663,,,,,0
2026-10-10T04:00Z,2026-10-10T10:00Z,3133267,6,18.8,14.6,,,,h,14.6,,14.7,,0,0.004,408.241,1.111,0.74,,,-0.286,17,283,27.173,87.745,0.794,10.499,,,,,0
2026-10-10T04:00Z,2026-10-10T16:00Z,3133267,12,6.8,5.3,,,,h,5.3,,5.3,,0,0,293.627,3.228,2.811,,,-0.286,23,283,24.606,96.274,1.753,48.71,,,,,0
2026-10-10T04:00Z,2026-10-11T04:00Z,3133267,24,6.9,5.7,,,,h,5.7,,5.8,,0,0,308.884,2.296,2.876,,,-0.286,11,284,26.143,88.358,1.675,86.068,,,,,0
2026-10-10T04:00Z,2026-10-12T04:00Z,3133267,48,8.9,8,,,,h,8,,8,,0,0,940.344,3.07,0.072,,,-0.286,11,285,29.372,74.251,2.469,41.1,,,,,0
2026-10-10T04:00Z,2026-10-10T05:00Z,3501137,1,20.3,25.7,16.3,20.9,23.6,h,25.7,23.6,25.7,23.6,0,0.007,712.72,2.942,0.616,33.3,23.6,0.234,12,283,24.075,82.696,2.091,44.418,,,,,0
2026-10-10T04:00Z,2026-10-10T07:00Z,3501137,3,15.5,19.5,17.2,21.9,23.6,h,19.5,23.6,19.5,23.6,0,0.003,934.144,3.751,0.066,33.3,23.6,0.234,14,283,25.978,71.359,2.77,45.576,,,,,0
2026-10-10T04:00Z,2026-10-10T10:00Z,3501137,6,11,13.7,17.7,22.6,23.5,h,13.7,23.5,13.8,23.5,0,0.001,348.393,2.4,0.007,33.3,23.6,0.234,17,283,23.821,84.146,1.207,42.265,,,,,0
2026-10-10T04:00Z,2026-10-10T16:00Z,3501137,12,9.8,11.9,17.2,21.8,22.7,h,11.9,22.7,12,22.7,0,0.001,26.134,1.378,0,33.3,23.6,0.234,23,283,21.619,87.186,0.188,84.444,,,,,0
2026-10-10T04:00Z,2026-10-11T04:00Z,3501137,24,16.1,18.7,12.2,14.8,21.3,h,18.7,21.3,19,21.3,0,0.001,1236.249,3.416,0.002,33.3,23.6,0.234,11,284,27.086,59.329,2.509,81.23,,,,,0
2026-10-10T04:00Z,2026-10-12T04:00Z,3501137,48,17.3,18.9,18.9,21.1,22.7,h,18.9,22.7,18.9,22.7,0,0.005,997.996,1.441,0,33.3,23.6,0.234,11,285,27.083,60.144,1.137,88.843,,,,,0
2026-10-10T04:00Z,2026-10-10T05:00Z,6207952,1,3.5,23,,,,h,23,,23,,0,0,805.623,3.357,0.233,25.9,,1.784,12,283,29.666,71.375,2.984,106.287,,,,,0
2026-10-10T04:00Z,2026-10-10T07:00Z,6207952,3,3.8,23,,,,h,23,,23,,0,0,513.555,1.593,0.496,25.9,,1.784,14,283,28.903,75.634,1.321,127.604,,,,,0
2026-10-10T04:00Z,2026-10-10T10:00Z,6207952,6,5.3,27.5,,,,h,27.5,,27.7,,0,0,416.52,3.774,1.27,25.9,,1.784,17,283,27.86,83.851,3.44,125.581,,,,,0
2026-10-10T04:00Z,2026-10-10T16:00Z,6207952,12,4.8,21,,,,h,21,,21.1,,0,0,324.671,4.34,0.609,25.9,,1.784,23,283,25.846,91.503,3.929,96.792,,,,,0
2026-10-10T04:00Z,2026-10-11T04:00Z,6207952,24,2.6,9.2,,,,h,9.2,,9.3,,0,0,589.09,1.878,0.053,25.9,,1.784,11,284,27.983,80.308,1.615,96.644,,,,,0
2026-10-10T04:00Z,2026-10-12T04:00Z,6207952,48,2.5,5.6,,,,h,5.6,,5.6,,0,0,513.655,0.482,0,25.9,,1.784,11,285,27.886,82.575,0.67,318.478,,,,,0
2026-10-10T04:00Z,2026-10-10T05:00Z,3683630,1,1.7,1.5,,,,h,1.5,,1.5,,0,0,1060.402,3.756,0.451,,,-0.11,12,283,27.359,72.44,2.609,57.111,,,,,0
2026-10-10T04:00Z,2026-10-10T07:00Z,3683630,3,2,1.8,,,,h,1.8,,1.8,,0,0,655.836,4.152,1.881,,,-0.11,14,283,25.438,81.966,2.803,55.856,,,,,0
2026-10-10T04:00Z,2026-10-10T10:00Z,3683630,6,2.2,2,,,,h,2,,2,,0,0,555.944,4.883,0.132,,,-0.11,17,283,23.779,90.334,2.75,37.968,,,,,0
2026-10-10T04:00Z,2026-10-10T16:00Z,3683630,12,0.3,0.2,,,,h,0.2,,0.2,,0,0,305.524,4.132,0.005,,,-0.11,23,283,21.821,94.912,1.911,32.372,,,,,0
2026-10-10T04:00Z,2026-10-11T04:00Z,3683630,24,3.1,2.9,,,,h,2.9,,3,,0,0,963.252,5.037,0.068,,,-0.11,11,284,26.467,72.049,3.382,46.229,,,,,0
2026-10-10T04:00Z,2026-10-12T04:00Z,3683630,48,1,0.9,,,,h,0.9,,0.9,,0,0.001,926.045,5.261,0.044,,,-0.11,11,285,26.884,71.971,3.593,46.451,,,,,0
2026-10-10T04:00Z,2026-10-10T05:00Z,5755932,1,9.5,10.2,,,,h,10.2,,10.2,,0,0.003,937.142,3.626,0.456,,,0.16,12,283,30.116,70.871,2.87,100.523,,,,,0
2026-10-10T04:00Z,2026-10-10T07:00Z,5755932,3,10.4,11.1,,,,h,11.1,,11.1,,0,0.003,720.477,2.812,0.743,,,0.16,14,283,29.813,72.892,2.112,100.107,,,,,0
2026-10-10T04:00Z,2026-10-10T10:00Z,5755932,6,13.1,14,,,,h,14,,14.1,,0,0.003,494.382,2.82,0.493,,,0.16,17,283,28.022,82.343,2.028,144.738,,,,,0
2026-10-10T04:00Z,2026-10-10T16:00Z,5755932,12,17.6,18.6,,,,h,18.6,,18.7,,0,0.001,51.766,0.473,0.848,,,0.16,23,283,24.917,96.082,0.555,44.813,,,,,0
2026-10-10T04:00Z,2026-10-11T04:00Z,5755932,24,5.6,5.9,,,,h,5.9,,6,,0,0,838.058,2.666,0.103,,,0.16,11,284,29.742,70.875,2.134,44.569,,,,,0
2026-10-10T04:00Z,2026-10-12T04:00Z,5755932,48,6,6.2,,,,h,6.2,,6.2,,0,0,909.153,1.074,0.298,,,0.16,11,285,30.591,66.035,0.87,47.356,,,,,0
2026-10-10T04:00Z,2026-10-10T05:00Z,3478630,1,18.2,29.2,,,,h,29.2,,29.2,,0,0.017,858.888,3.23,0.628,,,1.153,12,283,26.039,74.907,2.273,27.777,,,,,0
2026-10-10T04:00Z,2026-10-10T07:00Z,3478630,3,14.4,22.7,,,,h,22.7,,22.7,,0,0.008,763.605,4.754,0.151,,,1.153,14,283,26.613,68.908,3.359,31.785,,,,,0
2026-10-10T04:00Z,2026-10-10T10:00Z,3478630,6,11,17,,,,h,17,,17.1,,0,0.002,417.828,2.123,0.237,,,1.153,17,283,24.938,80.86,1.114,39.775,,,,,0
2026-10-10T04:00Z,2026-10-10T16:00Z,3478630,12,9.8,14.5,,,,h,14.5,,14.6,,0,0.001,38.331,0.943,0,,,1.153,23,283,22.81,91.007,0.16,48.176,,,,,0
2026-10-10T04:00Z,2026-10-11T04:00Z,3478630,24,14.9,20,,,,h,20,,20.3,,0,0.001,1307.473,2.855,0,,,1.153,11,284,28.031,59.748,2.087,70.36,,,,,0
2026-10-10T04:00Z,2026-10-12T04:00Z,3478630,48,15.7,18.8,,,,h,18.8,,18.8,,0,0.003,1043.845,1.36,0,,,1.153,11,285,28.11,60.32,0.924,64.447,,,,,0
2026-10-10T04:00Z,2026-10-10T05:00Z,5092510,1,22.4,5.3,32.3,7.5,6.9,h,5.3,6.9,5.3,6.9,0,0.002,1007.227,2.963,0.186,6.7,6.9,-1.365,12,283,30.482,68.74,2.343,44.969,,,,,0
2026-10-10T04:00Z,2026-10-10T07:00Z,5092510,3,23.3,5.9,32.8,7.7,6.9,h,5.9,6.9,5.9,6.9,0,0.001,422.523,2.12,1.376,6.7,6.9,-1.365,14,283,27.915,84.676,1.558,311.175,,,,,0
2026-10-10T04:00Z,2026-10-10T10:00Z,5092510,6,24.1,6.7,33.6,8,6.9,h,6.7,6.9,6.8,6.9,0,0,288.962,1.513,2.36,6.7,6.9,-1.365,17,283,26.477,91.557,0.777,82.833,,,,,0
2026-10-10T04:00Z,2026-10-10T16:00Z,5092510,12,14.1,4.3,31.8,8.1,6.9,h,4.3,6.9,4.3,6.9,0,0,259.624,3.169,1.662,6.7,6.9,-1.365,23,283,24.683,97.525,1.794,52.25,,,,,0
2026-10-10T04:00Z,2026-10-11T04:00Z,5092510,24,8.4,3.2,17.6,5.3,6.4,h,3.2,6.4,3.3,6.4,0,0,721.948,3.853,1.396,6.7,6.9,-1.365,11,284,28.242,78.846,2.822,90.801,,,,,0
2026-10-10T04:00Z,2026-10-12T04:00Z,5092510,48,14.8,8.7,14.6,7.3,7.1,h,8.7,7.1,8.7,7.1,0,0,1057.843,3.353,0.049,6.7,6.9,-1.365,11,285,30.319,69.086,2.564,65.001,,,,,0
2026-10-10T04:00Z,2026-10-10T05:00Z,2297552,1,6.4,6.4,,,,h,6.4,,6.4,,0,0.01,1381.714,1.71,0.161,,,0,12,283,29.527,52.444,1.114,78.098,,,,,0
2026-10-10T04:00Z,2026-10-10T07:00Z,2297552,3,7.9,7.9,,,,h,7.9,,7.9,,0,0.013,1583.328,1.822,0.158,,,0,14,283,30.288,46.783,1.309,62.655,,,,,0
2026-10-10T04:00Z,2026-10-10T10:00Z,2297552,6,9,9,,,,h,9,,9.1,,0,0.015,239.939,2.573,0.154,,,0,17,283,27.325,70.389,1.059,90.475,,,,,0
2026-10-10T04:00Z,2026-10-10T16:00Z,2297552,12,9.1,9.1,,,,h,9.1,,9.1,,0,0.008,99.897,1.975,0.79,,,0,23,283,22.256,94.987,0.824,122.18,,,,,0
2026-10-10T04:00Z,2026-10-11T04:00Z,2297552,24,3.7,3.7,,,,h,3.7,,3.8,,0,0.001,1005.818,2.928,0.194,,,0,11,284,25.774,75.716,2.053,109.082,,,,,0
2026-10-10T04:00Z,2026-10-12T04:00Z,2297552,48,4.8,4.8,,,,h,4.8,,4.8,,0,0,906.249,0.42,0.137,,,0,11,285,27.15,70.783,0.243,144.481,,,,,0
2026-10-10T04:00Z,2026-10-10T05:00Z,1235996,1,6.4,6.4,,,,h,6.4,,6.4,,0,0.011,1352.067,2.55,0.128,,,0.947,12,283,29.386,52.483,1.728,83.439,,,,,0
2026-10-10T04:00Z,2026-10-10T07:00Z,1235996,3,7.9,7.9,,,,h,7.9,,7.9,,0,0.013,1529.752,2.426,0.117,,,0.947,14,283,30.095,48.257,1.75,66.519,,,,,0
2026-10-10T04:00Z,2026-10-10T10:00Z,1235996,6,9,9,,,,h,9,,9.1,,0,0.015,470.484,3.38,0.1,,,0.947,17,283,27.541,67.125,1.556,88.501,,,,,0
2026-10-10T04:00Z,2026-10-10T16:00Z,1235996,12,9.1,9.1,,,,h,9.1,,9.1,,0,0.009,92.696,2.01,0.564,,,0.947,23,283,22.283,92.794,0.841,103.642,,,,,0
2026-10-10T04:00Z,2026-10-11T04:00Z,1235996,24,3.7,3.7,,,,h,3.7,,3.8,,0,0.001,928.535,2.991,0.2,,,0.947,11,284,25.396,78.035,2.072,105.281,,,,,0
2026-10-10T04:00Z,2026-10-12T04:00Z,1235996,48,4.8,4.8,,,,h,4.8,,4.8,,0,0,929.463,0.867,0.078,,,0.947,11,285,27.36,69.011,0.576,124.297,,,,,0
2026-10-10T04:00Z,2026-10-10T05:00Z,2894459,1,13.9,13.9,,,,h,13.9,,13.9,,0,0.004,1230.113,5.437,0.117,,,0,12,283,30.884,66.536,4.183,52.018,,,,,0
2026-10-10T04:00Z,2026-10-10T07:00Z,2894459,3,12.6,12.6,,,,h,12.6,,12.6,,0,0.004,740.2,4.3,1.412,,,0,14,283,29.139,77.231,3.286,56.028,,,,,0
2026-10-10T04:00Z,2026-10-10T10:00Z,2894459,6,11.5,11.5,,,,h,11.5,,11.6,,0,0.002,342.76,2.794,3.048,,,0,17,283,26.684,89.185,1.779,55.974,,,,,0
2026-10-10T04:00Z,2026-10-10T16:00Z,2894459,12,9.8,9.8,,,,h,9.8,,9.8,,0,0,347.587,4.479,1.228,,,0,23,283,25.008,95.446,2.318,59.169,,,,,0
2026-10-10T04:00Z,2026-10-11T04:00Z,2894459,24,4.8,4.8,,,,h,4.8,,4.9,,0,0,982.893,5.191,0.282,,,0,11,284,29.256,74.55,3.961,79.953,,,,,0
2026-10-10T04:00Z,2026-10-12T04:00Z,2894459,48,13.6,13.6,,,,h,13.6,,13.6,,0,0,1136.667,4.693,0.056,,,0,11,285,30.267,68.584,3.59,63.532,,,,,0
2026-10-10T04:00Z,2026-10-10T05:00Z,3602359,1,8.4,8.4,,,,h,8.4,,8.4,,0,0.002,684.874,3.762,0.352,,,0,12,283,21.26,82.607,2.538,76.125,,,,,0
2026-10-10T04:00Z,2026-10-10T07:00Z,3602359,3,4,4,,,,h,4,,4,,0,0.001,713.842,3.594,0.104,,,0,14,283,21.627,81.055,2.478,76.948,,,,,0
2026-10-10T04:00Z,2026-10-10T10:00Z,3602359,6,3.2,3.2,,,,h,3.2,,3.2,,0,0.001,434.339,3.461,0.147,,,0,17,283,19.831,84.111,2.21,66.126,,,,,0
2026-10-10T04:00Z,2026-10-10T16:00Z,3602359,12,6.4,6.4,,,,h,6.4,,6.4,,0,0.002,108.96,2.712,0,,,0,23,283,18.022,91.484,1.334,64.061,,,,,0
2026-10-10T04:00Z,2026-10-11T04:00Z,3602359,24,17.7,17.7,,,,h,17.7,,18,,0,0.008,1089.603,2.503,0.001,,,0,11,284,23.827,60.049,1.724,75.105,,,,,0
2026-10-10T04:00Z,2026-10-12T04:00Z,3602359,48,27.5,27.5,,,,h,27.5,,27.5,,0,0.011,1112.398,1.688,0,,,0,11,285,24.664,52.162,1.115,112.521,,,,,0
2026-10-10T04:00Z,2026-10-10T05:00Z,1236035,1,9.3,9.3,,,,h,9.3,,9.3,,0,0,741.224,5.073,0.177,,,0,12,283,26.49,84.511,3.793,48.924,,,,,0
2026-10-10T04:00Z,2026-10-10T07:00Z,1236035,3,7.8,7.8,,,,h,7.8,,7.8,,0,0,773.544,5.287,0.129,,,0,14,283,27.337,78.319,4.02,53.465,,,,,0
2026-10-10T04:00Z,2026-10-10T10:00Z,1236035,6,7.3,7.3,,,,h,7.3,,7.4,,0,0,500.713,3.696,0.337,,,0,17,283,26.261,86.036,2.562,55.945,,,,,0
2026-10-10T04:00Z,2026-10-10T16:00Z,1236035,12,12.6,12.6,,,,h,12.6,,12.7,,0,0,312.845,4.858,0,,,0,23,283,25.003,82.43,2.223,77.191,,,,,0
2026-10-10T04:00Z,2026-10-11T04:00Z,1236035,24,12.6,12.6,,,,h,12.6,,12.8,,0,0,1033.85,4.159,0.003,,,0,11,284,29.277,62.386,3.225,77.588,,,,,0
2026-10-10T04:00Z,2026-10-12T04:00Z,1236035,48,28.6,28.6,,,,h,28.6,,28.6,,0,0.003,820.574,2.956,0,,,0,11,285,29.157,63.615,2.343,82.528,,,,,0
2026-10-10T04:00Z,2026-10-10T05:00Z,3591608,1,5.7,5.7,,,,h,5.7,,5.7,,0,0.001,569.019,2.052,0.649,,,0,12,283,19.907,87.184,1.447,81.8,,,,,0
2026-10-10T04:00Z,2026-10-10T07:00Z,3591608,3,3.1,3.1,,,,h,3.1,,3.1,,0,0.001,617.081,2.386,0.139,,,0,14,283,19.992,86.455,1.626,67.324,,,,,0
2026-10-10T04:00Z,2026-10-10T10:00Z,3591608,6,1.7,1.7,,,,h,1.7,,1.7,,0,0,306.342,2.299,0,,,0,17,283,18.951,84.131,1.505,62.364,,,,,0
2026-10-10T04:00Z,2026-10-10T16:00Z,3591608,12,3.4,3.4,,,,h,3.4,,3.4,,0,0.001,102.695,2.242,0,,,0,23,283,17.185,90.53,0.924,58.116,,,,,0
2026-10-10T04:00Z,2026-10-11T04:00Z,3591608,24,15.4,15.4,,,,h,15.4,,15.6,,0,0.006,991.851,1.189,0.001,,,0,11,284,22.802,59.258,0.859,73.666,,,,,0
2026-10-10T04:00Z,2026-10-12T04:00Z,3591608,48,23.3,23.3,,,,h,23.3,,23.3,,0,0.008,1085.41,1.563,0,,,0,11,285,23.567,47.65,1.176,142.722,,,,,0
2026-10-10T04:00Z,2026-10-10T05:00Z,2843713,1,3.7,3.7,,,,h,3.7,,3.7,,0,0,1129.687,3.623,0.104,,,0,12,283,29.798,73.931,2.896,82.578,,,,,0
2026-10-10T04:00Z,2026-10-10T07:00Z,2843713,3,4,4,,,,h,4,,4,,0,0,992.077,3.644,0.225,,,0,14,283,29.754,74.055,2.905,77.77,,,,,0
2026-10-10T04:00Z,2026-10-10T10:00Z,2843713,6,3.9,3.9,,,,h,3.9,,3.9,,0,0,339.714,4.011,3.485,,,0,17,283,25.768,91.739,2.73,104.886,,,,,0
2026-10-10T04:00Z,2026-10-10T16:00Z,2843713,12,3.9,3.9,,,,h,3.9,,3.9,,0,0,173.661,2.374,0.132,,,0,23,283,24.288,96.602,0.726,42.433,,,,,0
2026-10-10T04:00Z,2026-10-11T04:00Z,2843713,24,4.1,4.1,,,,h,4.1,,4.2,,0,0,881.099,3.961,0.07,,,0,11,284,28.79,75.91,3.138,72.604,,,,,0
2026-10-10T04:00Z,2026-10-12T04:00Z,2843713,48,11.6,11.6,,,,h,11.6,,11.6,,0,0.001,826.481,3.625,0,,,0,11,285,29.012,73.05,2.837,68.612,,,,,0
2026-10-10T04:00Z,2026-10-10T05:00Z,6152097,1,9,9,,,,h,9,,9,,0,0.004,1106.884,1.901,0.006,,,0,12,283,31.123,57.454,1.512,57.222,,,,,0
2026-10-10T04:00Z,2026-10-10T07:00Z,6152097,3,9.7,9.7,,,,h,9.7,,9.7,,0,0.006,1103.491,2.621,0.013,,,0,14,283,31.675,56.5,2.05,73.804,,,,,0
2026-10-10T04:00Z,2026-10-10T10:00Z,6152097,6,10.9,10.9,,,,h,10.9,,11,,0,0.006,363.011,2.558,0.11,,,0,17,283,28.035,75.529,1.811,155.035,,,,,0
2026-10-10T04:00Z,2026-10-10T16:00Z,6152097,12,22.8,22.8,,,,h,22.8,,22.9,,0,0.002,62.603,1.066,0.038,,,0,23,283,25.128,92.291,0.337,352.14,,,,,0
2026-10-10T04:00Z,2026-10-11T04:00Z,6152097,24,9.5,9.5,,,,h,9.5,,9.6,,0,0.001,1057.329,1.038,0.106,,,0,11,284,28.386,74.089,0.841,67.026,,,,,0
2026-10-10T04:00Z,2026-10-12T04:00Z,6152097,48,10,10,,,,h,10,,10,,0,0,590.811,0.667,0.013,,,0,11,285,28.772,73.11,0.582,159.424,,,,,0
2026-10-10T04:00Z,2026-10-10T05:00Z,3503722,1,11.3,11.3,,,,h,11.3,,11.3,,0,0.028,1554.16,2.934,0.087,,,0,12,283,30.048,54.993,2.175,84.037,,,,,0
2026-10-10T04:00Z,2026-10-10T07:00Z,3503722,3,11,11,,,,h,11,,11,,0,0.016,1377.772,3.588,0.365,,,0,14,283,29.694,58.213,2.655,80.122,,,,,0
2026-10-10T04:00Z,2026-10-10T10:00Z,3503722,6,12,12,,,,h,12,,12.1,,0,0.006,177.958,1.503,0.65,,,0,17,283,25.428,87.793,1.054,112.78,,,,,0
2026-10-10T04:00Z,2026-10-10T16:00Z,3503722,12,10.1,10.1,,,,h,10.1,,10.1,,0,0.004,41.576,0.995,0.032,,,0,23,283,23.533,95.572,0.371,44.991,,,,,0
2026-10-10T04:00Z,2026-10-11T04:00Z,3503722,24,7.1,7.1,,,,h,7.1,,7.2,,0,0.002,1071.46,1.543,0.097,,,0,11,284,27.545,72.882,1.115,24.384,,,,,0
2026-10-10T04:00Z,2026-10-12T04:00Z,3503722,48,14,14,,,,h,14,,14,,0,0.001,771.718,0.632,0.003,,,0,11,285,28.284,67.597,0.448,89.757,,,,,0
