issued_utc,valid_utc,station_id,lead_h,cams_raw,corrected,cams24,corr24,blend24,obs_basis,correctedA,blend24A,correctedML,blend24ML,inc,fire,blh,ws,pr,obs_last,obs24_last,kfAb,hloc,doy,t2,rh,ws10,wd,o_ws,o_wd,o_t2,o_rh,monitor
2026-10-06T01:00Z,2026-10-06T02:00Z,a4t:119t,1,2.75,8.9,4.9,15.6,12.8,h,8.9,12.8,8.9,12.8,0,0,358.983,3.005,0.087,11,12.8,1.03,9,279,26.032,90.742,2.294,187.218,1.9,40,25,99,1
2026-10-06T01:00Z,2026-10-06T04:00Z,a4t:119t,3,2.95,9,4.7,14.8,12.7,h,9,12.7,9,12.7,0,0,680.24,1.988,0.092,11,12.8,1.03,11,279,28.937,75.631,1.554,178.131,1.9,40,25,99,1
2026-10-06T01:00Z,2026-10-06T07:00Z,a4t:119t,6,3.7,10.2,4.3,13.6,12.6,h,10.2,12.6,10.2,12.6,0,0,614.938,3.18,1.068,11,12.8,1.03,14,279,28.003,80.471,2.442,224.111,1.9,40,25,99,1
2026-10-06T01:00Z,2026-10-06T13:00Z,a4t:119t,12,3,7.6,3.8,11.6,12.2,h,7.6,12.2,7.6,12.2,0,0,65.38,1.293,0.227,11,12.8,1.03,20,279,27.135,84.163,0.214,217.763,1.9,40,25,99,1
2026-10-06T01:00Z,2026-10-07T01:00Z,a4t:119t,24,2.8,5.9,3,7.8,11.2,h,5.9,11.2,5.9,11.2,0,0,220.486,1.843,0,11,12.8,1.03,8,280,25.818,93.724,1.454,42.954,1.9,40,25,99,1
2026-10-06T01:00Z,2026-10-08T01:00Z,a4t:119t,48,1.55,2.7,2.6,4.9,8.8,h,2.7,8.8,2.7,8.8,0,0,202.45,1.595,0.01,11,12.8,1.03,8,281,25.369,94.103,1.2,307.292,1.9,40,25,99,1
2026-10-06T01:00Z,2026-10-06T02:00Z,a4t:02t,1,18,12.3,20.8,14,17.5,h,12.3,17.5,12.3,17.5,0,0.002,541.436,2.453,0.115,14,17.5,-0.378,9,279,27.076,84.928,1.939,39.148,,,,,1
2026-10-06T01:00Z,2026-10-06T04:00Z,a4t:02t,3,18.7,13,20.9,14.1,17.4,h,13,17.4,13,17.4,0,0.002,870.357,2.723,0.115,14,17.5,-0.378,11,279,29.148,76.643,2.195,59.376,,,,,1
2026-10-06T01:00Z,2026-10-06T07:00Z,a4t:02t,6,19.049999999999997,13.6,21,14.3,17.3,h,13.6,17.3,13.6,17.3,0,0.003,455.846,3.114,0.388,14,17.5,-0.378,14,279,28.338,79.836,2.313,15.558,,,,,1
2026-10-06T01:00Z,2026-10-06T13:00Z,a4t:02t,12,27,20.1,22.2,15.4,16.9,h,20.1,16.9,20.2,16.9,0,0.001,94.617,0.762,0.711,14,17.5,-0.378,20,279,25.519,94.523,0.147,86.795,,,,,1
2026-10-06T01:00Z,2026-10-07T01:00Z,a4t:02t,24,16.2,12.8,20,14.8,16.6,h,12.8,16.6,12.9,16.6,0,0,378.383,2.74,0,14,17.5,-0.378,8,280,25.54,89.781,2.072,1.38,,,,,1
2026-10-06T01:00Z,2026-10-08T01:00Z,a4t:02t,48,28.549999999999997,24.9,23.7,19.9,18.7,h,24.9,18.7,24.9,18.7,0,0,266.601,1.926,0,14,17.5,-0.378,8,281,26.689,82.831,1.333,350.78,,,,,1
2026-10-06T01:00Z,2026-10-06T02:00Z,a4t:50t,1,18,14.1,20.8,16.1,21.5,h,14.1,21.5,14.1,21.5,0,0.002,547.051,2.419,0.109,17,21.5,-0.245,9,279,27.105,84.825,1.911,41.861,,,25.5,95,1
2026-10-06T01:00Z,2026-10-06T04:00Z,a4t:50t,3,18.7,14.8,20.9,16.2,21.4,h,14.8,21.4,14.8,21.4,0,0.002,886.565,2.703,0.107,17,21.5,-0.245,11,279,29.219,76.359,2.173,60.805,,,25.5,95,1
2026-10-06T01:00Z,2026-10-06T07:00Z,a4t:50t,6,19.049999999999997,15.3,21,16.4,21.2,h,15.3,21.2,15.3,21.2,0,0.003,450.784,2.995,0.369,17,21.5,-0.245,14,279,28.375,79.812,2.214,14.907,,,25.5,95,1
2026-10-06T01:00Z,2026-10-06T13:00Z,a4t:50t,12,27,22.3,22.2,17.5,20.6,h,22.3,20.6,22.4,20.6,0,0.001,92.238,0.775,0.646,17,21.5,-0.245,20,279,25.535,94.574,0.195,96.69,,,25.5,95,1
2026-10-06T01:00Z,2026-10-07T01:00Z,a4t:50t,24,16.2,13.9,20,16.5,19.9,h,13.9,19.9,14,19.9,0,0,378.855,2.632,0,17,21.5,-0.245,8,280,25.575,89.728,1.989,1.847,,,25.5,95,1
2026-10-06T01:00Z,2026-10-08T01:00Z,a4t:50t,48,28.549999999999997,26.1,23.7,21.1,21.3,h,26.1,21.3,26.1,21.3,0,0,259.234,1.789,0,17,21.5,-0.245,8,281,26.709,82.582,1.241,349.588,,,25.5,95,1
2026-10-06T01:00Z,2026-10-06T02:00Z,a4t:52t,1,18,12,20.8,13.6,21.3,h,12,21.3,12,21.3,0,0.002,540.667,2.45,0.115,17,21.3,-0.407,9,279,27.074,84.938,1.937,38.959,,,,,1
2026-10-06T01:00Z,2026-10-06T04:00Z,a4t:52t,3,18.7,12.7,20.9,13.6,21.2,h,12.7,21.2,12.7,21.2,0,0.002,869.104,2.733,0.116,17,21.3,-0.407,11,279,29.144,76.671,2.203,59.136,,,,,1
2026-10-06T01:00Z,2026-10-06T07:00Z,a4t:52t,6,19.049999999999997,13.2,21,13.8,20.9,h,13.2,20.9,13.2,20.9,0,0.002,456.929,3.104,0.387,17,21.3,-0.407,14,279,28.34,79.824,2.305,15.813,,,,,1
2026-10-06T01:00Z,2026-10-06T13:00Z,a4t:52t,12,27,19.7,22.2,15,20.1,h,19.7,20.1,19.8,20.1,0,0.001,94.757,0.763,0.718,17,21.3,-0.407,20,279,25.518,94.533,0.143,85.821,,,,,1
2026-10-06T01:00Z,2026-10-07T01:00Z,a4t:52t,24,16.2,12.6,20,14.5,19.1,h,12.6,19.1,12.7,19.1,0,0,379.001,2.749,0,17,21.3,-0.407,8,280,25.536,89.788,2.078,1.406,,,,,1
2026-10-06T01:00Z,2026-10-08T01:00Z,a4t:52t,48,28.549999999999997,24.6,23.7,19.6,20.5,h,24.6,20.5,24.6,20.5,0,0,267.045,1.936,0,17,21.3,-0.407,8,281,26.69,82.842,1.34,350.94,,,,,1
2026-10-06T01:00Z,2026-10-06T02:00Z,a4t:53t,1,18,10.9,20.8,12.3,21,h,10.9,21,10.9,21,0,0.002,561.107,2.447,0.097,17,21,-0.498,9,279,27.158,84.585,1.927,46.559,,,24.7,25,1
2026-10-06T01:00Z,2026-10-06T04:00Z,a4t:53t,3,18.7,11.6,20.9,12.4,20.9,h,11.6,20.9,11.6,20.9,0,0.002,917.909,2.567,0.094,17,21,-0.498,11,279,29.339,75.777,2.059,65.371,,,24.7,25,1
2026-10-06T01:00Z,2026-10-06T07:00Z,a4t:53t,6,19.049999999999997,12.2,21,12.6,20.6,h,12.2,20.6,12.2,20.6,0,0.003,431.366,3.025,0.362,17,21,-0.498,14,279,28.381,79.986,2.24,11.008,,,24.7,25,1
2026-10-06T01:00Z,2026-10-06T13:00Z,a4t:53t,12,27,18.3,22.2,13.7,19.7,h,18.3,19.7,18.4,19.7,0,0.001,89.115,0.85,0.509,17,21,-0.498,20,279,25.554,94.519,0.326,116.464,,,24.7,25,1
2026-10-06T01:00Z,2026-10-07T01:00Z,a4t:53t,24,16.2,11.9,20,13.4,18.6,h,11.9,18.6,12,18.6,0,0,367.804,2.404,0,17,21,-0.498,8,280,25.66,89.645,1.833,0.806,,,24.7,25,1
2026-10-06T01:00Z,2026-10-08T01:00Z,a4t:53t,48,28.549999999999997,23.8,23.7,18.8,19.9,h,23.8,19.9,23.8,19.9,0,0,245.881,1.537,0,17,21,-0.498,8,281,26.704,82.273,1.076,344.08,,,24.7,25,1
2026-10-06T01:00Z,2026-10-06T02:00Z,a4t:59t,1,18,8.2,20.8,9.1,16.7,h,8.2,16.7,8.2,16.7,0,0.002,553.68,2.459,0.105,12,16.7,-0.776,9,279,27.122,84.73,1.94,43.304,0.5,222,24.3,99,1
2026-10-06T01:00Z,2026-10-06T04:00Z,a4t:59t,3,18.7,8.8,20.9,9.2,16.6,h,8.8,16.6,8.8,16.6,0,0.002,897.298,2.611,0.104,12,16.7,-0.776,11,279,29.253,76.13,2.101,63.128,0.5,222,24.3,99,1
2026-10-06T01:00Z,2026-10-06T07:00Z,a4t:59t,6,19.049999999999997,9.4,21,9.4,16.4,h,9.4,16.4,9.4,16.4,0,0.003,440.179,3.113,0.38,12,16.7,-0.776,14,279,28.349,79.955,2.312,12.473,0.5,222,24.3,99,1
2026-10-06T01:00Z,2026-10-06T13:00Z,a4t:59t,12,27,14.7,22.2,10.4,15.7,h,14.7,15.7,14.8,15.7,0,0.001,91.477,0.789,0.587,12,16.7,-0.776,20,279,25.539,94.479,0.239,104.995,0.5,222,24.3,99,1
2026-10-06T01:00Z,2026-10-07T01:00Z,a4t:59t,24,16.2,10,20,10.7,14.8,h,10,14.8,10.1,14.8,0,0,371.14,2.547,0,12,16.7,-0.776,8,280,25.616,89.687,1.939,1.066,0.5,222,24.3,99,1
2026-10-06T01:00Z,2026-10-08T01:00Z,a4t:59t,48,28.549999999999997,21.5,23.7,16.5,16.6,h,21.5,16.6,21.5,16.6,0,0,255.319,1.703,0,12,16.7,-0.776,8,281,26.69,82.525,1.188,347.32,0.5,222,24.3,99,1
2026-10-06T01:00Z,2026-10-06T02:00Z,a4t:61t,1,15.45,18.4,14.4,17.4,18,h,18.4,18,18.4,18,0,0.002,560.834,2.416,0.097,15,18,0.175,9,279,27.165,84.581,1.903,47.273,,,,,1
2026-10-06T01:00Z,2026-10-06T04:00Z,a4t:61t,3,13.149999999999999,15.6,14.3,17.2,18,h,15.6,18,15.6,18,0,0.002,920.678,2.6,0.091,15,18,0.175,11,279,29.358,75.743,2.082,64.976,,,,,1
2026-10-06T01:00Z,2026-10-06T07:00Z,a4t:61t,6,9.25,10.9,13.7,16.5,17.8,h,10.9,17.8,10.9,17.8,0,0.003,433.864,2.912,0.348,15,18,0.175,14,279,28.41,79.907,2.147,11.708,,,,,1
2026-10-06T01:00Z,2026-10-06T13:00Z,a4t:61t,12,13.75,15.8,12.5,14.9,17.3,h,15.8,17.3,15.9,17.3,0,0.001,88.261,0.863,0.504,15,18,0.175,20,279,25.56,94.584,0.342,116.866,,,,,1
2026-10-06T01:00Z,2026-10-07T01:00Z,a4t:61t,24,16.7,18.6,12.4,14.3,16.8,h,18.6,16.8,18.7,16.8,0,0,371.834,2.392,0,15,18,0.175,8,280,25.658,89.634,1.817,1.531,,,,,1
2026-10-06T01:00Z,2026-10-08T01:00Z,a4t:61t,48,25.75,27.5,18,19.5,18.8,h,27.5,18.8,27.5,18.8,0,0,244.243,1.511,0,15,18,0.175,8,281,26.722,82.176,1.056,344.551,,,,,1
2026-10-06T01:00Z,2026-10-06T02:00Z,a4t:o10,1,15.45,23.8,14.4,22.9,18.2,h,23.8,18.2,23.8,18.2,0,0.002,565.582,2.417,0.091,15,18.2,0.438,9,279,27.188,84.489,1.9,49.315,,,,,1
2026-10-06T01:00Z,2026-10-06T04:00Z,a4t:o10,3,13.149999999999999,20,14.3,22.6,18.2,h,20,18.2,20,18.2,0,0.002,933.562,2.57,0.085,15,18.2,0.438,11,279,29.411,75.522,2.054,66.459,,,,,1
2026-10-06T01:00Z,2026-10-06T07:00Z,a4t:o10,6,9.25,13.9,13.7,21.6,18.2,h,13.9,18.2,13.9,18.2,0,0.003,428,2.867,0.338,15,18.2,0.438,14,279,28.428,79.935,2.11,10.639,,,,,1
2026-10-06T01:00Z,2026-10-06T13:00Z,a4t:o10,12,13.75,19.5,12.5,19.3,17.9,h,19.5,17.9,19.6,17.9,0,0.001,86.846,0.917,0.455,15,18.2,0.438,20,279,25.568,94.604,0.401,123.08,,,,,1
2026-10-06T01:00Z,2026-10-07T01:00Z,a4t:o10,24,16.7,21.8,12.4,17.6,18,h,21.8,18,21.9,18,0,0,369.284,2.302,0,15,18.2,0.438,8,280,25.687,89.609,1.75,1.29,,,,,1
2026-10-06T01:00Z,2026-10-08T01:00Z,a4t:o10,48,25.75,30.2,18,22.1,20.1,h,30.2,20.1,30.2,20.1,0,0,238.369,1.41,0,15,18.2,0.438,8,281,26.729,82.025,0.987,342.024,,,,,1
2026-10-06T01:00Z,2026-10-06T02:00Z,a4t:107t,1,6.45,15.8,3.2,8.8,8.1,h,15.8,8.1,15.8,8.1,0,0,696.344,4.56,0,9,8.1,0.864,9,279,25.944,71.373,3.508,47.493,1.3,56,23.8,82,1
2026-10-06T01:00Z,2026-10-06T04:00Z,a4t:107t,3,8.399999999999999,19.5,3.7,9.9,8.2,h,19.5,8.2,19.5,8.2,0,0,909.767,4.058,0,9,8.1,0.864,11,279,28.161,63.986,3.14,50.839,1.3,56,23.8,82,1
2026-10-06T01:00Z,2026-10-06T07:00Z,a4t:107t,6,8.399999999999999,18.5,4.5,11.4,8.5,h,18.5,8.5,18.5,8.5,0,0,1098.653,3.623,0.057,9,8.1,0.864,14,279,29.348,61.626,2.834,53.306,1.3,56,23.8,82,1
2026-10-06T01:00Z,2026-10-06T13:00Z,a4t:107t,12,9.05,18.2,5.8,13.8,9.5,h,18.2,9.5,18.3,9.5,0,0,190.131,5.079,0,9,8.1,0.864,20,279,25.037,78.006,2.339,76.657,1.3,56,23.8,82,1
2026-10-06T01:00Z,2026-10-07T01:00Z,a4t:107t,24,13.149999999999999,22.4,8.9,17.8,11.2,h,22.4,11.2,22.5,11.2,0,0,435.969,3.341,0,9,8.1,0.864,8,280,24.039,70.278,2.215,55.487,1.3,56,23.8,82,1
2026-10-06T01:00Z,2026-10-08T01:00Z,a4t:107t,48,19.65,27,16.5,24.9,16.5,h,27,16.5,27,16.5,0,0,291.059,2.479,0,9,8.1,0.864,8,281,24.511,75.251,1.754,45.32,1.3,56,23.8,82,1
2026-10-06T01:00Z,2026-10-06T02:00Z,a4t:94t,1,5.35,4.3,20,16.5,11.6,h,4.3,11.6,4.3,11.6,0,0,400.237,2.943,1.851,10,11.6,-0.186,9,279,24.4,91.217,2.298,39.398,0.4,317,,,1
2026-10-06T01:00Z,2026-10-06T04:00Z,a4t:94t,3,4,3.2,18.2,14.9,11.5,h,3.2,11.5,3.2,11.5,0,0,371.458,2.376,1.884,10,11.6,-0.186,11,279,25.318,89.971,2.025,31.913,0.4,317,,,1
2026-10-06T01:00Z,2026-10-06T07:00Z,a4t:94t,6,3.8,3.1,15.4,12.7,11.3,h,3.1,11.3,3.1,11.3,0,0,976.198,1.087,0.038,10,11.6,-0.186,14,279,28.649,74.377,1.016,112.254,0.4,317,,,1
2026-10-06T01:00Z,2026-10-06T13:00Z,a4t:94t,12,5.8,4.9,10.4,8.5,10.5,h,4.9,10.5,4.9,10.5,0,0,32.038,0.527,0.307,10,11.6,-0.186,20,279,26.216,89.952,0.247,115.337,0.4,317,,,1
2026-10-06T01:00Z,2026-10-07T01:00Z,a4t:94t,24,3,2.6,4.9,4.1,9.2,h,2.6,9.2,2.6,9.2,0,0,193.61,1.673,0.009,10,11.6,-0.186,8,280,25.252,91.833,1.058,305.21,0.4,317,,,1
2026-10-06T01:00Z,2026-10-08T01:00Z,a4t:94t,48,11.35,10.6,9.7,8.8,10.2,h,10.6,10.2,10.6,10.2,0,0,209.902,2.008,0,10,11.6,-0.186,8,281,26.235,91.088,1.398,324.149,0.4,317,,,1
2026-10-06T01:00Z,2026-10-06T02:00Z,a4t:46t,1,6.35,28.1,4,20.4,18.4,h,28.1,18.4,28.1,18.4,0,0,657.829,4.596,0,18,18.4,1.465,9,279,25.628,72.482,3.498,42.4,,,,,1
2026-10-06T01:00Z,2026-10-06T04:00Z,a4t:46t,3,7.85,32.1,4.4,21.9,18.6,h,32.1,18.6,32.2,18.6,0,0,851.317,3.65,0,18,18.4,1.465,11,279,27.606,65.873,2.85,44.156,,,,,1
2026-10-06T01:00Z,2026-10-06T07:00Z,a4t:46t,6,8.85,33,5.2,24.1,18.9,h,33,18.9,33,18.9,0,0,1113.935,3.397,0,18,18.4,1.465,14,279,29.106,61.512,2.685,54.526,,,,,1
2026-10-06T01:00Z,2026-10-06T13:00Z,a4t:46t,12,15.350000000000001,47.8,6.7,27.4,20.4,h,47.8,20.4,48,20.4,0,0,85.402,3.982,0,18,18.4,1.465,20,279,25.329,77.993,1.403,64.81,,,,,1
2026-10-06T01:00Z,2026-10-07T01:00Z,a4t:46t,24,11.45,28.2,10.1,32.2,22.8,h,28.2,22.8,28.3,22.9,0,0,393.191,3.545,0,18,18.4,1.465,8,280,23.928,69.711,2.274,55.698,,,,,1
2026-10-06T01:00Z,2026-10-08T01:00Z,a4t:46t,48,15.950000000000001,27.4,15.3,30.8,24.6,h,27.4,24.6,27.4,24.6,0,0,292.824,2.387,0,18,18.4,1.465,8,281,24.449,76.026,1.678,52.287,,,,,1
2026-10-06T01:00Z,2026-10-06T02:00Z,a4t:100t,1,1.65,3.7,4.4,8.9,9.8,h,3.7,9.8,3.7,9.8,0,0,460.151,0.932,0.098,7,9.9,0.611,9,279,26.982,84.855,0.916,14.388,,,25.3,94,1
2026-10-06T01:00Z,2026-10-06T04:00Z,a4t:100t,3,1.1,2.6,3.9,8,9.7,h,2.6,9.7,2.6,9.7,0,0,652.833,2.101,0.26,7,9.9,0.611,11,279,28.204,78.531,1.8,13.551,,,25.3,94,1
2026-10-06T01:00Z,2026-10-06T07:00Z,a4t:100t,6,1.5499999999999998,3.3,3.3,6.8,9.4,h,3.3,9.4,3.3,9.4,0,0,408.12,0.343,1.18,7,9.9,0.611,14,279,27.683,80.462,0.025,63.577,,,25.3,94,1
2026-10-06T01:00Z,2026-10-06T13:00Z,a4t:100t,12,3.4,5.9,2.5,5.2,8.8,h,5.9,8.8,5.9,8.8,0,0,219.804,1.337,0.025,7,9.9,0.611,20,279,26.397,88.234,1.059,78.452,,,25.3,94,1
2026-10-06T01:00Z,2026-10-07T01:00Z,a4t:100t,24,2.55,4.1,2.3,4.1,8,h,4.1,8,4.1,8,0,0,388.515,3.292,0,7,9.9,0.611,8,280,25.795,85.874,2.739,32.08,,,25.3,94,1
2026-10-06T01:00Z,2026-10-08T01:00Z,a4t:100t,48,5.1,6.6,5.8,8,9,h,6.6,9,6.6,9,0,0,540.556,3.095,0,7,9.9,0.611,8,281,27.02,79.673,2.344,40.918,,,25.3,94,1
2026-10-06T01:00Z,2026-10-06T02:00Z,a4t:60t,1,8.5,11.3,11.5,15.4,20.3,h,11.3,20.3,11.3,20.3,0,0.001,567.677,1.55,0.071,28,20.3,0.278,9,279,27.268,84.454,1.147,72.451,,,,,1
2026-10-06T01:00Z,2026-10-06T04:00Z,a4t:60t,3,5.199999999999999,7,10.8,14.6,20.1,h,7,20.1,7,20.1,0,0.001,1010.569,2.267,0.093,28,20.3,0.278,11,279,29.753,73.722,1.725,66.557,,,,,1
2026-10-06T01:00Z,2026-10-06T07:00Z,a4t:60t,6,3.7,4.9,9.7,13,19.5,h,4.9,19.5,4.9,19.5,0,0.001,397.844,1.345,0.8,28,20.3,0.278,14,279,28.424,80.66,0.734,34.502,,,,,1
2026-10-06T01:00Z,2026-10-06T13:00Z,a4t:60t,12,8.649999999999999,10.9,8.3,11.1,18.2,h,10.9,18.2,10.9,18.2,0,0,56.293,1.324,0.034,28,20.3,0.278,20,279,25.771,95.051,0.662,131.51,,,,,1
2026-10-06T01:00Z,2026-10-07T01:00Z,a4t:60t,24,9.95,11.9,7.4,9.3,16.8,h,11.9,16.8,12,16.8,0,0,378.371,1.589,0,28,20.3,0.278,8,280,25.666,88.985,1.157,29.039,,,,,1
2026-10-06T01:00Z,2026-10-08T01:00Z,a4t:60t,48,16.9,18.7,11.9,13.5,16.9,h,18.7,16.9,18.7,16.9,0,0,252.219,0.67,0,28,20.3,0.278,8,281,26.89,79.867,0.449,20.527,,,,,1
2026-10-06T01:00Z,2026-10-06T02:00Z,a4t:33t,1,5.05,10.2,9.2,18.6,15,h,10.2,15,10.2,15,0,0,560.615,1.4,0.18,20,15,0.656,9,279,27.12,85.754,1.096,65.743,,,,,1
2026-10-06T01:00Z,2026-10-06T04:00Z,a4t:33t,3,3.4,6.9,8.4,17.1,14.9,h,6.9,14.9,6.9,14.9,0,0,881.29,3.583,0.123,20,15,0.656,11,279,29.392,75.066,2.772,55.556,,,,,1
2026-10-06T01:00Z,2026-10-06T07:00Z,a4t:33t,6,2.65,5.4,7.3,14.8,14.7,h,5.4,14.7,5.4,14.7,0,0,552.785,1.153,0.379,20,15,0.656,14,279,28.825,76.862,0.857,85.648,,,,,1
2026-10-06T01:00Z,2026-10-06T13:00Z,a4t:33t,12,5.949999999999999,10.3,5.7,11.3,13.7,h,10.3,13.7,10.3,13.7,0,0,42.842,1.658,0.001,20,15,0.656,20,279,25.832,94.913,0.646,87.919,,,,,1
2026-10-06T01:00Z,2026-10-07T01:00Z,a4t:33t,24,5.2,8.1,4.6,8,12.8,h,8.1,12.8,8.1,12.8,0,0,601.395,3.978,0,20,15,0.656,8,280,25.665,87.082,2.757,44.687,,,,,1
2026-10-06T01:00Z,2026-10-08T01:00Z,a4t:33t,48,11.8,15.1,9.3,12.8,13.9,h,15.1,13.9,15.1,13.9,0,0,314.941,2.75,0,20,15,0.656,8,281,27.323,77.989,1.762,41.486,,,,,1
2026-10-06T01:00Z,2026-10-06T02:00Z,a4t:34t,1,8.25,6.4,11,8.5,10.4,h,6.4,10.4,6.4,10.4,0,0,577.797,1.973,0.129,6,10.4,-0.24,9,279,27.231,84.958,1.55,65.49,,,,,1
2026-10-06T01:00Z,2026-10-06T04:00Z,a4t:34t,3,8.350000000000001,6.5,10.6,8.2,10.3,h,6.5,10.3,6.5,10.3,0,0,949.088,3.241,0.067,6,10.4,-0.24,11,279,29.62,74.448,2.525,63.286,,,,,1
2026-10-06T01:00Z,2026-10-06T07:00Z,a4t:34t,6,7.3,5.8,9.8,7.5,10,h,5.8,10,5.8,10,0,0.001,492.72,1.218,0.204,6,10.4,-0.24,14,279,28.846,77.819,0.721,35.176,,,,,1
2026-10-06T01:00Z,2026-10-06T13:00Z,a4t:34t,12,5.800000000000001,4.7,8.2,6.4,9.4,h,4.7,9.4,4.7,9.4,0,0,56.076,1.417,0.046,6,10.4,-0.24,20,279,25.781,95.012,0.711,111.783,,,,,1
2026-10-06T01:00Z,2026-10-07T01:00Z,a4t:34t,24,7.300000000000001,6.2,6.3,5.1,8.7,h,6.2,8.7,6.2,8.7,0,0,514.921,2.909,0,6,10.4,-0.24,8,280,25.784,88.15,2.049,34.697,,,,,1
2026-10-06T01:00Z,2026-10-08T01:00Z,a4t:34t,48,14.15,12.9,10.8,9.6,10,h,12.9,10,12.9,10,0,0,242.23,1.558,0,6,10.4,-0.24,8,281,27.138,79.234,1.043,29.162,,,,,1
2026-10-06T01:00Z,2026-10-06T02:00Z,a4t:o61,1,8.25,11.2,11,15.1,16.1,h,11.2,16.1,11.2,16.1,0,0,551.215,1.694,0.171,13,16.1,0.295,9,279,27.112,85.671,1.354,57.049,,,,,1
2026-10-06T01:00Z,2026-10-06T04:00Z,a4t:o61,3,8.350000000000001,11.2,10.6,14.6,16,h,11.2,16,11.2,16,0,0,877.708,3.733,0.097,13,16.1,0.295,11,279,29.382,75.456,2.914,55.865,,,,,1
2026-10-06T01:00Z,2026-10-06T07:00Z,a4t:o61,6,7.3,9.7,9.8,13.3,15.8,h,9.7,15.8,9.7,15.8,0,0,553.083,1.252,0.205,13,16.1,0.295,14,279,28.909,76.873,0.87,68.236,,,,,1
2026-10-06T01:00Z,2026-10-06T13:00Z,a4t:o61,12,5.800000000000001,7.5,8.2,11.1,15,h,7.5,15,7.5,15,0,0,54.29,1.513,0.223,13,16.1,0.295,20,279,25.799,95.124,0.519,84.728,,,,,1
2026-10-06T01:00Z,2026-10-07T01:00Z,a4t:o61,24,7.300000000000001,8.9,6.3,8.1,13.6,h,8.9,13.6,8.9,13.6,0,0,581.32,3.727,0,13,16.1,0.295,8,280,25.63,87.85,2.598,37.371,,,,,1
2026-10-06T01:00Z,2026-10-08T01:00Z,a4t:o61,48,14.15,15.8,10.8,12.5,14.3,h,15.8,14.3,15.8,14.3,0,0,277.402,2.457,0,13,16.1,0.295,8,281,27.25,79.176,1.584,33.432,,,,,1
2026-10-06T01:00Z,2026-10-06T02:00Z,a4t:117t,1,4.35,4.4,21.2,21.5,,h,4.4,,4.4,,0,0.001,372.866,2.619,1.121,10,14.8,0.012,9,279,24.971,90.45,1.969,49.048,1.6,277,24.4,100,1
2026-10-06T01:00Z,2026-10-06T04:00Z,a4t:117t,3,3.5999999999999996,3.7,19,19.2,,h,3.7,,3.7,,0,0,799.137,3.043,0.288,10,14.8,0.012,11,279,27.77,82.597,2.382,35.639,1.6,277,24.4,100,1
2026-10-06T01:00Z,2026-10-06T07:00Z,a4t:117t,6,4.75,4.8,16.1,16.3,14.4,h,4.8,14.4,4.8,14.4,0,0,954.671,3.057,0.165,10,14.8,0.012,14,279,29.601,72.68,2.434,69.25,1.6,277,24.4,100,1
2026-10-06T01:00Z,2026-10-06T13:00Z,a4t:117t,12,9.55,9.6,11.2,11.3,13.7,h,9.6,13.7,9.6,13.7,0,0,115.641,3.222,0,10,14.8,0.012,20,279,25.494,95.388,1.478,7.279,1.6,277,24.4,100,1
2026-10-06T01:00Z,2026-10-07T01:00Z,a4t:117t,24,6,6.1,6.1,6.2,12,h,6.1,12,6.1,12,0,0,340.299,2.993,0.104,10,14.8,0.012,8,280,25.202,91.014,2.122,18.808,1.6,277,24.4,100,1
2026-10-06T01:00Z,2026-10-08T01:00Z,a4t:117t,48,16.15,16.2,10.4,10.4,12.6,h,16.2,12.6,16.2,12.6,0,0,206.681,2.149,0,10,14.8,0.012,8,281,25.963,91.061,1.389,17.28,1.6,277,24.4,100,1
2026-10-06T01:00Z,2026-10-06T02:00Z,a4t:108t,1,3.7,8.3,4,9.4,10.1,h,8.3,10.1,8.3,10.1,0,0.001,780.41,5.062,0.016,6,10.1,0.721,9,279,25.632,83.238,3.846,55.097,,,,,1
2026-10-06T01:00Z,2026-10-06T04:00Z,a4t:108t,3,6.1,12.6,4.3,9.7,10.2,h,12.6,10.2,12.6,10.2,0,0,1008.251,4.749,0,6,10.1,0.721,11,279,27.848,70.784,3.649,48.282,,,,,1
2026-10-06T01:00Z,2026-10-06T07:00Z,a4t:108t,6,7.35,14.4,4.6,10.3,10.2,h,14.4,10.2,14.4,10.2,0,0,1163.087,5.654,0.007,6,10.1,0.721,14,279,28.633,64.618,4.408,64.531,,,,,1
2026-10-06T01:00Z,2026-10-06T13:00Z,a4t:108t,12,8.25,14.9,5.3,11,10.4,h,14.9,10.4,15,10.4,0,0,182.636,5.335,0,6,10.1,0.721,20,279,25.393,74.904,2.236,50.559,,,,,1
2026-10-06T01:00Z,2026-10-07T01:00Z,a4t:108t,24,9.25,14.6,7.6,13.6,11.2,h,14.6,11.2,14.7,11.2,0,0,439.952,2.903,0,6,10.1,0.721,8,280,24.547,83.548,2.224,57.811,,,,,1
2026-10-06T01:00Z,2026-10-08T01:00Z,a4t:108t,48,8.85,11.7,10.4,14.9,12.5,h,11.7,12.5,11.7,12.5,0,0,329.565,2.858,0,6,10.1,0.721,8,281,24.938,75.663,1.701,67.794,,,,,1
2026-10-06T01:00Z,2026-10-06T02:00Z,a4t:118t,1,7.75,10,7.7,10.1,12.8,h,10,12.8,10,12.8,0,0,443.327,1.66,0,12,12.8,0.243,9,279,26.502,88.432,1.291,75.067,0.3,323,25.2,95,1
2026-10-06T01:00Z,2026-10-06T04:00Z,a4t:118t,3,6.300000000000001,8.1,7.5,9.8,12.7,h,8.1,12.7,8.1,12.7,0,0,708.967,2.798,0.123,12,12.8,0.243,11,279,28.512,79.333,2.171,78.703,0.3,323,25.2,95,1
2026-10-06T01:00Z,2026-10-06T07:00Z,a4t:118t,6,4.2,5.4,7.1,9.3,12.6,h,5.4,12.6,5.4,12.6,0,0,638.908,2.478,0.326,12,12.8,0.243,14,279,28.529,80.379,1.927,98.18,0.3,323,25.2,95,1
2026-10-06T01:00Z,2026-10-06T13:00Z,a4t:118t,12,4.2,5.2,6.8,8.8,11.8,h,5.2,11.8,5.2,11.8,0,0,137.906,0.068,0.163,12,12.8,0.243,20,279,24.796,94.444,0.253,307.798,0.3,323,25.2,95,1
2026-10-06T01:00Z,2026-10-07T01:00Z,a4t:118t,24,3.4000000000000004,4.1,4.1,5.2,10.4,h,4.1,10.4,4.1,10.4,0,0,282.274,1.627,0,12,12.8,0.243,8,280,25.138,92.661,1.192,63.534,0.3,323,25.2,95,1
2026-10-06T01:00Z,2026-10-08T01:00Z,a4t:118t,48,2,2.3,2.5,3,7.9,h,2.3,7.9,2.3,7.9,0,0,205.054,2.424,0.105,12,12.8,0.243,8,281,25.041,93.034,1.695,357.014,0.3,323,25.2,95,1
2026-10-06T01:00Z,2026-10-06T02:00Z,a4t:93t,1,2.8499999999999996,6,5.1,10.5,13.9,h,6,13.9,6,13.9,0,0,335.313,2.5,0.411,12,13.9,0.641,9,279,26.066,86.481,1.962,198.121,,,,,1
2026-10-06T01:00Z,2026-10-06T04:00Z,a4t:93t,3,3.45,6.9,4.9,10,13.8,h,6.9,13.8,6.9,13.8,0,0,582.986,1.889,0.109,12,13.9,0.641,11,279,28.373,76.596,1.604,202.113,,,,,1
2026-10-06T01:00Z,2026-10-06T07:00Z,a4t:93t,6,2.45,4.9,4.5,9.3,13.6,h,4.9,13.6,4.9,13.6,0,0,806.154,2.375,0.4,12,13.9,0.641,14,279,29.003,75.452,1.964,230.408,,,,,1
2026-10-06T01:00Z,2026-10-06T13:00Z,a4t:93t,12,3.45,6.2,3.9,7.9,12.7,h,6.2,12.7,6.2,12.7,0,0,135.177,1.967,0.023,12,13.9,0.641,20,279,26.34,89.539,0.898,244.58,,,,,1
2026-10-06T01:00Z,2026-10-07T01:00Z,a4t:93t,24,5.35,8.2,4.4,7.6,11.9,h,8.2,11.9,8.2,11.9,0,0,243.786,1.406,0,12,13.9,0.641,8,280,26.087,91.595,1.043,353.773,,,,,1
2026-10-06T01:00Z,2026-10-08T01:00Z,a4t:93t,48,2.8,3.8,3.2,4.6,9.3,h,3.8,9.3,3.8,9.3,0,0,251.927,2.424,0.018,12,13.9,0.641,8,281,25.62,91.436,1.926,285.723,,,,,1
2026-10-06T01:00Z,2026-10-06T02:00Z,a4t:87t,1,1.8,10.7,3.2,17.9,14.2,h,10.7,14.2,10.7,14.2,0,0,441.339,1.558,0.128,12,14.2,1.521,9,279,26.805,84.076,1.391,36.676,,,,,1
2026-10-06T01:00Z,2026-10-06T04:00Z,a4t:87t,3,1.65,9.4,2.9,16.6,14.1,h,9.4,14.1,9.4,14.1,0,0,621.149,1.791,0.35,12,14.2,1.521,11,279,27.729,77.748,1.468,45.874,,,,,1
2026-10-06T01:00Z,2026-10-06T07:00Z,a4t:87t,6,2.3,11,2.6,14.9,14,h,11,14,11,14,0,0,325.618,0.411,1.037,12,14.2,1.521,14,279,26.507,84.772,0.147,44.056,,,,,1
2026-10-06T01:00Z,2026-10-06T13:00Z,a4t:87t,12,2.6,10.2,2.2,11.9,13.6,h,10.2,13.6,10.2,13.6,0,0,228.611,1.762,0.049,12,14.2,1.521,20,279,25.683,90.086,1.337,48.568,,,,,1
2026-10-06T01:00Z,2026-10-07T01:00Z,a4t:87t,24,1,3.8,1.8,8,12.2,h,3.8,12.2,3.8,12.2,0,0,338.814,3.589,0,12,14.2,1.521,8,280,25.402,89.925,2.851,23.737,,,,,1
2026-10-06T01:00Z,2026-10-08T01:00Z,a4t:87t,48,2.7,5.3,2.9,6.7,10.5,h,5.3,10.5,5.3,10.5,0,0,429.222,2.711,0,12,14.2,1.521,8,281,26.11,87.677,2.119,36.389,,,,,1
2026-10-06T01:00Z,2026-10-06T02:00Z,a4t:105t,1,2.95,10.8,11.2,38.2,16,h,10.8,16,10.8,16,0,0.009,628.01,2.962,0.004,13,16,1.168,9,279,27.277,82.861,2.23,73.4,1,79,22.8,92,1
2026-10-06T01:00Z,2026-10-06T04:00Z,a4t:105t,3,2.95,10.3,10,34.3,15.9,h,10.3,15.9,10.3,15.9,0,0.008,1109.361,2.651,0.022,13,16,1.168,11,279,29.863,72.337,2.063,82.791,1,79,22.8,92,1
2026-10-06T01:00Z,2026-10-06T07:00Z,a4t:105t,6,4.25,13.1,7.9,27.1,15.6,h,13.1,15.6,13.1,15.6,0,0.004,490.754,2.397,0.569,13,16,1.168,14,279,28.624,79.532,1.642,32.326,1,79,22.8,92,1
2026-10-06T01:00Z,2026-10-06T13:00Z,a4t:105t,12,9.35,23.8,5.4,17.8,15.6,h,23.8,15.6,23.9,15.6,0,0.001,119.268,1.844,0.034,13,16,1.168,20,279,25.935,93.509,0.833,130.58,1,79,22.8,92,1
2026-10-06T01:00Z,2026-10-07T01:00Z,a4t:105t,24,8.1,17,7.9,19.6,17.2,h,17,17.2,17.1,17.2,0,0,298.217,0.911,0,13,16,1.168,8,280,25.708,88.212,0.754,10.073,1,79,22.8,92,1
2026-10-06T01:00Z,2026-10-08T01:00Z,a4t:105t,48,14.2,22,11,19.2,17.6,h,22,17.6,22,17.6,0,0,167.742,0.472,0,13,16,1.168,8,281,26.409,82.1,0.234,270.323,1,79,22.8,92,1
2026-10-06T01:00Z,2026-10-06T02:00Z,a4t:81t,1,9.899999999999999,6,20,12.1,15.4,h,6,15.4,6,15.4,0,0.004,506.158,2.95,0.175,9,15.4,-0.47,9,279,26.821,85.855,2.336,21.14,,,,,1
2026-10-06T01:00Z,2026-10-06T04:00Z,a4t:81t,3,8.75,5.4,19,11.6,15.3,h,5.4,15.3,5.4,15.3,0,0.004,733.87,2.84,0.189,9,15.4,-0.47,11,279,28.538,78.679,2.335,51.11,,,,,1
2026-10-06T01:00Z,2026-10-06T07:00Z,a4t:81t,6,10.399999999999999,6.7,17.7,10.8,15,h,6.7,15,6.7,15,0,0.003,492.722,4.347,0.592,9,15.4,-0.47,14,279,27.961,80.009,3.328,16.789,,,,,1
2026-10-06T01:00Z,2026-10-06T13:00Z,a4t:81t,12,21.25,14.7,16.1,10.1,14.5,h,14.7,14.5,14.8,14.5,0,0.001,109.525,1.357,1.102,9,15.4,-0.47,20,279,25.43,93.749,0.702,35.801,,,,,1
2026-10-06T01:00Z,2026-10-07T01:00Z,a4t:81t,24,7.85,5.7,13.7,9.4,13.5,h,5.7,13.5,5.7,13.5,0,0,387.083,3.663,0,9,15.4,-0.47,8,280,25.336,89.82,2.808,2.761,,,,,1
2026-10-06T01:00Z,2026-10-08T01:00Z,a4t:81t,48,13.7,11.5,13.9,11.1,13.2,h,11.5,13.2,11.5,13.2,0,0,335.025,3.116,0,9,15.4,-0.47,8,281,26.518,84.588,2.13,0.228,,,,,1
2026-10-06T01:00Z,2026-10-06T02:00Z,a4t:88t,1,8.2,9.4,4.5,5.2,7,h,9.4,7,9.4,7,0,0,655.422,4.046,0,9,7,0.126,9,279,23.876,70.581,2.861,16.238,,,,,1
2026-10-06T01:00Z,2026-10-06T04:00Z,a4t:88t,3,8.7,9.9,5.1,5.9,7,h,9.9,7,9.9,7,0,0,701.514,3.706,0,9,7,0.126,11,279,25.258,65.73,2.59,22.99,,,,,1
2026-10-06T01:00Z,2026-10-06T07:00Z,a4t:88t,6,8.05,9.1,5.8,6.7,7.1,h,9.1,7.1,9.1,7.1,0,0,816.324,3.213,0,9,7,0.126,14,279,26.464,64.427,2.334,43.435,,,,,1
2026-10-06T01:00Z,2026-10-06T13:00Z,a4t:88t,12,12.05,13.3,7.6,8.6,7.4,h,13.3,7.4,13.4,7.4,0,0,315.479,5.067,0,9,7,0.126,20,279,21.881,71.384,2.454,41.237,,,,,1
2026-10-06T01:00Z,2026-10-07T01:00Z,a4t:88t,24,15.65,16.9,12.5,13.7,9.2,h,16.9,9.2,17,9.2,0,0,389.215,2.663,0,9,7,0.126,8,280,22.993,66.644,1.772,356.412,,,,,1
2026-10-06T01:00Z,2026-10-08T01:00Z,a4t:88t,48,24.200000000000003,25.3,18.6,19.7,13.3,h,25.3,13.3,25.3,13.3,0,0,321.168,2.675,0,9,7,0.126,8,281,23.407,74.655,1.774,0.163,,,,,1
2026-10-06T01:00Z,2026-10-06T02:00Z,a4t:47t,1,3.5,14.6,9.3,37.5,16.1,h,14.6,16.1,14.6,16.1,0,0,739.713,6.076,0.067,17,16.1,1.324,9,279,25.749,84.329,4.474,65.131,,,,,1
2026-10-06T01:00Z,2026-10-06T04:00Z,a4t:47t,3,4.2,16.1,7.7,31.4,16.1,h,16.1,16.1,16.1,16.1,0,0,1031.776,6.399,0.092,17,16.1,1.324,11,279,28.015,73.066,4.831,70.797,,,,,1
2026-10-06T01:00Z,2026-10-06T07:00Z,a4t:47t,6,5.949999999999999,20.3,6.2,25.4,16.1,h,20.3,16.1,20.3,16.1,0,0,1268.029,6.061,0,17,16.1,1.324,14,279,29.069,68.327,4.701,66.592,,,,,1
2026-10-06T01:00Z,2026-10-06T13:00Z,a4t:47t,12,8.55,24.7,5.4,20.2,16.7,h,24.7,16.7,24.8,16.7,0,0,185.875,4.207,0,17,16.1,1.324,20,279,25.405,88.801,1.683,87.008,,,,,1
2026-10-06T01:00Z,2026-10-07T01:00Z,a4t:47t,24,6.550000000000001,15.3,6.4,18.8,17,h,15.3,17,15.4,17,0,0,424.911,3.321,0,17,16.1,1.324,8,280,23.589,77.77,2.462,70.513,,,,,1
2026-10-06T01:00Z,2026-10-08T01:00Z,a4t:47t,48,15.649999999999999,25.6,14.6,27.2,21.7,h,25.6,21.7,25.6,21.7,0,0,369.319,2.853,0,17,16.1,1.324,8,281,25.013,79.689,1.948,72.273,,,,,1
2026-10-06T01:00Z,2026-10-06T02:00Z,a4t:13t,1,16.1,5.7,31.1,10.8,13.8,h,5.7,13.8,5.7,13.8,0,0.003,560.503,2.52,0.103,10,13.8,-1,9,279,27.133,84.646,1.986,44.22,,,,,1
2026-10-06T01:00Z,2026-10-06T04:00Z,a4t:13t,3,13.649999999999999,4.9,29.9,10.4,13.7,h,4.9,13.7,4.9,13.7,0,0.003,905.554,2.505,0.102,10,13.8,-1,11,279,29.272,75.924,2.019,65.863,,,,,1
2026-10-06T01:00Z,2026-10-06T07:00Z,a4t:13t,6,14.100000000000001,5.5,27.7,9.7,13.5,h,5.5,13.5,5.5,13.5,0,0.003,428.383,3.312,0.401,10,13.8,-1,14,279,28.303,80.14,2.477,9.861,,,,,1
2026-10-06T01:00Z,2026-10-06T13:00Z,a4t:13t,12,33.9,15.5,24.7,9.2,12.9,h,15.5,12.9,15.6,12.9,0,0.002,91.143,0.813,0.529,10,13.8,-1,20,279,25.542,94.336,0.277,112.104,,,,,1
2026-10-06T01:00Z,2026-10-07T01:00Z,a4t:13t,24,17.85,9.5,23,10.6,12.8,h,9.5,12.8,9.6,12.8,0,0,361.699,2.476,0,10,13.8,-1,8,280,25.658,89.642,1.905,0.046,,,,,1
2026-10-06T01:00Z,2026-10-08T01:00Z,a4t:13t,48,24.85,17.2,23,14.5,14.1,h,17.2,14.1,17.2,14.1,0,0,252.945,1.64,0,10,13.8,-1,8,281,26.66,82.524,1.152,344.923,,,,,1
2026-10-06T01:00Z,2026-10-06T02:00Z,a4t:22t,1,16.1,8.4,31.1,15.9,16,h,8.4,16,8.4,16,0,0.004,567.545,2.563,0.098,14,16,-0.642,9,279,27.151,84.541,2.018,45.72,,,,,1
2026-10-06T01:00Z,2026-10-06T04:00Z,a4t:22t,3,13.649999999999999,7.2,29.9,15.3,15.9,h,7.2,15.9,7.2,15.9,0,0.003,917.42,2.419,0.098,14,16,-0.642,11,279,29.31,75.677,1.951,68.71,,,,,1
2026-10-06T01:00Z,2026-10-06T07:00Z,a4t:22t,6,14.100000000000001,7.8,27.7,14.3,15.7,h,7.8,15.7,7.8,15.7,0,0.003,417.126,3.441,0.411,14,16,-0.642,14,279,28.278,80.289,2.585,7.738,,,,,1
2026-10-06T01:00Z,2026-10-06T13:00Z,a4t:22t,12,33.9,20.6,24.7,13.2,15.2,h,20.6,15.2,20.7,15.2,0,0.002,90.308,0.86,0.466,14,16,-0.642,20,279,25.547,94.242,0.327,119.986,,,,,1
2026-10-06T01:00Z,2026-10-07T01:00Z,a4t:22t,24,17.85,12,23,14,15.4,h,12,15.4,12.1,15.4,0,0,353.493,2.383,0,14,16,-0.642,8,280,25.702,89.602,1.851,359.054,,,,,1
2026-10-06T01:00Z,2026-10-08T01:00Z,a4t:22t,48,24.85,19.6,23,17.1,16.5,h,19.6,16.5,19.6,16.5,0,0,248.498,1.551,0,14,16,-0.642,8,281,26.642,82.459,1.096,341.898,,,,,1
2026-10-06T01:00Z,2026-10-06T02:00Z,a4t:62t,1,11.2,15.9,13.5,19.4,18.1,h,15.9,18.1,15.9,18.1,0,0,412.841,2.118,0,14,18.1,0.345,9,279,27.359,85.038,1.836,198.392,,,,,1
2026-10-06T01:00Z,2026-10-06T04:00Z,a4t:62t,3,13.3,18.5,13.1,18.8,18.1,h,18.5,18.1,18.5,18.1,0,0,625.988,1.456,0.028,14,18.1,0.345,11,279,29.359,73.712,1.205,207.982,,,,,1
2026-10-06T01:00Z,2026-10-06T07:00Z,a4t:62t,6,12.65,17.3,12.5,17.9,18,h,17.3,18,17.3,18,0,0,641.218,1.935,0.956,14,18.1,0.345,14,279,29.574,75.321,1.885,41.861,,,,,1
2026-10-06T01:00Z,2026-10-06T13:00Z,a4t:62t,12,10.45,13.8,11.1,15.6,17.5,h,13.8,17.5,13.9,17.5,0,0,261.417,2.013,0.627,14,18.1,0.345,20,279,26.029,91.422,1.437,291.327,,,,,1
2026-10-06T01:00Z,2026-10-07T01:00Z,a4t:62t,24,10.05,12.5,10.3,13.7,16.7,h,12.5,16.7,12.6,16.7,0,0,303.771,1.021,0.562,14,18.1,0.345,8,280,26.408,85.546,0.865,264.253,,,,,1
2026-10-06T01:00Z,2026-10-08T01:00Z,a4t:62t,48,11.55,13.2,10.5,12.4,15.3,h,13.2,15.3,13.2,15.3,0,0,278.127,2.415,0.246,14,18.1,0.345,8,281,26.077,90.83,2.2,255.934,,,,,1
2026-10-06T01:00Z,2026-10-06T02:00Z,a4t:67t,1,2.45,9.5,3.5,13.8,14.2,h,9.5,14.2,9.5,14.2,0,0,334.935,2.301,0.023,8,14.2,1.185,9,279,24.154,87.511,1.81,6.044,,,,,1
2026-10-06T01:00Z,2026-10-06T04:00Z,a4t:67t,3,2.25,8.5,3.6,13.8,14.2,h,8.5,14.2,8.5,14.2,0,0,792.666,0.482,0.019,8,14.2,1.185,11,279,26.817,75.969,0.363,356.163,,,,,1
2026-10-06T01:00Z,2026-10-06T07:00Z,a4t:67t,6,2.65,9,3.5,13.3,14,h,9,14,9,14,0,0,573.872,2.532,0.186,8,14.2,1.185,14,279,26.632,81.433,1.92,76.565,,,,,1
2026-10-06T01:00Z,2026-10-06T13:00Z,a4t:67t,12,4.25,11.7,3.2,11.4,13.4,h,11.7,13.4,11.7,13.4,0,0,38.281,1.839,0,8,14.2,1.185,20,279,24.198,94.188,0.759,350.031,,,,,1
2026-10-06T01:00Z,2026-10-07T01:00Z,a4t:67t,24,7.1,15.1,4.2,11.3,13.3,h,15.1,13.3,15.2,13.3,0,0,231.649,1.341,0,8,14.2,1.185,8,280,24.135,88.911,1.076,2.729,,,,,1
2026-10-06T01:00Z,2026-10-08T01:00Z,a4t:67t,48,11.55,18.1,9.8,17.2,15.7,h,18.1,15.7,18.1,15.7,0,0,213.591,1.039,0,8,14.2,1.185,8,281,23.891,88.849,0.719,358.051,,,,,1
2026-10-06T01:00Z,2026-10-06T02:00Z,a4t:106t,1,5.3,3.3,3.8,2.2,5.1,h,3.3,5.1,3.3,5.1,0,0,526.062,2.107,0,2,5.1,-0.408,9,279,23.63,69.539,1.53,30.253,2.2,102,25.5,76,1
2026-10-06T01:00Z,2026-10-06T04:00Z,a4t:106t,3,5.5,3.5,4.1,2.4,5.1,h,3.5,5.1,3.5,5.1,0,0,858.364,1.427,0.024,2,5.1,-0.408,11,279,25.959,61.773,1.048,25.228,2.2,102,25.5,76,1
2026-10-06T01:00Z,2026-10-06T07:00Z,a4t:106t,6,5.9,3.9,4.6,2.8,5,h,3.9,5,3.9,5,0,0,1069.162,0.405,0.133,2,5.1,-0.408,14,279,27.141,61.02,0.183,62.764,2.2,102,25.5,76,1
2026-10-06T01:00Z,2026-10-06T13:00Z,a4t:106t,12,7.95,5.6,5.5,3.5,5,h,5.6,5,5.6,5,0,0,109.205,2.833,0,2,5.1,-0.408,20,279,21.831,80.736,1.143,60.071,2.2,102,25.5,76,1
2026-10-06T01:00Z,2026-10-07T01:00Z,a4t:106t,24,10.5,8.1,8,5.7,5.3,h,8.1,5.3,8.1,5.3,0,0,288.497,1.473,0,2,5.1,-0.408,8,280,21.806,67.075,1.004,60.302,2.2,102,25.5,76,1
2026-10-06T01:00Z,2026-10-08T01:00Z,a4t:106t,48,11.7,10,10,8.2,6.6,h,10,6.6,10,6.6,0,0,260.453,0.913,0,2,5.1,-0.408,8,281,22.088,71.206,0.609,33.247,2.2,102,25.5,76,1
2026-10-06T01:00Z,2026-10-06T02:00Z,a4t:101t,1,3,8.9,6,17.4,12,h,8.9,12,8.9,12,0,0,821.761,6.553,0.015,7,12,0.968,9,279,26.002,80.178,4.921,55.27,2,53,25.3,90,1
2026-10-06T01:00Z,2026-10-06T04:00Z,a4t:101t,3,4.3,11.7,5.5,16,12,h,11.7,12,11.7,12,0,0,975.297,7.625,0.1,7,12,0.968,11,279,27.868,72.133,5.551,58.934,2,53,25.3,90,1
2026-10-06T01:00Z,2026-10-06T07:00Z,a4t:101t,6,4.7,11.9,4.8,13.9,11.9,h,11.9,11.9,11.9,11.9,0,0,1261.921,6.21,0.011,7,12,0.968,14,279,29.478,68.766,4.874,58.479,2,53,25.3,90,1
2026-10-06T01:00Z,2026-10-06T13:00Z,a4t:101t,12,6.199999999999999,13.8,4.3,11.8,12,h,13.8,12,13.9,12,0,0,591.416,6.488,0,7,12,0.968,20,279,25.576,79.232,3.392,65.591,2,53,25.3,90,1
2026-10-06T01:00Z,2026-10-07T01:00Z,a4t:101t,24,12.05,21.9,5.6,12.5,12.1,h,21.9,12.1,22,12.2,0,0,523.939,5.068,0,7,12,0.968,8,280,23.865,76.98,3.558,52.599,2,53,25.3,90,1
2026-10-06T01:00Z,2026-10-08T01:00Z,a4t:101t,48,12.3,17.7,13.5,21.6,16.8,h,17.7,16.8,17.7,16.8,0,0,522.572,4.573,0,7,12,0.968,8,281,24.759,78.802,3.215,40.305,2,53,25.3,90,1
2026-10-06T01:00Z,2026-10-06T02:00Z,a4t:20t,1,12.95,14.5,19.1,21.5,21.1,h,14.5,21.1,14.5,21.1,0,0.004,585.887,2.715,0.08,16,21.1,0.112,9,279,27.18,84.205,2.121,52.534,,,,,1
2026-10-06T01:00Z,2026-10-06T04:00Z,a4t:20t,3,9.6,10.7,18.2,20.4,21,h,10.7,21,10.7,21,0,0.004,959.765,2.345,0.077,16,21.1,0.112,11,279,29.438,74.973,1.882,74.959,,,,,1
2026-10-06T01:00Z,2026-10-06T07:00Z,a4t:20t,6,6.550000000000001,7.3,16.4,18.4,20.8,h,7.3,20.8,7.3,20.8,0,0.004,415.194,3.472,0.386,16,21.1,0.112,14,279,28.332,80.23,2.621,5.927,,,,,1
2026-10-06T01:00Z,2026-10-06T13:00Z,a4t:20t,12,14.65,16,13.3,14.9,19.9,h,16,19.9,16.1,19.9,0,0.002,93.932,1.058,0.304,16,21.1,0.112,20,279,25.594,94.021,0.475,133.031,,,,,1
2026-10-06T01:00Z,2026-10-07T01:00Z,a4t:20t,24,19.75,21.1,13.5,14.7,19.1,h,21.1,19.1,21.2,19.1,0,0,334,2.083,0.001,16,21.1,0.112,8,280,25.795,89.394,1.638,357.001,,,,,1
2026-10-06T01:00Z,2026-10-08T01:00Z,a4t:20t,48,27.15,28.3,18,18.9,20,h,28.3,20,28.3,20,0,0,227.499,1.271,0,16,21.1,0.112,8,281,26.591,82.386,0.897,330.897,,,,,1
2026-10-06T01:00Z,2026-10-06T02:00Z,a4t:103t,1,4.95,6.8,4.8,6.7,12,h,6.8,12,6.8,12,0,0.001,416.775,3.867,0.498,7,12,0.293,9,279,26.799,84.424,3.383,31.033,3.8,305,26.2,80,1
2026-10-06T01:00Z,2026-10-06T04:00Z,a4t:103t,3,4.85,6.6,4.6,6.5,11.8,h,6.6,11.8,6.6,11.8,0,0,641.246,4.98,0.15,7,12,0.293,11,279,28.068,82.188,4.373,36.683,3.8,305,26.2,80,1
2026-10-06T01:00Z,2026-10-06T07:00Z,a4t:103t,6,4.5,6,4.4,6.2,11.5,h,6,11.5,6,11.5,0,0,581.991,4.161,0.335,7,12,0.293,14,279,28.303,79.632,3.641,58.969,3.8,305,26.2,80,1
2026-10-06T01:00Z,2026-10-06T13:00Z,a4t:103t,12,6.85,8.8,4.9,6.7,10.9,h,8.8,10.9,8.8,10.9,0,0,204.772,2.341,2.007,7,12,0.293,20,279,25.814,90.678,1.625,358.651,3.8,305,26.2,80,1
2026-10-06T01:00Z,2026-10-07T01:00Z,a4t:103t,24,3.4,4.2,4.7,6.1,10.1,h,4.2,10.1,4.2,10.1,0,0,368.688,5.43,0.483,7,12,0.293,8,280,24.97,91.743,4.503,347.867,3.8,305,26.2,80,1
2026-10-06T01:00Z,2026-10-08T01:00Z,a4t:103t,48,7.9,8.9,10.1,11.6,11.8,h,8.9,11.8,8.9,11.8,0,0,349.933,4.318,0.04,7,12,0.293,8,281,26.448,87.702,3.423,340.636,3.8,305,26.2,80,1
2026-10-06T01:00Z,2026-10-06T02:00Z,a4t:77t,1,4.2,8.7,10.6,21.6,19.7,h,8.7,19.7,8.7,19.7,0,0.004,532.803,1.13,0.012,16,19.7,0.667,9,279,27.25,84.282,0.765,78.805,,,,,1
2026-10-06T01:00Z,2026-10-06T04:00Z,a4t:77t,3,3,6.3,9.6,19.5,19.6,h,6.3,19.6,6.3,19.6,0,0.003,1094.66,1.487,0.077,16,19.7,0.667,11,279,30.018,72.179,1.082,75.634,,,,,1
2026-10-06T01:00Z,2026-10-06T07:00Z,a4t:77t,6,4.25,8.2,8,16.3,19.3,h,8.2,19.3,8.2,19.3,0,0.001,284.191,1.618,1.534,16,19.7,0.667,14,279,28.067,84.131,0.809,47.243,,,,,1
2026-10-06T01:00Z,2026-10-06T13:00Z,a4t:77t,12,7.15,12.4,6.1,12.3,17.9,h,12.4,17.9,12.5,17.9,0,0,50.097,1.255,0.108,16,19.7,0.667,20,279,25.975,95.493,0.475,144.393,,,,,1
2026-10-06T01:00Z,2026-10-07T01:00Z,a4t:77t,24,9.1,13.9,7.4,12.6,17.4,h,13.9,17.4,14,17.4,0,0,236.294,0.31,0,16,19.7,0.667,8,280,25.463,90.788,0.298,304.19,,,,,1
2026-10-06T01:00Z,2026-10-08T01:00Z,a4t:77t,48,15.600000000000001,20,11.5,15.8,17.7,h,20,17.7,20,17.7,0,0,189.417,0.553,0,16,19.7,0.667,8,281,26.576,81.739,0.406,220.756,,,,,1
2026-10-06T01:00Z,2026-10-06T02:00Z,a4t:121t,1,10.05,6.8,10,6.6,17.8,h,6.8,17.8,6.8,17.8,0,0,413.136,3.645,0,14,17.8,-0.368,9,279,27.112,84.444,3.346,206.864,2.2,155,24,100,1
2026-10-06T01:00Z,2026-10-06T04:00Z,a4t:121t,3,8.25,5.6,10.2,6.8,17.7,h,5.6,17.7,5.6,17.7,0,0,596.452,1.677,0.083,14,17.8,-0.368,11,279,28.759,73.98,1.436,235.155,2.2,155,24,100,1
2026-10-06T01:00Z,2026-10-06T07:00Z,a4t:121t,6,6.2,4.3,9.8,6.6,17.3,h,4.3,17.3,4.3,17.3,0,0,326.096,2.964,0.895,14,17.8,-0.368,14,279,27.856,83.288,3.066,348.673,2.2,155,24,100,1
2026-10-06T01:00Z,2026-10-06T13:00Z,a4t:121t,12,6.3,4.5,9.2,6.2,15.8,h,4.5,15.8,4.5,15.8,0,0,429.802,1.959,0.331,14,17.8,-0.368,20,279,27.156,85.166,1.883,217.353,2.2,155,24,100,1
2026-10-06T01:00Z,2026-10-07T01:00Z,a4t:121t,24,7.7,6,6.7,4.8,13.6,h,6,13.6,6,13.6,0,0,311.934,1.741,0.358,14,17.8,-0.368,8,280,27.045,82.865,1.756,227.896,2.2,155,24,100,1
2026-10-06T01:00Z,2026-10-08T01:00Z,a4t:121t,48,9.25,8,8.8,7.2,12.5,h,8,12.5,8,12.5,0,0,309.626,3.279,0.156,14,17.8,-0.368,8,281,26.547,89.032,3.201,247.042,2.2,155,24,100,1
2026-10-06T01:00Z,2026-10-06T02:00Z,a4t:21t,1,8.95,6.5,25.9,18.9,16.1,h,6.5,16.1,6.5,16.1,0,0.006,589.162,3.459,0.102,28,16.1,-0.303,9,279,26.759,84.625,2.639,60.012,,,,,1
2026-10-06T01:00Z,2026-10-06T04:00Z,a4t:21t,3,7.25,5.3,23.9,17.4,16.1,h,5.3,16.1,5.3,16.1,0,0.004,942.222,2.996,0.072,28,16.1,-0.303,11,279,29.118,75.234,2.405,67.446,,,,,1
2026-10-06T01:00Z,2026-10-06T07:00Z,a4t:21t,6,7.7,5.7,21,15.3,15.9,h,5.7,15.9,5.7,15.9,0,0.003,633.808,3.278,0.306,28,16.1,-0.303,14,279,28.712,77.104,2.484,28.711,,,,,1
2026-10-06T01:00Z,2026-10-06T13:00Z,a4t:21t,12,15.35,12,16,11.8,14.6,h,12,14.6,12.1,14.6,0,0.002,141.995,1.366,0.225,28,16.1,-0.303,20,279,25.851,92.492,0.467,82.749,,,,,1
2026-10-06T01:00Z,2026-10-07T01:00Z,a4t:21t,24,13.649999999999999,11.3,13.5,10.7,14.4,h,11.3,14.4,11.4,14.4,0,0,357.499,2.387,0.015,28,16.1,-0.303,8,280,25.712,87.727,1.784,17.644,,,,,1
2026-10-06T01:00Z,2026-10-08T01:00Z,a4t:21t,48,13.8,12.3,13.3,11.5,13.8,h,12.3,13.8,12.3,13.8,0,0,220.404,1.445,0,28,16.1,-0.303,8,281,26.337,84.218,0.99,0.17,,,,,1
2026-10-06T01:00Z,2026-10-06T02:00Z,a4t:70t,1,2.35,6.4,5.1,13.3,,h,6.4,,6.4,,0,0,271.47,2.049,0.864,8,9.5,0.845,9,279,22.088,95.254,1.51,3.002,,,,,1
2026-10-06T01:00Z,2026-10-06T04:00Z,a4t:70t,3,2.6,6.7,4.6,12,,h,6.7,,6.7,,0,0,383.162,1.249,0.32,8,9.5,0.845,11,279,23.454,91.195,0.978,346.001,,,,,1
2026-10-06T01:00Z,2026-10-06T07:00Z,a4t:70t,6,3.1500000000000004,7.5,4.1,10.6,9.4,h,7.5,9.4,7.5,9.4,0,0,636.814,0.787,3.783,8,9.5,0.845,14,279,25.688,80.005,0.679,6.638,,,,,1
2026-10-06T01:00Z,2026-10-06T13:00Z,a4t:70t,12,4.45,9.2,3.3,8.4,9.2,h,9.2,9.2,9.2,9.2,0,0,51.66,1.517,0,8,9.5,0.845,20,279,22.525,97.513,0.591,345.007,,,,,1
2026-10-06T01:00Z,2026-10-07T01:00Z,a4t:70t,24,8,13.7,4.9,9.8,9.6,h,13.7,9.6,13.8,9.6,0,0,234.042,1.386,0,8,9.5,0.845,8,280,23.07,93.339,0.916,7.673,,,,,1
2026-10-06T01:00Z,2026-10-08T01:00Z,a4t:70t,48,20.35,27.8,13.8,20.3,14.9,h,27.8,14.9,27.8,14.9,0,0,186.033,0.351,0,8,9.5,0.845,8,281,23.538,88.517,0.224,12.558,,,,,1
2026-10-06T01:00Z,2026-10-06T02:00Z,a4t:120t,1,2.6,5,5.5,10.2,13.7,h,5,13.7,5,13.7,0,0,351.647,2.368,0.062,12,13.7,0.544,9,279,26.328,84.206,1.839,211.515,1.6,216,24.7,99,1
2026-10-06T01:00Z,2026-10-06T04:00Z,a4t:120t,3,2.8,5.2,5.3,9.7,13.6,h,5.2,13.6,5.2,13.6,0,0,585,1.434,0.075,12,13.7,0.544,11,279,28.613,74.757,1.108,220.576,1.6,216,24.7,99,1
2026-10-06T01:00Z,2026-10-06T07:00Z,a4t:120t,6,2.9,5.2,4.9,9.1,13.4,h,5.2,13.4,5.2,13.4,0,0,975.063,1.633,0.156,12,13.7,0.544,14,279,30.006,71.6,1.342,229.549,1.6,216,24.7,99,1
2026-10-06T01:00Z,2026-10-06T13:00Z,a4t:120t,12,3.5999999999999996,5.9,4.4,8,12.4,h,5.9,12.4,5.9,12.4,0,0,55.851,1.841,0.007,12,13.7,0.544,20,279,25.38,96.112,0.504,253.801,1.6,216,24.7,99,1
2026-10-06T01:00Z,2026-10-07T01:00Z,a4t:120t,24,5,7.2,4.2,6.7,11.5,h,7.2,11.5,7.2,11.5,0,0,205.631,1.323,0,12,13.7,0.544,8,280,25.868,92.895,0.816,336.976,1.6,216,24.7,99,1
2026-10-06T01:00Z,2026-10-08T01:00Z,a4t:120t,48,2.95,3.8,3.6,5,9.3,h,3.8,9.3,3.8,9.3,0,0,231.673,2.68,0,12,13.7,0.544,8,281,25.369,92.456,2.034,272.358,1.6,216,24.7,99,1
2026-10-06T01:00Z,2026-10-06T02:00Z,a4t:95t,1,7.699999999999999,7.7,22.1,22,10.2,h,7.7,10.2,7.7,10.2,0,0.001,351.482,2.193,1.156,11,10.2,-0.004,9,279,24.816,91.537,1.768,343.957,0.7,328,,,1
2026-10-06T01:00Z,2026-10-06T04:00Z,a4t:95t,3,6.8,6.8,19.6,19.5,10.2,h,6.8,10.2,6.8,10.2,0,0,742.646,2.038,0.177,11,10.2,-0.004,11,279,27.761,77.883,1.634,318.074,0.7,328,,,1
2026-10-06T01:00Z,2026-10-06T07:00Z,a4t:95t,6,5.4,5.4,16,15.9,10.1,h,5.4,10.1,5.4,10.1,0,0,754.756,1.55,0.136,11,10.2,-0.004,14,279,29.255,73.589,1.322,2.698,0.7,328,,,1
2026-10-06T01:00Z,2026-10-06T13:00Z,a4t:95t,12,8.35,8.3,10.5,10.4,9.8,h,8.3,9.8,8.3,9.8,0,0,67.842,2.163,0.007,11,10.2,-0.004,20,279,25.829,93.134,0.855,0.369,0.7,328,,,1
2026-10-06T01:00Z,2026-10-07T01:00Z,a4t:95t,24,6.1,6.1,7.4,7.4,9.3,h,6.1,9.3,6.1,9.3,0,0,289.584,2.221,0,11,10.2,-0.004,8,280,25.51,90.837,1.763,339.903,0.7,328,,,1
2026-10-06T01:00Z,2026-10-08T01:00Z,a4t:95t,48,13.75,13.7,10,10,10.1,h,13.7,10.1,13.7,10.1,0,0,225.498,1.355,0,11,10.2,-0.004,8,281,26.408,89.429,0.92,3.093,0.7,328,,,1
2026-10-06T01:00Z,2026-10-06T02:00Z,a4t:86t,1,7.85,3.4,21.3,9.7,8.7,h,3.4,8.7,3.4,8.7,0,0.001,428.575,1.498,0.502,5,8.7,-0.737,9,279,25.588,86.696,1.197,319.09,,,,,1
2026-10-06T01:00Z,2026-10-06T04:00Z,a4t:86t,3,5.85,2.5,18.9,8.5,8.6,h,2.5,8.6,2.5,8.6,0,0.001,815.567,1.858,0.135,5,8.7,-0.737,11,279,28.079,78.641,1.575,310.16,,,,,1
2026-10-06T01:00Z,2026-10-06T07:00Z,a4t:86t,6,4.55,2,15.1,6.8,8.4,h,2,8.4,2,8.4,0,0,822.44,1.809,0.272,5,8.7,-0.737,14,279,29.18,74.141,1.449,208.51,,,,,1
2026-10-06T01:00Z,2026-10-06T13:00Z,a4t:86t,12,9.05,4.8,9.9,4.4,7.7,h,4.8,7.7,4.8,7.7,0,0,117.723,2.919,0,5,8.7,-0.737,20,279,25.16,96.325,1.295,358.254,,,,,1
2026-10-06T01:00Z,2026-10-07T01:00Z,a4t:86t,24,8.85,5.4,7.9,4.2,7.3,h,5.4,7.3,5.4,7.3,0,0,276.017,2.443,0,5,8.7,-0.737,8,280,25.631,91.334,1.899,6.356,,,,,1
2026-10-06T01:00Z,2026-10-08T01:00Z,a4t:86t,48,12.8,9.6,11.2,7.9,8.3,h,9.6,8.3,9.6,8.3,0,0,203.373,1.255,0,5,8.7,-0.737,8,281,26.177,90.902,0.963,19.073,,,,,1
2026-10-06T01:00Z,2026-10-06T02:00Z,a4t:43t,1,3,10.8,4.3,15.8,16.2,h,10.8,16.2,10.8,16.2,0,0,284.981,1.978,0.252,13,16.2,1.151,9,279,26.422,84.52,1.707,172.267,,,26.7,93,1
2026-10-06T01:00Z,2026-10-06T04:00Z,a4t:43t,3,3.65,12.1,4.2,15.1,16.1,h,12.1,16.1,12.1,16.1,0,0,476.348,2.211,0.065,13,16.2,1.151,11,279,27.804,79.2,1.97,167.794,,,26.7,93,1
2026-10-06T01:00Z,2026-10-06T07:00Z,a4t:43t,6,4.8,14.4,4,14.2,16,h,14.4,16,14.4,16,0,0,555.678,2.129,0.474,13,16.2,1.151,14,279,27.838,79.269,1.836,219.28,,,26.7,93,1
2026-10-06T01:00Z,2026-10-06T13:00Z,a4t:43t,12,2.95,8.3,3.8,12.7,15.4,h,8.3,15.4,8.3,15.4,0,0,380.758,2.976,0.042,13,16.2,1.151,20,279,27.958,79.78,2.377,233.021,,,26.7,93,1
2026-10-06T01:00Z,2026-10-07T01:00Z,a4t:43t,24,2.95,6.7,3.4,9.5,14.1,h,6.7,14.1,6.7,14.1,0,0,403.04,1.753,0,13,16.2,1.151,8,280,26.87,85.332,1.567,13.264,,,26.7,93,1
2026-10-06T01:00Z,2026-10-08T01:00Z,a4t:43t,48,2.05,3.6,2.9,5.7,11,h,3.6,11,3.6,11,0,0,315.75,2.824,0.058,13,16.2,1.151,8,281,26.118,87.812,2.622,315.114,,,26.7,93,1
2026-10-06T01:00Z,2026-10-06T02:00Z,a4t:114t,1,5.7,16.5,4.1,13.1,8.4,h,16.5,8.4,16.5,8.4,0,0,718.18,4.813,0,14,8.4,1.021,9,279,26.263,72.723,3.701,45.437,0.7,120,24,90,1
2026-10-06T01:00Z,2026-10-06T04:00Z,a4t:114t,3,8.3,22.3,4.4,13.7,8.5,h,22.3,8.5,22.3,8.5,0,0,939.642,4.465,0,14,8.4,1.021,11,279,28.37,64.329,3.471,50.895,0.7,120,24,90,1
2026-10-06T01:00Z,2026-10-06T07:00Z,a4t:114t,6,9.15,23.1,4.9,14.8,8.9,h,23.1,8.9,23.1,8.9,0,0,1095.132,3.939,0.049,14,8.4,1.021,14,279,29.423,61.945,3.095,53.894,0.7,120,24,90,1
2026-10-06T01:00Z,2026-10-06T13:00Z,a4t:114t,12,10.85,24.4,6.1,16.7,10.2,h,24.4,10.2,24.5,10.3,0,0,152.578,4.879,0,14,8.4,1.021,20,279,25.361,78.446,2.131,71.803,0.7,120,24,90,1
2026-10-06T01:00Z,2026-10-07T01:00Z,a4t:114t,24,11.8,22.2,8.8,20,12.1,h,22.2,12.1,22.3,12.1,0,0,415.82,3.436,0,14,8.4,1.021,8,280,24.07,72.432,2.318,58.575,0.7,120,24,90,1
2026-10-06T01:00Z,2026-10-08T01:00Z,a4t:114t,48,17.6,25.7,16.8,27.4,17.9,h,25.7,17.9,25.7,17.9,0,0,308.682,2.761,0,14,8.4,1.021,8,281,24.688,75.46,1.993,50.869,0.7,120,24,90,1
2026-10-06T01:00Z,2026-10-06T02:00Z,a4t:102t,1,6.6,16.7,3.9,10.9,10.8,h,16.7,10.8,16.7,10.8,0,0,713.192,4.466,0,14,10.8,0.902,9,279,25.528,74.836,3.378,51.279,1.7,57,25.1,70,1
2026-10-06T01:00Z,2026-10-06T04:00Z,a4t:102t,3,7.8,18.8,4.3,11.7,10.9,h,18.8,10.9,18.8,10.9,0,0,852.684,4.684,0,14,10.8,0.902,11,279,26.953,69.931,3.515,54.458,1.7,57,25.1,70,1
2026-10-06T01:00Z,2026-10-06T07:00Z,a4t:102t,6,7.5,17.2,4.8,12.7,11,h,17.2,11,17.2,11,0,0,957.12,4.795,0.026,14,10.8,0.902,14,279,27.821,67.975,3.655,56.278,1.7,57,25.1,70,1
2026-10-06T01:00Z,2026-10-06T13:00Z,a4t:102t,12,6.25,13.2,5.3,13.2,11.3,h,13.2,11.3,13.3,11.3,0,0,386.44,6.542,0,14,10.8,0.902,20,279,23.272,75.262,3.553,64.601,1.7,57,25.1,70,1
2026-10-06T01:00Z,2026-10-07T01:00Z,a4t:102t,24,18.7,32.3,10.6,21.1,14.1,h,32.3,14.1,32.5,14.1,0,0,466.304,2.927,0,14,10.8,0.902,8,280,24.17,72.244,2.072,38.383,1.7,57,25.1,70,1
2026-10-06T01:00Z,2026-10-08T01:00Z,a4t:102t,48,15.1,21.1,17.1,26.3,18.6,h,21.1,18.6,21.1,18.6,0,0,381.652,3.367,0,14,10.8,0.902,8,281,24.63,75.062,2.338,31.214,1.7,57,25.1,70,1
2026-10-06T01:00Z,2026-10-06T02:00Z,a4t:63t,1,12.95,10.7,13.4,10.9,18,h,10.7,18,10.7,18,0,0,452.172,2.874,0,14,18,-0.188,9,279,27.014,84.297,2.515,205.014,,,,,1
2026-10-06T01:00Z,2026-10-06T04:00Z,a4t:63t,3,9.5,7.9,13.5,11,17.9,h,7.9,17.9,7.9,17.9,0,0,741.497,1.899,0.104,14,18,-0.188,11,279,29.031,73.191,1.492,235.684,,,,,1
2026-10-06T01:00Z,2026-10-06T07:00Z,a4t:63t,6,8.85,7.4,12.9,10.6,17.6,h,7.4,17.6,7.4,17.6,0,0,381.092,1.587,3.104,14,18,-0.188,14,279,27.505,85.258,2.061,343.861,,,,,1
2026-10-06T01:00Z,2026-10-06T13:00Z,a4t:63t,12,9,7.7,12.2,10.1,16.3,h,7.7,16.3,7.7,16.3,0,0,295.606,1.399,0.292,14,18,-0.188,20,279,25.94,90.369,1.127,223.611,,,,,1
2026-10-06T01:00Z,2026-10-07T01:00Z,a4t:63t,24,9.75,8.6,8.4,7.2,14.5,h,8.6,14.5,8.6,14.5,0,0,273.134,1.132,0.247,14,18,-0.188,8,280,26.337,87.016,1.079,220.65,,,,,1
2026-10-06T01:00Z,2026-10-08T01:00Z,a4t:63t,48,11.75,10.9,12,10.9,14.4,h,10.9,14.4,10.9,14.4,0,0,248.561,2.136,0.108,14,18,-0.188,8,281,25.707,92.136,1.974,241.343,,,,,1
2026-10-06T01:00Z,2026-10-06T02:00Z,a4t:78t,1,10.3,9.8,14.7,14,17.7,h,9.8,17.7,9.8,17.7,0,0,515.724,1.49,0,13,17.7,-0.044,9,279,26.389,83.46,1.03,187.926,,,,,1
2026-10-06T01:00Z,2026-10-06T04:00Z,a4t:78t,3,11.149999999999999,10.7,14.3,13.6,17.6,h,10.7,17.6,10.7,17.6,0,0,1034.227,2.463,0.164,13,17.7,-0.044,11,279,28.926,72.812,1.725,241.232,,,,,1
2026-10-06T01:00Z,2026-10-06T07:00Z,a4t:78t,6,21.15,20.3,14.3,13.7,17.4,h,20.3,17.4,20.3,17.4,0,0,346.795,1.695,7.129,13,17.7,-0.044,14,279,25.467,93.982,0.332,215.668,,,,,1
2026-10-06T01:00Z,2026-10-06T13:00Z,a4t:78t,12,21.6,20.9,15.7,15.1,17.1,h,20.9,17.1,21,17.1,0,0,65.63,0.346,0.129,13,17.7,-0.044,20,279,23.467,98.868,0.299,166.972,,,,,1
2026-10-06T01:00Z,2026-10-07T01:00Z,a4t:78t,24,21.9,21.3,19.2,18.6,18,h,21.3,18,21.4,18,0,0,181.587,0.615,0.11,13,17.7,-0.044,8,280,24.64,95.709,0.424,95.497,,,,,1
2026-10-06T01:00Z,2026-10-08T01:00Z,a4t:78t,48,16.4,16.1,23.1,22.6,20.2,h,16.1,20.2,16.1,20.2,0,0,153.728,0.446,0,13,17.7,-0.044,8,281,24.003,96.888,0.3,154.707,,,,,1
2026-10-06T01:00Z,2026-10-06T02:00Z,a4t:109t,1,5.300000000000001,8,3.6,5.8,5.3,h,8,5.3,8,5.3,0,0,799.505,5.663,0,4,5.3,0.381,9,279,26.536,74.738,4.341,52.1,,,,,1
2026-10-06T01:00Z,2026-10-06T04:00Z,a4t:109t,3,6.85,10.1,3.9,6.1,5.4,h,10.1,5.4,10.1,5.4,0,0,1073.176,6.316,0.018,4,5.3,0.381,11,279,29.069,65.031,4.788,54.233,,,,,1
2026-10-06T01:00Z,2026-10-06T07:00Z,a4t:109t,6,7.050000000000001,10.1,4.2,6.6,5.5,h,10.1,5.5,10.1,5.5,0,0,1160.931,5.89,0.133,4,5.3,0.381,14,279,29.578,63.713,4.511,51.983,,,,,1
2026-10-06T01:00Z,2026-10-06T13:00Z,a4t:109t,12,5.199999999999999,7.2,4.8,7.1,5.8,h,7.2,5.8,7.2,5.8,0,0,437.401,7.22,0,4,5.3,0.381,20,279,24.717,75.447,4.137,69.421,,,,,1
2026-10-06T01:00Z,2026-10-07T01:00Z,a4t:109t,24,16,20.2,8.1,11,7.1,h,20.2,7.1,20.3,7.1,0,0,535.331,4.312,0,4,5.3,0.381,8,280,24.388,73.986,3.127,48.311,,,,,1
2026-10-06T01:00Z,2026-10-08T01:00Z,a4t:109t,48,12.45,14.4,15.2,18.3,11.8,h,14.4,11.8,14.4,11.8,0,0,434.971,4.439,0,4,5.3,0.381,8,281,24.973,76.378,3.151,35.42,,,,,1
2026-10-06T01:00Z,2026-10-06T02:00Z,a4t:30t,1,4.25,6.9,9.9,15.8,13.6,h,6.9,13.6,6.9,13.6,0,0,474.839,1.713,0.422,11,13.6,0.436,9,279,26.765,86.011,1.496,75.301,1.6,332,26.3,92,1
2026-10-06T01:00Z,2026-10-06T04:00Z,a4t:30t,3,3.25,5.3,9.2,14.7,13.4,h,5.3,13.4,5.3,13.4,0,0,682.846,3.1,0.116,11,13.6,0.436,11,279,28.417,77.982,2.535,48.811,1.6,332,26.3,92,1
2026-10-06T01:00Z,2026-10-06T07:00Z,a4t:30t,6,2.4,3.9,7.9,12.7,13.1,h,3.9,13.1,3.9,13.1,0,0,510.321,0.996,0.423,11,13.6,0.436,14,279,28.25,78.26,0.697,75.522,1.6,332,26.3,92,1
2026-10-06T01:00Z,2026-10-06T13:00Z,a4t:30t,12,6.15,8.9,5.8,9.3,12.3,h,8.9,12.3,8.9,12.3,0,0,218.583,2.089,0,11,13.6,0.436,20,279,26.671,88.815,1.276,77.485,1.6,332,26.3,92,1
2026-10-06T01:00Z,2026-10-07T01:00Z,a4t:30t,24,4.199999999999999,5.7,4.3,6.3,11.3,h,5.7,11.3,5.7,11.3,0,0,503.388,3.827,0.098,11,13.6,0.436,8,280,25.849,86.123,2.947,46.762,1.6,332,26.3,92,1
2026-10-06T01:00Z,2026-10-08T01:00Z,a4t:30t,48,12.350000000000001,14.6,10.9,13.4,13.5,h,14.6,13.5,14.6,13.5,0,0,372.004,2.239,0.025,11,13.6,0.436,8,281,27.27,78.966,1.478,37.009,1.6,332,26.3,92,1
2026-10-06T01:00Z,2026-10-06T02:00Z,a4t:31t,1,4.25,10.8,,,,h,10.8,,10.8,,0,0,489.872,1.797,0.415,,,0.859,9,279,26.795,86.093,1.548,76.208,,,,,1
2026-10-06T01:00Z,2026-10-06T04:00Z,a4t:31t,3,3.25,8.2,,,,h,8.2,,8.2,,0,0,715.489,3.349,0.103,,,0.859,11,279,28.584,77.475,2.712,52.161,,,,,1
2026-10-06T01:00Z,2026-10-06T07:00Z,a4t:31t,6,2.4,6,,,,h,6,,6,,0,0,531.161,1.092,0.327,,,0.859,14,279,28.403,77.779,0.8,78.456,,,,,1
2026-10-06T01:00Z,2026-10-06T13:00Z,a4t:31t,12,6.15,12.6,,,,h,12.6,,12.7,,0,0,189.069,2.097,0,,,0.859,20,279,26.555,89.905,1.175,77.995,,,,,1
2026-10-06T01:00Z,2026-10-07T01:00Z,a4t:31t,24,4.199999999999999,7.6,,,,h,7.6,,7.6,,0,0,533.862,3.959,0.092,,,0.859,8,280,25.815,86.335,2.982,47.445,,,,,1
2026-10-06T01:00Z,2026-10-08T01:00Z,a4t:31t,48,12.350000000000001,17.1,,,,h,17.1,,17.1,,0,0,345.238,2.261,0.023,,,0.859,8,281,27.295,78.86,1.451,37.137,,,,,1
2026-10-06T01:00Z,2026-10-06T02:00Z,a4t:113t,1,6.25,15.3,4,10.9,7.9,h,15.3,7.9,15.3,7.9,0,0,765.821,4.977,0,11,7.9,0.864,9,279,26.452,73.707,3.858,48.554,0.8,76,24.9,86,1
2026-10-06T01:00Z,2026-10-06T04:00Z,a4t:113t,3,8.850000000000001,20.5,4.3,11.5,8,h,20.5,8,20.5,8,0,0,1030.678,5.045,0,11,7.9,0.864,11,279,28.881,63.715,3.888,53.134,0.8,76,24.9,86,1
2026-10-06T01:00Z,2026-10-06T07:00Z,a4t:113t,6,9.399999999999999,20.6,4.9,12.6,8.3,h,20.6,8.3,20.6,8.3,0,0,1121.326,4.514,0.123,11,7.9,0.864,14,279,29.587,62.536,3.508,54.708,0.8,76,24.9,86,1
2026-10-06T01:00Z,2026-10-06T13:00Z,a4t:113t,12,9,18.1,6.1,14.4,9.4,h,18.1,9.4,18.2,9.4,0,0,237.271,5.942,0,11,7.9,0.864,20,279,25.086,77.483,3.042,77.565,0.8,76,24.9,86,1
2026-10-06T01:00Z,2026-10-07T01:00Z,a4t:113t,24,14.1,24,9,17.9,11.1,h,24,11.1,24.1,11.1,0,0,450.922,3.461,0,11,7.9,0.864,8,280,24.175,73.322,2.434,55.788,0.8,76,24.9,86,1
2026-10-06T01:00Z,2026-10-08T01:00Z,a4t:113t,48,17.3,23.8,17.2,26.1,17,h,23.8,17,23.8,17,0,0,336.461,3.247,0,11,7.9,0.864,8,281,24.762,75.562,2.323,42.597,0.8,76,24.9,86,1
2026-10-06T01:00Z,2026-10-06T02:00Z,a4t:99t,1,4.3,7,17.5,27.5,14.7,h,7,14.7,7,14.7,0,0.002,524.086,3.093,0.998,13,14.7,0.433,9,279,26.557,87.172,2.269,40.295,,,23.7,93,1
2026-10-06T01:00Z,2026-10-06T04:00Z,a4t:99t,3,3.9499999999999997,6.3,15.5,24.4,14.6,h,6.3,14.6,6.3,14.6,0,0.002,1060.556,4.308,0.087,13,14.7,0.433,11,279,29.77,73.224,3.351,61.61,,,23.7,93,1
2026-10-06T01:00Z,2026-10-06T07:00Z,a4t:99t,6,5.9,9,12.5,19.7,14.5,h,9,14.5,9,14.5,0,0.001,868.377,3.522,0.997,13,14.7,0.433,14,279,29.244,75.415,2.677,79.868,,,23.7,93,1
2026-10-06T01:00Z,2026-10-06T13:00Z,a4t:99t,12,14.4,20.3,8.4,13.1,14,h,20.3,14,20.4,14,0,0.001,152.733,4.247,0,13,14.7,0.433,20,279,26.267,89.064,1.855,36.679,,,23.7,93,1
2026-10-06T01:00Z,2026-10-07T01:00Z,a4t:99t,24,14.2,18.6,13.1,18.2,15.8,h,18.6,15.8,18.7,15.8,0,0,463.965,4.132,0.01,13,14.7,0.433,8,280,26,87.83,3.06,27.189,,,23.7,93,1
2026-10-06T01:00Z,2026-10-08T01:00Z,a4t:99t,48,14.6,17.2,12.4,15.3,15,h,17.2,15,17.2,15,0,0,263.358,3.567,0,13,14.7,0.433,8,281,26.271,82.225,2.097,30.108,,,23.7,93,1
2026-10-06T01:00Z,2026-10-06T02:00Z,a4t:40t,1,3.1500000000000004,5.2,10.4,16.6,9.1,h,5.2,9.1,5.2,9.1,0,0,387.738,2.835,0.645,8,9.1,0.434,9,279,23.063,95.265,1.946,31.413,,,,,1
2026-10-06T01:00Z,2026-10-06T04:00Z,a4t:40t,3,4.3,6.8,9.9,15.7,9.1,h,6.8,9.1,6.8,9.1,0,0,766.708,2.551,0.218,8,9.1,0.434,11,279,26.193,78.233,1.94,65.027,,,,,1
2026-10-06T01:00Z,2026-10-06T07:00Z,a4t:40t,6,6,9.1,8.6,13.7,9,h,9.1,9,9.1,9,0,0,217.359,3.105,6.672,8,9.1,0.434,14,279,23.81,92.592,2.023,137.529,,,,,1
2026-10-06T01:00Z,2026-10-06T13:00Z,a4t:40t,12,4.449999999999999,6.5,5.7,9,8.8,h,6.5,8.8,6.5,8.8,0,0,67.109,2.14,0,8,9.1,0.434,20,279,23.202,97.279,0.756,18.751,,,,,1
2026-10-06T01:00Z,2026-10-07T01:00Z,a4t:40t,24,4.8,6.5,4.4,6.5,8.3,h,6.5,8.3,6.5,8.3,0,0,206.126,0.983,0.056,8,9.1,0.434,8,280,23.098,93.491,0.52,18.892,,,,,1
2026-10-06T01:00Z,2026-10-08T01:00Z,a4t:40t,48,9.95,11.8,9.1,11.2,10.2,h,11.8,10.2,11.8,10.2,0,0,107.298,0.75,0,8,9.1,0.434,8,281,23.788,92.017,0.599,2.024,,,,,1
2026-10-06T01:00Z,2026-10-06T02:00Z,a4t:68t,1,4.5,11,7.3,18.1,9.9,h,11,9.9,11,9.9,0,0,264.844,0.701,0.348,9,9.9,0.833,9,279,23.454,90.935,0.474,11.784,,,,,1
2026-10-06T01:00Z,2026-10-06T04:00Z,a4t:68t,3,4.95,11.6,7.1,17.5,9.9,h,11.6,9.9,11.6,9.9,0,0,694.614,0.204,0.266,9,9.9,0.833,11,279,26.172,80.156,0.27,221.927,,,,,1
2026-10-06T01:00Z,2026-10-06T07:00Z,a4t:68t,6,5.449999999999999,12.1,6.6,16.2,9.9,h,12.1,9.9,12.1,9.9,0,0,404.515,1.123,0.925,9,9.9,0.833,14,279,26.286,84.938,1.011,49.124,,,,,1
2026-10-06T01:00Z,2026-10-06T13:00Z,a4t:68t,12,8.2,16.1,5.5,12.8,10.2,h,16.1,10.2,16.2,10.2,0,0,79.688,1.259,0.745,9,9.9,0.833,20,279,23.183,95.688,1.256,279.185,,,,,1
2026-10-06T01:00Z,2026-10-07T01:00Z,a4t:68t,24,7.75,13.2,5.7,11.5,10.4,h,13.2,10.4,13.3,10.4,0,0,95.962,0.599,0.084,9,9.9,0.833,8,280,23.161,92.575,0.392,345.147,,,,,1
2026-10-06T01:00Z,2026-10-08T01:00Z,a4t:68t,48,19.95,27.1,11.5,16.9,13.4,h,27.1,13.4,27.1,13.4,0,0,237.336,0.38,0,9,9.9,0.833,8,281,23.886,90.979,0.329,65.65,,,,,1
2026-10-06T01:00Z,2026-10-06T02:00Z,a4t:112t,1,3.2,8.1,3.6,9.4,6.4,h,8.1,6.4,8.1,6.4,0,0,746.813,5.673,0,6,6.4,0.817,9,279,26.761,77.613,4.262,51.991,1.8,60,23.3,83,1
2026-10-06T01:00Z,2026-10-06T04:00Z,a4t:112t,3,3.8499999999999996,9.1,3.6,9.4,6.4,h,9.1,6.4,9.1,6.4,0,0.001,968.526,6.79,0.061,6,6.4,0.817,11,279,28.951,69.803,5.134,54.486,1.8,60,23.3,83,1
2026-10-06T01:00Z,2026-10-06T07:00Z,a4t:112t,6,4.95,10.9,3.7,9.3,6.5,h,10.9,6.5,10.9,6.5,0,0,1191.615,6.75,0.012,6,6.4,0.817,14,279,29.718,65.192,5.196,46.29,1.8,60,23.3,83,1
2026-10-06T01:00Z,2026-10-06T13:00Z,a4t:112t,12,4.95,10,3.9,9.3,7,h,10,7,10,7,0,0,634.427,8.211,0,6,6.4,0.817,20,279,25.125,74.146,4.824,45.935,1.8,60,23.3,83,1
2026-10-06T01:00Z,2026-10-07T01:00Z,a4t:112t,24,13.2,21.8,6.7,12.9,8.5,h,21.8,8.5,21.9,8.5,0,0,604.103,5.318,0,6,6.4,0.817,8,280,24.783,76.68,3.903,39.343,1.8,60,23.3,83,1
2026-10-06T01:00Z,2026-10-08T01:00Z,a4t:112t,48,9.3,12.7,13,19.4,12.9,h,12.7,12.9,12.7,12.9,0,0,552.755,5.513,0,6,6.4,0.817,8,281,25.417,78.394,3.924,33.382,1.8,60,23.3,83,1
2026-10-06T01:00Z,2026-10-06T02:00Z,a4t:90t,1,6.85,7.8,3.3,3.8,4.8,h,7.8,4.8,7.8,4.8,0,0,601.15,2.905,0,6,4.8,0.122,9,279,25.074,70.855,2.207,43.055,,,,,1
2026-10-06T01:00Z,2026-10-06T04:00Z,a4t:90t,3,7.5,8.5,3.8,4.4,4.8,h,8.5,4.8,8.5,4.8,0,0,736.935,2.764,0,6,4.8,0.122,11,279,26.906,64.667,2.106,49.8,,,,,1
2026-10-06T01:00Z,2026-10-06T07:00Z,a4t:90t,6,8.2,9.2,4.5,5.2,5,h,9.2,5,9.2,5,0,0,971.658,2.513,0,6,4.8,0.122,14,279,28.455,61.907,1.919,53.544,,,,,1
2026-10-06T01:00Z,2026-10-06T13:00Z,a4t:90t,12,8.649999999999999,9.6,6,6.8,5.4,h,9.6,5.4,9.6,5.4,0,0,258.793,4.853,0,6,4.8,0.122,20,279,23.931,77.637,2.129,79.609,,,,,1
2026-10-06T01:00Z,2026-10-07T01:00Z,a4t:90t,24,13.649999999999999,14.7,9.4,10.4,6.6,h,14.7,6.6,14.8,6.6,0,0,416.308,1.702,0,6,4.8,0.122,8,280,23.734,70.457,1.167,41.669,,,,,1
2026-10-06T01:00Z,2026-10-08T01:00Z,a4t:90t,48,21.9,22.9,15.4,16.4,10.6,h,22.9,10.6,22.9,10.6,0,0,244.331,1.084,0,6,4.8,0.122,8,281,24.097,72.763,0.786,29.506,,,,,1
2026-10-06T01:00Z,2026-10-06T02:00Z,a4t:44t,1,3.2,9.1,4.9,14.1,16.6,h,9.1,16.6,9.1,16.6,0,0,359.757,3.774,0.002,14,16.6,0.938,9,279,26.143,87.96,3.188,215.881,,,,,1
2026-10-06T01:00Z,2026-10-06T04:00Z,a4t:44t,3,3.6500000000000004,9.8,4.7,13.6,16.5,h,9.8,16.5,9.8,16.5,0,0,573.824,2.136,0.148,14,16.6,0.938,11,279,28.289,76.071,1.665,218.684,,,,,1
2026-10-06T01:00Z,2026-10-06T07:00Z,a4t:44t,6,4.25,10.6,4.5,12.8,16.3,h,10.6,16.3,10.6,16.3,0,0,518.891,1.365,0.299,14,16.6,0.938,14,279,27.983,81.76,1.489,297.837,,,,,1
2026-10-06T01:00Z,2026-10-06T13:00Z,a4t:44t,12,4,9.1,4.3,11.7,15.5,h,9.1,15.5,9.1,15.5,0,0,240.713,2.047,0.096,14,16.6,0.938,20,279,25.966,89.667,1.429,213.162,,,,,1
2026-10-06T01:00Z,2026-10-07T01:00Z,a4t:44t,24,3.85,7.4,4.1,9.2,14.2,h,7.4,14.2,7.4,14.2,0,0,255.222,0.552,0,14,16.6,0.938,8,280,26.183,89.151,0.78,229.924,,,,,1
2026-10-06T01:00Z,2026-10-08T01:00Z,a4t:44t,48,5.35,7.8,6.1,9.9,13.2,h,7.8,13.2,7.8,13.2,0,0,216.753,2.428,0,14,16.6,0.938,8,281,25.646,92.934,2.306,245.9,,,,,1
2026-10-06T01:00Z,2026-10-06T02:00Z,a4t:08t,1,18,16.4,20.8,18.9,24.3,h,16.4,24.3,16.4,24.3,0,0.002,540.351,2.365,0.112,24,24.3,-0.092,9,279,27.092,84.917,1.87,40.714,,,,,1
2026-10-06T01:00Z,2026-10-06T04:00Z,a4t:08t,3,18.7,17.1,20.9,19,24.2,h,17.1,24.2,17.1,24.2,0,0.002,877.358,2.815,0.11,24,24.3,-0.092,11,279,29.196,76.568,2.259,58.517,,,,,1
2026-10-06T01:00Z,2026-10-06T07:00Z,a4t:08t,6,19.049999999999997,17.6,21,19.2,24,h,17.6,24,17.6,24,0,0.002,462.525,2.829,0.352,24,24.3,-0.092,14,279,28.415,79.631,2.077,17.998,,,,,1
2026-10-06T01:00Z,2026-10-06T13:00Z,a4t:08t,12,27,25.1,22.2,20.3,23.5,h,25.1,23.5,25.2,23.5,0,0.001,92.565,0.782,0.703,24,24.3,-0.092,20,279,25.532,94.7,0.158,88.777,,,,,1
2026-10-06T01:00Z,2026-10-07T01:00Z,a4t:08t,24,16.2,15.3,20,18.6,22.5,h,15.3,22.5,15.4,22.5,0,0,388.492,2.712,0,24,24.3,-0.092,8,280,25.533,89.763,2.03,2.889,,,,,1
2026-10-06T01:00Z,2026-10-08T01:00Z,a4t:08t,48,28.549999999999997,27.6,23.7,22.7,23.5,h,27.6,23.5,27.6,23.5,0,0,262.268,1.865,0,24,24.3,-0.092,8,281,26.736,82.589,1.284,351.855,,,,,1
2026-10-06T01:00Z,2026-10-06T02:00Z,a4t:16t,1,18,15,20.8,17.1,16.3,h,15,16.3,15,16.3,0,0.002,536.794,2.321,0.114,19,16.3,-0.186,9,279,27.087,84.969,1.837,40.366,,,,,1
2026-10-06T01:00Z,2026-10-06T04:00Z,a4t:16t,3,18.7,15.7,20.9,17.2,16.2,h,15.7,16.2,15.7,16.2,0,0.001,873.41,2.893,0.11,19,16.3,-0.186,11,279,29.19,76.661,2.317,57.283,,,,,1
2026-10-06T01:00Z,2026-10-06T07:00Z,a4t:16t,6,19.049999999999997,16.1,21,17.4,16.2,h,16.1,16.2,16.1,16.2,0,0.002,470.031,2.7,0.337,19,16.3,-0.186,14,279,28.449,79.494,1.97,20.256,,,,,1
2026-10-06T01:00Z,2026-10-06T13:00Z,a4t:16t,12,27,23.4,22.2,18.6,16.5,h,23.4,16.5,23.5,16.5,0,0.001,92.244,0.798,0.728,19,16.3,-0.186,20,279,25.535,94.791,0.144,84.96,,,,,1
2026-10-06T01:00Z,2026-10-07T01:00Z,a4t:16t,24,16.2,14.4,20,17.2,16.6,h,14.4,16.6,14.5,16.6,0,0,395.964,2.752,0,19,16.3,-0.186,8,280,25.511,89.766,2.047,3.869,,,,,1
2026-10-06T01:00Z,2026-10-08T01:00Z,a4t:16t,48,28.549999999999997,26.7,23.7,21.7,19,h,26.7,19,26.7,19,0,0,263.42,1.899,0,19,16.3,-0.186,8,281,26.76,82.542,1.301,353.412,,,,,1
2026-10-06T01:00Z,2026-10-06T02:00Z,a4t:17t,1,18,10.5,20.8,11.8,13.5,h,10.5,13.5,10.5,13.5,0,0.002,537.447,2.364,0.114,14,13.5,-0.539,9,279,27.082,84.96,1.87,39.732,,,,,1
2026-10-06T01:00Z,2026-10-06T04:00Z,a4t:17t,3,18.7,11.1,20.9,11.9,13.4,h,11.1,13.4,11.1,13.4,0,0.002,871.401,2.843,0.112,14,13.5,-0.539,11,279,29.173,76.688,2.282,57.716,,,,,1
2026-10-06T01:00Z,2026-10-06T07:00Z,a4t:17t,6,19.049999999999997,11.7,21,12.1,13.3,h,11.7,13.3,11.7,13.3,0,0.002,466.021,2.83,0.353,14,13.5,-0.539,14,279,28.413,79.607,2.078,18.799,,,,,1
2026-10-06T01:00Z,2026-10-06T13:00Z,a4t:17t,12,27,17.7,22.2,13.2,13.4,h,17.7,13.4,17.8,13.4,0,0.001,93.365,0.782,0.733,14,13.5,-0.539,20,279,25.527,94.715,0.136,84.709,,,,,1
2026-10-06T01:00Z,2026-10-07T01:00Z,a4t:17t,24,16.2,11.6,20,13,13.3,h,11.6,13.3,11.7,13.4,0,0,389.769,2.754,0,14,13.5,-0.539,8,280,25.515,89.791,2.059,2.814,,,,,1
2026-10-06T01:00Z,2026-10-08T01:00Z,a4t:17t,48,28.549999999999997,23.4,23.7,18.4,16,h,23.4,16,23.4,16,0,0,264.652,1.916,0,14,13.5,-0.539,8,281,26.736,82.664,1.317,352.381,,,,,1
2026-10-06T01:00Z,2026-10-06T02:00Z,a4t:84t,1,11.3,7.6,18.1,12.1,11.7,h,7.6,11.7,7.6,11.7,0,0.003,431.056,3.014,0.142,8,11.7,-0.38,9,279,26.756,85.968,2.373,9.416,,,,,1
2026-10-06T01:00Z,2026-10-06T04:00Z,a4t:84t,3,10.65,7.3,17.6,11.7,11.7,h,7.3,11.7,7.3,11.7,0,0.002,680.257,3.695,0.196,8,11.7,-0.38,11,279,28.362,81.249,2.979,36.842,,,,,1
2026-10-06T01:00Z,2026-10-06T07:00Z,a4t:84t,6,13,9.1,16.8,11.3,11.6,h,9.1,11.6,9.1,11.6,0,0.002,546.703,3.65,0.409,8,11.7,-0.38,14,279,28.215,79.954,2.814,35.198,,,,,1
2026-10-06T01:00Z,2026-10-06T13:00Z,a4t:84t,12,29.3,21.8,17.4,12,11.8,h,21.8,11.8,21.9,11.8,0,0.001,137.956,1.879,2.006,8,11.7,-0.38,20,279,25.228,95.279,0.999,10.337,,,,,1
2026-10-06T01:00Z,2026-10-07T01:00Z,a4t:84t,24,8.3,6.5,16.6,12.3,11.9,h,6.5,11.9,6.5,11.9,0,0,345.129,4.11,0,8,11.7,-0.38,8,280,24.839,91.769,3.02,346.577,,,,,1
2026-10-06T01:00Z,2026-10-08T01:00Z,a4t:84t,48,15.55,13.5,18.1,15.1,13.4,h,13.5,13.4,13.5,13.4,0,0,330.321,3.555,0,8,11.7,-0.38,8,281,26.515,86.67,2.415,348.461,,,,,1
2026-10-06T01:00Z,2026-10-06T02:00Z,a4t:14t,1,18,10.5,20.8,11.8,18.3,h,10.5,18.3,10.5,18.3,0,0.003,516.548,2.594,0.135,21,18.3,-0.533,9,279,26.964,85.332,2.055,29.276,,,,,1
2026-10-06T01:00Z,2026-10-06T04:00Z,a4t:14t,3,18.7,11.2,20.9,11.9,18.2,h,11.2,18.2,11.2,18.2,0,0.003,807.472,2.878,0.146,21,18.3,-0.533,11,279,28.879,77.817,2.335,53.125,,,,,1
2026-10-06T01:00Z,2026-10-06T07:00Z,a4t:14t,6,19.049999999999997,11.8,21,12.1,17.9,h,11.8,17.9,11.8,17.9,0,0.002,480.082,3.452,0.441,21,18.3,-0.533,14,279,28.231,79.851,2.598,19.145,,,,,1
2026-10-06T01:00Z,2026-10-06T13:00Z,a4t:14t,12,27,17.8,22.2,13.2,17.3,h,17.8,17.3,17.9,17.3,0,0.001,104.078,0.926,0.991,21,18.3,-0.533,20,279,25.459,94.437,0.299,51.186,,,,,1
2026-10-06T01:00Z,2026-10-07T01:00Z,a4t:14t,24,16.2,11.6,20,13.1,16.6,h,11.6,16.6,11.7,16.6,0,0,379.175,3.164,0,21,18.3,-0.533,8,280,25.388,90.045,2.389,359.718,,,,,1
2026-10-06T01:00Z,2026-10-08T01:00Z,a4t:14t,48,28.549999999999997,23.5,23.7,18.5,18.4,h,23.5,18.4,23.5,18.4,0,0,293.843,2.462,0,21,18.3,-0.533,8,281,26.628,83.782,1.689,354.05,,,,,1
2026-10-06T01:00Z,2026-10-06T02:00Z,a4t:27t,1,18,13.6,20.8,15.5,14.9,h,13.6,14.9,13.6,14.9,0,0.003,487.166,2.604,0.138,26,14.9,-0.28,9,279,26.905,85.563,2.063,22.532,,,,,1
2026-10-06T01:00Z,2026-10-06T04:00Z,a4t:27t,3,18.7,14.3,20.9,15.6,14.8,h,14.3,14.8,14.3,14.8,0,0.002,768.967,3.217,0.159,26,14.9,-0.28,11,279,28.741,78.898,2.599,46.434,,,,,1
2026-10-06T01:00Z,2026-10-06T07:00Z,a4t:27t,6,19.049999999999997,14.8,21,15.8,14.9,h,14.8,14.9,14.8,14.9,0,0.002,509.733,3.261,0.402,26,14.9,-0.28,14,279,28.291,79.669,2.456,27.304,,,,,1
2026-10-06T01:00Z,2026-10-06T13:00Z,a4t:27t,12,27,21.7,22.2,16.9,15.3,h,21.7,15.3,21.8,15.3,0,0.001,113.088,1.177,1.316,26,14.9,-0.28,20,279,25.397,94.852,0.472,32.116,,,,,1
2026-10-06T01:00Z,2026-10-07T01:00Z,a4t:27t,24,16.2,13.6,20,16,15.3,h,13.6,15.3,13.7,15.3,0,0,379.959,3.441,0,26,14.9,-0.28,8,280,25.2,90.561,2.555,356.255,,,,,1
2026-10-06T01:00Z,2026-10-08T01:00Z,a4t:27t,48,28.549999999999997,25.8,23.7,20.8,17.8,h,25.8,17.8,25.8,17.8,0,0,303.797,2.789,0,26,14.9,-0.28,8,281,26.636,84.502,1.894,353.143,,,,,1
2026-10-06T01:00Z,2026-10-06T02:00Z,a4t:24t,1,4.3,10.8,17.5,42.4,26.6,h,10.8,26.6,10.8,26.6,0,0.003,687.817,3.639,0.038,23,26.6,0.855,9,279,26.661,81.882,2.691,64.864,,,,,1
2026-10-06T01:00Z,2026-10-06T04:00Z,a4t:24t,3,3.9499999999999997,9.7,15.5,37.7,26.4,h,9.7,26.4,9.7,26.4,0,0.003,1148.111,4.267,0.013,23,26.6,0.855,11,279,29.206,70.044,3.29,69.031,,,,,1
2026-10-06T01:00Z,2026-10-06T07:00Z,a4t:24t,6,5.9,13.2,12.5,30.3,26.1,h,13.2,26.1,13.2,26.1,0,0.002,568.174,3.446,1.239,23,26.6,0.855,14,279,27.406,79.137,2.457,86.655,,,,,1
2026-10-06T01:00Z,2026-10-06T13:00Z,a4t:24t,12,14.4,28.2,8.4,19.8,24.7,h,28.2,24.7,28.3,24.7,0,0.001,167.502,4.321,0,23,26.6,0.855,20,279,25.582,86.886,2.015,63.16,,,,,1
2026-10-06T01:00Z,2026-10-07T01:00Z,a4t:24t,24,14.2,24,13.1,24.9,26,h,24,26,24.1,26.1,0,0,556.902,3.957,0,23,26.6,0.855,8,280,25.524,81.778,2.821,40.571,,,,,1
2026-10-06T01:00Z,2026-10-08T01:00Z,a4t:24t,48,14.6,20.1,12.4,18.7,22.6,h,20.1,22.6,20.1,22.6,0,0,288.981,4.223,0,23,26.6,0.855,8,281,25.598,77.209,2.436,39.708,,,,,1
2026-10-06T01:00Z,2026-10-06T02:00Z,a4t:25t,1,9,7.6,20.4,17.2,15.2,h,7.6,15.2,7.6,15.2,0,0.004,588.187,1.518,0.003,16,15.2,-0.164,9,279,27.362,83.551,1.032,72.538,,,,,1
2026-10-06T01:00Z,2026-10-06T04:00Z,a4t:25t,3,7,5.9,19.1,16,15.1,h,5.9,15.1,5.9,15.1,0,0.005,1139.836,2.684,0.026,16,15.2,-0.164,11,279,29.897,69.989,2.088,61.354,,,,,1
2026-10-06T01:00Z,2026-10-06T07:00Z,a4t:25t,6,8.65,7.4,16.7,14.1,14.8,h,7.4,14.8,7.4,14.8,0,0.003,687.369,2.727,0.44,16,15.2,-0.164,14,279,28.855,72.12,2.027,67.697,,,,,1
2026-10-06T01:00Z,2026-10-06T13:00Z,a4t:25t,12,18.45,16.2,13.3,11.3,14.3,h,16.2,14.3,16.3,14.3,0,0.001,60.99,2.067,0,16,15.2,-0.164,20,279,26.029,91.978,0.957,76.052,,,,,1
2026-10-06T01:00Z,2026-10-07T01:00Z,a4t:25t,24,21.1,19.1,18.3,16.2,15.5,h,19.1,15.5,19.2,15.5,0,0,532.503,3.901,0,16,15.2,-0.164,8,280,26.44,78.473,2.686,44.73,,,,,1
2026-10-06T01:00Z,2026-10-08T01:00Z,a4t:25t,48,17.8,16.7,14.7,13.6,14.4,h,16.7,14.4,16.7,14.4,0,0,254.152,3.65,0,16,15.2,-0.164,8,281,26.786,77.658,2.076,44.425,,,,,1
2026-10-06T01:00Z,2026-10-06T02:00Z,a4t:104t,1,5,4.3,21.7,19,12.3,h,4.3,12.3,4.3,12.3,0,0.002,397.63,2.719,1.312,8,12.3,-0.129,9,279,25.629,89.763,1.967,38.928,,,,,1
2026-10-06T01:00Z,2026-10-06T04:00Z,a4t:104t,3,4.25,3.7,19.1,16.7,12.2,h,3.7,12.2,3.7,12.2,0,0.001,949.926,4.143,0.148,8,12.3,-0.129,11,279,28.963,77.59,3.25,51.376,,,,,1
2026-10-06T01:00Z,2026-10-06T07:00Z,a4t:104t,6,4.85,4.2,15.8,13.8,11.9,h,4.2,11.9,4.2,11.9,0,0.001,1081.059,3.45,0.05,8,12.3,-0.129,14,279,30.081,70.306,2.738,64.897,,,,,1
2026-10-06T01:00Z,2026-10-06T13:00Z,a4t:104t,12,12.7,11.4,10.8,9.4,11.3,h,11.4,11.3,11.4,11.3,0,0.001,136.695,4.064,0,8,12.3,-0.129,20,279,25.849,94,1.907,6.863,,,,,1
2026-10-06T01:00Z,2026-10-07T01:00Z,a4t:104t,24,9.4,8.7,10.7,9.7,11.5,h,8.7,11.5,8.7,11.5,0,0,326.156,4.208,0.057,8,12.3,-0.129,8,280,25.401,91.398,3.15,24.828,,,,,1
2026-10-06T01:00Z,2026-10-08T01:00Z,a4t:104t,48,11.350000000000001,10.8,11.6,10.9,11.6,h,10.8,11.6,10.8,11.6,0,0,233.828,2.602,0,8,12.3,-0.129,8,281,26.153,89.818,1.744,21.137,,,,,1
2026-10-06T01:00Z,2026-10-06T02:00Z,a4t:85t,1,8.15,10,18.6,22.8,18.8,h,10,18.8,10,18.8,0,0.008,466.79,3.487,0.226,10,18.8,0.199,9,279,25.882,88.23,2.651,45.709,,,,,1
2026-10-06T01:00Z,2026-10-06T04:00Z,a4t:85t,3,6.65,8.1,17.2,21.1,18.7,h,8.1,18.7,8.1,18.7,0,0.005,750.07,3.164,0.139,10,18.8,0.199,11,279,28.296,78.793,2.544,44.967,,,,,1
2026-10-06T01:00Z,2026-10-06T07:00Z,a4t:85t,6,6.7,8.1,15.4,18.9,18.6,h,8.1,18.6,8.1,18.6,0,0.002,693.84,3.684,0.392,10,18.8,0.199,14,279,28.65,76.548,2.835,27.884,,,,,1
2026-10-06T01:00Z,2026-10-06T13:00Z,a4t:85t,12,10.2,12,12.2,14.9,17.9,h,12,17.9,12.1,17.9,0,0.001,113.29,1.779,0.383,10,18.8,0.199,20,279,25.61,93.238,0.787,18.461,,,,,1
2026-10-06T01:00Z,2026-10-07T01:00Z,a4t:85t,24,7.949999999999999,9,9,10.6,16.2,h,9,16.2,9,16.2,0,0,358.724,3.224,0.044,10,18.8,0.199,8,280,25.448,89.111,2.268,14.199,,,,,1
2026-10-06T01:00Z,2026-10-08T01:00Z,a4t:85t,48,11.3,12.2,11.3,12.5,15.6,h,12.2,15.6,12.2,15.6,0,0,264.787,2.403,0,10,18.8,0.199,8,281,26.259,86.558,1.584,7.959,,,,,1
2026-10-06T01:00Z,2026-10-06T02:00Z,a4t:111t,1,2.7,6.8,4.1,10.3,8.5,h,6.8,8.5,6.8,8.5,0,0,784.203,6.147,0.025,6,8.5,0.792,9,279,26.217,80.245,4.589,53.625,0.6,57,25.1,82,1
2026-10-06T01:00Z,2026-10-06T04:00Z,a4t:111t,3,3.7,8.6,3.9,9.7,8.5,h,8.6,8.5,8.6,8.5,0,0,941.598,7.365,0.1,6,8.5,0.792,11,279,28.259,71.934,5.428,57.779,0.6,57,25.1,82,1
2026-10-06T01:00Z,2026-10-06T07:00Z,a4t:111t,6,4,8.8,3.6,8.9,8.6,h,8.8,8.6,8.8,8.6,0,0,1207.641,6.326,0.025,6,8.5,0.792,14,279,29.643,67.382,4.942,54.654,0.6,57,25.1,82,1
2026-10-06T01:00Z,2026-10-06T13:00Z,a4t:111t,12,5.949999999999999,11.6,3.7,8.5,8.7,h,11.6,8.7,11.6,8.7,0,0,586.689,6.814,0,6,8.5,0.792,20,279,25.414,78.679,3.725,58.417,0.6,57,25.1,82,1
2026-10-06T01:00Z,2026-10-07T01:00Z,a4t:111t,24,12.100000000000001,19.8,5.5,10.5,9.1,h,19.8,9.1,19.9,9.2,0,0,554.203,5.119,0,6,8.5,0.792,8,280,24.246,77.245,3.654,48.504,0.6,57,25.1,82,1
2026-10-06T01:00Z,2026-10-08T01:00Z,a4t:111t,48,10.6,14.3,13,19.1,13.8,h,14.3,13.8,14.3,13.8,0,0,544.862,4.788,0,6,8.5,0.792,8,281,25.078,78.44,3.37,37.023,0.6,57,25.1,82,1
2026-10-06T01:00Z,2026-10-06T02:00Z,a4t:96t,1,10.75,3,24.4,7,6.8,h,3,6.8,3,6.8,0,0.001,349.565,2.533,0.798,7,6.8,-1.159,9,279,24.402,89.182,1.968,324.745,0.3,317,18,100,1
2026-10-06T01:00Z,2026-10-06T04:00Z,a4t:96t,3,7.75,2.1,22.1,6.3,6.8,h,2.1,6.8,2.1,6.8,0,0.001,545.177,1.706,0.416,7,6.8,-1.159,11,279,26.516,85.538,1.387,330.217,0.3,317,18,100,1
2026-10-06T01:00Z,2026-10-06T07:00Z,a4t:96t,6,6,1.6,18.6,5.2,6.7,h,1.6,6.7,1.6,6.7,0,0,745.931,0.285,0.129,7,6.8,-1.159,14,279,28.604,74.459,0.321,241.768,0.3,317,18,100,1
2026-10-06T01:00Z,2026-10-06T13:00Z,a4t:96t,12,7.2,2.5,12.9,3.6,6,h,2.5,6,2.5,6,0,0,116.155,2.036,0.009,7,6.8,-1.159,20,279,24.712,92.178,0.648,349.229,0.3,317,18,100,1
2026-10-06T01:00Z,2026-10-07T01:00Z,a4t:96t,24,6.95,3.1,7.1,2.4,5.4,h,3.1,5.4,3.1,5.4,0,0,275.185,2.586,0.002,7,6.8,-1.159,8,280,25.234,91.754,1.928,330.535,0.3,317,18,100,1
2026-10-06T01:00Z,2026-10-08T01:00Z,a4t:96t,48,23.55,15.3,14.9,8.7,7.8,h,15.3,7.8,15.3,7.8,0,0,226.546,1.188,0,7,6.8,-1.159,8,281,26.029,90.455,0.975,341.039,0.3,317,18,100,1
2026-10-06T01:00Z,2026-10-06T02:00Z,a4t:82t,1,5.8,10,4.7,8.4,10.2,h,10,10.2,10,10.2,0,0,517.37,3.494,0,11,10.2,0.509,9,279,25.44,71.192,2.651,50.69,,,,,1
2026-10-06T01:00Z,2026-10-06T04:00Z,a4t:82t,3,6.050000000000001,10.1,5,8.8,10.2,h,10.1,10.2,10.1,10.2,0,0,874.451,2.066,0,11,10.2,0.509,11,279,27.695,67.924,1.691,31.451,,,,,1
2026-10-06T01:00Z,2026-10-06T07:00Z,a4t:82t,6,6.2,10.1,5.4,9.5,10.3,h,10.1,10.3,10.1,10.3,0,0,1197.48,2.208,0,11,10.2,0.509,14,279,29.439,62.077,1.785,32.88,,,,,1
2026-10-06T01:00Z,2026-10-06T13:00Z,a4t:82t,12,8.4,12.7,6.4,10.8,10.3,h,12.7,10.3,12.8,10.3,0,0,51.868,2.05,0,11,10.2,0.509,20,279,24.917,92.559,0.713,35.717,,,,,1
2026-10-06T01:00Z,2026-10-07T01:00Z,a4t:82t,24,14,19.2,9.3,13.9,11.4,h,19.2,11.4,19.3,11.4,0,0,236.382,2.18,0,11,10.2,0.509,8,280,23.756,69.755,1.473,69.686,,,,,1
2026-10-06T01:00Z,2026-10-08T01:00Z,a4t:82t,48,16.1,19.5,12.4,15.8,13,h,19.5,13,19.5,13,0,0,294.95,2.494,0,11,10.2,0.509,8,281,24.291,69.619,1.6,70.028,,,,,1
2026-10-06T01:00Z,2026-10-06T02:00Z,a4t:115t,1,5.1,15.7,3.7,12.5,10.2,h,15.7,10.2,15.7,10.2,0,0,582.356,3.351,0,10,10.2,1.072,9,279,24.605,75.604,2.437,52.694,1,27,22.9,92,1
2026-10-06T01:00Z,2026-10-06T04:00Z,a4t:115t,3,5.699999999999999,16.6,4,13.5,10.3,h,16.6,10.3,16.6,10.3,0,0,806.392,3.815,0,10,10.2,1.072,11,279,27.06,64.311,2.886,53.397,1,27,22.9,92,1
2026-10-06T01:00Z,2026-10-06T07:00Z,a4t:115t,6,6.2,16.8,4.5,14.4,10.4,h,16.8,10.4,16.8,10.4,0,0,1061.198,4.303,0,10,10.2,1.072,14,279,28.738,59.386,3.318,54.197,1,27,22.9,92,1
2026-10-06T01:00Z,2026-10-06T13:00Z,a4t:115t,12,9.45,22.3,5.2,15.4,11.1,h,22.3,11.1,22.4,11.1,0,0,55.292,3.227,0,10,10.2,1.072,20,279,24.872,79.456,1.146,74.576,1,27,22.9,92,1
2026-10-06T01:00Z,2026-10-07T01:00Z,a4t:115t,24,10.55,20.5,8.2,19.3,13.1,h,20.5,13.1,20.6,13.1,0,0,395.738,2.169,0,10,10.2,1.072,8,280,23.753,62.97,1.106,75.689,1,27,22.9,92,1
2026-10-06T01:00Z,2026-10-08T01:00Z,a4t:115t,48,14.85,22.1,12.6,20.9,15.6,h,22.1,15.6,22.1,15.6,0,0,225.65,2.386,0,10,10.2,1.072,8,281,24.03,76.98,1.402,61.754,1,27,22.9,92,1
2026-10-06T01:00Z,2026-10-06T02:00Z,a4t:110t,1,5,7.5,3.7,5.7,7.5,h,7.5,7.5,7.5,7.5,0,0,796.999,6.595,0,3,7.5,0.374,9,279,26.395,73.299,4.972,51.781,1.3,75,24.7,82,1
2026-10-06T01:00Z,2026-10-06T04:00Z,a4t:110t,3,6.35,9.3,3.8,5.9,7.5,h,9.3,7.5,9.3,7.5,0,0,1070.961,7.301,0.005,3,7.5,0.374,11,279,28.448,66.127,5.506,51.351,1.3,75,24.7,82,1
2026-10-06T01:00Z,2026-10-06T07:00Z,a4t:110t,6,6.6,9.4,4,6.2,7.6,h,9.4,7.6,9.4,7.6,0,0,1118.441,7.346,0.066,3,7.5,0.374,14,279,28.746,65.068,5.515,46.11,1.3,75,24.7,82,1
2026-10-06T01:00Z,2026-10-06T13:00Z,a4t:110t,12,4.35,6.1,4.2,6.3,7.4,h,6.1,7.4,6.1,7.4,0,0,529.702,7.632,0,3,7.5,0.374,20,279,24.087,75.207,4.49,55.728,1.3,75,24.7,82,1
2026-10-06T01:00Z,2026-10-07T01:00Z,a4t:110t,24,17.049999999999997,21.4,9.2,12.3,9,h,21.4,9,21.5,9,0,0,592.106,5.114,0,3,7.5,0.374,8,280,24.391,74.042,3.696,43.862,1.3,75,24.7,82,1
2026-10-06T01:00Z,2026-10-08T01:00Z,a4t:110t,48,12.1,13.9,15.2,18.2,12.9,h,13.9,12.9,13.9,12.9,0,0,514.262,5.241,0,3,7.5,0.374,8,281,25.119,75.858,3.744,35.673,1.3,75,24.7,82,1
2026-10-06T01:00Z,2026-10-06T02:00Z,a4t:91t,1,4.85,11.9,2.9,7.9,8.9,h,11.9,8.9,11.9,8.9,0,0,562.495,3.81,0,6,8.9,0.843,9,279,25.386,69.719,2.908,46.259,,,,,1
2026-10-06T01:00Z,2026-10-06T04:00Z,a4t:91t,3,5.25,12.4,3.2,8.6,9,h,12.4,9,12.4,9,0,0,834.826,2.313,0,6,8.9,0.843,11,279,27.599,66.581,1.867,33.171,,,,,1
2026-10-06T01:00Z,2026-10-06T07:00Z,a4t:91t,6,5.5,12.3,3.7,9.5,8.9,h,12.3,8.9,12.3,8.9,0,0,1188.72,2.286,0,6,8.9,0.843,14,279,29.443,61.06,1.84,44.969,,,,,1
2026-10-06T01:00Z,2026-10-06T13:00Z,a4t:91t,12,8,15.9,4.5,10.8,9.3,h,15.9,9.3,16,9.3,0,0,53.428,2.744,0,6,8.9,0.843,20,279,25.224,83.475,0.887,57.555,,,,,1
2026-10-06T01:00Z,2026-10-07T01:00Z,a4t:91t,24,10.3,17.5,7.4,14.5,10.7,h,17.5,10.7,17.6,10.7,0,0,312.522,2.979,0,6,8.9,0.843,8,280,23.965,65.08,1.842,58.554,,,,,1
2026-10-06T01:00Z,2026-10-08T01:00Z,a4t:91t,48,15.35,21,10.8,16.2,12.6,h,21,12.6,21,12.6,0,0,257.591,2.088,0,6,8.9,0.843,8,281,24.254,74.399,1.316,54.964,,,,,1
2026-10-06T01:00Z,2026-10-06T02:00Z,a4t:92t,1,6,4.6,17,13.2,11.2,h,4.6,11.2,4.6,11.2,0,0.001,527.762,2.219,0.182,10,11.2,-0.238,9,279,25.707,87.035,1.666,4.334,,,,,1
2026-10-06T01:00Z,2026-10-06T04:00Z,a4t:92t,3,4.699999999999999,3.6,15.7,12.2,11.1,h,3.6,11.1,3.6,11.1,0,0.001,894.129,1.299,0.201,10,11.2,-0.238,11,279,28.096,77.516,0.911,76.209,,,,,1
2026-10-06T01:00Z,2026-10-06T07:00Z,a4t:92t,6,3.75,2.9,13.6,10.6,10.9,h,2.9,10.9,2.9,10.9,0,0,448.188,0.851,0.694,10,11.2,-0.238,14,279,26.753,85.034,0.669,87.849,,,,,1
2026-10-06T01:00Z,2026-10-06T13:00Z,a4t:92t,12,5.050000000000001,4.1,9.4,7.3,10.2,h,4.1,10.2,4.1,10.2,0,0,69.223,1.607,0,10,11.2,-0.238,20,279,24.644,96.645,0.616,339.99,,,,,1
2026-10-06T01:00Z,2026-10-07T01:00Z,a4t:92t,24,5.55,4.7,4.6,3.7,8.8,h,4.7,8.8,4.7,8.8,0,0,231.701,1.887,0,10,11.2,-0.238,8,280,25.016,92.052,1.174,8.929,,,,,1
2026-10-06T01:00Z,2026-10-08T01:00Z,a4t:92t,48,18.549999999999997,17,14.1,12.7,11.9,h,17,11.9,17,11.9,0,0,238.08,1.486,0,10,11.2,-0.238,8,281,25.689,89.949,1.008,25.44,,,,,1
2026-10-06T01:00Z,2026-10-06T02:00Z,a4t:98t,1,4.35,4.3,21.2,21.2,13,h,4.3,13,4.3,13,0,0.001,334.674,2.043,1.304,10,13,-0.004,9,279,24.511,92.263,1.516,20.183,1,320,26.6,90,1
2026-10-06T01:00Z,2026-10-06T04:00Z,a4t:98t,3,3.5999999999999996,3.6,19,18.9,12.9,h,3.6,12.9,3.6,12.9,0,0,715.087,2.537,0.331,10,13,-0.004,11,279,27.331,82.96,1.977,14.664,1,320,26.6,90,1
2026-10-06T01:00Z,2026-10-06T07:00Z,a4t:98t,6,4.75,4.7,16.1,16,12.7,h,4.7,12.7,4.7,12.7,0,0,927.595,1.891,0.242,10,13,-0.004,14,279,29.626,72.806,1.521,65.242,1,320,26.6,90,1
2026-10-06T01:00Z,2026-10-06T13:00Z,a4t:98t,12,9.55,9.5,11.2,11.1,12.1,h,9.5,12.1,9.5,12.1,0,0,61.14,2.026,0,10,13,-0.004,20,279,25.192,96.054,0.774,5.602,1,320,26.6,90,1
2026-10-06T01:00Z,2026-10-07T01:00Z,a4t:98t,24,6,6,6.1,6.1,10.8,h,6,10.8,6,10.8,0,0,298.065,2.853,0.009,10,13,-0.004,8,280,24.958,91.07,1.924,350.825,1,320,26.6,90,1
2026-10-06T01:00Z,2026-10-08T01:00Z,a4t:98t,48,16.15,16.1,10.4,10.3,11.7,h,16.1,11.7,16.1,11.7,0,0,199.842,1.674,0,10,13,-0.004,8,281,25.927,90.13,1.056,29.454,1,320,26.6,90,1
2026-10-06T01:00Z,2026-10-06T02:00Z,a4t:83t,1,2.55,10,3.7,14.7,8.7,h,10,8.7,10,8.7,0,0.002,710.737,5.463,0,9,8.7,1.203,9,279,27.112,75.442,4.143,50.664,,,,,1
2026-10-06T01:00Z,2026-10-06T04:00Z,a4t:83t,3,3.3,11.7,3.7,14.4,8.7,h,11.7,8.7,11.7,8.7,0,0.001,1026.862,5.817,0.012,9,8.7,1.203,11,279,29.03,69.751,4.491,48.875,,,,,1
2026-10-06T01:00Z,2026-10-06T07:00Z,a4t:83t,6,4.949999999999999,15.5,3.7,14,8.9,h,15.5,8.9,15.5,8.9,0,0,1143.963,6.762,0.008,9,8.7,1.203,14,279,29.225,66.932,5.124,36.809,,,,,1
2026-10-06T01:00Z,2026-10-06T13:00Z,a4t:83t,12,4.6,12.8,3.7,13,9.4,h,12.8,9.4,12.9,9.4,0,0,572.192,8.448,0,9,8.7,1.203,20,279,24.811,74.283,5.086,34.356,,,,,1
2026-10-06T01:00Z,2026-10-07T01:00Z,a4t:83t,24,11.3,23.8,6.1,16,11,h,23.8,11,23.9,11.1,0,0,613.778,5.349,0,9,8.7,1.203,8,280,24.973,76.226,3.931,31.139,,,,,1
2026-10-06T01:00Z,2026-10-08T01:00Z,a4t:83t,48,7.95,12.7,11.6,21,14.9,h,12.7,14.9,12.7,14.9,0,0,543.923,5.833,0,9,8.7,1.203,8,281,25.58,78.579,4.176,30.835,,,,,1
2026-10-06T01:00Z,2026-10-06T02:00Z,a4t:116t,1,5,5.4,21.7,23.3,16.3,h,5.4,16.3,5.4,16.3,0,0.005,515.639,3.542,0.762,13,16.3,0.065,9,279,26.487,87.257,2.685,28.035,1,275,26.6,86,1
2026-10-06T01:00Z,2026-10-06T04:00Z,a4t:116t,3,4.25,4.6,19.1,20.5,16.2,h,4.6,16.2,4.6,16.2,0,0.003,990.706,3.938,0.135,13,16.3,0.065,11,279,29.602,75.125,3.084,49.458,1,275,26.6,86,1
2026-10-06T01:00Z,2026-10-06T07:00Z,a4t:116t,6,4.85,5.2,15.8,16.9,15.9,h,5.2,15.9,5.2,15.9,0,0.002,824.987,3.775,0.235,13,16.3,0.065,14,279,29.941,71.039,3.034,61.338,1,275,26.6,86,1
2026-10-06T01:00Z,2026-10-06T13:00Z,a4t:116t,12,12.7,13.4,10.8,11.5,14.9,h,13.4,14.9,13.5,14.9,0,0.001,107.814,3.167,0.496,13,16.3,0.065,20,279,26.097,92.276,1.292,9.13,1,275,26.6,86,1
2026-10-06T01:00Z,2026-10-07T01:00Z,a4t:116t,24,9.4,9.8,10.7,11.3,14.7,h,9.8,14.7,9.9,14.7,0,0,425.883,4.71,0,13,16.3,0.065,8,280,25.835,88.665,3.563,15.778,1,275,26.6,86,1
2026-10-06T01:00Z,2026-10-08T01:00Z,a4t:116t,48,11.350000000000001,11.6,11.6,12,14.1,h,11.6,14.1,11.6,14.1,0,0,285.403,4.09,0,13,16.3,0.065,8,281,26.339,84.052,2.499,17.525,1,275,26.6,86,1
2026-10-06T01:00Z,2026-10-06T02:00Z,a4t:57t,1,2,6.8,6.6,20,10,h,6.8,10,6.8,10,0,0,553.971,2.943,0.336,10,10,1.016,9,279,22.231,93.465,2.08,32.21,,,,,1
2026-10-06T01:00Z,2026-10-06T04:00Z,a4t:57t,3,3.3,9.7,5.9,18,10,h,9.7,10,9.7,10,0,0,579.069,3.129,0.336,10,10,1.016,11,279,23.205,87.544,2.357,31.378,,,,,1
2026-10-06T01:00Z,2026-10-06T07:00Z,a4t:57t,6,4.65,12.4,5.2,15.6,10,h,12.4,10,12.4,10,0,0,588.423,3.526,1.286,10,10,1.016,14,279,24.277,81.44,2.559,34.323,,,,,1
2026-10-06T01:00Z,2026-10-06T13:00Z,a4t:57t,12,7.9,18,4.3,12.3,10.3,h,18,10.3,18.1,10.3,0,0,27.263,0.338,0.011,10,10,1.016,20,279,22.592,90.107,0.425,270.559,,,,,1
2026-10-06T01:00Z,2026-10-07T01:00Z,a4t:57t,24,13.850000000000001,25.8,8.8,19,12.9,h,25.8,12.9,25.9,12.9,0,0,285.3,1.835,0,10,10,1.016,8,280,23.329,83.945,1.035,19.596,,,,,1
2026-10-06T01:00Z,2026-10-08T01:00Z,a4t:57t,48,19.35,28.1,12.7,20.2,15.1,h,28.1,15.1,28.1,15.1,0,0,131.006,0.83,0,10,10,1.016,8,281,23.251,81.621,0.35,38.69,,,,,1
2026-10-06T01:00Z,2026-10-06T02:00Z,a4t:73t,1,2.85,13.3,5.4,24.9,15.5,h,13.3,15.5,13.3,15.5,0,0,414.875,2.029,1.627,9,15.5,1.397,9,279,21.864,94.19,1.189,18.924,,,,,1
2026-10-06T01:00Z,2026-10-06T04:00Z,a4t:73t,3,4.199999999999999,17.3,4.8,22.2,15.4,h,17.3,15.4,17.3,15.4,0,0,542.987,2.282,0.378,9,15.5,1.397,11,279,22.781,89.221,1.636,38.695,,,,,1
2026-10-06T01:00Z,2026-10-06T07:00Z,a4t:73t,6,5.45,20,4.3,19.5,15.4,h,20,15.4,20,15.4,0,0,986.967,2.229,0.071,9,15.5,1.397,14,279,25.886,69.688,1.638,78.731,,,,,1
2026-10-06T01:00Z,2026-10-06T13:00Z,a4t:73t,12,11.95,35.8,4.5,18,15.9,h,35.8,15.9,35.9,15.9,0,0,27.595,0.674,0,9,15.5,1.397,20,279,22.613,85.723,0.499,331.602,,,,,1
2026-10-06T01:00Z,2026-10-07T01:00Z,a4t:73t,24,9.5,22.7,9.1,26.8,19.1,h,22.7,19.1,22.8,19.1,0,0,243.078,1.818,0,9,15.5,1.397,8,280,22.996,79.423,0.945,2.096,,,,,1
2026-10-06T01:00Z,2026-10-08T01:00Z,a4t:73t,48,13.15,22.2,12.2,23.4,19.4,h,22.2,19.4,22.2,19.4,0,0,152.981,0.708,0,9,15.5,1.397,8,281,23.377,79.526,0.399,324.731,,,,,1
2026-10-06T01:00Z,2026-10-06T02:00Z,a4t:35t,1,6,13.7,7.8,18.2,13.4,h,13.7,13.4,13.7,13.4,0,0,257.313,0.274,0.496,14,13.4,0.789,9,279,23.48,92.067,0.256,290.147,,,,,1
2026-10-06T01:00Z,2026-10-06T04:00Z,a4t:35t,3,7.2,15.7,7.4,17.3,13.4,h,15.7,13.4,15.7,13.4,0,0,583.184,0.424,0.328,14,13.4,0.789,11,279,25.979,79.671,0.407,295.667,,,,,1
2026-10-06T01:00Z,2026-10-06T07:00Z,a4t:35t,6,6.699999999999999,14,7.1,16.5,13.5,h,14,13.5,14,13.5,0,0,412.474,1.023,0.415,14,13.4,0.789,14,279,26.57,82.141,0.882,92.318,,,,,1
2026-10-06T01:00Z,2026-10-06T13:00Z,a4t:35t,12,19.700000000000003,36.3,7.7,16.7,14,h,36.3,14,36.4,14,0,0,71.653,1.362,1.311,14,13.4,0.789,20,279,23.315,95.166,0.847,299.337,,,,,1
2026-10-06T01:00Z,2026-10-07T01:00Z,a4t:35t,24,9.75,16,11.5,21.3,15.9,h,16,15.9,16.1,15.9,0,0,118.254,0.385,0.008,14,13.4,0.789,8,280,23.12,92.397,0.239,349.241,,,,,1
2026-10-06T01:00Z,2026-10-08T01:00Z,a4t:35t,48,23.049999999999997,30.8,15.9,22.8,18.1,h,30.8,18.1,30.8,18.1,0,0,191.268,0.497,0,14,13.4,0.789,8,281,23.436,92.267,0.276,343.376,,,,,1
2026-10-06T01:00Z,2026-10-06T02:00Z,a4t:36t,1,6,8.8,7.8,11.6,8.8,h,8.8,8.8,8.8,8.8,0,0,266.532,0.215,0.504,7,8.8,0.361,9,279,23.811,91.444,0.117,342.915,0.1,83,24.7,,1
2026-10-06T01:00Z,2026-10-06T04:00Z,a4t:36t,3,7.2,10.3,7.4,11,8.8,h,10.3,8.8,10.3,8.8,0,0,555.714,0.198,0.23,7,8.8,0.361,11,279,26.361,77.991,0.221,298.75,0.1,83,24.7,,1
2026-10-06T01:00Z,2026-10-06T07:00Z,a4t:36t,6,6.699999999999999,9.4,7.1,10.5,8.8,h,9.4,8.8,9.4,8.8,0,0,371.211,1.024,0.315,7,8.8,0.361,14,279,26.766,82.521,0.896,102.628,0.1,83,24.7,,1
2026-10-06T01:00Z,2026-10-06T13:00Z,a4t:36t,12,19.700000000000003,26.1,7.7,11,9.2,h,26.1,9.2,26.2,9.2,0,0,71.34,1.423,1.645,7,8.8,0.361,20,279,23.751,94.481,0.953,294.139,0.1,83,24.7,,1
2026-10-06T01:00Z,2026-10-07T01:00Z,a4t:36t,24,9.75,12.3,11.5,15.3,10.9,h,12.3,10.9,12.4,10.9,0,0,107.983,0.167,0.003,7,8.8,0.361,8,280,23.482,91.581,0.059,42.652,0.1,83,24.7,,1
2026-10-06T01:00Z,2026-10-08T01:00Z,a4t:36t,48,23.049999999999997,26.3,15.9,18.8,13.8,h,26.3,13.8,26.3,13.8,0,0,223.697,0.183,0,7,8.8,0.361,8,281,24.052,90.518,0.206,30.835,0.1,83,24.7,,1
2026-10-06T01:00Z,2026-10-06T02:00Z,a4t:97t,1,2.5,5.4,12.4,24.6,9.3,h,5.4,9.3,5.4,9.3,0,0,599.825,3.011,0.025,11,9.3,0.647,9,279,25.446,80.206,2.173,2.731,0.9,117,25.1,,1
2026-10-06T01:00Z,2026-10-06T04:00Z,a4t:97t,3,3.05,6.3,10.9,21.7,9.3,h,6.3,9.3,6.3,9.3,0,0,670.95,2.803,0.824,11,9.3,0.647,11,279,26.226,77.745,2.126,4.545,0.9,117,25.1,,1
2026-10-06T01:00Z,2026-10-06T07:00Z,a4t:97t,6,5.5,10.2,9.1,18.2,9.3,h,10.2,9.3,10.2,9.3,0,0,524.129,0.48,2.869,11,9.3,0.647,14,279,25.846,83.886,0.36,19.812,0.9,117,25.1,,1
2026-10-06T01:00Z,2026-10-06T13:00Z,a4t:97t,12,11.2,18.8,6.9,13.5,9.4,h,18.8,9.4,18.9,9.4,0,0,55.432,1.37,0,11,9.3,0.647,20,279,24.239,89.46,0.554,25.768,0.9,117,25.1,,1
2026-10-06T01:00Z,2026-10-07T01:00Z,a4t:97t,24,8.350000000000001,12.6,7.9,13.3,10.6,h,12.6,10.6,12.7,10.6,0,0,326.537,1.592,0,11,9.3,0.647,8,280,24.396,83.212,1.075,11.217,0.9,117,25.1,,1
2026-10-06T01:00Z,2026-10-08T01:00Z,a4t:97t,48,11.2,14.3,10.9,14.9,12.1,h,14.3,12.1,14.3,12.1,0,0,292.21,1.272,0,11,9.3,0.647,8,281,24.483,77.489,0.704,11.202,0.9,117,25.1,,1
2026-10-06T01:00Z,2026-10-06T02:00Z,a4t:69t,1,3.8,4.6,11.7,13.8,9.3,h,4.6,9.3,4.6,9.3,0,0,539.033,2.47,0.099,8,9.3,0.159,9,279,24.591,86.391,1.784,29.523,6.8,298,,7,1
2026-10-06T01:00Z,2026-10-06T04:00Z,a4t:69t,3,4.4,5.2,10.9,12.9,9.3,h,5.2,9.3,5.2,9.3,0,0,960.89,1.823,0.149,8,9.3,0.159,11,279,27.231,74.45,1.484,34.349,6.8,298,,7,1
2026-10-06T01:00Z,2026-10-06T07:00Z,a4t:69t,6,5.5,6.4,9.6,11.4,9.2,h,6.4,9.2,6.4,9.2,0,0,450.095,0.469,0.781,8,9.3,0.159,14,279,26.373,83.289,0.466,277.479,6.8,298,,7,1
2026-10-06T01:00Z,2026-10-06T13:00Z,a4t:69t,12,6.550000000000001,7.5,7,8.3,8.8,h,7.5,8.8,7.5,8.8,0,0,37.954,1.76,0,8,9.3,0.159,20,279,23.649,95.827,0.587,17.37,6.8,298,,7,1
2026-10-06T01:00Z,2026-10-07T01:00Z,a4t:69t,24,4.95,5.5,4.7,5.4,8.1,h,5.5,8.1,5.5,8.1,0,0,182.284,0.955,0,8,9.3,0.159,8,280,23.475,94.307,0.672,7.004,6.8,298,,7,1
2026-10-06T01:00Z,2026-10-08T01:00Z,a4t:69t,48,15.25,16.2,14.2,15.3,12.3,h,16.2,12.3,16.2,12.3,0,0,192.19,1.054,0,8,9.3,0.159,8,281,24.203,92.888,0.78,19.151,6.8,298,,7,1
2026-10-06T01:00Z,2026-10-06T02:00Z,a4t:58t,1,1.8,5.2,3.8,10.1,10.9,h,5.2,10.9,5.2,10.9,0,0,468.341,1.403,0.002,9,10.9,0.839,9,279,24.486,88.236,1.053,10.452,,,,,1
2026-10-06T01:00Z,2026-10-06T04:00Z,a4t:58t,3,2.3,6,3.7,9.9,10.8,h,6,10.8,6,10.8,0,0,1095.03,1.153,0.11,9,10.9,0.839,11,279,27.965,70.209,0.949,342.167,,,,,1
2026-10-06T01:00Z,2026-10-06T07:00Z,a4t:58t,6,3.4,7.9,3.6,9.4,10.6,h,7.9,10.6,7.9,10.6,0,0,855.081,1.431,0.708,9,10.9,0.839,14,279,27.731,74.744,1.096,329.668,,,,,1
2026-10-06T01:00Z,2026-10-06T13:00Z,a4t:58t,12,4.15,8.6,3.2,8,10.2,h,8.6,10.2,8.6,10.2,0,0,25.804,1.368,0,9,10.9,0.839,20,279,23.421,96.735,0.444,23.535,,,,,1
2026-10-06T01:00Z,2026-10-07T01:00Z,a4t:58t,24,3.7,6.7,3.8,7.9,9.9,h,6.7,9.9,6.7,9.9,0,0,162.862,0.965,0,9,10.9,0.839,8,280,22.996,90.035,0.605,64.36,,,,,1
2026-10-06T01:00Z,2026-10-08T01:00Z,a4t:58t,48,3.8,5.5,3.5,5.6,8.3,h,5.5,8.3,5.5,8.3,0,0,158.786,0.72,0,9,10.9,0.839,8,281,22.945,93.805,0.403,54.54,,,,,1
2026-10-06T01:00Z,2026-10-06T02:00Z,a4t:05t,1,15.45,19,14.4,18,19.3,h,19,19.3,19,19.3,0,0.002,548.695,2.33,0.106,16,19.3,0.208,9,279,27.13,84.789,1.841,44.531,0.2,133,,,1
2026-10-06T01:00Z,2026-10-06T04:00Z,a4t:05t,3,13.149999999999999,16.1,14.3,17.8,19.3,h,16.1,19.3,16.1,19.3,0,0.002,898.491,2.781,0.099,16,19.3,0.208,11,279,29.288,76.165,2.224,60.594,0.2,133,,,1
2026-10-06T01:00Z,2026-10-06T07:00Z,a4t:05t,6,9.25,11.2,13.7,17,19.1,h,11.2,19.1,11.2,19.1,0,0.002,455.484,2.689,0.331,16,19.3,0.208,14,279,28.458,79.595,1.96,16.839,0.2,133,,,1
2026-10-06T01:00Z,2026-10-06T13:00Z,a4t:05t,12,13.75,16.2,12.5,15.4,18.4,h,16.2,18.4,16.3,18.4,0,0.001,89.01,0.818,0.605,16,19.3,0.208,20,279,25.555,94.738,0.251,101.405,0.2,133,,,1
2026-10-06T01:00Z,2026-10-07T01:00Z,a4t:05t,24,16.7,19,12.4,14.7,17.8,h,19,17.8,19.1,17.8,0,0,390.277,2.575,0,16,19.3,0.208,8,280,25.584,89.657,1.925,4.124,0.2,133,,,1
2026-10-06T01:00Z,2026-10-08T01:00Z,a4t:05t,48,25.75,27.8,18,19.8,19.6,h,27.8,19.6,27.8,19.6,0,0,253.212,1.686,0,16,19.3,0.208,8,281,26.763,82.234,1.163,350.918,0.2,133,,,1
2026-10-06T01:00Z,2026-10-06T02:00Z,a4t:12t,1,18,12.6,20.8,14.3,19.2,h,12.6,19.2,12.6,19.2,0,0.002,545.886,2.396,0.109,16,19.2,-0.358,9,279,27.106,84.837,1.893,41.985,,,,,1
2026-10-06T01:00Z,2026-10-06T04:00Z,a4t:12t,3,18.7,13.3,20.9,14.4,19.1,h,13.3,19.1,13.3,19.1,0,0.002,886.423,2.735,0.107,16,19.2,-0.358,11,279,29.224,76.376,2.196,60.297,,,,,1
2026-10-06T01:00Z,2026-10-06T07:00Z,a4t:12t,6,19.049999999999997,13.8,21,14.6,19,h,13.8,19,13.8,19,0,0.002,453.704,2.919,0.36,16,19.2,-0.358,14,279,28.394,79.748,2.151,15.751,,,,,1
2026-10-06T01:00Z,2026-10-06T13:00Z,a4t:12t,12,27,20.4,22.2,15.7,18.4,h,20.4,18.4,20.5,18.4,0,0.001,91.912,0.779,0.653,16,19.2,-0.358,20,279,25.537,94.623,0.194,95.819,,,,,1
2026-10-06T01:00Z,2026-10-07T01:00Z,a4t:12t,24,16.2,13,20,15,17.9,h,13,17.9,13.1,17.9,0,0,382.109,2.639,0,16,19.2,-0.358,8,280,25.567,89.729,1.988,2.296,,,,,1
2026-10-06T01:00Z,2026-10-08T01:00Z,a4t:12t,48,28.549999999999997,25,23.7,20,19.6,h,25,19.6,25,19.6,0,0,258.939,1.789,0,16,19.2,-0.358,8,281,26.721,82.539,1.238,350.147,,,,,1
2026-10-06T01:00Z,2026-10-06T02:00Z,a4t:54t,1,18,14.6,20.8,16.7,22.5,h,14.6,22.5,14.6,22.5,0,0.002,552.451,2.438,0.105,19,22.5,-0.208,9,279,27.122,84.741,1.924,43.394,,,,,1
2026-10-06T01:00Z,2026-10-06T04:00Z,a4t:54t,3,18.7,15.3,20.9,16.8,22.4,h,15.3,22.4,15.3,22.4,0,0.002,897.035,2.641,0.103,19,22.5,-0.208,11,279,29.257,76.151,2.122,62.573,,,,,1
2026-10-06T01:00Z,2026-10-06T07:00Z,a4t:54t,6,19.049999999999997,15.8,21,17,22.2,h,15.8,22.2,15.8,22.2,0,0.003,442.954,3.041,0.371,19,22.5,-0.208,14,279,28.367,79.897,2.252,13.199,,,,,1
2026-10-06T01:00Z,2026-10-06T13:00Z,a4t:54t,12,27,23,22.2,18.2,21.5,h,23,21.5,23.1,21.5,0,0.001,91.247,0.79,0.595,19,22.5,-0.208,20,279,25.541,94.528,0.238,104.077,,,,,1
2026-10-06T01:00Z,2026-10-07T01:00Z,a4t:54t,24,16.2,14.2,20,17,20.7,h,14.2,20.7,14.3,20.7,0,0,374.001,2.554,0,19,22.5,-0.208,8,280,25.608,89.692,1.938,1.432,,,,,1
2026-10-06T01:00Z,2026-10-08T01:00Z,a4t:54t,48,28.549999999999997,26.5,23.7,21.5,22,h,26.5,22,26.5,22,0,0,255.048,1.703,0,19,22.5,-0.208,8,281,26.702,82.492,1.186,347.808,,,,,1
2026-10-06T01:00Z,2026-10-06T02:00Z,a4t:79t,1,7.4,10.6,,,,h,10.6,,10.6,,0,0.001,340.586,2.456,0.246,,,0.39,9,279,24.549,89.762,1.915,40.718,,,,,1
2026-10-06T01:00Z,2026-10-06T04:00Z,a4t:79t,3,6.800000000000001,9.6,,,,h,9.6,,9.6,,0,0.002,600.294,2.413,0.202,,,0.39,11,279,26.351,81.303,1.911,68.979,,,,,1
2026-10-06T01:00Z,2026-10-06T07:00Z,a4t:79t,6,6.6,9.2,,,,h,9.2,,9.2,,0,0.002,475.173,3.666,0.465,,,0.39,14,279,26.235,84.059,2.805,28.524,,,,,1
2026-10-06T01:00Z,2026-10-06T13:00Z,a4t:79t,12,7.55,10.1,,,,h,10.1,,10.1,,0,0.001,94.963,1.144,0.739,,,0.39,20,279,23.416,95.321,0.52,79.538,,,,,1
2026-10-06T01:00Z,2026-10-07T01:00Z,a4t:79t,24,5.85,7.4,,,,h,7.4,,7.4,,0,0,317.787,2.359,0.001,,,0.39,8,280,23.639,91.764,1.751,34.584,,,,,1
2026-10-06T01:00Z,2026-10-08T01:00Z,a4t:79t,48,11.75,13.4,,,,h,13.4,,13.4,,0,0,259.957,1.828,0,,,0.39,8,281,24.811,86.865,1.228,9.734,,,,,1
2026-10-06T01:00Z,2026-10-06T02:00Z,a4t:89t,1,6.45,13,6.3,13.3,15.8,h,13,15.8,13,15.8,0,0,331.652,1.39,0.057,13,15.8,0.673,9,279,27.004,83.237,1.064,209.484,,,,,1
2026-10-06T01:00Z,2026-10-06T04:00Z,a4t:89t,3,4.65,9.4,6.1,12.9,15.7,h,9.4,15.7,9.4,15.7,0,0,602.78,0.567,0.045,13,15.8,0.673,11,279,28.988,75.859,0.534,148.215,,,,,1
2026-10-06T01:00Z,2026-10-06T07:00Z,a4t:89t,6,3.4,6.8,5.7,11.8,15.5,h,6.8,15.5,6.8,15.5,0,0,885.727,0.888,0.072,13,15.8,0.673,14,279,30.535,70.854,0.711,161.205,,,,,1
2026-10-06T01:00Z,2026-10-06T13:00Z,a4t:89t,12,2.7,5.1,4.7,9.7,14.5,h,5.1,14.5,5.1,14.5,0,0,91.626,2.832,0.052,13,15.8,0.673,20,279,25.635,97.691,1.268,271.155,,,,,1
2026-10-06T01:00Z,2026-10-07T01:00Z,a4t:89t,24,4.1,6.5,3.5,6.5,12.8,h,6.5,12.8,6.5,12.8,0,0,178.673,1.641,0,13,15.8,0.673,8,280,26.089,92.92,1.019,315.217,,,,,1
2026-10-06T01:00Z,2026-10-08T01:00Z,a4t:89t,48,1.65,2.4,2.3,3.5,9.7,h,2.4,9.7,2.4,9.7,0,0,241.302,2.957,0,13,15.8,0.673,8,281,25.866,91.565,1.954,279.594,,,,,1
2026-10-06T01:00Z,2026-10-06T02:00Z,a4t:41t,1,6.300000000000001,4,21.8,14.4,10.4,h,4,10.4,4,10.4,0,0.001,323.418,1.725,0.579,9,10.4,-0.396,9,279,25.027,90.216,1.376,11.485,,,,,1
2026-10-06T01:00Z,2026-10-06T04:00Z,a4t:41t,3,4.85,3.1,19.8,13,10.3,h,3.1,10.3,3.1,10.3,0,0.001,909.933,1.781,0.17,9,10.4,-0.396,11,279,28.221,77.477,1.365,53.867,,,,,1
2026-10-06T01:00Z,2026-10-06T07:00Z,a4t:41t,6,4.9,3.2,17,11.1,10.2,h,3.2,10.2,3.2,10.2,0,0,458.702,2.902,1.712,9,10.4,-0.396,14,279,27.505,81.934,2.229,15.471,,,,,1
2026-10-06T01:00Z,2026-10-06T13:00Z,a4t:41t,12,7.05,5,11.7,7.7,9.5,h,5,9.5,5,9.5,0,0,44.127,1.469,0,9,10.4,-0.396,20,279,25.832,92.059,0.518,34.834,,,,,1
2026-10-06T01:00Z,2026-10-07T01:00Z,a4t:41t,24,5.050000000000001,3.8,5.7,4,8.3,h,3.8,8.3,3.8,8.3,0,0,322.62,2.389,0,9,10.4,-0.396,8,280,25.259,88.836,1.743,329.951,,,,,1
2026-10-06T01:00Z,2026-10-08T01:00Z,a4t:41t,48,15.25,13.1,9.2,7.6,9,h,13.1,9,13.1,9,0,0,228.492,1.439,0,9,10.4,-0.396,8,281,26.025,88.852,1.006,45.845,,,,,1
2026-10-06T01:00Z,2026-10-06T02:00Z,a4t:37t,1,3.1500000000000004,5.3,10.4,16.6,9.4,h,5.3,9.4,5.3,9.4,0,0,332.162,2.61,1.411,8,9.4,0.439,9,279,23.426,92.675,1.79,13.176,,,,,1
2026-10-06T01:00Z,2026-10-06T04:00Z,a4t:37t,3,4.3,6.9,9.9,15.8,9.4,h,6.9,9.4,6.9,9.4,0,0,675.203,1.867,0.275,8,9.4,0.439,11,279,26.475,79.184,1.494,21.465,,,,,1
2026-10-06T01:00Z,2026-10-06T07:00Z,a4t:37t,6,6,9.2,8.6,13.8,9.3,h,9.2,9.3,9.2,9.3,0,0,173.028,2.707,6.473,8,9.4,0.439,14,279,23.811,95.003,1.599,133.879,,,,,1
2026-10-06T01:00Z,2026-10-06T13:00Z,a4t:37t,12,4.449999999999999,6.6,5.7,9.1,9.1,h,6.6,9.1,6.6,9.1,0,0,118.923,2.902,0,8,9.4,0.439,20,279,23.975,96.052,1.131,24.905,,,,,1
2026-10-06T01:00Z,2026-10-07T01:00Z,a4t:37t,24,4.8,6.5,4.4,6.5,8.5,h,6.5,8.5,6.5,8.5,0,0,264.325,1.198,0.002,8,9.4,0.439,8,280,23.845,89.926,0.584,23.742,,,,,1
2026-10-06T01:00Z,2026-10-08T01:00Z,a4t:37t,48,9.95,11.8,9.1,11.3,10.3,h,11.8,10.3,11.8,10.3,0,0,169.597,1.285,0,8,9.4,0.439,8,281,24.331,90.825,0.974,353.88,,,,,1
2026-10-06T01:00Z,2026-10-06T02:00Z,a4t:38t,1,3.1500000000000004,5,10.4,15.8,8.9,h,5,8.9,5,8.9,0,0,425.584,2.839,0.189,8,8.9,0.389,9,279,23.292,96.548,2.024,39.892,,,,,1
2026-10-06T01:00Z,2026-10-06T04:00Z,a4t:38t,3,4.3,6.5,9.9,15,8.9,h,6.5,8.9,6.5,8.9,0,0,830.311,3.223,0.194,8,8.9,0.389,11,279,26.458,77.071,2.505,78.322,,,,,1
2026-10-06T01:00Z,2026-10-06T07:00Z,a4t:38t,6,6,8.7,8.6,13.1,8.8,h,8.7,8.8,8.7,8.8,0,0,170.028,3.501,7.392,8,8.9,0.389,14,279,23.811,93.376,2.402,144.346,,,,,1
2026-10-06T01:00Z,2026-10-06T13:00Z,a4t:38t,12,4.449999999999999,6.3,5.7,8.6,8.6,h,6.3,8.6,6.3,8.6,0,0,30.154,1.565,0,8,8.9,0.389,20,279,23.153,98.056,0.554,8.511,,,,,1
2026-10-06T01:00Z,2026-10-07T01:00Z,a4t:38t,24,4.8,6.3,4.4,6.3,8.1,h,6.3,8.1,6.3,8.1,0,0,170.036,0.417,0.094,8,8.9,0.389,8,280,22.886,95.99,0.337,349.488,,,,,1
2026-10-06T01:00Z,2026-10-08T01:00Z,a4t:38t,48,9.95,11.6,9.1,11,9.9,h,11.6,9.9,11.6,9.9,0,0,71.392,0.426,0,8,8.9,0.389,8,281,23.686,93.049,0.412,6.367,,,,,1
2026-10-06T01:00Z,2026-10-06T02:00Z,a4t:39t,1,3.1500000000000004,5,10.4,16,8.8,h,5,8.8,5,8.8,0,0,426.67,4.33,0.194,8,8.8,0.399,9,279,21.491,95.406,2.957,38.906,,,,,1
2026-10-06T01:00Z,2026-10-06T04:00Z,a4t:39t,3,4.3,6.6,9.9,15.2,8.8,h,6.6,8.8,6.6,8.8,0,0,775.462,3.622,0.128,8,8.8,0.399,11,279,24.551,80.48,2.706,72.128,,,,,1
2026-10-06T01:00Z,2026-10-06T07:00Z,a4t:39t,6,6,8.8,8.6,13.2,8.7,h,8.8,8.7,8.8,8.7,0,0,641.162,2.567,2.43,8,8.8,0.399,14,279,24.793,79.147,1.942,104.949,,,,,1
2026-10-06T01:00Z,2026-10-06T13:00Z,a4t:39t,12,4.449999999999999,6.3,5.7,8.7,8.5,h,6.3,8.5,6.3,8.5,0,0,64.277,2.566,0,8,8.8,0.399,20,279,21.385,98.031,1.189,24.902,,,,,1
2026-10-06T01:00Z,2026-10-07T01:00Z,a4t:39t,24,4.8,6.3,4.4,6.3,8,h,6.3,8,6.3,8,0,0,177.503,2.976,0.028,8,8.8,0.399,8,280,22.131,93.879,1.349,31,,,,,1
2026-10-06T01:00Z,2026-10-08T01:00Z,a4t:39t,48,9.95,11.6,9.1,11,9.9,h,11.6,9.9,11.6,9.9,0,0,119.223,0.881,0,8,8.8,0.399,8,281,22.995,91.616,0.485,44.693,,,,,1
2026-10-06T01:00Z,2026-10-06T02:00Z,a4t:80t,1,2.55,9.9,3.9,15.1,15.7,h,9.9,15.7,9.9,15.7,0,0,391.002,2.753,0.421,13,15.7,1.194,9,279,25.823,87.4,2.222,213.317,,,,,1
2026-10-06T01:00Z,2026-10-06T04:00Z,a4t:80t,3,2.45,9.1,3.7,14.5,15.6,h,9.1,15.6,9.1,15.6,0,0,512.332,3.06,0.161,13,15.7,1.194,11,279,27.504,80.33,2.579,213.513,,,,,1
2026-10-06T01:00Z,2026-10-06T07:00Z,a4t:80t,6,1.95,7.1,3.4,13.3,15.4,h,7.1,15.4,7.1,15.4,0,0,712.41,3.489,0.473,13,15.7,1.194,14,279,27.9,80.453,3.006,223.21,,,,,1
2026-10-06T01:00Z,2026-10-06T13:00Z,a4t:80t,12,3.35,9.6,3.1,11.5,14.5,h,9.6,14.5,9.6,14.5,0,0,251.85,1.853,0.008,13,15.7,1.194,20,279,26.122,86.935,0.978,237.259,,,,,1
2026-10-06T01:00Z,2026-10-07T01:00Z,a4t:80t,24,3.35,7.7,3.2,9.1,13.6,h,7.7,13.6,7.7,13.6,0,0,316.187,0.843,0,13,15.7,1.194,8,280,26.132,89.114,0.601,13.573,,,,,1
2026-10-06T01:00Z,2026-10-08T01:00Z,a4t:80t,48,3,5.1,3.9,7.6,11.6,h,5.1,11.6,5.1,11.6,0,0,289.627,2.026,0.07,13,15.7,1.194,8,281,25.88,89.844,1.8,277.742,,,,,1
2026-10-06T01:00Z,2026-10-06T02:00Z,a4t:71t,1,3.3,2.6,7.1,5.6,8.2,h,2.6,8.2,2.6,8.2,0,0,541.384,2.175,0.121,1,8.2,-0.196,9,279,26.951,84.842,1.554,37.845,,,,,1
2026-10-06T01:00Z,2026-10-06T04:00Z,a4t:71t,3,3.1,2.4,6.5,5.2,8.2,h,2.4,8.2,2.4,8.2,0,0,916.111,2.926,0.161,1,8.2,-0.196,11,279,29.199,75.954,2.239,41.186,,,,,1
2026-10-06T01:00Z,2026-10-06T07:00Z,a4t:71t,6,3.05,2.4,5.7,4.5,8,h,2.4,8,2.4,8,0,0,661.461,2.564,1.235,1,8.2,-0.196,14,279,28.702,80.081,1.791,57.74,,,,,1
2026-10-06T01:00Z,2026-10-06T13:00Z,a4t:71t,12,5.55,4.7,4.7,3.7,7.5,h,4.7,7.5,4.7,7.5,0,0,62.075,1.191,0.131,1,8.2,-0.196,20,279,25.964,93.813,0.441,44.403,,,,,1
2026-10-06T01:00Z,2026-10-07T01:00Z,a4t:71t,24,5.4,4.7,4.5,3.8,6.8,h,4.7,6.8,4.7,6.8,0,0,374.135,2.611,0,1,8.2,-0.196,8,280,25.068,84.818,1.901,33.365,,,,,1
2026-10-06T01:00Z,2026-10-08T01:00Z,a4t:71t,48,12.2,11.3,9.6,8.7,8.4,h,11.3,8.4,11.3,8.4,0,0,458.544,2.313,0,1,8.2,-0.196,8,281,26.408,80.613,1.593,19.067,,,,,1
2026-10-06T01:00Z,2026-10-06T02:00Z,a4t:42t,1,4.6,12.6,5,14.4,15.9,h,12.6,15.9,12.6,15.9,0,0,349.725,0.156,0,13,15.9,0.943,9,279,27.03,86.59,0.166,305.575,,,,,1
2026-10-06T01:00Z,2026-10-06T04:00Z,a4t:42t,3,4.75,12.5,4.8,13.8,15.8,h,12.5,15.8,12.5,15.8,0,0,645.16,1.749,0.113,13,15.9,0.943,11,279,28.717,79.275,1.415,90.22,,,,,1
2026-10-06T01:00Z,2026-10-06T07:00Z,a4t:42t,6,4.699999999999999,11.7,4.6,13,15.7,h,11.7,15.7,11.7,15.7,0,0,728.723,1.08,0.256,13,15.9,0.943,14,279,29.645,76.952,0.911,118.983,,,,,1
2026-10-06T01:00Z,2026-10-06T13:00Z,a4t:42t,12,3.55,8.2,4.5,12.1,15,h,8.2,15,8.2,15,0,0,91.393,1.456,1.795,13,15.9,0.943,20,279,24.497,96.976,0.486,244.813,,,,,1
2026-10-06T01:00Z,2026-10-07T01:00Z,a4t:42t,24,2.25,4.6,3.6,8.5,13.5,h,4.6,13.5,4.6,13.5,0,0,224.904,1.238,0,13,15.9,0.943,8,280,25.399,93.555,0.881,359.585,,,,,1
2026-10-06T01:00Z,2026-10-08T01:00Z,a4t:42t,48,1.2999999999999998,2.2,2,3.6,9.8,h,2.2,9.8,2.2,9.8,0,0,173.089,1.58,0.041,13,15.9,0.943,8,281,25.27,93.615,1.004,283.582,,,,,1
2026-10-06T01:00Z,2026-10-06T02:00Z,a4t:29t,1,4.25,4.3,,,,h,4.3,,4.3,,0,0,482.864,1.791,0.426,,,0,9,279,26.774,86.077,1.552,76.342,,,,,1
2026-10-06T01:00Z,2026-10-06T04:00Z,a4t:29t,3,3.25,3.3,,,,h,3.3,,3.3,,0,0,700.115,3.262,0.106,,,0,11,279,28.506,77.712,2.653,51.135,,,,,1
2026-10-06T01:00Z,2026-10-06T07:00Z,a4t:29t,6,2.4,2.4,,,,h,2.4,,2.4,,0,0,523.747,1.062,0.353,,,0,14,279,28.341,77.969,0.767,77.079,,,,,1
2026-10-06T01:00Z,2026-10-06T13:00Z,a4t:29t,12,6.15,6.2,,,,h,6.2,,6.2,,0,0,203.377,2.109,0,,,0,20,279,26.616,89.395,1.228,77.645,,,,,1
2026-10-06T01:00Z,2026-10-07T01:00Z,a4t:29t,24,4.199999999999999,4.2,,,,h,4.2,,4.2,,0,0,521.445,3.91,0.097,,,0,8,280,25.83,86.251,2.974,47.352,,,,,1
2026-10-06T01:00Z,2026-10-08T01:00Z,a4t:29t,48,12.350000000000001,12.4,,,,h,12.4,,12.4,,0,0,353.981,2.226,0.024,,,0,8,281,27.285,78.93,1.441,36.819,,,,,1
2026-10-06T01:00Z,2026-10-06T02:00Z,a4t:75t,1,2.3,2.3,,,,h,2.3,,2.3,,0,0,468.373,3.674,0.21,,,0,9,279,21.463,92.569,2.479,58.866,,,,,1
2026-10-06T01:00Z,2026-10-06T04:00Z,a4t:75t,3,3.75,3.8,,,,h,3.8,,3.8,,0,0,679.025,3.665,0.117,,,0,11,279,23.473,79.73,2.616,69.613,,,,,1
2026-10-06T01:00Z,2026-10-06T07:00Z,a4t:75t,6,5.699999999999999,5.7,,,,h,5.7,,5.7,,0,0,667.773,3.672,1.239,,,0,14,279,24.246,79.497,2.574,68.958,,,,,1
2026-10-06T01:00Z,2026-10-06T13:00Z,a4t:75t,12,7.449999999999999,7.5,,,,h,7.5,,7.5,,0,0,63.412,2.865,0,,,0,20,279,21.735,87.576,0.835,70.01,,,,,1
2026-10-06T01:00Z,2026-10-07T01:00Z,a4t:75t,24,8.5,8.5,,,,h,8.5,,8.5,,0,0,262.279,2.473,0,,,0,8,280,21.641,85.101,1.277,61.92,,,,,1
2026-10-06T01:00Z,2026-10-08T01:00Z,a4t:75t,48,7.800000000000001,7.8,,,,h,7.8,,7.8,,0,0,165.331,1.466,0,,,0,8,281,22.147,77.047,0.745,66.969,,,,,1
2026-10-06T01:00Z,2026-10-06T02:00Z,a4t:03t,1,18,18,,,,h,18,,18,,0,0.002,519.926,2.455,0.126,,,0,9,279,27.008,85.209,1.945,32.6,,,,,1
2026-10-06T01:00Z,2026-10-06T04:00Z,a4t:03t,3,18.7,18.7,,,,h,18.7,,18.7,,0,0.002,829.99,2.941,0.132,,,0,11,279,28.994,77.507,2.372,53.547,,,,,1
2026-10-06T01:00Z,2026-10-06T07:00Z,a4t:03t,6,19.049999999999997,19,,,,h,19,,19,,0,0.002,481.054,3.072,0.386,,,0,14,279,28.341,79.661,2.284,21.243,,,,,1
2026-10-06T01:00Z,2026-10-06T13:00Z,a4t:03t,12,27,27,,,,h,27,,27.1,,0,0.001,100.595,0.849,0.937,,,0,20,279,25.48,94.68,0.172,59.657,,,,,1
2026-10-06T01:00Z,2026-10-07T01:00Z,a4t:03t,24,16.2,16.2,,,,h,16.2,,16.3,,0,0,386.311,3.026,0,,,0,8,280,25.406,90.027,2.263,0.514,,,,,1
2026-10-06T01:00Z,2026-10-08T01:00Z,a4t:03t,48,28.549999999999997,28.6,,,,h,28.6,,28.6,,0,0,281.841,2.269,0,,,0,8,281,26.688,83.37,1.552,353.433,,,,,1
2026-10-06T01:00Z,2026-10-06T02:00Z,a4t:19t,1,15.45,15.5,,,,h,15.5,,15.5,,0,0.001,563.981,2.187,0.101,,,0,9,279,27.206,84.654,1.721,54.324,,,,,1
2026-10-06T01:00Z,2026-10-06T04:00Z,a4t:19t,3,13.149999999999999,13.2,,,,h,13.2,,13.2,,0,0.001,938.56,2.881,0.077,,,0,11,279,29.494,75.295,2.276,63.196,,,,,1
2026-10-06T01:00Z,2026-10-06T07:00Z,a4t:19t,6,9.25,9.3,,,,h,9.3,,9.3,,0,0.002,457.499,2.064,0.261,,,0,14,279,28.628,79.098,1.432,18.887,,,,,1
2026-10-06T01:00Z,2026-10-06T13:00Z,a4t:19t,12,13.75,13.8,,,,h,13.8,,13.9,,0,0.001,77.191,1.047,0.373,,,0,20,279,25.634,94.94,0.493,116.622,,,,,1
2026-10-06T01:00Z,2026-10-07T01:00Z,a4t:19t,24,16.7,16.7,,,,h,16.7,,16.8,,0,0,421.721,2.408,0,,,0,8,280,25.682,89.232,1.762,13.504,,,,,1
2026-10-06T01:00Z,2026-10-08T01:00Z,a4t:19t,48,25.75,25.8,,,,h,25.8,,25.8,,0,0,237.268,1.348,0,,,0,8,281,26.894,81.087,0.926,357.846,,,,,1
2026-10-06T01:00Z,2026-10-06T02:00Z,4946812,1,16.5,9.8,28.1,16.8,10.9,h,9.8,10.9,9.8,10.9,0,0,1021.38,5.921,0,24.69,10.9,-0.492,9,279,24.003,49.254,4.23,5.362,,,,,1
2026-10-06T01:00Z,2026-10-06T04:00Z,4946812,3,10.8,6.4,28.3,16.9,10.9,h,6.4,10.9,6.4,10.9,0,0,1128.469,6.329,0,24.69,10.9,-0.492,11,279,25.804,45.01,4.686,5.236,,,,,1
2026-10-06T01:00Z,2026-10-06T07:00Z,4946812,6,10.1,6.2,28.5,17.1,10.9,h,6.2,10.9,6.2,10.9,0,0,1384.616,5.029,0,24.69,10.9,-0.492,14,279,27.26,42.049,3.745,9.086,,,,,1
2026-10-06T01:00Z,2026-10-06T13:00Z,4946812,12,68.9,46.7,31.2,19.3,11.6,h,46.7,11.6,46.9,11.6,0,0,194.415,5.66,0,24.69,10.9,-0.492,20,279,22.243,57.133,2.094,43.701,,,,,1
2026-10-06T01:00Z,2026-10-07T01:00Z,4946812,24,56.1,41.4,48.6,33.8,18.2,h,41.4,18.2,41.6,18.3,0,0,236.41,3.924,0,24.69,10.9,-0.492,8,280,22.775,67.172,1.62,3.297,,,,,1
2026-10-06T01:00Z,2026-10-08T01:00Z,4946812,48,73.3,61,66.9,53.7,32.3,h,61,32.3,61,32.3,0,0,144.241,2.966,0,24.69,10.9,-0.492,8,281,22.833,73.195,1.393,356.579,,,,,1
2026-10-06T01:00Z,2026-10-06T02:00Z,4946813,1,13.2,15.3,,,,h,15.3,,15.3,,0,0,1020.498,6.119,0,4.15,,0.146,9,279,24.087,48.732,4.38,4.474,,,,,1
2026-10-06T01:00Z,2026-10-06T04:00Z,4946813,3,9.7,11.2,,,,h,11.2,,11.2,,0,0,1124.156,6.43,0,4.15,,0.146,11,279,25.889,44.763,4.775,4.231,,,,,1
2026-10-06T01:00Z,2026-10-06T07:00Z,4946813,6,9.9,11.4,,,,h,11.4,,11.4,,0,0,1394.748,5.087,0,4.15,,0.146,14,279,27.377,41.578,3.798,8.009,,,,,1
2026-10-06T01:00Z,2026-10-06T13:00Z,4946813,12,60.8,68,,,,h,68,,68.3,,0,0,204.452,5.943,0,4.15,,0.146,20,279,22.316,56.21,2.228,44.064,,,,,1
2026-10-06T01:00Z,2026-10-07T01:00Z,4946813,24,51.6,56.3,,,,h,56.3,,56.6,,0,0,240.329,4.101,0,4.15,,0.146,8,280,22.802,67.099,1.716,3.148,,,,,1
2026-10-06T01:00Z,2026-10-08T01:00Z,4946813,48,67.3,71,,,,h,71,,71,,0,0,145.973,3.108,0,4.15,,0.146,8,281,22.869,72.884,1.471,357.155,,,,,1
2026-10-06T01:00Z,2026-10-06T02:00Z,a4t:bkp100t,1,15.2,26.3,14.4,25.3,20.5,24,26.3,20.5,,,0,0.002,568.813,2.417,0.088,,20.4,0.532,9,279,27.204,84.424,1.899,50.773,,,,,1
2026-10-06T01:00Z,2026-10-06T04:00Z,a4t:bkp100t,3,12.6,21.4,14.3,24.9,20.7,24,21.4,20.7,,,0,0.002,942.688,2.553,0.081,,20.4,0.532,11,279,29.449,75.368,2.037,67.468,,,,,1
2026-10-06T01:00Z,2026-10-06T07:00Z,a4t:bkp100t,6,8.6,14.4,13.6,23.6,20.8,24,14.4,20.8,,,0,0.003,424.082,2.829,0.33,,20.4,0.532,14,279,28.443,79.951,2.079,9.929,,,,,1
2026-10-06T01:00Z,2026-10-06T13:00Z,a4t:bkp100t,12,14.3,22.2,12.5,21.2,20.7,24,22.2,20.7,,,0,0.001,85.841,0.96,0.421,,20.4,0.532,20,279,25.575,94.623,0.444,126.985,,,,,1
2026-10-06T01:00Z,2026-10-07T01:00Z,a4t:bkp100t,24,16.7,23.4,12.4,19.3,20.9,24,23.4,20.9,,,0,0,367.661,2.238,0,,20.4,0.532,8,280,25.706,89.593,1.703,1.117,,,,,1
2026-10-06T01:00Z,2026-10-08T01:00Z,a4t:bkp100t,48,25.2,30.9,18.2,23.5,26,24,30.9,26,,,0,0,234.154,1.34,0,,20.4,0.532,8,281,26.734,81.917,0.939,340.024,,,,,1
2026-10-06T01:00Z,2026-10-06T02:00Z,a4t:bkp101t,1,11.8,12.5,18.9,20,19.7,24,12.5,19.7,,,0,0.002,579.979,2.487,0.075,,19.7,0.053,9,279,27.249,84.184,1.947,54.066,,,,,1
2026-10-06T01:00Z,2026-10-06T04:00Z,a4t:bkp101t,3,9,9.5,17.9,19,19.7,24,9.5,19.7,,,0,0.003,969.705,2.426,0.069,,19.7,0.053,11,279,29.545,74.926,1.932,72.058,,,,,1
2026-10-06T01:00Z,2026-10-06T07:00Z,a4t:bkp101t,6,6.2,6.5,16.1,17,19.4,24,6.5,19.4,,,0,0.003,404.031,2.944,0.327,,19.7,0.053,14,279,28.432,80.211,2.18,6.156,,,,,1
2026-10-06T01:00Z,2026-10-06T13:00Z,a4t:bkp101t,12,17.3,18.1,13.2,14,18.4,24,18.1,18.4,,,0,0.002,84.878,1.102,0.328,,19.7,0.053,20,279,25.579,94.574,0.559,138.761,,,,,1
2026-10-06T01:00Z,2026-10-07T01:00Z,a4t:bkp101t,24,18.8,19.4,13.6,14.2,18,24,19.4,18,,,0,0,349.994,2.033,0,,19.7,0.053,8,280,25.773,89.615,1.569,357.3,,,,,1
2026-10-06T01:00Z,2026-10-08T01:00Z,a4t:bkp101t,48,25.3,25.8,18.1,18.6,19.4,24,25.8,19.4,,,0,0,221.763,1.18,0,,19.7,0.053,8,281,26.71,81.799,0.824,328.605,,,,,1
2026-10-06T01:00Z,2026-10-06T02:00Z,a4t:bkp102t,1,18.2,15.1,20.8,17.2,14.5,24,15.1,14.5,,,0,0.002,534.254,2.417,0.118,,14.4,-0.181,9,279,27.06,85.016,1.913,37.573,,,,,1
2026-10-06T01:00Z,2026-10-06T04:00Z,a4t:bkp102t,3,18.9,15.8,20.9,17.3,14.6,24,15.8,14.6,,,0,0.002,859.814,2.823,0.119,,14.4,-0.181,11,279,29.115,76.89,2.273,57.149,,,,,1
2026-10-06T01:00Z,2026-10-06T07:00Z,a4t:bkp102t,6,18.7,15.8,21,17.5,14.7,24,15.8,14.7,,,0,0.002,466.36,2.998,0.375,,14.4,-0.181,14,279,28.366,79.704,2.218,18.225,,,,,1
2026-10-06T01:00Z,2026-10-06T13:00Z,a4t:bkp102t,12,27,23.3,22.3,18.7,15.3,24,23.3,15.3,,,0,0.001,95.728,0.777,0.779,,14.4,-0.181,20,279,25.512,94.633,0.117,78.305,,,,,1
2026-10-06T01:00Z,2026-10-07T01:00Z,a4t:bkp102t,24,18,16,20,17.2,15.1,24,16,15.1,,,0,0,384.83,2.822,0,,14.4,-0.181,8,280,25.496,89.848,2.119,1.692,,,,,1
2026-10-06T01:00Z,2026-10-08T01:00Z,a4t:bkp102t,48,29.9,27.9,23.9,21.9,17.1,24,27.9,17.1,,,0,0,270.067,2.015,0,,14.4,-0.181,8,281,26.706,82.912,1.386,352.199,,,,,1
2026-10-06T01:00Z,2026-10-06T02:00Z,a4t:bkp103t,1,18.2,22,20.8,25.2,23.1,24,22,23.1,,,0,0.003,550.844,2.486,0.11,,23,0.184,9,279,27.102,84.797,1.963,41.559,,,,,1
2026-10-06T01:00Z,2026-10-06T04:00Z,a4t:bkp103t,3,18.9,22.7,20.9,25.3,23.1,24,22.7,23.1,,,0,0.003,886.714,2.611,0.109,,23,0.184,11,279,29.205,76.295,2.105,62.447,,,,,1
2026-10-06T01:00Z,2026-10-06T07:00Z,a4t:bkp103t,6,18.7,22.2,21,25.4,23.3,24,22.2,23.3,,,0,0.003,442.506,3.22,0.397,,23,0.184,14,279,28.317,79.985,2.401,12.62,,,,,1
2026-10-06T01:00Z,2026-10-06T13:00Z,a4t:bkp103t,12,27,31.3,22.3,26.7,23.9,24,31.3,23.9,,,0,0.001,92.879,0.77,0.62,,23,0.184,20,279,25.531,94.418,0.203,99.173,,,,,1
2026-10-06T01:00Z,2026-10-07T01:00Z,a4t:bkp103t,24,18,20.2,20,23.3,23.4,24,20.2,23.4,,,0,0,370.61,2.617,0,,23,0.184,8,280,25.599,89.703,1.996,0.927,,,,,1
2026-10-06T01:00Z,2026-10-08T01:00Z,a4t:bkp103t,48,29.9,32.1,23.9,26.2,26,24,32.1,26,,,0,0,260.514,1.79,0,,23,0.184,8,281,26.674,82.683,1.248,348.427,,,,,1
2026-10-06T01:00Z,2026-10-06T02:00Z,a4t:bkp104t,1,18.2,13.8,20.8,15.7,13.6,24,13.8,13.6,,,0,0.003,527.058,2.493,0.125,,13.5,-0.266,9,279,27.019,85.146,1.975,33.89,,,,,1
2026-10-06T01:00Z,2026-10-06T04:00Z,a4t:bkp104t,3,18.9,14.5,20.9,15.8,13.6,24,14.5,13.6,,,0,0.002,837.679,2.834,0.131,,13.5,-0.266,11,279,29.014,77.28,2.29,55.547,,,,,1
2026-10-06T01:00Z,2026-10-06T07:00Z,a4t:bkp104t,6,18.7,14.6,21,16,13.8,24,14.6,13.8,,,0,0.002,471.234,3.213,0.406,,13.5,-0.266,14,279,28.303,79.788,2.398,18.386,,,,,1
2026-10-06T01:00Z,2026-10-06T13:00Z,a4t:bkp104t,12,27,21.8,22.3,17.2,14.2,24,21.8,14.2,,,0,0.001,99.413,0.813,0.868,,13.5,-0.266,20,279,25.488,94.536,0.163,65.801,,,,,1
2026-10-06T01:00Z,2026-10-07T01:00Z,a4t:bkp104t,24,18,15.2,20,16,14,24,15.2,14,,,0,0,381.25,2.964,0,,13.5,-0.266,8,280,25.452,89.934,2.233,0.628,,,,,1
2026-10-06T01:00Z,2026-10-08T01:00Z,a4t:bkp104t,48,29.9,27,23.9,21,15.8,24,27,15.8,,,0,0,280.197,2.204,0,,13.5,-0.266,8,281,26.669,83.298,1.515,352.887,,,,,1
2026-10-06T01:00Z,2026-10-06T02:00Z,a4t:bkp105t,1,18.2,23.6,20.8,27.2,24.6,24,23.6,24.6,,,0,0.002,525.804,2.447,0.123,,24.5,0.257,9,279,27.027,85.137,1.939,34.412,,,,,1
2026-10-06T01:00Z,2026-10-06T04:00Z,a4t:bkp105t,3,18.9,24.2,20.9,27.3,24.7,24,24.2,24.7,,,0,0.002,840.879,2.884,0.128,,24.5,0.257,11,279,29.036,77.268,2.325,55.026,,,,,1
2026-10-06T01:00Z,2026-10-06T07:00Z,a4t:bkp105t,6,18.7,23.6,21,27.3,24.8,24,23.6,24.8,,,0,0.002,474.698,3.071,0.386,,24.5,0.257,14,279,28.342,79.695,2.281,19.784,,,,,1
2026-10-06T01:00Z,2026-10-06T13:00Z,a4t:bkp105t,12,27,33.1,22.3,28.6,25.5,24,33.1,25.5,,,0,0.001,98.781,0.813,0.873,,24.5,0.257,20,279,25.492,94.639,0.138,66.393,,,,,1
2026-10-06T01:00Z,2026-10-07T01:00Z,a4t:bkp105t,24,18,21.1,20,24.6,25,24,21.1,25,,,0,0,385.163,2.95,0,,24.5,0.257,8,280,25.443,89.95,2.212,0.947,,,,,1
2026-10-06T01:00Z,2026-10-08T01:00Z,a4t:bkp105t,48,29.9,32.9,23.9,27,27.9,24,32.9,27.9,,,0,0,277.819,2.176,0,,24.5,0.257,8,281,26.691,83.207,1.493,353.025,,,,,1
2026-10-06T01:00Z,2026-10-06T02:00Z,a4t:bkp114t,1,18.2,15.5,20.8,17.6,15.5,24,15.5,15.5,,,0,0.002,548.343,2.416,0.108,,15.4,-0.159,9,279,27.111,84.803,1.908,42.398,,,,,1
2026-10-06T01:00Z,2026-10-06T04:00Z,a4t:bkp114t,3,18.9,16.2,20.9,17.7,15.5,24,16.2,15.5,,,0,0.002,889.836,2.695,0.106,,15.4,-0.159,11,279,29.233,76.299,2.165,61.167,,,,,1
2026-10-06T01:00Z,2026-10-06T07:00Z,a4t:bkp114t,6,18.7,16.2,21,17.9,15.7,24,16.2,15.7,,,0,0.003,449.374,2.981,0.367,,15.4,-0.159,14,279,28.38,79.815,2.203,14.657,,,,,1
2026-10-06T01:00Z,2026-10-06T13:00Z,a4t:bkp114t,12,27,23.8,22.3,19.1,16.2,24,23.8,16.2,,,0,0.001,91.799,0.78,0.632,,15.4,-0.159,20,279,25.537,94.577,0.208,98.741,,,,,1
2026-10-06T01:00Z,2026-10-07T01:00Z,a4t:bkp114t,24,18,16.3,20,17.6,15.9,24,16.3,15.9,,,0,0,378.526,2.61,0,,15.4,-0.159,8,280,25.582,89.717,1.972,1.89,,,,,1
2026-10-06T01:00Z,2026-10-08T01:00Z,a4t:bkp114t,48,29.9,28.2,23.9,22.2,17.8,24,28.2,17.8,,,0,0,257.801,1.762,0,,15.4,-0.159,8,281,26.711,82.537,1.222,349.256,,,,,1
2026-10-06T01:00Z,2026-10-06T02:00Z,a4t:bkp115t,1,14.9,7.6,30.7,15.8,14.2,24,7.6,14.2,,,0,0.003,558.454,2.476,0.102,,14.1,-0.636,9,279,27.137,84.652,1.952,44.671,,,,,1
2026-10-06T01:00Z,2026-10-06T04:00Z,a4t:bkp115t,3,13.2,6.9,29.6,15.2,14.2,24,6.9,14.2,,,0,0.003,906.965,2.558,0.1,,14.1,-0.636,11,279,29.288,75.944,2.058,64.797,,,,,1
2026-10-06T01:00Z,2026-10-06T07:00Z,a4t:bkp115t,6,14.4,7.9,27.3,14.1,14.1,24,7.9,14.1,,,0,0.003,433.081,3.154,0.381,,14.1,-0.636,14,279,28.343,80.033,2.347,11.05,,,,,1
2026-10-06T01:00Z,2026-10-06T13:00Z,a4t:bkp115t,12,36.1,21.8,24.7,13.2,13.8,24,21.8,13.8,,,0,0.001,90.642,0.814,0.542,,14.1,-0.636,20,279,25.545,94.443,0.279,111.415,,,,,1
2026-10-06T01:00Z,2026-10-07T01:00Z,a4t:bkp115t,24,17.9,12,23,13.9,13.3,24,12,13.3,,,0,0,366.493,2.475,0,,14.1,-0.636,8,280,25.645,89.661,1.892,0.552,,,,,1
2026-10-06T01:00Z,2026-10-08T01:00Z,a4t:bkp115t,48,24.9,19.6,23.1,17.1,12.9,24,19.6,12.9,,,0,0,251.346,1.626,0,,14.1,-0.636,8,281,26.684,82.447,1.138,345.383,,,,,1
2026-10-06T01:00Z,2026-10-06T02:00Z,a4t:bkp116t,1,14.9,8.1,30.7,16.7,15.2,24,8.1,15.2,,,0,0.002,557.095,2.47,0.103,,15.2,-0.586,9,279,27.133,84.674,1.947,44.319,,,,,1
2026-10-06T01:00Z,2026-10-06T04:00Z,a4t:bkp116t,3,13.2,7.3,29.6,16.1,15.2,24,7.3,15.2,,,0,0.002,904.374,2.574,0.101,,15.2,-0.586,11,279,29.279,75.995,2.071,64.301,,,,,1
2026-10-06T01:00Z,2026-10-06T07:00Z,a4t:bkp116t,6,14.4,8.3,27.3,14.9,15.2,24,8.3,15.2,,,0,0.003,435.198,3.137,0.38,,15.2,-0.586,14,279,28.346,80.007,2.333,11.479,,,,,1
2026-10-06T01:00Z,2026-10-06T13:00Z,a4t:bkp116t,12,36.1,22.7,24.7,13.9,14.8,24,22.7,14.8,,,0,0.001,90.837,0.807,0.554,,15.2,-0.586,20,279,25.543,94.457,0.268,109.674,,,,,1
2026-10-06T01:00Z,2026-10-07T01:00Z,a4t:bkp116t,24,17.9,12.3,23,14.5,14.3,24,12.3,14.3,,,0,0,367.989,2.494,0,,15.2,-0.586,8,280,25.636,89.668,1.905,0.732,,,,,1
2026-10-06T01:00Z,2026-10-08T01:00Z,a4t:bkp116t,48,24.9,20,23.1,17.5,13.8,24,20,13.8,,,0,0,252.385,1.646,0,,15.2,-0.586,8,281,26.686,82.464,1.151,345.967,,,,,1
2026-10-06T01:00Z,2026-10-06T02:00Z,a4t:bkp117t,1,15.2,12.9,14.4,12.2,13.7,24,12.9,13.7,,,0,0.001,557.705,2.328,0.099,,13.7,-0.156,9,279,27.168,84.642,1.835,48.216,,,,,1
2026-10-06T01:00Z,2026-10-06T04:00Z,a4t:bkp117t,3,12.6,10.8,14.3,12.1,13.6,24,10.8,13.6,,,0,0.002,920.114,2.719,0.089,,13.7,-0.156,11,279,29.377,75.761,2.169,63.132,,,,,1
2026-10-06T01:00Z,2026-10-06T07:00Z,a4t:bkp117t,6,8.6,7.4,13.6,11.5,13.5,24,7.4,13.5,,,0,0.002,445.404,2.62,0.318,,13.7,-0.156,14,279,28.483,79.632,1.901,14.723,,,,,1
2026-10-06T01:00Z,2026-10-06T13:00Z,a4t:bkp117t,12,14.3,12.6,12.5,10.6,13,24,12.6,13,,,0,0.001,86.1,0.883,0.508,,13.7,-0.156,20,279,25.574,94.743,0.354,113.483,,,,,1
2026-10-06T01:00Z,2026-10-07T01:00Z,a4t:bkp117t,24,16.7,15.1,12.4,10.9,12.7,24,15.1,12.7,,,0,0,387.586,2.426,0,,13.7,-0.156,8,280,25.639,89.576,1.818,4.57,,,,,1
2026-10-06T01:00Z,2026-10-08T01:00Z,a4t:bkp117t,48,25.2,23.8,18.2,16.9,14.6,24,23.8,14.6,,,0,0,243.934,1.504,0,,13.7,-0.156,8,281,26.775,81.944,1.043,348.496,,,,,1
2026-10-06T01:00Z,2026-10-06T02:00Z,a4t:bkp119t,1,18.2,19.1,20.8,22,20.4,24,19.1,20.4,,,0,0.002,551.035,2.402,0.105,,20.4,0.051,9,279,27.125,84.754,1.896,43.735,,,,,1
2026-10-06T01:00Z,2026-10-06T04:00Z,a4t:bkp119t,3,18.9,19.8,20.9,22.1,20.5,24,19.8,20.5,,,0,0.002,897.616,2.686,0.102,,20.4,0.051,11,279,29.267,76.162,2.155,61.859,,,,,1
2026-10-06T01:00Z,2026-10-06T07:00Z,a4t:bkp119t,6,18.7,19.6,21,22.2,20.6,24,19.6,20.6,,,0,0.003,446.988,2.923,0.358,,20.4,0.051,14,279,28.397,79.802,2.154,14.329,,,,,1
2026-10-06T01:00Z,2026-10-06T13:00Z,a4t:bkp119t,12,27,28.1,22.3,23.4,21.1,24,28.1,21.1,,,0,0.001,90.644,0.797,0.601,,20.4,0.051,20,279,25.545,94.602,0.241,103.227,,,,,1
2026-10-06T01:00Z,2026-10-07T01:00Z,a4t:bkp119t,24,18,18.6,20,20.8,20.6,24,18.6,20.6,,,0,0,378.83,2.558,0,,20.4,0.051,8,280,25.599,89.69,1.932,2.148,,,,,1
2026-10-06T01:00Z,2026-10-08T01:00Z,a4t:bkp119t,48,29.9,30.5,23.9,24.5,22.8,24,30.5,22.8,,,0,0,254.267,1.697,0,,20.4,0.051,8,281,26.721,82.417,1.178,348.614,,,,,1
2026-10-06T01:00Z,2026-10-06T02:00Z,a4t:bkp120t,1,14.9,11,30.7,22.8,21.4,24,11,21.4,,,0,0.003,573.211,2.571,0.091,,21.4,-0.289,9,279,27.179,84.416,2.021,47.89,,,,,1
2026-10-06T01:00Z,2026-10-06T04:00Z,a4t:bkp120t,3,13.2,9.9,29.6,21.9,21.4,24,9.9,21.4,,,0,0.003,933.243,2.376,0.09,,21.4,-0.289,11,279,29.372,75.423,1.911,70.858,,,,,1
2026-10-06T01:00Z,2026-10-06T07:00Z,a4t:bkp120t,6,14.4,11,27.3,20.3,21.3,24,11,21.3,,,0,0.004,408.523,3.423,0.4,,21.4,-0.289,14,279,28.292,80.366,2.573,6.424,,,,,1
2026-10-06T01:00Z,2026-10-06T13:00Z,a4t:bkp120t,12,36.1,28.8,24.7,18.6,20.7,24,28.8,20.7,,,0,0.002,89.162,0.926,0.413,,21.4,-0.289,20,279,25.554,94.26,0.39,127.796,,,,,1
2026-10-06T01:00Z,2026-10-07T01:00Z,a4t:bkp120t,24,17.9,14.9,23,18.4,20,24,14.9,20,,,0,0,347.377,2.27,0,,21.4,-0.289,8,280,25.735,89.601,1.77,357.802,,,,,1
2026-10-06T01:00Z,2026-10-08T01:00Z,a4t:bkp120t,48,24.9,22.3,23.1,20.2,19.2,24,22.3,19.2,,,0,0,241.047,1.438,0,,21.4,-0.289,8,281,26.642,82.327,1.017,337.636,,,,,1
2026-10-06T01:00Z,2026-10-06T02:00Z,a4t:bkp121t,1,18.2,13.4,20.8,15.2,12.6,24,13.4,12.6,,,0,0.002,531.837,2.393,0.118,,12.5,-0.297,9,279,27.057,85.042,1.895,37.288,,,,,1
2026-10-06T01:00Z,2026-10-06T04:00Z,a4t:bkp121t,3,18.9,14.1,20.9,15.3,12.7,24,14.1,12.7,,,0,0.002,857.552,2.869,0.119,,12.5,-0.297,11,279,29.112,76.957,2.307,56.371,,,,,1
2026-10-06T01:00Z,2026-10-06T07:00Z,a4t:bkp121t,6,18.7,14.2,21,15.5,12.8,24,14.2,12.8,,,0,0.002,470.651,2.921,0.365,,12.5,-0.297,14,279,28.386,79.632,2.155,19.507,,,,,1
2026-10-06T01:00Z,2026-10-06T13:00Z,a4t:bkp121t,12,27,21.3,22.3,16.7,13.3,24,21.3,13.3,,,0,0.001,95.774,0.787,0.799,,12.5,-0.297,20,279,25.512,94.694,0.108,76.055,,,,,1
2026-10-06T01:00Z,2026-10-07T01:00Z,a4t:bkp121t,24,18,14.9,20,15.7,13.2,24,14.9,13.2,,,0,0,388.348,2.844,0,,12.5,-0.297,8,280,25.48,89.866,2.127,1.998,,,,,1
2026-10-06T01:00Z,2026-10-08T01:00Z,a4t:bkp121t,48,29.9,26.8,23.9,20.8,15,24,26.8,15,,,0,0,270.505,2.034,0,,12.5,-0.297,8,281,26.718,82.902,1.396,352.77,,,,,1
2026-10-06T01:00Z,2026-10-06T02:00Z,a4t:bkp122t,1,18.2,15.8,20.8,18,15.8,24,15.8,15.8,,,0,0.002,550.271,2.409,0.106,,15.7,-0.14,9,279,27.12,84.769,1.901,43.295,,,,,1
2026-10-06T01:00Z,2026-10-06T04:00Z,a4t:bkp122t,3,18.9,16.5,20.9,18.1,15.8,24,16.5,15.8,,,0,0.002,895.152,2.686,0.103,,15.7,-0.14,11,279,29.256,76.204,2.157,61.682,,,,,1
2026-10-06T01:00Z,2026-10-06T07:00Z,a4t:bkp122t,6,18.7,16.5,21,18.2,16,24,16.5,16,,,0,0.003,447.499,2.948,0.361,,15.7,-0.14,14,279,28.39,79.812,2.175,14.366,,,,,1
2026-10-06T01:00Z,2026-10-06T13:00Z,a4t:bkp122t,12,27,24.2,22.3,19.5,16.5,24,24.2,16.5,,,0,0.001,91.043,0.79,0.611,,15.7,-0.14,20,279,25.542,94.59,0.23,101.894,,,,,1
2026-10-06T01:00Z,2026-10-07T01:00Z,a4t:bkp122t,24,18,16.5,20,17.8,16.2,24,16.5,16.2,,,0,0,378.443,2.574,0,,15.7,-0.14,8,280,25.594,89.699,1.945,2.021,,,,,1
2026-10-06T01:00Z,2026-10-08T01:00Z,a4t:bkp122t,48,29.9,28.4,23.9,22.4,18.2,24,28.4,18.2,,,0,0,255.414,1.717,0,,15.7,-0.14,8,281,26.717,82.459,1.192,348.769,,,,,1
2026-10-06T01:00Z,2026-10-06T02:00Z,a4t:bkp123t,1,14.9,7.4,30.7,15.4,14.2,24,7.4,14.2,,,0,0.003,557.2,2.473,0.103,,14.2,-0.66,9,279,27.133,84.674,1.95,44.268,,,,,1
2026-10-06T01:00Z,2026-10-06T04:00Z,a4t:bkp123t,3,13.2,6.7,29.6,14.8,14.2,24,6.7,14.2,,,0,0.003,904.17,2.57,0.101,,14.2,-0.66,11,279,29.277,75.996,2.068,64.365,,,,,1
2026-10-06T01:00Z,2026-10-06T07:00Z,a4t:bkp123t,6,14.4,7.7,27.3,13.8,14.1,24,7.7,14.1,,,0,0.003,434.883,3.149,0.382,,14.2,-0.66,14,279,28.343,80.015,2.343,11.392,,,,,1
2026-10-06T01:00Z,2026-10-06T13:00Z,a4t:bkp123t,12,36.1,21.4,24.7,12.9,13.8,24,21.4,13.8,,,0,0.001,90.896,0.806,0.554,,14.2,-0.66,20,279,25.543,94.449,0.268,109.671,,,,,1
2026-10-06T01:00Z,2026-10-07T01:00Z,a4t:bkp123t,24,17.9,11.8,23,13.7,13.3,24,11.8,13.3,,,0,0,367.611,2.495,0,,14.2,-0.66,8,280,25.637,89.667,1.906,0.684,,,,,1
2026-10-06T01:00Z,2026-10-08T01:00Z,a4t:bkp123t,48,24.9,19.4,23.1,16.9,12.8,24,19.4,12.8,,,0,0,252.542,1.648,0,,14.2,-0.66,8,281,26.684,82.472,1.153,345.934,,,,,1
2026-10-06T01:00Z,2026-10-06T02:00Z,a4t:bkp124t,1,18.2,18.9,20.8,21.6,19.5,24,18.9,19.5,,,0,0.003,543.854,2.493,0.116,,19.4,0.035,9,279,27.073,84.916,1.971,39,,,,,1
2026-10-06T01:00Z,2026-10-06T04:00Z,a4t:bkp124t,3,18.9,19.6,20.9,21.7,19.5,24,19.6,19.5,,,0,0.003,870.082,2.667,0.117,,19.4,0.035,11,279,29.138,76.602,2.154,60.338,,,,,1
2026-10-06T01:00Z,2026-10-06T07:00Z,a4t:bkp124t,6,18.7,19.3,21,21.8,19.7,24,19.3,19.7,,,0,0.003,451.082,3.25,0.405,,19.4,0.035,14,279,28.302,79.934,2.426,14.152,,,,,1
2026-10-06T01:00Z,2026-10-06T13:00Z,a4t:bkp124t,12,27,27.8,22.3,23.1,20.2,24,27.8,20.2,,,0,0.001,94.864,0.76,0.693,,19.4,0.035,20,279,25.518,94.422,0.158,88.101,,,,,1
2026-10-06T01:00Z,2026-10-07T01:00Z,a4t:bkp124t,24,18,18.4,20,20.6,19.8,24,18.4,19.8,,,0,0,374.122,2.734,0,,19.4,0.035,8,280,25.556,89.755,2.079,1.055,,,,,1
2026-10-06T01:00Z,2026-10-08T01:00Z,a4t:bkp124t,48,29.9,30.3,23.9,24.3,22.1,24,30.3,22.1,,,0,0,267.699,1.929,0,,19.4,0.035,8,281,26.668,82.882,1.339,350.388,,,,,1
2026-10-06T01:00Z,2026-10-06T02:00Z,a4t:bkp125t,1,15.2,21.1,14.4,20.3,21.3,24,21.1,21.3,,,0,0.002,569.329,2.416,0.087,,21.3,0.323,9,279,27.207,84.413,1.898,51.023,,,,,1
2026-10-06T01:00Z,2026-10-06T04:00Z,a4t:bkp125t,3,12.6,17.3,14.3,20,21.2,24,17.3,21.2,,,0,0.002,944.21,2.551,0.08,,21.3,0.323,11,279,29.455,75.342,2.035,67.623,,,,,1
2026-10-06T01:00Z,2026-10-06T07:00Z,a4t:bkp125t,6,8.6,11.7,13.6,19,21.1,24,11.7,21.1,,,0,0.003,423.502,2.82,0.328,,21.3,0.323,14,279,28.445,79.951,2.072,9.826,,,,,1
2026-10-06T01:00Z,2026-10-06T13:00Z,a4t:bkp125t,12,14.3,18.6,12.5,17.2,20.5,24,18.6,20.5,,,0,0.001,85.661,0.968,0.415,,21.3,0.323,20,279,25.576,94.627,0.451,127.583,,,,,1
2026-10-06T01:00Z,2026-10-07T01:00Z,a4t:bkp125t,24,16.7,20.4,12.4,16.2,20.1,24,20.4,20.1,,,0,0,367.483,2.228,0,,21.3,0.323,8,280,25.709,89.59,1.695,1.105,,,,,1
2026-10-06T01:00Z,2026-10-08T01:00Z,a4t:bkp125t,48,25.2,28.4,18.2,21.2,23.4,24,28.4,23.4,,,0,0,233.445,1.329,0,,21.3,0.323,8,281,26.736,81.897,0.931,339.693,,,,,1
2026-10-06T01:00Z,2026-10-06T02:00Z,a4t:bkp126t,1,18.2,15.3,20.8,17.5,15.1,24,15.3,15.1,,,0,0.003,522.607,2.512,0.128,,15,-0.168,9,279,27.002,85.208,1.99,32.31,,,,,1
2026-10-06T01:00Z,2026-10-06T04:00Z,a4t:bkp126t,3,18.9,16.1,20.9,17.6,15.2,24,16.1,15.2,,,0,0.002,827.828,2.867,0.135,,15,-0.168,11,279,28.973,77.478,2.319,54.437,,,,,1
2026-10-06T01:00Z,2026-10-06T07:00Z,a4t:bkp126t,6,18.7,16,21,17.7,15.3,24,16,15.3,,,0,0.002,475.652,3.249,0.411,,15,-0.168,14,279,28.291,79.782,2.428,19.178,,,,,1
2026-10-06T01:00Z,2026-10-06T13:00Z,a4t:bkp126t,12,27,23.6,22.3,18.9,15.8,24,23.6,15.8,,,0,0.001,101.005,0.845,0.917,,15,-0.168,20,279,25.478,94.541,0.198,60.125,,,,,1
2026-10-06T01:00Z,2026-10-07T01:00Z,a4t:bkp126t,24,18,16.2,20,17.5,15.6,24,16.2,15.6,,,0,0,381.468,3.031,0,,15,-0.168,8,280,25.424,89.988,2.282,0.272,,,,,1
2026-10-06T01:00Z,2026-10-08T01:00Z,a4t:bkp126t,48,29.9,28.1,23.9,22.1,17.5,24,28.1,17.5,,,0,0,284.206,2.288,0,,15,-0.168,8,281,26.661,83.45,1.57,353.268,,,,,1
2026-10-06T01:00Z,2026-10-06T02:00Z,a4t:bkp127t,1,18.2,17.4,20.8,19.9,17.3,24,17.4,17.3,,,0,0.003,526.432,2.573,0.131,,17.2,-0.045,9,279,26.994,85.213,2.038,32.157,,,,,1
2026-10-06T01:00Z,2026-10-06T04:00Z,a4t:bkp127t,3,18.9,18.1,20.9,20,17.4,24,18.1,17.4,,,0,0.003,825.712,2.784,0.139,,17.2,-0.045,11,279,28.951,77.414,2.259,55.675,,,,,1
2026-10-06T01:00Z,2026-10-06T07:00Z,a4t:bkp127t,6,18.7,18,21,20.1,17.5,24,18,17.5,,,0,0.003,469.632,3.451,0.441,,17.2,-0.045,14,279,28.235,79.9,2.594,17.002,,,,,1
2026-10-06T01:00Z,2026-10-06T13:00Z,a4t:bkp127t,12,27,26.1,22.3,21.4,18.1,24,26.1,18.1,,,0,0.001,100.949,0.846,0.883,,17.2,-0.045,20,279,25.479,94.369,0.23,61.282,,,,,1
2026-10-06T01:00Z,2026-10-07T01:00Z,a4t:bkp127t,24,18,17.5,20,19.3,17.8,24,17.5,17.8,,,0,0,377.696,3.037,0,,17.2,-0.045,8,280,25.45,89.911,2.303,0.485,,,,,1
2026-10-06T01:00Z,2026-10-08T01:00Z,a4t:bkp127t,48,29.9,29.4,23.9,23.4,20,24,29.4,20,,,0,0,287.145,2.306,0,,17.2,-0.045,8,281,26.634,83.501,1.588,353.543,,,,,1
2026-10-06T01:00Z,2026-10-06T02:00Z,a4t:bkp129t,1,11.8,9.7,18.9,15.5,14.1,24,9.7,14.1,,,0,0.002,596.159,2.507,0.051,,14.1,-0.19,9,279,27.349,83.796,1.95,62.642,,,,,1
2026-10-06T01:00Z,2026-10-06T04:00Z,a4t:bkp129t,3,9,7.4,17.9,14.7,14.1,24,7.4,14.1,,,0,0.003,1024.466,2.395,0.041,,14.1,-0.19,11,279,29.781,74.078,1.883,77.269,,,,,1
2026-10-06T01:00Z,2026-10-06T07:00Z,a4t:bkp129t,6,6.2,5.1,16.1,13.2,14,24,5.1,14,,,0,0.004,384.649,2.601,0.261,,14.1,-0.19,14,279,28.551,80.239,1.907,2.437,,,,,1
2026-10-06T01:00Z,2026-10-06T13:00Z,a4t:bkp129t,12,17.3,14.8,13.2,10.9,13.4,24,14.8,13.4,,,0,0.001,79.301,1.454,0.158,,14.1,-0.19,20,279,25.613,94.799,0.829,150.891,,,,,1
2026-10-06T01:00Z,2026-10-07T01:00Z,a4t:bkp129t,24,18.8,16.7,13.6,11.7,13.1,24,16.7,13.1,,,0,0,341.791,1.663,0,,14.1,-0.19,8,280,25.868,89.589,1.283,354.278,,,,,1
2026-10-06T01:00Z,2026-10-08T01:00Z,a4t:bkp129t,48,25.3,23.6,18.1,16.6,14.5,24,23.6,14.5,,,0,0,195.027,0.923,0,,14.1,-0.19,8,281,26.758,81.155,0.598,304.062,,,,,1
2026-10-06T01:00Z,2026-10-06T02:00Z,a4t:bkp130t,1,11.8,9.7,18.9,15.5,12.9,24,9.7,12.9,,,0,0.003,572.978,2.513,0.086,,12.8,-0.186,9,279,27.2,84.365,1.974,49.742,,,,,1
2026-10-06T01:00Z,2026-10-06T04:00Z,a4t:bkp130t,3,9,7.4,17.9,14.7,12.9,24,7.4,12.9,,,0,0.003,943.044,2.429,0.083,,12.8,-0.186,11,279,29.426,75.326,1.946,70.08,,,,,1
2026-10-06T01:00Z,2026-10-06T07:00Z,a4t:bkp130t,6,6.2,5.1,16.1,13.2,12.8,24,5.1,12.8,,,0,0.003,411.403,3.173,0.366,,12.8,-0.186,14,279,28.359,80.242,2.367,7.231,,,,,1
2026-10-06T01:00Z,2026-10-06T13:00Z,a4t:bkp130t,12,17.3,14.9,13.2,10.9,12.4,24,14.9,12.4,,,0,0.002,87.796,0.961,0.405,,12.8,-0.186,20,279,25.562,94.427,0.433,130.298,,,,,1
2026-10-06T01:00Z,2026-10-07T01:00Z,a4t:bkp130t,24,18.8,16.7,13.6,11.7,12.3,24,16.7,12.3,,,0,0,351.797,2.212,0,,12.8,-0.186,8,280,25.732,89.625,1.711,358.073,,,,,1
2026-10-06T01:00Z,2026-10-08T01:00Z,a4t:bkp130t,48,25.3,23.6,18.1,16.6,13.8,24,23.6,13.8,,,0,0,235.081,1.362,0,,12.8,-0.186,8,281,26.677,82.142,0.959,336.079,,,,,1
2026-10-06T01:00Z,2026-10-06T02:00Z,a4t:bkp131t,1,18.2,17.9,20.8,20.5,19.4,24,17.9,19.4,,,0,0.002,539.601,2.397,0.114,,19.4,-0.016,9,279,27.082,84.934,1.896,39.752,,,,,1
2026-10-06T01:00Z,2026-10-06T04:00Z,a4t:bkp131t,3,18.9,18.6,20.9,20.6,19.5,24,18.6,19.5,,,0,0.002,872.688,2.79,0.113,,19.4,-0.016,11,279,29.17,76.643,2.243,58.516,,,,,1
2026-10-06T01:00Z,2026-10-06T07:00Z,a4t:bkp131t,6,18.7,18.4,21,20.7,19.5,24,18.4,19.5,,,0,0.002,461.181,2.935,0.365,,19.4,-0.016,14,279,28.386,79.703,2.165,17.318,,,,,1
2026-10-06T01:00Z,2026-10-06T13:00Z,a4t:bkp131t,12,27,26.7,22.3,21.9,20,24,26.7,20,,,0,0.001,93.718,0.772,0.719,,19.4,-0.016,20,279,25.525,94.643,0.143,86.581,,,,,1
2026-10-06T01:00Z,2026-10-07T01:00Z,a4t:bkp131t,24,18,17.8,20,19.7,19.5,24,17.8,19.5,,,0,0,384.75,2.736,0,,19.4,-0.016,8,280,25.528,89.787,2.055,2.174,,,,,1
2026-10-06T01:00Z,2026-10-08T01:00Z,a4t:bkp131t,48,29.9,29.7,23.9,23.7,21.5,24,29.7,21.5,,,0,0,264.614,1.905,0,,19.4,-0.016,8,281,26.718,82.714,1.314,351.497,,,,,1
2026-10-06T01:00Z,2026-10-06T02:00Z,a4t:bkp133t,1,18.2,16.7,20.8,19.1,17,24,16.7,17,,,0,0.003,546.678,2.474,0.112,,16.9,-0.085,9,279,27.089,84.859,1.955,40.406,,,,,1
2026-10-06T01:00Z,2026-10-06T04:00Z,a4t:bkp133t,3,18.9,17.4,20.9,19.2,17,24,17.4,17,,,0,0.002,878.888,2.657,0.112,,16.9,-0.085,11,279,29.176,76.455,2.143,61.075,,,,,1
2026-10-06T01:00Z,2026-10-06T07:00Z,a4t:bkp133t,6,18.7,17.3,21,19.3,17.2,24,17.3,17.2,,,0,0.003,448.327,3.184,0.394,,16.9,-0.085,14,279,28.323,79.924,2.371,13.833,,,,,1
2026-10-06T01:00Z,2026-10-06T13:00Z,a4t:bkp133t,12,27,25.3,22.3,20.5,17.7,24,25.3,17.7,,,0,0.001,93.708,0.763,0.661,,16.9,-0.085,20,279,25.525,94.455,0.176,93.467,,,,,1
2026-10-06T01:00Z,2026-10-07T01:00Z,a4t:bkp133t,24,18,17.1,20,18.7,17.3,24,17.1,17.3,,,0,0,373.925,2.675,0,,16.9,-0.085,8,280,25.573,89.735,2.033,1.142,,,,,1
2026-10-06T01:00Z,2026-10-08T01:00Z,a4t:bkp133t,48,29.9,29,23.9,23,19.4,24,29,19.4,,,0,0,263.565,1.855,0,,16.9,-0.085,8,281,26.679,82.757,1.289,349.579,,,,,1
2026-10-06T01:00Z,2026-10-06T02:00Z,a4t:bkp56t,1,18.2,20.2,20.8,23.1,21,24,20.2,21,,,0,0.002,553.38,2.433,0.104,,20.9,0.101,9,279,27.127,84.723,1.919,43.864,,,,,1
2026-10-06T01:00Z,2026-10-06T04:00Z,a4t:bkp56t,3,18.9,20.9,20.9,23.3,21,24,20.9,21,,,0,0.002,899.844,2.638,0.102,,20.9,0.101,11,279,29.269,76.103,2.119,62.82,,,,,1
2026-10-06T01:00Z,2026-10-06T07:00Z,a4t:bkp56t,6,18.7,20.5,21,23.3,21.2,24,20.5,21.2,,,0,0.003,442.067,3.02,0.368,,20.9,0.101,14,279,28.374,79.894,2.235,13.078,,,,,1
2026-10-06T01:00Z,2026-10-06T13:00Z,a4t:bkp56t,12,27,29.3,22.3,24.6,21.8,24,29.3,21.8,,,0,0.001,90.864,0.797,0.584,,20.9,0.101,20,279,25.543,94.538,0.249,105.656,,,,,1
2026-10-06T01:00Z,2026-10-07T01:00Z,a4t:bkp56t,24,18,19.2,20,21.7,21.3,24,19.2,21.3,,,0,0,373.978,2.535,0,,20.9,0.101,8,280,25.613,89.685,1.924,1.481,,,,,1
2026-10-06T01:00Z,2026-10-08T01:00Z,a4t:bkp56t,48,29.9,31.1,23.9,25.1,23.7,24,31.1,23.7,,,0,0,253.745,1.68,0,,20.9,0.101,8,281,26.705,82.451,1.17,347.506,,,,,1
2026-10-06T01:00Z,2026-10-06T02:00Z,a4t:bkp57t,1,15.2,19,14.4,18.1,20.4,24,19,20.4,,,0,0.002,552.534,2.348,0.103,,20.5,0.213,9,279,27.142,84.725,1.853,45.627,,,,,1
2026-10-06T01:00Z,2026-10-06T04:00Z,a4t:bkp57t,3,12.6,15.6,14.3,17.9,20.3,24,15.6,20.3,,,0,0.002,906.145,2.732,0.096,,20.5,0.213,11,279,29.315,76.02,2.185,61.834,,,,,1
2026-10-06T01:00Z,2026-10-06T07:00Z,a4t:bkp57t,6,8.6,10.6,13.6,17,20.1,24,10.6,20.1,,,0,0.002,449.48,2.727,0.333,,20.5,0.213,14,279,28.451,79.667,1.991,15.382,,,,,1
2026-10-06T01:00Z,2026-10-06T13:00Z,a4t:bkp57t,12,14.3,17.1,12.5,15.4,19.4,24,17.1,19.4,,,0,0.001,88.448,0.831,0.57,,20.5,0.213,20,279,25.559,94.705,0.284,106.529,,,,,1
2026-10-06T01:00Z,2026-10-07T01:00Z,a4t:bkp57t,24,16.7,19.1,12.4,14.8,18.9,24,19.1,18.9,,,0,0,385.985,2.515,0,,20.5,0.213,8,280,25.608,89.64,1.887,3.666,,,,,1
2026-10-06T01:00Z,2026-10-08T01:00Z,a4t:bkp57t,48,25.2,27.3,18.2,20.1,21.6,24,27.3,21.6,,,0,0,250.061,1.622,0,,20.5,0.213,8,281,26.756,82.182,1.124,349.363,,,,,1
2026-10-06T01:00Z,2026-10-06T02:00Z,a4t:bkp58t,1,18.2,20.4,20.8,23.4,20.3,24,20.4,20.3,,,0,0.002,537.632,2.404,0.115,,20.2,0.111,9,279,27.074,84.964,1.902,38.958,,,,,1
2026-10-06T01:00Z,2026-10-06T04:00Z,a4t:bkp58t,3,18.9,21.1,20.9,23.5,20.4,24,21.1,20.4,,,0,0.002,867.993,2.803,0.115,,20.2,0.111,11,279,29.15,76.734,2.254,58.004,,,,,1
2026-10-06T01:00Z,2026-10-06T07:00Z,a4t:bkp58t,6,18.7,20.7,21,23.6,20.6,24,20.7,20.6,,,0,0.002,463.147,2.956,0.368,,20.2,0.111,14,279,28.379,79.702,2.183,17.675,,,,,1
2026-10-06T01:00Z,2026-10-06T13:00Z,a4t:bkp58t,12,27,29.5,22.3,24.8,21.3,24,29.5,21.3,,,0,0.001,94.435,0.773,0.741,,20.2,0.111,20,279,25.52,94.64,0.13,83.539,,,,,1
2026-10-06T01:00Z,2026-10-07T01:00Z,a4t:bkp58t,24,18,19.3,20,21.9,20.9,24,19.3,20.9,,,0,0,384.889,2.767,0,,20.2,0.111,8,280,25.516,89.809,2.078,2.014,,,,,1
2026-10-06T01:00Z,2026-10-08T01:00Z,a4t:bkp58t,48,29.9,31.2,23.9,25.3,23.5,24,31.2,23.5,,,0,0,266.599,1.945,0,,20.2,0.111,8,281,26.714,82.784,1.34,351.783,,,,,1
2026-10-06T01:00Z,2026-10-06T02:00Z,a4t:bkp59t,1,18.2,23.4,20.8,26.9,24.5,24,23.4,24.5,,,0,0.002,550.202,2.443,0.108,,24.4,0.247,9,279,27.111,84.783,1.929,42.424,,,,,1
2026-10-06T01:00Z,2026-10-06T04:00Z,a4t:bkp59t,3,18.9,24.1,20.9,27,24.6,24,24.1,24.6,,,0,0.002,891.018,2.654,0.106,,24.4,0.247,11,279,29.232,76.257,2.135,61.928,,,,,1
2026-10-06T01:00Z,2026-10-06T07:00Z,a4t:bkp59t,6,18.7,23.5,21,27.1,24.7,24,23.5,24.7,,,0,0.003,445.465,3.068,0.377,,24.4,0.247,14,279,28.358,79.891,2.275,13.619,,,,,1
2026-10-06T01:00Z,2026-10-06T13:00Z,a4t:bkp59t,12,27,32.9,22.3,28.4,25.4,24,32.9,25.4,,,0,0.001,92.006,0.778,0.619,,24.4,0.247,20,279,25.536,94.518,0.214,100.435,,,,,1
2026-10-06T01:00Z,2026-10-07T01:00Z,a4t:bkp59t,24,18,21.1,20,24.5,24.9,24,21.1,24.9,,,0,0,374.701,2.595,0,,24.4,0.247,8,280,25.594,89.709,1.969,1.414,,,,,1
2026-10-06T01:00Z,2026-10-08T01:00Z,a4t:bkp59t,48,29.9,32.8,23.9,27,27.7,24,32.8,27.7,,,0,0,257.751,1.753,0,,24.4,0.247,8,281,26.697,82.571,1.22,348.531,,,,,1
2026-10-06T01:00Z,2026-10-06T02:00Z,a4t:bkp60t,1,18.2,16.7,20.8,19.1,16.4,24,16.7,16.4,,,0,0.002,550.65,2.464,0.108,,16.3,-0.082,9,279,27.107,84.786,1.945,42.056,,,,,1
2026-10-06T01:00Z,2026-10-06T04:00Z,a4t:bkp60t,3,18.9,17.4,20.9,19.2,16.5,24,17.4,16.5,,,0,0.002,889.35,2.631,0.107,,16.3,-0.082,11,279,29.22,76.27,2.119,62.224,,,,,1
2026-10-06T01:00Z,2026-10-06T07:00Z,a4t:bkp60t,6,18.7,17.3,21,19.3,16.6,24,17.3,16.6,,,0,0.003,443.779,3.142,0.386,,16.3,-0.082,14,279,28.338,79.939,2.336,13.084,,,,,1
2026-10-06T01:00Z,2026-10-06T13:00Z,a4t:bkp60t,12,27,25.3,22.3,20.6,17.2,24,25.3,17.2,,,0,0.001,92.415,0.774,0.619,,16.3,-0.082,20,279,25.534,94.47,0.209,100.1,,,,,1
2026-10-06T01:00Z,2026-10-07T01:00Z,a4t:bkp60t,24,18,17.1,20,18.7,17,24,17.1,17,,,0,0,372.485,2.602,0,,16.3,-0.082,8,280,25.597,89.707,1.98,1.131,,,,,1
2026-10-06T01:00Z,2026-10-08T01:00Z,a4t:bkp60t,48,29.9,29,23.9,23,19.1,24,29,19.1,,,0,0,258.884,1.768,0,,16.3,-0.082,8,281,26.686,82.623,1.231,348.379,,,,,1
2026-10-06T01:00Z,2026-10-06T02:00Z,a4t:bkp61t,1,18.2,23.6,20.8,27.1,24.9,24,23.6,24.9,,,0,0.002,547.455,2.453,0.11,,24.8,0.252,9,279,27.098,84.833,1.937,41.206,,,,,1
2026-10-06T01:00Z,2026-10-06T04:00Z,a4t:bkp61t,3,18.9,24.2,20.9,27.2,24.9,24,24.2,24.9,,,0,0.002,883.502,2.669,0.11,,24.8,0.252,11,279,29.2,76.39,2.149,61.163,,,,,1
2026-10-06T01:00Z,2026-10-06T07:00Z,a4t:bkp61t,6,18.7,23.6,21,27.2,25.1,24,23.6,25.1,,,0,0.003,448.4,3.108,0.384,,24.8,0.252,14,279,28.344,79.888,2.308,14.082,,,,,1
2026-10-06T01:00Z,2026-10-06T13:00Z,a4t:bkp61t,12,27,33.1,22.3,28.5,25.7,24,33.1,25.7,,,0,0.001,92.988,0.768,0.649,,24.8,0.252,20,279,25.53,94.502,0.187,95.805,,,,,1
2026-10-06T01:00Z,2026-10-07T01:00Z,a4t:bkp61t,24,18,21.1,20,24.6,25.2,24,21.1,25.2,,,0,0,375.314,2.646,0,,24.8,0.252,8,280,25.577,89.73,2.007,1.348,,,,,1
2026-10-06T01:00Z,2026-10-08T01:00Z,a4t:bkp61t,48,29.9,32.9,23.9,27,27.9,24,32.9,27.9,,,0,0,261.142,1.816,0,,24.8,0.252,8,281,26.691,82.673,1.262,349.327,,,,,1
2026-10-06T01:00Z,2026-10-06T02:00Z,a4t:bkp62t,1,18.2,24.2,20.8,27.8,22.1,24,24.2,22.1,,,0,0.002,545.004,2.439,0.112,,21.9,0.279,9,279,27.092,84.866,1.928,40.669,,,,,1
2026-10-06T01:00Z,2026-10-06T04:00Z,a4t:bkp62t,3,18.9,24.9,20.9,27.9,22.3,24,24.9,22.3,,,0,0.002,879.683,2.702,0.111,,21.9,0.279,11,279,29.188,76.474,2.176,60.339,,,,,1
2026-10-06T01:00Z,2026-10-06T07:00Z,a4t:bkp62t,6,18.7,24.2,21,28,22.6,24,24.2,22.6,,,0,0.003,452.155,3.066,0.38,,21.9,0.279,14,279,28.354,79.839,2.273,14.965,,,,,1
2026-10-06T01:00Z,2026-10-06T13:00Z,a4t:bkp62t,12,27,33.8,22.3,29.3,23.6,24,33.8,23.6,,,0,0.001,93.32,0.766,0.672,,21.9,0.279,20,279,25.528,94.538,0.172,92.75,,,,,1
2026-10-06T01:00Z,2026-10-07T01:00Z,a4t:bkp62t,24,18,21.5,20,25.1,23.4,24,21.5,23.4,,,0,0,377.843,2.676,0,,21.9,0.279,8,280,25.562,89.749,2.025,1.548,,,,,1
2026-10-06T01:00Z,2026-10-08T01:00Z,a4t:bkp62t,48,29.9,33.2,23.9,27.4,26.9,24,33.2,26.9,,,0,0,262.48,1.847,0,,21.9,0.279,8,281,26.697,82.698,1.281,349.998,,,,,1
2026-10-06T01:00Z,2026-10-06T02:00Z,a4t:bkp63t,1,18.2,19.2,20.8,22,19.6,24,19.2,19.6,,,0,0.002,553.023,2.462,0.106,,19.5,0.053,9,279,27.118,84.744,1.943,42.972,,,,,1
2026-10-06T01:00Z,2026-10-06T04:00Z,a4t:bkp63t,3,18.9,19.9,20.9,22.1,19.7,24,19.9,19.7,,,0,0.002,895.256,2.613,0.105,,19.5,0.053,11,279,29.244,76.164,2.103,62.949,,,,,1
2026-10-06T01:00Z,2026-10-06T07:00Z,a4t:bkp63t,6,18.7,19.6,21,22.2,19.8,24,19.6,19.8,,,0,0.003,440.843,3.128,0.382,,19.5,0.053,14,279,28.344,79.956,2.324,12.561,,,,,1
2026-10-06T01:00Z,2026-10-06T13:00Z,a4t:bkp63t,12,27,28.2,22.3,23.5,20.4,24,28.2,20.4,,,0,0.001,91.737,0.785,0.594,,19.5,0.053,20,279,25.538,94.472,0.232,103.832,,,,,1
2026-10-06T01:00Z,2026-10-07T01:00Z,a4t:bkp63t,24,18,18.6,20,20.9,20,24,18.6,20,,,0,0,371.231,2.561,0,,19.5,0.053,8,280,25.612,89.691,1.95,1.056,,,,,1
2026-10-06T01:00Z,2026-10-08T01:00Z,a4t:bkp63t,48,29.9,30.5,23.9,24.5,22.4,24,30.5,22.4,,,0,0,256.28,1.719,0,,19.5,0.053,8,281,26.688,82.553,1.199,347.565,,,,,1
2026-10-06T01:00Z,2026-10-06T02:00Z,a4t:bkp64t,1,15.2,24.3,14.4,23.3,23.6,24,24.3,23.6,,,0,0.002,562.728,2.422,0.095,,23.6,0.454,9,279,27.172,84.546,1.907,47.913,,,,,1
2026-10-06T01:00Z,2026-10-06T04:00Z,a4t:bkp64t,3,12.6,19.8,14.3,23,23.6,24,19.8,23.6,,,0,0.002,925.114,2.581,0.089,,23.6,0.454,11,279,29.374,75.664,2.066,65.63,,,,,1
2026-10-06T01:00Z,2026-10-06T07:00Z,a4t:bkp64t,6,8.6,13.3,13.6,21.8,23.4,24,13.3,23.4,,,0,0.003,431.058,2.918,0.347,,23.6,0.454,14,279,28.411,79.935,2.152,11.15,,,,,1
2026-10-06T01:00Z,2026-10-06T13:00Z,a4t:bkp64t,12,14.3,20.8,12.5,19.7,22.8,24,20.8,22.8,,,0,0.001,87.896,0.88,0.486,,23.6,0.454,20,279,25.562,94.579,0.361,119.302,,,,,1
2026-10-06T01:00Z,2026-10-07T01:00Z,a4t:bkp64t,24,16.7,22.3,12.4,18.1,22.5,24,22.3,22.5,,,0,0,369.974,2.359,0,,23.6,0.454,8,280,25.67,89.627,1.794,1.276,,,,,1
2026-10-06T01:00Z,2026-10-08T01:00Z,a4t:bkp64t,48,25.2,30,18.2,22.6,26.4,24,30,26.4,,,0,0,242.292,1.477,0,,23.6,0.454,8,281,26.721,82.138,1.033,343.498,,,,,1
2026-10-06T01:00Z,2026-10-06T02:00Z,a4t:bkp65t,1,18.2,23.8,20.8,27.4,25.4,24,23.8,25.4,,,0,0.002,546.428,2.427,0.11,,25.3,0.266,9,279,27.101,84.838,1.917,41.464,,,,,1
2026-10-06T01:00Z,2026-10-06T04:00Z,a4t:bkp65t,3,18.9,24.4,20.9,27.5,25.4,24,24.4,25.4,,,0,0.002,884.326,2.701,0.108,,25.3,0.266,11,279,29.209,76.396,2.173,60.674,,,,,1
2026-10-06T01:00Z,2026-10-06T07:00Z,a4t:bkp65t,6,18.7,23.8,21,27.6,25.6,24,23.8,25.6,,,0,0.003,451.108,3.021,0.373,,25.3,0.266,14,279,28.367,79.823,2.236,14.892,,,,,1
2026-10-06T01:00Z,2026-10-06T13:00Z,a4t:bkp65t,12,27,33.3,22.3,28.8,26.2,24,33.3,26.2,,,0,0.001,92.607,0.772,0.654,,25.3,0.266,20,279,25.532,94.56,0.187,95.451,,,,,1
2026-10-06T01:00Z,2026-10-07T01:00Z,a4t:bkp65t,24,18,21.2,20,24.8,25.6,24,21.2,25.6,,,0,0,378.38,2.646,0,,25.3,0.266,8,280,25.571,89.735,2.001,1.727,,,,,1
2026-10-06T01:00Z,2026-10-08T01:00Z,a4t:bkp65t,48,29.9,33,23.9,27.1,28.4,24,33,28.4,,,0,0,260.303,1.808,0,,25.3,0.266,8,281,26.704,82.622,1.254,349.698,,,,,1
2026-10-06T01:00Z,2026-10-06T02:00Z,a4t:bkp66t,1,18.2,20.2,20.8,23.1,22.4,24,20.2,22.4,,,0,0.002,545.583,2.421,0.11,,22.4,0.101,9,279,27.099,84.85,1.913,41.287,,,,,1
2026-10-06T01:00Z,2026-10-06T04:00Z,a4t:bkp66t,3,18.9,20.9,20.9,23.2,22.5,24,20.9,22.5,,,0,0.002,883.028,2.713,0.109,,22.4,0.101,11,279,29.205,76.424,2.182,60.388,,,,,1
2026-10-06T01:00Z,2026-10-06T07:00Z,a4t:bkp66t,6,18.7,20.5,21,23.3,22.5,24,20.5,22.5,,,0,0.002,452.455,3.005,0.371,,22.4,0.101,14,279,28.371,79.805,2.223,15.219,,,,,1
2026-10-06T01:00Z,2026-10-06T13:00Z,a4t:bkp66t,12,27,29.3,22.3,24.6,22.9,24,29.3,22.9,,,0,0.001,92.702,0.771,0.662,,22.4,0.101,20,279,25.532,94.573,0.182,94.404,,,,,1
2026-10-06T01:00Z,2026-10-07T01:00Z,a4t:bkp66t,24,18,19.2,20,21.7,22.3,24,19.2,22.3,,,0,0,379.351,2.657,0,,22.4,0.101,8,280,25.566,89.74,2.006,1.815,,,,,1
2026-10-06T01:00Z,2026-10-08T01:00Z,a4t:bkp66t,48,29.9,31.1,23.9,25.1,24.5,24,31.1,24.5,,,0,0,260.758,1.819,0,,22.4,0.101,8,281,26.707,82.628,1.26,349.953,,,,,1
2026-10-06T01:00Z,2026-10-06T02:00Z,a4t:bkp67t,1,18.2,22.1,20.8,25.4,23.3,24,22.1,23.3,,,0,0.002,543.282,2.408,0.112,,23.2,0.19,9,279,27.093,84.881,1.904,40.78,,,,,1
2026-10-06T01:00Z,2026-10-06T04:00Z,a4t:bkp67t,3,18.9,22.8,20.9,25.5,23.3,24,22.8,23.3,,,0,0.002,879.403,2.746,0.11,,23.2,0.19,11,279,29.194,76.504,2.208,59.63,,,,,1
2026-10-06T01:00Z,2026-10-06T07:00Z,a4t:bkp67t,6,18.7,22.3,21,25.6,23.5,24,22.3,23.5,,,0,0.002,456.063,2.966,0.367,,23.2,0.19,14,279,28.38,79.757,2.19,16.105,,,,,1
2026-10-06T01:00Z,2026-10-06T13:00Z,a4t:bkp67t,12,27,31.5,22.3,26.9,24.1,24,31.5,24.1,,,0,0.001,92.987,0.771,0.683,,23.2,0.19,20,279,25.53,94.607,0.167,91.517,,,,,1
2026-10-06T01:00Z,2026-10-07T01:00Z,a4t:bkp67t,24,18,20.3,20,23.4,23.6,24,20.3,23.6,,,0,0,381.883,2.686,0,,23.2,0.19,8,280,25.551,89.756,2.023,2.034,,,,,1
2026-10-06T01:00Z,2026-10-08T01:00Z,a4t:bkp67t,48,29.9,32.1,23.9,26.2,26.2,24,32.1,26.2,,,0,0,262.046,1.849,0,,23.2,0.19,8,281,26.713,82.649,1.278,350.618,,,,,1
2026-10-06T01:00Z,2026-10-06T02:00Z,a4t:bkp69t,1,18.2,29.8,20.8,34.4,34.7,24,29.8,34.7,,,0,0.002,542.53,2.374,0.111,,34.7,0.483,9,279,27.098,84.886,1.877,41.279,,,,,1
2026-10-06T01:00Z,2026-10-06T04:00Z,a4t:bkp69t,3,18.9,30.3,20.9,34.5,34.7,24,30.3,34.7,,,0,0.002,881.174,2.786,0.108,,34.7,0.483,11,279,29.209,76.489,2.236,59.186,,,,,1
2026-10-06T01:00Z,2026-10-06T07:00Z,a4t:bkp69t,6,18.7,29.2,21,34.5,34.7,24,29.2,34.7,,,0,0.002,459.267,2.855,0.354,,34.7,0.483,14,279,28.409,79.67,2.098,17.174,,,,,1
2026-10-06T01:00Z,2026-10-06T13:00Z,a4t:bkp69t,12,27,39.8,22.3,35.7,35.2,24,39.8,35.2,,,0,0.001,92.22,0.781,0.682,,34.7,0.483,20,279,25.535,94.675,0.173,91.624,,,,,1
2026-10-06T01:00Z,2026-10-07T01:00Z,a4t:bkp69t,24,18,24.5,20,29.7,34.2,24,24.5,34.2,,,0,0,386.371,2.682,0,,34.7,0.483,8,280,25.546,89.747,2.012,2.731,,,,,1
2026-10-06T01:00Z,2026-10-08T01:00Z,a4t:bkp69t,48,29.9,35.9,23.9,30.2,37.1,24,35.9,37.1,,,0,0,260.824,1.833,0,,34.7,0.483,8,281,26.732,82.56,1.264,351.257,,,,,1
2026-10-06T01:00Z,2026-10-06T02:00Z,a4t:bkp70t,1,18.2,16.1,20.8,18.4,15.7,24,16.1,15.7,,,0,0.002,552.082,2.388,0.104,,15.6,-0.117,9,279,27.133,84.734,1.884,44.496,,,,,1
2026-10-06T01:00Z,2026-10-06T04:00Z,a4t:bkp70t,3,18.9,16.8,20.9,18.5,15.8,24,16.8,15.8,,,0,0.002,901.599,2.693,0.099,,15.6,-0.117,11,279,29.287,76.095,2.159,62.047,,,,,1
2026-10-06T01:00Z,2026-10-06T07:00Z,a4t:bkp70t,6,18.7,16.8,21,18.7,15.9,24,16.8,15.9,,,0,0.003,446.783,2.866,0.35,,15.6,-0.117,14,279,28.413,79.772,2.107,14.437,,,,,1
2026-10-06T01:00Z,2026-10-06T13:00Z,a4t:bkp70t,12,27,24.6,22.3,19.9,16.5,24,24.6,16.5,,,0,0.001,89.892,0.809,0.586,,15.6,-0.117,20,279,25.549,94.631,0.259,105.169,,,,,1
2026-10-06T01:00Z,2026-10-07T01:00Z,a4t:bkp70t,24,18,16.7,20,18.2,16.3,24,16.7,16.3,,,0,0,380.26,2.535,0,,15.6,-0.117,8,280,25.605,89.674,1.911,2.496,,,,,1
2026-10-06T01:00Z,2026-10-08T01:00Z,a4t:bkp70t,48,29.9,28.6,23.9,22.6,18.4,24,28.6,18.4,,,0,0,252.368,1.663,0,,15.6,-0.117,8,281,26.731,82.336,1.154,348.525,,,,,1
2026-10-06T01:00Z,2026-10-06T02:00Z,a4t:bkp71t,1,15.2,17.8,14.4,16.9,18.1,24,17.8,18.1,,,0,0.002,561.276,2.37,0.095,,18.1,0.15,9,279,27.177,84.571,1.866,48.697,,,,,1
2026-10-06T01:00Z,2026-10-06T04:00Z,a4t:bkp71t,3,12.6,14.7,14.3,16.7,18,24,14.7,18,,,0,0.002,926.214,2.649,0.087,,18.1,0.15,11,279,29.392,75.654,2.115,64.613,,,,,1
2026-10-06T01:00Z,2026-10-06T07:00Z,a4t:bkp71t,6,8.6,10,13.6,15.9,17.9,24,10,17.9,,,0,0.003,437.304,2.735,0.327,,18.1,0.15,14,279,28.457,79.775,1.999,12.737,,,,,1
2026-10-06T01:00Z,2026-10-06T13:00Z,a4t:bkp71t,12,14.3,16.2,12.5,14.5,17.3,24,16.2,17.3,,,0,0.001,86.512,0.894,0.485,,18.1,0.15,20,279,25.571,94.678,0.375,117.988,,,,,1
2026-10-06T01:00Z,2026-10-07T01:00Z,a4t:bkp71t,24,16.7,18.4,12.4,14.1,17,24,18.4,17,,,0,0,378.889,2.368,0,,18.1,0.15,8,280,25.661,89.594,1.786,3.026,,,,,1
2026-10-06T01:00Z,2026-10-08T01:00Z,a4t:bkp71t,48,25.2,26.7,18.2,19.5,19.7,24,26.7,19.7,,,0,0,241.387,1.46,0,,18.1,0.15,8,281,26.753,81.987,1.017,345.54,,,,,1
2026-10-06T01:00Z,2026-10-06T02:00Z,a4t:bkp72t,1,15.2,20.8,14.4,19.9,21.3,24,20.8,21.3,,,0,0.001,552.728,2.319,0.103,,21.3,0.301,9,279,27.148,84.727,1.83,46.394,,,,,1
2026-10-06T01:00Z,2026-10-06T04:00Z,a4t:bkp72t,3,12.6,17,14.3,19.6,21.2,24,17,21.2,,,0,0.001,908.687,2.764,0.094,,21.3,0.301,11,279,29.333,75.972,2.207,61.625,,,,,1
2026-10-06T01:00Z,2026-10-06T07:00Z,a4t:bkp72t,6,8.6,11.5,13.6,18.6,21,24,11.5,21,,,0,0.002,451.966,2.625,0.322,,21.3,0.301,14,279,28.477,79.581,1.906,16.205,,,,,1
2026-10-06T01:00Z,2026-10-06T13:00Z,a4t:bkp72t,12,14.3,18.3,12.5,16.9,20.4,24,18.3,20.4,,,0,0.001,87.332,0.848,0.558,,21.3,0.301,20,279,25.566,94.755,0.301,107.009,,,,,1
2026-10-06T01:00Z,2026-10-07T01:00Z,a4t:bkp72t,24,16.7,20.2,12.4,16,20,24,20.2,20,,,0,0,390.925,2.509,0,,21.3,0.301,8,280,25.609,89.608,1.875,4.72,,,,,1
2026-10-06T01:00Z,2026-10-08T01:00Z,a4t:bkp72t,48,25.2,28.3,18.2,21,23.1,24,28.3,23.1,,,0,0,248.835,1.599,0,,21.3,0.301,8,281,26.775,82.067,1.105,350.332,,,,,1
2026-10-06T01:00Z,2026-10-06T02:00Z,a4t:bkp73t,1,14.9,14.7,30.7,30.4,30,24,14.7,30,,,0,0.003,564.05,2.491,0.097,,30,-0.011,9,279,27.159,84.55,1.961,46.496,,,,,1
2026-10-06T01:00Z,2026-10-06T04:00Z,a4t:bkp73t,3,13.2,13.1,29.6,29.2,30,24,13.1,30,,,0,0.003,919.832,2.504,0.094,,30,-0.011,11,279,29.336,75.714,2.012,66.786,,,,,1
2026-10-06T01:00Z,2026-10-06T07:00Z,a4t:bkp73t,6,14.4,14.2,27.3,27,29.7,24,14.2,29.7,,,0,0.003,424.843,3.176,0.378,,30,-0.011,14,279,28.345,80.115,2.366,9.53,,,,,1
2026-10-06T01:00Z,2026-10-06T13:00Z,a4t:bkp73t,12,36.1,35.8,24.7,24.4,28.8,24,35.8,28.8,,,0,0.002,89.557,0.858,0.489,,30,-0.011,20,279,25.551,94.423,0.333,118.971,,,,,1
2026-10-06T01:00Z,2026-10-07T01:00Z,a4t:bkp73t,24,17.9,17.8,23,22.8,27.7,24,17.8,27.7,,,0,0,361.11,2.38,0,,30,-0.011,8,280,25.679,89.639,1.828,359.81,,,,,1
2026-10-06T01:00Z,2026-10-08T01:00Z,a4t:bkp73t,48,24.9,24.8,23.1,23,26.4,24,24.8,26.4,,,0,0,245.736,1.527,0,,30,-0.011,8,281,26.68,82.336,1.073,342.518,,,,,1
2026-10-06T01:00Z,2026-10-06T02:00Z,a4t:bkp74t,1,14.9,8.8,30.7,18.3,16,24,8.8,16,,,0,0.003,573.871,2.549,0.088,,15.9,-0.497,9,279,27.192,84.374,2.002,48.958,,,,,1
2026-10-06T01:00Z,2026-10-06T04:00Z,a4t:bkp74t,3,13.2,7.9,29.6,17.6,16,24,7.9,16,,,0,0.003,939.739,2.391,0.086,,15.9,-0.497,11,279,29.404,75.348,1.92,70.84,,,,,1
2026-10-06T01:00Z,2026-10-06T07:00Z,a4t:bkp74t,6,14.4,8.9,27.3,16.3,15.9,24,8.9,15.9,,,0,0.003,408.334,3.318,0.385,,15.9,-0.497,14,279,28.322,80.33,2.487,6.546,,,,,1
2026-10-06T01:00Z,2026-10-06T13:00Z,a4t:bkp74t,12,36.1,24.2,24.7,15.1,15.6,24,24.2,15.6,,,0,0.002,88.509,0.95,0.403,,15.9,-0.497,20,279,25.557,94.334,0.416,129.975,,,,,1
2026-10-06T01:00Z,2026-10-07T01:00Z,a4t:bkp74t,24,17.9,13,23,15.4,15.2,24,13,15.2,,,0,0,347.931,2.229,0,,15.9,-0.497,8,280,25.738,89.616,1.733,357.583,,,,,1
2026-10-06T01:00Z,2026-10-08T01:00Z,a4t:bkp74t,48,24.9,20.6,23.1,18.2,14.8,24,20.6,14.8,,,0,0,237.356,1.391,0,,15.9,-0.497,8,281,26.656,82.237,0.982,336.13,,,,,1
2026-10-06T01:00Z,2026-10-06T02:00Z,a4t:bkp75t,1,11.8,13.4,18.9,21.4,18.6,24,13.4,18.6,,,0,0.003,578.985,2.525,0.078,,18.5,0.121,9,279,27.231,84.224,1.979,52.263,,,,,1
2026-10-06T01:00Z,2026-10-06T04:00Z,a4t:bkp75t,3,9,10.2,17.9,20.4,18.6,24,10.2,18.6,,,0,0.003,961.027,2.388,0.075,,18.5,0.121,11,279,29.498,75.046,1.908,72.328,,,,,1
2026-10-06T01:00Z,2026-10-06T07:00Z,a4t:bkp75t,6,6.2,7,16.1,18.3,18.5,24,7,18.5,,,0,0.004,402.31,3.134,0.352,,18.5,0.121,14,279,28.381,80.317,2.338,5.765,,,,,1
2026-10-06T01:00Z,2026-10-06T13:00Z,a4t:bkp75t,12,17.3,19.1,13.2,15,17.7,24,19.1,17.7,,,0,0.002,86.51,1.055,0.349,,18.5,0.121,20,279,25.569,94.462,0.512,137.216,,,,,1
2026-10-06T01:00Z,2026-10-07T01:00Z,a4t:bkp75t,24,18.8,20.3,13.6,15,17.5,24,20.3,17.5,,,0,0,345.297,2.086,0,,18.5,0.121,8,280,25.767,89.631,1.619,356.456,,,,,1
2026-10-06T01:00Z,2026-10-08T01:00Z,a4t:bkp75t,48,25.3,26.5,18.1,19.2,19.5,24,26.5,19.5,,,0,0,226.431,1.249,0,,18.5,0.121,8,281,26.68,81.988,0.876,329.911,,,,,1
2026-10-06T01:00Z,2026-10-06T02:00Z,a4t:bkp77t,1,11.8,9.9,18.9,15.9,15,24,9.9,15,,,0,0.002,573.623,2.442,0.082,,15,-0.166,9,279,27.224,84.324,1.916,52.3,,,,,1
2026-10-06T01:00Z,2026-10-06T04:00Z,a4t:bkp77t,3,9,7.6,17.9,15.1,15,24,7.6,15,,,0,0.002,954.396,2.502,0.075,,15,-0.166,11,279,29.492,75.173,1.994,69.324,,,,,1
2026-10-06T01:00Z,2026-10-06T07:00Z,a4t:bkp77t,6,6.2,5.2,16.1,13.5,14.8,24,5.2,14.8,,,0,0.003,415.965,2.863,0.328,,15,-0.166,14,279,28.441,80.048,2.109,8.353,,,,,1
2026-10-06T01:00Z,2026-10-06T13:00Z,a4t:bkp77t,12,17.3,15.1,13.2,11.2,14.1,24,15.1,14.1,,,0,0.001,85.24,1.018,0.379,,15,-0.166,20,279,25.578,94.607,0.495,132.308,,,,,1
2026-10-06T01:00Z,2026-10-07T01:00Z,a4t:bkp77t,24,18.8,16.9,13.6,11.9,13.8,24,16.9,13.8,,,0,0,361.033,2.15,0,,15,-0.166,8,280,25.735,89.595,1.644,359.828,,,,,1
2026-10-06T01:00Z,2026-10-08T01:00Z,a4t:bkp77t,48,25.3,23.7,18.1,16.8,15.1,24,23.7,15.1,,,0,0,228.825,1.263,0,,15,-0.166,8,281,26.727,81.848,0.885,335.779,,,,,1
2026-10-06T01:00Z,2026-10-06T02:00Z,a4t:bkp78t,1,15.2,21.4,14.4,20.5,22.3,24,21.4,22.3,,,0,0.001,576.687,2.345,0.081,,22.4,0.333,9,279,27.256,84.302,1.837,56.61,,,,,1
2026-10-06T01:00Z,2026-10-06T04:00Z,a4t:bkp78t,3,12.6,17.6,14.3,20.2,22.3,24,17.6,22.3,,,0,0.002,969.641,2.618,0.065,,22.4,0.333,11,279,29.584,74.876,2.071,68.729,,,,,1
2026-10-06T01:00Z,2026-10-06T07:00Z,a4t:bkp78t,6,8.6,11.9,13.6,19.2,22.1,24,11.9,22.1,,,0,0.003,424.075,2.417,0.278,,22.4,0.333,14,279,28.556,79.694,1.736,10.191,,,,,1
2026-10-06T01:00Z,2026-10-06T13:00Z,a4t:bkp78t,12,14.3,18.8,12.5,17.4,21.4,24,18.8,21.4,,,0,0.001,79.803,1.129,0.305,,22.4,0.333,20,279,25.614,94.808,0.597,133.474,,,,,1
2026-10-06T01:00Z,2026-10-07T01:00Z,a4t:bkp78t,24,16.7,20.7,12.4,16.4,20.9,24,20.7,20.9,,,0,0,381.504,2.086,0,,22.4,0.333,8,280,25.755,89.43,1.567,5.331,,,,,1
2026-10-06T01:00Z,2026-10-08T01:00Z,a4t:bkp78t,48,25.2,28.6,18.2,21.3,24.1,24,28.6,24.1,,,0,0,221.896,1.108,0,,22.4,0.333,8,281,26.809,81.294,0.772,339.363,,,,,1
2026-10-06T01:00Z,2026-10-06T02:00Z,a4t:bkp79t,1,11.8,11.1,18.9,17.7,19.4,24,11.1,19.4,,,0,0.002,578.708,2.439,0.076,,19.4,-0.059,9,279,27.253,84.213,1.91,54.924,,,,,1
2026-10-06T01:00Z,2026-10-06T04:00Z,a4t:bkp79t,3,9,8.5,17.9,16.9,19.2,24,8.5,19.2,,,0,0.002,970.442,2.487,0.067,,19.4,-0.059,11,279,29.561,74.912,1.976,70.87,,,,,1
2026-10-06T01:00Z,2026-10-06T07:00Z,a4t:bkp79t,6,6.2,5.8,16.1,15.1,18.9,24,5.8,18.9,,,0,0.003,410.3,2.762,0.309,,19.4,-0.059,14,279,28.475,80.05,2.028,7.341,,,,,1
2026-10-06T01:00Z,2026-10-06T13:00Z,a4t:bkp79t,12,17.3,16.5,13.2,12.5,17.9,24,16.5,17.9,,,0,0.001,83.396,1.109,0.324,,19.4,-0.059,20,279,25.589,94.664,0.573,137.361,,,,,1
2026-10-06T01:00Z,2026-10-07T01:00Z,a4t:bkp79t,24,18.8,18.1,13.6,13,17.3,24,18.1,17.3,,,0,0,359.332,2.04,0,,19.4,-0.059,8,280,25.765,89.572,1.56,359.559,,,,,1
2026-10-06T01:00Z,2026-10-08T01:00Z,a4t:bkp79t,48,25.3,24.7,18.1,17.6,18.2,24,24.7,18.2,,,0,0,221.192,1.151,0,,19.4,-0.059,8,281,26.742,81.644,0.803,331.244,,,,,1
2026-10-06T01:00Z,2026-10-06T02:00Z,a4t:bkp80t,1,11.8,11.8,18.9,19,17,24,11.8,17,,,0,0.002,596.578,2.508,0.05,,16.9,0.003,9,279,27.352,83.786,1.95,62.866,,,,,1
2026-10-06T01:00Z,2026-10-06T04:00Z,a4t:bkp80t,3,9,9,17.9,18,17,24,9,17,,,0,0.003,1025.882,2.395,0.04,,16.9,0.003,11,279,29.787,74.055,1.883,77.401,,,,,1
2026-10-06T01:00Z,2026-10-06T07:00Z,a4t:bkp80t,6,6.2,6.2,16.1,16.1,16.8,24,6.2,16.8,,,0,0.004,384.177,2.592,0.259,,16.9,0.003,14,279,28.554,80.239,1.9,2.331,,,,,1
2026-10-06T01:00Z,2026-10-06T13:00Z,a4t:bkp80t,12,17.3,17.3,13.2,13.3,16.1,24,17.3,16.1,,,0,0.001,79.146,1.464,0.154,,16.9,0.003,20,279,25.614,94.805,0.836,151.118,,,,,1
2026-10-06T01:00Z,2026-10-07T01:00Z,a4t:bkp80t,24,18.8,18.8,13.6,13.6,15.9,24,18.8,15.9,,,0,0,341.636,1.653,0,,16.9,0.003,8,280,25.87,89.588,1.276,354.203,,,,,1
2026-10-06T01:00Z,2026-10-08T01:00Z,a4t:bkp80t,48,25.3,25.3,18.1,18.1,17.5,24,25.3,17.5,,,0,0,194.339,0.919,0,,16.9,0.003,8,281,26.76,81.137,0.594,303.291,,,,,1
2026-10-06T01:00Z,2026-10-06T02:00Z,a4t:bkp81t,1,15.2,25.6,14.4,24.6,27.1,24,25.6,27.1,,,0,0.001,557.145,2.339,0.099,,27.2,0.504,9,279,27.164,84.649,1.843,47.731,,,,,1
2026-10-06T01:00Z,2026-10-06T04:00Z,a4t:bkp81t,3,12.6,20.8,14.3,24.2,27,24,20.8,27,,,0,0.002,918.048,2.711,0.09,,27.2,0.504,11,279,29.366,75.8,2.164,63.075,,,,,1
2026-10-06T01:00Z,2026-10-06T07:00Z,a4t:bkp81t,6,8.6,14,13.6,23,26.8,24,14,26.8,,,0,0.002,445.021,2.66,0.323,,27.2,0.504,14,279,28.472,79.662,1.936,14.551,,,,,1
2026-10-06T01:00Z,2026-10-06T13:00Z,a4t:bkp81t,12,14.3,21.7,12.5,20.7,25.9,24,21.7,25.9,,,0,0.001,86.671,0.872,0.518,,27.2,0.504,20,279,25.57,94.724,0.342,112.774,,,,,1
2026-10-06T01:00Z,2026-10-07T01:00Z,a4t:bkp81t,24,16.7,23,12.4,18.9,25.3,24,23,25.3,,,0,0,385.885,2.436,0,,27.2,0.504,8,280,25.636,89.593,1.828,4.135,,,,,1
2026-10-06T01:00Z,2026-10-08T01:00Z,a4t:bkp81t,48,25.2,30.5,18.2,23.2,29,24,30.5,29,,,0,0,244.861,1.522,0,,27.2,0.504,8,281,26.768,82.002,1.056,348.255,,,,,1
2026-10-06T01:00Z,2026-10-06T02:00Z,a4t:bkp82t,1,18.2,16.6,20.8,19,16.2,24,16.6,16.2,,,0,0.002,537.693,2.436,0.116,,16.1,-0.089,9,279,27.067,84.975,1.927,38.3,,,,,1
2026-10-06T01:00Z,2026-10-06T04:00Z,a4t:bkp82t,3,18.9,17.3,20.9,19.1,16.3,24,17.3,16.3,,,0,0.002,864.676,2.773,0.117,,16.1,-0.089,11,279,29.13,76.774,2.234,58.203,,,,,1
2026-10-06T01:00Z,2026-10-06T07:00Z,a4t:bkp82t,6,18.7,17.2,21,19.2,16.4,24,17.2,16.4,,,0,0.002,461.261,3.057,0.382,,16.1,-0.089,14,279,28.351,79.77,2.267,16.889,,,,,1
2026-10-06T01:00Z,2026-10-06T13:00Z,a4t:bkp82t,12,27,25.1,22.3,20.4,17,24,25.1,17,,,0,0.001,95.228,0.768,0.747,,16.1,-0.089,20,279,25.515,94.577,0.13,82.252,,,,,1
2026-10-06T01:00Z,2026-10-07T01:00Z,a4t:bkp82t,24,18,17,20,18.6,16.8,24,17,16.8,,,0,0,381.634,2.784,0,,16.1,-0.089,8,280,25.517,89.816,2.098,1.533,,,,,1
2026-10-06T01:00Z,2026-10-08T01:00Z,a4t:bkp82t,48,29.9,28.9,23.9,22.9,19,24,28.9,19,,,0,0,268.517,1.974,0,,16.1,-0.089,8,281,26.697,82.877,1.362,351.538,,,,,1
2026-10-06T01:00Z,2026-10-06T02:00Z,a4t:bkp83t,1,18.2,15.7,20.8,18,16.7,24,15.7,16.7,,,0,0.002,542.45,2.429,0.113,,16.7,-0.14,9,279,27.085,84.901,1.92,40.028,,,,,1
2026-10-06T01:00Z,2026-10-06T04:00Z,a4t:bkp83t,3,18.9,16.4,20.9,18.1,16.8,24,16.4,16.8,,,0,0.002,875.342,2.735,0.113,,16.7,-0.14,11,279,29.173,76.567,2.201,59.524,,,,,1
2026-10-06T01:00Z,2026-10-06T07:00Z,a4t:bkp83t,6,18.7,16.4,21,18.2,16.9,24,16.4,16.9,,,0,0.002,455.857,3.035,0.377,,16.7,-0.14,14,279,28.36,79.796,2.247,15.831,,,,,1
2026-10-06T01:00Z,2026-10-06T13:00Z,a4t:bkp83t,12,27,24.1,22.3,19.4,17.3,24,24.1,17.3,,,0,0.001,93.758,0.766,0.696,,16.7,-0.14,20,279,25.525,94.568,0.156,89.425,,,,,1
2026-10-06T01:00Z,2026-10-07T01:00Z,a4t:bkp83t,24,18,16.5,20,17.8,16.9,24,16.5,16.9,,,0,0,380.101,2.71,0,,16.7,-0.14,8,280,25.546,89.769,2.045,1.691,,,,,1
2026-10-06T01:00Z,2026-10-08T01:00Z,a4t:bkp83t,48,29.9,28.3,23.9,22.4,18.7,24,28.3,18.7,,,0,0,264.078,1.883,0,,16.7,-0.14,8,281,26.702,82.734,1.303,350.64,,,,,1
2026-10-06T01:00Z,2026-10-06T02:00Z,a4t:bkp84t,1,18.2,23.6,20.8,27.1,24.5,24,23.6,24.5,,,0,0.002,539.393,2.46,0.117,,24.4,0.253,9,279,27.066,84.962,1.946,38.32,,,,,1
2026-10-06T01:00Z,2026-10-06T04:00Z,a4t:bkp84t,3,18.9,24.2,20.9,27.2,24.6,24,24.2,24.6,,,0,0.002,865.236,2.736,0.118,,24.4,0.253,11,279,29.126,76.738,2.207,58.825,,,,,1
2026-10-06T01:00Z,2026-10-06T07:00Z,a4t:bkp84t,6,18.7,23.6,21,27.3,24.7,24,23.6,24.7,,,0,0.003,457.998,3.137,0.392,,24.4,0.253,14,279,28.33,79.833,2.332,15.918,,,,,1
2026-10-06T01:00Z,2026-10-06T13:00Z,a4t:bkp84t,12,27,33.1,22.3,28.5,25.4,24,33.1,25.4,,,0,0.001,95.334,0.764,0.733,,24.4,0.253,20,279,25.515,94.518,0.138,83.476,,,,,1
2026-10-06T01:00Z,2026-10-07T01:00Z,a4t:bkp84t,24,18,21.1,20,24.6,24.9,24,21.1,24.9,,,0,0,378.755,2.775,0,,24.4,0.253,8,280,25.528,89.8,2.098,1.288,,,,,1
2026-10-06T01:00Z,2026-10-08T01:00Z,a4t:bkp84t,48,29.9,32.9,23.9,27.1,27.8,24,32.9,27.8,,,0,0,268.828,1.969,0,,24.4,0.253,8,281,26.685,82.903,1.362,351.181,,,,,1
2026-10-06T01:00Z,2026-10-06T02:00Z,a4t:bkp85t,1,18.2,19.9,20.8,22.7,19,24,19.9,19,,,0,0.003,543.912,2.476,0.114,,18.9,0.084,9,279,27.078,84.904,1.957,39.429,,,,,1
2026-10-06T01:00Z,2026-10-06T04:00Z,a4t:bkp85t,3,18.9,20.5,20.9,22.8,19.1,24,20.5,19.1,,,0,0.002,872.602,2.68,0.115,,18.9,0.084,11,279,29.151,76.574,2.163,60.251,,,,,1
2026-10-06T01:00Z,2026-10-06T07:00Z,a4t:bkp85t,6,18.7,20.2,21,22.9,19.3,24,20.2,19.3,,,0,0.003,451.71,3.192,0.397,,18.9,0.084,14,279,28.318,79.903,2.377,14.468,,,,,1
2026-10-06T01:00Z,2026-10-06T13:00Z,a4t:bkp85t,12,27,28.9,22.3,24.2,20.1,24,28.9,20.1,,,0,0.001,94.482,0.76,0.689,,18.9,0.084,20,279,25.52,94.461,0.159,89.202,,,,,1
2026-10-06T01:00Z,2026-10-07T01:00Z,a4t:bkp85t,24,18,19,20,21.4,19.8,24,19,19.8,,,0,0,375.278,2.719,0,,18.9,0.084,8,280,25.556,89.758,2.064,1.163,,,,,1
2026-10-06T01:00Z,2026-10-08T01:00Z,a4t:bkp85t,48,29.9,30.9,23.9,24.9,22.5,24,30.9,22.5,,,0,0,266.223,1.907,0,,18.9,0.084,8,281,26.677,82.833,1.324,350.273,,,,,1
2026-10-06T01:00Z,2026-10-06T02:00Z,a4t:bkp86t,1,18.2,17.3,20.8,19.8,18.6,24,17.3,18.6,,,0,0.003,540.171,2.53,0.121,,18.6,-0.046,9,279,27.049,85,2.001,36.982,,,,,1
2026-10-06T01:00Z,2026-10-06T04:00Z,a4t:bkp86t,3,18.9,18.1,20.9,19.9,18.7,24,18.1,18.7,,,0,0.003,857.137,2.675,0.124,,18.6,-0.046,11,279,29.08,76.808,2.165,59.431,,,,,1
2026-10-06T01:00Z,2026-10-06T07:00Z,a4t:bkp86t,6,18.7,17.9,21,20.1,18.8,24,17.9,18.8,,,0,0.003,454.459,3.367,0.424,,18.6,-0.046,14,279,28.267,79.959,2.522,14.391,,,,,1
2026-10-06T01:00Z,2026-10-06T13:00Z,a4t:bkp86t,12,27,26,22.3,21.3,19.2,24,26,19.2,,,0,0.001,96.521,0.768,0.735,,18.6,-0.046,20,279,25.508,94.356,0.16,80.504,,,,,1
2026-10-06T01:00Z,2026-10-07T01:00Z,a4t:bkp86t,24,18,17.5,20,19.2,18.7,24,17.5,18.7,,,0,0,374.057,2.82,0,,18.6,-0.046,8,280,25.534,89.774,2.148,0.97,,,,,1
2026-10-06T01:00Z,2026-10-08T01:00Z,a4t:bkp86t,48,29.9,29.4,23.9,23.4,20.7,24,29.4,20.7,,,0,0,273.981,2.038,0,,18.6,-0.046,8,281,26.651,83.068,1.414,351.496,,,,,1
2026-10-06T01:00Z,2026-10-06T02:00Z,a4t:bkp87t,1,18.2,19.7,20.8,22.6,20,24,19.7,20,,,0,0.003,527.098,2.572,0.131,,19.9,0.077,9,279,26.996,85.205,2.037,32.351,,,,,1
2026-10-06T01:00Z,2026-10-06T04:00Z,a4t:bkp87t,3,18.9,20.4,20.9,22.7,20.1,24,20.4,20.1,,,0,0.003,826.949,2.778,0.138,,19.9,0.077,11,279,28.956,77.387,2.254,55.855,,,,,1
2026-10-06T01:00Z,2026-10-06T07:00Z,a4t:bkp87t,6,18.7,20.1,21,22.8,20.2,24,20.1,20.2,,,0,0.003,468.898,3.452,0.441,,19.9,0.077,14,279,28.235,79.905,2.594,16.853,,,,,1
2026-10-06T01:00Z,2026-10-06T13:00Z,a4t:bkp87t,12,27,28.7,22.3,24,20.8,24,28.7,20.8,,,0,0.001,100.749,0.842,0.876,,19.9,0.077,20,279,25.481,94.365,0.226,62.025,,,,,1
2026-10-06T01:00Z,2026-10-07T01:00Z,a4t:bkp87t,24,18,18.9,20,21.3,20.5,24,18.9,20.5,,,0,0,377.539,3.029,0,,19.9,0.077,8,280,25.454,89.903,2.297,0.527,,,,,1
2026-10-06T01:00Z,2026-10-08T01:00Z,a4t:bkp87t,48,29.9,30.8,23.9,24.8,22.9,24,30.8,22.9,,,0,0,286.686,2.295,0,,19.9,0.077,8,281,26.634,83.483,1.582,353.494,,,,,1
2026-10-06T01:00Z,2026-10-06T02:00Z,a4t:bkp88t,1,18.2,19.1,20.8,21.9,19.4,24,19.1,19.4,,,0,0.002,535.539,2.468,0.119,,19.3,0.048,9,279,27.051,85.021,1.953,36.915,,,,,1
2026-10-06T01:00Z,2026-10-06T04:00Z,a4t:bkp88t,3,18.9,19.8,20.9,22,19.5,24,19.8,19.5,,,0,0.002,856.478,2.767,0.122,,19.3,0.048,11,279,29.091,76.908,2.233,57.77,,,,,1
2026-10-06T01:00Z,2026-10-06T07:00Z,a4t:bkp88t,6,18.7,19.6,21,22.1,19.6,24,19.6,19.6,,,0,0.002,462.271,3.159,0.396,,19.3,0.048,14,279,28.322,79.815,2.351,16.716,,,,,1
2026-10-06T01:00Z,2026-10-06T13:00Z,a4t:bkp88t,12,27,28.1,22.3,23.4,20.2,24,28.1,20.2,,,0,0.001,96.568,0.773,0.775,,19.3,0.048,20,279,25.507,94.522,0.131,77.669,,,,,1
2026-10-06T01:00Z,2026-10-07T01:00Z,a4t:bkp88t,24,18,18.6,20,20.8,19.9,24,18.6,19.9,,,0,0,379.802,2.835,0,,19.3,0.048,8,280,25.504,89.839,2.141,1.137,,,,,1
2026-10-06T01:00Z,2026-10-08T01:00Z,a4t:bkp88t,48,29.9,30.5,23.9,24.5,22.2,24,30.5,22.2,,,0,0,272.486,2.043,0,,19.3,0.048,8,281,26.68,83.023,1.41,351.837,,,,,1
2026-10-06T01:00Z,2026-10-06T02:00Z,a4t:bkp89t,1,18.2,18.3,20.8,20.9,19.9,24,18.3,19.9,,,0,0.003,520.014,2.564,0.132,,19.9,0.003,9,279,26.98,85.274,2.031,30.671,,,,,1
2026-10-06T01:00Z,2026-10-06T04:00Z,a4t:bkp89t,3,18.9,19,20.9,21,20,24,19,20,,,0,0.003,816.816,2.859,0.141,,19.9,0.003,11,279,28.92,77.647,2.317,53.932,,,,,1
2026-10-06T01:00Z,2026-10-06T07:00Z,a4t:bkp89t,6,18.7,18.8,21,21.1,20,24,18.8,20,,,0,0.002,476.99,3.388,0.432,,19.9,0.003,14,279,28.25,79.838,2.544,18.807,,,,,1
2026-10-06T01:00Z,2026-10-06T13:00Z,a4t:bkp89t,12,27,27.1,22.3,22.4,20.4,24,27.1,20.4,,,0,0.001,102.632,0.884,0.951,,19.9,0.003,20,279,25.468,94.46,0.254,55.39,,,,,1
2026-10-06T01:00Z,2026-10-07T01:00Z,a4t:bkp89t,24,18,18,20,20.1,20,24,18,20,,,0,0,379.565,3.102,0,,19.9,0.003,8,280,25.409,90.007,2.341,359.984,,,,,1
2026-10-06T01:00Z,2026-10-08T01:00Z,a4t:bkp89t,48,29.9,29.9,23.9,23.9,22,24,29.9,22,,,0,0,289.71,2.382,0,,19.9,0.003,8,281,26.639,83.634,1.635,353.71,,,,,1
2026-10-06T01:00Z,2026-10-06T02:00Z,a4t:bkp90t,1,18.2,20.3,20.8,23.3,20.3,24,20.3,20.3,,,0,0.002,514.765,2.5,0.13,,20.2,0.108,9,279,26.985,85.285,1.981,30.444,,,,,1
2026-10-06T01:00Z,2026-10-06T04:00Z,a4t:bkp90t,3,18.9,21,20.9,23.4,20.4,24,21,20.4,,,0,0.002,816.8,2.963,0.139,,20.2,0.108,11,279,28.935,77.762,2.394,52.412,,,,,1
2026-10-06T01:00Z,2026-10-06T07:00Z,a4t:bkp90t,6,18.7,20.7,21,23.5,20.6,24,20.7,20.6,,,0,0.002,484.851,3.175,0.4,,20.2,0.108,14,279,28.311,79.7,2.371,21.612,,,,,1
2026-10-06T01:00Z,2026-10-06T13:00Z,a4t:bkp90t,12,27,29.5,22.3,24.8,21.2,24,29.5,21.2,,,0,0.001,102.996,0.897,0.999,,20.2,0.108,20,279,25.465,94.651,0.234,53.054,,,,,1
2026-10-06T01:00Z,2026-10-07T01:00Z,a4t:bkp90t,24,18,19.3,20,21.9,20.9,24,19.3,20.9,,,0,0,384.158,3.111,0,,20.2,0.108,8,280,25.375,90.101,2.329,359.754,,,,,1
2026-10-06T01:00Z,2026-10-08T01:00Z,a4t:bkp90t,48,29.9,31.2,23.9,25.2,23.5,24,31.2,23.5,,,0,0,287.461,2.382,0,,20.2,0.108,8,281,26.669,83.609,1.628,353.581,,,,,1
2026-10-06T01:00Z,2026-10-06T02:00Z,a4t:bkp91t,1,18.2,15.9,20.8,18.2,15.4,24,15.9,15.4,,,0,0.002,532.682,2.389,0.118,,15.3,-0.127,9,279,27.061,85.03,1.892,37.638,,,,,1
2026-10-06T01:00Z,2026-10-06T04:00Z,a4t:bkp91t,3,18.9,16.7,20.9,18.3,15.5,24,16.7,15.5,,,0,0.002,859.569,2.864,0.118,,15.3,-0.127,11,279,29.121,76.917,2.303,56.575,,,,,1
2026-10-06T01:00Z,2026-10-06T07:00Z,a4t:bkp91t,6,18.7,16.6,21,18.4,15.6,24,16.6,15.6,,,0,0.002,469.912,2.909,0.364,,15.3,-0.127,14,279,28.39,79.63,2.145,19.385,,,,,1
2026-10-06T01:00Z,2026-10-06T13:00Z,a4t:bkp91t,12,27,24.4,22.3,19.7,16.2,24,24.4,16.2,,,0,0.001,95.429,0.785,0.789,,15.3,-0.127,20,279,25.514,94.696,0.109,77.321,,,,,1
2026-10-06T01:00Z,2026-10-07T01:00Z,a4t:bkp91t,24,18,16.6,20,18,16,24,16.6,16,,,0,0,388.488,2.83,0,,15.3,-0.127,8,280,25.486,89.855,2.117,2.106,,,,,1
2026-10-06T01:00Z,2026-10-08T01:00Z,a4t:bkp91t,48,29.9,28.5,23.9,22.5,18.1,24,28.5,18.1,,,0,0,269.663,2.017,0,,15.3,-0.127,8,281,26.721,82.868,1.384,352.708,,,,,1
2026-10-06T01:00Z,2026-10-06T02:00Z,a4t:bkp92t,1,18.2,21.5,20.8,24.7,22.7,24,21.5,22.7,,,0,0.003,546.589,2.468,0.112,,22.6,0.163,9,279,27.09,84.856,1.95,40.537,,,,,1
2026-10-06T01:00Z,2026-10-06T04:00Z,a4t:bkp92t,3,18.9,22.2,20.9,24.8,22.7,24,22.2,22.7,,,0,0.002,879.585,2.663,0.112,,22.6,0.163,11,279,29.181,76.449,2.147,61.004,,,,,1
2026-10-06T01:00Z,2026-10-06T07:00Z,a4t:bkp92t,6,18.7,21.8,21,24.9,22.9,24,21.8,22.9,,,0,0.003,448.742,3.162,0.391,,22.6,0.163,14,279,28.329,79.911,2.352,13.985,,,,,1
2026-10-06T01:00Z,2026-10-06T13:00Z,a4t:bkp92t,12,27,30.8,22.3,26.2,23.4,24,30.8,23.4,,,0,0.001,93.58,0.763,0.661,,22.6,0.163,20,279,25.526,94.471,0.176,93.699,,,,,1
2026-10-06T01:00Z,2026-10-07T01:00Z,a4t:bkp92t,24,18,20,20,22.9,23,24,20,23,,,0,0,374.495,2.671,0,,22.6,0.163,8,280,25.572,89.737,2.029,1.202,,,,,1
2026-10-06T01:00Z,2026-10-08T01:00Z,a4t:bkp92t,48,29.9,31.8,23.9,25.9,25.5,24,31.8,25.5,,,0,0,263.119,1.849,0,,22.6,0.163,8,281,26.682,82.74,1.285,349.579,,,,,1
2026-10-06T01:00Z,2026-10-06T02:00Z,a4t:bkp93t,1,18.2,17.4,20.8,19.9,16.1,24,17.4,16.1,,,0,0.002,557.508,2.436,0.101,,16,-0.041,9,279,27.145,84.649,1.92,45.393,,,,,1
2026-10-06T01:00Z,2026-10-06T04:00Z,a4t:bkp93t,3,18.9,18.1,20.9,20,16.2,24,18.1,16.2,,,0,0.002,909.8,2.603,0.097,,16,-0.041,11,279,29.309,75.924,2.089,64.128,,,,,1
2026-10-06T01:00Z,2026-10-06T07:00Z,a4t:bkp93t,6,18.7,18,21,20.1,16.5,24,18,16.5,,,0,0.003,436.665,3.009,0.363,,16,-0.041,14,279,28.381,79.933,2.227,12.051,,,,,1
2026-10-06T01:00Z,2026-10-06T13:00Z,a4t:bkp93t,12,27,26.1,22.3,21.4,17.2,24,26.1,17.2,,,0,0.001,89.804,0.824,0.543,,16,-0.041,20,279,25.55,94.534,0.292,111.648,,,,,1
2026-10-06T01:00Z,2026-10-07T01:00Z,a4t:bkp93t,24,18,17.5,20,19.3,17,24,17.5,17,,,0,0,371.256,2.464,0,,16,-0.041,8,280,25.638,89.661,1.874,1.247,,,,,1
2026-10-06T01:00Z,2026-10-08T01:00Z,a4t:bkp93t,48,29.9,29.4,23.9,23.5,19.5,24,29.4,19.5,,,0,0,249.384,1.6,0,,16,-0.041,8,281,26.706,82.343,1.117,345.85,,,,,1
2026-10-06T01:00Z,2026-10-06T02:00Z,a4t:bkp94t,1,18.2,24,20.8,27.7,24.8,24,24,24.8,,,0,0.002,550.485,2.377,0.105,,24.7,0.273,9,279,27.128,84.759,1.876,44.146,,,,,1
2026-10-06T01:00Z,2026-10-06T04:00Z,a4t:bkp94t,3,18.9,24.6,20.9,27.8,24.9,24,24.6,24.9,,,0,0.002,898.849,2.717,0.1,,24.7,0.273,11,279,29.278,76.15,2.177,61.486,,,,,1
2026-10-06T01:00Z,2026-10-06T07:00Z,a4t:bkp94t,6,18.7,24,21,27.8,25.1,24,24,25.1,,,0,0.002,449.541,2.836,0.347,,24.7,0.273,14,279,28.42,79.733,2.082,15.103,,,,,1
2026-10-06T01:00Z,2026-10-06T13:00Z,a4t:bkp94t,12,27,33.5,22.3,29.1,25.8,24,33.5,25.8,,,0,0.001,90.012,0.805,0.6,,24.7,0.273,20,279,25.549,94.653,0.248,103.124,,,,,1
2026-10-06T01:00Z,2026-10-07T01:00Z,a4t:bkp94t,24,18,21.4,20,24.9,25.3,24,21.4,25.3,,,0,0,382.514,2.557,0,,24.7,0.273,8,280,25.595,89.68,1.925,2.78,,,,,1
2026-10-06T01:00Z,2026-10-08T01:00Z,a4t:bkp94t,48,29.9,33.1,23.9,27.3,28.2,24,33.1,28.2,,,0,0,253.434,1.685,0,,24.7,0.273,8,281,26.736,82.345,1.168,349.229,,,,,1
2026-10-06T01:00Z,2026-10-06T02:00Z,a4t:bkp95t,1,14.9,9.5,30.7,19.8,19.4,24,9.5,19.4,,,0,0.003,556.427,2.481,0.104,,19.4,-0.423,9,279,27.127,84.694,1.957,43.743,,,,,1
2026-10-06T01:00Z,2026-10-06T04:00Z,a4t:bkp95t,3,13.2,8.5,29.6,19.1,19.4,24,8.5,19.4,,,0,0.003,901.017,2.569,0.103,,19.4,-0.423,11,279,29.263,76.043,2.068,64.187,,,,,1
2026-10-06T01:00Z,2026-10-06T07:00Z,a4t:bkp95t,6,14.4,9.6,27.3,17.6,19.2,24,9.6,19.2,,,0,0.003,435.48,3.184,0.387,,19.4,-0.423,14,279,28.333,80.026,2.371,11.418,,,,,1
2026-10-06T01:00Z,2026-10-06T13:00Z,a4t:bkp95t,12,36.1,25.7,24.7,16.3,18.6,24,25.7,18.6,,,0,0.001,91.305,0.798,0.563,,19.4,-0.423,20,279,25.541,94.428,0.256,108.073,,,,,1
2026-10-06T01:00Z,2026-10-07T01:00Z,a4t:bkp95t,24,17.9,13.6,23,16.4,17.9,24,13.6,17.9,,,0,0,367.41,2.516,0,,19.4,-0.423,8,280,25.633,89.671,1.923,0.652,,,,,1
2026-10-06T01:00Z,2026-10-08T01:00Z,a4t:bkp95t,48,24.9,21.2,23.1,18.9,17.1,24,21.2,17.1,,,0,0,254.122,1.674,0,,19.4,-0.423,8,281,26.679,82.519,1.171,346.316,,,,,1
2026-10-06T01:00Z,2026-10-06T02:00Z,a4t:bkp96t,1,11.8,12.8,18.9,20.5,17.5,24,12.8,17.5,,,0,0.002,563.643,2.449,0.095,,17.4,0.079,9,279,27.17,84.535,1.927,47.557,,,,,1
2026-10-06T01:00Z,2026-10-06T04:00Z,a4t:bkp96t,3,9,9.8,17.9,19.5,17.5,24,9.8,17.5,,,0,0.002,924.516,2.548,0.09,,17.4,0.079,11,279,29.365,75.663,2.042,66.208,,,,,1
2026-10-06T01:00Z,2026-10-06T07:00Z,a4t:bkp96t,6,6.2,6.7,16.1,17.5,17.4,24,6.7,17.4,,,0,0.003,427.952,3.012,0.358,,17.4,0.079,14,279,28.388,80.011,2.23,10.392,,,,,1
2026-10-06T01:00Z,2026-10-06T13:00Z,a4t:bkp96t,12,17.3,18.4,13.2,14.3,16.7,24,18.4,16.7,,,0,0.001,88.472,0.876,0.484,,17.4,0.079,20,279,25.558,94.523,0.356,119.922,,,,,1
2026-10-06T01:00Z,2026-10-07T01:00Z,a4t:bkp96t,24,18.8,19.7,13.6,14.5,16.6,24,19.7,16.6,,,0,0,365.921,2.357,0,,17.4,0.079,8,280,25.675,89.635,1.8,0.555,,,,,1
2026-10-06T01:00Z,2026-10-08T01:00Z,a4t:bkp96t,48,25.3,26.1,18.1,18.8,18.5,24,26.1,18.5,,,0,0,242.886,1.485,0,,17.4,0.079,8,281,26.705,82.205,1.041,342.689,,,,,1
2026-10-06T01:00Z,2026-10-06T02:00Z,a4t:bkp97t,1,14.9,11.2,30.7,23.1,20.7,24,11.2,20.7,,,0,0.003,569.69,2.532,0.092,,20.6,-0.277,9,279,27.175,84.458,1.991,47.653,,,,,1
2026-10-06T01:00Z,2026-10-06T04:00Z,a4t:bkp97t,3,13.2,10,29.6,22.2,20.7,24,10,20.7,,,0,0.003,929.722,2.431,0.091,,20.6,-0.277,11,279,29.367,75.518,1.954,69.15,,,,,1
2026-10-06T01:00Z,2026-10-06T07:00Z,a4t:bkp97t,6,14.4,11.1,27.3,20.6,20.6,24,11.1,20.6,,,0,0.003,415.105,3.29,0.387,,20.6,-0.277,14,279,28.323,80.253,2.462,7.678,,,,,1
2026-10-06T01:00Z,2026-10-06T13:00Z,a4t:bkp97t,12,36.1,29,24.7,18.8,20.1,24,29,20.1,,,0,0.002,89.123,0.902,0.441,,20.6,-0.277,20,279,25.554,94.348,0.374,125.076,,,,,1
2026-10-06T01:00Z,2026-10-07T01:00Z,a4t:bkp97t,24,17.9,15,23,18.5,19.5,24,15,19.5,,,0,0,353.146,2.302,0,,20.6,-0.277,8,280,25.713,89.62,1.783,358.591,,,,,1
2026-10-06T01:00Z,2026-10-08T01:00Z,a4t:bkp97t,48,24.9,22.4,23.1,20.3,18.9,24,22.4,18.9,,,0,0,241.861,1.458,0,,20.6,-0.277,8,281,26.662,82.303,1.029,339.294,,,,,1
2026-10-06T01:00Z,2026-10-06T02:00Z,a4t:bkp98t,1,14.9,11.2,30.7,23.2,20.6,24,11.2,20.6,,,0,0.003,569.912,2.515,0.091,,20.5,-0.27,9,279,27.182,84.438,1.977,48.29,,,,,1
2026-10-06T01:00Z,2026-10-06T04:00Z,a4t:bkp98t,3,13.2,10,29.6,22.4,20.6,24,10,20.6,,,0,0.003,933.235,2.445,0.088,,20.5,-0.27,11,279,29.385,75.478,1.962,69.038,,,,,1
2026-10-06T01:00Z,2026-10-06T07:00Z,a4t:bkp98t,6,14.4,11.1,27.3,20.7,20.5,24,11.1,20.5,,,0,0.003,415.582,3.217,0.377,,20.5,-0.27,14,279,28.343,80.219,2.402,7.87,,,,,1
2026-10-06T01:00Z,2026-10-06T13:00Z,a4t:bkp98t,12,36.1,29.1,24.7,18.9,20.1,24,29.1,20.1,,,0,0.002,88.647,0.915,0.436,,20.5,-0.27,20,279,25.557,94.396,0.39,126.173,,,,,1
2026-10-06T01:00Z,2026-10-07T01:00Z,a4t:bkp98t,24,17.9,15,23,18.6,19.5,24,15,19.5,,,0,0,354.276,2.281,0,,20.5,-0.27,8,280,25.714,89.625,1.762,358.661,,,,,1
2026-10-06T01:00Z,2026-10-08T01:00Z,a4t:bkp98t,48,24.9,22.5,23.1,20.3,19,24,22.5,19,,,0,0,239.843,1.431,0,,20.5,-0.27,8,281,26.672,82.242,1.008,338.748,,,,,1
2026-10-06T01:00Z,2026-10-06T02:00Z,a4t:bkp99t,1,15.2,16.5,14.4,15.7,15.3,24,16.5,15.3,,,0,0.002,569.135,2.398,0.087,,15.3,0.078,9,279,27.209,84.418,1.884,51.451,,,,,1
2026-10-06T01:00Z,2026-10-06T04:00Z,a4t:bkp99t,3,12.6,13.6,14.3,15.5,15.3,24,13.6,15.3,,,0,0.002,945.284,2.573,0.079,,15.3,0.078,11,279,29.464,75.324,2.051,67.325,,,,,1
2026-10-06T01:00Z,2026-10-06T07:00Z,a4t:bkp99t,6,8.6,9.3,13.6,14.8,15.2,24,9.3,15.2,,,0,0.003,425.474,2.751,0.321,,15.3,0.078,14,279,28.463,79.893,2.014,10.291,,,,,1
2026-10-06T01:00Z,2026-10-06T13:00Z,a4t:bkp99t,12,14.3,15.3,12.5,13.5,14.9,24,15.3,14.9,,,0,0.001,85.03,0.976,0.411,,15.3,0.078,20,279,25.58,94.662,0.46,127.357,,,,,1
2026-10-06T01:00Z,2026-10-07T01:00Z,a4t:bkp99t,24,16.7,17.6,12.4,13.3,14.7,24,17.6,14.7,,,0,0,370.776,2.226,0,,15.3,0.078,8,280,25.708,89.573,1.689,1.843,,,,,1
2026-10-06T01:00Z,2026-10-08T01:00Z,a4t:bkp99t,48,25.2,26,18.2,18.9,17.5,24,26,17.5,,,0,0,232.86,1.316,0,,15.3,0.078,8,281,26.748,81.83,0.92,340.428,,,,,1
2026-10-06T01:00Z,2026-10-06T02:00Z,717,1,4,9.2,9.7,21.6,38.3,24,9.2,38.3,,,0,0,549.15,1.128,0.199,,38.8,0.747,9,279,27.072,85.808,0.872,69.007,,,,,1
2026-10-06T01:00Z,2026-10-06T04:00Z,717,3,2.9,6.8,9,20,37.7,24,6.8,37.7,,,0,0,850.816,3.354,0.16,,38.8,0.747,11,279,29.222,75.634,2.594,51.896,,,,,1
2026-10-06T01:00Z,2026-10-06T07:00Z,717,6,2.4,5.5,7.7,17.2,36.4,24,5.5,36.4,,,0,0,547.206,1.224,0.568,,38.8,0.747,14,279,28.627,77.352,0.926,93.602,,,,,1
2026-10-06T01:00Z,2026-10-06T13:00Z,717,12,6.3,11.9,5.6,12.5,33.1,24,11.9,33.1,,,0,0,56.57,1.673,0,,38.8,0.747,20,279,25.846,94.3,0.666,84.416,,,,,1
2026-10-06T01:00Z,2026-10-07T01:00Z,717,24,4.6,7.7,4.3,8.3,29.6,24,7.7,29.6,,,0,0,579.648,3.982,0.008,,38.8,0.747,8,280,25.614,86.735,2.772,46.351,,,,,1
2026-10-06T01:00Z,2026-10-08T01:00Z,717,48,11.8,15.8,11,15.8,31.6,24,15.8,31.6,,,0,0,364.659,2.91,0.002,,38.8,0.747,8,281,27.311,77.69,1.85,41.929,,,,,1
2026-10-06T01:00Z,2026-10-06T02:00Z,225576,1,4,3,9.7,7.5,8.5,24,3,8.5,,,0,0,466.713,1.601,0.406,,8.5,-0.233,9,279,26.768,85.916,1.41,72.738,,,,,1
2026-10-06T01:00Z,2026-10-06T04:00Z,225576,3,2.9,2.1,9,6.9,8.4,24,2.1,8.4,,,0,0,665.391,2.919,0.128,,8.5,-0.233,11,279,28.332,78.241,2.401,45.499,,,,,1
2026-10-06T01:00Z,2026-10-06T07:00Z,225576,6,2.4,1.8,7.7,5.9,8.2,24,1.8,8.2,,,0,0,493.934,0.903,0.506,,8.5,-0.233,14,279,28.157,78.559,0.599,73.391,,,,,1
2026-10-06T01:00Z,2026-10-06T13:00Z,225576,12,6.3,5.1,5.6,4.3,7.6,24,5.1,7.6,,,0,0,233.338,2.049,0,,8.5,-0.233,20,279,26.723,88.227,1.316,77.47,,,,,1
2026-10-06T01:00Z,2026-10-07T01:00Z,225576,24,4.6,3.9,4.3,3.4,6.8,24,3.9,6.8,,,0,0,484.659,3.739,0.095,,8.5,-0.233,8,280,25.873,85.975,2.922,45.662,,,,,1
2026-10-06T01:00Z,2026-10-08T01:00Z,225576,48,11.8,10.8,11,9.9,8.5,24,10.8,8.5,,,0,0,393.462,2.294,0.024,,8.5,-0.233,8,281,27.256,78.987,1.554,37.621,,,,,1
2026-10-06T01:00Z,2026-10-06T02:00Z,228541,1,3.9,3.9,3,3,3,24,3.9,3,,,0,0,651.478,2.254,0.013,,,0,9,279,23.907,88.05,1.736,169.353,,,,,1
2026-10-06T01:00Z,2026-10-06T04:00Z,228541,3,4.3,4.3,3.3,3.3,3.3,24,4.3,3.3,,,0,0,845.634,1.509,0,,,0,11,279,26.558,71.333,1.22,136.486,,,,,1
2026-10-06T01:00Z,2026-10-06T07:00Z,228541,6,4.8,4.8,3.6,3.6,3.6,24,4.8,3.6,,,0,0,1095.143,1.958,0.088,,,0,14,279,28.531,62.543,1.532,94.909,,,,,1
2026-10-06T01:00Z,2026-10-06T13:00Z,228541,12,7.7,7.7,4.3,4.3,4.3,24,7.7,4.3,,,0,0,68.92,1.967,0,,,0,20,279,24.64,84.113,1.249,39.218,,,,,1
2026-10-06T01:00Z,2026-10-07T01:00Z,228541,24,8.8,8.8,7,7,7,24,8.8,7,,,0,0,484.983,1.726,0,,,0,8,280,24.33,82.769,1.342,165.249,,,,,1
2026-10-06T01:00Z,2026-10-08T01:00Z,228541,48,12.8,12.8,11.7,11.7,11.7,24,12.8,11.7,,,0,0,267.418,0.37,0,,,0,8,281,24.347,79.216,0.131,80.397,,,,,1
2026-10-06T01:00Z,2026-10-06T02:00Z,2161292,1,16.5,16.5,,,,h,16.5,,16.5,,0,0,1018.718,5.937,0,,,0,9,279,23.986,49.18,4.239,5.427,,,,,1
2026-10-06T01:00Z,2026-10-06T04:00Z,2161292,3,10.8,10.8,,,,h,10.8,,10.8,,0,0,1127.949,6.324,0,,,0,11,279,25.793,44.918,4.68,5.329,,,,,1
2026-10-06T01:00Z,2026-10-06T07:00Z,2161292,6,10.1,10.1,,,,h,10.1,,10.1,,0,0,1384.884,5.016,0,,,0,14,279,27.25,41.983,3.733,9.184,,,,,1
2026-10-06T01:00Z,2026-10-06T13:00Z,2161292,12,68.9,68.9,,,,h,68.9,,69.2,,0,0,193.911,5.66,0,,,0,20,279,22.22,57.133,2.097,43.826,,,,,1
2026-10-06T01:00Z,2026-10-07T01:00Z,2161292,24,56.1,56.1,,,,h,56.1,,56.4,,0,0,239.853,3.938,0,,,0,8,280,22.771,67.036,1.628,3.575,,,,,1
2026-10-06T01:00Z,2026-10-08T01:00Z,2161292,48,73.3,73.3,,,,h,73.3,,73.3,,0,0,145.973,2.97,0,,,0,8,281,22.828,73.021,1.394,357.012,,,,,1
2026-10-06T01:00Z,2026-10-06T02:00Z,2161306,1,16.5,16.5,,,,h,16.5,,16.5,,0,0,1011.26,5.668,0,,,0,9,279,23.812,49.799,4.027,7.064,,,,,1
2026-10-06T01:00Z,2026-10-06T04:00Z,2161306,3,10.8,10.8,,,,h,10.8,,10.8,,0,0,1134.04,6.145,0,,,0,11,279,25.632,45.024,4.522,7.186,,,,,1
2026-10-06T01:00Z,2026-10-06T07:00Z,2161306,6,10.1,10.1,,,,h,10.1,,10.1,,0,0,1370.22,4.879,0,,,0,14,279,27.04,42.507,3.611,11.151,,,,,1
2026-10-06T01:00Z,2026-10-06T13:00Z,2161306,12,68.9,68.9,,,,h,68.9,,69.2,,0,0,176.51,5.206,0,,,0,20,279,22.043,58.609,1.893,43.645,,,,,1
2026-10-06T01:00Z,2026-10-07T01:00Z,2161306,24,56.1,56.1,,,,h,56.1,,56.4,,0,0,243.36,3.696,0,,,0,8,280,22.717,66.768,1.503,4.666,,,,,1
2026-10-06T01:00Z,2026-10-08T01:00Z,2161306,48,73.3,73.3,,,,h,73.3,,73.3,,0,0,148.1,2.759,0,,,0,8,281,22.756,73.018,1.273,357.381,,,,,1
2026-10-06T01:00Z,2026-10-06T02:00Z,7880,1,25.9,25.9,,,,h,25.9,,25.9,,0,0,205.826,0.829,0,,,0,9,279,24.878,86.605,0.535,117.501,,,,,1
2026-10-06T01:00Z,2026-10-06T04:00Z,7880,3,26.3,26.3,,,,h,26.3,,26.3,,0,0,829.276,0.066,0.008,,,0,11,279,28.073,69.862,0.055,119.125,,,,,1
2026-10-06T01:00Z,2026-10-06T07:00Z,7880,6,24.1,24.1,,,,h,24.1,,24.1,,0,0,1203.587,1.453,0.028,,,0,14,279,29.436,63.857,1.077,308.189,,,,,1
2026-10-06T01:00Z,2026-10-06T13:00Z,7880,12,24.4,24.4,,,,h,24.4,,24.5,,0,0,37.441,1.392,0,,,0,20,279,23.505,96.67,0.695,138.495,,,,,1
2026-10-06T01:00Z,2026-10-07T01:00Z,7880,24,21,21,,,,h,21,,21.1,,0,0,58.89,1.046,0.04,,,0,8,280,22.617,96.132,0.77,116.143,,,,,1
2026-10-06T01:00Z,2026-10-08T01:00Z,7880,48,14,14,,,,h,14,,14,,0,0,94.538,2.063,0.02,,,0,8,281,22.01,97.401,1.013,140.243,,,,,1
2026-10-06T01:00Z,2026-10-06T02:00Z,1235990,1,14.9,14.9,,,,h,14.9,,14.9,,0,0.003,564.525,2.503,0.097,,,0,9,279,27.158,84.548,1.97,46.342,,,,,0
2026-10-06T01:00Z,2026-10-06T04:00Z,1235990,3,13.2,13.2,,,,h,13.2,,13.2,,0,0.003,919.355,2.49,0.095,,,0,11,279,29.331,75.712,2.002,67.064,,,,,0
2026-10-06T01:00Z,2026-10-06T07:00Z,1235990,6,14.4,14.4,,,,h,14.4,,14.4,,0,0.003,423.608,3.219,0.383,,,0,14,279,28.334,80.145,2.402,9.233,,,,,0
2026-10-06T01:00Z,2026-10-06T13:00Z,1235990,12,36.1,36.1,,,,h,36.1,,36.2,,0,0.002,89.732,0.857,0.486,,,0,20,279,25.55,94.395,0.331,119.108,,,,,0
2026-10-06T01:00Z,2026-10-07T01:00Z,1235990,24,17.9,17.9,,,,h,17.9,,18,,0,0,359.73,2.381,0,,,0,8,280,25.682,89.636,1.832,359.633,,,,,0
2026-10-06T01:00Z,2026-10-08T01:00Z,1235990,48,24.9,24.9,,,,h,24.9,,24.9,,0,0,246.186,1.532,0,,,0,8,281,26.673,82.361,1.077,342.367,,,,,0
2026-10-06T01:00Z,2026-10-06T02:00Z,1235996,1,1.7,8.8,2.3,11.5,11.1,h,8.8,11.1,8.8,11.1,0,0,432.831,1.474,0.168,8.7,11.1,1.341,9,279,22.833,89.22,1.041,83.407,,,,,0
2026-10-06T01:00Z,2026-10-06T04:00Z,1235996,3,2.8,12,2.2,11,11.1,h,12,11.1,12,11.1,0,0,635.458,1.914,0.139,8.7,11.1,1.341,11,279,24.686,78.503,1.315,99.247,,,,,0
2026-10-06T01:00Z,2026-10-06T07:00Z,1235996,6,2.8,11.1,2.2,10.6,11,h,11.1,11,11.1,11,0,0,1055.671,2.031,0.122,8.7,11.1,1.341,14,279,26.93,66.345,1.431,122.11,,,,,0
2026-10-06T01:00Z,2026-10-06T13:00Z,1235996,12,2.2,7.9,2.1,9.5,10.9,h,7.9,10.9,7.9,10.9,0,0,37.824,1.61,0,8.7,11.1,1.341,20,279,21.564,95.782,0.667,90.546,,,,,0
2026-10-06T01:00Z,2026-10-07T01:00Z,1235996,24,2.2,6.1,2.6,9.1,10.5,h,6.1,10.5,6.1,10.5,0,0,135.077,0.246,0,8.7,11.1,1.341,8,280,20.915,94.267,0.074,42.228,,,,,0
2026-10-06T01:00Z,2026-10-08T01:00Z,1235996,48,4,7.1,2.7,5.9,8.5,h,7.1,8.5,7.1,8.5,0,0,73.186,0.286,0,8.7,11.1,1.341,8,281,20.966,96.118,0.138,64.352,,,,,0
2026-10-06T01:00Z,2026-10-06T02:00Z,1235999,1,6.3,6.3,,,,h,6.3,,6.3,,0,0,258.474,0.238,0.483,,,0,9,279,23.318,92.349,0.241,281.967,,,,,0
2026-10-06T01:00Z,2026-10-06T04:00Z,1235999,3,7,7,,,,h,7,,7,,0,0,578.667,0.407,0.398,,,0,11,279,25.72,80.583,0.399,294.282,,,,,0
2026-10-06T01:00Z,2026-10-06T07:00Z,1235999,6,7.1,7.1,,,,h,7.1,,7.1,,0,0,428.075,1.045,0.487,,,0,14,279,26.417,82.15,0.889,91.188,,,,,0
2026-10-06T01:00Z,2026-10-06T13:00Z,1235999,12,21.3,21.3,,,,h,21.3,,21.4,,0,0,70.499,1.275,1.195,,,0,20,279,23.107,95.436,0.784,301.809,,,,,0
2026-10-06T01:00Z,2026-10-07T01:00Z,1235999,24,9.3,9.3,,,,h,9.3,,9.4,,0,0,121.101,0.455,0.01,,,0,8,280,22.953,92.734,0.301,347.35,,,,,0
2026-10-06T01:00Z,2026-10-08T01:00Z,1235999,48,23.7,23.7,,,,h,23.7,,23.7,,0,0,181.293,0.609,0,,,0,8,281,23.217,92.726,0.353,340.569,,,,,0
2026-10-06T01:00Z,2026-10-06T02:00Z,1236013,1,3.1,51.3,10.3,158.8,58,h,51.3,58,51.4,58,0,0,336.379,2.548,1.51,78.5,58,2.655,9,279,23.399,92.665,1.747,12.208,,,,,0
2026-10-06T01:00Z,2026-10-06T04:00Z,1236013,3,4.8,65.7,9.7,149.8,58.2,h,65.7,58.2,65.8,58.2,0,0,676.413,1.844,0.27,78.5,58,2.655,11,279,26.397,79.494,1.464,22.686,,,,,0
2026-10-06T01:00Z,2026-10-06T07:00Z,1236013,6,6.3,71.4,8.4,127.7,59.1,h,71.4,59.1,71.5,59.1,0,0,186.276,2.669,6.278,78.5,58,2.655,14,279,23.836,94.694,1.517,127.208,,,,,0
2026-10-06T01:00Z,2026-10-06T13:00Z,1236013,12,3.8,35.4,5.5,77.6,61.2,h,35.4,61.2,35.5,61.2,0,0,114.269,2.795,0,78.5,58,2.655,20,279,23.959,95.744,1.072,25.413,,,,,0
2026-10-06T01:00Z,2026-10-07T01:00Z,1236013,24,5.1,28.5,4.4,43,53.2,h,28.5,53.2,28.6,53.2,0,0,259.895,1.095,0.002,78.5,58,2.655,8,280,23.83,89.992,0.527,23.428,,,,,0
2026-10-06T01:00Z,2026-10-08T01:00Z,1236013,48,10.7,29.5,9.2,33.9,46,h,29.5,46,29.5,46,0,0,173.794,1.216,0,78.5,58,2.655,8,281,24.29,90.867,0.911,353.324,,,,,0
2026-10-06T01:00Z,2026-10-06T02:00Z,1236034,1,14.9,14.9,,,,h,14.9,,14.9,,0,0.003,554.177,2.51,0.108,,,0,9,279,27.108,84.757,1.98,42.144,,,,,0
2026-10-06T01:00Z,2026-10-06T04:00Z,1236034,3,13.2,13.2,,,,h,13.2,,13.2,,0,0.003,891.177,2.564,0.108,,,0,11,279,29.217,76.187,2.069,63.682,,,,,0
2026-10-06T01:00Z,2026-10-06T07:00Z,1236034,6,14.4,14.4,,,,h,14.4,,14.4,,0,0.003,437.254,3.296,0.404,,,0,14,279,28.3,80.059,2.464,11.452,,,,,0
2026-10-06T01:00Z,2026-10-06T13:00Z,1236034,12,36.1,36.1,,,,h,36.1,,36.2,,0,0.001,92.516,0.778,0.59,,,0,20,279,25.533,94.358,0.223,102.931,,,,,0
2026-10-06T01:00Z,2026-10-07T01:00Z,1236034,24,17.9,17.9,,,,h,17.9,,18,,0,0,366.938,2.58,0,,,0,8,280,25.62,89.675,1.977,0.634,,,,,0
2026-10-06T01:00Z,2026-10-08T01:00Z,1236034,48,24.9,24.9,,,,h,24.9,,24.9,,0,0,259.137,1.755,0,,,0,8,281,26.663,82.662,1.227,347.518,,,,,0
2026-10-06T01:00Z,2026-10-06T02:00Z,1236035,1,5.8,5.8,,,,h,5.8,,5.8,,0,0,519.416,3.577,0,,,0,9,279,25.477,70.865,2.712,50.442,,,,,0
2026-10-06T01:00Z,2026-10-06T04:00Z,1236035,3,6.2,6.2,,,,h,6.2,,6.2,,0,0,874.987,2.088,0,,,0,11,279,27.722,67.748,1.708,31.978,,,,,0
2026-10-06T01:00Z,2026-10-06T07:00Z,1236035,6,6.2,6.2,,,,h,6.2,,6.2,,0,0,1198.983,2.222,0,,,0,14,279,29.473,61.854,1.797,33.281,,,,,0
2026-10-06T01:00Z,2026-10-06T13:00Z,1236035,12,9.1,9.1,,,,h,9.1,,9.1,,0,0,52.442,2.113,0,,,0,20,279,24.963,92.224,0.738,36.665,,,,,0
2026-10-06T01:00Z,2026-10-07T01:00Z,1236035,24,12.8,12.8,,,,h,12.8,,12.9,,0,0,239.853,2.245,0,,,0,8,280,23.79,69.226,1.516,69.011,,,,,0
2026-10-06T01:00Z,2026-10-08T01:00Z,1236035,48,14.5,14.5,,,,h,14.5,,14.5,,0,0,292.629,2.513,0,,,0,8,281,24.29,69.826,1.61,69.07,,,,,0
2026-10-06T01:00Z,2026-10-06T02:00Z,1236050,1,6.3,6.3,,,,h,6.3,,6.3,,0,0,280.684,0.151,0.455,,,0,9,279,22.466,92.828,0.141,322.673,,,,,0
2026-10-06T01:00Z,2026-10-06T04:00Z,1236050,3,7,7,,,,h,7,,7,,0,0,604.717,0.63,0.739,,,0,11,279,24.587,82.979,0.533,346.523,,,,,0
2026-10-06T01:00Z,2026-10-06T07:00Z,1236050,6,7.1,7.1,,,,h,7.1,,7.1,,0,0,481.663,1.218,1.098,,,0,14,279,25.516,82.407,1.011,72.177,,,,,0
2026-10-06T01:00Z,2026-10-06T13:00Z,1236050,12,21.3,21.3,,,,h,21.3,,21.4,,0,0,72.999,1.08,0.598,,,0,20,279,21.89,96.763,0.558,329.925,,,,,0
2026-10-06T01:00Z,2026-10-07T01:00Z,1236050,24,9.3,9.3,,,,h,9.3,,9.4,,0,0,147.744,0.826,0.005,,,0,8,280,22.029,93.915,0.659,343.83,,,,,0
2026-10-06T01:00Z,2026-10-08T01:00Z,1236050,48,23.7,23.7,,,,h,23.7,,23.7,,0,0,131.889,1.212,0,,,0,8,281,21.887,95.008,0.828,335.181,,,,,0
2026-10-06T01:00Z,2026-10-06T02:00Z,1641558,1,6.3,8,7.6,9.7,7.5,h,8,7.5,8,7.5,0,0,281.528,0.157,0.455,8.1,7.5,0.223,9,279,22.443,92.818,0.142,325.186,,,,,0
2026-10-06T01:00Z,2026-10-06T04:00Z,1641558,3,7,8.8,7.3,9.4,7.5,h,8.8,7.5,8.8,7.5,0,0,606.813,0.653,0.747,8.1,7.5,0.223,11,279,24.564,82.985,0.548,347.682,,,,,0
2026-10-06T01:00Z,2026-10-06T07:00Z,1641558,6,7.1,8.8,7.1,9.1,7.5,h,8.8,7.5,8.8,7.5,0,0,482.474,1.226,1.119,8.1,7.5,0.223,14,279,25.491,82.416,1.019,71.419,,,,,0
2026-10-06T01:00Z,2026-10-06T13:00Z,1641558,12,21.3,25.4,8,10,8,h,25.4,8,25.5,8,0,0,73.279,1.085,0.582,8.1,7.5,0.223,20,279,21.856,96.797,0.556,330.862,,,,,0
2026-10-06T01:00Z,2026-10-07T01:00Z,1641558,24,9.3,10.8,11.6,13.9,9.5,h,10.8,9.5,10.9,9.6,0,0,148.731,0.837,0.005,8.1,7.5,0.223,8,280,22.004,93.933,0.67,343.757,,,,,0
2026-10-06T01:00Z,2026-10-08T01:00Z,1641558,48,23.7,25.8,16.2,18,12.7,h,25.8,12.7,25.8,12.7,0,0,130.589,1.229,0,8.1,7.5,0.223,8,281,21.847,95.07,0.843,335.108,,,,,0
2026-10-06T01:00Z,2026-10-06T02:00Z,1646752,1,6.3,10.7,7.6,13.1,12,h,10.7,12,10.7,12,0,0,245.231,0.674,0.52,9.6,12,0.493,9,279,23.149,92.245,0.578,279.59,,,,,0
2026-10-06T01:00Z,2026-10-06T04:00Z,1646752,3,7,11.6,7.3,12.6,12,h,11.6,12,11.6,12,0,0,668.243,0.964,0.373,9.6,12,0.493,11,279,25.848,80.028,0.852,311.503,,,,,0
2026-10-06T01:00Z,2026-10-06T07:00Z,1646752,6,7.1,11.4,7.1,12.1,12,h,11.4,12,11.4,12,0,0,448.614,1.101,0.587,9.6,12,0.493,14,279,26.432,81.497,0.976,68.071,,,,,0
2026-10-06T01:00Z,2026-10-06T13:00Z,1646752,12,21.3,31.5,8,13,12.3,h,31.5,12.3,31.6,12.3,0,0,78.538,1.497,0.889,9.6,12,0.493,20,279,22.812,95.926,0.808,308.676,,,,,0
2026-10-06T01:00Z,2026-10-07T01:00Z,1646752,24,9.3,12.8,11.6,17.2,13.7,h,12.8,13.7,12.9,13.7,0,0,138.218,0.834,0.004,9.6,12,0.493,8,280,22.717,93.041,0.648,333.895,,,,,0
2026-10-06T01:00Z,2026-10-08T01:00Z,1646752,48,23.7,28.5,16.2,20.4,16.2,h,28.5,16.2,28.5,16.2,0,0,149.289,1.027,0,9.6,12,0.493,8,281,22.58,94.697,0.737,332.398,,,,,0
2026-10-06T01:00Z,2026-10-06T02:00Z,2124016,1,1.7,1.7,,,,h,1.7,,1.7,,0,0,438.449,1.573,0.168,,,0,9,279,22.808,89.09,1.111,82.422,,,,,0
2026-10-06T01:00Z,2026-10-06T04:00Z,2124016,3,2.8,2.8,,,,h,2.8,,2.8,,0,0,628.78,1.941,0.138,,,0,11,279,24.605,78.477,1.336,95.879,,,,,0
2026-10-06T01:00Z,2026-10-06T07:00Z,2124016,6,2.8,2.8,,,,h,2.8,,2.8,,0,0,1049.245,2.044,0.116,,,0,14,279,26.873,65.99,1.443,120.779,,,,,0
2026-10-06T01:00Z,2026-10-06T13:00Z,2124016,12,2.2,2.2,,,,h,2.2,,2.2,,0,0,38.389,1.631,0,,,0,20,279,21.502,95.822,0.692,86.816,,,,,0
2026-10-06T01:00Z,2026-10-07T01:00Z,2124016,24,2.2,2.2,,,,h,2.2,,2.2,,0,0,141.491,0.305,0,,,0,8,280,20.92,93.9,0.116,34.902,,,,,0
2026-10-06T01:00Z,2026-10-08T01:00Z,2124016,48,4,4,,,,h,4,,4,,0,0,74.452,0.289,0,,,0,8,281,20.96,95.833,0.141,60.416,,,,,0
2026-10-06T01:00Z,2026-10-06T02:00Z,2136949,1,1.7,7.2,2.3,9.5,10.5,h,7.2,10.5,7.2,10.5,0,0,431.665,1.309,0.181,5.6,10.5,1.16,9,279,22.878,89.377,0.924,83.612,,,,,0
2026-10-06T01:00Z,2026-10-06T04:00Z,2136949,3,2.8,10,2.2,9.1,10.5,h,10,10.5,10,10.5,0,0,624.497,1.811,0.145,5.6,10.5,1.16,11,279,24.76,78.702,1.246,105.849,,,,,0
2026-10-06T01:00Z,2026-10-06T07:00Z,2136949,6,2.8,9.4,2.2,8.8,10.4,h,9.4,10.4,9.4,10.4,0,0,1080.556,2.017,0.124,5.6,10.5,1.16,14,279,27.064,66.245,1.419,125.237,,,,,0
2026-10-06T01:00Z,2026-10-06T13:00Z,2136949,12,2.2,6.8,2.1,7.9,10.1,h,6.8,10.1,6.8,10.1,0,0,37.646,1.579,0,5.6,10.5,1.16,20,279,21.635,95.732,0.638,95.775,,,,,0
2026-10-06T01:00Z,2026-10-07T01:00Z,2136949,24,2.2,5.4,2.6,7.8,9.6,h,5.4,9.6,5.4,9.6,0,0,126.29,0.152,0,5.6,10.5,1.16,8,280,20.89,94.634,0.035,17.761,,,,,0
2026-10-06T01:00Z,2026-10-08T01:00Z,2136949,48,4,6.6,2.7,5.4,7.9,h,6.6,7.9,6.6,7.9,0,0,68.736,0.252,0,5.6,10.5,1.16,8,281,20.894,96.652,0.097,61.58,,,,,0
2026-10-06T01:00Z,2026-10-06T02:00Z,2142493,1,1.7,3.2,2.3,4.3,8.5,h,3.2,8.5,3.2,8.5,0,0,440.992,1.566,0.172,2.2,8.5,0.472,9,279,22.808,89.079,1.106,81.981,,,,,0
2026-10-06T01:00Z,2026-10-06T04:00Z,2142493,3,2.8,4.9,2.2,4.1,8.5,h,4.9,8.5,4.9,8.5,0,0,623.318,1.917,0.14,2.2,8.5,0.472,11,279,24.592,78.496,1.319,96.182,,,,,0
2026-10-06T01:00Z,2026-10-06T07:00Z,2142493,6,2.8,4.7,2.2,4,8.4,h,4.7,8.4,4.7,8.4,0,0,1054.344,2.042,0.114,2.2,8.5,0.472,14,279,26.885,65.8,1.442,121.083,,,,,0
2026-10-06T01:00Z,2026-10-06T13:00Z,2142493,12,2.2,3.6,2.1,3.7,7.6,h,3.6,7.6,3.6,7.6,0,0,38.591,1.628,0,2.2,8.5,0.472,20,279,21.492,95.838,0.695,86.604,,,,,0
2026-10-06T01:00Z,2026-10-07T01:00Z,2142493,24,2.2,3.2,2.6,4.1,7.1,h,3.2,7.1,3.2,7.1,0,0,141.827,0.306,0,2.2,8.5,0.472,8,280,20.912,93.85,0.108,28.205,,,,,0
2026-10-06T01:00Z,2026-10-08T01:00Z,2142493,48,4,4.9,2.7,3.6,6.1,h,4.9,6.1,4.9,6.1,0,0,73.794,0.282,0,2.2,8.5,0.472,8,281,20.933,95.861,0.129,57.779,,,,,0
2026-10-06T01:00Z,2026-10-06T02:00Z,2142801,1,1.7,1.7,,,,h,1.7,,1.7,,0,0,435.07,1.606,0.16,,,0,9,279,22.802,89.081,1.134,83.006,,,,,0
2026-10-06T01:00Z,2026-10-06T04:00Z,2142801,3,2.8,2.8,,,,h,2.8,,2.8,,0,0,637.532,1.991,0.135,,,0,11,279,24.612,78.43,1.372,94.634,,,,,0
2026-10-06T01:00Z,2026-10-06T07:00Z,2142801,6,2.8,2.8,,,,h,2.8,,2.8,,0,0,1038.548,2.05,0.119,,,0,14,279,26.838,66.262,1.448,119.928,,,,,0
2026-10-06T01:00Z,2026-10-06T13:00Z,2142801,12,2.2,2.2,,,,h,2.2,,2.2,,0,0,38.14,1.643,0,,,0,20,279,21.507,95.805,0.695,86.393,,,,,0
2026-10-06T01:00Z,2026-10-07T01:00Z,2142801,24,2.2,2.2,,,,h,2.2,,2.2,,0,0,142.297,0.327,0,,,0,8,280,20.935,93.913,0.146,45.295,,,,,0
2026-10-06T01:00Z,2026-10-08T01:00Z,2142801,48,4,4,,,,h,4,,4,,0,0,75.961,0.306,0,,,0,8,281,21.006,95.719,0.163,64.087,,,,,0
2026-10-06T01:00Z,2026-10-06T02:00Z,2147304,1,1.7,7.8,2.3,10.2,8.8,h,7.8,8.8,7.8,8.8,0,0,431.941,1.067,0.204,6.6,8.8,1.232,9,279,22.944,89.593,0.754,83.493,,,,,0
2026-10-06T01:00Z,2026-10-06T04:00Z,2147304,3,2.8,10.8,2.2,9.8,8.8,h,10.8,8.8,10.8,8.8,0,0,602.668,1.693,0.155,6.6,8.8,1.232,11,279,24.853,79.039,1.182,117.077,,,,,0
2026-10-06T01:00Z,2026-10-06T07:00Z,2147304,6,2.8,10,2.2,9.5,8.8,h,10,8.8,10,8.8,0,0,1120.553,2.009,0.124,6.6,8.8,1.232,14,279,27.271,65.923,1.416,130.108,,,,,0
2026-10-06T01:00Z,2026-10-06T13:00Z,2147304,12,2.2,7.2,2.1,8.5,8.8,h,7.2,8.8,7.2,8.8,0,0,37.576,1.555,0,6.6,8.8,1.232,20,279,21.733,95.66,0.611,103.447,,,,,0
2026-10-06T01:00Z,2026-10-07T01:00Z,2147304,24,2.2,5.7,2.6,8.3,8.6,h,5.7,8.6,5.7,8.6,0,0,113.851,0.189,0,6.6,8.8,1.232,8,280,20.849,95.112,0.202,305.48,,,,,0
2026-10-06T01:00Z,2026-10-08T01:00Z,2147304,48,4,6.8,2.7,5.6,7.2,h,6.8,7.2,6.8,7.2,0,0,61.59,0.197,0,6.6,8.8,1.232,8,281,20.769,97.452,0.04,52.194,,,,,0
2026-10-06T01:00Z,2026-10-06T02:00Z,2151718,1,1.7,1.7,,,,h,1.7,,1.7,,0,0,432.709,1.475,0.167,,,0,9,279,22.833,89.22,1.042,83.429,,,,,0
2026-10-06T01:00Z,2026-10-06T04:00Z,2151718,3,2.8,2.8,,,,h,2.8,,2.8,,0,0,635.739,1.915,0.139,,,0,11,279,24.686,78.502,1.316,99.207,,,,,0
2026-10-06T01:00Z,2026-10-06T07:00Z,2151718,6,2.8,2.8,,,,h,2.8,,2.8,,0,0,1055.33,2.031,0.122,,,0,14,279,26.929,66.354,1.431,122.084,,,,,0
2026-10-06T01:00Z,2026-10-06T13:00Z,2151718,12,2.2,2.2,,,,h,2.2,,2.2,,0,0,37.816,1.611,0,,,0,20,279,21.564,95.781,0.667,90.537,,,,,0
2026-10-06T01:00Z,2026-10-07T01:00Z,2151718,24,2.2,2.2,,,,h,2.2,,2.2,,0,0,135.092,0.247,0,,,0,8,280,20.915,94.268,0.075,42.659,,,,,0
2026-10-06T01:00Z,2026-10-08T01:00Z,2151718,48,4,4,,,,h,4,,4,,0,0,73.231,0.287,0,,,0,8,281,20.968,96.114,0.139,64.476,,,,,0
2026-10-06T01:00Z,2026-10-06T02:00Z,2158149,1,1.7,1.7,,,,h,1.7,,1.7,,0,0,428.846,1.335,0.176,,,0,9,279,22.875,89.37,0.943,84.147,,,,,0
2026-10-06T01:00Z,2026-10-06T04:00Z,2158149,3,2.8,2.8,,,,h,2.8,,2.8,,0,0,629.776,1.84,0.143,,,0,11,279,24.764,78.701,1.265,104.696,,,,,0
2026-10-06T01:00Z,2026-10-06T07:00Z,2158149,6,2.8,2.8,,,,h,2.8,,2.8,,0,0,1072.318,2.022,0.125,,,0,14,279,27.042,66.439,1.423,124.635,,,,,0
2026-10-06T01:00Z,2026-10-06T13:00Z,2158149,12,2.2,2.2,,,,h,2.2,,2.2,,0,0,37.467,1.587,0,,,0,20,279,21.643,95.705,0.638,95.464,,,,,0
2026-10-06T01:00Z,2026-10-07T01:00Z,2158149,24,2.2,2.2,,,,h,2.2,,2.2,,0,0,126.776,0.157,0,,,0,8,280,20.903,94.638,0.007,33.309,,,,,0
2026-10-06T01:00Z,2026-10-08T01:00Z,2158149,48,4,4,,,,h,4,,4,,0,0,69.69,0.263,0,,,0,8,281,20.93,96.575,0.112,64.507,,,,,0
2026-10-06T01:00Z,2026-10-06T02:00Z,2165656,1,1.7,1.7,,,,h,1.7,,1.7,,0,0,435.894,1.339,0.183,,,0,9,279,22.863,89.327,0.945,82.817,,,,,0
2026-10-06T01:00Z,2026-10-06T04:00Z,2165656,3,2.8,2.8,,,,h,2.8,,2.8,,0,0,622.189,1.809,0.146,,,0,11,279,24.727,78.616,1.244,104.71,,,,,0
2026-10-06T01:00Z,2026-10-06T07:00Z,2165656,6,2.8,2.8,,,,h,2.8,,2.8,,0,0,1081.916,2.014,0.121,,,0,14,279,27.041,66.032,1.418,124.809,,,,,0
2026-10-06T01:00Z,2026-10-06T13:00Z,2165656,12,2.2,2.2,,,,h,2.2,,2.2,,0,0,37.947,1.58,0,,,0,20,279,21.596,95.791,0.648,94.132,,,,,0
2026-10-06T01:00Z,2026-10-07T01:00Z,2165656,24,2.2,2.2,,,,h,2.2,,2.2,,0,0,129.046,0.181,0,,,0,8,280,20.881,94.491,0.039,13.014,,,,,0
2026-10-06T01:00Z,2026-10-08T01:00Z,2165656,48,4,4,,,,h,4,,4,,0,0,69.243,0.251,0,,,0,8,281,20.875,96.545,0.091,58.84,,,,,0
2026-10-06T01:00Z,2026-10-06T02:00Z,2181641,1,18.2,17.9,20.8,20.4,24.2,h,17.9,24.2,17.9,24.2,0,0.002,552.984,2.396,0.103,18.6,24.2,-0.019,9,279,27.135,84.72,1.89,44.637,,,,,0
2026-10-06T01:00Z,2026-10-06T04:00Z,2181641,3,18.9,18.6,20.9,20.5,24.1,h,18.6,24.1,18.6,24.1,0,0.002,902.93,2.677,0.099,18.6,24.2,-0.019,11,279,29.29,76.067,2.147,62.388,,,,,0
2026-10-06T01:00Z,2026-10-06T07:00Z,2181641,6,18.7,18.4,21,20.6,24,h,18.4,24,18.4,24,0,0.003,445.054,2.891,0.352,18.6,24.2,-0.019,14,279,28.408,79.8,2.128,14.012,,,,,0
2026-10-06T01:00Z,2026-10-06T13:00Z,2181641,12,27,26.6,22.3,21.9,23.4,h,26.6,23.4,26.7,23.4,0,0.001,89.896,0.81,0.579,18.6,24.2,-0.019,20,279,25.549,94.614,0.264,106.259,,,,,0
2026-10-06T01:00Z,2026-10-07T01:00Z,2181641,24,18,17.8,20,19.7,22.8,h,17.8,22.8,17.9,22.8,0,0,378.676,2.523,0,18.6,24.2,-0.019,8,280,25.611,89.673,1.905,2.275,,,,,0
2026-10-06T01:00Z,2026-10-08T01:00Z,2181641,48,29.9,29.7,23.9,23.7,24,h,29.7,24,29.7,24,0,0,251.887,1.652,0,18.6,24.2,-0.019,8,281,26.726,82.339,1.148,348.077,,,,,0
2026-10-06T01:00Z,2026-10-06T02:00Z,2327978,1,1.7,4.7,2.3,6.2,8.2,h,4.7,8.2,4.7,8.2,0,0,439.761,1.255,0.194,3.9,8.2,0.786,9,279,22.877,89.384,0.886,82.016,,,,,0
2026-10-06T01:00Z,2026-10-06T04:00Z,2327978,3,2.8,6.8,2.2,5.9,8.2,h,6.8,8.2,6.8,8.2,0,0,613.267,1.747,0.15,3.9,8.2,0.786,11,279,24.746,78.634,1.205,108.406,,,,,0
2026-10-06T01:00Z,2026-10-06T07:00Z,2327978,6,2.8,6.5,2.2,5.8,8,h,6.5,8,6.5,8,0,0,1100.81,2.003,0.119,3.9,8.2,0.786,14,279,27.107,65.748,1.409,126.511,,,,,0
2026-10-06T01:00Z,2026-10-06T13:00Z,2327978,12,2.2,4.8,2.1,5.3,7.6,h,4.8,7.6,4.8,7.6,0,0,38.131,1.561,0,3.9,8.2,0.786,20,279,21.601,95.829,0.642,96.058,,,,,0
2026-10-06T01:00Z,2026-10-07T01:00Z,2327978,24,2.2,4.1,2.6,5.6,7.4,h,4.1,7.4,4.1,7.4,0,0,125.933,0.188,0,3.9,8.2,0.786,8,280,20.851,94.601,0.1,346.318,,,,,0
2026-10-06T01:00Z,2026-10-08T01:00Z,2327978,48,4,5.6,2.7,4.3,6.3,h,5.6,6.3,5.6,6.3,0,0,66.836,0.228,0,3.9,8.2,0.786,8,281,20.805,96.796,0.058,53.206,,,,,0
2026-10-06T01:00Z,2026-10-06T02:00Z,2340282,1,1.7,6.3,2.3,8.3,8.1,h,6.3,8.1,6.3,8.1,0,0,426.287,1.209,0.186,6.5,8.1,1.042,9,279,22.917,89.494,0.854,84.672,,,,,0
2026-10-06T01:00Z,2026-10-06T04:00Z,2340282,3,2.8,8.9,2.2,8,8.1,h,8.9,8.1,8.9,8.1,0,0,619.013,1.774,0.148,6.5,8.1,1.042,11,279,24.821,78.954,1.225,110.219,,,,,0
2026-10-06T01:00Z,2026-10-06T07:00Z,2340282,6,2.8,8.4,2.2,7.7,8,h,8.4,8,8.4,8,0,0,1089.566,2.02,0.127,6.5,8.1,1.042,14,279,27.155,66.389,1.422,127.158,,,,,0
2026-10-06T01:00Z,2026-10-06T13:00Z,2340282,12,2.2,6.1,2.1,7,7.9,h,6.1,7.9,6.1,7.9,0,0,37.287,1.574,0,6.5,8.1,1.042,20,279,21.716,95.62,0.617,99.895,,,,,0
2026-10-06T01:00Z,2026-10-07T01:00Z,2340282,24,2.2,4.9,2.6,7,7.8,h,4.9,7.8,4.9,7.8,0,0,119.437,0.101,0,6.5,8.1,1.042,8,280,20.893,94.924,0.091,355.369,,,,,0
2026-10-06T01:00Z,2026-10-08T01:00Z,2340282,48,4,6.3,2.7,5,6.6,h,6.3,6.6,6.3,6.6,0,0,65.875,0.236,0,6.5,8.1,1.042,8,281,20.883,97.012,0.084,62.435,,,,,0
2026-10-06T01:00Z,2026-10-06T02:00Z,2375197,1,1.7,2.7,2.3,3.6,3.8,h,2.7,3.8,2.7,3.8,0,0,428.264,1.543,0.155,2.2,3.8,0.336,9,279,22.817,89.188,1.089,84.216,,,,,0
2026-10-06T01:00Z,2026-10-06T04:00Z,2375197,3,2.8,4.2,2.2,3.4,3.8,h,4.2,3.8,4.2,3.8,0,0,650.067,2,0.134,2.2,3.8,0.336,11,279,24.687,78.392,1.376,96.58,,,,,0
2026-10-06T01:00Z,2026-10-06T07:00Z,2375197,6,2.8,4.1,2.2,3.4,3.8,h,4.1,3.8,4.1,3.8,0,0,1037.281,2.041,0.125,2.2,3.8,0.336,14,279,26.861,66.754,1.439,120.46,,,,,0
2026-10-06T01:00Z,2026-10-06T13:00Z,2375197,12,2.2,3.1,2.1,3.2,3.7,h,3.1,3.7,3.1,3.7,0,0,37.485,1.631,0,2.2,3.8,0.336,20,279,21.56,95.77,0.675,89.232,,,,,0
2026-10-06T01:00Z,2026-10-07T01:00Z,2375197,24,2.2,2.9,2.6,3.6,3.8,h,2.9,3.8,2.9,3.8,0,0,137.397,0.308,0,2.2,3.8,0.336,8,280,20.938,94.243,0.142,59.378,,,,,0
2026-10-06T01:00Z,2026-10-08T01:00Z,2375197,48,4,4.6,2.7,3.3,3.6,h,4.6,3.6,4.6,3.6,0,0,76.004,0.317,0,2.2,3.8,0.336,8,281,21.042,95.882,0.175,69.52,,,,,0
2026-10-06T01:00Z,2026-10-06T02:00Z,2384279,1,1.7,8.3,2.3,10.9,10.7,h,8.3,10.7,8.3,10.7,0,0,421.407,1.574,0.14,8.8,10.7,1.292,9,279,22.806,89.213,1.11,85.451,,,,,0
2026-10-06T01:00Z,2026-10-06T04:00Z,2384279,3,2.8,11.5,2.2,10.5,10.7,h,11.5,10.7,11.5,10.7,0,0,672.013,2.09,0.129,8.8,10.7,1.292,11,279,24.729,78.204,1.44,95.244,,,,,0
2026-10-06T01:00Z,2026-10-06T07:00Z,2384279,6,2.8,10.6,2.2,10.1,10.7,h,10.6,10.7,10.6,10.7,0,0,1020.6,2.042,0.132,8.8,10.7,1.292,14,279,26.802,67.385,1.44,119.133,,,,,0
2026-10-06T01:00Z,2026-10-06T13:00Z,2384279,12,2.2,7.6,2.1,9,10.4,h,7.6,10.4,7.6,10.4,0,0,36.843,1.644,0,8.8,10.7,1.292,20,279,21.573,95.771,0.676,89.347,,,,,0
2026-10-06T01:00Z,2026-10-07T01:00Z,2384279,24,2.2,5.9,2.6,8.7,10.1,h,5.9,10.1,5.9,10.1,0,0,137.314,0.39,0,8.8,10.7,1.292,8,280,20.955,94.395,0.214,75.847,,,,,0
2026-10-06T01:00Z,2026-10-08T01:00Z,2384279,48,4,7,2.7,5.8,8.2,h,7,8.2,7,8.2,0,0,78.923,0.356,0,8.8,10.7,1.292,8,281,21.126,95.731,0.216,75.839,,,,,0
2026-10-06T01:00Z,2026-10-06T02:00Z,2384280,1,1.7,10.7,2.3,14.1,13.9,h,10.7,13.9,10.7,13.9,0,0,432.478,1.508,0.164,14.2,13.9,1.53,9,279,22.825,89.191,1.065,83.47,,,,,0
2026-10-06T01:00Z,2026-10-06T04:00Z,2384280,3,2.8,14.5,2.2,13.5,13.9,h,14.5,13.9,14.5,13.9,0,0,638.32,1.94,0.138,14.2,13.9,1.53,11,279,24.674,78.469,1.334,97.991,,,,,0
2026-10-06T01:00Z,2026-10-06T07:00Z,2384280,6,2.8,13.3,2.2,13,13.8,h,13.3,13.8,13.3,13.8,0,0,1049.759,2.036,0.122,14.2,13.9,1.53,14,279,26.903,66.399,1.435,121.461,,,,,0
2026-10-06T01:00Z,2026-10-06T13:00Z,2384280,12,2.2,9.3,2.1,11.5,13.4,h,9.3,13.4,9.3,13.4,0,0,37.821,1.619,0,14.2,13.9,1.53,20,279,21.553,95.785,0.673,89.611,,,,,0
2026-10-06T01:00Z,2026-10-07T01:00Z,2384280,24,2.2,6.9,2.6,10.7,12.9,h,6.9,12.9,6.9,12.9,0,0,136.689,0.268,0,14.2,13.9,1.53,8,280,20.922,94.203,0.097,46.125,,,,,0
2026-10-06T01:00Z,2026-10-08T01:00Z,2384280,48,4,7.7,2.7,6.6,10.2,h,7.7,10.2,7.7,10.2,0,0,74.134,0.295,0,14.2,13.9,1.53,8,281,20.985,96.011,0.148,65.237,,,,,0
2026-10-06T01:00Z,2026-10-06T02:00Z,2393909,1,1.7,4.3,2.3,5.6,7.4,h,4.3,7.4,4.3,7.4,0,0,429.167,1.381,0.172,3.5,7.4,0.701,9,279,22.862,89.327,0.975,84.081,,,,,0
2026-10-06T01:00Z,2026-10-06T04:00Z,2393909,3,2.8,6.2,2.2,5.4,7.4,h,6.2,7.4,6.2,7.4,0,0,633.715,1.87,0.141,3.5,7.4,0.701,11,279,24.744,78.628,1.285,102.793,,,,,0
2026-10-06T01:00Z,2026-10-06T07:00Z,2393909,6,2.8,6,2.2,5.2,7.3,h,6,7.3,6,7.3,0,0,1065.219,2.024,0.125,3.5,7.4,0.701,14,279,27.002,66.482,1.425,123.722,,,,,0
2026-10-06T01:00Z,2026-10-06T13:00Z,2393909,12,2.2,4.5,2.1,4.8,6.9,h,4.5,6.9,4.5,6.9,0,0,37.502,1.594,0,3.5,7.4,0.701,20,279,21.622,95.725,0.646,93.979,,,,,0
2026-10-06T01:00Z,2026-10-07T01:00Z,2393909,24,2.2,3.9,2.6,5.2,6.7,h,3.9,6.7,3.9,6.7,0,0,129.259,0.186,0,3.5,7.4,0.701,8,280,20.909,94.541,0.025,41.227,,,,,0
2026-10-06T01:00Z,2026-10-08T01:00Z,2393909,48,4,5.4,2.7,4.1,5.8,h,5.4,5.8,5.4,5.8,0,0,71.046,0.274,0,3.5,7.4,0.701,8,281,20.951,96.421,0.125,65.441,,,,,0
2026-10-06T01:00Z,2026-10-06T02:00Z,2429963,1,1.7,14.7,2.3,19.5,15.5,h,14.7,15.5,14.7,15.5,0,0,459.449,0.775,0.248,29.2,15.5,1.833,9,279,22.94,89.748,0.543,75.3,,,,,0
2026-10-06T01:00Z,2026-10-06T04:00Z,2429963,3,2.8,19.5,2.2,18.6,15.5,h,19.5,15.5,19.5,15.5,0,0,582.449,1.603,0.175,29.2,15.5,1.833,11,279,24.896,78.428,1.163,132.16,,,,,0
2026-10-06T01:00Z,2026-10-06T07:00Z,2429963,6,2.8,17.5,2.2,17.8,15.7,h,17.5,15.7,17.5,15.7,0,0,1203.438,1.95,0.113,29.2,15.5,1.833,14,279,27.436,64.559,1.381,135.847,,,,,0
2026-10-06T01:00Z,2026-10-06T13:00Z,2429963,12,2.2,12,2.1,15.5,15.2,h,12,15.2,12.1,15.2,0,0,38.729,1.499,0,29.2,15.5,1.833,20,279,21.617,96.132,0.643,108.091,,,,,0
2026-10-06T01:00Z,2026-10-07T01:00Z,2429963,24,2.2,8.5,2.6,13.9,15,h,8.5,15,8.5,15,0,0,107.716,0.486,0,29.2,15.5,1.833,8,280,20.677,95.407,0.429,290.069,,,,,0
2026-10-06T01:00Z,2026-10-08T01:00Z,2429963,48,4,8.7,2.7,7.7,11.6,h,8.7,11.6,8.7,11.6,0,0,55.417,0.164,0,29.2,15.5,1.833,8,281,20.443,98.153,0.123,12.58,,,,,0
2026-10-06T01:00Z,2026-10-06T02:00Z,2439091,1,1.7,5.8,2.3,7.6,7.3,h,5.8,7.3,5.8,7.3,0,0,435.438,1.442,0.174,6.3,7.3,0.962,9,279,22.839,89.234,1.018,82.934,,,,,0
2026-10-06T01:00Z,2026-10-06T04:00Z,2439091,3,2.8,8.2,2.2,7.3,7.3,h,8.2,7.3,8.2,7.3,0,0,629.098,1.875,0.142,6.3,7.3,0.962,11,279,24.685,78.529,1.289,100.562,,,,,0
2026-10-06T01:00Z,2026-10-06T07:00Z,2439091,6,2.8,7.7,2.2,7,7.3,h,7.7,7.3,7.7,7.3,0,0,1064.85,2.026,0.12,6.3,7.3,0.962,14,279,26.961,66.143,1.427,122.864,,,,,0
2026-10-06T01:00Z,2026-10-06T13:00Z,2439091,12,2.2,5.7,2.1,6.4,7.1,h,5.7,7.1,5.7,7.1,0,0,37.998,1.601,0,6.3,7.3,0.962,20,279,21.561,95.8,0.664,91.086,,,,,0
2026-10-06T01:00Z,2026-10-07T01:00Z,2439091,24,2.2,4.7,2.6,6.5,7.1,h,4.7,7.1,4.7,7.1,0,0,134.146,0.228,0,6.3,7.3,0.962,8,280,20.901,94.276,0.049,31.359,,,,,0
2026-10-06T01:00Z,2026-10-08T01:00Z,2439091,48,4,6.1,2.7,4.8,6.1,h,6.1,6.1,6.1,6.1,0,0,71.954,0.273,0,6.3,7.3,0.962,8,281,20.928,96.222,0.12,61.451,,,,,0
2026-10-06T01:00Z,2026-10-06T02:00Z,2439859,1,1.7,1.7,,,,h,1.7,,1.7,,0,0,408.991,1.463,0.135,,,0,9,279,22.85,89.392,1.031,87.798,,,,,0
2026-10-06T01:00Z,2026-10-06T04:00Z,2439859,3,2.8,2.8,,,,h,2.8,,2.8,,0,0,681.953,2.074,0.128,,,0,11,279,24.845,78.386,1.425,98.961,,,,,0
2026-10-06T01:00Z,2026-10-06T07:00Z,2439859,6,2.8,2.8,,,,h,2.8,,2.8,,0,0,1020.272,2.036,0.141,,,0,14,279,26.878,68.068,1.434,120.679,,,,,0
2026-10-06T01:00Z,2026-10-06T13:00Z,2439859,12,2.2,2.2,,,,h,2.2,,2.2,,0,0,35.86,1.632,0,,,0,20,279,21.69,95.626,0.643,94.741,,,,,0
2026-10-06T01:00Z,2026-10-07T01:00Z,2439859,24,2.2,2.2,,,,h,2.2,,2.2,,0,0,127.968,0.392,0,,,0,8,280,20.972,94.91,0.214,91.865,,,,,0
2026-10-06T01:00Z,2026-10-08T01:00Z,2439859,48,4,4,,,,h,4,,4,,0,0,77.342,0.37,0,,,0,8,281,21.175,96.103,0.228,81.567,,,,,0
2026-10-06T01:00Z,2026-10-06T02:00Z,2457250,1,1.7,1.7,,,,h,1.7,,1.7,,0,0,445.757,0.624,0.254,,,0,9,279,22.95,90.11,0.441,81.535,,,,,0
2026-10-06T01:00Z,2026-10-06T04:00Z,2457250,3,2.8,2.8,,,,h,2.8,,2.8,,0,0,556.084,1.684,0.19,,,0,11,279,24.862,79.622,1.256,141.31,,,,,0
2026-10-06T01:00Z,2026-10-06T07:00Z,2457250,6,2.8,2.8,,,,h,2.8,,2.8,,0,0,1200.997,2.025,0.126,,,0,14,279,27.493,65.212,1.445,138.849,,,,,0
2026-10-06T01:00Z,2026-10-06T13:00Z,2457250,12,2.2,2.2,,,,h,2.2,,2.2,,0,0,39.359,1.599,0,,,0,20,279,21.711,95.922,0.645,118.128,,,,,0
2026-10-06T01:00Z,2026-10-07T01:00Z,2457250,24,2.2,2.2,,,,h,2.2,,2.2,,0,0,90.5,0.566,0,,,0,8,280,20.64,95.959,0.537,278.186,,,,,0
2026-10-06T01:00Z,2026-10-08T01:00Z,2457250,48,4,4,,,,h,4,,4,,0,0,51.495,0.173,0,,,0,8,281,20.396,98.78,0.171,351.089,,,,,0
2026-10-06T01:00Z,2026-10-06T02:00Z,2510432,1,1.7,4.9,2.3,6.5,7.1,h,4.9,7.1,4.9,7.1,0,0,407.712,1.53,0.119,7,7.1,0.823,9,279,22.81,89.362,1.077,88.084,,,,,0
2026-10-06T01:00Z,2026-10-06T04:00Z,2510432,3,2.8,7.1,2.2,6.2,7.1,h,7.1,7.1,7.1,7.1,0,0,708.893,2.187,0.123,7,7.1,0.823,11,279,24.858,77.928,1.506,96.175,,,,,0
2026-10-06T01:00Z,2026-10-06T07:00Z,2510432,6,2.8,6.7,2.2,6,7,h,6.7,7,6.7,7,0,0,1004.368,2.029,0.145,7,7.1,0.823,14,279,26.768,68.551,1.429,118.443,,,,,0
2026-10-06T01:00Z,2026-10-06T13:00Z,2510432,12,2.2,5,2.1,5.5,6.7,h,5,6.7,5,6.7,0,0,35.48,1.648,0,7,7.1,0.823,20,279,21.638,95.756,0.663,92.664,,,,,0
2026-10-06T01:00Z,2026-10-07T01:00Z,2510432,24,2.2,4.2,2.6,5.8,6.7,h,4.2,6.7,4.2,6.7,0,0,131.702,0.528,0,7,7.1,0.823,8,280,20.97,94.931,0.309,95.304,,,,,0
2026-10-06T01:00Z,2026-10-08T01:00Z,2510432,48,4,5.7,2.7,4.4,5.8,h,5.7,5.8,5.7,5.8,0,0,81.935,0.419,0,7,7.1,0.823,8,281,21.244,95.769,0.269,84.783,,,,,0
2026-10-06T01:00Z,2026-10-06T02:00Z,2523394,1,1.7,1.7,,,,h,1.7,,1.7,,0,0,429.975,1.378,0.173,,,0,9,279,22.862,89.325,0.973,83.931,,,,,0
2026-10-06T01:00Z,2026-10-06T04:00Z,2523394,3,2.8,2.8,,,,h,2.8,,2.8,,0,0,632.382,1.864,0.142,,,0,11,279,24.741,78.627,1.28,102.933,,,,,0
2026-10-06T01:00Z,2026-10-06T07:00Z,2523394,6,2.8,2.8,,,,h,2.8,,2.8,,0,0,1066.892,2.024,0.124,,,0,14,279,27.005,66.428,1.424,123.815,,,,,0
2026-10-06T01:00Z,2026-10-06T13:00Z,2523394,12,2.2,2.2,,,,h,2.2,,2.2,,0,0,37.559,1.593,0,,,0,20,279,21.618,95.732,0.646,93.933,,,,,0
2026-10-06T01:00Z,2026-10-07T01:00Z,2523394,24,2.2,2.2,,,,h,2.2,,2.2,,0,0,129.341,0.184,0,,,0,8,280,20.906,94.53,0.02,38.202,,,,,0
2026-10-06T01:00Z,2026-10-08T01:00Z,2523394,48,4,4,,,,h,4,,4,,0,0,70.875,0.271,0,,,0,8,281,20.943,96.429,0.121,64.725,,,,,0
2026-10-06T01:00Z,2026-10-06T02:00Z,2575375,1,6.3,4.1,7.6,4.9,5.2,h,4.1,5.2,4.1,5.2,0,0,259.219,0.434,0.491,3.5,5.2,-0.384,9,279,22.867,92.542,0.392,283.086,,,,,0
2026-10-06T01:00Z,2026-10-06T04:00Z,2575375,3,7,4.6,7.3,4.7,5.2,h,4.6,5.2,4.6,5.2,0,0,638.272,0.77,0.527,3.5,5.2,-0.384,11,279,25.31,81.388,0.689,320.595,,,,,0
2026-10-06T01:00Z,2026-10-06T07:00Z,2575375,6,7.1,4.8,7.1,4.6,5.2,h,4.8,5.2,4.8,5.2,0,0,463.66,1.143,0.786,3.5,5.2,-0.384,14,279,26.057,81.871,0.983,70.83,,,,,0
2026-10-06T01:00Z,2026-10-06T13:00Z,2575375,12,21.3,15.6,8,5.4,5.4,h,15.6,5.4,15.7,5.4,0,0,75.695,1.292,0.771,3.5,5.2,-0.384,20,279,22.438,96.274,0.692,315.395,,,,,0
2026-10-06T01:00Z,2026-10-07T01:00Z,2575375,24,9.3,7.2,11.6,8.5,6.2,h,7.2,6.2,7.2,6.3,0,0,141.371,0.824,0.005,3.5,5.2,-0.384,8,280,22.436,93.433,0.646,338.03,,,,,0
2026-10-06T01:00Z,2026-10-08T01:00Z,2575375,48,23.7,20.5,16.2,13.6,9.4,h,20.5,9.4,20.5,9.4,0,0,142.226,1.099,0,3.5,5.2,-0.384,8,281,22.308,94.813,0.77,333.676,,,,,0
2026-10-06T01:00Z,2026-10-06T02:00Z,2692436,1,18.2,21.4,20.8,24.6,25.1,h,21.4,25.1,21.4,25.1,0,0.002,545.012,2.408,0.11,24.6,25.1,0.162,9,279,27.1,84.854,1.903,41.388,,,,,0
2026-10-06T01:00Z,2026-10-06T04:00Z,2692436,3,18.9,22.1,20.9,24.7,25.1,h,22.1,25.1,22.1,25.1,0,0.002,883.195,2.731,0.108,24.6,25.1,0.162,11,279,29.209,76.43,2.195,60.131,,,,,0
2026-10-06T01:00Z,2026-10-06T07:00Z,2692436,6,18.7,21.7,21,24.8,25,h,21.7,25,21.7,25,0,0.002,453.959,2.963,0.366,24.6,25.1,0.162,14,279,28.382,79.771,2.187,15.669,,,,,0
2026-10-06T01:00Z,2026-10-06T13:00Z,2692436,12,27,30.7,22.3,26.1,24.8,h,30.7,24.8,30.8,24.8,0,0.001,92.505,0.774,0.665,24.6,25.1,0.162,20,279,25.533,94.601,0.182,94.077,,,,,0
2026-10-06T01:00Z,2026-10-07T01:00Z,2692436,24,18,19.9,20,22.8,24.4,h,19.9,24.4,20,24.4,0,0,381.069,2.659,0,24.6,25.1,0.162,8,280,25.562,89.741,2.004,2.046,,,,,0
2026-10-06T01:00Z,2026-10-08T01:00Z,2692436,48,29.9,31.8,23.9,25.8,25.5,h,31.8,25.5,31.8,25.5,0,0,260.473,1.817,0,24.6,25.1,0.162,8,281,26.714,82.603,1.258,350.213,,,,,0
2026-10-06T01:00Z,2026-10-06T02:00Z,2692642,1,18.2,18.2,,,,h,18.2,,18.2,,0,0.003,542.154,2.472,0.115,,,0,9,279,27.073,84.928,1.954,38.948,,,,,0
2026-10-06T01:00Z,2026-10-06T04:00Z,2692642,3,18.9,18.9,,,,h,18.9,,18.9,,0,0.002,869.431,2.7,0.117,,,0,11,279,29.14,76.641,2.179,59.701,,,,,0
2026-10-06T01:00Z,2026-10-06T07:00Z,2692642,6,18.7,18.7,,,,h,18.7,,18.7,,0,0.003,454.075,3.177,0.396,,,0,14,279,28.321,79.879,2.365,14.983,,,,,0
2026-10-06T01:00Z,2026-10-06T13:00Z,2692642,12,27,27,,,,h,27,,27.1,,0,0.001,94.858,0.761,0.707,,,0,20,279,25.518,94.478,0.15,86.838,,,,,0
2026-10-06T01:00Z,2026-10-07T01:00Z,2692642,24,18,18,,,,h,18,,18.1,,0,0,376.493,2.743,0,,,0,8,280,25.545,89.774,2.079,1.201,,,,,0
2026-10-06T01:00Z,2026-10-08T01:00Z,2692642,48,29.9,29.9,,,,h,29.9,,29.9,,0,0,267.418,1.934,0,,,0,8,281,26.679,82.866,1.34,350.648,,,,,0
2026-10-06T01:00Z,2026-10-06T02:00Z,2692644,1,18.2,18.2,,,,h,18.2,,18.2,,0,0.003,553.181,2.479,0.107,,,0,9,279,27.113,84.751,1.957,42.59,,,,,0
2026-10-06T01:00Z,2026-10-06T04:00Z,2692644,3,18.9,18.9,,,,h,18.9,,18.9,,0,0.003,893.312,2.597,0.106,,,0,11,279,29.232,76.183,2.092,63.131,,,,,0
2026-10-06T01:00Z,2026-10-06T07:00Z,2692644,6,18.7,18.7,,,,h,18.7,,18.7,,0,0.003,439.811,3.188,0.39,,,0,14,279,28.328,79.992,2.374,12.207,,,,,0
2026-10-06T01:00Z,2026-10-06T13:00Z,2692644,12,27,27,,,,h,27,,27.1,,0,0.001,92.103,0.781,0.596,,,0,20,279,25.536,94.433,0.226,103.198,,,,,0
2026-10-06T01:00Z,2026-10-07T01:00Z,2692644,24,18,18,,,,h,18,,18.1,,0,0,369.702,2.571,0,,,0,8,280,25.613,89.689,1.962,0.873,,,,,0
2026-10-06T01:00Z,2026-10-08T01:00Z,2692644,48,29.9,29.9,,,,h,29.9,,29.9,,0,0,257.482,1.736,0,,,0,8,281,26.679,82.6,1.212,347.575,,,,,0
2026-10-06T01:00Z,2026-10-06T02:00Z,2692645,1,14.9,14.9,,,,h,14.9,,14.9,,0,0.003,559.53,2.488,0.101,,,0,9,279,27.139,84.639,1.961,44.76,,,,,0
2026-10-06T01:00Z,2026-10-06T04:00Z,2692645,3,13.2,13.2,,,,h,13.2,,13.2,,0,0.003,908.046,2.539,0.1,,,0,11,279,29.289,75.915,2.043,65.255,,,,,0
2026-10-06T01:00Z,2026-10-06T07:00Z,2692645,6,14.4,14.4,,,,h,14.4,,14.4,,0,0.003,431.062,3.194,0.385,,,0,14,279,28.334,80.068,2.38,10.596,,,,,0
2026-10-06T01:00Z,2026-10-06T13:00Z,2692645,12,36.1,36.1,,,,h,36.1,,36.2,,0,0.001,90.656,0.818,0.533,,,0,20,279,25.545,94.416,0.284,112.447,,,,,0
2026-10-06T01:00Z,2026-10-07T01:00Z,2692645,24,17.9,17.9,,,,h,17.9,,18,,0,0,364.717,2.464,0,,,0,8,280,25.651,89.655,1.888,0.335,,,,,0
2026-10-06T01:00Z,2026-10-08T01:00Z,2692645,48,24.9,24.9,,,,h,24.9,,24.9,,0,0,251.093,1.618,0,,,0,8,281,26.678,82.454,1.134,344.955,,,,,0
2026-10-06T01:00Z,2026-10-06T02:00Z,2739142,1,6.4,17.6,4.2,12.5,10,h,17.6,10,17.6,10,0,0,716.064,4.836,0,15.8,10,0.96,9,279,26.329,73.178,3.71,44.004,,,,,0
2026-10-06T01:00Z,2026-10-06T04:00Z,2739142,3,8.8,22.7,4.5,13.2,10.1,h,22.7,10.1,22.7,10.1,0,0,930.376,4.505,0,15.8,10,0.96,11,279,28.322,64.586,3.513,50.615,,,,,0
2026-10-06T01:00Z,2026-10-06T07:00Z,2739142,6,9,21.9,5,14.2,10.4,h,21.9,10.4,21.9,10.4,0,0,1083.859,3.963,0.031,15.8,10,0.96,14,279,29.391,61.967,3.122,53.704,,,,,0
2026-10-06T01:00Z,2026-10-06T13:00Z,2739142,12,11.1,24.2,6.3,16.4,11.4,h,24.2,11.4,24.3,11.4,0,0,126.402,4.625,0,15.8,10,0.96,20,279,25.508,78.969,1.9,68.674,,,,,0
2026-10-06T01:00Z,2026-10-07T01:00Z,2739142,24,12.9,23.6,8.9,19.7,13.1,h,23.6,13.1,23.7,13.1,0,0,401.763,3.401,0,15.8,10,0.96,8,280,24.05,73.337,2.302,60.158,,,,,0
2026-10-06T01:00Z,2026-10-08T01:00Z,2739142,48,18.6,26.7,16.9,27.1,18.5,h,26.7,18.5,26.7,18.5,0,0,309.685,2.758,0,15.8,10,0.96,8,281,24.736,75.358,2.02,54.847,,,,,0
2026-10-06T01:00Z,2026-10-06T02:00Z,2811479,1,3.3,15.5,7.2,32.3,17.7,h,15.5,17.7,15.5,17.7,0,0,723.933,5.49,0.097,16.3,17.7,1.405,9,279,26.272,82.374,4.093,52.742,,,,,0
2026-10-06T01:00Z,2026-10-06T04:00Z,2811479,3,4.6,19.4,6.5,29.1,17.6,h,19.4,17.6,19.4,17.6,0,0,971.575,6.156,0.1,16.3,17.7,1.405,11,279,28.346,73.666,4.568,58.074,,,,,0
2026-10-06T01:00Z,2026-10-06T07:00Z,2811479,6,5.5,20.9,5.5,24.7,17.5,h,20.9,17.5,20.9,17.5,0,0,1122.729,5.268,0.311,16.3,17.7,1.405,14,279,29.313,72.01,4.091,58.562,,,,,0
2026-10-06T01:00Z,2026-10-06T13:00Z,2811479,12,6.1,19.7,4.6,19.6,17.7,h,19.7,17.7,19.8,17.7,0,0,343.095,4.361,0.021,16.3,17.7,1.405,20,279,25.743,86.152,1.996,66.386,,,,,0
2026-10-06T01:00Z,2026-10-07T01:00Z,2811479,24,11.2,27.1,5.6,18.2,17.9,h,27.1,17.9,27.2,17.9,0,0,484.619,4.183,0,16.3,17.7,1.405,8,280,24.199,78.461,2.977,51.12,,,,,0
2026-10-06T01:00Z,2026-10-08T01:00Z,2811479,48,13.7,23.4,13.2,26.4,22,h,23.4,22,23.4,22,0,0,474.897,3.73,0,16.3,17.7,1.405,8,281,25.29,79.059,2.624,39.135,,,,,0
2026-10-06T01:00Z,2026-10-06T02:00Z,2811482,1,3.3,3.3,,,,h,3.3,,3.3,,0,0,796.96,6.357,0.048,,,0,9,279,26.043,80.971,4.771,54.652,,,,,0
2026-10-06T01:00Z,2026-10-06T04:00Z,2811482,3,4.6,4.6,,,,h,4.6,,4.6,,0,0,975.136,7.226,0.1,,,0,11,279,27.93,72.873,5.287,58.875,,,,,0
2026-10-06T01:00Z,2026-10-06T07:00Z,2811482,6,5.5,5.5,,,,h,5.5,,5.5,,0,0,1241.583,5.905,0.06,,,0,14,279,29.428,69.838,4.638,58.941,,,,,0
2026-10-06T01:00Z,2026-10-06T13:00Z,2811482,12,6.1,6.1,,,,h,6.1,,6.1,,0,0,502.242,5.707,0.003,,,0,20,279,25.648,81.823,2.832,67.149,,,,,0
2026-10-06T01:00Z,2026-10-07T01:00Z,2811482,24,11.2,11.2,,,,h,11.2,,11.3,,0,0,511.49,4.839,0,,,0,8,280,23.9,77.142,3.401,52.763,,,,,0
2026-10-06T01:00Z,2026-10-08T01:00Z,2811482,48,13.7,13.7,,,,h,13.7,,13.7,,0,0,507.883,4.316,0,,,0,8,281,24.876,78.86,3.036,40.346,,,,,0
2026-10-06T01:00Z,2026-10-06T02:00Z,2811595,1,18.2,7.9,20.8,8.8,7.9,h,7.9,7.9,7.9,7.9,0,0.002,497.406,2.487,0.132,15.8,7.9,-0.801,9,279,26.949,85.439,1.972,26.308,,,,,0
2026-10-06T01:00Z,2026-10-06T04:00Z,2811595,3,18.9,8.5,20.9,8.9,7.9,h,8.5,7.9,8.5,7.9,0,0.002,793.322,3.178,0.147,15.8,7.9,-0.801,11,279,28.853,78.392,2.56,48.397,,,,,0
2026-10-06T01:00Z,2026-10-06T07:00Z,2811595,6,18.7,8.9,21,9.1,8,h,8.9,8,8.9,8,0,0.002,504.113,3.042,0.376,15.8,7.9,-0.801,14,279,28.352,79.547,2.27,27.218,,,,,0
2026-10-06T01:00Z,2026-10-06T13:00Z,2811595,12,27,14.2,22.3,10.1,8.3,h,14.2,8.3,14.3,8.3,0,0.001,107.743,1.04,1.185,15.8,7.9,-0.801,20,279,25.432,94.899,0.336,40.322,,,,,0
2026-10-06T01:00Z,2026-10-07T01:00Z,2811595,24,18,10.8,20,10.4,8.7,h,10.8,8.7,10.9,8.7,0,0,387.968,3.281,0,15.8,7.9,-0.801,8,280,25.264,90.373,2.43,358.255,,,,,0
2026-10-06T01:00Z,2026-10-08T01:00Z,2811595,48,29.9,22.2,23.9,16.3,12.1,h,22.2,12.1,22.2,12.1,0,0,293.973,2.582,0,15.8,7.9,-0.801,8,281,26.681,83.985,1.752,353.711,,,,,0
2026-10-06T01:00Z,2026-10-06T02:00Z,2813904,1,3.1,5.1,20.9,31.9,15.8,h,5.1,15.8,5.1,15.8,0,0.001,536.851,3.245,0.682,7.9,15.8,0.406,9,279,26.018,86.788,2.325,64.366,,,,,0
2026-10-06T01:00Z,2026-10-06T04:00Z,2813904,3,3.5,5.5,18.1,27.6,15.7,h,5.5,15.7,5.5,15.7,0,0,1025.504,4.372,0.085,7.9,15.8,0.406,11,279,28.93,75.951,3.465,69.389,,,,,0
2026-10-06T01:00Z,2026-10-06T07:00Z,2813904,6,4.9,7.4,14.3,21.8,15.3,h,7.4,15.3,7.4,15.3,0,0,1022.219,3.957,0.056,7.9,15.8,0.406,14,279,29.707,70.884,3.035,78.692,,,,,0
2026-10-06T01:00Z,2026-10-06T13:00Z,2813904,12,12.5,17.4,9,13.6,14.9,h,17.4,14.9,17.5,14.9,0,0,123.942,3.835,0.039,7.9,15.8,0.406,20,279,25.828,93.76,1.851,21.072,,,,,0
2026-10-06T01:00Z,2026-10-07T01:00Z,2813904,24,6.8,8.9,8.7,12,14.6,h,8.9,14.6,8.9,14.6,0,0,288.068,4.048,0.147,7.9,15.8,0.406,8,280,25.164,92.49,2.934,27.964,,,,,0
2026-10-06T01:00Z,2026-10-08T01:00Z,2813904,48,9.4,11,10.2,12.4,14.1,h,11,14.1,11,14.1,0,0,207.015,2.512,0,7.9,15.8,0.406,8,281,26.128,90.202,1.627,20.128,,,,,0
2026-10-06T01:00Z,2026-10-06T02:00Z,2813975,1,2.6,2.6,,,,h,2.6,,2.6,,0,0,330.803,2.696,0.495,,,0,9,279,25.512,88.995,2.114,210.62,,,,,0
2026-10-06T01:00Z,2026-10-06T04:00Z,2813975,3,2.4,2.4,,,,h,2.4,,2.4,,0,0,494.925,2.911,0.195,,,0,11,279,27.428,80.45,2.418,205.609,,,,,0
2026-10-06T01:00Z,2026-10-06T07:00Z,2813975,6,2,2,,,,h,2,,2,,0,0,691.876,2.937,0.301,,,0,14,279,27.813,80.475,2.525,223.633,,,,,0
2026-10-06T01:00Z,2026-10-06T13:00Z,2813975,12,3.6,3.6,,,,h,3.6,,3.6,,0,0,193.679,1.989,0,,,0,20,279,25.747,88.562,0.992,239.545,,,,,0
2026-10-06T01:00Z,2026-10-07T01:00Z,2813975,24,3.6,3.6,,,,h,3.6,,3.6,,0,0,289.369,1.372,0.002,,,0,8,280,25.906,90.978,1.067,5.656,,,,,0
2026-10-06T01:00Z,2026-10-08T01:00Z,2813975,48,3.2,3.2,,,,h,3.2,,3.2,,0,0,242.397,2.151,0.045,,,0,8,281,25.543,91.371,1.905,284.936,,,,,0
2026-10-06T01:00Z,2026-10-06T02:00Z,2821337,1,2.1,7.7,6.4,20.7,5.7,h,7.7,5.7,7.7,5.7,0,0,599.671,2.973,0.118,10.4,5.7,1.076,9,279,23.496,88.609,2.116,38.541,,,,,0
2026-10-06T01:00Z,2026-10-06T04:00Z,2821337,3,3.7,11.6,5.8,18.8,5.7,h,11.6,5.7,11.6,5.7,0,0,734.19,3.882,0.11,10.4,5.7,1.076,11,279,24.683,78.908,2.946,48.149,,,,,0
2026-10-06T01:00Z,2026-10-06T07:00Z,2821337,6,4.8,13.7,5,16.4,5.9,h,13.7,5.9,13.7,5.9,0,0,932.505,3.38,0.076,10.4,5.7,1.076,14,279,27.032,64.181,2.523,71.021,,,,,0
2026-10-06T01:00Z,2026-10-06T13:00Z,2821337,12,8.5,20.6,4.3,13.1,6.9,h,20.6,6.9,20.7,6.9,0,0,24.322,0.756,0,10.4,5.7,1.076,20,279,24.092,85.004,0.146,295.841,,,,,0
2026-10-06T01:00Z,2026-10-07T01:00Z,2821337,24,12.9,25.3,9,20.7,10.5,h,25.3,10.5,25.4,10.5,0,0,216.445,1.914,0,10.4,5.7,1.076,8,280,23.696,81.418,1.037,16.259,,,,,0
2026-10-06T01:00Z,2026-10-08T01:00Z,2821337,48,18.7,28,12.8,21.2,13.5,h,28,13.5,28,13.5,0,0,170.523,0.296,0,10.4,5.7,1.076,8,281,23.765,82.767,0.197,24.366,,,,,0
2026-10-06T01:00Z,2026-10-06T02:00Z,2827389,1,5.5,10.1,8.7,15.9,8.3,h,10.1,8.3,10.1,8.3,0,0,281.214,0.454,0.4,10.4,8.3,0.56,9,279,23.839,90.644,0.241,16.951,,,,,0
2026-10-06T01:00Z,2026-10-06T04:00Z,2827389,3,5.8,10.4,8.1,15,8.3,h,10.4,8.3,10.4,8.3,0,0,559.766,0.16,0.234,10.4,8.3,0.56,11,279,26.23,79.441,0.196,332.499,,,,,0
2026-10-06T01:00Z,2026-10-06T07:00Z,2827389,6,5.9,10.2,7.6,13.9,8.3,h,10.2,8.3,10.2,8.3,0,0,354.137,0.745,0.893,10.4,8.3,0.56,14,279,26.36,84.426,0.666,95.704,,,,,0
2026-10-06T01:00Z,2026-10-06T13:00Z,2827389,12,16.9,26.4,7.3,12.8,8.9,h,26.4,8.9,26.5,8.9,0,0,71.502,1.257,1.288,10.4,8.3,0.56,20,279,23.714,94.562,0.948,289.816,,,,,0
2026-10-06T01:00Z,2026-10-07T01:00Z,2827389,24,10.1,14.5,10.1,15.8,10.7,h,14.5,10.7,14.6,10.7,0,0,95.098,0.244,0.028,10.4,8.3,0.56,8,280,23.388,92.08,0.08,8.84,,,,,0
2026-10-06T01:00Z,2026-10-08T01:00Z,2827389,48,26.3,32.4,17.2,22.3,15.3,h,32.4,15.3,32.4,15.3,0,0,231.716,0.317,0,10.4,8.3,0.56,8,281,24.126,90.57,0.321,71.488,,,,,0
2026-10-06T01:00Z,2026-10-06T02:00Z,2827395,1,6.1,5.2,3.2,2.6,3.1,h,5.2,3.1,5.2,3.1,0,0,568.397,3.287,0,4,3.1,-0.141,9,279,25.606,67.451,2.507,44.692,,,,,0
2026-10-06T01:00Z,2026-10-06T04:00Z,2827395,3,6.8,5.8,3.6,3,3.1,h,5.8,3.1,5.8,3.1,0,0,787,2.532,0,4,3.1,-0.141,11,279,27.64,63.268,1.976,43.418,,,,,0
2026-10-06T01:00Z,2026-10-06T07:00Z,2827395,6,7,6.1,4.3,3.6,3.2,h,6.1,3.2,6.1,3.2,0,0,1079.891,1.818,0,4,3.1,-0.141,14,279,29.338,59.662,1.398,55.292,,,,,0
2026-10-06T01:00Z,2026-10-06T13:00Z,2827395,12,8.1,7.2,5.5,4.7,3.5,h,7.2,3.5,7.2,3.5,0,0,166.118,4.071,0,4,3.1,-0.141,20,279,24.753,77.413,1.628,73.283,,,,,0
2026-10-06T01:00Z,2026-10-07T01:00Z,2827395,24,11.4,10.4,8.5,7.5,4.5,h,10.4,4.5,10.5,4.5,0,0,372.162,2.391,0,4,3.1,-0.141,8,280,23.948,66.929,1.579,59.022,,,,,0
2026-10-06T01:00Z,2026-10-08T01:00Z,2827395,48,18.2,17.2,12.3,11.5,7.3,h,17.2,7.3,17.2,7.3,0,0,239.048,1.257,0,4,3.1,-0.141,8,281,24.207,73.512,0.871,44.831,,,,,0
2026-10-06T01:00Z,2026-10-06T02:00Z,2827396,1,4.6,5.6,5.9,7.1,5,h,5.6,5,5.6,5,0,0,402.592,2.787,0.674,4,5,0.166,9,279,23.413,91.562,2.052,22.489,,,,,0
2026-10-06T01:00Z,2026-10-06T04:00Z,2827396,3,5.1,6.1,5.9,7.2,5,h,6.1,5,6.1,5,0,0,529.09,2.393,0.119,4,5,0.166,11,279,25.514,81.403,1.872,29.17,,,,,0
2026-10-06T01:00Z,2026-10-06T07:00Z,2827396,6,6,7.1,5.5,6.6,5.1,h,7.1,5.1,7.1,5.1,0,0,737.192,0.975,0.915,4,5,0.166,14,279,27.527,76.15,0.801,41.554,,,,,0
2026-10-06T01:00Z,2026-10-06T13:00Z,2827396,12,7.2,8.3,4.7,5.6,5.2,h,8.3,5.2,8.3,5.2,0,0,39.702,1.046,0,4,5,0.166,20,279,23.929,94.646,0.3,349.357,,,,,0
2026-10-06T01:00Z,2026-10-07T01:00Z,2827396,24,3.6,4.1,4.5,5.3,5.1,h,4.1,5.1,4.1,5.1,0,0,179.344,0.222,0,4,5,0.166,8,280,23.883,93.73,0.208,212.088,,,,,0
2026-10-06T01:00Z,2026-10-08T01:00Z,2827396,48,9.8,10.5,9.6,10.5,7.7,h,10.5,7.7,10.5,7.7,0,0,125.303,0.12,0,4,5,0.166,8,281,23.757,94.369,0.143,207.798,,,,,0
2026-10-06T01:00Z,2026-10-06T02:00Z,2832266,1,3.2,3.2,,,,h,3.2,,3.2,,0,0,529.922,1.51,0.097,,,0,9,279,26.979,84.859,1.027,40.011,,,,,0
2026-10-06T01:00Z,2026-10-06T04:00Z,2832266,3,3.1,3.1,,,,h,3.1,,3.1,,0,0,932.413,2.446,0.18,,,0,11,279,29.265,75.481,1.846,40.131,,,,,0
2026-10-06T01:00Z,2026-10-06T07:00Z,2832266,6,3.1,3.1,,,,h,3.1,,3.1,,0,0,575.734,2.274,1.477,,,0,14,279,28.42,81.241,1.52,64.785,,,,,0
2026-10-06T01:00Z,2026-10-06T13:00Z,2832266,12,6.1,6.1,,,,h,6.1,,6.1,,0,0,56.447,0.968,0.134,,,0,20,279,25.934,94.137,0.376,57.161,,,,,0
2026-10-06T01:00Z,2026-10-07T01:00Z,2832266,24,5.7,5.7,,,,h,5.7,,5.7,,0,0,339.584,2.112,0,,,0,8,280,25.08,86.119,1.542,35.704,,,,,0
2026-10-06T01:00Z,2026-10-08T01:00Z,2832266,48,12.8,12.8,,,,h,12.8,,12.8,,0,0,437.741,1.877,0,,,0,8,281,26.465,80.668,1.252,22.345,,,,,0
2026-10-06T01:00Z,2026-10-06T02:00Z,2832600,1,4.6,6.9,5.9,8.8,4.5,h,6.9,4.5,6.9,4.5,0,0,395.841,2.32,1.37,11.1,4.5,0.358,9,279,22.945,92.613,1.655,23.32,,,,,0
2026-10-06T01:00Z,2026-10-06T04:00Z,2832600,3,5.1,7.5,5.9,8.9,4.5,h,7.5,4.5,7.5,4.5,0,0,606.763,2.199,0.142,11.1,4.5,0.358,11,279,25.224,82.032,1.708,44.462,,,,,0
2026-10-06T01:00Z,2026-10-06T07:00Z,2832600,6,6,8.5,5.5,8.2,4.6,h,8.5,4.6,8.5,4.6,0,0,653.929,2.181,2.062,11.1,4.5,0.358,14,279,26.246,79.944,1.703,72.287,,,,,0
2026-10-06T01:00Z,2026-10-06T13:00Z,2832600,12,7.2,9.8,4.7,6.9,4.9,h,9.8,4.9,9.8,4.9,0,0,38.606,0.918,0,11.1,4.5,0.358,20,279,23.497,94.119,0.236,15.002,,,,,0
2026-10-06T01:00Z,2026-10-07T01:00Z,2832600,24,3.6,4.7,4.5,6.3,5.1,h,4.7,5.1,4.7,5.1,0,0,181.112,0.135,0,11.1,4.5,0.358,8,280,23.42,93.653,0.135,249.315,,,,,0
2026-10-06T01:00Z,2026-10-08T01:00Z,2832600,48,9.8,11.3,9.6,11.5,8,h,11.3,8,11.3,8,0,0,159.894,0.129,0,11.1,4.5,0.358,8,281,23.589,93.254,0.042,308.75,,,,,0
2026-10-06T01:00Z,2026-10-06T02:00Z,2843720,1,2.7,6.6,3.5,8.6,5.4,h,6.6,5.4,6.6,5.4,0,0,417.916,2.023,0.01,8,5.4,0.748,9,279,23.961,87.229,1.662,17.691,,,,,0
2026-10-06T01:00Z,2026-10-06T04:00Z,2843720,3,3.5,8,3.6,8.7,5.4,h,8,5.4,8,5.4,0,0,726.474,0.686,0.015,8,5.4,0.748,11,279,26.302,77.146,0.532,28.824,,,,,0
2026-10-06T01:00Z,2026-10-06T07:00Z,2843720,6,4.3,9.1,3.6,8.5,5.4,h,9.1,5.4,9.1,5.4,0,0,641.819,2.618,0.1,8,5.4,0.748,14,279,27.568,73.02,2.085,65.225,,,,,0
2026-10-06T01:00Z,2026-10-06T13:00Z,2843720,12,5.1,9.8,3.5,7.9,5.7,h,9.8,5.7,9.8,5.7,0,0,50.073,1.513,0.068,8,5.4,0.748,20,279,24.049,95.297,0.516,349.187,,,,,0
2026-10-06T01:00Z,2026-10-07T01:00Z,2843720,24,4.6,7.7,4,7.9,6.2,h,7.7,6.2,7.7,6.2,0,0,291.736,0.969,0.068,8,5.4,0.748,8,280,24.261,91.89,0.648,21.449,,,,,0
2026-10-06T01:00Z,2026-10-08T01:00Z,2843720,48,8.9,12,8.5,12.3,8.8,h,12,8.8,12,8.8,0,0,210.569,0.883,0,8,5.4,0.748,8,281,23.995,92.084,0.63,20.382,,,,,0
2026-10-06T01:00Z,2026-10-06T02:00Z,2843723,1,4,15.7,9.7,36.7,30.4,h,15.7,30.4,15.7,30.4,0,0,546.324,1.572,0.245,22.3,30.4,1.26,9,279,27.037,86.012,1.273,67.234,,,,,0
2026-10-06T01:00Z,2026-10-06T04:00Z,2843723,3,2.9,11.4,9,34,30.3,h,11.4,30.3,11.4,30.3,0,0,840.316,3.808,0.105,22.3,30.4,1.26,11,279,29.234,75.514,2.977,55.5,,,,,0
2026-10-06T01:00Z,2026-10-06T07:00Z,2843723,6,2.4,9.1,7.7,29.2,29.5,h,9.1,29.5,9.1,29.5,0,0,569.359,1.192,0.252,22.3,30.4,1.26,14,279,28.857,76.451,0.926,88.415,,,,,0
2026-10-06T01:00Z,2026-10-06T13:00Z,2843723,12,6.3,18.1,5.6,20.9,28,h,18.1,28,18.2,28,0,0,68.747,1.856,0,22.3,30.4,1.26,20,279,26.014,94.016,0.742,82.465,,,,,0
2026-10-06T01:00Z,2026-10-07T01:00Z,2843723,24,4.6,10.8,4.3,12.8,24.8,h,10.8,24.8,10.9,24.8,0,0,622.427,4.27,0.019,22.3,30.4,1.26,8,280,25.709,86.863,3.003,45.735,,,,,0
2026-10-06T01:00Z,2026-10-08T01:00Z,2843723,48,11.8,19.2,11,20.2,25.3,h,19.2,25.3,19.2,25.3,0,0,305.698,2.817,0.005,22.3,30.4,1.26,8,281,27.372,78.131,1.799,41.368,,,,,0
2026-10-06T01:00Z,2026-10-06T02:00Z,2843771,1,4.2,4.2,,,,h,4.2,,4.2,,0,0,275.819,1.861,0.575,,,0,9,279,21.434,96.45,1.293,58.529,,,,,0
2026-10-06T01:00Z,2026-10-06T04:00Z,2843771,3,4.4,4.4,,,,h,4.4,,4.4,,0,0,634.164,1.381,0.317,,,0,11,279,23.708,85.524,0.9,74.807,,,,,0
2026-10-06T01:00Z,2026-10-06T07:00Z,2843771,6,4.9,4.9,,,,h,4.9,,4.9,,0,0,613.45,0.524,0.452,,,0,14,279,24.744,84.834,0.305,58.711,,,,,0
2026-10-06T01:00Z,2026-10-06T13:00Z,2843771,12,5.1,5.1,,,,h,5.1,,5.1,,0,0,37.411,1,0.182,,,0,20,279,21.1,98.525,0.431,28.789,,,,,0
2026-10-06T01:00Z,2026-10-07T01:00Z,2843771,24,3.5,3.5,,,,h,3.5,,3.5,,0,0,169.333,0.465,0,,,0,8,280,21.152,96.5,0.204,40.226,,,,,0
2026-10-06T01:00Z,2026-10-08T01:00Z,2843771,48,8.9,8.9,,,,h,8.9,,8.9,,0,0,125.123,0.424,0,,,0,8,281,21.926,95.542,0.323,320.791,,,,,0
2026-10-06T01:00Z,2026-10-06T02:00Z,2847191,1,3.8,0,11.5,1.3,0,h,0,0,0,0,0,0,502.394,2.303,0.11,0,0,-1.709,9,279,24.103,86.654,1.668,35.039,,,,,0
2026-10-06T01:00Z,2026-10-06T04:00Z,2847191,3,4.6,0.2,10.7,1.2,0,h,0.2,0,0.2,0,0,0,960.98,1.66,0.167,0,0,-1.709,11,279,26.826,74.452,1.378,38.654,,,,,0
2026-10-06T01:00Z,2026-10-06T07:00Z,2847191,6,5.5,0.5,9.4,1,0,h,0.5,0,0.5,0,0,0,418.268,0.511,0.834,0,0,-1.709,14,279,25.628,85.817,0.462,306.624,,,,,0
2026-10-06T01:00Z,2026-10-06T13:00Z,2847191,12,6.7,1.1,6.8,0.6,0.1,h,1.1,0.1,1.1,0.1,0,0,39.466,1.855,0,0,0,-1.709,20,279,23.153,96.734,0.68,20.86,,,,,0
2026-10-06T01:00Z,2026-10-07T01:00Z,2847191,24,5,1.2,4.7,0.6,0.2,h,1.2,0.2,1.2,0.2,0,0,179.262,1.196,0,0,0,-1.709,8,280,23.056,94.905,0.85,19.862,,,,,0
2026-10-06T01:00Z,2026-10-08T01:00Z,2847191,48,14.8,7.5,14.4,6.3,3.1,h,7.5,3.1,7.5,3.1,0,0,187.094,1.154,0,0,0,-1.709,8,281,23.88,92.591,0.818,27.264,,,,,0
2026-10-06T01:00Z,2026-10-06T02:00Z,2847192,1,8.5,8.5,,,,h,8.5,,8.5,,0,0.007,558.125,3.696,0.14,,,0,9,279,26.391,85.705,2.792,58.744,,,,,0
2026-10-06T01:00Z,2026-10-06T04:00Z,2847192,3,7.1,7.1,,,,h,7.1,,7.1,,0,0.004,889.797,3.216,0.085,,,0,11,279,28.813,76.217,2.58,60.075,,,,,0
2026-10-06T01:00Z,2026-10-06T07:00Z,2847192,6,8,8,,,,h,8,,8,,0,0.002,720.225,3.402,0.294,,,0,14,279,28.833,75.933,2.601,35.942,,,,,0
2026-10-06T01:00Z,2026-10-06T13:00Z,2847192,12,17.4,17.4,,,,h,17.4,,17.5,,0,0.001,149.71,1.564,0.23,,,0,20,279,25.871,92.222,0.554,57.696,,,,,0
2026-10-06T01:00Z,2026-10-07T01:00Z,2847192,24,12.7,12.7,,,,h,12.7,,12.8,,0,0,363.532,2.717,0.028,,,0,8,280,25.62,87.571,1.97,21.444,,,,,0
2026-10-06T01:00Z,2026-10-08T01:00Z,2847192,48,13.9,13.9,,,,h,13.9,,13.9,,0,0,227.027,1.777,0,,,0,8,281,26.235,85.418,1.182,8.794,,,,,0
2026-10-06T01:00Z,2026-10-06T02:00Z,2847196,1,4,16.6,9.7,38.7,19.9,h,16.6,19.9,16.6,19.9,0,0,494.2,1.569,0.367,26.8,19.9,1.31,9,279,26.843,85.966,1.34,74.431,,,,,0
2026-10-06T01:00Z,2026-10-06T04:00Z,2847196,3,2.9,12,9,35.8,19.9,h,12,19.9,12,19.9,0,0,726.581,3.174,0.126,26.8,19.9,1.31,11,279,28.626,77.373,2.557,49.829,,,,,0
2026-10-06T01:00Z,2026-10-06T07:00Z,2847196,6,2.4,9.5,7.7,30.7,19.8,h,9.5,19.8,9.5,19.8,0,0,520.697,1.05,0.456,26.8,19.9,1.31,14,279,28.35,78.018,0.749,80.954,,,,,0
2026-10-06T01:00Z,2026-10-06T13:00Z,2847196,12,6.3,18.8,5.6,22,19.5,h,18.8,19.5,18.9,19.5,0,0,176.551,1.983,0,26.8,19.9,1.31,20,279,26.458,90.244,1.104,78.963,,,,,0
2026-10-06T01:00Z,2026-10-07T01:00Z,2847196,24,4.6,11.2,4.3,13.3,17.8,h,11.2,17.8,11.3,17.8,0,0,523.596,3.87,0.076,26.8,19.9,1.31,8,280,25.787,86.288,2.902,46.754,,,,,0
2026-10-06T01:00Z,2026-10-08T01:00Z,2847196,48,11.8,19.5,11,20.7,20.3,h,19.5,20.3,19.5,20.3,0,0,369.045,2.402,0.019,26.8,19.9,1.31,8,281,27.281,78.639,1.563,38.463,,,,,0
2026-10-06T01:00Z,2026-10-06T02:00Z,2847198,1,2.1,2.1,,,,h,2.1,,2.1,,0,0,564.391,3.387,0.132,,,0,9,279,23.253,88.623,2.363,47.385,,,,,0
2026-10-06T01:00Z,2026-10-06T04:00Z,2847198,3,3.7,3.7,,,,h,3.7,,3.7,,0,0,701.152,4.029,0.117,,,0,11,279,24.48,78.673,3.038,49.776,,,,,0
2026-10-06T01:00Z,2026-10-06T07:00Z,2847198,6,4.8,4.8,,,,h,4.8,,4.8,,0,0,907.356,3.557,0.065,,,0,14,279,26.809,64.842,2.663,71.181,,,,,0
2026-10-06T01:00Z,2026-10-06T13:00Z,2847198,12,8.5,8.5,,,,h,8.5,,8.5,,0,0,27.763,0.531,0,,,0,20,279,23.939,85.601,0.145,316.615,,,,,0
2026-10-06T01:00Z,2026-10-07T01:00Z,2847198,24,12.9,12.9,,,,h,12.9,,13,,0,0,244.285,1.942,0,,,0,8,280,23.712,80.259,1.009,30.194,,,,,0
2026-10-06T01:00Z,2026-10-08T01:00Z,2847198,48,18.7,18.7,,,,h,18.7,,18.7,,0,0,161.18,0.522,0,,,0,8,281,23.797,80.297,0.188,55.582,,,,,0
2026-10-06T01:00Z,2026-10-06T02:00Z,2848810,1,14.9,5.5,30.7,11.5,10.3,h,5.5,10.3,5.5,10.3,0,0.003,564.802,2.554,0.101,9.4,10.3,-0.931,9,279,27.14,84.592,2.012,44.881,,,,,0
2026-10-06T01:00Z,2026-10-06T04:00Z,2848810,3,13.2,5,29.6,11.1,10.3,h,5,10.3,5,10.3,0,0.003,911.21,2.446,0.1,9.4,10.3,-0.931,11,279,29.287,75.788,1.973,67.651,,,,,0
2026-10-06T01:00Z,2026-10-06T07:00Z,2848810,6,14.4,5.9,27.3,10.3,10.1,h,5.9,10.1,5.9,10.1,0,0.003,421.303,3.423,0.412,9.4,10.3,-0.931,14,279,28.279,80.244,2.57,8.441,,,,,0
2026-10-06T01:00Z,2026-10-06T13:00Z,2848810,12,36.1,17.2,24.7,9.8,10,h,17.2,10,17.3,10,0,0.002,90.787,0.837,0.491,9.4,10.3,-0.931,20,279,25.544,94.255,0.302,116.416,,,,,0
2026-10-06T01:00Z,2026-10-07T01:00Z,2848810,24,17.9,9.9,23,11,10.5,h,9.9,10.5,10,10.5,0,0,356.387,2.429,0,9.4,10.3,-0.931,8,280,25.685,89.611,1.881,359.494,,,,,0
2026-10-06T01:00Z,2026-10-08T01:00Z,2848810,48,24.9,17.5,23.1,14.9,12.6,h,17.5,12.6,17.5,12.6,0,0,251.2,1.598,0,9.4,10.3,-0.931,8,281,26.645,82.508,1.127,343.395,,,,,0
2026-10-06T01:00Z,2026-10-06T02:00Z,2894459,1,4,8.4,,,,h,8.4,,8.4,,0,0.002,549.932,3.188,0.894,,,0.791,9,279,26.742,86.5,2.356,41.172,,,,,0
2026-10-06T01:00Z,2026-10-06T04:00Z,2894459,3,4.1,8.3,,,,h,8.3,,8.3,,0,0.002,1074.035,4.333,0.077,,,0.791,11,279,29.872,72.696,3.361,61.976,,,,,0
2026-10-06T01:00Z,2026-10-06T07:00Z,2894459,6,6.2,11.7,,,,h,11.7,,11.7,,0,0.001,802.896,3.475,1.236,,,0.791,14,279,29.01,76.92,2.622,82.94,,,,,0
2026-10-06T01:00Z,2026-10-06T13:00Z,2894459,12,15.4,26,,,,h,26,,26.1,,0,0.001,160.233,4.422,0,,,0.791,20,279,26.32,88.059,1.925,40.752,,,,,0
2026-10-06T01:00Z,2026-10-07T01:00Z,2894459,24,11.9,18,,,,h,18,,18.1,,0,0,487.984,4.113,0.005,,,0.791,8,280,26.116,87.115,3.042,27.262,,,,,0
2026-10-06T01:00Z,2026-10-08T01:00Z,2894459,48,14.6,18.8,,,,h,18.8,,18.8,,0,0,271.533,3.756,0,,,0.791,8,281,26.324,80.764,2.183,31.184,,,,,0
2026-10-06T01:00Z,2026-10-06T02:00Z,2909413,1,15.2,15.2,,,,h,15.2,,15.2,,0,0,582.32,2.036,0.119,,,0,9,279,27.256,84.799,1.596,66.583,,,,,0
2026-10-06T01:00Z,2026-10-06T04:00Z,2909413,3,12.6,12.6,,,,h,12.6,,12.6,,0,0,963.618,3.141,0.061,,,0,11,279,29.667,74.281,2.446,64.954,,,,,0
2026-10-06T01:00Z,2026-10-06T07:00Z,2909413,6,8.6,8.6,,,,h,8.6,,8.6,,0,0.001,479.54,1.274,0.203,,,0,14,279,28.83,78.052,0.76,28.686,,,,,0
2026-10-06T01:00Z,2026-10-06T13:00Z,2909413,12,14.3,14.3,,,,h,14.3,,14.4,,0,0.001,57.281,1.423,0.026,,,0,20,279,25.771,95.005,0.752,117.603,,,,,0
2026-10-06T01:00Z,2026-10-07T01:00Z,2909413,24,16.7,16.7,,,,h,16.7,,16.8,,0,0,497.973,2.714,0,,,0,8,280,25.809,88.263,1.919,33.204,,,,,0
2026-10-06T01:00Z,2026-10-08T01:00Z,2909413,48,25.2,25.2,,,,h,25.2,,25.2,,0,0,234.467,1.358,0,,,0,8,281,27.109,79.313,0.92,26.413,,,,,0
2026-10-06T01:00Z,2026-10-06T02:00Z,2926254,1,4.2,4.2,,,,h,4.2,,4.2,,0,0,249.978,2.581,0.936,,,0,9,279,20.823,96.791,1.704,57.725,,,,,0
2026-10-06T01:00Z,2026-10-06T04:00Z,2926254,3,4.4,4.4,,,,h,4.4,,4.4,,0,0,609.144,2.41,0.253,,,0,11,279,23.315,87.476,1.706,56.79,,,,,0
2026-10-06T01:00Z,2026-10-06T07:00Z,2926254,6,4.9,4.9,,,,h,4.9,,4.9,,0,0,566.527,1.428,0.436,,,0,14,279,24.255,85.742,0.997,76.86,,,,,0
2026-10-06T01:00Z,2026-10-06T13:00Z,2926254,12,5.1,5.1,,,,h,5.1,,5.1,,0,0,57.248,1.473,0.07,,,0,20,279,20.76,99.58,0.596,55.554,,,,,0
2026-10-06T01:00Z,2026-10-07T01:00Z,2926254,24,3.5,3.5,,,,h,3.5,,3.5,,0,0,214.446,0.9,0,,,0,8,280,21.17,94.392,0.624,68.634,,,,,0
2026-10-06T01:00Z,2026-10-08T01:00Z,2926254,48,8.9,8.9,,,,h,8.9,,8.9,,0,0,160.997,0.439,0,,,0,8,281,21.762,94.535,0.3,345.868,,,,,0
2026-10-06T01:00Z,2026-10-06T02:00Z,2927999,1,4,4.4,20.6,22.5,15.9,h,4.4,15.9,4.4,15.9,0,0.001,374.592,2.583,1.077,7.2,15.9,0.086,9,279,24.972,90.39,1.945,49.181,,,,,0
2026-10-06T01:00Z,2026-10-06T04:00Z,2927999,3,3.4,3.8,18.4,20.2,15.8,h,3.8,15.8,3.8,15.8,0,0,792.176,2.972,0.298,7.2,15.9,0.086,11,279,27.716,82.854,2.329,34.48,,,,,0
2026-10-06T01:00Z,2026-10-06T07:00Z,2927999,6,4.7,5.1,15.6,17.1,15.4,h,5.1,15.4,5.1,15.4,0,0,944.059,3.023,0.174,7.2,15.9,0.086,14,279,29.575,72.875,2.403,69.009,,,,,0
2026-10-06T01:00Z,2026-10-06T13:00Z,2927999,12,10,10.7,10.8,11.9,14.8,h,10.7,14.8,10.7,14.8,0,0,113.869,3.178,0,7.2,15.9,0.086,20,279,25.476,95.48,1.46,7.14,,,,,0
2026-10-06T01:00Z,2026-10-07T01:00Z,2927999,24,5.9,6.3,6.1,6.6,12.9,h,6.3,12.9,6.3,12.9,0,0,339.755,2.991,0.1,7.2,15.9,0.086,8,280,25.2,90.889,2.113,17.616,,,,,0
2026-10-06T01:00Z,2026-10-08T01:00Z,2927999,48,13.9,14.4,10.5,11,13.4,h,14.4,13.4,14.4,13.4,0,0,206.298,2.137,0,7.2,15.9,0.086,8,281,25.952,91.109,1.378,17.652,,,,,0
2026-10-06T01:00Z,2026-10-06T02:00Z,3019320,1,11.8,18.4,18.9,29.7,25.6,h,18.4,25.6,18.4,25.6,0,0.003,586.192,2.618,0.074,27.7,25.6,0.434,9,279,27.242,84.112,2.05,52.517,,,,,0
2026-10-06T01:00Z,2026-10-06T04:00Z,3019320,3,9,13.9,17.9,28.2,25.5,h,13.9,25.5,13.9,25.5,0,0.004,969.604,2.27,0.074,27.7,25.6,0.434,11,279,29.511,74.856,1.817,76.409,,,,,0
2026-10-06T01:00Z,2026-10-06T07:00Z,3019320,6,6.2,9.5,16.1,25.2,25.2,h,9.5,25.2,9.5,25.2,0,0.004,386.625,3.444,0.381,27.7,25.6,0.434,14,279,28.313,80.605,2.598,3.163,,,,,0
2026-10-06T01:00Z,2026-10-06T13:00Z,3019320,12,17.3,24.5,13.2,20.5,24.5,h,24.5,24.5,24.6,24.5,0,0.002,87.297,1.121,0.299,27.7,25.6,0.434,20,279,25.564,94.284,0.541,142.28,,,,,0
2026-10-06T01:00Z,2026-10-07T01:00Z,3019320,24,18.8,24.6,13.6,19.2,23.5,h,24.6,23.5,24.7,23.6,0,0,329.223,2.014,0,27.7,25.6,0.434,8,280,25.812,89.634,1.591,353.161,,,,,0
2026-10-06T01:00Z,2026-10-08T01:00Z,3019320,48,25.3,29.7,18.1,22.1,23.9,h,29.7,23.9,29.7,23.9,0,0,223.691,1.233,0,27.7,25.6,0.434,8,281,26.631,82.094,0.863,323.702,,,,,0
2026-10-06T01:00Z,2026-10-06T02:00Z,3047340,1,6.3,2.1,7.6,2.6,1.3,h,2.1,1.3,2.1,1.3,0,0,255.553,0.477,0.497,0.5,1.3,-0.879,9,279,22.969,92.469,0.425,281.367,,,,,0
2026-10-06T01:00Z,2026-10-06T04:00Z,3047340,3,7,2.6,7.3,2.5,1.3,h,2.6,1.3,2.6,1.3,0,0,640.479,0.782,0.48,0.5,1.3,-0.879,11,279,25.468,81.03,0.701,316.449,,,,,0
2026-10-06T01:00Z,2026-10-06T07:00Z,3047340,6,7.1,2.8,7.1,2.4,1.4,h,2.8,1.4,2.8,1.4,0,0,457.741,1.119,0.712,0.5,1.3,-0.879,14,279,26.176,81.798,0.968,71.737,,,,,0
2026-10-06T01:00Z,2026-10-06T13:00Z,3047340,12,21.3,10.4,8,3.1,1.7,h,10.4,1.7,10.4,1.7,0,0,75.888,1.335,0.831,0.5,1.3,-0.879,20,279,22.58,96.128,0.724,312.52,,,,,0
2026-10-06T01:00Z,2026-10-07T01:00Z,3047340,24,9.3,5.1,11.6,5.6,2.7,h,5.1,2.7,5.1,2.7,0,0,138.948,0.798,0.006,0.5,1.3,-0.879,8,280,22.543,93.294,0.62,337.358,,,,,0
2026-10-06T01:00Z,2026-10-08T01:00Z,3047340,48,23.7,17,16.2,10.7,6,h,17,6,17,6,0,0,146.798,1.044,0,0.5,1.3,-0.879,8,281,22.444,94.632,0.73,333.657,,,,,0
2026-10-06T01:00Z,2026-10-06T02:00Z,3090636,1,11.8,13.5,18.9,21.7,20.1,h,13.5,20.1,13.5,20.1,0,0.002,571.96,2.483,0.086,22.7,20.1,0.134,9,279,27.203,84.372,1.95,50.218,,,,,0
2026-10-06T01:00Z,2026-10-06T04:00Z,3090636,3,9,10.3,17.9,20.6,20.1,h,10.3,20.1,10.3,20.1,0,0.003,944.248,2.464,0.082,22.7,20.1,0.134,11,279,29.438,75.324,1.971,69.353,,,,,0
2026-10-06T01:00Z,2026-10-06T07:00Z,3090636,6,6.2,7.1,16.1,18.5,19.8,h,7.1,19.8,7.1,19.8,0,0.003,414.682,3.061,0.354,22.7,20.1,0.134,14,279,28.387,80.159,2.274,7.925,,,,,0
2026-10-06T01:00Z,2026-10-06T13:00Z,3090636,12,17.3,19.3,13.2,15.2,18.9,h,19.3,18.9,19.4,18.9,0,0.002,87.19,0.964,0.408,22.7,20.1,0.134,20,279,25.566,94.494,0.441,129.867,,,,,0
2026-10-06T01:00Z,2026-10-07T01:00Z,3090636,24,18.8,20.4,13.6,15.1,18.5,h,20.4,18.5,20.5,18.5,0,0,355.94,2.21,0,22.7,20.1,0.134,8,280,25.725,89.622,1.701,358.787,,,,,0
2026-10-06T01:00Z,2026-10-08T01:00Z,3090636,48,25.3,26.6,18.1,19.3,19.7,h,26.6,19.7,26.6,19.7,0,0,234.067,1.347,0,22.7,20.1,0.134,8,281,26.695,82.068,0.946,336.726,,,,,0
2026-10-06T01:00Z,2026-10-06T02:00Z,3097120,1,18.2,19.1,20.8,21.9,26,h,19.1,26,19.1,26,0,0.002,551.813,2.425,0.105,19,26,0.05,9,279,27.123,84.748,1.914,43.474,,,,,0
2026-10-06T01:00Z,2026-10-06T04:00Z,3097120,3,18.9,19.8,20.9,22,26,h,19.8,26,19.8,26,0,0.002,897.001,2.658,0.103,19,26,0.05,11,279,29.26,76.16,2.135,62.276,,,,,0
2026-10-06T01:00Z,2026-10-06T07:00Z,3097120,6,18.7,19.6,21,22.1,25.8,h,19.6,25.8,19.6,25.8,0,0.003,444.532,2.999,0.367,19,26,0.05,14,279,28.378,79.863,2.217,13.625,,,,,0
2026-10-06T01:00Z,2026-10-06T13:00Z,3097120,12,27,28.1,22.3,23.4,25.2,h,28.1,25.2,28.2,25.2,0,0.001,91.074,0.792,0.599,19,26,0.05,20,279,25.542,94.555,0.237,103.616,,,,,0
2026-10-06T01:00Z,2026-10-07T01:00Z,3097120,24,18,18.6,20,20.8,24.3,h,18.6,24.3,18.7,24.4,0,0,375.74,2.557,0,19,26,0.05,8,280,25.604,89.693,1.937,1.673,,,,,0
2026-10-06T01:00Z,2026-10-08T01:00Z,3097120,48,29.9,30.5,23.9,24.5,25.3,h,30.5,25.3,30.5,25.3,0,0,254.857,1.703,0,19,26,0.05,8,281,26.708,82.469,1.185,348.11,,,,,0
2026-10-06T01:00Z,2026-10-06T02:00Z,3203249,1,3.2,16.6,4.3,22.5,17.3,h,16.6,17.3,16.6,17.3,0,0,283.087,2.128,0.096,15.8,17.3,1.492,9,279,26.452,84.494,1.847,173.106,,,,,0
2026-10-06T01:00Z,2026-10-06T04:00Z,3203249,3,3.9,18.3,4.1,21.5,17.3,h,18.3,17.3,18.3,17.3,0,0,482.268,2.177,0.045,15.8,17.3,1.492,11,279,27.881,78.879,1.922,166.436,,,,,0
2026-10-06T01:00Z,2026-10-06T07:00Z,3203249,6,5,20.8,3.9,20.2,17.4,h,20.8,17.4,20.8,17.4,0,0,558.769,2.042,0.501,15.8,17.3,1.492,14,279,27.883,79.162,1.742,217.019,,,,,0
2026-10-06T01:00Z,2026-10-06T13:00Z,3203249,12,2.9,11.2,3.7,18,17.6,h,11.2,17.6,11.2,17.6,0,0,368.89,2.884,0.039,15.8,17.3,1.492,20,279,27.908,80.117,2.257,231.887,,,,,0
2026-10-06T01:00Z,2026-10-07T01:00Z,3203249,24,3.2,9.2,3.4,13.1,15.9,h,9.2,15.9,9.2,16,0,0,402.923,1.767,0,15.8,17.3,1.492,8,280,26.839,85.532,1.57,17.636,,,,,0
2026-10-06T01:00Z,2026-10-08T01:00Z,3203249,48,2.2,4.5,2.9,7,12.2,h,4.5,12.2,4.5,12.2,0,0,310.797,2.689,0.061,15.8,17.3,1.492,8,281,26.069,88.031,2.498,315.867,,,,,0
2026-10-06T01:00Z,2026-10-06T02:00Z,3276359,1,33.1,44.7,42.8,58.4,43.7,h,44.7,43.7,44.8,43.7,0,0.009,547.383,1.616,0.193,57.7,43.7,0.305,9,279,28.667,79.756,1.353,10.986,,,,,0
2026-10-06T01:00Z,2026-10-06T04:00Z,3276359,3,33.5,44.7,43.8,59.7,43.7,h,44.7,43.7,44.8,43.7,0,0.006,806.454,1.715,0.126,57.7,43.7,0.305,11,279,30.269,75.029,1.403,14.375,,,,,0
2026-10-06T01:00Z,2026-10-06T07:00Z,3276359,6,35.4,46.4,44.8,60.8,43.6,h,46.4,43.6,46.4,43.6,0,0.004,414.96,2.471,3.316,57.7,43.7,0.305,14,279,28.189,82.235,2.116,177.925,,,,,0
2026-10-06T01:00Z,2026-10-06T13:00Z,3276359,12,64.5,81.7,46.8,62.5,45.1,h,81.7,45.1,82,45.1,0,0.001,126.389,1.639,0.373,57.7,43.7,0.305,20,279,25.001,95.392,0.788,66.467,,,,,0
2026-10-06T01:00Z,2026-10-07T01:00Z,3276359,24,26.8,32.3,43.2,54.8,47.3,h,32.3,47.3,32.5,47.3,0,0,433.237,2.089,0.036,57.7,43.7,0.305,8,280,26.335,85.907,1.766,324.156,,,,,0
2026-10-06T01:00Z,2026-10-08T01:00Z,3276359,48,17.5,19.6,35.4,40.9,42.3,h,19.6,42.3,19.6,42.3,0,0,467.649,4.051,0.036,57.7,43.7,0.305,8,281,26.246,88.336,3.182,326.558,,,,,0
2026-10-06T01:00Z,2026-10-06T02:00Z,3400922,1,5,33.7,5.5,39.5,20.4,h,33.7,20.4,33.8,20.4,0,0,392.279,3.422,0.121,24.3,20.4,1.829,9,279,26.22,86.94,2.899,213.755,,,,,0
2026-10-06T01:00Z,2026-10-06T04:00Z,3400922,3,3.9,25.4,5.4,38.5,20.5,h,25.4,20.5,25.4,20.5,0,0,609.359,2.356,0.15,24.3,20.4,1.829,11,279,28.231,76.444,1.878,222.026,,,,,0
2026-10-06T01:00Z,2026-10-06T07:00Z,3400922,6,3.3,19.9,5.2,36.4,20.4,h,19.9,20.4,19.9,20.4,0,0,509.116,1.534,1.151,24.3,20.4,1.829,14,279,27.666,83.153,1.457,271.561,,,,,0
2026-10-06T01:00Z,2026-10-06T13:00Z,3400922,12,6.7,30.1,5,32.6,20.9,h,30.1,20.9,30.2,20.9,0,0,268.041,1.958,0.079,24.3,20.4,1.829,20,279,26.04,88.83,1.362,214.659,,,,,0
2026-10-06T01:00Z,2026-10-07T01:00Z,3400922,24,6.8,22.1,6,26.4,22.3,h,22.1,22.3,22.2,22.4,0,0,273.699,0.468,0,24.3,20.4,1.829,8,280,26.222,88.654,0.65,223.33,,,,,0
2026-10-06T01:00Z,2026-10-08T01:00Z,3400922,48,5,10.6,6.2,16.1,18.3,h,10.6,18.3,10.6,18.3,0,0,239.54,2.137,0.02,24.3,20.4,1.829,8,281,25.695,92.115,2.007,248.642,,,,,0
2026-10-06T01:00Z,2026-10-06T02:00Z,3400935,1,18.2,12.3,20.8,13.9,18.1,h,12.3,18.1,12.3,18.1,0,0.002,550.936,2.362,0.105,10.3,18.1,-0.379,9,279,27.133,84.751,1.865,44.657,,,,,0
2026-10-06T01:00Z,2026-10-06T04:00Z,3400935,3,18.9,13,20.9,14,18.1,h,13,18.1,13,18.1,0,0.002,901.172,2.728,0.099,10.3,18.1,-0.379,11,279,29.291,76.11,2.185,61.499,,,,,0
2026-10-06T01:00Z,2026-10-06T07:00Z,3400935,6,18.7,13.2,21,14.2,17.9,h,13.2,17.9,13.2,17.9,0,0.002,450.13,2.786,0.341,10.3,18.1,-0.379,14,279,28.434,79.698,2.04,15.37,,,,,0
2026-10-06T01:00Z,2026-10-06T13:00Z,3400935,12,27,20,22.3,15.4,17.4,h,20,17.4,20.1,17.4,0,0.001,89.421,0.814,0.591,10.3,18.1,-0.379,20,279,25.553,94.679,0.259,104.067,,,,,0
2026-10-06T01:00Z,2026-10-07T01:00Z,3400935,24,18,14.2,20,14.7,17,h,14.2,17,14.3,17,0,0,384.377,2.545,0,10.3,18.1,-0.379,8,280,25.598,89.666,1.912,3.182,,,,,0
2026-10-06T01:00Z,2026-10-08T01:00Z,3400935,48,29.9,26,23.9,20,19.1,h,26,19.1,26,19.1,0,0,252.304,1.665,0,10.3,18.1,-0.379,8,281,26.745,82.282,1.153,349.423,,,,,0
2026-10-06T01:00Z,2026-10-06T02:00Z,3400936,1,18.2,22.3,20.8,25.6,23.3,h,22.3,23.3,22.3,23.3,0,0.002,551.072,2.362,0.104,29.9,23.3,0.201,9,279,27.134,84.749,1.865,44.711,,,,,0
2026-10-06T01:00Z,2026-10-06T04:00Z,3400936,3,18.9,22.9,20.9,25.7,23.3,h,22.9,23.3,22.9,23.3,0,0.002,901.499,2.727,0.099,29.9,23.3,0.201,11,279,29.293,76.104,2.184,61.537,,,,,0
2026-10-06T01:00Z,2026-10-06T07:00Z,3400936,6,18.7,22.4,21,25.8,23.3,h,22.4,23.3,22.4,23.3,0,0.002,449.975,2.785,0.341,29.9,23.3,0.201,14,279,28.434,79.698,2.039,15.338,,,,,0
2026-10-06T01:00Z,2026-10-06T13:00Z,3400936,12,27,31.6,22.3,27.1,23.4,h,31.6,23.4,31.7,23.4,0,0.001,89.378,0.815,0.59,29.9,23.3,0.201,20,279,25.553,94.679,0.261,104.262,,,,,0
2026-10-06T01:00Z,2026-10-07T01:00Z,3400936,24,18,20.4,20,23.5,23.4,h,20.4,23.4,20.5,23.4,0,0,384.329,2.543,0,29.9,23.3,0.201,8,280,25.599,89.665,1.911,3.186,,,,,0
2026-10-06T01:00Z,2026-10-08T01:00Z,3400936,48,29.9,32.2,23.9,26.3,24.8,h,32.2,24.8,32.2,24.8,0,0,252.163,1.662,0,29.9,23.3,0.201,8,281,26.745,82.278,1.151,349.386,,,,,0
2026-10-06T01:00Z,2026-10-06T02:00Z,3400937,1,11.8,14.5,18.9,23.3,23.2,h,14.5,23.2,14.5,23.2,0,0.003,584.521,2.572,0.072,21.2,23.2,0.201,9,279,27.25,84.109,2.013,53.428,,,,,0
2026-10-06T01:00Z,2026-10-06T04:00Z,3400937,3,9,11,17.9,22.1,23.1,h,11,23.1,11,23.1,0,0.003,972.808,2.319,0.07,21.2,23.2,0.201,11,279,29.536,74.849,1.852,75.044,,,,,0
2026-10-06T01:00Z,2026-10-06T07:00Z,3400937,6,6.2,7.6,16.1,19.8,22.8,h,7.6,22.8,7.6,22.8,0,0.004,391.343,3.251,0.357,21.2,23.2,0.201,14,279,28.361,80.483,2.438,3.964,,,,,0
2026-10-06T01:00Z,2026-10-06T13:00Z,3400937,12,17.3,20.3,13.2,16.2,21.9,h,20.3,21.9,20.4,21.9,0,0.002,86.473,1.128,0.307,21.2,23.2,0.201,20,279,25.569,94.407,0.56,142.148,,,,,0
2026-10-06T01:00Z,2026-10-07T01:00Z,3400937,24,18.8,21.3,13.6,16,20.9,h,21.3,20.9,21.4,20.9,0,0,334.691,1.999,0,21.2,23.2,0.201,8,280,25.8,89.648,1.566,353.905,,,,,0
2026-10-06T01:00Z,2026-10-08T01:00Z,3400937,48,25.3,27.3,18.1,19.9,21.5,h,27.3,21.5,27.3,21.5,0,0,221.192,1.202,0,21.2,23.2,0.201,8,281,26.659,81.98,0.838,323.662,,,,,0
2026-10-06T01:00Z,2026-10-06T02:00Z,3400941,1,11.8,7,18.9,11.2,15.5,h,7,15.5,7,15.5,0,0.003,583.123,2.541,0.072,13.2,15.5,-0.493,9,279,27.253,84.125,1.989,53.848,,,,,0
2026-10-06T01:00Z,2026-10-06T04:00Z,3400941,3,9,5.4,17.9,10.6,15.4,h,5.4,15.4,5.4,15.4,0,0.003,973.107,2.356,0.069,13.2,15.5,-0.493,11,279,29.545,74.861,1.879,74.021,,,,,0
2026-10-06T01:00Z,2026-10-06T07:00Z,3400941,6,6.2,3.7,16.1,9.5,15.1,h,3.7,15.1,3.7,15.1,0,0.004,395.426,3.129,0.344,13.2,15.5,-0.493,14,279,28.39,80.388,2.336,4.652,,,,,0
2026-10-06T01:00Z,2026-10-06T13:00Z,3400941,12,17.3,11.6,13.2,7.9,14,h,11.6,14,11.6,14,0,0.002,85.857,1.125,0.313,13.2,15.5,-0.493,20,279,25.573,94.478,0.566,141.389,,,,,0
2026-10-06T01:00Z,2026-10-07T01:00Z,3400941,24,18.8,13.8,13.6,9.2,13.5,h,13.8,13.5,13.9,13.5,0,0,339.662,2.001,0,13.2,15.5,-0.493,8,280,25.792,89.643,1.559,354.909,,,,,0
2026-10-06T01:00Z,2026-10-08T01:00Z,3400941,48,25.3,21,18.1,14.4,15,h,21,15,21,15,0,0,220.603,1.187,0,13.2,15.5,-0.493,8,281,26.678,81.906,0.827,324.744,,,,,0
2026-10-06T01:00Z,2026-10-06T02:00Z,3400955,1,7.1,12.9,3.4,6.7,9,h,12.9,9,12.9,9,0,0,601.973,3.136,0,11.3,9,0.561,9,279,25.098,70.453,2.388,46.495,,,,,0
2026-10-06T01:00Z,2026-10-06T04:00Z,3400955,3,7.6,13.4,3.9,7.5,9,h,13.4,9,13.4,9,0,0,751.059,2.912,0,11.3,9,0.561,11,279,27.094,63.709,2.237,51.885,,,,,0
2026-10-06T01:00Z,2026-10-06T07:00Z,3400955,6,8.3,14.1,4.6,8.7,9.2,h,14.1,9.2,14.1,9.2,0,0,1004.642,2.772,0,11.3,9,0.561,14,279,28.699,60.76,2.123,48.177,,,,,0
2026-10-06T01:00Z,2026-10-06T13:00Z,3400955,12,8.6,13.7,6.1,10.8,9.5,h,13.7,9.5,13.8,9.5,0,0,259.574,4.849,0,11.3,9,0.561,20,279,24.244,79.741,2.084,84.187,,,,,0
2026-10-06T01:00Z,2026-10-07T01:00Z,3400955,24,14.2,20.2,9.6,15.1,11,h,20.2,11,20.3,11,0,0,438.935,1.946,0,11.3,9,0.561,8,280,23.729,70.659,1.324,47.18,,,,,0
2026-10-06T01:00Z,2026-10-08T01:00Z,3400955,48,22.8,28.1,15.6,20.4,14.7,h,28.1,14.7,28.1,14.7,0,0,238.418,1.046,0,11.3,9,0.561,8,281,24.117,72.245,0.79,42.735,,,,,0
2026-10-06T01:00Z,2026-10-06T02:00Z,3400984,1,8.3,3.5,12.6,5.4,18.2,h,3.5,18.2,3.5,18.2,0,0.003,552.523,2.279,0.153,7.1,18.2,-0.759,9,279,28.162,78.379,1.824,21.228,,,,,0
2026-10-06T01:00Z,2026-10-06T04:00Z,3400984,3,8.9,3.9,12.2,5.2,18.1,h,3.9,18.1,3.9,18.1,0,0.003,1029.579,2.353,0.12,7.1,18.2,-0.759,11,279,30.829,68.569,1.868,12.875,,,,,0
2026-10-06T01:00Z,2026-10-06T07:00Z,3400984,6,8.1,3.7,11.5,4.9,17.9,h,3.7,17.9,3.7,17.9,0,0.001,655.013,0.584,2.54,7.1,18.2,-0.759,14,279,28.659,78.855,0.484,256.766,,,,,0
2026-10-06T01:00Z,2026-10-06T13:00Z,3400984,12,10.6,5.5,10.1,4.5,16,h,5.5,16,5.5,16,0,0,163.972,1.109,1.496,7.1,18.2,-0.759,20,279,25.172,93.426,0.508,307.421,,,,,0
2026-10-06T01:00Z,2026-10-07T01:00Z,3400984,24,6.2,3.6,8.2,4.1,13.7,h,3.6,13.7,3.6,13.7,0,0,455.528,3.09,0.04,7.1,18.2,-0.759,8,280,26.148,84.464,2.401,339.95,,,,,0
2026-10-06T01:00Z,2026-10-08T01:00Z,3400984,48,6.7,4.9,7.3,4.9,11.5,h,4.9,11.5,4.9,11.5,0,0,378.865,2.358,2.798,7.1,18.2,-0.759,8,281,25.471,89.066,1.728,308.527,,,,,0
2026-10-06T01:00Z,2026-10-06T02:00Z,3400986,1,5.8,2.9,4.7,2.3,13.1,h,2.9,13.1,2.9,13.1,0,0,508.756,3.043,0,4.5,13.1,-0.571,9,279,25.216,72.959,2.316,52.123,,,,,0
2026-10-06T01:00Z,2026-10-06T04:00Z,3400986,3,6.2,3.3,5,2.4,13.1,h,3.3,13.1,3.3,13.1,0,0,868.542,1.956,0,4.5,13.1,-0.571,11,279,27.531,68.839,1.609,28.384,,,,,0
2026-10-06T01:00Z,2026-10-06T07:00Z,3400986,6,6.2,3.4,5.5,2.7,13.1,h,3.4,13.1,3.4,13.1,0,0,1187.854,2.122,0,4.5,13.1,-0.571,14,279,29.24,63.313,1.714,31.275,,,,,0
2026-10-06T01:00Z,2026-10-06T13:00Z,3400986,12,9.1,5.5,6.5,3.4,12.1,h,5.5,12.1,5.5,12.1,0,0,48.681,1.729,0,4.5,13.1,-0.571,20,279,24.667,93.89,0.579,31.431,,,,,0
2026-10-06T01:00Z,2026-10-07T01:00Z,3400986,24,12.8,8.8,9.4,5.9,10.8,h,8.8,10.8,8.8,10.8,0,0,221.908,1.867,0,4.5,13.1,-0.571,8,280,23.569,72.532,1.255,73.258,,,,,0
2026-10-06T01:00Z,2026-10-08T01:00Z,3400986,48,14.5,11.6,12.4,9.3,11.2,h,11.6,11.2,11.6,11.2,0,0,306.083,2.362,0,4.5,13.1,-0.571,8,281,24.294,68.725,1.523,75.148,,,,,0
2026-10-06T01:00Z,2026-10-06T02:00Z,3401031,1,18.2,16.5,20.8,18.8,23.3,h,16.5,23.3,16.5,23.3,0,0.002,551.919,2.412,0.105,17.3,23.3,-0.096,9,279,27.126,84.742,1.903,43.834,,,,,0
2026-10-06T01:00Z,2026-10-06T04:00Z,3401031,3,18.9,17.2,20.9,18.9,23.2,h,17.2,23.2,17.2,23.2,0,0.002,898.695,2.669,0.101,17.3,23.3,-0.096,11,279,29.269,76.137,2.143,62.203,,,,,0
2026-10-06T01:00Z,2026-10-06T07:00Z,3401031,6,18.7,17.1,21,19.1,23.1,h,17.1,23.1,17.1,23.1,0,0.003,445.24,2.953,0.361,17.3,23.3,-0.096,14,279,28.39,79.833,2.179,13.89,,,,,0
2026-10-06T01:00Z,2026-10-06T13:00Z,3401031,12,27,25,22.3,20.3,22.5,h,25,22.5,25.1,22.5,0,0.001,90.677,0.797,0.594,17.3,23.3,-0.096,20,279,25.544,94.582,0.245,104.226,,,,,0
2026-10-06T01:00Z,2026-10-07T01:00Z,3401031,24,18,17,20,18.5,21.8,h,17,21.8,17.1,21.8,0,0,377.19,2.548,0,17.3,23.3,-0.096,8,280,25.604,89.688,1.928,1.926,,,,,0
2026-10-06T01:00Z,2026-10-08T01:00Z,3401031,48,29.9,28.9,23.9,22.9,23.1,h,28.9,23.1,28.9,23.1,0,0,253.932,1.688,0,17.3,23.3,-0.096,8,281,26.716,82.423,1.174,348.204,,,,,0
2026-10-06T01:00Z,2026-10-06T02:00Z,3402586,1,15.2,25.4,14.4,24.7,21.1,h,25.4,21.1,25.4,21.1,0,0.001,588.31,2.233,0.086,22.6,21.1,0.51,9,279,27.306,84.327,1.742,65.575,,,,,0
2026-10-06T01:00Z,2026-10-06T04:00Z,3402586,3,12.6,20.7,14.3,24.3,21.1,h,20.7,21.1,20.7,21.1,0,0.001,994.888,2.813,0.049,22.6,21.1,0.51,11,279,29.74,74.155,2.197,69.373,,,,,0
2026-10-06T01:00Z,2026-10-06T07:00Z,3402586,6,8.6,13.9,13.6,23,20.9,h,13.9,20.9,13.9,20.9,0,0.002,438.114,1.725,0.214,22.6,21.1,0.51,14,279,28.732,78.985,1.148,13.222,,,,,0
2026-10-06T01:00Z,2026-10-06T13:00Z,3402586,12,14.3,21.6,12.5,20.7,20.5,h,21.6,20.5,21.7,20.5,0,0.001,66.688,1.391,0.084,22.6,21.1,0.51,20,279,25.703,94.983,0.795,133.353,,,,,0
2026-10-06T01:00Z,2026-10-07T01:00Z,3402586,24,16.7,23,12.4,18.8,20.4,h,23,20.4,23.1,20.4,0,0,429.409,2.107,0,22.6,21.1,0.51,8,280,25.833,88.873,1.529,20.73,,,,,0
2026-10-06T01:00Z,2026-10-08T01:00Z,3402586,48,25.2,30.5,18.2,23.1,22.1,h,30.5,22.1,30.5,22.1,0,0,214.281,0.868,0,22.6,21.1,0.51,8,281,26.965,80.07,0.611,358.977,,,,,0
2026-10-06T01:00Z,2026-10-06T02:00Z,3402593,1,15.2,15.6,14.4,14.8,15.7,h,15.6,15.7,15.6,15.7,0,0.001,587.966,2.232,0.087,15.3,15.7,0.024,9,279,27.305,84.33,1.742,65.395,,,,,0
2026-10-06T01:00Z,2026-10-06T04:00Z,3402593,3,12.6,12.9,14.3,14.6,15.6,h,12.9,15.6,12.9,15.6,0,0.001,994.163,2.812,0.05,15.3,15.7,0.024,11,279,29.736,74.172,2.197,69.303,,,,,0
2026-10-06T01:00Z,2026-10-06T07:00Z,3402593,6,8.6,8.8,13.6,13.9,15.4,h,8.8,15.4,8.8,15.4,0,0.002,438.183,1.733,0.215,15.3,15.7,0.024,14,279,28.73,78.992,1.155,13.26,,,,,0
2026-10-06T01:00Z,2026-10-06T13:00Z,3402593,12,14.3,14.6,12.5,12.8,14.8,h,14.6,14.8,14.7,14.8,0,0.001,66.905,1.385,0.089,15.3,15.7,0.024,20,279,25.701,94.982,0.791,133.243,,,,,0
2026-10-06T01:00Z,2026-10-07T01:00Z,3402593,24,16.7,17,12.4,12.7,14.7,h,17,14.7,17.1,14.7,0,0,428.908,2.109,0,15.3,15.7,0.024,8,280,25.831,88.882,1.531,20.514,,,,,0
2026-10-06T01:00Z,2026-10-08T01:00Z,3402593,48,25.2,25.4,18.2,18.4,17,h,25.4,17,25.4,17,0,0,214.541,0.873,0,15.3,15.7,0.024,8,281,26.963,80.091,0.614,358.728,,,,,0
2026-10-06T01:00Z,2026-10-06T02:00Z,3402594,1,15.2,23.4,14.4,22.7,18.4,h,23.4,18.4,23.4,18.4,0,0,586.467,2.221,0.088,22.9,18.4,0.429,9,279,27.298,84.364,1.734,64.861,,,,,0
2026-10-06T01:00Z,2026-10-06T04:00Z,3402594,3,12.6,19.2,14.3,22.3,18.4,h,19.2,18.4,19.2,18.4,0,0.001,990.108,2.826,0.051,22.9,18.4,0.429,11,279,29.721,74.236,2.209,68.79,,,,,0
2026-10-06T01:00Z,2026-10-06T07:00Z,3402594,6,8.6,12.9,13.6,21.2,18.3,h,12.9,18.3,12.9,18.3,0,0.002,440.731,1.731,0.217,22.9,18.4,0.429,14,279,28.728,78.963,1.153,14.038,,,,,0
2026-10-06T01:00Z,2026-10-06T13:00Z,3402594,12,14.3,20.2,12.5,19.1,18,h,20.2,18,20.3,18,0,0.001,67.106,1.364,0.102,22.9,18.4,0.429,20,279,25.7,94.981,0.773,131.991,,,,,0
2026-10-06T01:00Z,2026-10-07T01:00Z,3402594,24,16.7,21.8,12.4,17.6,18.1,h,21.8,18.1,21.9,18.2,0,0,431.033,2.143,0,22.9,18.4,0.429,8,280,25.822,88.879,1.555,20.669,,,,,0
2026-10-06T01:00Z,2026-10-08T01:00Z,3402594,48,25.2,29.6,18.2,22.3,20.3,h,29.6,20.3,29.6,20.3,0,0,216.457,0.911,0,22.9,18.4,0.429,8,281,26.965,80.116,0.639,0.087,,,,,0
2026-10-06T01:00Z,2026-10-06T02:00Z,3405765,1,8.3,8.2,12.6,12.3,22.2,h,8.2,22.2,8.2,22.2,0,0.003,551.908,2.276,0.153,13.1,22.2,-0.016,9,279,28.151,78.407,1.821,21.112,,,,,0
2026-10-06T01:00Z,2026-10-06T04:00Z,3405765,3,8.9,8.8,12.2,12,22.1,h,8.8,22.1,8.8,22.1,0,0.003,1027.893,2.355,0.12,13.1,22.2,-0.016,11,279,30.813,68.621,1.869,12.837,,,,,0
2026-10-06T01:00Z,2026-10-06T07:00Z,3405765,6,8.1,8,11.5,11.3,21.9,h,8,21.9,8,21.9,0,0.001,653.682,0.588,2.544,13.1,22.2,-0.016,14,279,28.647,78.898,0.486,257.569,,,,,0
2026-10-06T01:00Z,2026-10-06T13:00Z,3405765,12,10.6,10.5,10.1,10,20.5,h,10.5,20.5,10.5,20.5,0,0,163.472,1.108,1.491,13.1,22.2,-0.016,20,279,25.163,93.453,0.508,307.469,,,,,0
2026-10-06T01:00Z,2026-10-07T01:00Z,3405765,24,6.2,6.1,8.2,8.1,17.7,h,6.1,17.7,6.1,17.7,0,0,454.479,3.083,0.04,13.1,22.2,-0.016,8,280,26.135,84.52,2.396,339.829,,,,,0
2026-10-06T01:00Z,2026-10-08T01:00Z,3405765,48,6.7,6.7,7.3,7.2,14.7,h,6.7,14.7,6.7,14.7,0,0,378.208,2.357,2.784,13.1,22.2,-0.016,8,281,25.463,89.096,1.726,308.669,,,,,0
2026-10-06T01:00Z,2026-10-06T02:00Z,3412669,1,5.8,11.2,4.7,9.6,6.1,h,11.2,6.1,11.2,6.1,0,0,521.105,3.279,0,36.7,6.1,0.611,9,279,25.303,72.006,2.496,49.973,,,,,0
2026-10-06T01:00Z,2026-10-06T04:00Z,3412669,3,6.2,11.6,5,10,6.2,h,11.6,6.2,11.6,6.2,0,0,863.258,2.049,0,36.7,6.1,0.611,11,279,27.579,68.205,1.678,29.967,,,,,0
2026-10-06T01:00Z,2026-10-06T07:00Z,3412669,6,6.2,11.2,5.5,10.8,6.4,h,11.2,6.4,11.2,6.4,0,0,1191.298,2.193,0,36.7,6.1,0.611,14,279,29.327,62.522,1.769,34.736,,,,,0
2026-10-06T01:00Z,2026-10-06T13:00Z,3412669,12,9.1,15.1,6.5,12.1,7.3,h,15.1,7.3,15.2,7.3,0,0,50.231,1.973,0,36.7,6.1,0.611,20,279,24.855,91.421,0.647,39.293,,,,,0
2026-10-06T01:00Z,2026-10-07T01:00Z,3412669,24,12.8,18.8,9.4,15.4,9.1,h,18.8,9.1,18.9,9.1,0,0,242.121,2.119,0,36.7,6.1,0.611,8,280,23.705,70.3,1.399,68.055,,,,,0
2026-10-06T01:00Z,2026-10-08T01:00Z,3412669,48,14.5,18.3,12.4,16.7,11.4,h,18.3,11.4,18.3,11.4,0,0,292.802,2.309,0,36.7,6.1,0.611,8,281,24.287,70.166,1.476,69.873,,,,,0
2026-10-06T01:00Z,2026-10-06T02:00Z,3478630,1,5.4,4.2,3,2.3,2.2,h,4.2,2.2,4.2,2.2,0,0,519.878,2.485,0,12.6,2.2,-0.217,9,279,22.053,87.284,1.714,31.484,,,,,0
2026-10-06T01:00Z,2026-10-06T04:00Z,3478630,3,6.5,5.1,3.4,2.5,2.2,h,5.1,2.2,5.1,2.2,0,0,857.872,2.653,0,12.6,2.2,-0.217,11,279,23.993,73.105,1.938,41.397,,,,,0
2026-10-06T01:00Z,2026-10-06T07:00Z,3478630,6,6.3,5,3.9,2.9,2.3,h,5,2.3,5,2.3,0,0,1113.408,3.275,0,12.6,2.2,-0.217,14,279,26.457,63.155,2.386,27.992,,,,,0
2026-10-06T01:00Z,2026-10-06T13:00Z,3478630,12,8.4,7,5,3.9,2.6,h,7,2.6,7,2.6,0,0,36.928,2.167,0,12.6,2.2,-0.217,20,279,22.336,82.994,0.409,26.799,,,,,0
2026-10-06T01:00Z,2026-10-07T01:00Z,3478630,24,5.9,5.1,6.7,5.6,3.3,h,5.1,3.3,5.1,3.3,0,0,288.127,1.468,0,12.6,2.2,-0.217,8,280,22.114,78.084,0.895,34.003,,,,,0
2026-10-06T01:00Z,2026-10-08T01:00Z,3478630,48,8.5,7.8,6.9,6.2,4.2,h,7.8,4.2,7.8,4.2,0,0,185.597,0.7,0,12.6,2.2,-0.217,8,281,22.014,78.304,0.358,45.718,,,,,0
2026-10-06T01:00Z,2026-10-06T02:00Z,3478631,1,3.9,17.6,3.3,16.2,24,h,17.6,24,17.6,24,0,0,531.725,3.059,0,25.9,24,1.391,9,279,24.296,70.243,2.196,41.34,,,,,0
2026-10-06T01:00Z,2026-10-06T04:00Z,3478631,3,4.3,18.1,3.6,17.2,24.1,h,18.1,24.1,18.1,24.1,0,0,906.751,1.681,0.007,25.9,24,1.391,11,279,26.613,62.734,1.27,20.563,,,,,0
2026-10-06T01:00Z,2026-10-06T07:00Z,3478631,6,4.7,18,3.9,18.1,24.4,h,18,24.4,18,24.4,0,0,1049.468,1.263,0.164,25.9,24,1.391,14,279,27.68,63.091,0.922,29.414,,,,,0
2026-10-06T01:00Z,2026-10-06T13:00Z,3478631,12,6.4,20.4,4.6,19.3,24.1,h,20.4,24.1,20.5,24.1,0,0,67.41,2.334,0,25.9,24,1.391,20,279,22.813,89.292,1.021,45.52,,,,,0
2026-10-06T01:00Z,2026-10-07T01:00Z,3478631,24,6.9,17.1,6.4,19.9,22.7,h,17.1,22.7,17.2,22.7,0,0,249.556,2.087,0,25.9,24,1.391,8,280,22.392,65.923,1.382,61.602,,,,,0
2026-10-06T01:00Z,2026-10-08T01:00Z,3478631,48,7.8,13.5,7.4,14.9,19.4,h,13.5,19.4,13.5,19.4,0,0,256.567,1.989,0,25.9,24,1.391,8,281,22.697,70.368,1.237,51.681,,,,,0
2026-10-06T01:00Z,2026-10-06T02:00Z,3493785,1,6.1,6.4,2.7,2.9,4.3,h,6.4,4.3,6.4,4.3,0,0,695.726,2.742,0,32.2,4.3,0.046,9,279,21.341,75.816,1.961,69.638,,,,,0
2026-10-06T01:00Z,2026-10-06T04:00Z,3493785,3,5.9,6.2,3.1,3.3,4.3,h,6.2,4.3,6.2,4.3,0,0,989.554,3.057,0,32.2,4.3,0.046,11,279,23.702,63.971,2.266,72.787,,,,,0
2026-10-06T01:00Z,2026-10-06T07:00Z,3493785,6,4.6,4.8,3.5,3.7,4.4,h,4.8,4.4,4.8,4.4,0,0,1070.484,3.859,0,32.2,4.3,0.046,14,279,24.949,59.624,2.833,69.167,,,,,0
2026-10-06T01:00Z,2026-10-06T13:00Z,3493785,12,4.7,4.9,4.3,4.5,4.4,h,4.9,4.4,4.9,4.4,0,0,146.219,3.493,0,32.2,4.3,0.046,20,279,20.937,79.744,1.213,70.075,,,,,0
2026-10-06T01:00Z,2026-10-07T01:00Z,3493785,24,6.4,6.6,5.4,5.6,4.7,h,6.6,4.7,6.6,4.7,0,0,301.75,1.128,0,32.2,4.3,0.046,8,280,20.835,70.933,0.599,63.946,,,,,0
2026-10-06T01:00Z,2026-10-08T01:00Z,3493785,48,6.8,6.9,5.4,5.5,4.9,h,6.9,4.9,6.9,4.9,0,0,228.409,0.726,0,32.2,4.3,0.046,8,281,21.139,73.133,0.545,122.295,,,,,0
2026-10-06T01:00Z,2026-10-06T02:00Z,3493786,1,8.6,7.1,4.8,3.8,6.9,h,7.1,6.9,7.1,6.9,0,0,657.618,4.003,0,20,6.9,-0.177,9,279,23.868,70.982,2.831,16.569,,,,,0
2026-10-06T01:00Z,2026-10-06T04:00Z,3493786,3,9.5,7.9,5.3,4.3,6.9,h,7.9,6.9,7.9,6.9,0,0,697.491,3.644,0,20,6.9,-0.177,11,279,25.206,66.268,2.543,23.466,,,,,0
2026-10-06T01:00Z,2026-10-06T07:00Z,3493786,6,8.2,6.9,6,4.9,7,h,6.9,7,6.9,7,0,0,809.446,3.206,0,20,6.9,-0.177,14,279,26.405,64.929,2.338,44.651,,,,,0
2026-10-06T01:00Z,2026-10-06T13:00Z,3493786,12,11.6,10,7.4,6.1,6.9,h,10,6.9,10,6.9,0,0,315.071,5.108,0,20,6.9,-0.177,20,279,21.832,71.428,2.475,41.739,,,,,0
2026-10-06T01:00Z,2026-10-07T01:00Z,3493786,24,18.1,16.2,12.8,11.1,8.2,h,16.2,8.2,16.3,8.2,0,0,386.613,2.65,0,20,6.9,-0.177,8,280,23.017,66.727,1.764,355.459,,,,,0
2026-10-06T01:00Z,2026-10-08T01:00Z,3493786,48,24.6,23,19.9,18.3,12.6,h,23,12.6,23,12.6,0,0,321.224,2.707,0,20,6.9,-0.177,8,281,23.421,74.747,1.794,0.474,,,,,0
2026-10-06T01:00Z,2026-10-06T02:00Z,3493787,1,8.6,9.5,4.8,5.3,3.5,h,9.5,3.5,9.5,3.5,0,0,647.732,2.355,0,26.1,3.5,0.098,9,279,24.599,77.237,1.766,36.831,,,,,0
2026-10-06T01:00Z,2026-10-06T04:00Z,3493787,3,9.5,10.5,5.3,5.9,3.6,h,10.5,3.6,10.5,3.6,0,0,644.044,2.038,0,26.1,3.5,0.098,11,279,25.352,74.641,1.477,53.329,,,,,0
2026-10-06T01:00Z,2026-10-06T07:00Z,3493787,6,8.2,9,6,6.7,3.8,h,9,3.8,9,3.8,0,0,772.565,2.645,0,26.1,3.5,0.098,14,279,26.615,72.065,2.128,83.662,,,,,0
2026-10-06T01:00Z,2026-10-06T13:00Z,3493787,12,11.6,12.6,7.4,8.2,4.4,h,12.6,4.4,12.7,4.4,0,0,260.705,5.677,0,26.1,3.5,0.098,20,279,22.107,72.614,2.826,64.54,,,,,0
2026-10-06T01:00Z,2026-10-07T01:00Z,3493787,24,18.1,19.2,12.8,13.8,6.8,h,19.2,6.8,19.3,6.8,0,0,328.418,1.411,0,26.1,3.5,0.098,8,280,23.895,69.897,0.965,346.546,,,,,0
2026-10-06T01:00Z,2026-10-08T01:00Z,3493787,48,24.6,25.5,19.9,20.8,12.2,h,25.5,12.2,25.5,12.2,0,0,277.36,2.261,0,26.1,3.5,0.098,8,281,24.068,75.761,1.465,7.935,,,,,0
2026-10-06T01:00Z,2026-10-06T02:00Z,3499026,1,5.4,1.3,2.4,0.2,0.3,h,1.3,0.3,1.3,0.3,0,0,453.14,2.43,0.022,0.9,0.3,-1.045,9,279,19.433,85.117,1.727,81.283,,,,,0
2026-10-06T01:00Z,2026-10-06T04:00Z,3499026,3,5.7,1.6,2.8,0.4,0.3,h,1.6,0.3,1.6,0.3,0,0,718.81,2.435,0,0.9,0.3,-1.045,11,279,22.273,73.495,1.791,55.377,,,,,0
2026-10-06T01:00Z,2026-10-06T07:00Z,3499026,6,5.1,1.5,3.2,0.5,0.3,h,1.5,0.3,1.5,0.3,0,0,873.964,2.906,0,0.9,0.3,-1.045,14,279,23.635,69.015,2.244,23.585,,,,,0
2026-10-06T01:00Z,2026-10-06T13:00Z,3499026,12,6.8,2.5,4.2,1,0.5,h,2.5,0.5,2.5,0.5,0,0,52.342,2.115,0,0.9,0.3,-1.045,20,279,20.33,79.385,0.442,39.043,,,,,0
2026-10-06T01:00Z,2026-10-07T01:00Z,3499026,24,5.6,2.5,5.8,2.1,0.9,h,2.5,0.9,2.5,0.9,0,0,285.504,1.705,0,0.9,0.3,-1.045,8,280,19.311,73.053,1.145,77.436,,,,,0
2026-10-06T01:00Z,2026-10-08T01:00Z,3499026,48,7.4,4.8,6.5,3.7,2,h,4.8,2,4.8,2,0,0,206.603,1.361,0,0.9,0.3,-1.045,8,281,20.101,75.614,0.942,83.723,,,,,0
2026-10-06T01:00Z,2026-10-06T02:00Z,3501135,1,3.1,10.8,5.2,17.7,5.5,h,10.8,5.5,10.8,5.5,0,0,573.622,2.937,0.198,27.8,5.5,1.098,9,279,23.342,88.55,1.983,46.249,,,,,0
2026-10-06T01:00Z,2026-10-06T04:00Z,3501135,3,4.6,14.4,4.7,15.9,5.6,h,14.4,5.6,14.4,5.6,0,0,691.043,3.415,0.167,27.8,5.5,1.098,11,279,24.324,79.305,2.525,54.539,,,,,0
2026-10-06T01:00Z,2026-10-06T07:00Z,3501135,6,5.4,15.5,4.2,14.3,5.9,h,15.5,5.9,15.5,5.9,0,0,999.085,3.223,0.01,27.8,5.5,1.098,14,279,27.116,62.986,2.397,84.208,,,,,0
2026-10-06T01:00Z,2026-10-06T13:00Z,3501135,12,13.2,31.8,4.6,14.1,7.2,h,31.8,7.2,31.9,7.2,0,0,29.941,0.812,0,27.8,5.5,1.098,20,279,24.028,84.067,0.388,338.725,,,,,0
2026-10-06T01:00Z,2026-10-07T01:00Z,3501135,24,9.4,19,9.3,22.2,10.8,h,19,10.8,19.1,10.9,0,0,251.074,1.619,0,27.8,5.5,1.098,8,280,23.842,78.645,0.803,16.988,,,,,0
2026-10-06T01:00Z,2026-10-08T01:00Z,3501135,48,12.5,19.1,12.3,20.7,13.1,h,19.1,13.1,19.1,13.1,0,0,172.064,0.17,0,27.8,5.5,1.098,8,281,24.023,78.387,0.191,316.454,,,,,0
2026-10-06T01:00Z,2026-10-06T02:00Z,3501136,1,2.8,5.8,4.8,9.7,5.1,h,5.8,5.1,5.8,5.1,0,0,421.376,2.729,0.601,29.1,5.1,0.614,9,279,21.608,93.438,1.741,47.265,,,,,0
2026-10-06T01:00Z,2026-10-06T04:00Z,3501136,3,4.7,9,4.4,9,5.1,h,9,5.1,9,5.1,0,0,568.772,2.994,0.529,29.1,5.1,0.614,11,279,23.256,82.365,2.188,51.717,,,,,0
2026-10-06T01:00Z,2026-10-06T07:00Z,3501136,6,5,9.2,4.1,8.2,5.3,h,9.2,5.3,9.2,5.3,0,0,892.639,3.26,0.052,29.1,5.1,0.614,14,279,25.786,69.157,2.357,75.967,,,,,0
2026-10-06T01:00Z,2026-10-06T13:00Z,3501136,12,9.2,15.3,4.1,7.9,5.6,h,15.3,5.6,15.4,5.6,0,0,28.717,2.014,0,29.1,5.1,0.614,20,279,22.561,84.411,0.627,54.131,,,,,0
2026-10-06T01:00Z,2026-10-07T01:00Z,3501136,24,11.1,16.4,8.5,13.8,7.9,h,16.4,7.9,16.5,7.9,0,0,146.708,2.24,0,29.1,5.1,0.614,8,280,22.425,79.506,1.074,54.442,,,,,0
2026-10-06T01:00Z,2026-10-08T01:00Z,3501136,48,10.5,13.3,9.4,12.8,8.9,h,13.3,8.9,13.3,8.9,0,0,119.915,1.124,0,29.1,5.1,0.614,8,281,22.447,77.987,0.596,78.755,,,,,0
2026-10-06T01:00Z,2026-10-06T02:00Z,3501137,1,6.1,3.5,3.2,1.6,2.3,h,3.5,2.3,3.5,2.3,0,0,680.741,2.591,0,11,2.3,-0.472,9,279,21.398,77.61,1.845,61.932,,,,,0
2026-10-06T01:00Z,2026-10-06T04:00Z,3501137,3,6.7,4,3.5,1.9,2.3,h,4,2.3,4,2.3,0,0,966.63,2.835,0.004,11,2.3,-0.472,11,279,23.771,64.273,2.105,69.184,,,,,0
2026-10-06T01:00Z,2026-10-06T07:00Z,3501137,6,5.8,3.5,4,2.2,2.4,h,3.5,2.4,3.5,2.4,0,0,1097.898,3.622,0.021,11,2.3,-0.472,14,279,25.094,59.706,2.654,71.102,,,,,0
2026-10-06T01:00Z,2026-10-06T13:00Z,3501137,12,7.6,5,5,2.9,2.4,h,5,2.4,5,2.4,0,0,129.826,2.83,0,11,2.3,-0.472,20,279,21.11,80.79,0.892,61.731,,,,,0
2026-10-06T01:00Z,2026-10-07T01:00Z,3501137,24,6.9,5,6.6,4.3,2.9,h,5,2.9,5,2.9,0,0,260.016,1.016,0,11,2.3,-0.472,8,280,20.757,73.366,0.507,51.608,,,,,0
2026-10-06T01:00Z,2026-10-08T01:00Z,3501137,48,9.1,7.5,7.5,5.9,4.1,h,7.5,4.1,7.5,4.1,0,0,185.922,0.51,0,11,2.3,-0.472,8,281,20.92,75.982,0.419,130.336,,,,,0
2026-10-06T01:00Z,2026-10-06T02:00Z,3503723,1,7.1,22.2,4,13.9,46.2,h,22.2,46.2,22.2,46.2,0,0,572.552,3.252,0,77.5,46.2,1.099,9,279,24.254,64.524,2.301,7.249,,,,,0
2026-10-06T01:00Z,2026-10-06T04:00Z,3503723,3,7.6,22.6,4.5,15.3,46.2,h,22.6,46.2,22.6,46.2,0,0,794.607,3.427,0.008,77.5,46.2,1.099,11,279,26.321,58.11,2.442,16.041,,,,,0
2026-10-06T01:00Z,2026-10-06T07:00Z,3503723,6,7.8,21.7,5.2,16.9,44.7,h,21.7,44.7,21.7,44.7,0,0,967.859,1.53,0.024,77.5,46.2,1.099,14,279,27.612,57.098,0.942,38.381,,,,,0
2026-10-06T01:00Z,2026-10-06T13:00Z,3503723,12,10.2,24.9,6.8,20.4,40.5,h,24.9,40.5,25,40.5,0,0,241.78,4.004,0,77.5,46.2,1.099,20,279,22.474,67.709,1.791,39.898,,,,,0
2026-10-06T01:00Z,2026-10-07T01:00Z,3503723,24,13.7,27.2,10.9,26,39.7,h,27.2,39.7,27.3,39.8,0,0,354.819,1.855,0,77.5,46.2,1.099,8,280,22.577,66.04,1.258,14.774,,,,,0
2026-10-06T01:00Z,2026-10-08T01:00Z,3503723,48,24.1,36.3,14.8,24.7,35.5,h,36.3,35.5,36.3,35.5,0,0,291.758,1.626,0,77.5,46.2,1.099,8,281,23.029,73.526,1.027,337.506,,,,,0
2026-10-06T01:00Z,2026-10-06T02:00Z,3503724,1,7.9,3.3,4.4,1.6,3.1,h,3.3,3.1,3.3,3.1,0,0,738.154,6.901,0,3.5,3.1,-0.748,9,279,21.92,60.478,4.657,4.781,,,,,0
2026-10-06T01:00Z,2026-10-06T04:00Z,3503724,3,8.3,3.7,5,1.9,3.1,h,3.7,3.1,3.7,3.1,0,0,907.207,7.228,0,3.5,3.1,-0.748,11,279,24.111,52.868,4.945,7.966,,,,,0
2026-10-06T01:00Z,2026-10-06T07:00Z,3503724,6,8.4,3.9,5.7,2.3,3.1,h,3.9,3.1,3.9,3.1,0,0,811.466,6.524,0.001,3.5,3.1,-0.748,14,279,24.848,53.528,4.481,23.08,,,,,0
2026-10-06T01:00Z,2026-10-06T13:00Z,3503724,12,12.7,6.7,7.9,3.5,3.3,h,6.7,3.3,6.7,3.3,0,0,392.701,6.603,0,3.5,3.1,-0.748,20,279,20.162,67.593,3.846,355.666,,,,,0
2026-10-06T01:00Z,2026-10-07T01:00Z,3503724,24,11.9,7.3,12,6.5,4.2,h,7.3,4.2,7.3,4.2,0,0,436.761,5.412,0,3.5,3.1,-0.748,8,280,21.17,60.358,3.572,347.336,,,,,0
2026-10-06T01:00Z,2026-10-08T01:00Z,3503724,48,26,19.6,17.8,12.5,7.8,h,19.6,7.8,19.6,7.8,0,0.001,418.877,4.426,0,3.5,3.1,-0.748,8,281,22.005,73.982,2.939,345.89,,,,,0
2026-10-06T01:00Z,2026-10-06T02:00Z,3503725,1,8.7,2.2,4.9,0.9,1.9,h,2.2,1.9,2.2,1.9,0,0,680.771,6.134,0.054,2.2,1.9,-1.158,9,279,22.188,71.519,4.073,1.32,,,,,0
2026-10-06T01:00Z,2026-10-06T04:00Z,3503725,3,8.2,2.2,5.4,1,1.9,h,2.2,1.9,2.2,1.9,0,0,737.468,5.475,0.026,2.2,1.9,-1.158,11,279,23.818,64.486,3.722,6.896,,,,,0
2026-10-06T01:00Z,2026-10-06T07:00Z,3503725,6,8.6,2.5,6.1,1.3,1.9,h,2.5,1.9,2.5,1.9,0,0,783.958,5.121,0.053,2.2,1.9,-1.158,14,279,24.814,64.389,3.504,23.243,,,,,0
2026-10-06T01:00Z,2026-10-06T13:00Z,3503725,12,15,5.6,8.5,2.3,2,h,5.6,2,5.6,2,0,0,389.121,6.072,0,2.2,1.9,-1.158,20,279,20.807,71.018,3.082,13.332,,,,,0
2026-10-06T01:00Z,2026-10-07T01:00Z,3503725,24,12.8,5.9,13.3,5.1,2.9,h,5.9,2.9,5.9,2.9,0,0,445.266,4.574,0,2.2,1.9,-1.158,8,280,22.144,63.84,2.893,349.404,,,,,0
2026-10-06T01:00Z,2026-10-08T01:00Z,3503725,48,18.5,11.8,19.7,11.3,6.6,h,11.8,6.6,11.8,6.6,0,0.001,429.151,3.816,0,2.2,1.9,-1.158,8,281,22.929,74.81,2.496,353.088,,,,,0
2026-10-06T01:00Z,2026-10-06T02:00Z,3510962,1,6.7,0.8,3.9,0.2,0.1,h,0.8,0.1,0.8,0.1,0,0,625.677,2.354,0,1.6,0.1,-1.5,9,279,22.336,66.38,1.578,16.471,,,,,0
2026-10-06T01:00Z,2026-10-06T04:00Z,3510962,3,7.1,1,4.3,0.3,0.1,h,1,0.1,1,0.1,0,0,986.116,2.682,0.029,1.6,0.1,-1.5,11,279,24.78,58.221,1.799,18.381,,,,,0
2026-10-06T01:00Z,2026-10-06T07:00Z,3510962,6,7.3,1.3,5,0.5,0.1,h,1.3,0.1,1.3,0.1,0,0,1022.154,2.324,0.086,1.6,0.1,-1.5,14,279,25.678,56.69,1.513,44.658,,,,,0
2026-10-06T01:00Z,2026-10-06T13:00Z,3510962,12,10.4,2.6,6.6,0.9,0.3,h,2.6,0.3,2.6,0.3,0,0,179.35,2.556,0,1.6,0.1,-1.5,20,279,20.311,73.988,1.278,34.188,,,,,0
2026-10-06T01:00Z,2026-10-07T01:00Z,3510962,24,11.1,4,10.3,2.8,1,h,4,1,4,1,0,0,324.975,1.985,0,1.6,0.1,-1.5,8,280,21.028,65.995,1.295,351.208,,,,,0
2026-10-06T01:00Z,2026-10-08T01:00Z,3510962,48,27.6,15.7,14.5,7.1,3.6,h,15.7,3.6,15.7,3.6,0,0,305.974,1.848,0,1.6,0.1,-1.5,8,281,21.497,72.287,1.199,332.131,,,,,0
2026-10-06T01:00Z,2026-10-06T02:00Z,3510963,1,8.4,8,4.5,4.3,5.3,h,8,5.3,8,5.3,0,0,640.949,2.363,0,12.4,5.3,-0.048,9,279,24.967,77.3,1.823,50.436,,,,,0
2026-10-06T01:00Z,2026-10-06T04:00Z,3510963,3,9.4,8.9,5,4.8,5.3,h,8.9,5.3,8.9,5.3,0,0,668.349,2.197,0,12.4,5.3,-0.048,11,279,25.867,74.238,1.655,65.516,,,,,0
2026-10-06T01:00Z,2026-10-06T07:00Z,3510963,6,8.3,7.9,5.7,5.4,5.4,h,7.9,5.4,7.9,5.4,0,0,823.93,2.744,0.001,12.4,5.3,-0.048,14,279,27.181,71.32,2.203,84.007,,,,,0
2026-10-06T01:00Z,2026-10-06T13:00Z,3510963,12,9.6,9.2,6.7,6.4,5.4,h,9.2,5.4,9.2,5.4,0,0,258.208,5.844,0,12.4,5.3,-0.048,20,279,22.696,74.533,2.938,72.703,,,,,0
2026-10-06T01:00Z,2026-10-07T01:00Z,3510963,24,19.4,18.8,12.1,11.6,7.3,h,18.8,7.3,18.9,7.3,0,0,347.035,1.119,0,12.4,5.3,-0.048,8,280,24.113,71.106,0.763,8.489,,,,,0
2026-10-06T01:00Z,2026-10-08T01:00Z,3510963,48,20,19.6,18.8,18.4,11.8,h,19.6,11.8,19.6,11.8,0,0,267.452,1.964,0,12.4,5.3,-0.048,8,281,24.295,75.244,1.277,17.264,,,,,0
2026-10-06T01:00Z,2026-10-06T02:00Z,3510964,1,3.7,3.6,6.5,6.4,7.2,h,3.6,7.2,3.6,7.2,0,0.007,709.411,1.686,0.047,3.7,7.2,-0.019,9,279,25.37,74.169,1.1,37.253,,,,,0
2026-10-06T01:00Z,2026-10-06T04:00Z,3510964,3,4,3.9,6.1,6,7.2,h,3.9,7.2,3.9,7.2,0,0.007,1130.658,1.441,0.043,3.7,7.2,-0.019,11,279,27.645,67.766,0.855,11.208,,,,,0
2026-10-06T01:00Z,2026-10-06T07:00Z,3510964,6,4,3.9,5.6,5.4,7.1,h,3.9,7.1,3.9,7.1,0,0.002,587.877,2.973,0.528,3.7,7.2,-0.019,14,279,25.563,80.882,1.923,0.598,,,,,0
2026-10-06T01:00Z,2026-10-06T13:00Z,3510964,12,4.7,4.6,4.8,4.7,6.8,h,4.6,6.8,4.6,6.8,0,0.002,192.432,3.436,0.018,3.7,7.2,-0.019,20,279,21.886,89.538,1.678,24.459,,,,,0
2026-10-06T01:00Z,2026-10-07T01:00Z,3510964,24,2.4,2.4,3.9,3.8,6.1,h,2.4,6.1,2.4,6.1,0,0.003,610.001,2.137,0.331,3.7,7.2,-0.019,8,280,23.289,84.842,1.276,20.316,,,,,0
2026-10-06T01:00Z,2026-10-08T01:00Z,3510964,48,3.6,3.6,4.4,4.4,5.8,h,3.6,5.8,3.6,5.8,0,0.002,311.23,2.849,0.955,3.7,7.2,-0.019,8,281,22.041,96.778,1.462,5.209,,,,,0
2026-10-06T01:00Z,2026-10-06T02:00Z,3510965,1,6.1,2.5,3.2,1,0.8,h,2.5,0.8,2.5,0.8,0,0,374.46,3.268,0.171,6.6,0.8,-0.731,9,279,21.155,88.652,2.201,16.848,,,,,0
2026-10-06T01:00Z,2026-10-06T04:00Z,3510965,3,6.7,2.9,3.5,1.2,0.8,h,2.9,0.8,2.9,0.8,0,0,737.617,3.333,0.068,6.6,0.8,-0.731,11,279,23.089,76.62,2.437,24.07,,,,,0
2026-10-06T01:00Z,2026-10-06T07:00Z,3510965,6,5.8,2.6,4,1.5,0.9,h,2.6,0.9,2.6,0.9,0,0,824.683,3.854,0,6.6,0.8,-0.731,14,279,25.425,66.573,2.804,16.514,,,,,0
2026-10-06T01:00Z,2026-10-06T13:00Z,3510965,12,7.6,3.9,5,2.1,1.1,h,3.9,1.1,3.9,1.1,0,0,61.365,3.162,0,6.6,0.8,-0.731,20,279,22.324,79.236,0.889,20.638,,,,,0
2026-10-06T01:00Z,2026-10-07T01:00Z,3510965,24,6.9,4.1,6.6,3.3,1.6,h,4.1,1.6,4.1,1.6,0,0,261.14,2.445,0,6.6,0.8,-0.731,8,280,21.676,75.785,1.539,23.958,,,,,0
2026-10-06T01:00Z,2026-10-08T01:00Z,3510965,48,9.1,6.8,7.5,5.2,3,h,6.8,3,6.8,3,0,0,193.03,1.47,0,6.6,0.8,-0.731,8,281,21.763,75.229,0.909,22.96,,,,,0
2026-10-06T01:00Z,2026-10-06T02:00Z,3511463,1,6.8,5.7,3.1,2.5,3.9,h,5.7,3.9,5.7,3.9,0,0,669.803,2.908,0,18.2,3.9,-0.151,9,279,20.582,77.36,2.056,75.592,,,,,0
2026-10-06T01:00Z,2026-10-06T04:00Z,3511463,3,6.3,5.4,3.6,2.9,3.9,h,5.4,3.9,5.4,3.9,0,0,979.26,3.422,0,18.2,3.9,-0.151,11,279,22.93,65.091,2.473,76.609,,,,,0
2026-10-06T01:00Z,2026-10-06T07:00Z,3511463,6,4.8,4.1,4,3.3,3.9,h,4.1,3.9,4.1,3.9,0,0,1009.174,3.87,0,18.2,3.9,-0.151,14,279,24.136,61.03,2.808,66.616,,,,,0
2026-10-06T01:00Z,2026-10-06T13:00Z,3511463,12,5.4,4.7,4.8,4,3.9,h,4.7,3.9,4.7,3.9,0,0,117.346,3.9,0,18.2,3.9,-0.151,20,279,19.905,80.202,1.575,80.009,,,,,0
2026-10-06T01:00Z,2026-10-07T01:00Z,3511463,24,6.7,6,5.8,5,4.3,h,6,4.3,6,4.3,0,0,395.339,1.61,0,18.2,3.9,-0.151,8,280,20.765,67.485,0.964,72.315,,,,,0
2026-10-06T01:00Z,2026-10-08T01:00Z,3511463,48,6.6,6.2,5.5,5.1,4.5,h,6.2,4.5,6.2,4.5,0,0,308.54,1.227,0,18.2,3.9,-0.151,8,281,21.342,67.065,0.74,92.456,,,,,0
2026-10-06T01:00Z,2026-10-06T02:00Z,3513587,1,6.4,6.4,,,,h,6.4,,6.4,,0,0,405.862,3.557,0.173,,,0,9,279,20.055,83.232,2.385,34.864,,,,,0
2026-10-06T01:00Z,2026-10-06T04:00Z,3513587,3,6.8,6.8,,,,h,6.8,,6.8,,0,0,595.916,3.296,0.002,,,0,11,279,21.15,73.061,2.42,40.299,,,,,0
2026-10-06T01:00Z,2026-10-06T07:00Z,3513587,6,5.6,5.6,,,,h,5.6,,5.6,,0,0,663.212,1.091,0,,,0,14,279,23.364,67.977,0.699,70.763,,,,,0
2026-10-06T01:00Z,2026-10-06T13:00Z,3513587,12,6.4,6.4,,,,h,6.4,,6.4,,0,0,135.305,4.011,0,,,0,20,279,21.45,76.138,1.445,32.146,,,,,0
2026-10-06T01:00Z,2026-10-07T01:00Z,3513587,24,7.2,7.2,,,,h,7.2,,7.2,,0,0,272.223,2.97,0,,,0,8,280,20.415,70.643,1.986,39.881,,,,,0
2026-10-06T01:00Z,2026-10-08T01:00Z,3513587,48,7.9,7.9,,,,h,7.9,,7.9,,0,0,206.471,2.181,0,,,0,8,281,20.954,72.636,1.414,36.549,,,,,0
2026-10-06T01:00Z,2026-10-06T02:00Z,3524548,1,5.8,1.9,4,1.1,2.5,h,1.9,2.5,1.9,2.5,0,0,655.906,3.227,0,6,2.5,-0.895,9,279,19.682,79.184,2.252,82.69,,,,,0
2026-10-06T01:00Z,2026-10-06T04:00Z,3524548,3,6.6,2.3,4.4,1.2,2.5,h,2.3,2.5,2.3,2.5,0,0,973.312,3.859,0,6,2.5,-0.895,11,279,22.055,66.195,2.732,80.78,,,,,0
2026-10-06T01:00Z,2026-10-06T07:00Z,3524548,6,6.5,2.5,4.8,1.4,2.6,h,2.5,2.6,2.5,2.6,0,0,1003.216,3.86,0,6,2.5,-0.895,14,279,23.314,61.546,2.771,66.637,,,,,0
2026-10-06T01:00Z,2026-10-06T13:00Z,3524548,12,8,3.5,5.6,1.9,2.3,h,3.5,2.3,3.5,2.3,0,0,85.698,4.338,0,6,2.5,-0.895,20,279,18.694,80.257,1.891,88.177,,,,,0
2026-10-06T01:00Z,2026-10-07T01:00Z,3524548,24,10.1,5.5,8.9,4.1,3,h,5.5,3,5.5,3,0,0,476.062,2.114,0,6,2.5,-0.895,8,280,20.48,64.716,1.345,78.083,,,,,0
2026-10-06T01:00Z,2026-10-08T01:00Z,3524548,48,10.8,7.5,9,5.7,4.1,h,7.5,4.1,7.5,4.1,0,0,381.399,1.949,0,6,2.5,-0.895,8,281,21.293,62.07,1.12,83.109,,,,,0
2026-10-06T01:00Z,2026-10-06T02:00Z,3524550,1,7.9,11.5,4.6,6.9,6.9,h,11.5,6.9,11.5,6.9,0,0,741.964,2.699,0,15.6,6.9,0.353,9,279,23.059,61.339,1.723,25.254,,,,,0
2026-10-06T01:00Z,2026-10-06T04:00Z,3524550,3,8.6,12.3,5.1,7.7,7,h,12.3,7,12.3,7,0,0,1197.074,4.368,0.001,15.6,6.9,0.353,11,279,25.451,54.444,2.924,18.911,,,,,0
2026-10-06T01:00Z,2026-10-06T07:00Z,3524550,6,8.9,12.4,6,8.8,7.2,h,12.4,7.2,12.4,7.2,0,0,932.562,5.175,0.003,15.6,6.9,0.353,14,279,26.03,52.413,3.65,46.894,,,,,0
2026-10-06T01:00Z,2026-10-06T13:00Z,3524550,12,13,17.3,8.2,11.7,7.9,h,17.3,7.9,17.4,7.9,0,0,218.228,2.574,0,15.6,6.9,0.353,20,279,21.179,68.936,1.855,4,,,,,0
2026-10-06T01:00Z,2026-10-07T01:00Z,3524550,24,9.5,11.9,12.6,16.7,10,h,11.9,10,12,10.1,0,0,309.625,3.532,0,15.6,6.9,0.353,8,280,22.046,64.973,2.322,332.146,,,,,0
2026-10-06T01:00Z,2026-10-08T01:00Z,3524550,48,28.3,32.3,19.6,23.1,15,h,32.3,15,32.3,15,0,0.001,319.284,3.33,0,15.6,6.9,0.353,8,281,22.764,73.937,2.13,325.638,,,,,0
2026-10-06T01:00Z,2026-10-06T02:00Z,3524551,1,8.7,1.6,4.9,0.5,1,h,1.6,1,1.6,1,0,0,672.09,5.084,0.058,2.3,1,-1.385,9,279,22.715,73.899,3.384,6.75,,,,,0
2026-10-06T01:00Z,2026-10-06T04:00Z,3524551,3,8.2,1.6,5.4,0.7,1,h,1.6,1,1.6,1,0,0,713.982,4.433,0.035,2.3,1,-1.385,11,279,24.105,68.088,3.01,13.018,,,,,0
2026-10-06T01:00Z,2026-10-06T07:00Z,3524551,6,8.6,1.9,6.1,0.9,1,h,1.9,1,1.9,1,0,0,774.733,4.255,0.07,2.3,1,-1.385,14,279,25.11,67.544,2.953,32.062,,,,,0
2026-10-06T01:00Z,2026-10-06T13:00Z,3524551,12,15,4.6,8.5,1.7,1.2,h,4.6,1.2,4.6,1.2,0,0,368.961,5.623,0,2.3,1,-1.385,20,279,21.128,71.858,2.773,25.941,,,,,0
2026-10-06T01:00Z,2026-10-07T01:00Z,3524551,24,12.8,5.1,13.3,4.2,2,h,5.1,2,5.1,2,0,0,426.672,3.837,0,2.3,1,-1.385,8,280,22.632,65.755,2.427,352.119,,,,,0
2026-10-06T01:00Z,2026-10-08T01:00Z,3524551,48,18.5,10.8,19.7,10.1,5.6,h,10.8,5.6,10.8,5.6,0,0.001,404.629,3.417,0,2.3,1,-1.385,8,281,23.283,75.072,2.232,357.692,,,,,0
2026-10-06T01:00Z,2026-10-06T02:00Z,3524552,1,7.5,9.2,4.1,5.1,2.4,h,9.2,2.4,9.2,2.4,0,0,636.231,4.757,0,26.3,2.4,0.195,9,279,23.792,65.863,3.33,9.299,,,,,0
2026-10-06T01:00Z,2026-10-06T04:00Z,3524552,3,8.2,10,4.6,5.8,2.5,h,10,2.5,10,2.5,0,0,738.984,4.622,0,26.3,2.4,0.195,11,279,25.578,59.856,3.243,15.336,,,,,0
2026-10-06T01:00Z,2026-10-06T07:00Z,3524552,6,8.1,9.8,5.3,6.6,2.7,h,9.8,2.7,9.8,2.7,0,0,863.844,3.364,0,26.3,2.4,0.195,14,279,26.793,59.258,2.32,30.027,,,,,0
2026-10-06T01:00Z,2026-10-06T13:00Z,3524552,12,10,11.8,6.7,8.3,3.5,h,11.8,3.5,11.9,3.5,0,0,326.157,4.993,0,26.3,2.4,0.195,20,279,22.051,68.996,2.489,28.499,,,,,0
2026-10-06T01:00Z,2026-10-07T01:00Z,3524552,24,15,17,11.4,13.3,5.9,h,17,5.9,17.1,5.9,0,0,406.074,3.027,0,26.3,2.4,0.195,8,280,22.612,64.937,2.007,1.074,,,,,0
2026-10-06T01:00Z,2026-10-08T01:00Z,3524552,48,22.6,24.3,16.7,18.3,10.4,h,24.3,10.4,24.3,10.4,0,0,333.781,2.638,0,26.3,2.4,0.195,8,281,23.143,74.091,1.748,353.091,,,,,0
2026-10-06T01:00Z,2026-10-06T02:00Z,3524553,1,2,10.3,5.4,24.5,17,h,10.3,17,10.3,17,0,0.003,738.604,2.324,0.022,38.4,17,1.387,9,279,26.017,75.743,1.524,32.749,,,,,0
2026-10-06T01:00Z,2026-10-06T04:00Z,3524553,3,2.2,10.5,5,22.8,17,h,10.5,17,10.5,17,0,0.002,1055.52,2.913,0.052,38.4,17,1.387,11,279,28.035,69.451,1.995,20.892,,,,,0
2026-10-06T01:00Z,2026-10-06T07:00Z,3524553,6,3,12.3,4.6,21.1,17.1,h,12.3,17.1,12.3,17.1,0,0.001,594.717,3.491,0.559,38.4,17,1.387,14,279,26.055,82.697,2.279,9.756,,,,,0
2026-10-06T01:00Z,2026-10-06T13:00Z,3524553,12,2.8,9.9,4.2,18.5,16.9,h,9.9,16.9,9.9,16.9,0,0.001,248.72,3.169,0.035,38.4,17,1.387,20,279,22.828,88.245,1.651,20.345,,,,,0
2026-10-06T01:00Z,2026-10-07T01:00Z,3524553,24,3.1,8.3,2.7,9.7,14.7,h,8.3,14.7,8.3,14.7,0,0.002,548.073,2.03,0.216,38.4,17,1.387,8,280,23.941,84.434,1.221,16.712,,,,,0
2026-10-06T01:00Z,2026-10-08T01:00Z,3524553,48,3.7,6.7,7.5,15.1,16,h,6.7,16,6.7,16,0,0.002,339.907,3.103,1.753,38.4,17,1.387,8,281,22.618,97.028,1.637,1.216,,,,,0
2026-10-06T01:00Z,2026-10-06T02:00Z,3527752,1,1.5,4.2,9.7,21.8,8.6,h,4.2,8.6,4.2,8.6,0,0.009,578.189,5.354,0.1,3.5,8.6,0.757,9,279,24.495,87.812,3.824,82.801,,,,,0
2026-10-06T01:00Z,2026-10-06T04:00Z,3527752,3,2.6,6.2,8.2,18.7,8.6,h,6.2,8.6,6.2,8.6,0,0.005,835.971,5.874,0.252,3.5,8.6,0.757,11,279,26.392,81.564,4.26,80.49,,,,,0
2026-10-06T01:00Z,2026-10-06T07:00Z,3527752,6,4.4,9.4,6,13.7,8.4,h,9.4,8.4,9.4,8.4,0,0.001,654.356,5.105,0.319,3.5,8.6,0.757,14,279,26.549,78.761,3.73,69.952,,,,,0
2026-10-06T01:00Z,2026-10-06T13:00Z,3527752,12,6,11.5,3.6,8.1,8.3,h,11.5,8.3,11.5,8.3,0,0,180.667,3.36,0,3.5,8.6,0.757,20,279,23.454,94.287,1.232,101.366,,,,,0
2026-10-06T01:00Z,2026-10-07T01:00Z,3527752,24,5.5,9.2,5,9.6,8.9,h,9.2,8.9,9.2,8.9,0,0,474.325,3.701,0,3.5,8.6,0.757,8,280,23.171,81.535,2.483,97.084,,,,,0
2026-10-06T01:00Z,2026-10-08T01:00Z,3527752,48,14.6,19.5,10.9,15.8,12.2,h,19.5,12.2,19.5,12.2,0,0,593.729,2.28,0,3.5,8.6,0.757,8,281,24.828,77.243,1.563,80.658,,,,,0
2026-10-06T01:00Z,2026-10-06T02:00Z,3539279,1,6.8,3.2,,,,h,3.2,,3.2,,0,0,701.116,2.732,0,,,-0.894,9,279,21.28,73.492,1.958,79.435,,,,,0
2026-10-06T01:00Z,2026-10-06T04:00Z,3539279,3,6.3,3,,,,h,3,,3,,0,0,1031.576,3.113,0,,,-0.894,11,279,23.633,63.524,2.295,76.172,,,,,0
2026-10-06T01:00Z,2026-10-06T07:00Z,3539279,6,4.8,2.3,,,,h,2.3,,2.3,,0,0,960.349,3.93,0,,,-0.894,14,279,24.61,60.763,2.881,64.03,,,,,0
2026-10-06T01:00Z,2026-10-06T13:00Z,3539279,12,5.4,2.9,,,,h,2.9,,2.9,,0,0,161.001,4.406,0,,,-0.894,20,279,20.561,79.303,1.765,81.138,,,,,0
2026-10-06T01:00Z,2026-10-07T01:00Z,3539279,24,6.7,4.2,,,,h,4.2,,4.2,,0,0,374.318,1.301,0,,,-0.894,8,280,21,66.991,0.744,78.427,,,,,0
2026-10-06T01:00Z,2026-10-08T01:00Z,3539279,48,6.6,5,,,,h,5,,5,,0,0,307.781,0.966,0,,,-0.894,8,281,21.619,67.294,0.695,112.643,,,,,0
2026-10-06T01:00Z,2026-10-06T02:00Z,3539280,1,3.9,7.6,3.3,6.8,19.3,h,7.6,19.3,7.6,19.3,0,0,541.978,2.892,0,3.1,19.3,0.59,9,279,23.728,72.497,1.993,39.632,,,,,0
2026-10-06T01:00Z,2026-10-06T04:00Z,3539280,3,4.3,8.1,3.6,7.2,19.3,h,8.1,19.3,8.1,19.3,0,0,937.269,1.638,0,3.1,19.3,0.59,11,279,26.158,61.599,1.224,4.743,,,,,0
2026-10-06T01:00Z,2026-10-06T07:00Z,3539280,6,4.7,8.5,3.9,7.7,19.4,h,8.5,19.4,8.5,19.4,0,0,938.979,1.234,0.275,3.1,19.3,0.59,14,279,26.749,66.682,0.88,19.827,,,,,0
2026-10-06T01:00Z,2026-10-06T13:00Z,3539280,12,6.4,10.6,4.6,8.7,18.5,h,10.6,18.5,10.6,18.5,0,0,43.729,1.877,0,3.1,19.3,0.59,20,279,21.971,92.958,0.964,40.888,,,,,0
2026-10-06T01:00Z,2026-10-07T01:00Z,3539280,24,6.9,10.2,6.4,10.4,16.5,h,10.2,16.5,10.3,16.5,0,0,229.28,2.174,0,3.1,19.3,0.59,8,280,21.774,66.204,1.352,57.635,,,,,0
2026-10-06T01:00Z,2026-10-08T01:00Z,3539280,48,7.8,9.9,7.4,10,14.6,h,9.9,14.6,9.9,14.6,0,0,241.627,2.149,0,3.1,19.3,0.59,8,281,22.204,70.002,1.285,47.495,,,,,0
2026-10-06T01:00Z,2026-10-06T02:00Z,3539838,1,1.9,3.2,2.3,3.9,4.7,h,3.2,4.7,3.2,4.7,0,0,432.771,1.364,0.001,15.9,4.7,0.393,9,279,23.994,88.339,1.066,298.424,,,,,0
2026-10-06T01:00Z,2026-10-06T04:00Z,3539838,3,2.3,3.7,2.4,4,4.7,h,3.7,4.7,3.7,4.7,0,0,830.261,1.969,0.092,15.9,4.7,0.393,11,279,26.707,76.462,1.573,337.126,,,,,0
2026-10-06T01:00Z,2026-10-06T07:00Z,3539838,6,3,4.6,2.5,4.1,4.8,h,4.6,4.8,4.6,4.8,0,0,1141.544,1.132,0.089,15.9,4.7,0.393,14,279,28.612,67.297,0.884,312.536,,,,,0
2026-10-06T01:00Z,2026-10-06T13:00Z,3539838,12,6.7,9.4,3,4.7,4.7,h,9.4,4.7,9.4,4.7,0,0,27.618,0.425,0.02,15.9,4.7,0.393,20,279,23.207,98.379,0.232,280.669,,,,,0
2026-10-06T01:00Z,2026-10-07T01:00Z,3539838,24,6.2,8.1,4.7,6.6,5.3,h,8.1,5.3,8.1,5.3,0,0,168.697,0.494,0,15.9,4.7,0.393,8,280,22.803,95.436,0.237,273.359,,,,,0
2026-10-06T01:00Z,2026-10-08T01:00Z,3539838,48,9.9,11.6,8.7,10.6,7.6,h,11.6,7.6,11.6,7.6,0,0,278.106,0.781,0,15.9,4.7,0.393,8,281,24.758,81.556,0.535,134.462,,,,,0
2026-10-06T01:00Z,2026-10-06T02:00Z,3553302,1,4.9,2.6,3,1.4,2.1,h,2.6,2.1,2.6,2.1,0,0,587.58,1.482,0,11.4,2.1,-0.515,9,279,20.29,87.213,1.075,50.707,,,,,0
2026-10-06T01:00Z,2026-10-06T04:00Z,3553302,3,6.1,3.4,3.4,1.7,2.1,h,3.4,2.1,3.4,2.1,0,0,1156.579,2.918,0,11.4,2.1,-0.515,11,279,23.469,64.532,2.071,88.885,,,,,0
2026-10-06T01:00Z,2026-10-06T07:00Z,3553302,6,6.7,3.9,3.9,2,2.1,h,3.9,2.1,3.9,2.1,0,0,1473.623,2.508,0,11.4,2.1,-0.515,14,279,25.224,55.343,1.785,99.607,,,,,0
2026-10-06T01:00Z,2026-10-06T13:00Z,3553302,12,9.5,6.1,5.3,2.9,2.3,h,6.1,2.3,6.1,2.3,0,0,32.224,1.797,0,11.4,2.1,-0.515,20,279,20.108,79.93,0.703,68.819,,,,,0
2026-10-06T01:00Z,2026-10-07T01:00Z,3553302,24,8.4,5.9,8.6,5.6,3.2,h,5.9,3.2,5.9,3.2,0,0,149.27,1.623,0,11.4,2.1,-0.515,8,280,20.373,77.805,0.795,46.34,,,,,0
2026-10-06T01:00Z,2026-10-08T01:00Z,3553302,48,8.8,7.1,8.8,6.8,4.5,h,7.1,4.5,7.1,4.5,0,0,120.161,0.309,0,11.4,2.1,-0.515,8,281,20.337,75.203,0.044,84.162,,,,,0
2026-10-06T01:00Z,2026-10-06T02:00Z,3553304,1,2.3,8.2,1.7,6.8,4.5,h,8.2,4.5,8.2,4.5,0,0,228.172,1.226,0.15,24.6,4.5,1.066,9,279,21.428,95.141,0.893,14.014,,,,,0
2026-10-06T01:00Z,2026-10-06T04:00Z,3553304,3,3.4,10.7,1.8,7.1,4.5,h,10.7,4.5,10.7,4.5,0,0,490.109,1.129,0.194,24.6,4.5,1.066,11,279,23.267,87.446,0.82,341.824,,,,,0
2026-10-06T01:00Z,2026-10-06T07:00Z,3553304,6,4.4,12.6,2.1,7.7,4.7,h,12.6,4.7,12.6,4.7,0,0,385.073,1.948,1.142,24.6,4.5,1.066,14,279,23.931,86.939,1.45,62.668,,,,,0
2026-10-06T01:00Z,2026-10-06T13:00Z,3553304,12,6.7,16.4,3,9.3,5.4,h,16.4,5.4,16.5,5.4,0,0,34.792,1.875,0,24.6,4.5,1.066,20,279,22.263,88.824,0.597,32.139,,,,,0
2026-10-06T01:00Z,2026-10-07T01:00Z,3553304,24,7.9,15.8,6.3,15,7.9,h,15.8,7.9,15.9,7.9,0,0,301.518,1.503,0,24.6,4.5,1.066,8,280,22.434,83.632,1.039,24.36,,,,,0
2026-10-06T01:00Z,2026-10-08T01:00Z,3553304,48,8.4,12.8,7.5,12.7,8.6,h,12.8,8.6,12.8,8.6,0,0,219.584,1.127,0,24.6,4.5,1.066,8,281,22.717,80.878,0.638,37.818,,,,,0
2026-10-06T01:00Z,2026-10-06T02:00Z,3553305,1,2.9,7.5,1.5,4.7,6.3,h,7.5,6.3,7.5,6.3,0,0,556.01,1.872,0,28.7,6.3,0.808,9,279,21.869,75.944,1.22,23.316,,,,,0
2026-10-06T01:00Z,2026-10-06T04:00Z,3553305,3,3.4,8.3,1.8,5.1,6.3,h,8.3,6.3,8.3,6.3,0,0,952.948,1.533,0.009,28.7,6.3,0.808,11,279,24.545,59.135,1.195,335.976,,,,,0
2026-10-06T01:00Z,2026-10-06T07:00Z,3553305,6,3.6,8.2,2,5.6,6.5,h,8.2,6.5,8.2,6.5,0,0,791.242,0.574,0.435,28.7,6.3,0.808,14,279,24.446,70.719,0.368,343.471,,,,,0
2026-10-06T01:00Z,2026-10-06T13:00Z,3553305,12,3,6.4,2.4,6.2,6.2,h,6.4,6.2,6.4,6.2,0,0,37.346,1.38,0,28.7,6.3,0.808,20,279,19.368,92.578,1.009,50.938,,,,,0
2026-10-06T01:00Z,2026-10-07T01:00Z,3553305,24,5,8.7,3.7,7.7,6.7,h,8.7,6.7,8.7,6.7,0,0,231.915,1.825,0,28.7,6.3,0.808,8,280,19.962,67.493,1.04,46.199,,,,,0
2026-10-06T01:00Z,2026-10-08T01:00Z,3553305,48,5.9,8.2,5.4,8.2,7.3,h,8.2,7.3,8.2,7.3,0,0,227.216,1.608,0,28.7,6.3,0.808,8,281,20.564,69.865,0.98,27.951,,,,,0
2026-10-06T01:00Z,2026-10-06T02:00Z,3560430,1,5.3,7.3,5,7,17.2,h,7.3,17.2,7.3,17.2,0,0,379.809,0.448,0.088,8.9,17.2,0.288,9,279,24.548,81.466,0.326,265.852,,,,,0
2026-10-06T01:00Z,2026-10-06T04:00Z,3560430,3,6,8.1,5.2,7.3,17.2,h,8.1,17.2,8.1,17.2,0,0,790.345,2.08,0,8.9,17.2,0.288,11,279,27.175,76.751,1.671,330.843,,,,,0
2026-10-06T01:00Z,2026-10-06T07:00Z,3560430,6,6.5,8.6,5.7,7.8,17.3,h,8.6,17.3,8.6,17.3,0,0,1022.163,1.363,0.088,8.9,17.2,0.288,14,279,28.837,72.174,1.044,346.757,,,,,0
2026-10-06T01:00Z,2026-10-06T13:00Z,3560430,12,8.7,11.1,6.6,8.9,16.4,h,11.1,16.4,11.1,16.4,0,0,55.167,1.132,0.034,8.9,17.2,0.288,20,279,24.516,96.281,0.606,321.405,,,,,0
2026-10-06T01:00Z,2026-10-07T01:00Z,3560430,24,11.4,13.7,8.7,11.1,15.2,h,13.7,15.2,13.8,15.2,0,0,251.083,0.99,0,8.9,17.2,0.288,8,280,23.681,75.703,0.66,181.402,,,,,0
2026-10-06T01:00Z,2026-10-08T01:00Z,3560430,48,11.8,13.2,11,12.7,14.9,h,13.2,14.9,13.2,14.9,0,0,259.911,1.572,0,8.9,17.2,0.288,8,281,24.514,67.227,1.09,153.011,,,,,0
2026-10-06T01:00Z,2026-10-06T02:00Z,3560431,1,3.9,6.7,3,5.4,5.6,h,6.7,5.6,6.7,5.6,0,0,553.964,2.435,0.078,10.1,5.6,0.476,9,279,23.356,89.299,1.786,125.188,,,,,0
2026-10-06T01:00Z,2026-10-06T04:00Z,3560431,3,4.3,7.2,3.3,5.8,5.6,h,7.2,5.6,7.2,5.6,0,0,736.803,2.101,0.061,10.1,5.6,0.476,11,279,25.773,74.236,1.639,116.622,,,,,0
2026-10-06T01:00Z,2026-10-06T07:00Z,3560431,6,4.8,7.7,3.6,6.3,5.7,h,7.7,5.7,7.7,5.7,0,0,988.994,2.545,0.04,10.1,5.6,0.476,14,279,27.663,68.683,1.994,104.521,,,,,0
2026-10-06T01:00Z,2026-10-06T13:00Z,3560431,12,7.7,11.5,4.3,7.2,5.9,h,11.5,5.9,11.5,5.9,0,0,83.133,1.974,0.059,10.1,5.6,0.476,20,279,23.337,90.86,0.595,47.231,,,,,0
2026-10-06T01:00Z,2026-10-07T01:00Z,3560431,24,8.8,12,7,10.3,7.1,h,12,7.1,12.1,7.1,0,0,490.73,0.838,0,10.1,5.6,0.476,8,280,23.848,86.541,0.614,109.221,,,,,0
2026-10-06T01:00Z,2026-10-08T01:00Z,3560431,48,12.8,15.4,11.7,14.7,10.1,h,15.4,10.1,15.4,10.1,0,0,181.79,0.398,0,10.1,5.6,0.476,8,281,23.566,86.08,0.303,117.829,,,,,0
2026-10-06T01:00Z,2026-10-06T02:00Z,3560513,1,4.8,3.9,1.8,1.4,2,h,3.9,2,3.9,2,0,0,632.389,2.007,0,12.1,2,-0.165,9,279,20.76,73.988,1.244,47.335,,,,,0
2026-10-06T01:00Z,2026-10-06T04:00Z,3560513,3,4.7,3.9,2.1,1.7,2,h,3.9,2,3.9,2,0,0,976.843,1.137,0.024,12.1,2,-0.165,11,279,23.328,60.715,0.733,32.626,,,,,0
2026-10-06T01:00Z,2026-10-06T07:00Z,3560513,6,4.1,3.4,2.5,2,2.1,h,3.4,2.1,3.4,2.1,0,0,964.633,1.318,0.281,12.1,2,-0.165,14,279,23.798,65.066,0.793,52.695,,,,,0
2026-10-06T01:00Z,2026-10-06T13:00Z,3560513,12,4.8,4.1,3.4,2.8,2.1,h,4.1,2.1,4.1,2.1,0,0,85.582,2.275,0,12.1,2,-0.165,20,279,18.552,87.522,1.148,64.507,,,,,0
2026-10-06T01:00Z,2026-10-07T01:00Z,3560513,24,6.1,5.4,5,4.3,2.7,h,5.4,2.7,5.4,2.7,0,0,279.954,1.415,0,12.1,2,-0.165,8,280,19.256,67.52,0.793,47.114,,,,,0
2026-10-06T01:00Z,2026-10-08T01:00Z,3560513,48,9.3,8.7,6,5.5,3.7,h,8.7,3.7,8.7,3.7,0,0,259.553,0.901,0,12.1,2,-0.165,8,281,19.71,71.05,0.528,37.696,,,,,0
2026-10-06T01:00Z,2026-10-06T02:00Z,3560514,1,4.1,20,2.9,16,20.7,h,20,20.7,20,20.7,0,0,546.386,1.786,0,83.1,20.7,1.477,9,279,20.851,73.605,1.224,20.204,,,,,0
2026-10-06T01:00Z,2026-10-06T04:00Z,3560514,3,4.6,20.8,3.2,17.2,20.8,h,20.8,20.8,20.8,20.8,0,0,914.316,0.788,0.051,83.1,20.7,1.477,11,279,23.569,61.55,0.484,359.264,,,,,0
2026-10-06T01:00Z,2026-10-06T07:00Z,3560514,6,4.7,19.4,3.6,18.4,20.9,h,19.4,20.9,19.4,20.9,0,0,1054.574,0.385,0.271,83.1,20.7,1.477,14,279,24.257,63.627,0.185,347.156,,,,,0
2026-10-06T01:00Z,2026-10-06T13:00Z,3560514,12,7.6,25.5,4.5,20.3,20.9,h,25.5,20.9,25.6,20.9,0,0,79.066,1.941,0,83.1,20.7,1.477,20,279,18.542,87.093,0.884,55.383,,,,,0
2026-10-06T01:00Z,2026-10-07T01:00Z,3560514,24,7.2,18.7,6.2,21.2,20.8,h,18.7,20.8,18.8,20.9,0,0,293.794,1.373,0,83.1,20.7,1.477,8,280,19.338,66.831,0.817,38.974,,,,,0
2026-10-06T01:00Z,2026-10-08T01:00Z,3560514,48,11.6,20.5,7.7,16,18.4,h,20.5,18.4,20.5,18.4,0,0,284.079,0.994,0,83.1,20.7,1.477,8,281,19.664,69.669,0.655,24.375,,,,,0
2026-10-06T01:00Z,2026-10-06T02:00Z,3561013,1,5.3,2.8,3.8,1.9,1,h,2.8,1,2.8,1,0,0,527.931,2.02,0,3.3,1,-0.528,9,279,23.292,69.937,1.459,28.358,,,,,0
2026-10-06T01:00Z,2026-10-06T04:00Z,3561013,3,5.5,3,4.2,2.1,1,h,3,1,3,1,0,0,861.657,1.336,0.028,3.3,1,-0.528,11,279,25.664,61.696,0.965,23.982,,,,,0
2026-10-06T01:00Z,2026-10-06T07:00Z,3561013,6,6,3.4,4.6,2.4,1.1,h,3.4,1.1,3.4,1.1,0,0,1068.845,0.335,0.146,3.3,1,-0.528,14,279,26.799,61.181,0.129,62.574,,,,,0
2026-10-06T01:00Z,2026-10-06T13:00Z,3561013,12,7.9,4.9,5.6,3.1,1.4,h,4.9,1.4,4.9,1.4,0,0,108.328,2.769,0,3.3,1,-0.528,20,279,21.42,80.938,1.122,60.401,,,,,0
2026-10-06T01:00Z,2026-10-07T01:00Z,3561013,24,10.5,7.4,8.1,5.2,2.3,h,7.4,2.3,7.4,2.3,0,0,291.295,1.418,0,3.3,1,-0.528,8,280,21.507,67.113,0.953,58.017,,,,,0
2026-10-06T01:00Z,2026-10-08T01:00Z,3561013,48,11.8,9.6,10,7.7,4.3,h,9.6,4.3,9.6,4.3,0,0,263.253,0.867,0,3.3,1,-0.528,8,281,21.792,71.087,0.579,29.814,,,,,0
2026-10-06T01:00Z,2026-10-06T02:00Z,3562555,1,4.6,2.1,2.8,1,1.5,h,2.1,1.5,2.1,1.5,0,0,501.92,3.806,0.139,1.2,1.5,-0.621,9,279,21.258,89.34,2.634,30.509,,,,,0
2026-10-06T01:00Z,2026-10-06T04:00Z,3562555,3,5.8,2.8,3,1.2,1.5,h,2.8,1.5,2.8,1.5,0,0,626.937,3.468,0.047,1.2,1.5,-0.621,11,279,23.047,76.675,2.481,35.104,,,,,0
2026-10-06T01:00Z,2026-10-06T07:00Z,3562555,6,5.7,2.9,3.4,1.4,1.5,h,2.9,1.5,2.9,1.5,0,0,921.812,2.682,0.059,1.2,1.5,-0.621,14,279,24.827,66.87,1.927,34.675,,,,,0
2026-10-06T01:00Z,2026-10-06T13:00Z,3562555,12,8.5,4.9,4.5,2.1,1.7,h,4.9,1.7,4.9,1.7,0,0,44.528,2.707,0,1.2,1.5,-0.621,20,279,20.779,89.239,0.877,38.202,,,,,0
2026-10-06T01:00Z,2026-10-07T01:00Z,3562555,24,7.2,4.7,7.5,4.3,2.4,h,4.7,2.4,4.7,2.4,0,0,366.95,2.617,0,1.2,1.5,-0.621,8,280,21.626,74.427,1.75,31.195,,,,,0
2026-10-06T01:00Z,2026-10-08T01:00Z,3562555,48,9.8,7.6,7.9,5.7,3.6,h,7.6,3.6,7.6,3.6,0,0,186.719,1.358,0,1.2,1.5,-0.621,8,281,22.246,73.03,0.79,23.332,,,,,0
2026-10-06T01:00Z,2026-10-06T02:00Z,3562556,1,7.1,8.8,5.1,6.4,10,h,8.8,10,8.8,10,0,0,879.453,3.227,0,29.6,10,0.2,9,279,20.579,65.588,2.191,70.906,,,,,0
2026-10-06T01:00Z,2026-10-06T04:00Z,3562556,3,6,7.4,5.4,6.8,10,h,7.4,10,7.4,10,0,0,1135.695,2.983,0,29.6,10,0.2,11,279,22.394,59.35,2.092,66.462,,,,,0
2026-10-06T01:00Z,2026-10-06T07:00Z,3562556,6,5.8,7.1,5.8,7.3,10.1,h,7.1,10.1,7.1,10.1,0,0,1269.513,3.02,0,29.6,10,0.2,14,279,23.723,54.82,2.169,61.944,,,,,0
2026-10-06T01:00Z,2026-10-06T13:00Z,3562556,12,8.2,9.7,6.7,8.3,9.5,h,9.7,9.5,9.7,9.5,0,0,52.625,2.631,0,29.6,10,0.2,20,279,18.066,76.199,1.202,89.09,,,,,0
2026-10-06T01:00Z,2026-10-07T01:00Z,3562556,24,5.9,6.8,7.9,9.4,9.8,h,6.8,9.8,6.8,9.8,0,0,422.307,1.25,0,29.6,10,0.2,8,280,19.708,61.923,0.708,66.992,,,,,0
2026-10-06T01:00Z,2026-10-08T01:00Z,3562556,48,14.4,15.6,10.6,11.7,10.9,h,15.6,10.9,15.6,10.9,0,0,310.427,0.795,0,29.6,10,0.2,8,281,20.063,69.144,0.374,72.826,,,,,0
2026-10-06T01:00Z,2026-10-06T02:00Z,3562557,1,4.8,2.6,,,,h,2.6,,2.6,,0,0,619.232,1.824,0,,,-0.701,9,279,21.522,74.693,1.108,43.054,,,,,0
2026-10-06T01:00Z,2026-10-06T04:00Z,3562557,3,4.7,2.6,,,,h,2.6,,2.6,,0,0,982.398,1.203,0.009,,,-0.701,11,279,24.13,59.704,0.84,13.375,,,,,0
2026-10-06T01:00Z,2026-10-06T07:00Z,3562557,6,4.1,2.3,,,,h,2.3,,2.3,,0,0,864.404,1.172,0.332,,,-0.701,14,279,24.309,67.445,0.689,50.866,,,,,0
2026-10-06T01:00Z,2026-10-06T13:00Z,3562557,12,4.8,3,,,,h,3,,3,,0,0,84.593,2.172,0,,,-0.701,20,279,19.419,88.366,1.155,63.607,,,,,0
2026-10-06T01:00Z,2026-10-07T01:00Z,3562557,24,6.1,4.3,,,,h,4.3,,4.3,,0,0,246.439,1.479,0,,,-0.701,8,280,19.829,68.391,0.814,48.342,,,,,0
2026-10-06T01:00Z,2026-10-08T01:00Z,3562557,48,9.3,7.6,,,,h,7.6,,7.6,,0,0,227.738,0.939,0,,,-0.701,8,281,20.366,71.448,0.533,33.782,,,,,0
2026-10-06T01:00Z,2026-10-06T02:00Z,3567155,1,5.1,2.8,2.9,1.4,9.6,h,2.8,9.6,2.8,9.6,0,0,526.481,3.866,0,6.6,9.6,-0.489,9,279,25.266,68.749,2.843,46.384,,,,,0
2026-10-06T01:00Z,2026-10-06T04:00Z,3567155,3,5.2,3,3.3,1.6,9.6,h,3,9.6,3,9.6,0,0,911.741,1.977,0.001,6.6,9.6,-0.489,11,279,27.472,64.293,1.557,29.301,,,,,0
2026-10-06T01:00Z,2026-10-06T07:00Z,3567155,6,5.6,3.3,3.7,2,9.6,h,3.3,9.6,3.3,9.6,0,0,1127.377,1.902,0.09,6.6,9.6,-0.489,14,279,28.867,61.431,1.499,30.503,,,,,0
2026-10-06T01:00Z,2026-10-06T13:00Z,3567155,12,8.7,5.7,4.8,2.7,8.8,h,5.7,8.8,5.7,8.8,0,0,60.426,2.492,0,6.6,9.6,-0.489,20,279,24.227,91.681,1.026,37.949,,,,,0
2026-10-06T01:00Z,2026-10-07T01:00Z,3567155,24,10.7,7.8,7.6,5,8.1,h,7.8,8.1,7.8,8.1,0,0,240.698,2.429,0,6.6,9.6,-0.489,8,280,23.344,64.951,1.674,65.327,,,,,0
2026-10-06T01:00Z,2026-10-08T01:00Z,3567155,48,13.6,11.2,10.5,8.2,8.9,h,11.2,8.9,11.2,8.9,0,0,265.625,2.611,0,6.6,9.6,-0.489,8,281,23.559,70.164,1.646,58.727,,,,,0
2026-10-06T01:00Z,2026-10-06T02:00Z,3567156,1,6.5,1.6,5.1,1,6.8,h,1.6,6.8,1.6,6.8,0,0,676.743,2.797,0,2.4,6.8,-1.114,9,279,19.755,77.752,1.982,85.324,,,,,0
2026-10-06T01:00Z,2026-10-06T04:00Z,3567156,3,7.1,1.9,5.5,1.2,6.8,h,1.9,6.8,1.9,6.8,0,0,1024.757,3.485,0,2.4,6.8,-1.114,11,279,22.142,64.821,2.493,80.135,,,,,0
2026-10-06T01:00Z,2026-10-06T07:00Z,3567156,6,7,2.1,5.9,1.3,6.8,h,2.1,6.8,2.1,6.8,0,0,950.783,3.691,0,2.4,6.8,-1.114,14,279,23.191,61.548,2.666,63.054,,,,,0
2026-10-06T01:00Z,2026-10-06T13:00Z,3567156,12,10.2,3.8,6.8,1.8,6.9,h,3.8,6.9,3.8,6.9,0,0,94.387,4.328,0,2.4,6.8,-1.114,20,279,18.643,79.683,1.92,93.932,,,,,0
2026-10-06T01:00Z,2026-10-07T01:00Z,3567156,24,12,5.7,10.4,4.1,5.9,h,5.7,5.9,5.7,5.9,0,0,464.61,1.777,0,2.4,6.8,-1.114,8,280,20.325,64.419,1.144,82.662,,,,,0
2026-10-06T01:00Z,2026-10-08T01:00Z,3567156,48,12.5,8,10.9,6.3,6.5,h,8,6.5,8,6.5,0,0,382.815,1.654,0,2.4,6.8,-1.114,8,281,21.169,60.738,1.006,87.954,,,,,0
2026-10-06T01:00Z,2026-10-06T02:00Z,3567157,1,4.8,2.8,2.8,1.4,1.5,h,2.8,1.5,2.8,1.5,0,0,530.767,3.367,0.404,4.9,1.5,-0.44,9,279,19.865,92.888,2.215,48.419,,,,,0
2026-10-06T01:00Z,2026-10-06T04:00Z,3567157,3,6.1,3.7,3.1,1.6,1.5,h,3.7,1.5,3.7,1.5,0,0,825.358,3.826,0,4.9,1.5,-0.44,11,279,22.324,75.974,2.761,70.501,,,,,0
2026-10-06T01:00Z,2026-10-06T07:00Z,3567157,6,6.2,3.9,3.6,2,1.6,h,3.9,1.6,3.9,1.6,0,0,1324.138,3.89,0,4.9,1.5,-0.44,14,279,25.029,59.747,2.818,79.817,,,,,0
2026-10-06T01:00Z,2026-10-06T13:00Z,3567157,12,7.9,5.4,4.8,2.9,1.8,h,5.4,1.8,5.4,1.8,0,0,40.508,2.754,0,4.9,1.5,-0.44,20,279,20.388,81.139,1.015,56.775,,,,,0
2026-10-06T01:00Z,2026-10-07T01:00Z,3567157,24,7.6,5.6,7.2,4.9,2.6,h,5.6,2.6,5.6,2.6,0,0,208.723,1.971,0,4.9,1.5,-0.44,8,280,20.398,80.708,0.95,33.873,,,,,0
2026-10-06T01:00Z,2026-10-08T01:00Z,3567157,48,9.4,7.9,7,5.6,3.5,h,7.9,3.5,7.9,3.5,0,0,151.997,0.802,0,4.9,1.5,-0.44,8,281,20.225,79.298,0.282,29.524,,,,,0
2026-10-06T01:00Z,2026-10-06T02:00Z,3567159,1,2.7,15.2,3.3,19.1,18.9,h,15.2,18.9,15.2,18.9,0,0,493.803,1.404,0.018,21.5,18.9,1.539,9,279,25.215,82.831,1.084,277.966,,,,,0
2026-10-06T01:00Z,2026-10-06T04:00Z,3567159,3,3,15.5,3.4,19.2,19,h,15.5,19,15.5,19,0,0,893.271,1.758,0,21.5,18.9,1.539,11,279,27.778,75.212,1.349,314.553,,,,,0
2026-10-06T01:00Z,2026-10-06T07:00Z,3567159,6,3.7,16.8,3.5,19.1,19.3,h,16.8,19.3,16.8,19.3,0,0,1141.707,0.494,0.058,21.5,18.9,1.539,14,279,29.372,69.006,0.364,349.693,,,,,0
2026-10-06T01:00Z,2026-10-06T13:00Z,3567159,12,6.2,22.3,3.8,18.9,18.9,h,22.3,18.9,22.4,18.9,0,0,63.697,1.734,0.07,21.5,18.9,1.539,20,279,24.092,98.036,1.101,269.497,,,,,0
2026-10-06T01:00Z,2026-10-07T01:00Z,3567159,24,6.3,17.2,5.2,18.5,18.8,h,17.2,18.8,17.3,18.8,0,0,188.604,1.083,0,21.5,18.9,1.539,8,280,23.603,79.522,0.737,208.904,,,,,0
2026-10-06T01:00Z,2026-10-08T01:00Z,3567159,48,8.2,15,7.9,17,18,h,15,18,15,18,0,0,195.879,1.771,0,21.5,18.9,1.539,8,281,24.161,74.346,1.252,188.94,,,,,0
2026-10-06T01:00Z,2026-10-06T02:00Z,3567160,1,5.1,4.3,3.7,3.1,6,h,4.3,6,4.3,6,0,0,794.591,6.433,0.023,8.2,6,-0.141,9,279,25.676,74.556,4.653,47.497,,,,,0
2026-10-06T01:00Z,2026-10-06T04:00Z,3567160,3,6.8,5.8,3.9,3.3,6,h,5.8,6,5.8,6,0,0,974.091,7.11,0.019,8.2,6,-0.141,11,279,26.981,70.428,5.193,47.173,,,,,0
2026-10-06T01:00Z,2026-10-06T07:00Z,3567160,6,5.6,4.8,4.1,3.5,5.9,h,4.8,5.9,4.8,5.9,0,0,977.36,7.32,0.037,8.2,6,-0.141,14,279,27.228,69.879,5.335,44.513,,,,,0
2026-10-06T01:00Z,2026-10-06T13:00Z,3567160,12,8,7.1,4.7,4,5.6,h,7.1,5.6,7.1,5.6,0,0,558.135,7.413,0,8.2,6,-0.141,20,279,22.959,76.79,4.28,48.779,,,,,0
2026-10-06T01:00Z,2026-10-07T01:00Z,3567160,24,18.3,16.7,11,9.8,7.2,h,16.7,7.2,16.8,7.2,0,0,606.45,4.847,0,8.2,6,-0.141,8,280,24.269,74.178,3.388,37.976,,,,,0
2026-10-06T01:00Z,2026-10-08T01:00Z,3567160,48,12.6,11.9,16,14.9,10.5,h,11.9,10.5,11.9,10.5,0,0.001,532.165,4.88,0.195,8.2,6,-0.141,8,281,24.75,78.039,3.385,33.71,,,,,0
2026-10-06T01:00Z,2026-10-06T02:00Z,3567161,1,2,2.8,5.4,7.1,6.1,h,2.8,6.1,2.8,6.1,0,0.001,785.761,3.812,0.012,16,6.1,0.235,9,279,25.514,75.78,2.548,30.994,,,,,0
2026-10-06T01:00Z,2026-10-06T04:00Z,3567161,3,2.2,3,5,6.6,6,h,3,6,3,6,0,0.001,1060.429,4.445,0.047,16,6.1,0.235,11,279,27.402,69.422,3.03,26.038,,,,,0
2026-10-06T01:00Z,2026-10-06T07:00Z,3567161,6,3,3.9,4.6,6.1,5.9,h,3.9,5.9,3.9,5.9,0,0,691.3,5.008,0.492,16,6.1,0.235,14,279,25.458,80.982,3.332,19.571,,,,,0
2026-10-06T01:00Z,2026-10-06T13:00Z,3567161,12,2.8,3.5,4.2,5.5,5.6,h,3.5,5.6,3.5,5.6,0,0,354.752,4.2,0.017,16,6.1,0.235,20,279,22.079,89.17,2.238,25.594,,,,,0
2026-10-06T01:00Z,2026-10-07T01:00Z,3567161,24,3.1,3.7,2.7,3.4,5.3,h,3.7,5.3,3.7,5.3,0,0.001,607.974,3.347,0.389,16,6.1,0.235,8,280,23.258,85.561,2.078,24.612,,,,,0
2026-10-06T01:00Z,2026-10-08T01:00Z,3567161,48,3.7,4.1,7.5,8.5,7.3,h,4.1,7.3,4.1,7.3,0,0.002,427.632,3.583,1.258,16,6.1,0.235,8,281,22.35,96.156,1.995,15.952,,,,,0
2026-10-06T01:00Z,2026-10-06T02:00Z,3572812,1,5.3,4.2,3.4,2.6,6.8,h,4.2,6.8,4.2,6.8,0,0,725.296,2.807,0,20.1,6.8,-0.208,9,279,19.86,79.023,1.871,92.52,,,,,0
2026-10-06T01:00Z,2026-10-06T04:00Z,3572812,3,6.3,5,3.7,2.9,6.7,h,5,6.7,5,6.7,0,0,1181.971,3.295,0,20.1,6.8,-0.208,11,279,22.549,62.664,2.365,89.793,,,,,0
2026-10-06T01:00Z,2026-10-06T07:00Z,3572812,6,6.8,5.5,4.2,3.3,6.7,h,5.5,6.7,5.5,6.7,0,0,1271.852,2.946,0,20.1,6.8,-0.208,14,279,23.641,58.572,2.11,100.079,,,,,0
2026-10-06T01:00Z,2026-10-06T13:00Z,3572812,12,8.1,6.8,5.2,4.1,6.3,h,6.8,6.3,6.8,6.3,0,0,20.83,0.845,0,20.1,6.8,-0.208,20,279,18.744,83.871,0.205,159.483,,,,,0
2026-10-06T01:00Z,2026-10-07T01:00Z,3572812,24,8.5,7.4,8.3,7,6.8,h,7.4,6.8,7.4,6.9,0,0,225.959,0.522,0,20.1,6.8,-0.208,8,280,19.629,75.676,0.283,39.304,,,,,0
2026-10-06T01:00Z,2026-10-08T01:00Z,3572812,48,9.1,8.4,8.3,7.5,7.2,h,8.4,7.2,8.4,7.2,0,0,168.012,0.709,0,20.1,6.8,-0.208,8,281,20.081,71.309,0.305,83.09,,,,,0
2026-10-06T01:00Z,2026-10-06T02:00Z,3572813,1,5.5,6.9,3.4,4.5,4.7,h,6.9,4.7,6.9,4.7,0,0,590.201,2.959,0.003,33.1,4.7,0.208,9,279,17.142,86.687,2.026,71.895,,,,,0
2026-10-06T01:00Z,2026-10-06T04:00Z,3572813,3,6.6,8.2,3.8,4.9,4.7,h,8.2,4.7,8.2,4.7,0,0,730.623,3.22,0,33.1,4.7,0.208,11,279,18.67,75.417,2.325,76.96,,,,,0
2026-10-06T01:00Z,2026-10-06T07:00Z,3572813,6,6.3,7.7,4.4,5.6,4.8,h,7.7,4.8,7.7,4.8,0,0,1317.306,3.544,0,33.1,4.7,0.208,14,279,22.45,56.912,2.573,74.947,,,,,0
2026-10-06T01:00Z,2026-10-06T13:00Z,3572813,12,8.1,9.7,5.3,6.6,5,h,9.7,5,9.7,5,0,0,28.924,2.456,0,33.1,4.7,0.208,20,279,17.635,80.436,0.691,62.725,,,,,0
2026-10-06T01:00Z,2026-10-07T01:00Z,3572813,24,8.1,9.3,7.8,9.3,6.2,h,9.3,6.2,9.4,6.2,0,0,223.676,1.766,0,33.1,4.7,0.208,8,280,17.661,75.554,0.975,73.453,,,,,0
2026-10-06T01:00Z,2026-10-08T01:00Z,3572813,48,9.4,10.2,7.8,8.7,6.7,h,10.2,6.7,10.2,6.7,0,0,125.766,1.487,0,33.1,4.7,0.208,8,281,17.964,75.766,0.838,79.636,,,,,0
2026-10-06T01:00Z,2026-10-06T02:00Z,3572814,1,1.9,1.2,2.7,1.8,6.8,h,1.2,6.8,1.2,6.8,0,0.005,659.198,1.755,0.051,1.7,6.8,-0.292,9,279,22.903,75.662,1.156,31.912,,,,,0
2026-10-06T01:00Z,2026-10-06T04:00Z,3572814,3,1.9,1.2,2.6,1.7,6.7,h,1.2,6.7,1.2,6.7,0,0.005,999.218,1.336,0.182,1.7,6.8,-0.292,11,279,24.867,70.272,0.82,15.118,,,,,0
2026-10-06T01:00Z,2026-10-06T07:00Z,3572814,6,1.7,1.1,2.4,1.6,6.6,h,1.1,6.6,1.1,6.6,0,0.003,541.347,2.877,0.758,1.7,6.8,-0.292,14,279,22.683,84,1.887,4.296,,,,,0
2026-10-06T01:00Z,2026-10-06T13:00Z,3572814,12,2.6,1.9,2.2,1.4,5.7,h,1.9,5.7,1.9,5.7,0,0.002,187.782,3.608,0.147,1.7,6.8,-0.292,20,279,19.361,93.562,1.801,23.89,,,,,0
2026-10-06T01:00Z,2026-10-07T01:00Z,3572814,24,0.3,0.1,1.4,0.9,4.9,h,0.1,4.9,0.1,4.9,0,0.003,544.147,2.793,0.486,1.7,6.8,-0.292,8,280,20.519,90.053,1.649,18.589,,,,,0
2026-10-06T01:00Z,2026-10-08T01:00Z,3572814,48,0.4,0.3,1.1,0.8,3.8,h,0.3,3.8,0.3,3.8,0,0.001,307.566,2.923,0.443,1.7,6.8,-0.292,8,281,19.891,97.01,1.547,13.661,,,,,0
2026-10-06T01:00Z,2026-10-06T02:00Z,3585655,1,2.2,2.1,2.6,2.5,2,h,2.1,2,2.1,2,0,0,613.369,2.983,0,3,2,-0.035,9,279,23.107,84.691,2.142,97.553,,,,,0
2026-10-06T01:00Z,2026-10-06T04:00Z,3585655,3,3,2.9,2.7,2.6,2,h,2.9,2,2.9,2,0,0,814.73,2.787,0.059,3,2,-0.035,11,279,25.103,74.904,2.043,115.056,,,,,0
2026-10-06T01:00Z,2026-10-06T07:00Z,3585655,6,4,3.9,2.7,2.6,2,h,3.9,2,3.9,2,0,0,817.377,2.376,0.118,3,2,-0.035,14,279,26.278,72.622,1.698,96.939,,,,,0
2026-10-06T01:00Z,2026-10-06T13:00Z,3585655,12,4,3.9,2.8,2.7,2.1,h,3.9,2.1,3.9,2.1,0,0,29.432,1.473,0,3,2,-0.035,20,279,22.235,96.286,0.109,83.969,,,,,0
2026-10-06T01:00Z,2026-10-07T01:00Z,3585655,24,5.1,5,4,3.9,2.6,h,5,2.6,5,2.6,0,0,307.694,1.323,0,3,2,-0.035,8,280,23.251,86.328,0.862,95.209,,,,,0
2026-10-06T01:00Z,2026-10-08T01:00Z,3585655,48,9.9,9.8,8.5,8.3,5.2,h,9.8,5.2,9.8,5.2,0,0,253.783,1.016,0,3,2,-0.035,8,281,23.812,84.387,0.63,69.492,,,,,0
2026-10-06T01:00Z,2026-10-06T02:00Z,3585656,1,2.7,3.9,2.4,3.6,3.7,h,3.9,3.7,3.9,3.7,0,0,512.062,3.891,0.138,5.4,3.7,0.29,9,279,21.213,90.844,2.66,62.377,,,,,0
2026-10-06T01:00Z,2026-10-06T04:00Z,3585656,3,4.1,5.7,2.5,3.7,3.7,h,5.7,3.7,5.7,3.7,0,0,726.202,3.903,0.081,5.4,3.7,0.29,11,279,23.337,77.149,2.788,74.438,,,,,0
2026-10-06T01:00Z,2026-10-06T07:00Z,3585656,6,5.8,7.7,2.8,4,3.8,h,7.7,3.8,7.7,3.8,0,0,781.072,3.841,0.789,5.4,3.7,0.29,14,279,24.451,74.59,2.746,73.622,,,,,0
2026-10-06T01:00Z,2026-10-06T13:00Z,3585656,12,7.8,10,3.6,5,4,h,10,4,10,4,0,0,62.68,3.017,0,5.4,3.7,0.29,20,279,21.33,86.316,0.927,72.448,,,,,0
2026-10-06T01:00Z,2026-10-07T01:00Z,3585656,24,7.5,9.1,7.3,9.3,5.5,h,9.1,5.5,9.1,5.5,0,0,293.656,2.389,0,5.4,3.7,0.29,8,280,21.437,83.072,1.316,65.336,,,,,0
2026-10-06T01:00Z,2026-10-08T01:00Z,3585656,48,6.8,7.7,6.6,7.6,5.7,h,7.7,5.7,7.7,5.7,0,0,168.494,1.501,0,5.4,3.7,0.29,8,281,21.729,76.804,0.782,66.415,,,,,0
2026-10-06T01:00Z,2026-10-06T02:00Z,3585657,1,3.3,10.5,3.1,10.4,9.5,h,10.5,9.5,10.5,9.5,0,0,495.904,2.384,0,8,9.5,1.027,9,279,24.172,76.279,1.718,48.928,,,,,0
2026-10-06T01:00Z,2026-10-06T04:00Z,3585657,3,3.8,11.3,3.3,10.8,9.5,h,11.3,9.5,11.3,9.5,0,0,895.288,1.521,0.023,8,9.5,1.027,11,279,26.621,67.61,1.176,16.5,,,,,0
2026-10-06T01:00Z,2026-10-06T07:00Z,3585657,6,4.2,11.6,3.5,11.3,9.7,h,11.6,9.7,11.6,9.7,0,0,1030.167,1.516,0.17,8,9.5,1.027,14,279,27.861,65.518,1.158,22.419,,,,,0
2026-10-06T01:00Z,2026-10-06T13:00Z,3585657,12,4.1,10.2,3.8,11.4,9.7,h,10.2,9.7,10.2,9.7,0,0,40.8,1.388,0,8,9.5,1.027,20,279,23.113,95.374,0.576,32.443,,,,,0
2026-10-06T01:00Z,2026-10-07T01:00Z,3585657,24,6,11.9,5,12,10.3,h,11.9,10.3,12,10.3,0,0,208.385,1.594,0,8,9.5,1.027,8,280,22.557,73.835,1.033,68.577,,,,,0
2026-10-06T01:00Z,2026-10-08T01:00Z,3585657,48,7.2,10.9,5.9,10.1,9.8,h,10.9,9.8,10.9,9.8,0,0,279.875,1.957,0,8,9.5,1.027,8,281,23.333,70.151,1.212,66.502,,,,,0
2026-10-06T01:00Z,2026-10-06T02:00Z,3587757,1,4.9,5.8,3.1,3.7,3.6,h,5.8,3.6,5.8,3.6,0,0,791.856,2.413,0.034,17.4,3.6,0.147,9,279,20.037,77.548,1.712,86.573,,,,,0
2026-10-06T01:00Z,2026-10-06T04:00Z,3587757,3,6.7,7.8,3.4,4.1,3.6,h,7.8,3.6,7.8,3.6,0,0,1132.513,3.066,0.017,17.4,3.6,0.147,11,279,22.717,62.461,2.203,94.39,,,,,0
2026-10-06T01:00Z,2026-10-06T07:00Z,3587757,6,6.9,8,4.1,4.8,3.7,h,8,3.7,8,3.7,0,0,1326.699,3.284,0.074,17.4,3.6,0.147,14,279,23.986,56.65,2.343,110.445,,,,,0
2026-10-06T01:00Z,2026-10-06T13:00Z,3587757,12,7.4,8.4,5.1,6,4,h,8.4,4,8.4,4,0,0,28.006,2.272,0,17.4,3.6,0.147,20,279,18.541,80.999,0.787,148.658,,,,,0
2026-10-06T01:00Z,2026-10-07T01:00Z,3587757,24,8.5,9.4,8.3,9.4,5.5,h,9.4,5.5,9.5,5.5,0,0,384.159,0.483,0,17.4,3.6,0.147,8,280,19.678,74.961,0.318,132.323,,,,,0
2026-10-06T01:00Z,2026-10-08T01:00Z,3587757,48,9,9.5,8,8.6,6.1,h,9.5,6.1,9.5,6.1,0,0,345.459,1.235,0,17.4,3.6,0.147,8,281,20.195,70.945,0.665,119.191,,,,,0
2026-10-06T01:00Z,2026-10-06T02:00Z,3591604,1,3.5,1,4.1,1.2,2.6,h,1,2.6,1,2.6,0,0,628.869,3.927,0,1.8,2.6,-0.863,9,279,19.862,88.655,2.338,58.757,,,,,0
2026-10-06T01:00Z,2026-10-06T04:00Z,3591604,3,5.3,1.8,3.8,1,2.6,h,1.8,2.6,1.8,2.6,0,0,834.433,2.542,0,1.8,2.6,-0.863,11,279,22.161,74.027,1.724,69.89,,,,,0
2026-10-06T01:00Z,2026-10-06T07:00Z,3591604,6,5.8,2.2,3.6,1,2.6,h,2.2,2.6,2.2,2.6,0,0,1399.781,3.437,0,1.8,2.6,-0.863,14,279,25.594,54.645,2.434,90.921,,,,,0
2026-10-06T01:00Z,2026-10-06T13:00Z,3591604,12,10.4,4.9,4.4,1.5,2.4,h,4.9,2.4,4.9,2.4,0,0,63.988,2.9,0,1.8,2.6,-0.863,20,279,20.757,78.529,0.951,79.27,,,,,0
2026-10-06T01:00Z,2026-10-07T01:00Z,3591604,24,10.2,5.7,8.7,4.1,3.1,h,5.7,3.1,5.7,3.1,0,0,304.257,2.957,0,1.8,2.6,-0.863,8,280,21.119,74.894,1.497,46.778,,,,,0
2026-10-06T01:00Z,2026-10-08T01:00Z,3591604,48,9.3,6.5,8.7,5.5,4.1,h,6.5,4.1,6.5,4.1,0,0,124.365,1.896,0,1.8,2.6,-0.863,8,281,20.946,74.8,0.787,54.167,,,,,0
2026-10-06T01:00Z,2026-10-06T02:00Z,3591605,1,6.2,5.7,3.8,3.5,2,h,5.7,2,5.7,2,0,0,812.739,4.091,0,8,2,-0.07,9,279,20.48,67.649,2.809,77.991,,,,,0
2026-10-06T01:00Z,2026-10-06T04:00Z,3591605,3,5.1,4.7,4.1,3.8,2,h,4.7,2,4.7,2,0,0,1029.101,3.347,0,8,2,-0.07,11,279,22.124,62.401,2.363,76.549,,,,,0
2026-10-06T01:00Z,2026-10-06T07:00Z,3591605,6,4.9,4.6,4.5,4.2,2.1,h,4.6,2.1,4.6,2.1,0,0,1203.196,3.562,0,8,2,-0.07,14,279,23.755,56.925,2.53,71.752,,,,,0
2026-10-06T01:00Z,2026-10-06T13:00Z,3591605,12,6.8,6.4,5.4,5,2.5,h,6.4,2.5,6.4,2.5,0,0,82.992,3.741,0,8,2,-0.07,20,279,18.117,77.528,1.838,83.691,,,,,0
2026-10-06T01:00Z,2026-10-07T01:00Z,3591605,24,5,4.8,7,6.6,3.5,h,4.8,3.5,4.8,3.5,0,0,393.303,1.639,0,8,2,-0.07,8,280,19.367,63.924,1.013,79.349,,,,,0
2026-10-06T01:00Z,2026-10-08T01:00Z,3591605,48,12.2,11.9,8,7.7,4.9,h,11.9,4.9,11.9,4.9,0,0,310.316,1.111,0,8,2,-0.07,8,281,19.775,70.779,0.645,76.429,,,,,0
2026-10-06T01:00Z,2026-10-06T02:00Z,3591606,1,1.8,2.2,2.2,2.7,2.9,h,2.2,2.9,2.2,2.9,0,0,562.21,2.206,0.062,30.1,2.9,0.153,9,279,23.339,85.305,1.635,90.897,,,,,0
2026-10-06T01:00Z,2026-10-06T04:00Z,3591606,3,2.7,3.3,2.3,2.8,2.9,h,3.3,2.9,3.3,2.9,0,0,654.818,1.851,0.067,30.1,2.9,0.153,11,279,25.149,74.784,1.386,107.66,,,,,0
2026-10-06T01:00Z,2026-10-06T07:00Z,3591606,6,3.2,3.8,2.4,3,2.9,h,3.8,2.9,3.8,2.9,0,0,1067.848,1.711,0.038,30.1,2.9,0.153,14,279,27.527,69.015,1.283,70.496,,,,,0
2026-10-06T01:00Z,2026-10-06T13:00Z,3591606,12,5.5,6.3,2.8,3.4,3.1,h,6.3,3.1,6.3,3.1,0,0,46.723,0.566,0.11,30.1,2.9,0.153,20,279,22.491,97.399,0.447,138.63,,,,,0
2026-10-06T01:00Z,2026-10-07T01:00Z,3591606,24,6.1,6.8,4.6,5.3,3.7,h,6.8,3.7,6.8,3.7,0,0,316.8,0.981,0,30.1,2.9,0.153,8,280,23.05,92.662,0.669,122.386,,,,,0
2026-10-06T01:00Z,2026-10-08T01:00Z,3591606,48,10.4,11,9.6,10.3,6.6,h,11,6.6,11,6.6,0,0,237.894,0.928,0,30.1,2.9,0.153,8,281,24.019,86.534,0.642,73.517,,,,,0
2026-10-06T01:00Z,2026-10-06T02:00Z,3591609,1,2.5,7.1,2.4,7.1,12,h,7.1,12,7.1,12,0,0,458.285,0.917,0,9.8,12,0.876,9,279,22.426,84.689,0.547,36.228,,,,,0
2026-10-06T01:00Z,2026-10-06T04:00Z,3591609,3,3.2,8.4,2.5,7.4,12,h,8.4,12,8.4,12,0,0,906.422,0.965,0.08,9.8,12,0.876,11,279,25.12,68.551,0.684,342.278,,,,,0
2026-10-06T01:00Z,2026-10-06T07:00Z,3591609,6,3.6,8.8,2.7,7.7,12.2,h,8.8,12.2,8.8,12.2,0,0,785.222,0.729,0.428,9.8,12,0.876,14,279,25.903,68.574,0.467,350.281,,,,,0
2026-10-06T01:00Z,2026-10-06T13:00Z,3591609,12,6.3,13.2,3.2,8.3,11.8,h,13.2,11.8,13.3,11.8,0,0,24.25,0.654,0,9.8,12,0.876,20,279,20.988,96.292,0.528,53.776,,,,,0
2026-10-06T01:00Z,2026-10-07T01:00Z,3591609,24,6.1,10.9,4.7,10.1,11.4,h,10.9,11.4,11,11.4,0,0,193.313,0.97,0,9.8,12,0.876,8,280,21.199,79.179,0.548,52.944,,,,,0
2026-10-06T01:00Z,2026-10-08T01:00Z,3591609,48,7.1,10.1,6.6,10.3,11.1,h,10.1,11.1,10.1,11.1,0,0,238.306,1.117,0,9.8,12,0.876,8,281,22.176,74.822,0.617,40.75,,,,,0
2026-10-06T01:00Z,2026-10-06T02:00Z,3591610,1,2.3,11.3,2.6,13,6.8,h,11.3,6.8,11.3,6.8,0,0,908.82,6.325,0,20.5,6.8,1.37,9,279,25.913,74.366,4.234,30.801,,,,,0
2026-10-06T01:00Z,2026-10-06T04:00Z,3591610,3,3.5,14.9,2.4,12.3,6.9,h,14.9,6.9,14.9,6.9,0,0,1096.563,7.508,0.02,20.5,6.8,1.37,11,279,27.245,69.812,5.077,29.354,,,,,0
2026-10-06T01:00Z,2026-10-06T07:00Z,3591610,6,3.8,14.7,2.4,11.8,7,h,14.7,7,14.7,7,0,0,859.638,7.464,0.196,20.5,6.8,1.37,14,279,26,75.96,5.017,26.68,,,,,0
2026-10-06T01:00Z,2026-10-06T13:00Z,3591610,12,4.4,14.4,2.5,11.3,7.6,h,14.4,7.6,14.5,7.6,0,0,533.507,5.6,0,20.5,6.8,1.37,20,279,22.075,88.337,3.067,30.861,,,,,0
2026-10-06T01:00Z,2026-10-07T01:00Z,3591610,24,10.3,24.5,5.5,16.8,10,h,24.5,10,24.6,10,0,0,719.889,4.778,0.249,20.5,6.8,1.37,8,280,23.661,82.475,3.088,28.006,,,,,0
2026-10-06T01:00Z,2026-10-08T01:00Z,3591610,48,5.1,9,8.9,18.2,12.5,h,9,12.5,9,12.5,0,0.002,524.358,4.224,1.099,20.5,6.8,1.37,8,281,22.885,94.603,2.549,27.353,,,,,0
2026-10-06T01:00Z,2026-10-06T02:00Z,3591611,1,1.9,2.7,4,5.5,4.9,h,2.7,4.9,2.7,4.9,0,0.001,762.464,2.723,0.009,4.9,4.9,0.258,9,279,26.524,76.336,1.788,31.515,,,,,0
2026-10-06T01:00Z,2026-10-06T04:00Z,3591611,3,2.6,3.6,3.7,5.1,4.9,h,3.6,4.9,3.6,4.9,0,0.001,1020.943,3.824,0.053,4.9,4.9,0.258,11,279,28.352,70.393,2.678,23.113,,,,,0
2026-10-06T01:00Z,2026-10-06T07:00Z,3591611,6,3.8,5,3.4,4.7,4.9,h,5,4.9,5,4.9,0,0,603.205,3.816,0.544,4.9,4.9,0.258,14,279,26.523,83.241,2.502,13.719,,,,,0
2026-10-06T01:00Z,2026-10-06T13:00Z,3591611,12,2.6,3.4,3.2,4.3,4.8,h,3.4,4.8,3.4,4.8,0,0,282.468,3.021,0.045,4.9,4.9,0.258,20,279,23.479,87.245,1.635,18.193,,,,,0
2026-10-06T01:00Z,2026-10-07T01:00Z,3591611,24,5.5,6.6,3.3,4.2,4.7,h,6.6,4.7,6.6,4.7,0,0.001,520.091,1.912,0.097,4.9,4.9,0.258,8,280,24.49,83.505,1.17,13.821,,,,,0
2026-10-06T01:00Z,2026-10-08T01:00Z,3591611,48,4,4.5,7.4,8.4,6.7,h,4.5,6.7,4.5,6.7,0,0.002,350.669,3.214,2.251,4.9,4.9,0.258,8,281,23.058,97.109,1.726,358.456,,,,,0
2026-10-06T01:00Z,2026-10-06T02:00Z,3597971,1,6.2,11.9,3.8,7.8,8.5,h,11.9,8.5,11.9,8.5,0,0,848.361,3.527,0,22,8.5,0.612,9,279,20.3,66.996,2.418,81.535,,,,,0
2026-10-06T01:00Z,2026-10-06T04:00Z,3597971,3,5.1,9.7,4.1,8.4,8.6,h,9.7,8.6,9.7,8.6,0,0,1105.968,2.986,0,22,8.5,0.612,11,279,22.019,61.201,2.07,81.49,,,,,0
2026-10-06T01:00Z,2026-10-06T07:00Z,3597971,6,4.9,9,4.5,9.1,8.7,h,9,8.7,9,8.7,0,0,1280.618,3.106,0,22,8.5,0.612,14,279,23.584,55.859,2.209,72.945,,,,,0
2026-10-06T01:00Z,2026-10-06T13:00Z,3597971,12,6.8,11.4,5.4,10.2,8.8,h,11.4,8.8,11.4,8.8,0,0,59.607,3.165,0,22,8.5,0.612,20,279,17.939,75.791,1.511,93.167,,,,,0
2026-10-06T01:00Z,2026-10-07T01:00Z,3597971,24,5,7.6,7,11.6,9.5,h,7.6,9.5,7.6,9.5,0,0,389.51,1.341,0,22,8.5,0.612,8,280,19.272,63.081,0.776,81.059,,,,,0
2026-10-06T01:00Z,2026-10-08T01:00Z,3597971,48,12.2,15.5,8,10.8,9.6,h,15.5,9.6,15.5,9.6,0,0,289.459,0.958,0,22,8.5,0.612,8,281,19.661,69.109,0.477,83.256,,,,,0
2026-10-06T01:00Z,2026-10-06T02:00Z,3597972,1,7.7,8.6,5.6,6.4,6.3,h,8.6,6.3,8.6,6.3,0,0,944.211,3.648,0,17.6,6.3,0.106,9,279,21.005,62.523,2.414,31.072,,,,,0
2026-10-06T01:00Z,2026-10-06T04:00Z,3597972,3,6.8,7.6,6,6.8,6.3,h,7.6,6.3,7.6,6.3,0,0,1203.332,3.986,0,17.6,6.3,0.106,11,279,23.174,55.961,2.887,31.173,,,,,0
2026-10-06T01:00Z,2026-10-06T07:00Z,3597972,6,6.5,7.2,6.5,7.3,6.4,h,7.2,6.4,7.2,6.4,0,0,1218.32,3.263,0,17.6,6.3,0.106,14,279,23.693,52.521,2.363,29.701,,,,,0
2026-10-06T01:00Z,2026-10-06T13:00Z,3597972,12,9.9,10.8,7.5,8.4,6.6,h,10.8,6.6,10.8,6.6,0,0,38,1.757,0,17.6,6.3,0.106,20,279,17.274,80.278,0.739,60.602,,,,,0
2026-10-06T01:00Z,2026-10-07T01:00Z,3597972,24,6.3,6.8,9.3,10.1,7.5,h,6.8,7.5,6.8,7.5,0,0,685.674,1.886,0,17.6,6.3,0.106,8,280,20.509,54.05,1.254,28.854,,,,,0
2026-10-06T01:00Z,2026-10-08T01:00Z,3597972,48,19,19.8,15.4,16.2,11.2,h,19.8,11.2,19.8,11.2,0,0,503.427,0.983,0,17.6,6.3,0.106,8,281,20.909,66.244,0.664,32.622,,,,,0
2026-10-06T01:00Z,2026-10-06T02:00Z,3597973,1,6.5,6.6,3.2,3.2,3.4,h,6.6,3.4,6.6,3.4,0,0,757.899,2.965,0,12.7,3.4,0.015,9,279,21.058,70.336,2.093,83.802,,,,,0
2026-10-06T01:00Z,2026-10-06T04:00Z,3597973,3,5.1,5.2,3.6,3.6,3.4,h,5.2,3.4,5.2,3.4,0,0,1075.331,2.979,0,12.7,3.4,0.015,11,279,23.194,62.469,2.148,80.517,,,,,0
2026-10-06T01:00Z,2026-10-06T07:00Z,3597973,6,4.2,4.3,3.9,4,3.5,h,4.3,3.5,4.3,3.5,0,0,1058.006,3.631,0,12.7,3.4,0.015,14,279,24.32,59.153,2.641,66.768,,,,,0
2026-10-06T01:00Z,2026-10-06T13:00Z,3597973,12,5.2,5.3,4.7,4.7,3.6,h,5.3,3.6,5.3,3.6,0,0,137.162,4.182,0,12.7,3.4,0.015,20,279,19.772,77.657,1.777,86.211,,,,,0
2026-10-06T01:00Z,2026-10-07T01:00Z,3597973,24,5.7,5.8,5.5,5.6,4.1,h,5.8,4.1,5.8,4.1,0,0,375.324,1.254,0,12.7,3.4,0.015,8,280,20.42,65.335,0.705,84.154,,,,,0
2026-10-06T01:00Z,2026-10-08T01:00Z,3597973,48,6.9,6.9,5,5,4.2,h,6.9,4.2,6.9,4.2,0,0,302.732,0.924,0,12.7,3.4,0.015,8,281,20.999,67.384,0.626,109.805,,,,,0
2026-10-06T01:00Z,2026-10-06T02:00Z,3597974,1,5.7,12.1,2.7,6.4,5.7,h,12.1,5.7,12.1,5.7,0,0,770.533,3.493,0,39.5,5.7,0.697,9,279,21.476,69.144,2.451,77.124,,,,,0
2026-10-06T01:00Z,2026-10-06T04:00Z,3597974,3,4.7,9.8,3.1,7.1,5.8,h,9.8,5.8,9.8,5.8,0,0,1028.918,3.145,0,39.5,5.7,0.697,11,279,23.516,62.39,2.316,73.771,,,,,0
2026-10-06T01:00Z,2026-10-06T07:00Z,3597974,6,3.8,7.8,3.5,7.8,5.9,h,7.8,5.9,7.8,5.9,0,0,1107.737,3.904,0,39.5,5.7,0.697,14,279,24.836,57.915,2.848,68.704,,,,,0
2026-10-06T01:00Z,2026-10-06T13:00Z,3597974,12,4.6,8.5,4.2,8.9,6.3,h,8.5,6.3,8.5,6.3,0,0,156.613,4.232,0,39.5,5.7,0.697,20,279,20.129,78.2,1.74,75.344,,,,,0
2026-10-06T01:00Z,2026-10-07T01:00Z,3597974,24,5.5,8.8,5.1,9.4,6.9,h,8.8,6.9,8.8,6.9,0,0,330.618,1.285,0,39.5,5.7,0.697,8,280,20.343,67.376,0.725,77.697,,,,,0
2026-10-06T01:00Z,2026-10-08T01:00Z,3597974,48,6.8,9,4.8,6.9,6.3,h,9,6.3,9,6.3,0,0,271.408,0.779,0,39.5,5.7,0.697,8,281,20.731,72.975,0.562,112.069,,,,,0
2026-10-06T01:00Z,2026-10-06T02:00Z,3597975,1,6.3,9.9,4,6.6,6.5,h,9.9,6.5,9.9,6.5,0,0,884.997,3.105,0,18.4,6.5,0.417,9,279,21.014,63.903,2.04,41.352,,,,,0
2026-10-06T01:00Z,2026-10-06T04:00Z,3597975,3,5.6,8.7,4.4,7.2,6.6,h,8.7,6.6,8.7,6.6,0,0,1189.159,3.4,0.007,18.4,6.5,0.417,11,279,23.21,57.194,2.448,36.942,,,,,0
2026-10-06T01:00Z,2026-10-06T07:00Z,3597975,6,5.3,8,4.9,7.9,6.7,h,8,6.7,8,6.7,0,0,1198.535,3.081,0.022,18.4,6.5,0.417,14,279,23.863,53.523,2.21,40.606,,,,,0
2026-10-06T01:00Z,2026-10-06T13:00Z,3597975,12,6.9,9.9,5.7,8.9,6.8,h,9.9,6.8,9.9,6.8,0,0,42.856,1.79,0,18.4,6.5,0.417,20,279,17.608,79.973,0.724,69.677,,,,,0
2026-10-06T01:00Z,2026-10-07T01:00Z,3597975,24,4.9,6.6,7,9.9,7.6,h,6.6,7.6,6.6,7.6,0,0,586.514,1.589,0,18.4,6.5,0.417,8,280,20.335,57.293,1.051,25.861,,,,,0
2026-10-06T01:00Z,2026-10-08T01:00Z,3597975,48,15.3,17.9,10,12.1,9.3,h,17.9,9.3,17.9,9.3,0,0,448.983,0.886,0,18.4,6.5,0.417,8,281,20.739,67.674,0.606,18.923,,,,,0
2026-10-06T01:00Z,2026-10-06T02:00Z,3597976,1,2.7,4.8,2.4,4.4,5.4,h,4.8,5.4,4.8,5.4,0,0,577.65,4.025,0.048,0.5,5.4,0.46,9,279,20.913,87.859,2.83,63.528,,,,,0
2026-10-06T01:00Z,2026-10-06T04:00Z,3597976,3,4.1,6.8,2.5,4.6,5.4,h,6.8,5.4,6.8,5.4,0,0,814.115,4.168,0.011,0.5,5.4,0.46,11,279,23.044,72.238,2.979,77.492,,,,,0
2026-10-06T01:00Z,2026-10-06T07:00Z,3597976,6,5.8,9.1,2.8,4.9,5.6,h,9.1,5.6,9.1,5.6,0,0,1026.624,4.038,0.022,0.5,5.4,0.46,14,279,24.757,65.343,2.915,82.337,,,,,0
2026-10-06T01:00Z,2026-10-06T13:00Z,3597976,12,7.8,11.5,3.6,5.9,5.7,h,11.5,5.7,11.5,5.7,0,0,59.123,2.98,0,0.5,5.4,0.46,20,279,20.664,84.37,1.034,71.389,,,,,0
2026-10-06T01:00Z,2026-10-07T01:00Z,3597976,24,7.5,10.2,7.3,10.7,7.1,h,10.2,7.1,10.3,7.1,0,0,373.181,2.124,0,0.5,5.4,0.46,8,280,21.126,77.931,1.235,72.225,,,,,0
2026-10-06T01:00Z,2026-10-08T01:00Z,3597976,48,6.8,8.2,6.6,8.3,6.9,h,8.2,6.9,8.2,6.9,0,0,169.215,1.462,0,0.5,5.4,0.46,8,281,21.24,75.217,0.829,76.769,,,,,0
2026-10-06T01:00Z,2026-10-06T02:00Z,3597978,1,2.7,9.6,3.3,11.9,13.7,h,9.6,13.7,9.6,13.7,0,0,467.682,1.427,0,20.5,13.7,1.097,9,279,23.315,81.607,0.974,49.036,,,,,0
2026-10-06T01:00Z,2026-10-06T04:00Z,3597978,3,3,10,3.4,12,13.7,h,10,13.7,10,13.7,0,0,890.242,1.156,0.055,20.5,13.7,1.097,11,279,25.909,69.4,0.848,4.184,,,,,0
2026-10-06T01:00Z,2026-10-06T07:00Z,3597978,6,3.7,11.1,3.5,12.1,13.8,h,11.1,13.8,11.1,13.8,0,0,922.604,1.11,0.277,20.5,13.7,1.097,14,279,27.028,67.217,0.79,12.233,,,,,0
2026-10-06T01:00Z,2026-10-06T13:00Z,3597978,12,6.2,15.6,3.8,12.2,13.6,h,15.6,13.6,15.7,13.6,0,0,31.197,0.827,0,20.5,13.7,1.097,20,279,22.19,96.48,0.416,35.665,,,,,0
2026-10-06T01:00Z,2026-10-07T01:00Z,3597978,24,6.3,13,5.2,13,13.5,h,13,13.5,13.1,13.5,0,0,194.647,1.092,0,20.5,13.7,1.097,8,280,21.967,78.648,0.669,67.027,,,,,0
2026-10-06T01:00Z,2026-10-08T01:00Z,3597978,48,8.2,12.7,7.9,13.7,13.7,h,12.7,13.7,12.7,13.7,0,0,269.35,1.416,0,20.5,13.7,1.097,8,281,22.964,72.258,0.853,64.236,,,,,0
2026-10-06T01:00Z,2026-10-06T02:00Z,3599598,1,7,4.6,4.3,2.6,2.2,h,4.6,2.2,4.6,2.2,0,0,868.18,2.64,0,10.8,2.2,-0.379,9,279,20.146,67.777,1.909,103.937,,,,,0
2026-10-06T01:00Z,2026-10-06T04:00Z,3599598,3,6,3.9,4.6,2.8,2.2,h,3.9,2.2,3.9,2.2,0,0,1230.753,2.58,0,10.8,2.2,-0.379,11,279,22.12,60.488,1.847,108.275,,,,,0
2026-10-06T01:00Z,2026-10-06T07:00Z,3599598,6,5.3,3.5,4.9,3.1,2.3,h,3.5,2.3,3.5,2.3,0,0,1384.352,2.543,0,10.8,2.2,-0.379,14,279,23.588,55.334,1.846,84.374,,,,,0
2026-10-06T01:00Z,2026-10-06T13:00Z,3599598,12,7.6,5.4,5.7,3.7,2.5,h,5.4,2.5,5.4,2.5,0,0,53.434,3.007,0,10.8,2.2,-0.379,20,279,18.393,72.445,1.121,114.375,,,,,0
2026-10-06T01:00Z,2026-10-07T01:00Z,3599598,24,7.8,6,8.2,6,3.4,h,6,3.4,6,3.4,0,0,331.374,0.801,0,10.8,2.2,-0.379,8,280,19.196,63.824,0.404,106.834,,,,,0
2026-10-06T01:00Z,2026-10-08T01:00Z,3599598,48,11.4,9.8,8.7,7.2,4.7,h,9.8,4.7,9.8,4.7,0,0,218.647,0.892,0,10.8,2.2,-0.379,8,281,19.594,66.298,0.606,126.118,,,,,0
2026-10-06T01:00Z,2026-10-06T02:00Z,3599599,1,7,3.5,4.3,1.9,1.7,h,3.5,1.7,3.5,1.7,0,0,890.612,2.444,0,6.6,1.7,-0.601,9,279,20.454,66.429,1.741,93.359,,,,,0
2026-10-06T01:00Z,2026-10-06T04:00Z,3599599,3,6,3,4.6,2.1,1.7,h,3,1.7,3,1.7,0,0,1228.213,2.419,0,6.6,1.7,-0.601,11,279,22.42,58.945,1.694,91.08,,,,,0
2026-10-06T01:00Z,2026-10-06T07:00Z,3599599,6,5.3,2.7,4.9,2.3,1.8,h,2.7,1.8,2.7,1.8,0,0,1358.848,2.569,0,6.6,1.7,-0.601,14,279,23.781,54.584,1.867,73.045,,,,,0
2026-10-06T01:00Z,2026-10-06T13:00Z,3599599,12,7.6,4.4,5.7,2.9,2,h,4.4,2,4.4,2,0,0,48.776,2.541,0,6.6,1.7,-0.601,20,279,18.646,72.782,0.926,110.974,,,,,0
2026-10-06T01:00Z,2026-10-07T01:00Z,3599599,24,7.8,5.2,8.2,4.9,2.7,h,5.2,2.7,5.2,2.7,0,0,327.733,0.709,0,6.6,1.7,-0.601,8,280,19.612,63.909,0.33,92.276,,,,,0
2026-10-06T01:00Z,2026-10-08T01:00Z,3599599,48,11.4,9,8.7,6.4,4.1,h,9,4.1,9,4.1,0,0,217.972,0.671,0,6.6,1.7,-0.601,8,281,19.952,67.609,0.492,122.462,,,,,0
2026-10-06T01:00Z,2026-10-06T02:00Z,3599600,1,4,3.7,1.6,1.5,2.4,h,3.7,2.4,3.7,2.4,0,0,472.716,2.466,0,5.3,2.4,-0.072,9,279,23.779,78.373,1.784,359.246,,,,,0
2026-10-06T01:00Z,2026-10-06T04:00Z,3599600,3,4.6,4.2,1.9,1.7,2.4,h,4.2,2.4,4.2,2.4,0,0,744.284,2.321,0,5.3,2.4,-0.072,11,279,26.313,65.84,1.756,339.448,,,,,0
2026-10-06T01:00Z,2026-10-06T07:00Z,3599600,6,4.6,4.3,2.3,2.1,2.4,h,4.3,2.4,4.3,2.4,0,0,1110.027,3.355,0.003,5.3,2.4,-0.072,14,279,28.281,57.264,2.423,353.342,,,,,0
2026-10-06T01:00Z,2026-10-06T13:00Z,3599600,12,6,5.6,3.1,2.9,2.6,h,5.6,2.6,5.6,2.6,0,0,49.142,2.342,0,5.3,2.4,-0.072,20,279,22.952,82.071,0.895,12.585,,,,,0
2026-10-06T01:00Z,2026-10-07T01:00Z,3599600,24,5.3,5,5,4.7,3.1,h,5,3.1,5,3.1,0,0,165.76,2.154,0,5.3,2.4,-0.072,8,280,22.355,76.458,0.957,22.696,,,,,0
2026-10-06T01:00Z,2026-10-08T01:00Z,3599600,48,6.3,6.1,6.2,6,4.2,h,6.1,4.2,6.1,4.2,0,0,150.713,0.942,0,5.3,2.4,-0.072,8,281,23.29,73.808,0.33,39.734,,,,,0
2026-10-06T01:00Z,2026-10-06T02:00Z,3600181,1,1.8,1,2.2,1.2,0.8,h,1,0.8,1,0.8,0,0,533.442,1.347,0.019,4.2,0.8,-0.362,9,279,24.076,88.182,1,2.164,,,,,0
2026-10-06T01:00Z,2026-10-06T04:00Z,3600181,3,2.7,1.7,2.3,1.3,0.8,h,1.7,0.8,1.7,0.8,0,0,845.781,1.675,0.005,4.2,0.8,-0.362,11,279,26.313,77.593,1.325,343.219,,,,,0
2026-10-06T01:00Z,2026-10-06T07:00Z,3600181,6,3.2,2.1,2.4,1.4,0.8,h,2.1,0.8,2.1,0.8,0,0,1085.809,1.701,0.08,4.2,0.8,-0.362,14,279,28.113,68.356,1.345,1.773,,,,,0
2026-10-06T01:00Z,2026-10-06T13:00Z,3600181,12,5.5,3.9,2.8,1.8,1,h,3.9,1,3.9,1,0,0,16.761,0.401,0.002,4.2,0.8,-0.362,20,279,23.881,93.715,0.089,177.623,,,,,0
2026-10-06T01:00Z,2026-10-07T01:00Z,3600181,24,6.1,4.7,4.6,3.3,1.6,h,4.7,1.6,4.7,1.6,0,0,219.83,0.189,0,4.2,0.8,-0.362,8,280,23.404,91.081,0.053,199.803,,,,,0
2026-10-06T01:00Z,2026-10-08T01:00Z,3600181,48,10.4,9,9.6,8,4.4,h,9,4.4,9,4.4,0,0,224.034,1.087,0,4.2,0.8,-0.362,8,281,24.538,87.359,0.714,64.34,,,,,0
2026-10-06T01:00Z,2026-10-06T02:00Z,3600182,1,8.6,5.6,4.8,2.9,5.8,h,5.6,5.8,5.6,5.8,0,0,641.901,2.379,0,6.4,5.8,-0.391,9,279,24.686,76.71,1.796,39.482,,,,,0
2026-10-06T01:00Z,2026-10-06T04:00Z,3600182,3,9.5,6.3,5.3,3.3,5.6,h,6.3,5.6,6.3,5.6,0,0,653.956,2.092,0,6.4,5.8,-0.391,11,279,25.556,73.719,1.536,55.025,,,,,0
2026-10-06T01:00Z,2026-10-06T07:00Z,3600182,6,8.2,5.6,6,3.8,5.5,h,5.6,5.5,5.6,5.5,0,0,797.082,2.605,0,6.4,5.8,-0.391,14,279,26.859,71.058,2.089,81.501,,,,,0
2026-10-06T01:00Z,2026-10-06T13:00Z,3600182,12,11.6,8.3,7.4,4.9,5.5,h,8.3,5.5,8.3,5.5,0,0,258.68,5.597,0,6.4,5.8,-0.391,20,279,22.358,73.438,2.769,67.219,,,,,0
2026-10-06T01:00Z,2026-10-07T01:00Z,3600182,24,18.1,14.1,12.8,9.3,6.9,h,14.1,6.9,14.2,6.9,0,0,338.416,1.32,0,6.4,5.8,-0.391,8,280,23.911,70.124,0.897,353.933,,,,,0
2026-10-06T01:00Z,2026-10-08T01:00Z,3600182,48,24.6,21.2,19.9,16.5,11.2,h,21.2,11.2,21.2,11.2,0,0,271.213,2.084,0,6.4,5.8,-0.391,8,281,24.099,75.396,1.353,10.05,,,,,0
2026-10-06T01:00Z,2026-10-06T02:00Z,3600716,1,7.9,7.9,,,,h,7.9,,7.9,,0,0,924.15,2.471,0,,,0,9,279,20.937,64.195,1.689,69.073,,,,,0
2026-10-06T01:00Z,2026-10-06T04:00Z,3600716,3,6.4,6.4,,,,h,6.4,,6.4,,0,0,1212.154,2.762,0,,,0,11,279,22.886,56.635,1.904,60.027,,,,,0
2026-10-06T01:00Z,2026-10-06T07:00Z,3600716,6,6.2,6.2,,,,h,6.2,,6.2,,0,0,1304.099,2.859,0,,,0,14,279,24.042,53.432,2.074,54.608,,,,,0
2026-10-06T01:00Z,2026-10-06T13:00Z,3600716,12,10.4,10.4,,,,h,10.4,,10.4,,0,0,42.016,1.851,0,,,0,20,279,18.859,74.088,0.667,97.021,,,,,0
2026-10-06T01:00Z,2026-10-07T01:00Z,3600716,24,10.3,10.3,,,,h,10.3,,10.4,,0,0,353.856,0.807,0,,,0,8,280,20.264,63.242,0.304,58.866,,,,,0
2026-10-06T01:00Z,2026-10-08T01:00Z,3600716,48,19.2,19.2,,,,h,19.2,,19.2,,0,0,244.003,0.368,0,,,0,8,281,20.527,69.579,0.229,88.07,,,,,0
2026-10-06T01:00Z,2026-10-06T02:00Z,3602359,1,5.4,4.6,,,,h,4.6,,4.6,,0,0,683.739,2.89,0,,,-0.188,9,279,19.084,71.558,1.896,58.847,,,,,0
2026-10-06T01:00Z,2026-10-06T04:00Z,3602359,3,4.6,3.9,,,,h,3.9,,3.9,,0,0,955.656,1.799,0.05,,,-0.188,11,279,21.344,62.958,1.219,68.725,,,,,0
2026-10-06T01:00Z,2026-10-06T07:00Z,3602359,6,4.5,3.9,,,,h,3.9,,3.9,,0,0,1185.885,1.85,0.152,,,-0.188,14,279,22.578,59.601,1.178,59.182,,,,,0
2026-10-06T01:00Z,2026-10-06T13:00Z,3602359,12,6.2,5.5,,,,h,5.5,,5.5,,0,0,70.754,2.604,0,,,-0.188,20,279,16.351,85.048,1.34,69.686,,,,,0
2026-10-06T01:00Z,2026-10-07T01:00Z,3602359,24,7.6,6.9,,,,h,6.9,,6.9,,0,0,377.652,1.455,0,,,-0.188,8,280,17.977,64.579,0.879,51.762,,,,,0
2026-10-06T01:00Z,2026-10-08T01:00Z,3602359,48,17.3,16.4,,,,h,16.4,,16.4,,0,0,343.093,1.087,0,,,-0.188,8,281,18.279,70.028,0.703,46.775,,,,,0
2026-10-06T01:00Z,2026-10-06T02:00Z,3612960,1,5.3,9.8,5,9.5,19.5,h,9.8,19.5,9.8,19.5,0,0,493.806,2.528,0,21.5,19.5,0.56,9,279,24.823,75.239,1.913,54.892,,,,,0
2026-10-06T01:00Z,2026-10-06T04:00Z,3612960,3,6,10.7,5.2,9.9,19.5,h,10.7,19.5,10.7,19.5,0,0,871.339,1.752,0.006,21.5,19.5,0.56,11,279,27.227,69.61,1.436,23.87,,,,,0
2026-10-06T01:00Z,2026-10-06T07:00Z,3612960,6,6.5,11.2,5.7,10.5,19.6,h,11.2,19.6,11.2,19.6,0,0,1147.366,1.89,0.034,21.5,19.5,0.56,14,279,28.817,64.893,1.513,26.545,,,,,0
2026-10-06T01:00Z,2026-10-06T13:00Z,3612960,12,8.7,13.9,6.6,11.7,19.3,h,13.9,19.3,14,19.3,0,0,44.337,1.357,0,21.5,19.5,0.56,20,279,24.113,96.249,0.457,22.813,,,,,0
2026-10-06T01:00Z,2026-10-07T01:00Z,3612960,24,11.4,16.3,8.7,13.8,17.7,h,16.3,17.7,16.4,17.7,0,0,202.134,1.535,0,21.5,19.5,0.56,8,280,23.19,75.878,1.027,79.326,,,,,0
2026-10-06T01:00Z,2026-10-08T01:00Z,3612960,48,11.8,14.7,11,14.5,17,h,14.7,17,14.7,17,0,0,315.06,2.239,0,21.5,19.5,0.56,8,281,24.128,67.82,1.448,80.374,,,,,0
2026-10-06T01:00Z,2026-10-06T02:00Z,3612961,1,3.6,2.9,2.2,1.7,1.6,h,2.9,1.6,2.9,1.6,0,0,662.85,2.611,0,4.9,1.6,-0.161,9,279,21.769,79.19,1.711,58.441,,,,,0
2026-10-06T01:00Z,2026-10-06T04:00Z,3612961,3,5,4.2,2.3,1.8,1.6,h,4.2,1.6,4.2,1.6,0,0,1123.659,2.244,0,4.9,1.6,-0.161,11,279,24.618,63.178,1.555,88.612,,,,,0
2026-10-06T01:00Z,2026-10-06T07:00Z,3612961,6,6.2,5.3,2.7,2.2,1.6,h,5.3,1.6,5.3,1.6,0,0,1329.612,1.407,0.121,4.9,1.6,-0.161,14,279,26.569,54.883,0.896,103.348,,,,,0
2026-10-06T01:00Z,2026-10-06T13:00Z,3612961,12,8.1,7,4,3.3,2,h,7,2,7,2,0,0,41.754,1.4,0,4.9,1.6,-0.161,20,279,21.192,85.35,0.872,83.2,,,,,0
2026-10-06T01:00Z,2026-10-07T01:00Z,3612961,24,8.7,7.8,7.5,6.5,3.2,h,7.8,3.2,7.8,3.2,0,0,209.593,2.045,0,4.9,1.6,-0.161,8,280,21.736,75.145,0.944,57.136,,,,,0
2026-10-06T01:00Z,2026-10-08T01:00Z,3612961,48,6.3,5.9,6.1,5.6,3.6,h,5.9,3.6,5.9,3.6,0,0,107.925,1.13,0,4.9,1.6,-0.161,8,281,22.467,71.747,0.516,60.88,,,,,0
2026-10-06T01:00Z,2026-10-06T02:00Z,3612962,1,4,6.1,2.6,4.2,3.5,h,6.1,3.5,6.1,3.5,0,0,664.361,1.939,0,15.6,3.5,0.361,9,279,20.381,83.12,1.311,94.044,,,,,0
2026-10-06T01:00Z,2026-10-06T04:00Z,3612962,3,5.7,8.3,2.9,4.6,3.5,h,8.3,3.5,8.3,3.5,0,0,1200.771,3.631,0,15.6,3.5,0.361,11,279,23.435,63.412,2.63,100.198,,,,,0
2026-10-06T01:00Z,2026-10-06T07:00Z,3612962,6,6.6,9.4,3.5,5.4,3.7,h,9.4,3.7,9.4,3.7,0,0,1374.863,3.352,0,15.6,3.5,0.361,14,279,24.776,57.336,2.444,108.476,,,,,0
2026-10-06T01:00Z,2026-10-06T13:00Z,3612962,12,10.7,14.4,4.8,7,4.1,h,14.4,4.1,14.5,4.1,0,0,35.009,2.275,0,15.6,3.5,0.361,20,279,19.618,81.357,1.115,119.968,,,,,0
2026-10-06T01:00Z,2026-10-07T01:00Z,3612962,24,9.3,11.8,9.5,12.7,6.4,h,11.8,6.4,11.9,6.5,0,0,237.485,0.989,0,15.6,3.5,0.361,8,280,20.015,77.463,0.628,61.744,,,,,0
2026-10-06T01:00Z,2026-10-08T01:00Z,3612962,48,8.9,10.3,9.7,11.6,7.6,h,10.3,7.6,10.3,7.6,0,0,173.615,0.222,0,15.6,3.5,0.361,8,281,20.625,73.021,0.204,65.597,,,,,0
2026-10-06T01:00Z,2026-10-06T02:00Z,3612963,1,5.6,1.8,2.2,0.4,1.5,h,1.8,1.5,1.8,1.5,0,0,637.822,1.924,0,2,1.5,-0.888,9,279,21.991,75.48,1.221,56.803,,,,,0
2026-10-06T01:00Z,2026-10-06T04:00Z,3612963,3,5.2,1.7,2.6,0.5,1.5,h,1.7,1.5,1.7,1.5,0,0,989.939,1.499,0.011,2,1.5,-0.888,11,279,24.534,61.597,1.042,43.736,,,,,0
2026-10-06T01:00Z,2026-10-06T07:00Z,3612963,6,4.3,1.5,3,0.7,1.5,h,1.5,1.5,1.5,1.5,0,0,904.848,2.038,0.24,2,1.5,-0.888,14,279,25.072,64.929,1.405,62.304,,,,,0
2026-10-06T01:00Z,2026-10-06T13:00Z,3612963,12,4.5,1.8,3.8,1.1,1.4,h,1.8,1.4,1.8,1.4,0,0,115.82,2.618,0,2,1.5,-0.888,20,279,20.645,85.877,1.124,65.552,,,,,0
2026-10-06T01:00Z,2026-10-07T01:00Z,3612963,24,5.4,2.8,5,2.1,1.7,h,2.8,1.7,2.8,1.7,0,0,234.105,1.196,0,2,1.5,-0.888,8,280,20.55,71.242,0.626,53.583,,,,,0
2026-10-06T01:00Z,2026-10-08T01:00Z,3612963,48,6.9,4.7,5.2,3.1,2.3,h,4.7,2.3,4.7,2.3,0,0,208.058,0.508,0,2,1.5,-0.888,8,281,21.051,73.842,0.227,59.747,,,,,0
2026-10-06T01:00Z,2026-10-06T02:00Z,3612964,1,3.5,4.7,2.6,3.6,6,h,4.7,6,4.7,6,0,0,607.293,1.178,0.045,3.4,6,0.244,9,279,24.206,84.389,0.891,123.259,,,,,0
2026-10-06T01:00Z,2026-10-06T04:00Z,3612964,3,4.4,5.8,2.9,3.9,6,h,5.8,6,5.8,6,0,0,648.271,0.497,0.231,3.4,6,0.244,11,279,25.839,77.006,0.356,92.757,,,,,0
2026-10-06T01:00Z,2026-10-06T07:00Z,3612964,6,4.6,5.9,3.2,4.3,6,h,5.9,6,5.9,6,0,0,895.598,0.975,0.025,3.4,6,0.244,14,279,27.815,70.635,0.741,90.484,,,,,0
2026-10-06T01:00Z,2026-10-06T13:00Z,3612964,12,6.5,8,3.9,5.1,6.2,h,8,6.2,8,6.2,0,0,60.387,0.808,0.055,3.4,6,0.244,20,279,23.804,94.452,0.222,41.182,,,,,0
2026-10-06T01:00Z,2026-10-07T01:00Z,3612964,24,6.1,7.2,5.3,6.6,6.2,h,7.2,6.2,7.2,6.2,0,0,263.224,1.131,0,3.4,6,0.244,8,280,23.699,85.524,0.725,140.883,,,,,0
2026-10-06T01:00Z,2026-10-08T01:00Z,3612964,48,11.1,12.2,10.1,11.4,8.7,h,12.2,8.7,12.2,8.7,0,0,210.704,0.929,0,3.4,6,0.244,8,281,24.383,83.436,0.521,87.313,,,,,0
2026-10-06T01:00Z,2026-10-06T02:00Z,3612965,1,2.7,11.2,3.3,14,26.6,h,11.2,26.6,11.2,26.6,0,0,414.412,1.073,0,27.1,26.6,1.247,9,279,25.469,85.485,0.769,269.271,,,,,0
2026-10-06T01:00Z,2026-10-06T04:00Z,3612965,3,3,11.6,3.4,14.1,26.2,h,11.6,26.2,11.6,26.2,0,0,893.09,0.514,0,27.1,26.6,1.247,11,279,28.323,74.074,0.215,315.368,,,,,0
2026-10-06T01:00Z,2026-10-06T07:00Z,3612965,6,3.7,12.8,3.5,14.1,25.6,h,12.8,25.6,12.8,25.6,0,0,1251.4,0.862,0.094,27.1,26.6,1.247,14,279,30.249,66.36,0.785,101.988,,,,,0
2026-10-06T01:00Z,2026-10-06T13:00Z,3612965,12,6.2,17.6,3.8,14.1,23.7,h,17.6,23.7,17.7,23.7,0,0,77.166,2.543,0.099,27.1,26.6,1.247,20,279,24.09,98.78,1.688,265.569,,,,,0
2026-10-06T01:00Z,2026-10-07T01:00Z,3612965,24,6.3,14.3,5.2,14.6,22.8,h,14.3,22.8,14.4,22.8,0,0,172.879,1.199,0,27.1,26.6,1.247,8,280,23.673,83.863,0.934,209.673,,,,,0
2026-10-06T01:00Z,2026-10-08T01:00Z,3612965,48,8.2,13.4,7.9,14.7,20.7,h,13.4,20.7,13.4,20.7,0,0,176.044,2.631,0,27.1,26.6,1.247,8,281,24.4,77.879,1.706,203.79,,,,,0
2026-10-06T01:00Z,2026-10-06T02:00Z,3612966,1,5.1,0.8,3.7,0.3,0.6,h,0.8,0.6,0.8,0.6,0,0,748.217,5.623,0.001,1.6,0.6,-1.273,9,279,25.652,74.606,4.197,51.605,,,,,0
2026-10-06T01:00Z,2026-10-06T04:00Z,3612966,3,6.8,1.4,3.9,0.4,0.6,h,1.4,0.6,1.4,0.6,0,0,902.671,6.133,0.001,1.6,0.6,-1.273,11,279,26.884,70.708,4.574,52.399,,,,,0
2026-10-06T01:00Z,2026-10-06T07:00Z,3612966,6,5.6,1.2,4.1,0.5,0.6,h,1.2,0.6,1.2,0.6,0,0,965.416,6.37,0.002,1.6,0.6,-1.273,14,279,27.481,69.003,4.782,51.318,,,,,0
2026-10-06T01:00Z,2026-10-06T13:00Z,3612966,12,8,2.4,4.7,0.8,0.6,h,2.4,0.6,2.4,0.6,0,0,493.916,7.391,0,1.6,0.6,-1.273,20,279,22.991,74.33,4.213,54.316,,,,,0
2026-10-06T01:00Z,2026-10-07T01:00Z,3612966,24,18.3,8.1,11,3.8,1.6,h,8.1,1.6,8.1,1.6,0,0,526.485,3.995,0,1.6,0.6,-1.273,8,280,24.262,72.923,2.85,38.501,,,,,0
2026-10-06T01:00Z,2026-10-08T01:00Z,3612966,48,12.6,7.6,16,8.4,4.5,h,7.6,4.5,7.6,4.5,0,0.001,475.992,4.484,0.005,1.6,0.6,-1.273,8,281,24.864,75.433,3.14,32.73,,,,,0
2026-10-06T01:00Z,2026-10-06T02:00Z,3624137,1,1.4,2.6,3.7,6.2,5.5,h,2.6,5.5,2.6,5.5,0,0.001,693.399,2.859,0.02,16.9,5.5,0.43,9,279,23.876,77.337,1.96,29.661,,,,,0
2026-10-06T01:00Z,2026-10-06T04:00Z,3624137,3,1.8,3.2,3.4,5.7,5.5,h,3.2,5.5,3.2,5.5,0,0,1041.209,2.611,0.073,16.9,5.5,0.43,11,279,26.365,68.351,1.77,22.6,,,,,0
2026-10-06T01:00Z,2026-10-06T07:00Z,3624137,6,2.5,4.1,3,5.1,5.4,h,4.1,5.4,4.1,5.4,0,0,632.201,4.368,0.77,16.9,5.5,0.43,14,279,23.499,84.266,2.923,15.6,,,,,0
2026-10-06T01:00Z,2026-10-06T13:00Z,3624137,12,3,4.6,2.6,4.5,5.2,h,4.6,5.2,4.6,5.2,0,0,284.195,4.273,0.002,16.9,5.5,0.43,20,279,20.465,92.35,2.179,23.985,,,,,0
2026-10-06T01:00Z,2026-10-07T01:00Z,3624137,24,1,1.6,2.3,3.6,4.9,h,1.6,4.9,1.6,4.9,0,0.003,579.98,3.836,0.925,16.9,5.5,0.43,8,280,21.289,91.943,2.289,26.831,,,,,0
2026-10-06T01:00Z,2026-10-08T01:00Z,3624137,48,1.3,1.7,3.7,4.7,5.1,h,1.7,5.1,1.7,5.1,0,0.002,444.622,3.824,0.353,16.9,5.5,0.43,8,281,20.966,96.645,2.076,21.194,,,,,0
2026-10-06T01:00Z,2026-10-06T02:00Z,3658671,1,5.3,10.3,5,10,20.1,h,10.3,20.1,10.3,20.1,0,0,494.92,2.559,0,15.4,20.1,0.607,9,279,24.925,74.956,1.949,55.618,,,,,0
2026-10-06T01:00Z,2026-10-06T04:00Z,3658671,3,6,11.2,5.2,10.4,20.1,h,11.2,20.1,11.2,20.1,0,0,867.958,1.798,0.002,15.4,20.1,0.607,11,279,27.321,69.803,1.485,24.55,,,,,0
2026-10-06T01:00Z,2026-10-06T07:00Z,3658671,6,6.5,11.7,5.7,11.1,20.2,h,11.7,20.2,11.7,20.2,0,0,1166.22,1.949,0.012,15.4,20.1,0.607,14,279,28.953,64.858,1.57,27.083,,,,,0
2026-10-06T01:00Z,2026-10-06T13:00Z,3658671,12,8.7,14.4,6.6,12.3,20.1,h,14.4,20.1,14.5,20.1,0,0,45.014,1.361,0,15.4,20.1,0.607,20,279,24.255,96.355,0.448,21.299,,,,,0
2026-10-06T01:00Z,2026-10-07T01:00Z,3658671,24,11.4,16.8,8.7,14.3,18.2,h,16.8,18.2,16.9,18.3,0,0,201.408,1.539,0,15.4,20.1,0.607,8,280,23.277,76.078,1.031,80.923,,,,,0
2026-10-06T01:00Z,2026-10-08T01:00Z,3658671,48,11.8,14.9,11,14.8,17.5,h,14.9,17.5,14.9,17.5,0,0,320.749,2.297,0,15.4,20.1,0.607,8,281,24.241,67.344,1.493,82.173,,,,,0
2026-10-06T01:00Z,2026-10-06T02:00Z,3683630,1,1,1.3,2.2,2.7,8.2,h,1.3,8.2,1.3,8.2,0,0,744.03,4.493,0.191,5.6,8.2,0.137,9,279,24.18,78.8,2.982,27.702,,,,,0
2026-10-06T01:00Z,2026-10-06T04:00Z,3683630,3,1.2,1.5,2.2,2.6,7.9,h,1.5,7.9,1.5,7.9,0,0,989.939,5.004,0.398,5.6,8.2,0.137,11,279,26.102,71.344,3.413,23.762,,,,,0
2026-10-06T01:00Z,2026-10-06T07:00Z,3683630,6,1.8,2.2,2.1,2.5,7.6,h,2.2,7.6,2.2,7.6,0,0,719.351,5.937,1.656,5.6,8.2,0.137,14,279,23.828,83.313,3.948,20.961,,,,,0
2026-10-06T01:00Z,2026-10-06T13:00Z,3683630,12,2.2,2.6,1.9,2.3,6.8,h,2.6,6.8,2.6,6.8,0,0,431.041,5.069,0.067,5.6,8.2,0.137,20,279,20.962,91.376,2.67,23.83,,,,,0
2026-10-06T01:00Z,2026-10-07T01:00Z,3683630,24,1.8,2,1.7,2,6.2,h,2,6.2,2,6.2,0,0.001,605.094,4.556,0.789,5.6,8.2,0.137,8,280,21.81,89.944,2.71,23.567,,,,,0
2026-10-06T01:00Z,2026-10-08T01:00Z,3683630,48,0.8,0.9,4,4.4,6.3,h,0.9,6.3,0.9,6.3,0,0.002,520.92,4.333,0.603,5.6,8.2,0.137,8,281,21.718,95.312,2.482,23.178,,,,,0
2026-10-06T01:00Z,2026-10-06T02:00Z,3684608,1,5.8,4.9,4.7,4,14.5,h,4.9,14.5,4.9,14.5,0,0,501.122,3.02,0,4.1,14.5,-0.141,9,279,25.155,73.164,2.283,53.115,,,,,0
2026-10-06T01:00Z,2026-10-06T04:00Z,3684608,3,6.2,5.3,5,4.2,14.5,h,5.3,14.5,5.3,14.5,0,0,879.23,1.884,0.003,4.1,14.5,-0.141,11,279,27.485,68.776,1.544,27.808,,,,,0
2026-10-06T01:00Z,2026-10-06T07:00Z,3684608,6,6.2,5.4,5.5,4.7,14.5,h,5.4,14.5,5.4,14.5,0,0,1173.616,2.043,0.018,4.1,14.5,-0.141,14,279,29.132,63.56,1.648,28.204,,,,,0
2026-10-06T01:00Z,2026-10-06T13:00Z,3684608,12,9.1,8.1,6.5,5.6,14.1,h,8.1,14.1,8.1,14.1,0,0,48.268,1.674,0,4.1,14.5,-0.141,20,279,24.476,95.52,0.597,26.243,,,,,0
2026-10-06T01:00Z,2026-10-07T01:00Z,3684608,24,12.8,11.7,9.4,8.4,12.6,h,11.7,12.6,11.8,12.6,0,0,210.744,1.799,0,4.1,14.5,-0.141,8,280,23.448,73.142,1.233,75.942,,,,,0
2026-10-06T01:00Z,2026-10-08T01:00Z,3684608,48,14.5,13.7,12.4,11.6,13,h,13.7,13,13.7,13,0,0,309.177,2.443,0,4.1,14.5,-0.141,8,281,24.202,68.081,1.578,76.043,,,,,0
2026-10-06T01:00Z,2026-10-06T02:00Z,3684609,1,5.8,5.8,,,,h,5.8,,5.8,,0,0,699.309,2.087,0,,,0,9,279,20.265,78.518,1.529,86.804,,,,,0
2026-10-06T01:00Z,2026-10-06T04:00Z,3684609,3,6.6,6.6,,,,h,6.6,,6.6,,0,0,1105.05,2.614,0,,,0,11,279,22.561,67.105,1.937,85.458,,,,,0
2026-10-06T01:00Z,2026-10-06T07:00Z,3684609,6,6.5,6.5,,,,h,6.5,,6.5,,0,0,1207.816,2.569,0,,,0,14,279,23.884,61.39,1.861,89.887,,,,,0
2026-10-06T01:00Z,2026-10-06T13:00Z,3684609,12,8,8,,,,h,8,,8,,0,0,21.659,1.692,0,,,0,20,279,20.175,79.86,0.358,98.201,,,,,0
2026-10-06T01:00Z,2026-10-07T01:00Z,3684609,24,10.1,10.1,,,,h,10.1,,10.2,,0,0,228.289,0.942,0,,,0,8,280,20.181,73.344,0.685,70.838,,,,,0
2026-10-06T01:00Z,2026-10-08T01:00Z,3684609,48,10.8,10.8,,,,h,10.8,,10.8,,0,0,139,1.139,0,,,0,8,281,20.535,71.37,0.568,80.943,,,,,0
2026-10-06T01:00Z,2026-10-06T02:00Z,3684610,1,1.6,2.4,4,5.5,4.5,h,2.4,4.5,2.4,4.5,0,0,484.618,3.329,0.586,10.9,4.5,0.27,9,279,20.955,92.688,2.329,70.258,,,,,0
2026-10-06T01:00Z,2026-10-06T04:00Z,3684610,3,2.3,3.2,3.6,5,4.5,h,3.2,4.5,3.2,4.5,0,0,587.581,3.094,0.185,10.9,4.5,0.27,11,279,22.42,84.135,2.261,70.807,,,,,0
2026-10-06T01:00Z,2026-10-06T07:00Z,3684610,6,3.2,4.3,3.2,4.5,4.5,h,4.3,4.5,4.3,4.5,0,0,829.071,3.169,0.36,10.9,4.5,0.27,14,279,24.568,75.128,2.343,64.916,,,,,0
2026-10-06T01:00Z,2026-10-06T13:00Z,3684610,12,6.9,8.7,3.1,4.3,4.3,h,8.7,4.3,8.7,4.3,0,0,25.207,1.111,0,10.9,4.5,0.27,20,279,21.175,93.327,0.176,74.899,,,,,0
2026-10-06T01:00Z,2026-10-07T01:00Z,3684610,24,10.4,12.4,6.9,8.6,5.8,h,12.4,5.8,12.5,5.8,0,0,128.883,2.254,0,10.9,4.5,0.27,8,280,20.908,89.181,1.098,55.534,,,,,0
2026-10-06T01:00Z,2026-10-08T01:00Z,3684610,48,10.7,11.9,10.3,11.8,8.1,h,11.9,8.1,11.9,8.1,0,0,139.43,1.66,0,10.9,4.5,0.27,8,281,21.714,77.934,0.855,71.445,,,,,0
2026-10-06T01:00Z,2026-10-06T02:00Z,3684611,1,3.4,8.6,,,,h,8.6,,8.6,,0,0,797.247,6.738,0.301,,,0.94,9,279,23.268,84.709,4.049,31.329,,,,,0
2026-10-06T01:00Z,2026-10-06T04:00Z,3684611,3,4.9,11.5,,,,h,11.5,,11.5,,0,0,924.406,6.575,0.287,,,0.94,11,279,24.426,80.64,4.344,31.99,,,,,0
2026-10-06T01:00Z,2026-10-06T07:00Z,3684611,6,4.4,9.9,,,,h,9.9,,9.9,,0,0,777.564,7.102,0.68,,,0.94,14,279,23.857,84.264,4.591,32.146,,,,,0
2026-10-06T01:00Z,2026-10-06T13:00Z,3684611,12,9.3,18.1,,,,h,18.1,,18.2,,0,0,633.338,6.709,0.016,,,0.94,20,279,21.748,85.123,3.622,34.381,,,,,0
2026-10-06T01:00Z,2026-10-07T01:00Z,3684611,24,14.8,24.6,,,,h,24.6,,24.7,,0,0,736.737,6.259,0.024,,,0.94,8,280,23.854,76.79,3.812,28.896,,,,,0
2026-10-06T01:00Z,2026-10-08T01:00Z,3684611,48,6.9,9.6,,,,h,9.6,,9.6,,0,0.002,647.502,4.475,0.61,,,0.94,8,281,24.091,84.256,2.855,31.092,,,,,0
2026-10-06T01:00Z,2026-10-06T02:00Z,3685146,1,5,2.1,3.4,1.2,1.7,h,2.1,1.7,2.1,1.7,0,0,681.535,2.971,0.032,4.5,1.7,-0.686,9,279,20.382,83.49,1.982,77.053,,,,,0
2026-10-06T01:00Z,2026-10-06T04:00Z,3685146,3,6.4,2.9,3.7,1.4,1.7,h,2.9,1.7,2.9,1.7,0,0,957.527,3.894,0,4.5,1.7,-0.686,11,279,22.879,68.275,2.784,86.846,,,,,0
2026-10-06T01:00Z,2026-10-06T07:00Z,3685146,6,6.6,3.2,4.3,1.7,1.7,h,3.2,1.7,3.2,1.7,0,0,1392.114,3.724,0,4.5,1.7,-0.686,14,279,25.116,57.447,2.757,81.164,,,,,0
2026-10-06T01:00Z,2026-10-06T13:00Z,3685146,12,9.8,5.4,5.5,2.5,1.8,h,5.4,1.8,5.4,1.8,0,0,31.054,2.474,0,4.5,1.7,-0.686,20,279,19.721,82.815,0.786,59.251,,,,,0
2026-10-06T01:00Z,2026-10-07T01:00Z,3685146,24,9.5,6,9,5.1,2.8,h,6,2.8,6,2.8,0,0,223.315,1.913,0,4.5,1.7,-0.686,8,280,20.563,77.896,0.839,59.922,,,,,0
2026-10-06T01:00Z,2026-10-08T01:00Z,3685146,48,12.1,9.2,9.7,6.9,4.3,h,9.2,4.3,9.2,4.3,0,0,116.181,1.806,0,4.5,1.7,-0.686,8,281,20.369,78.22,0.654,77.849,,,,,0
2026-10-06T01:00Z,2026-10-06T02:00Z,3685147,1,4.8,6,2.9,3.8,5.2,h,6,5.2,6,5.2,0,0,458.802,2.574,0.098,25.1,5.2,0.199,9,279,19.298,89.356,1.825,43.8,,,,,0
2026-10-06T01:00Z,2026-10-06T04:00Z,3685147,3,6.2,7.6,3.2,4.1,5.2,h,7.6,5.2,7.6,5.2,0,0,651.644,2.561,0.102,25.1,5.2,0.199,11,279,21.054,77.161,1.868,63.577,,,,,0
2026-10-06T01:00Z,2026-10-06T07:00Z,3685147,6,6.8,8.3,3.7,4.7,5.4,h,8.3,5.4,8.3,5.4,0,0,1133.234,2.999,0,25.1,5.2,0.199,14,279,23.855,62.678,2.313,74.497,,,,,0
2026-10-06T01:00Z,2026-10-06T13:00Z,3685147,12,8.6,10.2,4.8,6,5.7,h,10.2,5.7,10.2,5.7,0,0,67.225,3.166,0,25.1,5.2,0.199,20,279,19.88,76.565,1.082,61.267,,,,,0
2026-10-06T01:00Z,2026-10-07T01:00Z,3685147,24,6.1,7,7.4,8.7,6.3,h,7,6.3,7,6.3,0,0,191.772,1.98,0,25.1,5.2,0.199,8,280,19.861,77.59,1.082,28.457,,,,,0
2026-10-06T01:00Z,2026-10-08T01:00Z,3685147,48,8,8.7,6.8,7.6,6.4,h,8.7,6.4,8.7,6.4,0,0,127.957,1.201,0,25.1,5.2,0.199,8,281,20.023,75.811,0.613,30.803,,,,,0
2026-10-06T01:00Z,2026-10-06T02:00Z,3685149,1,2.3,2.2,4.9,4.7,3.9,h,2.2,3.9,2.2,3.9,0,0.001,684.891,2.063,0,11.4,3.9,-0.038,9,279,27.14,77.637,1.497,44.021,,,,,0
2026-10-06T01:00Z,2026-10-06T04:00Z,3685149,3,2.7,2.6,4.7,4.5,3.9,h,2.6,3.9,2.6,3.9,0,0,960.018,3.08,0.057,11.4,3.9,-0.038,11,279,29.122,71.203,2.394,28.886,,,,,0
2026-10-06T01:00Z,2026-10-06T07:00Z,3685149,6,4,3.8,4.4,4.2,4,h,3.8,4,3.8,4,0,0,641.053,3.245,0.575,11.4,3.9,-0.038,14,279,27.536,82.99,2.255,14.829,,,,,0
2026-10-06T01:00Z,2026-10-06T13:00Z,3685149,12,3,2.9,3.9,3.7,3.9,h,2.9,3.9,2.9,3.9,0,0,271.193,3.44,0.057,11.4,3.9,-0.038,20,279,24.72,82.85,2.049,15.44,,,,,0
2026-10-06T01:00Z,2026-10-07T01:00Z,3685149,24,5.5,5.4,3.6,3.5,3.8,h,5.4,3.8,5.4,3.8,0,0.001,434.33,1.695,0,11.4,3.9,-0.038,8,280,25.127,82.297,1.157,7.787,,,,,0
2026-10-06T01:00Z,2026-10-08T01:00Z,3685149,48,4.1,4,7.6,7.4,5.7,h,4,5.7,4,5.7,0,0.001,344.21,3.662,2.374,11.4,3.9,-0.038,8,281,23.994,93.257,2.129,357.711,,,,,0
2026-10-06T01:00Z,2026-10-06T02:00Z,3685150,1,6.5,6.6,5.3,5.4,9.5,h,6.6,9.5,6.6,9.5,0,0.001,608.37,0.49,0,5.1,9.5,0.013,9,279,27.316,79.491,0.441,80.478,,,,,0
2026-10-06T01:00Z,2026-10-06T04:00Z,3685150,3,7.4,7.5,5.4,5.5,9.5,h,7.5,9.5,7.5,9.5,0,0.001,916.094,1.161,0.064,5.1,9.5,0.013,11,279,29.525,72.075,1.051,19.481,,,,,0
2026-10-06T01:00Z,2026-10-06T07:00Z,3685150,6,6.6,6.7,5.5,5.6,9.5,h,6.7,9.5,6.7,9.5,0,0,622.63,1.913,0.701,5.1,9.5,0.013,14,279,28.06,84.356,1.337,337.822,,,,,0
2026-10-06T01:00Z,2026-10-06T13:00Z,3685150,12,4.1,4.2,5,5.1,8.9,h,4.2,8.9,4.2,8.9,0,0.001,125.328,2.004,0.064,5.1,9.5,0.013,20,279,25.416,85.695,0.912,338.076,,,,,0
2026-10-06T01:00Z,2026-10-07T01:00Z,3685150,24,3.5,3.5,4.9,4.9,8,h,3.5,8,3.5,8,0,0.005,298.275,1.05,0,5.1,9.5,0.013,8,280,25.377,85.238,0.675,306.477,,,,,0
2026-10-06T01:00Z,2026-10-08T01:00Z,3685150,48,6.7,6.7,5.2,5.2,7.4,h,6.7,7.4,6.7,7.4,0,0.001,283.33,3.466,2.443,5.1,9.5,0.013,8,281,24.118,95.507,1.989,339.127,,,,,0
2026-10-06T01:00Z,2026-10-06T02:00Z,3685151,1,2.3,3.7,4.9,7.6,10,h,3.7,10,3.7,10,0,0.001,654.806,1.21,0,10.2,10,0.369,9,279,27.205,78.412,0.906,47.447,,,,,0
2026-10-06T01:00Z,2026-10-06T04:00Z,3685151,3,2.7,4.2,4.7,7.2,10,h,4.2,10,4.2,10,0,0.001,935.583,2.28,0.069,10.2,10,0.369,11,279,29.299,71.509,1.852,23.097,,,,,0
2026-10-06T01:00Z,2026-10-06T07:00Z,3685151,6,4,5.9,4.4,6.7,10,h,5.9,10,5.9,10,0,0,563.966,2.48,0.689,10.2,10,0.369,14,279,27.454,85.6,1.704,4.212,,,,,0
2026-10-06T01:00Z,2026-10-06T13:00Z,3685151,12,3,4.3,3.9,5.9,9.7,h,4.3,9.7,4.3,9.7,0,0,208.759,2.768,0.069,10.2,10,0.369,20,279,24.941,83.372,1.62,6.075,,,,,0
2026-10-06T01:00Z,2026-10-07T01:00Z,3685151,24,5.5,7.1,3.6,5.1,8.4,h,7.1,8.4,7.1,8.4,0,0.001,382.903,1.143,0,10.2,10,0.369,8,280,25.209,83.297,0.744,347.483,,,,,0
2026-10-06T01:00Z,2026-10-08T01:00Z,3685151,48,4.1,4.8,7.6,9.2,9.6,h,4.8,9.6,4.8,9.6,0,0.001,304.201,3.569,2.727,10.2,10,0.369,8,281,23.872,94.823,2,348.793,,,,,0
2026-10-06T01:00Z,2026-10-06T02:00Z,3685152,1,6.5,3.8,5.3,2.9,4.8,h,3.8,4.8,3.8,4.8,0,0.001,600.141,0.645,0,5.1,4.8,-0.466,9,279,27.343,79.621,0.547,77.223,,,,,0
2026-10-06T01:00Z,2026-10-06T04:00Z,3685152,3,7.4,4.5,5.4,3.1,4.8,h,4.5,4.8,4.5,4.8,0,0.001,923.501,1.065,0.052,5.1,4.8,-0.466,11,279,29.542,72.224,0.964,28.727,,,,,0
2026-10-06T01:00Z,2026-10-06T07:00Z,3685152,6,6.6,4.1,5.5,3.2,4.8,h,4.1,4.8,4.1,4.8,0,0,716.04,2.045,0.625,5.1,4.8,-0.466,14,279,28.492,81.656,1.45,337.045,,,,,0
2026-10-06T01:00Z,2026-10-06T13:00Z,3685152,12,4.1,2.6,5,2.9,4.5,h,2.6,4.5,2.6,4.5,0,0.001,122.037,2.002,0.052,5.1,4.8,-0.466,20,279,25.545,86.777,0.819,332.442,,,,,0
2026-10-06T01:00Z,2026-10-07T01:00Z,3685152,24,3.5,2.4,4.9,3.1,4.2,h,2.4,4.2,2.4,4.2,0,0.014,286.22,1.151,0,5.1,4.8,-0.466,8,280,25.42,85.696,0.763,311.873,,,,,0
2026-10-06T01:00Z,2026-10-08T01:00Z,3685152,48,6.7,5.5,5.2,4.1,4.4,h,5.5,4.4,5.5,4.4,0,0.001,301.486,3.386,1.986,5.1,4.8,-0.466,8,281,24.374,94.733,2.01,340.335,,,,,0
2026-10-06T01:00Z,2026-10-06T02:00Z,3714636,1,4.8,1.4,2.8,0.5,2.1,h,1.4,2.1,1.4,2.1,0,0,394.333,2.88,0.176,3.3,2.1,-0.926,9,279,18.201,93.666,1.896,60.9,,,,,0
2026-10-06T01:00Z,2026-10-06T04:00Z,3714636,3,6.1,2,3.1,0.6,2.1,h,2,2.1,2,2.1,0,0,614.494,2.838,0.072,3.3,2.1,-0.926,11,279,20.139,80.341,2.028,72.491,,,,,0
2026-10-06T01:00Z,2026-10-06T07:00Z,3714636,6,6.2,2.2,3.6,0.9,2.1,h,2.2,2.1,2.2,2.1,0,0,1100.041,3.242,0,3.3,2.1,-0.926,14,279,23.367,61.837,2.451,79.326,,,,,0
2026-10-06T01:00Z,2026-10-06T13:00Z,3714636,12,7.9,3.4,4.8,1.5,2,h,3.4,2,3.4,2,0,0,78.554,3.859,0,3.3,2.1,-0.926,20,279,18.84,79.97,1.599,64.189,,,,,0
2026-10-06T01:00Z,2026-10-07T01:00Z,3714636,24,7.6,4,7.2,3.1,2.4,h,4,2.4,4,2.4,0,0,288.412,2.662,0,3.3,2.1,-0.926,8,280,19.608,72.202,1.608,57.062,,,,,0
2026-10-06T01:00Z,2026-10-08T01:00Z,3714636,48,9.4,6.4,7,4.3,3.2,h,6.4,3.2,6.4,3.2,0,0,245.141,1.547,0,3.3,2.1,-0.926,8,281,20.341,72.486,0.866,66.533,,,,,0
2026-10-06T01:00Z,2026-10-06T02:00Z,3714637,1,4.2,6.8,,,,h,6.8,,6.8,,0,0,610.612,4.016,0.104,,,0.574,9,279,20.659,90.59,2.799,64.371,,,,,0
2026-10-06T01:00Z,2026-10-06T04:00Z,3714637,3,5.7,8.9,,,,h,8.9,,8.9,,0,0,771.559,4.082,0,,,0.574,11,279,22.825,74.315,2.978,74.069,,,,,0
2026-10-06T01:00Z,2026-10-06T07:00Z,3714637,6,6.7,10.2,,,,h,10.2,,10.2,,0,0,1060.713,4.188,0.013,,,0.574,14,279,24.861,64.637,3.051,73.615,,,,,0
2026-10-06T01:00Z,2026-10-06T13:00Z,3714637,12,8.6,12.3,,,,h,12.3,,12.4,,0,0,47.817,2.829,0,,,0.574,20,279,20.971,82.907,1.032,69.489,,,,,0
2026-10-06T01:00Z,2026-10-07T01:00Z,3714637,24,8.1,10.7,,,,h,10.7,,10.8,,0,0,305.769,2.567,0,,,0.574,8,280,21.045,79.526,1.532,55.967,,,,,0
2026-10-06T01:00Z,2026-10-08T01:00Z,3714637,48,8.7,10.3,,,,h,10.3,,10.3,,0,0,155.202,1.799,0,,,0.574,8,281,21.582,75.201,1.032,60.403,,,,,0
2026-10-06T01:00Z,2026-10-06T02:00Z,3714638,1,2.3,5.1,1.7,4.1,3.8,h,5.1,3.8,5.1,3.8,0,0,272.838,1.998,0.281,7.1,3.8,0.636,9,279,20.704,95.882,1.296,15.493,,,,,0
2026-10-06T01:00Z,2026-10-06T04:00Z,3714638,3,3.4,6.9,1.8,4.3,3.8,h,6.9,3.8,6.9,3.8,0,0,381.541,2.707,0.334,7.1,3.8,0.636,11,279,21.72,91.129,1.884,11.104,,,,,0
2026-10-06T01:00Z,2026-10-06T07:00Z,3714638,6,4.4,8.4,2.1,4.7,3.9,h,8.4,3.9,8.4,3.9,0,0,625.369,2.958,0.344,7.1,3.8,0.636,14,279,24.323,77.104,2.259,25.616,,,,,0
2026-10-06T01:00Z,2026-10-06T13:00Z,3714638,12,6.7,11.5,3,6,4.4,h,11.5,4.4,11.5,4.4,0,0,31.659,1.444,0,7.1,3.8,0.636,20,279,21.906,86.408,0.315,27.268,,,,,0
2026-10-06T01:00Z,2026-10-07T01:00Z,3714638,24,7.9,12,6.3,10.6,6,h,12,6,12.1,6,0,0,332.944,1.755,0,7.1,3.8,0.636,8,280,22.11,80.499,1.157,23.013,,,,,0
2026-10-06T01:00Z,2026-10-08T01:00Z,3714638,48,8.4,10.8,7.5,10.3,7,h,10.8,7,10.8,7,0,0,213.318,0.856,0,7.1,3.8,0.636,8,281,22.146,76.089,0.441,16.942,,,,,0
2026-10-06T01:00Z,2026-10-06T02:00Z,3714639,1,2.7,6.3,2.4,6,2.3,h,6.3,2.3,6.3,2.3,0,0,409.686,2.652,0.165,14.6,2.3,0.706,9,279,18.346,92.53,1.876,65.372,,,,,0
2026-10-06T01:00Z,2026-10-06T04:00Z,3714639,3,4.1,8.8,2.5,6.1,2.3,h,8.8,2.3,8.8,2.3,0,0,463.225,2.488,0.438,14.6,2.3,0.706,11,279,19.201,86.832,1.76,73.919,,,,,0
2026-10-06T01:00Z,2026-10-06T07:00Z,3714639,6,5.8,11.5,2.8,6.5,2.5,h,11.5,2.5,11.5,2.5,0,0,643.289,2.609,0.126,14.6,2.3,0.706,14,279,21.238,77.48,1.961,86.054,,,,,0
2026-10-06T01:00Z,2026-10-06T13:00Z,3714639,12,7.8,14.1,3.6,7.6,3.3,h,14.1,3.3,14.2,3.3,0,0,40.936,2.057,0,14.6,2.3,0.706,20,279,17.92,90.763,0.587,65.943,,,,,0
2026-10-06T01:00Z,2026-10-07T01:00Z,3714639,24,7.5,11.9,7.3,13.1,5.7,h,11.9,5.7,12,5.8,0,0,396.615,1.854,0,14.6,2.3,0.706,8,280,19.644,75.824,1.275,58.12,,,,,0
2026-10-06T01:00Z,2026-10-08T01:00Z,3714639,48,6.8,9.1,6.6,9.4,5.9,h,9.1,5.9,9.1,5.9,0,0,280.386,1.044,0,14.6,2.3,0.706,8,281,20.12,68.917,0.684,62.57,,,,,0
2026-10-06T01:00Z,2026-10-06T02:00Z,3714641,1,2.9,2.2,2.9,2.1,3.3,h,2.2,3.3,2.2,3.3,0,0,927.753,7.167,0,0.9,3.3,-0.22,9,279,26.477,72.778,4.916,36.771,,,,,0
2026-10-06T01:00Z,2026-10-06T04:00Z,3714641,3,4.6,3.6,2.8,2,3.3,h,3.6,3.3,3.6,3.3,0,0,1111.206,8.528,0,0.9,3.3,-0.22,11,279,27.635,69.251,5.894,34.964,,,,,0
2026-10-06T01:00Z,2026-10-06T07:00Z,3714641,6,5,4,2.8,2,3.3,h,4,3.3,4,3.3,0,0,958.469,8.271,0.004,0.9,3.3,-0.22,14,279,27.156,71.301,5.692,32.232,,,,,0
2026-10-06T01:00Z,2026-10-06T13:00Z,3714641,12,5.2,4.2,3,2.3,3.3,h,4.2,3.3,4.2,3.3,0,0,600.487,6.497,0,0.9,3.3,-0.22,20,279,22.816,83.945,3.695,37.351,,,,,0
2026-10-06T01:00Z,2026-10-07T01:00Z,3714641,24,13.6,11.8,7.6,6.4,4.3,h,11.8,4.3,11.9,4.3,0,0,737.483,5.105,0,0.9,3.3,-0.22,8,280,24.454,77.76,3.461,32.465,,,,,0
2026-10-06T01:00Z,2026-10-08T01:00Z,3714641,48,8.3,7.6,11.6,10.3,6.8,h,7.6,6.8,7.6,6.8,0,0.002,546.42,4.64,0.979,0.9,3.3,-0.22,8,281,23.932,89.202,3.013,30.996,,,,,0
2026-10-06T01:00Z,2026-10-06T02:00Z,3714642,1,3.2,3.2,,,,h,3.2,,3.2,,0,0.001,658.127,1.152,0,,,0,9,279,27.186,78.439,0.851,45.985,,,,,0
2026-10-06T01:00Z,2026-10-06T04:00Z,3714642,3,3.7,3.7,,,,h,3.7,,3.7,,0,0.001,934.472,2.282,0.071,,,0,11,279,29.274,71.514,1.84,21.821,,,,,0
2026-10-06T01:00Z,2026-10-06T07:00Z,3714642,6,4,4,,,,h,4,,4,,0,0,547.424,2.426,0.706,,,0,14,279,27.377,86.079,1.653,2.846,,,,,0
2026-10-06T01:00Z,2026-10-06T13:00Z,3714642,12,2.8,2.8,,,,h,2.8,,2.8,,0,0,201.345,2.6,0.071,,,0,20,279,24.907,83.745,1.504,4.404,,,,,0
2026-10-06T01:00Z,2026-10-07T01:00Z,3714642,24,3.3,3.3,,,,h,3.3,,3.3,,0,0.001,379.326,1.063,0,,,0,8,280,25.199,83.474,0.676,343.411,,,,,0
2026-10-06T01:00Z,2026-10-08T01:00Z,3714642,48,3.9,3.9,,,,h,3.9,,3.9,,0,0.001,298.746,3.529,2.807,,,0,8,281,23.8,95.346,1.959,347.113,,,,,0
2026-10-06T01:00Z,2026-10-06T02:00Z,3714643,1,3.3,12.3,5.1,18.6,13,h,12.3,13,12.3,13,0,0.003,682.754,0.799,0.018,20.4,13,1.176,9,279,26.681,77.044,0.496,35.862,,,,,0
2026-10-06T01:00Z,2026-10-06T04:00Z,3714643,3,3.6,12.6,4.7,17.3,13,h,12.6,13,12.6,13,0,0.003,997.135,1.761,0.068,20.4,13,1.176,11,279,28.812,70.349,1.282,8.492,,,,,0
2026-10-06T01:00Z,2026-10-06T07:00Z,3714643,6,3.5,11.4,4.1,15.3,13.1,h,11.4,13.1,11.4,13.1,0,0.001,473.467,2.18,0.715,20.4,13,1.176,14,279,26.66,86.572,1.42,348.765,,,,,0
2026-10-06T01:00Z,2026-10-06T13:00Z,3714643,12,2.7,8.1,3.4,12.3,12.8,h,8.1,12.8,8.1,12.8,0,0.001,145.955,1.938,0.064,20.4,13,1.176,20,279,23.975,86.994,0.95,1.261,,,,,0
2026-10-06T01:00Z,2026-10-07T01:00Z,3714643,24,1.8,4.6,2.7,8.3,11.5,h,4.6,11.5,4.6,11.5,0,0.002,431.91,0.804,0.051,20.4,13,1.176,8,280,24.749,84.193,0.43,330.415,,,,,0
2026-10-06T01:00Z,2026-10-08T01:00Z,3714643,48,3.3,5.6,4.6,8.6,10.8,h,5.6,10.8,5.6,10.8,0,0.002,259.174,3.082,2.66,20.4,13,1.176,8,281,23.014,98.315,1.619,340.032,,,,,0
2026-10-06T01:00Z,2026-10-06T02:00Z,3714644,1,6.5,18.4,5.3,15.9,13.4,h,18.4,13.4,18.4,13.4,0,0.001,613.69,0.337,0,59.4,13.4,0.993,9,279,27.275,79.722,0.295,174.223,,,,,0
2026-10-06T01:00Z,2026-10-06T04:00Z,3714644,3,7.4,19.9,5.4,16.2,13.5,h,19.9,13.5,19.9,13.5,0,0.001,896.551,0.921,0.08,59.4,13.4,0.993,11,279,29.516,72.112,0.837,357.127,,,,,0
2026-10-06T01:00Z,2026-10-06T07:00Z,3714644,6,6.6,16.9,5.5,16.1,13.8,h,16.9,13.8,16.9,13.8,0,0.001,513.91,1.633,0.811,59.4,13.4,0.993,14,279,27.683,87.693,1.148,315.436,,,,,0
2026-10-06T01:00Z,2026-10-06T13:00Z,3714644,12,4.1,9.9,5,14.1,13.6,h,9.9,13.6,9.9,13.6,0,0.002,76.636,1.648,0.08,59.4,13.4,0.993,20,279,25.379,86.31,0.533,313.494,,,,,0
2026-10-06T01:00Z,2026-10-07T01:00Z,3714644,24,3.5,7.1,4.9,11.9,12.9,h,7.1,12.9,7.1,12.9,0,0.006,267.82,1.197,0,59.4,13.4,0.993,8,280,25.372,85.925,0.788,270.893,,,,,0
2026-10-06T01:00Z,2026-10-08T01:00Z,3714644,48,6.7,10,5.2,8.7,11.1,h,10,11.1,10,11.1,0,0.001,241.444,3.557,3.034,59.4,13.4,0.993,8,281,23.744,97.972,1.99,329.425,,,,,0
2026-10-06T01:00Z,2026-10-06T02:00Z,3714646,1,6.6,5.9,6.9,6.1,8.8,h,5.9,8.8,5.9,8.8,0,0.104,658.681,0.403,0.067,5,8.8,-0.097,9,279,26.202,73.021,0.34,84.129,,,,,0
2026-10-06T01:00Z,2026-10-06T04:00Z,3714646,3,6.9,6.2,6.8,6.1,8.8,h,6.2,8.8,6.2,8.8,0,0.092,1190.854,0.804,0.014,5,8.8,-0.097,11,279,28.586,67.004,0.64,257.927,,,,,0
2026-10-06T01:00Z,2026-10-06T07:00Z,3714646,6,6.8,6.2,6.5,5.8,8.8,h,6.2,8.8,6.2,8.8,0,0.039,566.92,2.202,0.367,5,8.8,-0.097,14,279,27.215,76.66,1.562,320.792,,,,,0
2026-10-06T01:00Z,2026-10-06T13:00Z,3714646,12,6,5.5,5.9,5.3,8,h,5.5,8,5.5,8,0,0.022,95.527,2.028,0.029,5,8.8,-0.097,20,279,22.719,90.201,0.859,32.339,,,,,0
2026-10-06T01:00Z,2026-10-07T01:00Z,3714646,24,4.4,4.1,6.1,5.6,7.8,h,4.1,7.8,4.1,7.8,0,0.009,593.788,0.865,0,5,8.8,-0.097,8,280,24.424,81.968,0.533,350.613,,,,,0
2026-10-06T01:00Z,2026-10-08T01:00Z,3714646,48,5.5,5.3,4.7,4.5,6.6,h,5.3,6.6,5.3,6.6,0,0.001,211.652,1.915,0.662,5,8.8,-0.097,8,281,22.999,95.683,1.012,348.237,,,,,0
2026-10-06T01:00Z,2026-10-06T02:00Z,3733063,1,3.2,6.5,5.2,10.3,10.5,h,6.5,10.5,6.5,10.5,0,0.001,635.539,0.276,0,9.3,10.5,0.6,9,279,27.199,79.188,0.252,59.053,,,,,0
2026-10-06T01:00Z,2026-10-06T04:00Z,3733063,3,3.7,7.2,4.9,9.8,10.5,h,7.2,10.5,7.2,10.5,0,0.001,909.048,1.61,0.084,9.3,10.5,0.6,11,279,29.386,71.765,1.354,8.71,,,,,0
2026-10-06T01:00Z,2026-10-06T07:00Z,3733063,6,4,7.4,4.6,9,10.5,h,7.4,10.5,7.4,10.5,0,0,445.266,1.798,0.844,9.3,10.5,0.6,14,279,27.156,89.351,1.203,341.715,,,,,0
2026-10-06T01:00Z,2026-10-06T13:00Z,3733063,12,2.8,5,3.9,7.7,9.9,h,5,9.9,5,9.9,0,0.001,129.91,1.834,0.084,9.3,10.5,0.6,20,279,25.048,84.835,0.917,343.505,,,,,0
2026-10-06T01:00Z,2026-10-07T01:00Z,3733063,24,3.3,5.1,3.1,5.5,8.9,h,5.1,8.9,5.1,8.9,0,0.002,323.62,0.885,0,9.3,10.5,0.6,8,280,25.25,84.683,0.543,290.387,,,,,0
2026-10-06T01:00Z,2026-10-08T01:00Z,3733063,48,3.9,5.1,5.7,7.8,9.2,h,5.1,9.2,5.1,9.2,0,0.001,252.009,3.503,3.277,9.3,10.5,0.6,8,281,23.562,97.602,1.89,335.421,,,,,0
2026-10-06T01:00Z,2026-10-06T02:00Z,3733065,1,5.9,5.6,4.5,4.3,4.2,h,5.6,4.2,5.6,4.2,0,0.006,600.204,1.153,0,8.6,4.2,-0.04,9,279,27.513,79.721,0.893,85.123,,,,,0
2026-10-06T01:00Z,2026-10-06T04:00Z,3733065,3,8.1,7.8,4.9,4.7,4.2,h,7.8,4.2,7.8,4.2,0,0.01,942.807,0.81,0.004,8.6,4.2,-0.04,11,279,29.605,72.947,0.611,91.572,,,,,0
2026-10-06T01:00Z,2026-10-06T07:00Z,3733065,6,9.2,8.9,5.5,5.3,4.4,h,8.9,4.4,8.9,4.4,0,0.005,1182.344,2.148,0.192,8.6,4.2,-0.04,14,279,30.741,68.6,1.616,316.645,,,,,0
2026-10-06T01:00Z,2026-10-06T13:00Z,3733065,12,7.6,7.3,6.1,5.9,4.6,h,7.3,4.6,7.3,4.6,0,0.007,80.021,2.219,0.004,8.6,4.2,-0.04,20,279,26.233,91.49,0.774,294.092,,,,,0
2026-10-06T01:00Z,2026-10-07T01:00Z,3733065,24,6.3,6.1,7.5,7.2,5.2,h,6.1,5.2,6.1,5.2,0,0.075,213.177,1.611,0,8.6,4.2,-0.04,8,280,25.697,88.056,1.144,316.614,,,,,0
2026-10-06T01:00Z,2026-10-08T01:00Z,3733065,48,5.3,5.2,5.3,5.2,4.7,h,5.2,4.7,5.2,4.7,0,0.001,363.457,3.304,0.164,8.6,4.2,-0.04,8,281,25.341,92.841,2.25,340.293,,,,,0
2026-10-06T01:00Z,2026-10-06T02:00Z,3783738,1,7.3,7.3,,,,h,7.3,,7.3,,0,0,680.448,4.066,0.142,,,0,9,279,23.806,82.511,2.668,40.812,,,,,0
2026-10-06T01:00Z,2026-10-06T04:00Z,3783738,3,8.3,8.3,,,,h,8.3,,8.3,,0,0,734.543,3.6,0.114,,,0,11,279,24.728,79.297,2.52,49.09,,,,,0
2026-10-06T01:00Z,2026-10-06T07:00Z,3783738,6,6.1,6.1,,,,h,6.1,,6.1,,0,0,778.537,4.155,0.227,,,0,14,279,25.327,78.806,2.979,57.335,,,,,0
2026-10-06T01:00Z,2026-10-06T13:00Z,3783738,12,11,11,,,,h,11,,11,,0,0,424.536,6.401,0,,,0,20,279,22.06,76.779,3.376,55.575,,,,,0
2026-10-06T01:00Z,2026-10-07T01:00Z,3783738,24,18.8,18.8,,,,h,18.8,,18.9,,0,0,485.575,3.398,0,,,0,8,280,23.999,72.58,2.099,25.868,,,,,0
2026-10-06T01:00Z,2026-10-08T01:00Z,3783738,48,14.5,14.5,,,,h,14.5,,14.5,,0,0.001,451.219,3.265,0.068,,,0,8,281,24.465,76.553,2.127,26.695,,,,,0
2026-10-06T01:00Z,2026-10-06T02:00Z,3891934,1,6.3,11.8,7.6,14.4,8.5,h,11.8,8.5,11.8,8.5,0,0,258.738,0.405,0.489,13.5,8.5,0.583,9,279,22.931,92.54,0.369,281.952,,,,,0
2026-10-06T01:00Z,2026-10-06T04:00Z,3891934,3,7,12.7,7.3,13.9,8.6,h,12.7,8.6,12.7,8.6,0,0,628.481,0.705,0.509,13.5,8.5,0.583,11,279,25.362,81.334,0.637,317.585,,,,,0
2026-10-06T01:00Z,2026-10-06T07:00Z,3891934,6,7.1,12.4,7.1,13.3,8.7,h,12.4,8.7,12.4,8.7,0,0,459.287,1.119,0.737,13.5,8.5,0.583,14,279,26.11,81.906,0.959,73.845,,,,,0
2026-10-06T01:00Z,2026-10-06T13:00Z,3891934,12,21.3,33.8,8,14.2,9.6,h,33.8,9.6,33.9,9.6,0,0,74.738,1.281,0.831,13.5,8.5,0.583,20,279,22.537,96.157,0.701,313.307,,,,,0
2026-10-06T01:00Z,2026-10-07T01:00Z,3891934,24,9.3,13.6,11.6,18.5,11.7,h,13.6,11.7,13.7,11.7,0,0,138.189,0.77,0.006,13.5,8.5,0.583,8,280,22.511,93.348,0.596,338.791,,,,,0
2026-10-06T01:00Z,2026-10-08T01:00Z,3891934,48,23.7,29.5,16.2,21.3,14.9,h,29.5,14.9,29.5,14.9,0,0,147.731,1.028,0,13.5,8.5,0.583,8,281,22.442,94.517,0.709,334.24,,,,,0
2026-10-06T01:00Z,2026-10-06T02:00Z,3892436,1,6.3,14.8,7.6,18.2,10.9,h,14.8,10.9,14.8,10.9,0,0,254.092,0.473,0.498,16.8,10.9,0.803,9,279,23.055,92.42,0.422,280.661,,,,,0
2026-10-06T01:00Z,2026-10-06T04:00Z,3892436,3,7,15.7,7.3,17.5,11,h,15.7,11,15.7,11,0,0,635.119,0.748,0.449,16.8,10.9,0.803,11,279,25.571,80.807,0.674,313.175,,,,,0
2026-10-06T01:00Z,2026-10-06T07:00Z,3892436,6,7.1,15.2,7.1,16.8,11.1,h,15.2,11.1,15.2,11.1,0,0,451.745,1.095,0.653,16.8,10.9,0.803,14,279,26.259,81.8,0.948,74.091,,,,,0
2026-10-06T01:00Z,2026-10-06T13:00Z,3892436,12,21.3,40.1,8,17.6,12.1,h,40.1,12.1,40.3,12.1,0,0,75.424,1.349,0.898,16.8,10.9,0.803,20,279,22.704,95.985,0.746,310.137,,,,,0
2026-10-06T01:00Z,2026-10-07T01:00Z,3892436,24,9.3,15.6,11.6,22,14.4,h,15.6,14.4,15.7,14.5,0,0,135.914,0.749,0.006,16.8,10.9,0.803,8,280,22.638,93.167,0.574,337.632,,,,,0
2026-10-06T01:00Z,2026-10-08T01:00Z,3892436,48,23.7,32,16.2,23.5,17.2,h,32,17.2,32,17.2,0,0,152.627,0.972,0,16.8,10.9,0.803,8,281,22.591,94.344,0.671,334.099,,,,,0
2026-10-06T01:00Z,2026-10-06T02:00Z,3892437,1,6.3,16.3,7.6,20.1,12,h,16.3,12,16.3,12,0,0,245.297,0.663,0.52,18.6,12,0.898,9,279,23.174,92.228,0.569,279.675,,,,,0
2026-10-06T01:00Z,2026-10-06T04:00Z,3892437,3,7,17.3,7.3,19.3,12.1,h,17.3,12.1,17.3,12.1,0,0,665.155,0.944,0.366,18.6,12,0.898,11,279,25.872,79.968,0.835,310.866,,,,,0
2026-10-06T01:00Z,2026-10-06T07:00Z,3892437,6,7.1,16.6,7.1,18.5,12.2,h,16.6,12.2,16.6,12.2,0,0,446.424,1.092,0.572,18.6,12,0.898,14,279,26.452,81.515,0.968,69.042,,,,,0
2026-10-06T01:00Z,2026-10-06T13:00Z,3892437,12,21.3,43.2,8,19.2,13.3,h,43.2,13.3,43.4,13.3,0,0,78.296,1.497,0.913,18.6,12,0.898,20,279,22.849,95.878,0.813,308.064,,,,,0
2026-10-06T01:00Z,2026-10-07T01:00Z,3892437,24,9.3,16.6,11.6,23.7,15.7,h,16.6,15.7,16.7,15.8,0,0,137.142,0.812,0.004,18.6,12,0.898,8,280,22.746,92.998,0.629,334.091,,,,,0
2026-10-06T01:00Z,2026-10-08T01:00Z,3892437,48,23.7,33.1,16.2,24.6,18.3,h,33.1,18.3,33.1,18.3,0,0,151.522,0.999,0,18.6,12,0.898,8,281,22.63,94.577,0.713,332.606,,,,,0
2026-10-06T01:00Z,2026-10-06T02:00Z,3998818,1,5.8,6.3,4.7,5.2,12.8,h,6.3,12.8,6.3,12.8,0,0,506.142,3.016,0,10.1,12.8,0.07,9,279,25.208,73.071,2.295,52.687,,,,,0
2026-10-06T01:00Z,2026-10-06T04:00Z,3998818,3,6.2,6.7,5,5.5,12.8,h,6.7,12.8,6.7,12.8,0,0,870.363,1.939,0,10.1,12.8,0.07,11,279,27.53,68.937,1.597,28.204,,,,,0
2026-10-06T01:00Z,2026-10-06T07:00Z,3998818,6,6.2,6.6,5.5,6,12.8,h,6.6,12.8,6.6,12.8,0,0,1187.496,2.107,0,10.1,12.8,0.07,14,279,29.231,63.441,1.703,30.404,,,,,0
2026-10-06T01:00Z,2026-10-06T13:00Z,3998818,12,9.1,9.7,6.5,7,12.6,h,9.7,12.6,9.7,12.6,0,0,48.517,1.692,0,10.1,12.8,0.07,20,279,24.632,94.462,0.573,29.405,,,,,0
2026-10-06T01:00Z,2026-10-07T01:00Z,3998818,24,12.8,13.4,9.4,10,11.9,h,13.4,11.9,13.5,11.9,0,0,217.738,1.829,0,10.1,12.8,0.07,8,280,23.545,72.938,1.236,74.592,,,,,0
2026-10-06T01:00Z,2026-10-08T01:00Z,3998818,48,14.5,14.9,12.4,12.8,12.8,h,14.9,12.8,14.9,12.8,0,0,308.945,2.39,0,10.1,12.8,0.07,8,281,24.296,68.393,1.544,76.17,,,,,0
2026-10-06T01:00Z,2026-10-06T02:00Z,4028033,1,11.8,20.8,18.9,33.6,28.3,h,20.8,28.3,20.8,28.3,0,0.004,586.899,2.779,0.082,31.8,28.3,0.554,9,279,27.148,84.221,2.166,53.491,,,,,0
2026-10-06T01:00Z,2026-10-06T04:00Z,4028033,3,9,15.7,17.9,31.9,28.2,h,15.7,28.2,15.7,28.2,0,0.004,959.534,2.402,0.076,31.8,28.3,0.554,11,279,29.415,74.973,1.928,74.306,,,,,0
2026-10-06T01:00Z,2026-10-06T07:00Z,4028033,6,6.2,10.6,16.1,28.6,27.9,h,10.6,27.9,10.6,27.9,0,0.004,434.16,3.43,0.378,31.8,28.3,0.554,14,279,28.367,79.956,2.588,7.785,,,,,0
2026-10-06T01:00Z,2026-10-06T13:00Z,4028033,12,17.3,26.9,13.2,23.1,27.1,h,26.9,27.1,27,27.1,0,0.002,98.334,1.055,0.296,31.8,28.3,0.554,20,279,25.618,93.883,0.459,128.237,,,,,0
2026-10-06T01:00Z,2026-10-07T01:00Z,4028033,24,18.8,26.5,13.6,21.1,26,h,26.5,26,26.6,26,0,0,335.974,2.091,0.003,31.8,28.3,0.554,8,280,25.79,89.239,1.637,358.996,,,,,0
2026-10-06T01:00Z,2026-10-08T01:00Z,4028033,48,25.3,31.1,18.1,23.4,25.9,h,31.1,25.9,31.1,25.9,0,0,226.472,1.266,0,31.8,28.3,0.554,8,281,26.569,82.534,0.894,333.437,,,,,0
2026-10-06T01:00Z,2026-10-06T02:00Z,4143979,1,5.6,5,3.5,3.1,2.7,h,5,2.7,5,2.7,0,0,728.707,2.975,0.012,2.8,2.7,-0.091,9,279,19.871,81.488,2.071,83.569,,,,,0
2026-10-06T01:00Z,2026-10-06T04:00Z,4143979,3,6.7,6.1,3.8,3.4,2.7,h,6.1,2.7,6.1,2.7,0,0,1013.838,3.617,0.006,2.8,2.7,-0.091,11,279,22.397,65.975,2.56,89.715,,,,,0
2026-10-06T01:00Z,2026-10-06T07:00Z,4143979,6,7,6.4,4.4,3.9,2.9,h,6.4,2.9,6.4,2.9,0,0,1294.325,3.651,0.024,2.8,2.7,-0.091,14,279,23.96,58.567,2.599,96.436,,,,,0
2026-10-06T01:00Z,2026-10-06T13:00Z,4143979,12,8.3,7.7,5.4,4.9,3.3,h,7.7,3.3,7.7,3.3,0,0,35.639,2.475,0,2.8,2.7,-0.091,20,279,18.689,79.969,0.703,113.641,,,,,0
2026-10-06T01:00Z,2026-10-07T01:00Z,4143979,24,9.1,8.6,9.1,8.4,4.5,h,8.6,4.5,8.6,4.5,0,0,402.759,1.14,0,2.8,2.7,-0.091,8,280,20.068,72.258,0.726,85.916,,,,,0
2026-10-06T01:00Z,2026-10-08T01:00Z,4143979,48,9.5,9.2,9.3,8.9,5.8,h,9.2,5.8,9.2,5.8,0,0,336.612,1.661,0,2.8,2.7,-0.091,8,281,20.621,69.383,0.925,97.36,,,,,0
2026-10-06T01:00Z,2026-10-06T02:00Z,4143980,1,1.9,1.4,3.7,2.8,2.7,h,1.4,2.7,1.4,2.7,0,0,511.929,3.539,0.154,7.7,2.7,-0.206,9,279,20.876,90.91,2.395,62.185,,,,,0
2026-10-06T01:00Z,2026-10-06T04:00Z,4143980,3,2.9,2.2,3.6,2.7,2.7,h,2.2,2.7,2.2,2.7,0,0,742.024,3.754,0.025,7.7,2.7,-0.206,11,279,23.482,73.703,2.711,70.376,,,,,0
2026-10-06T01:00Z,2026-10-06T07:00Z,4143980,6,4.5,3.6,3.5,2.7,2.7,h,3.6,2.7,3.6,2.7,0,0,889.785,3.078,0.594,7.7,2.7,-0.206,14,279,24.525,71.274,2.237,58.891,,,,,0
2026-10-06T01:00Z,2026-10-06T13:00Z,4143980,12,7.9,6.6,3.9,3,2.8,h,6.6,2.8,6.6,2.8,0,0,39.416,2.071,0,7.7,2.7,-0.206,20,279,20.922,88.446,0.486,64.898,,,,,0
2026-10-06T01:00Z,2026-10-07T01:00Z,4143980,24,10,8.7,7.4,6.2,3.8,h,8.7,3.8,8.7,3.8,0,0,227.872,2.512,0,7.7,2.7,-0.206,8,280,21.296,81.157,1.191,43.72,,,,,0
2026-10-06T01:00Z,2026-10-08T01:00Z,4143980,48,9.5,8.8,7.4,6.7,4.7,h,8.8,4.7,8.8,4.7,0,0,111.228,1.465,0,7.7,2.7,-0.206,8,281,21.364,75.979,0.595,54.991,,,,,0
2026-10-06T01:00Z,2026-10-06T02:00Z,4143982,1,3.2,3.7,3,3.5,5.9,h,3.7,5.9,3.7,5.9,0,0,660.066,5.586,0.815,5.6,5.9,0.12,9,279,22.376,89.062,3.112,27.39,,,,,0
2026-10-06T01:00Z,2026-10-06T04:00Z,4143982,3,5.5,6.3,3.1,3.6,5.9,h,6.3,5.9,6.3,5.9,0,0,813.693,5.391,1.232,5.6,5.9,0.12,11,279,23.46,85.035,3.485,21.31,,,,,0
2026-10-06T01:00Z,2026-10-06T07:00Z,4143982,6,4.6,5.2,3.3,3.8,5.9,h,5.2,5.9,5.2,5.9,0,0,693.613,6.052,3.739,5.6,5.9,0.12,14,279,22.82,88.873,3.702,24.278,,,,,0
2026-10-06T01:00Z,2026-10-06T13:00Z,4143982,12,14.1,15.5,5,5.6,5.9,h,15.5,5.9,15.6,5.9,0,0,618.908,6.587,0.204,5.6,5.9,0.12,20,279,21.585,86.697,3.394,26.938,,,,,0
2026-10-06T01:00Z,2026-10-07T01:00Z,4143982,24,16.1,17.4,11,12.1,7.9,h,17.4,7.9,17.5,7.9,0,0,665.399,5.815,0.214,5.6,5.9,0.12,8,280,23.207,79.718,3.236,19.238,,,,,0
2026-10-06T01:00Z,2026-10-08T01:00Z,4143982,48,6,6.3,14.6,15.5,10.7,h,6.3,10.7,6.3,10.7,0,0.003,642.338,4.508,0.427,5.6,5.9,0.12,8,281,24.016,84.159,2.783,22.995,,,,,0
2026-10-06T01:00Z,2026-10-06T02:00Z,4143983,1,5.1,2,3.7,1.3,2.7,h,2,2.7,2,2.7,0,0,729.742,4.955,0.008,4.1,2.7,-0.724,9,279,25.45,75.688,3.686,50.847,,,,,0
2026-10-06T01:00Z,2026-10-06T04:00Z,4143983,3,6.8,3,3.9,1.4,2.7,h,3,2.7,3,2.7,0,0,852.657,5.302,0.006,4.1,2.7,-0.724,11,279,26.562,72.141,3.937,53.026,,,,,0
2026-10-06T01:00Z,2026-10-06T07:00Z,4143983,6,5.6,2.5,4.1,1.5,2.6,h,2.5,2.6,2.5,2.6,0,0,924.073,5.549,0.012,4.1,2.7,-0.724,14,279,27.259,70.336,4.177,54.528,,,,,0
2026-10-06T01:00Z,2026-10-06T13:00Z,4143983,12,8,4.2,4.7,1.9,2.5,h,4.2,2.5,4.2,2.5,0,0,450.346,7.059,0,4.1,2.7,-0.724,20,279,22.829,74.371,3.933,56.527,,,,,0
2026-10-06T01:00Z,2026-10-07T01:00Z,4143983,24,18.3,11.6,11,6.1,3.8,h,11.6,3.8,11.7,3.8,0,0,491.98,3.411,0,4.1,2.7,-0.724,8,280,24.242,72.66,2.406,35.562,,,,,0
2026-10-06T01:00Z,2026-10-08T01:00Z,4143983,48,12.6,9.5,16,11.1,6.9,h,9.5,6.9,9.5,6.9,0,0,440.301,4.003,0.021,4.1,2.7,-0.724,8,281,24.738,75.781,2.765,30.709,,,,,0
2026-10-06T01:00Z,2026-10-06T02:00Z,4143984,1,5.1,1,3,0.2,1,h,1,1,1,1,0,0,667.462,6.362,0.459,0.9,1,-1.189,9,279,20.725,93.514,3.499,32.328,,,,,0
2026-10-06T01:00Z,2026-10-06T04:00Z,4143984,3,6.3,1.4,3.2,0.3,1,h,1.4,1,1.4,1,0,0,754.211,4.836,0.367,0.9,1,-1.189,11,279,21.98,88.729,3.148,37.899,,,,,0
2026-10-06T01:00Z,2026-10-06T07:00Z,4143984,6,5.4,1.3,3.6,0.5,1,h,1.3,1,1.3,1,0,0,673.537,6.18,0.734,0.9,1,-1.189,14,279,21.664,92.318,3.923,39.468,,,,,0
2026-10-06T01:00Z,2026-10-06T13:00Z,4143984,12,14.2,5.1,5.2,1.2,1,h,5.1,1,5.1,1,0,0,653.868,7.323,0,0.9,1,-1.189,20,279,21.117,82.557,3.932,38.235,,,,,0
2026-10-06T01:00Z,2026-10-07T01:00Z,4143984,24,17.4,8.1,12.2,4.6,2.2,h,8.1,2.2,8.1,2.2,0,0,699.184,7.21,0,0.9,1,-1.189,8,280,23.474,73.973,4.237,30.245,,,,,0
2026-10-06T01:00Z,2026-10-08T01:00Z,4143984,48,10.2,6.3,15.5,8.4,4.7,h,6.3,4.7,6.3,4.7,0,0.002,726.704,4.576,0.035,0.9,1,-1.189,8,281,24.647,75.563,3.017,34,,,,,0
2026-10-06T01:00Z,2026-10-06T02:00Z,4143985,1,6.2,3,,,,h,3,,3,,0,0,737.201,5.526,0.194,,,-0.839,9,279,23.617,83.05,3.508,37.418,,,,,0
2026-10-06T01:00Z,2026-10-06T04:00Z,4143985,3,7.3,3.7,,,,h,3.7,,3.7,,0,0,836.213,5.208,0.156,,,-0.839,11,279,24.709,79.265,3.568,41.057,,,,,0
2026-10-06T01:00Z,2026-10-06T07:00Z,4143985,6,6,3.1,,,,h,3.1,,3.1,,0,0,800.356,5.732,0.311,,,-0.839,14,279,24.796,80.461,3.899,43.241,,,,,0
2026-10-06T01:00Z,2026-10-06T13:00Z,4143985,12,12.7,7.6,,,,h,7.6,,7.6,,0,0,536.583,6.681,0,,,-0.839,20,279,22.008,79.955,3.613,45.993,,,,,0
2026-10-06T01:00Z,2026-10-07T01:00Z,4143985,24,18.6,12.6,,,,h,12.6,,12.7,,0,0,608.446,4.94,0,,,-0.839,8,280,23.963,74.178,3.081,29.927,,,,,0
2026-10-06T01:00Z,2026-10-08T01:00Z,4143985,48,13.5,10.6,,,,h,10.6,,10.6,,0,0.001,555.611,4.033,0.259,,,-0.839,8,281,24.422,79.055,2.645,30.703,,,,,0
2026-10-06T01:00Z,2026-10-06T02:00Z,4143986,1,1.9,6.1,4,11.8,6.9,h,6.1,6.9,6.1,6.9,0,0,808.205,4.365,0,23.9,6.9,0.932,9,279,26.82,75.428,2.995,36.767,,,,,0
2026-10-06T01:00Z,2026-10-06T04:00Z,4143986,3,2.6,7.5,3.7,10.9,6.9,h,7.5,6.9,7.5,6.9,0,0,1031.639,5.628,0.033,23.9,6.9,0.932,11,279,28.389,70.391,3.996,31.533,,,,,0
2026-10-06T01:00Z,2026-10-06T07:00Z,4143986,6,3.8,9.7,3.4,10,7,h,9.7,7,9.7,7,0,0,762.854,5.435,0.329,23.9,6.9,0.932,14,279,27.224,78.369,3.711,25.588,,,,,0
2026-10-06T01:00Z,2026-10-06T13:00Z,4143986,12,2.6,6.3,3.2,8.9,7.1,h,6.3,7.1,6.3,7.1,0,0,414.131,4.479,0.033,23.9,6.9,0.932,20,279,23.756,84.24,2.591,28.179,,,,,0
2026-10-06T01:00Z,2026-10-07T01:00Z,4143986,24,5.5,10.3,3.3,7.6,7.1,h,10.3,7.1,10.4,7.1,0,0,575.509,3.059,0,23.9,6.9,0.932,8,280,24.804,80.564,2.056,24.635,,,,,0
2026-10-06T01:00Z,2026-10-08T01:00Z,4143986,48,4,6,7.4,12,9.4,h,6,9.4,6,9.4,0,0.002,429.539,3.793,1.868,23.9,6.9,0.932,8,281,23.815,92.653,2.291,13.223,,,,,0
2026-10-06T01:00Z,2026-10-06T02:00Z,4143988,1,6.6,16.5,6.9,17.8,8.9,h,16.5,8.9,16.5,8.9,0,0.138,665.036,0.478,0.076,25.6,8.9,0.872,9,279,26.064,72.134,0.368,76.827,,,,,0
2026-10-06T01:00Z,2026-10-06T04:00Z,4143988,3,6.9,16.6,6.8,17.5,8.9,h,16.6,8.9,16.6,8.9,0,0.117,1228.988,0.905,0.006,25.6,8.9,0.872,11,279,28.463,66.349,0.778,251.691,,,,,0
2026-10-06T01:00Z,2026-10-06T07:00Z,4143988,6,6.8,15.6,6.5,16.6,9.1,h,15.6,9.1,15.6,9.1,0,0.05,573.415,2.279,0.311,25.6,8.9,0.872,14,279,27.138,75.299,1.611,322.406,,,,,0
2026-10-06T01:00Z,2026-10-06T13:00Z,4143988,12,6,12.6,5.9,14.6,9.7,h,12.6,9.7,12.7,9.7,0,0.024,100.338,2.322,0.023,25.6,8.9,0.872,20,279,22.375,90.561,0.981,37.197,,,,,0
2026-10-06T01:00Z,2026-10-07T01:00Z,4143988,24,4.4,8.1,6.1,13,10.2,h,8.1,10.2,8.1,10.2,0,0.009,637.875,0.985,0,25.6,8.9,0.872,8,280,24.301,81.384,0.617,0.844,,,,,0
2026-10-06T01:00Z,2026-10-08T01:00Z,4143988,48,5.5,7.9,4.7,7.5,8.2,h,7.9,8.2,7.9,8.2,0,0.001,208.971,1.755,0.366,25.6,8.9,0.872,8,281,22.899,95.335,0.908,353.771,,,,,0
2026-10-06T01:00Z,2026-10-06T02:00Z,4165629,1,1.8,5.9,3.1,9.5,4.6,h,5.9,4.6,5.9,4.6,0,0,442.165,1.554,0.126,7.3,4.6,0.947,9,279,26.808,84.097,1.389,36.367,,,,,0
2026-10-06T01:00Z,2026-10-06T04:00Z,4165629,3,1.7,5.5,2.8,8.8,4.6,h,5.5,4.6,5.5,4.6,0,0,621.663,1.802,0.345,7.3,4.6,0.947,11,279,27.742,77.807,1.48,44.62,,,,,0
2026-10-06T01:00Z,2026-10-06T07:00Z,4165629,6,2.4,6.7,2.6,8,4.6,h,6.7,4.6,6.7,4.6,0,0,332.35,0.416,1.029,7.3,4.6,0.947,14,279,26.566,84.572,0.151,43.927,,,,,0
2026-10-06T01:00Z,2026-10-06T13:00Z,4165629,12,2.7,6.6,2.2,6.6,4.9,h,6.6,4.9,6.6,4.9,0,0,227.921,1.731,0.052,7.3,4.6,0.947,20,279,25.71,90.029,1.317,49.072,,,,,0
2026-10-06T01:00Z,2026-10-07T01:00Z,4165629,24,1.2,2.9,1.8,4.8,4.7,h,2.9,4.7,2.9,4.7,0,0,340.372,3.585,0,7.3,4.6,0.947,8,280,25.412,89.79,2.852,23.789,,,,,0
2026-10-06T01:00Z,2026-10-08T01:00Z,4165629,48,3.4,5.2,2.9,5.1,4.8,h,5.2,4.8,5.2,4.8,0,0,432.732,2.708,0,7.3,4.6,0.947,8,281,26.136,87.467,2.114,36.019,,,,,0
2026-10-06T01:00Z,2026-10-06T02:00Z,4321722,1,2.6,4.8,2.7,5.1,3.5,h,4.8,3.5,4.8,3.5,0,0,663.372,4.536,0.78,6.1,3.5,0.506,9,279,23.628,83.768,2.694,23.883,,,,,0
2026-10-06T01:00Z,2026-10-06T04:00Z,4321722,3,3.3,5.8,2.7,5.1,3.5,h,5.8,3.5,5.8,3.5,0,0,883.275,5.248,1.385,6.1,3.5,0.506,11,279,24.971,78.65,3.464,14.078,,,,,0
2026-10-06T01:00Z,2026-10-06T07:00Z,4321722,6,3.4,5.8,2.7,5,3.6,h,5.8,3.6,5.8,3.6,0,0,696.326,5.793,4.575,6.1,3.5,0.506,14,279,23.551,85.877,3.598,15.253,,,,,0
2026-10-06T01:00Z,2026-10-06T13:00Z,4321722,12,6.6,10.2,3.1,5.4,3.8,h,10.2,3.8,10.2,3.8,0,0,516.362,5.713,0.259,6.1,3.5,0.506,20,279,21.485,90.272,2.905,19.34,,,,,0
2026-10-06T01:00Z,2026-10-07T01:00Z,4321722,24,10.9,15.1,6.5,9.9,5.5,h,15.1,5.5,15.2,5.5,0,0.001,605.146,4.663,0.57,6.1,3.5,0.506,8,280,22.408,86.609,2.504,11.702,,,,,0
2026-10-06T01:00Z,2026-10-08T01:00Z,4321722,48,3.8,4.8,9.9,12.9,8.2,h,4.8,8.2,4.8,8.2,0,0.002,550.48,4.431,0.602,6.1,3.5,0.506,8,281,22.807,91.905,2.568,16.947,,,,,0
2026-10-06T01:00Z,2026-10-06T02:00Z,4588536,1,5.5,3.5,8.7,5.6,3.1,h,3.5,3.1,3.5,3.1,0,0,229.753,1.071,0.555,3.1,3.1,-0.386,9,279,23.537,91.674,0.895,279.837,,,,,0
2026-10-06T01:00Z,2026-10-06T04:00Z,4588536,3,5.8,3.8,8.1,5.2,3.1,h,3.8,3.1,3.8,3.1,0,0,727.476,1.371,0.128,3.1,3.1,-0.386,11,279,26.668,77.676,1.181,304.526,,,,,0
2026-10-06T01:00Z,2026-10-06T07:00Z,4588536,6,5.9,3.9,7.6,4.9,3.1,h,3.9,3.1,3.9,3.1,0,0,432.633,1.018,0.343,3.1,3.1,-0.386,14,279,26.943,81.062,0.953,57.428,,,,,0
2026-10-06T01:00Z,2026-10-06T13:00Z,4588536,12,16.9,12.3,7.3,4.8,3.5,h,12.3,3.5,12.4,3.5,0,0,82.562,1.807,0.98,3.1,3.1,-0.386,20,279,23.299,95.468,0.967,302.755,,,,,0
2026-10-06T01:00Z,2026-10-07T01:00Z,4588536,24,10.1,7.8,10.1,7.3,4.5,h,7.8,4.5,7.8,4.5,0,0,135.236,0.908,0,3.1,3.1,-0.386,8,280,23.072,92.567,0.7,327.692,,,,,0
2026-10-06T01:00Z,2026-10-08T01:00Z,4588536,48,26.3,22.8,17.2,14.4,8.8,h,22.8,8.8,22.8,8.8,0,0,154.4,0.973,0,3.1,3.1,-0.386,8,281,22.887,94.744,0.738,330.078,,,,,0
2026-10-06T01:00Z,2026-10-06T02:00Z,4765764,1,5.3,2.3,5,2.1,3.5,h,2.3,3.5,2.3,3.5,0,0,511.537,2.858,0,2.9,3.5,-0.663,9,279,25.105,73.666,2.183,51.343,,,,,0
2026-10-06T01:00Z,2026-10-06T04:00Z,4765764,3,6,2.8,5.2,2.2,3.5,h,2.8,3.5,2.8,3.5,0,0,859.574,1.944,0,2.9,3.5,-0.663,11,279,27.436,69.083,1.6,26.997,,,,,0
2026-10-06T01:00Z,2026-10-06T07:00Z,4765764,6,6.5,3.2,5.7,2.5,3.6,h,3.2,3.6,3.2,3.6,0,0,1183.298,2.12,0,2.9,3.5,-0.663,14,279,29.15,63.653,1.708,32.911,,,,,0
2026-10-06T01:00Z,2026-10-06T13:00Z,4765764,12,8.7,4.9,6.6,3.1,3.7,h,4.9,3.7,4.9,3.7,0,0,47.292,1.66,0,2.9,3.5,-0.663,20,279,24.624,92.95,0.521,34.525,,,,,0
2026-10-06T01:00Z,2026-10-07T01:00Z,4765764,24,11.4,7.4,8.7,5,4,h,7.4,4,7.4,4,0,0,225.889,1.8,0,2.9,3.5,-0.663,8,280,23.532,72.94,1.185,71.711,,,,,0
2026-10-06T01:00Z,2026-10-08T01:00Z,4765764,48,11.8,9.1,11,7.8,5.7,h,9.1,5.7,9.1,5.7,0,0,303.982,2.209,0,2.9,3.5,-0.663,8,281,24.291,69.202,1.421,75.203,,,,,0
2026-10-06T01:00Z,2026-10-06T02:00Z,4894523,1,18.2,20.1,20.8,23,26.9,h,20.1,26.9,20.1,26.9,0,0.003,539.984,2.516,0.12,21.2,26.9,0.097,9,279,27.052,84.991,1.99,37.244,,,,,0
2026-10-06T01:00Z,2026-10-06T04:00Z,4894523,3,18.9,20.8,20.9,23.1,26.9,h,20.8,26.9,20.8,26.9,0,0.003,858.84,2.687,0.123,21.2,26.9,0.097,11,279,29.089,76.795,2.173,59.303,,,,,0
2026-10-06T01:00Z,2026-10-06T07:00Z,4894523,6,18.7,20.4,21,23.2,26.8,h,20.4,26.8,20.4,26.8,0,0.003,455.097,3.321,0.417,21.2,26.9,0.097,14,279,28.28,79.936,2.484,14.68,,,,,0
2026-10-06T01:00Z,2026-10-06T13:00Z,4894523,12,27,29.1,22.3,24.5,26.4,h,29.1,26.4,29.2,26.4,0,0.001,96.323,0.766,0.735,21.2,26.9,0.097,20,279,25.509,94.39,0.153,81.122,,,,,0
2026-10-06T01:00Z,2026-10-07T01:00Z,4894523,24,18,19.1,20,21.6,25.2,h,19.1,25.2,19.2,25.2,0,0,374.797,2.81,0,21.2,26.9,0.097,8,280,25.533,89.783,2.137,0.978,,,,,0
2026-10-06T01:00Z,2026-10-08T01:00Z,4894523,48,29.9,31,23.9,25.1,26,h,31,26,31,26,0,0,272.873,2.024,0,21.2,26.9,0.097,8,281,26.657,83.037,1.403,351.37,,,,,0
2026-10-06T01:00Z,2026-10-06T02:00Z,4932270,1,6.3,9.9,7.6,12,7.5,h,9.9,7.5,9.9,7.5,0,0,353.259,1.908,0.196,11.3,7.5,0.414,9,279,20.557,95.856,1.429,102.947,,,,,0
2026-10-06T01:00Z,2026-10-06T04:00Z,4932270,3,7,10.7,7.3,11.6,7.5,h,10.7,7.5,10.7,7.5,0,0,294.003,1.709,1.495,11.3,7.5,0.414,11,279,20.6,94.39,1.238,115.371,,,,,0
2026-10-06T01:00Z,2026-10-06T07:00Z,4932270,6,7.1,10.6,7.1,11.1,7.6,h,10.6,7.6,10.6,7.6,0,0,607.554,1.836,1.598,11.3,7.5,0.414,14,279,22.99,83.818,1.327,109.959,,,,,0
2026-10-06T01:00Z,2026-10-06T13:00Z,4932270,12,21.3,29.6,8,12.1,8.3,h,29.6,8.3,29.7,8.3,0,0,45.108,1.364,0.093,11.3,7.5,0.414,20,279,19.543,98.909,0.581,91.082,,,,,0
2026-10-06T01:00Z,2026-10-07T01:00Z,4932270,24,9.3,12.2,11.6,16.2,10.3,h,12.2,10.3,12.3,10.3,0,0,136.709,0.639,0.031,11.3,7.5,0.414,8,280,20.144,95.789,0.369,43.216,,,,,0
2026-10-06T01:00Z,2026-10-08T01:00Z,4932270,48,23.7,27.7,16.2,19.7,13.6,h,27.7,13.6,27.7,13.6,0,0,123.004,1.184,0,11.3,7.5,0.414,8,281,20.541,94.106,0.66,342.505,,,,,0
2026-10-06T01:00Z,2026-10-06T02:00Z,4985405,1,3.8,4.5,4.9,5.7,12.2,h,4.5,12.2,4.5,12.2,0,0,432.564,2.567,0.538,0.2,12.2,0.132,9,279,26.157,85.417,2.158,208.166,,,,,0
2026-10-06T01:00Z,2026-10-06T04:00Z,4985405,3,3.6,4.2,4.7,5.5,12.1,h,4.2,12.1,4.2,12.1,0,0,561.623,3.091,0.146,0.2,12.2,0.132,11,279,27.626,79.82,2.664,218.659,,,,,0
2026-10-06T01:00Z,2026-10-06T07:00Z,4985405,6,3.2,3.7,4.4,5.2,11.8,h,3.7,11.8,3.7,11.8,0,0,642.753,3.527,1.305,0.2,12.2,0.132,14,279,27.627,81.946,2.962,228.046,,,,,0
2026-10-06T01:00Z,2026-10-06T13:00Z,4985405,12,4.5,5.1,4.1,4.8,10.9,h,5.1,10.9,5.1,10.9,0,0,343.179,1.966,0.019,0.2,12.2,0.132,20,279,26.648,84.61,1.338,232.824,,,,,0
2026-10-06T01:00Z,2026-10-07T01:00Z,4985405,24,8.2,9,5.2,5.8,10.2,h,9,10.2,9,10.2,0,0,351.225,0.354,0,0.2,12.2,0.132,8,280,26.49,86.631,0.243,0.321,,,,,0
2026-10-06T01:00Z,2026-10-08T01:00Z,4985405,48,5.7,6,6.5,7,9.6,h,6,9.6,6,9.6,0,0,336.531,1.957,0.09,0.2,12.2,0.132,8,281,26.212,88.068,1.787,275.394,,,,,0
2026-10-06T01:00Z,2026-10-06T02:00Z,4993065,1,11.8,7.6,18.9,12.2,15.5,h,7.6,15.5,7.6,15.5,0,0.002,580.76,2.47,0.073,14.6,15.5,-0.412,9,279,27.258,84.164,1.933,55.028,,,,,0
2026-10-06T01:00Z,2026-10-06T04:00Z,4993065,3,9,5.8,17.9,11.6,15.4,h,5.8,15.4,5.8,15.4,0,0.003,974.193,2.444,0.066,14.6,15.5,-0.412,11,279,29.569,74.857,1.943,72.024,,,,,0
2026-10-06T01:00Z,2026-10-06T07:00Z,4993065,6,6.2,4,16.1,10.4,15,h,4,15,4,15,0,0.003,404.718,2.853,0.316,14.6,15.5,-0.412,14,279,28.456,80.157,2.105,6.299,,,,,0
2026-10-06T01:00Z,2026-10-06T13:00Z,4993065,12,17.3,12.4,13.2,8.7,14.1,h,12.4,14.1,12.5,14.1,0,0.001,83.946,1.129,0.314,14.6,15.5,-0.412,20,279,25.585,94.623,0.585,139.489,,,,,0
2026-10-06T01:00Z,2026-10-07T01:00Z,4993065,24,18.8,14.5,13.6,9.8,13.7,h,14.5,13.7,14.6,13.7,0,0,352.563,2.006,0,14.6,15.5,-0.412,8,280,25.777,89.6,1.543,357.883,,,,,0
2026-10-06T01:00Z,2026-10-08T01:00Z,4993065,48,25.3,21.7,18.1,15,15.2,h,21.7,15.2,21.7,15.2,0,0,219.483,1.144,0,14.6,15.5,-0.412,8,281,26.725,81.697,0.796,328.017,,,,,0
2026-10-06T01:00Z,2026-10-06T02:00Z,5103390,1,5.8,4.8,4.7,3.8,9.4,h,4.8,9.4,4.8,9.4,0,0,504.112,2.998,0,5.9,9.4,-0.172,9,279,25.204,73.147,2.281,53.14,,,,,0
2026-10-06T01:00Z,2026-10-06T04:00Z,5103390,3,6.2,5.1,5,4.1,9.4,h,5.1,9.4,5.1,9.4,0,0,871.866,1.926,0,5.9,9.4,-0.172,11,279,27.531,69.01,1.588,28.084,,,,,0
2026-10-06T01:00Z,2026-10-06T07:00Z,5103390,6,6.2,5.2,5.5,4.5,9.5,h,5.2,9.5,5.2,9.5,0,0,1187.263,2.096,0,5.9,9.4,-0.172,14,279,29.225,63.536,1.695,29.704,,,,,0
2026-10-06T01:00Z,2026-10-06T13:00Z,5103390,12,9.1,7.9,6.5,5.4,9.4,h,7.9,9.4,7.9,9.4,0,0,48.41,1.667,0,5.9,9.4,-0.172,20,279,24.606,94.912,0.569,27.763,,,,,0
2026-10-06T01:00Z,2026-10-07T01:00Z,5103390,24,12.8,11.5,9.4,8.2,9,h,11.5,9,11.6,9,0,0,214.513,1.802,0,5.9,9.4,-0.172,8,280,23.527,73.245,1.223,75.673,,,,,0
2026-10-06T01:00Z,2026-10-08T01:00Z,5103390,48,14.5,13.6,12.4,11.4,10.4,h,13.6,10.4,13.6,10.4,0,0,311.176,2.413,0,5.9,9.4,-0.172,8,281,24.298,68.132,1.561,76.941,,,,,0
2026-10-06T01:00Z,2026-10-06T02:00Z,5108494,1,15.2,21,14.4,20.2,19.7,h,21,19.7,21,19.7,0,0.001,566.351,2.36,0.09,19.1,19.7,0.317,9,279,27.202,84.48,1.855,51.216,,,,,0
2026-10-06T01:00Z,2026-10-06T04:00Z,5108494,3,12.6,17.2,14.3,19.9,19.7,h,17.2,19.7,17.2,19.7,0,0.002,940.445,2.633,0.08,19.1,19.7,0.317,11,279,29.454,75.401,2.097,65.998,,,,,0
2026-10-06T01:00Z,2026-10-06T07:00Z,5108494,6,8.6,11.6,13.6,18.9,19.4,h,11.6,19.4,11.6,19.4,0,0.003,432.563,2.64,0.312,19.1,19.7,0.317,14,279,28.487,79.76,1.921,11.882,,,,,0
2026-10-06T01:00Z,2026-10-06T13:00Z,5108494,12,14.3,18.5,12.5,17.1,19,h,18.5,19,18.6,19,0,0.001,84.441,0.961,0.427,19.1,19.7,0.317,20,279,25.584,94.717,0.445,123.999,,,,,0
2026-10-06T01:00Z,2026-10-07T01:00Z,5108494,24,16.7,20.4,12.4,16.1,18.5,h,20.4,18.5,20.5,18.6,0,0,379.026,2.274,0,19.1,19.7,0.317,8,280,25.692,89.546,1.714,3.539,,,,,0
2026-10-06T01:00Z,2026-10-08T01:00Z,5108494,48,25.2,28.4,18.2,21.1,20.4,h,28.4,20.4,28.4,20.4,0,0,234.974,1.344,0,19.1,19.7,0.317,8,281,26.769,81.772,0.937,343.639,,,,,0
2026-10-06T01:00Z,2026-10-06T02:00Z,5482624,1,10.8,4.5,18,7.5,9.1,h,4.5,9.1,4.5,9.1,0,0.003,424.135,3.012,0.142,3.6,9.1,-0.803,9,279,26.593,86.204,2.366,10.234,,,,,0
2026-10-06T01:00Z,2026-10-06T04:00Z,5482624,3,10.5,4.5,17.4,7.3,9,h,4.5,9,4.5,9,0,0.002,681.841,3.638,0.195,3.6,9.1,-0.803,11,279,28.246,81.148,2.929,37.151,,,,,0
2026-10-06T01:00Z,2026-10-06T07:00Z,5482624,6,13.7,6.3,16.7,7.1,8.9,h,6.3,8.9,6.3,8.9,0,0.002,554.595,3.581,0.421,3.6,9.1,-0.803,14,279,28.172,79.665,2.76,36.349,,,,,0
2026-10-06T01:00Z,2026-10-06T13:00Z,5482624,12,31.1,16.4,17.6,7.9,9,h,16.4,9,16.5,9,0,0.001,136.917,1.9,2.022,3.6,9.1,-0.803,20,279,25.038,95.451,1.007,10.996,,,,,0
2026-10-06T01:00Z,2026-10-07T01:00Z,5482624,24,7.9,4.5,16.5,8.5,8.9,h,4.5,8.9,4.5,8.9,0,0,339.305,4.045,0,3.6,9.1,-0.803,8,280,24.684,92.04,2.968,347.632,,,,,0
2026-10-06T01:00Z,2026-10-08T01:00Z,5482624,48,15,11,18.3,12.4,10.7,h,11,10.7,11,10.7,0,0,327.75,3.533,0,3.6,9.1,-0.803,8,281,26.345,87.167,2.388,349.147,,,,,0
2026-10-06T01:00Z,2026-10-06T02:00Z,5551122,1,6.3,5,7.6,6.1,6.1,h,5,6.1,5,6.1,0,0,259.01,0.445,0.492,4.2,6.1,-0.197,9,279,22.861,92.537,0.4,283.168,,,,,0
2026-10-06T01:00Z,2026-10-06T04:00Z,5551122,3,7,5.7,7.3,5.8,6.1,h,5.7,6.1,5.7,6.1,0,0,640.808,0.786,0.527,4.2,6.1,-0.197,11,279,25.312,81.37,0.703,320.875,,,,,0
2026-10-06T01:00Z,2026-10-06T07:00Z,5551122,6,7.1,5.8,7.1,5.7,6.1,h,5.8,6.1,5.8,6.1,0,0,464.186,1.147,0.791,4.2,6.1,-0.197,14,279,26.054,81.856,0.987,70.205,,,,,0
2026-10-06T01:00Z,2026-10-06T13:00Z,5551122,12,21.3,18.2,8,6.5,6.4,h,18.2,6.4,18.3,6.4,0,0,75.941,1.298,0.762,4.2,6.1,-0.197,20,279,22.427,96.289,0.693,315.627,,,,,0
2026-10-06T01:00Z,2026-10-07T01:00Z,5551122,24,9.3,8.2,11.6,9.9,7.3,h,8.2,7.3,8.2,7.3,0,0,141.918,0.834,0.005,4.2,6.1,-0.197,8,280,22.428,93.441,0.656,337.805,,,,,0
2026-10-06T01:00Z,2026-10-08T01:00Z,5551122,48,23.7,22,16.2,14.8,10.5,h,22,10.5,22,10.5,0,0,141.311,1.111,0,4.2,6.1,-0.197,8,281,22.288,94.867,0.781,333.549,,,,,0
2026-10-06T01:00Z,2026-10-06T02:00Z,5851170,1,2.7,8.8,10.1,29.5,15.2,h,8.8,15.2,8.8,15.2,0,0.006,628.161,5.434,0.131,8.5,15.2,1.012,9,279,24.678,86.843,3.901,78.047,,,,,0
2026-10-06T01:00Z,2026-10-06T04:00Z,5851170,3,3.7,10.9,8.1,24,15.1,h,10.9,15.1,10.9,15.1,0,0.003,917.431,6.109,0.12,8.5,15.2,1.012,11,279,26.856,78.543,4.529,77.505,,,,,0
2026-10-06T01:00Z,2026-10-06T07:00Z,5851170,6,5.6,14.8,5.9,17.8,14.8,h,14.8,14.8,14.8,14.8,0,0.001,789.226,5.343,0.366,8.5,15.2,1.012,14,279,26.925,77.474,3.915,69.029,,,,,0
2026-10-06T01:00Z,2026-10-06T13:00Z,5851170,12,7.8,18,4.8,13.5,14.3,h,18,14.3,18.1,14.3,0,0,149.519,3.419,0.031,8.5,15.2,1.012,20,279,23.751,93.064,1.14,90.557,,,,,0
2026-10-06T01:00Z,2026-10-07T01:00Z,5851170,24,6.2,12.1,6.2,14.4,14.9,h,12.1,14.9,12.2,14.9,0,0,486.188,3.384,0,8.5,15.2,1.012,8,280,23.213,82.365,2.367,89.512,,,,,0
2026-10-06T01:00Z,2026-10-08T01:00Z,5851170,48,14.2,20.9,13.6,22,18.6,h,20.9,18.6,20.9,18.6,0,0,461.013,1.968,0,8.5,15.2,1.012,8,281,24.664,77.651,1.314,68.262,,,,,0
2026-10-06T01:00Z,2026-10-06T02:00Z,5894629,1,15.7,22.7,27.4,39.9,37,h,22.7,37,22.7,37,0,0,414.771,2.268,0.084,42.5,37,0.365,9,279,27.886,85.29,1.846,67.248,,,,,0
2026-10-06T01:00Z,2026-10-06T04:00Z,5894629,3,13.2,18.9,26.3,38.2,36.8,h,18.9,36.8,18.9,36.8,0,0,903.093,2.826,0.076,42.5,37,0.365,11,279,30.125,76.667,2.354,83.726,,,,,0
2026-10-06T01:00Z,2026-10-06T07:00Z,5894629,6,10.7,15,24.1,35,36.3,h,15,36.3,15,36.3,0,0,776.532,2.503,0.235,42.5,37,0.365,14,279,30.677,72.715,2.088,109.44,,,,,0
2026-10-06T01:00Z,2026-10-06T13:00Z,5894629,12,21.2,28.3,20.8,29.8,35.1,h,28.3,35.1,28.4,35.1,0,0,167.529,2.582,0,42.5,37,0.365,20,279,27.356,90.012,1.161,21.67,,,,,0
2026-10-06T01:00Z,2026-10-07T01:00Z,5894629,24,15.4,19.4,16.4,21.9,32.2,h,19.4,32.2,19.5,32.2,0,0,208.115,1.683,0.121,42.5,37,0.365,8,280,26.394,89.326,0.999,45.994,,,,,0
2026-10-06T01:00Z,2026-10-08T01:00Z,5894629,48,30.5,34.9,16.8,19.8,28.4,h,34.9,28.4,34.9,28.4,0,0,206.179,1.171,0.017,42.5,37,0.365,8,281,26.237,90.62,0.865,16.478,,,,,0
2026-10-06T01:00Z,2026-10-06T02:00Z,5951902,1,11.8,4.8,18.9,7.7,10.9,h,4.8,10.9,4.8,10.9,0,0.005,588.498,2.821,0.081,6.1,10.9,-0.829,9,279,27.134,84.201,2.195,54.46,,,,,0
2026-10-06T01:00Z,2026-10-06T04:00Z,5951902,3,9,3.7,17.9,7.3,10.8,h,3.7,10.8,3.7,10.8,0,0.004,962.452,2.437,0.074,6.1,10.9,-0.829,11,279,29.413,74.93,1.955,74.187,,,,,0
2026-10-06T01:00Z,2026-10-06T07:00Z,5951902,6,6.2,2.5,16.1,6.5,10.5,h,2.5,10.5,2.5,10.5,0,0.004,445.33,3.388,0.369,6.1,10.9,-0.829,14,279,28.395,79.787,2.556,8.906,,,,,0
2026-10-06T01:00Z,2026-10-06T13:00Z,5951902,12,17.3,8.7,13.2,5.5,9.7,h,8.7,9.7,8.7,9.7,0,0.002,101.144,1.07,0.284,6.1,10.9,-0.829,20,279,25.635,93.805,0.462,126.213,,,,,0
2026-10-06T01:00Z,2026-10-07T01:00Z,5951902,24,18.8,11.1,13.6,6.9,9.6,h,11.1,9.6,11.2,9.6,0,0,336.388,2.077,0.003,6.1,10.9,-0.829,8,280,25.79,89.141,1.623,0.006,,,,,0
2026-10-06T01:00Z,2026-10-08T01:00Z,5951902,48,25.3,18.5,18.1,12.3,11.6,h,18.5,11.6,18.5,11.6,0,0,224.347,1.247,0,6.1,10.9,-0.829,8,281,26.556,82.604,0.879,334.059,,,,,0
2026-10-06T01:00Z,2026-10-06T02:00Z,5955903,1,11.8,19.7,18.9,31.8,27.8,h,19.7,27.8,19.7,27.8,0,0.005,588.527,2.822,0.081,30.5,27.8,0.503,9,279,27.133,84.201,2.195,54.479,,,,,0
2026-10-06T01:00Z,2026-10-06T04:00Z,5955903,3,9,14.9,17.9,30.2,27.7,h,14.9,27.7,14.9,27.7,0,0.004,962.477,2.438,0.074,30.5,27.8,0.503,11,279,29.413,74.93,1.956,74.178,,,,,0
2026-10-06T01:00Z,2026-10-06T07:00Z,5955903,6,6.2,10.1,16.1,27.1,27.4,h,10.1,27.4,10.1,27.4,0,0.004,445.664,3.387,0.369,30.5,27.8,0.503,14,279,28.395,79.782,2.555,8.94,,,,,0
2026-10-06T01:00Z,2026-10-06T13:00Z,5955903,12,17.3,25.9,13.2,21.9,26.6,h,25.9,26.6,26,26.6,0,0.002,101.224,1.071,0.284,30.5,27.8,0.503,20,279,25.635,93.802,0.462,126.137,,,,,0
2026-10-06T01:00Z,2026-10-07T01:00Z,5955903,24,18.8,25.7,13.6,20.2,25.4,h,25.7,25.4,25.8,25.4,0,0,336.417,2.077,0.003,30.5,27.8,0.503,8,280,25.79,89.139,1.622,0.04,,,,,0
2026-10-06T01:00Z,2026-10-08T01:00Z,5955903,48,25.3,30.5,18.1,22.9,25.3,h,30.5,25.3,30.5,25.3,0,0,224.316,1.246,0,30.5,27.8,0.503,8,281,26.556,82.606,0.879,334.096,,,,,0
2026-10-06T01:00Z,2026-10-06T02:00Z,6094818,1,7.5,6.7,18.1,16.2,20.6,h,6.7,20.6,6.7,20.6,0,0.008,461.502,3.508,0.23,5.2,20.6,-0.103,9,279,25.833,88.394,2.663,45.819,,,,,0
2026-10-06T01:00Z,2026-10-06T04:00Z,6094818,3,6.6,5.9,16.9,15.1,20.5,h,5.9,20.5,5.9,20.5,0,0.005,745.256,3.19,0.139,5.2,20.6,-0.103,11,279,28.268,78.916,2.564,44.095,,,,,0
2026-10-06T01:00Z,2026-10-06T07:00Z,6094818,6,6.9,6.2,15.1,13.5,20.3,h,6.2,20.3,6.2,20.3,0,0.002,700.729,3.666,0.386,5.2,20.6,-0.103,14,279,28.671,76.446,2.823,28.382,,,,,0
2026-10-06T01:00Z,2026-10-06T13:00Z,6094818,12,10.7,9.8,11.9,10.7,18.8,h,9.8,18.8,9.8,18.8,0,0.001,112.655,1.824,0.376,5.2,20.6,-0.103,20,279,25.605,93.273,0.806,16.764,,,,,0
2026-10-06T01:00Z,2026-10-07T01:00Z,6094818,24,7.8,7.3,9,8.3,16.7,h,7.3,16.7,7.3,16.7,0,0,357.203,3.231,0.046,5.2,20.6,-0.103,8,280,25.439,89.161,2.262,14.186,,,,,0
2026-10-06T01:00Z,2026-10-08T01:00Z,6094818,48,11.3,10.9,11.4,10.8,15.7,h,10.9,15.7,10.9,15.7,0,0,263.651,2.405,0,5.2,20.6,-0.103,8,281,26.251,86.69,1.582,8.068,,,,,0
2026-10-06T01:00Z,2026-10-06T02:00Z,6099600,1,2.8,0.2,5.2,0.9,1.1,h,0.2,1.1,0.2,1.1,0,0,644.02,2.469,0.09,0.1,1.1,-1.198,9,279,25.21,84.753,1.847,20.303,,,,,0
2026-10-06T01:00Z,2026-10-06T04:00Z,6099600,3,4,0.7,5.1,0.8,1.1,h,0.7,1.1,0.7,1.1,0,0,1022.789,1.864,0.09,0.1,1.1,-1.198,11,279,27.638,72.605,1.528,31.731,,,,,0
2026-10-06T01:00Z,2026-10-06T07:00Z,6099600,6,4.4,0.9,4.7,0.8,1,h,0.9,1,0.9,1,0,0,644.118,0.41,0.382,0.1,1.1,-1.198,14,279,28.005,71.524,0.407,261.987,,,,,0
2026-10-06T01:00Z,2026-10-06T13:00Z,6099600,12,4.1,1,3.9,0.6,1,h,1,1,1,1,0,0,49.854,1.553,0.01,0.1,1.1,-1.198,20,279,24.305,92.195,0.542,8.015,,,,,0
2026-10-06T01:00Z,2026-10-07T01:00Z,6099600,24,4.1,1.5,3.9,1,1.1,h,1.5,1.1,1.5,1.1,0,0,240.186,1.329,0,0.1,1.1,-1.198,8,280,24.092,91.06,0.931,328.202,,,,,0
2026-10-06T01:00Z,2026-10-08T01:00Z,6099600,48,10.5,6.5,10,5.5,3.3,h,6.5,3.3,6.5,3.3,0,0,176.634,1.079,0,0.1,1.1,-1.198,8,281,24.433,91.342,0.889,341.061,,,,,0
2026-10-06T01:00Z,2026-10-06T02:00Z,6101817,1,4.7,11.5,4.7,12,16.6,h,11.5,16.6,11.5,16.6,0,0.002,450.076,4.692,0.75,10,16.6,0.822,9,279,26.945,83.392,4.259,42.164,,,,,0
2026-10-06T01:00Z,2026-10-06T04:00Z,6101817,3,4.8,11.4,4.6,11.5,16.6,h,11.4,16.6,11.4,16.6,0,0,623.666,5.323,0.131,10,16.6,0.822,11,279,27.957,81.816,4.913,40.374,,,,,0
2026-10-06T01:00Z,2026-10-06T07:00Z,6101817,6,4.5,10.2,4.4,11.1,16.6,h,10.2,16.6,10.2,16.6,0,0,554.535,4.765,0.398,10,16.6,0.822,14,279,28.084,80.357,4.344,57.343,,,,,0
2026-10-06T01:00Z,2026-10-06T13:00Z,6101817,12,6.7,13.4,5,11.7,16.5,h,13.4,16.5,13.5,16.5,0,0,232.72,2.24,1.468,10,16.6,0.822,20,279,26.465,86.615,1.791,358.871,,,,,0
2026-10-06T01:00Z,2026-10-07T01:00Z,6101817,24,3.5,6.3,4.6,9.7,14.4,h,6.3,14.4,6.3,14.4,0,0,414.68,6.092,0.782,10,16.6,0.822,8,280,25.461,90.162,5.401,353.453,,,,,0
2026-10-06T01:00Z,2026-10-08T01:00Z,6101817,48,9.1,12.6,10.2,15.3,16,h,12.6,16,12.6,16,0,0,375.067,4.58,0.065,10,16.6,0.822,8,281,26.579,86.513,3.916,341.105,,,,,0
2026-10-06T01:00Z,2026-10-06T02:00Z,6115454,1,6.3,3.3,7.6,4,4.3,h,3.3,4.3,3.3,4.3,0,0,239.503,0.768,0.534,1.8,4.3,-0.551,9,279,23.305,92.066,0.65,279.37,,,,,0
2026-10-06T01:00Z,2026-10-06T04:00Z,6115454,3,7,3.8,7.3,3.8,4.3,h,3.8,4.3,3.8,4.3,0,0,678.981,1.037,0.295,1.8,4.3,-0.551,11,279,26.123,79.29,0.91,308.502,,,,,0
2026-10-06T01:00Z,2026-10-06T07:00Z,6115454,6,7.1,4,7.1,3.7,4.3,h,4,4.3,4,4.3,0,0,438.521,1.074,0.486,1.8,4.3,-0.551,14,279,26.62,81.358,0.966,67.625,,,,,0
2026-10-06T01:00Z,2026-10-06T13:00Z,6115454,12,21.3,13.7,8,4.5,4.4,h,13.7,4.4,13.8,4.4,0,0,79.715,1.597,0.972,1.8,4.3,-0.551,20,279,23.02,95.71,0.87,305.724,,,,,0
2026-10-06T01:00Z,2026-10-07T01:00Z,6115454,24,9.3,6.4,11.6,7.4,5.3,h,6.4,5.3,6.4,5.3,0,0,135.781,0.813,0.003,1.8,4.3,-0.551,8,280,22.876,92.799,0.626,332.306,,,,,0
2026-10-06T01:00Z,2026-10-08T01:00Z,6115454,48,23.7,19.3,16.2,12.5,8.4,h,19.3,8.4,19.3,8.4,0,0,155.258,0.96,0,1.8,4.3,-0.551,8,281,22.758,94.495,0.694,332.038,,,,,0
2026-10-06T01:00Z,2026-10-06T02:00Z,6118093,1,7.1,3.7,3.4,1.5,2.7,h,3.7,2.7,3.7,2.7,0,0,601.975,3.137,0,4.4,2.7,-0.574,9,279,25.098,70.453,2.388,46.495,,,,,0
2026-10-06T01:00Z,2026-10-06T04:00Z,6118093,3,7.6,4.1,3.9,1.8,2.7,h,4.1,2.7,4.1,2.7,0,0,751.06,2.912,0,4.4,2.7,-0.574,11,279,27.094,63.709,2.237,51.885,,,,,0
2026-10-06T01:00Z,2026-10-06T07:00Z,6118093,6,8.3,4.7,4.6,2.2,2.8,h,4.7,2.8,4.7,2.8,0,0,1004.644,2.772,0,4.4,2.7,-0.574,14,279,28.699,60.76,2.123,48.177,,,,,0
2026-10-06T01:00Z,2026-10-06T13:00Z,6118093,12,8.6,5.2,6.1,3.2,2.8,h,5.2,2.8,5.2,2.8,0,0,259.573,4.849,0,4.4,2.7,-0.574,20,279,24.244,79.741,2.084,84.187,,,,,0
2026-10-06T01:00Z,2026-10-07T01:00Z,6118093,24,14.2,9.8,9.6,5.9,3.7,h,9.8,3.7,9.9,3.7,0,0,438.937,1.946,0,4.4,2.7,-0.574,8,280,23.729,70.658,1.324,47.179,,,,,0
2026-10-06T01:00Z,2026-10-08T01:00Z,6118093,48,22.8,18.4,15.6,11.8,7.3,h,18.4,7.3,18.4,7.3,0,0,238.419,1.046,0,4.4,2.7,-0.574,8,281,24.117,72.245,0.79,42.735,,,,,0
2026-10-06T01:00Z,2026-10-06T02:00Z,6123215,1,17.7,18.8,16.9,18,9,h,18.8,9,18.8,9,0,0,1018.847,6.575,0,22.3,9,0.06,9,279,24.293,47.641,4.726,2.544,,,,,0
2026-10-06T01:00Z,2026-10-06T04:00Z,6123215,3,14.1,15,17.2,18.3,9.1,h,15,9.1,15,9.1,0,0,1113.629,6.674,0,22.3,9,0.06,11,279,26.092,44.3,4.99,1.953,,,,,0
2026-10-06T01:00Z,2026-10-06T07:00Z,6123215,6,14.5,15.3,17.5,18.6,9.4,h,15.3,9.4,15.3,9.4,0,0,1415.689,5.243,0,22.3,9,0.06,14,279,27.648,40.603,3.937,5.54,,,,,0
2026-10-06T01:00Z,2026-10-06T13:00Z,6123215,12,59.8,62.6,21.3,22.6,11.5,h,62.6,11.5,62.8,11.5,0,0,227.765,6.573,0,22.3,9,0.06,20,279,22.507,54.165,2.524,44.476,,,,,0
2026-10-06T01:00Z,2026-10-07T01:00Z,6123215,24,58.9,61.1,42.6,44.5,20.4,h,61.1,20.4,61.4,20.4,0,0,246.773,4.503,0,22.3,9,0.06,8,280,22.868,67.017,1.937,2.536,,,,,0
2026-10-06T01:00Z,2026-10-08T01:00Z,6123215,48,103.1,105.4,113.9,116.9,62.9,h,105.4,62.9,105.4,62.9,0,0,149.068,3.448,0,22.3,9,0.06,8,281,22.965,72.33,1.658,357.97,,,,,0
2026-10-06T01:00Z,2026-10-06T02:00Z,6125288,1,5.4,1.3,3,0.4,0.3,h,1.3,0.3,1.3,0.3,0,0,489.661,2.658,0,1.5,0.3,-1.051,9,279,22.347,86.563,1.85,21.246,,,,,0
2026-10-06T01:00Z,2026-10-06T04:00Z,6125288,3,6.5,1.9,3.4,0.6,0.3,h,1.9,0.3,1.9,0.3,0,0,872.847,2.872,0,1.5,0.3,-1.051,11,279,24.298,73.465,2.102,31.818,,,,,0
2026-10-06T01:00Z,2026-10-06T07:00Z,6125288,6,6.3,1.9,3.9,0.8,0.3,h,1.9,0.3,1.9,0.3,0,0,1059.36,3.473,0,1.5,0.3,-1.051,14,279,26.726,63.708,2.559,17.537,,,,,0
2026-10-06T01:00Z,2026-10-06T13:00Z,6125288,12,8.4,3.2,5,1.3,0.5,h,3.2,0.5,3.2,0.5,0,0,49.404,2.473,0,1.5,0.3,-1.051,20,279,22.724,81.898,0.603,22.017,,,,,0
2026-10-06T01:00Z,2026-10-07T01:00Z,6125288,24,5.9,2.7,6.7,2.5,1,h,2.7,1,2.7,1,0,0,270.765,1.657,0,1.5,0.3,-1.051,8,280,22.355,77.861,1.022,24.474,,,,,0
2026-10-06T01:00Z,2026-10-08T01:00Z,6125288,48,8.5,5.5,6.9,4,2.1,h,5.5,2.1,5.5,2.1,0,0,186.215,0.763,0,1.5,0.3,-1.051,8,281,22.255,77.529,0.442,26.278,,,,,0
2026-10-06T01:00Z,2026-10-06T02:00Z,6130741,1,15.2,19.6,14.4,18.8,21.5,h,19.6,21.5,19.6,21.5,0,0.002,551.47,2.34,0.104,14.2,21.5,0.249,9,279,27.139,84.743,1.847,45.383,,,,,0
2026-10-06T01:00Z,2026-10-06T04:00Z,6130741,3,12.6,16.1,14.3,18.5,21.5,h,16.1,21.5,16.1,21.5,0,0.002,904.198,2.748,0.097,14.2,21.5,0.249,11,279,29.309,76.057,2.198,61.463,,,,,0
2026-10-06T01:00Z,2026-10-06T07:00Z,6130741,6,8.6,10.9,13.6,17.6,21.2,h,10.9,21.2,10.9,21.2,0,0.002,451.382,2.707,0.332,14.2,21.5,0.249,14,279,28.455,79.639,1.975,15.857,,,,,0
2026-10-06T01:00Z,2026-10-06T13:00Z,6130741,12,14.3,17.5,12.5,16,20.4,h,17.5,20.4,17.6,20.4,0,0.001,88.511,0.828,0.579,14.2,21.5,0.249,20,279,25.559,94.718,0.276,105.143,,,,,0
2026-10-06T01:00Z,2026-10-07T01:00Z,6130741,24,16.7,19.5,12.4,15.2,19.5,h,19.5,19.5,19.6,19.5,0,0,387.616,2.531,0,14.2,21.5,0.249,8,280,25.601,89.642,1.897,3.887,,,,,0
2026-10-06T01:00Z,2026-10-08T01:00Z,6130741,48,25.2,27.7,18.2,20.4,21,h,27.7,21,27.7,21,0,0,250.85,1.638,0,14.2,21.5,0.249,8,281,26.759,82.187,1.133,349.896,,,,,0
2026-10-06T01:00Z,2026-10-06T02:00Z,6149445,1,10.8,4.6,18,7.7,21.1,h,4.6,21.1,4.6,21.1,0,0.003,431.655,2.839,0.168,1,21.1,-0.781,9,279,26.114,86.97,2.226,19.668,,,,,0
2026-10-06T01:00Z,2026-10-06T04:00Z,6149445,3,10.5,4.6,17.4,7.5,21,h,4.6,21,4.6,21,0,0.002,697.999,3.055,0.188,1,21.1,-0.781,11,279,27.915,79.96,2.466,46.027,,,,,0
2026-10-06T01:00Z,2026-10-06T07:00Z,6149445,6,13.7,6.5,16.7,7.2,20.7,h,6.5,20.7,6.5,20.7,0,0.002,537.758,3.583,0.501,1,21.1,-0.781,14,279,27.788,79.729,2.74,29.891,,,,,0
2026-10-06T01:00Z,2026-10-06T13:00Z,6149445,12,31.1,16.7,17.6,8.1,19.5,h,16.7,19.5,16.8,19.5,0,0.001,117.846,1.529,1.522,1,21.1,-0.781,20,279,24.62,95.179,0.761,26.827,,,,,0
2026-10-06T01:00Z,2026-10-07T01:00Z,6149445,24,7.9,4.6,16.5,8.7,17.1,h,4.6,17.1,4.6,17.1,0,0,348.531,3.474,0,1,21.1,-0.781,8,280,24.502,91.651,2.588,0.513,,,,,0
2026-10-06T01:00Z,2026-10-08T01:00Z,6149445,48,15,11.1,18.3,12.5,16.8,h,11.1,16.8,11.1,16.8,0,0,315.209,3.07,0,1,21.1,-0.781,8,281,25.91,86.957,2.048,356.938,,,,,0
2026-10-06T01:00Z,2026-10-06T02:00Z,6151749,1,2.7,11.5,3.3,14.3,14.4,h,11.5,14.4,11.5,14.4,0,0,423.251,1.099,0.001,29.3,14.4,1.267,9,279,25.469,85.202,0.794,270.175,,,,,0
2026-10-06T01:00Z,2026-10-06T04:00Z,6151749,3,3,11.8,3.4,14.4,14.4,h,11.8,14.4,11.8,14.4,0,0,895.162,0.602,0,29.3,14.4,1.267,11,279,28.3,74.092,0.296,315.753,,,,,0
2026-10-06T01:00Z,2026-10-06T07:00Z,6151749,6,3.7,13.1,3.5,14.4,14.6,h,13.1,14.6,13.1,14.6,0,0,1245.194,0.79,0.09,29.3,14.4,1.267,14,279,30.191,66.54,0.718,99.011,,,,,0
2026-10-06T01:00Z,2026-10-06T13:00Z,6151749,12,6.2,17.9,3.8,14.4,14.6,h,17.9,14.6,18,14.6,0,0,76.61,2.508,0.096,29.3,14.4,1.267,20,279,24.1,98.734,1.656,265.969,,,,,0
2026-10-06T01:00Z,2026-10-07T01:00Z,6151749,24,6.3,14.5,5.2,14.9,14.6,h,14.5,14.6,14.6,14.6,0,0,174.161,1.19,0,29.3,14.4,1.267,8,280,23.672,83.415,0.919,209.083,,,,,0
2026-10-06T01:00Z,2026-10-08T01:00Z,6151749,48,8.2,13.5,7.9,14.9,14.6,h,13.5,14.6,13.5,14.6,0,0,177.387,2.575,0,29.3,14.4,1.267,8,281,24.376,77.582,1.68,202.864,,,,,0
2026-10-06T01:00Z,2026-10-06T02:00Z,6154187,1,11.8,15.3,18.9,24.6,24.5,h,15.3,24.5,15.3,24.5,0,0.003,583.399,2.579,0.075,22.9,24.5,0.255,9,279,27.24,84.149,2.02,52.568,,,,,0
2026-10-06T01:00Z,2026-10-06T04:00Z,6154187,3,9,11.6,17.9,23.4,24.4,h,11.6,24.4,11.6,24.4,0,0.003,967.235,2.317,0.073,22.9,24.5,0.255,11,279,29.511,74.922,1.852,74.743,,,,,0
2026-10-06T01:00Z,2026-10-06T07:00Z,6154187,6,6.2,8,16.1,21,24,h,8,24,8,24,0,0.004,392.674,3.307,0.367,22.9,24.5,0.255,14,279,28.344,80.49,2.483,4.136,,,,,0
2026-10-06T01:00Z,2026-10-06T13:00Z,6154187,12,17.3,21.2,13.2,17.1,23.1,h,21.2,23.1,21.3,23.1,0,0.002,86.954,1.098,0.319,22.9,24.5,0.255,20,279,25.566,94.367,0.534,140.655,,,,,0
2026-10-06T01:00Z,2026-10-07T01:00Z,6154187,24,18.8,22,13.6,16.7,22,h,22,22,22.1,22,0,0,335.339,2.035,0,22.9,24.5,0.255,8,280,25.794,89.64,1.596,354.332,,,,,0
2026-10-06T01:00Z,2026-10-08T01:00Z,6154187,48,25.3,27.8,18.1,20.4,22.4,h,27.8,22.4,27.8,22.4,0,0,224.153,1.233,0,22.9,24.5,0.255,8,281,26.652,82.044,0.863,325.719,,,,,0
2026-10-06T01:00Z,2026-10-06T02:00Z,6157903,1,5.5,5.4,2.4,2.3,4.6,h,5.4,4.6,5.4,4.6,0,0,650.133,2.075,0,11.8,4.6,-0.016,9,279,21.431,73.496,1.297,53.787,,,,,0
2026-10-06T01:00Z,2026-10-06T04:00Z,6157903,3,4.7,4.6,2.7,2.7,4.6,h,4.6,4.6,4.6,4.6,0,0,990.917,1.372,0.011,11.8,4.6,-0.016,11,279,23.952,60.433,0.932,39.073,,,,,0
2026-10-06T01:00Z,2026-10-06T07:00Z,6157903,6,4,3.9,3.1,3.1,4.6,h,3.9,4.6,3.9,4.6,0,0,934.378,1.746,0.255,11.8,4.6,-0.016,14,279,24.407,64.991,1.152,59.167,,,,,0
2026-10-06T01:00Z,2026-10-06T13:00Z,6157903,12,4.6,4.5,3.9,3.8,4.4,h,4.5,4.4,4.5,4.4,0,0,105.704,2.625,0,11.8,4.6,-0.016,20,279,19.543,86.177,1.239,66.113,,,,,0
2026-10-06T01:00Z,2026-10-07T01:00Z,6157903,24,6.1,6,5.2,5.1,4.8,h,6,4.8,6,4.8,0,0,261.881,1.361,0,11.8,4.6,-0.016,8,280,19.864,68.394,0.743,52.067,,,,,0
2026-10-06T01:00Z,2026-10-08T01:00Z,6157903,48,10.4,10.3,5.8,5.7,5.2,h,10.3,5.2,10.3,5.2,0,0,237.139,0.72,0,11.8,4.6,-0.016,8,281,20.339,72.092,0.385,46.533,,,,,0
2026-10-06T01:00Z,2026-10-06T02:00Z,6160493,1,6.8,12.5,4,7.7,8.6,h,12.5,8.6,12.5,8.6,0,0,712.237,4.44,0,29,8.6,0.571,9,279,25.51,74.965,3.357,51.309,,,,,0
2026-10-06T01:00Z,2026-10-06T04:00Z,6160493,3,8.1,14.4,4.4,8.4,8.7,h,14.4,8.7,14.4,8.7,0,0,846.874,4.658,0,29,8.6,0.571,11,279,26.892,70.236,3.493,54.562,,,,,0
2026-10-06T01:00Z,2026-10-06T07:00Z,6160493,6,7.1,12.3,4.8,9.1,8.8,h,12.3,8.8,12.3,8.8,0,0,950.55,4.785,0.023,29,8.6,0.571,14,279,27.762,68.249,3.648,56.671,,,,,0
2026-10-06T01:00Z,2026-10-06T13:00Z,6160493,12,6.8,11.1,5.3,9.7,8.7,h,11.1,8.7,11.1,8.7,0,0,387.549,6.562,0,29,8.6,0.571,20,279,23.219,75.129,3.565,64.126,,,,,0
2026-10-06T01:00Z,2026-10-07T01:00Z,6160493,24,18.9,26.9,10.9,17,11.3,h,26.9,11.3,27,11.3,0,0,464.145,2.901,0,29,8.6,0.571,8,280,24.175,72.235,2.053,37.802,,,,,0
2026-10-06T01:00Z,2026-10-08T01:00Z,6160493,48,15.2,18.9,17,22.5,15.5,h,18.9,15.5,18.9,15.5,0,0,382.715,3.377,0,29,8.6,0.571,8,281,24.631,75.106,2.342,30.909,,,,,0
2026-10-06T01:00Z,2026-10-06T02:00Z,6160761,1,6.3,1.8,7.6,2.2,1.9,h,1.8,1.9,1.8,1.9,0,0,266.17,0.06,0.465,1.1,1.9,-0.995,9,279,23.561,92.266,0.09,68.53,,,,,0
2026-10-06T01:00Z,2026-10-06T04:00Z,6160761,3,7,2.2,7.3,2.1,1.9,h,2.2,1.9,2.2,1.9,0,0,515.511,0.231,0.365,1.1,1.9,-0.995,11,279,25.811,80.423,0.271,216.832,,,,,0
2026-10-06T01:00Z,2026-10-06T07:00Z,6160761,6,7.1,2.4,7.1,2.1,1.9,h,2.4,1.9,2.4,1.9,0,0,403.23,1.105,0.348,1.1,1.9,-0.995,14,279,26.527,82.598,0.928,109.066,,,,,0
2026-10-06T01:00Z,2026-10-06T13:00Z,6160761,12,21.3,9.4,8,2.7,2.1,h,9.4,2.1,9.4,2.1,0,0,65.173,1.196,1.5,1.1,1.9,-0.995,20,279,23.481,94.888,0.828,293.029,,,,,0
2026-10-06T01:00Z,2026-10-07T01:00Z,6160761,24,9.3,4.7,11.6,5,2.9,h,4.7,2.9,4.7,2.9,0,0,106.123,0.209,0.014,1.1,1.9,-0.995,8,280,23.249,92.293,0.049,32.059,,,,,0
2026-10-06T01:00Z,2026-10-08T01:00Z,6160761,48,23.7,16.3,16.2,10.2,6,h,16.3,6,16.3,6,0,0,211.451,0.263,0,1.1,1.9,-0.995,8,281,23.845,90.982,0.146,8.072,,,,,0
2026-10-06T01:00Z,2026-10-06T02:00Z,6166036,1,2,2.4,5.4,6.3,5.3,h,2.4,5.3,2.4,5.3,0,0.001,787.877,3.882,0.012,15.1,5.3,0.14,9,279,25.49,75.791,2.596,30.937,,,,,0
2026-10-06T01:00Z,2026-10-06T04:00Z,6166036,3,2.2,2.6,5,5.9,5.2,h,2.6,5.2,2.6,5.2,0,0.001,1060.329,4.519,0.047,15.1,5.3,0.14,11,279,27.372,69.425,3.08,26.193,,,,,0
2026-10-06T01:00Z,2026-10-06T07:00Z,6166036,6,3,3.5,4.6,5.5,5.2,h,3.5,5.2,3.5,5.2,0,0,695.708,5.082,0.49,15.1,5.3,0.14,14,279,25.428,80.916,3.384,19.893,,,,,0
2026-10-06T01:00Z,2026-10-06T13:00Z,6166036,12,2.8,3.2,4.2,4.9,4.9,h,3.2,4.9,3.2,4.9,0,0,359.765,4.248,0.016,15.1,5.3,0.14,20,279,22.044,89.215,2.266,25.761,,,,,0
2026-10-06T01:00Z,2026-10-07T01:00Z,6166036,24,3.1,3.5,2.7,3.1,4.6,h,3.5,4.6,3.5,4.6,0,0.001,610.473,3.41,0.397,15.1,5.3,0.14,8,280,23.225,85.626,2.119,24.829,,,,,0
2026-10-06T01:00Z,2026-10-08T01:00Z,6166036,48,3.7,3.9,7.5,8.1,6.7,h,3.9,6.7,3.9,6.7,0,0.002,431.873,3.612,1.236,15.1,5.3,0.14,8,281,22.336,96.117,2.016,16.533,,,,,0
2026-10-06T01:00Z,2026-10-06T02:00Z,6182459,1,5,3.6,3.4,2.3,4.1,h,3.6,4.1,3.6,4.1,0,0,592.705,1.494,0,12.1,4.1,-0.287,9,279,20.249,87.302,1.079,51.967,,,,,0
2026-10-06T01:00Z,2026-10-06T04:00Z,6182459,3,6.4,4.7,3.7,2.6,4.1,h,4.7,4.1,4.7,4.1,0,0,1158.054,2.956,0,12.1,4.1,-0.287,11,279,23.476,64.459,2.094,88.57,,,,,0
2026-10-06T01:00Z,2026-10-06T07:00Z,6182459,6,6.6,4.9,4.3,3,4.1,h,4.9,4.1,4.9,4.1,0,0,1483.277,2.536,0,12.1,4.1,-0.287,14,279,25.243,55.15,1.802,99.298,,,,,0
2026-10-06T01:00Z,2026-10-06T13:00Z,6182459,12,9.8,7.7,5.5,4,4.1,h,7.7,4.1,7.7,4.1,0,0,33.106,1.856,0,12.1,4.1,-0.287,20,279,20.043,80.134,0.741,68.335,,,,,0
2026-10-06T01:00Z,2026-10-07T01:00Z,6182459,24,9.5,7.9,9,7.1,5.1,h,7.9,5.1,7.9,5.1,0,0,147.666,1.591,0,12.1,4.1,-0.287,8,280,20.342,77.959,0.772,46.881,,,,,0
2026-10-06T01:00Z,2026-10-08T01:00Z,6182459,48,12.1,10.8,9.7,8.4,6.2,h,10.8,6.2,10.8,6.2,0,0,120.273,0.327,0,12.1,4.1,-0.287,8,281,20.304,75.334,0.045,87.293,,,,,0
2026-10-06T01:00Z,2026-10-06T02:00Z,6188057,1,2.5,5.1,3.4,6.8,13.5,h,5.1,13.5,5.1,13.5,0,0,455.954,3.037,0.211,17,13.5,0.576,9,279,26.584,85.218,2.642,43.987,,,,,0
2026-10-06T01:00Z,2026-10-06T04:00Z,6188057,3,2.1,4.3,3.4,6.8,13.4,h,4.3,13.4,4.3,13.4,0,0,541.713,1.645,0.054,17,13.5,0.576,11,279,27.682,80.776,1.361,20.144,,,,,0
2026-10-06T01:00Z,2026-10-06T07:00Z,6188057,6,2.8,5.3,3.2,6.5,13.3,h,5.3,13.3,5.3,13.3,0,0,434.793,2.138,0.136,17,13.5,0.576,14,279,28.309,79.447,1.8,350.366,,,,,0
2026-10-06T01:00Z,2026-10-06T13:00Z,6188057,12,5.7,9.4,3.4,6.4,12.9,h,9.4,12.9,9.4,12.9,0,0,296.059,1.631,0.311,17,13.5,0.576,20,279,26.879,85.103,0.891,14.58,,,,,0
2026-10-06T01:00Z,2026-10-07T01:00Z,6188057,24,5,7.4,4.1,6.8,11.4,h,7.4,11.4,7.4,11.4,0,0,435.107,2.993,0.055,17,13.5,0.576,8,280,25.638,83.883,2.458,39.469,,,,,0
2026-10-06T01:00Z,2026-10-08T01:00Z,6188057,48,10.2,12.8,6.7,9,11.2,h,12.8,11.2,12.8,11.2,0,0,479.678,3.113,0.055,17,13.5,0.576,8,281,26.645,80.814,2.865,344.852,,,,,0
2026-10-06T01:00Z,2026-10-06T02:00Z,6195103,1,14.9,9.8,30.7,20.1,21.7,h,9.8,21.7,9.8,21.7,0,0.003,561.27,2.481,0.099,19.3,21.7,-0.407,9,279,27.149,84.599,1.954,45.662,,,,,0
2026-10-06T01:00Z,2026-10-06T04:00Z,6195103,3,13.2,8.8,29.6,19.4,21.6,h,8.8,21.6,8.8,21.6,0,0.003,913.754,2.533,0.097,19.3,21.7,-0.407,11,279,29.314,75.824,2.036,65.759,,,,,0
2026-10-06T01:00Z,2026-10-06T07:00Z,6195103,6,14.4,9.8,27.3,18,21.3,h,9.8,21.3,9.8,21.3,0,0.003,429.12,3.155,0.378,19.3,21.7,-0.407,14,279,28.347,80.067,2.348,10.331,,,,,0
2026-10-06T01:00Z,2026-10-06T13:00Z,6195103,12,36.1,26.2,24.7,16.6,20.4,h,26.2,20.4,26.3,20.4,0,0.001,90.015,0.836,0.515,19.3,21.7,-0.407,20,279,25.548,94.439,0.307,115.393,,,,,0
2026-10-06T01:00Z,2026-10-07T01:00Z,6195103,24,17.9,13.8,23,16.7,20.1,h,13.8,20.1,13.9,20.1,0,0,364.115,2.425,0,19.3,21.7,-0.407,8,280,25.662,89.649,1.858,0.244,,,,,0
2026-10-06T01:00Z,2026-10-08T01:00Z,6195103,48,24.9,21.4,23.1,19.1,20.4,h,21.4,20.4,21.4,20.4,0,0,248.345,1.573,0,19.3,21.7,-0.407,8,281,26.683,82.382,1.103,344.01,,,,,0
2026-10-06T01:00Z,2026-10-06T02:00Z,6202299,1,11.8,20.7,18.9,33.5,26.4,h,20.7,26.4,20.7,26.4,0,0.005,591.363,2.983,0.083,32.4,26.4,0.552,9,279,27.057,84.229,2.308,56.612,,,,,0
2026-10-06T01:00Z,2026-10-06T04:00Z,6202299,3,9,15.6,17.9,31.8,26.3,h,15.6,26.3,15.6,26.3,0,0.005,962.466,2.578,0.071,32.4,26.4,0.552,11,279,29.36,74.92,2.069,72.807,,,,,0
2026-10-06T01:00Z,2026-10-06T07:00Z,6202299,6,6.2,10.6,16.1,28.5,26,h,10.6,26,10.6,26,0,0.004,491.959,3.305,0.349,32.4,26.4,0.552,14,279,28.481,79.113,2.492,13.758,,,,,0
2026-10-06T01:00Z,2026-10-06T13:00Z,6202299,12,17.3,26.9,13.2,23,25.4,h,26.9,25.4,27,25.4,0,0.002,112.095,1.106,0.263,32.4,26.4,0.552,20,279,25.695,93.462,0.441,114.969,,,,,0
2026-10-06T01:00Z,2026-10-07T01:00Z,6202299,24,18.8,26.5,13.6,21,24.7,h,26.5,24.7,26.6,24.7,0,0,341.252,2.108,0.006,32.4,26.4,0.552,8,280,25.777,88.756,1.63,4.857,,,,,0
2026-10-06T01:00Z,2026-10-08T01:00Z,6202299,48,25.3,31.1,18.1,23.4,24.9,h,31.1,24.9,31.1,24.9,0,0,221.673,1.244,0,32.4,26.4,0.552,8,281,26.502,82.961,0.876,340.379,,,,,0
2026-10-06T01:00Z,2026-10-06T02:00Z,6204360,1,11.8,10.8,18.9,17.2,18.3,h,10.8,18.3,10.8,18.3,0,0.002,591.017,2.573,0.06,15.9,18.3,-0.087,9,279,27.297,83.917,2.008,57.12,,,,,0
2026-10-06T01:00Z,2026-10-06T04:00Z,6204360,3,9,8.2,17.9,16.4,18.2,h,8.2,18.2,8.2,18.2,0,0.003,998.313,2.303,0.057,15.9,18.3,-0.087,11,279,29.645,74.492,1.829,77.328,,,,,0
2026-10-06T01:00Z,2026-10-06T07:00Z,6204360,6,6.2,5.7,16.1,14.7,17.8,h,5.7,17.8,5.7,17.8,0,0.004,381.995,3.091,0.324,15.9,18.3,-0.087,14,279,28.418,80.522,2.311,2.534,,,,,0
2026-10-06T01:00Z,2026-10-06T13:00Z,6204360,12,17.3,16.1,13.2,12.1,16.9,h,16.1,16.9,16.2,16.9,0,0.002,84.607,1.281,0.244,15.9,18.3,-0.087,20,279,25.579,94.536,0.679,148.529,,,,,0
2026-10-06T01:00Z,2026-10-07T01:00Z,6204360,24,18.8,17.8,13.6,12.7,16.5,h,17.8,16.5,17.9,16.5,0,0,328.223,1.831,0,15.9,18.3,-0.087,8,280,25.837,89.685,1.436,351.071,,,,,0
2026-10-06T01:00Z,2026-10-08T01:00Z,6204360,48,25.3,24.5,18.1,17.4,17.9,h,24.5,17.9,24.5,17.9,0,0,208.105,1.096,0,15.9,18.3,-0.087,8,281,26.678,81.736,0.741,312.213,,,,,0
2026-10-06T01:00Z,2026-10-06T02:00Z,6205698,1,14.9,7.9,30.7,16.3,19.3,h,7.9,19.3,7.9,19.3,0,0.004,557.516,2.61,0.116,13.1,19.3,-0.606,9,279,27.084,84.813,2.061,40.484,,,,,0
2026-10-06T01:00Z,2026-10-06T04:00Z,6205698,3,13.2,7.1,29.6,15.7,19.2,h,7.1,19.2,7.1,19.2,0,0.004,880.743,2.466,0.117,13.1,19.3,-0.606,11,279,29.153,76.212,2.001,65.504,,,,,0
2026-10-06T01:00Z,2026-10-06T07:00Z,6205698,6,14.4,8.1,27.3,14.6,18.9,h,8.1,18.9,8.1,18.9,0,0.003,430.822,3.667,0.457,13.1,19.3,-0.606,14,279,28.2,80.237,2.768,9.365,,,,,0
2026-10-06T01:00Z,2026-10-06T13:00Z,6205698,12,36.1,22.4,24.7,13.6,18.4,h,22.4,18.4,22.5,18.4,0,0.002,93.312,0.784,0.565,13.1,19.3,-0.606,20,279,25.53,94.077,0.232,100,,,,,0
2026-10-06T01:00Z,2026-10-07T01:00Z,6205698,24,17.9,12.2,23,14.3,17.7,h,12.2,17.7,12.3,17.7,0,0,361.925,2.639,0,13.1,19.3,-0.606,8,280,25.644,89.574,2.047,1.027,,,,,0
2026-10-06T01:00Z,2026-10-08T01:00Z,6205698,48,24.9,19.8,23.1,17.4,18.3,h,19.8,18.3,19.8,18.3,0,0,266.945,1.84,0,13.1,19.3,-0.606,8,281,26.615,82.832,1.294,348.986,,,,,0
2026-10-06T01:00Z,2026-10-06T02:00Z,6205700,1,18.2,9.5,20.8,10.7,12.1,h,9.5,12.1,9.5,12.1,0,0.002,529.207,2.393,0.12,19.8,12.1,-0.627,9,279,27.049,85.077,1.895,36.471,,,,,0
2026-10-06T01:00Z,2026-10-06T04:00Z,6205700,3,18.9,10.2,20.9,10.8,12.1,h,10.2,12.1,10.2,12.1,0,0.002,852.622,2.896,0.121,19.8,12.1,-0.627,11,279,29.093,77.062,2.329,55.673,,,,,0
2026-10-06T01:00Z,2026-10-06T07:00Z,6205700,6,18.7,10.5,21,10.9,12.2,h,10.5,12.2,10.5,12.2,0,0.002,473.763,2.916,0.365,19.8,12.1,-0.627,14,279,28.387,79.61,2.152,20.254,,,,,0
2026-10-06T01:00Z,2026-10-06T13:00Z,6205700,12,27,16.4,22.3,12,12.2,h,16.4,12.2,16.5,12.2,0,0.001,96.494,0.797,0.826,19.8,12.1,-0.627,20,279,25.507,94.714,0.105,72.697,,,,,0
2026-10-06T01:00Z,2026-10-07T01:00Z,6205700,24,18,12.1,20,12,12.1,h,12.1,12.1,12.2,12.1,0,0,389.376,2.878,0,19.8,12.1,-0.627,8,280,25.464,89.896,2.15,1.891,,,,,0
2026-10-06T01:00Z,2026-10-08T01:00Z,6205700,48,29.9,23.7,23.9,17.8,14.9,h,23.7,14.9,23.7,14.9,0,0,272.369,2.076,0,19.8,12.1,-0.627,8,281,26.719,82.967,1.423,353.097,,,,,0
2026-10-06T01:00Z,2026-10-06T02:00Z,6205764,1,15.2,27.3,14.4,26.6,22.5,h,27.3,22.5,27.3,22.5,0,0.002,570.553,2.393,0.086,24.4,22.5,0.581,9,279,27.218,84.391,1.879,52.267,,,,,0
2026-10-06T01:00Z,2026-10-06T04:00Z,6205764,3,12.6,22.2,14.3,26.1,22.5,h,22.2,22.5,22.2,22.5,0,0.002,949.753,2.573,0.076,24.4,22.5,0.581,11,279,29.485,75.247,2.049,67.683,,,,,0
2026-10-06T01:00Z,2026-10-06T07:00Z,6205764,6,8.6,14.9,13.6,24.8,22.3,h,14.9,22.3,14.9,22.3,0,0.003,424.404,2.71,0.315,24.4,22.5,0.581,14,279,28.475,79.879,1.98,10.118,,,,,0
2026-10-06T01:00Z,2026-10-06T13:00Z,6205764,12,14.3,22.8,12.5,22.2,22,h,22.8,22,22.9,22,0,0.001,84.337,1.001,0.394,24.4,22.5,0.581,20,279,25.584,94.682,0.483,128.869,,,,,0
2026-10-06T01:00Z,2026-10-07T01:00Z,6205764,24,16.7,24,12.4,19.9,21.7,h,24,21.7,24.1,21.7,0,0,371.268,2.197,0,24.4,22.5,0.581,8,280,25.717,89.559,1.666,2.062,,,,,0
2026-10-06T01:00Z,2026-10-08T01:00Z,6205764,48,25.2,31.3,18.2,23.9,23.2,h,31.3,23.2,31.3,23.2,0,0,230.786,1.28,0,24.4,22.5,0.581,8,281,26.755,81.757,0.895,339.752,,,,,0
2026-10-06T01:00Z,2026-10-06T02:00Z,6205924,1,15.2,20.7,14.4,19.9,21,h,20.7,21,20.7,21,0,0.001,554.503,2.285,0.102,22.4,21,0.302,9,279,27.16,84.71,1.802,47.903,,,,,0
2026-10-06T01:00Z,2026-10-06T04:00Z,6205924,3,12.6,17,14.3,19.6,21,h,17,21,17,21,0,0.001,914.76,2.793,0.09,22.4,21,0.302,11,279,29.366,75.848,2.225,61.8,,,,,0
2026-10-06T01:00Z,2026-10-06T07:00Z,6205924,6,8.6,11.5,13.6,18.6,20.8,h,11.5,20.8,11.5,20.8,0,0.002,453.488,2.498,0.307,22.4,21,0.302,14,279,28.512,79.48,1.799,16.886,,,,,0
2026-10-06T01:00Z,2026-10-06T13:00Z,6205924,12,14.3,18.3,12.5,16.9,20.2,h,18.3,20.2,18.4,20.2,0,0.001,85.436,0.882,0.527,22.4,21,0.302,20,279,25.579,94.808,0.338,109.203,,,,,0
2026-10-06T01:00Z,2026-10-07T01:00Z,6205924,24,16.7,20.2,12.4,15.9,19.4,h,20.2,19.4,20.3,19.4,0,0,396.933,2.483,0,22.4,21,0.302,8,280,25.62,89.547,1.847,6.249,,,,,0
2026-10-06T01:00Z,2026-10-08T01:00Z,6205924,48,25.2,28.2,18.2,21,21,h,28.2,21,28.2,21,0,0,246.226,1.546,0,22.4,21,0.302,8,281,26.8,81.877,1.067,351.432,,,,,0
2026-10-06T01:00Z,2026-10-06T02:00Z,6206920,1,2.3,1.2,3.6,2,4.2,h,1.2,4.2,1.2,4.2,0,0,549.003,2.912,0.998,2.7,4.2,-0.441,9,279,23.192,84.462,1.659,13.28,,,,,0
2026-10-06T01:00Z,2026-10-06T04:00Z,6206920,3,3.1,1.7,3.6,2,4.2,h,1.7,4.2,1.7,4.2,0,0,836.332,4.054,1.906,2.7,4.2,-0.441,11,279,24.916,77.472,2.676,356.12,,,,,0
2026-10-06T01:00Z,2026-10-06T07:00Z,6206920,6,6.6,4.2,3.6,2,4.1,h,4.2,4.1,4.2,4.1,0,0,607.704,4.951,6.539,2.7,4.2,-0.441,14,279,22.614,89.147,2.973,1.177,,,,,0
2026-10-06T01:00Z,2026-10-06T13:00Z,6206920,12,3.2,2,3.7,2.1,3.9,h,2,3.9,2,3.9,0,0,413.254,5.214,0.371,2.7,4.2,-0.441,20,279,20.882,93.88,2.566,8.098,,,,,0
2026-10-06T01:00Z,2026-10-07T01:00Z,6206920,24,8.1,6,5.2,3.5,4,h,6,4,6,4,0,0.004,501.166,4.084,1.049,2.7,4.2,-0.441,8,280,20.979,94.292,1.885,359.263,,,,,0
2026-10-06T01:00Z,2026-10-08T01:00Z,6206920,48,3.8,3.1,8.7,6.8,5.5,h,3.1,5.5,3.1,5.5,0,0.002,501.339,4.545,0.412,2.7,4.2,-0.441,8,281,21.653,96.031,2.463,9.94,,,,,0
2026-10-06T01:00Z,2026-10-06T02:00Z,6207256,1,5.8,1.4,4.2,0.8,1.9,h,1.4,1.9,1.4,1.9,0,0,244.052,0.469,1.233,0.6,1.9,-1.079,9,279,22.669,94.315,0.33,104.372,,,,,0
2026-10-06T01:00Z,2026-10-06T04:00Z,6207256,3,5.3,1.3,4.4,0.9,1.9,h,1.3,1.9,1.3,1.9,0,0,553.71,0.46,0.849,0.6,1.9,-1.079,11,279,24.717,88.123,0.317,199.981,,,,,0
2026-10-06T01:00Z,2026-10-06T07:00Z,6207256,6,5.8,1.7,4.6,1,1.8,h,1.7,1.8,1.7,1.8,0,0,747.346,0.872,0.248,0.6,1.9,-1.079,14,279,27.123,76.779,0.651,114.485,,,,,0
2026-10-06T01:00Z,2026-10-06T13:00Z,6207256,12,10.1,3.9,5.3,1.4,1.8,h,3.9,1.8,3.9,1.8,0,0,50.334,1.487,1.841,0.6,1.9,-1.079,20,279,22.596,96.307,0.774,292.063,,,,,0
2026-10-06T01:00Z,2026-10-07T01:00Z,6207256,24,9.2,4.4,6.8,2.5,2.1,h,4.4,2.1,4.4,2.1,0,0,178.528,0.415,0.033,0.6,1.9,-1.079,8,280,22.892,93.759,0.257,26.466,,,,,0
2026-10-06T01:00Z,2026-10-08T01:00Z,6207256,48,16.4,10.8,10.3,6,3.9,h,10.8,3.9,10.8,3.9,0,0,196.892,0.267,0,0.6,1.9,-1.079,8,281,23.577,89.375,0.061,16.244,,,,,0
2026-10-06T01:00Z,2026-10-06T02:00Z,6207952,1,2.5,5.1,3.4,6.8,17,h,5.1,17,5.1,17,0,0,451.804,3.023,0.213,18.3,17,0.574,9,279,26.586,85.193,2.647,43.756,,,,,0
2026-10-06T01:00Z,2026-10-06T04:00Z,6207952,3,2.1,4.3,3.4,6.8,17,h,4.3,17,4.3,17,0,0,532.045,1.627,0.053,18.3,17,0.574,11,279,27.656,80.839,1.359,18.412,,,,,0
2026-10-06T01:00Z,2026-10-06T07:00Z,6207952,6,2.8,5.2,3.2,6.5,16.9,h,5.2,16.9,5.2,16.9,0,0,425.057,2.125,0.134,18.3,17,0.574,14,279,28.278,79.654,1.8,348.806,,,,,0
2026-10-06T01:00Z,2026-10-06T13:00Z,6207952,12,5.7,9.4,3.4,6.4,16,h,9.4,16,9.4,16,0,0,303.638,1.587,0.321,18.3,17,0.574,20,279,26.935,84.772,0.888,13.932,,,,,0
2026-10-06T01:00Z,2026-10-07T01:00Z,6207952,24,5,7.4,4.1,6.8,13.7,h,7.4,13.7,7.4,13.7,0,0,434.399,2.996,0.057,18.3,17,0.574,8,280,25.663,83.978,2.478,39.535,,,,,0
2026-10-06T01:00Z,2026-10-08T01:00Z,6207952,48,10.2,12.8,6.7,9,13,h,12.8,13,12.8,13,0,0,479.789,3.141,0.057,18.3,17,0.574,8,281,26.673,80.898,2.909,343.902,,,,,0
2026-10-06T01:00Z,2026-10-06T02:00Z,6209697,1,3.3,19.8,4.9,29.4,16.8,h,19.8,16.8,19.8,16.8,0,0,372.425,3.586,0.02,19.2,16.8,1.645,9,279,26.466,86.338,3.111,212.767,,,,,0
2026-10-06T01:00Z,2026-10-06T04:00Z,6209697,3,3.7,20.4,4.7,28.3,16.8,h,20.4,16.8,20.4,16.8,0,0,582.14,1.967,0.113,19.2,16.8,1.645,11,279,28.435,75.481,1.578,218.644,,,,,0
2026-10-06T01:00Z,2026-10-06T07:00Z,6209697,6,4.5,21.8,4.5,26.6,17,h,21.8,17,21.8,17,0,0,520.664,1.472,0.25,19.2,16.8,1.645,14,279,28.218,80.405,1.567,309.369,,,,,0
2026-10-06T01:00Z,2026-10-06T13:00Z,6209697,12,4.1,16.9,4.3,23.8,17.7,h,16.9,17.7,17,17.7,0,0,270.885,2.308,0.106,19.2,16.8,1.645,20,279,26.421,88.305,1.82,213.777,,,,,0
2026-10-06T01:00Z,2026-10-07T01:00Z,6209697,24,3.7,11.5,4.1,17.1,16.9,h,11.5,16.9,11.6,16.9,0,0,288.423,0.722,0,19.2,16.8,1.645,8,280,26.554,87.085,0.837,240.961,,,,,0
2026-10-06T01:00Z,2026-10-08T01:00Z,6209697,48,5.5,10.8,6.2,14.3,15.6,h,10.8,15.6,10.8,15.6,0,0,271.554,2.794,0,19.2,16.8,1.645,8,281,26.09,90.778,2.621,249.024,,,,,0
2026-10-06T01:00Z,2026-10-06T02:00Z,6209698,1,11.8,11.5,18.9,18.4,17.8,h,11.5,17.8,11.5,17.8,0,0.003,573.744,2.523,0.086,26.6,17.8,-0.027,9,279,27.201,84.354,1.981,49.778,,,,,0
2026-10-06T01:00Z,2026-10-06T04:00Z,6209698,3,9,8.8,17.9,17.4,17.7,h,8.8,17.7,8.8,17.7,0,0.003,943.908,2.415,0.083,26.6,17.8,-0.027,11,279,29.427,75.306,1.936,70.471,,,,,0
2026-10-06T01:00Z,2026-10-06T07:00Z,6209698,6,6.2,6,16.1,15.6,17.5,h,6,17.5,6,17.5,0,0.003,409.779,3.206,0.37,26.6,17.8,-0.027,14,279,28.352,80.271,2.394,6.922,,,,,0
2026-10-06T01:00Z,2026-10-06T13:00Z,6209698,12,17.3,16.9,13.2,12.9,16.7,h,16.9,16.7,17,16.7,0,0.002,87.867,0.966,0.4,26.6,17.8,-0.027,20,279,25.561,94.407,0.436,130.933,,,,,0
2026-10-06T01:00Z,2026-10-07T01:00Z,6209698,24,18.8,18.5,13.6,13.3,16.4,h,18.5,16.4,18.6,16.4,0,0,350.172,2.204,0,26.6,17.8,-0.027,8,280,25.737,89.624,1.708,357.786,,,,,0
2026-10-06T01:00Z,2026-10-08T01:00Z,6209698,48,25.3,25,18.1,17.9,17.8,h,25,17.8,25,17.8,0,0,234.824,1.358,0,26.6,17.8,-0.027,8,281,26.672,82.152,0.957,335.537,,,,,0
2026-10-06T01:00Z,2026-10-06T02:00Z,6210633,1,7.6,5,11.3,7.5,14.1,h,5,14.1,5,14.1,0,0.001,594.551,2.223,0.061,13.8,14.1,-0.374,9,279,27.358,84.005,1.712,69.879,,,,,0
2026-10-06T01:00Z,2026-10-06T04:00Z,6210633,3,4.6,3,10.6,7,14,h,3,14,3,14,0,0.002,1034.762,2.531,0.041,13.8,14.1,-0.374,11,279,29.871,73.582,1.961,74.057,,,,,0
2026-10-06T01:00Z,2026-10-06T07:00Z,6210633,6,3.7,2.4,9.5,6.3,13.6,h,2.4,13.6,2.4,13.6,0,0.002,401.162,1.762,0.33,13.8,14.1,-0.374,14,279,28.657,79.796,1.172,9.094,,,,,0
2026-10-06T01:00Z,2026-10-06T13:00Z,6210633,12,9.7,7,8.3,5.6,12.3,h,7,12.3,7,12.3,0,0.001,65.562,1.546,0.008,13.8,14.1,-0.374,20,279,25.712,95.023,0.897,144.165,,,,,0
2026-10-06T01:00Z,2026-10-07T01:00Z,6210633,24,8.5,6.6,7.4,5.4,11.3,h,6.6,11.3,6.6,11.3,0,0,385.752,1.614,0,13.8,14.1,-0.374,8,280,25.859,89.123,1.196,15.264,,,,,0
2026-10-06T01:00Z,2026-10-08T01:00Z,6210633,48,16.1,13.9,12,10,12.1,h,13.9,12.1,13.9,12.1,0,0,201.406,0.535,0,13.8,14.1,-0.374,8,281,26.899,80.104,0.364,329.052,,,,,0
2026-10-06T01:00Z,2026-10-06T02:00Z,6210702,1,14.9,10.1,30.7,20.9,21.1,h,10.1,21.1,10.1,21.1,0,0.003,557.4,2.528,0.107,20.4,21.1,-0.374,9,279,27.116,84.713,1.994,42.822,,,,,0
2026-10-06T01:00Z,2026-10-06T04:00Z,6210702,3,13.2,9.1,29.6,20.1,21,h,9.1,21,9.1,21,0,0.003,896.207,2.523,0.107,20.4,21.1,-0.374,11,279,29.233,76.076,2.036,64.883,,,,,0
2026-10-06T01:00Z,2026-10-06T07:00Z,6210702,6,14.4,10.1,27.3,18.6,20.8,h,10.1,20.8,10.1,20.8,0,0.003,432.336,3.354,0.41,20.4,21.1,-0.374,14,279,28.288,80.122,2.512,10.439,,,,,0
2026-10-06T01:00Z,2026-10-06T13:00Z,6210702,12,36.1,26.9,24.7,17.1,20.2,h,26.9,20.2,27,20.2,0,0.002,92.072,0.79,0.561,20.4,21.1,-0.374,20,279,25.536,94.311,0.244,106.761,,,,,0
2026-10-06T01:00Z,2026-10-07T01:00Z,6210702,24,17.9,14.1,23,17.2,19.8,h,14.1,19.8,14.2,19.9,0,0,363.65,2.541,0,20.4,21.1,-0.374,8,280,25.64,89.65,1.954,0.355,,,,,0
2026-10-06T01:00Z,2026-10-08T01:00Z,6210702,48,24.9,21.6,23.1,19.4,20.2,h,21.6,20.2,21.6,20.2,0,0,257.375,1.714,0,20.4,21.1,-0.374,8,281,26.655,82.628,1.203,346.533,,,,,0
2026-10-06T01:00Z,2026-10-06T02:00Z,6218293,1,5.5,1.3,16.7,4.9,4.8,h,1.3,4.8,1.3,4.8,0,0.002,534.126,2.148,0.165,2.3,4.8,-1.093,9,279,25.999,86.046,1.661,359.379,,,,,0
2026-10-06T01:00Z,2026-10-06T04:00Z,6218293,3,4.6,1,15.4,4.5,4.8,h,1,4.8,1,4.8,0,0.001,911.507,1.009,0.2,2.3,4.8,-1.093,11,279,28.295,77.496,0.673,53.334,,,,,0
2026-10-06T01:00Z,2026-10-06T07:00Z,6218293,6,3.7,0.8,13.3,3.8,4.8,h,0.8,4.8,0.8,4.8,0,0,478.603,1.104,0.717,2.3,4.8,-1.093,14,279,26.949,84.955,0.84,108.46,,,,,0
2026-10-06T01:00Z,2026-10-06T13:00Z,6218293,12,4.9,1.6,9.1,2.5,4.1,h,1.6,4.1,1.6,4.1,0,0,63.68,1.392,0,2.3,4.8,-1.093,20,279,24.846,96.442,0.474,332.24,,,,,0
2026-10-06T01:00Z,2026-10-07T01:00Z,6218293,24,5.5,2.4,4.6,1.5,3.7,h,2.4,3.7,2.4,3.7,0,0,219.801,1.407,0,2.3,4.8,-1.093,8,280,25.22,91.794,0.868,13.633,,,,,0
2026-10-06T01:00Z,2026-10-08T01:00Z,6218293,48,16.2,10.6,14.3,8.6,6.7,h,10.6,6.7,10.6,6.7,0,0,250.282,1.366,0,2.3,4.8,-1.093,8,281,25.809,90.4,0.991,27.494,,,,,0
2026-10-06T01:00Z,2026-10-06T02:00Z,6218918,1,5.3,1,5,0.8,7,h,1,7,1,7,0,0,510.276,2.832,0,0.4,7,-1.181,9,279,25.094,73.771,2.163,51.634,,,,,0
2026-10-06T01:00Z,2026-10-06T04:00Z,6218918,3,6,1.4,5.2,0.9,7,h,1.4,7,1.4,7,0,0,860.003,1.934,0,0.4,7,-1.181,11,279,27.429,69.152,1.593,26.806,,,,,0
2026-10-06T01:00Z,2026-10-06T07:00Z,6218918,6,6.5,1.7,5.7,1.1,7,h,1.7,7,1.7,7,0,0,1182.773,2.111,0,0.4,7,-1.181,14,279,29.139,63.747,1.701,32.534,,,,,0
2026-10-06T01:00Z,2026-10-06T13:00Z,6218918,12,8.7,2.9,6.6,1.6,6.9,h,2.9,6.9,2.9,6.9,0,0,47.115,1.633,0,0.4,7,-1.181,20,279,24.601,93.209,0.513,33.62,,,,,0
2026-10-06T01:00Z,2026-10-07T01:00Z,6218918,24,11.4,5.1,8.7,3.1,5.7,h,5.1,5.7,5.1,5.7,0,0,223.866,1.775,0,0.4,7,-1.181,8,280,23.516,73.195,1.17,72.361,,,,,0
2026-10-06T01:00Z,2026-10-08T01:00Z,6218918,48,11.8,7.4,11,6,6.5,h,7.4,6.5,7.4,6.5,0,0,305.467,2.215,0,0.4,7,-1.181,8,281,24.292,69.046,1.426,75.832,,,,,0
2026-10-06T01:00Z,2026-10-06T02:00Z,6222557,1,18.2,10.2,20.8,11.5,26.3,h,10.2,26.3,10.2,26.3,0,0.003,534.428,2.59,0.129,9.8,26.3,-0.561,9,279,27.011,85.137,2.05,33.949,,,,,0
2026-10-06T01:00Z,2026-10-06T04:00Z,6222557,3,18.9,10.9,20.9,11.6,26.2,h,10.9,26.2,10.9,26.2,0,0.003,836.641,2.691,0.135,9.8,26.3,-0.561,11,279,28.988,77.127,2.186,58.003,,,,,0
2026-10-06T01:00Z,2026-10-06T07:00Z,6222557,6,18.7,11.1,21,11.7,25.8,h,11.1,25.8,11.1,25.8,0,0.003,460.15,3.545,0.453,9.8,26.3,-0.561,14,279,28.212,79.988,2.669,14.782,,,,,0
2026-10-06T01:00Z,2026-10-06T13:00Z,6222557,12,27,17.3,22.3,12.9,24.1,h,17.3,24.1,17.4,24.1,0,0.001,98.97,0.811,0.8,9.8,26.3,-0.561,20,279,25.493,94.252,0.214,69.213,,,,,0
2026-10-06T01:00Z,2026-10-07T01:00Z,6222557,24,18,12.6,20,12.7,21.9,h,12.6,21.9,12.7,21.9,0,0,374.781,2.958,0,9.8,26.3,-0.561,8,280,25.501,89.796,2.257,1.03,,,,,0
2026-10-06T01:00Z,2026-10-08T01:00Z,6222557,48,29.9,24.2,23.9,18.3,22.3,h,24.2,22.3,24.2,22.3,0,0,284.013,2.213,0,9.8,26.3,-0.561,8,281,26.625,83.346,1.531,353.216,,,,,0
2026-10-06T01:00Z,2026-10-06T02:00Z,6223085,1,9.1,7.6,19.7,16.4,28.7,h,7.6,28.7,7.6,28.7,0,0.004,485.868,2.99,0.182,7.8,28.7,-0.173,9,279,26.655,86.198,2.365,19.034,,,,,0
2026-10-06T01:00Z,2026-10-06T04:00Z,6223085,3,8.7,7.3,18.8,15.7,28.6,h,7.3,28.6,7.3,28.6,0,0.004,706.909,2.914,0.199,7.8,28.7,-0.173,11,279,28.335,79.258,2.391,49.061,,,,,0
2026-10-06T01:00Z,2026-10-06T07:00Z,6223085,6,10.7,9.1,17.4,14.5,28.2,h,9.1,28.2,9.1,28.2,0,0.003,504.77,4.33,0.593,7.8,28.7,-0.173,14,279,27.868,80.095,3.323,19.171,,,,,0
2026-10-06T01:00Z,2026-10-06T13:00Z,6223085,12,22.2,19.3,16.1,13.5,26.8,h,19.3,26.8,19.4,26.8,0,0.001,112.984,1.491,1.226,7.8,28.7,-0.173,20,279,25.276,93.925,0.788,31.482,,,,,0
2026-10-06T01:00Z,2026-10-07T01:00Z,6223085,24,7.6,6.8,13.6,11.8,23.3,h,6.8,23.3,6.8,23.3,0,0,381.943,3.73,0,7.8,28.7,-0.173,8,280,25.157,90.146,2.848,2.543,,,,,0
2026-10-06T01:00Z,2026-10-08T01:00Z,6223085,48,13.4,12.5,14,12.9,20.8,h,12.5,20.8,12.5,20.8,0,0,339.293,3.245,0,7.8,28.7,-0.173,8,281,26.397,85.175,2.207,0.308,,,,,0
2026-10-06T01:00Z,2026-10-06T02:00Z,6224050,1,14.9,7.1,30.7,14.8,16.3,h,7.1,16.3,7.1,16.3,0,0.003,577.9,2.582,0.085,15.6,16.3,-0.699,9,279,27.202,84.307,2.027,49.673,,,,,0
2026-10-06T01:00Z,2026-10-06T04:00Z,6224050,3,13.2,6.5,29.6,14.2,16.2,h,6.5,16.2,6.5,16.2,0,0.003,946.641,2.34,0.084,15.6,16.3,-0.699,11,279,29.424,75.213,1.879,72.736,,,,,0
2026-10-06T01:00Z,2026-10-06T07:00Z,6224050,6,14.4,7.4,27.3,13.2,15.9,h,7.4,15.9,7.4,15.9,0,0.004,401.029,3.414,0.392,15.6,16.3,-0.699,14,279,28.304,80.44,2.568,5.296,,,,,0
2026-10-06T01:00Z,2026-10-06T13:00Z,6224050,12,36.1,20.8,24.7,12.4,15.3,h,20.8,15.3,20.9,15.3,0,0.002,88.329,0.991,0.37,15.6,16.3,-0.699,20,279,25.558,94.275,0.445,133.619,,,,,0
2026-10-06T01:00Z,2026-10-07T01:00Z,6224050,24,17.9,11.5,23,13.3,15.3,h,11.5,15.3,11.6,15.3,0,0,341.592,2.175,0,15.6,16.3,-0.699,8,280,25.763,89.608,1.703,356.44,,,,,0
2026-10-06T01:00Z,2026-10-08T01:00Z,6224050,48,24.9,19.1,23.1,16.6,16.5,h,19.1,16.5,19.1,16.5,0,0,234.654,1.351,0,15.6,16.3,-0.699,8,281,26.641,82.226,0.955,333.259,,,,,0
2026-10-06T01:00Z,2026-10-06T02:00Z,6226542,1,8.5,20.8,10.9,27.4,22.8,h,20.8,22.8,20.8,22.8,0,0,556.829,1.744,0.164,23.6,22.8,0.867,9,279,27.135,85.54,1.389,59.032,,,,,0
2026-10-06T01:00Z,2026-10-06T04:00Z,6226542,3,8.3,19.6,10.5,26.3,22.8,h,19.6,22.8,19.6,22.8,0,0,891.471,3.635,0.092,23.6,22.8,0.867,11,279,29.428,75.243,2.836,57.216,,,,,0
2026-10-06T01:00Z,2026-10-06T07:00Z,6226542,6,7,15.9,9.6,23.8,22.5,h,15.9,22.5,15.9,22.5,0,0,541.678,1.211,0.206,23.6,22.8,0.867,14,279,28.896,77.041,0.807,62.155,,,,,0
2026-10-06T01:00Z,2026-10-06T13:00Z,6226542,12,5.7,12,8,19.5,21.8,h,12,21.8,12.1,21.8,0,0,54.261,1.477,0.181,23.6,22.8,0.867,20,279,25.798,95.092,0.553,89.644,,,,,0
2026-10-06T01:00Z,2026-10-07T01:00Z,6226542,24,8.4,14.7,6.3,13.4,19.8,h,14.7,19.8,14.8,19.8,0,0,569.92,3.582,0,23.6,22.8,0.867,8,280,25.664,87.884,2.501,37.193,,,,,0
2026-10-06T01:00Z,2026-10-08T01:00Z,6226542,48,15,20.9,10.9,16.7,19.8,h,20.9,19.8,20.9,19.8,0,0,270.927,2.293,0,23.6,22.8,0.867,8,281,27.231,79.158,1.486,33.16,,,,,0
2026-10-06T01:00Z,2026-10-06T02:00Z,6226788,1,1.5,1.7,4.3,4.6,6.2,h,1.7,6.2,1.7,6.2,0,0,526.775,0.402,0.115,3.8,6.2,0.073,9,279,27.08,85.094,0.422,214.346,,,,,0
2026-10-06T01:00Z,2026-10-06T04:00Z,6226788,3,1.1,1.2,3.8,4.2,6.1,h,1.2,6.1,1.2,6.1,0,0,815.932,1.825,0.349,3.8,6.2,0.073,11,279,28.822,77.122,1.454,17.996,,,,,0
2026-10-06T01:00Z,2026-10-06T07:00Z,6226788,6,1.7,1.9,3.2,3.5,5.9,h,1.9,5.9,1.9,5.9,0,0,443.728,1.243,1.718,3.8,6.2,0.073,14,279,27.585,81.196,0.815,106.467,,,,,0
2026-10-06T01:00Z,2026-10-06T13:00Z,6226788,12,3.8,4.1,2.5,2.8,5.3,h,4.1,5.3,4.1,5.3,0,0,81.832,1.146,0,3.8,6.2,0.073,20,279,25.571,92.936,0.621,91.215,,,,,0
2026-10-06T01:00Z,2026-10-07T01:00Z,6226788,24,3,3.2,2.3,2.5,5,h,3.2,5,3.2,5,0,0,382.294,2.818,0.002,3.8,6.2,0.073,8,280,25.363,85.954,1.972,49.553,,,,,0
2026-10-06T01:00Z,2026-10-08T01:00Z,6226788,48,5.9,6.1,5.9,6.1,6.2,h,6.1,6.2,6.1,6.2,0,0,595.537,3.005,0.001,3.8,6.2,0.073,8,281,27.064,76.567,1.928,42.545,,,,,0
2026-10-06T01:00Z,2026-10-06T02:00Z,6229487,1,18.2,17.3,20.8,19.8,16.9,h,17.3,16.9,17.3,16.9,0,0.002,521.002,2.427,0.124,28.2,16.9,-0.048,9,279,27.018,85.187,1.923,33.395,,,,,0
2026-10-06T01:00Z,2026-10-06T04:00Z,6229487,3,18.9,18,20.9,19.9,16.9,h,18,16.9,18,16.9,0,0.002,834.674,2.953,0.129,28.2,16.9,-0.048,11,279,29.017,77.43,2.378,53.715,,,,,0
2026-10-06T01:00Z,2026-10-06T07:00Z,6229487,6,18.7,17.9,21,20,17.1,h,17.9,17.1,17.9,17.1,0,0.002,481.26,2.996,0.376,28.2,16.9,-0.048,14,279,28.362,79.616,2.221,21.664,,,,,0
2026-10-06T01:00Z,2026-10-06T13:00Z,6229487,12,27,26,22.3,21.3,17.5,h,26,17.5,26.1,17.5,0,0.001,99.647,0.839,0.92,28.2,16.9,-0.048,20,279,25.486,94.721,0.148,61.841,,,,,0
2026-10-06T01:00Z,2026-10-07T01:00Z,6229487,24,18,17.5,20,19.2,17.6,h,17.5,17.6,17.6,17.7,0,0,388.536,2.998,0,28.2,16.9,-0.048,8,280,25.413,90.008,2.238,0.918,,,,,0
2026-10-06T01:00Z,2026-10-08T01:00Z,6229487,48,29.9,29.4,23.9,23.4,20.1,h,29.4,20.1,29.4,20.1,0,0,279.563,2.229,0,28.2,16.9,-0.048,8,281,26.702,83.268,1.524,353.521,,,,,0
2026-10-06T01:00Z,2026-10-06T02:00Z,6229488,1,18.2,10.3,20.8,11.5,12.3,h,10.3,12.3,10.3,12.3,0,0.002,519.398,2.443,0.126,32.4,12.3,-0.556,9,279,27.01,85.211,1.937,32.648,,,,,0
2026-10-06T01:00Z,2026-10-06T04:00Z,6229488,3,18.9,10.9,20.9,11.6,12.3,h,10.9,12.3,10.9,12.3,0,0.002,830.284,2.956,0.132,32.4,12.3,-0.556,11,279,28.997,77.514,2.383,53.375,,,,,0
2026-10-06T01:00Z,2026-10-06T07:00Z,6229488,6,18.7,11.2,21,11.8,12.4,h,11.2,12.4,11.2,12.4,0,0.002,482.204,3.038,0.382,32.4,12.3,-0.556,14,279,28.35,79.636,2.256,21.682,,,,,0
2026-10-06T01:00Z,2026-10-06T13:00Z,6229488,12,27,17.3,22.3,12.9,12.5,h,17.3,12.5,17.4,12.6,0,0.001,100.491,0.852,0.941,32.4,12.3,-0.556,20,279,25.481,94.706,0.167,59.536,,,,,0
2026-10-06T01:00Z,2026-10-07T01:00Z,6229488,24,18,12.7,20,12.7,12.4,h,12.7,12.4,12.8,12.4,0,0,387.436,3.026,0,32.4,12.3,-0.556,8,280,25.403,90.033,2.26,0.603,,,,,0
2026-10-06T01:00Z,2026-10-08T01:00Z,6229488,48,29.9,24.3,23.9,18.4,15.3,h,24.3,15.3,24.3,15.3,0,0,281.467,2.267,0,32.4,12.3,-0.556,8,281,26.694,83.353,1.549,353.517,,,,,0
2026-10-06T01:00Z,2026-10-06T02:00Z,6230362,1,5.5,0.5,16.7,2.8,3.4,h,0.5,3.4,0.5,3.4,0,0.001,535.06,2.537,0.166,2.6,3.4,-1.539,9,279,25.81,86.627,1.896,19.596,,,,,0
2026-10-06T01:00Z,2026-10-06T04:00Z,6230362,3,4.6,0.4,15.4,2.5,3.4,h,0.4,3.4,0.4,3.4,0,0.001,869.803,1.785,0.191,2.6,3.4,-1.539,11,279,28.032,77.358,1.314,67.356,,,,,0
2026-10-06T01:00Z,2026-10-06T07:00Z,6230362,6,3.7,0.2,13.3,2.1,3.3,h,0.2,3.3,0.2,3.3,0,0,316.886,1.325,1.057,2.6,3.4,-1.539,14,279,26.133,88.092,1.097,115.546,,,,,0
2026-10-06T01:00Z,2026-10-06T13:00Z,6230362,12,4.9,0.8,9.1,1.3,2.8,h,0.8,2.8,0.8,2.8,0,0,50.052,1.148,0,2.6,3.4,-1.539,20,279,24.605,97.095,0.374,349.122,,,,,0
2026-10-06T01:00Z,2026-10-07T01:00Z,6230362,24,5.5,1.6,4.6,0.8,2.6,h,1.6,2.6,1.6,2.6,0,0,274.672,1.745,0,2.6,3.4,-1.539,8,280,25.175,91.903,1.079,25.205,,,,,0
2026-10-06T01:00Z,2026-10-08T01:00Z,6230362,48,16.2,8.9,14.3,6.9,5.1,h,8.9,5.1,8.9,5.1,0,0,261.511,1.319,0,2.6,3.4,-1.539,8,281,25.807,89.722,0.866,32.778,,,,,0
2026-10-06T01:00Z,2026-10-06T02:00Z,6230395,1,5.5,0.6,16.7,3,4.7,h,0.6,4.7,0.6,4.7,0,0.001,525.201,2.193,0.188,2.1,4.7,-1.486,9,279,25.633,87.297,1.643,2.051,,,,,0
2026-10-06T01:00Z,2026-10-06T04:00Z,6230395,3,4.6,0.4,15.4,2.7,4.7,h,0.4,4.7,0.4,4.7,0,0.001,895.314,1.29,0.203,2.1,4.7,-1.486,11,279,28.071,77.549,0.909,81.748,,,,,0
2026-10-06T01:00Z,2026-10-06T07:00Z,6230395,6,3.7,0.3,13.3,2.3,4.6,h,0.3,4.6,0.3,4.6,0,0,466.388,0.781,0.623,2.1,4.7,-1.486,14,279,26.829,84.492,0.593,74.077,,,,,0
2026-10-06T01:00Z,2026-10-06T13:00Z,6230395,12,4.9,0.9,9.1,1.4,3.9,h,0.9,3.9,0.9,3.9,0,0,73.775,1.737,0,2.1,4.7,-1.486,20,279,24.612,96.602,0.691,340.065,,,,,0
2026-10-06T01:00Z,2026-10-07T01:00Z,6230395,24,5.5,1.7,4.6,0.8,3.5,h,1.7,3.5,1.7,3.5,0,0,226.074,2.021,0,2.1,4.7,-1.486,8,280,24.948,92.129,1.26,5.772,,,,,0
2026-10-06T01:00Z,2026-10-08T01:00Z,6230395,48,16.2,9.1,14.3,7.1,5.9,h,9.1,5.9,9.1,5.9,0,0,231.49,1.542,0,2.1,4.7,-1.486,8,281,25.644,89.906,1.039,23.946,,,,,0
2026-10-06T01:00Z,2026-10-06T02:00Z,6235850,1,14.9,10.6,30.7,22,22.2,h,10.6,22.2,10.6,22.2,0,0.002,560.538,2.476,0.099,19.7,22.2,-0.324,9,279,27.147,84.611,1.95,45.511,,,,,0
2026-10-06T01:00Z,2026-10-06T04:00Z,6235850,3,13.2,9.5,29.6,21.1,22.1,h,9.5,22.1,9.5,22.1,0,0.003,912.517,2.543,0.097,19.7,22.2,-0.324,11,279,29.31,75.849,2.044,65.471,,,,,0
2026-10-06T01:00Z,2026-10-06T07:00Z,6235850,6,14.4,10.6,27.3,19.6,21.8,h,10.6,21.8,10.6,21.8,0,0.003,430.362,3.14,0.377,19.7,22.2,-0.324,14,279,28.35,80.05,2.336,10.586,,,,,0
2026-10-06T01:00Z,2026-10-06T13:00Z,6235850,12,36.1,28,24.7,18,21,h,28,21,28.1,21,0,0.001,90.077,0.831,0.521,19.7,22.2,-0.324,20,279,25.548,94.449,0.302,114.542,,,,,0
2026-10-06T01:00Z,2026-10-07T01:00Z,6235850,24,17.9,14.6,23,17.8,20.8,h,14.6,20.8,14.7,20.8,0,0,365.103,2.435,0,19.7,22.2,-0.324,8,280,25.657,89.652,1.864,0.378,,,,,0
2026-10-06T01:00Z,2026-10-08T01:00Z,6235850,48,24.9,22,23.1,19.8,21,h,22,21,22,21,0,0,248.817,1.582,0,19.7,22.2,-0.324,8,281,26.686,82.386,1.109,344.363,,,,,0
2026-10-06T01:00Z,2026-10-06T02:00Z,6236444,1,11.8,12.8,18.9,20.6,19.1,h,12.8,19.1,12.8,19.1,0,0.003,586.64,2.611,0.072,22.6,19.1,0.081,9,279,27.249,84.088,2.043,53.072,,,,,0
2026-10-06T01:00Z,2026-10-06T04:00Z,6236444,3,9,9.8,17.9,19.5,19,h,9.8,19,9.8,19,0,0.004,973.156,2.275,0.071,22.6,19.1,0.081,11,279,29.528,74.816,1.819,76.461,,,,,0
2026-10-06T01:00Z,2026-10-06T07:00Z,6236444,6,6.2,6.7,16.1,17.5,18.7,h,6.7,18.7,6.7,18.7,0,0.004,386.166,3.396,0.373,22.6,19.1,0.081,14,279,28.327,80.594,2.559,3.126,,,,,0
2026-10-06T01:00Z,2026-10-06T13:00Z,6236444,12,17.3,18.5,13.2,14.4,18.1,h,18.5,18.1,18.6,18.1,0,0.002,87.013,1.139,0.294,22.6,19.1,0.081,20,279,25.565,94.32,0.557,143.163,,,,,0
2026-10-06T01:00Z,2026-10-07T01:00Z,6236444,24,18.8,19.8,13.6,14.5,17.6,h,19.8,17.6,19.9,17.6,0,0,329.02,1.991,0,22.6,19.1,0.081,8,280,25.814,89.645,1.572,352.851,,,,,0
2026-10-06T01:00Z,2026-10-08T01:00Z,6236444,48,25.3,26.1,18.1,18.8,19,h,26.1,19,26.1,19,0,0,221.687,1.215,0,22.6,19.1,0.081,8,281,26.637,82.052,0.847,322.352,,,,,0
2026-10-06T01:00Z,2026-10-06T02:00Z,6238788,1,7.6,3.8,11.3,5.7,14.1,h,3.8,14.1,3.8,14.1,0,0,591.41,2.176,0.092,8.2,14.1,-0.614,9,279,27.313,84.393,1.693,68.542,,,,,0
2026-10-06T01:00Z,2026-10-06T04:00Z,6238788,3,4.6,2.2,10.6,5.3,13.9,h,2.2,13.9,2.2,13.9,0,0.001,998.99,2.875,0.048,8.2,14.1,-0.614,11,279,29.774,73.923,2.236,69.289,,,,,0
2026-10-06T01:00Z,2026-10-06T07:00Z,6238788,6,3.7,1.8,9.5,4.7,13.4,h,1.8,13.4,1.8,13.4,0,0.001,444.431,1.493,0.219,8.2,14.1,-0.614,14,279,28.773,78.745,0.946,15.821,,,,,0
2026-10-06T01:00Z,2026-10-06T13:00Z,6238788,12,9.7,5.7,8.3,4.2,11.9,h,5.7,11.9,5.7,11.9,0,0.001,61.295,1.47,0.001,8.2,14.1,-0.614,20,279,25.74,95.001,0.844,131.617,,,,,0
2026-10-06T01:00Z,2026-10-07T01:00Z,6238788,24,8.5,5.6,7.4,4.3,11,h,5.6,11,5.6,11,0,0,449.221,2.197,0,8.2,14.1,-0.614,8,280,25.855,88.619,1.576,27.12,,,,,0
2026-10-06T01:00Z,2026-10-08T01:00Z,6238788,48,16.1,12.7,12,8.9,11.5,h,12.7,11.5,12.7,11.5,0,0,216.36,0.872,0,8.2,14.1,-0.614,8,281,27.02,79.614,0.616,11.866,,,,,0
2026-10-06T01:00Z,2026-10-06T02:00Z,6240774,1,14.9,17.6,30.7,36.3,22.5,h,17.6,22.5,17.6,22.5,0,0.004,580.307,2.63,0.087,35.5,22.5,0.162,9,279,27.195,84.311,2.064,49.024,,,,,0
2026-10-06T01:00Z,2026-10-06T04:00Z,6240774,3,13.2,15.5,29.6,34.9,22.5,h,15.5,22.5,15.5,22.5,0,0.004,944.126,2.29,0.087,35.5,22.5,0.162,11,279,29.403,75.191,1.842,74.246,,,,,0
2026-10-06T01:00Z,2026-10-06T07:00Z,6240774,6,14.4,16.7,27.3,32.3,22.4,h,16.7,22.4,16.7,22.4,0,0.004,396.195,3.605,0.416,35.5,22.5,0.162,14,279,28.256,80.55,2.725,4.358,,,,,0
2026-10-06T01:00Z,2026-10-06T13:00Z,6240774,12,36.1,41,24.7,28.9,22.6,h,41,22.6,41.2,22.6,0,0.002,88.72,0.994,0.353,35.5,22.5,0.162,20,279,25.556,94.143,0.436,133.747,,,,,0
2026-10-06T01:00Z,2026-10-07T01:00Z,6240774,24,17.9,19.8,23,26.2,23.7,h,19.8,23.7,19.9,23.7,0,0,337.308,2.184,0,35.5,22.5,0.162,8,280,25.779,89.569,1.723,356.218,,,,,0
2026-10-06T01:00Z,2026-10-08T01:00Z,6240774,48,24.9,26.5,23.1,25,23.7,h,26.5,23.7,26.5,23.7,0,0,237.138,1.372,0,35.5,22.5,0.162,8,281,26.616,82.304,0.974,333.469,,,,,0
2026-10-06T01:00Z,2026-10-06T02:00Z,6242472,1,15.2,20.5,14.4,19.7,17.6,h,20.5,17.6,20.5,17.6,0,0.001,552.135,2.24,0.105,25.2,17.6,0.294,9,279,27.156,84.771,1.769,47.905,,,,,0
2026-10-06T01:00Z,2026-10-06T04:00Z,6242472,3,12.6,16.8,14.3,19.4,17.6,h,16.8,17.6,16.8,17.6,0,0.001,910.974,2.864,0.091,25.2,17.6,0.294,11,279,29.362,75.899,2.278,60.742,,,,,0
2026-10-06T01:00Z,2026-10-06T07:00Z,6242472,6,8.6,11.4,13.6,18.5,17.6,h,11.4,17.6,11.4,17.6,0,0.002,460.997,2.372,0.296,25.2,17.6,0.294,14,279,28.543,79.322,1.693,19.1,,,,,0
2026-10-06T01:00Z,2026-10-06T13:00Z,6242472,12,14.3,18.1,12.5,16.7,17.5,h,18.1,17.5,18.2,17.5,0,0.001,84.399,0.894,0.535,25.2,17.6,0.294,20,279,25.586,94.871,0.331,105.761,,,,,0
2026-10-06T01:00Z,2026-10-07T01:00Z,6242472,24,16.7,20.1,12.4,15.8,17,h,20.1,17,20.2,17,0,0,406.733,2.533,0,25.2,17.6,0.294,8,280,25.607,89.502,1.872,8.095,,,,,0
2026-10-06T01:00Z,2026-10-08T01:00Z,6242472,48,25.2,28.1,18.2,20.9,19.2,h,28.1,19.2,28.1,19.2,0,0,247.967,1.579,0,25.2,17.6,0.294,8,281,26.827,81.776,1.083,354.309,,,,,0
2026-10-06T01:00Z,2026-10-06T02:00Z,6244503,1,3.5,6,4.1,7,4.2,h,6,4.2,6,4.2,0,0,401.697,4.153,0.741,7.2,4.2,0.455,9,279,22.017,91.061,2.534,52.329,,,,,0
2026-10-06T01:00Z,2026-10-06T04:00Z,6244503,3,5.3,8.6,3.8,6.5,4.2,h,8.6,4.2,8.6,4.2,0,0,550.726,3.578,0.377,7.2,4.2,0.455,11,279,23.129,83.464,2.6,50.235,,,,,0
2026-10-06T01:00Z,2026-10-06T07:00Z,6244503,6,5.8,9.1,3.6,6.2,4.4,h,9.1,4.4,9.1,4.4,0,0,899.376,3.389,0,7.2,4.2,0.455,14,279,26.274,65.947,2.577,92.884,,,,,0
2026-10-06T01:00Z,2026-10-06T13:00Z,6244503,12,10.4,15.1,4.4,7.1,4.7,h,15.1,4.7,15.2,4.7,0,0,34.093,1.926,0,7.2,4.2,0.455,20,279,23.096,88.229,0.893,40.569,,,,,0
2026-10-06T01:00Z,2026-10-07T01:00Z,6244503,24,10.2,13.7,8.7,12.5,6.9,h,13.7,6.9,13.8,6.9,0,0,233.85,2.627,0,7.2,4.2,0.455,8,280,23.169,78.863,1.113,52.474,,,,,0
2026-10-06T01:00Z,2026-10-08T01:00Z,6244503,48,9.3,11.1,8.7,10.9,7.5,h,11.1,7.5,11.1,7.5,0,0,118.959,1.335,0,7.2,4.2,0.455,8,281,22.897,75.785,0.773,68.906,,,,,0
2026-10-06T01:00Z,2026-10-06T02:00Z,6245573,1,18.2,8.1,20.8,9.1,15.2,h,8.1,15.2,8.1,15.2,0,0.002,533.71,2.462,0.12,21,15.2,-0.775,9,279,27.047,85.043,1.949,36.488,,,,,0
2026-10-06T01:00Z,2026-10-06T04:00Z,6245573,3,18.9,8.8,20.9,9.2,15.2,h,8.8,15.2,8.8,15.2,0,0.002,853.746,2.79,0.123,21,15.2,-0.775,11,279,29.082,76.972,2.251,57.225,,,,,0
2026-10-06T01:00Z,2026-10-06T07:00Z,6245573,6,18.7,9.1,21,9.3,15.2,h,9.1,15.2,9.1,15.2,0,0.002,464.745,3.135,0.394,21,15.2,-0.775,14,279,28.327,79.788,2.332,17.329,,,,,0
2026-10-06T01:00Z,2026-10-06T13:00Z,6245573,12,27,14.5,22.3,10.4,14.6,h,14.5,14.6,14.6,14.6,0,0.001,96.924,0.778,0.793,21,15.2,-0.775,20,279,25.504,94.548,0.128,75.549,,,,,0
2026-10-06T01:00Z,2026-10-07T01:00Z,6245573,24,18,11,20,10.6,13.7,h,11,13.7,11.1,13.7,0,0,381.062,2.856,0,21,15.2,-0.775,8,280,25.493,89.859,2.153,1.141,,,,,0
2026-10-06T01:00Z,2026-10-08T01:00Z,6245573,48,29.9,22.4,23.9,16.5,15.9,h,22.4,15.9,22.4,15.9,0,0,273.378,2.067,0,21,15.2,-0.775,8,281,26.683,83.051,1.424,352.1,,,,,0
2026-10-06T01:00Z,2026-10-06T02:00Z,6248478,1,11.8,7.1,18.9,11.3,12.8,h,7.1,12.8,7.1,12.8,0,0.002,575.529,2.494,0.082,16.6,12.8,-0.481,9,279,27.22,84.293,1.957,51.571,,,,,0
2026-10-06T01:00Z,2026-10-06T04:00Z,6248478,3,9,5.4,17.9,10.7,12.8,h,5.4,12.8,5.4,12.8,0,0.003,954.023,2.435,0.077,16.6,12.8,-0.481,11,279,29.477,75.166,1.946,70.7,,,,,0
2026-10-06T01:00Z,2026-10-06T07:00Z,6248478,6,6.2,3.7,16.1,9.6,12.5,h,3.7,12.5,3.7,12.5,0,0.003,409.158,3.056,0.348,16.6,12.8,-0.481,14,279,28.395,80.212,2.271,6.974,,,,,0
2026-10-06T01:00Z,2026-10-06T13:00Z,6248478,12,17.3,11.7,13.2,8,11.8,h,11.7,11.8,11.7,11.8,0,0.002,86.514,1.015,0.376,16.6,12.8,-0.481,20,279,25.569,94.502,0.484,133.901,,,,,0
2026-10-06T01:00Z,2026-10-07T01:00Z,6248478,24,18.8,13.9,13.6,9.3,11.7,h,13.9,11.7,14,11.7,0,0,351.901,2.14,0,16.6,12.8,-0.481,8,280,25.747,89.622,1.652,357.905,,,,,0
2026-10-06T01:00Z,2026-10-08T01:00Z,6248478,48,25.3,21.1,18.1,14.5,13.6,h,21.1,13.6,21.1,13.6,0,0,229.484,1.283,0,16.6,12.8,-0.481,8,281,26.694,81.99,0.901,333.431,,,,,0
2026-10-06T01:00Z,2026-10-06T02:00Z,6256182,1,4.1,7.7,4.7,9,9.6,h,7.7,9.6,7.7,9.6,0,0.001,824.363,4.599,0.02,7.6,9.6,0.553,9,279,26.383,81.374,3.55,64.763,,,,,0
2026-10-06T01:00Z,2026-10-06T04:00Z,6256182,3,6.9,12.1,4.9,9.3,9.6,h,12.1,9.6,12.1,9.6,0,0.001,1152.182,4.979,0.05,7.6,9.6,0.553,11,279,28.64,71.099,3.875,61.368,,,,,0
2026-10-06T01:00Z,2026-10-06T07:00Z,6256182,6,7.7,13,5.1,9.5,9.8,h,13,9.8,13,9.8,0,0,1171.362,5.545,0.025,7.6,9.6,0.553,14,279,29.064,65.292,4.441,72.621,,,,,0
2026-10-06T01:00Z,2026-10-06T13:00Z,6256182,12,8.5,13.5,5.6,9.9,10.2,h,13.5,10.2,13.6,10.2,0,0,145.752,5.034,0,7.6,9.6,0.553,20,279,25.803,76.372,2.111,61.56,,,,,0
2026-10-06T01:00Z,2026-10-07T01:00Z,6256182,24,9.8,14,8,12.7,10.6,h,14,10.6,14.1,10.6,0,0,417.479,2.633,0,7.6,9.6,0.553,8,280,24.89,84.382,1.974,70.081,,,,,0
2026-10-06T01:00Z,2026-10-08T01:00Z,6256182,48,11.1,13.8,12.2,16.1,12.8,h,13.8,12.8,13.8,12.8,0,0,246.62,2.657,0,7.6,9.6,0.553,8,281,25.09,78.38,1.584,68.876,,,,,0
2026-10-06T01:00Z,2026-10-06T02:00Z,6262040,1,5,38.6,5.5,45.5,23.3,h,38.6,23.3,38.7,23.3,0,0,415.754,3.026,0.257,29.1,23.3,1.966,9,279,26.213,86.221,2.545,211.611,,,,,0
2026-10-06T01:00Z,2026-10-06T04:00Z,6262040,3,3.9,28.9,5.4,44.3,23.4,h,28.9,23.4,29,23.4,0,0,618.816,2.625,0.152,29.1,23.3,1.966,11,279,28.067,77.378,2.141,222.118,,,,,0
2026-10-06T01:00Z,2026-10-06T07:00Z,6262040,6,3.3,22.5,5.2,41.8,23.5,h,22.5,23.5,22.5,23.5,0,0,543.432,2.103,1.658,29.1,23.3,1.966,14,279,27.499,83.557,1.702,245.5,,,,,0
2026-10-06T01:00Z,2026-10-06T13:00Z,6262040,12,6.7,33.5,5,37.3,24.1,h,33.5,24.1,33.6,24.1,0,0,280.437,1.855,0.053,29.1,23.3,1.966,20,279,26.095,87.99,1.221,220.14,,,,,0
2026-10-06T01:00Z,2026-10-07T01:00Z,6262040,24,6.8,24.1,6,29.4,25.3,h,24.1,25.3,24.2,25.3,0,0,294.667,0.174,0,29.1,23.3,1.966,8,280,26.232,88.421,0.305,240.32,,,,,0
2026-10-06T01:00Z,2026-10-08T01:00Z,6262040,48,5,11.2,6.2,17.3,20.3,h,11.2,20.3,11.2,20.3,0,0,266.153,1.892,0.043,29.1,23.3,1.966,8,281,25.765,91.076,1.736,257.218,,,,,0
2026-10-06T01:00Z,2026-10-06T02:00Z,6262415,1,11.8,20.7,18.9,33.4,28.3,h,20.7,28.3,20.7,28.3,0,0.004,586.912,2.78,0.082,32.4,28.3,0.55,9,279,27.147,84.221,2.167,53.506,,,,,0
2026-10-06T01:00Z,2026-10-06T04:00Z,6262415,3,9,15.6,17.9,31.7,28.2,h,15.6,28.2,15.6,28.2,0,0.004,959.509,2.403,0.076,32.4,28.3,0.55,11,279,29.414,74.974,1.929,74.292,,,,,0
2026-10-06T01:00Z,2026-10-06T07:00Z,6262415,6,6.2,10.6,16.1,28.4,27.9,h,10.6,27.9,10.6,27.9,0,0.004,434.524,3.429,0.378,32.4,28.3,0.55,14,279,28.367,79.951,2.588,7.821,,,,,0
2026-10-06T01:00Z,2026-10-06T13:00Z,6262415,12,17.3,26.8,13.2,23,27.1,h,26.8,27.1,26.9,27.1,0,0.002,98.417,1.055,0.295,32.4,28.3,0.55,20,279,25.618,93.881,0.459,128.14,,,,,0
2026-10-06T01:00Z,2026-10-07T01:00Z,6262415,24,18.8,26.4,13.6,21,26,h,26.4,26,26.5,26,0,0,336.017,2.091,0.003,32.4,28.3,0.55,8,280,25.789,89.236,1.637,359.035,,,,,0
2026-10-06T01:00Z,2026-10-08T01:00Z,6262415,48,25.3,31.1,18.1,23.4,25.8,h,31.1,25.8,31.1,25.8,0,0,226.463,1.266,0,32.4,28.3,0.55,8,281,26.569,82.537,0.894,333.492,,,,,0
2026-10-06T01:00Z,2026-10-06T02:00Z,6265530,1,5.5,2.4,,,,h,2.4,,2.4,,0,0.001,528.303,2.158,0.184,,,-0.845,9,279,25.694,87.011,1.629,0.211,,,,,0
2026-10-06T01:00Z,2026-10-06T04:00Z,6265530,3,4.6,2,,,,h,2,,2,,0,0.001,898.962,1.197,0.2,,,-0.845,11,279,28.118,77.498,0.827,78.805,,,,,0
2026-10-06T01:00Z,2026-10-06T07:00Z,6265530,6,3.7,1.6,,,,h,1.6,,1.6,,0,0,490.056,0.729,0.6,,,-0.845,14,279,26.967,83.991,0.546,75.628,,,,,0
2026-10-06T01:00Z,2026-10-06T13:00Z,6265530,12,4.9,2.5,,,,h,2.5,,2.5,,0,0,74.283,1.711,0,,,-0.845,20,279,24.668,96.474,0.674,337.715,,,,,0
2026-10-06T01:00Z,2026-10-07T01:00Z,6265530,24,5.5,3.3,,,,h,3.3,,3.3,,0,0,221.749,1.924,0,,,-0.845,8,280,24.993,91.995,1.195,5.362,,,,,0
2026-10-06T01:00Z,2026-10-08T01:00Z,6265530,48,16.2,12.4,,,,h,12.4,,12.4,,0,0,232.138,1.531,0,,,-0.845,8,281,25.66,90.003,1.047,24.389,,,,,0
2026-10-06T01:00Z,2026-10-06T02:00Z,6266678,1,5.5,1,16.7,4.1,5.3,h,1,5.3,1,5.3,0,0.001,531.705,2.152,0.177,3.4,5.3,-1.24,9,279,25.792,86.642,1.635,0.49,,,,,0
2026-10-06T01:00Z,2026-10-06T04:00Z,6266678,3,4.6,0.8,15.4,3.8,5.3,h,0.8,5.3,0.8,5.3,0,0.001,901.292,1.139,0.197,3.4,5.3,-1.24,11,279,28.171,77.456,0.774,71.753,,,,,0
2026-10-06T01:00Z,2026-10-06T07:00Z,6266678,6,3.7,0.6,13.3,3.2,5.2,h,0.6,5.2,0.6,5.2,0,0,490.622,0.771,0.638,3.4,5.3,-1.24,14,279,26.991,84.131,0.591,88.724,,,,,0
2026-10-06T01:00Z,2026-10-06T13:00Z,6266678,12,4.9,1.3,9.1,2.1,4.4,h,1.3,4.4,1.3,4.4,0,0,71.089,1.6,0,3.4,5.3,-1.24,20,279,24.728,96.433,0.607,335.894,,,,,0
2026-10-06T01:00Z,2026-10-07T01:00Z,6266678,24,5.5,2.1,4.6,1.2,4,h,2.1,4,2.1,4,0,0,222.473,1.755,0,3.4,5.3,-1.24,8,280,25.072,91.871,1.085,7.556,,,,,0
2026-10-06T01:00Z,2026-10-08T01:00Z,6266678,48,16.2,10,14.3,8,6.6,h,10,6.6,10,6.6,0,0,237.695,1.48,0,3.4,5.3,-1.24,8,281,25.706,90.112,1.029,25.691,,,,,0
2026-10-06T01:00Z,2026-10-06T02:00Z,6267732,1,5.8,7.2,4.7,6,13.4,h,7.2,13.4,7.2,13.4,0,0,505.826,3.065,0,29.4,13.4,0.2,9,279,25.238,72.884,2.331,52.722,,,,,0
2026-10-06T01:00Z,2026-10-06T04:00Z,6267732,3,6.2,7.7,5,6.3,13.4,h,7.7,13.4,7.7,13.4,0,0,872.352,1.945,0,29.4,13.4,0.2,11,279,27.554,68.862,1.601,28.564,,,,,0
2026-10-06T01:00Z,2026-10-06T07:00Z,6267732,6,6.2,7.6,5.5,6.9,13.5,h,7.6,13.5,7.6,13.5,0,0,1188.822,2.113,0,29.4,13.4,0.2,14,279,29.255,63.327,1.709,30.161,,,,,0
2026-10-06T01:00Z,2026-10-06T13:00Z,6267732,12,9.1,10.8,6.5,8,13.1,h,10.8,13.1,10.8,13.1,0,0,48.883,1.718,0,29.4,13.4,0.2,20,279,24.651,94.598,0.589,28.98,,,,,0
2026-10-06T01:00Z,2026-10-07T01:00Z,6267732,24,12.8,14.5,9.4,11.1,12.7,h,14.5,12.7,14.6,12.7,0,0,217.283,1.849,0,29.4,13.4,0.2,8,280,23.56,72.757,1.256,74.712,,,,,0
2026-10-06T01:00Z,2026-10-08T01:00Z,6267732,48,14.5,15.7,12.4,13.7,13.5,h,15.7,13.5,15.7,13.5,0,0,308.901,2.423,0,29.4,13.4,0.2,8,281,24.297,68.337,1.566,75.936,,,,,0
2026-10-06T01:00Z,2026-10-06T02:00Z,6284173,1,6.3,5.5,7.6,6.6,4.3,h,5.5,4.3,5.5,4.3,0,0,237.292,0.884,0.53,16.4,4.3,-0.125,9,279,22.505,96.191,0.741,159.372,,,,,0
2026-10-06T01:00Z,2026-10-06T04:00Z,6284173,3,7,6.1,7.3,6.4,4.3,h,6.1,4.3,6.1,4.3,0,0,398.018,1.461,0.915,16.4,4.3,-0.125,11,279,23.7,91.927,1.1,194.357,,,,,0
2026-10-06T01:00Z,2026-10-06T07:00Z,6284173,6,7.1,6.3,7.1,6.2,4.3,h,6.3,4.3,6.3,4.3,0,0,628.3,1.393,0.244,16.4,4.3,-0.125,14,279,26.074,80.833,1.044,127.517,,,,,0
2026-10-06T01:00Z,2026-10-06T13:00Z,6284173,12,21.3,19.3,8,7,4.7,h,19.3,4.7,19.4,4.7,0,0,38.072,0.629,0.996,16.4,4.3,-0.125,20,279,22.424,96.812,0.425,271.734,,,,,0
2026-10-06T01:00Z,2026-10-07T01:00Z,6284173,24,9.3,8.6,11.6,10.5,6.3,h,8.6,6.3,8.6,6.3,0,0,115.394,0.526,0.065,16.4,4.3,-0.125,8,280,22.398,95.537,0.259,358.781,,,,,0
2026-10-06T01:00Z,2026-10-08T01:00Z,6284173,48,23.7,22.6,16.2,15.3,9.8,h,22.6,9.8,22.6,9.8,0,0,154.932,0.744,0,16.4,4.3,-0.125,8,281,23.058,92.917,0.391,340.802,,,,,0
2026-10-06T01:00Z,2026-10-06T02:00Z,6285048,1,4.5,9.4,7.2,15,5.9,h,9.4,5.9,9.4,5.9,0,0,329.505,2.246,0.563,16.7,5.9,0.667,9,279,21.512,95.204,1.39,74.29,,,,,0
2026-10-06T01:00Z,2026-10-06T04:00Z,6285048,3,5,10.1,7.1,14.6,5.9,h,10.1,5.9,10.1,5.9,0,0,781.871,2.326,0.22,16.7,5.9,0.667,11,279,24.628,79.798,1.713,102.765,,,,,0
2026-10-06T01:00Z,2026-10-06T07:00Z,6285048,6,5.8,11.1,6.5,13.4,6,h,11.1,6,11.1,6,0,0,513.466,1.483,1.183,16.7,5.9,0.667,14,279,24.275,86.496,1.184,47.64,,,,,0
2026-10-06T01:00Z,2026-10-06T13:00Z,6285048,12,7.7,13.5,5.4,10.8,6.6,h,13.5,6.6,13.6,6.6,0,0,57.076,1.469,0.108,16.7,5.9,0.667,20,279,21.413,97.085,0.338,56.935,,,,,0
2026-10-06T01:00Z,2026-10-07T01:00Z,6285048,24,7.6,11.8,5.8,10.3,7.3,h,11.8,7.3,11.9,7.3,0,0,126.523,0.996,0.16,16.7,5.9,0.667,8,280,21.63,96.283,0.517,351.293,,,,,0
2026-10-06T01:00Z,2026-10-08T01:00Z,6285048,48,21.2,27.2,11.8,16.2,11,h,27.2,11,27.2,11,0,0,157.435,0.301,0,16.7,5.9,0.667,8,281,22.377,92.432,0.039,45.704,,,,,0
2026-10-06T01:00Z,2026-10-06T02:00Z,6287521,1,5.5,13.9,8.7,22,11.5,h,13.9,11.5,13.9,11.5,0,0,294.89,0.621,0.329,17.6,11.5,0.866,9,279,23.472,90.949,0.286,41.207,,,,,0
2026-10-06T01:00Z,2026-10-06T04:00Z,6287521,3,5.8,14.1,8.1,20.6,11.5,h,14.1,11.5,14.1,11.5,0,0,578.877,0.302,0.249,17.6,11.5,0.866,11,279,25.77,81.268,0.184,33.851,,,,,0
2026-10-06T01:00Z,2026-10-06T07:00Z,6287521,6,5.9,13.6,7.6,19.2,11.5,h,13.6,11.5,13.6,11.5,0,0,372.369,0.498,1.393,17.6,11.5,0.866,14,279,25.689,85.777,0.447,81.33,,,,,0
2026-10-06T01:00Z,2026-10-06T13:00Z,6287521,12,16.9,33.7,7.3,17.3,12.2,h,33.7,12.2,33.8,12.2,0,0,67.897,0.847,0.787,17.6,11.5,0.866,20,279,23.289,95.076,0.621,306.73,,,,,0
2026-10-06T01:00Z,2026-10-07T01:00Z,6287521,24,10.1,17.6,10.1,20.2,14.3,h,17.6,14.3,17.7,14.3,0,0,94.474,0.555,0.054,17.6,11.5,0.866,8,280,22.916,93.508,0.336,344.921,,,,,0
2026-10-06T01:00Z,2026-10-08T01:00Z,6287521,48,26.3,36.3,17.2,25.7,18.6,h,36.3,18.6,36.3,18.6,0,0,201.955,0.383,0,17.6,11.5,0.866,8,281,23.61,92.061,0.237,45.94,,,,,0
2026-10-06T01:00Z,2026-10-06T02:00Z,6289784,1,3.3,20.4,7.2,42.6,19.6,h,20.4,19.6,20.4,19.6,0,0,830.92,6.645,0.011,20.9,19.6,1.674,9,279,25.93,80.213,4.996,56.12,,,,,0
2026-10-06T01:00Z,2026-10-06T04:00Z,6289784,3,4.6,25.1,6.5,38.4,19.6,h,25.1,19.6,25.1,19.6,0,0,986.219,7.647,0.1,20.9,19.6,1.674,11,279,27.748,72.205,5.546,59.593,,,,,0
2026-10-06T01:00Z,2026-10-06T07:00Z,6289784,6,5.5,26.6,5.5,32.4,19.8,h,26.6,19.8,26.6,19.8,0,0,1273.729,6.162,0.008,20.9,19.6,1.674,14,279,29.411,69.15,4.84,59.852,,,,,0
2026-10-06T01:00Z,2026-10-06T13:00Z,6289784,12,6.1,24.5,4.6,25.5,20.5,h,24.5,20.5,24.6,20.5,0,0,586.394,6.373,0,20.9,19.6,1.674,20,279,25.609,79.614,3.277,68.22,,,,,0
2026-10-06T01:00Z,2026-10-07T01:00Z,6289784,24,11.2,32,5.6,22.6,20.6,h,32,20.6,32.2,20.6,0,0,511.198,4.993,0,20.9,19.6,1.674,8,280,23.743,76.995,3.486,54.274,,,,,0
2026-10-06T01:00Z,2026-10-08T01:00Z,6289784,48,13.7,25.9,13.2,30.1,24.8,h,25.9,24.8,25.9,24.8,0,0,510.356,4.439,0,20.9,19.6,1.674,8,281,24.66,78.957,3.113,41.819,,,,,0
2026-10-06T01:00Z,2026-10-06T02:00Z,6291584,1,2.1,15.6,6.4,41.6,15.4,h,15.6,15.4,15.6,15.4,0,0,568.388,2.814,0.365,18.2,15.4,1.749,9,279,22.188,93.082,1.988,32.352,,,,,0
2026-10-06T01:00Z,2026-10-06T04:00Z,6291584,3,3.7,22.5,5.8,37.6,15.5,h,22.5,15.5,22.5,15.5,0,0,579.865,3.202,0.365,18.2,15.4,1.749,11,279,23.056,87.814,2.401,30.265,,,,,0
2026-10-06T01:00Z,2026-10-06T07:00Z,6291584,6,4.8,25.3,5,32.7,15.8,h,25.3,15.8,25.3,15.8,0,0,636.672,3.405,0.869,18.2,15.4,1.749,14,279,24.605,78.201,2.506,38.828,,,,,0
2026-10-06T01:00Z,2026-10-06T13:00Z,6291584,12,8.5,35.1,4.3,25.2,17.1,h,35.1,17.1,35.2,17.1,0,0,24.355,0.358,0.007,18.2,15.4,1.749,20,279,22.664,88.575,0.378,292.712,,,,,0
2026-10-06T01:00Z,2026-10-07T01:00Z,6291584,24,12.9,38.3,9,34.5,21.5,h,38.3,21.5,38.5,21.5,0,0,305.376,1.891,0,18.2,15.4,1.749,8,280,23.432,82.707,1.107,20.388,,,,,0
2026-10-06T01:00Z,2026-10-08T01:00Z,6291584,48,18.7,36,12.8,29,22.2,h,36,22.2,36,22.2,0,0,129.688,0.857,0,18.2,15.4,1.749,8,281,23.249,81.542,0.328,45.611,,,,,0
2026-10-06T01:00Z,2026-10-06T02:00Z,6291933,1,1.8,4.2,7.1,14.5,9.5,h,4.2,9.5,4.2,9.5,0,0,270.073,2.048,1.248,4.7,9.5,0.647,9,279,21.792,95.838,1.281,53.197,,,,,0
2026-10-06T01:00Z,2026-10-06T04:00Z,6291933,3,1.7,3.9,6.4,13.1,9.4,h,3.9,9.4,3.9,9.4,0,0,491.099,2.401,0.22,4.7,9.5,0.647,11,279,23.33,91.127,1.818,46.937,,,,,0
2026-10-06T01:00Z,2026-10-06T07:00Z,6291933,6,2.8,5.6,5.4,11.1,9.4,h,5.6,9.4,5.6,9.4,0,0,472.563,1.758,1.849,4.7,9.5,0.647,14,279,24.557,86.457,1.267,67.177,,,,,0
2026-10-06T01:00Z,2026-10-06T13:00Z,6291933,12,7,12.1,4.3,8.7,9.4,h,12.1,9.4,12.2,9.4,0,0,19.93,0.422,0.039,4.7,9.5,0.647,20,279,22.345,94.415,0.159,22.018,,,,,0
2026-10-06T01:00Z,2026-10-07T01:00Z,6291933,24,10.5,15.9,7.1,11.9,10.3,h,15.9,10.3,16,10.3,0,0,154.614,0.545,0,4.7,9.5,0.647,8,280,23.482,87.94,0.315,4.236,,,,,0
2026-10-06T01:00Z,2026-10-08T01:00Z,6291933,48,17.6,22.5,13.7,18.5,14,h,22.5,14,22.5,14,0,0,155.762,0.5,0,4.7,9.5,0.647,8,281,23.953,77.915,0.179,36.438,,,,,0
2026-10-06T01:00Z,2026-10-06T02:00Z,6294442,1,2,3.9,4.2,7.6,7.3,h,3.9,7.3,3.9,7.3,0,0,480.965,0.946,0.144,5.2,7.3,0.511,9,279,23.486,85.551,0.634,30.214,,,,,0
2026-10-06T01:00Z,2026-10-06T04:00Z,6294442,3,2.2,4.1,3.7,6.9,7.2,h,4.1,7.2,4.1,7.2,0,0,868.05,1.182,0.437,5.2,7.3,0.511,11,279,24.883,77.771,0.854,59.082,,,,,0
2026-10-06T01:00Z,2026-10-06T07:00Z,6294442,6,2.5,4.4,3.3,6.1,7.1,h,4.4,7.1,4.4,7.1,0,0,316.587,0.59,0.841,5.2,7.3,0.511,14,279,23.805,85.786,0.42,88.592,,,,,0
2026-10-06T01:00Z,2026-10-06T13:00Z,6294442,12,3.5,5.6,2.7,5,6.8,h,5.6,6.8,5.6,6.8,0,0,20.983,0.181,0.003,5.2,7.3,0.511,20,279,21.841,96.612,0.092,148.765,,,,,0
2026-10-06T01:00Z,2026-10-07T01:00Z,6294442,24,3.5,5.1,3.2,5.1,6.6,h,5.1,6.6,5.1,6.6,0,0,171.246,1.479,0,5.2,7.3,0.511,8,280,22.112,90.298,0.848,346.29,,,,,0
2026-10-06T01:00Z,2026-10-08T01:00Z,6294442,48,10.9,13.3,8.3,10.7,9,h,13.3,9,13.3,9,0,0,156.577,0.757,0,5.2,7.3,0.511,8,281,22.088,90.666,0.491,4.595,,,,,0
2026-10-06T01:00Z,2026-10-06T02:00Z,6300553,1,2.1,5,6.4,13.8,5.5,h,5,5.5,5,5.5,0,0,541.505,3.048,0.3,5.1,5.5,0.691,9,279,22.297,93.711,2.16,31.725,,,,,0
2026-10-06T01:00Z,2026-10-06T04:00Z,6300553,3,3.7,7.9,5.8,12.5,5.5,h,7.9,5.5,7.9,5.5,0,0,583.263,3.102,0.3,5.1,5.5,0.691,11,279,23.395,87.111,2.351,32.353,,,,,0
2026-10-06T01:00Z,2026-10-06T07:00Z,6300553,6,4.8,9.5,5,10.9,5.6,h,9.5,5.6,9.5,5.6,0,0,551.217,3.651,1.64,5.1,5.5,0.691,14,279,24.037,84.075,2.622,30.936,,,,,0
2026-10-06T01:00Z,2026-10-06T13:00Z,6300553,12,8.5,15.1,4.3,8.9,6,h,15.1,6,15.2,6,0,0,29.755,0.38,0.013,5.1,5.5,0.691,20,279,22.569,91.376,0.489,250.49,,,,,0
2026-10-06T01:00Z,2026-10-07T01:00Z,6300553,24,12.9,20,9,15.5,8.7,h,20,8.7,20.1,8.7,0,0,264.723,1.809,0,5.1,5.5,0.691,8,280,23.242,85.121,0.988,18.811,,,,,0
2026-10-06T01:00Z,2026-10-08T01:00Z,6300553,48,18.7,24.3,12.8,17.7,11.6,h,24.3,11.6,24.3,11.6,0,0,132.517,0.831,0,5.1,5.5,0.691,8,281,23.253,81.879,0.376,32.533,,,,,0
2026-10-06T01:00Z,2026-10-06T02:00Z,6301503,1,1.7,0,7,1.3,0.5,h,0,0.5,0,0.5,0,0,407.655,2.723,1.013,0,0.5,-1.269,9,279,21.982,94.678,1.783,62.896,,,,,0
2026-10-06T01:00Z,2026-10-06T04:00Z,6301503,3,2.7,0.2,6.2,1.1,0.5,h,0.2,0.5,0.2,0.5,0,0,580.663,3.144,0.133,0,0.5,-1.269,11,279,23.149,89.607,2.309,59.201,,,,,0
2026-10-06T01:00Z,2026-10-06T07:00Z,6301503,6,4.3,0.8,5.3,0.8,0.5,h,0.8,0.5,0.8,0.5,0,0,606.718,3.348,0.756,0,0.5,-1.269,14,279,24.799,79.366,2.428,68.503,,,,,0
2026-10-06T01:00Z,2026-10-06T13:00Z,6301503,12,9.3,2.9,4.4,0.7,0.5,h,2.9,0.5,2.9,0.5,0,0,22.177,0.619,0,0,0.5,-1.269,20,279,22.239,93.037,0.262,104.727,,,,,0
2026-10-06T01:00Z,2026-10-07T01:00Z,6301503,24,10,4.2,8.1,2.7,1.2,h,4.2,1.2,4.2,1.2,0,0,173.805,0.5,0,0,0.5,-1.269,8,280,23.569,84.383,0.182,38.521,,,,,0
2026-10-06T01:00Z,2026-10-08T01:00Z,6301503,48,12.9,7.8,11.7,6.2,3.4,h,7.8,3.4,7.8,3.4,0,0,155.17,0.442,0,0,0.5,-1.269,8,281,23.687,77.058,0.206,66.128,,,,,0
2026-10-06T01:00Z,2026-10-06T02:00Z,6309947,1,4,7,17,28.2,21.2,h,7,21.2,7,21.2,0,0.002,534.986,3.128,0.932,10.5,21.2,0.487,9,279,26.552,86.92,2.28,45.424,,,,,0
2026-10-06T01:00Z,2026-10-06T04:00Z,6309947,3,4.1,7,15,25.1,21.1,h,7,21.1,7,21.1,0,0.001,1065.252,4.394,0.079,10.5,21.2,0.487,11,279,29.707,73.283,3.419,63.536,,,,,0
2026-10-06T01:00Z,2026-10-06T07:00Z,6309947,6,6.2,10,12,20,20.8,h,10,20.8,10,20.8,0,0.001,892.024,3.617,0.907,10.5,21.2,0.487,14,279,29.242,75.25,2.731,80.274,,,,,0
2026-10-06T01:00Z,2026-10-06T13:00Z,6309947,12,15.4,22.8,8.3,13.7,19.8,h,22.8,19.8,22.9,19.8,0,0.001,149.049,4.167,0,10.5,21.2,0.487,20,279,26.253,89.265,1.819,36.164,,,,,0
2026-10-06T01:00Z,2026-10-07T01:00Z,6309947,24,11.9,16.2,13.3,19.3,20.6,h,16.2,20.6,16.3,20.6,0,0,455.545,4.075,0.014,10.5,21.2,0.487,8,280,25.928,88.222,3.009,28.895,,,,,0
2026-10-06T01:00Z,2026-10-08T01:00Z,6309947,48,14.6,17.6,12.5,15.9,18.5,h,17.6,18.5,17.6,18.5,0,0,254.644,3.428,0,10.5,21.2,0.487,8,281,26.201,82.742,1.995,30.592,,,,,0
2026-10-06T01:00Z,2026-10-06T02:00Z,6318469,1,6.3,6.3,,,,h,6.3,,6.3,,0,0,260.09,0.153,0.478,,,0,9,279,23.456,92.614,0.105,89.879,,,,,0
2026-10-06T01:00Z,2026-10-06T04:00Z,6318469,3,7,7,,,,h,7,,7,,0,0,511.324,0.54,0.454,,,0,11,279,25.554,82.585,0.462,199.592,,,,,0
2026-10-06T01:00Z,2026-10-06T07:00Z,6318469,6,7.1,7.1,,,,h,7.1,,7.1,,0,0,445.551,1.076,0.378,,,0,14,279,26.536,82.578,0.888,107.964,,,,,0
2026-10-06T01:00Z,2026-10-06T13:00Z,6318469,12,21.3,21.3,,,,h,21.3,,21.4,,0,0,61.986,1.18,1.397,,,0,20,279,23.373,95.223,0.913,282.324,,,,,0
2026-10-06T01:00Z,2026-10-07T01:00Z,6318469,24,9.3,9.3,,,,h,9.3,,9.4,,0,0,103.346,0.248,0.036,,,0,8,280,23.219,92.672,0.056,26.614,,,,,0
2026-10-06T01:00Z,2026-10-08T01:00Z,6318469,48,23.7,23.7,,,,h,23.7,,23.7,,0,0,219.23,0.25,0,,,0,8,281,23.957,90.615,0.183,31.117,,,,,0
2026-10-06T01:00Z,2026-10-06T02:00Z,6328962,1,10.8,5,18,8.4,19.4,h,5,19.4,5,19.4,0,0.003,418.427,2.837,0.152,2.4,19.4,-0.702,9,279,26.051,86.994,2.215,17.998,,,,,0
2026-10-06T01:00Z,2026-10-06T04:00Z,6328962,3,10.5,5,17.4,8.2,19.3,h,5,19.3,5,19.3,0,0.002,706.467,3.224,0.181,2.4,19.4,-0.702,11,279,27.911,80.099,2.586,42.819,,,,,0
2026-10-06T01:00Z,2026-10-06T07:00Z,6328962,6,13.7,7,16.7,7.9,19,h,7,19,7,19,0,0.002,561.003,3.283,0.464,2.4,19.4,-0.702,14,279,27.941,79.004,2.503,36.492,,,,,0
2026-10-06T01:00Z,2026-10-06T13:00Z,6328962,12,31.1,17.8,17.6,8.8,18,h,17.8,18,17.9,18,0,0.001,122.561,1.661,1.745,2.4,19.4,-0.702,20,279,24.463,95.731,0.826,21.141,,,,,0
2026-10-06T01:00Z,2026-10-07T01:00Z,6328962,24,7.9,4.9,16.5,9.3,16.2,h,4.9,16.2,4.9,16.2,0,0,337.288,3.548,0,2.4,19.4,-0.702,8,280,24.306,92.318,2.602,357.09,,,,,0
2026-10-06T01:00Z,2026-10-08T01:00Z,6328962,48,15,11.4,18.3,13,16.2,h,11.4,16.2,11.4,16.2,0,0,310.627,3.147,0,2.4,19.4,-0.702,8,281,25.815,87.793,2.082,354.576,,,,,0
2026-10-06T01:00Z,2026-10-06T02:00Z,6410306,1,6.3,10.6,7.6,12.9,7.9,h,10.6,7.9,10.6,7.9,0,0,301.262,0.286,0.421,9.6,7.9,0.481,9,279,22.15,93.046,0.126,60.431,,,,,0
2026-10-06T01:00Z,2026-10-06T04:00Z,6410306,3,7,11.5,7.3,12.4,7.9,h,11.5,7.9,11.5,7.9,0,0,565.857,0.616,0.921,9.6,7.9,0.481,11,279,23.966,84.31,0.431,18.627,,,,,0
2026-10-06T01:00Z,2026-10-06T07:00Z,6410306,6,7.1,11.3,7.1,12,8.1,h,11.3,8.1,11.3,8.1,0,0,492.947,1.272,1.358,9.6,7.9,0.481,14,279,25.053,82.959,1.023,75.34,,,,,0
2026-10-06T01:00Z,2026-10-06T13:00Z,6410306,12,21.3,31.2,8,12.9,8.8,h,31.2,8.8,31.3,8.8,0,0,69.934,0.946,0.495,9.6,7.9,0.481,20,279,21.463,97.106,0.468,346.509,,,,,0
2026-10-06T01:00Z,2026-10-07T01:00Z,6410306,24,9.3,12.7,11.6,17,10.8,h,12.7,10.8,12.8,10.8,0,0,151.201,0.787,0.005,9.6,7.9,0.481,8,280,21.716,94.258,0.63,350.745,,,,,0
2026-10-06T01:00Z,2026-10-08T01:00Z,6410306,48,23.7,28.4,16.2,20.3,14.1,h,28.4,14.1,28.4,14.1,0,0,127.705,1.25,0,9.6,7.9,0.481,8,281,21.613,94.895,0.824,337.004,,,,,0
2026-10-06T01:00Z,2026-10-06T02:00Z,6419381,1,4.5,3.6,,,,h,3.6,,3.6,,0,0,341.345,2.496,0.346,,,-0.252,9,279,21.423,95.22,1.552,80.469,,,,,0
2026-10-06T01:00Z,2026-10-06T04:00Z,6419381,3,5,4.1,,,,h,4.1,,4.1,,0,0,726.643,2.473,0.22,,,-0.252,11,279,24.326,80.592,1.797,98.9,,,,,0
2026-10-06T01:00Z,2026-10-06T07:00Z,6419381,6,5.8,4.8,,,,h,4.8,,4.8,,0,0,498.365,0.902,1.312,,,-0.252,14,279,23.85,87.264,0.713,38.631,,,,,0
2026-10-06T01:00Z,2026-10-06T13:00Z,6419381,12,7.7,6.6,,,,h,6.6,,6.6,,0,0,52.958,1.898,0.043,,,-0.252,20,279,21.281,97.232,0.654,59.029,,,,,0
2026-10-06T01:00Z,2026-10-07T01:00Z,6419381,24,7.6,6.7,,,,h,6.7,,6.7,,0,0,118.378,1.125,0.162,,,-0.252,8,280,21.314,97.274,0.597,350.322,,,,,0
2026-10-06T01:00Z,2026-10-08T01:00Z,6419381,48,21.2,19.8,,,,h,19.8,,19.8,,0,0,129.855,0.365,0,,,-0.252,8,281,22.059,93.436,0.124,34.373,,,,,0
2026-10-06T01:00Z,2026-10-06T02:00Z,6419429,1,3.9,0.5,19.5,5,19.2,h,0.5,19.2,0.5,19.2,0,0,377.02,2.218,1.097,1.3,19.2,-1.226,9,279,24.114,91.939,1.737,27.14,,,,,0
2026-10-06T01:00Z,2026-10-06T04:00Z,6419429,3,2.8,0.2,17.8,4.5,19.1,h,0.2,19.1,0.2,19.1,0,0,537.73,2.492,0.329,1.3,19.2,-1.226,11,279,25.661,86.377,2.041,23.867,,,,,0
2026-10-06T01:00Z,2026-10-06T07:00Z,6419429,6,3.5,0.6,15.2,3.8,18.8,h,0.6,18.8,0.6,18.8,0,0,673.297,2.386,0.184,1.3,19.2,-1.226,14,279,27.275,78.465,1.889,52.097,,,,,0
2026-10-06T01:00Z,2026-10-06T13:00Z,6419429,12,5.1,1.4,10.7,2.6,16.1,h,1.4,16.1,1.4,16.1,0,0,90.923,2.081,1.142,1.3,19.2,-1.226,20,279,24.049,95.523,1.631,297.726,,,,,0
2026-10-06T01:00Z,2026-10-07T01:00Z,6419429,24,5.1,1.9,4.3,1.1,13.4,h,1.9,13.4,1.9,13.4,0,0,196.357,2.223,0.067,1.3,19.2,-1.226,8,280,24.331,90.512,1.429,334.77,,,,,0
2026-10-06T01:00Z,2026-10-08T01:00Z,6419429,48,11.6,7.1,9.6,5.2,12.2,h,7.1,12.2,7.1,12.2,0,0,161.256,0.629,0,1.3,19.2,-1.226,8,281,25.557,85.752,0.364,345.5,,,,,0
2026-10-06T01:00Z,2026-10-06T02:00Z,6435325,1,15.2,31.2,14.4,30.6,30,h,31.2,30,31.3,30,0,0.002,551.014,2.344,0.104,26.7,30,0.717,9,279,27.137,84.75,1.85,45.117,,,,,0
2026-10-06T01:00Z,2026-10-06T04:00Z,6435325,3,12.6,25.3,14.3,30.1,30,h,25.3,30,25.3,30,0,0.002,902.842,2.748,0.097,26.7,30,0.717,11,279,29.302,76.082,2.198,61.365,,,,,0
2026-10-06T01:00Z,2026-10-06T07:00Z,6435325,6,8.6,16.8,13.6,28.5,29.8,h,16.8,29.8,16.8,29.8,0,0.002,451.584,2.723,0.334,26.7,30,0.717,14,279,28.45,79.647,1.988,15.861,,,,,0
2026-10-06T01:00Z,2026-10-06T13:00Z,6435325,12,14.3,25.4,12.5,25.3,28.9,h,25.4,28.9,25.5,28.9,0,0.001,88.78,0.823,0.585,26.7,30,0.717,20,279,25.557,94.712,0.269,104.465,,,,,0
2026-10-06T01:00Z,2026-10-07T01:00Z,6435325,24,16.7,26.1,12.4,22.2,27.5,h,26.1,27.5,26.2,27.5,0,0,387.184,2.54,0,26.7,30,0.717,8,280,25.598,89.65,1.904,3.75,,,,,0
2026-10-06T01:00Z,2026-10-08T01:00Z,6435325,48,25.2,32.9,18.2,25.5,27.7,h,32.9,27.7,32.9,27.7,0,0,251.452,1.65,0,26.7,30,0.717,8,281,26.756,82.214,1.141,349.905,,,,,0
2026-10-06T01:00Z,2026-10-06T02:00Z,6472300,1,3.8,2.3,3.4,1.9,5.2,h,2.3,5.2,2.3,5.2,0,0,778.506,7.068,0,0.7,5.2,-0.394,9,279,26.42,72.88,5.276,51.478,,,,,0
2026-10-06T01:00Z,2026-10-06T04:00Z,6472300,3,4.4,2.8,3.4,2,5.2,h,2.8,5.2,2.8,5.2,0,0,1053.964,7.81,0,0.7,5.2,-0.394,11,279,28.099,67.802,5.887,49.548,,,,,0
2026-10-06T01:00Z,2026-10-06T07:00Z,6472300,6,6.2,4.1,3.5,2.1,5.2,h,4.1,5.2,4.1,5.2,0,0,1095.95,8.36,0.002,0.7,5.2,-0.394,14,279,28.262,66.38,6.23,41.9,,,,,0
2026-10-06T01:00Z,2026-10-06T13:00Z,6472300,12,3.4,2.3,3.5,2.2,4.8,h,2.3,4.8,2.3,4.8,0,0,615.753,8.39,0,0.7,5.2,-0.394,20,279,23.798,74.799,5.064,42.872,,,,,0
2026-10-06T01:00Z,2026-10-07T01:00Z,6472300,24,14.5,11.3,7.7,5.6,5.3,h,11.3,5.3,11.4,5.3,0,0,639.748,5.789,0,0.7,5.2,-0.394,8,280,24.51,74.626,4.191,39.313,,,,,0
2026-10-06T01:00Z,2026-10-08T01:00Z,6472300,48,10.2,8.7,13,10.7,7.9,h,8.7,7.9,8.7,7.9,0,0.001,582.647,5.961,0,0.7,5.2,-0.394,8,281,25.322,76.067,4.274,34.965,,,,,0
2026-10-06T01:00Z,2026-10-06T02:00Z,6486693,1,6.6,10.5,6.9,11.1,8.6,h,10.5,8.6,10.5,8.6,0,0.096,659.341,0.399,0.067,15.1,8.6,0.434,9,279,26.215,73.084,0.341,85.117,,,,,0
2026-10-06T01:00Z,2026-10-06T04:00Z,6486693,3,6.9,10.8,6.8,11,8.6,h,10.8,8.6,10.8,8.6,0,0.086,1186.589,0.786,0.015,15.1,8.6,0.434,11,279,28.593,67.082,0.616,259.137,,,,,0
2026-10-06T01:00Z,2026-10-06T07:00Z,6486693,6,6.8,10.3,6.5,10.5,8.7,h,10.3,8.7,10.3,8.7,0,0.036,565.225,2.186,0.375,15.1,8.6,0.434,14,279,27.204,76.916,1.549,320.792,,,,,0
2026-10-06T01:00Z,2026-10-06T13:00Z,6486693,12,6,8.7,5.9,9.4,8.5,h,8.7,8.5,8.7,8.5,0,0.021,94.542,2.022,0.03,15.1,8.6,0.434,20,279,22.757,90.069,0.859,31.123,,,,,0
2026-10-06T01:00Z,2026-10-07T01:00Z,6486693,24,4.4,6,6.1,9,8.7,h,6,8.7,6,8.7,0,0.009,589.617,0.854,0,15.1,8.6,0.434,8,280,24.437,81.995,0.524,349.577,,,,,0
2026-10-06T01:00Z,2026-10-08T01:00Z,6486693,48,5.5,6.6,4.7,6,7.3,h,6.6,7.3,6.6,7.3,0,0.001,211.62,1.955,0.719,15.1,8.6,0.434,8,281,22.99,95.783,1.035,347.479,,,,,0
2026-10-06T01:00Z,2026-10-06T02:00Z,6502940,1,3.2,10.7,4.3,14.4,12.1,h,10.7,12.1,10.7,12.1,0,0,280.583,2.058,0.033,9.9,12.1,1.068,9,279,26.528,84.018,1.815,171.476,,,,,0
2026-10-06T01:00Z,2026-10-06T04:00Z,6502940,3,3.9,12.1,4.1,13.8,12.1,h,12.1,12.1,12.1,12.1,0,0,473.501,2.102,0.034,9.9,12.1,1.068,11,279,27.856,79.005,1.87,164.793,,,,,0
2026-10-06T01:00Z,2026-10-06T07:00Z,6502940,6,5,14.1,3.9,13,12.3,h,14.1,12.3,14.1,12.3,0,0,559.89,1.947,0.464,9.9,12.1,1.068,14,279,27.934,78.906,1.682,216.087,,,,,0
2026-10-06T01:00Z,2026-10-06T13:00Z,6502940,12,2.9,7.8,3.7,11.8,12.4,h,7.8,12.4,7.8,12.4,0,0,379.353,2.9,0.078,9.9,12.1,1.068,20,279,27.869,80.264,2.293,231.292,,,,,0
2026-10-06T01:00Z,2026-10-07T01:00Z,6502940,24,3.2,6.9,3.4,9.1,11.1,h,6.9,11.1,6.9,11.1,0,0,414.277,1.755,0,9.9,12.1,1.068,8,280,26.872,85.08,1.569,18.481,,,,,0
2026-10-06T01:00Z,2026-10-08T01:00Z,6502940,48,2.2,3.7,2.9,5.5,8.8,h,3.7,8.8,3.7,8.8,0,0,312.413,2.624,0.077,9.9,12.1,1.068,8,281,26.076,87.763,2.457,316.649,,,,,0
2026-10-06T01:00Z,2026-10-06T02:00Z,3133267,1,9.1,5.9,,,,h,5.9,,5.9,,0,0.004,502.036,2.972,0.176,8.5,,-0.404,9,279,26.808,85.899,2.353,20.138,,,,,0
2026-10-06T01:00Z,2026-10-06T04:00Z,3133267,3,8.7,5.7,,,,h,5.7,,5.7,,0,0.004,726.462,2.877,0.193,8.5,,-0.404,11,279,28.508,78.85,2.365,50.129,,,,,0
2026-10-06T01:00Z,2026-10-06T07:00Z,3133267,6,10.7,7.3,,,,h,7.3,,7.3,,0,0.003,496.51,4.356,0.593,8.5,,-0.404,14,279,27.957,80.004,3.338,17.426,,,,,0
2026-10-06T01:00Z,2026-10-06T13:00Z,3133267,12,22.2,16.2,,,,h,16.2,,16.3,,0,0.001,111.021,1.407,1.149,8.5,,-0.404,20,279,25.42,93.776,0.734,33.71,,,,,0
2026-10-06T01:00Z,2026-10-07T01:00Z,3133267,24,7.6,5.8,,,,h,5.8,,5.8,,0,0,386.606,3.712,0,8.5,,-0.404,8,280,25.31,89.886,2.842,2.274,,,,,0
2026-10-06T01:00Z,2026-10-08T01:00Z,3133267,48,13.4,11.5,,,,h,11.5,,11.5,,0,0,337.636,3.179,0,8.5,,-0.404,8,281,26.513,84.722,2.171,0.083,,,,,0
2026-10-06T01:00Z,2026-10-06T02:00Z,1236024,1,6.3,12.8,,,,h,12.8,,12.8,,0,0,249.88,0.597,0.51,17,,0.664,9,279,23.043,92.356,0.518,280.301,,,,,0
2026-10-06T01:00Z,2026-10-06T04:00Z,1236024,3,7,13.7,,,,h,13.7,,13.7,,0,0,659.128,0.903,0.428,17,,0.664,11,279,25.655,80.522,0.802,314.259,,,,,0
2026-10-06T01:00Z,2026-10-06T07:00Z,1236024,6,7.1,13.4,,,,h,13.4,,13.4,,0,0,454.688,1.118,0.659,17,,0.664,14,279,26.297,81.616,0.981,68.703,,,,,0
2026-10-06T01:00Z,2026-10-06T13:00Z,1236024,12,21.3,36,,,,h,36,,36.1,,0,0,77.639,1.425,0.84,17,,0.664,20,279,22.671,96.063,0.766,310.962,,,,,0
2026-10-06T01:00Z,2026-10-07T01:00Z,1236024,24,9.3,14.3,,,,h,14.3,,14.4,,0,0,139.668,0.838,0.004,17,,0.664,8,280,22.611,93.193,0.655,335.191,,,,,0
2026-10-06T01:00Z,2026-10-08T01:00Z,1236024,48,23.7,30.4,,,,h,30.4,,30.4,,0,0,146,1.062,0,17,,0.664,8,281,22.469,94.784,0.758,332.765,,,,,0
2026-10-06T01:00Z,2026-10-06T02:00Z,3567158,1,3.5,1,3.8,1.1,2.8,h,1,2.8,1,2.8,0,0,470.247,2.433,0.495,1.2,2.8,-0.845,9,279,20.459,92.088,1.582,66.565,,,,,0
2026-10-06T01:00Z,2026-10-06T04:00Z,3567158,3,4.8,1.7,3.7,1.1,2.8,h,1.7,2.8,1.7,2.8,0,0,642.721,2.843,0.657,1.2,2.8,-0.845,11,279,22.201,81.51,2.068,68.722,,,,,0
2026-10-06T01:00Z,2026-10-06T07:00Z,3567158,6,5.5,2.1,3.8,1.1,2.7,h,2.1,2.7,2.1,2.7,0,0,939.335,3.706,0.023,1.2,2.8,-0.845,14,279,24.501,68.442,2.684,72.411,,,,,0
2026-10-06T01:00Z,2026-10-06T13:00Z,3567158,12,8.4,3.9,4.5,1.5,2.5,h,3.9,2.5,3.9,2.5,0,0,40.947,2.864,0,1.2,2.8,-0.845,20,279,21.191,81.1,1.172,64.544,,,,,0
2026-10-06T01:00Z,2026-10-07T01:00Z,3567158,24,9.3,5.2,7.8,3.7,3.1,h,5.2,3.1,5.2,3.1,0,0,186.462,2.284,0,1.2,2.8,-0.845,8,280,21.242,77.764,1.236,57.782,,,,,0
2026-10-06T01:00Z,2026-10-08T01:00Z,3567158,48,8.6,6.1,6.6,4.2,3.5,h,6.1,3.5,6.1,3.5,0,0,122.78,1.24,0,1.2,2.8,-0.845,8,281,21.62,74.455,0.694,102.25,,,,,0
2026-10-06T01:00Z,2026-10-06T02:00Z,3600183,1,1.9,5.2,4,10,5.3,h,5.2,5.3,5.2,5.3,0,0,847.395,4.58,0.002,12.3,5.3,0.784,9,279,26.56,75.234,3.038,31.114,,,,,0
2026-10-06T01:00Z,2026-10-06T04:00Z,3600183,3,2.6,6.4,3.7,9.3,5.3,h,6.4,5.3,6.4,5.3,0,0,1055.441,5.908,0.033,12.3,5.3,0.784,11,279,28.042,70.395,4.055,27.272,,,,,0
2026-10-06T01:00Z,2026-10-06T07:00Z,3600183,6,3.8,8.5,3.4,8.5,5.4,h,8.5,5.4,8.5,5.4,0,0,731.938,5.61,0.337,12.3,5.3,0.784,14,279,26.648,79.404,3.728,22.498,,,,,0
2026-10-06T01:00Z,2026-10-06T13:00Z,3600183,12,2.6,5.5,3.2,7.6,5.6,h,5.5,5.6,5.5,5.6,0,0,413.135,4.158,0.028,12.3,5.3,0.784,20,279,23.159,87.13,2.3,26.102,,,,,0
2026-10-06T01:00Z,2026-10-07T01:00Z,3600183,24,5.5,9.4,3.3,6.7,5.8,h,9.4,5.8,9.5,5.8,0,0,613.954,3.12,0.068,12.3,5.3,0.784,8,280,24.483,81.898,2.006,22.875,,,,,0
2026-10-06T01:00Z,2026-10-08T01:00Z,3600183,48,4,5.6,7.4,11.1,8.2,h,5.6,8.2,5.6,8.2,0,0.002,429.101,3.538,1.918,12.3,5.3,0.784,8,281,23.248,95.881,2.023,12.545,,,,,0
2026-10-06T01:00Z,2026-10-06T02:00Z,3663294,1,2.9,2.2,2.9,2.1,3.2,h,2.2,3.2,2.2,3.2,0,0,871.474,6.666,0,2,3.2,-0.219,9,279,26.491,73.187,4.681,40.89,,,,,0
2026-10-06T01:00Z,2026-10-06T04:00Z,3663294,3,4.6,3.6,2.8,2.1,3.2,h,3.6,3.2,3.6,3.2,0,0,1082.867,7.864,0.006,2,3.2,-0.219,11,279,27.845,69.013,5.576,38.394,,,,,0
2026-10-06T01:00Z,2026-10-06T07:00Z,3663294,6,5,4,2.8,2.1,3.2,h,4,3.2,4,3.2,0,0,956.167,7.82,0.062,2,3.2,-0.219,14,279,27.408,71.298,5.492,34.348,,,,,0
2026-10-06T01:00Z,2026-10-06T13:00Z,3663294,12,5.2,4.2,3,2.3,3.1,h,4.2,3.1,4.2,3.1,0,0,573.631,6.593,0.006,2,3.2,-0.219,20,279,23.191,81.697,3.837,38.541,,,,,0
2026-10-06T01:00Z,2026-10-07T01:00Z,3663294,24,13.6,11.8,7.6,6.4,4.2,h,11.8,4.2,11.9,4.2,0,0,684.716,4.916,0,2,3.2,-0.219,8,280,24.51,77.409,3.397,34.107,,,,,0
2026-10-06T01:00Z,2026-10-08T01:00Z,3663294,48,8.3,7.6,11.6,10.3,6.8,h,7.6,6.8,7.6,6.8,0,0.001,536.653,4.792,0.891,2,3.2,-0.219,8,281,24.252,86.381,3.187,29.997,,,,,0
2026-10-06T01:00Z,2026-10-06T02:00Z,3585658,1,4.5,4.7,1.5,1.6,4.4,h,4.7,4.4,4.7,4.4,0,0,563.501,1.53,0,9.3,4.4,0.03,9,279,21.873,77.777,0.946,27.547,,,,,0
2026-10-06T01:00Z,2026-10-06T04:00Z,3585658,3,4.7,4.9,1.8,1.9,4.4,h,4.9,4.4,4.9,4.4,0,0,961.224,1.395,0.014,9.3,4.4,0.03,11,279,24.546,60.016,1.079,341.522,,,,,0
2026-10-06T01:00Z,2026-10-06T07:00Z,3585658,6,4.3,4.4,2.2,2.3,4.5,h,4.4,4.5,4.4,4.5,0,0,744.995,0.554,0.445,9.3,4.4,0.03,14,279,24.469,70.828,0.24,15.028,,,,,0
2026-10-06T01:00Z,2026-10-06T13:00Z,3585658,12,4.4,4.5,3.1,3.2,4.3,h,4.5,4.3,4.5,4.3,0,0,47.649,1.442,0,9.3,4.4,0.03,20,279,19.595,91.893,1.036,59.858,,,,,0
2026-10-06T01:00Z,2026-10-07T01:00Z,3585658,24,5.4,5.5,4.7,4.8,4.5,h,5.5,4.5,5.5,4.5,0,0,219.345,1.583,0,9.3,4.4,0.03,8,280,20.089,70.116,0.875,46.459,,,,,0
2026-10-06T01:00Z,2026-10-08T01:00Z,3585658,48,6.8,6.9,5.7,5.8,5.1,h,6.9,5.1,6.9,5.1,0,0,211.581,1.287,0,9.3,4.4,0.03,8,281,20.784,71.563,0.762,25.205,,,,,0
2026-10-06T01:00Z,2026-10-06T02:00Z,6152097,1,5.5,5.5,,,,h,5.5,,5.5,,0,0,282.174,0.35,0.473,,,0,9,279,24.014,90.807,0.129,26.972,,,,,0
2026-10-06T01:00Z,2026-10-06T04:00Z,6152097,3,5.8,5.8,,,,h,5.8,,5.8,,0,0,514.278,0.097,0.207,,,0,11,279,26.43,77.727,0.063,18.734,,,,,0
2026-10-06T01:00Z,2026-10-06T07:00Z,6152097,6,5.9,5.9,,,,h,5.9,,5.9,,0,0,337.03,0.985,0.495,,,0,14,279,26.678,83.397,0.865,114.149,,,,,0
2026-10-06T01:00Z,2026-10-06T13:00Z,6152097,12,16.9,16.9,,,,h,16.9,,17,,0,0,69.548,1.367,1.773,,,0,20,279,23.991,94.021,0.955,291.499,,,,,0
2026-10-06T01:00Z,2026-10-07T01:00Z,6152097,24,10.1,10.1,,,,h,10.1,,10.2,,0,0,98.048,0.24,0.001,,,0,8,280,23.639,91.264,0.208,98.465,,,,,0
2026-10-06T01:00Z,2026-10-08T01:00Z,6152097,48,26.3,26.3,,,,h,26.3,,26.3,,0,0,243.753,0.297,0,,,0,8,281,24.419,89.459,0.402,97.863,,,,,0
2026-10-06T01:00Z,2026-10-06T02:00Z,3591608,1,5.6,2.6,,,,h,2.6,,2.6,,0,0,555.773,1.617,0,,,-0.92,9,279,18.42,75.231,1.101,11.056,,,,,0
2026-10-06T01:00Z,2026-10-06T04:00Z,3591608,3,5.1,2.4,,,,h,2.4,,2.4,,0,0,936.027,0.172,0.092,,,-0.92,11,279,21.433,62.757,0.154,319.116,,,,,0
2026-10-06T01:00Z,2026-10-06T07:00Z,3591608,6,5,2.5,,,,h,2.5,,2.5,,0,0,1183.997,0.586,0.28,,,-0.92,14,279,22.189,61.793,0.352,325.074,,,,,0
2026-10-06T01:00Z,2026-10-06T13:00Z,3591608,12,7.2,4.1,,,,h,4.1,,4.1,,0,0,77.434,1.598,0,,,-0.92,20,279,15.884,89.192,0.697,50.024,,,,,0
2026-10-06T01:00Z,2026-10-07T01:00Z,3591608,24,9.4,6.1,,,,h,6.1,,6.1,,0,0,327.803,1.271,0,,,-0.92,8,280,17.329,66.223,0.755,16.972,,,,,0
2026-10-06T01:00Z,2026-10-08T01:00Z,3591608,48,21.4,16.8,,,,h,16.8,,16.8,,0,0,330.673,0.8,0,,,-0.92,8,281,17.539,68.435,0.573,17.477,,,,,0
2026-10-06T01:00Z,2026-10-06T02:00Z,3591607,1,5.2,5.2,,,,h,5.2,,5.2,,0,0,695.68,2.87,0,,,0,9,279,20.248,71.421,1.888,62.565,,,,,0
2026-10-06T01:00Z,2026-10-06T04:00Z,3591607,3,4.3,4.3,,,,h,4.3,,4.3,,0,0,975.234,1.973,0.027,,,0,11,279,22.488,62.109,1.363,63.658,,,,,0
2026-10-06T01:00Z,2026-10-06T07:00Z,3591607,6,3.9,3.9,,,,h,3.9,,3.9,,0,0,1099.131,2.262,0.15,,,0,14,279,23.546,60.767,1.528,63.035,,,,,0
2026-10-06T01:00Z,2026-10-06T13:00Z,3591607,12,5.1,5.1,,,,h,5.1,,5.1,,0,0,94.38,2.947,0,,,0,20,279,17.956,83.99,1.419,70.167,,,,,0
2026-10-06T01:00Z,2026-10-07T01:00Z,3591607,24,6.3,6.3,,,,h,6.3,,6.3,,0,0,337.96,1.427,0,,,0,8,280,18.972,66.1,0.834,57.454,,,,,0
2026-10-06T01:00Z,2026-10-08T01:00Z,3591607,48,13,13,,,,h,13,,13,,0,0,300.02,0.898,0,,,0,8,281,19.339,71.436,0.546,54.704,,,,,0
2026-10-06T01:00Z,2026-10-06T02:00Z,2297552,1,1.7,1.7,,,,h,1.7,,1.7,,0,0,460.02,0.942,0.235,,,0,9,279,22.901,89.586,0.662,76.528,,,,,0
2026-10-06T01:00Z,2026-10-06T04:00Z,2297552,3,2.8,2.8,,,,h,2.8,,2.8,,0,0,589.785,1.598,0.169,,,0,11,279,24.816,78.32,1.134,123.786,,,,,0
2026-10-06T01:00Z,2026-10-06T07:00Z,2297552,6,2.8,2.8,,,,h,2.8,,2.8,,0,0,1177.917,1.95,0.111,,,0,14,279,27.312,64.622,1.375,132.67,,,,,0
2026-10-06T01:00Z,2026-10-06T13:00Z,2297552,12,2.2,2.2,,,,h,2.2,,2.2,,0,0,38.942,1.499,0,,,0,20,279,21.556,96.147,0.646,102.479,,,,,0
2026-10-06T01:00Z,2026-10-07T01:00Z,2297552,24,2.2,2.2,,,,h,2.2,,2.2,,0,0,116.333,0.406,0,,,0,8,280,20.708,95.015,0.334,301.089,,,,,0
2026-10-06T01:00Z,2026-10-08T01:00Z,2297552,48,4,4,,,,h,4,,4,,0,0,59.415,0.179,0,,,0,8,281,20.515,97.637,0.08,22.462,,,,,0
2026-10-06T01:00Z,2026-10-06T02:00Z,5755932,1,8.3,8.3,,,,h,8.3,,8.3,,0,0.005,568.968,2.408,0.203,,,0,9,279,28.595,77.801,1.94,24.686,,,,,0
2026-10-06T01:00Z,2026-10-06T04:00Z,5755932,3,8.9,8.9,,,,h,8.9,,8.9,,0,0.004,1127.608,2.134,0.103,,,0,11,279,31.582,65.754,1.734,13.099,,,,,0
2026-10-06T01:00Z,2026-10-06T07:00Z,5755932,6,8.1,8.1,,,,h,8.1,,8.1,,0,0.002,629.604,1.004,2.7,,,0,14,279,28.672,79.444,0.819,207.247,,,,,0
2026-10-06T01:00Z,2026-10-06T13:00Z,5755932,12,10.6,10.6,,,,h,10.6,,10.6,,0,0,179.481,1.514,1.985,,,0,20,279,25.377,92.857,0.792,303.044,,,,,0
2026-10-06T01:00Z,2026-10-07T01:00Z,5755932,24,6.2,6.2,,,,h,6.2,,6.2,,0,0,506.792,3.42,0.008,,,0,8,280,26.733,81.974,2.664,345.19,,,,,0
2026-10-06T01:00Z,2026-10-08T01:00Z,5755932,48,6.7,6.7,,,,h,6.7,,6.7,,0,0,402.428,2.33,4.129,,,0,8,281,25.686,88.424,1.814,294.502,,,,,0
2026-10-06T01:00Z,2026-10-06T02:00Z,3503722,1,3.5,3.5,,,,h,3.5,,3.5,,0,0,314.282,3.107,1.121,,,0,9,279,21.625,94.329,1.812,40.621,,,,,0
2026-10-06T01:00Z,2026-10-06T04:00Z,3503722,3,5.3,5.3,,,,h,5.3,,5.3,,0,0,490.577,2.694,0.849,,,0,11,279,22.772,87.309,1.914,42.418,,,,,0
2026-10-06T01:00Z,2026-10-06T07:00Z,3503722,6,5.8,5.8,,,,h,5.8,,5.8,,0,0,887.576,2.957,0.032,,,0,14,279,26.06,68.258,2.195,95.337,,,,,0
2026-10-06T01:00Z,2026-10-06T13:00Z,3503722,12,10.4,10.4,,,,h,10.4,,10.4,,0,0,29.386,2.136,0,,,0,20,279,22.521,87.683,0.91,50.414,,,,,0
2026-10-06T01:00Z,2026-10-07T01:00Z,3503722,24,10.2,10.2,,,,h,10.2,,10.3,,0,0,140.234,2.618,0,,,0,8,280,22.538,80.279,1.085,50.942,,,,,0
2026-10-06T01:00Z,2026-10-08T01:00Z,3503722,48,9.3,9.3,,,,h,9.3,,9.3,,0,0,105.09,1.292,0,,,0,8,281,22.207,78.436,0.704,75.335,,,,,0
2026-10-06T01:00Z,2026-10-06T02:00Z,6284174,1,4.5,4.5,,,,h,4.5,,4.5,,0,0,341.394,2.349,0.339,,,0,9,279,21.587,94.811,1.433,78.172,,,,,0
2026-10-06T01:00Z,2026-10-06T04:00Z,6284174,3,5,5,,,,h,5,,5,,0,0,701,2.27,0.221,,,0,11,279,24.362,81.165,1.621,94.667,,,,,0
2026-10-06T01:00Z,2026-10-06T07:00Z,6284174,6,5.8,5.8,,,,h,5.8,,5.8,,0,0,481.676,0.792,1.522,,,0,14,279,23.86,87.447,0.622,38.572,,,,,0
2026-10-06T01:00Z,2026-10-06T13:00Z,6284174,12,7.7,7.7,,,,h,7.7,,7.7,,0,0,54.312,1.859,0.024,,,0,20,279,21.446,96.978,0.669,55.89,,,,,0
2026-10-06T01:00Z,2026-10-07T01:00Z,6284174,24,7.6,7.6,,,,h,7.6,,7.6,,0,0,119.991,1.176,0.147,,,0,8,280,21.404,97.066,0.626,350.827,,,,,0
2026-10-06T01:00Z,2026-10-08T01:00Z,6284174,48,21.2,21.2,,,,h,21.2,,21.2,,0,0,129.015,0.425,0,,,0,8,281,22.12,93.604,0.18,27.917,,,,,0
2026-10-06T01:00Z,2026-10-06T02:00Z,1236063,1,11.8,11.8,,,,h,11.8,,11.8,,0,0.004,588.3,2.81,0.08,,,0,9,279,27.139,84.199,2.187,54.302,,,,,0
2026-10-06T01:00Z,2026-10-06T04:00Z,1236063,3,9,9,,,,h,9,,9,,0,0.004,962.434,2.427,0.074,,,0,11,279,29.417,74.931,1.947,74.285,,,,,0
2026-10-06T01:00Z,2026-10-06T07:00Z,1236063,6,6.2,6.2,,,,h,6.2,,6.2,,0,0.004,442.164,3.395,0.371,,,0,14,279,28.389,79.832,2.561,8.586,,,,,0
2026-10-06T01:00Z,2026-10-06T13:00Z,1236063,12,17.3,17.3,,,,h,17.3,,17.4,,0,0.002,100.4,1.069,0.286,,,0,20,279,25.631,93.828,0.464,126.993,,,,,0
2026-10-06T01:00Z,2026-10-07T01:00Z,1236063,24,18.8,18.8,,,,h,18.8,,18.9,,0,0,336.064,2.076,0.003,,,0,8,280,25.791,89.168,1.623,359.673,,,,,0
2026-10-06T01:00Z,2026-10-08T01:00Z,1236063,48,25.3,25.3,,,,h,25.3,,25.3,,0,0,224.539,1.247,0,,,0,8,281,26.56,82.579,0.88,333.637,,,,,0
2026-10-06T01:00Z,2026-10-06T02:00Z,3553303,1,7.1,7.1,,,,h,7.1,,7.1,,0,0,703.478,2.6,0,,,0,9,279,20.936,72.569,1.866,85.993,,,,,0
2026-10-06T01:00Z,2026-10-06T04:00Z,3553303,3,5.8,5.8,,,,h,5.8,,5.8,,0,0,1068.075,3.083,0,,,0,11,279,23.233,63.279,2.242,79.547,,,,,0
2026-10-06T01:00Z,2026-10-06T07:00Z,3553303,6,5,5,,,,h,5,,5,,0,0,882.039,3.809,0,,,0,14,279,24.02,61.921,2.772,60.187,,,,,0
2026-10-06T01:00Z,2026-10-06T13:00Z,3553303,12,5.5,5.5,,,,h,5.5,,5.5,,0,0,146.4,4.786,0,,,0,20,279,19.882,79.008,2.122,90.353,,,,,0
2026-10-06T01:00Z,2026-10-07T01:00Z,3553303,24,6.2,6.2,,,,h,6.2,,6.2,,0,0,441.303,1.426,0,,,0,8,280,20.959,63.631,0.862,85.779,,,,,0
2026-10-06T01:00Z,2026-10-08T01:00Z,3553303,48,7.3,7.3,,,,h,7.3,,7.3,,0,0,368.864,1.116,0,,,0,8,281,21.813,61.655,0.759,102.872,,,,,0
2026-10-06T01:00Z,2026-10-06T02:00Z,2843713,1,3,3.8,,,,h,3.8,,3.8,,0,0,752.946,5.846,0.063,,,0.298,9,279,26.292,81.281,4.362,51.623,,,,,0
2026-10-06T01:00Z,2026-10-06T04:00Z,2843713,3,3.9,4.9,,,,h,4.9,,4.9,,0,0,926.97,6.757,0.1,,,0.298,11,279,28.305,73.273,5.003,56.467,,,,,0
2026-10-06T01:00Z,2026-10-06T07:00Z,2843713,6,3.9,4.8,,,,h,4.8,,4.8,,0,0,1161.436,5.763,0.058,,,0.298,14,279,29.626,68.835,4.522,52.659,,,,,0
2026-10-06T01:00Z,2026-10-06T13:00Z,2843713,12,6.1,7.2,,,,h,7.2,,7.2,,0,0,483.457,5.89,0,,,0.298,20,279,25.473,81.784,3.072,56.262,,,,,0
2026-10-06T01:00Z,2026-10-07T01:00Z,2843713,24,12.8,14.5,,,,h,14.5,,14.6,,0,0,545.245,4.929,0,,,0.298,8,280,24.341,77.449,3.492,46.596,,,,,0
2026-10-06T01:00Z,2026-10-08T01:00Z,2843713,48,10.7,11.6,,,,h,11.6,,11.6,,0,0,544.997,4.603,0,,,0.298,8,281,25.231,78.364,3.232,34.518,,,,,0
