issued_utc,valid_utc,station_id,lead_h,cams_raw,corrected,cams24,corr24,blend24,obs_basis,correctedA,blend24A,correctedML,blend24ML,inc,fire,blh,ws,pr,obs_last,obs24_last,kfAb,hloc,doy,t2,rh,ws10,wd,o_ws,o_wd,o_t2,o_rh,monitor
2026-10-07T06:00Z,2026-10-07T07:00Z,a4t:119t,1,5.800000000000001,10.5,7.6,14,13.6,h,10.5,13.6,,,0,0,464.232,3.114,1.223,16,13.6,0.56,14,280,27.513,85.932,2.391,239.473,3.3,204,31.9,73,1
2026-10-07T06:00Z,2026-10-07T09:00Z,a4t:119t,3,4.65,8.4,7.4,13.6,13.6,h,8.4,13.6,,,0,0,484.074,2.836,0.322,16,13.6,0.56,16,280,27.183,86.802,2.103,269.671,3.3,204,31.9,73,1
2026-10-07T06:00Z,2026-10-07T12:00Z,a4t:119t,6,3.65,6.5,7,12.8,13.6,h,6.5,13.6,,,0,0,109.853,1.894,0.087,16,13.6,0.56,19,280,26.375,92.377,0.91,312.409,3.3,204,31.9,73,1
2026-10-07T06:00Z,2026-10-07T18:00Z,a4t:119t,12,2.8,4.8,5.6,10.2,12.9,h,4.8,12.9,,,0,0,109.347,1.512,0,16,13.6,0.56,1,280,25.22,96.614,0.741,22.264,3.3,204,31.9,73,1
2026-10-07T06:00Z,2026-10-08T06:00Z,a4t:119t,24,2.8499999999999996,4.3,3.2,5.4,11,h,4.3,11,,,0,0,359.27,2.56,3.326,16,13.6,0.56,13,281,26.775,90.277,1.887,275.639,3.3,204,31.9,73,1
2026-10-07T06:00Z,2026-10-09T06:00Z,a4t:119t,48,2.8,3.6,2.1,3.1,8.3,h,3.6,8.3,,,0,0,733.694,2.361,0.1,16,13.6,0.56,13,282,30.522,68.82,1.908,253.238,3.3,204,31.9,73,1
2026-10-07T06:00Z,2026-10-07T07:00Z,a4t:02t,1,27.35,22.5,22.7,18.4,14,h,22.5,14,,,0,0.025,1228.163,2.586,0.215,17,14,-0.2,14,280,31.305,64.859,2.084,44.887,,,,,1
2026-10-07T06:00Z,2026-10-07T09:00Z,a4t:02t,3,26.95,22.3,23.5,19.1,14.1,h,22.3,14.1,,,0,0.023,931.226,1.512,0.323,17,14,-0.2,16,280,30.767,66.695,1.115,47.551,,,,,1
2026-10-07T06:00Z,2026-10-07T12:00Z,a4t:02t,6,32.3,27.1,24.2,19.7,14.3,h,27.1,14.3,,,0,0.009,102.082,1.627,0.013,17,14,-0.2,19,280,26.696,90.433,1.063,225.131,,,,,1
2026-10-07T06:00Z,2026-10-07T18:00Z,a4t:02t,12,34.7,29.7,25.7,21.3,15.6,h,29.7,15.6,,,0,0.013,92.082,1.844,0.013,17,14,-0.2,1,280,24.693,95.686,0.549,301.388,,,,,1
2026-10-07T06:00Z,2026-10-08T06:00Z,a4t:02t,24,30.700000000000003,27.2,31.8,27.3,18.2,h,27.2,18.2,,,0,0.057,1240.827,1.624,0.064,17,14,-0.2,13,281,31.614,62.772,1.262,27.732,,,,,1
2026-10-07T06:00Z,2026-10-09T06:00Z,a4t:02t,48,35.1,32.6,38.4,35,24.5,h,32.6,24.5,,,0,0.003,916.226,3.61,1.363,17,14,-0.2,13,282,30.023,71.025,2.732,25.506,,,,,1
2026-10-07T06:00Z,2026-10-07T07:00Z,a4t:50t,1,27.35,30,22.7,25,18.5,h,30,18.5,,,0,0.02,1232.225,2.614,0.197,21,18.5,0.094,14,280,31.33,64.675,2.102,45.392,,,31.4,56,1
2026-10-07T06:00Z,2026-10-07T09:00Z,a4t:50t,3,26.95,29.4,23.5,25.8,18.6,h,29.4,18.6,,,0,0.018,900.223,1.525,0.356,21,18.5,0.094,16,280,30.731,66.878,1.121,49.553,,,31.4,56,1
2026-10-07T06:00Z,2026-10-07T12:00Z,a4t:50t,6,32.3,35,24.2,26.5,18.9,h,35,18.9,,,0,0.007,100.56,1.593,0.014,21,18.5,0.094,19,280,26.698,90.17,1.044,228.35,,,31.4,56,1
2026-10-07T06:00Z,2026-10-07T18:00Z,a4t:50t,12,34.7,37.3,25.7,28,20.5,h,37.3,20.5,,,0,0.013,90.56,1.723,0.014,21,18.5,0.094,1,280,24.692,95.726,0.488,301.434,,,31.4,56,1
2026-10-07T06:00Z,2026-10-08T06:00Z,a4t:50t,24,30.700000000000003,32.5,31.8,34.2,23.5,h,32.5,23.5,,,0,0.064,1244.57,1.512,0.061,21,18.5,0.094,13,281,31.605,62.933,1.174,24.944,,,31.4,56,1
2026-10-07T06:00Z,2026-10-09T06:00Z,a4t:50t,48,35.1,36.3,38.4,40.1,29.3,h,36.3,29.3,,,0,0.003,875.212,3.595,1.488,21,18.5,0.094,13,282,29.81,72.334,2.712,24.622,,,31.4,56,1
2026-10-07T06:00Z,2026-10-07T07:00Z,a4t:52t,1,27.35,23.4,22.7,19.2,18.4,h,23.4,18.4,,,0,0.025,1225.948,2.586,0.219,21,18.4,-0.161,14,280,31.297,64.92,2.084,44.935,,,,,1
2026-10-07T06:00Z,2026-10-07T09:00Z,a4t:52t,3,26.95,23.2,23.5,19.9,18.5,h,23.2,18.5,,,0,0.022,930.671,1.509,0.328,21,18.4,-0.161,16,280,30.759,66.725,1.113,47.622,,,,,1
2026-10-07T06:00Z,2026-10-07T12:00Z,a4t:52t,6,32.3,28.1,24.2,20.5,18.6,h,28.1,18.6,,,0,0.009,102.249,1.62,0.013,21,18.4,-0.161,19,280,26.695,90.435,1.059,225.176,,,,,1
2026-10-07T06:00Z,2026-10-07T18:00Z,a4t:52t,12,34.7,30.7,25.7,22.2,19.6,h,30.7,19.6,,,0,0.013,92.249,1.851,0.013,21,18.4,-0.161,1,280,24.691,95.669,0.551,302.054,,,,,1
2026-10-07T06:00Z,2026-10-08T06:00Z,a4t:52t,24,30.700000000000003,27.9,31.8,28.1,21.5,h,27.9,21.5,,,0,0.057,1239.799,1.627,0.065,21,18.4,-0.161,13,281,31.606,62.825,1.265,27.646,,,,,1
2026-10-07T06:00Z,2026-10-09T06:00Z,a4t:52t,48,35.1,33.1,38.4,35.6,27,h,33.1,27,,,0,0.003,919.136,3.614,1.351,21,18.4,-0.161,13,282,30.036,70.956,2.736,25.515,,,,,1
2026-10-07T06:00Z,2026-10-07T07:00Z,a4t:53t,1,27.35,25.2,22.7,20.8,18.3,h,25.2,18.3,,,0,0.018,1261.108,2.621,0.141,21,18.3,-0.083,14,280,31.451,63.791,2.101,44.957,,,32,32,1
2026-10-07T06:00Z,2026-10-07T09:00Z,a4t:53t,3,26.95,24.9,23.5,21.5,18.4,h,24.9,18.4,,,0,0.015,877.311,1.584,0.31,21,18.3,-0.083,16,280,30.808,66.611,1.175,50.16,,,32,32,1
2026-10-07T06:00Z,2026-10-07T12:00Z,a4t:53t,6,32.3,30,24.2,22.2,18.5,h,30,18.5,,,0,0.007,97.133,1.693,0.012,21,18.3,-0.083,19,280,26.729,89.774,1.102,232.425,,,32,32,1
2026-10-07T06:00Z,2026-10-07T18:00Z,a4t:53t,12,34.7,32.5,25.7,23.8,19.7,h,32.5,19.7,,,0,0.016,87.133,1.567,0.012,21,18.3,-0.083,1,280,24.718,95.979,0.45,290.392,,,32,32,1
2026-10-07T06:00Z,2026-10-08T06:00Z,a4t:53t,24,30.700000000000003,29.2,31.8,29.8,22,h,29.2,22,,,0,0.072,1262.056,1.364,0.053,21,18.3,-0.083,13,281,31.698,62.425,1.049,23.586,,,32,32,1
2026-10-07T06:00Z,2026-10-09T06:00Z,a4t:53t,48,35.1,34.1,38.4,36.9,27.6,h,34.1,27.6,,,0,0.003,791.566,3.533,1.774,21,18.3,-0.083,13,282,29.408,74.62,2.636,23.719,,,32,32,1
2026-10-07T06:00Z,2026-10-07T07:00Z,a4t:59t,1,27.35,19.7,22.7,16,12,h,19.7,12,,,0,0.023,1252.621,2.602,0.166,16,12,-0.335,14,280,31.407,64.117,2.092,44.732,0.4,204,31.5,63,1
2026-10-07T06:00Z,2026-10-07T09:00Z,a4t:59t,3,26.95,19.7,23.5,16.6,12.1,h,19.7,12.1,,,0,0.019,908.98,1.552,0.298,16,12,-0.335,16,280,30.818,66.534,1.15,48.49,0.4,204,31.5,63,1
2026-10-07T06:00Z,2026-10-07T12:00Z,a4t:59t,6,32.3,24.1,24.2,17.2,12.3,h,24.1,12.3,,,0,0.008,99.118,1.679,0.012,16,12,-0.335,19,280,26.714,90.131,1.098,228.207,0.4,204,31.5,63,1
2026-10-07T06:00Z,2026-10-07T18:00Z,a4t:59t,12,34.7,26.8,25.7,18.8,13.5,h,26.8,13.5,,,0,0.016,89.118,1.691,0.012,16,12,-0.335,1,280,24.713,95.89,0.498,293.733,0.4,204,31.5,63,1
2026-10-07T06:00Z,2026-10-08T06:00Z,a4t:59t,24,30.700000000000003,25.1,31.8,24.6,16,h,25.1,16,,,0,0.065,1254.779,1.492,0.058,16,12,-0.335,13,281,31.683,62.395,1.151,26.372,0.4,204,31.5,63,1
2026-10-07T06:00Z,2026-10-09T06:00Z,a4t:59t,48,35.1,31.1,38.4,32.8,22.4,h,31.1,22.4,,,0,0.002,847.53,3.56,1.598,16,12,-0.335,13,282,29.687,72.948,2.67,24.652,0.4,204,31.5,63,1
2026-10-07T06:00Z,2026-10-07T07:00Z,a4t:61t,1,13,17,12.3,16.3,14.4,h,17,14.4,,,0,0.015,1254.029,2.641,0.145,17,14.4,0.267,14,280,31.428,63.952,2.116,45.514,,,,,1
2026-10-07T06:00Z,2026-10-07T09:00Z,a4t:61t,3,12.5,16.2,12.7,16.9,14.4,h,16.2,14.4,,,0,0.013,858.759,1.578,0.353,17,14.4,0.267,16,280,30.75,66.858,1.165,51.569,,,,,1
2026-10-07T06:00Z,2026-10-07T12:00Z,a4t:61t,6,18.85,23.9,13,17.2,14.5,h,23.9,14.5,,,0,0.006,97.058,1.639,0.014,17,14.4,0.267,19,280,26.721,89.679,1.067,233.977,,,,,1
2026-10-07T06:00Z,2026-10-07T18:00Z,a4t:61t,12,45.35,55.6,16.9,21.5,16.3,h,55.6,16.3,,,0,0.014,87.058,1.513,0.014,17,14.4,0.267,1,280,24.708,95.923,0.407,294.058,,,,,1
2026-10-07T06:00Z,2026-10-08T06:00Z,a4t:61t,24,20.85,24.5,29,35.5,21.2,h,24.5,21.2,,,0,0.075,1259.115,1.324,0.053,17,14.4,0.267,13,281,31.658,62.745,1.022,21.153,,,,,1
2026-10-07T06:00Z,2026-10-09T06:00Z,a4t:61t,48,24,26.5,32.9,37.2,25.8,h,26.5,25.8,,,0,0.003,785.437,3.542,1.782,17,14.4,0.267,13,282,29.366,74.946,2.647,23.275,,,,,1
2026-10-07T06:00Z,2026-10-07T07:00Z,a4t:o10,1,13,14.5,12.3,13.8,15,h,14.5,15,,,0,0.014,1260.061,2.651,0.129,18,15,0.106,14,280,31.458,63.73,2.12,45.596,,,,,1
2026-10-07T06:00Z,2026-10-07T09:00Z,a4t:o10,3,12.5,13.8,12.7,14.2,15,h,13.8,15,,,0,0.012,840.291,1.6,0.357,18,15,0.106,16,280,30.749,66.884,1.183,52.449,,,,,1
2026-10-07T06:00Z,2026-10-07T12:00Z,a4t:o10,6,18.85,20.7,13,14.6,15,h,20.7,15,,,0,0.005,95.801,1.66,0.014,18,15,0.106,19,280,26.731,89.459,1.075,236.558,,,,,1
2026-10-07T06:00Z,2026-10-07T18:00Z,a4t:o10,12,45.35,49.2,16.9,18.6,16.3,h,49.2,16.3,,,0,0.014,85.801,1.439,0.014,18,15,0.106,1,280,24.712,95.986,0.381,291.37,,,,,1
2026-10-07T06:00Z,2026-10-08T06:00Z,a4t:o10,24,20.85,22.2,29,31.4,20.3,h,22.2,20.3,,,0,0.079,1264.041,1.25,0.05,18,15,0.106,13,281,31.671,62.735,0.963,19.133,,,,,1
2026-10-07T06:00Z,2026-10-09T06:00Z,a4t:o10,48,24,24.9,32.9,34.5,24.8,h,24.9,24.8,,,0,0.003,750.225,3.525,1.894,18,15,0.106,13,282,29.192,75.984,2.625,22.714,,,,,1
2026-10-07T06:00Z,2026-10-07T07:00Z,a4t:79t,1,6.9,7.9,,,,h,7.9,,,,0,0.008,1159.013,3.194,0.101,,,0.127,14,280,29.075,68.521,2.456,59.362,,,,,1
2026-10-07T06:00Z,2026-10-07T09:00Z,a4t:79t,3,7.6,8.6,,,,h,8.6,,,,0,0.01,881.137,1.478,0.548,,,0.127,16,280,27.73,74.586,0.996,79.595,,,,,1
2026-10-07T06:00Z,2026-10-07T12:00Z,a4t:79t,6,9,10.1,,,,h,10.1,,,,0,0.013,73.872,1.415,0.272,,,0.127,19,280,24.407,97.249,0.771,172.334,,,,,1
2026-10-07T06:00Z,2026-10-07T18:00Z,a4t:79t,12,9.45,10.4,,,,h,10.4,,,,0,0.294,63.239,1.902,0,,,0.127,1,280,22.886,97.357,0.725,296.852,,,,,1
2026-10-07T06:00Z,2026-10-08T06:00Z,a4t:79t,24,11.7,12.6,,,,h,12.6,,,,0,0.007,1058.357,2.58,0.054,,,0.127,13,281,29.392,66.769,2.034,60.237,,,,,1
2026-10-07T06:00Z,2026-10-09T06:00Z,a4t:79t,48,14,14.7,,,,h,14.7,,,,0,0,1182.75,3.287,0.092,,,0.127,13,282,29.923,64.889,2.481,43.811,,,,,1
2026-10-07T06:00Z,2026-10-07T07:00Z,a4t:107t,1,13.95,10.5,9.8,7.2,11,h,10.5,11,,,0,0.003,1146.098,3.67,0.057,9,11,-0.275,14,280,29.661,57.462,2.856,44.227,2.5,56,31.1,44,1
2026-10-07T06:00Z,2026-10-07T09:00Z,a4t:107t,3,12.9,9.8,10.1,7.5,11.1,h,9.8,11.1,,,0,0.002,1081.951,3.826,0.029,9,11,-0.275,16,280,29.228,59.491,2.841,36.495,2.5,56,31.1,44,1
2026-10-07T06:00Z,2026-10-07T12:00Z,a4t:107t,6,13.899999999999999,10.8,10.8,8,11.1,h,10.8,11.1,,,0,0.001,92.778,3.595,0,9,11,-0.275,19,280,26.019,76.323,1.354,38.131,2.5,56,31.1,44,1
2026-10-07T06:00Z,2026-10-07T18:00Z,a4t:107t,12,14.9,11.9,13.2,10,11.1,h,11.9,11.1,,,0,0.001,252.185,4.663,0,9,11,-0.275,1,280,23.517,83.607,1.966,65.855,2.5,56,31.1,44,1
2026-10-07T06:00Z,2026-10-08T06:00Z,a4t:107t,24,14.5,12.2,15.8,12.7,11.6,h,12.2,11.6,,,0,0.001,1160.956,3.523,0.027,9,11,-0.275,13,281,29.954,56.604,2.82,25,2.5,56,31.1,44,1
2026-10-07T06:00Z,2026-10-09T06:00Z,a4t:107t,48,15.450000000000001,13.9,16.8,14.8,12.9,h,13.9,12.9,,,0,0.004,1142.601,4.254,0.027,9,11,-0.275,13,282,30.036,60.73,3.304,28.162,2.5,56,31.1,44,1
2026-10-07T06:00Z,2026-10-07T07:00Z,a4t:94t,1,6.85,8.7,9.7,12.4,11,h,8.7,11,,,0,0,1147.335,1.27,0.091,12,11,0.222,14,280,30.042,71.163,1.099,89.111,0.8,263,,,1
2026-10-07T06:00Z,2026-10-07T09:00Z,a4t:94t,3,7,8.8,9.9,12.6,11,h,8.8,11,,,0,0,892.034,1.139,0.252,12,11,0.222,16,280,30.116,66.984,1.037,112.816,0.8,263,,,1
2026-10-07T06:00Z,2026-10-07T12:00Z,a4t:94t,6,7.550000000000001,9.3,10.1,12.8,11,h,9.3,11,,,0,0,322.631,3.784,0.583,12,11,0.222,19,280,26.152,89.621,2.589,89.16,0.8,263,,,1
2026-10-07T06:00Z,2026-10-07T18:00Z,a4t:94t,12,8,9.6,9.1,11.4,10.8,h,9.6,10.8,,,0,0,62.851,2.217,0,12,11,0.222,1,280,24.253,98.249,0.991,284.378,0.8,263,,,1
2026-10-07T06:00Z,2026-10-08T06:00Z,a4t:94t,24,7,8.1,7.4,9,10.3,h,8.1,10.3,,,0,0,1007.481,1.039,0.1,12,11,0.222,13,281,30.386,70.993,0.853,35.418,0.8,263,,,1
2026-10-07T06:00Z,2026-10-09T06:00Z,a4t:94t,48,9.85,10.7,11,12.2,11.6,h,10.7,11.6,,,0,0,1127.853,1.376,0.1,12,11,0.222,13,282,30.974,70.711,1.121,40.484,0.8,263,,,1
2026-10-07T06:00Z,2026-10-07T07:00Z,a4t:46t,1,13.25,16.3,8.6,10.8,13.8,h,16.3,13.8,,,0,0.002,1173.425,3.2,0,12,13.8,0.208,14,280,29.312,57.597,2.511,48.072,,,,,1
2026-10-07T06:00Z,2026-10-07T09:00Z,a4t:46t,3,12.65,15.5,8.9,11.2,13.9,h,15.5,13.9,,,0,0.001,1135.858,3.456,0,12,13.8,0.208,16,280,29.049,58.688,2.668,41.922,,,,,1
2026-10-07T06:00Z,2026-10-07T12:00Z,a4t:46t,6,16.9,20.3,9.6,12,14.1,h,20.3,14.1,,,0,0.001,83.22,3.538,0,12,13.8,0.208,19,280,25.668,76.884,1.368,46.011,,,,,1
2026-10-07T06:00Z,2026-10-07T18:00Z,a4t:46t,12,15,17.7,12.8,15.7,14.6,h,17.7,14.6,,,0,0,177.089,4.49,0,12,13.8,0.208,1,280,23.603,84.225,1.893,53.458,,,,,1
2026-10-07T06:00Z,2026-10-08T06:00Z,a4t:46t,24,18.4,20.9,15.6,18.3,15.3,h,20.9,15.3,,,0,0,1157.964,3.715,0.081,12,13.8,0.208,13,281,29.899,56.275,2.963,25.14,,,,,1
2026-10-07T06:00Z,2026-10-09T06:00Z,a4t:46t,48,18.9,20.4,19.3,21.3,17.5,h,20.4,17.5,,,0,0.003,1185.317,4.3,0.09,12,13.8,0.208,13,282,30.243,59.024,3.358,20.416,,,,,1
2026-10-07T06:00Z,2026-10-07T07:00Z,a4t:100t,1,4.550000000000001,13.5,2.6,9,7.4,h,13.5,7.4,,,0,0,910.232,1.803,0.1,9,7.4,1.02,14,280,29.901,70.891,1.408,18.763,1.1,21,32,60,1
2026-10-07T06:00Z,2026-10-07T09:00Z,a4t:100t,3,5.550000000000001,15.4,2.9,9.7,7.4,h,15.4,7.4,,,0,0,467.805,0.225,0.219,9,7.4,1.02,16,280,29.265,72.654,0.2,47.791,1.1,21,32,60,1
2026-10-07T06:00Z,2026-10-07T12:00Z,a4t:100t,6,6.05,15.7,3.4,10.6,7.6,h,15.7,7.6,,,0,0,210.684,0.74,0.061,9,7.4,1.02,19,280,26.068,91.308,0.445,122.798,1.1,21,32,60,1
2026-10-07T06:00Z,2026-10-07T18:00Z,a4t:100t,12,8.3,18.9,4.5,12.7,8.6,h,18.9,8.6,,,0,0,156.006,1.957,0.035,9,7.4,1.02,1,280,25.026,93.274,1.668,33.414,1.1,21,32,60,1
2026-10-07T06:00Z,2026-10-08T06:00Z,a4t:100t,24,8,15.3,6.7,15.4,10,h,15.3,10,,,0,0.001,924.393,3.492,0.049,9,7.4,1.02,13,281,30.059,67.445,2.765,13.113,1.1,21,32,60,1
2026-10-07T06:00Z,2026-10-09T06:00Z,a4t:100t,48,7.949999999999999,11.8,7.6,12.7,10,h,11.8,10,,,0,0.005,870.654,3.835,0.057,9,7.4,1.02,13,282,29.845,68.841,3.076,28.684,1.1,21,32,60,1
2026-10-07T06:00Z,2026-10-07T07:00Z,a4t:60t,1,5.9,12.1,6.7,14.2,10.5,h,12.1,10.5,,,0,0.002,1314.108,2.913,0,12,10.5,0.683,14,280,31.532,62.458,2.309,47.356,,,,,1
2026-10-07T06:00Z,2026-10-07T09:00Z,a4t:60t,3,6.2,12.3,6.9,14.6,10.5,h,12.3,10.5,,,0,0.001,709.683,1.492,0.694,12,10.5,0.683,16,280,30.319,67.598,1.065,71.73,,,,,1
2026-10-07T06:00Z,2026-10-07T12:00Z,a4t:60t,6,11.45,21.2,7.3,15.1,10.7,h,21.2,10.7,,,0,0.001,79.805,0.624,0.041,12,10.5,0.683,19,280,26.507,89.805,0.538,198.358,,,,,1
2026-10-07T06:00Z,2026-10-07T18:00Z,a4t:60t,12,25.3,42.8,9.8,18.5,12.5,h,42.8,12.5,,,0,0.002,61.05,0.719,0.029,12,10.5,0.683,1,280,24.514,95.276,0.367,352.84,,,,,1
2026-10-07T06:00Z,2026-10-08T06:00Z,a4t:60t,24,13.35,20.3,16.2,27.2,15.9,h,20.3,15.9,,,0,0.034,1270.257,1.696,0.114,12,10.5,0.683,13,281,31.419,63.052,1.289,14.743,,,,,1
2026-10-07T06:00Z,2026-10-09T06:00Z,a4t:60t,48,12.75,16.5,16.5,22.9,16.7,h,16.5,16.7,,,0,0.004,829.311,3.643,1.617,12,10.5,0.683,13,282,29.273,75.285,2.716,23.034,,,,,1
2026-10-07T06:00Z,2026-10-07T07:00Z,a4t:33t,1,5.65,11.2,5.3,10.9,14.3,h,11.2,14.3,,,0,0,1199.074,3.698,0,8,14.3,0.645,14,280,31.103,66.641,2.997,60.079,,,,,1
2026-10-07T06:00Z,2026-10-07T09:00Z,a4t:33t,3,6.199999999999999,11.9,5.6,11.5,14.2,h,11.9,14.2,,,0,0.001,605.574,1.129,1.823,8,14.3,0.645,16,280,29.083,73.997,0.812,118.916,,,,,1
2026-10-07T06:00Z,2026-10-07T12:00Z,a4t:33t,6,9.5,17.1,6.1,12.2,14.1,h,17.1,14.1,,,0,0,98.641,2.236,0.095,8,14.3,0.645,19,280,25.687,94.744,1.538,105.427,,,,,1
2026-10-07T06:00Z,2026-10-07T18:00Z,a4t:33t,12,21.299999999999997,35.1,8.1,15,14.8,h,35.1,14.8,,,0,0.001,83.021,3.459,0.085,8,14.3,0.645,1,280,24.365,94.415,1.67,23.029,,,,,1
2026-10-07T06:00Z,2026-10-08T06:00Z,a4t:33t,24,11.55,17.3,13.5,22.3,16.9,h,17.3,16.9,,,0,0.012,1140.612,2.127,0.088,8,14.3,0.645,13,281,30.561,68.691,1.813,345.229,,,,,1
2026-10-07T06:00Z,2026-10-09T06:00Z,a4t:33t,48,11.4,14.6,12.3,16.8,15.5,h,14.6,15.5,,,0,0.007,1225.833,4.121,0.268,8,14.3,0.645,13,282,30.841,67.138,3.311,16.688,,,,,1
2026-10-07T06:00Z,2026-10-07T07:00Z,a4t:34t,1,11.399999999999999,18.1,7.5,12.4,7,h,18.1,7,,,0,0.002,1223.429,3.368,0.018,23,7,0.458,14,280,31.324,65.035,2.713,57.062,,,,,1
2026-10-07T06:00Z,2026-10-07T09:00Z,a4t:34t,3,11.25,17.5,8,13.1,7,h,17.5,7,,,0,0.002,625.603,1.281,1.363,23,7,0.458,16,280,29.665,71.7,0.864,86.964,,,,,1
2026-10-07T06:00Z,2026-10-07T12:00Z,a4t:34t,6,10.350000000000001,15.7,8.4,13.7,7.2,h,15.7,7.2,,,0,0.001,93.665,0.619,0.063,23,7,0.458,19,280,26.214,91.401,0.708,123.33,,,,,1
2026-10-07T06:00Z,2026-10-07T18:00Z,a4t:34t,12,15.5,22.2,9,14.1,8.4,h,22.2,8.4,,,0,0.002,83.665,2.078,0.063,23,7,0.458,1,280,24.542,95.043,0.97,14.122,,,,,1
2026-10-07T06:00Z,2026-10-08T06:00Z,a4t:34t,24,21.299999999999997,28.1,17.8,25.1,12.8,h,28.1,12.8,,,0,0.035,1194.224,1.487,0.065,23,7,0.458,13,281,30.971,67.147,1.284,334.571,,,,,1
2026-10-07T06:00Z,2026-10-09T06:00Z,a4t:34t,48,25.85,30.6,20,24.9,15.9,h,30.6,15.9,,,0,0.005,905.753,3.821,1.351,23,7,0.458,13,282,29.517,74.934,2.976,15.993,,,,,1
2026-10-07T06:00Z,2026-10-07T07:00Z,a4t:o61,1,11.399999999999999,11.7,7.5,7.8,11,h,11.7,11,,,0,0.001,1162.55,3.579,0.094,8,11,0.029,14,280,31.06,67.093,2.91,59.982,,,,,1
2026-10-07T06:00Z,2026-10-07T09:00Z,a4t:o61,3,11.25,11.6,8,8.2,10.9,h,11.6,10.9,,,0,0.001,645.461,1.134,1.717,8,11,0.029,16,280,29.248,73.405,0.75,101.58,,,,,1
2026-10-07T06:00Z,2026-10-07T12:00Z,a4t:o61,6,10.350000000000001,10.6,8.4,8.7,10.8,h,10.6,10.8,,,0,0.001,100.776,1.531,0.081,8,11,0.029,19,280,25.982,93.197,1.128,103.54,,,,,1
2026-10-07T06:00Z,2026-10-07T18:00Z,a4t:o61,12,15.5,15.9,9,9.3,10.7,h,15.9,10.7,,,0,0.001,90.776,3.3,0.081,8,11,0.029,1,280,24.448,94.276,1.527,16.683,,,,,1
2026-10-07T06:00Z,2026-10-08T06:00Z,a4t:o61,24,21.299999999999997,21.7,17.8,18.2,13.3,h,21.7,13.3,,,0,0.019,1137.451,1.823,0.089,8,11,0.029,13,281,30.612,69.079,1.569,339.445,,,,,1
2026-10-07T06:00Z,2026-10-09T06:00Z,a4t:o61,48,25.85,26.1,20,20.3,15.7,h,26.1,15.7,,,0,0.006,1162.438,4.023,0.5,8,11,0.029,13,282,30.631,68.669,3.222,16.861,,,,,1
2026-10-07T06:00Z,2026-10-07T07:00Z,a4t:117t,1,7.35,6.9,9.2,8.7,8.3,h,6.9,8.3,,,0,0.021,1138.24,4.467,0.261,9,8.3,-0.057,14,280,30.266,65.211,3.47,58.327,2.5,111,32.8,58,1
2026-10-07T06:00Z,2026-10-07T09:00Z,a4t:117t,3,7.6,7.2,9.6,9,8.3,h,7.2,8.3,,,0,0.01,1048.612,3.935,0.062,9,8.3,-0.057,16,280,30.166,65.709,2.955,55.695,2.5,111,32.8,58,1
2026-10-07T06:00Z,2026-10-07T12:00Z,a4t:117t,6,11.6,11,10.1,9.5,8.3,h,11,8.3,,,0,0.005,149.954,3.841,0.033,9,8.3,-0.057,19,280,26.79,86.281,2.192,348.257,2.5,111,32.8,58,1
2026-10-07T06:00Z,2026-10-07T18:00Z,a4t:117t,12,10.399999999999999,9.9,10.2,9.6,8.4,h,9.9,8.4,,,0,0.005,113.061,3.86,0,9,8.3,-0.057,1,280,24.816,96.078,1.76,344.35,2.5,111,32.8,58,1
2026-10-07T06:00Z,2026-10-08T06:00Z,a4t:117t,24,9.1,8.8,10.1,9.7,8.7,h,8.8,8.7,,,0,0.001,1176.205,2.519,0,9,8.3,-0.057,13,281,31.379,63.165,2.042,39.005,2.5,111,32.8,58,1
2026-10-07T06:00Z,2026-10-09T06:00Z,a4t:117t,48,9.95,9.7,12,11.7,10,h,9.7,10,,,0,0,1261.152,2.293,0.047,9,8.3,-0.057,13,282,31.339,66.987,1.93,42.795,2.5,111,32.8,58,1
2026-10-07T06:00Z,2026-10-07T07:00Z,a4t:108t,1,9.350000000000001,10.8,5.6,6.6,10.8,h,10.8,10.8,,,0,0,1182.18,4.93,0,8,10.8,0.142,14,280,29.224,59.186,3.82,60.865,,,,,1
2026-10-07T06:00Z,2026-10-07T09:00Z,a4t:108t,3,9.45,10.9,5.8,6.8,10.8,h,10.9,10.8,,,0,0.001,1131.228,5.1,0,8,10.8,0.142,16,280,28.767,61.295,3.806,56.087,,,,,1
2026-10-07T06:00Z,2026-10-07T12:00Z,a4t:108t,6,10,11.4,6.1,7.2,10.9,h,11.4,10.9,,,0,0.001,149.509,4.578,0,8,10.8,0.142,19,280,25.728,74.712,1.877,45.718,,,,,1
2026-10-07T06:00Z,2026-10-07T18:00Z,a4t:108t,12,9.4,10.6,8.3,9.6,10.7,h,10.6,10.7,,,0,0.001,60.855,2.948,0,8,10.8,0.142,1,280,23.584,79.088,1.053,39.92,,,,,1
2026-10-07T06:00Z,2026-10-08T06:00Z,a4t:108t,24,14.3,15.6,9.7,10.9,10.8,h,15.6,10.8,,,0,0.001,1096.834,4.033,0.152,8,10.8,0.142,13,281,29.868,59.784,3.162,60.022,,,,,1
2026-10-07T06:00Z,2026-10-09T06:00Z,a4t:108t,48,17.05,18,14.4,15.5,13.1,h,18,13.1,,,0,0.002,1176.165,2.857,0.158,8,10.8,0.142,13,282,30.051,63.298,2.297,56.82,,,,,1
2026-10-07T06:00Z,2026-10-07T07:00Z,a4t:118t,1,4.25,7,7,11.6,13.4,h,7,13.4,,,0,0,534.241,2.157,1.021,15,13.4,0.451,14,280,27.168,86.635,1.62,57.103,1.2,71,31,72,1
2026-10-07T06:00Z,2026-10-07T09:00Z,a4t:118t,3,3.2,5.3,6.6,10.9,13.4,h,5.3,13.4,,,0,0,250.346,0.922,2.331,15,13.4,0.451,16,280,26.35,90.232,0.881,300.528,1.2,71,31,72,1
2026-10-07T06:00Z,2026-10-07T12:00Z,a4t:118t,6,3.95,6.3,5.9,9.7,13.3,h,6.3,13.3,,,0,0,124.378,1.542,0.201,15,13.4,0.451,19,280,25.088,95.708,1.027,352.597,1.2,71,31,72,1
2026-10-07T06:00Z,2026-10-07T18:00Z,a4t:118t,12,4.75,7.1,5,8.1,12.7,h,7.1,12.7,,,0,0,118.023,1.851,0.028,15,13.4,0.451,1,280,24.15,96.372,1.107,0.321,1.2,71,31,72,1
2026-10-07T06:00Z,2026-10-08T06:00Z,a4t:118t,24,5.75,7.8,4.3,6.4,11.2,h,7.8,11.2,,,0,0,803.987,2.445,0.223,15,13.4,0.451,13,281,28.589,76.074,2.025,34.994,1.2,71,31,72,1
2026-10-07T06:00Z,2026-10-09T06:00Z,a4t:118t,48,12.7,15.1,8.8,11,12.2,h,15.1,12.2,,,0,0.001,1001.139,3.432,0.06,15,13.4,0.451,13,282,29.361,72.237,2.735,28.79,1.2,71,31,72,1
2026-10-07T06:00Z,2026-10-07T07:00Z,a4t:93t,1,8.600000000000001,22.1,6.5,18,14.9,h,22.1,14.9,,,0,0,325.144,3.196,2.642,18,14.9,0.933,14,280,26.743,89.421,2.516,248.941,,,,,1
2026-10-07T06:00Z,2026-10-07T09:00Z,a4t:93t,3,7.15,17.9,6.8,18.7,15,h,17.9,15,,,0,0,390.681,2.82,0.692,18,14.9,0.933,16,280,26.83,89.454,2.162,282.146,,,,,1
2026-10-07T06:00Z,2026-10-07T12:00Z,a4t:93t,6,7.25,17.2,7.2,19.2,15.2,h,17.2,15.2,,,0,0,203.904,2.607,0.049,18,14.9,0.933,19,280,26.202,91.679,1.377,287.316,,,,,1
2026-10-07T06:00Z,2026-10-07T18:00Z,a4t:93t,12,8,17.1,7.1,17.9,15.5,h,17.1,15.5,,,0,0,154.735,1.439,0,18,14.9,0.933,1,280,25.185,92.981,0.667,313.402,,,,,1
2026-10-07T06:00Z,2026-10-08T06:00Z,a4t:93t,24,4.4,8.3,6.5,14.3,14.7,h,8.3,14.7,,,0,0,700.656,3.258,3.042,18,14.9,0.933,13,281,28.058,80.85,2.518,260.289,,,,,1
2026-10-07T06:00Z,2026-10-09T06:00Z,a4t:93t,48,3.25,4.9,4,6.7,10.8,h,4.9,10.8,,,0,0,738.08,2.12,0.631,18,14.9,0.933,13,282,29.306,74.945,1.705,308.147,,,,,1
2026-10-07T06:00Z,2026-10-07T07:00Z,a4t:87t,1,3.35,24.1,2.7,22.5,14.9,h,24.1,14.9,,,0,0,491.704,1.236,0.934,17,14.9,1.867,14,280,28.268,79.751,0.854,2.298,,,,,1
2026-10-07T06:00Z,2026-10-07T09:00Z,a4t:87t,3,4.3,27.5,2.8,22.9,15,h,27.5,15,,,0,0,363.118,1.16,0.527,17,14.9,1.867,16,280,27.37,82.897,0.782,19.857,,,,,1
2026-10-07T06:00Z,2026-10-07T12:00Z,a4t:87t,6,4.05,23.5,3,23,15.2,h,23.5,15.2,,,0,0,188.518,1.243,0.023,17,14.9,1.867,19,280,25.807,91.631,1.056,16.723,,,,,1
2026-10-07T06:00Z,2026-10-07T18:00Z,a4t:87t,12,3.6,17.6,2.9,20.2,16,h,17.6,16,,,0,0,167.704,2.339,0.036,17,14.9,1.867,1,280,24.372,94.194,2.015,36.097,,,,,1
2026-10-07T06:00Z,2026-10-08T06:00Z,a4t:87t,24,6.9,22.4,4.1,19.8,16.5,h,22.4,16.5,,,0,0,699.058,1.854,0.481,17,14.9,1.867,13,281,28.675,74.263,1.514,351.756,,,,,1
2026-10-07T06:00Z,2026-10-09T06:00Z,a4t:87t,48,5.65,11.9,6.3,16.4,15.7,h,11.9,15.7,,,0,0.003,714.885,2.698,0.206,17,14.9,1.867,13,282,29.411,70.589,2.177,31.263,,,,,1
2026-10-07T06:00Z,2026-10-07T07:00Z,a4t:105t,1,5.55,11.9,5.8,12.9,9.3,h,11.9,9.3,,,0,0.004,1330.469,3.128,0.02,12,9.3,0.72,14,280,31.531,59.973,2.429,51.507,1.7,207,29.1,57,1
2026-10-07T06:00Z,2026-10-07T09:00Z,a4t:105t,3,6.25,12.9,6.1,13.4,9.3,h,12.9,9.3,,,0,0.002,837.435,2.839,0.076,12,9.3,0.72,16,280,30.911,63.687,2.166,56.935,1.7,207,29.1,57,1
2026-10-07T06:00Z,2026-10-07T12:00Z,a4t:105t,6,10.25,19.7,6.5,14.1,9.4,h,19.7,9.4,,,0,0.001,112.001,0.929,0,12,9.3,0.72,19,280,27.321,83.3,0.631,298.99,1.7,207,29.1,57,1
2026-10-07T06:00Z,2026-10-07T18:00Z,a4t:105t,12,11.65,20.7,7.5,15.1,10.5,h,20.7,10.5,,,0,0.015,62.497,0.583,0,12,9.3,0.72,1,280,24.835,94.379,0.229,232.393,1.7,207,29.1,57,1
2026-10-07T06:00Z,2026-10-08T06:00Z,a4t:105t,24,13.4,20.9,10.9,19.2,12.5,h,20.9,12.5,,,0,0.032,1287.068,1.436,0.094,12,9.3,0.72,13,281,31.682,60.874,1.066,43.042,1.7,207,29.1,57,1
2026-10-07T06:00Z,2026-10-09T06:00Z,a4t:105t,48,13.649999999999999,17.9,12.9,18.2,13.7,h,17.9,13.7,,,0,0.002,587.424,3.183,2.345,12,9.3,0.72,13,282,28.346,79.898,2.281,29.89,1.7,207,29.1,57,1
2026-10-07T06:00Z,2026-10-07T07:00Z,a4t:81t,1,12.95,16.4,16.8,21.6,12.9,h,16.4,12.9,,,0,0.068,1244.074,2.429,0.284,11,12.9,0.238,14,280,31.257,65.315,2.007,40.914,,,,,1
2026-10-07T06:00Z,2026-10-07T09:00Z,a4t:81t,3,14.35,18,17,21.7,13,h,18,13,,,0,0.104,1242.277,1.397,0.041,11,12.9,0.238,16,280,31.167,64.836,1.1,26.883,,,,,1
2026-10-07T06:00Z,2026-10-07T12:00Z,a4t:81t,6,20.35,25.1,16.9,21.6,13.2,h,25.1,13.2,,,0,0.038,113.202,2.218,0.001,11,12.9,0.238,19,280,26.585,93.72,1.354,191.114,,,,,1
2026-10-07T06:00Z,2026-10-07T18:00Z,a4t:81t,12,25.4,30.5,17.8,22.3,14.8,h,30.5,14.8,,,0,0.013,103.202,2.803,0.001,11,12.9,0.238,1,280,24.733,95.554,1.021,297.755,,,,,1
2026-10-07T06:00Z,2026-10-08T06:00Z,a4t:81t,24,16.05,18.6,20.2,24.3,16.6,h,18.6,16.6,,,0,0.016,1215.636,2.787,0.095,11,12.9,0.238,13,281,31.779,60.366,2.182,41.442,,,,,1
2026-10-07T06:00Z,2026-10-09T06:00Z,a4t:81t,48,19.45,21.2,21.4,23.9,18.4,h,21.2,18.4,,,0,0.001,1314.183,3.763,0.211,11,12.9,0.238,13,282,32.023,58.473,2.915,32.981,,,,,1
2026-10-07T06:00Z,2026-10-07T07:00Z,a4t:88t,1,11.1,11.2,12,12.1,12.8,h,11.2,12.8,,,0,0,1084.142,3.442,0.092,13,12.8,0.011,14,280,28.748,55.984,2.497,26.545,,,,,1
2026-10-07T06:00Z,2026-10-07T09:00Z,a4t:88t,3,11.850000000000001,12,12.2,12.4,12.9,h,12,12.9,,,0,0,801.267,5.108,0.092,13,12.8,0.011,16,280,27.304,62.427,3.455,48.657,,,,,1
2026-10-07T06:00Z,2026-10-07T12:00Z,a4t:88t,6,17.4,17.6,12.8,13,13,h,17.6,13,,,0,0.001,362.38,4.974,0,13,12.8,0.011,19,280,23.639,71.138,2.425,46.723,,,,,1
2026-10-07T06:00Z,2026-10-07T18:00Z,a4t:88t,12,22.6,22.8,15.8,16,13.7,h,22.8,13.7,,,0,0.004,151.455,3.355,0,13,12.8,0.011,1,280,21.052,78.72,1.499,28.695,,,,,1
2026-10-07T06:00Z,2026-10-08T06:00Z,a4t:88t,24,15.05,15.2,19.1,19.3,14.9,h,15.2,14.9,,,0,0.004,1182.873,2.88,0.046,13,12.8,0.011,13,281,29.167,56.914,2.164,22.533,,,,,1
2026-10-07T06:00Z,2026-10-09T06:00Z,a4t:88t,48,11.8,11.8,21.7,21.8,17.3,h,11.8,17.3,,,0,0.002,752.919,4.997,0.275,13,12.8,0.011,13,282,26.04,75.045,3.396,7.837,,,,,1
2026-10-07T06:00Z,2026-10-07T07:00Z,a4t:47t,1,8.95,15.7,7.1,13,15.1,h,15.7,15.1,,,0,0,1066.857,5.838,0.136,13,15.1,0.549,14,280,29.516,62.05,4.35,63.895,,,,,1
2026-10-07T06:00Z,2026-10-07T09:00Z,a4t:47t,3,8.75,15,7.4,13.5,15.1,h,15,15.1,,,0,0,1003.158,5.687,0.17,13,15.1,0.549,16,280,29.272,63.032,4.08,55.796,,,,,1
2026-10-07T06:00Z,2026-10-07T12:00Z,a4t:47t,6,11.55,19,7.9,14.1,15.2,h,19,15.2,,,0,0.001,275.906,5.557,0,13,15.1,0.549,19,280,26.359,76.032,2.374,52.969,,,,,1
2026-10-07T06:00Z,2026-10-07T18:00Z,a4t:47t,12,15.3,23.6,9.7,16.5,15.6,h,23.6,15.6,,,0,0.002,54.577,2.902,0,13,15.1,0.549,1,280,24.012,87.098,0.896,37.911,,,,,1
2026-10-07T06:00Z,2026-10-08T06:00Z,a4t:47t,24,11.2,15.8,12.9,19.9,16.6,h,15.8,16.6,,,0,0.003,1078.025,3.753,0.197,13,15.1,0.549,13,281,29.917,60.475,2.978,50.674,,,,,1
2026-10-07T06:00Z,2026-10-09T06:00Z,a4t:47t,48,15.45,19,14.7,19.1,17.1,h,19,17.1,,,0,0.004,1242.56,2.953,0,13,15.1,0.549,13,282,30.154,66.968,2.389,35.915,,,,,1
2026-10-07T06:00Z,2026-10-07T07:00Z,a4t:89t,1,6.15,18.1,6.1,19,18.3,h,18.1,18.3,,,0,0,393.506,0.192,3.244,19,18.3,1.045,14,280,27.507,86.78,0.299,16.379,,,,,1
2026-10-07T06:00Z,2026-10-07T09:00Z,a4t:89t,3,5.9,16.7,6.1,18.8,18.4,h,16.7,18.4,,,0,0,245.941,3.001,7.122,19,18.3,1.045,16,280,26.217,94.272,2.115,296.514,,,,,1
2026-10-07T06:00Z,2026-10-07T12:00Z,a4t:89t,6,5.85,15.6,6.1,18.5,18.4,h,15.6,18.4,,,0,0,155.076,2.94,0.043,19,18.3,1.045,19,280,25.968,95.843,1.381,275.353,,,,,1
2026-10-07T06:00Z,2026-10-07T18:00Z,a4t:89t,12,6.699999999999999,15.8,6.1,17.5,18.2,h,15.8,18.2,,,0,0,96.505,2.866,0,19,18.3,1.045,1,280,24.549,98.173,1.25,299.165,,,,,1
2026-10-07T06:00Z,2026-10-08T06:00Z,a4t:89t,24,3.75,7.7,5.8,14,16.9,h,7.7,16.9,,,0,0,1088.779,2.568,0.308,19,18.3,1.045,13,281,30.83,71.653,2.041,303.694,,,,,1
2026-10-07T06:00Z,2026-10-09T06:00Z,a4t:89t,48,4.3,6.7,4.3,7.4,12.9,h,6.7,12.9,,,0,0,1153.026,3.374,0.004,19,18.3,1.045,13,282,31.268,67.347,2.648,350.533,,,,,1
2026-10-07T06:00Z,2026-10-07T07:00Z,a4t:13t,1,17.35,12.9,22.2,16.3,10.8,h,12.9,10.8,,,0,0.029,1278.175,2.581,0.13,13,10.8,-0.297,14,280,31.499,63.448,2.076,43.75,,,,,1
2026-10-07T06:00Z,2026-10-07T09:00Z,a4t:13t,3,17.6,13.2,22.4,16.4,10.8,h,13.2,10.8,,,0,0.021,931.137,1.581,0.216,13,10.8,-0.297,16,280,30.941,66.038,1.183,46.556,,,,,1
2026-10-07T06:00Z,2026-10-07T12:00Z,a4t:13t,6,32.45,25,22.5,16.6,11,h,25,11,,,0,0.009,97.754,1.795,0.008,13,10.8,-0.297,19,280,26.731,90.194,1.172,226.703,,,,,1
2026-10-07T06:00Z,2026-10-07T18:00Z,a4t:13t,12,48.95,39,28.2,21.5,13,h,39,13,,,0,0.022,87.754,1.731,0.008,13,10.8,-0.297,1,280,24.741,96.088,0.561,284.145,,,,,1
2026-10-07T06:00Z,2026-10-08T06:00Z,a4t:13t,24,20.7,17.3,31.4,24.9,15.3,h,17.3,15.3,,,0,0.061,1266.513,1.508,0.055,13,10.8,-0.297,13,281,31.785,61.642,1.154,29.128,,,,,1
2026-10-07T06:00Z,2026-10-09T06:00Z,a4t:13t,48,24.65,22.1,32.5,28.2,19.5,h,22.1,19.5,,,0,0.002,827.425,3.52,1.692,13,10.8,-0.297,13,282,29.606,73.256,2.622,24.989,,,,,1
2026-10-07T06:00Z,2026-10-07T07:00Z,a4t:22t,1,17.35,18.3,22.2,23.5,14,h,18.3,14,,,0,0.031,1299.211,2.57,0.098,19,14,0.051,14,280,31.578,62.867,2.067,43.055,,,,,1
2026-10-07T06:00Z,2026-10-07T09:00Z,a4t:22t,3,17.6,18.5,22.4,23.6,14.1,h,18.5,14.1,,,0,0.021,938.654,1.613,0.157,19,14,0.051,16,280,31.031,65.687,1.215,45.626,,,,,1
2026-10-07T06:00Z,2026-10-07T12:00Z,a4t:22t,6,32.45,33.9,22.5,23.7,14.3,h,33.9,14.3,,,0,0.009,96.201,1.886,0.005,19,14,0.051,19,280,26.749,90.131,1.229,226.902,,,,,1
2026-10-07T06:00Z,2026-10-07T18:00Z,a4t:22t,12,48.95,50.9,28.2,29.5,17.3,h,50.9,17.3,,,0,0.028,86.201,1.767,0.005,19,14,0.051,1,280,24.763,96.259,0.619,276.303,,,,,1
2026-10-07T06:00Z,2026-10-08T06:00Z,a4t:22t,24,20.7,21.4,31.4,32.7,20,h,21.4,20,,,0,0.058,1277.298,1.484,0.051,19,14,0.051,13,281,31.865,61.094,1.128,30.575,,,,,1
2026-10-07T06:00Z,2026-10-09T06:00Z,a4t:22t,48,24.65,25.1,32.5,33.3,23.6,h,25.1,23.6,,,0,0.002,796.315,3.483,1.813,19,14,0.051,13,282,29.466,73.963,2.576,24.987,,,,,1
2026-10-07T06:00Z,2026-10-07T07:00Z,a4t:62t,1,11.100000000000001,18.5,16.5,28,20.9,h,18.5,20.9,,,0,0,439.757,2.967,0.859,23,20.9,0.508,14,280,28.363,83.894,2.63,335.496,,,,,1
2026-10-07T06:00Z,2026-10-07T09:00Z,a4t:62t,3,11.1,18.1,15.5,26.3,21,h,18.1,21,,,0,0.002,310.455,1.643,2.432,23,20.9,0.508,16,280,26.494,89.377,1.637,246.585,,,,,1
2026-10-07T06:00Z,2026-10-07T12:00Z,a4t:62t,6,12.5,19.7,14.4,24.2,21.1,h,19.7,21.1,,,0,0.003,200.169,1.247,0.365,23,20.9,0.508,19,280,25.976,89.469,1.059,279.993,,,,,1
2026-10-07T06:00Z,2026-10-07T18:00Z,a4t:62t,12,16.049999999999997,23.9,13.8,22.7,21.2,h,23.9,21.2,,,0,0,168.645,1.156,0.221,23,20.9,0.508,1,280,25.138,92.593,0.856,308.54,,,,,1
2026-10-07T06:00Z,2026-10-08T06:00Z,a4t:62t,24,21.35,29,16.3,24,21.9,h,29,21.9,,,0,0,487.271,1.407,0.148,23,20.9,0.508,13,281,28.734,77.071,1.337,303.573,,,,,1
2026-10-07T06:00Z,2026-10-09T06:00Z,a4t:62t,48,14.65,17.7,20.1,25.7,23.3,h,17.7,23.3,,,0,0,816.046,2.515,0.086,23,20.9,0.508,13,282,29.964,72.259,2.292,314.868,,,,,1
2026-10-07T06:00Z,2026-10-07T07:00Z,a4t:106t,1,4.3,3.1,6.7,4.9,4.3,h,3.1,4.3,,,0,0,1110.875,1.292,0,5,4.3,-0.271,14,280,27.104,58.201,1.025,89.011,1.7,104,32.8,45,1
2026-10-07T06:00Z,2026-10-07T09:00Z,a4t:106t,3,4.05,3,6.4,4.7,4.3,h,3,4.3,,,0,0.001,585.39,1.207,0.382,5,4.3,-0.271,16,280,26.257,61.965,0.947,55.909,1.7,104,32.8,45,1
2026-10-07T06:00Z,2026-10-07T12:00Z,a4t:106t,6,6.949999999999999,5.3,6.2,4.5,4.3,h,5.3,4.3,,,0,0.002,89.955,2.575,0,5,4.3,-0.271,19,280,23.032,79.479,1.048,64.813,1.7,104,32.8,45,1
2026-10-07T06:00Z,2026-10-07T18:00Z,a4t:106t,12,11.75,9.4,6.9,5.2,4.6,h,9.4,4.6,,,0,0.004,65.583,1.783,0,5,4.3,-0.271,1,280,19.92,78.488,0.872,55.756,1.7,104,32.8,45,1
2026-10-07T06:00Z,2026-10-08T06:00Z,a4t:106t,24,14.899999999999999,12.6,10.1,8.1,5.3,h,12.6,5.3,,,0,0.004,1368.992,0.544,0,5,4.3,-0.271,13,281,28.024,54.106,0.418,88.907,1.7,104,32.8,45,1
2026-10-07T06:00Z,2026-10-09T06:00Z,a4t:106t,48,18.9,17.1,18.6,16.3,8.5,h,17.1,8.5,,,0,0.002,868.842,0.794,0.216,5,4.3,-0.271,13,282,27.923,60.599,0.696,134.785,1.7,104,32.8,45,1
2026-10-07T06:00Z,2026-10-07T07:00Z,a4t:101t,1,8.2,12.4,6.4,10.1,10.9,h,12.4,10.9,,,0,0,1002.129,5.299,0.274,13,10.9,0.404,14,280,29.875,62.45,4.026,53.527,3,38,29.9,62,1
2026-10-07T06:00Z,2026-10-07T09:00Z,a4t:101t,3,7.300000000000001,10.9,6.8,10.6,10.9,h,10.9,10.9,,,0,0,1037.715,5.737,0.087,13,10.9,0.404,16,280,29.385,65.972,3.832,45.553,3,38,29.9,62,1
2026-10-07T06:00Z,2026-10-07T12:00Z,a4t:101t,6,8.45,12.3,7.1,11,11,h,12.3,11,,,0,0.001,192.34,5.059,0,13,10.9,0.404,19,280,26.35,78.611,2.102,43.483,3,38,29.9,62,1
2026-10-07T06:00Z,2026-10-07T18:00Z,a4t:101t,12,10.05,13.9,8.1,12.1,11.3,h,13.9,11.3,,,0,0.003,141.198,4.503,0,13,10.9,0.404,1,280,24.036,87.967,1.833,49.685,3,38,29.9,62,1
2026-10-07T06:00Z,2026-10-08T06:00Z,a4t:101t,24,8.05,10.4,9.6,13.3,11.7,h,10.4,11.7,,,0,0.01,1077.24,5.03,0.085,13,10.9,0.404,13,281,29.617,63.062,3.872,38.744,3,38,29.9,62,1
2026-10-07T06:00Z,2026-10-09T06:00Z,a4t:101t,48,10.9,12.7,9.9,12,11.5,h,12.7,11.5,,,0,0.014,1109.691,3.558,0.011,13,10.9,0.404,13,282,29.228,71.022,2.875,26.678,3,38,29.9,62,1
2026-10-07T06:00Z,2026-10-07T07:00Z,a4t:20t,1,6.9,14.3,10.5,22.2,18.4,h,14.3,18.4,,,0,0.021,1326.319,2.644,0.043,21,18.4,0.706,14,280,31.671,61.76,2.109,43.722,,,,,1
2026-10-07T06:00Z,2026-10-07T09:00Z,a4t:20t,3,6.65,13.4,10.7,22.5,18.4,h,13.4,18.4,,,0,0.013,912.349,1.842,0.061,21,18.4,0.706,16,280,31.121,65.135,1.403,46.868,,,,,1
2026-10-07T06:00Z,2026-10-07T12:00Z,a4t:20t,6,16.35,30.5,11.1,23,18.5,h,30.5,18.5,,,0,0.009,97.476,1.894,0,21,18.4,0.706,19,280,26.856,88.954,1.235,236.989,,,,,1
2026-10-07T06:00Z,2026-10-07T18:00Z,a4t:20t,12,55.55,94.8,17.9,33.5,21.7,h,94.8,21.7,,,0,0.051,82.592,1.727,0,21,18.4,0.706,1,280,24.816,96.394,0.683,263.281,,,,,1
2026-10-07T06:00Z,2026-10-08T06:00Z,a4t:20t,24,16,24.6,27.3,46.6,27.4,h,24.6,27.4,,,0,0.052,1293.616,1.337,0.038,21,18.4,0.706,13,281,31.959,60.517,1.003,32.497,,,,,1
2026-10-07T06:00Z,2026-10-09T06:00Z,a4t:20t,48,18.6,24.1,28,38.7,28.6,h,24.1,28.6,,,0,0.002,685.604,3.364,2.157,21,18.4,0.706,13,282,28.957,76.913,2.451,24.657,,,,,1
2026-10-07T06:00Z,2026-10-07T07:00Z,a4t:103t,1,9.65,22.8,9,22.5,10.3,h,22.8,10.3,,,0,0.001,669.047,3.152,1.038,18,10.3,0.856,14,280,28.799,78.886,2.809,36.535,2.9,297,27.7,79,1
2026-10-07T06:00Z,2026-10-07T09:00Z,a4t:103t,3,12.7,28.6,9.2,22.7,10.4,h,28.6,10.4,,,0,0.001,720.298,3.327,0.114,18,10.3,0.856,16,280,29.375,72.079,3.025,32.096,2.9,297,27.7,79,1
2026-10-07T06:00Z,2026-10-07T12:00Z,a4t:103t,6,16.7,35.5,9.7,23.5,10.8,h,35.5,10.8,,,0,0.001,267.669,2.801,0.191,18,10.3,0.856,19,280,27.666,82.052,1.881,280.997,2.9,297,27.7,79,1
2026-10-07T06:00Z,2026-10-07T18:00Z,a4t:103t,12,12.4,24.4,10.3,23.2,12.7,h,24.4,12.7,,,0,0,190.195,3.942,0.322,18,10.3,0.856,1,280,25.329,91.245,2.397,333.87,2.9,297,27.7,79,1
2026-10-07T06:00Z,2026-10-08T06:00Z,a4t:103t,24,15.7,26.5,12.7,25.2,15.1,h,26.5,15.1,,,0,0.009,893.158,2.955,0.116,18,10.3,0.856,13,281,29.478,74.354,2.662,31.552,2.9,297,27.7,79,1
2026-10-07T06:00Z,2026-10-09T06:00Z,a4t:103t,48,17.1,23.5,18.7,28.4,19.3,h,23.5,19.3,,,0,0.004,829.462,4.449,0.12,18,10.3,0.856,13,282,30.138,71.505,3.861,29.221,2.9,297,27.7,79,1
2026-10-07T06:00Z,2026-10-07T07:00Z,a4t:77t,1,5.699999999999999,11.2,4.5,9.3,13.3,h,11.2,13.3,,,0,0.001,1438.439,2.653,0,4,13.3,0.637,14,280,31.94,58.244,2.107,36.656,,,,,1
2026-10-07T06:00Z,2026-10-07T09:00Z,a4t:77t,3,6.25,11.9,4.8,9.8,13.3,h,11.9,13.3,,,0,0.001,980.868,2.154,0.123,4,13.3,0.637,16,280,31.186,61.622,1.628,54.731,,,,,1
2026-10-07T06:00Z,2026-10-07T12:00Z,a4t:77t,6,9.8,17.5,5.3,10.7,13.3,h,17.5,13.3,,,0,0,54.556,0.558,0.008,4,13.3,0.637,19,280,27.261,87.054,0.3,209.456,,,,,1
2026-10-07T06:00Z,2026-10-07T18:00Z,a4t:77t,12,14.95,24.7,7.3,13.5,13.9,h,24.7,13.9,,,0,0.002,36.217,0.739,0.003,4,13.3,0.637,1,280,24.575,94.189,0.086,246.161,,,,,1
2026-10-07T06:00Z,2026-10-08T06:00Z,a4t:77t,24,12.149999999999999,18.1,12,19.7,15.4,h,18.1,15.4,,,0,0.016,1328.628,2.481,0.274,4,13.3,0.637,13,281,31.853,58.428,1.808,43.494,,,,,1
2026-10-07T06:00Z,2026-10-09T06:00Z,a4t:77t,48,11.2,14.3,12.6,17.1,15.2,h,14.3,15.2,,,0,0.003,957.333,3.463,1.502,4,13.3,0.637,13,282,29.84,70.843,2.487,36.179,,,,,1
2026-10-07T06:00Z,2026-10-07T07:00Z,a4t:121t,1,28.15,74.7,11.9,34.2,20.7,h,74.7,20.7,,,0,0.099,376.1,3.471,0.502,23,20.6,1.015,14,280,27.339,85.29,3.203,316.231,1.8,273,30.8,71,1
2026-10-07T06:00Z,2026-10-07T09:00Z,a4t:121t,3,33,83.9,14.4,40.4,21.2,h,83.9,21.2,,,0,0.032,356.568,2.81,1.843,23,20.6,1.015,16,280,26.696,84.029,2.699,249.006,1.8,273,30.8,71,1
2026-10-07T06:00Z,2026-10-07T12:00Z,a4t:121t,6,24.2,58.5,17,46.4,22.5,h,58.5,22.5,,,0,0.015,290.101,1.421,0.042,23,20.6,1.015,19,280,27.109,83.578,1.48,224.816,1.8,273,30.8,71,1
2026-10-07T06:00Z,2026-10-07T18:00Z,a4t:121t,12,13.6,30.2,17.3,45.2,25,h,30.2,25,,,0,0.001,325.051,0.269,0.512,23,20.6,1.015,1,280,26.703,83.525,0.507,84.756,1.8,273,30.8,71,1
2026-10-07T06:00Z,2026-10-08T06:00Z,a4t:121t,24,19.700000000000003,36.4,19.5,43.9,28.1,h,36.4,28.1,,,0,0.008,359.275,3.528,0.072,23,20.6,1.015,13,281,27.676,82.303,3.331,315.335,1.8,273,30.8,71,1
2026-10-07T06:00Z,2026-10-09T06:00Z,a4t:121t,48,5.55,8.4,12.3,20.6,20.6,h,8.4,20.6,,,0,0,444.837,4.162,0.063,23,20.6,1.015,13,282,28.206,79.427,3.971,304.57,1.8,273,30.8,71,1
2026-10-07T06:00Z,2026-10-07T07:00Z,a4t:21t,1,9.149999999999999,7.9,13.2,11.3,15,h,7.9,15,,,0,0.08,1280.057,3.519,0.079,8,15,-0.142,14,280,31.246,61.563,2.75,54.894,,,,,1
2026-10-07T06:00Z,2026-10-07T09:00Z,a4t:21t,3,9.05,7.8,13.4,11.5,15,h,7.8,15,,,0,0.116,980.608,2.756,0.067,8,15,-0.142,16,280,30.82,64.487,2.067,49.879,,,,,1
2026-10-07T06:00Z,2026-10-07T12:00Z,a4t:21t,6,16.9,14.9,13.8,11.9,15.1,h,14.9,15.1,,,0,0.131,144.652,0.746,0,8,15,-0.142,19,280,27.097,86.106,0.524,318.717,,,,,1
2026-10-07T06:00Z,2026-10-07T18:00Z,a4t:21t,12,32.2,28.9,16.6,14.6,15.2,h,28.9,15.2,,,0,0.484,90.085,1.255,0,8,15,-0.142,1,280,24.939,94.666,0.48,309.43,,,,,1
2026-10-07T06:00Z,2026-10-08T06:00Z,a4t:21t,24,14.8,13.6,18.3,16.4,15.4,h,13.6,15.4,,,0,0.016,1215.138,2.03,0.028,8,15,-0.142,13,281,31.619,61.226,1.577,42.027,,,,,1
2026-10-07T06:00Z,2026-10-09T06:00Z,a4t:21t,48,17.9,17,17.6,16.4,15.7,h,17,15.7,,,0,0.001,873.322,3.168,1.37,8,15,-0.142,13,282,29.856,72.041,2.384,31.643,,,,,1
2026-10-07T06:00Z,2026-10-07T07:00Z,a4t:70t,1,7.05,10.1,6.3,9.4,9.3,h,10.1,9.3,,,0,0.001,919.034,2.494,0.2,9,9.3,0.347,14,280,28.003,65.764,1.901,18.183,,,,,1
2026-10-07T06:00Z,2026-10-07T09:00Z,a4t:70t,3,7,9.9,6.6,9.7,9.3,h,9.9,9.3,,,0,0.001,983.012,2.222,0.023,9,9.3,0.347,16,280,28.206,63.329,1.629,44.249,,,,,1
2026-10-07T06:00Z,2026-10-07T12:00Z,a4t:70t,6,8.1,11.2,7.1,10.4,9.4,h,11.2,9.4,,,0,0.001,25.722,0.792,0,9,9.3,0.347,19,280,24.929,82.418,0.252,8.078,,,,,1
2026-10-07T06:00Z,2026-10-07T18:00Z,a4t:70t,12,12.35,16.3,7.9,11.2,9.6,h,16.3,9.6,,,0,0.001,34.036,0.929,0,9,9.3,0.347,1,280,22.677,90.567,0.194,207.202,,,,,1
2026-10-07T06:00Z,2026-10-08T06:00Z,a4t:70t,24,6.699999999999999,8.4,10.7,14.1,10.5,h,8.4,10.5,,,0,0.001,1061.42,2.066,0.063,9,9.3,0.347,13,281,29.117,62.849,1.545,22.324,,,,,1
2026-10-07T06:00Z,2026-10-09T06:00Z,a4t:70t,48,7.1,8.2,12.1,14.3,11.1,h,8.2,11.1,,,0,0,1067.415,2.503,0.043,9,9.3,0.347,13,282,29.754,61.562,1.925,6.263,,,,,1
2026-10-07T06:00Z,2026-10-07T07:00Z,a4t:120t,1,13.4,28.5,6.8,15.6,14.7,h,28.5,14.7,,,0,0,226.896,2.475,4.065,18,14.7,0.763,14,280,26.187,92.322,1.797,256.303,1.2,239,32.9,58,1
2026-10-07T06:00Z,2026-10-07T09:00Z,a4t:120t,3,12.7,26.2,7.5,17.1,14.9,h,26.2,14.9,,,0,0,289.793,2.465,1.112,18,14.7,0.763,16,280,26.324,93.047,1.722,285.424,1.2,239,32.9,58,1
2026-10-07T06:00Z,2026-10-07T12:00Z,a4t:120t,6,13,25.7,8.7,19.1,15.2,h,25.7,15.2,,,0,0,151.234,2.628,0.043,18,14.7,0.763,19,280,25.61,94.889,1.093,278.406,1.2,239,32.9,58,1
2026-10-07T06:00Z,2026-10-07T18:00Z,a4t:120t,12,12.399999999999999,22.7,10,21,16.2,h,22.7,16.2,,,0,0,60.954,1.519,0.041,18,14.7,0.763,1,280,24.305,96.642,0.415,286.705,1.2,239,32.9,58,1
2026-10-07T06:00Z,2026-10-08T06:00Z,a4t:120t,24,5.8,9.6,10.3,19.4,16.2,h,9.6,16.2,,,0,0,966.965,3.34,1.229,18,14.7,0.763,13,281,29.369,74.383,2.555,259.167,1.2,239,32.9,58,1
2026-10-07T06:00Z,2026-10-09T06:00Z,a4t:120t,48,2.6,3.7,6.5,9.7,12.2,h,3.7,12.2,,,0,0,851.401,2.411,0.884,18,14.7,0.763,13,282,29.503,74.693,1.94,337.806,1.2,239,32.9,58,1
2026-10-07T06:00Z,2026-10-07T07:00Z,a4t:95t,1,7.300000000000001,7.7,8.9,9.3,7.4,h,7.7,7.4,,,0,0.001,1037.062,0.177,0.529,11,7.4,0.044,14,280,30.22,69.5,0.254,354.557,1.5,301,,,1
2026-10-07T06:00Z,2026-10-07T09:00Z,a4t:95t,3,6.85,7.2,8.9,9.3,7.4,h,7.2,7.4,,,0,0.001,195.46,2.856,1.034,11,7.4,0.044,16,280,26.851,90.271,2.013,73.57,1.5,301,,,1
2026-10-07T06:00Z,2026-10-07T12:00Z,a4t:95t,6,7.95,8.3,9,9.5,7.4,h,8.3,7.4,,,0,0,40,0.25,0,11,7.4,0.044,19,280,26.226,94.387,0.08,40.677,1.5,301,,,1
2026-10-07T06:00Z,2026-10-07T18:00Z,a4t:95t,12,6.85,7.1,8.3,8.7,7.5,h,7.1,7.5,,,0,0,91.213,2.649,0,11,7.4,0.044,1,280,24.767,99.061,1.01,291.771,1.5,301,,,1
2026-10-07T06:00Z,2026-10-08T06:00Z,a4t:95t,24,7.9,8.1,8,8.3,7.7,h,8.1,7.7,,,0,0,1314.3,1.065,0.119,11,7.4,0.044,13,281,31.424,65.139,0.88,318.109,1.5,301,,,1
2026-10-07T06:00Z,2026-10-09T06:00Z,a4t:95t,48,11.95,12.2,13.9,14.2,10.8,h,12.2,10.8,,,0,0,1204.352,0.658,0.061,11,7.4,0.044,13,282,31.941,61.218,0.566,356.263,1.5,301,,,1
2026-10-07T06:00Z,2026-10-07T07:00Z,a4t:86t,1,5.65,5.3,8.4,7.9,5.5,h,5.3,5.5,,,0,0,1135.094,0.881,0.166,7,5.5,-0.06,14,280,30.944,67.772,0.798,306.797,,,,,1
2026-10-07T06:00Z,2026-10-07T09:00Z,a4t:86t,3,6.1,5.7,8.4,7.8,5.5,h,5.7,5.5,,,0,0,301.99,5.451,2.237,7,5.5,-0.06,16,280,26.446,90.002,3.926,75.282,,,,,1
2026-10-07T06:00Z,2026-10-07T12:00Z,a4t:86t,6,9.25,8.7,8.6,8,5.5,h,8.7,5.5,,,0,0,74.174,0.939,0,7,5.5,-0.06,19,280,25.76,94.083,0.311,62.254,,,,,1
2026-10-07T06:00Z,2026-10-07T18:00Z,a4t:86t,12,7.7,7.3,7.9,7.5,5.7,h,7.3,5.7,,,0,0,40.807,1.557,0,7,5.5,-0.06,1,280,24.654,99.977,0.602,309.282,,,,,1
2026-10-07T06:00Z,2026-10-08T06:00Z,a4t:86t,24,8.2,7.9,9.3,8.8,6.6,h,7.9,6.6,,,0,0,1239.819,1.294,0.03,7,5.5,-0.06,13,281,31.486,65.913,1.049,339.249,,,,,1
2026-10-07T06:00Z,2026-10-09T06:00Z,a4t:86t,48,12.85,12.6,16.4,16,10.7,h,12.6,10.7,,,0,0,1208.986,1.564,0.003,7,5.5,-0.06,13,282,32.424,55.977,1.295,20.5,,,,,1
2026-10-07T06:00Z,2026-10-07T07:00Z,a4t:43t,1,4.6,13.1,7.1,20.6,17.8,h,13.1,17.8,,,0,0,436.727,3.415,0.349,19,17.8,0.981,14,280,27.375,83.968,2.965,255.234,,,31.9,71,1
2026-10-07T06:00Z,2026-10-07T09:00Z,a4t:43t,3,3.5,9.9,6.8,19.5,17.8,h,9.9,17.8,,,0,0,510.848,3.448,0.104,19,17.8,0.981,16,280,27.643,82.237,3.04,287.84,,,31.9,71,1
2026-10-07T06:00Z,2026-10-07T12:00Z,a4t:43t,6,2.8499999999999996,7.8,6.3,18,17.7,h,7.8,17.7,,,0,0,348.838,2.853,0.035,19,17.8,0.981,19,280,27.357,85.254,2.264,299.988,,,31.9,71,1
2026-10-07T06:00Z,2026-10-07T18:00Z,a4t:43t,12,2.95,7.2,4.9,14,16.9,h,7.2,16.9,,,0,0,404.802,2.565,0.007,19,17.8,0.981,1,280,27.103,85.446,2.203,322.879,,,31.9,71,1
2026-10-07T06:00Z,2026-10-08T06:00Z,a4t:43t,24,2.7,5.5,2.9,7.2,14.4,h,5.5,14.4,,,0,0,469.663,3.484,1.671,19,17.8,0.981,13,281,27.122,84.474,3.123,291.692,,,31.9,71,1
2026-10-07T06:00Z,2026-10-09T06:00Z,a4t:43t,48,3.75,5.7,2.7,4.8,11.3,h,5.7,11.3,,,0,0,646.106,2.961,0.088,19,17.8,0.981,13,282,29.179,73.668,2.656,304.016,,,31.9,71,1
2026-10-07T06:00Z,2026-10-07T07:00Z,a4t:114t,1,12.85,13.8,9.1,9.9,12,h,13.8,12,,,0,0.004,1176.091,3.65,0.049,12,12,0.071,14,280,29.755,58.531,2.87,44.407,2.1,334,30,46,1
2026-10-07T06:00Z,2026-10-07T09:00Z,a4t:114t,3,12.149999999999999,13,9.3,10.1,12,h,13,12,,,0,0.003,1105.988,3.931,0.025,12,12,0.071,16,280,29.403,59.873,2.951,35.811,2.1,334,30,46,1
2026-10-07T06:00Z,2026-10-07T12:00Z,a4t:114t,6,14.9,15.9,10,10.7,12.1,h,15.9,12.1,,,0,0.002,85.275,3.546,0,12,12,0.071,19,280,26.149,77.286,1.373,42.183,2.1,334,30,46,1
2026-10-07T06:00Z,2026-10-07T18:00Z,a4t:114t,12,15.55,16.5,13,14,12.6,h,16.5,12.6,,,0,0.001,286.506,5.211,0,12,12,0.071,1,280,23.931,83.123,2.311,65.001,2.1,334,30,46,1
2026-10-07T06:00Z,2026-10-08T06:00Z,a4t:114t,24,14.649999999999999,15.3,15.3,16.2,13.4,h,15.3,13.4,,,0,0.002,1177.816,3.523,0.058,12,12,0.071,13,281,30.22,57.518,2.847,25.799,2.1,334,30,46,1
2026-10-07T06:00Z,2026-10-09T06:00Z,a4t:114t,48,16.25,16.7,16.7,17.3,14.6,h,16.7,14.6,,,0,0.006,1130.959,4.119,0.058,12,12,0.071,13,282,30.316,60.855,3.23,16.754,2.1,334,30,46,1
2026-10-07T06:00Z,2026-10-07T07:00Z,a4t:102t,1,14.149999999999999,16.4,11.2,13.2,14.4,h,16.4,14.4,,,0,0.003,1216.453,4.123,0.17,17,14.4,0.149,14,280,29.961,57.281,3.129,49.441,2.6,40,31.1,47,1
2026-10-07T06:00Z,2026-10-07T09:00Z,a4t:102t,3,13.649999999999999,15.8,11.8,13.8,14.5,h,15.8,14.5,,,0,0.002,1050.547,5.824,0.157,17,14.4,0.149,16,280,28.796,63.585,3.976,55.081,2.6,40,31.1,47,1
2026-10-07T06:00Z,2026-10-07T12:00Z,a4t:102t,6,14.3,16.4,12.9,15,14.6,h,16.4,14.6,,,0,0.003,358.15,5.661,0,17,14.4,0.149,19,280,25.505,73.415,2.845,66.715,2.6,40,31.1,47,1
2026-10-07T06:00Z,2026-10-07T18:00Z,a4t:102t,12,19.4,21.8,15,17.3,15.2,h,21.8,15.2,,,0,0.019,303.174,4.934,0,17,14.4,0.149,1,280,22.805,78.89,2.257,57.923,2.6,40,31.1,47,1
2026-10-07T06:00Z,2026-10-08T06:00Z,a4t:102t,24,10.45,11.5,15,16.9,15.2,h,11.5,15.2,,,0,0.004,1140.377,4.238,0.039,17,14.4,0.149,13,281,29.574,61.693,3.227,42.356,2.6,40,31.1,47,1
2026-10-07T06:00Z,2026-10-09T06:00Z,a4t:102t,48,6.9,7.3,14.3,15.4,14.9,h,7.3,14.9,,,0,0.004,731.184,3.935,0.464,17,14.4,0.149,13,282,26.986,77.92,2.939,8.075,2.6,40,31.1,47,1
2026-10-07T06:00Z,2026-10-07T07:00Z,a4t:63t,1,26.6,53.5,14.8,31.4,20.8,h,53.5,20.8,,,0,0,345.479,2.528,1.706,24,20.7,0.724,14,280,26.912,87.558,2.291,320.341,,,,,1
2026-10-07T06:00Z,2026-10-07T09:00Z,a4t:63t,3,24.65,48.2,16.4,34.5,21.1,h,48.2,21.1,,,0,0.001,293.16,1.93,1.843,24,20.7,0.724,16,280,26.16,88.787,1.811,236.59,,,,,1
2026-10-07T06:00Z,2026-10-07T12:00Z,a4t:63t,6,19,35.9,18.1,37.3,21.7,h,35.9,21.7,,,0,0,190.874,0.783,0.105,24,20.7,0.724,19,280,25.904,89.23,0.855,228.21,,,,,1
2026-10-07T06:00Z,2026-10-07T18:00Z,a4t:63t,12,10.9,19.4,16.6,33.3,22.7,h,19.4,22.7,,,0,0,207.256,0.127,0.312,24,20.7,0.724,1,280,25.086,89.931,0.47,58.512,,,,,1
2026-10-07T06:00Z,2026-10-08T06:00Z,a4t:63t,24,23.85,36.9,17,30.3,23.8,h,36.9,23.8,,,0,0.002,430.385,2.674,0.141,24,20.7,0.724,13,281,27.728,81.462,2.386,303.833,,,,,1
2026-10-07T06:00Z,2026-10-09T06:00Z,a4t:63t,48,9.65,12.7,16.3,23.3,22,h,12.7,22,,,0,0,543.423,3.547,0.178,24,20.7,0.724,13,282,28.451,76.657,3.149,300.087,,,,,1
2026-10-07T06:00Z,2026-10-07T07:00Z,a4t:78t,1,38.900000000000006,64.3,18.5,31.7,21.4,h,64.3,21.4,,,0,0,287.645,0.567,3.566,43,21.3,0.524,14,280,25.389,91.488,0.427,293.438,,,,,1
2026-10-07T06:00Z,2026-10-07T09:00Z,a4t:78t,3,39.5,63.9,20.6,35.1,21.8,h,63.9,21.8,,,0,0,203.411,0.823,1.02,43,21.3,0.524,16,280,25.174,94.599,0.537,161.238,,,,,1
2026-10-07T06:00Z,2026-10-07T12:00Z,a4t:78t,6,38.55,60.6,23.5,39.3,22.9,h,60.6,22.9,,,0,0,33.004,0.551,0.062,43,21.3,0.524,19,280,23.663,98.896,0.194,54.688,,,,,1
2026-10-07T06:00Z,2026-10-07T18:00Z,a4t:78t,12,22.15,33.2,26.1,42.5,25.8,h,33.2,25.8,,,0,0,22.842,0.286,0,43,21.3,0.524,1,280,22.2,99.984,0.574,37.343,,,,,1
2026-10-07T06:00Z,2026-10-08T06:00Z,a4t:78t,24,41.55,56.7,32.6,48.9,30.1,h,56.7,30.1,,,0,0,569.626,2.4,0.264,43,21.3,0.524,13,281,27.465,79.415,1.689,265.536,,,,,1
2026-10-07T06:00Z,2026-10-09T06:00Z,a4t:78t,48,23.7,28.7,34.9,44.7,33,h,28.7,33,,,0,0,552.533,3.015,0.686,43,21.3,0.524,13,282,27.728,75.441,2.154,283.44,,,,,1
2026-10-07T06:00Z,2026-10-07T07:00Z,a4t:109t,1,10.4,11,8.2,8.7,7.8,h,11,7.8,,,0,0.002,1186.292,5.361,0.193,12,7.8,0.054,14,280,30.248,59.209,4.071,46.441,,,,,1
2026-10-07T06:00Z,2026-10-07T09:00Z,a4t:109t,3,9.4,9.9,8.5,9,7.9,h,9.9,7.9,,,0,0.002,1048.687,5.729,0.114,12,7.8,0.054,16,280,29.544,62.937,4.005,34.999,,,,,1
2026-10-07T06:00Z,2026-10-07T12:00Z,a4t:109t,6,10.85,11.4,9.1,9.6,8.1,h,11.4,8.1,,,0,0.002,238.986,5.149,0,12,7.8,0.054,19,280,26.616,74.995,2.146,47.274,,,,,1
2026-10-07T06:00Z,2026-10-07T18:00Z,a4t:109t,12,12.55,13.1,10.7,11.3,8.7,h,13.1,8.7,,,0,0.012,449.274,5.49,0,12,7.8,0.054,1,280,24.038,77.995,2.635,57.712,,,,,1
2026-10-07T06:00Z,2026-10-08T06:00Z,a4t:109t,24,9.8,10.1,11.7,12.3,9.2,h,10.1,9.2,,,0,0.007,1133.823,4.655,0.017,12,7.8,0.054,13,281,29.705,62.943,3.609,28.464,,,,,1
2026-10-07T06:00Z,2026-10-09T06:00Z,a4t:109t,48,9.95,10.2,11.9,12.2,10,h,10.2,10,,,0,0.013,1035.177,4.061,0.143,12,7.8,0.054,13,282,29.192,68.122,3.178,23.879,,,,,1
2026-10-07T06:00Z,2026-10-07T07:00Z,a4t:29t,1,5.5,19,5.1,19.1,23.3,h,19,23.3,,,0,0,975.405,2.643,0,13,23.4,1.198,14,280,30.198,70.497,2.13,63.453,,,,,1
2026-10-07T06:00Z,2026-10-07T09:00Z,a4t:29t,3,6.05,19.7,5.3,19.5,23.3,h,19.7,23.3,,,0,0,560.719,0.54,1.276,13,23.4,1.198,16,280,28.856,75.044,0.339,115.423,,,,,1
2026-10-07T06:00Z,2026-10-07T12:00Z,a4t:29t,6,8.35,24.8,5.6,20.1,23.4,h,24.8,23.4,,,0,0,183.996,1.406,0.071,13,23.4,1.198,19,280,26.452,89.719,0.925,112.705,,,,,1
2026-10-07T06:00Z,2026-10-07T18:00Z,a4t:29t,12,13.899999999999999,35.5,6.7,21.3,23.8,h,35.5,23.8,,,0,0,208.742,3.506,0.137,13,23.4,1.198,1,280,25.403,89.835,2.152,22.064,,,,,1
2026-10-07T06:00Z,2026-10-08T06:00Z,a4t:29t,24,10.4,21.9,11.4,28.8,25.1,h,21.9,25.1,,,0,0.005,948.834,2.614,0.059,13,23.4,1.198,13,281,29.868,71.175,2.281,354.528,,,,,1
2026-10-07T06:00Z,2026-10-09T06:00Z,a4t:29t,48,11.2,17.6,13.4,23.9,23.6,h,17.6,23.6,,,0,0.008,1145.726,4.845,0.059,13,23.4,1.198,13,282,30.466,67.97,4.039,18.728,,,,,1
2026-10-07T06:00Z,2026-10-07T07:00Z,a4t:30t,1,5.5,20.7,5.1,20.8,14.3,h,20.7,14.3,,,0,0,956.91,2.452,0,18,14.3,1.282,14,280,30.116,70.722,1.954,61.441,2.2,143,31.4,73,1
2026-10-07T06:00Z,2026-10-07T09:00Z,a4t:30t,3,6.05,21.4,5.3,21.3,14.3,h,21.4,14.3,,,0,0,552.116,0.467,1.139,18,14.3,1.282,16,280,28.894,74.79,0.269,113.573,2.2,143,31.4,73,1
2026-10-07T06:00Z,2026-10-07T12:00Z,a4t:30t,6,8.35,26.7,5.6,21.9,14.6,h,26.7,14.6,,,0,0,193.671,1.283,0.068,18,14.3,1.282,19,280,26.496,89.358,0.826,115.711,2.2,143,31.4,73,1
2026-10-07T06:00Z,2026-10-07T18:00Z,a4t:30t,12,13.899999999999999,37.8,6.7,23.1,16.3,h,37.8,16.3,,,0,0,215.33,3.374,0.133,18,14.3,1.282,1,280,25.472,89.698,2.148,22.466,2.2,143,31.4,73,1
2026-10-07T06:00Z,2026-10-08T06:00Z,a4t:30t,24,10.4,23,11.4,30.7,19.6,h,23,19.6,,,0,0.004,934.058,2.724,0.052,18,14.3,1.282,13,281,29.844,70.984,2.36,357.379,2.2,143,31.4,73,1
2026-10-07T06:00Z,2026-10-09T06:00Z,a4t:30t,48,11.2,18.2,13.4,24.9,19.6,h,18.2,19.6,,,0,0.008,1115.147,4.836,0.052,18,14.3,1.282,13,282,30.373,68.164,4.033,19.517,2.2,143,31.4,73,1
2026-10-07T06:00Z,2026-10-07T07:00Z,a4t:113t,1,12.649999999999999,12.5,9.6,9.5,12.1,h,12.5,12.1,,,0,0.004,1179.632,4.37,0.123,12,12.1,-0.013,14,280,30.004,58.558,3.384,45.36,1.8,44,29.6,53,1
2026-10-07T06:00Z,2026-10-07T09:00Z,a4t:113t,3,11.5,11.4,9.8,9.7,12.2,h,11.4,12.2,,,0,0.003,1056.165,4.635,0.061,12,12.1,-0.013,16,280,29.484,61.127,3.349,32.602,1.8,44,29.6,53,1
2026-10-07T06:00Z,2026-10-07T12:00Z,a4t:113t,6,13.8,13.6,10.4,10.3,12.2,h,13.6,12.2,,,0,0.002,124.267,4.2,0,12,12.1,-0.013,19,280,26.375,76.37,1.639,40.95,1.8,44,29.6,53,1
2026-10-07T06:00Z,2026-10-07T18:00Z,a4t:113t,12,14.75,14.6,13,12.8,12.4,h,14.6,12.4,,,0,0.003,363.377,5.357,0,12,12.1,-0.013,1,280,23.99,80.473,2.431,67.193,1.8,44,29.6,53,1
2026-10-07T06:00Z,2026-10-08T06:00Z,a4t:113t,24,12.05,11.9,14.8,14.6,12.9,h,11.9,12.9,,,0,0.003,1168.224,3.644,0.033,12,12.1,-0.013,13,281,30.161,59.012,2.922,26.248,1.8,44,29.6,53,1
2026-10-07T06:00Z,2026-10-09T06:00Z,a4t:113t,48,15.55,15.5,15.6,15.5,13.8,h,15.5,13.8,,,0,0.008,1100.467,3.75,0.033,12,12.1,-0.013,13,282,30.137,62.182,2.951,18.665,1.8,44,29.6,53,1
2026-10-07T06:00Z,2026-10-07T07:00Z,a4t:99t,1,7.85,10.7,10.9,15,9.6,h,10.7,9.6,,,0,0.003,1190.612,5.767,0.11,14,9.6,0.298,14,280,31.23,58.892,4.325,65.828,,,31.8,51,1
2026-10-07T06:00Z,2026-10-07T09:00Z,a4t:99t,3,8.2,11,11.2,15.4,9.6,h,11,9.6,,,0,0.002,1142.158,5.466,0.049,14,9.6,0.298,16,280,30.801,60.475,3.91,61.364,,,31.8,51,1
2026-10-07T06:00Z,2026-10-07T12:00Z,a4t:99t,6,11.85,15.5,11.6,15.8,9.6,h,15.5,9.6,,,0,0.002,73.087,3.602,0,14,9.6,0.298,19,280,27.447,77.297,1.411,42.484,,,31.8,51,1
2026-10-07T06:00Z,2026-10-07T18:00Z,a4t:99t,12,13.65,17.3,10.4,13.9,10.2,h,17.3,10.2,,,0,0.012,73.656,3.517,0,14,9.6,0.298,1,280,24.915,89.498,1.745,30.52,,,31.8,51,1
2026-10-07T06:00Z,2026-10-08T06:00Z,a4t:99t,24,14.95,18,11.9,15,11.3,h,18,11.3,,,0,0.002,1114.852,4.12,0.182,14,9.6,0.298,13,281,31.587,59.389,3.188,38.53,,,31.8,51,1
2026-10-07T06:00Z,2026-10-09T06:00Z,a4t:99t,48,16.55,18.5,15.8,18.2,13.9,h,18.5,13.9,,,0,0,1190.101,3.949,0.051,14,9.6,0.298,13,282,31.859,57.389,3.102,44.964,,,31.8,51,1
2026-10-07T06:00Z,2026-10-07T07:00Z,a4t:40t,1,5.85,14.1,5,12.9,8.8,h,14.1,8.8,,,0,0.001,1038.908,1.192,0.083,8,8.8,0.84,14,280,28.686,67.791,0.964,42.478,,,,,1
2026-10-07T06:00Z,2026-10-07T09:00Z,a4t:40t,3,6.95,15.9,5.1,13,8.9,h,15.9,8.9,,,0,0.001,585.263,2.663,0.135,8,8.8,0.84,16,280,27.602,71.651,1.997,64.135,,,,,1
2026-10-07T06:00Z,2026-10-07T12:00Z,a4t:40t,6,8.2,17.7,5.3,13.2,9.1,h,17.7,9.1,,,0,0.001,32.384,1.115,0,8,8.8,0.84,19,280,24.419,92.347,0.304,107.093,,,,,1
2026-10-07T06:00Z,2026-10-07T18:00Z,a4t:40t,12,12,23.3,6.2,14.1,9.9,h,23.3,9.9,,,0,0.001,20.834,0.99,0,8,8.8,0.84,1,280,22.692,96.315,0.287,299.869,,,,,1
2026-10-07T06:00Z,2026-10-08T06:00Z,a4t:40t,24,9.75,16.5,9.8,19,11.5,h,16.5,11.5,,,0,0.001,1007.787,1.062,0.206,8,8.8,0.84,13,281,29.268,66.491,0.747,43.44,,,,,1
2026-10-07T06:00Z,2026-10-09T06:00Z,a4t:40t,48,8.45,11.7,12.6,18.9,12.3,h,11.7,12.3,,,0,0,1130.393,1.738,0.04,8,8.8,0.84,13,282,30.401,58.335,1.298,54.434,,,,,1
2026-10-07T06:00Z,2026-10-07T07:00Z,a4t:68t,1,4.65,6.4,7.7,10.5,9.6,h,6.4,9.6,,,0,0.006,1045.571,0.335,0.056,9,9.6,0.283,14,280,29.32,66.196,0.318,39.739,,,,,1
2026-10-07T06:00Z,2026-10-07T09:00Z,a4t:68t,3,5.3,7.1,7.6,10.3,9.6,h,7.1,9.6,,,0,0.004,599.429,1.804,0.073,9,9.6,0.283,16,280,28.823,70.125,1.468,72.747,,,,,1
2026-10-07T06:00Z,2026-10-07T12:00Z,a4t:68t,6,9.55,12.4,7.6,10.4,9.6,h,12.4,9.6,,,0,0.003,31.142,0.967,0,9,9.6,0.283,19,280,26.153,84.831,0.49,193.845,,,,,1
2026-10-07T06:00Z,2026-10-07T18:00Z,a4t:68t,12,17.200000000000003,21.5,8.8,11.6,10,h,21.5,10,,,0,0.001,108.015,0.929,0.062,9,9.6,0.283,1,280,22.488,95.699,0.355,300.437,,,,,1
2026-10-07T06:00Z,2026-10-08T06:00Z,a4t:68t,24,10.2,12.2,13.5,16.7,11.5,h,12.2,11.5,,,0,0.001,809.354,0.659,0.038,9,9.6,0.283,13,281,29.631,65.302,0.476,83.472,,,,,1
2026-10-07T06:00Z,2026-10-09T06:00Z,a4t:68t,48,10.5,11.7,17,19.4,13,h,11.7,13,,,0,0,884.918,0.377,0.027,9,9.6,0.283,13,282,30.52,64.293,0.275,67.251,,,,,1
2026-10-07T06:00Z,2026-10-07T07:00Z,a4t:112t,1,8.6,8.8,6.1,6.2,7.6,h,8.8,7.6,,,0,0,1143.395,5.548,0.14,10,7.6,0.018,14,280,30.144,63.747,4.215,37.314,2.6,9,28,57,1
2026-10-07T06:00Z,2026-10-07T09:00Z,a4t:112t,3,8.3,8.5,6.4,6.5,7.6,h,8.5,7.6,,,0,0,1062.191,6.415,0.22,10,7.6,0.018,16,280,29.412,66.259,4.547,37.116,2.6,9,28,57,1
2026-10-07T06:00Z,2026-10-07T12:00Z,a4t:112t,6,9.100000000000001,9.3,7.1,7.2,7.7,h,9.3,7.7,,,0,0.001,347.753,5.553,0,10,7.6,0.018,19,280,26.862,74.989,2.552,48.881,2.6,9,28,57,1
2026-10-07T06:00Z,2026-10-07T18:00Z,a4t:112t,12,10.95,11.1,8.5,8.7,7.9,h,11.1,7.9,,,0,0.01,466.2,5.847,0,10,7.6,0.018,1,280,24.354,77.989,3.038,37.191,2.6,9,28,57,1
2026-10-07T06:00Z,2026-10-08T06:00Z,a4t:112t,24,7.15,7.2,9.5,9.7,8.3,h,7.2,8.3,,,0,0.011,1079.535,5.876,0.149,10,7.6,0.018,13,281,28.945,68.732,4.479,21.079,2.6,9,28,57,1
2026-10-07T06:00Z,2026-10-09T06:00Z,a4t:112t,48,3.4000000000000004,3.4,8.4,8.4,8,h,3.4,8,,,0,0.021,1024.286,5.046,0.439,10,7.6,0.018,13,282,28.541,74.286,3.929,32.809,2.6,9,28,57,1
2026-10-07T06:00Z,2026-10-07T07:00Z,a4t:44t,1,14.8,43.9,6.1,20.3,19.3,h,43.9,19.3,,,0,0,322.909,3.084,1.419,20,19.2,1.112,14,280,26.681,88.078,2.537,281.003,,,,,1
2026-10-07T06:00Z,2026-10-07T09:00Z,a4t:44t,3,14.95,42.4,7,22.7,19.5,h,42.4,19.5,,,0,0,315.187,2.541,1.21,20,19.2,1.112,16,280,26.258,88.15,2.259,237.505,,,,,1
2026-10-07T06:00Z,2026-10-07T12:00Z,a4t:44t,6,16.6,44.1,8.6,26.6,20.1,h,44.1,20.1,,,0,0,150.339,1.125,0.053,20,19.2,1.112,19,280,25.932,90.113,0.953,232.713,,,,,1
2026-10-07T06:00Z,2026-10-07T18:00Z,a4t:44t,12,20.450000000000003,48.2,12,33.8,22.6,h,48.2,22.6,,,0,0,185.407,0.302,0.294,20,19.2,1.112,1,280,25.401,88.255,0.692,65.358,,,,,1
2026-10-07T06:00Z,2026-10-08T06:00Z,a4t:44t,24,9.25,18.6,15.7,38.2,25.3,h,18.6,25.3,,,0,0,315.491,3.242,1.618,20,19.2,1.112,13,281,26.296,87.742,2.678,275.689,,,,,1
2026-10-07T06:00Z,2026-10-09T06:00Z,a4t:44t,48,3.9,6.3,8.8,15.5,17.3,h,6.3,17.3,,,0,0,266.87,2.876,1.215,20,19.2,1.112,13,282,26.785,86.825,2.584,312.743,,,,,1
2026-10-07T06:00Z,2026-10-07T07:00Z,a4t:80t,1,16.15,59.4,5.4,23.2,18.2,h,59.4,18.2,,,0,0,317.025,3.117,1.64,20,18.1,1.341,14,280,26.624,86.646,2.529,254.467,,,,,1
2026-10-07T06:00Z,2026-10-07T09:00Z,a4t:80t,3,14.2,49.9,6.5,26.7,18.5,h,49.9,18.5,,,0,0,338.395,1.883,0.237,20,18.1,1.341,16,280,26.642,88.13,1.516,263.376,,,,,1
2026-10-07T06:00Z,2026-10-07T12:00Z,a4t:80t,6,12.75,41.8,7.7,30.3,19.2,h,41.8,19.2,,,0,0,216.473,1.889,0.058,20,18.1,1.341,19,280,26.104,89.112,1.091,287.896,,,,,1
2026-10-07T06:00Z,2026-10-07T18:00Z,a4t:80t,12,12.8,36.6,9.4,33.7,21.2,h,36.6,21.2,,,0,0,230.292,1.421,0.06,20,18.1,1.341,1,280,25.393,88.238,1.113,352.058,,,,,1
2026-10-07T06:00Z,2026-10-08T06:00Z,a4t:80t,24,8.45,19.6,10.4,31.5,22.4,h,19.6,22.4,,,0,0,390.638,4.315,1.98,20,18.1,1.341,13,281,26.064,86.54,3.471,250.651,,,,,1
2026-10-07T06:00Z,2026-10-09T06:00Z,a4t:80t,48,1.4500000000000002,2.9,5.6,11.3,14.7,h,2.9,14.7,,,0,0,323.97,2.26,1.553,20,18.1,1.341,13,282,26.532,86.45,1.857,308.055,,,,,1
2026-10-07T06:00Z,2026-10-07T07:00Z,a4t:08t,1,27.35,28.7,22.7,23.9,20.5,h,28.7,20.5,,,0,0.015,1208.453,2.636,0.23,18,20.5,0.049,14,280,31.243,65.309,2.119,46.314,,,,,1
2026-10-07T06:00Z,2026-10-07T09:00Z,a4t:08t,3,26.95,28.2,23.5,24.7,20.6,h,28.2,20.6,,,0,0.015,882.167,1.495,0.435,18,20.5,0.049,16,280,30.615,67.343,1.088,51.393,,,,,1
2026-10-07T06:00Z,2026-10-07T12:00Z,a4t:08t,6,32.3,33.7,24.2,25.4,20.8,h,33.7,20.8,,,0,0.007,101.949,1.478,0.018,18,20.5,0.049,19,280,26.678,90.161,0.972,229.321,,,,,1
2026-10-07T06:00Z,2026-10-07T18:00Z,a4t:08t,12,34.7,36,25.7,26.9,22.1,h,36,22.1,,,0,0.01,91.949,1.772,0.018,18,20.5,0.049,1,280,24.666,95.536,0.496,310.438,,,,,1
2026-10-07T06:00Z,2026-10-08T06:00Z,a4t:08t,24,30.700000000000003,31.6,31.8,33,24.5,h,31.6,24.5,,,0,0.063,1232.997,1.513,0.064,18,20.5,0.049,13,281,31.509,63.628,1.183,22.495,,,,,1
2026-10-07T06:00Z,2026-10-09T06:00Z,a4t:08t,48,35.1,35.7,38.4,39.2,29.9,h,35.7,29.9,,,0,0.003,899.405,3.634,1.384,18,20.5,0.049,13,282,29.91,71.895,2.76,24.373,,,,,1
2026-10-07T06:00Z,2026-10-07T07:00Z,a4t:16t,1,27.35,21.9,22.7,17.9,12.5,h,21.9,12.5,,,0,0.012,1193.373,2.659,0.248,14,12.5,-0.226,14,280,31.19,65.705,2.138,47.071,,,,,1
2026-10-07T06:00Z,2026-10-07T09:00Z,a4t:16t,3,26.95,21.8,23.5,18.6,12.6,h,21.8,12.6,,,0,0.013,865.295,1.474,0.498,14,12.5,-0.226,16,280,30.528,67.703,1.063,53.077,,,,,1
2026-10-07T06:00Z,2026-10-07T12:00Z,a4t:16t,6,32.3,26.5,24.2,19.2,12.9,h,26.5,12.9,,,0,0.006,102.649,1.386,0.021,14,12.5,-0.226,19,280,26.661,90.142,0.917,230.175,,,,,1
2026-10-07T06:00Z,2026-10-07T18:00Z,a4t:16t,12,34.7,29.2,25.7,20.8,14.4,h,29.2,14.4,,,0,0.008,92.649,1.811,0.021,14,12.5,-0.226,1,280,24.647,95.41,0.513,316.616,,,,,1
2026-10-07T06:00Z,2026-10-08T06:00Z,a4t:16t,24,30.700000000000003,26.8,31.8,26.7,17.1,h,26.8,17.1,,,0,0.061,1225.408,1.501,0.066,14,12.5,-0.226,13,281,31.44,64.128,1.181,20.222,,,,,1
2026-10-07T06:00Z,2026-10-09T06:00Z,a4t:16t,48,35.1,32.3,38.4,34.6,23.5,h,32.3,23.5,,,0,0.003,911.637,3.66,1.327,14,12.5,-0.226,13,282,29.954,71.751,2.791,24.057,,,,,1
2026-10-07T06:00Z,2026-10-07T07:00Z,a4t:17t,1,27.35,12.9,22.7,10.2,16.4,h,12.9,16.4,,,0,0.015,1202.284,2.63,0.242,3,16.5,-0.756,14,280,31.219,65.489,2.116,46.33,,,,,1
2026-10-07T06:00Z,2026-10-07T09:00Z,a4t:17t,3,26.95,13.1,23.5,10.6,16.3,h,13.1,16.3,,,0,0.015,886.449,1.488,0.439,3,16.5,-0.756,16,280,30.603,67.38,1.082,51.201,,,,,1
2026-10-07T06:00Z,2026-10-07T12:00Z,a4t:17t,6,32.3,16.6,24.2,11.1,16.2,h,16.6,16.2,,,0,0.007,102.632,1.469,0.018,3,16.5,-0.756,19,280,26.676,90.209,0.965,228.904,,,,,1
2026-10-07T06:00Z,2026-10-07T18:00Z,a4t:17t,12,34.7,19.3,25.7,12.7,16.4,h,19.3,16.4,,,0,0.009,92.632,1.819,0.018,3,16.5,-0.756,1,280,24.661,95.488,0.518,311.815,,,,,1
2026-10-07T06:00Z,2026-10-08T06:00Z,a4t:17t,24,30.700000000000003,19.4,31.8,17.7,16.9,h,19.4,16.9,,,0,0.061,1229.874,1.54,0.065,3,16.5,-0.756,13,281,31.492,63.724,1.206,22.884,,,,,1
2026-10-07T06:00Z,2026-10-09T06:00Z,a4t:17t,48,35.1,26.6,38.4,27,21.8,h,26.6,21.8,,,0,0.003,913.594,3.645,1.334,3,16.5,-0.756,13,282,29.981,71.496,2.774,24.56,,,,,1
2026-10-07T06:00Z,2026-10-07T07:00Z,a4t:84t,1,16.7,19.5,23,27,11.9,h,19.5,11.9,,,0,0.009,985.025,2.108,0.766,25,11.9,0.158,14,280,30.369,71.395,1.717,37.365,,,,,1
2026-10-07T06:00Z,2026-10-07T09:00Z,a4t:84t,3,19.75,22.9,23.3,27.4,12,h,22.9,12,,,0,0.017,1079.7,1.707,0.086,25,11.9,0.158,16,280,30.692,66.405,1.349,35.055,,,,,1
2026-10-07T06:00Z,2026-10-07T12:00Z,a4t:84t,6,26.200000000000003,30.1,23.6,27.6,12.4,h,30.1,12.4,,,0,0.009,126.262,2.269,0.001,25,11.9,0.158,19,280,26.955,89.739,1.305,241.956,,,,,1
2026-10-07T06:00Z,2026-10-07T18:00Z,a4t:84t,12,14.100000000000001,16,20.8,24.1,13.9,h,16,13.9,,,0,0.003,116.262,3.58,0.001,25,11.9,0.158,1,280,24.571,94.31,1.468,316.346,,,,,1
2026-10-07T06:00Z,2026-10-08T06:00Z,a4t:84t,24,19.15,21.1,19,21.6,15,h,21.1,15,,,0,0.014,1162.698,2.499,0.099,25,11.9,0.158,13,281,31.253,65.457,2.038,41.091,,,,,1
2026-10-07T06:00Z,2026-10-09T06:00Z,a4t:84t,48,23.450000000000003,24.9,21.2,22.8,17.4,h,24.9,17.4,,,0,0.003,1225.358,3.91,0.152,25,11.9,0.158,13,282,31.804,61.119,3.112,32.987,,,,,1
2026-10-07T06:00Z,2026-10-07T07:00Z,a4t:14t,1,27.35,24.6,22.7,20.3,13.7,h,24.6,13.7,,,0,0.043,1196.505,2.487,0.31,18,13.7,-0.11,14,280,31.155,65.95,2.02,43.306,,,,,1
2026-10-07T06:00Z,2026-10-07T09:00Z,a4t:14t,3,26.95,24.3,23.5,20.9,13.8,h,24.3,13.8,,,0,0.045,1029.481,1.476,0.238,18,13.7,-0.11,16,280,30.837,66.274,1.106,41.038,,,,,1
2026-10-07T06:00Z,2026-10-07T12:00Z,a4t:14t,6,32.3,29.3,24.2,21.6,14.1,h,29.3,14.1,,,0,0.015,108.437,1.74,0.009,18,13.7,-0.11,19,280,26.692,91.241,1.108,216.779,,,,,1
2026-10-07T06:00Z,2026-10-07T18:00Z,a4t:14t,12,34.7,31.9,25.7,23.2,15.7,h,31.9,15.7,,,0,0.011,98.437,2.313,0.009,18,13.7,-0.11,1,280,24.682,95.432,0.777,304.782,,,,,1
2026-10-07T06:00Z,2026-10-08T06:00Z,a4t:14t,24,30.700000000000003,28.7,31.8,29.2,18.7,h,28.7,18.7,,,0,0.034,1221.379,2.03,0.078,18,13.7,-0.11,13,281,31.589,62.626,1.592,34.349,,,,,1
2026-10-07T06:00Z,2026-10-09T06:00Z,a4t:14t,48,35.1,33.7,38.4,36.4,25.1,h,33.7,25.1,,,0,0.002,1068.825,3.691,0.873,18,13.7,-0.11,13,282,30.812,66.277,2.832,28.481,,,,,1
2026-10-07T06:00Z,2026-10-07T07:00Z,a4t:27t,1,27.35,42.9,22.7,36.7,30.4,h,42.9,30.4,,,0,0.02,1110.457,2.409,0.47,22,30.3,0.465,14,280,30.842,68.145,1.954,43.217,,,,,1
2026-10-07T06:00Z,2026-10-07T09:00Z,a4t:27t,3,26.95,41.5,23.5,37.7,30.5,h,41.5,30.5,,,0,0.028,1007.204,1.504,0.298,22,30.3,0.465,16,280,30.647,66.924,1.129,41.986,,,,,1
2026-10-07T06:00Z,2026-10-07T12:00Z,a4t:27t,6,32.3,48.3,24.2,38.4,30.9,h,48.3,30.9,,,0,0.011,114.358,1.709,0.012,22,30.3,0.465,19,280,26.749,90.641,1.043,227.997,,,,,1
2026-10-07T06:00Z,2026-10-07T18:00Z,a4t:27t,12,34.7,49.5,25.7,39.4,32.7,h,49.5,32.7,,,0,0.006,104.358,2.695,0.012,22,30.3,0.465,1,280,24.62,94.916,0.97,315.851,,,,,1
2026-10-07T06:00Z,2026-10-08T06:00Z,a4t:27t,24,30.700000000000003,40.5,31.8,45.5,35.2,h,40.5,35.2,,,0,0.026,1193.515,2.083,0.085,22,30.3,0.465,13,281,31.38,64.31,1.66,33.888,,,,,1
2026-10-07T06:00Z,2026-10-09T06:00Z,a4t:27t,48,35.1,41.5,38.4,47.6,38.9,h,41.5,38.9,,,0,0.003,1118.524,3.783,0.617,22,30.3,0.465,13,282,31.095,65.007,2.948,29.085,,,,,1
2026-10-07T06:00Z,2026-10-07T07:00Z,a4t:25t,1,8.350000000000001,9.7,12.7,14.8,12.9,h,9.7,12.9,,,0,0.087,1374.989,4.982,0.1,8,12.9,0.142,14,280,31.482,56.814,3.768,58.417,,,,,1
2026-10-07T06:00Z,2026-10-07T09:00Z,a4t:25t,3,8.5,9.8,12.8,14.9,12.9,h,9.8,12.9,,,0,0.165,978.933,5.121,0.007,8,12.9,0.142,16,280,30.538,61.615,3.691,49.822,,,,,1
2026-10-07T06:00Z,2026-10-07T12:00Z,a4t:25t,6,15.95,18.1,13.3,15.4,12.9,h,18.1,12.9,,,0,0.85,93.185,4.528,0,8,12.9,0.142,19,280,27.32,74.803,2.022,51.981,,,,,1
2026-10-07T06:00Z,2026-10-07T18:00Z,a4t:25t,12,29.3,32.7,15,17.1,14,h,32.7,14,,,0,0.606,69.148,3.209,0,8,12.9,0.142,1,280,24.767,84.545,1.648,74.447,,,,,1
2026-10-07T06:00Z,2026-10-08T06:00Z,a4t:25t,24,16.9,18.4,18.2,20.3,15.3,h,18.4,15.3,,,0,0.01,1284.537,3.806,0.222,8,12.9,0.142,13,281,31.395,60.647,2.892,41.7,,,,,1
2026-10-07T06:00Z,2026-10-09T06:00Z,a4t:25t,48,19.35,20.4,18.8,20.1,16.5,h,20.4,16.5,,,0,0.001,537.774,2.356,0.822,8,12.9,0.142,13,282,29.271,75.382,1.78,95.424,,,,,1
2026-10-07T06:00Z,2026-10-07T07:00Z,a4t:104t,1,7.8,6.2,10.3,8.1,7.5,h,6.2,7.5,,,0,0.005,1147.173,5.621,0.137,7,7.5,-0.218,14,280,31.049,59.87,4.265,67.426,,,,,1
2026-10-07T06:00Z,2026-10-07T09:00Z,a4t:104t,3,8.1,6.5,10.7,8.4,7.5,h,6.5,7.5,,,0,0.003,1120.402,5.439,0.08,7,7.5,-0.218,16,280,30.72,61.401,3.876,61.305,,,,,1
2026-10-07T06:00Z,2026-10-07T12:00Z,a4t:104t,6,12.4,10.1,11.1,8.8,7.5,h,10.1,7.5,,,0,0.003,71.943,3.535,0,7,7.5,-0.218,19,280,27.505,77.999,1.367,54.252,,,,,1
2026-10-07T06:00Z,2026-10-07T18:00Z,a4t:104t,12,14.95,12.6,10.8,8.7,7.7,h,12.6,7.7,,,0,0.008,94.431,3.653,0,7,7.5,-0.218,1,280,24.777,94.121,1.795,7.703,,,,,1
2026-10-07T06:00Z,2026-10-08T06:00Z,a4t:104t,24,12.2,10.6,11.2,9.4,8.1,h,10.6,8.1,,,0,0.003,1084.283,3.558,0.08,7,7.5,-0.218,13,281,31.407,61.688,2.784,38.457,,,,,1
2026-10-07T06:00Z,2026-10-09T06:00Z,a4t:104t,48,14.35,13.2,14.6,13.1,10.3,h,13.2,10.3,,,0,0,1163.432,3.715,0.052,7,7.5,-0.218,13,282,31.594,60.787,2.971,41.94,,,,,1
2026-10-07T06:00Z,2026-10-07T07:00Z,a4t:85t,1,8,9.6,10.9,13.1,7.5,h,9.6,7.5,,,0,0.021,1259.806,3.811,0.139,15,7.5,0.172,14,280,31.077,61.957,2.997,50.773,,,,,1
2026-10-07T06:00Z,2026-10-07T09:00Z,a4t:85t,3,8.15,9.7,11,13.3,7.5,h,9.7,7.5,,,0,0.025,1122.952,2.822,0.092,15,7.5,0.172,16,280,30.728,64.443,2.106,38.554,,,,,1
2026-10-07T06:00Z,2026-10-07T12:00Z,a4t:85t,6,12.600000000000001,14.7,11.3,13.5,7.6,h,14.7,7.6,,,0,0.029,154.376,1.159,0,15,7.5,0.172,19,280,26.845,89.856,0.733,326.096,,,,,1
2026-10-07T06:00Z,2026-10-07T18:00Z,a4t:85t,12,17.4,19.9,11.2,13.3,8.4,h,19.9,8.4,,,0,0.027,106.941,2.853,0,15,7.5,0.172,1,280,24.829,94.888,1.14,321.437,,,,,1
2026-10-07T06:00Z,2026-10-08T06:00Z,a4t:85t,24,12.3,13.7,12.7,14.6,9.8,h,13.7,9.8,,,0,0.018,1162.749,2.878,0.048,15,7.5,0.172,13,281,31.599,60.561,2.259,40.225,,,,,1
2026-10-07T06:00Z,2026-10-09T06:00Z,a4t:85t,48,14.600000000000001,15.6,14.9,16.2,11.9,h,15.6,11.9,,,0,0,1280.901,3.041,0.21,15,7.5,0.172,13,282,31.693,63.443,2.401,33.603,,,,,1
2026-10-07T06:00Z,2026-10-07T07:00Z,a4t:42t,1,5.55,23.2,5,23.2,18.1,h,23.2,18.1,,,0,0,395.246,3.071,6.819,19,18.1,1.392,14,280,27.209,86.025,2.314,51.975,,,,,1
2026-10-07T06:00Z,2026-10-07T09:00Z,a4t:42t,3,4.55,18.5,4.8,21.8,18.2,h,18.5,18.2,,,0,0,181.382,1.339,5.063,19,18.1,1.392,16,280,25.929,93.919,0.892,255.425,,,,,1
2026-10-07T06:00Z,2026-10-07T12:00Z,a4t:42t,6,4.1,15.6,4.5,20.4,18.3,h,15.6,18.3,,,0,0,70.946,1.195,0.037,19,18.1,1.392,19,280,25.514,97.612,0.426,244.798,,,,,1
2026-10-07T06:00Z,2026-10-07T18:00Z,a4t:42t,12,3.45,11.6,4,17,18,h,11.6,18,,,0,0,74.971,2.16,0.004,19,18.1,1.392,1,280,24.432,98.366,0.97,337.457,,,,,1
2026-10-07T06:00Z,2026-10-08T06:00Z,a4t:42t,24,3.1,8.2,4.1,13.7,16.7,h,8.2,16.7,,,0,0,613.083,2.294,0.329,19,18.1,1.392,13,281,28.838,78.165,1.782,16.693,,,,,1
2026-10-07T06:00Z,2026-10-09T06:00Z,a4t:42t,48,7.75,13.3,4.2,8.7,13.4,h,13.3,13.4,,,0,0,990.166,4.2,0.076,19,18.1,1.392,13,282,30.37,72.195,3.274,18.745,,,,,1
2026-10-07T06:00Z,2026-10-07T07:00Z,a4t:111t,1,7.4,9.3,5.8,7.4,9,h,9.3,9,,,0,0,1074.169,5.206,0.219,10,9,0.218,14,280,30.048,63.243,3.941,49.421,2.4,30,30.2,57,1
2026-10-07T06:00Z,2026-10-07T09:00Z,a4t:111t,3,7,8.7,6.1,7.8,9,h,8.7,9,,,0,0,1025.918,5.715,0.075,10,9,0.218,16,280,29.511,65.873,3.943,43.074,2.4,30,30.2,57,1
2026-10-07T06:00Z,2026-10-07T12:00Z,a4t:111t,6,8.3,10.2,6.4,8.2,9,h,10.2,9,,,0,0.001,231.62,5.116,0,10,9,0.218,19,280,26.574,78.122,2.152,51.579,2.4,30,30.2,57,1
2026-10-07T06:00Z,2026-10-07T18:00Z,a4t:111t,12,9.2,11,7.6,9.5,9.2,h,11,9.2,,,0,0.003,257.921,4.672,0,10,9,0.218,1,280,24.254,84.771,2.034,42.48,2.4,30,30.2,57,1
2026-10-07T06:00Z,2026-10-08T06:00Z,a4t:111t,24,7.9,9.1,9.1,10.9,9.6,h,9.1,9.6,,,0,0.013,1073.013,5.091,0.05,10,9,0.218,13,281,29.351,65.977,3.889,29.161,2.4,30,30.2,57,1
2026-10-07T06:00Z,2026-10-09T06:00Z,a4t:111t,48,7.75,8.4,9,10,9.5,h,8.4,9.5,,,0,0.02,1139.64,4.091,0.05,10,9,0.218,13,282,29.261,71.065,3.267,29.518,2.4,30,30.2,57,1
2026-10-07T06:00Z,2026-10-07T07:00Z,a4t:96t,1,5.300000000000001,3.5,11.3,7.6,5,h,3.5,5,,,0,0,1251.165,1.129,0.152,5,5,-0.361,14,280,30.86,65.708,0.978,15.924,1.5,343,24.1,61,1
2026-10-07T06:00Z,2026-10-07T09:00Z,a4t:96t,3,5.5,3.7,11.2,7.5,5,h,3.7,5,,,0,0,554.324,1.914,0.221,5,5,-0.361,16,280,29.664,69.286,1.665,58.714,1.5,343,24.1,61,1
2026-10-07T06:00Z,2026-10-07T12:00Z,a4t:96t,6,8.25,5.8,11.2,7.5,5,h,5.8,5,,,0,0,156.362,1.984,0.071,5,5,-0.361,19,280,26.397,90.28,0.786,136.319,1.5,343,24.1,61,1
2026-10-07T06:00Z,2026-10-07T18:00Z,a4t:96t,12,7.8,5.7,9.2,6.3,5,h,5.7,5,,,0,0,61.159,1.658,0,5,5,-0.361,1,280,24.483,97.431,0.63,267.109,1.5,343,24.1,61,1
2026-10-07T06:00Z,2026-10-08T06:00Z,a4t:96t,24,8.85,7,9.3,6.9,5.6,h,7,5.6,,,0,0,1088.99,1.035,0.073,5,5,-0.361,13,281,30.695,70.039,0.891,28.773,1.5,343,24.1,61,1
2026-10-07T06:00Z,2026-10-09T06:00Z,a4t:96t,48,11.6,10.1,16.1,13.6,9.3,h,10.1,9.3,,,0,0,1122.324,1.481,0.074,5,5,-0.361,13,282,31.355,66.969,1.208,19.833,1.5,343,24.1,61,1
2026-10-07T06:00Z,2026-10-07T07:00Z,a4t:82t,1,7.949999999999999,13.7,8.6,15.1,14.4,h,13.7,14.4,,,0,0.001,1201.031,2.876,0.071,15,14.4,0.527,14,280,29.556,54.864,2.278,74.591,,,,,1
2026-10-07T06:00Z,2026-10-07T09:00Z,a4t:82t,3,7.5,12.7,8.5,15.1,14.4,h,12.7,14.4,,,0,0.001,1055.789,2.776,0.024,15,14.4,0.527,16,280,29.049,56.667,2.119,58.537,,,,,1
2026-10-07T06:00Z,2026-10-07T12:00Z,a4t:82t,6,9.899999999999999,16,8.5,14.8,14.4,h,16,14.4,,,0,0.001,26.502,1.467,0,15,14.4,0.527,19,280,25.955,78.504,0.327,80.509,,,,,1
2026-10-07T06:00Z,2026-10-07T18:00Z,a4t:82t,12,14.35,21.8,9.5,15.8,14.8,h,21.8,14.8,,,0,0.001,158.857,4.431,0,15,14.4,0.527,1,280,23.347,72.793,2.074,70.938,,,,,1
2026-10-07T06:00Z,2026-10-08T06:00Z,a4t:82t,24,12.7,17.6,13.6,20.5,16,h,17.6,16,,,0,0.001,1315.299,1.471,0.003,15,14.4,0.527,13,281,29.896,56.328,1.255,62.671,,,,,1
2026-10-07T06:00Z,2026-10-09T06:00Z,a4t:82t,48,13.7,16.7,19.7,25.2,18.2,h,16.7,18.2,,,0,0.001,1232.291,1.293,0.003,15,14.4,0.527,13,282,30.681,57.061,1.015,54.577,,,,,1
2026-10-07T06:00Z,2026-10-07T07:00Z,a4t:115t,1,7.6,13.2,6.1,11.1,10.7,h,13.2,10.7,,,0,0,1102.748,3.519,0,11,10.7,0.535,14,280,28.637,55.813,2.709,56.637,1.9,33,30,52,1
2026-10-07T06:00Z,2026-10-07T09:00Z,a4t:115t,3,7.35,12.5,6.1,11.1,10.8,h,12.5,10.8,,,0,0,985.475,2.98,0,11,10.7,0.535,16,280,28.199,57.963,2.213,50.306,1.9,33,30,52,1
2026-10-07T06:00Z,2026-10-07T12:00Z,a4t:115t,6,8.9,14.6,6.3,11.2,10.9,h,14.6,10.9,,,0,0,98.414,3.605,0,11,10.7,0.535,19,280,25.109,75.083,1.267,48.651,1.9,33,30,52,1
2026-10-07T06:00Z,2026-10-07T18:00Z,a4t:115t,12,13.05,19.9,8,13.6,11.4,h,19.9,11.4,,,0,0,41.058,2.046,0,11,10.7,0.535,1,280,22.957,82.75,0.818,27.47,1.9,33,30,52,1
2026-10-07T06:00Z,2026-10-08T06:00Z,a4t:115t,24,17.200000000000003,23.8,12.5,18.9,13.3,h,23.8,13.3,,,0,0,1070.288,2.6,0.004,11,10.7,0.535,13,281,29.233,56.205,2.11,47.462,1.9,33,30,52,1
2026-10-07T06:00Z,2026-10-09T06:00Z,a4t:115t,48,18.9,23,19.1,24.5,17.6,h,23,17.6,,,0,0.001,1271.66,2.361,0,11,10.7,0.535,13,282,30.014,59.272,1.902,37.348,1.9,33,30,52,1
2026-10-07T06:00Z,2026-10-07T07:00Z,a4t:110t,1,11.65,10.3,9,7.9,8.9,h,10.3,8.9,,,0,0.002,1235.298,5.871,0.185,12,8.9,-0.123,14,280,30.228,58.277,4.43,49.128,1.9,77,30.2,63,1
2026-10-07T06:00Z,2026-10-07T09:00Z,a4t:110t,3,11.8,10.5,9.6,8.4,9,h,10.5,9,,,0,0.002,1141.562,6.486,0.196,12,8.9,-0.123,16,280,29.39,63.304,4.415,41.002,1.9,77,30.2,63,1
2026-10-07T06:00Z,2026-10-07T12:00Z,a4t:110t,6,11.649999999999999,10.4,10.6,9.3,9.1,h,10.4,9.1,,,0,0.003,363.865,5.381,0,12,8.9,-0.123,19,280,26.419,74.347,2.44,53.544,1.9,77,30.2,63,1
2026-10-07T06:00Z,2026-10-07T18:00Z,a4t:110t,12,16.549999999999997,15,12.2,10.8,9.5,h,15,9.5,,,0,0.022,489.773,6.059,0,12,8.9,-0.123,1,280,23.832,77.347,3.143,49.629,1.9,77,30.2,63,1
2026-10-07T06:00Z,2026-10-08T06:00Z,a4t:110t,24,8.850000000000001,8.2,12.1,10.9,9.6,h,8.2,9.6,,,0,0.007,1143.001,6.133,0.039,12,8.9,-0.123,13,281,29.474,64.902,4.65,40.99,1.9,77,30.2,63,1
2026-10-07T06:00Z,2026-10-09T06:00Z,a4t:110t,48,4,3.8,10.3,9.7,9.3,h,3.8,9.3,,,0,0.01,818.923,4.944,0.479,12,8.9,-0.123,13,282,27.315,77.816,3.764,19.947,1.9,77,30.2,63,1
2026-10-07T06:00Z,2026-10-07T07:00Z,a4t:91t,1,6.05,5.7,5.9,5.6,9.7,h,5.7,9.7,,,0,0,1202.022,2.838,0.027,4,9.7,-0.05,14,280,29.553,54.405,2.213,61.074,,,,,1
2026-10-07T06:00Z,2026-10-07T09:00Z,a4t:91t,3,5.4,5.1,5.8,5.5,9.6,h,5.1,9.6,,,0,0,1115.49,2.906,0.009,4,9.7,-0.05,16,280,29.166,56.135,2.239,49.548,,,,,1
2026-10-07T06:00Z,2026-10-07T12:00Z,a4t:91t,6,6.95,6.6,5.7,5.4,9.5,h,6.6,9.5,,,0,0,59.029,2.715,0,4,9.7,-0.05,19,280,25.842,76.34,0.912,54.324,,,,,1
2026-10-07T06:00Z,2026-10-07T18:00Z,a4t:91t,12,10.75,10.3,6.6,6.3,9.2,h,10.3,9.2,,,0,0,121.606,3.959,0,4,9.7,-0.05,1,280,23.323,79.136,1.681,54.95,,,,,1
2026-10-07T06:00Z,2026-10-08T06:00Z,a4t:91t,24,15.65,15.2,11.2,10.8,10,h,15.2,10,,,0,0.001,1231.347,2.722,0.013,4,9.7,-0.05,13,281,29.876,55.049,2.201,29.341,,,,,1
2026-10-07T06:00Z,2026-10-09T06:00Z,a4t:91t,48,17.1,16.8,18.2,17.8,13.7,h,16.8,13.7,,,0,0.001,1261.326,2.977,0.013,4,9.7,-0.05,13,282,30.597,56.675,2.305,33.97,,,,,1
2026-10-07T06:00Z,2026-10-07T07:00Z,a4t:92t,1,5.15,10.4,7.1,14.5,9.6,h,10.4,9.6,,,0,0,851.359,0.564,0.132,11,9.6,0.658,14,280,29.769,67.718,0.45,310.286,,,,,1
2026-10-07T06:00Z,2026-10-07T09:00Z,a4t:92t,3,5.15,10.1,7.2,14.7,9.6,h,10.1,9.6,,,0,0,281.687,1.586,0.516,11,9.6,0.658,16,280,27.479,80.988,1.113,11.721,,,,,1
2026-10-07T06:00Z,2026-10-07T12:00Z,a4t:92t,6,8.5,15.6,7.4,15,9.7,h,15.6,9.7,,,0,0,46.904,0.563,0,11,9.6,0.658,19,280,25.809,93.182,0.068,112.782,,,,,1
2026-10-07T06:00Z,2026-10-07T18:00Z,a4t:92t,12,10.3,17.5,7.2,13.9,10.3,h,17.5,10.3,,,0,0,36.621,1.412,0,11,9.6,0.658,1,280,24.158,98.73,0.502,250.255,,,,,1
2026-10-07T06:00Z,2026-10-08T06:00Z,a4t:92t,24,8.7,13.2,9.6,16.2,11.3,h,13.2,11.3,,,0,0,999.024,0.498,0.143,11,9.6,0.658,13,281,30.104,68.169,0.429,70.784,,,,,1
2026-10-07T06:00Z,2026-10-09T06:00Z,a4t:92t,48,10.95,14.1,11.7,16.1,11.9,h,14.1,11.9,,,0,0,1106.745,1.799,0.032,11,9.6,0.658,13,282,31.484,58.256,1.422,68.355,,,,,1
2026-10-07T06:00Z,2026-10-07T07:00Z,a4t:98t,1,7.35,9.9,9.2,12.6,10.4,h,9.9,10.4,,,0,0.043,1172.813,2.845,0.07,12,10.4,0.281,14,280,30.029,68.361,2.298,63.304,2.1,13,31.6,67,1
2026-10-07T06:00Z,2026-10-07T09:00Z,a4t:98t,3,7.6,10.1,9.6,13,10.4,h,10.1,10.4,,,0,0.023,771.084,2.855,0.149,12,10.4,0.281,16,280,29.712,71.631,2.331,66.878,2.1,13,31.6,67,1
2026-10-07T06:00Z,2026-10-07T12:00Z,a4t:98t,6,11.6,15,10.1,13.6,10.4,h,15,10.4,,,0,0.007,103.838,3.043,0.047,12,10.4,0.281,19,280,26.118,93.07,1.698,344.491,2.1,13,31.6,67,1
2026-10-07T06:00Z,2026-10-07T18:00Z,a4t:98t,12,10.399999999999999,13.1,10.2,13.5,10.9,h,13.1,10.9,,,0,0.006,99.765,3.646,0,12,10.4,0.281,1,280,24.462,96.208,1.648,332.643,2.1,13,31.6,67,1
2026-10-07T06:00Z,2026-10-08T06:00Z,a4t:98t,24,9.1,10.9,10.1,12.8,11.2,h,10.9,11.2,,,0,0,1178.617,1.99,0.199,12,10.4,0.281,13,281,30.987,65.624,1.576,32.673,2.1,13,31.6,67,1
2026-10-07T06:00Z,2026-10-09T06:00Z,a4t:98t,48,9.95,11.1,12,13.8,12.1,h,11.1,12.1,,,0,0,1303.925,1.699,0.095,12,10.4,0.281,13,282,31.133,68.985,1.451,46.633,2.1,13,31.6,67,1
2026-10-07T06:00Z,2026-10-07T07:00Z,a4t:83t,1,7.45,10.5,5.1,7.5,9.1,h,10.5,9.1,,,0,0,1199.407,5.668,0.072,11,9.1,0.332,14,280,30.192,62.958,4.36,30.23,,,,,1
2026-10-07T06:00Z,2026-10-07T09:00Z,a4t:83t,3,6.95,9.7,5.5,8,9.1,h,9.7,9.1,,,0,0,1095.494,7.019,0.492,11,9.1,0.332,16,280,29.155,67.664,4.92,35.031,,,,,1
2026-10-07T06:00Z,2026-10-07T12:00Z,a4t:83t,6,8.45,11.5,6.1,8.8,9.3,h,11.5,9.3,,,0,0.002,450.562,5.98,0,11,9.1,0.332,19,280,26.743,73.631,2.976,37.694,,,,,1
2026-10-07T06:00Z,2026-10-07T18:00Z,a4t:83t,12,10.95,14.3,7.6,10.6,9.7,h,14.3,9.7,,,0,0.015,486.176,6.466,0,11,9.1,0.332,1,280,24.219,76.631,3.595,32.753,,,,,1
2026-10-07T06:00Z,2026-10-08T06:00Z,a4t:83t,24,5.1,6.4,8.3,11,9.7,h,6.4,9.7,,,0,0.008,1140.761,6.784,0.319,11,9.1,0.332,13,281,29.176,67.722,5.142,29.164,,,,,1
2026-10-07T06:00Z,2026-10-09T06:00Z,a4t:83t,48,2.1,2.5,6.9,8.2,8.7,h,2.5,8.7,,,0,0.014,809.869,5.397,0.923,11,9.1,0.332,13,282,27.417,79.884,4.095,31.926,,,,,1
2026-10-07T06:00Z,2026-10-07T07:00Z,a4t:116t,1,7.8,9.7,10.3,13,9.6,h,9.7,9.6,,,0,0.037,1195.089,5.723,0.345,11,9.6,0.213,14,280,31.247,59.265,4.336,62.756,0.6,66,31.7,54,1
2026-10-07T06:00Z,2026-10-07T09:00Z,a4t:116t,3,8.1,10,10.7,13.4,9.6,h,10,9.6,,,0,0.004,1173.646,5.5,0.089,11,9.6,0.213,16,280,31.006,59.878,3.969,55.9,0.6,66,31.7,54,1
2026-10-07T06:00Z,2026-10-07T12:00Z,a4t:116t,6,12.4,15,11.1,13.9,9.7,h,15,9.7,,,0,0.006,81.039,3.909,0,11,9.6,0.213,19,280,27.611,76.814,1.728,31.82,0.6,66,31.7,54,1
2026-10-07T06:00Z,2026-10-07T18:00Z,a4t:116t,12,14.95,17.7,10.8,13.2,10.2,h,17.7,10.2,,,0,0.044,84.451,3.293,0,11,9.6,0.213,1,280,25.186,90.164,1.472,11.526,0.6,66,31.7,54,1
2026-10-07T06:00Z,2026-10-08T06:00Z,a4t:116t,24,12.2,13.9,11.2,13.4,10.8,h,13.9,10.8,,,0,0.007,1149.385,3.921,0.1,11,9.6,0.213,13,281,31.721,59.422,3.072,33.208,0.6,66,31.7,54,1
2026-10-07T06:00Z,2026-10-09T06:00Z,a4t:116t,48,14.35,15.5,14.6,16.2,12.9,h,15.5,12.9,,,0,0,1195.541,4.387,0.055,11,9.6,0.213,13,282,31.9,57.265,3.446,43.457,0.6,66,31.7,54,1
2026-10-07T06:00Z,2026-10-07T07:00Z,a4t:57t,1,7.199999999999999,9,4.9,6.3,7.5,h,9,7.5,,,0,0,1008.438,2.909,0.091,8,7.5,0.212,14,280,27.883,61.131,2.191,42.131,,,,,1
2026-10-07T06:00Z,2026-10-07T09:00Z,a4t:57t,3,6.6,8.2,5,6.3,7.5,h,8.2,7.5,,,0,0,936.829,2.472,0,8,7.5,0.212,16,280,27.783,61.937,1.846,48.911,,,,,1
2026-10-07T06:00Z,2026-10-07T12:00Z,a4t:57t,6,8.3,10.1,5.1,6.5,7.5,h,10.1,7.5,,,0,0,22.626,0.965,0,8,7.5,0.212,19,280,24.53,78.392,0.585,326.4,,,,,1
2026-10-07T06:00Z,2026-10-07T18:00Z,a4t:57t,12,16.6,19.6,7.8,9.6,8,h,19.6,8,,,0,0,18.067,0.184,0,8,7.5,0.212,1,280,21.776,88.261,0.349,224.49,,,,,1
2026-10-07T06:00Z,2026-10-08T06:00Z,a4t:57t,24,6.45,7.4,12.5,14.8,9.4,h,7.4,9.4,,,0,0,999.24,1.96,0.071,8,7.5,0.212,13,281,28.553,61.906,1.48,67.934,,,,,1
2026-10-07T06:00Z,2026-10-09T06:00Z,a4t:57t,48,7.300000000000001,7.9,12.7,14,9.8,h,7.9,9.8,,,0,0,1014.152,2.066,0.044,8,7.5,0.212,13,282,29.339,60.986,1.584,56.773,,,,,1
2026-10-07T06:00Z,2026-10-07T07:00Z,a4t:73t,1,6.4,14.4,5.8,13.8,15.6,h,14.4,15.6,,,0,0,1084.521,1.342,0.065,15,15.6,0.783,14,280,27.882,60.236,0.911,64.898,,,,,1
2026-10-07T06:00Z,2026-10-07T09:00Z,a4t:73t,3,6.35,13.9,5.8,13.7,15.6,h,13.9,15.6,,,0,0,674.483,0.228,0,15,15.6,0.783,16,280,27.588,61.888,0.204,118.467,,,,,1
2026-10-07T06:00Z,2026-10-07T12:00Z,a4t:73t,6,11.5,23.2,5.9,13.7,15.6,h,23.2,15.6,,,0,0,21.351,1.137,0,15,15.6,0.783,19,280,24.133,81.14,0.539,292.989,,,,,1
2026-10-07T06:00Z,2026-10-07T18:00Z,a4t:73t,12,18.65,34.3,9.3,19.5,16.6,h,34.3,16.6,,,0,0,32.058,0.629,0,15,15.6,0.783,1,280,22.065,85.553,0.583,323.614,,,,,1
2026-10-07T06:00Z,2026-10-08T06:00Z,a4t:73t,24,5.199999999999999,8.8,12,22.3,17.3,h,8.8,17.3,,,0,0,965.634,1.438,0.014,15,15.6,0.783,13,281,28.307,60.314,1.121,123.774,,,,,1
2026-10-07T06:00Z,2026-10-09T06:00Z,a4t:73t,48,6.35,8.7,11.3,16.4,15.9,h,8.7,15.9,,,0,0,1072.917,0.994,0.038,15,15.6,0.783,13,282,29.454,59.49,0.758,83.563,,,,,1
2026-10-07T06:00Z,2026-10-07T07:00Z,a4t:35t,1,6.9,6.2,16.3,14.7,13.5,h,6.2,13.5,,,0,0.007,1047.8,0.546,0.045,9,13.5,-0.095,14,280,29.564,62.88,0.426,89.799,,,,,1
2026-10-07T06:00Z,2026-10-07T09:00Z,a4t:35t,3,7.3,6.6,16.1,14.6,13.5,h,6.6,13.5,,,0,0.005,432.481,1.723,0.282,9,13.5,-0.095,16,280,28.92,69.175,1.364,121.126,,,,,1
2026-10-07T06:00Z,2026-10-07T12:00Z,a4t:35t,6,20.6,18.9,16.2,14.7,13.3,h,18.9,13.3,,,0,0.004,35.162,0.736,0,9,13.5,-0.095,19,280,25.99,86.336,0.169,184.841,,,,,1
2026-10-07T06:00Z,2026-10-07T18:00Z,a4t:35t,12,34.2,31.8,18.2,16.7,14.1,h,31.8,14.1,,,0,0.002,46.478,0.915,0.31,9,13.5,-0.095,1,280,22.557,94.958,0.227,248.882,,,,,1
2026-10-07T06:00Z,2026-10-08T06:00Z,a4t:35t,24,10.399999999999999,9.8,20.7,19.2,15,h,9.8,15,,,0,0.001,815.509,1.01,0.064,9,13.5,-0.095,13,281,29.822,63.185,0.819,133.868,,,,,1
2026-10-07T06:00Z,2026-10-09T06:00Z,a4t:35t,48,11.8,11.4,26.7,25.5,17.7,h,11.4,17.7,,,0,0,972.244,0.395,0.055,9,13.5,-0.095,13,282,30.844,60.834,0.339,151.129,,,,,1
2026-10-07T06:00Z,2026-10-07T07:00Z,a4t:36t,1,6.9,3.6,16.3,8.8,6.9,h,3.6,6.9,,,0,0.007,1003.347,0.719,0.018,4,6.9,-0.573,14,280,29.815,62.351,0.606,76.319,0.8,8,33.5,,1
2026-10-07T06:00Z,2026-10-07T09:00Z,a4t:36t,3,7.3,4,16.1,8.7,6.9,h,4,6.9,,,0,0.005,367.254,1.977,0.125,4,6.9,-0.573,16,280,29.199,69.549,1.561,110.763,0.8,8,33.5,,1
2026-10-07T06:00Z,2026-10-07T12:00Z,a4t:36t,6,20.6,12.3,16.2,8.8,6.9,h,12.3,6.9,,,0,0.004,37.963,0.94,0,4,6.9,-0.573,19,280,26.776,82.309,0.21,201.913,0.8,8,33.5,,1
2026-10-07T06:00Z,2026-10-07T18:00Z,a4t:36t,12,34.2,21.9,18.2,10.5,7.5,h,21.9,7.5,,,0,0.002,48.159,0.899,0.138,4,6.9,-0.573,1,280,23.079,93.862,0.107,261.247,0.8,8,33.5,,1
2026-10-07T06:00Z,2026-10-08T06:00Z,a4t:36t,24,10.399999999999999,7.2,20.7,13.2,8.5,h,7.2,8.5,,,0,0.001,728.804,1.064,0.027,4,6.9,-0.573,13,281,29.921,64.181,0.867,136.008,0.8,8,33.5,,1
2026-10-07T06:00Z,2026-10-09T06:00Z,a4t:36t,48,11.8,9.5,26.7,20.4,11.6,h,9.5,11.6,,,0,0,924.197,0.343,0.026,4,6.9,-0.573,13,282,31.038,61.519,0.319,163.359,0.8,8,33.5,,1
2026-10-07T06:00Z,2026-10-07T07:00Z,a4t:97t,1,5.75,11.9,4.4,9.8,8.5,h,11.9,8.5,,,0,0.001,436.62,0.284,1.988,12,8.5,0.692,14,280,27.064,75.229,0.305,173.429,1.7,87,34.5,33,1
2026-10-07T06:00Z,2026-10-07T09:00Z,a4t:97t,3,5.75,11.6,4.6,10.1,8.5,h,11.6,8.5,,,0,0,336.186,0.393,1.432,12,8.5,0.692,16,280,26.414,78.304,0.389,165.725,1.7,87,34.5,33,1
2026-10-07T06:00Z,2026-10-07T12:00Z,a4t:97t,6,9.899999999999999,18.6,5.1,10.8,8.7,h,18.6,8.7,,,0,0,41.093,0.57,0.063,12,8.5,0.692,19,280,24.391,90.462,0.224,32.601,1.7,87,34.5,33,1
2026-10-07T06:00Z,2026-10-07T18:00Z,a4t:97t,12,14.350000000000001,24.7,7.5,14.7,10,h,24.7,10,,,0,0,23.263,1.475,0,12,8.5,0.692,1,280,22.077,91.552,0.476,20.111,1.7,87,34.5,33,1
2026-10-07T06:00Z,2026-10-08T06:00Z,a4t:97t,24,9,14,10.7,18.6,11.7,h,14,11.7,,,0,0,783.965,0.727,0.201,12,8.5,0.692,13,281,28.942,61.349,0.509,24.179,1.7,87,34.5,33,1
2026-10-07T06:00Z,2026-10-09T06:00Z,a4t:97t,48,15.15,19.6,13.4,18.7,13.6,h,19.6,13.6,,,0,0,792.644,0.894,0.188,12,8.5,0.692,13,282,29,63.589,0.556,45.66,1.7,87,34.5,33,1
2026-10-07T06:00Z,2026-10-07T07:00Z,a4t:69t,1,6.55,12.1,6.3,12.1,9.3,h,12.1,9.3,,,0,0,665.559,1.212,1.585,9,9.3,0.584,14,280,27.288,74.792,0.852,342.179,7.4,308,,7,1
2026-10-07T06:00Z,2026-10-07T09:00Z,a4t:69t,3,7.6,13.6,6.6,12.6,9.3,h,13.6,9.3,,,0,0,400.309,1.14,0.309,9,9.3,0.584,16,280,27.031,81.4,0.826,44.215,7.4,308,,7,1
2026-10-07T06:00Z,2026-10-07T12:00Z,a4t:69t,6,9.350000000000001,16,7.1,13.3,9.5,h,16,9.5,,,0,0,24.874,0.612,0,9,9.3,0.584,19,280,24.76,90.778,0.174,87.908,7.4,308,,7,1
2026-10-07T06:00Z,2026-10-07T18:00Z,a4t:69t,12,13.600000000000001,21.6,7.7,13.6,10.1,h,21.6,10.1,,,0,0,30.183,0.662,0,9,9.3,0.584,1,280,23.355,91.279,0.066,257.265,7.4,308,,7,1
2026-10-07T06:00Z,2026-10-08T06:00Z,a4t:69t,24,9.899999999999999,14.3,11.5,18.2,11.6,h,14.3,11.6,,,0,0.001,1010.411,0.906,0.085,9,9.3,0.584,13,281,29.318,68.207,0.741,353.532,7.4,308,,7,1
2026-10-07T06:00Z,2026-10-09T06:00Z,a4t:69t,48,9.7,12.1,13,17.2,12.1,h,12.1,12.1,,,0,0,1092.05,1.773,0.191,9,9.3,0.584,13,282,30.195,59.905,1.343,12.862,7.4,308,,7,1
2026-10-07T06:00Z,2026-10-07T07:00Z,a4t:58t,1,3.25,8.6,5.6,14.6,9.1,h,8.6,9.1,,,0,0.001,1641.537,1.034,0.037,8,9.1,0.864,14,280,31.371,52.938,0.866,321.749,,,,,1
2026-10-07T06:00Z,2026-10-07T09:00Z,a4t:58t,3,3.8,9.5,5,13.2,9.1,h,9.5,9.1,,,0,0.001,474.761,1.364,0.56,8,9.1,0.864,16,280,29.105,64.152,1.03,226.687,,,,,1
2026-10-07T06:00Z,2026-10-07T12:00Z,a4t:58t,6,5.550000000000001,12.6,4.5,11.8,9.2,h,12.6,9.2,,,0,0.001,45.804,1.372,0.076,8,9.1,0.864,19,280,24.085,90.873,0.978,80.175,,,,,1
2026-10-07T06:00Z,2026-10-07T18:00Z,a4t:58t,12,6.05,12.4,4.5,11.1,9.4,h,12.4,9.4,,,0,0.001,18.313,0.472,0,8,9.1,0.864,1,280,22.077,92.35,0.255,212.316,,,,,1
2026-10-07T06:00Z,2026-10-08T06:00Z,a4t:58t,24,6.65,11.6,5.8,11.8,9.8,h,11.6,9.8,,,0,0.001,1126.475,0.707,0.124,8,9.1,0.864,13,281,30.379,56.607,0.673,286.576,,,,,1
2026-10-07T06:00Z,2026-10-09T06:00Z,a4t:58t,48,6.65,9.4,8.2,12.5,10.3,h,9.4,10.3,,,0,0.001,1187.526,1.171,0.091,8,9.1,0.864,13,282,31.183,56.553,0.917,315.201,,,,,1
2026-10-07T06:00Z,2026-10-07T07:00Z,a4t:05t,1,13,20,12.3,19.4,15.5,h,20,15.5,,,0,0.012,1217.972,2.679,0.197,18,15.5,0.433,14,280,31.29,64.976,2.149,46.99,2.1,38,31.4,,1
2026-10-07T06:00Z,2026-10-07T09:00Z,a4t:05t,3,12.5,18.9,12.7,20,15.5,h,18.9,15.5,,,0,0.012,845.859,1.508,0.478,18,15.5,0.433,16,280,30.575,67.558,1.093,53.882,2.1,38,31.4,,1
2026-10-07T06:00Z,2026-10-07T12:00Z,a4t:05t,6,18.85,27.6,13,20.4,15.7,h,27.6,15.7,,,0,0.005,99.82,1.429,0.02,18,15.5,0.433,19,280,26.673,89.911,0.946,232.469,2.1,38,31.4,,1
2026-10-07T06:00Z,2026-10-07T18:00Z,a4t:05t,12,45.35,63,16.9,25,17.8,h,63,17.8,,,0,0.009,89.82,1.607,0.02,18,15.5,0.433,1,280,24.666,95.604,0.413,310.987,2.1,38,31.4,,1
2026-10-07T06:00Z,2026-10-08T06:00Z,a4t:05t,24,20.85,27.1,29,40.2,23.4,h,27.1,23.4,,,0,0.07,1238.366,1.389,0.06,18,15.5,0.433,13,281,31.505,63.752,1.087,18.153,2.1,38,31.4,,1
2026-10-07T06:00Z,2026-10-09T06:00Z,a4t:05t,48,24,28.1,32.9,40.1,27.8,h,28.1,27.8,,,0,0.003,850.512,3.615,1.54,18,15.5,0.433,13,282,29.651,73.471,2.735,23.246,2.1,38,31.4,,1
2026-10-07T06:00Z,2026-10-07T07:00Z,a4t:12t,1,27.35,25.6,22.7,21.2,15.3,h,25.6,15.3,,,0,0.017,1225.314,2.626,0.204,18,15.3,-0.068,14,280,31.307,64.846,2.111,45.783,,,,,1
2026-10-07T06:00Z,2026-10-07T09:00Z,a4t:12t,3,26.95,25.3,23.5,21.9,15.4,h,25.3,15.4,,,0,0.016,888.988,1.517,0.388,18,15.3,-0.068,16,280,30.687,67.061,1.111,50.492,,,,,1
2026-10-07T06:00Z,2026-10-07T12:00Z,a4t:12t,6,32.3,30.4,24.2,22.6,15.7,h,30.4,15.7,,,0,0.007,100.74,1.55,0.016,18,15.3,-0.068,19,280,26.692,90.124,1.017,229.205,,,,,1
2026-10-07T06:00Z,2026-10-07T18:00Z,a4t:12t,12,34.7,32.9,25.7,24.1,17.2,h,32.9,17.2,,,0,0.011,90.74,1.712,0.016,18,15.3,-0.068,1,280,24.683,95.672,0.475,304.456,,,,,1
2026-10-07T06:00Z,2026-10-08T06:00Z,a4t:12t,24,30.700000000000003,29.5,31.8,30.2,20.1,h,29.5,20.1,,,0,0.065,1241.474,1.493,0.061,18,15.3,-0.068,13,281,31.573,63.186,1.162,23.605,,,,,1
2026-10-07T06:00Z,2026-10-09T06:00Z,a4t:12t,48,35.1,34.2,38.4,37.2,26.2,h,34.2,26.2,,,0,0.003,875.986,3.605,1.476,18,15.3,-0.068,13,282,29.806,72.418,2.725,24.385,,,,,1
2026-10-07T06:00Z,2026-10-07T07:00Z,a4t:54t,1,27.35,31.8,22.7,26.7,19.8,h,31.8,19.8,,,0,0.021,1245.768,2.612,0.173,23,19.8,0.155,14,280,31.384,64.286,2.099,45.086,,,,,1
2026-10-07T06:00Z,2026-10-07T09:00Z,a4t:54t,3,26.95,31.1,23.5,27.5,19.9,h,31.1,19.9,,,0,0.017,898.451,1.546,0.327,23,19.8,0.155,16,280,30.777,66.704,1.141,49.329,,,,,1
2026-10-07T06:00Z,2026-10-07T12:00Z,a4t:54t,6,32.3,37,24.2,28.2,20.2,h,37,20.2,,,0,0.007,99.312,1.641,0.013,23,19.8,0.155,19,280,26.709,90.079,1.074,229.078,,,,,1
2026-10-07T06:00Z,2026-10-07T18:00Z,a4t:54t,12,34.7,39.1,25.7,29.6,21.9,h,39.1,21.9,,,0,0.014,89.312,1.671,0.013,23,19.8,0.155,1,280,24.705,95.838,0.477,296.555,,,,,1
2026-10-07T06:00Z,2026-10-08T06:00Z,a4t:54t,24,30.700000000000003,33.7,31.8,35.8,24.9,h,33.7,24.9,,,0,0.067,1251.846,1.474,0.058,23,19.8,0.155,13,281,31.652,62.635,1.139,25.153,,,,,1
2026-10-07T06:00Z,2026-10-09T06:00Z,a4t:54t,48,35.1,37.1,38.4,41.2,30.5,h,37.1,30.5,,,0,0.003,848.079,3.569,1.587,23,19.8,0.155,13,282,29.682,73.028,2.681,24.436,,,,,1
2026-10-07T06:00Z,2026-10-07T07:00Z,a4t:41t,1,10.55,10.7,9.4,9.6,9.4,h,10.7,9.4,,,0,0.139,946.055,1.176,0.367,9,9.4,0.016,14,280,29.895,69.941,0.968,67.926,,,,,1
2026-10-07T06:00Z,2026-10-07T09:00Z,a4t:41t,3,9.2,9.3,9.9,10.1,9.4,h,9.3,9.4,,,0,0.044,419.227,1.6,1.048,9,9.4,0.016,16,280,28.46,75.864,1.199,98.637,,,,,1
2026-10-07T06:00Z,2026-10-07T12:00Z,a4t:41t,6,11.100000000000001,11.3,10.4,10.6,9.4,h,11.3,9.4,,,0,0.007,66.94,0.613,0.011,9,9.4,0.016,19,280,26.217,92.97,0.188,59.862,,,,,1
2026-10-07T06:00Z,2026-10-07T18:00Z,a4t:41t,12,7.7,7.8,10,10.2,9.5,h,7.8,9.5,,,0,0.032,105.166,3.077,0,9,9.4,0.016,1,280,24.504,96.668,1.159,306.447,,,,,1
2026-10-07T06:00Z,2026-10-08T06:00Z,a4t:41t,24,7.35,7.4,8.8,8.9,9.2,h,7.4,9.2,,,0,0,1238.43,1.613,0.101,9,9.4,0.016,13,281,31.153,66.383,1.318,10.655,,,,,1
2026-10-07T06:00Z,2026-10-09T06:00Z,a4t:41t,48,8.8,8.9,10.2,10.2,9.8,h,8.9,9.8,,,0,0,1251.496,0.891,0.133,9,9.4,0.016,13,282,31.299,67.89,0.734,36.751,,,,,1
2026-10-07T06:00Z,2026-10-07T07:00Z,a4t:67t,1,7.55,16.4,,,,h,16.4,,,,0,0,974.182,0.678,0.189,,,0.804,14,280,29.175,68.114,0.483,322.102,,,,,1
2026-10-07T06:00Z,2026-10-07T09:00Z,a4t:67t,3,7.05,14.9,,,,h,14.9,,,,0,0,490.109,1.056,0.086,,,0.804,16,280,28.321,72.608,0.889,89.91,,,,,1
2026-10-07T06:00Z,2026-10-07T12:00Z,a4t:67t,6,9.350000000000001,18.6,,,,h,18.6,,,,0,0.001,37.449,1.031,0,,,0.804,19,280,24.541,84.68,0.423,169.453,,,,,1
2026-10-07T06:00Z,2026-10-07T18:00Z,a4t:67t,12,12.75,23.2,,,,h,23.2,,,,0,0.001,35.111,0.51,0,,,0.804,1,280,22.308,95.809,0.51,40.116,,,,,1
2026-10-07T06:00Z,2026-10-08T06:00Z,a4t:67t,24,7.1,11.6,,,,h,11.6,,,,0,0.001,1111.953,1.288,0.002,,,0.804,13,281,30.282,59.566,1.045,359.547,,,,,1
2026-10-07T06:00Z,2026-10-09T06:00Z,a4t:67t,48,6.95,9.4,,,,h,9.4,,,,0,0,1174.947,1.264,0.011,,,0.804,13,282,31.178,57.205,0.966,4.258,,,,,1
2026-10-07T06:00Z,2026-10-07T07:00Z,a4t:37t,1,5.85,14.7,5,13.5,9.2,h,14.7,9.2,,,0,0.002,1170.72,0.624,0.11,9,9.2,0.883,14,280,29.751,67.575,0.515,26.718,,,,,1
2026-10-07T06:00Z,2026-10-07T09:00Z,a4t:37t,3,6.95,16.6,5.1,13.6,9.3,h,16.6,9.3,,,0,0.002,997.595,1.716,0.06,9,9.2,0.883,16,280,29.533,67.534,1.402,62.839,,,,,1
2026-10-07T06:00Z,2026-10-07T12:00Z,a4t:37t,6,8.2,18.4,5.3,13.8,9.5,h,18.4,9.5,,,0,0.001,47.104,1.21,0,9,9.2,0.883,19,280,25.899,87.436,0.488,143.165,,,,,1
2026-10-07T06:00Z,2026-10-07T18:00Z,a4t:37t,12,12,24.1,6.2,14.7,10.4,h,24.1,10.4,,,0,0.001,20.029,0.863,0,9,9.2,0.883,1,280,23.24,98.987,0.103,301.081,,,,,1
2026-10-07T06:00Z,2026-10-08T06:00Z,a4t:37t,24,9.75,17,9.8,19.7,11.9,h,17,11.9,,,0,0.001,1077.762,0.524,0.041,9,9.2,0.883,13,281,30.179,66.133,0.336,7.176,,,,,1
2026-10-07T06:00Z,2026-10-09T06:00Z,a4t:37t,48,8.45,11.9,12.6,19.3,12.7,h,11.9,12.7,,,0,0,1075.173,1.267,0.087,9,9.2,0.883,13,282,31.185,59.299,0.974,40.191,,,,,1
2026-10-07T06:00Z,2026-10-07T07:00Z,a4t:38t,1,5.85,11.7,5,10.6,8.7,h,11.7,8.7,,,0,0.001,979.317,1.539,0.013,8,8.7,0.659,14,280,28.521,67.663,1.256,45.6,,,,,1
2026-10-07T06:00Z,2026-10-07T09:00Z,a4t:38t,3,6.95,13.4,5.1,10.7,8.7,h,13.4,8.7,,,0,0.001,304.738,3.083,0.238,8,8.7,0.659,16,280,26.659,75.256,2.251,64.001,,,,,1
2026-10-07T06:00Z,2026-10-07T12:00Z,a4t:38t,6,8.2,15.1,5.3,11,8.9,h,15.1,8.9,,,0,0.001,19.536,1.196,0,8,8.7,0.659,19,280,23.861,96.037,0.329,98.01,,,,,1
2026-10-07T06:00Z,2026-10-07T18:00Z,a4t:38t,12,12,20.3,6.2,11.9,9.5,h,20.3,9.5,,,0,0,20.031,1.01,0,8,8.7,0.659,1,280,22.673,95.749,0.414,297.566,,,,,1
2026-10-07T06:00Z,2026-10-08T06:00Z,a4t:38t,24,9.75,14.8,9.8,16.5,10.7,h,14.8,10.7,,,0,0.001,958.787,1.425,0.294,8,8.7,0.659,13,281,28.98,67.968,1.087,51.944,,,,,1
2026-10-07T06:00Z,2026-10-09T06:00Z,a4t:38t,48,8.45,10.9,12.6,17.3,11.7,h,10.9,11.7,,,0,0,1161.785,2.085,0,8,8.7,0.659,13,282,30.256,57.938,1.59,61.138,,,,,1
2026-10-07T06:00Z,2026-10-07T07:00Z,a4t:39t,1,5.85,13.7,5,12.5,8.6,h,13.7,8.6,,,0,0.001,939.186,1.446,0.347,8,8.6,0.81,14,280,26.788,67.218,1.069,48.764,,,,,1
2026-10-07T06:00Z,2026-10-07T09:00Z,a4t:39t,3,6.95,15.5,5.1,12.6,8.7,h,15.5,8.7,,,0,0.001,604.041,3.257,0.082,8,8.6,0.81,16,280,26.085,69.884,2.338,58.894,,,,,1
2026-10-07T06:00Z,2026-10-07T12:00Z,a4t:39t,6,8.2,17.3,5.3,12.8,8.8,h,17.3,8.8,,,0,0.001,40.477,1.822,0,8,8.6,0.81,19,280,22.637,91.917,0.744,56.799,,,,,1
2026-10-07T06:00Z,2026-10-07T18:00Z,a4t:39t,12,12,22.8,6.2,13.7,9.7,h,22.8,9.7,,,0,0.001,26.855,1.202,0,8,8.6,0.81,1,280,21.511,89.686,0.676,301.461,,,,,1
2026-10-07T06:00Z,2026-10-08T06:00Z,a4t:39t,24,9.75,16.2,9.8,18.6,11.2,h,16.2,11.2,,,0,0.001,1048.829,1.516,0.295,8,8.6,0.81,13,281,28.174,61.015,1.123,46.237,,,,,1
2026-10-07T06:00Z,2026-10-09T06:00Z,a4t:39t,48,8.45,11.6,12.6,18.6,12.1,h,11.6,12.1,,,0,0,1186.826,1.944,0.071,8,8.6,0.81,13,282,28.974,56.642,1.459,50.991,,,,,1
2026-10-07T06:00Z,2026-10-07T07:00Z,a4t:71t,1,5.85,5.7,4.8,4.6,5,h,5.7,5,,,0,0,1251.386,2.85,0.016,6,5,-0.027,14,280,31.109,64.202,2.313,41.125,,,,,1
2026-10-07T06:00Z,2026-10-07T09:00Z,a4t:71t,3,5.85,5.7,5,4.9,5,h,5.7,5,,,0,0,888.973,2.334,0.061,6,5,-0.027,16,280,30.511,65.805,1.733,39.418,,,,,1
2026-10-07T06:00Z,2026-10-07T12:00Z,a4t:71t,6,7.85,7.7,5.4,5.3,5.1,h,7.7,5.1,,,0,0,173.882,2.189,0.031,6,5,-0.027,19,280,26.954,86.203,1.035,61.446,,,,,1
2026-10-07T06:00Z,2026-10-07T18:00Z,a4t:71t,12,11.45,11.2,6.7,6.5,5.3,h,11.2,5.3,,,0,0,31.119,0.719,0,6,5,-0.027,1,280,24.703,92.134,0.219,355.83,,,,,1
2026-10-07T06:00Z,2026-10-08T06:00Z,a4t:71t,24,8.15,8,10,9.8,6.5,h,8,6.5,,,0,0.005,1204.907,4.759,0.169,6,5,-0.027,13,281,30.852,62.348,3.606,36.594,,,,,1
2026-10-07T06:00Z,2026-10-09T06:00Z,a4t:71t,48,9.2,9.1,8.6,8.4,6.7,h,9.1,6.7,,,0,0.006,1227.852,4.317,0.178,6,5,-0.027,13,282,30.782,65.477,3.348,36.154,,,,,1
2026-10-07T06:00Z,2026-10-07T07:00Z,a4t:24t,1,7.85,7.9,,,,h,7.9,,,,0,0.003,1263.491,5.609,0.1,,,0,14,280,30.388,58.112,4.157,64.617,,,,,1
2026-10-07T06:00Z,2026-10-07T09:00Z,a4t:24t,3,8.2,8.2,,,,h,8.2,,,,0,0.001,1118.949,5.103,0.036,,,0,16,280,29.798,61.227,3.583,58.747,,,,,1
2026-10-07T06:00Z,2026-10-07T12:00Z,a4t:24t,6,11.85,11.9,,,,h,11.9,,,,0,0.002,77.762,3.773,0,,,0,19,280,26.546,77.45,1.595,41.815,,,,,1
2026-10-07T06:00Z,2026-10-07T18:00Z,a4t:24t,12,13.65,13.7,,,,h,13.7,,,,0,0.108,66.811,3.429,0,,,0,1,280,24.235,85.1,1.479,59.165,,,,,1
2026-10-07T06:00Z,2026-10-08T06:00Z,a4t:24t,24,14.95,15,,,,h,15,,,,0,0.004,1143.257,4.221,0.215,,,0,13,281,30.534,60.608,3.204,40.173,,,,,1
2026-10-07T06:00Z,2026-10-09T06:00Z,a4t:24t,48,16.55,16.6,,,,h,16.6,,,,0,0.001,1090.731,3.389,0.201,,,0,13,282,30.343,62.841,2.583,47.534,,,,,1
2026-10-07T06:00Z,2026-10-07T07:00Z,a4t:76t,1,5.5,5.5,,,,h,5.5,,,,0,0.002,1165.25,3.726,0.205,,,0,14,280,29.784,64.035,2.836,71.159,,,,,1
2026-10-07T06:00Z,2026-10-07T09:00Z,a4t:76t,3,5.75,5.8,,,,h,5.8,,,,0,0.002,1021.732,2.929,0.015,,,0,16,280,29.282,64.719,2.149,88.518,,,,,1
2026-10-07T06:00Z,2026-10-07T12:00Z,a4t:76t,6,7.75,7.8,,,,h,7.8,,,,0,0.001,63.016,1.458,0.659,,,0,19,280,24.735,92.14,0.666,320.279,,,,,1
2026-10-07T06:00Z,2026-10-07T18:00Z,a4t:76t,12,11.25,11.3,,,,h,11.3,,,,0,0,58.679,1.124,0,,,0,1,280,22.069,96.969,0.446,327.694,,,,,1
2026-10-07T06:00Z,2026-10-08T06:00Z,a4t:76t,24,7.25,7.3,,,,h,7.3,,,,0,0,1051.363,1.226,0.053,,,0,13,281,29.715,66.093,1.045,331.522,,,,,1
2026-10-07T06:00Z,2026-10-09T06:00Z,a4t:76t,48,9.100000000000001,9.1,,,,h,9.1,,,,0,0,1100.972,0.633,0.099,,,0,13,282,29.862,66.542,0.542,348.501,,,,,1
2026-10-07T06:00Z,2026-10-07T07:00Z,a4t:75t,1,4.3,4.3,,,,h,4.3,,,,0,0,1222.451,3.706,0.023,,,0,14,280,27.498,55.647,2.676,37.095,,,,,1
2026-10-07T06:00Z,2026-10-07T09:00Z,a4t:75t,3,4,4,,,,h,4,,,,0,0,1067.248,3.481,0,,,0,16,280,27.029,56.391,2.279,54.014,,,,,1
2026-10-07T06:00Z,2026-10-07T12:00Z,a4t:75t,6,4.9,4.9,,,,h,4.9,,,,0,0,94.06,3.422,0,,,0,19,280,22.436,76.396,1.224,85.352,,,,,1
2026-10-07T06:00Z,2026-10-07T18:00Z,a4t:75t,12,6.95,7,,,,h,7,,,,0,0.001,17.952,0.312,0,,,0,1,280,19.514,84.934,0.357,179.715,,,,,1
2026-10-07T06:00Z,2026-10-08T06:00Z,a4t:75t,24,4.699999999999999,4.7,,,,h,4.7,,,,0,0.001,1381.997,2.847,0,,,0,13,281,28.161,54.93,2.144,27.117,,,,,1
2026-10-07T06:00Z,2026-10-09T06:00Z,a4t:75t,48,10.850000000000001,10.9,,,,h,10.9,,,,0,0,1345.478,3.481,0,,,0,13,282,28.808,54.241,2.55,39.108,,,,,1
2026-10-07T06:00Z,2026-10-07T07:00Z,a4t:03t,1,27.35,27.4,,,,h,27.4,,,,0,0.023,1178.101,2.546,0.314,,,0,14,280,31.109,66.269,2.057,45.015,,,,,1
2026-10-07T06:00Z,2026-10-07T09:00Z,a4t:03t,3,26.95,27,,,,h,27,,,,0,0.024,950.743,1.476,0.364,,,0,16,280,30.663,67.035,1.085,46.6,,,,,1
2026-10-07T06:00Z,2026-10-07T12:00Z,a4t:03t,6,32.3,32.3,,,,h,32.3,,,,0,0.01,106.971,1.571,0.015,,,0,19,280,26.692,90.607,1.009,224.815,,,,,1
2026-10-07T06:00Z,2026-10-07T18:00Z,a4t:03t,12,34.7,34.7,,,,h,34.7,,,,0,0.009,96.971,2.15,0.015,,,0,1,280,24.655,95.324,0.686,311.786,,,,,1
2026-10-07T06:00Z,2026-10-08T06:00Z,a4t:03t,24,30.700000000000003,30.7,,,,h,30.7,,,,0,0.045,1218.024,1.787,0.074,,,0,13,281,31.482,63.629,1.405,28.994,,,,,1
2026-10-07T06:00Z,2026-10-09T06:00Z,a4t:03t,48,35.1,35.1,,,,h,35.1,,,,0,0.003,1005.795,3.691,1.033,,,0,13,282,30.473,68.542,2.832,26.629,,,,,1
2026-10-07T06:00Z,2026-10-07T07:00Z,a4t:19t,1,13,13,,,,h,13,,,,0,0.005,1219.469,2.888,0.132,,,0,14,280,31.319,64.831,2.31,50.69,,,,,1
2026-10-07T06:00Z,2026-10-07T09:00Z,a4t:19t,3,12.5,12.5,,,,h,12.5,,,,0,0.005,730.521,1.464,0.763,,,0,16,280,30.266,68.979,1.033,64.568,,,,,1
2026-10-07T06:00Z,2026-10-07T12:00Z,a4t:19t,6,18.85,18.9,,,,h,18.9,,,,0,0.003,95.919,0.988,0.034,,,0,19,280,26.569,89.718,0.724,236.31,,,,,1
2026-10-07T06:00Z,2026-10-07T18:00Z,a4t:19t,12,45.35,45.4,,,,h,45.4,,,,0,0.005,85.919,1.358,0.034,,,0,1,280,24.628,95.498,0.361,334.288,,,,,1
2026-10-07T06:00Z,2026-10-08T06:00Z,a4t:19t,24,20.85,20.9,,,,h,20.9,,,,0,0.069,1232.289,1.205,0.055,,,0,13,281,31.34,65.04,0.977,357.432,,,,,1
2026-10-07T06:00Z,2026-10-09T06:00Z,a4t:19t,48,24,24,,,,h,24,,,,0,0.004,789.683,3.646,1.712,,,0,13,282,29.235,76.23,2.769,19.767,,,,,1
2026-10-07T06:00Z,2026-10-07T07:00Z,4946812,1,13.9,18.1,,,,h,18.1,,,,0,0.138,1457.782,2.787,0,12.82,,0.255,14,280,28.562,45.422,2.111,38.762,,,,,1
2026-10-07T06:00Z,2026-10-07T09:00Z,4946812,3,15.2,19.6,,,,h,19.6,,,,0,0.068,1002.98,1.896,0,12.82,,0.255,16,280,27.899,47.051,1.414,58.876,,,,,1
2026-10-07T06:00Z,2026-10-07T12:00Z,4946812,6,81.7,102.5,,,,h,102.5,,,,0,0.081,20.087,1.106,0,12.82,,0.255,19,280,23.842,69.227,0.612,297.913,,,,,1
2026-10-07T06:00Z,2026-10-07T18:00Z,4946812,12,105.9,129.3,,,,h,129.3,,,,0,0.285,20,1.676,0,12.82,,0.255,1,280,21.476,82.431,0.258,199.358,,,,,1
2026-10-07T06:00Z,2026-10-08T06:00Z,4946812,24,32.4,38,,,,h,38,,,,0,0.04,1178.907,2.037,0,12.82,,0.255,13,281,28.862,48.38,1.686,8.322,,,,,1
2026-10-07T06:00Z,2026-10-09T06:00Z,4946812,48,36.9,40.6,,,,h,40.6,,,,0,0.007,920.913,1.739,0,12.82,,0.255,13,282,28.472,59.965,1.317,71.462,,,,,1
2026-10-07T06:00Z,2026-10-07T07:00Z,4946813,1,13.6,55.4,,,,h,55.4,,,,0,0.081,1476.45,2.788,0,48.62,,1.384,14,280,28.681,45.081,2.116,37.919,,,,,1
2026-10-07T06:00Z,2026-10-07T09:00Z,4946813,3,15.8,60.4,,,,h,60.4,,,,0,0.028,1017.116,1.885,0,48.62,,1.384,16,280,28.03,46.578,1.419,59.348,,,,,1
2026-10-07T06:00Z,2026-10-07T12:00Z,4946813,6,96.4,328,,,,h,328,,,,0,0.064,20.137,1.179,0,48.62,,1.384,19,280,23.94,68.939,0.642,295.735,,,,,1
2026-10-07T06:00Z,2026-10-07T18:00Z,4946813,12,143.4,421.8,,,,h,421.8,,,,0,0.432,20,1.753,0,48.62,,1.384,1,280,21.611,81.843,0.247,197.845,,,,,1
2026-10-07T06:00Z,2026-10-08T06:00Z,4946813,24,28.9,68,,,,h,68,,,,0,0.042,1193.361,2.019,0,48.62,,1.384,13,281,28.98,48.518,1.682,5.945,,,,,1
2026-10-07T06:00Z,2026-10-09T06:00Z,4946813,48,32.6,54.8,,,,h,54.8,,,,0,0.007,897.616,1.657,0,48.62,,1.384,13,282,28.548,59.941,1.265,74.212,,,,,1
2026-10-07T06:00Z,2026-10-07T07:00Z,a4t:bkp100t,1,13,13.4,12.4,12.8,13.9,24,13.4,13.9,,,0,0.013,1263.616,2.658,0.118,,13.9,0.031,14,280,31.477,63.59,2.124,45.681,,,,,1
2026-10-07T06:00Z,2026-10-07T09:00Z,a4t:bkp100t,3,12.3,12.7,12.8,13.2,13.9,24,12.7,13.9,,,0,0.011,826.154,1.616,0.361,,13.9,0.031,16,280,30.745,66.916,1.197,53.13,,,,,1
2026-10-07T06:00Z,2026-10-07T12:00Z,a4t:bkp100t,6,21.8,22.4,13.1,13.5,13.9,24,22.4,13.9,,,0,0.005,94.931,1.675,0.014,,13.9,0.031,19,280,26.738,89.295,1.079,238.489,,,,,1
2026-10-07T06:00Z,2026-10-07T18:00Z,a4t:bkp100t,12,45.1,46.2,17.7,18.2,14.9,24,46.2,14.9,,,0,0.014,84.931,1.386,0.014,,13.9,0.031,1,280,24.714,96.025,0.362,289.585,,,,,1
2026-10-07T06:00Z,2026-10-08T06:00Z,a4t:bkp100t,24,20.7,21.1,29.2,29.9,19.1,24,21.1,19.1,,,0,0.081,1267.28,1.197,0.047,,13.9,0.031,13,281,31.678,62.75,0.922,17.407,,,,,1
2026-10-07T06:00Z,2026-10-09T06:00Z,a4t:bkp100t,48,23.1,23.4,33,33.4,24,24,23.4,24,,,0,0.003,725.088,3.513,1.973,,13.9,0.031,13,282,29.068,76.733,2.611,22.294,,,,,1
2026-10-07T06:00Z,2026-10-07T07:00Z,a4t:bkp101t,1,6.7,7.7,10.6,12.1,18.3,24,7.7,18.3,,,0,0.013,1288.12,2.629,0.079,,18.5,0.127,14,280,31.581,62.806,2.094,44.55,,,,,1
2026-10-07T06:00Z,2026-10-07T09:00Z,a4t:bkp101t,3,6.7,7.7,10.7,12.3,18.1,24,7.7,18.1,,,0,0.01,813.496,1.702,0.272,,18.5,0.127,16,280,30.862,66.461,1.278,52.378,,,,,1
2026-10-07T06:00Z,2026-10-07T12:00Z,a4t:bkp101t,6,21.3,23.9,11.1,12.7,17.9,24,23.9,17.9,,,0,0.005,92.096,1.89,0.01,,18.5,0.127,19,280,26.796,88.786,1.189,242.761,,,,,1
2026-10-07T06:00Z,2026-10-07T18:00Z,a4t:bkp101t,12,52.7,58.2,18.8,21.1,19.2,24,58.2,19.2,,,0,0.018,82.096,1.398,0.01,,18.5,0.127,1,280,24.744,96.284,0.447,273.683,,,,,1
2026-10-07T06:00Z,2026-10-08T06:00Z,a4t:bkp101t,24,15.7,17,27.5,30.4,22.6,24,17,22.6,,,0,0.081,1285.835,1.07,0.039,,18.5,0.127,13,281,31.788,62.144,0.814,17.518,,,,,1
2026-10-07T06:00Z,2026-10-09T06:00Z,a4t:bkp101t,48,18.5,19.4,28,29.8,25.2,24,19.4,25.2,,,0,0.002,640.303,3.447,2.258,,18.5,0.127,13,282,28.684,78.899,2.53,21.78,,,,,1
2026-10-07T06:00Z,2026-10-07T07:00Z,a4t:bkp102t,1,27.9,24.8,22.9,20.3,13.3,24,24.8,13.3,,,0,0.021,1205.546,2.592,0.251,,13.1,-0.117,14,280,31.222,65.463,2.089,45.465,,,,,1
2026-10-07T06:00Z,2026-10-07T09:00Z,a4t:bkp102t,3,26.7,23.9,23.6,20.9,13.6,24,23.9,13.6,,,0,0.02,920.492,1.491,0.377,,13.1,-0.117,16,280,30.679,67.036,1.093,48.619,,,,,1
2026-10-07T06:00Z,2026-10-07T12:00Z,a4t:bkp102t,6,34.9,31.4,24.2,21.5,14,24,31.4,14,,,0,0.008,103.592,1.552,0.016,,13.1,-0.117,19,280,26.687,90.407,1.012,226.195,,,,,1
2026-10-07T06:00Z,2026-10-07T18:00Z,a4t:bkp102t,12,32.6,29.7,25.9,23.2,15.3,24,29.7,15.3,,,0,0.01,93.592,1.91,0.016,,13.1,-0.117,1,280,24.671,95.517,0.568,308.143,,,,,1
2026-10-07T06:00Z,2026-10-08T06:00Z,a4t:bkp102t,24,31.1,28.9,31.9,29.1,18,24,28.9,18,,,0,0.056,1230.684,1.637,0.067,,13.1,-0.117,13,281,31.534,63.345,1.279,26.443,,,,,1
2026-10-07T06:00Z,2026-10-09T06:00Z,a4t:bkp102t,48,35.2,33.7,38.4,36.4,23.6,24,33.7,23.6,,,0,0.003,939.976,3.644,1.262,,13.1,-0.117,13,282,30.131,70.512,2.774,25.469,,,,,1
2026-10-07T06:00Z,2026-10-07T07:00Z,a4t:bkp103t,1,27.9,26,22.9,21.3,16.1,24,26,16.1,,,0,0.029,1253.988,2.584,0.172,,15.9,-0.069,14,280,31.404,64.144,2.081,44.324,,,,,1
2026-10-07T06:00Z,2026-10-07T09:00Z,a4t:bkp103t,3,26.7,25,23.6,22,16.3,24,25,16.3,,,0,0.023,934.385,1.542,0.269,,15.9,-0.069,16,280,30.857,66.354,1.145,46.897,,,,,1
2026-10-07T06:00Z,2026-10-07T12:00Z,a4t:bkp103t,6,34.9,32.8,24.2,22.6,16.6,24,32.8,16.6,,,0,0.009,99.992,1.708,0.01,,15.9,-0.069,19,280,26.71,90.364,1.117,225.26,,,,,1
2026-10-07T06:00Z,2026-10-07T18:00Z,a4t:bkp103t,12,32.6,30.9,25.9,24.3,17.7,24,30.9,17.7,,,0,0.017,89.992,1.774,0.01,,15.9,-0.069,1,280,24.718,95.887,0.542,293.085,,,,,1
2026-10-07T06:00Z,2026-10-08T06:00Z,a4t:bkp103t,24,31.1,29.8,31.9,30.2,20.3,24,29.8,20.3,,,0,0.06,1253.386,1.577,0.06,,15.9,-0.069,13,281,31.701,62.178,1.217,28.571,,,,,1
2026-10-07T06:00Z,2026-10-09T06:00Z,a4t:bkp103t,48,35.2,34.3,38.4,37.2,25.9,24,34.3,25.9,,,0,0.002,876.64,3.567,1.514,,15.9,-0.069,13,282,29.837,71.998,2.679,25.314,,,,,1
2026-10-07T06:00Z,2026-10-07T07:00Z,a4t:bkp104t,1,27.9,23.4,22.9,19.1,12.4,24,23.4,12.4,,,0,0.031,1203.686,2.543,0.274,,12.2,-0.175,14,280,31.2,65.619,2.056,44.43,,,,,1
2026-10-07T06:00Z,2026-10-07T09:00Z,a4t:bkp104t,3,26.7,22.6,23.6,19.7,12.6,24,22.6,12.6,,,0,0.03,970.108,1.486,0.307,,12.2,-0.175,16,280,30.76,66.654,1.099,45.125,,,,,1
2026-10-07T06:00Z,2026-10-07T12:00Z,a4t:bkp104t,6,34.9,29.8,24.2,20.3,13.1,24,29.8,13.1,,,0,0.011,105.597,1.642,0.012,,12.2,-0.175,19,280,26.692,90.769,1.061,221.849,,,,,1
2026-10-07T06:00Z,2026-10-07T18:00Z,a4t:bkp104t,12,32.6,28.4,25.9,22,14.3,24,28.4,14.3,,,0,0.011,95.597,2.082,0.012,,12.2,-0.175,1,280,24.679,95.498,0.659,305.748,,,,,1
2026-10-07T06:00Z,2026-10-08T06:00Z,a4t:bkp104t,24,31.1,27.9,31.9,27.8,16.8,24,27.9,16.8,,,0,0.046,1227.737,1.806,0.072,,12.2,-0.175,13,281,31.568,62.963,1.412,30.558,,,,,1
2026-10-07T06:00Z,2026-10-09T06:00Z,a4t:bkp104t,48,35.2,33,38.4,35.4,22.2,24,33,22.2,,,0,0.003,993.952,3.66,1.102,,12.2,-0.175,13,282,30.42,68.7,2.793,26.833,,,,,1
2026-10-07T06:00Z,2026-10-07T07:00Z,a4t:bkp105t,1,27.9,25.7,22.9,21.1,16.6,24,25.7,16.6,,,0,0.023,1191.469,2.561,0.287,,16.5,-0.082,14,280,31.161,65.895,2.068,45.078,,,,,1
2026-10-07T06:00Z,2026-10-07T09:00Z,a4t:bkp105t,3,26.7,24.7,23.6,21.7,16.8,24,24.7,16.8,,,0,0.024,944.389,1.481,0.359,,16.5,-0.082,16,280,30.684,66.973,1.089,47.014,,,,,1
2026-10-07T06:00Z,2026-10-07T12:00Z,a4t:bkp105t,6,34.9,32.4,24.2,22.3,17.1,24,32.4,17.1,,,0,0.009,105.643,1.574,0.015,,16.5,-0.082,19,280,26.689,90.577,1.018,224.609,,,,,1
2026-10-07T06:00Z,2026-10-07T18:00Z,a4t:bkp105t,12,32.6,30.6,25.9,24,18.1,24,30.6,18.1,,,0,0.01,95.643,2.059,0.015,,16.5,-0.082,1,280,24.664,95.416,0.642,309.701,,,,,1
2026-10-07T06:00Z,2026-10-08T06:00Z,a4t:bkp105t,24,31.1,29.6,31.9,29.9,20.6,24,29.6,20.6,,,0,0.048,1223.708,1.742,0.071,,16.5,-0.082,13,281,31.513,63.424,1.366,28.479,,,,,1
2026-10-07T06:00Z,2026-10-09T06:00Z,a4t:bkp105t,48,35.2,34.1,38.4,37,25.9,24,34.1,25.9,,,0,0.003,983.055,3.671,1.118,,16.5,-0.082,13,282,30.355,69.192,2.807,26.29,,,,,1
2026-10-07T06:00Z,2026-10-07T07:00Z,a4t:bkp114t,1,27.9,23.9,22.9,19.5,10.9,24,23.9,10.9,,,0,0.019,1234.007,2.618,0.192,,10.6,-0.158,14,280,31.339,64.614,2.104,45.44,,,,,1
2026-10-07T06:00Z,2026-10-07T09:00Z,a4t:bkp114t,3,26.7,23,23.6,20,11.2,24,23,11.2,,,0,0.017,895.546,1.529,0.358,,10.6,-0.158,16,280,30.729,66.89,1.124,49.824,,,,,1
2026-10-07T06:00Z,2026-10-07T12:00Z,a4t:bkp114t,6,34.9,30.4,24.2,20.6,11.7,24,30.4,11.7,,,0,0.007,100.229,1.592,0.015,,10.6,-0.158,19,280,26.699,90.125,1.043,228.883,,,,,1
2026-10-07T06:00Z,2026-10-07T18:00Z,a4t:bkp114t,12,32.6,28.8,25.9,22.4,13.1,24,28.8,13.1,,,0,0.013,90.229,1.7,0.015,,10.6,-0.158,1,280,24.693,95.742,0.477,301.033,,,,,1
2026-10-07T06:00Z,2026-10-08T06:00Z,a4t:bkp114t,24,31.1,28.3,31.9,28.2,15.9,24,28.3,15.9,,,0,0.066,1245.74,1.493,0.06,,10.6,-0.158,13,281,31.608,62.931,1.159,24.516,,,,,1
2026-10-07T06:00Z,2026-10-09T06:00Z,a4t:bkp114t,48,35.2,33.2,38.4,35.7,21.6,24,33.2,21.6,,,0,0.003,866.925,3.591,1.515,,10.6,-0.158,13,282,29.768,72.585,2.707,24.475,,,,,1
2026-10-07T06:00Z,2026-10-07T07:00Z,a4t:bkp115t,1,17.5,14.8,22.3,18.8,12.9,24,14.8,12.9,,,0,0.023,1264.215,2.6,0.145,,12.7,-0.164,14,280,31.453,63.778,2.088,44.444,,,,,1
2026-10-07T06:00Z,2026-10-07T09:00Z,a4t:bkp115t,3,17.9,15.3,22.4,18.9,13.1,24,15.3,13.1,,,0,0.018,906.378,1.574,0.272,,12.7,-0.164,16,280,30.859,66.381,1.17,48.337,,,,,1
2026-10-07T06:00Z,2026-10-07T12:00Z,a4t:bkp115t,6,38.4,33.2,22.5,19,13.4,24,33.2,13.4,,,0,0.008,97.995,1.726,0.01,,12.7,-0.164,19,280,26.726,90.028,1.126,229.123,,,,,1
2026-10-07T06:00Z,2026-10-07T18:00Z,a4t:bkp115t,12,42.8,37.7,28.6,24.6,15.2,24,37.7,15.2,,,0,0.018,87.995,1.662,0.01,,12.7,-0.164,1,280,24.725,95.989,0.503,289.137,,,,,1
2026-10-07T06:00Z,2026-10-08T06:00Z,a4t:bkp115t,24,20.7,18.7,31.5,27.6,17.1,24,18.7,17.1,,,0,0.066,1261.353,1.454,0.055,,12.7,-0.164,13,281,31.724,62.139,1.117,26.557,,,,,1
2026-10-07T06:00Z,2026-10-09T06:00Z,a4t:bkp115t,48,24.9,23.4,32.6,30.1,20.1,24,23.4,20.1,,,0,0.002,821.624,3.537,1.69,,12.7,-0.164,13,282,29.565,73.614,2.641,24.47,,,,,1
2026-10-07T06:00Z,2026-10-07T07:00Z,a4t:bkp116t,1,17.5,14.8,22.3,18.7,12.9,24,14.8,12.9,,,0,0.023,1260.606,2.601,0.151,,12.7,-0.166,14,280,31.439,63.881,2.09,44.552,,,,,1
2026-10-07T06:00Z,2026-10-07T09:00Z,a4t:bkp116t,3,17.9,15.2,22.4,18.9,13.1,24,15.2,13.1,,,0,0.018,906.222,1.567,0.282,,12.7,-0.166,16,280,30.845,66.436,1.164,48.447,,,,,1
2026-10-07T06:00Z,2026-10-07T12:00Z,a4t:bkp116t,6,38.4,33.1,22.5,19,13.4,24,33.1,13.4,,,0,0.008,98.308,1.71,0.011,,12.7,-0.166,19,280,26.722,90.052,1.117,228.938,,,,,1
2026-10-07T06:00Z,2026-10-07T18:00Z,a4t:bkp116t,12,42.8,37.6,28.6,24.5,15.2,24,37.6,15.2,,,0,0.017,88.308,1.666,0.011,,12.7,-0.166,1,280,24.721,95.959,0.498,290.605,,,,,1
2026-10-07T06:00Z,2026-10-08T06:00Z,a4t:bkp116t,24,20.7,18.7,31.5,27.6,17.1,24,18.7,17.1,,,0,0.066,1259.362,1.463,0.056,,12.7,-0.166,13,281,31.711,62.227,1.125,26.403,,,,,1
2026-10-07T06:00Z,2026-10-09T06:00Z,a4t:bkp116t,48,24.9,23.4,32.6,30.1,20.1,24,23.4,20.1,,,0,0.002,828.616,3.544,1.665,,12.7,-0.166,13,282,29.597,73.442,2.65,24.5,,,,,1
2026-10-07T06:00Z,2026-10-07T07:00Z,a4t:bkp117t,1,13,12.7,12.4,12.1,10.8,24,12.7,10.8,,,0,0.01,1232.2,2.704,0.162,,10.8,-0.024,14,280,31.353,64.515,2.165,47.206,,,,,1
2026-10-07T06:00Z,2026-10-07T09:00Z,a4t:bkp117t,3,12.3,12,12.8,12.5,10.9,24,12,10.9,,,0,0.01,818.444,1.536,0.487,,10.8,-0.024,16,280,30.578,67.589,1.116,55.352,,,,,1
2026-10-07T06:00Z,2026-10-07T12:00Z,a4t:bkp117t,6,21.8,21.3,13.1,12.7,11,24,21.3,11,,,0,0.005,97.565,1.441,0.021,,10.8,-0.024,19,280,26.68,89.641,0.952,235.791,,,,,1
2026-10-07T06:00Z,2026-10-07T18:00Z,a4t:bkp117t,12,45.1,44.3,17.7,17.3,12.2,24,44.3,12.2,,,0,0.009,87.565,1.445,0.021,,10.8,-0.024,1,280,24.675,95.722,0.335,307.974,,,,,1
2026-10-07T06:00Z,2026-10-08T06:00Z,a4t:bkp117t,24,20.7,20.4,29.2,28.7,16.5,24,20.4,16.5,,,0,0.077,1246.909,1.279,0.055,,10.8,-0.024,13,281,31.533,63.66,1,14.63,,,,,1
2026-10-07T06:00Z,2026-10-09T06:00Z,a4t:bkp117t,48,23.1,22.9,33,32.6,21.5,24,22.9,21.5,,,0,0.003,796.565,3.585,1.717,,10.8,-0.024,13,282,29.379,75.076,2.699,22.328,,,,,1
2026-10-07T06:00Z,2026-10-07T07:00Z,a4t:bkp118t,1,13,14.2,12.4,13.7,18,24,14.2,18,,,0,0.01,1262.336,2.7,0.104,,18.1,0.089,14,280,31.484,63.536,2.152,46.547,,,,,1
2026-10-07T06:00Z,2026-10-07T09:00Z,a4t:bkp118t,3,12.3,13.4,12.8,14.1,17.9,24,13.4,17.9,,,0,0.008,784.035,1.629,0.425,,18.1,0.089,16,280,30.668,67.273,1.202,55.852,,,,,1
2026-10-07T06:00Z,2026-10-07T12:00Z,a4t:bkp118t,6,21.8,23.6,13.1,14.3,17.7,24,23.6,17.7,,,0,0.004,93.471,1.625,0.017,,18.1,0.089,19,280,26.733,88.994,1.039,242.74,,,,,1
2026-10-07T06:00Z,2026-10-07T18:00Z,a4t:bkp118t,12,45.1,48.3,17.7,19.2,18.4,24,48.3,18.4,,,0,0.011,83.471,1.232,0.017,,18.1,0.089,1,280,24.705,96.02,0.274,291.996,,,,,1
2026-10-07T06:00Z,2026-10-08T06:00Z,a4t:bkp118t,24,20.7,21.9,29.2,31.3,22.6,24,21.9,22.6,,,0,0.085,1268.442,1.09,0.044,,18.1,0.089,13,281,31.64,63.135,0.847,10.519,,,,,1
2026-10-07T06:00Z,2026-10-09T06:00Z,a4t:bkp118t,48,23.1,23.9,33,34.4,27.1,24,23.9,27.1,,,0,0.003,683.669,3.511,2.092,,18.1,0.089,13,282,28.844,78.159,2.606,21.116,,,,,1
2026-10-07T06:00Z,2026-10-07T07:00Z,a4t:bkp119t,1,27.9,24.4,22.9,19.9,14.1,24,24.4,14.1,,,0,0.017,1235.901,2.631,0.183,,13.9,-0.135,14,280,31.351,64.527,2.113,45.686,,,,,1
2026-10-07T06:00Z,2026-10-07T09:00Z,a4t:bkp119t,3,26.7,23.5,23.6,20.5,14.3,24,23.5,14.3,,,0,0.015,880.522,1.535,0.375,,13.9,-0.135,16,280,30.711,66.981,1.127,50.784,,,,,1
2026-10-07T06:00Z,2026-10-07T12:00Z,a4t:bkp119t,6,34.9,31,24.2,21.1,14.7,24,31,14.7,,,0,0.007,99.499,1.577,0.015,,13.9,-0.135,19,280,26.7,90,1.034,230.473,,,,,1
2026-10-07T06:00Z,2026-10-07T18:00Z,a4t:bkp119t,12,32.6,29.3,25.9,22.9,15.8,24,29.3,15.8,,,0,0.012,89.499,1.641,0.015,,13.9,-0.135,1,280,24.692,95.76,0.448,301.093,,,,,1
2026-10-07T06:00Z,2026-10-08T06:00Z,a4t:bkp119t,24,31.1,28.6,31.9,28.7,18.3,24,28.6,18.3,,,0,0.069,1247.49,1.441,0.058,,13.9,-0.135,13,281,31.604,63.011,1.118,22.969,,,,,1
2026-10-07T06:00Z,2026-10-09T06:00Z,a4t:bkp119t,48,35.2,33.5,38.4,36.1,23.7,24,33.5,23.7,,,0,0.003,847.316,3.584,1.575,,13.9,-0.135,13,282,29.666,73.213,2.698,24.044,,,,,1
2026-10-07T06:00Z,2026-10-07T07:00Z,a4t:bkp120t,1,17.5,17.2,22.3,21.9,20.8,24,17.2,20.8,,,0,0.026,1307.333,2.57,0.08,,20.8,-0.018,14,280,31.618,62.566,2.062,42.864,,,,,1
2026-10-07T06:00Z,2026-10-07T09:00Z,a4t:bkp120t,3,17.9,17.6,22.4,22,20.9,24,17.6,20.9,,,0,0.017,919.627,1.651,0.141,,20.8,-0.018,16,280,31.051,65.624,1.247,46.343,,,,,1
2026-10-07T06:00Z,2026-10-07T12:00Z,a4t:bkp120t,6,38.4,37.8,22.5,22.1,20.9,24,37.8,20.9,,,0,0.008,94.676,1.938,0.004,,20.8,-0.018,19,280,26.772,89.814,1.254,230.3,,,,,1
2026-10-07T06:00Z,2026-10-07T18:00Z,a4t:bkp120t,12,42.8,42.2,28.6,28.1,22.4,24,42.2,22.4,,,0,0.03,84.676,1.741,0.004,,20.8,-0.018,1,280,24.772,96.355,0.631,271.621,,,,,1
2026-10-07T06:00Z,2026-10-08T06:00Z,a4t:bkp120t,24,20.7,20.5,31.5,31,24,24,20.5,24,,,0,0.06,1284.828,1.39,0.047,,20.8,-0.018,13,281,31.895,60.996,1.051,29.767,,,,,1
2026-10-07T06:00Z,2026-10-09T06:00Z,a4t:bkp120t,48,24.9,24.7,32.6,32.3,26.4,24,24.7,26.4,,,0,0.002,748.988,3.455,1.964,,20.8,-0.018,13,282,29.241,75.289,2.542,24.432,,,,,1
2026-10-07T06:00Z,2026-10-07T07:00Z,a4t:bkp121t,1,27.9,22.9,22.9,18.6,11.7,24,22.9,11.7,,,0,0.018,1195.502,2.601,0.265,,11.5,-0.2,14,280,31.186,65.719,2.096,45.858,,,,,1
2026-10-07T06:00Z,2026-10-07T09:00Z,a4t:bkp121t,3,26.7,22,23.6,19.2,12,24,22,12,,,0,0.018,909.805,1.483,0.41,,11.5,-0.2,16,280,30.629,67.24,1.082,49.539,,,,,1
2026-10-07T06:00Z,2026-10-07T12:00Z,a4t:bkp121t,6,34.9,29.2,24.2,19.8,12.4,24,29.2,12.4,,,0,0.008,104.047,1.506,0.017,,11.5,-0.2,19,280,26.681,90.358,0.983,227.191,,,,,1
2026-10-07T06:00Z,2026-10-07T18:00Z,a4t:bkp121t,12,32.6,27.8,25.9,21.5,13.6,24,27.8,13.6,,,0,0.009,94.047,1.929,0.017,,11.5,-0.2,1,280,24.66,95.442,0.574,311.439,,,,,1
2026-10-07T06:00Z,2026-10-08T06:00Z,a4t:bkp121t,24,31.1,27.5,31.9,27.2,16.1,24,27.5,16.1,,,0,0.055,1226.337,1.624,0.068,,11.5,-0.2,13,281,31.494,63.652,1.273,25.299,,,,,1
2026-10-07T06:00Z,2026-10-09T06:00Z,a4t:bkp121t,48,35.2,32.7,38.4,35,21.4,24,32.7,21.4,,,0,0.003,944.889,3.659,1.234,,11.5,-0.2,13,282,30.148,70.482,2.791,25.29,,,,,1
2026-10-07T06:00Z,2026-10-07T07:00Z,a4t:bkp122t,1,27.9,23.1,22.9,18.9,12.1,24,23.1,12.1,,,0,0.018,1235.863,2.626,0.185,,11.9,-0.188,14,280,31.349,64.54,2.109,45.574,,,,,1
2026-10-07T06:00Z,2026-10-07T09:00Z,a4t:bkp122t,3,26.7,22.3,23.6,19.4,12.4,24,22.3,12.4,,,0,0.016,886.245,1.534,0.367,,11.9,-0.188,16,280,30.721,66.936,1.127,50.4,,,,,1
2026-10-07T06:00Z,2026-10-07T12:00Z,a4t:bkp122t,6,34.9,29.5,24.2,20,12.8,24,29.5,12.8,,,0,0.007,99.717,1.585,0.015,,11.9,-0.188,19,280,26.7,90.043,1.039,229.899,,,,,1
2026-10-07T06:00Z,2026-10-07T18:00Z,a4t:bkp122t,12,32.6,28.1,25.9,21.7,14,24,28.1,14,,,0,0.013,89.717,1.661,0.015,,11.9,-0.188,1,280,24.693,95.759,0.458,300.808,,,,,1
2026-10-07T06:00Z,2026-10-08T06:00Z,a4t:bkp122t,24,31.1,27.7,31.9,27.5,16.5,24,27.7,16.5,,,0,0.068,1247.196,1.459,0.059,,11.9,-0.188,13,281,31.608,62.965,1.132,23.593,,,,,1
2026-10-07T06:00Z,2026-10-09T06:00Z,a4t:bkp122t,48,35.2,32.8,38.4,35.2,21.8,24,32.8,21.8,,,0,0.003,853.458,3.585,1.557,,11.9,-0.188,13,282,29.699,73.007,2.7,24.202,,,,,1
2026-10-07T06:00Z,2026-10-07T07:00Z,a4t:bkp123t,1,17.5,14.7,22.3,18.7,12.6,24,14.7,12.6,,,0,0.023,1261.569,2.6,0.15,,12.4,-0.17,14,280,31.442,63.859,2.089,44.496,,,,,1
2026-10-07T06:00Z,2026-10-07T09:00Z,a4t:bkp123t,3,17.9,15.2,22.4,18.8,12.8,24,15.2,12.8,,,0,0.018,908.209,1.568,0.277,,12.4,-0.17,16,280,30.851,66.409,1.165,48.302,,,,,1
2026-10-07T06:00Z,2026-10-07T12:00Z,a4t:bkp123t,6,38.4,33,22.5,18.9,13.1,24,33,13.1,,,0,0.008,98.301,1.716,0.011,,12.4,-0.17,19,280,26.723,90.065,1.12,228.749,,,,,1
2026-10-07T06:00Z,2026-10-07T18:00Z,a4t:bkp123t,12,42.8,37.5,28.6,24.5,14.9,24,37.5,14.9,,,0,0.017,88.301,1.671,0.011,,12.4,-0.17,1,280,24.722,95.965,0.503,290.225,,,,,1
2026-10-07T06:00Z,2026-10-08T06:00Z,a4t:bkp123t,24,20.7,18.6,31.5,27.5,16.9,24,18.6,16.9,,,0,0.066,1259.719,1.467,0.056,,12.4,-0.17,13,281,31.715,62.19,1.129,26.618,,,,,1
2026-10-07T06:00Z,2026-10-09T06:00Z,a4t:bkp123t,48,24.9,23.4,32.6,30,19.9,24,23.4,19.9,,,0,0.002,829.237,3.542,1.664,,12.4,-0.17,13,282,29.601,73.409,2.648,24.544,,,,,1
2026-10-07T06:00Z,2026-10-07T07:00Z,a4t:bkp124t,1,27.9,24.9,22.9,20.3,15.2,24,24.9,15.2,,,0,0.032,1242.043,2.571,0.199,,15,-0.116,14,280,31.352,64.527,2.074,44.283,,,,,1
2026-10-07T06:00Z,2026-10-07T09:00Z,a4t:bkp124t,3,26.7,23.9,23.6,21,15.4,24,23.9,15.4,,,0,0.027,952.898,1.519,0.273,,15,-0.116,16,280,30.843,66.384,1.127,45.937,,,,,1
2026-10-07T06:00Z,2026-10-07T12:00Z,a4t:bkp124t,6,34.9,31.5,24.2,21.5,15.7,24,31.5,15.7,,,0,0.01,101.738,1.692,0.011,,15,-0.116,19,280,26.699,90.584,1.106,222.879,,,,,1
2026-10-07T06:00Z,2026-10-07T18:00Z,a4t:bkp124t,12,32.6,29.8,25.9,23.3,16.8,24,29.8,16.8,,,0,0.016,91.738,1.869,0.011,,15,-0.116,1,280,24.709,95.783,0.576,296.746,,,,,1
2026-10-07T06:00Z,2026-10-08T06:00Z,a4t:bkp124t,24,31.1,29,31.9,29.1,19.3,24,29,19.3,,,0,0.054,1245.943,1.669,0.064,,15,-0.116,13,281,31.671,62.307,1.293,29.713,,,,,1
2026-10-07T06:00Z,2026-10-09T06:00Z,a4t:bkp124t,48,35.2,33.7,38.4,36.4,24.6,24,33.7,24.6,,,0,0.002,919.674,3.595,1.371,,15,-0.116,13,282,30.049,70.755,2.713,25.93,,,,,1
2026-10-07T06:00Z,2026-10-07T07:00Z,a4t:bkp125t,1,13,14.5,12.4,13.9,16.8,24,14.5,16.8,,,0,0.012,1264.055,2.66,0.117,,16.9,0.103,14,280,31.479,63.57,2.125,45.705,,,,,1
2026-10-07T06:00Z,2026-10-07T09:00Z,a4t:bkp125t,3,12.3,13.6,12.8,14.3,16.7,24,13.6,16.7,,,0,0.01,823.52,1.619,0.363,,16.9,0.103,16,280,30.743,66.926,1.199,53.266,,,,,1
2026-10-07T06:00Z,2026-10-07T12:00Z,a4t:bkp125t,6,21.8,23.9,13.1,14.5,16.6,24,23.9,16.6,,,0,0.005,94.789,1.677,0.014,,16.9,0.103,19,280,26.739,89.267,1.079,238.827,,,,,1
2026-10-07T06:00Z,2026-10-07T18:00Z,a4t:bkp125t,12,45.1,48.9,17.7,19.4,17.5,24,48.9,17.5,,,0,0.014,84.789,1.377,0.014,,16.9,0.103,1,280,24.714,96.03,0.358,289.364,,,,,1
2026-10-07T06:00Z,2026-10-08T06:00Z,a4t:bkp125t,24,20.7,22.1,29.2,31.6,21.9,24,22.1,21.9,,,0,0.081,1267.742,1.188,0.047,,16.9,0.103,13,281,31.678,62.759,0.915,17.057,,,,,1
2026-10-07T06:00Z,2026-10-09T06:00Z,a4t:bkp125t,48,23.1,24,33,34.6,26.8,24,24,26.8,,,0,0.003,720.936,3.512,1.986,,16.9,0.103,13,282,29.047,76.86,2.609,22.218,,,,,1
2026-10-07T06:00Z,2026-10-07T07:00Z,a4t:bkp126t,1,27.9,23.8,22.9,19.4,13.3,24,23.8,13.3,,,0,0.032,1196.084,2.527,0.293,,13.1,-0.158,14,280,31.168,65.851,2.045,44.228,,,,,1
2026-10-07T06:00Z,2026-10-07T09:00Z,a4t:bkp126t,3,26.7,22.9,23.6,20,13.5,24,22.9,13.5,,,0,0.032,982.154,1.481,0.299,,13.1,-0.158,16,280,30.761,66.626,1.099,44.305,,,,,1
2026-10-07T06:00Z,2026-10-07T12:00Z,a4t:bkp126t,6,34.9,30.3,24.2,20.6,13.9,24,30.3,13.9,,,0,0.012,106.672,1.654,0.012,,13.1,-0.158,19,280,26.693,90.853,1.063,221.152,,,,,1
2026-10-07T06:00Z,2026-10-07T18:00Z,a4t:bkp126t,12,32.6,28.8,25.9,22.3,15.1,24,28.8,15.1,,,0,0.011,96.672,2.159,0.012,,13.1,-0.158,1,280,24.675,95.443,0.696,306.672,,,,,1
2026-10-07T06:00Z,2026-10-08T06:00Z,a4t:bkp126t,24,31.1,28.2,31.9,28.2,17.6,24,28.2,17.6,,,0,0.042,1224.022,1.862,0.074,,13.1,-0.158,13,281,31.556,63.012,1.459,31.401,,,,,1
2026-10-07T06:00Z,2026-10-09T06:00Z,a4t:bkp126t,48,35.2,33.2,38.4,35.7,22.9,24,33.2,22.9,,,0,0.003,1016.246,3.674,1.027,,13.1,-0.158,13,282,30.536,68.019,2.811,27.247,,,,,1
2026-10-07T06:00Z,2026-10-07T07:00Z,a4t:bkp127t,1,27.9,23.3,22.9,19,12,24,23.3,12,,,0,0.046,1218.847,2.514,0.264,,11.8,-0.181,14,280,31.242,65.328,2.039,43.476,,,,,1
2026-10-07T06:00Z,2026-10-07T09:00Z,a4t:bkp127t,3,26.7,22.4,23.6,19.6,12.3,24,22.4,12.3,,,0,0.044,1018.361,1.481,0.233,,11.8,-0.181,16,280,30.87,66.184,1.107,41.82,,,,,1
2026-10-07T06:00Z,2026-10-07T12:00Z,a4t:bkp127t,6,34.9,29.7,24.2,20.1,12.7,24,29.7,12.7,,,0,0.015,106.209,1.742,0.009,,11.8,-0.181,19,280,26.686,91.199,1.122,216.354,,,,,1
2026-10-07T06:00Z,2026-10-07T18:00Z,a4t:bkp127t,12,32.6,28.3,25.9,21.9,13.9,24,28.3,13.9,,,0,0.014,96.209,2.177,0.009,,11.8,-0.181,1,280,24.697,95.583,0.716,301.173,,,,,1
2026-10-07T06:00Z,2026-10-08T06:00Z,a4t:bkp127t,24,31.1,27.8,31.9,27.7,16.5,24,27.8,16.5,,,0,0.038,1230.692,1.951,0.074,,11.8,-0.181,13,281,31.639,62.293,1.523,33.714,,,,,1
2026-10-07T06:00Z,2026-10-09T06:00Z,a4t:bkp127t,48,35.2,32.9,38.4,35.3,21.9,24,32.9,21.9,,,0,0.002,1031.379,3.656,1.013,,11.8,-0.181,13,282,30.617,67.358,2.79,27.909,,,,,1
2026-10-07T06:00Z,2026-10-07T07:00Z,a4t:bkp129t,1,6.7,6.5,10.6,10.3,9.3,24,6.5,9.3,,,0,0.008,1293.623,2.677,0.039,,9.3,-0.022,14,280,31.64,62.333,2.115,45.413,,,,,1
2026-10-07T06:00Z,2026-10-07T09:00Z,a4t:bkp129t,3,6.7,6.5,10.7,10.5,9.4,24,6.5,9.4,,,0,0.006,707.728,1.814,0.336,,9.3,-0.022,16,280,30.772,66.914,1.373,57.109,,,,,1
2026-10-07T06:00Z,2026-10-07T12:00Z,a4t:bkp129t,6,21.3,20.9,11.1,10.9,9.5,24,20.9,9.5,,,0,0.003,87.334,2.056,0.012,,9.3,-0.022,19,280,26.848,87.571,1.229,255.025,,,,,1
2026-10-07T06:00Z,2026-10-07T18:00Z,a4t:bkp129t,12,52.7,51.8,18.8,18.4,11.3,24,51.8,11.3,,,0,0.012,77.334,1.134,0.012,,9.3,-0.022,1,280,24.742,96.426,0.377,261.837,,,,,1
2026-10-07T06:00Z,2026-10-08T06:00Z,a4t:bkp129t,24,15.7,15.5,27.5,27,14.9,24,15.5,14.9,,,0,0.087,1300.834,0.768,0.027,,9.3,-0.022,13,281,31.775,62.691,0.6,356.331,,,,,1
2026-10-07T06:00Z,2026-10-09T06:00Z,a4t:bkp129t,48,18.5,18.3,28,27.7,18.3,24,18.3,18.3,,,0,0.003,481.318,3.399,2.735,,9.3,-0.022,13,282,27.896,83.749,2.468,18.819,,,,,1
2026-10-07T06:00Z,2026-10-07T07:00Z,a4t:bkp130t,1,6.7,6.9,10.6,10.9,11.4,24,6.9,11.4,,,0,0.018,1290.658,2.598,0.094,,11.4,0.032,14,280,31.569,62.908,2.079,43.838,,,,,1
2026-10-07T06:00Z,2026-10-07T09:00Z,a4t:bkp130t,3,6.7,6.9,10.7,11.1,11.4,24,6.9,11.4,,,0,0.013,873.456,1.657,0.218,,11.4,0.032,16,280,30.937,66.109,1.244,49.224,,,,,1
2026-10-07T06:00Z,2026-10-07T12:00Z,a4t:bkp130t,6,21.3,21.9,11.1,11.5,11.4,24,21.9,11.4,,,0,0.006,94.284,1.871,0.008,,11.4,0.032,19,280,26.775,89.421,1.2,235.393,,,,,1
2026-10-07T06:00Z,2026-10-07T18:00Z,a4t:bkp130t,12,52.7,54,18.8,19.3,13.2,24,54,13.2,,,0,0.022,84.284,1.577,0.008,,11.4,0.032,1,280,24.751,96.254,0.526,275.875,,,,,1
2026-10-07T06:00Z,2026-10-08T06:00Z,a4t:bkp130t,24,15.7,16,27.5,28.2,16.8,24,16,16.8,,,0,0.072,1280.734,1.265,0.046,,11.4,0.032,13,281,31.818,61.691,0.96,24.89,,,,,1
2026-10-07T06:00Z,2026-10-09T06:00Z,a4t:bkp130t,48,18.5,18.7,28,28.4,20.2,24,18.7,20.2,,,0,0.002,717.816,3.466,2.033,,11.4,0.032,13,282,29.073,76.459,2.555,23.368,,,,,1
2026-10-07T06:00Z,2026-10-07T07:00Z,a4t:bkp131t,1,27.9,24.3,22.9,19.9,13.8,24,24.3,13.8,,,0,0.018,1213.168,2.613,0.23,,13.6,-0.138,14,280,31.256,65.214,2.103,45.761,,,,,1
2026-10-07T06:00Z,2026-10-07T09:00Z,a4t:bkp131t,3,26.7,23.4,23.6,20.5,14,24,23.4,14,,,0,0.018,901.708,1.5,0.393,,13.6,-0.138,16,280,30.669,67.109,1.097,49.854,,,,,1
2026-10-07T06:00Z,2026-10-07T12:00Z,a4t:bkp131t,6,34.9,30.9,24.2,21.1,14.4,24,30.9,14.4,,,0,0.007,102.255,1.534,0.016,,13.6,-0.138,19,280,26.686,90.262,1.005,227.795,,,,,1
2026-10-07T06:00Z,2026-10-07T18:00Z,a4t:bkp131t,12,32.6,29.2,25.9,22.8,15.5,24,29.2,15.5,,,0,0.011,92.255,1.811,0.016,,13.6,-0.138,1,280,24.674,95.575,0.519,307.412,,,,,1
2026-10-07T06:00Z,2026-10-08T06:00Z,a4t:bkp131t,24,31.1,28.6,31.9,28.6,18.1,24,28.6,18.1,,,0,0.061,1234.9,1.561,0.064,,13.6,-0.138,13,281,31.542,63.346,1.218,24.699,,,,,1
2026-10-07T06:00Z,2026-10-09T06:00Z,a4t:bkp131t,48,35.2,33.4,38.4,36,23.5,24,33.4,23.5,,,0,0.003,909.619,3.629,1.361,,13.6,-0.138,13,282,29.973,71.454,2.754,24.866,,,,,1
2026-10-07T06:00Z,2026-10-07T07:00Z,a4t:bkp133t,1,27.9,23.8,22.9,19.4,13.5,24,23.8,13.5,,,0,0.028,1243.412,2.584,0.19,,13.3,-0.159,14,280,31.363,64.444,2.082,44.531,,,,,1
2026-10-07T06:00Z,2026-10-07T09:00Z,a4t:bkp133t,3,26.7,22.9,23.6,20,13.7,24,22.9,13.7,,,0,0.023,935.444,1.528,0.289,,13.3,-0.159,16,280,30.823,66.482,1.132,47.026,,,,,1
2026-10-07T06:00Z,2026-10-07T12:00Z,a4t:bkp133t,6,34.9,30.3,24.2,20.6,14.1,24,30.3,14.1,,,0,0.009,100.943,1.675,0.011,,13.3,-0.159,19,280,26.703,90.418,1.096,224.873,,,,,1
2026-10-07T06:00Z,2026-10-07T18:00Z,a4t:bkp133t,12,32.6,28.8,25.9,22.3,15.2,24,28.8,15.2,,,0,0.015,90.943,1.806,0.011,,13.3,-0.159,1,280,24.708,95.803,0.545,296.59,,,,,1
2026-10-07T06:00Z,2026-10-08T06:00Z,a4t:bkp133t,24,31.1,28.2,31.9,28.2,17.7,24,28.2,17.7,,,0,0.058,1247.977,1.605,0.062,,13.3,-0.159,13,281,31.666,62.406,1.242,28.39,,,,,1
2026-10-07T06:00Z,2026-10-09T06:00Z,a4t:bkp133t,48,35.2,33.2,38.4,35.7,23,24,33.2,23,,,0,0.002,896.143,3.586,1.442,,13.3,-0.159,13,282,29.929,71.498,2.702,25.453,,,,,1
2026-10-07T06:00Z,2026-10-07T07:00Z,a4t:bkp56t,1,27.9,27.5,22.9,22.6,20.6,24,27.5,20.6,,,0,0.02,1246.317,2.616,0.17,,20.5,-0.013,14,280,31.387,64.257,2.102,45.165,,,,,1
2026-10-07T06:00Z,2026-10-07T09:00Z,a4t:bkp56t,3,26.7,26.4,23.6,23.3,20.7,24,26.4,20.7,,,0,0.017,892.985,1.549,0.332,,20.5,-0.013,16,280,30.771,66.734,1.143,49.663,,,,,1
2026-10-07T06:00Z,2026-10-07T12:00Z,a4t:bkp56t,6,34.9,34.5,24.2,23.9,20.9,24,34.5,20.9,,,0,0.007,99.054,1.637,0.013,,20.5,-0.013,19,280,26.71,90.029,1.071,229.706,,,,,1
2026-10-07T06:00Z,2026-10-07T18:00Z,a4t:bkp56t,12,32.6,32.3,25.9,25.6,21.6,24,32.3,21.6,,,0,0.014,89.054,1.651,0.013,,20.5,-0.013,1,280,24.705,95.844,0.467,296.49,,,,,1
2026-10-07T06:00Z,2026-10-08T06:00Z,a4t:bkp56t,24,31.1,30.9,31.9,31.6,24,24,30.9,24,,,0,0.068,1252.504,1.454,0.057,,20.5,-0.013,13,281,31.651,62.664,1.124,24.626,,,,,1
2026-10-07T06:00Z,2026-10-09T06:00Z,a4t:bkp56t,48,35.2,35,38.4,38.2,29.2,24,35,29.2,,,0,0.003,840.708,3.567,1.609,,20.5,-0.013,13,282,29.645,73.262,2.678,24.282,,,,,1
2026-10-07T06:00Z,2026-10-07T07:00Z,a4t:bkp57t,1,13,14.2,12.4,13.6,17.6,24,14.2,17.6,,,0,0.012,1227.735,2.674,0.181,,17.7,0.087,14,280,31.329,64.692,2.144,46.707,,,,,1
2026-10-07T06:00Z,2026-10-07T09:00Z,a4t:bkp57t,3,12.3,13.4,12.8,14,17.5,24,13.4,17.5,,,0,0.012,845.085,1.526,0.453,,17.7,0.087,16,280,30.613,67.411,1.111,53.563,,,,,1
2026-10-07T06:00Z,2026-10-07T12:00Z,a4t:bkp57t,6,21.8,23.6,13.1,14.3,17.3,24,23.6,17.3,,,0,0.005,98.922,1.475,0.019,,17.7,0.087,19,280,26.684,89.828,0.973,233.22,,,,,1
2026-10-07T06:00Z,2026-10-07T18:00Z,a4t:bkp57t,12,45.1,48.3,17.7,19.1,18.1,24,48.3,18.1,,,0,0.01,88.922,1.554,0.019,,17.7,0.087,1,280,24.677,95.689,0.391,307.108,,,,,1
2026-10-07T06:00Z,2026-10-08T06:00Z,a4t:bkp57t,24,20.7,21.8,29.2,31.2,22.3,24,21.8,22.3,,,0,0.073,1243.979,1.36,0.058,,17.7,0.087,13,281,31.542,63.521,1.061,18.344,,,,,1
2026-10-07T06:00Z,2026-10-09T06:00Z,a4t:bkp57t,48,23.1,23.9,33,34.3,26.9,24,23.9,26.9,,,0,0.003,829.45,3.595,1.615,,17.7,0.087,13,282,29.554,73.999,2.711,23.13,,,,,1
2026-10-07T06:00Z,2026-10-07T07:00Z,a4t:bkp58t,1,27.9,26.6,22.9,21.8,17.8,24,26.6,17.8,,,0,0.019,1210.243,2.606,0.238,,17.7,-0.048,14,280,31.243,65.308,2.098,45.666,,,,,1
2026-10-07T06:00Z,2026-10-07T09:00Z,a4t:bkp58t,3,26.7,25.5,23.6,22.5,18,24,25.5,18,,,0,0.018,908.276,1.497,0.388,,17.7,-0.048,16,280,30.671,67.088,1.095,49.432,,,,,1
2026-10-07T06:00Z,2026-10-07T12:00Z,a4t:bkp58t,6,34.9,33.5,24.2,23.1,18.3,24,33.5,18.3,,,0,0.008,102.746,1.539,0.016,,17.7,-0.048,19,280,26.686,90.315,1.007,227.213,,,,,1
2026-10-07T06:00Z,2026-10-07T18:00Z,a4t:bkp58t,12,32.6,31.4,25.9,24.8,19.2,24,31.4,19.2,,,0,0.011,92.746,1.847,0.016,,17.7,-0.048,1,280,24.673,95.552,0.537,307.765,,,,,1
2026-10-07T06:00Z,2026-10-08T06:00Z,a4t:bkp58t,24,31.1,30.2,31.9,30.7,21.8,24,30.2,21.8,,,0,0.059,1233.28,1.588,0.065,,17.7,-0.048,13,281,31.539,63.352,1.24,25.318,,,,,1
2026-10-07T06:00Z,2026-10-09T06:00Z,a4t:bkp58t,48,35.2,34.6,38.4,37.6,27.2,24,34.6,27.2,,,0,0.003,920.759,3.635,1.325,,17.7,-0.048,13,282,30.031,71.112,2.761,25.08,,,,,1
2026-10-07T06:00Z,2026-10-07T07:00Z,a4t:bkp59t,1,27.9,26.7,22.9,21.9,18,24,26.7,18,,,0,0.022,1243.05,2.605,0.181,,17.9,-0.043,14,280,31.37,64.385,2.095,44.998,,,,,1
2026-10-07T06:00Z,2026-10-07T09:00Z,a4t:bkp59t,3,26.7,25.6,23.6,22.6,18.2,24,25.6,18.2,,,0,0.019,907.654,1.538,0.322,,17.9,-0.043,16,280,30.781,66.677,1.136,48.808,,,,,1
2026-10-07T06:00Z,2026-10-07T12:00Z,a4t:bkp59t,6,34.9,33.6,24.2,23.2,18.5,24,33.6,18.5,,,0,0.008,99.902,1.642,0.013,,17.9,-0.043,19,280,26.706,90.174,1.075,227.953,,,,,1
2026-10-07T06:00Z,2026-10-07T18:00Z,a4t:bkp59t,12,32.6,31.5,25.9,24.9,19.4,24,31.5,19.4,,,0,0.014,89.902,1.711,0.013,,17.9,-0.043,1,280,24.704,95.812,0.495,297.321,,,,,1
2026-10-07T06:00Z,2026-10-08T06:00Z,a4t:bkp59t,24,31.1,30.3,31.9,30.9,21.9,24,30.3,21.9,,,0,0.064,1249.785,1.511,0.059,,17.9,-0.043,13,281,31.648,62.626,1.169,25.956,,,,,1
2026-10-07T06:00Z,2026-10-09T06:00Z,a4t:bkp59t,48,35.2,34.6,38.4,37.7,27.3,24,34.6,27.3,,,0,0.003,863.838,3.577,1.537,,17.9,-0.043,13,282,29.762,72.552,2.691,24.712,,,,,1
2026-10-07T06:00Z,2026-10-07T07:00Z,a4t:bkp60t,1,27.9,25.6,22.9,20.9,14.9,24,25.6,14.9,,,0,0.025,1248.543,2.595,0.176,,14.7,-0.088,14,280,31.387,64.261,2.088,44.661,,,,,1
2026-10-07T06:00Z,2026-10-07T09:00Z,a4t:bkp60t,3,26.7,24.6,23.6,21.6,15.1,24,24.6,15.1,,,0,0.021,920.146,1.541,0.296,,14.7,-0.088,16,280,30.819,66.517,1.141,47.891,,,,,1
2026-10-07T06:00Z,2026-10-07T12:00Z,a4t:bkp60t,6,34.9,32.3,24.2,22.2,15.5,24,32.3,15.5,,,0,0.008,99.907,1.675,0.012,,14.7,-0.088,19,280,26.709,90.256,1.096,226.753,,,,,1
2026-10-07T06:00Z,2026-10-07T18:00Z,a4t:bkp60t,12,32.6,30.4,25.9,23.9,16.7,24,30.4,16.7,,,0,0.016,89.907,1.739,0.012,,14.7,-0.088,1,280,24.711,95.851,0.517,295.097,,,,,1
2026-10-07T06:00Z,2026-10-08T06:00Z,a4t:bkp60t,24,31.1,29.5,31.9,29.8,19.3,24,29.5,19.3,,,0,0.062,1251.755,1.54,0.06,,14.7,-0.088,13,281,31.675,62.406,1.19,27.24,,,,,1
2026-10-07T06:00Z,2026-10-09T06:00Z,a4t:bkp60t,48,35.2,34.1,38.4,36.9,24.9,24,34.1,24.9,,,0,0.002,868.669,3.571,1.53,,14.7,-0.088,13,282,29.792,72.321,2.684,24.992,,,,,1
2026-10-07T06:00Z,2026-10-07T07:00Z,a4t:bkp61t,1,27.9,27.4,22.9,22.5,20.9,24,27.4,20.9,,,0,0.024,1240.076,2.596,0.191,,20.9,-0.017,14,280,31.355,64.499,2.09,44.856,,,,,1
2026-10-07T06:00Z,2026-10-07T09:00Z,a4t:bkp61t,3,26.7,26.3,23.6,23.2,21,24,26.3,21,,,0,0.021,919.913,1.529,0.314,,20.9,-0.017,16,280,30.789,66.63,1.13,48.083,,,,,1
2026-10-07T06:00Z,2026-10-07T12:00Z,a4t:bkp61t,6,34.9,34.4,24.2,23.8,21.2,24,34.4,21.2,,,0,0.008,100.63,1.646,0.013,,20.9,-0.017,19,280,26.703,90.294,1.078,226.519,,,,,1
2026-10-07T06:00Z,2026-10-07T18:00Z,a4t:bkp61t,12,32.6,32.2,25.9,25.5,21.9,24,32.2,21.9,,,0,0.014,90.63,1.763,0.013,,20.9,-0.017,1,280,24.703,95.783,0.518,298.023,,,,,1
2026-10-07T06:00Z,2026-10-08T06:00Z,a4t:bkp61t,24,31.1,30.8,31.9,31.5,24.2,24,30.8,24.2,,,0,0.061,1247.425,1.559,0.061,,20.9,-0.017,13,281,31.646,62.599,1.207,26.996,,,,,1
2026-10-07T06:00Z,2026-10-09T06:00Z,a4t:bkp61t,48,35.2,35,38.4,38.2,29.3,24,35,29.3,,,0,0.003,883.404,3.586,1.475,,20.9,-0.017,13,282,29.861,71.953,2.702,25.073,,,,,1
2026-10-07T06:00Z,2026-10-07T07:00Z,a4t:bkp62t,1,27.9,27,22.9,22.2,19,24,27,19,,,0,0.023,1232.494,2.599,0.202,,18.9,-0.032,14,280,31.326,64.704,2.092,45.076,,,,,1
2026-10-07T06:00Z,2026-10-07T09:00Z,a4t:bkp62t,3,26.7,25.9,23.6,22.8,19.1,24,25.9,19.1,,,0,0.02,916.597,1.521,0.334,,18.9,-0.032,16,280,30.758,66.751,1.121,48.451,,,,,1
2026-10-07T06:00Z,2026-10-07T12:00Z,a4t:bkp62t,6,34.9,33.9,24.2,23.4,19.4,24,33.9,19.4,,,0,0.008,101.156,1.618,0.013,,18.9,-0.032,19,280,26.698,90.299,1.059,226.691,,,,,1
2026-10-07T06:00Z,2026-10-07T18:00Z,a4t:bkp62t,12,32.6,31.8,25.9,25.1,20.3,24,31.8,20.3,,,0,0.013,91.156,1.778,0.013,,18.9,-0.032,1,280,24.695,95.724,0.518,300.628,,,,,1
2026-10-07T06:00Z,2026-10-08T06:00Z,a4t:bkp62t,24,31.1,30.5,31.9,31.1,22.7,24,30.5,22.7,,,0,0.061,1243.811,1.565,0.062,,18.9,-0.032,13,281,31.618,62.794,1.215,26.521,,,,,1
2026-10-07T06:00Z,2026-10-09T06:00Z,a4t:bkp62t,48,35.2,34.8,38.4,37.9,28,24,34.8,28,,,0,0.003,892.707,3.599,1.438,,18.9,-0.032,13,282,29.903,71.748,2.717,25.064,,,,,1
2026-10-07T06:00Z,2026-10-07T07:00Z,a4t:bkp63t,1,27.9,25.9,22.9,21.2,15.7,24,25.9,15.7,,,0,0.024,1252.274,2.599,0.167,,15.5,-0.076,14,280,31.404,64.137,2.09,44.68,,,,,1
2026-10-07T06:00Z,2026-10-07T09:00Z,a4t:bkp63t,3,26.7,24.8,23.6,21.8,15.9,24,24.8,15.9,,,0,0.019,912.95,1.55,0.295,,15.5,-0.076,16,280,30.822,66.513,1.148,48.253,,,,,1
2026-10-07T06:00Z,2026-10-07T12:00Z,a4t:bkp63t,6,34.9,32.6,24.2,22.4,16.3,24,32.6,16.3,,,0,0.008,99.303,1.682,0.012,,15.5,-0.076,19,280,26.713,90.169,1.1,227.73,,,,,1
2026-10-07T06:00Z,2026-10-07T18:00Z,a4t:bkp63t,12,32.6,30.7,25.9,24.1,17.4,24,30.7,17.4,,,0,0.016,89.303,1.705,0.012,,15.5,-0.076,1,280,24.713,95.885,0.505,293.823,,,,,1
2026-10-07T06:00Z,2026-10-08T06:00Z,a4t:bkp63t,24,31.1,29.7,31.9,30.1,20,24,29.7,20,,,0,0.064,1254.28,1.506,0.058,,15.5,-0.076,13,281,31.684,62.373,1.162,26.719,,,,,1
2026-10-07T06:00Z,2026-10-09T06:00Z,a4t:bkp63t,48,35.2,34.2,38.4,37.1,25.5,24,34.2,25.5,,,0,0.002,853.037,3.562,1.581,,15.5,-0.076,13,282,29.715,72.775,2.672,24.762,,,,,1
2026-10-07T06:00Z,2026-10-07T07:00Z,a4t:bkp64t,1,13,14.9,12.4,14.3,21.2,24,14.9,21.2,,,0,0.015,1257.814,2.64,0.138,,21.4,0.129,14,280,31.445,63.833,2.114,45.429,,,,,1
2026-10-07T06:00Z,2026-10-07T09:00Z,a4t:bkp64t,3,12.3,14,12.8,14.7,21,24,14,21,,,0,0.013,855.419,1.588,0.346,,21.4,0.129,16,280,30.762,66.816,1.174,51.619,,,,,1
2026-10-07T06:00Z,2026-10-07T12:00Z,a4t:bkp64t,6,21.8,24.5,13.1,14.9,20.7,24,24.5,20.7,,,0,0.006,96.586,1.658,0.014,,21.4,0.129,19,280,26.727,89.612,1.077,234.669,,,,,1
2026-10-07T06:00Z,2026-10-07T18:00Z,a4t:bkp64t,12,45.1,49.9,17.7,19.9,21.1,24,49.9,21.1,,,0,0.014,86.586,1.495,0.014,,21.4,0.129,1,280,24.712,95.959,0.406,292.247,,,,,1
2026-10-07T06:00Z,2026-10-08T06:00Z,a4t:bkp64t,24,20.7,22.4,29.2,32.3,25.2,24,22.4,25.2,,,0,0.076,1261.648,1.303,0.052,,21.4,0.129,13,281,31.671,62.675,1.004,20.933,,,,,1
2026-10-07T06:00Z,2026-10-09T06:00Z,a4t:bkp64t,48,23.1,24.3,33,35,29.5,24,24.3,29.5,,,0,0.003,772.945,3.533,1.824,,21.4,0.129,13,282,29.307,75.284,2.636,23.15,,,,,1
2026-10-07T06:00Z,2026-10-07T07:00Z,a4t:bkp65t,1,27.9,29.2,22.9,24.1,26.9,24,29.2,26.9,,,0,0.021,1232.59,2.608,0.198,,27,0.047,14,280,31.33,64.678,2.098,45.272,,,,,1
2026-10-07T06:00Z,2026-10-07T09:00Z,a4t:bkp65t,3,26.7,27.9,23.6,24.8,26.9,24,27.9,26.9,,,0,0.018,906.028,1.524,0.347,,27,0.047,16,280,30.742,66.829,1.121,49.154,,,,,1
2026-10-07T06:00Z,2026-10-07T12:00Z,a4t:bkp65t,6,34.9,36.4,24.2,25.4,26.8,24,36.4,26.8,,,0,0.008,100.747,1.603,0.014,,27,0.047,19,280,26.698,90.214,1.05,227.775,,,,,1
2026-10-07T06:00Z,2026-10-07T18:00Z,a4t:bkp65t,12,32.6,33.8,25.9,27.1,27,24,33.8,27,,,0,0.013,90.747,1.741,0.014,,27,0.047,1,280,24.693,95.728,0.498,301.04,,,,,1
2026-10-07T06:00Z,2026-10-08T06:00Z,a4t:bkp65t,24,31.1,32,31.9,33.1,29.1,24,32,29.1,,,0,0.063,1244.453,1.53,0.061,,27,0.047,13,281,31.611,62.877,1.188,25.526,,,,,1
2026-10-07T06:00Z,2026-10-09T06:00Z,a4t:bkp65t,48,35.2,35.8,38.4,39.3,33.7,24,35.8,33.7,,,0,0.003,880.864,3.596,1.472,,27,0.047,13,282,29.84,72.14,2.713,24.776,,,,,1
2026-10-07T06:00Z,2026-10-07T07:00Z,a4t:bkp66t,1,27.9,26.6,22.9,21.8,17.3,24,26.6,17.3,,,0,0.02,1229.901,2.61,0.202,,17.2,-0.05,14,280,31.32,64.75,2.1,45.358,,,,,1
2026-10-07T06:00Z,2026-10-07T09:00Z,a4t:bkp66t,3,26.7,25.5,23.6,22.4,17.5,24,25.5,17.5,,,0,0.018,904.658,1.52,0.355,,17.2,-0.05,16,280,30.73,66.875,1.118,49.306,,,,,1
2026-10-07T06:00Z,2026-10-07T12:00Z,a4t:bkp66t,6,34.9,33.4,24.2,23,17.8,24,33.4,17.8,,,0,0.008,100.928,1.591,0.014,,17.2,-0.05,19,280,26.696,90.216,1.043,227.838,,,,,1
2026-10-07T06:00Z,2026-10-07T18:00Z,a4t:bkp66t,12,32.6,31.4,25.9,24.8,18.8,24,31.4,18.8,,,0,0.013,90.928,1.747,0.014,,17.2,-0.05,1,280,24.69,95.706,0.498,302.006,,,,,1
2026-10-07T06:00Z,2026-10-08T06:00Z,a4t:bkp66t,24,31.1,30.2,31.9,30.7,21.4,24,30.2,21.4,,,0,0.063,1243.149,1.532,0.062,,17.2,-0.05,13,281,31.601,62.949,1.19,25.328,,,,,1
2026-10-07T06:00Z,2026-10-09T06:00Z,a4t:bkp66t,48,35.2,34.6,38.4,37.6,26.9,24,34.6,26.9,,,0,0.003,884.121,3.6,1.459,,17.2,-0.05,13,282,29.855,72.071,2.719,24.767,,,,,1
2026-10-07T06:00Z,2026-10-07T07:00Z,a4t:bkp67t,1,27.9,26.8,22.9,22,18.1,24,26.8,18.1,,,0,0.019,1222.755,2.613,0.213,,18,-0.041,14,280,31.293,64.944,2.103,45.576,,,,,1
2026-10-07T06:00Z,2026-10-07T09:00Z,a4t:bkp67t,3,26.7,25.7,23.6,22.6,18.3,24,25.7,18.3,,,0,0.018,901.453,1.512,0.374,,18,-0.041,16,280,30.7,66.992,1.109,49.68,,,,,1
2026-10-07T06:00Z,2026-10-07T12:00Z,a4t:bkp67t,6,34.9,33.6,24.2,23.2,18.6,24,33.6,18.6,,,0,0.007,101.424,1.563,0.015,,18,-0.041,19,280,26.692,90.224,1.024,227.973,,,,,1
2026-10-07T06:00Z,2026-10-07T18:00Z,a4t:bkp67t,12,32.6,31.6,25.9,25,19.5,24,31.6,19.5,,,0,0.012,91.424,1.766,0.015,,18,-0.041,1,280,24.683,95.65,0.502,304.508,,,,,1
2026-10-07T06:00Z,2026-10-08T06:00Z,a4t:bkp67t,24,31.1,30.3,31.9,30.9,22,24,30.3,22,,,0,0.062,1239.672,1.538,0.063,,18,-0.041,13,281,31.574,63.136,1.198,24.852,,,,,1
2026-10-07T06:00Z,2026-10-09T06:00Z,a4t:bkp67t,48,35.2,34.7,38.4,37.7,27.4,24,34.7,27.4,,,0,0.003,893.189,3.612,1.423,,18,-0.041,13,282,29.895,71.871,2.733,24.755,,,,,1
2026-10-07T06:00Z,2026-10-07T07:00Z,a4t:bkp69t,1,27.9,28.9,22.9,23.8,25.5,24,28.9,25.5,,,0,0.016,1214.556,2.634,0.22,,25.6,0.035,14,280,31.267,65.139,2.117,46.156,,,,,1
2026-10-07T06:00Z,2026-10-07T09:00Z,a4t:bkp69t,3,26.7,27.6,23.6,24.5,25.5,24,27.6,25.5,,,0,0.015,883.286,1.503,0.42,,25.6,0.035,16,280,30.638,67.254,1.096,51.165,,,,,1
2026-10-07T06:00Z,2026-10-07T12:00Z,a4t:bkp69t,6,34.9,36,24.2,25.1,25.5,24,36,25.5,,,0,0.007,101.463,1.501,0.018,,25.6,0.035,19,280,26.683,90.14,0.987,229.377,,,,,1
2026-10-07T06:00Z,2026-10-07T18:00Z,a4t:bkp69t,12,32.6,33.5,25.9,26.8,25.9,24,33.5,25.9,,,0,0.01,91.463,1.744,0.018,,25.6,0.035,1,280,24.672,95.585,0.484,308.447,,,,,1
2026-10-07T06:00Z,2026-10-08T06:00Z,a4t:bkp69t,24,31.1,31.8,31.9,32.8,28,24,31.8,28,,,0,0.064,1236.081,1.502,0.063,,25.6,0.035,13,281,31.53,63.48,1.173,22.738,,,,,1
2026-10-07T06:00Z,2026-10-09T06:00Z,a4t:bkp69t,48,35.2,35.7,38.4,39.1,32.7,24,35.7,32.7,,,0,0.003,889.751,3.624,1.421,,25.6,0.035,13,282,29.866,72.127,2.747,24.339,,,,,1
2026-10-07T06:00Z,2026-10-07T07:00Z,a4t:bkp70t,1,27.9,24.6,22.9,20.1,12.6,24,24.6,12.6,,,0,0.015,1234.676,2.643,0.18,,12.4,-0.125,14,280,31.349,64.537,2.121,45.958,,,,,1
2026-10-07T06:00Z,2026-10-07T09:00Z,a4t:bkp70t,3,26.7,23.7,23.6,20.7,12.9,24,23.7,12.9,,,0,0.014,868.942,1.536,0.395,,12.4,-0.125,16,280,30.686,67.093,1.126,51.612,,,,,1
2026-10-07T06:00Z,2026-10-07T12:00Z,a4t:bkp70t,6,34.9,31.2,24.2,21.3,13.4,24,31.2,13.4,,,0,0.006,99.176,1.554,0.016,,12.4,-0.125,19,280,26.697,89.924,1.019,231.538,,,,,1
2026-10-07T06:00Z,2026-10-07T18:00Z,a4t:bkp70t,12,32.6,29.5,25.9,23,14.7,24,29.5,14.7,,,0,0.012,89.176,1.605,0.016,,12.4,-0.125,1,280,24.689,95.751,0.427,302.266,,,,,1
2026-10-07T06:00Z,2026-10-08T06:00Z,a4t:bkp70t,24,31.1,28.8,31.9,28.9,17.4,24,28.8,17.4,,,0,0.071,1247.304,1.409,0.058,,12.4,-0.125,13,281,31.59,63.139,1.094,21.604,,,,,1
2026-10-07T06:00Z,2026-10-09T06:00Z,a4t:bkp70t,48,35.2,33.6,38.4,36.2,23.1,24,33.6,23.1,,,0,0.003,837.772,3.584,1.601,,12.4,-0.125,13,282,29.613,73.559,2.698,23.735,,,,,1
2026-10-07T06:00Z,2026-10-07T07:00Z,a4t:bkp71t,1,13,13.7,12.4,13.1,15.1,24,13.7,15.1,,,0,0.012,1245.022,2.678,0.147,,15.2,0.052,14,280,31.402,64.153,2.143,46.446,,,,,1
2026-10-07T06:00Z,2026-10-07T09:00Z,a4t:bkp71t,3,12.3,13,12.8,13.5,15.1,24,13,15.1,,,0,0.011,828.947,1.566,0.425,,15.2,0.052,16,280,30.659,67.256,1.148,53.932,,,,,1
2026-10-07T06:00Z,2026-10-07T12:00Z,a4t:bkp71t,6,21.8,22.9,13.1,13.8,15,24,22.9,15,,,0,0.005,96.765,1.546,0.018,,15.2,0.052,19,280,26.704,89.554,1.01,236.213,,,,,1
2026-10-07T06:00Z,2026-10-07T18:00Z,a4t:bkp71t,12,45.1,47,17.7,18.5,16,24,47,16,,,0,0.011,86.765,1.429,0.018,,15.2,0.052,1,280,24.692,95.845,0.343,300.203,,,,,1
2026-10-07T06:00Z,2026-10-08T06:00Z,a4t:bkp71t,24,20.7,21.4,29.2,30.4,20.2,24,21.4,20.2,,,0,0.078,1254.898,1.265,0.052,,15.2,0.052,13,281,31.598,63.227,0.983,16.774,,,,,1
2026-10-07T06:00Z,2026-10-09T06:00Z,a4t:bkp71t,48,23.1,23.6,33,33.8,25,24,23.6,25,,,0,0.003,775.064,3.557,1.799,,15.2,0.052,13,282,29.293,75.493,2.664,22.52,,,,,1
2026-10-07T06:00Z,2026-10-07T07:00Z,a4t:bkp72t,1,13,14.1,12.4,13.5,16.9,24,14.1,16.9,,,0,0.011,1222.708,2.699,0.182,,17,0.078,14,280,31.313,64.811,2.163,47.288,,,,,1
2026-10-07T06:00Z,2026-10-07T09:00Z,a4t:bkp72t,3,12.3,13.3,12.8,13.9,16.8,24,13.3,16.8,,,0,0.01,828.717,1.515,0.498,,17,0.078,16,280,30.558,67.653,1.098,55.023,,,,,1
2026-10-07T06:00Z,2026-10-07T12:00Z,a4t:bkp72t,6,21.8,23.4,13.1,14.2,16.7,24,23.4,16.7,,,0,0.005,98.792,1.41,0.021,,17,0.078,19,280,26.67,89.789,0.936,234.083,,,,,1
2026-10-07T06:00Z,2026-10-07T18:00Z,a4t:bkp72t,12,45.1,47.9,17.7,19,17.5,24,47.9,17.5,,,0,0.009,88.792,1.528,0.021,,17,0.078,1,280,24.667,95.639,0.373,311.146,,,,,1
2026-10-07T06:00Z,2026-10-08T06:00Z,a4t:bkp72t,24,20.7,21.7,29.2,31,21.7,24,21.7,21.7,,,0,0.073,1241.084,1.333,0.058,,17,0.078,13,281,31.505,63.803,1.044,15.847,,,,,1
2026-10-07T06:00Z,2026-10-09T06:00Z,a4t:bkp72t,48,23.1,23.8,33,34.2,26.4,24,23.8,26.4,,,0,0.003,826.691,3.606,1.616,,17,0.078,13,282,29.525,74.233,2.724,22.708,,,,,1
2026-10-07T06:00Z,2026-10-07T07:00Z,a4t:bkp73t,1,17.5,18.2,22.3,23.2,25.2,24,18.2,25.2,,,0,0.022,1275.675,2.599,0.124,,25.3,0.04,14,280,31.501,63.421,2.085,44.188,,,,,1
2026-10-07T06:00Z,2026-10-07T09:00Z,a4t:bkp73t,3,17.9,18.6,22.4,23.4,25.2,24,18.6,25.2,,,0,0.016,897.27,1.602,0.249,,25.3,0.04,16,280,30.895,66.252,1.196,48.512,,,,,1
2026-10-07T06:00Z,2026-10-07T12:00Z,a4t:bkp73t,6,38.4,39.8,22.5,23.4,25.1,24,39.8,25.1,,,0,0.007,96.612,1.777,0.009,,25.3,0.04,19,280,26.742,89.842,1.154,231.02,,,,,1
2026-10-07T06:00Z,2026-10-07T18:00Z,a4t:bkp73t,12,42.8,44.2,28.6,29.7,26.3,24,44.2,26.3,,,0,0.02,86.612,1.626,0.009,,25.3,0.04,1,280,24.736,96.095,0.509,284.05,,,,,1
2026-10-07T06:00Z,2026-10-08T06:00Z,a4t:bkp73t,24,20.7,21.2,31.5,32.5,27.7,24,21.2,27.7,,,0,0.068,1268.809,1.392,0.052,,25.3,0.04,13,281,31.764,61.923,1.065,26.246,,,,,1
2026-10-07T06:00Z,2026-10-09T06:00Z,a4t:bkp73t,48,24.9,25.3,32.6,33.2,29.6,24,25.3,29.6,,,0,0.002,785.731,3.51,1.812,,25.3,0.04,13,282,29.395,74.582,2.608,24.123,,,,,1
2026-10-07T06:00Z,2026-10-07T07:00Z,a4t:bkp74t,1,17.5,15.4,22.3,19.6,12.8,24,15.4,12.8,,,0,0.022,1301.3,2.58,0.084,,12.6,-0.124,14,280,31.603,62.669,2.067,43.212,,,,,1
2026-10-07T06:00Z,2026-10-07T09:00Z,a4t:bkp74t,3,17.9,15.9,22.4,19.7,13,24,15.9,13,,,0,0.015,897.423,1.66,0.169,,12.6,-0.124,16,280,31.008,65.811,1.252,47.622,,,,,1
2026-10-07T06:00Z,2026-10-07T12:00Z,a4t:bkp74t,6,38.4,34.4,22.5,19.8,13.4,24,34.4,13.4,,,0,0.007,94.295,1.922,0.005,,12.6,-0.124,19,280,26.778,89.589,1.237,233.029,,,,,1
2026-10-07T06:00Z,2026-10-07T18:00Z,a4t:bkp74t,12,42.8,38.8,28.6,25.5,15.4,24,38.8,15.4,,,0,0.027,84.295,1.671,0.005,,12.6,-0.124,1,280,24.764,96.328,0.591,272.49,,,,,1
2026-10-07T06:00Z,2026-10-08T06:00Z,a4t:bkp74t,24,20.7,19.2,31.5,28.5,17.4,24,19.2,17.4,,,0,0.065,1284.349,1.322,0.046,,12.6,-0.124,13,281,31.868,61.272,1,27.745,,,,,1
2026-10-07T06:00Z,2026-10-09T06:00Z,a4t:bkp74t,48,24.9,23.8,32.6,30.7,20.6,24,23.8,20.6,,,0,0.002,728.03,3.455,2.018,,12.6,-0.124,13,282,29.135,75.994,2.541,23.911,,,,,1
2026-10-07T06:00Z,2026-10-07T07:00Z,a4t:bkp75t,1,6.7,8.1,10.6,12.8,17,24,8.1,17,,,0,0.016,1297.632,2.599,0.076,,17.1,0.178,14,280,31.606,62.62,2.074,43.696,,,,,1
2026-10-07T06:00Z,2026-10-07T09:00Z,a4t:bkp75t,3,6.7,8.1,10.7,13,16.9,24,8.1,16.9,,,0,0.011,848.633,1.701,0.207,,17.1,0.178,16,280,30.949,66.081,1.283,50.122,,,,,1
2026-10-07T06:00Z,2026-10-07T12:00Z,a4t:bkp75t,6,21.3,25,11.1,13.4,16.7,24,25,16.7,,,0,0.005,92.613,1.944,0.007,,17.1,0.178,19,280,26.802,89.032,1.231,239.37,,,,,1
2026-10-07T06:00Z,2026-10-07T18:00Z,a4t:bkp75t,12,52.7,60.5,18.8,22.1,18.3,24,60.5,18.3,,,0,0.023,82.613,1.539,0.007,,17.1,0.178,1,280,24.758,96.349,0.534,270.531,,,,,1
2026-10-07T06:00Z,2026-10-08T06:00Z,a4t:bkp75t,24,15.7,17.6,27.5,31.6,22.2,24,17.6,22.2,,,0,0.075,1288.558,1.155,0.041,,17.1,0.178,13,281,31.844,61.651,0.872,22.862,,,,,1
2026-10-07T06:00Z,2026-10-09T06:00Z,a4t:bkp75t,48,18.5,19.8,28,30.5,25.4,24,19.8,25.4,,,0,0.002,663.223,3.438,2.204,,17.1,0.178,13,282,28.813,78.01,2.519,22.661,,,,,1
2026-10-07T06:00Z,2026-10-07T07:00Z,a4t:bkp77t,1,6.7,7.2,10.6,11.4,14,24,7.2,14,,,0,0.013,1273.586,2.65,0.101,,14.1,0.068,14,280,31.519,63.269,2.114,45.298,,,,,1
2026-10-07T06:00Z,2026-10-07T09:00Z,a4t:bkp77t,3,6.7,7.2,10.7,11.6,13.9,24,7.2,13.9,,,0,0.01,818.912,1.65,0.33,,14.1,0.068,16,280,30.787,66.757,1.228,52.983,,,,,1
2026-10-07T06:00Z,2026-10-07T12:00Z,a4t:bkp77t,6,21.3,22.7,11.1,11.9,13.9,24,22.7,13.9,,,0,0.005,93.709,1.754,0.013,,14.1,0.068,19,280,26.76,89.084,1.119,240.433,,,,,1
2026-10-07T06:00Z,2026-10-07T18:00Z,a4t:bkp77t,12,52.7,55.6,18.8,20,15.4,24,55.6,15.4,,,0,0.015,83.709,1.368,0.013,,14.1,0.068,1,280,24.726,96.128,0.383,283.33,,,,,1
2026-10-07T06:00Z,2026-10-08T06:00Z,a4t:bkp77t,24,15.7,16.4,27.5,29,19,24,16.4,19,,,0,0.082,1274.715,1.141,0.044,,14.1,0.068,13,281,31.72,62.527,0.875,17.06,,,,,1
2026-10-07T06:00Z,2026-10-09T06:00Z,a4t:bkp77t,48,18.5,19,28,28.9,22.1,24,19,22.1,,,0,0.003,689.485,3.487,2.092,,14.1,0.068,13,282,28.904,77.664,2.578,22.022,,,,,1
2026-10-07T06:00Z,2026-10-07T07:00Z,a4t:bkp78t,1,13,14.3,12.4,13.7,18.2,24,14.3,18.2,,,0,0.008,1256.956,2.76,0.094,,18.3,0.094,14,280,31.472,63.64,2.198,47.791,,,,,1
2026-10-07T06:00Z,2026-10-07T09:00Z,a4t:bkp78t,3,12.3,13.5,12.8,14.2,18.1,24,13.5,18.1,,,0,0.007,745.919,1.614,0.52,,18.3,0.094,16,280,30.557,67.77,1.183,58.984,,,,,1
2026-10-07T06:00Z,2026-10-07T12:00Z,a4t:bkp78t,6,21.8,23.7,13.1,14.4,17.9,24,23.7,17.9,,,0,0.004,92.637,1.497,0.022,,18.3,0.094,19,280,26.704,88.894,0.962,245.322,,,,,1
2026-10-07T06:00Z,2026-10-07T18:00Z,a4t:bkp78t,12,45.1,48.5,17.7,19.3,18.6,24,48.5,18.6,,,0,0.008,82.637,1.095,0.022,,18.3,0.094,1,280,24.689,95.95,0.173,300.621,,,,,1
2026-10-07T06:00Z,2026-10-08T06:00Z,a4t:bkp78t,24,20.7,21.9,29.2,31.4,22.7,24,21.9,22.7,,,0,0.085,1264.582,1.04,0.043,,18.3,0.094,13,281,31.573,63.66,0.821,2.507,,,,,1
2026-10-07T06:00Z,2026-10-09T06:00Z,a4t:bkp78t,48,23.1,23.9,33,34.4,27.3,24,23.9,27.3,,,0,0.003,667.93,3.528,2.129,,18.3,0.094,13,282,28.732,78.945,2.625,20.037,,,,,1
2026-10-07T06:00Z,2026-10-07T07:00Z,a4t:bkp79t,1,6.7,8.1,10.6,12.7,22.6,24,8.1,22.6,,,0,0.011,1276.466,2.667,0.087,,22.9,0.171,14,280,31.541,63.104,2.124,45.597,,,,,1
2026-10-07T06:00Z,2026-10-07T09:00Z,a4t:bkp79t,3,6.7,8,10.7,12.9,22.3,24,8,22.3,,,0,0.009,788.83,1.678,0.351,,22.9,0.171,16,280,30.761,66.892,1.251,54.495,,,,,1
2026-10-07T06:00Z,2026-10-07T12:00Z,a4t:bkp79t,6,21.3,24.9,11.1,13.3,21.9,24,24.9,21.9,,,0,0.004,92.266,1.777,0.014,,22.9,0.171,19,280,26.771,88.762,1.12,244.171,,,,,1
2026-10-07T06:00Z,2026-10-07T18:00Z,a4t:bkp79t,12,52.7,60.2,18.8,22,22.8,24,60.2,22.8,,,0,0.014,82.266,1.271,0.014,,22.9,0.171,1,280,24.725,96.173,0.346,280.923,,,,,1
2026-10-07T06:00Z,2026-10-08T06:00Z,a4t:bkp79t,24,15.7,17.5,27.5,31.4,26.1,24,17.5,26.1,,,0,0.085,1279.102,1.044,0.04,,22.9,0.171,13,281,31.717,62.669,0.803,12.511,,,,,1
2026-10-07T06:00Z,2026-10-09T06:00Z,a4t:bkp79t,48,18.5,19.7,28,30.4,28.2,24,19.7,28.2,,,0,0.003,644.815,3.472,2.227,,22.9,0.171,13,282,28.68,79.038,2.559,21.168,,,,,1
2026-10-07T06:00Z,2026-10-07T07:00Z,a4t:bkp80t,1,6.7,7.1,10.6,11.1,12.4,24,7.1,12.4,,,0,0.008,1293.74,2.679,0.038,,12.4,0.047,14,280,31.641,62.321,2.116,45.441,,,,,1
2026-10-07T06:00Z,2026-10-07T09:00Z,a4t:bkp80t,3,6.7,7,10.7,11.3,12.3,24,7,12.3,,,0,0.006,704.91,1.817,0.338,,12.4,0.047,16,280,30.769,66.928,1.376,57.233,,,,,1
2026-10-07T06:00Z,2026-10-07T12:00Z,a4t:bkp80t,6,21.3,22.2,11.1,11.7,12.3,24,22.2,12.3,,,0,0.003,87.211,2.061,0.012,,12.4,0.047,19,280,26.849,87.54,1.23,255.315,,,,,1
2026-10-07T06:00Z,2026-10-07T18:00Z,a4t:bkp80t,12,52.7,54.7,18.8,19.6,14,24,54.7,14,,,0,0.012,77.211,1.127,0.012,,12.4,0.047,1,280,24.742,96.429,0.375,261.488,,,,,1
2026-10-07T06:00Z,2026-10-08T06:00Z,a4t:bkp80t,24,15.7,16.2,27.5,28.5,17.7,24,16.2,17.7,,,0,0.087,1301.191,0.763,0.026,,12.4,0.047,13,281,31.775,62.707,0.597,355.55,,,,,1
2026-10-07T06:00Z,2026-10-09T06:00Z,a4t:bkp80t,48,18.5,18.8,28,28.6,20.9,24,18.8,20.9,,,0,0.003,477.278,3.398,2.747,,12.4,0.047,13,282,27.876,83.873,2.467,18.739,,,,,1
2026-10-07T06:00Z,2026-10-07T07:00Z,a4t:bkp81t,1,13,15.3,12.4,14.7,24.1,24,15.3,24.1,,,0,0.011,1233.237,2.693,0.164,,24.4,0.159,14,280,31.355,64.497,2.157,46.981,,,,,1
2026-10-07T06:00Z,2026-10-07T09:00Z,a4t:bkp81t,3,12.3,14.4,12.8,15.2,23.8,24,14.4,23.8,,,0,0.01,825.839,1.538,0.47,,24.4,0.159,16,280,30.598,67.499,1.12,54.743,,,,,1
2026-10-07T06:00Z,2026-10-07T12:00Z,a4t:bkp81t,6,21.8,25.2,13.1,15.4,23.4,24,25.2,23.4,,,0,0.005,97.733,1.465,0.02,,24.4,0.159,19,280,26.685,89.668,0.965,235.3,,,,,1
2026-10-07T06:00Z,2026-10-07T18:00Z,a4t:bkp81t,12,45.1,51,17.7,20.4,23.6,24,51,23.6,,,0,0.01,87.733,1.464,0.02,,24.4,0.159,1,280,24.678,95.734,0.346,306.596,,,,,1
2026-10-07T06:00Z,2026-10-08T06:00Z,a4t:bkp81t,24,20.7,22.9,29.2,33,27.6,24,22.9,27.6,,,0,0.076,1247.522,1.294,0.055,,24.4,0.159,13,281,31.545,63.562,1.01,15.8,,,,,1
2026-10-07T06:00Z,2026-10-09T06:00Z,a4t:bkp81t,48,23.1,24.5,33,35.5,31.6,24,24.5,31.6,,,0,0.003,800.32,3.583,1.708,,24.4,0.159,13,282,29.403,74.908,2.696,22.531,,,,,1
2026-10-07T06:00Z,2026-10-07T07:00Z,a4t:bkp82t,1,27.9,27.3,22.9,22.4,19.9,24,27.3,19.9,,,0,0.023,1216.687,2.588,0.234,,19.8,-0.023,14,280,31.263,65.167,2.086,45.168,,,,,1
2026-10-07T06:00Z,2026-10-07T09:00Z,a4t:bkp82t,3,26.7,26.1,23.6,23.1,20,24,26.1,20,,,0,0.021,926.525,1.501,0.349,,19.8,-0.023,16,280,30.724,66.863,1.104,48.04,,,,,1
2026-10-07T06:00Z,2026-10-07T12:00Z,a4t:bkp82t,6,34.9,34.2,24.2,23.7,20.2,24,34.2,20.2,,,0,0.009,102.877,1.589,0.014,,19.8,-0.023,19,280,26.691,90.426,1.038,225.574,,,,,1
2026-10-07T06:00Z,2026-10-07T18:00Z,a4t:bkp82t,12,32.6,32,25.9,25.4,21,24,32,21,,,0,0.012,92.877,1.877,0.014,,19.8,-0.023,1,280,24.682,95.6,0.557,304.848,,,,,1
2026-10-07T06:00Z,2026-10-08T06:00Z,a4t:bkp82t,24,31.1,30.7,31.9,31.3,23.4,24,30.7,23.4,,,0,0.056,1235.628,1.633,0.066,,19.8,-0.023,13,281,31.574,63.057,1.273,27.138,,,,,1
2026-10-07T06:00Z,2026-10-09T06:00Z,a4t:bkp82t,48,35.2,34.9,38.4,38,28.7,24,34.9,28.7,,,0,0.003,929.154,3.628,1.309,,19.8,-0.023,13,282,30.082,70.736,2.753,25.507,,,,,1
2026-10-07T06:00Z,2026-10-07T07:00Z,a4t:bkp83t,1,27.9,25.6,22.9,21,14.7,24,25.6,14.7,,,0,0.022,1225.275,2.6,0.214,,14.5,-0.087,14,280,31.299,64.903,2.094,45.247,,,,,1
2026-10-07T06:00Z,2026-10-07T09:00Z,a4t:bkp83t,3,26.7,24.6,23.6,21.6,14.9,24,24.6,14.9,,,0,0.02,915.127,1.512,0.35,,14.5,-0.087,16,280,30.732,66.852,1.112,48.687,,,,,1
2026-10-07T06:00Z,2026-10-07T12:00Z,a4t:bkp83t,6,34.9,32.3,24.2,22.2,15.3,24,32.3,15.3,,,0,0.008,101.719,1.594,0.014,,14.5,-0.087,19,280,26.694,90.315,1.043,226.711,,,,,1
2026-10-07T06:00Z,2026-10-07T18:00Z,a4t:bkp83t,12,32.6,30.4,25.9,23.9,16.5,24,30.4,16.5,,,0,0.012,91.719,1.801,0.014,,14.5,-0.087,1,280,24.688,95.668,0.523,302.963,,,,,1
2026-10-07T06:00Z,2026-10-08T06:00Z,a4t:bkp83t,24,31.1,29.5,31.9,29.8,19.2,24,29.5,19.2,,,0,0.06,1240.305,1.577,0.063,,14.5,-0.087,13,281,31.593,62.966,1.226,26.236,,,,,1
2026-10-07T06:00Z,2026-10-09T06:00Z,a4t:bkp83t,48,35.2,34.1,38.4,36.9,24.8,24,34.1,24.8,,,0,0.003,903.27,3.611,1.397,,14.5,-0.087,13,282,29.952,71.494,2.732,25.102,,,,,1
2026-10-07T06:00Z,2026-10-07T07:00Z,a4t:bkp84t,1,27.9,27.5,22.9,22.6,20.9,24,27.5,20.9,,,0,0.027,1225.358,2.579,0.223,,20.9,-0.016,14,280,31.292,64.955,2.08,44.795,,,,,1
2026-10-07T06:00Z,2026-10-07T09:00Z,a4t:bkp84t,3,26.7,26.3,23.6,23.2,21,24,26.3,21,,,0,0.024,938.661,1.507,0.318,,20.9,-0.016,16,280,30.77,66.673,1.112,47.092,,,,,1
2026-10-07T06:00Z,2026-10-07T12:00Z,a4t:bkp84t,6,34.9,34.4,24.2,23.8,21.2,24,34.4,21.2,,,0,0.009,102.602,1.631,0.013,,20.9,-0.016,19,280,26.695,90.501,1.065,224.369,,,,,1
2026-10-07T06:00Z,2026-10-07T18:00Z,a4t:bkp84t,12,32.6,32.2,25.9,25.5,21.9,24,32.2,21.9,,,0,0.013,92.602,1.881,0.013,,20.9,-0.016,1,280,24.692,95.663,0.566,301.901,,,,,1
2026-10-07T06:00Z,2026-10-08T06:00Z,a4t:bkp84t,24,31.1,30.8,31.9,31.5,24.3,24,30.8,24.3,,,0,0.055,1239.054,1.655,0.065,,20.9,-0.016,13,281,31.61,62.773,1.287,28.312,,,,,1
2026-10-07T06:00Z,2026-10-09T06:00Z,a4t:bkp84t,48,35.2,35,38.4,38.2,29.4,24,35,29.4,,,0,0.003,928.972,3.617,1.322,,20.9,-0.016,13,282,30.088,70.637,2.74,25.737,,,,,1
2026-10-07T06:00Z,2026-10-07T07:00Z,a4t:bkp85t,1,27.9,25.4,22.9,20.8,14.5,24,25.4,14.5,,,0,0.029,1238.303,2.579,0.202,,14.3,-0.093,14,280,31.341,64.603,2.079,44.526,,,,,1
2026-10-07T06:00Z,2026-10-07T09:00Z,a4t:bkp85t,3,26.7,24.4,23.6,21.4,14.7,24,24.4,14.7,,,0,0.025,941.683,1.519,0.292,,14.3,-0.093,16,280,30.815,66.502,1.125,46.709,,,,,1
2026-10-07T06:00Z,2026-10-07T12:00Z,a4t:bkp85t,6,34.9,32.1,24.2,22,15.1,24,32.1,15.1,,,0,0.009,101.621,1.668,0.012,,14.3,-0.093,19,280,26.7,90.492,1.091,224.103,,,,,1
2026-10-07T06:00Z,2026-10-07T18:00Z,a4t:bkp85t,12,32.6,30.3,25.9,23.8,16.3,24,30.3,16.3,,,0,0.015,91.621,1.843,0.012,,14.3,-0.093,1,280,24.704,95.76,0.558,298.059,,,,,1
2026-10-07T06:00Z,2026-10-08T06:00Z,a4t:bkp85t,24,31.1,29.4,31.9,29.6,19,24,29.4,19,,,0,0.056,1245.012,1.638,0.063,,14.3,-0.093,13,281,31.653,62.471,1.269,28.782,,,,,1
2026-10-07T06:00Z,2026-10-09T06:00Z,a4t:bkp85t,48,35.2,34,38.4,36.8,24.6,24,34,24.6,,,0,0.002,912.052,3.597,1.389,,14.3,-0.093,13,282,30.008,71.042,2.715,25.674,,,,,1
2026-10-07T06:00Z,2026-10-07T07:00Z,a4t:bkp86t,1,27.9,25.8,22.9,21.1,15.6,24,25.8,15.6,,,0,0.04,1242.413,2.552,0.208,,15.4,-0.08,14,280,31.343,64.593,2.063,43.848,,,,,1
2026-10-07T06:00Z,2026-10-07T09:00Z,a4t:bkp86t,3,26.7,24.7,23.6,21.7,15.8,24,24.7,15.8,,,0,0.034,981.823,1.506,0.242,,15.4,-0.08,16,280,30.882,66.198,1.122,44.096,,,,,1
2026-10-07T06:00Z,2026-10-07T12:00Z,a4t:bkp86t,6,34.9,32.5,24.2,22.3,16.2,24,32.5,16.2,,,0,0.012,102.839,1.728,0.009,,15.4,-0.08,19,280,26.693,90.859,1.127,219.565,,,,,1
2026-10-07T06:00Z,2026-10-07T18:00Z,a4t:bkp86t,12,32.6,30.6,25.9,24,17.3,24,30.6,17.3,,,0,0.016,92.839,1.966,0.009,,15.4,-0.08,1,280,24.712,95.769,0.625,296.354,,,,,1
2026-10-07T06:00Z,2026-10-08T06:00Z,a4t:bkp86t,24,31.1,29.6,31.9,30,19.9,24,29.6,19.9,,,0,0.048,1243.675,1.773,0.067,,15.4,-0.08,13,281,31.687,62.089,1.374,31.707,,,,,1
2026-10-07T06:00Z,2026-10-09T06:00Z,a4t:bkp86t,48,35.2,34.2,38.4,37,25.4,24,34.2,25.4,,,0,0.002,955.304,3.606,1.267,,15.4,-0.08,13,282,30.232,69.613,2.727,26.682,,,,,1
2026-10-07T06:00Z,2026-10-07T07:00Z,a4t:bkp87t,1,27.9,26.5,22.9,21.8,17.5,24,26.5,17.5,,,0,0.046,1220.367,2.516,0.261,,17.4,-0.051,14,280,31.248,65.285,2.041,43.482,,,,,1
2026-10-07T06:00Z,2026-10-07T09:00Z,a4t:bkp87t,3,26.7,25.4,23.6,22.4,17.7,24,25.4,17.7,,,0,0.043,1017.666,1.481,0.232,,17.4,-0.051,16,280,30.872,66.176,1.108,41.865,,,,,1
2026-10-07T06:00Z,2026-10-07T12:00Z,a4t:bkp87t,6,34.9,33.4,24.2,23,18,24,33.4,18,,,0,0.015,106.058,1.743,0.009,,17.4,-0.051,19,280,26.686,91.195,1.124,216.344,,,,,1
2026-10-07T06:00Z,2026-10-07T18:00Z,a4t:bkp87t,12,32.6,31.3,25.9,24.7,19,24,31.3,19,,,0,0.014,96.058,2.168,0.009,,17.4,-0.051,1,280,24.699,95.594,0.712,300.891,,,,,1
2026-10-07T06:00Z,2026-10-08T06:00Z,a4t:bkp87t,24,31.1,30.1,31.9,30.7,21.5,24,30.1,21.5,,,0,0.039,1231.35,1.946,0.074,,17.4,-0.051,13,281,31.643,62.269,1.518,33.679,,,,,1
2026-10-07T06:00Z,2026-10-09T06:00Z,a4t:bkp87t,48,35.2,34.5,38.4,37.6,27,24,34.5,27,,,0,0.002,1028.755,3.654,1.022,,17.4,-0.051,13,282,30.604,67.432,2.787,27.872,,,,,1
2026-10-07T06:00Z,2026-10-07T07:00Z,a4t:bkp88t,1,27.9,26.3,22.9,21.6,16.9,24,26.3,16.9,,,0,0.028,1218.652,2.569,0.239,,16.8,-0.059,14,280,31.263,65.163,2.073,44.703,,,,,1
2026-10-07T06:00Z,2026-10-07T09:00Z,a4t:bkp88t,3,26.7,25.2,23.6,22.2,17.1,24,25.2,17.1,,,0,0.026,948.642,1.499,0.316,,16.8,-0.059,16,280,30.766,66.672,1.107,46.496,,,,,1
2026-10-07T06:00Z,2026-10-07T12:00Z,a4t:bkp88t,6,34.9,33.1,24.2,22.8,17.5,24,33.1,17.5,,,0,0.01,103.545,1.631,0.013,,16.8,-0.059,19,280,26.693,90.594,1.062,223.433,,,,,1
2026-10-07T06:00Z,2026-10-07T18:00Z,a4t:bkp88t,12,32.6,31.1,25.9,24.5,18.5,24,31.1,18.5,,,0,0.013,93.545,1.943,0.013,,16.8,-0.059,1,280,24.687,95.61,0.594,303.276,,,,,1
2026-10-07T06:00Z,2026-10-08T06:00Z,a4t:bkp88t,24,31.1,30,31.9,30.5,21,24,30,21,,,0,0.052,1235.389,1.703,0.067,,16.8,-0.059,13,281,31.596,62.834,1.327,29.033,,,,,1
2026-10-07T06:00Z,2026-10-09T06:00Z,a4t:bkp88t,48,35.2,34.4,38.4,37.4,26.5,24,34.4,26.5,,,0,0.003,950.132,3.631,1.251,,16.8,-0.059,13,282,30.195,70.011,2.757,26.081,,,,,1
2026-10-07T06:00Z,2026-10-07T07:00Z,a4t:bkp89t,1,27.9,28.7,22.9,23.6,24.9,24,28.7,24.9,,,0,0.04,1199.861,2.504,0.298,,24.9,0.027,14,280,31.172,65.821,2.03,43.618,,,,,1
2026-10-07T06:00Z,2026-10-07T09:00Z,a4t:bkp89t,3,26.7,27.4,23.6,24.3,24.9,24,27.4,24.9,,,0,0.04,1012.747,1.479,0.256,,24.9,0.027,16,280,30.819,66.369,1.104,42.19,,,,,1
2026-10-07T06:00Z,2026-10-07T12:00Z,a4t:bkp89t,6,34.9,35.7,24.2,24.9,24.9,24,35.7,24.9,,,0,0.014,107.527,1.713,0.01,,24.9,0.027,19,280,26.692,91.108,1.096,218.097,,,,,1
2026-10-07T06:00Z,2026-10-07T18:00Z,a4t:bkp89t,12,32.6,33.3,25.9,26.6,25.3,24,33.3,25.3,,,0,0.012,97.527,2.242,0.01,,24.9,0.027,1,280,24.682,95.46,0.741,304.776,,,,,1
2026-10-07T06:00Z,2026-10-08T06:00Z,a4t:bkp89t,24,31.1,31.6,31.9,32.6,27.4,24,31.6,27.4,,,0,0.037,1223.725,1.964,0.076,,24.9,0.027,13,281,31.587,62.695,1.538,33.377,,,,,1
2026-10-07T06:00Z,2026-10-09T06:00Z,a4t:bkp89t,48,35.2,35.6,38.4,39,32.2,24,35.6,32.2,,,0,0.002,1046.031,3.68,0.945,,24.9,0.027,13,282,30.693,67.004,2.819,28.003,,,,,1
2026-10-07T06:00Z,2026-10-07T07:00Z,a4t:bkp90t,1,27.9,26,22.9,21.3,15.9,24,26,15.9,,,0,0.026,1172.902,2.515,0.334,,15.7,-0.071,14,280,31.083,66.455,2.036,44.439,,,,,1
2026-10-07T06:00Z,2026-10-07T09:00Z,a4t:bkp90t,3,26.7,25,23.6,22,16.1,24,25,16.1,,,0,0.029,975.286,1.477,0.329,,15.7,-0.071,16,280,30.697,66.862,1.093,44.794,,,,,1
2026-10-07T06:00Z,2026-10-07T12:00Z,a4t:bkp90t,6,34.9,32.8,24.2,22.5,16.4,24,32.8,16.4,,,0,0.011,108.291,1.62,0.013,,15.7,-0.071,19,280,26.699,90.754,1.032,223.317,,,,,1
2026-10-07T06:00Z,2026-10-07T18:00Z,a4t:bkp90t,12,32.6,30.8,25.9,24.3,17.5,24,30.8,17.5,,,0,0.009,98.291,2.255,0.013,,15.7,-0.071,1,280,24.656,95.29,0.74,310.982,,,,,1
2026-10-07T06:00Z,2026-10-08T06:00Z,a4t:bkp90t,24,31.1,29.8,31.9,30.2,20.2,24,29.8,20.2,,,0,0.04,1215.306,1.878,0.076,,15.7,-0.071,13,281,31.491,63.51,1.479,30.942,,,,,1
2026-10-07T06:00Z,2026-10-09T06:00Z,a4t:bkp90t,48,35.2,34.3,38.4,37.2,25.7,24,34.3,25.7,,,0,0.003,1035.216,3.703,0.941,,15.7,-0.071,13,282,30.632,67.563,2.848,27.361,,,,,1
2026-10-07T06:00Z,2026-10-07T07:00Z,a4t:bkp91t,1,27.9,23.9,22.9,19.5,11.2,24,23.9,11.2,,,0,0.017,1196.654,2.605,0.261,,10.9,-0.157,14,280,31.192,65.682,2.099,45.919,,,,,1
2026-10-07T06:00Z,2026-10-07T09:00Z,a4t:bkp91t,3,26.7,23,23.6,20.1,11.4,24,23,11.4,,,0,0.018,906.669,1.483,0.414,,10.9,-0.157,16,280,30.627,67.256,1.082,49.76,,,,,1
2026-10-07T06:00Z,2026-10-07T12:00Z,a4t:bkp91t,6,34.9,30.4,24.2,20.7,12,24,30.4,12,,,0,0.007,103.836,1.502,0.017,,10.9,-0.157,19,280,26.681,90.338,0.981,227.411,,,,,1
2026-10-07T06:00Z,2026-10-07T18:00Z,a4t:bkp91t,12,32.6,28.8,25.9,22.4,13.3,24,28.8,13.3,,,0,0.009,93.836,1.913,0.017,,10.9,-0.157,1,280,24.66,95.45,0.566,311.43,,,,,1
2026-10-07T06:00Z,2026-10-08T06:00Z,a4t:bkp91t,24,31.1,28.2,31.9,28.2,16.1,24,28.2,16.1,,,0,0.056,1226.921,1.612,0.068,,10.9,-0.157,13,281,31.494,63.657,1.263,24.991,,,,,1
2026-10-07T06:00Z,2026-10-09T06:00Z,a4t:bkp91t,48,35.2,33.2,38.4,35.7,21.8,24,33.2,21.8,,,0,0.003,940.339,3.656,1.249,,10.9,-0.157,13,282,30.124,70.627,2.788,25.19,,,,,1
2026-10-07T06:00Z,2026-10-07T07:00Z,a4t:bkp92t,1,27.9,24.7,22.9,20.2,12.3,24,24.7,12.3,,,0,0.027,1241.756,2.587,0.192,,12.1,-0.121,14,280,31.358,64.48,2.084,44.63,,,,,1
2026-10-07T06:00Z,2026-10-07T09:00Z,a4t:bkp92t,3,26.7,23.8,23.6,20.8,12.6,24,23.8,12.6,,,0,0.023,931.342,1.527,0.297,,12.1,-0.121,16,280,30.811,66.53,1.13,47.317,,,,,1
2026-10-07T06:00Z,2026-10-07T12:00Z,a4t:bkp92t,6,34.9,31.3,24.2,21.4,13.1,24,31.3,13.1,,,0,0.009,100.926,1.666,0.012,,12.1,-0.121,19,280,26.703,90.388,1.09,225.3,,,,,1
2026-10-07T06:00Z,2026-10-07T18:00Z,a4t:bkp92t,12,32.6,29.6,25.9,23.1,14.5,24,29.6,14.5,,,0,0.015,90.926,1.797,0.012,,12.1,-0.121,1,280,24.706,95.792,0.538,297.2,,,,,1
2026-10-07T06:00Z,2026-10-08T06:00Z,a4t:bkp92t,24,31.1,28.9,31.9,29,17.2,24,28.9,17.2,,,0,0.059,1247.462,1.594,0.062,,12.1,-0.121,13,281,31.658,62.474,1.234,28.017,,,,,1
2026-10-07T06:00Z,2026-10-09T06:00Z,a4t:bkp92t,48,35.2,33.6,38.4,36.3,23,24,33.6,23,,,0,0.002,894.004,3.587,1.446,,12.1,-0.121,13,282,29.917,71.587,2.703,25.362,,,,,1
2026-10-07T06:00Z,2026-10-07T07:00Z,a4t:bkp93t,1,27.9,25.6,22.9,21,15.1,24,25.6,15.1,,,0,0.019,1253.511,2.621,0.155,,14.9,-0.087,14,280,31.419,64.025,2.104,45.127,,,,,1
2026-10-07T06:00Z,2026-10-07T09:00Z,a4t:bkp93t,3,26.7,24.6,23.6,21.6,15.3,24,24.6,15.3,,,0,0.015,882.533,1.566,0.326,,14.9,-0.087,16,280,30.784,66.699,1.158,50.102,,,,,1
2026-10-07T06:00Z,2026-10-07T12:00Z,a4t:bkp93t,6,34.9,32.3,24.2,22.2,15.7,24,32.3,15.7,,,0,0.007,98.016,1.659,0.013,,14.9,-0.087,19,280,26.718,89.886,1.083,231.291,,,,,1
2026-10-07T06:00Z,2026-10-07T18:00Z,a4t:bkp93t,12,32.6,30.4,25.9,23.9,16.8,24,30.4,16.8,,,0,0.015,88.016,1.597,0.013,,14.9,-0.087,1,280,24.711,95.91,0.451,293.747,,,,,1
2026-10-07T06:00Z,2026-10-08T06:00Z,a4t:bkp93t,24,31.1,29.5,31.9,29.8,19.5,24,29.5,19.5,,,0,0.071,1257.242,1.401,0.055,,14.9,-0.087,13,281,31.671,62.573,1.081,23.811,,,,,1
2026-10-07T06:00Z,2026-10-09T06:00Z,a4t:bkp93t,48,35.2,34.1,38.4,36.9,25,24,34.1,25,,,0,0.003,814.028,3.55,1.697,,14.9,-0.087,13,282,29.514,74.019,2.657,23.93,,,,,1
2026-10-07T06:00Z,2026-10-07T07:00Z,a4t:bkp94t,1,27.9,27.9,22.9,22.9,21.6,24,27.9,21.6,,,0,0.015,1229.791,2.648,0.187,,21.6,0,14,280,31.331,64.674,2.125,46.144,,,,,1
2026-10-07T06:00Z,2026-10-07T09:00Z,a4t:bkp94t,3,26.7,26.7,23.6,23.6,21.7,24,26.7,21.7,,,0,0.014,866.86,1.528,0.411,,21.6,0,16,280,30.664,67.184,1.117,51.918,,,,,1
2026-10-07T06:00Z,2026-10-07T12:00Z,a4t:bkp94t,6,34.9,34.9,24.2,24.2,21.9,24,34.9,21.9,,,0,0.006,99.531,1.528,0.017,,21.6,0,19,280,26.692,89.946,1.004,231.448,,,,,1
2026-10-07T06:00Z,2026-10-07T18:00Z,a4t:bkp94t,12,32.6,32.6,25.9,25.9,22.6,24,32.6,22.6,,,0,0.011,89.531,1.618,0.017,,21.6,0,1,280,24.683,95.709,0.428,304.368,,,,,1
2026-10-07T06:00Z,2026-10-08T06:00Z,a4t:bkp94t,24,31.1,31.1,31.9,31.9,24.9,24,31.1,24.9,,,0,0.07,1244.648,1.416,0.059,,21.6,0,13,281,31.57,63.274,1.101,21.201,,,,,1
2026-10-07T06:00Z,2026-10-09T06:00Z,a4t:bkp94t,48,35.2,35.2,38.4,38.4,30,24,35.2,30,,,0,0.003,845.514,3.593,1.572,,21.6,0,13,282,29.647,73.388,2.71,23.724,,,,,1
2026-10-07T06:00Z,2026-10-07T07:00Z,a4t:bkp95t,1,17.5,16.2,22.3,20.6,15.8,24,16.2,15.8,,,0,0.025,1262.333,2.594,0.152,,15.6,-0.074,14,280,31.442,63.859,2.086,44.366,,,,,1
2026-10-07T06:00Z,2026-10-07T09:00Z,a4t:bkp95t,3,17.9,16.7,22.4,20.8,15.9,24,16.7,15.9,,,0,0.02,916.257,1.565,0.267,,15.6,-0.074,16,280,30.864,66.349,1.163,47.804,,,,,1
2026-10-07T06:00Z,2026-10-07T12:00Z,a4t:bkp95t,6,38.4,36,22.5,20.8,16.2,24,36,16.2,,,0,0.008,98.551,1.724,0.01,,15.6,-0.074,19,280,26.721,90.14,1.126,227.801,,,,,1
2026-10-07T06:00Z,2026-10-07T18:00Z,a4t:bkp95t,12,42.8,40.4,28.6,26.7,18,24,40.4,18,,,0,0.018,88.551,1.697,0.01,,15.6,-0.074,1,280,24.724,95.967,0.517,289.977,,,,,1
2026-10-07T06:00Z,2026-10-08T06:00Z,a4t:bkp95t,24,20.7,19.8,31.5,29.7,19.9,24,19.8,19.9,,,0,0.064,1259.408,1.493,0.056,,15.6,-0.074,13,281,31.722,62.115,1.149,27.347,,,,,1
2026-10-07T06:00Z,2026-10-09T06:00Z,a4t:bkp95t,48,24.9,24.2,32.6,31.4,22.9,24,24.2,22.9,,,0,0.002,838.08,3.544,1.639,,15.6,-0.074,13,282,29.647,73.119,2.651,24.751,,,,,1
2026-10-07T06:00Z,2026-10-07T07:00Z,a4t:bkp96t,1,6.7,7.5,10.6,11.9,14.8,24,7.5,14.8,,,0,0.017,1264.963,2.624,0.132,,14.9,0.109,14,280,31.468,63.657,2.102,44.937,,,,,1
2026-10-07T06:00Z,2026-10-07T09:00Z,a4t:bkp96t,3,6.7,7.5,10.7,12.1,14.7,24,7.5,14.7,,,0,0.014,869.312,1.597,0.307,,14.9,0.109,16,280,30.814,66.597,1.186,50.491,,,,,1
2026-10-07T06:00Z,2026-10-07T12:00Z,a4t:bkp96t,6,21.3,23.5,11.1,12.5,14.6,24,23.5,14.6,,,0,0.006,96.473,1.71,0.012,,14.9,0.109,19,280,26.735,89.662,1.109,233.672,,,,,1
2026-10-07T06:00Z,2026-10-07T18:00Z,a4t:bkp96t,12,52.7,57.4,18.8,20.7,16.3,24,57.4,16.3,,,0,0.016,86.473,1.536,0.012,,14.9,0.109,1,280,24.721,96.018,0.442,288.558,,,,,1
2026-10-07T06:00Z,2026-10-08T06:00Z,a4t:bkp96t,24,15.7,16.8,27.5,29.9,20,24,16.8,20,,,0,0.074,1265.015,1.327,0.051,,14.9,0.109,13,281,31.709,62.387,1.019,22.908,,,,,1
2026-10-07T06:00Z,2026-10-09T06:00Z,a4t:bkp96t,48,18.5,19.3,28,29.5,23.1,24,19.3,23.1,,,0,0.003,773.137,3.522,1.834,,14.9,0.109,13,282,29.319,75.147,2.622,23.468,,,,,1
2026-10-07T06:00Z,2026-10-07T07:00Z,a4t:bkp97t,1,17.5,16.3,22.3,20.8,17.6,24,16.3,17.6,,,0,0.023,1292.695,2.585,0.099,,17.5,-0.068,14,280,31.566,62.944,2.073,43.51,,,,,1
2026-10-07T06:00Z,2026-10-07T09:00Z,a4t:bkp97t,3,17.9,16.8,22.4,20.9,17.7,24,16.8,17.7,,,0,0.016,903.949,1.633,0.193,,17.5,-0.068,16,280,30.974,65.935,1.227,47.595,,,,,1
2026-10-07T06:00Z,2026-10-07T12:00Z,a4t:bkp97t,6,38.4,36.1,22.5,21,17.9,24,36.1,17.9,,,0,0.007,95.348,1.867,0.007,,17.5,-0.068,19,280,26.762,89.759,1.208,231.402,,,,,1
2026-10-07T06:00Z,2026-10-07T18:00Z,a4t:bkp97t,12,42.8,40.6,28.6,26.8,19.5,24,40.6,19.5,,,0,0.025,85.348,1.665,0.007,,17.5,-0.068,1,280,24.755,96.241,0.565,276.787,,,,,1
2026-10-07T06:00Z,2026-10-08T06:00Z,a4t:bkp97t,24,20.7,19.8,31.5,29.8,21.3,24,19.8,21.3,,,0,0.065,1278.17,1.37,0.049,,17.5,-0.068,13,281,31.834,61.455,1.041,27.73,,,,,1
2026-10-07T06:00Z,2026-10-09T06:00Z,a4t:bkp97t,48,24.9,24.3,32.6,31.5,23.9,24,24.3,23.9,,,0,0.002,757.745,3.477,1.918,,17.5,-0.068,13,282,29.272,75.21,2.569,24.151,,,,,1
2026-10-07T06:00Z,2026-10-07T07:00Z,a4t:bkp98t,1,17.5,17.7,22.3,22.5,23.3,24,17.7,23.3,,,0,0.021,1288.376,2.593,0.102,,23.3,0.011,14,280,31.554,63.026,2.078,43.792,,,,,1
2026-10-07T06:00Z,2026-10-07T09:00Z,a4t:bkp98t,3,17.9,18.1,22.4,22.7,23.3,24,18.1,23.3,,,0,0.015,889.864,1.636,0.215,,23.3,0.011,16,280,30.942,66.074,1.228,48.472,,,,,1
2026-10-07T06:00Z,2026-10-07T12:00Z,a4t:bkp98t,6,38.4,38.8,22.5,22.7,23.2,24,38.8,23.2,,,0,0.007,95.164,1.848,0.008,,23.3,0.011,19,280,26.763,89.637,1.193,232.987,,,,,1
2026-10-07T06:00Z,2026-10-07T18:00Z,a4t:bkp98t,12,42.8,43.2,28.6,28.9,24.5,24,43.2,24.5,,,0,0.023,85.164,1.617,0.008,,23.3,0.011,1,280,24.749,96.217,0.536,277.928,,,,,1
2026-10-07T06:00Z,2026-10-08T06:00Z,a4t:bkp98t,24,20.7,20.8,31.5,31.8,26,24,20.8,26,,,0,0.069,1277.296,1.331,0.048,,23.3,0.011,13,281,31.813,61.65,1.012,26.277,,,,,1
2026-10-07T06:00Z,2026-10-09T06:00Z,a4t:bkp98t,48,24.9,25,32.6,32.7,28.1,24,25,28.1,,,0,0.002,746.977,3.479,1.944,,23.3,0.011,13,282,29.215,75.599,2.571,23.819,,,,,1
2026-10-07T06:00Z,2026-10-07T07:00Z,a4t:bkp99t,1,13,13.6,12.4,13.1,14.7,24,13.6,14.7,,,0,0.012,1260.033,2.675,0.119,,14.7,0.047,14,280,31.466,63.669,2.136,46.092,,,,,1
2026-10-07T06:00Z,2026-10-07T09:00Z,a4t:bkp99t,3,12.3,12.9,12.8,13.5,14.6,24,12.9,14.6,,,0,0.01,813.143,1.611,0.393,,14.7,0.047,16,280,30.706,67.088,1.19,54.144,,,,,1
2026-10-07T06:00Z,2026-10-07T12:00Z,a4t:bkp99t,6,21.8,22.7,13.1,13.7,14.6,24,22.7,14.6,,,0,0.005,94.776,1.636,0.016,,14.7,0.047,19,280,26.731,89.243,1.054,239.473,,,,,1
2026-10-07T06:00Z,2026-10-07T18:00Z,a4t:bkp99t,12,45.1,46.8,17.7,18.4,15.5,24,46.8,15.5,,,0,0.012,84.776,1.341,0.016,,14.7,0.047,1,280,24.708,95.992,0.328,292.215,,,,,1
2026-10-07T06:00Z,2026-10-08T06:00Z,a4t:bkp99t,24,20.7,21.3,29.2,30.3,19.8,24,21.3,19.8,,,0,0.082,1265.539,1.172,0.047,,14.7,0.047,13,281,31.652,62.955,0.906,15.244,,,,,1
2026-10-07T06:00Z,2026-10-09T06:00Z,a4t:bkp99t,48,23.1,23.5,33,33.7,24.6,24,23.5,24.6,,,0,0.003,720.354,3.52,1.981,,14.7,0.047,13,282,29.035,76.978,2.618,21.957,,,,,1
2026-10-07T06:00Z,2026-10-07T07:00Z,717,1,5.7,6.6,5.1,6,15.6,24,6.6,15.6,,,0,0,1183.176,3.497,0,,15.9,0.131,14,280,30.941,67.307,2.811,58.536,,,,,1
2026-10-07T06:00Z,2026-10-07T09:00Z,717,3,6.1,7,5.3,6.2,15.3,24,7,15.3,,,0,0,577.467,1.068,1.672,,15.9,0.131,16,280,29.035,74.014,0.787,128.441,,,,,1
2026-10-07T06:00Z,2026-10-07T12:00Z,717,6,9.5,10.8,5.7,6.6,14.9,24,10.8,14.9,,,0,0,107.62,2.31,0.097,,15.9,0.131,19,280,25.571,95.12,1.571,111.377,,,,,1
2026-10-07T06:00Z,2026-10-07T18:00Z,717,12,15.1,16.8,7,8,14.2,24,16.8,14.2,,,0,0,88.675,3.401,0.083,,15.9,0.131,1,280,24.371,94.226,1.683,23.931,,,,,1
2026-10-07T06:00Z,2026-10-08T06:00Z,717,24,10.4,11.3,11.5,12.8,15,24,11.3,15,,,0,0.008,1132.647,2.461,0.077,,15.9,0.131,13,281,30.51,68.333,2.047,355.465,,,,,1
2026-10-07T06:00Z,2026-10-09T06:00Z,717,48,10.9,11.5,13.4,14.3,15.6,24,11.5,15.6,,,0,0.007,1244.335,4.257,0.077,,15.9,0.131,13,282,30.963,65.982,3.427,18.026,,,,,1
2026-10-07T06:00Z,2026-10-07T07:00Z,225576,1,5.7,6.3,5.1,5.7,7.4,24,6.3,7.4,,,0,0,938.418,2.245,0,,7.5,0.093,14,280,30.04,70.889,1.762,58.136,,,,,1
2026-10-07T06:00Z,2026-10-07T09:00Z,225576,3,6.1,6.7,5.3,6,7.4,24,6.7,7.4,,,0,0,543.415,0.393,0.986,,7.5,0.093,16,280,28.949,74.442,0.19,110.018,,,,,1
2026-10-07T06:00Z,2026-10-07T12:00Z,225576,6,9.5,10.4,5.7,6.3,7.4,24,10.4,7.4,,,0,0,204.065,1.16,0.065,,7.5,0.093,19,280,26.534,89.052,0.715,118.589,,,,,1
2026-10-07T06:00Z,2026-10-07T18:00Z,225576,12,15.1,16.3,7,7.7,7.6,24,16.3,7.6,,,0,0,219.843,3.223,0.127,,7.5,0.093,1,280,25.531,89.673,2.14,23.178,,,,,1
2026-10-07T06:00Z,2026-10-08T06:00Z,225576,24,10.4,11,11.5,12.4,9.2,24,11,9.2,,,0,0.003,918.484,2.849,0.044,,7.5,0.093,13,281,29.828,70.703,2.446,0.158,,,,,1
2026-10-07T06:00Z,2026-10-09T06:00Z,225576,48,10.9,11.3,13.4,14,11.1,24,11.3,11.1,,,0,0.008,1078.347,4.788,0.044,,7.5,0.093,13,282,30.269,68.364,3.991,20.505,,,,,1
2026-10-07T06:00Z,2026-10-07T07:00Z,225603,1,5.7,7.3,5.1,6.8,6.8,24,7.3,6.8,,,0,0,993.569,2.777,0,,,0.24,14,280,30.275,70.227,2.247,63.951,,,,,1
2026-10-07T06:00Z,2026-10-07T09:00Z,225603,3,6.1,7.7,5.3,7,7.1,24,7.7,7.1,,,0,0,566.358,0.599,1.364,,,0.24,16,280,28.847,75.116,0.392,116.777,,,,,1
2026-10-07T06:00Z,2026-10-07T12:00Z,225603,6,9.5,11.8,5.7,7.4,7.5,24,11.8,7.5,,,0,0,175.945,1.512,0.074,,,0.24,19,280,26.391,90.147,1,110.849,,,,,1
2026-10-07T06:00Z,2026-10-07T18:00Z,225603,12,15.1,18.1,7,8.8,9.1,24,18.1,9.1,,,0,0,199.725,3.572,0.136,,,0.24,1,280,25.321,90.121,2.136,22.013,,,,,1
2026-10-07T06:00Z,2026-10-08T06:00Z,225603,24,10.4,12,11.5,13.8,14.9,24,12,14.9,,,0,0.005,963.592,2.55,0.064,,,0.24,13,281,29.908,71.149,2.229,352.841,,,,,1
2026-10-07T06:00Z,2026-10-09T06:00Z,225603,48,10.9,11.9,13.4,15,17.3,24,11.9,17.3,,,0,0.008,1164.417,4.812,0.064,,,0.24,13,282,30.532,67.79,4.006,18.321,,,,,1
2026-10-07T06:00Z,2026-10-07T07:00Z,228541,1,6.4,6.4,4.3,4.3,4.3,24,6.4,4.3,,,0,0.001,1348.343,3.213,0,,,0,14,280,28.818,57.742,2.528,122.469,,,,,1
2026-10-07T06:00Z,2026-10-07T09:00Z,228541,3,6.7,6.7,4.4,4.4,4.4,24,6.7,4.4,,,0,0.001,1236.736,2.471,0,,,0,16,280,28.426,61.497,1.748,107.817,,,,,1
2026-10-07T06:00Z,2026-10-07T12:00Z,228541,6,8.7,8.7,4.8,4.8,4.8,24,8.7,4.8,,,0,0.001,71.263,3.247,0,,,0,19,280,25.263,79.926,1.342,127.026,,,,,1
2026-10-07T06:00Z,2026-10-07T18:00Z,228541,12,11.3,11.3,6.7,6.7,6.7,24,11.3,6.7,,,0,0.001,10.615,0.725,0,,,0,1,280,22.982,85.683,0.119,222.488,,,,,1
2026-10-07T06:00Z,2026-10-08T06:00Z,228541,24,11.2,11.2,10.2,10.2,10.2,24,11.2,10.2,,,0,0.001,1231.964,0.479,0,,,0,13,281,29.684,58.081,0.348,84.04,,,,,1
2026-10-07T06:00Z,2026-10-09T06:00Z,228541,48,15.4,15.4,14.8,14.8,14.8,24,15.4,14.8,,,0,0.001,1121.864,1.544,0.368,,,0,13,282,30.129,58.695,1.231,46.764,,,,,1
2026-10-07T06:00Z,2026-10-07T07:00Z,228544,1,13.8,13.8,9.4,9.4,9.4,24,13.8,9.4,,,0,0,1031.407,2.82,0.022,,,0,14,280,29.034,57.397,2.174,38.638,,,,,1
2026-10-07T06:00Z,2026-10-07T09:00Z,228544,3,12.9,12.9,9.8,9.8,9.8,24,12.9,9.8,,,0,0,896.825,3.188,0.022,,,0,16,280,28.417,59.745,2.329,47.591,,,,,1
2026-10-07T06:00Z,2026-10-07T12:00Z,228544,6,13.9,13.9,10.7,10.7,10.7,24,13.9,10.7,,,0,0,112.998,2.835,0,,,0,19,280,25.336,75.344,1.08,33.01,,,,,1
2026-10-07T06:00Z,2026-10-07T18:00Z,228544,12,17.5,17.5,13.1,13.1,13.1,24,17.5,13.1,,,0,0.001,131.565,3.07,0,,,0,1,280,22.323,83.827,1.076,83.559,,,,,1
2026-10-07T06:00Z,2026-10-08T06:00Z,228544,24,17.1,17.1,17.2,17.2,17.2,24,17.1,17.2,,,0,0.001,1135.481,2.253,0.011,,,0,13,281,29.339,56,1.795,31.33,,,,,1
2026-10-07T06:00Z,2026-10-09T06:00Z,228544,48,17.3,17.3,19,19,19,24,17.3,19,,,0,0.002,959.316,4.008,0.067,,,0,13,282,28.659,64.751,3,48.287,,,,,1
2026-10-07T06:00Z,2026-10-07T07:00Z,2161292,1,13.9,13.9,,,,h,13.9,,,,0,0.153,1459.444,2.78,0,,,0,14,280,28.56,45.328,2.105,38.924,,,,,1
2026-10-07T06:00Z,2026-10-07T09:00Z,2161292,3,15.2,15.2,,,,h,15.2,,,,0,0.071,999.463,1.901,0,,,0,16,280,27.891,46.992,1.416,59.286,,,,,1
2026-10-07T06:00Z,2026-10-07T12:00Z,2161292,6,81.7,81.7,,,,h,81.7,,,,0,0.092,20.426,1.067,0,,,0,19,280,23.827,69.176,0.598,298.319,,,,,1
2026-10-07T06:00Z,2026-10-07T18:00Z,2161292,12,105.9,105.9,,,,h,105.9,,,,0,0.33,20,1.645,0,,,0,1,280,21.461,82.243,0.244,198.78,,,,,1
2026-10-07T06:00Z,2026-10-08T06:00Z,2161292,24,32.4,32.4,,,,h,32.4,,,,0,0.039,1182.402,2.018,0,,,0,13,281,28.857,48.381,1.669,8.651,,,,,1
2026-10-07T06:00Z,2026-10-09T06:00Z,2161292,48,36.9,36.9,,,,h,36.9,,,,0,0.007,926.448,1.739,0,,,0,13,282,28.484,59.83,1.318,71.698,,,,,1
2026-10-07T06:00Z,2026-10-07T07:00Z,2161306,1,13.9,13.9,,,,h,13.9,,,,0,0.056,1435.59,2.751,0,,,0,14,280,28.371,45.598,2.076,40.783,,,,,1
2026-10-07T06:00Z,2026-10-07T09:00Z,2161306,3,15.2,15.2,,,,h,15.2,,,,0,0.177,965.88,1.924,0,,,0,16,280,27.669,47.576,1.41,59.898,,,,,1
2026-10-07T06:00Z,2026-10-07T12:00Z,2161306,6,81.7,81.7,,,,h,81.7,,,,0,0.116,21.52,0.837,0,,,0,19,280,23.633,69.501,0.509,304.085,,,,,1
2026-10-07T06:00Z,2026-10-07T18:00Z,2161306,12,105.9,105.9,,,,h,105.9,,,,0,0.226,20,1.43,0,,,0,1,280,21.206,82.624,0.218,199.457,,,,,1
2026-10-07T06:00Z,2026-10-08T06:00Z,2161306,24,32.4,32.4,,,,h,32.4,,,,0,0.036,1170.15,1.995,0,,,0,13,281,28.66,48.172,1.629,13.453,,,,,1
2026-10-07T06:00Z,2026-10-09T06:00Z,2161306,48,36.9,36.9,,,,h,36.9,,,,0,0.007,979.06,1.868,0,,,0,13,282,28.405,59.452,1.404,68.6,,,,,1
2026-10-07T06:00Z,2026-10-07T07:00Z,7880,1,16.9,16.9,,,,h,16.9,,,,0,0,1310.266,1.293,0.153,,,0,14,280,29.661,66.116,0.956,280.277,,,,,1
2026-10-07T06:00Z,2026-10-07T09:00Z,7880,3,19.4,19.4,,,,h,19.4,,,,0,0,403.502,1.094,0.358,,,0,16,280,27.433,76.983,0.62,258.449,,,,,1
2026-10-07T06:00Z,2026-10-07T12:00Z,7880,6,21,21,,,,h,21,,,,0,0,30.007,1.035,0,,,0,19,280,24.141,96.613,0.608,130.598,,,,,1
2026-10-07T06:00Z,2026-10-07T18:00Z,7880,12,14.6,14.6,,,,h,14.6,,,,0,0,43.98,1.933,0.052,,,0,1,280,22.073,99.079,0.876,181.318,,,,,1
2026-10-07T06:00Z,2026-10-08T06:00Z,7880,24,13.8,13.8,,,,h,13.8,,,,0,0,1028.982,1.766,0.052,,,0,13,281,28.685,63.94,1.308,277.03,,,,,1
2026-10-07T06:00Z,2026-10-09T06:00Z,7880,48,19.6,19.6,,,,h,19.6,,,,0,0,1138.748,1.205,0.02,,,0,13,282,29.125,63.73,0.895,290.217,,,,,1
2026-10-07T06:00Z,2026-10-07T07:00Z,1235990,1,17.5,17.5,,,,h,17.5,,,,0,0.023,1279.248,2.593,0.12,,,0,14,280,31.513,63.336,2.082,43.992,,,,,0
2026-10-07T06:00Z,2026-10-07T09:00Z,1235990,3,17.9,17.9,,,,h,17.9,,,,0,0.017,904.005,1.604,0.233,,,0,16,280,30.917,66.159,1.199,48.026,,,,,0
2026-10-07T06:00Z,2026-10-07T12:00Z,1235990,6,38.4,38.4,,,,h,38.4,,,,0,0.007,96.562,1.796,0.008,,,0,19,280,26.744,89.884,1.167,230.392,,,,,0
2026-10-07T06:00Z,2026-10-07T18:00Z,1235990,12,42.8,42.8,,,,h,42.8,,,,0,0.021,86.562,1.648,0.008,,,0,1,280,24.74,96.121,0.527,282.708,,,,,0
2026-10-07T06:00Z,2026-10-08T06:00Z,1235990,24,20.7,20.7,,,,h,20.7,,,,0,0.067,1270.176,1.407,0.052,,,0,13,281,31.781,61.79,1.075,27.015,,,,,0
2026-10-07T06:00Z,2026-10-09T06:00Z,1235990,48,24.9,24.9,,,,h,24.9,,,,0,0.002,787.302,3.505,1.812,,,0,13,282,29.407,74.483,2.603,24.269,,,,,0
2026-10-07T06:00Z,2026-10-07T07:00Z,1235996,1,4.3,9.5,,,,h,9.5,,,,0,0.001,1319.088,0.975,0.128,4.9,,0.71,14,280,28.698,56.045,0.664,106.328,,,,,0
2026-10-07T06:00Z,2026-10-07T09:00Z,1235996,3,5.1,10.7,,,,h,10.7,,,,0,0.001,812.422,1.244,0.304,4.9,,0.71,16,280,27.576,63.073,0.879,97.727,,,,,0
2026-10-07T06:00Z,2026-10-07T12:00Z,1235996,6,6.4,12.7,,,,h,12.7,,,,0,0.002,43.195,0.865,0.161,4.9,,0.71,19,280,22.631,96.893,0.394,257.63,,,,,0
2026-10-07T06:00Z,2026-10-07T18:00Z,1235996,12,7.5,13.6,,,,h,13.6,,,,0,0.001,28.885,0.333,0.039,4.9,,0.71,1,280,20.929,96.118,0.244,106.814,,,,,0
2026-10-07T06:00Z,2026-10-08T06:00Z,1235996,24,6,9.7,,,,h,9.7,,,,0,0.001,1138.039,0.758,0.111,4.9,,0.71,13,281,28.805,59.998,0.542,320.316,,,,,0
2026-10-07T06:00Z,2026-10-09T06:00Z,1235996,48,6.4,8.6,,,,h,8.6,,,,0,0.001,1297.595,0.72,0.089,4.9,,0.71,13,282,29.684,57.666,0.464,71.411,,,,,0
2026-10-07T06:00Z,2026-10-07T07:00Z,1235999,1,6.8,6.8,,,,h,6.8,,,,0,0.007,1055.195,0.571,0.055,,,0,14,280,29.396,63.121,0.434,97.018,,,,,0
2026-10-07T06:00Z,2026-10-07T09:00Z,1235999,3,7.5,7.5,,,,h,7.5,,,,0,0.005,454.915,1.681,0.336,,,0,16,280,28.725,69.276,1.325,123.297,,,,,0
2026-10-07T06:00Z,2026-10-07T12:00Z,1235999,6,25.2,25.2,,,,h,25.2,,,,0,0.004,34.166,0.693,0,,,0,19,280,25.661,87.568,0.147,179.543,,,,,0
2026-10-07T06:00Z,2026-10-07T18:00Z,1235999,12,33.5,33.5,,,,h,33.5,,,,0,0.002,46.271,0.916,0.368,,,0,1,280,22.32,95.322,0.25,245.165,,,,,0
2026-10-07T06:00Z,2026-10-08T06:00Z,1235999,24,10.2,10.2,,,,h,10.2,,,,0,0.001,842.552,1.027,0.078,,,0,13,281,29.711,62.931,0.828,131.525,,,,,0
2026-10-07T06:00Z,2026-10-09T06:00Z,1235999,48,11.4,11.4,,,,h,11.4,,,,0,0,990.127,0.449,0.064,,,0,13,282,30.717,60.564,0.374,141.24,,,,,0
2026-10-07T06:00Z,2026-10-07T07:00Z,1236013,1,6.2,40.2,,,,h,40.2,,,,0,0.002,1156.833,0.624,0.105,28.3,,1.818,14,280,29.719,67.55,0.513,28.781,,,,,0
2026-10-07T06:00Z,2026-10-07T09:00Z,1236013,3,7.2,42.7,,,,h,42.7,,,,0,0.002,999.903,1.622,0.056,28.3,,1.818,16,280,29.549,67.288,1.331,61.462,,,,,0
2026-10-07T06:00Z,2026-10-07T12:00Z,1236013,6,8.5,44.7,,,,h,44.7,,,,0,0.001,47.523,1.197,0,28.3,,1.818,19,280,25.906,87.207,0.476,144.892,,,,,0
2026-10-07T06:00Z,2026-10-07T18:00Z,1236013,12,12.3,52.2,,,,h,52.2,,,,0,0.001,20.687,0.87,0,28.3,,1.818,1,280,23.205,98.768,0.078,302.484,,,,,0
2026-10-07T06:00Z,2026-10-08T06:00Z,1236013,24,9.5,29.9,,,,h,29.9,,,,0,0.001,1065.557,0.475,0.036,28.3,,1.818,13,281,30.154,65.986,0.287,14.096,,,,,0
2026-10-07T06:00Z,2026-10-09T06:00Z,1236013,48,8.2,16.7,,,,h,16.7,,,,0,0,1058.218,1.273,0.083,28.3,,1.818,13,282,31.126,59.608,0.964,42.988,,,,,0
2026-10-07T06:00Z,2026-10-07T07:00Z,1236024,1,6.8,4.1,,,,h,4.1,,,,0,0.007,1120.797,0.212,0.101,3.3,,-0.45,14,280,29.26,63.356,0.105,101.394,,,,,0
2026-10-07T06:00Z,2026-10-07T09:00Z,1236024,3,7.5,4.6,,,,h,4.6,,,,0,0.005,546.054,1.352,0.431,3.3,,-0.45,16,280,28.724,67.332,1.083,141.285,,,,,0
2026-10-07T06:00Z,2026-10-07T12:00Z,1236024,6,25.2,16.8,,,,h,16.8,,,,0,0.004,30.767,0.802,0,3.3,,-0.45,19,280,24.932,91.65,0.381,144.243,,,,,0
2026-10-07T06:00Z,2026-10-07T18:00Z,1236024,12,33.5,23.5,,,,h,23.5,,,,0,0.002,44.665,1.158,0.502,3.3,,-0.45,1,280,21.829,96.39,0.517,223.731,,,,,0
2026-10-07T06:00Z,2026-10-08T06:00Z,1236024,24,10.2,7.6,,,,h,7.6,,,,0,0.001,945.899,0.782,0.101,3.3,,-0.45,13,281,29.752,61.25,0.632,123.401,,,,,0
2026-10-07T06:00Z,2026-10-09T06:00Z,1236024,48,11.4,9.5,,,,h,9.5,,,,0,0,1044.652,0.362,0.075,3.3,,-0.45,13,282,30.546,59.937,0.267,134.251,,,,,0
2026-10-07T06:00Z,2026-10-07T07:00Z,1236034,1,17.5,17.5,,,,h,17.5,,,,0,0.031,1265.412,2.578,0.155,,,0,14,280,31.445,63.843,2.077,43.962,,,,,0
2026-10-07T06:00Z,2026-10-07T09:00Z,1236034,3,17.9,17.9,,,,h,17.9,,,,0,0.024,942.086,1.553,0.237,,,0,16,280,30.907,66.158,1.158,46.21,,,,,0
2026-10-07T06:00Z,2026-10-07T12:00Z,1236034,6,38.4,38.4,,,,h,38.4,,,,0,0.009,99.309,1.752,0.009,,,0,19,280,26.716,90.387,1.147,224.689,,,,,0
2026-10-07T06:00Z,2026-10-07T18:00Z,1236034,12,42.8,42.8,,,,h,42.8,,,,0,0.019,89.309,1.777,0.009,,,0,1,280,24.729,95.973,0.56,289.161,,,,,0
2026-10-07T06:00Z,2026-10-08T06:00Z,1236034,24,20.7,20.7,,,,h,20.7,,,,0,0.058,1258.533,1.579,0.059,,,0,13,281,31.744,61.866,1.214,29.487,,,,,0
2026-10-07T06:00Z,2026-10-09T06:00Z,1236034,48,24.9,24.9,,,,h,24.9,,,,0,0.002,866.373,3.549,1.56,,,0,13,282,29.792,72.191,2.657,25.399,,,,,0
2026-10-07T06:00Z,2026-10-07T07:00Z,1236050,1,6.8,6.8,,,,h,6.8,,,,0,0.006,1101.888,0.56,0.142,,,0,14,280,28.502,63.964,0.364,100.824,,,,,0
2026-10-07T06:00Z,2026-10-07T09:00Z,1236050,3,7.5,7.5,,,,h,7.5,,,,0,0.005,611.366,1.261,0.491,,,0,16,280,27.943,67.689,0.988,132.518,,,,,0
2026-10-07T06:00Z,2026-10-07T12:00Z,1236050,6,25.2,25.2,,,,h,25.2,,,,0,0.004,28.123,0.885,0,,,0,19,280,23.967,93.091,0.321,142.249,,,,,0
2026-10-07T06:00Z,2026-10-07T18:00Z,1236050,12,33.5,33.5,,,,h,33.5,,,,0,0.002,46.731,1.287,0.571,,,0,1,280,21.028,96.991,0.531,212.379,,,,,0
2026-10-07T06:00Z,2026-10-08T06:00Z,1236050,24,10.2,10.2,,,,h,10.2,,,,0,0.001,994.343,0.963,0.129,,,0,13,281,29.158,60.749,0.768,105.498,,,,,0
2026-10-07T06:00Z,2026-10-09T06:00Z,1236050,48,11.4,11.4,,,,h,11.4,,,,0,0,1093.532,0.731,0.071,,,0,13,282,29.925,59.237,0.546,101.823,,,,,0
2026-10-07T06:00Z,2026-10-07T07:00Z,1641558,1,6.8,5.1,,,,h,5.1,,,,0,0.006,1103.505,0.554,0.145,4.5,,-0.257,14,280,28.479,63.976,0.357,100.243,,,,,0
2026-10-07T06:00Z,2026-10-07T09:00Z,1641558,3,7.5,5.7,,,,h,5.7,,,,0,0.005,616.424,1.245,0.492,4.5,,-0.257,16,280,27.93,67.596,0.976,132.82,,,,,0
2026-10-07T06:00Z,2026-10-07T12:00Z,1641558,6,25.2,20,,,,h,20,,,,0,0.004,27.943,0.901,0,4.5,,-0.257,19,280,23.923,93.224,0.332,141.47,,,,,0
2026-10-07T06:00Z,2026-10-07T18:00Z,1641558,12,33.5,27.4,,,,h,27.4,,,,0,0.002,46.768,1.308,0.574,4.5,,-0.257,1,280,20.993,97.031,0.543,211.57,,,,,0
2026-10-07T06:00Z,2026-10-08T06:00Z,1641558,24,10.2,8.6,,,,h,8.6,,,,0,0.001,998.724,0.96,0.13,4.5,,-0.257,13,281,29.145,60.67,0.767,104.406,,,,,0
2026-10-07T06:00Z,2026-10-09T06:00Z,1641558,48,11.4,10.3,,,,h,10.3,,,,0,0,1096.501,0.738,0.071,4.5,,-0.257,13,282,29.903,59.203,0.551,100.903,,,,,0
2026-10-07T06:00Z,2026-10-07T07:00Z,1646752,1,6.8,6.5,,,,h,6.5,,,,0,0.007,1122.867,0.155,0.094,6.8,,-0.035,14,280,29.394,63.234,0.063,97.997,,,,,0
2026-10-07T06:00Z,2026-10-07T09:00Z,1646752,3,7.5,7.2,,,,h,7.2,,,,0,0.005,533.953,1.369,0.415,6.8,,-0.035,16,280,28.866,67.25,1.1,142.119,,,,,0
2026-10-07T06:00Z,2026-10-07T12:00Z,1646752,6,25.2,24.4,,,,h,24.4,,,,0,0.004,31.273,0.791,0,6.8,,-0.035,19,280,25.116,91.285,0.393,145.218,,,,,0
2026-10-07T06:00Z,2026-10-07T18:00Z,1646752,12,33.5,32.6,,,,h,32.6,,,,0,0.002,44.389,1.143,0.484,6.8,,-0.035,1,280,21.976,96.256,0.516,225.837,,,,,0
2026-10-07T06:00Z,2026-10-08T06:00Z,1646752,24,10.2,10,,,,h,10,,,,0,0.001,935.585,0.759,0.095,6.8,,-0.035,13,281,29.855,61.348,0.616,126.959,,,,,0
2026-10-07T06:00Z,2026-10-09T06:00Z,1646752,48,11.4,11.2,,,,h,11.2,,,,0,0,1035.316,0.321,0.074,6.8,,-0.035,13,282,30.653,60.074,0.241,145.929,,,,,0
2026-10-07T06:00Z,2026-10-07T07:00Z,2124016,1,4.3,4.3,,,,h,4.3,,,,0,0.001,1325.091,1.012,0.13,,,0,14,280,28.682,55.867,0.692,106.758,,,,,0
2026-10-07T06:00Z,2026-10-07T09:00Z,2124016,3,5.1,5.1,,,,h,5.1,,,,0,0.001,861.553,1.272,0.285,,,0,16,280,27.642,62.322,0.899,97.267,,,,,0
2026-10-07T06:00Z,2026-10-07T12:00Z,2124016,6,6.4,6.4,,,,h,6.4,,,,0,0.002,44.48,1.118,0.157,,,0,19,280,22.576,96.855,0.506,256.063,,,,,0
2026-10-07T06:00Z,2026-10-07T18:00Z,2124016,12,7.5,7.5,,,,h,7.5,,,,0,0.001,29.973,0.309,0.038,,,0,1,280,20.913,95.803,0.262,94.915,,,,,0
2026-10-07T06:00Z,2026-10-08T06:00Z,2124016,24,6,6,,,,h,6,,,,0,0.001,1155.188,0.724,0.109,,,0,13,281,28.784,60.057,0.518,318.46,,,,,0
2026-10-07T06:00Z,2026-10-09T06:00Z,2124016,48,6.4,6.4,,,,h,6.4,,,,0,0.001,1316.378,0.74,0.093,,,0,13,282,29.725,57.085,0.475,74.551,,,,,0
2026-10-07T06:00Z,2026-10-07T07:00Z,2136949,1,4.3,10.7,,,,h,10.7,,,,0,0.001,1303.307,0.888,0.136,5.5,,0.825,14,280,28.7,56.159,0.601,108.242,,,,,0
2026-10-07T06:00Z,2026-10-07T09:00Z,2136949,3,5.1,12,,,,h,12,,,,0,0.001,759.933,1.138,0.313,5.5,,0.825,16,280,27.55,63.563,0.799,104.591,,,,,0
2026-10-07T06:00Z,2026-10-07T12:00Z,2136949,6,6.4,14.1,,,,h,14.1,,,,0,0.002,39.5,0.674,0.16,5.5,,0.825,19,280,22.699,97.002,0.299,262.875,,,,,0
2026-10-07T06:00Z,2026-10-07T18:00Z,2136949,12,7.5,14.9,,,,h,14.9,,,,0,0.001,27.189,0.321,0.045,5.5,,0.825,1,280,20.988,96.662,0.231,116.993,,,,,0
2026-10-07T06:00Z,2026-10-08T06:00Z,2136949,24,6,10.4,,,,h,10.4,,,,0,0.001,1122.788,0.867,0.11,5.5,,0.825,13,281,28.832,59.902,0.631,318.479,,,,,0
2026-10-07T06:00Z,2026-10-09T06:00Z,2136949,48,6.4,9,,,,h,9,,,,0,0.001,1281.631,0.637,0.086,5.5,,0.825,13,282,29.652,58.469,0.405,61.322,,,,,0
2026-10-07T06:00Z,2026-10-07T07:00Z,2142493,1,4.3,3.2,,,,h,3.2,,,,0,0.001,1323.47,1,0.132,0.7,,-0.246,14,280,28.673,55.821,0.683,107.442,,,,,0
2026-10-07T06:00Z,2026-10-07T09:00Z,2142493,3,5.1,3.9,,,,h,3.9,,,,0,0.001,867.535,1.249,0.28,0.7,,-0.246,16,280,27.659,62.148,0.881,98.69,,,,,0
2026-10-07T06:00Z,2026-10-07T12:00Z,2142493,6,6.4,5,,,,h,5,,,,0,0.002,43.905,1.171,0.156,0.7,,-0.246,19,280,22.568,96.873,0.525,256.27,,,,,0
2026-10-07T06:00Z,2026-10-07T18:00Z,2142493,12,7.5,6,,,,h,6,,,,0,0.001,29.96,0.293,0.04,0.7,,-0.246,1,280,20.92,95.83,0.267,92.026,,,,,0
2026-10-07T06:00Z,2026-10-08T06:00Z,2142493,24,6,5,,,,h,5,,,,0,0.001,1158.684,0.744,0.108,0.7,,-0.246,13,281,28.781,60.051,0.536,316.94,,,,,0
2026-10-07T06:00Z,2026-10-09T06:00Z,2142493,48,6.4,5.8,,,,h,5.8,,,,0,0.001,1320.368,0.717,0.093,0.7,,-0.246,13,282,29.73,57.074,0.455,73.401,,,,,0
2026-10-07T06:00Z,2026-10-07T07:00Z,2142801,1,4.3,4.3,,,,h,4.3,,,,0,0.001,1329.474,1.041,0.125,,,0,14,280,28.695,55.913,0.713,105.632,,,,,0
2026-10-07T06:00Z,2026-10-07T09:00Z,2142801,3,5.1,5.1,,,,h,5.1,,,,0,0.001,861.254,1.322,0.29,,,0,16,280,27.625,62.48,0.939,94.657,,,,,0
2026-10-07T06:00Z,2026-10-07T12:00Z,2142801,6,6.4,6.4,,,,h,6.4,,,,0,0.002,45.812,1.075,0.159,,,0,19,280,22.577,96.814,0.496,255.35,,,,,0
2026-10-07T06:00Z,2026-10-07T18:00Z,2142801,12,7.5,7.5,,,,h,7.5,,,,0,0.001,30.236,0.334,0.035,,,0,1,280,20.896,95.686,0.258,97.015,,,,,0
2026-10-07T06:00Z,2026-10-08T06:00Z,2142801,24,6,6,,,,h,6,,,,0,0.001,1152.585,0.683,0.11,,,0,13,281,28.785,60.081,0.48,321.034,,,,,0
2026-10-07T06:00Z,2026-10-09T06:00Z,2142801,48,6.4,6.4,,,,h,6.4,,,,0,0.001,1313.218,0.788,0.092,,,0,13,282,29.724,56.978,0.514,77.102,,,,,0
2026-10-07T06:00Z,2026-10-07T07:00Z,2147304,1,4.3,8.3,,,,h,8.3,,,,0,0.001,1278.597,0.758,0.149,4,,0.591,14,280,28.699,56.281,0.507,112.684,,,,,0
2026-10-07T06:00Z,2026-10-07T09:00Z,2147304,3,5.1,9.5,,,,h,9.5,,,,0,0.001,690.345,1.015,0.318,4,,0.591,16,280,27.536,64.087,0.709,118.911,,,,,0
2026-10-07T06:00Z,2026-10-07T12:00Z,2147304,6,6.4,11.3,,,,h,11.3,,,,0,0.002,33.691,0.469,0.157,4,,0.591,19,280,22.793,97.173,0.197,276.929,,,,,0
2026-10-07T06:00Z,2026-10-07T18:00Z,2147304,12,7.5,12.3,,,,h,12.3,,,,0,0.001,24.726,0.301,0.055,4,,0.591,1,280,21.083,97.466,0.213,131.868,,,,,0
2026-10-07T06:00Z,2026-10-08T06:00Z,2147304,24,6,8.9,,,,h,8.9,,,,0,0.001,1103.676,1.041,0.107,4,,0.591,13,281,28.872,59.762,0.775,315.623,,,,,0
2026-10-07T06:00Z,2026-10-09T06:00Z,2147304,48,6.4,8.2,,,,h,8.2,,,,0,0.001,1261.986,0.554,0.082,4,,0.591,13,282,29.614,59.604,0.357,40.323,,,,,0
2026-10-07T06:00Z,2026-10-07T07:00Z,2151718,1,4.3,4.3,,,,h,4.3,,,,0,0.001,1319.215,0.976,0.128,,,0,14,280,28.698,56.047,0.664,106.29,,,,,0
2026-10-07T06:00Z,2026-10-07T09:00Z,2151718,3,5.1,5.1,,,,h,5.1,,,,0,0.001,812.345,1.245,0.305,,,0,16,280,27.575,63.079,0.881,97.641,,,,,0
2026-10-07T06:00Z,2026-10-07T12:00Z,2151718,6,6.4,6.4,,,,h,6.4,,,,0,0.002,43.237,0.864,0.161,,,0,19,280,22.632,96.892,0.394,257.608,,,,,0
2026-10-07T06:00Z,2026-10-07T18:00Z,2151718,12,7.5,7.5,,,,h,7.5,,,,0,0.001,28.892,0.334,0.039,,,0,1,280,20.929,96.115,0.244,106.867,,,,,0
2026-10-07T06:00Z,2026-10-08T06:00Z,2151718,24,6,6,,,,h,6,,,,0,0.001,1137.925,0.757,0.111,,,0,13,281,28.805,59.999,0.541,320.398,,,,,0
2026-10-07T06:00Z,2026-10-09T06:00Z,2151718,48,6.4,6.4,,,,h,6.4,,,,0,0.001,1297.461,0.722,0.089,,,0,13,282,29.684,57.663,0.465,71.503,,,,,0
2026-10-07T06:00Z,2026-10-07T07:00Z,2158149,1,4.3,4.3,,,,h,4.3,,,,0,0.001,1305.969,0.911,0.132,,,0,14,280,28.713,56.192,0.618,107.32,,,,,0
2026-10-07T06:00Z,2026-10-07T09:00Z,2158149,3,5.1,5.1,,,,h,5.1,,,,0,0.001,760.224,1.171,0.315,,,0,16,280,27.545,63.655,0.824,102.555,,,,,0
2026-10-07T06:00Z,2026-10-07T12:00Z,2158149,6,6.4,6.4,,,,h,6.4,,,,0,0.002,40.501,0.645,0.161,,,0,19,280,22.703,96.97,0.295,262.53,,,,,0
2026-10-07T06:00Z,2026-10-07T18:00Z,2158149,12,7.5,7.5,,,,h,7.5,,,,0,0.001,27.37,0.34,0.043,,,0,1,280,20.98,96.573,0.228,117.161,,,,,0
2026-10-07T06:00Z,2026-10-08T06:00Z,2158149,24,6,6,,,,h,6,,,,0,0.001,1120.549,0.835,0.111,,,0,13,281,28.835,59.923,0.603,320.086,,,,,0
2026-10-07T06:00Z,2026-10-09T06:00Z,2158149,48,6.4,6.4,,,,h,6.4,,,,0,0.001,1279.029,0.668,0.085,,,0,13,282,29.655,58.38,0.431,64.175,,,,,0
2026-10-07T06:00Z,2026-10-07T07:00Z,2165656,1,4.3,4.3,,,,h,4.3,,,,0,0.001,1306.048,0.89,0.137,,,0,14,280,28.683,56.074,0.601,108.653,,,,,0
2026-10-07T06:00Z,2026-10-07T09:00Z,2165656,3,5.1,5.1,,,,h,5.1,,,,0,0.001,779.413,1.132,0.307,,,0,16,280,27.565,63.264,0.794,104.347,,,,,0
2026-10-07T06:00Z,2026-10-07T12:00Z,2165656,6,6.4,6.4,,,,h,6.4,,,,0,0.002,39.597,0.782,0.16,,,0,19,280,22.667,97.003,0.34,260.982,,,,,0
2026-10-07T06:00Z,2026-10-07T18:00Z,2165656,12,7.5,7.5,,,,h,7.5,,,,0,0.001,27.603,0.301,0.046,,,0,1,280,20.975,96.572,0.24,112.483,,,,,0
2026-10-07T06:00Z,2026-10-08T06:00Z,2165656,24,6,6,,,,h,6,,,,0,0.001,1131.631,0.868,0.109,,,0,13,281,28.817,59.91,0.636,317.058,,,,,0
2026-10-07T06:00Z,2026-10-09T06:00Z,2165656,48,6.4,6.4,,,,h,6.4,,,,0,0.001,1291.205,0.624,0.088,,,0,13,282,29.658,58.281,0.391,61.76,,,,,0
2026-10-07T06:00Z,2026-10-07T07:00Z,2181641,1,27.9,27,,,,h,27,,,,0,0.016,1237.896,2.639,0.176,21,,-0.034,14,280,31.361,64.45,2.118,45.81,,,,,0
2026-10-07T06:00Z,2026-10-07T09:00Z,2181641,3,26.7,25.8,,,,h,25.8,,,,0,0.014,871.463,1.541,0.383,21,,-0.034,16,280,30.704,67.023,1.131,51.334,,,,,0
2026-10-07T06:00Z,2026-10-07T12:00Z,2181641,6,34.9,33.9,,,,h,33.9,,,,0,0.006,98.984,1.572,0.016,21,,-0.034,19,280,26.701,89.918,1.031,231.486,,,,,0
2026-10-07T06:00Z,2026-10-07T18:00Z,2181641,12,32.6,31.7,,,,h,31.7,,,,0,0.012,88.984,1.602,0.016,21,,-0.034,1,280,24.693,95.778,0.429,300.794,,,,,0
2026-10-07T06:00Z,2026-10-08T06:00Z,2181641,24,31.1,30.5,,,,h,30.5,,,,0,0.071,1249.01,1.408,0.057,21,,-0.034,13,281,31.604,63.04,1.092,22.007,,,,,0
2026-10-07T06:00Z,2026-10-09T06:00Z,2181641,48,35.2,34.8,,,,h,34.8,,,,0,0.003,833.839,3.578,1.617,21,,-0.034,13,282,29.597,73.633,2.691,23.774,,,,,0
2026-10-07T06:00Z,2026-10-07T07:00Z,2297552,1,4.3,4.3,,,,h,4.3,,,,0,0.001,1276.489,0.597,0.166,,,0,14,280,28.552,56.005,0.382,121.46,,,,,0
2026-10-07T06:00Z,2026-10-07T09:00Z,2297552,3,5.1,5.1,,,,h,5.1,,,,0,0.002,703.186,0.835,0.326,,,0,16,280,27.458,63.615,0.572,130.47,,,,,0
2026-10-07T06:00Z,2026-10-07T12:00Z,2297552,6,6.4,6.4,,,,h,6.4,,,,0,0.002,27.454,0.694,0.168,,,0,19,280,22.668,97.399,0.205,268.332,,,,,0
2026-10-07T06:00Z,2026-10-07T18:00Z,2297552,12,7.5,7.5,,,,h,7.5,,,,0,0.001,24.38,0.191,0.069,,,0,1,280,21.035,97.947,0.254,132.011,,,,,0
2026-10-07T06:00Z,2026-10-08T06:00Z,2297552,24,6,6,,,,h,6,,,,0,0.001,1133.788,1.273,0.102,,,0,13,281,28.792,59.576,0.989,307.921,,,,,0
2026-10-07T06:00Z,2026-10-09T06:00Z,2297552,48,6.4,6.4,,,,h,6.4,,,,0,0.001,1294.307,0.478,0.092,,,0,13,282,29.519,60.087,0.313,6.027,,,,,0
2026-10-07T06:00Z,2026-10-07T07:00Z,2327978,1,4.3,11.1,,,,h,11.1,,,,0,0.001,1298.498,0.831,0.143,5,,0.858,14,280,28.664,56.066,0.558,110.628,,,,,0
2026-10-07T06:00Z,2026-10-07T09:00Z,2327978,3,5.1,12.4,,,,h,12.4,,,,0,0.001,762.916,1.062,0.308,5,,0.858,16,280,27.556,63.313,0.74,109.267,,,,,0
2026-10-07T06:00Z,2026-10-07T12:00Z,2327978,6,6.4,14.5,,,,h,14.5,,,,0,0.002,37.13,0.761,0.16,5,,0.858,19,280,22.677,97.081,0.314,262.883,,,,,0
2026-10-07T06:00Z,2026-10-07T18:00Z,2327978,12,7.5,15.3,,,,h,15.3,,,,0,0.001,26.873,0.274,0.05,5,,0.858,1,280,20.998,96.857,0.24,115.506,,,,,0
2026-10-07T06:00Z,2026-10-08T06:00Z,2327978,24,6,10.7,,,,h,10.7,,,,0,0.001,1130.549,0.947,0.107,5,,0.858,13,281,28.819,59.849,0.704,314.764,,,,,0
2026-10-07T06:00Z,2026-10-09T06:00Z,2327978,48,6.4,9.1,,,,h,9.1,,,,0,0.001,1290.346,0.563,0.088,5,,0.858,13,282,29.638,58.65,0.344,53.419,,,,,0
2026-10-07T06:00Z,2026-10-07T07:00Z,2340282,1,4.3,11.5,,,,h,11.5,,,,0,0.001,1292.237,0.853,0.138,6.7,,0.892,14,280,28.726,56.29,0.577,108.964,,,,,0
2026-10-07T06:00Z,2026-10-07T09:00Z,2340282,3,5.1,12.9,,,,h,12.9,,,,0,0.001,718.855,1.108,0.318,6.7,,0.892,16,280,27.542,64.013,0.777,109.151,,,,,0
2026-10-07T06:00Z,2026-10-07T12:00Z,2340282,6,6.4,15,,,,h,15,,,,0,0.002,37.796,0.499,0.158,6.7,,0.892,19,280,22.768,97.046,0.232,270.417,,,,,0
2026-10-07T06:00Z,2026-10-07T18:00Z,2340282,12,7.5,15.8,,,,h,15.8,,,,0,0.001,25.999,0.337,0.048,6.7,,0.892,1,280,21.038,96.986,0.214,125.21,,,,,0
2026-10-07T06:00Z,2026-10-08T06:00Z,2340282,24,6,10.9,,,,h,10.9,,,,0,0.001,1106.671,0.913,0.109,6.7,,0.892,13,281,28.865,59.86,0.665,319.216,,,,,0
2026-10-07T06:00Z,2026-10-09T06:00Z,2340282,48,6.4,9.2,,,,h,9.2,,,,0,0.001,1264.604,0.626,0.082,6.7,,0.892,13,282,29.641,58.986,0.406,55.734,,,,,0
2026-10-07T06:00Z,2026-10-07T07:00Z,2375197,1,4.3,3.8,,,,h,3.8,,,,0,0.001,1327.683,1.028,0.121,1.7,,-0.113,14,280,28.714,56.097,0.703,104.462,,,,,0
2026-10-07T06:00Z,2026-10-07T09:00Z,2375197,3,5.1,4.5,,,,h,4.5,,,,0,0.001,818.306,1.332,0.312,1.7,,-0.113,16,280,27.551,63.252,0.948,93.067,,,,,0
2026-10-07T06:00Z,2026-10-07T12:00Z,2375197,6,6.4,5.7,,,,h,5.7,,,,0,0.001,45.572,0.826,0.164,1.7,,-0.113,19,280,22.623,96.821,0.39,255.784,,,,,0
2026-10-07T06:00Z,2026-10-07T18:00Z,2375197,12,7.5,6.8,,,,h,6.8,,,,0,0.001,29.485,0.375,0.034,1.7,,-0.113,1,280,20.895,95.882,0.244,107.283,,,,,0
2026-10-07T06:00Z,2026-10-08T06:00Z,2375197,24,6,5.5,,,,h,5.5,,,,0,0.001,1136.352,0.687,0.114,1.7,,-0.113,13,281,28.801,60.042,0.479,324.429,,,,,0
2026-10-07T06:00Z,2026-10-09T06:00Z,2375197,48,6.4,6.1,,,,h,6.1,,,,0,0.001,1295.169,0.799,0.088,1.7,,-0.113,13,282,29.685,57.416,0.527,76.329,,,,,0
2026-10-07T06:00Z,2026-10-07T07:00Z,2384279,1,4.3,7.4,,,,h,7.4,,,,0,0.001,1335.812,1.066,0.111,4.1,,0.485,14,280,28.733,56.238,0.73,102.218,,,,,0
2026-10-07T06:00Z,2026-10-07T09:00Z,2384279,3,5.1,8.5,,,,h,8.5,,,,0,0.001,801.374,1.427,0.332,4.1,,0.485,16,280,27.477,63.849,1.022,88.029,,,,,0
2026-10-07T06:00Z,2026-10-07T12:00Z,2384279,6,6.4,10.2,,,,h,10.2,,,,0,0.001,47.58,0.66,0.17,4.1,,0.485,19,280,22.632,96.763,0.328,253.461,,,,,0
2026-10-07T06:00Z,2026-10-07T18:00Z,2384279,12,7.5,11.3,,,,h,11.3,,,,0,0.001,29.686,0.442,0.029,4.1,,0.485,1,280,20.854,95.771,0.247,111.617,,,,,0
2026-10-07T06:00Z,2026-10-08T06:00Z,2384279,24,6,8.3,,,,h,8.3,,,,0,0.001,1127.44,0.633,0.118,4.1,,0.485,13,281,28.801,60.055,0.427,330.579,,,,,0
2026-10-07T06:00Z,2026-10-09T06:00Z,2384279,48,6.4,7.8,,,,h,7.8,,,,0,0.001,1284.587,0.875,0.087,4.1,,0.485,13,282,29.657,57.425,0.588,79.753,,,,,0
2026-10-07T06:00Z,2026-10-07T07:00Z,2384280,1,4.3,10.4,,,,h,10.4,,,,0,0.001,1322.311,0.994,0.127,5.2,,0.796,14,280,28.7,56.031,0.678,105.881,,,,,0
2026-10-07T06:00Z,2026-10-07T09:00Z,2384280,3,5.1,11.7,,,,h,11.7,,,,0,0.001,821.607,1.271,0.303,5.2,,0.796,16,280,27.579,63.004,0.9,96.354,,,,,0
2026-10-07T06:00Z,2026-10-07T12:00Z,2384280,6,6.4,13.7,,,,h,13.7,,,,0,0.002,44.03,0.894,0.161,5.2,,0.796,19,280,22.621,96.868,0.41,256.872,,,,,0
2026-10-07T06:00Z,2026-10-07T18:00Z,2384280,12,7.5,14.6,,,,h,14.6,,,,0,0.001,29.214,0.34,0.038,5.2,,0.796,1,280,20.918,96.006,0.246,105.289,,,,,0
2026-10-07T06:00Z,2026-10-08T06:00Z,2384280,24,6,10.2,,,,h,10.2,,,,0,0.001,1140.242,0.734,0.111,5.2,,0.796,13,281,28.801,60.019,0.521,321.062,,,,,0
2026-10-07T06:00Z,2026-10-09T06:00Z,2384280,48,6.4,8.9,,,,h,8.9,,,,0,0.001,1299.854,0.744,0.089,5.2,,0.796,13,282,29.691,57.509,0.482,73.305,,,,,0
2026-10-07T06:00Z,2026-10-07T07:00Z,2393909,1,4.3,5.6,,,,h,5.6,,,,0,0.001,1310.738,0.935,0.13,2.6,,0.224,14,280,28.711,56.163,0.636,106.713,,,,,0
2026-10-07T06:00Z,2026-10-07T09:00Z,2393909,3,5.1,6.5,,,,h,6.5,,,,0,0.001,774.275,1.201,0.314,2.6,,0.224,16,280,27.548,63.54,0.847,100.367,,,,,0
2026-10-07T06:00Z,2026-10-07T12:00Z,2393909,6,6.4,8,,,,h,8,,,,0,0.002,41.559,0.693,0.161,2.6,,0.224,19,280,22.683,96.939,0.318,260.656,,,,,0
2026-10-07T06:00Z,2026-10-07T18:00Z,2393909,12,7.5,9.1,,,,h,9.1,,,,0,0.001,27.851,0.344,0.041,2.6,,0.224,1,280,20.961,96.421,0.232,114.53,,,,,0
2026-10-07T06:00Z,2026-10-08T06:00Z,2393909,24,6,7,,,,h,7,,,,0,0.001,1124.74,0.804,0.111,2.6,,0.224,13,281,28.827,59.949,0.577,320.692,,,,,0
2026-10-07T06:00Z,2026-10-09T06:00Z,2393909,48,6.4,7,,,,h,7,,,,0,0.001,1283.367,0.691,0.086,2.6,,0.224,13,282,29.662,58.161,0.447,67.105,,,,,0
2026-10-07T06:00Z,2026-10-07T07:00Z,2429963,1,4.3,9,,,,h,9,,,,0,0.001,1262.254,0.517,0.173,4.3,,0.657,14,280,28.548,56.128,0.326,126.9,,,,,0
2026-10-07T06:00Z,2026-10-07T09:00Z,2429963,3,5.1,10.2,,,,h,10.2,,,,0,0.002,648.166,0.816,0.339,4.3,,0.657,16,280,27.412,64.194,0.566,141.675,,,,,0
2026-10-07T06:00Z,2026-10-07T12:00Z,2429963,6,6.4,12.1,,,,h,12.1,,,,0,0.002,23.73,0.505,0.169,4.3,,0.657,19,280,22.729,97.512,0.115,279.008,,,,,0
2026-10-07T06:00Z,2026-10-07T18:00Z,2429963,12,7.5,13,,,,h,13,,,,0,0.001,22.702,0.215,0.075,4.3,,0.657,1,280,21.081,98.502,0.24,148.011,,,,,0
2026-10-07T06:00Z,2026-10-08T06:00Z,2429963,24,6,9.3,,,,h,9.3,,,,0,0.001,1118.865,1.386,0.102,4.3,,0.657,13,281,28.814,59.469,1.082,307.758,,,,,0
2026-10-07T06:00Z,2026-10-09T06:00Z,2429963,48,6.4,8.4,,,,h,8.4,,,,0,0.001,1278.486,0.554,0.089,4.3,,0.657,13,282,29.474,60.926,0.395,351.873,,,,,0
2026-10-07T06:00Z,2026-10-07T07:00Z,2439091,1,4.3,6.4,,,,h,6.4,,,,0,0.001,1315.436,0.948,0.132,2.6,,0.347,14,280,28.687,56.017,0.644,107.279,,,,,0
2026-10-07T06:00Z,2026-10-07T09:00Z,2439091,3,5.1,7.4,,,,h,7.4,,,,0,0.001,810.055,1.203,0.302,2.6,,0.347,16,280,27.584,62.99,0.848,99.975,,,,,0
2026-10-07T06:00Z,2026-10-07T12:00Z,2439091,6,6.4,9,,,,h,9,,,,0,0.002,42.038,0.887,0.16,2.6,,0.347,19,280,22.632,96.929,0.396,258.308,,,,,0
2026-10-07T06:00Z,2026-10-07T18:00Z,2439091,12,7.5,10.1,,,,h,10.1,,,,0,0.001,28.621,0.313,0.042,2.6,,0.347,1,280,20.942,96.23,0.246,106.422,,,,,0
2026-10-07T06:00Z,2026-10-08T06:00Z,2439091,24,6,7.6,,,,h,7.6,,,,0,0.001,1139.443,0.795,0.11,2.6,,0.347,13,281,28.804,59.975,0.575,318.493,,,,,0
2026-10-07T06:00Z,2026-10-09T06:00Z,2439091,48,6.4,7.4,,,,h,7.4,,,,0,0.001,1299.355,0.682,0.09,2.6,,0.347,13,282,29.681,57.785,0.434,68.675,,,,,0
2026-10-07T06:00Z,2026-10-07T07:00Z,2439859,1,4.3,4.3,,,,h,4.3,,,,0,0.001,1327.247,1.047,0.107,,,0,14,280,28.78,56.524,0.719,101.018,,,,,0
2026-10-07T06:00Z,2026-10-07T09:00Z,2439859,3,5.1,5.1,,,,h,5.1,,,,0,0.001,732.171,1.425,0.356,,,0,16,280,27.404,64.931,1.02,88.374,,,,,0
2026-10-07T06:00Z,2026-10-07T12:00Z,2439859,6,6.4,6.4,,,,h,6.4,,,,0,0.001,46.789,0.277,0.173,,,0,19,280,22.731,96.779,0.182,257.812,,,,,0
2026-10-07T06:00Z,2026-10-07T18:00Z,2439859,12,7.5,7.5,,,,h,7.5,,,,0,0.001,28.225,0.514,0.028,,,0,1,280,20.888,96.127,0.242,121.603,,,,,0
2026-10-07T06:00Z,2026-10-08T06:00Z,2439859,24,6,6,,,,h,6,,,,0,0.001,1098.814,0.661,0.121,,,0,13,281,28.844,60.006,0.44,335.658,,,,,0
2026-10-07T06:00Z,2026-10-09T06:00Z,2439859,48,6.4,6.4,,,,h,6.4,,,,0,0.001,1253.418,0.889,0.08,,,0,13,282,29.62,58.142,0.61,77.443,,,,,0
2026-10-07T06:00Z,2026-10-07T07:00Z,2457250,1,4.3,4.3,,,,h,4.3,,,,0,0.002,1228.525,0.535,0.189,,,0,14,280,28.514,56.561,0.348,127.562,,,,,0
2026-10-07T06:00Z,2026-10-07T09:00Z,2457250,3,5.1,5.1,,,,h,5.1,,,,0,0.002,570.889,1,0.332,,,0,16,280,27.343,65.007,0.723,152.147,,,,,0
2026-10-07T06:00Z,2026-10-07T12:00Z,2457250,6,6.4,6.4,,,,h,6.4,,,,0,0.002,20.485,0.259,0.16,,,0,19,280,22.809,97.398,0.14,330.107,,,,,0
2026-10-07T06:00Z,2026-10-07T18:00Z,2457250,12,7.5,7.5,,,,h,7.5,,,,0,0.001,21.099,0.358,0.077,,,0,1,280,21.106,99.201,0.191,158.104,,,,,0
2026-10-07T06:00Z,2026-10-08T06:00Z,2457250,24,6,6,,,,h,6,,,,0,0.001,1086.059,1.421,0.105,,,0,13,281,28.855,59.114,1.096,311.656,,,,,0
2026-10-07T06:00Z,2026-10-09T06:00Z,2457250,48,6.4,6.4,,,,h,6.4,,,,0,0.001,1241.413,0.647,0.082,,,0,13,282,29.406,61.814,0.474,353.291,,,,,0
2026-10-07T06:00Z,2026-10-07T07:00Z,2510432,1,4.3,4,,,,h,4,,,,0,0.001,1342.191,1.087,0.097,1.8,,-0.067,14,280,28.767,56.585,0.746,98.815,,,,,0
2026-10-07T06:00Z,2026-10-07T09:00Z,2510432,3,5.1,4.7,,,,h,4.7,,,,0,0.001,734.735,1.544,0.379,1.8,,-0.067,16,280,27.309,65.342,1.112,82.008,,,,,0
2026-10-07T06:00Z,2026-10-07T12:00Z,2510432,6,6.4,6,,,,h,6,,,,0,0.001,49.115,0.214,0.183,1.8,,-0.067,19,280,22.688,96.721,0.147,243.275,,,,,0
2026-10-07T06:00Z,2026-10-07T18:00Z,2510432,12,7.5,7.1,,,,h,7.1,,,,0,0.001,29.015,0.574,0.023,1.8,,-0.067,1,280,20.807,95.902,0.274,120.874,,,,,0
2026-10-07T06:00Z,2026-10-08T06:00Z,2510432,24,6,5.7,,,,h,5.7,,,,0,0.001,1100.826,0.61,0.126,1.8,,-0.067,13,281,28.815,60.016,0.396,341.192,,,,,0
2026-10-07T06:00Z,2026-10-09T06:00Z,2510432,48,6.4,6.2,,,,h,6.2,,,,0,0.001,1254.234,0.954,0.081,1.8,,-0.067,13,282,29.578,57.963,0.656,81.677,,,,,0
2026-10-07T06:00Z,2026-10-07T07:00Z,2523394,1,4.3,4.3,,,,h,4.3,,,,0,0.001,1310.338,0.931,0.131,,,0,14,280,28.708,56.151,0.632,106.918,,,,,0
2026-10-07T06:00Z,2026-10-07T09:00Z,2523394,3,5.1,5.1,,,,h,5.1,,,,0,0.001,775.621,1.194,0.313,,,0,16,280,27.55,63.499,0.841,100.759,,,,,0
2026-10-07T06:00Z,2026-10-07T12:00Z,2523394,6,6.4,6.4,,,,h,6.4,,,,0,0.002,41.372,0.707,0.161,,,0,19,280,22.681,96.946,0.322,260.636,,,,,0
2026-10-07T06:00Z,2026-10-07T18:00Z,2523394,12,7.5,7.5,,,,h,7.5,,,,0,0.001,27.842,0.339,0.042,,,0,1,280,20.962,96.432,0.233,114.175,,,,,0
2026-10-07T06:00Z,2026-10-08T06:00Z,2523394,24,6,6,,,,h,6,,,,0,0.001,1125.753,0.81,0.111,,,0,13,281,28.825,59.945,0.583,320.251,,,,,0
2026-10-07T06:00Z,2026-10-09T06:00Z,2523394,48,6.4,6.4,,,,h,6.4,,,,0,0.001,1284.507,0.684,0.086,,,0,13,282,29.662,58.164,0.441,66.644,,,,,0
2026-10-07T06:00Z,2026-10-07T07:00Z,2575375,1,6.8,1.9,,,,h,1.9,,,,0,0.007,1113.047,0.337,0.112,1.3,,-1.021,14,280,29.024,63.559,0.2,102.865,,,,,0
2026-10-07T06:00Z,2026-10-07T09:00Z,2575375,3,7.5,2.3,,,,h,2.3,,,,0,0.005,563.22,1.335,0.453,1.3,,-1.021,16,280,28.468,67.567,1.061,138.278,,,,,0
2026-10-07T06:00Z,2026-10-07T12:00Z,2575375,6,25.2,9.8,,,,h,9.8,,,,0,0.004,30.038,0.812,0,1.3,,-1.021,19,280,24.642,92.048,0.347,144.242,,,,,0
2026-10-07T06:00Z,2026-10-07T18:00Z,2575375,12,33.5,14.8,,,,h,14.8,,,,0,0.002,45.298,1.175,0.524,1.3,,-1.021,1,280,21.589,96.565,0.506,220.736,,,,,0
2026-10-07T06:00Z,2026-10-08T06:00Z,2575375,24,10.2,5.1,,,,h,5.1,,,,0,0.001,958.52,0.842,0.11,1.3,,-1.021,13,281,29.562,61.161,0.677,117.848,,,,,0
2026-10-07T06:00Z,2026-10-09T06:00Z,2575375,48,11.4,7.6,,,,h,7.6,,,,0,0,1058.524,0.466,0.075,1.3,,-1.021,13,282,30.358,59.726,0.345,119.608,,,,,0
2026-10-07T06:00Z,2026-10-07T07:00Z,2692436,1,27.9,25.1,,,,h,25.1,,,,0,0.019,1226.129,2.617,0.206,23.2,,-0.105,14,280,31.307,64.842,2.104,45.574,,,,,0
2026-10-07T06:00Z,2026-10-07T09:00Z,2692436,3,26.7,24.2,,,,h,24.2,,,,0,0.017,898.046,1.517,0.372,23.2,,-0.105,16,280,30.706,66.976,1.113,49.842,,,,,0
2026-10-07T06:00Z,2026-10-07T12:00Z,2692436,6,34.9,31.8,,,,h,31.8,,,,0,0.007,101.006,1.568,0.015,23.2,,-0.105,19,280,26.693,90.184,1.028,228.378,,,,,0
2026-10-07T06:00Z,2026-10-07T18:00Z,2692436,12,32.6,30,,,,h,30,,,,0,0.012,91.006,1.74,0.015,23.2,,-0.105,1,280,24.686,95.677,0.491,303.617,,,,,0
2026-10-07T06:00Z,2026-10-08T06:00Z,2692436,24,31.1,29.2,,,,h,29.2,,,,0,0.064,1241.529,1.52,0.062,23.2,,-0.105,13,281,31.583,63.09,1.182,24.577,,,,,0
2026-10-07T06:00Z,2026-10-09T06:00Z,2692436,48,35.2,33.9,,,,h,33.9,,,,0,0.003,883.789,3.605,1.455,23.2,,-0.105,13,282,29.849,72.139,2.725,24.626,,,,,0
2026-10-07T06:00Z,2026-10-07T07:00Z,2692642,1,27.9,27.9,,,,h,27.9,,,,0,0.028,1233.748,2.578,0.21,,,0,14,280,31.323,64.73,2.079,44.602,,,,,0
2026-10-07T06:00Z,2026-10-07T09:00Z,2692642,3,26.7,26.7,,,,h,26.7,,,,0,0.025,941.898,1.514,0.3,,,0,16,280,30.801,66.554,1.12,46.762,,,,,0
2026-10-07T06:00Z,2026-10-07T12:00Z,2692642,6,34.9,34.9,,,,h,34.9,,,,0,0.009,102.016,1.656,0.012,,,0,19,280,26.698,90.507,1.082,224.045,,,,,0
2026-10-07T06:00Z,2026-10-07T18:00Z,2692642,12,32.6,32.6,,,,h,32.6,,,,0,0.014,92.016,1.86,0.012,,,0,1,280,24.7,95.725,0.562,299.405,,,,,0
2026-10-07T06:00Z,2026-10-08T06:00Z,2692642,24,31.1,31.1,,,,h,31.1,,,,0,0.056,1242.813,1.648,0.064,,,0,13,281,31.638,62.568,1.279,28.714,,,,,0
2026-10-07T06:00Z,2026-10-09T06:00Z,2692642,48,35.2,35.2,,,,h,35.2,,,,0,0.003,919.58,3.604,1.361,,,0,13,282,30.044,70.849,2.725,25.73,,,,,0
2026-10-07T06:00Z,2026-10-07T07:00Z,2692644,1,27.9,27.9,,,,h,27.9,,,,0,0.026,1256.434,2.591,0.164,,,0,14,280,31.417,64.047,2.085,44.417,,,,,0
2026-10-07T06:00Z,2026-10-07T09:00Z,2692644,3,26.7,26.7,,,,h,26.7,,,,0,0.021,923.765,1.551,0.274,,,0,16,280,30.852,66.387,1.152,47.494,,,,,0
2026-10-07T06:00Z,2026-10-07T12:00Z,2692644,6,34.9,34.9,,,,h,34.9,,,,0,0.009,99.363,1.707,0.011,,,0,19,280,26.714,90.248,1.116,226.621,,,,,0
2026-10-07T06:00Z,2026-10-07T18:00Z,2692644,12,32.6,32.6,,,,h,32.6,,,,0,0.017,89.363,1.733,0.011,,,0,1,280,24.719,95.913,0.525,292.23,,,,,0
2026-10-07T06:00Z,2026-10-08T06:00Z,2692644,24,31.1,31.1,,,,h,31.1,,,,0,0.062,1255.581,1.534,0.058,,,0,13,281,31.704,62.199,1.182,27.781,,,,,0
2026-10-07T06:00Z,2026-10-09T06:00Z,2692644,48,35.2,35.2,,,,h,35.2,,,,0,0.002,858.789,3.558,1.57,,,0,13,282,29.747,72.537,2.668,25.008,,,,,0
2026-10-07T06:00Z,2026-10-07T07:00Z,2692645,1,17.5,17.5,,,,h,17.5,,,,0,0.024,1268.689,2.595,0.14,,,0,14,280,31.469,63.662,2.085,44.249,,,,,0
2026-10-07T06:00Z,2026-10-07T09:00Z,2692645,3,17.9,17.9,,,,h,17.9,,,,0,0.019,911.169,1.579,0.256,,,0,16,280,30.882,66.285,1.176,47.934,,,,,0
2026-10-07T06:00Z,2026-10-07T12:00Z,2692645,6,38.4,38.4,,,,h,38.4,,,,0,0.008,97.79,1.748,0.01,,,0,19,280,26.729,90.044,1.14,228.782,,,,,0
2026-10-07T06:00Z,2026-10-07T18:00Z,2692645,12,42.8,42.8,,,,h,42.8,,,,0,0.019,87.79,1.673,0.01,,,0,1,280,24.73,96.024,0.517,287.373,,,,,0
2026-10-07T06:00Z,2026-10-08T06:00Z,2692645,24,20.7,20.7,,,,h,20.7,,,,0,0.065,1263.395,1.46,0.055,,,0,13,281,31.743,61.999,1.12,27.156,,,,,0
2026-10-07T06:00Z,2026-10-09T06:00Z,2692645,48,24.9,24.9,,,,h,24.9,,,,0,0.002,818.914,3.53,1.704,,,0,13,282,29.556,73.639,2.633,24.555,,,,,0
2026-10-07T06:00Z,2026-10-07T07:00Z,2739142,1,12.5,12.9,,,,h,12.9,,,,0,0.003,1180.715,3.502,0.031,14.9,,0.028,14,280,29.712,59.056,2.775,43.894,,,,,0
2026-10-07T06:00Z,2026-10-07T09:00Z,2739142,3,12.2,12.5,,,,h,12.5,,,,0,0.003,1120.887,3.828,0.016,14.9,,0.028,16,280,29.42,59.884,2.91,36.292,,,,,0
2026-10-07T06:00Z,2026-10-07T12:00Z,2739142,6,15.5,15.9,,,,h,15.9,,,,0,0.002,72.739,3.332,0,14.9,,0.028,19,280,26.14,77.916,1.301,43.151,,,,,0
2026-10-07T06:00Z,2026-10-07T18:00Z,2739142,12,15,15.3,,,,h,15.3,,,,0,0.001,284.757,5.363,0,14.9,,0.028,1,280,24.051,83.445,2.4,65.242,,,,,0
2026-10-07T06:00Z,2026-10-08T06:00Z,2739142,24,14.7,15,,,,h,15,,,,0,0.002,1183.727,3.448,0.074,14.9,,0.028,13,281,30.304,57.677,2.803,26.265,,,,,0
2026-10-07T06:00Z,2026-10-09T06:00Z,2739142,48,15,15.2,,,,h,15.2,,,,0,0.006,1125.639,4.164,0.074,14.9,,0.028,13,282,30.411,60.834,3.271,12.864,,,,,0
2026-10-07T06:00Z,2026-10-07T07:00Z,2811479,1,8.3,10.1,,,,h,10.1,,,,0,0,1094.607,4.675,0.154,11.6,,0.183,14,280,30.225,62.427,3.61,54.337,,,,,0
2026-10-07T06:00Z,2026-10-07T09:00Z,2811479,3,7.5,9.1,,,,h,9.1,,,,0,0,1044.008,5.041,0.098,11.6,,0.183,16,280,29.812,64.805,3.523,47.614,,,,,0
2026-10-07T06:00Z,2026-10-07T12:00Z,2811479,6,8.7,10.4,,,,h,10.4,,,,0,0,238.691,4.773,0,11.6,,0.183,19,280,26.859,78.323,2.053,47.666,,,,,0
2026-10-07T06:00Z,2026-10-07T18:00Z,2811479,12,10.5,12.2,,,,h,12.2,,,,0,0.002,69.594,3.039,0,11.6,,0.183,1,280,24.466,88.514,1.038,43.87,,,,,0
2026-10-07T06:00Z,2026-10-08T06:00Z,2811479,24,7.5,8.5,,,,h,8.5,,,,0,0.008,1112.901,5.013,0.132,11.6,,0.183,13,281,30.016,62.25,3.849,42.099,,,,,0
2026-10-07T06:00Z,2026-10-09T06:00Z,2811479,48,12.8,13.7,,,,h,13.7,,,,0,0.01,1183.327,3.737,0.021,11.6,,0.183,13,282,29.896,68.404,2.996,33.279,,,,,0
2026-10-07T06:00Z,2026-10-07T07:00Z,2811482,1,8.3,8.3,,,,h,8.3,,,,0,0,1014.326,5.131,0.24,,,0,14,280,29.925,62.505,3.919,54.923,,,,,0
2026-10-07T06:00Z,2026-10-07T09:00Z,2811482,3,7.5,7.5,,,,h,7.5,,,,0,0,1032.258,5.542,0.1,,,0,16,280,29.471,65.785,3.739,46.733,,,,,0
2026-10-07T06:00Z,2026-10-07T12:00Z,2811482,6,8.7,8.7,,,,h,8.7,,,,0,0.001,208.54,5.059,0,,,0,19,280,26.472,78.396,2.119,43.31,,,,,0
2026-10-07T06:00Z,2026-10-07T18:00Z,2811482,12,10.5,10.5,,,,h,10.5,,,,0,0.003,94.044,3.997,0,,,0,1,280,24.16,88.675,1.504,49.166,,,,,0
2026-10-07T06:00Z,2026-10-08T06:00Z,2811482,24,7.5,7.5,,,,h,7.5,,,,0,0.009,1086.796,5.04,0.099,,,0,13,281,29.772,62.428,3.885,41.529,,,,,0
2026-10-07T06:00Z,2026-10-09T06:00Z,2811482,48,12.8,12.8,,,,h,12.8,,,,0,0.012,1125.86,3.518,0.003,,,0,13,282,29.429,70.296,2.848,28.273,,,,,0
2026-10-07T06:00Z,2026-10-07T07:00Z,2811595,1,27.9,19.5,,,,h,19.5,,,,0,0.016,1121.388,2.482,0.427,16.4,,-0.358,14,280,30.895,67.785,2.008,44.733,,,,,0
2026-10-07T06:00Z,2026-10-07T09:00Z,2811595,3,26.7,18.9,,,,h,18.9,,,,0,0.021,959.779,1.479,0.385,16.4,,-0.358,16,280,30.564,67.339,1.091,45.729,,,,,0
2026-10-07T06:00Z,2026-10-07T12:00Z,2811595,6,34.9,25.3,,,,h,25.3,,,,0,0.009,111.828,1.577,0.016,16.4,,-0.358,19,280,26.72,90.47,0.978,229.403,,,,,0
2026-10-07T06:00Z,2026-10-07T18:00Z,2811595,12,32.6,24.6,,,,h,24.6,,,,0,0.006,101.828,2.503,0.016,16.4,,-0.358,1,280,24.615,94.963,0.868,318.618,,,,,0
2026-10-07T06:00Z,2026-10-08T06:00Z,2811595,24,31.1,25,,,,h,25,,,,0,0.033,1197.078,1.91,0.081,16.4,,-0.358,13,281,31.352,64.584,1.519,30.181,,,,,0
2026-10-07T06:00Z,2026-10-09T06:00Z,2811595,48,35.2,30.8,,,,h,30.8,,,,0,0.003,1071.241,3.764,0.768,16.4,,-0.358,13,282,30.823,66.689,2.923,27.634,,,,,0
2026-10-07T06:00Z,2026-10-07T07:00Z,2813904,1,7.7,10.4,,,,h,10.4,,,,0,0.005,1150.283,5.415,0.214,11.4,,0.279,14,280,30.787,60.308,4.13,68.948,,,,,0
2026-10-07T06:00Z,2026-10-07T09:00Z,2813904,3,7.8,10.4,,,,h,10.4,,,,0,0.003,1131.24,5.085,0.084,11.4,,0.279,16,280,30.483,62.27,3.588,70.434,,,,,0
2026-10-07T06:00Z,2026-10-07T12:00Z,2813904,6,12.3,15.9,,,,h,15.9,,,,0,0.002,75.106,2.734,0,11.4,,0.279,19,280,27.275,79.779,1.082,45.438,,,,,0
2026-10-07T06:00Z,2026-10-07T18:00Z,2813904,12,10.4,13.1,,,,h,13.1,,,,0,0.004,81.34,3.278,0,11.4,,0.279,1,280,24.535,94.404,1.564,10.375,,,,,0
2026-10-07T06:00Z,2026-10-08T06:00Z,2813904,24,10.7,12.8,,,,h,12.8,,,,0,0.001,1071.053,3.141,0.084,11.4,,0.279,13,281,31.169,62.519,2.465,41.424,,,,,0
2026-10-07T06:00Z,2026-10-09T06:00Z,2813904,48,11.6,12.9,,,,h,12.9,,,,0,0,1132.685,3,0.163,11.4,,0.279,13,282,31.277,62.538,2.39,41.05,,,,,0
2026-10-07T06:00Z,2026-10-07T07:00Z,2813975,1,16.2,16.2,,,,h,16.2,,,,0,0,325.826,3.743,1.85,,,0,14,280,26.492,88.205,3.004,252.223,,,,,0
2026-10-07T06:00Z,2026-10-07T09:00Z,2813975,3,13.5,13.5,,,,h,13.5,,,,0,0,359.768,2.191,0.141,,,0,16,280,26.557,89.097,1.779,268.862,,,,,0
2026-10-07T06:00Z,2026-10-07T12:00Z,2813975,6,12.7,12.7,,,,h,12.7,,,,0,0,187.769,1.981,0.071,,,0,19,280,25.737,90.93,1.061,289.694,,,,,0
2026-10-07T06:00Z,2026-10-07T18:00Z,2813975,12,12.9,12.9,,,,h,12.9,,,,0,0,196.651,1.512,0.01,,,0,1,280,25.123,88.854,1.041,331.91,,,,,0
2026-10-07T06:00Z,2026-10-08T06:00Z,2813975,24,8.9,8.9,,,,h,8.9,,,,0,0,356.653,4.458,3.557,,,0,13,281,25.573,88.975,3.504,246.861,,,,,0
2026-10-07T06:00Z,2026-10-09T06:00Z,2813975,48,1.3,1.3,,,,h,1.3,,,,0,0,270.723,2.301,1.738,,,0,13,282,26.185,88.879,1.872,312.238,,,,,0
2026-10-07T06:00Z,2026-10-07T07:00Z,2821337,1,7.1,9.6,,,,h,9.6,,,,0,0,1271.988,0.797,0.023,8.8,,0.28,14,280,29.624,54.9,0.525,32.309,,,,,0
2026-10-07T06:00Z,2026-10-07T09:00Z,2821337,3,6.5,8.7,,,,h,8.7,,,,0,0,933.28,0.628,0,8.8,,0.28,16,280,29.313,57.1,0.512,351.584,,,,,0
2026-10-07T06:00Z,2026-10-07T12:00Z,2821337,6,9,11.7,,,,h,11.7,,,,0,0,19.284,0.999,0,8.8,,0.28,19,280,25.831,78.875,0.234,291.92,,,,,0
2026-10-07T06:00Z,2026-10-07T18:00Z,2821337,12,17.2,21.5,,,,h,21.5,,,,0,0,30.36,0.215,0,8.8,,0.28,1,280,22.884,90.925,0.306,192.214,,,,,0
2026-10-07T06:00Z,2026-10-08T06:00Z,2821337,24,6.2,7.5,,,,h,7.5,,,,0,0,1032.897,0.716,0,8.8,,0.28,13,281,29.709,56.902,0.545,56.136,,,,,0
2026-10-07T06:00Z,2026-10-09T06:00Z,2821337,48,7.2,8.1,,,,h,8.1,,,,0,0,1054.907,0.755,0.023,8.8,,0.28,13,282,30.381,58.562,0.502,56.277,,,,,0
2026-10-07T06:00Z,2026-10-07T07:00Z,2827389,1,5.5,5,,,,h,5,,,,0,0.007,924.882,0.704,0.124,5.6,,-0.079,14,280,29.37,65.054,0.587,44.71,,,,,0
2026-10-07T06:00Z,2026-10-07T09:00Z,2827389,3,6.4,5.9,,,,h,5.9,,,,0,0.005,404.312,1.854,0.024,5.6,,-0.079,16,280,28.951,70.432,1.433,98.6,,,,,0
2026-10-07T06:00Z,2026-10-07T12:00Z,2827389,6,24.2,22.5,,,,h,22.5,,,,0,0.003,35.751,0.889,0,5.6,,-0.079,19,280,26.621,82.647,0.266,202.297,,,,,0
2026-10-07T06:00Z,2026-10-07T18:00Z,2827389,12,33.3,31.3,,,,h,31.3,,,,0,0.002,66.394,0.864,0.019,5.6,,-0.079,1,280,22.924,94.419,0.126,284.64,,,,,0
2026-10-07T06:00Z,2026-10-08T06:00Z,2827389,24,8.9,8.4,,,,h,8.4,,,,0,0.001,698.037,0.64,0.028,5.6,,-0.079,13,281,29.628,65.833,0.475,129.609,,,,,0
2026-10-07T06:00Z,2026-10-09T06:00Z,2827389,48,9.6,9.3,,,,h,9.3,,,,0,0,889.611,0.131,0.023,5.6,,-0.079,13,282,30.795,63.665,0.071,355.819,,,,,0
2026-10-07T06:00Z,2026-10-07T07:00Z,2827395,1,8.4,11.3,,,,h,11.3,,,,0,0,1105.233,2.542,0,12.4,,0.282,14,280,29.462,55.3,1.984,54.037,,,,,0
2026-10-07T06:00Z,2026-10-07T09:00Z,2827395,3,7.8,10.4,,,,h,10.4,,,,0,0,875.512,2.632,0,12.4,,0.282,16,280,29.128,56.078,2.014,47.505,,,,,0
2026-10-07T06:00Z,2026-10-07T12:00Z,2827395,6,9.5,12.4,,,,h,12.4,,,,0,0,85.248,2.933,0,12.4,,0.282,19,280,25.921,74.595,1.049,45.538,,,,,0
2026-10-07T06:00Z,2026-10-07T18:00Z,2827395,12,14.4,18.1,,,,h,18.1,,,,0,0,115.551,3.18,0,12.4,,0.282,1,280,22.876,80.732,1.198,69.651,,,,,0
2026-10-07T06:00Z,2026-10-08T06:00Z,2827395,24,19.4,23.1,,,,h,23.1,,,,0,0.001,1221.484,2.199,0,12.4,,0.282,13,281,29.858,54.115,1.765,34.163,,,,,0
2026-10-07T06:00Z,2026-10-09T06:00Z,2827395,48,19.2,21.4,,,,h,21.4,,,,0,0.002,1071.673,2.93,0,12.4,,0.282,13,282,29.943,59.054,2.246,52.243,,,,,0
2026-10-07T06:00Z,2026-10-07T07:00Z,2827396,1,7.1,6.5,,,,h,6.5,,,,0,0.001,1051.461,0.945,0.025,5.8,,-0.079,14,280,29.708,67.001,0.747,16.197,,,,,0
2026-10-07T06:00Z,2026-10-07T09:00Z,2827396,3,8.2,7.6,,,,h,7.6,,,,0,0.001,813.971,1.416,0.154,5.8,,-0.079,16,280,29.57,67.409,1.091,13.584,,,,,0
2026-10-07T06:00Z,2026-10-07T12:00Z,2827396,6,10.2,9.5,,,,h,9.5,,,,0,0.001,80.087,2.186,0,5.8,,-0.079,19,280,25.396,91.286,0.914,160.48,,,,,0
2026-10-07T06:00Z,2026-10-07T18:00Z,2827396,12,9.4,8.8,,,,h,8.8,,,,0,0,30.395,0.99,0.004,5.8,,-0.079,1,280,23.224,93.734,0.47,283.927,,,,,0
2026-10-07T06:00Z,2026-10-08T06:00Z,2827396,24,12,11.4,,,,h,11.4,,,,0,0,918.017,1.027,0.013,5.8,,-0.079,13,281,29.999,66.571,0.857,19.436,,,,,0
2026-10-07T06:00Z,2026-10-09T06:00Z,2827396,48,12.5,12.1,,,,h,12.1,,,,0,0,939.506,1.614,0.077,5.8,,-0.079,13,282,30.769,63.016,1.23,35.297,,,,,0
2026-10-07T06:00Z,2026-10-07T07:00Z,2832266,1,5.9,5.9,,,,h,5.9,,,,0,0,1289.673,2.763,0.014,,,0,14,280,31.202,63.463,2.226,38.995,,,,,0
2026-10-07T06:00Z,2026-10-07T09:00Z,2832266,3,5.9,5.9,,,,h,5.9,,,,0,0,879.609,1.977,0.08,,,0,16,280,30.535,65.325,1.452,42.911,,,,,0
2026-10-07T06:00Z,2026-10-07T12:00Z,2832266,6,8.5,8.5,,,,h,8.5,,,,0,0,140.943,1.713,0.036,,,0,19,280,26.765,87.946,0.82,75.726,,,,,0
2026-10-07T06:00Z,2026-10-07T18:00Z,2832266,12,11.8,11.8,,,,h,11.8,,,,0,0,29.285,0.577,0,,,0,1,280,24.55,92.808,0.201,351.482,,,,,0
2026-10-07T06:00Z,2026-10-08T06:00Z,2832266,24,7.9,7.9,,,,h,7.9,,,,0,0.004,1230.65,4.595,0.194,,,0,13,281,31.035,61.295,3.465,36.925,,,,,0
2026-10-07T06:00Z,2026-10-09T06:00Z,2832266,48,9.2,9.2,,,,h,9.2,,,,0,0.005,1240.824,4.206,0.177,,,0,13,282,30.932,64.408,3.221,36.482,,,,,0
2026-10-07T06:00Z,2026-10-07T07:00Z,2832600,1,7.1,7.7,,,,h,7.7,,,,0,0.002,1004.793,1.048,0.097,6.4,,0.069,14,280,29.112,67.303,0.822,36.316,,,,,0
2026-10-07T06:00Z,2026-10-07T09:00Z,2832600,3,8.2,8.8,,,,h,8.8,,,,0,0.002,832.117,1.316,0.087,6.4,,0.069,16,280,29.046,66.853,0.995,29.915,,,,,0
2026-10-07T06:00Z,2026-10-07T12:00Z,2832600,6,10.2,10.9,,,,h,10.9,,,,0,0.001,64.597,1.65,0,6.4,,0.069,19,280,25.18,89.232,0.614,151.832,,,,,0
2026-10-07T06:00Z,2026-10-07T18:00Z,2832600,12,9.4,10,,,,h,10,,,,0,0.001,29.938,0.916,0.03,6.4,,0.069,1,280,22.678,94.99,0.493,292.516,,,,,0
2026-10-07T06:00Z,2026-10-08T06:00Z,2832600,24,12,12.5,,,,h,12.5,,,,0,0,914.548,0.873,0.069,6.4,,0.069,13,281,29.548,66.073,0.721,49.319,,,,,0
2026-10-07T06:00Z,2026-10-09T06:00Z,2832600,48,12.5,12.8,,,,h,12.8,,,,0,0,931.182,1.724,0.059,6.4,,0.069,13,282,30.294,62.738,1.311,52.224,,,,,0
2026-10-07T06:00Z,2026-10-07T07:00Z,2843720,1,7.7,12.7,,,,h,12.7,,,,0,0,1075.908,1.053,0.128,9.4,,0.471,14,280,29.622,66.195,0.829,42.688,,,,,0
2026-10-07T06:00Z,2026-10-07T09:00Z,2843720,3,7.7,12.4,,,,h,12.4,,,,0,0,504.031,2.144,1.119,9.4,,0.471,16,280,27.607,76.976,1.661,94.051,,,,,0
2026-10-07T06:00Z,2026-10-07T12:00Z,2843720,6,8.8,13.7,,,,h,13.7,,,,0,0.001,22.246,0.902,0,9.4,,0.471,19,280,24.806,90.868,0.156,100.139,,,,,0
2026-10-07T06:00Z,2026-10-07T18:00Z,2843720,12,9.2,13.6,,,,h,13.6,,,,0,0.001,17.847,0.232,0,9.4,,0.471,1,280,22.759,96.588,0.05,24.148,,,,,0
2026-10-07T06:00Z,2026-10-08T06:00Z,2843720,24,6.6,9.1,,,,h,9.1,,,,0,0.001,1057.996,1.322,0.018,9.4,,0.471,13,281,30.344,58.573,1.013,15.961,,,,,0
2026-10-07T06:00Z,2026-10-09T06:00Z,2843720,48,7.9,9.5,,,,h,9.5,,,,0,0,1138.98,1.448,0.018,9.4,,0.471,13,282,30.923,57.371,1.131,17.54,,,,,0
2026-10-07T06:00Z,2026-10-07T07:00Z,2843723,1,5.7,13.5,,,,h,13.5,,,,0,0,1146.669,3.692,0,12.6,,0.806,14,280,30.933,67.64,3.014,62.812,,,,,0
2026-10-07T06:00Z,2026-10-07T09:00Z,2843723,3,6.1,13.9,,,,h,13.9,,,,0,0,606.174,1.055,1.933,12.6,,0.806,16,280,28.896,74.968,0.772,121.445,,,,,0
2026-10-07T06:00Z,2026-10-07T12:00Z,2843723,6,9.5,20.1,,,,h,20.1,,,,0,0,114.114,2.387,0.095,12.6,,0.806,19,280,25.815,94.109,1.589,101.492,,,,,0
2026-10-07T06:00Z,2026-10-07T18:00Z,2843723,12,15.1,28.8,,,,h,28.8,,,,0,0,110.653,3.895,0.106,12.6,,0.806,1,280,24.568,93.269,1.95,23.095,,,,,0
2026-10-07T06:00Z,2026-10-08T06:00Z,2843723,24,10.4,17.4,,,,h,17.4,,,,0,0.01,1086.192,2.189,0.092,12.6,,0.806,13,281,30.318,70.086,1.906,340.548,,,,,0
2026-10-07T06:00Z,2026-10-09T06:00Z,2843723,48,10.9,14.9,,,,h,14.9,,,,0,0.007,1272.997,4.297,0.092,12.6,,0.806,13,282,30.99,66.318,3.509,16.148,,,,,0
2026-10-07T06:00Z,2026-10-07T07:00Z,2843771,1,5.6,5.6,,,,h,5.6,,,,0,0.001,962.764,1.247,0.413,,,0,14,280,27.071,67.74,0.791,81.537,,,,,0
2026-10-07T06:00Z,2026-10-07T09:00Z,2843771,3,6.1,6.1,,,,h,6.1,,,,0,0.001,439.954,0.973,0.172,,,0,16,280,26.394,72.18,0.679,71.253,,,,,0
2026-10-07T06:00Z,2026-10-07T12:00Z,2843771,6,7.1,7.1,,,,h,7.1,,,,0,0.001,28.577,1.257,0.765,,,0,19,280,22.366,95.261,0.873,1.297,,,,,0
2026-10-07T06:00Z,2026-10-07T18:00Z,2843771,12,7.2,7.2,,,,h,7.2,,,,0,0,11.416,0.392,0.533,,,0,1,280,20.145,97.936,0.125,253.894,,,,,0
2026-10-07T06:00Z,2026-10-08T06:00Z,2843771,24,8.6,8.6,,,,h,8.6,,,,0,0,976.928,1.215,0.18,,,0,13,281,27.889,65.521,0.918,89.811,,,,,0
2026-10-07T06:00Z,2026-10-09T06:00Z,2843771,48,10.4,10.4,,,,h,10.4,,,,0,0,990.367,1.568,0.11,,,0,13,282,28.316,66.355,1.162,53.345,,,,,0
2026-10-07T06:00Z,2026-10-07T07:00Z,2847191,1,6.8,0.6,,,,h,0.6,,,,0,0,565.27,1.322,2.286,0,,-1.668,14,280,26.03,78.807,0.916,346.531,,,,,0
2026-10-07T06:00Z,2026-10-07T09:00Z,2847191,3,7.9,0.9,,,,h,0.9,,,,0,0,357.478,1.253,0.251,0,,-1.668,16,280,26.605,82.523,0.908,53.452,,,,,0
2026-10-07T06:00Z,2026-10-07T12:00Z,2847191,6,9.9,1.6,,,,h,1.6,,,,0,0,23.553,0.785,0,0,,-1.668,19,280,24.158,92.171,0.279,91.135,,,,,0
2026-10-07T06:00Z,2026-10-07T18:00Z,2847191,12,13.9,3.2,,,,h,3.2,,,,0,0,24.528,0.571,0,0,,-1.668,1,280,22.948,90.907,0.09,246.039,,,,,0
2026-10-07T06:00Z,2026-10-08T06:00Z,2847191,24,9.6,2.9,,,,h,2.9,,,,0,0.001,990.065,0.836,0.087,0,,-1.668,13,281,28.709,69.076,0.69,3.465,,,,,0
2026-10-07T06:00Z,2026-10-09T06:00Z,2847191,48,9.3,4.6,,,,h,4.6,,,,0,0,1054.033,1.851,0.254,0,,-1.668,13,282,29.64,60.645,1.404,13.662,,,,,0
2026-10-07T06:00Z,2026-10-07T07:00Z,2847192,1,9.1,9.1,,,,h,9.1,,,,0,0.191,1258.712,3.904,0.105,,,0,14,280,31.062,61.574,3.038,56.281,,,,,0
2026-10-07T06:00Z,2026-10-07T09:00Z,2847192,3,9.1,9.1,,,,h,9.1,,,,0,0.327,1030.238,3.081,0.078,,,0,16,280,30.689,64.293,2.296,47.917,,,,,0
2026-10-07T06:00Z,2026-10-07T12:00Z,2847192,6,20.1,20.1,,,,h,20.1,,,,0,0.118,162.452,1.261,0,,,0,19,280,27.119,86.016,0.68,349.576,,,,,0
2026-10-07T06:00Z,2026-10-07T18:00Z,2847192,12,28.8,28.8,,,,h,28.8,,,,0,0.206,96.708,1.752,0,,,0,1,280,24.95,94.171,0.739,328.187,,,,,0
2026-10-07T06:00Z,2026-10-08T06:00Z,2847192,24,14.7,14.7,,,,h,14.7,,,,0,0.01,1176.717,2.448,0.029,,,0,13,281,31.501,61.342,1.921,42.995,,,,,0
2026-10-07T06:00Z,2026-10-09T06:00Z,2847192,48,17.9,17.9,,,,h,17.9,,,,0,0.001,1027.07,3.07,0.851,,,0,13,282,30.561,68.662,2.365,34.399,,,,,0
2026-10-07T06:00Z,2026-10-07T07:00Z,2847196,1,5.7,9.6,,,,h,9.6,,,,0,0,1015.663,2.728,0,6.3,,0.48,14,280,30.33,69.847,2.182,60.671,,,,,0
2026-10-07T06:00Z,2026-10-07T09:00Z,2847196,3,6.1,10,,,,h,10,,,,0,0,558.872,0.62,1.283,6.3,,0.48,16,280,28.927,74.614,0.405,120.278,,,,,0
2026-10-07T06:00Z,2026-10-07T12:00Z,2847196,6,9.5,14.9,,,,h,14.9,,,,0,0,171.129,1.55,0.076,6.3,,0.48,19,280,26.258,90.841,1.018,114.09,,,,,0
2026-10-07T06:00Z,2026-10-07T18:00Z,2847196,12,15.1,22.2,,,,h,22.2,,,,0,0,182.917,3.388,0.121,6.3,,0.48,1,280,25.188,90.847,2.025,22.786,,,,,0
2026-10-07T06:00Z,2026-10-08T06:00Z,2847196,24,10.4,14.2,,,,h,14.2,,,,0,0.005,985.739,2.652,0.059,6.3,,0.48,13,281,30.014,70.322,2.277,356.822,,,,,0
2026-10-07T06:00Z,2026-10-09T06:00Z,2847196,48,10.9,13.1,,,,h,13.1,,,,0,0.008,1150.325,4.694,0.059,6.3,,0.48,13,282,30.53,67.595,3.882,19.113,,,,,0
2026-10-07T06:00Z,2026-10-07T07:00Z,2847198,1,7.1,7.1,,,,h,7.1,,,,0,0,1318.927,1.133,0.017,,,0,14,280,29.562,54.357,0.74,49.168,,,,,0
2026-10-07T06:00Z,2026-10-07T09:00Z,2847198,3,6.5,6.5,,,,h,6.5,,,,0,0,1043.649,0.745,0,,,0,16,280,29.273,55.84,0.55,39.865,,,,,0
2026-10-07T06:00Z,2026-10-07T12:00Z,2847198,6,9,9,,,,h,9,,,,0,0,21.182,0.912,0,,,0,19,280,25.737,78.665,0.24,308.286,,,,,0
2026-10-07T06:00Z,2026-10-07T18:00Z,2847198,12,17.2,17.2,,,,h,17.2,,,,0,0,27.438,0.124,0,,,0,1,280,22.939,89.184,0.194,177.326,,,,,0
2026-10-07T06:00Z,2026-10-08T06:00Z,2847198,24,6.2,6.2,,,,h,6.2,,,,0,0,1075.988,0.773,0,,,0,13,281,29.667,55.548,0.616,52.724,,,,,0
2026-10-07T06:00Z,2026-10-09T06:00Z,2847198,48,7.2,7.2,,,,h,7.2,,,,0,0,1113.556,0.898,0.017,,,0,13,282,30.318,57.962,0.605,46.768,,,,,0
2026-10-07T06:00Z,2026-10-07T07:00Z,2848810,1,17.5,12.4,,,,h,12.4,,,,0,0.032,1293.331,2.571,0.108,11.6,,-0.34,14,280,31.554,63.048,2.069,43.214,,,,,0
2026-10-07T06:00Z,2026-10-07T09:00Z,2848810,3,17.9,12.8,,,,h,12.8,,,,0,0.022,942.343,1.599,0.17,11.6,,-0.34,16,280,31.01,65.762,1.202,45.58,,,,,0
2026-10-07T06:00Z,2026-10-07T12:00Z,2848810,6,38.4,28.4,,,,h,28.4,,,,0,0.009,96.876,1.86,0.006,11.6,,-0.34,19,280,26.74,90.221,1.214,226,,,,,0
2026-10-07T06:00Z,2026-10-07T18:00Z,2848810,12,42.8,32.8,,,,h,32.8,,,,0,0.026,86.876,1.769,0.006,11.6,,-0.34,1,280,24.757,96.204,0.607,278.814,,,,,0
2026-10-07T06:00Z,2026-10-08T06:00Z,2848810,24,20.7,16.7,,,,h,16.7,,,,0,0.058,1273.486,1.513,0.053,11.6,,-0.34,13,281,31.844,61.214,1.153,30.541,,,,,0
2026-10-07T06:00Z,2026-10-09T06:00Z,2848810,48,24.9,21.9,,,,h,21.9,,,,0,0.002,813.858,3.497,1.753,11.6,,-0.34,13,282,29.548,73.498,2.593,25.135,,,,,0
2026-10-07T06:00Z,2026-10-07T07:00Z,2909413,1,13,13,,,,h,13,,,,0,0.002,1233.365,3.309,0.01,,,0,14,280,31.37,64.659,2.659,56.247,,,,,0
2026-10-07T06:00Z,2026-10-07T09:00Z,2909413,3,12.3,12.3,,,,h,12.3,,,,0,0.002,621.726,1.328,1.274,,,0,16,280,29.763,71.289,0.907,83.685,,,,,0
2026-10-07T06:00Z,2026-10-07T12:00Z,2909413,6,21.8,21.8,,,,h,21.8,,,,0,0.001,92.338,0.417,0.059,,,0,19,280,26.277,90.927,0.627,141.728,,,,,0
2026-10-07T06:00Z,2026-10-07T18:00Z,2909413,12,45.1,45.1,,,,h,45.1,,,,0,0.002,82.338,1.807,0.059,,,0,1,280,24.562,95.204,0.843,12.373,,,,,0
2026-10-07T06:00Z,2026-10-08T06:00Z,2909413,24,20.7,20.7,,,,h,20.7,,,,0,0.04,1206.705,1.407,0.06,,,0,13,281,31.051,66.744,1.215,333.507,,,,,0
2026-10-07T06:00Z,2026-10-09T06:00Z,2909413,48,23.1,23.1,,,,h,23.1,,,,0,0.005,846.633,3.775,1.542,,,0,13,282,29.267,76.348,2.92,15.884,,,,,0
2026-10-07T06:00Z,2026-10-07T07:00Z,2926254,1,5.6,5.6,,,,h,5.6,,,,0,0.001,856.756,2.2,0.259,,,0,14,280,26.43,70.346,1.625,69.471,,,,,0
2026-10-07T06:00Z,2026-10-07T09:00Z,2926254,3,6.1,6.1,,,,h,6.1,,,,0,0.001,639.05,1.878,0.176,,,0,16,280,26.083,73.298,1.401,55.464,,,,,0
2026-10-07T06:00Z,2026-10-07T12:00Z,2926254,6,7.1,7.1,,,,h,7.1,,,,0,0.001,20.964,1.137,0.199,,,0,19,280,22.597,92.928,0.343,65.92,,,,,0
2026-10-07T06:00Z,2026-10-07T18:00Z,2926254,12,7.2,7.2,,,,h,7.2,,,,0,0.001,16.297,0.328,0.277,,,0,1,280,20.283,98.085,0.148,177.626,,,,,0
2026-10-07T06:00Z,2026-10-08T06:00Z,2926254,24,8.6,8.6,,,,h,8.6,,,,0,0.001,914.88,1.671,0.207,,,0,13,281,27.38,66.036,1.287,68.002,,,,,0
2026-10-07T06:00Z,2026-10-09T06:00Z,2926254,48,10.4,10.4,,,,h,10.4,,,,0,0,875.229,2.22,0.124,,,0,13,282,27.675,67.848,1.643,72.077,,,,,0
2026-10-07T06:00Z,2026-10-07T07:00Z,2927999,1,7.4,9.7,,,,h,9.7,,,,0,0.023,1132.911,4.376,0.261,9.6,,0.248,14,280,30.219,65.684,3.407,58.067,,,,,0
2026-10-07T06:00Z,2026-10-07T09:00Z,2927999,3,7.7,9.9,,,,h,9.9,,,,0,0.011,1041.087,3.853,0.063,9.6,,0.248,16,280,30.127,66.208,2.91,55.71,,,,,0
2026-10-07T06:00Z,2026-10-07T12:00Z,2927999,6,13,16.3,,,,h,16.3,,,,0,0.005,150.867,3.928,0.037,9.6,,0.248,19,280,26.72,86.816,2.236,347.153,,,,,0
2026-10-07T06:00Z,2026-10-07T18:00Z,2927999,12,10.2,12.5,,,,h,12.5,,,,0,0.005,112.601,3.863,0,9.6,,0.248,1,280,24.802,96.109,1.756,343.536,,,,,0
2026-10-07T06:00Z,2026-10-08T06:00Z,2927999,24,9.1,10.7,,,,h,10.7,,,,0,0.001,1178.935,2.495,0,9.6,,0.248,13,281,31.374,63.241,2.024,38.917,,,,,0
2026-10-07T06:00Z,2026-10-09T06:00Z,2927999,48,9.8,10.8,,,,h,10.8,,,,0,0,1265.757,2.26,0.05,9.6,,0.248,13,282,31.337,67.024,1.906,43.293,,,,,0
2026-10-07T06:00Z,2026-10-07T07:00Z,3019320,1,6.7,15.8,,,,h,15.8,,,,0,0.018,1327.873,2.553,0.041,16.1,,0.815,14,280,31.715,61.817,2.04,41.984,,,,,0
2026-10-07T06:00Z,2026-10-07T09:00Z,3019320,3,6.7,15.3,,,,h,15.3,,,,0,0.012,882.031,1.754,0.076,16.1,,0.815,16,280,31.129,65.338,1.34,47.249,,,,,0
2026-10-07T06:00Z,2026-10-07T12:00Z,3019320,6,21.3,44.1,,,,h,44.1,,,,0,0.007,91.166,2.134,0.001,16.1,,0.815,19,280,26.84,89.035,1.349,237.725,,,,,0
2026-10-07T06:00Z,2026-10-07T18:00Z,3019320,12,52.7,99,,,,h,99,,,,0,0.039,81.166,1.788,0.001,16.1,,0.815,1,280,24.796,96.607,0.717,259.315,,,,,0
2026-10-07T06:00Z,2026-10-08T06:00Z,3019320,24,15.7,26.1,,,,h,26.1,,,,0,0.061,1304.378,1.183,0.037,16.1,,0.815,13,281,31.986,60.633,0.881,28.78,,,,,0
2026-10-07T06:00Z,2026-10-09T06:00Z,3019320,48,18.5,25.2,,,,h,25.2,,,,0,0.002,635.216,3.383,2.329,16.1,,0.815,13,282,28.712,78.382,2.453,23.322,,,,,0
2026-10-07T06:00Z,2026-10-07T07:00Z,3047340,1,6.8,0.2,,,,h,0.2,,,,0,0.007,1111.042,0.312,0.103,0,,-1.93,14,280,29.142,63.453,0.185,102.227,,,,,0
2026-10-07T06:00Z,2026-10-07T09:00Z,3047340,3,7.5,0.4,,,,h,0.4,,,,0,0.005,547.573,1.367,0.437,0,,-1.93,16,280,28.581,67.645,1.089,137.906,,,,,0
2026-10-07T06:00Z,2026-10-07T12:00Z,3047340,6,25.2,3.9,,,,h,3.9,,,,0,0.004,30.655,0.786,0,0,,-1.93,19,280,24.833,91.543,0.338,146.663,,,,,0
2026-10-07T06:00Z,2026-10-07T18:00Z,3047340,12,33.5,6.9,,,,h,6.9,,,,0,0.002,45.129,1.138,0.504,0,,-1.93,1,280,21.738,96.401,0.485,223.583,,,,,0
2026-10-07T06:00Z,2026-10-08T06:00Z,3047340,24,10.2,2.6,,,,h,2.6,,,,0,0.001,944.225,0.835,0.104,0,,-1.93,13,281,29.644,61.348,0.672,121.323,,,,,0
2026-10-07T06:00Z,2026-10-09T06:00Z,3047340,48,11.4,5.2,,,,h,5.2,,,,0,0,1047.691,0.424,0.075,0,,-1.93,13,282,30.458,59.872,0.317,126.259,,,,,0
2026-10-07T06:00Z,2026-10-07T07:00Z,3090636,1,6.7,9.4,,,,h,9.4,,,,0,0.016,1282.158,2.615,0.101,11.3,,0.308,14,280,31.541,63.112,2.091,44.387,,,,,0
2026-10-07T06:00Z,2026-10-07T09:00Z,3090636,3,6.7,9.2,,,,h,9.2,,,,0,0.012,856.486,1.649,0.261,11.3,,0.308,16,280,30.878,66.357,1.233,50.477,,,,,0
2026-10-07T06:00Z,2026-10-07T12:00Z,3090636,6,21.3,28.1,,,,h,28.1,,,,0,0.006,94.386,1.819,0.01,11.3,,0.308,19,280,26.767,89.337,1.166,236.8,,,,,0
2026-10-07T06:00Z,2026-10-07T18:00Z,3090636,12,52.7,66.9,,,,h,66.9,,,,0,0.019,84.386,1.506,0.01,11.3,,0.308,1,280,24.74,96.188,0.472,279.385,,,,,0
2026-10-07T06:00Z,2026-10-08T06:00Z,3090636,24,15.7,19.1,,,,h,19.1,,,,0,0.076,1277.118,1.232,0.046,11.3,,0.308,13,281,31.776,62.027,0.939,22.515,,,,,0
2026-10-07T06:00Z,2026-10-09T06:00Z,3090636,48,18.5,20.8,,,,h,20.8,,,,0,0.002,715.21,3.479,2.029,11.3,,0.308,13,282,29.05,76.679,2.569,22.982,,,,,0
2026-10-07T06:00Z,2026-10-07T07:00Z,3097120,1,27.9,25.3,,,,h,25.3,,,,0,0.019,1241.944,2.618,0.177,20.7,,-0.097,14,280,31.371,64.38,2.104,45.299,,,,,0
2026-10-07T06:00Z,2026-10-07T09:00Z,3097120,3,26.7,24.3,,,,h,24.3,,,,0,0.017,892.194,1.542,0.344,20.7,,-0.097,16,280,30.753,66.804,1.136,49.837,,,,,0
2026-10-07T06:00Z,2026-10-07T12:00Z,3097120,6,34.9,32,,,,h,32,,,,0,0.007,99.408,1.618,0.014,20.7,,-0.097,19,280,26.706,90.051,1.06,229.573,,,,,0
2026-10-07T06:00Z,2026-10-07T18:00Z,3097120,12,32.6,30.2,,,,h,30.2,,,,0,0.014,89.408,1.661,0.014,20.7,,-0.097,1,280,24.7,95.808,0.467,298.225,,,,,0
2026-10-07T06:00Z,2026-10-08T06:00Z,3097120,24,31.1,29.3,,,,h,29.3,,,,0,0.067,1250.168,1.463,0.058,20.7,,-0.097,13,281,31.634,62.774,1.132,24.403,,,,,0
2026-10-07T06:00Z,2026-10-09T06:00Z,3097120,48,35.2,34,,,,h,34,,,,0,0.003,848.29,3.575,1.581,20.7,,-0.097,13,282,29.679,73.08,2.688,24.304,,,,,0
2026-10-07T06:00Z,2026-10-07T07:00Z,3203249,1,4.1,6.6,,,,h,6.6,,,,0,0,431.796,3.37,0.358,12.2,,0.41,14,280,27.356,84.079,2.895,253.894,,,,,0
2026-10-07T06:00Z,2026-10-07T09:00Z,3203249,3,3.3,5.3,,,,h,5.3,,,,0,0,502.984,3.38,0.11,12.2,,0.41,16,280,27.594,82.512,2.958,287.033,,,,,0
2026-10-07T06:00Z,2026-10-07T12:00Z,3203249,6,2.8,4.4,,,,h,4.4,,,,0,0,330.977,2.738,0.037,12.2,,0.41,19,280,27.271,85.877,2.128,300.933,,,,,0
2026-10-07T06:00Z,2026-10-07T18:00Z,3203249,12,2.9,4.3,,,,h,4.3,,,,0,0,393.58,2.476,0.002,12.2,,0.41,1,280,26.986,86.376,2.104,324.057,,,,,0
2026-10-07T06:00Z,2026-10-08T06:00Z,3203249,24,2.8,3.8,,,,h,3.8,,,,0,0,477.382,3.426,1.486,12.2,,0.41,13,281,27.152,84.482,3.07,292.454,,,,,0
2026-10-07T06:00Z,2026-10-09T06:00Z,3203249,48,4,4.8,,,,h,4.8,,,,0,0,652.496,2.883,0.097,12.2,,0.41,13,282,29.283,73.19,2.576,303.763,,,,,0
2026-10-07T06:00Z,2026-10-07T07:00Z,3276359,1,34.6,39.5,,,,h,39.5,,,,0,0.001,911.828,1.704,0.04,36.5,,0.134,14,280,30.949,66.295,1.387,310.656,,,,,0
2026-10-07T06:00Z,2026-10-07T09:00Z,3276359,3,32.9,37.4,,,,h,37.4,,,,0,0.001,376.638,1.373,0.326,36.5,,0.134,16,280,29.65,71.228,1.146,290.762,,,,,0
2026-10-07T06:00Z,2026-10-07T12:00Z,3276359,6,32.2,36.3,,,,h,36.3,,,,0,0.001,245.893,1.351,0.743,36.5,,0.134,19,280,25.965,93.591,0.67,7.742,,,,,0
2026-10-07T06:00Z,2026-10-07T18:00Z,3276359,12,37.8,42,,,,h,42,,,,0,0,198.4,3.456,0.526,36.5,,0.134,1,280,24.621,96.125,1.915,276.28,,,,,0
2026-10-07T06:00Z,2026-10-08T06:00Z,3276359,24,16.8,18.3,,,,h,18.3,,,,0,0,937.965,3.125,0.086,36.5,,0.134,13,281,30.915,66.656,2.475,327.354,,,,,0
2026-10-07T06:00Z,2026-10-09T06:00Z,3276359,48,10.9,11.5,,,,h,11.5,,,,0,0,670.809,2.199,0.58,36.5,,0.134,13,282,28.951,77.152,1.801,146.91,,,,,0
2026-10-07T06:00Z,2026-10-07T07:00Z,3400922,1,28.1,51.4,,,,h,51.4,,,,0,0,318.797,2.778,1.565,33.4,,0.614,14,280,26.607,87.813,2.321,279.541,,,,,0
2026-10-07T06:00Z,2026-10-07T09:00Z,3400922,3,26.3,47,,,,h,47,,,,0,0,313.08,2.256,1.089,33.4,,0.614,16,280,26.3,88.13,2.001,239.304,,,,,0
2026-10-07T06:00Z,2026-10-07T12:00Z,3400922,6,23.1,40,,,,h,40,,,,0,0,176.083,1.057,0.041,33.4,,0.614,19,280,25.991,89.548,0.801,244.876,,,,,0
2026-10-07T06:00Z,2026-10-07T18:00Z,3400922,12,20.1,32.7,,,,h,32.7,,,,0,0,210.741,0.45,0.247,33.4,,0.614,1,280,25.379,88.143,0.671,38.967,,,,,0
2026-10-07T06:00Z,2026-10-08T06:00Z,3400922,24,12.5,18.4,,,,h,18.4,,,,0,0,345.763,3.282,1.359,33.4,,0.614,13,281,26.446,86.549,2.708,274.368,,,,,0
2026-10-07T06:00Z,2026-10-09T06:00Z,3400922,48,2.4,3.2,,,,h,3.2,,,,0,0,312.562,2.93,1.064,33.4,,0.614,13,282,26.945,84.885,2.581,306.831,,,,,0
2026-10-07T06:00Z,2026-10-07T07:00Z,3400935,1,27.9,19.8,,,,h,19.8,,,,0,0.014,1227.809,2.659,0.187,10,,-0.344,14,280,31.326,64.713,2.133,46.411,,,,,0
2026-10-07T06:00Z,2026-10-07T09:00Z,3400935,3,26.7,19.2,,,,h,19.2,,,,0,0.013,857.588,1.525,0.431,10,,-0.344,16,280,30.638,67.296,1.113,52.648,,,,,0
2026-10-07T06:00Z,2026-10-07T12:00Z,3400935,6,34.9,25.7,,,,h,25.7,,,,0,0.006,99.368,1.501,0.018,10,,-0.344,19,280,26.687,89.901,0.988,232.157,,,,,0
2026-10-07T06:00Z,2026-10-07T18:00Z,3400935,12,32.6,24.8,,,,h,24.8,,,,0,0.01,89.368,1.595,0.018,10,,-0.344,1,280,24.679,95.692,0.413,305.911,,,,,0
2026-10-07T06:00Z,2026-10-08T06:00Z,3400935,24,31.1,25.2,,,,h,25.2,,,,0,0.071,1243.787,1.394,0.058,10,,-0.344,13,281,31.554,63.404,1.086,19.991,,,,,0
2026-10-07T06:00Z,2026-10-09T06:00Z,3400935,48,35.2,31,,,,h,31,,,,0,0.003,840.676,3.596,1.583,10,,-0.344,13,282,29.617,73.598,2.713,23.483,,,,,0
2026-10-07T06:00Z,2026-10-07T07:00Z,3400936,1,27.9,17.7,,,,h,17.7,,,,0,0.014,1228.027,2.659,0.186,8.1,,-0.456,14,280,31.326,64.706,2.134,46.414,,,,,0
2026-10-07T06:00Z,2026-10-07T09:00Z,3400936,3,26.7,17.2,,,,h,17.2,,,,0,0.013,857.183,1.526,0.431,8.1,,-0.456,16,280,30.638,67.296,1.113,52.669,,,,,0
2026-10-07T06:00Z,2026-10-07T12:00Z,3400936,6,34.9,23.2,,,,h,23.2,,,,0,0.006,99.334,1.502,0.018,8.1,,-0.456,19,280,26.688,89.897,0.988,232.206,,,,,0
2026-10-07T06:00Z,2026-10-07T18:00Z,3400936,12,32.6,22.7,,,,h,22.7,,,,0,0.01,89.334,1.593,0.018,8.1,,-0.456,1,280,24.68,95.694,0.412,305.858,,,,,0
2026-10-07T06:00Z,2026-10-08T06:00Z,3400936,24,31.1,23.5,,,,h,23.5,,,,0,0.071,1243.92,1.393,0.058,8.1,,-0.456,13,281,31.555,63.403,1.085,19.947,,,,,0
2026-10-07T06:00Z,2026-10-09T06:00Z,3400936,48,35.2,29.7,,,,h,29.7,,,,0,0.003,839.852,3.596,1.585,8.1,,-0.456,13,282,29.612,73.622,2.712,23.47,,,,,0
2026-10-07T06:00Z,2026-10-07T07:00Z,3400937,1,6.7,9.2,,,,h,9.2,,,,0,0.016,1312.908,2.576,0.055,10.4,,0.289,14,280,31.667,62.162,2.054,42.837,,,,,0
2026-10-07T06:00Z,2026-10-07T09:00Z,3400937,3,6.7,9,,,,h,9,,,,0,0.011,851.469,1.747,0.142,10.4,,0.289,16,280,31.034,65.738,1.328,49.216,,,,,0
2026-10-07T06:00Z,2026-10-07T12:00Z,3400937,6,21.3,27.6,,,,h,27.6,,,,0,0.005,91.275,2.071,0.004,10.4,,0.289,19,280,26.834,88.829,1.302,240.562,,,,,0
2026-10-07T06:00Z,2026-10-07T18:00Z,3400937,12,52.7,65.9,,,,h,65.9,,,,0,0.029,81.275,1.637,0.004,10.4,,0.289,1,280,24.778,96.502,0.622,262.896,,,,,0
2026-10-07T06:00Z,2026-10-08T06:00Z,3400937,24,15.7,18.8,,,,h,18.8,,,,0,0.07,1299.014,1.113,0.037,10.4,,0.289,13,281,31.917,61.201,0.833,24.643,,,,,0
2026-10-07T06:00Z,2026-10-09T06:00Z,3400937,48,18.5,20.6,,,,h,20.6,,,,0,0.002,624.861,3.401,2.339,10.4,,0.289,13,282,28.647,78.907,2.474,22.636,,,,,0
2026-10-07T06:00Z,2026-10-07T07:00Z,3400941,1,6.7,4.4,,,,h,4.4,,,,0,0.014,1303.435,2.595,0.064,4.6,,-0.367,14,280,31.635,62.396,2.067,43.462,,,,,0
2026-10-07T06:00Z,2026-10-07T09:00Z,3400941,3,6.7,4.5,,,,h,4.5,,,,0,0.01,834.514,1.735,0.19,4.6,,-0.367,16,280,30.969,66.011,1.314,50.464,,,,,0
2026-10-07T06:00Z,2026-10-07T12:00Z,3400941,6,21.3,15.2,,,,h,15.2,,,,0,0.005,91.473,2.014,0.006,4.6,,-0.367,19,280,26.823,88.764,1.264,241.829,,,,,0
2026-10-07T06:00Z,2026-10-07T18:00Z,3400941,12,52.7,39.6,,,,h,39.6,,,,0,0.024,81.473,1.539,0.006,4.6,,-0.367,1,280,24.765,96.425,0.556,266.178,,,,,0
2026-10-07T06:00Z,2026-10-08T06:00Z,3400941,24,15.7,12.4,,,,h,12.4,,,,0,0.075,1294.636,1.085,0.037,4.6,,-0.367,13,281,31.87,61.566,0.816,21.812,,,,,0
2026-10-07T06:00Z,2026-10-09T06:00Z,3400941,48,18.5,16.1,,,,h,16.1,,,,0,0.002,625.353,3.416,2.324,4.6,,-0.367,13,282,28.636,79.054,2.492,22.25,,,,,0
2026-10-07T06:00Z,2026-10-07T07:00Z,3400955,1,13.8,12.3,,,,h,12.3,,,,0,0.001,1001.382,3.029,0,12.8,,-0.112,14,280,28.892,57.689,2.35,37.789,,,,,0
2026-10-07T06:00Z,2026-10-07T09:00Z,3400955,3,12.9,11.5,,,,h,11.5,,,,0,0,960.892,2.925,0,12.8,,-0.112,16,280,28.425,59.394,2.184,41.649,,,,,0
2026-10-07T06:00Z,2026-10-07T12:00Z,3400955,6,13.9,12.5,,,,h,12.5,,,,0,0,51.244,2.497,0,12.8,,-0.112,19,280,25.474,76.508,1.008,11.033,,,,,0
2026-10-07T06:00Z,2026-10-07T18:00Z,3400955,12,17.5,16,,,,h,16,,,,0,0.001,139.558,3.349,0,12.8,,-0.112,1,280,22.444,85.417,1.218,90.031,,,,,0
2026-10-07T06:00Z,2026-10-08T06:00Z,3400955,24,17.1,15.9,,,,h,15.9,,,,0,0.001,1116.601,2.391,0,12.8,,-0.112,13,281,29.214,55.696,1.927,29.669,,,,,0
2026-10-07T06:00Z,2026-10-09T06:00Z,3400955,48,17.3,16.6,,,,h,16.6,,,,0,0.002,1042.235,4.809,0,12.8,,-0.112,13,282,29.014,62.562,3.638,54.208,,,,,0
2026-10-07T06:00Z,2026-10-07T07:00Z,3400984,1,10,1.5,,,,h,1.5,,,,0,0,762.605,2.074,0.131,1.1,,-1.535,14,280,29.982,69.023,1.582,347.922,,,,,0
2026-10-07T06:00Z,2026-10-07T09:00Z,3400984,3,9.7,1.6,,,,h,1.6,,,,0,0,588.3,0.799,0.451,1.1,,-1.535,16,280,29.609,69.476,0.636,19.713,,,,,0
2026-10-07T06:00Z,2026-10-07T12:00Z,3400984,6,18.2,4.1,,,,h,4.1,,,,0,0,158.107,1.336,0.508,1.1,,-1.535,19,280,26.06,92.102,0.818,19.113,,,,,0
2026-10-07T06:00Z,2026-10-07T18:00Z,3400984,12,13.4,3.5,,,,h,3.5,,,,0,0,185.263,3.021,0.282,1.1,,-1.535,1,280,24.113,98.002,1.484,278.242,,,,,0
2026-10-07T06:00Z,2026-10-08T06:00Z,3400984,24,6.3,1.9,,,,h,1.9,,,,0,0,1104.675,3.497,0.212,1.1,,-1.535,13,281,30.56,67.217,2.746,348.843,,,,,0
2026-10-07T06:00Z,2026-10-09T06:00Z,3400984,48,4.9,2.4,,,,h,2.4,,,,0,0,739.439,3.682,1.23,1.1,,-1.535,13,282,29.061,75.69,2.886,24.932,,,,,0
2026-10-07T06:00Z,2026-10-07T07:00Z,3400986,1,7.7,11.8,,,,h,11.8,,,,0,0.001,1187.196,2.593,0.103,16.1,,0.401,14,280,29.432,55.607,2.053,77.721,,,,,0
2026-10-07T06:00Z,2026-10-07T09:00Z,3400986,3,7.4,11.1,,,,h,11.1,,,,0,0.001,1027.038,2.573,0.034,16.1,,0.401,16,280,28.869,57.693,1.966,60.673,,,,,0
2026-10-07T06:00Z,2026-10-07T12:00Z,3400986,6,10.6,15.4,,,,h,15.4,,,,0,0.001,26.687,1.506,0,16.1,,0.401,19,280,25.749,79.734,0.388,92.515,,,,,0
2026-10-07T06:00Z,2026-10-07T18:00Z,3400986,12,14.2,19.6,,,,h,19.6,,,,0,0.001,140.188,3.854,0,16.1,,0.401,1,280,23.265,74.745,1.801,72.136,,,,,0
2026-10-07T06:00Z,2026-10-08T06:00Z,3400986,24,12.3,15.9,,,,h,15.9,,,,0,0.001,1298.826,1.302,0.003,16.1,,0.401,13,281,29.754,56.712,1.1,71.222,,,,,0
2026-10-07T06:00Z,2026-10-09T06:00Z,3400986,48,13.3,15.5,,,,h,15.5,,,,0,0.001,1216.826,1.255,0.003,16.1,,0.401,13,282,30.546,57.521,0.996,53.16,,,,,0
2026-10-07T06:00Z,2026-10-07T07:00Z,3401031,1,27.9,23.5,,,,h,23.5,,,,0,0.018,1239.407,2.627,0.178,19.5,,-0.17,14,280,31.363,64.434,2.109,45.521,,,,,0
2026-10-07T06:00Z,2026-10-07T09:00Z,3401031,3,26.7,22.7,,,,h,22.7,,,,0,0.016,884.002,1.54,0.361,19.5,,-0.17,16,280,30.731,66.902,1.133,50.447,,,,,0
2026-10-07T06:00Z,2026-10-07T12:00Z,3401031,6,34.9,30,,,,h,30,,,,0,0.007,99.321,1.597,0.015,19.5,,-0.17,19,280,26.703,90.003,1.046,230.302,,,,,0
2026-10-07T06:00Z,2026-10-07T18:00Z,3401031,12,32.6,28.5,,,,h,28.5,,,,0,0.013,89.321,1.641,0.015,19.5,,-0.17,1,280,24.696,95.789,0.452,299.548,,,,,0
2026-10-07T06:00Z,2026-10-08T06:00Z,3401031,24,31.1,28,,,,h,28,,,,0,0.069,1249.241,1.443,0.058,19.5,,-0.17,13,281,31.619,62.9,1.118,23.46,,,,,0
2026-10-07T06:00Z,2026-10-09T06:00Z,3401031,48,35.2,33,,,,h,33,,,,0,0.003,844.179,3.578,1.589,19.5,,-0.17,13,282,29.654,73.258,2.691,24.105,,,,,0
2026-10-07T06:00Z,2026-10-07T07:00Z,3402586,1,13,9.7,,,,h,9.7,,,,0,0.004,1253.197,3.025,0.029,9.5,,-0.277,14,280,31.47,63.763,2.41,52.235,,,,,0
2026-10-07T06:00Z,2026-10-07T09:00Z,3402586,3,12.3,9.3,,,,h,9.3,,,,0,0.004,641.319,1.522,0.883,9.5,,-0.277,16,280,30.17,69.521,1.085,70.793,,,,,0
2026-10-07T06:00Z,2026-10-07T12:00Z,3402586,6,21.8,16.9,,,,h,16.9,,,,0,0.002,89.952,0.848,0.039,9.5,,-0.277,19,280,26.536,89.249,0.651,245.949,,,,,0
2026-10-07T06:00Z,2026-10-07T18:00Z,3402586,12,45.1,36.3,,,,h,36.3,,,,0,0.004,79.952,0.972,0.039,9.5,,-0.277,1,280,24.635,95.71,0.339,346.799,,,,,0
2026-10-07T06:00Z,2026-10-08T06:00Z,3402586,24,20.7,17.4,,,,h,17.4,,,,0,0.066,1247.295,1.101,0.044,9.5,,-0.277,13,281,31.345,65.213,0.934,336.917,,,,,0
2026-10-07T06:00Z,2026-10-09T06:00Z,3402586,48,23.1,20.8,,,,h,20.8,,,,0,0.004,669.379,3.613,2.107,9.5,,-0.277,13,282,28.582,80.159,2.724,16.727,,,,,0
2026-10-07T06:00Z,2026-10-07T07:00Z,3402593,1,13,8.7,,,,h,8.7,,,,0,0.004,1252.821,3.021,0.031,7.7,,-0.379,14,280,31.468,63.774,2.407,52.186,,,,,0
2026-10-07T06:00Z,2026-10-07T09:00Z,3402593,3,12.3,8.4,,,,h,8.4,,,,0,0.004,642.913,1.522,0.879,7.7,,-0.379,16,280,30.174,69.502,1.085,70.634,,,,,0
2026-10-07T06:00Z,2026-10-07T12:00Z,3402593,6,21.8,15.4,,,,h,15.4,,,,0,0.002,90.032,0.855,0.039,7.7,,-0.379,19,280,26.537,89.248,0.653,245.897,,,,,0
2026-10-07T06:00Z,2026-10-07T18:00Z,3402593,12,45.1,33.5,,,,h,33.5,,,,0,0.004,80.032,0.974,0.039,7.7,,-0.379,1,280,24.635,95.71,0.335,346.256,,,,,0
2026-10-07T06:00Z,2026-10-08T06:00Z,3402593,24,20.7,16.3,,,,h,16.3,,,,0,0.066,1247.293,1.1,0.044,7.7,,-0.379,13,281,31.346,65.2,0.932,337.302,,,,,0
2026-10-07T06:00Z,2026-10-09T06:00Z,3402593,48,23.1,20,,,,h,20,,,,0,0.004,670.351,3.612,2.103,7.7,,-0.379,13,282,28.588,80.117,2.724,16.782,,,,,0
2026-10-07T06:00Z,2026-10-07T07:00Z,3402594,1,13,6.9,,,,h,6.9,,,,0,0.004,1250.238,3.024,0.036,6,,-0.6,14,280,31.457,63.864,2.411,52.273,,,,,0
2026-10-07T06:00Z,2026-10-07T09:00Z,3402594,3,12.3,6.7,,,,h,6.7,,,,0,0.004,646.651,1.51,0.888,6,,-0.6,16,280,30.163,69.54,1.074,70.741,,,,,0
2026-10-07T06:00Z,2026-10-07T12:00Z,3402594,6,21.8,12.6,,,,h,12.6,,,,0,0.002,90.431,0.827,0.04,6,,-0.6,19,280,26.53,89.332,0.646,244.332,,,,,0
2026-10-07T06:00Z,2026-10-07T18:00Z,3402594,12,45.1,28.2,,,,h,28.2,,,,0,0.004,80.431,1.017,0.04,6,,-0.6,1,280,24.632,95.68,0.351,347.07,,,,,0
2026-10-07T06:00Z,2026-10-08T06:00Z,3402594,24,20.7,14.2,,,,h,14.2,,,,0,0.065,1244.999,1.113,0.045,6,,-0.6,13,281,31.335,65.25,0.941,338.238,,,,,0
2026-10-07T06:00Z,2026-10-09T06:00Z,3402594,48,23.1,18.4,,,,h,18.4,,,,0,0.004,682.999,3.62,2.062,6,,-0.6,13,282,28.647,79.777,2.733,16.905,,,,,0
2026-10-07T06:00Z,2026-10-07T07:00Z,3405765,1,10,4.4,,,,h,4.4,,,,0,0,761.101,2.072,0.132,3.3,,-0.746,14,280,29.966,69.078,1.579,347.819,,,,,0
2026-10-07T06:00Z,2026-10-07T09:00Z,3405765,3,9.7,4.4,,,,h,4.4,,,,0,0,587.25,0.803,0.459,3.3,,-0.746,16,280,29.589,69.568,0.638,19.163,,,,,0
2026-10-07T06:00Z,2026-10-07T12:00Z,3405765,6,18.2,9.1,,,,h,9.1,,,,0,0,157.517,1.331,0.505,3.3,,-0.746,19,280,26.05,92.129,0.813,19.031,,,,,0
2026-10-07T06:00Z,2026-10-07T18:00Z,3405765,12,13.4,7.2,,,,h,7.2,,,,0,0,184.758,3.011,0.282,3.3,,-0.746,1,280,24.105,98.005,1.476,278.342,,,,,0
2026-10-07T06:00Z,2026-10-08T06:00Z,3405765,24,6.3,3.7,,,,h,3.7,,,,0,0,1101.873,3.498,0.216,3.3,,-0.746,13,281,30.538,67.304,2.746,348.743,,,,,0
2026-10-07T06:00Z,2026-10-09T06:00Z,3405765,48,4.9,3.5,,,,h,3.5,,,,0,0,738.98,3.676,1.231,3.3,,-0.746,13,282,29.05,75.733,2.879,24.79,,,,,0
2026-10-07T06:00Z,2026-10-07T07:00Z,3412669,1,7.7,9.4,,,,h,9.4,,,,0,0.001,1193.62,2.707,0.078,11.1,,0.182,14,280,29.476,55.214,2.133,73.163,,,,,0
2026-10-07T06:00Z,2026-10-07T09:00Z,3412669,3,7.4,8.9,,,,h,8.9,,,,0,0.001,1052.348,2.693,0.026,11.1,,0.182,16,280,28.966,57.131,2.058,57.43,,,,,0
2026-10-07T06:00Z,2026-10-07T12:00Z,3412669,6,10.6,12.6,,,,h,12.6,,,,0,0.001,32.554,1.646,0,11.1,,0.182,19,280,25.821,78.727,0.415,77.581,,,,,0
2026-10-07T06:00Z,2026-10-07T18:00Z,3412669,12,14.2,16.5,,,,h,16.5,,,,0,0.001,141.437,3.972,0,11.1,,0.182,1,280,23.305,74.921,1.82,68.5,,,,,0
2026-10-07T06:00Z,2026-10-08T06:00Z,3412669,24,12.3,13.8,,,,h,13.8,,,,0,0.001,1287.677,1.536,0.007,11.1,,0.182,13,281,29.804,56.433,1.293,55.484,,,,,0
2026-10-07T06:00Z,2026-10-09T06:00Z,3412669,48,13.3,14.3,,,,h,14.3,,,,0,0.001,1227.15,1.563,0.007,11.1,,0.182,13,282,30.584,57.298,1.224,46.909,,,,,0
2026-10-07T06:00Z,2026-10-07T07:00Z,3478630,1,3.7,5.5,,,,h,5.5,,,,0,0,1416.462,3.266,0,4.5,,0.344,14,280,28.236,52.782,2.392,17.564,,,,,0
2026-10-07T06:00Z,2026-10-07T09:00Z,3478630,3,3.9,5.7,,,,h,5.7,,,,0,0,826.371,3.539,0,4.5,,0.344,16,280,27.444,56.666,2.408,6.05,,,,,0
2026-10-07T06:00Z,2026-10-07T12:00Z,3478630,6,5,7.1,,,,h,7.1,,,,0,0,22.536,1.658,0,4.5,,0.344,19,280,23.791,76.085,0.159,8.577,,,,,0
2026-10-07T06:00Z,2026-10-07T18:00Z,3478630,12,8.1,10.8,,,,h,10.8,,,,0,0,20.568,0.196,0,4.5,,0.344,1,280,20.982,85.872,0.069,2.424,,,,,0
2026-10-07T06:00Z,2026-10-08T06:00Z,3478630,24,4.3,5.5,,,,h,5.5,,,,0,0,1161.126,1.872,0,4.5,,0.344,13,281,28.628,55.235,1.417,23.079,,,,,0
2026-10-07T06:00Z,2026-10-09T06:00Z,3478630,48,14.4,16.4,,,,h,16.4,,,,0,0.001,1176.396,2.707,0,4.5,,0.344,13,282,29.182,54.446,1.972,18.696,,,,,0
2026-10-07T06:00Z,2026-10-07T07:00Z,3478631,1,6.5,12,,,,h,12,,,,0,0,1101.484,1.637,0,8.2,,0.576,14,280,27.799,58.54,1.287,75.736,,,,,0
2026-10-07T06:00Z,2026-10-07T09:00Z,3478631,3,5.4,9.9,,,,h,9.9,,,,0,0,730.227,1.442,0.887,8.2,,0.576,16,280,26.493,66.093,1.182,55.555,,,,,0
2026-10-07T06:00Z,2026-10-07T12:00Z,3478631,6,5.9,10.4,,,,h,10.4,,,,0,0.001,36.639,1.412,0,8.2,,0.576,19,280,23.795,83.008,0.449,58.868,,,,,0
2026-10-07T06:00Z,2026-10-07T18:00Z,3478631,12,8.3,13.4,,,,h,13.4,,,,0,0.002,128.313,3.441,0,8.2,,0.576,1,280,20.961,76.068,1.866,68.058,,,,,0
2026-10-07T06:00Z,2026-10-08T06:00Z,3478631,24,9.6,13.9,,,,h,13.9,,,,0,0.003,1413.014,0.81,0,8.2,,0.576,13,281,28.753,53.184,0.678,39.612,,,,,0
2026-10-07T06:00Z,2026-10-09T06:00Z,3478631,48,14.3,17.8,,,,h,17.8,,,,0,0.002,1080.377,0.526,0.164,8.2,,0.576,13,282,29.158,56.87,0.42,141.824,,,,,0
2026-10-07T06:00Z,2026-10-07T07:00Z,3493785,1,3.4,10.8,,,,h,10.8,,,,0,0,1533.489,2.124,0,17.8,,1.026,14,280,26.98,52.41,1.645,32.688,,,,,0
2026-10-07T06:00Z,2026-10-07T09:00Z,3493785,3,3.3,10,,,,h,10,,,,0,0,858.607,2.649,0,17.8,,1.026,16,280,26.146,56.118,2.014,39.303,,,,,0
2026-10-07T06:00Z,2026-10-07T12:00Z,3493785,6,4.1,11.4,,,,h,11.4,,,,0,0,26.733,2.244,0,17.8,,1.026,19,280,21.969,77.567,0.689,73.18,,,,,0
2026-10-07T06:00Z,2026-10-07T18:00Z,3493785,12,5.2,12.6,,,,h,12.6,,,,0,0,21.745,1.301,0,17.8,,1.026,1,280,19.016,82.188,0.411,111.053,,,,,0
2026-10-07T06:00Z,2026-10-08T06:00Z,3493785,24,5.2,10.4,,,,h,10.4,,,,0,0.001,1344.162,1.184,0,17.8,,1.026,13,281,27.455,51.331,0.943,38.859,,,,,0
2026-10-07T06:00Z,2026-10-09T06:00Z,3493785,48,13.9,20.6,,,,h,20.6,,,,0,0.001,1306.266,2.06,0,17.8,,1.026,13,282,28.255,54.113,1.528,39.887,,,,,0
2026-10-07T06:00Z,2026-10-07T07:00Z,3493786,1,14.2,5.7,,,,h,5.7,,,,0,0,1091.923,3.434,0.098,5.5,,-0.851,14,280,28.784,56.015,2.494,26.669,,,,,0
2026-10-07T06:00Z,2026-10-07T09:00Z,3493786,3,13.8,5.8,,,,h,5.8,,,,0,0,810.728,5.217,0.098,5.5,,-0.851,16,280,27.296,62.73,3.524,49.748,,,,,0
2026-10-07T06:00Z,2026-10-07T12:00Z,3493786,6,18.7,8.4,,,,h,8.4,,,,0,0.002,372.143,5.087,0,5.5,,-0.851,19,280,23.617,71.067,2.507,48.568,,,,,0
2026-10-07T06:00Z,2026-10-07T18:00Z,3493786,12,22.7,11.4,,,,h,11.4,,,,0,0.004,152.56,3.427,0,5.5,,-0.851,1,280,21.044,78.618,1.529,29.499,,,,,0
2026-10-07T06:00Z,2026-10-08T06:00Z,3493786,24,13.7,7.9,,,,h,7.9,,,,0,0.004,1180.859,2.894,0.049,5.5,,-0.851,13,281,29.178,57.101,2.177,22.704,,,,,0
2026-10-07T06:00Z,2026-10-09T06:00Z,3493786,48,11.4,8.1,,,,h,8.1,,,,0,0.002,742.359,5.014,0.294,5.5,,-0.851,13,282,25.967,75.647,3.415,6.166,,,,,0
2026-10-07T06:00Z,2026-10-07T07:00Z,3493787,1,14.2,6.2,,,,h,6.2,,,,0,0.001,1222.218,2.499,0.179,7.4,,-0.784,14,280,29.773,56.76,1.895,39.432,,,,,0
2026-10-07T06:00Z,2026-10-07T09:00Z,3493787,3,13.8,6.2,,,,h,6.2,,,,0,0.001,901.079,6.165,0.179,7.4,,-0.784,16,280,28.006,65.456,4.199,67.253,,,,,0
2026-10-07T06:00Z,2026-10-07T12:00Z,3493787,6,18.7,9,,,,h,9,,,,0,0.005,440.153,7.24,0,7.4,,-0.784,19,280,24.295,70.932,4.018,74.776,,,,,0
2026-10-07T06:00Z,2026-10-07T18:00Z,3493787,12,22.7,12,,,,h,12,,,,0,0.012,137.773,4.021,0,7.4,,-0.784,1,280,21.648,78.05,1.611,53.383,,,,,0
2026-10-07T06:00Z,2026-10-08T06:00Z,3493787,24,13.7,8.2,,,,h,8.2,,,,0,0.004,1156.163,2.454,0.09,7.4,,-0.784,13,281,29.71,59.414,1.879,33.007,,,,,0
2026-10-07T06:00Z,2026-10-09T06:00Z,3493787,48,11.4,8.3,,,,h,8.3,,,,0,0.002,605.572,3.889,0.538,7.4,,-0.784,13,282,26.258,80.24,2.848,337.94,,,,,0
2026-10-07T06:00Z,2026-10-07T07:00Z,3499026,1,3.5,1.9,,,,h,1.9,,,,0,0,799.452,3.258,0,1.5,,-0.454,14,280,24.727,62.272,2.432,18.697,,,,,0
2026-10-07T06:00Z,2026-10-07T09:00Z,3499026,3,3.8,2.2,,,,h,2.2,,,,0,0,824.144,3.097,0,1.5,,-0.454,16,280,24.499,63.205,2.197,35.818,,,,,0
2026-10-07T06:00Z,2026-10-07T12:00Z,3499026,6,4.8,2.9,,,,h,2.9,,,,0,0.001,29.235,1.584,0,1.5,,-0.454,19,280,21.146,76.312,0.244,58.754,,,,,0
2026-10-07T06:00Z,2026-10-07T18:00Z,3499026,12,7.3,4.9,,,,h,4.9,,,,0,0.001,24.341,1.481,0,1.5,,-0.454,1,280,17.904,85.322,0.624,151.499,,,,,0
2026-10-07T06:00Z,2026-10-08T06:00Z,3499026,24,4.3,3,,,,h,3,,,,0,0.001,946.502,2.716,0,1.5,,-0.454,13,281,25.469,55.77,2.064,18.833,,,,,0
2026-10-07T06:00Z,2026-10-09T06:00Z,3499026,48,13.9,11.7,,,,h,11.7,,,,0,0.001,990.685,2.855,0,1.5,,-0.454,13,282,26.239,58.677,2.14,17.515,,,,,0
2026-10-07T06:00Z,2026-10-07T07:00Z,3501135,1,6.4,5.2,,,,h,5.2,,,,0,0,1374.461,0.316,0.03,3.9,,-0.179,14,280,29.716,53.901,0.065,83.301,,,,,0
2026-10-07T06:00Z,2026-10-07T09:00Z,3501135,3,6.4,5.3,,,,h,5.3,,,,0,0,990.003,0.521,0,3.9,,-0.179,16,280,29.375,55.857,0.491,273.177,,,,,0
2026-10-07T06:00Z,2026-10-07T12:00Z,3501135,6,13.1,11.1,,,,h,11.1,,,,0,0,20,1.323,0,3.9,,-0.179,19,280,25.718,79.859,0.23,283.06,,,,,0
2026-10-07T06:00Z,2026-10-07T18:00Z,3501135,12,18,15.6,,,,h,15.6,,,,0,0,32.114,0.216,0,3.9,,-0.179,1,280,23.018,89.008,0.17,350.261,,,,,0
2026-10-07T06:00Z,2026-10-08T06:00Z,3501135,24,5.1,4.5,,,,h,4.5,,,,0,0,1104.366,0.453,0,3.9,,-0.179,13,281,29.72,55.878,0.322,142.234,,,,,0
2026-10-07T06:00Z,2026-10-09T06:00Z,3501135,48,6.4,5.9,,,,h,5.9,,,,0,0,1141.287,0.225,0.024,3.9,,-0.179,13,282,30.45,58.109,0.056,86.304,,,,,0
2026-10-07T06:00Z,2026-10-07T07:00Z,3501136,1,6.1,2.1,,,,h,2.1,,,,0,0,1388.084,1.986,0.061,1.9,,-0.878,14,280,28.661,52.783,1.417,52.954,,,,,0
2026-10-07T06:00Z,2026-10-07T09:00Z,3501136,3,5.7,2,,,,h,2,,,,0,0,937.553,1.388,0,1.9,,-0.878,16,280,28.257,53.505,0.913,102.717,,,,,0
2026-10-07T06:00Z,2026-10-07T12:00Z,3501136,6,7.8,3.1,,,,h,3.1,,,,0,0,26.131,1.747,0,1.9,,-0.878,19,280,24.724,70.296,0.367,71.961,,,,,0
2026-10-07T06:00Z,2026-10-07T18:00Z,3501136,12,12.4,5.9,,,,h,5.9,,,,0,0,19.653,0.256,0,1.9,,-0.878,1,280,20.789,84.821,0.247,129.68,,,,,0
2026-10-07T06:00Z,2026-10-08T06:00Z,3501136,24,5.3,2.7,,,,h,2.7,,,,0,0,1393.722,1.086,0,1.9,,-0.878,13,281,29.068,50.981,0.809,17.268,,,,,0
2026-10-07T06:00Z,2026-10-09T06:00Z,3501136,48,7.5,5.2,,,,h,5.2,,,,0,0,1361.414,1.192,0.033,1.9,,-0.878,13,282,29.916,51.182,0.828,31.576,,,,,0
2026-10-07T06:00Z,2026-10-07T07:00Z,3501137,1,4,4.8,,,,h,4.8,,,,0,0,1464.46,1.995,0.063,6,,0.163,14,280,26.971,53.362,1.543,30.994,,,,,0
2026-10-07T06:00Z,2026-10-07T09:00Z,3501137,3,4.1,4.9,,,,h,4.9,,,,0,0,927.094,2.444,0.075,6,,0.163,16,280,26.221,56.751,1.9,35.469,,,,,0
2026-10-07T06:00Z,2026-10-07T12:00Z,3501137,6,5.5,6.5,,,,h,6.5,,,,0,0,24.101,1.619,0,6,,0.163,19,280,22.144,78.476,0.481,58.186,,,,,0
2026-10-07T06:00Z,2026-10-07T18:00Z,3501137,12,9.1,10.4,,,,h,10.4,,,,0,0,20,0.68,0,6,,0.163,1,280,18.891,84.672,0.136,107.322,,,,,0
2026-10-07T06:00Z,2026-10-08T06:00Z,3501137,24,4.9,5.5,,,,h,5.5,,,,0,0.001,1331.592,1.204,0.004,6,,0.163,13,281,27.526,51.648,0.936,44.14,,,,,0
2026-10-07T06:00Z,2026-10-09T06:00Z,3501137,48,15.7,16.7,,,,h,16.7,,,,0,0.001,1317.514,2.003,0.009,6,,0.163,13,282,28.339,53.768,1.471,35.536,,,,,0
2026-10-07T06:00Z,2026-10-07T07:00Z,3503723,1,6.7,12.3,,,,h,12.3,,,,0,0,1050.206,2.063,0,22.2,,0.572,14,280,28.245,55.072,1.43,39.851,,,,,0
2026-10-07T06:00Z,2026-10-07T09:00Z,3503723,3,8.4,14.9,,,,h,14.9,,,,0,0.001,464.644,2.604,0,22.2,,0.572,16,280,27.623,56.298,1.832,33.918,,,,,0
2026-10-07T06:00Z,2026-10-07T12:00Z,3503723,6,13.5,22.8,,,,h,22.8,,,,0,0.001,224.389,4.029,0,22.2,,0.572,19,280,24.032,71.763,1.737,41.784,,,,,0
2026-10-07T06:00Z,2026-10-07T18:00Z,3503723,12,18.4,29,,,,h,29,,,,0,0.003,70.689,1.963,0,22.2,,0.572,1,280,20.944,78.533,0.999,350.928,,,,,0
2026-10-07T06:00Z,2026-10-08T06:00Z,3503723,24,15.2,21.8,,,,h,21.8,,,,0,0.004,1290.683,1.463,0,22.2,,0.572,13,281,29.068,53.8,1.019,36.26,,,,,0
2026-10-07T06:00Z,2026-10-09T06:00Z,3503723,48,13.1,16.3,,,,h,16.3,,,,0,0.003,791.37,2.366,0.055,22.2,,0.572,13,282,27.563,64.358,1.534,35.525,,,,,0
2026-10-07T06:00Z,2026-10-07T07:00Z,3503724,1,9.5,52.4,,,,h,52.4,,,,0,0.001,966.881,5.682,0,66.7,,1.695,14,280,26.928,52.397,3.954,19.807,,,,,0
2026-10-07T06:00Z,2026-10-07T09:00Z,3503724,3,12.7,64.2,,,,h,64.2,,,,0,0.002,776.52,5.822,0,66.7,,1.695,16,280,25.342,59.641,3.823,25.461,,,,,0
2026-10-07T06:00Z,2026-10-07T12:00Z,3503724,6,18.2,82.1,,,,h,82.1,,,,0,0.004,344.528,5.908,0,66.7,,1.695,19,280,21.496,69.445,3.168,354.376,,,,,0
2026-10-07T06:00Z,2026-10-07T18:00Z,3503724,12,21,79.2,,,,h,79.2,,,,0,0.006,183.928,5.42,0,66.7,,1.695,1,280,19.181,79.042,2.895,340.768,,,,,0
2026-10-07T06:00Z,2026-10-08T06:00Z,3503724,24,14.8,42.3,,,,h,42.3,,,,0,0.012,1246.027,4.181,0,66.7,,1.695,13,281,28,54.729,3,17.373,,,,,0
2026-10-07T06:00Z,2026-10-09T06:00Z,3503724,48,10,19.3,,,,h,19.3,,,,0,0.005,945.881,9.175,0.002,66.7,,1.695,13,282,24.081,73.572,6.017,21.069,,,,,0
2026-10-07T06:00Z,2026-10-07T07:00Z,3503725,1,15.1,7.2,,,,h,7.2,,,,0,0.001,1029.364,4.952,0.074,4.8,,-0.703,14,280,27.58,57.381,3.504,16.782,,,,,0
2026-10-07T06:00Z,2026-10-07T09:00Z,3503725,3,18,9,,,,h,9,,,,0,0.002,801.984,5.951,0.064,4.8,,-0.703,16,280,26.014,64.342,3.913,33.815,,,,,0
2026-10-07T06:00Z,2026-10-07T12:00Z,3503725,6,22.2,11.6,,,,h,11.6,,,,0,0.004,420.684,5.45,0,4.8,,-0.703,19,280,22.283,71.448,2.668,23.839,,,,,0
2026-10-07T06:00Z,2026-10-07T18:00Z,3503725,12,22,12.5,,,,h,12.5,,,,0,0.008,206.474,4.489,0,4.8,,-0.703,1,280,20.26,77.622,2.232,0.42,,,,,0
2026-10-07T06:00Z,2026-10-08T06:00Z,3503725,24,15.3,9.7,,,,h,9.7,,,,0,0.012,1118.525,4.096,0.053,4.8,,-0.703,13,281,27.989,60.504,2.962,14.108,,,,,0
2026-10-07T06:00Z,2026-10-09T06:00Z,3503725,48,7.6,5.7,,,,h,5.7,,,,0,0.003,710.604,7.016,0.578,4.8,,-0.703,13,282,24.364,81.057,4.641,7.688,,,,,0
2026-10-07T06:00Z,2026-10-07T07:00Z,3510962,1,5.9,0.9,,,,h,0.9,,,,0,0.002,1131.127,2.362,0,0,,-1.364,14,280,26.326,54.799,1.649,51.988,,,,,0
2026-10-07T06:00Z,2026-10-07T09:00Z,3510962,3,8,1.6,,,,h,1.6,,,,0,0.003,728.883,2.538,0,0,,-1.364,16,280,25.317,59.522,1.672,47.235,,,,,0
2026-10-07T06:00Z,2026-10-07T12:00Z,3510962,6,12.6,3.2,,,,h,3.2,,,,0,0.005,157.829,2.922,0,0,,-1.364,19,280,21.661,75.136,1.213,34.848,,,,,0
2026-10-07T06:00Z,2026-10-07T18:00Z,3510962,12,17.9,5.7,,,,h,5.7,,,,0,0.006,67.727,2.242,0,0,,-1.364,1,280,18.605,81.766,1.21,341.543,,,,,0
2026-10-07T06:00Z,2026-10-08T06:00Z,3510962,24,15.4,6.3,,,,h,6.3,,,,0,0.006,1315.699,1.497,0,0,,-1.364,13,281,27.192,55.778,1.051,55.605,,,,,0
2026-10-07T06:00Z,2026-10-09T06:00Z,3510962,48,13.1,7.6,,,,h,7.6,,,,0,0.005,856.055,3.223,0.2,0,,-1.364,13,282,25.715,67.231,2.111,41.034,,,,,0
2026-10-07T06:00Z,2026-10-07T07:00Z,3510963,1,14.9,5.6,,,,h,5.6,,,,0,0.001,1211.148,2.522,0.164,6.1,,-0.919,14,280,29.869,57.188,1.949,44.973,,,,,0
2026-10-07T06:00Z,2026-10-07T09:00Z,3510963,3,15.1,5.9,,,,h,5.9,,,,0,0.001,946.72,5.731,0.163,6.1,,-0.919,16,280,28.34,64.792,3.949,67.845,,,,,0
2026-10-07T06:00Z,2026-10-07T12:00Z,3510963,6,17.3,7.3,,,,h,7.3,,,,0,0.003,374.27,6.578,0,6.1,,-0.919,19,280,24.808,72.208,3.595,75.472,,,,,0
2026-10-07T06:00Z,2026-10-07T18:00Z,3510963,12,20.9,9.9,,,,h,9.9,,,,0,0.011,147.953,4.125,0,6.1,,-0.919,1,280,22.057,79.42,1.599,64.435,,,,,0
2026-10-07T06:00Z,2026-10-08T06:00Z,3510963,24,11.7,6.4,,,,h,6.4,,,,0,0.003,1140.698,2.486,0.078,6.1,,-0.919,13,281,29.735,59.488,1.922,37.117,,,,,0
2026-10-07T06:00Z,2026-10-09T06:00Z,3510963,48,9.3,6.4,,,,h,6.4,,,,0,0.002,664.378,3.187,0.49,6.1,,-0.919,13,282,26.93,77.791,2.365,346.527,,,,,0
2026-10-07T06:00Z,2026-10-07T07:00Z,3510964,1,2.5,3.5,,,,h,3.5,,,,0,0.005,644.162,2.883,0.425,1.7,,0.269,14,280,25.256,79.825,1.899,26.596,,,,,0
2026-10-07T06:00Z,2026-10-07T09:00Z,3510964,3,3.2,4.4,,,,h,4.4,,,,0,0.01,616.983,3.422,0.27,1.7,,0.269,16,280,24.117,86.48,2.053,26.344,,,,,0
2026-10-07T06:00Z,2026-10-07T12:00Z,3510964,6,3.8,5.1,,,,h,5.1,,,,0,0.017,303.508,3.885,0.24,1.7,,0.269,19,280,22.05,91.427,1.821,21.842,,,,,0
2026-10-07T06:00Z,2026-10-07T18:00Z,3510964,12,5.7,7.2,,,,h,7.2,,,,0,0.007,156.208,3.463,0.19,1.7,,0.269,1,280,21.217,91.761,1.657,14.338,,,,,0
2026-10-07T06:00Z,2026-10-08T06:00Z,3510964,24,2,2.5,,,,h,2.5,,,,0,0.004,632.608,3.386,0.69,1.7,,0.269,13,281,24.256,88.352,2.084,12.014,,,,,0
2026-10-07T06:00Z,2026-10-09T06:00Z,3510964,48,2.8,3.2,,,,h,3.2,,,,0,0.001,698.169,1.118,0.97,1.7,,0.269,13,282,26.921,73.384,0.729,358.839,,,,,0
2026-10-07T06:00Z,2026-10-07T07:00Z,3510965,1,4,3.7,,,,h,3.7,,,,0,0,1434.846,3.703,0,4,,-0.068,14,280,27.918,52.854,2.774,20.911,,,,,0
2026-10-07T06:00Z,2026-10-07T09:00Z,3510965,3,4.1,3.8,,,,h,3.8,,,,0,0,686.811,4.315,0,4,,-0.068,16,280,27.267,55.743,2.969,6.252,,,,,0
2026-10-07T06:00Z,2026-10-07T12:00Z,3510965,6,5.5,5.1,,,,h,5.1,,,,0,0,26.418,1.739,0,4,,-0.068,19,280,23.562,74.361,0.261,16.37,,,,,0
2026-10-07T06:00Z,2026-10-07T18:00Z,3510965,12,9.1,8.6,,,,h,8.6,,,,0,0,20,0.942,0,4,,-0.068,1,280,20.609,86.89,0.227,5.455,,,,,0
2026-10-07T06:00Z,2026-10-08T06:00Z,3510965,24,4.9,4.7,,,,h,4.7,,,,0,0,1154.793,2.18,0,4,,-0.068,13,281,28.403,53.034,1.659,29.76,,,,,0
2026-10-07T06:00Z,2026-10-09T06:00Z,3510965,48,15.7,15.3,,,,h,15.3,,,,0,0.001,1065.816,2.934,0,4,,-0.068,13,282,29.002,51.122,2.196,23.71,,,,,0
2026-10-07T06:00Z,2026-10-07T07:00Z,3511463,1,3.4,6.2,,,,h,6.2,,,,0,0,1546.564,2.428,0,6.9,,0.516,14,280,26.29,51.522,1.821,44.751,,,,,0
2026-10-07T06:00Z,2026-10-07T09:00Z,3511463,3,3.4,6.1,,,,h,6.1,,,,0,0,773.974,3.091,0,6.9,,0.516,16,280,25.239,56.603,2.177,51.557,,,,,0
2026-10-07T06:00Z,2026-10-07T12:00Z,3511463,6,4.4,7.4,,,,h,7.4,,,,0,0,35.285,2.977,0,6.9,,0.516,19,280,20.862,77.067,1.126,80.226,,,,,0
2026-10-07T06:00Z,2026-10-07T18:00Z,3511463,12,6,9.4,,,,h,9.4,,,,0,0,25.69,1.992,0,6.9,,0.516,1,280,18.657,78.788,0.787,101.733,,,,,0
2026-10-07T06:00Z,2026-10-08T06:00Z,3511463,24,5.5,7.8,,,,h,7.8,,,,0,0,1398.815,1.362,0,6.9,,0.516,13,281,27.006,50.374,1.021,55.675,,,,,0
2026-10-07T06:00Z,2026-10-09T06:00Z,3511463,48,15.4,18.7,,,,h,18.7,,,,0,0.001,1271.185,2.547,0,6.9,,0.516,13,282,27.714,51.219,1.848,58.222,,,,,0
2026-10-07T06:00Z,2026-10-07T07:00Z,3513587,1,3.6,3.6,,,,h,3.6,,,,0,0,1242.596,2.471,0,,,0,14,280,25.834,54.72,1.784,45.505,,,,,0
2026-10-07T06:00Z,2026-10-07T09:00Z,3513587,3,3.6,3.6,,,,h,3.6,,,,0,0,1272.601,1.309,0,,,0,16,280,26.154,53.319,0.824,48.07,,,,,0
2026-10-07T06:00Z,2026-10-07T12:00Z,3513587,6,5.2,5.2,,,,h,5.2,,,,0,0,36.917,2.02,0,,,0,19,280,22.851,70.929,0.63,41.579,,,,,0
2026-10-07T06:00Z,2026-10-07T18:00Z,3513587,12,7.2,7.2,,,,h,7.2,,,,0,0,93.039,2.134,0,,,0,1,280,19.968,76.026,0.776,52.378,,,,,0
2026-10-07T06:00Z,2026-10-08T06:00Z,3513587,24,4.6,4.6,,,,h,4.6,,,,0,0,984.31,1.849,0,,,0,13,281,26.352,55.967,1.432,61.87,,,,,0
2026-10-07T06:00Z,2026-10-09T06:00Z,3513587,48,14.2,14.2,,,,h,14.2,,,,0,0.001,1009.699,2.184,0,,,0,13,282,27.149,53.972,1.626,50.032,,,,,0
2026-10-07T06:00Z,2026-10-07T07:00Z,3524548,1,4.8,6.2,,,,h,6.2,,,,0,0,1558.094,2.759,0,7.3,,0.228,14,280,25.428,50.592,2.029,53.302,,,,,0
2026-10-07T06:00Z,2026-10-07T09:00Z,3524548,3,4.7,6,,,,h,6,,,,0,0,710.869,3.462,0,7.3,,0.228,16,280,24.211,56.152,2.318,62.479,,,,,0
2026-10-07T06:00Z,2026-10-07T12:00Z,3524548,6,6.4,8,,,,h,8,,,,0,0,44.932,3.904,0,7.3,,0.228,19,280,19.636,76.266,1.606,86.376,,,,,0
2026-10-07T06:00Z,2026-10-07T18:00Z,3524548,12,9.7,11.7,,,,h,11.7,,,,0,0,28.822,2.657,0,7.3,,0.228,1,280,18.292,74.478,1.142,98.128,,,,,0
2026-10-07T06:00Z,2026-10-08T06:00Z,3524548,24,5.6,6.6,,,,h,6.6,,,,0,0,1450.905,1.651,0,7.3,,0.228,13,281,26.405,49.534,1.228,70.56,,,,,0
2026-10-07T06:00Z,2026-10-09T06:00Z,3524548,48,11.1,12.1,,,,h,12.1,,,,0,0.001,1241.899,3.028,0.004,7.3,,0.228,13,282,27.053,48.435,2.209,69.941,,,,,0
2026-10-07T06:00Z,2026-10-07T07:00Z,3524550,1,9.4,22.3,,,,h,22.3,,,,0,0.003,1164.043,4.506,0,19,,0.841,14,280,27.716,48.997,3.204,42.391,,,,,0
2026-10-07T06:00Z,2026-10-07T09:00Z,3524550,3,12.8,28.9,,,,h,28.9,,,,0,0.004,971.739,4.4,0,19,,0.841,16,280,26.316,57.052,2.842,50.172,,,,,0
2026-10-07T06:00Z,2026-10-07T12:00Z,3524550,6,17.6,37.5,,,,h,37.5,,,,0,0.009,193.026,3.556,0,19,,0.841,19,280,22.775,70.337,1.707,12.194,,,,,0
2026-10-07T06:00Z,2026-10-07T18:00Z,3524550,12,23.2,45,,,,h,45,,,,0,0.011,114.306,3.708,0,19,,0.841,1,280,19.845,83.319,2.122,330.585,,,,,0
2026-10-07T06:00Z,2026-10-08T06:00Z,3524550,24,15.8,26.7,,,,h,26.7,,,,0,0.013,1277.677,3.413,0,19,,0.841,13,281,28.331,56.303,2.464,44.58,,,,,0
2026-10-07T06:00Z,2026-10-09T06:00Z,3524550,48,12.2,16.9,,,,h,16.9,,,,0,0.007,1067.912,6.659,0.007,19,,0.841,13,282,25.918,69.013,4.434,34.754,,,,,0
2026-10-07T06:00Z,2026-10-07T07:00Z,3524551,1,15.1,8.8,,,,h,8.8,,,,0,0.001,1089.505,4.402,0.098,7.3,,-0.521,14,280,28.155,57.267,3.141,21.346,,,,,0
2026-10-07T06:00Z,2026-10-07T09:00Z,3524551,3,18,10.8,,,,h,10.8,,,,0,0.002,828.64,5.902,0.091,7.3,,-0.521,16,280,26.505,64.867,3.893,42.256,,,,,0
2026-10-07T06:00Z,2026-10-07T12:00Z,3524551,6,22.2,13.8,,,,h,13.8,,,,0,0.005,440.105,5.52,0,7.3,,-0.521,19,280,22.812,71.586,2.762,39.792,,,,,0
2026-10-07T06:00Z,2026-10-07T18:00Z,3524551,12,22,14.5,,,,h,14.5,,,,0,0.009,204.413,4.126,0,7.3,,-0.521,1,280,20.675,77.79,1.983,13.713,,,,,0
2026-10-07T06:00Z,2026-10-08T06:00Z,3524551,24,15.3,11,,,,h,11,,,,0,0.01,1120.311,3.791,0.06,7.3,,-0.521,13,281,28.333,60.844,2.757,18.485,,,,,0
2026-10-07T06:00Z,2026-10-09T06:00Z,3524551,48,7.6,6.1,,,,h,6.1,,,,0,0.002,678.807,6.026,0.589,7.3,,-0.521,13,282,24.83,81.354,4.041,3.078,,,,,0
2026-10-07T06:00Z,2026-10-07T07:00Z,3524552,1,10.6,4.8,,,,h,4.8,,,,0,0,1013.486,3.535,0.032,5.8,,-0.714,14,280,28.346,55.253,2.498,23.864,,,,,0
2026-10-07T06:00Z,2026-10-07T09:00Z,3524552,3,9.8,4.6,,,,h,4.6,,,,0,0,646.681,4.331,0.032,5.8,,-0.714,16,280,27.253,59.277,2.957,34.669,,,,,0
2026-10-07T06:00Z,2026-10-07T12:00Z,3524552,6,12.6,6.3,,,,h,6.3,,,,0,0.001,308.181,4.556,0,5.8,,-0.714,19,280,23.611,70.858,2.13,27.481,,,,,0
2026-10-07T06:00Z,2026-10-07T18:00Z,3524552,12,20.3,11.4,,,,h,11.4,,,,0,0.002,136.907,3.031,0,5.8,,-0.714,1,280,20.928,78.511,1.485,6.672,,,,,0
2026-10-07T06:00Z,2026-10-08T06:00Z,3524552,24,15.8,10,,,,h,10,,,,0,0.004,1223.069,2.755,0.016,5.8,,-0.714,13,281,29.076,54.901,2.019,19.766,,,,,0
2026-10-07T06:00Z,2026-10-09T06:00Z,3524552,48,15,11.4,,,,h,11.4,,,,0,0.002,815.731,5.072,0.097,5.8,,-0.714,13,282,26.408,70.164,3.362,18.959,,,,,0
2026-10-07T06:00Z,2026-10-07T07:00Z,3524553,1,5.2,3,,,,h,3,,,,0,0.002,589.768,3.142,0.451,1.4,,-0.467,14,280,26.228,81.395,2.05,27.804,,,,,0
2026-10-07T06:00Z,2026-10-07T09:00Z,3524553,3,6,3.6,,,,h,3.6,,,,0,0.006,580.248,3.503,0.321,1.4,,-0.467,16,280,25.392,85.108,2.069,30.815,,,,,0
2026-10-07T06:00Z,2026-10-07T12:00Z,3524553,6,8,5,,,,h,5,,,,0,0.013,350.501,3.563,0.203,1.4,,-0.467,19,280,23.273,91.565,1.746,20.067,,,,,0
2026-10-07T06:00Z,2026-10-07T18:00Z,3524553,12,9.3,6.2,,,,h,6.2,,,,0,0.008,194.421,2.839,0.188,1.4,,-0.467,1,280,21.971,93.156,1.34,13.79,,,,,0
2026-10-07T06:00Z,2026-10-08T06:00Z,3524553,24,2.3,1.5,,,,h,1.5,,,,0,0.005,591.958,3.201,0.809,1.4,,-0.467,13,281,24.912,88.748,1.96,2.991,,,,,0
2026-10-07T06:00Z,2026-10-09T06:00Z,3524553,48,1.8,1.4,,,,h,1.4,,,,0,0.002,527.927,2.44,1.699,1.4,,-0.467,13,282,26.136,82.669,1.711,354.746,,,,,0
2026-10-07T06:00Z,2026-10-07T07:00Z,3527752,1,6.3,3.2,,,,h,3.2,,,,0,0.001,988.675,4.777,0.024,4.7,,-0.584,14,280,27.674,67.277,3.476,70.043,,,,,0
2026-10-07T06:00Z,2026-10-07T09:00Z,3527752,3,6.7,3.5,,,,h,3.5,,,,0,0,867.224,4.391,0.124,4.7,,-0.584,16,280,27.873,67.28,3.128,67.711,,,,,0
2026-10-07T06:00Z,2026-10-07T12:00Z,3527752,6,8.2,4.6,,,,h,4.6,,,,0,0,158.335,3.848,0,4.7,,-0.584,19,280,24.721,82.568,1.322,78.199,,,,,0
2026-10-07T06:00Z,2026-10-07T18:00Z,3527752,12,10.2,6.2,,,,h,6.2,,,,0,0.002,37.56,2.488,0,4.7,,-0.584,1,280,22.726,89.52,0.86,100.032,,,,,0
2026-10-07T06:00Z,2026-10-08T06:00Z,3527752,24,11.2,7.6,,,,h,7.6,,,,0,0.005,1001.023,4.209,0.176,4.7,,-0.584,13,281,28.92,62.287,3.181,58.087,,,,,0
2026-10-07T06:00Z,2026-10-09T06:00Z,3527752,48,11.1,8.8,,,,h,8.8,,,,0,0.002,934.843,3.201,0.986,4.7,,-0.584,13,282,27.878,75.871,2.352,49.136,,,,,0
2026-10-07T06:00Z,2026-10-07T07:00Z,3539280,1,6.5,37.9,,,,h,37.9,,,,0,0,1020.293,0.738,0,74.2,,1.715,14,280,27.088,61.795,0.553,68.298,,,,,0
2026-10-07T06:00Z,2026-10-07T09:00Z,3539280,3,5.4,30,,,,h,30,,,,0,0.001,620.232,0.571,1.7,74.2,,1.715,16,280,24.987,75.414,0.608,49.635,,,,,0
2026-10-07T06:00Z,2026-10-07T12:00Z,3539280,6,5.9,29.4,,,,h,29.4,,,,0,0.001,15.771,0.879,0,74.2,,1.715,19,280,22.742,89.175,0.272,45.873,,,,,0
2026-10-07T06:00Z,2026-10-07T18:00Z,3539280,12,8.3,33.4,,,,h,33.4,,,,0,0.002,114.179,2.986,0,74.2,,1.715,1,280,20.18,81.055,1.88,66.421,,,,,0
2026-10-07T06:00Z,2026-10-08T06:00Z,3539280,24,9.6,28.4,,,,h,28.4,,,,0,0.003,1449.222,1.035,0,74.2,,1.715,13,281,28.367,51.063,0.816,357.839,,,,,0
2026-10-07T06:00Z,2026-10-09T06:00Z,3539280,48,14.3,27.4,,,,h,27.4,,,,0,0.001,1121.149,0.505,0.221,74.2,,1.715,13,282,28.889,54.933,0.415,196.354,,,,,0
2026-10-07T06:00Z,2026-10-07T07:00Z,3539838,1,9.6,6.4,,,,h,6.4,,,,0,0.01,926.934,0.597,0.039,5.6,,-0.373,14,280,28.252,64.945,0.476,283.298,,,,,0
2026-10-07T06:00Z,2026-10-07T09:00Z,3539838,3,9.5,6.5,,,,h,6.5,,,,0,0.008,894.746,0.375,0.002,5.6,,-0.373,16,280,28.277,65.235,0.278,187.969,,,,,0
2026-10-07T06:00Z,2026-10-07T12:00Z,3539838,6,9.6,6.7,,,,h,6.7,,,,0,0.006,34.186,1.495,0.007,5.6,,-0.373,19,280,24.847,90.26,0.203,162.16,,,,,0
2026-10-07T06:00Z,2026-10-07T18:00Z,3539838,12,11.3,8.3,,,,h,8.3,,,,0,0.004,29.682,1.37,0,5.6,,-0.373,1,280,22.32,97.153,0.875,335.892,,,,,0
2026-10-07T06:00Z,2026-10-08T06:00Z,3539838,24,7.4,5.7,,,,h,5.7,,,,0,0.002,988.56,0.424,0.515,5.6,,-0.373,13,281,29.404,60.931,0.353,115.317,,,,,0
2026-10-07T06:00Z,2026-10-09T06:00Z,3539838,48,9.8,8.4,,,,h,8.4,,,,0,0.001,1143.815,0.309,0.008,5.6,,-0.373,13,282,30.021,60.129,0.164,23.117,,,,,0
2026-10-07T06:00Z,2026-10-07T07:00Z,3553302,1,3.8,9.8,,,,h,9.8,,,,0,0,1476.518,1.189,0.001,9.5,,0.841,14,280,26.501,48.599,0.882,58.884,,,,,0
2026-10-07T06:00Z,2026-10-07T09:00Z,3553302,3,4.5,10.9,,,,h,10.9,,,,0,0,1293.804,1.617,0.001,9.5,,0.841,16,280,26.06,51.999,1.168,116.894,,,,,0
2026-10-07T06:00Z,2026-10-07T12:00Z,3553302,6,6.7,14.9,,,,h,14.9,,,,0,0,23.896,0.527,0,9.5,,0.841,19,280,21.111,79.711,0.123,194.87,,,,,0
2026-10-07T06:00Z,2026-10-07T18:00Z,3553302,12,10.4,20.7,,,,h,20.7,,,,0,0,31.563,1.07,0,9.5,,0.841,1,280,18.539,78.876,0.414,0.439,,,,,0
2026-10-07T06:00Z,2026-10-08T06:00Z,3553302,24,4.9,8.7,,,,h,8.7,,,,0,0,1093.84,0.597,0,9.5,,0.841,13,281,26.785,52.39,0.527,168.387,,,,,0
2026-10-07T06:00Z,2026-10-09T06:00Z,3553302,48,8.6,12,,,,h,12,,,,0,0,1483.265,1.392,0,9.5,,0.841,13,282,28.325,51.334,1.152,142.935,,,,,0
2026-10-07T06:00Z,2026-10-07T07:00Z,3553304,1,4.8,1.8,,,,h,1.8,,,,0,0.001,1022.33,2.255,0,1.2,,-0.744,14,280,27.592,59.441,1.638,47.154,,,,,0
2026-10-07T06:00Z,2026-10-07T09:00Z,3553304,3,4.4,1.7,,,,h,1.7,,,,0,0.001,921.81,2.501,0.004,1.2,,-0.744,16,280,27.359,60.855,1.695,20.318,,,,,0
2026-10-07T06:00Z,2026-10-07T12:00Z,3553304,6,5.1,2.2,,,,h,2.2,,,,0,0.002,20.983,1.738,0,1.2,,-0.744,19,280,23.942,74.216,0.151,21.814,,,,,0
2026-10-07T06:00Z,2026-10-07T18:00Z,3553304,12,7.3,3.7,,,,h,3.7,,,,0,0.002,10.497,0.476,0,1.2,,-0.744,1,280,20.122,93.744,0.208,162.68,,,,,0
2026-10-07T06:00Z,2026-10-08T06:00Z,3553304,24,4.9,2.8,,,,h,2.8,,,,0,0.001,985.813,2.663,0,1.2,,-0.744,13,281,28.349,57.016,1.876,18.258,,,,,0
2026-10-07T06:00Z,2026-10-09T06:00Z,3553304,48,12.7,9.5,,,,h,9.5,,,,0,0,933.851,3.25,0.004,1.2,,-0.744,13,282,28.693,57.446,2.295,18.362,,,,,0
2026-10-07T06:00Z,2026-10-07T07:00Z,3553305,1,5.2,0.4,,,,h,0.4,,,,0,0,904.899,1.037,0,0.6,,-1.532,14,280,24.961,66.982,0.896,253.614,,,,,0
2026-10-07T06:00Z,2026-10-07T09:00Z,3553305,3,5.8,0.7,,,,h,0.7,,,,0,0.001,346.97,1.064,2.54,0.6,,-1.532,16,280,21.955,87.229,0.568,243.416,,,,,0
2026-10-07T06:00Z,2026-10-07T12:00Z,3553305,6,6.1,0.9,,,,h,0.9,,,,0,0.002,22.279,0.856,0,0.6,,-1.532,19,280,19.94,96.56,0.431,36.923,,,,,0
2026-10-07T06:00Z,2026-10-07T18:00Z,3553305,12,6.4,1.3,,,,h,1.3,,,,0,0.003,38.119,1.015,0,0.6,,-1.532,1,280,17.591,91.235,1.051,31.994,,,,,0
2026-10-07T06:00Z,2026-10-08T06:00Z,3553305,24,6.3,1.9,,,,h,1.9,,,,0,0.003,1472.853,1.424,0,0.6,,-1.532,13,281,26.759,48.768,1.109,319.349,,,,,0
2026-10-07T06:00Z,2026-10-09T06:00Z,3553305,48,13.9,7.6,,,,h,7.6,,,,0,0.002,998.534,0.931,0.387,0.6,,-1.532,13,282,27.019,55.667,0.807,224.373,,,,,0
2026-10-07T06:00Z,2026-10-07T07:00Z,3560430,1,9.9,8.4,,,,h,8.4,,,,0,0.006,982.866,0.404,0.152,7.5,,-0.154,14,280,29.278,60.78,0.338,202.234,,,,,0
2026-10-07T06:00Z,2026-10-07T09:00Z,3560430,3,8.7,7.4,,,,h,7.4,,,,0,0.005,823.48,0.893,0.211,7.5,,-0.154,16,280,28.814,63.718,0.751,103.268,,,,,0
2026-10-07T06:00Z,2026-10-07T12:00Z,3560430,6,10.8,9.3,,,,h,9.3,,,,0,0.003,44.663,2.166,0,7.5,,-0.154,19,280,25.24,89.182,0.818,104.469,,,,,0
2026-10-07T06:00Z,2026-10-07T18:00Z,3560430,12,15.7,13.9,,,,h,13.9,,,,0,0.002,27.644,1.147,0,7.5,,-0.154,1,280,23.739,93.35,0.437,37.697,,,,,0
2026-10-07T06:00Z,2026-10-08T06:00Z,3560430,24,11.2,10.1,,,,h,10.1,,,,0,0.002,1049.931,1.068,0,7.5,,-0.154,13,281,29.676,56.39,0.896,175.158,,,,,0
2026-10-07T06:00Z,2026-10-09T06:00Z,3560430,48,12.7,12,,,,h,12,,,,0,0.001,1129.392,0.518,0,7.5,,-0.154,13,282,30.569,60.583,0.413,43.808,,,,,0
2026-10-07T06:00Z,2026-10-07T07:00Z,3560431,1,6.4,4.7,,,,h,4.7,,,,0,0.002,1066.348,3.106,0.037,4.9,,-0.279,14,280,28.008,63.058,2.331,119.23,,,,,0
2026-10-07T06:00Z,2026-10-07T09:00Z,3560431,3,6.7,5,,,,h,5,,,,0,0.002,1063.539,2.538,0,4.9,,-0.279,16,280,27.923,63.223,1.836,117.036,,,,,0
2026-10-07T06:00Z,2026-10-07T12:00Z,3560431,6,8.7,6.6,,,,h,6.6,,,,0,0.001,112.189,2.533,0,4.9,,-0.279,19,280,24.901,79.071,0.913,155.511,,,,,0
2026-10-07T06:00Z,2026-10-07T18:00Z,3560431,12,11.3,8.9,,,,h,8.9,,,,0,0.001,36.822,0.671,0,4.9,,-0.279,1,280,22.848,85.705,0.422,215.914,,,,,0
2026-10-07T06:00Z,2026-10-08T06:00Z,3560431,24,11.2,9.3,,,,h,9.3,,,,0,0.001,949.333,1.929,0.076,4.9,,-0.279,13,281,28.62,63.233,1.526,102.363,,,,,0
2026-10-07T06:00Z,2026-10-09T06:00Z,3560431,48,15.4,13.8,,,,h,13.8,,,,0,0,1017.457,1.694,0.08,4.9,,-0.279,13,282,29.444,62.283,1.339,70.717,,,,,0
2026-10-07T06:00Z,2026-10-07T07:00Z,3560513,1,2.6,8.1,,,,h,8.1,,,,0,0.001,1120.795,0.383,0,5.9,,0.97,14,280,24.526,62.036,0.299,1.653,,,,,0
2026-10-07T06:00Z,2026-10-07T09:00Z,3560513,3,2.9,8.5,,,,h,8.5,,,,0,0.003,519.413,0.334,1.284,5.9,,0.97,16,280,22.471,74.723,0.373,10.853,,,,,0
2026-10-07T06:00Z,2026-10-07T12:00Z,3560513,6,4.1,10.8,,,,h,10.8,,,,0,0.004,27.429,1.447,0,5.9,,0.97,19,280,19.319,89.443,0.65,67.585,,,,,0
2026-10-07T06:00Z,2026-10-07T18:00Z,3560513,12,5.4,12.4,,,,h,12.4,,,,0,0.005,20,0.707,0,5.9,,0.97,1,280,16.481,89.014,0.713,43.808,,,,,0
2026-10-07T06:00Z,2026-10-08T06:00Z,3560513,24,7.1,13.4,,,,h,13.4,,,,0,0.003,1420.913,0.71,0,5.9,,0.97,13,281,25.854,51.651,0.586,334.774,,,,,0
2026-10-07T06:00Z,2026-10-09T06:00Z,3560513,48,12.9,18.7,,,,h,18.7,,,,0,0.002,989.593,0.472,0.337,5.9,,0.97,13,282,25.948,60.499,0.235,64.816,,,,,0
2026-10-07T06:00Z,2026-10-07T07:00Z,3560514,1,4.2,3.5,,,,h,3.5,,,,0,0.002,1084.744,0.669,0,2.7,,-0.143,14,280,24.121,62.213,0.561,123.167,,,,,0
2026-10-07T06:00Z,2026-10-07T09:00Z,3560514,3,4.3,3.6,,,,h,3.6,,,,0,0.003,602.289,0.307,0.722,2.7,,-0.143,16,280,22.64,70.616,0.257,49.891,,,,,0
2026-10-07T06:00Z,2026-10-07T12:00Z,3560514,6,6.2,5.4,,,,h,5.4,,,,0,0.005,57.372,1.59,0,2.7,,-0.143,19,280,19.367,86.37,0.72,58.765,,,,,0
2026-10-07T06:00Z,2026-10-07T18:00Z,3560514,12,7.5,6.6,,,,h,6.6,,,,0,0.007,36.582,1.287,0,2.7,,-0.143,1,280,16.467,83.937,0.726,27.062,,,,,0
2026-10-07T06:00Z,2026-10-08T06:00Z,3560514,24,12.5,11.4,,,,h,11.4,,,,0,0.005,1403.53,0.33,0,2.7,,-0.143,13,281,25.442,54.409,0.297,184.77,,,,,0
2026-10-07T06:00Z,2026-10-09T06:00Z,3560514,48,16.4,15.5,,,,h,15.5,,,,0,0.003,799.419,0.566,0.453,2.7,,-0.143,13,282,25.197,63.766,0.512,126.219,,,,,0
2026-10-07T06:00Z,2026-10-07T07:00Z,3561013,1,4.3,2.6,,,,h,2.6,,,,0,0,1108.686,1.198,0,3.1,,-0.41,14,280,26.743,58.612,0.95,91.964,,,,,0
2026-10-07T06:00Z,2026-10-07T09:00Z,3561013,3,4.2,2.6,,,,h,2.6,,,,0,0.001,579.21,1.098,0.389,3.1,,-0.41,16,280,25.854,62.657,0.86,55.756,,,,,0
2026-10-07T06:00Z,2026-10-07T12:00Z,3561013,6,7.6,5,,,,h,5,,,,0,0.002,89.458,2.534,0,3.1,,-0.41,19,280,22.593,80.018,1.047,64.593,,,,,0
2026-10-07T06:00Z,2026-10-07T18:00Z,3561013,12,11.9,8.4,,,,h,8.4,,,,0,0.004,58.924,1.628,0,3.1,,-0.41,1,280,19.488,79.208,0.801,51.951,,,,,0
2026-10-07T06:00Z,2026-10-08T06:00Z,3561013,24,14.7,11.3,,,,h,11.3,,,,0,0.004,1370.203,0.489,0,3.1,,-0.41,13,281,27.704,54.194,0.369,97.233,,,,,0
2026-10-07T06:00Z,2026-10-09T06:00Z,3561013,48,18.3,15.6,,,,h,15.6,,,,0,0.002,849.338,0.785,0.245,3.1,,-0.41,13,282,27.558,61.155,0.692,133.814,,,,,0
2026-10-07T06:00Z,2026-10-07T07:00Z,3562555,1,3.8,0.5,,,,h,0.5,,,,0,0,1126.203,4.134,0.002,0.3,,-1.188,14,280,26.792,57.12,2.981,28.954,,,,,0
2026-10-07T06:00Z,2026-10-07T09:00Z,3562555,3,4,0.7,,,,h,0.7,,,,0,0,819.135,4.133,0.002,0.3,,-1.188,16,280,25.94,61.124,2.84,29.443,,,,,0
2026-10-07T06:00Z,2026-10-07T12:00Z,3562555,6,5.4,1.3,,,,h,1.3,,,,0,0.001,35.265,2.478,0,0.3,,-1.188,19,280,21.823,80.185,0.647,43.61,,,,,0
2026-10-07T06:00Z,2026-10-07T18:00Z,3562555,12,9.2,3.1,,,,h,3.1,,,,0,0.001,14.618,0.139,0,0.3,,-1.188,1,280,20.249,81.841,0.089,41.112,,,,,0
2026-10-07T06:00Z,2026-10-08T06:00Z,3562555,24,4.8,1.9,,,,h,1.9,,,,0,0.001,1282.568,3.201,0.001,0.3,,-1.188,13,281,27.543,56.933,2.334,35.413,,,,,0
2026-10-07T06:00Z,2026-10-09T06:00Z,3562555,48,15.5,9.8,,,,h,9.8,,,,0,0,1133.135,4,0,0.3,,-1.188,13,282,28.045,57.052,2.827,32.412,,,,,0
2026-10-07T06:00Z,2026-10-07T07:00Z,3562556,1,3.6,4.6,,,,h,4.6,,,,0,0.001,1248.552,2.996,0,4,,0.21,14,280,25.001,50.079,2.091,65.085,,,,,0
2026-10-07T06:00Z,2026-10-07T09:00Z,3562556,3,4.4,5.5,,,,h,5.5,,,,0,0.002,703.951,2.847,0,4,,0.21,16,280,23.935,54.49,1.897,69.221,,,,,0
2026-10-07T06:00Z,2026-10-07T12:00Z,3562556,6,7.6,9.3,,,,h,9.3,,,,0,0.003,45.047,2.621,0,4,,0.21,19,280,19.388,76.894,1.101,81.929,,,,,0
2026-10-07T06:00Z,2026-10-07T18:00Z,3562556,12,13.7,16.2,,,,h,16.2,,,,0,0.003,16.843,0.791,0,4,,0.21,1,280,16.359,84.118,0.587,78.263,,,,,0
2026-10-07T06:00Z,2026-10-08T06:00Z,3562556,24,12.4,14.2,,,,h,14.2,,,,0,0.005,1293.077,1.816,0,4,,0.21,13,281,25.563,54.019,1.284,76.975,,,,,0
2026-10-07T06:00Z,2026-10-09T06:00Z,3562556,48,25.2,27.3,,,,h,27.3,,,,0,0.004,1119.474,4.149,0,4,,0.21,13,282,25.416,62.273,2.988,71.89,,,,,0
2026-10-07T06:00Z,2026-10-07T07:00Z,3562557,1,2.6,4.3,,,,h,4.3,,,,0,0.001,1077.654,0.795,0,1.3,,0.405,14,280,25.227,63.832,0.712,292.33,,,,,0
2026-10-07T06:00Z,2026-10-07T09:00Z,3562557,3,2.9,4.7,,,,h,4.7,,,,0,0.001,421.595,0.538,1.883,1.3,,0.405,16,280,22.737,79.947,0.412,285.846,,,,,0
2026-10-07T06:00Z,2026-10-07T12:00Z,3562557,6,4.1,6.2,,,,h,6.2,,,,0,0.002,22.667,1.314,0,1.3,,0.405,19,280,20.12,92.243,0.572,64.046,,,,,0
2026-10-07T06:00Z,2026-10-07T18:00Z,3562557,12,5.4,7.7,,,,h,7.7,,,,0,0.003,20,0.524,0,1.3,,0.405,1,280,17.514,90.442,0.747,54.004,,,,,0
2026-10-07T06:00Z,2026-10-08T06:00Z,3562557,24,7.1,9.3,,,,h,9.3,,,,0,0.003,1430.335,1.33,0,1.3,,0.405,13,281,26.66,49.604,1.074,325.495,,,,,0
2026-10-07T06:00Z,2026-10-09T06:00Z,3562557,48,12.9,15.1,,,,h,15.1,,,,0,0.002,1057.116,0.269,0.308,1.3,,0.405,13,282,26.995,57.284,0.34,267.893,,,,,0
2026-10-07T06:00Z,2026-10-07T07:00Z,3567158,1,4.4,3.1,,,,h,3.1,,,,0,0,1396.066,2.929,0,1.5,,-0.297,14,280,27.109,52.774,2.135,60.114,,,,,0
2026-10-07T06:00Z,2026-10-07T09:00Z,3567158,3,4.2,3,,,,h,3,,,,0,0,977.097,3.504,0,1.5,,-0.297,16,280,26.55,52.944,2.454,83.014,,,,,0
2026-10-07T06:00Z,2026-10-07T12:00Z,3567158,6,5.2,3.8,,,,h,3.8,,,,0,0,39.564,2.82,0,1.5,,-0.297,19,280,22.682,72.539,0.895,79.775,,,,,0
2026-10-07T06:00Z,2026-10-07T18:00Z,3567158,12,7.8,6,,,,h,6,,,,0,0,22.089,0.695,0,1.5,,-0.297,1,280,19.692,82.2,0.279,145.149,,,,,0
2026-10-07T06:00Z,2026-10-08T06:00Z,3567158,24,4.6,3.7,,,,h,3.7,,,,0,0,1416.156,1.343,0,1.5,,-0.297,13,281,27.662,51.909,0.974,60.978,,,,,0
2026-10-07T06:00Z,2026-10-09T06:00Z,3567158,48,8.8,7.8,,,,h,7.8,,,,0,0,1382.898,2.215,0.046,1.5,,-0.297,13,282,28.63,50.159,1.646,55.842,,,,,0
2026-10-07T06:00Z,2026-10-07T07:00Z,3567159,1,8.9,7.7,,,,h,7.7,,,,0,0.005,887.921,0.372,0.188,6.2,,-0.137,14,280,29.156,63.479,0.349,195.69,,,,,0
2026-10-07T06:00Z,2026-10-07T09:00Z,3567159,3,9.4,8.2,,,,h,8.2,,,,0,0.005,554.444,2.205,0.747,6.2,,-0.137,16,280,27.747,74.793,1.771,95.663,,,,,0
2026-10-07T06:00Z,2026-10-07T12:00Z,3567159,6,8.5,7.4,,,,h,7.4,,,,0,0.004,85.268,2.051,0.028,6.2,,-0.137,19,280,24.816,89.964,0.311,108.769,,,,,0
2026-10-07T06:00Z,2026-10-07T18:00Z,3567159,12,11.1,9.9,,,,h,9.9,,,,0,0.002,31.639,1.154,0,6.2,,-0.137,1,280,23.333,92.988,0.675,348.542,,,,,0
2026-10-07T06:00Z,2026-10-08T06:00Z,3567159,24,7.5,6.8,,,,h,6.8,,,,0,0.002,1119.261,1.103,0.024,6.2,,-0.137,13,281,30.004,56.764,0.872,176.974,,,,,0
2026-10-07T06:00Z,2026-10-09T06:00Z,3567159,48,9.8,9.3,,,,h,9.3,,,,0,0.001,1090.28,0.402,0,6.2,,-0.137,13,282,30.676,60.485,0.368,96.757,,,,,0
2026-10-07T06:00Z,2026-10-07T07:00Z,3567160,1,12.9,13.7,,,,h,13.7,,,,0,0.002,1232.153,5.767,0.161,13.2,,0.06,14,280,29.603,59.042,4.218,49.072,,,,,0
2026-10-07T06:00Z,2026-10-07T09:00Z,3567160,3,12.9,13.7,,,,h,13.7,,,,0,0.004,1119.331,6.965,0.161,13.2,,0.06,16,280,28.546,65.097,4.594,49.623,,,,,0
2026-10-07T06:00Z,2026-10-07T12:00Z,3567160,6,13.4,14.2,,,,h,14.2,,,,0,0.013,514.28,6.124,0,13.2,,0.06,19,280,25.391,74.86,3.149,62.959,,,,,0
2026-10-07T06:00Z,2026-10-07T18:00Z,3567160,12,16.8,17.6,,,,h,17.6,,,,0,0.022,441.107,5.867,0.03,13.2,,0.06,1,280,23.056,79.129,3.009,45.556,,,,,0
2026-10-07T06:00Z,2026-10-08T06:00Z,3567160,24,7.9,8.2,,,,h,8.2,,,,0,0.006,1077.225,6.324,0.049,13.2,,0.06,13,281,28.721,67.884,4.644,44.38,,,,,0
2026-10-07T06:00Z,2026-10-09T06:00Z,3567160,48,2.4,2.5,,,,h,2.5,,,,0,0.005,581.659,4.791,0.685,13.2,,0.06,13,282,25.509,86.989,3.52,7.988,,,,,0
2026-10-07T06:00Z,2026-10-07T07:00Z,3567161,1,5.2,10.5,,,,h,10.5,,,,0,0.005,736.193,4.687,0.291,7.2,,0.645,14,280,25.549,78.858,3.067,29.338,,,,,0
2026-10-07T06:00Z,2026-10-07T09:00Z,3567161,3,6,11.7,,,,h,11.7,,,,0,0.011,722.687,4.91,0.203,7.2,,0.645,16,280,24.849,81.812,2.968,33.613,,,,,0
2026-10-07T06:00Z,2026-10-07T12:00Z,3567161,6,8,14.7,,,,h,14.7,,,,0,0.017,497.448,4.68,0.273,7.2,,0.645,19,280,22.607,89.793,2.441,28.931,,,,,0
2026-10-07T06:00Z,2026-10-07T18:00Z,3567161,12,9.3,15.8,,,,h,15.8,,,,0,0.01,251.55,3.539,0.278,7.2,,0.645,1,280,21.59,93.138,1.701,25.942,,,,,0
2026-10-07T06:00Z,2026-10-08T06:00Z,3567161,24,2.3,3.8,,,,h,3.8,,,,0,0.006,663.452,4.325,0.545,7.2,,0.645,13,281,24.629,86.663,2.758,17.796,,,,,0
2026-10-07T06:00Z,2026-10-09T06:00Z,3567161,48,1.8,2.5,,,,h,2.5,,,,0,0.002,506.883,2.732,1.099,7.2,,0.645,13,282,25.465,84.11,1.871,3.713,,,,,0
2026-10-07T06:00Z,2026-10-07T07:00Z,3572812,1,4.2,9.7,,,,h,9.7,,,,0,0,1411.689,1.275,0.005,10.4,,0.748,14,280,24.768,54.929,0.958,125.581,,,,,0
2026-10-07T06:00Z,2026-10-07T09:00Z,3572812,3,4.3,9.5,,,,h,9.5,,,,0,0,1065.788,1.735,0,10.4,,0.748,16,280,24.176,59.083,1.272,152.166,,,,,0
2026-10-07T06:00Z,2026-10-07T12:00Z,3572812,6,5.9,12.2,,,,h,12.2,,,,0,0,24.958,2.112,0,10.4,,0.748,19,280,19.783,77.315,0.319,159.427,,,,,0
2026-10-07T06:00Z,2026-10-07T18:00Z,3572812,12,9.4,17.4,,,,h,17.4,,,,0,0,10.456,0.428,0,10.4,,0.748,1,280,17.679,77.164,0.045,95.45,,,,,0
2026-10-07T06:00Z,2026-10-08T06:00Z,3572812,24,5,8.4,,,,h,8.4,,,,0,0,1532.243,0.794,0.005,10.4,,0.748,13,281,26.736,48.954,0.627,129.631,,,,,0
2026-10-07T06:00Z,2026-10-09T06:00Z,3572812,48,9.7,13,,,,h,13,,,,0,0.001,1331.677,1.656,0,10.4,,0.748,13,282,27.316,49.498,1.263,74.557,,,,,0
2026-10-07T06:00Z,2026-10-07T07:00Z,3572813,1,3.7,7.3,,,,h,7.3,,,,0,0,1586.98,2.211,0,5.8,,0.592,14,280,23.935,49.244,1.679,84.541,,,,,0
2026-10-07T06:00Z,2026-10-07T09:00Z,3572813,3,3.8,7.3,,,,h,7.3,,,,0,0,1568.986,3.544,0,5.8,,0.592,16,280,23.365,51.84,2.409,61.149,,,,,0
2026-10-07T06:00Z,2026-10-07T12:00Z,3572813,6,5.6,10,,,,h,10,,,,0,0,30.848,2.356,0,5.8,,0.592,19,280,18.904,73.482,0.576,66.477,,,,,0
2026-10-07T06:00Z,2026-10-07T18:00Z,3572813,12,9.8,16,,,,h,16,,,,0,0,10.848,1.077,0,5.8,,0.592,1,280,15.431,85.642,0.229,79.387,,,,,0
2026-10-07T06:00Z,2026-10-08T06:00Z,3572813,24,4.7,7.1,,,,h,7.1,,,,0,0,1407.217,1.882,0,5.8,,0.592,13,281,24.458,51.303,1.45,55.655,,,,,0
2026-10-07T06:00Z,2026-10-09T06:00Z,3572813,48,11.5,14.5,,,,h,14.5,,,,0,0.001,1248.492,3.186,0,5.8,,0.592,13,282,25.165,51.072,2.389,55.676,,,,,0
2026-10-07T06:00Z,2026-10-07T07:00Z,3572814,1,1.4,0.6,,,,h,0.6,,,,0,0.017,612.682,3.527,0.806,0,,-0.448,14,280,21.731,83.736,2.23,21.074,,,,,0
2026-10-07T06:00Z,2026-10-07T09:00Z,3572814,3,2,1,,,,h,1,,,,0,0.022,588.715,4,0.901,0,,-0.448,16,280,20.776,90.066,2.355,20.928,,,,,0
2026-10-07T06:00Z,2026-10-07T12:00Z,3572814,6,3.1,1.8,,,,h,1.8,,,,0,0.017,342.225,4.487,0.87,0,,-0.448,19,280,19.244,93.729,2.146,22.087,,,,,0
2026-10-07T06:00Z,2026-10-07T18:00Z,3572814,12,2.3,1.3,,,,h,1.3,,,,0,0.004,149.42,3.587,0.645,0,,-0.448,1,280,19.019,94.101,1.746,16.177,,,,,0
2026-10-07T06:00Z,2026-10-08T06:00Z,3572814,24,0.4,0.1,,,,h,0.1,,,,0,0.002,570.8,3.826,1.185,0,,-0.448,13,281,21.636,90.913,2.386,25.561,,,,,0
2026-10-07T06:00Z,2026-10-09T06:00Z,3572814,48,0.8,0.5,,,,h,0.5,,,,0,0,680.118,1.123,0.508,0,,-0.448,13,282,24.744,72.466,0.785,59.282,,,,,0
2026-10-07T06:00Z,2026-10-07T07:00Z,3585655,1,6.9,3.2,,,,h,3.2,,,,0,0.002,590.555,1.852,0.863,2.9,,-0.655,14,280,25.856,77.909,1.39,95.507,,,,,0
2026-10-07T06:00Z,2026-10-07T09:00Z,3585655,3,7.1,3.4,,,,h,3.4,,,,0,0.002,549.501,1.144,0.209,2.9,,-0.655,16,280,26,77.595,0.783,68.557,,,,,0
2026-10-07T06:00Z,2026-10-07T12:00Z,3585655,6,7.6,3.9,,,,h,3.9,,,,0,0.002,38.14,1.709,0.012,2.9,,-0.655,19,280,23.126,92.881,0.483,111.782,,,,,0
2026-10-07T06:00Z,2026-10-07T18:00Z,3585655,12,8.8,4.9,,,,h,4.9,,,,0,0.003,15.883,1.105,0,2.9,,-0.655,1,280,21.444,93.542,0.302,128.563,,,,,0
2026-10-07T06:00Z,2026-10-08T06:00Z,3585655,24,7.1,4.5,,,,h,4.5,,,,0,0.002,855.815,1.544,0.42,2.9,,-0.655,13,281,27.526,68.802,1.146,68.269,,,,,0
2026-10-07T06:00Z,2026-10-09T06:00Z,3585655,48,8.7,6.7,,,,h,6.7,,,,0,0,1070.229,2.728,0.097,2.9,,-0.655,13,282,28.969,58.868,1.972,60.115,,,,,0
2026-10-07T06:00Z,2026-10-07T07:00Z,3585656,1,4.1,1.7,,,,h,1.7,,,,0,0,1229.633,3.615,0.023,1.1,,-0.664,14,280,27.175,55.244,2.597,42.418,,,,,0
2026-10-07T06:00Z,2026-10-07T09:00Z,3585656,3,4,1.7,,,,h,1.7,,,,0,0,1014.35,3.472,0,1.1,,-0.664,16,280,26.657,56.207,2.275,58.415,,,,,0
2026-10-07T06:00Z,2026-10-07T12:00Z,3585656,6,5.1,2.4,,,,h,2.4,,,,0,0,120.506,3.813,0,1.1,,-0.664,19,280,22.097,75.691,1.362,86.616,,,,,0
2026-10-07T06:00Z,2026-10-07T18:00Z,3585656,12,7,3.8,,,,h,3.8,,,,0,0,17.362,0.37,0,1.1,,-0.664,1,280,19.256,84.893,0.333,145.111,,,,,0
2026-10-07T06:00Z,2026-10-08T06:00Z,3585656,24,4.8,2.9,,,,h,2.9,,,,0,0,1382.649,2.479,0,1.1,,-0.664,13,281,27.865,54.587,1.841,36.253,,,,,0
2026-10-07T06:00Z,2026-10-09T06:00Z,3585656,48,11.3,8.7,,,,h,8.7,,,,0,0,1371.947,3.221,0,1.1,,-0.664,13,282,28.528,54.219,2.36,45.616,,,,,0
2026-10-07T06:00Z,2026-10-07T07:00Z,3585657,1,6.8,7.6,,,,h,7.6,,,,0,0.002,1016.571,1.162,0.481,9.7,,0.099,14,280,27.844,62.527,0.935,76.068,,,,,0
2026-10-07T06:00Z,2026-10-07T09:00Z,3585657,3,7.9,8.8,,,,h,8.8,,,,0,0.002,756.677,1.299,0.729,9.7,,0.099,16,280,26.798,68.895,1.066,53.155,,,,,0
2026-10-07T06:00Z,2026-10-07T12:00Z,3585657,6,6,6.6,,,,h,6.6,,,,0,0.002,20.115,1.126,0,9.7,,0.099,19,280,24.055,86.491,0.316,98.515,,,,,0
2026-10-07T06:00Z,2026-10-07T18:00Z,3585657,12,7.6,8.3,,,,h,8.3,,,,0,0.002,109.464,2.909,0,9.7,,0.099,1,280,21.537,80.917,1.544,69.862,,,,,0
2026-10-07T06:00Z,2026-10-08T06:00Z,3585657,24,7,7.5,,,,h,7.5,,,,0,0.002,1349.016,0.637,0.023,9.7,,0.099,13,281,28.972,55.121,0.543,52.9,,,,,0
2026-10-07T06:00Z,2026-10-09T06:00Z,3585657,48,10.9,11.3,,,,h,11.3,,,,0,0.001,1188.569,0.625,0.09,9.7,,0.099,13,282,29.729,55.528,0.456,86.952,,,,,0
2026-10-07T06:00Z,2026-10-07T07:00Z,3585658,1,2.6,1.1,,,,h,1.1,,,,0,0,885.931,1.509,0.251,0.6,,-0.554,14,280,25.078,68.863,1.243,266.724,,,,,0
2026-10-07T06:00Z,2026-10-07T09:00Z,3585658,3,2.8,1.3,,,,h,1.3,,,,0,0.001,283.052,1.261,2.552,0.6,,-0.554,16,280,22.189,88.683,0.736,254.92,,,,,0
2026-10-07T06:00Z,2026-10-07T12:00Z,3585658,6,4.3,2.3,,,,h,2.3,,,,0,0.001,20.086,0.872,0,0.6,,-0.554,19,280,20.16,97.518,0.465,53.267,,,,,0
2026-10-07T06:00Z,2026-10-07T18:00Z,3585658,12,5,2.9,,,,h,2.9,,,,0,0.003,20,0.556,0,0.6,,-0.554,1,280,17.8,93.972,0.784,15.912,,,,,0
2026-10-07T06:00Z,2026-10-08T06:00Z,3585658,24,4.6,3,,,,h,3,,,,0,0.002,1450.291,1.666,0.014,0.6,,-0.554,13,281,27.026,48.585,1.308,319.237,,,,,0
2026-10-07T06:00Z,2026-10-09T06:00Z,3585658,48,13.1,10.5,,,,h,10.5,,,,0,0.001,1068.392,0.803,0.328,0.6,,-0.554,13,282,27.467,54.025,0.719,230.169,,,,,0
2026-10-07T06:00Z,2026-10-07T07:00Z,3587757,1,4.4,13.8,,,,h,13.8,,,,0,0,1417.608,1.714,0.045,11.4,,1.051,14,280,24.622,53.889,1.368,168.357,,,,,0
2026-10-07T06:00Z,2026-10-07T09:00Z,3587757,3,4.8,14.2,,,,h,14.2,,,,0,0,1238.515,2.059,0.011,11.4,,1.051,16,280,24.144,54.928,1.493,159.518,,,,,0
2026-10-07T06:00Z,2026-10-07T12:00Z,3587757,6,5.8,15.9,,,,h,15.9,,,,0,0,49.141,2.752,0,11.4,,1.051,19,280,19.56,82.067,1.004,127.369,,,,,0
2026-10-07T06:00Z,2026-10-07T18:00Z,3587757,12,9.3,22,,,,h,22,,,,0,0,13.566,1.219,0,11.4,,1.051,1,280,17.665,80.261,0.252,140.837,,,,,0
2026-10-07T06:00Z,2026-10-08T06:00Z,3587757,24,5.5,11.1,,,,h,11.1,,,,0,0,1354.254,2.27,0.111,11.4,,1.051,13,281,25.049,56.093,1.724,166.42,,,,,0
2026-10-07T06:00Z,2026-10-09T06:00Z,3587757,48,8,12.1,,,,h,12.1,,,,0,0,1324.314,0.471,0.088,11.4,,1.051,13,282,26.401,54.213,0.374,91.535,,,,,0
2026-10-07T06:00Z,2026-10-07T07:00Z,3591604,1,5.1,3.2,,,,h,3.2,,,,0,0,1660.844,1.743,0,3.1,,-0.388,14,280,27.369,44.648,1.139,62.543,,,,,0
2026-10-07T06:00Z,2026-10-07T09:00Z,3591604,3,5.3,3.4,,,,h,3.4,,,,0,0,1121.964,2.726,0,3.1,,-0.388,16,280,26.934,47.939,1.837,49.339,,,,,0
2026-10-07T06:00Z,2026-10-07T12:00Z,3591604,6,8.5,5.8,,,,h,5.8,,,,0,0,42.071,1.68,0,3.1,,-0.388,19,280,22.395,70.28,0.638,100.16,,,,,0
2026-10-07T06:00Z,2026-10-07T18:00Z,3591604,12,10.8,7.8,,,,h,7.8,,,,0,0,48.43,1.647,0,3.1,,-0.388,1,280,19.29,76.537,0.737,55.96,,,,,0
2026-10-07T06:00Z,2026-10-08T06:00Z,3591604,24,5,3.8,,,,h,3.8,,,,0,0,1151.374,0.386,0.029,3.1,,-0.388,13,281,27.385,48.517,0.292,124.872,,,,,0
2026-10-07T06:00Z,2026-10-09T06:00Z,3591604,48,7.1,6,,,,h,6,,,,0,0,1459.423,1.447,0.01,3.1,,-0.388,13,282,28.678,47.06,1.045,39.643,,,,,0
2026-10-07T06:00Z,2026-10-07T07:00Z,3591605,1,3.2,16.9,,,,h,16.9,,,,0,0.001,1248.324,3.236,0,15.2,,1.514,14,280,25.165,51.325,2.275,58.743,,,,,0
2026-10-07T06:00Z,2026-10-07T09:00Z,3591605,3,3.4,16.7,,,,h,16.7,,,,0,0.001,626.956,3.005,0,15.2,,1.514,16,280,24.142,55.875,1.996,68.776,,,,,0
2026-10-07T06:00Z,2026-10-07T12:00Z,3591605,6,4.7,20.1,,,,h,20.1,,,,0,0.002,43.239,2.959,0,15.2,,1.514,19,280,19.402,78.202,1.342,83.448,,,,,0
2026-10-07T06:00Z,2026-10-07T18:00Z,3591605,12,9.2,31.4,,,,h,31.4,,,,0,0.002,18.503,1.301,0,15.2,,1.514,1,280,15.883,87.158,1.023,82.667,,,,,0
2026-10-07T06:00Z,2026-10-08T06:00Z,3591605,24,10.8,28,,,,h,28,,,,0,0.003,1374.63,1.781,0,15.2,,1.514,13,281,25.828,54.424,1.268,68.393,,,,,0
2026-10-07T06:00Z,2026-10-09T06:00Z,3591605,48,22.4,39.4,,,,h,39.4,,,,0,0.003,1101.603,3.942,0,15.2,,1.514,13,282,25.742,62.154,2.821,74.168,,,,,0
2026-10-07T06:00Z,2026-10-07T07:00Z,3591606,1,8,1.9,,,,h,1.9,,,,0,0.005,939.115,1.509,0.265,0.8,,-1.195,14,280,27.977,62.726,1.204,106.703,,,,,0
2026-10-07T06:00Z,2026-10-07T09:00Z,3591606,3,8.1,2,,,,h,2,,,,0,0.004,745.777,1.874,0.287,0.8,,-1.195,16,280,27.483,66.014,1.389,70.6,,,,,0
2026-10-07T06:00Z,2026-10-07T12:00Z,3591606,6,9.4,2.7,,,,h,2.7,,,,0,0.004,32.636,1.537,0,0.8,,-1.195,19,280,23.995,90.213,0.608,70.368,,,,,0
2026-10-07T06:00Z,2026-10-07T18:00Z,3591606,12,10.6,3.7,,,,h,3.7,,,,0,0.003,21.762,0.299,0,0.8,,-1.195,1,280,22.054,96.761,0.372,134.748,,,,,0
2026-10-07T06:00Z,2026-10-08T06:00Z,3591606,24,7.6,3.2,,,,h,3.2,,,,0,0.002,974.02,1.708,0.151,0.8,,-1.195,13,281,28.164,68.646,1.308,79.236,,,,,0
2026-10-07T06:00Z,2026-10-09T06:00Z,3591606,48,9.4,5.8,,,,h,5.8,,,,0,0,1056.642,1.995,0.062,0.8,,-1.195,13,282,29.341,60.638,1.584,55.697,,,,,0
2026-10-07T06:00Z,2026-10-07T07:00Z,3591609,1,8.9,1,,,,h,1,,,,0,0.002,691.16,1.359,1.469,1.1,,-1.678,14,280,25.254,76.014,1.01,270.688,,,,,0
2026-10-07T06:00Z,2026-10-07T09:00Z,3591609,3,8.6,1,,,,h,1,,,,0,0.002,347.74,0.982,1.452,1.1,,-1.678,16,280,23.979,86.031,0.646,288.102,,,,,0
2026-10-07T06:00Z,2026-10-07T12:00Z,3591609,6,8.5,1.2,,,,h,1.2,,,,0,0.002,20.594,0.94,0,1.1,,-1.678,19,280,21.589,96.876,0.366,110.122,,,,,0
2026-10-07T06:00Z,2026-10-07T18:00Z,3591609,12,9.5,1.9,,,,h,1.9,,,,0,0.002,35.398,0.98,0,1.1,,-1.678,1,280,19.08,94.298,0.706,34.927,,,,,0
2026-10-07T06:00Z,2026-10-08T06:00Z,3591609,24,5.9,1.5,,,,h,1.5,,,,0,0.002,1349.385,0.745,0.08,1.1,,-1.678,13,281,27.814,54.472,0.579,313.449,,,,,0
2026-10-07T06:00Z,2026-10-09T06:00Z,3591609,48,10.8,5.4,,,,h,5.4,,,,0,0.001,1178.792,0.737,0.181,1.1,,-1.678,13,282,28.629,52.147,0.54,130.27,,,,,0
2026-10-07T06:00Z,2026-10-07T07:00Z,3591610,1,7.1,8.7,,,,h,8.7,,,,0,0.006,931.974,6.647,0.062,5.4,,0.191,14,280,26.084,72.977,4.368,32.309,,,,,0
2026-10-07T06:00Z,2026-10-07T09:00Z,3591610,3,8.1,9.8,,,,h,9.8,,,,0,0.012,914.067,6.778,0.042,5.4,,0.191,16,280,25.624,74.371,4.164,38.003,,,,,0
2026-10-07T06:00Z,2026-10-07T12:00Z,3591610,6,9.7,11.6,,,,h,11.6,,,,0,0.018,681.779,6.042,0.154,5.4,,0.191,19,280,23.021,84.761,3.325,37.355,,,,,0
2026-10-07T06:00Z,2026-10-07T18:00Z,3591610,12,7.9,9.3,,,,h,9.3,,,,0,0.016,376.421,4.588,0.276,5.4,,0.191,1,280,22.008,90.95,2.228,35.541,,,,,0
2026-10-07T06:00Z,2026-10-08T06:00Z,3591610,24,2.5,2.9,,,,h,2.9,,,,0,0.008,756.947,5.844,0.245,5.4,,0.191,13,281,25.392,81.574,3.894,26.616,,,,,0
2026-10-07T06:00Z,2026-10-09T06:00Z,3591610,48,0.6,0.7,,,,h,0.7,,,,0,0.002,424.833,3.418,0.596,5.4,,0.191,13,282,24.65,90.086,2.288,5.115,,,,,0
2026-10-07T06:00Z,2026-10-07T07:00Z,3591611,1,5.5,7.4,,,,h,7.4,,,,0,0.001,559.843,3.241,0.464,3.8,,0.273,14,280,26.963,81.858,2.109,28.959,,,,,0
2026-10-07T06:00Z,2026-10-07T09:00Z,3591611,3,6.4,8.5,,,,h,8.5,,,,0,0.004,559.691,3.531,0.349,3.8,,0.273,16,280,26.292,83.965,2.07,33.74,,,,,0
2026-10-07T06:00Z,2026-10-07T12:00Z,3591611,6,8.2,10.7,,,,h,10.7,,,,0,0.011,371.412,3.343,0.15,3.8,,0.273,19,280,24.116,91.247,1.686,19.147,,,,,0
2026-10-07T06:00Z,2026-10-07T18:00Z,3591611,12,7.8,9.8,,,,h,9.8,,,,0,0.007,221.089,2.503,0.167,3.8,,0.273,1,280,22.509,93.55,1.171,13.059,,,,,0
2026-10-07T06:00Z,2026-10-08T06:00Z,3591611,24,2.4,3,,,,h,3,,,,0,0.006,569.699,3.111,0.882,3.8,,0.273,13,281,25.431,88.624,1.909,356.987,,,,,0
2026-10-07T06:00Z,2026-10-09T06:00Z,3591611,48,1.3,1.5,,,,h,1.5,,,,0,0.003,431.383,3.177,2.13,3.8,,0.273,13,282,25.749,88.102,2.256,352.859,,,,,0
2026-10-07T06:00Z,2026-10-07T07:00Z,3597971,1,3.2,8.6,,,,h,8.6,,,,0,0,1249.418,2.921,0,6.7,,0.86,14,280,24.828,50.792,2.008,69.216,,,,,0
2026-10-07T06:00Z,2026-10-07T09:00Z,3597971,3,3.4,8.7,,,,h,8.7,,,,0,0.001,646.11,2.827,0,6.7,,0.86,16,280,23.832,55.015,1.872,73.082,,,,,0
2026-10-07T06:00Z,2026-10-07T12:00Z,3597971,6,4.7,11,,,,h,11,,,,0,0.002,50.77,2.963,0,6.7,,0.86,19,280,19.192,77.235,1.312,83.633,,,,,0
2026-10-07T06:00Z,2026-10-07T18:00Z,3597971,12,9.2,18.7,,,,h,18.7,,,,0,0.002,16.072,1.051,0,6.7,,0.86,1,280,16.056,84.623,0.803,90.051,,,,,0
2026-10-07T06:00Z,2026-10-08T06:00Z,3597971,24,10.8,18.7,,,,h,18.7,,,,0,0.004,1313.208,1.632,0,6.7,,0.86,13,281,25.362,55.284,1.14,83.234,,,,,0
2026-10-07T06:00Z,2026-10-09T06:00Z,3597971,48,22.4,30.9,,,,h,30.9,,,,0,0.003,1129.506,4.258,0,6.7,,0.86,13,282,25.475,61.678,3.078,78.508,,,,,0
2026-10-07T06:00Z,2026-10-07T07:00Z,3597972,1,5.7,68.5,,,,h,68.5,,,,0,0.005,1265.251,3.871,0,82.3,,2.439,14,280,25.157,46.523,2.775,51.182,,,,,0
2026-10-07T06:00Z,2026-10-07T09:00Z,3597972,3,8.7,90.5,,,,h,90.5,,,,0,0.006,932.951,3.538,0,82.3,,2.439,16,280,23.673,52.165,2.361,59.362,,,,,0
2026-10-07T06:00Z,2026-10-07T12:00Z,3597972,6,14.3,125,,,,h,125,,,,0,0.007,27.203,1.897,0,82.3,,2.439,19,280,18.994,77.079,0.711,75.836,,,,,0
2026-10-07T06:00Z,2026-10-07T18:00Z,3597972,12,22.5,150.1,,,,h,150.1,,,,0,0.008,20.01,1.181,0,82.3,,2.439,1,280,16.21,80.123,0.583,13.452,,,,,0
2026-10-07T06:00Z,2026-10-08T06:00Z,3597972,24,14.8,66.3,,,,h,66.3,,,,0,0.009,1388.754,2.727,0,82.3,,2.439,13,281,26.056,51.445,2.003,71.366,,,,,0
2026-10-07T06:00Z,2026-10-09T06:00Z,3597972,48,26.8,65.9,,,,h,65.9,,,,0,0.006,949.635,4.582,0,82.3,,2.439,13,282,24.305,66.56,3.153,49.714,,,,,0
2026-10-07T06:00Z,2026-10-07T07:00Z,3597973,1,2.8,6.2,,,,h,6.2,,,,0,0,1494.141,1.983,0,6.8,,0.667,14,280,26.194,52.347,1.469,49.792,,,,,0
2026-10-07T06:00Z,2026-10-07T09:00Z,3597973,3,2.9,6.2,,,,h,6.2,,,,0,0,677.872,2.584,0,6.8,,0.667,16,280,25.186,57.545,1.871,52.707,,,,,0
2026-10-07T06:00Z,2026-10-07T12:00Z,3597973,6,3.5,7,,,,h,7,,,,0,0,37.92,3.239,0,6.8,,0.667,19,280,20.821,78.003,1.218,87.882,,,,,0
2026-10-07T06:00Z,2026-10-07T18:00Z,3597973,12,5.2,9.3,,,,h,9.3,,,,0,0.001,21.419,2.007,0,6.8,,0.667,1,280,18.063,81.478,0.916,110.575,,,,,0
2026-10-07T06:00Z,2026-10-08T06:00Z,3597973,24,7.3,11.3,,,,h,11.3,,,,0,0.002,1335.09,0.904,0,6.8,,0.667,13,281,26.583,53.041,0.698,41.98,,,,,0
2026-10-07T06:00Z,2026-10-09T06:00Z,3597973,48,14.9,19.2,,,,h,19.2,,,,0,0.002,1222.942,2.653,0,6.8,,0.667,13,282,27.209,57.635,1.954,66.566,,,,,0
2026-10-07T06:00Z,2026-10-07T07:00Z,3597974,1,2.6,115.6,,,,h,115.6,,,,0,0,1435.454,2.444,0,162.4,,3.625,14,280,26.574,52.735,1.867,37.824,,,,,0
2026-10-07T06:00Z,2026-10-07T09:00Z,3597974,3,2.7,102.9,,,,h,102.9,,,,0,0.001,679.495,2.546,0,162.4,,3.625,16,280,25.64,56.791,1.908,47.303,,,,,0
2026-10-07T06:00Z,2026-10-07T12:00Z,3597974,6,3.1,93.1,,,,h,93.1,,,,0,0.001,29.985,2.955,0,162.4,,3.625,19,280,21.309,78.29,1.058,84.303,,,,,0
2026-10-07T06:00Z,2026-10-07T18:00Z,3597974,12,4.4,84.8,,,,h,84.8,,,,0,0.001,20.239,1.538,0,162.4,,3.625,1,280,17.961,84.606,0.802,107.841,,,,,0
2026-10-07T06:00Z,2026-10-08T06:00Z,3597974,24,7.1,68.8,,,,h,68.8,,,,0,0.002,1349.046,1.277,0,162.4,,3.625,13,281,27.025,52.851,1.026,33.191,,,,,0
2026-10-07T06:00Z,2026-10-09T06:00Z,3597974,48,13.4,52.2,,,,h,52.2,,,,0,0.002,1208.713,2.388,0,162.4,,3.625,13,282,27.414,60.241,1.771,54.419,,,,,0
2026-10-07T06:00Z,2026-10-07T07:00Z,3597975,1,3.1,6.1,,,,h,6.1,,,,0,0.009,1257.081,3.666,0,4.8,,0.576,14,280,25.157,48.027,2.623,55.501,,,,,0
2026-10-07T06:00Z,2026-10-07T09:00Z,3597975,3,3.8,7.2,,,,h,7.2,,,,0,0.008,912.728,3.338,0,4.8,,0.576,16,280,23.759,53.937,2.213,63.903,,,,,0
2026-10-07T06:00Z,2026-10-07T12:00Z,3597975,6,6.3,11,,,,h,11,,,,0,0.008,29.695,1.964,0,4.8,,0.576,19,280,19.231,77.431,0.721,75.025,,,,,0
2026-10-07T06:00Z,2026-10-07T18:00Z,3597975,12,13.1,20.9,,,,h,20.9,,,,0,0.008,21.843,1.145,0,4.8,,0.576,1,280,16.232,82.244,0.61,8.446,,,,,0
2026-10-07T06:00Z,2026-10-08T06:00Z,3597975,24,13,18.7,,,,h,18.7,,,,0,0.007,1387.609,2.563,0,4.8,,0.576,13,281,26.019,52.78,1.886,73.803,,,,,0
2026-10-07T06:00Z,2026-10-09T06:00Z,3597975,48,22.5,27.9,,,,h,27.9,,,,0,0.007,959.253,4.288,0.05,4.8,,0.576,13,282,24.556,66.381,2.96,54.066,,,,,0
2026-10-07T06:00Z,2026-10-07T07:00Z,3597976,1,4.1,1.1,,,,h,1.1,,,,0,0,1178.089,3.799,0.011,0.9,,-0.938,14,280,26.667,52.394,2.722,52.02,,,,,0
2026-10-07T06:00Z,2026-10-07T09:00Z,3597976,3,4,1.1,,,,h,1.1,,,,0,0,666.354,4.003,0,0.9,,-0.938,16,280,25.73,55.153,2.653,73.614,,,,,0
2026-10-07T06:00Z,2026-10-07T12:00Z,3597976,6,5.1,1.7,,,,h,1.7,,,,0,0,111.779,3.951,0,0.9,,-0.938,19,280,21.453,75.221,1.391,74.748,,,,,0
2026-10-07T06:00Z,2026-10-07T18:00Z,3597976,12,7,2.9,,,,h,2.9,,,,0,0,19.36,1.007,0,0.9,,-0.938,1,280,18.746,86.7,0.515,114.883,,,,,0
2026-10-07T06:00Z,2026-10-08T06:00Z,3597976,24,4.8,2.3,,,,h,2.3,,,,0,0,1350.525,2.017,0,0.9,,-0.938,13,281,27.542,53.599,1.588,71.863,,,,,0
2026-10-07T06:00Z,2026-10-09T06:00Z,3597976,48,11.3,7.8,,,,h,7.8,,,,0,0,1392.918,2.867,0,0.9,,-0.938,13,282,28.104,54.008,2.149,69.933,,,,,0
2026-10-07T06:00Z,2026-10-07T07:00Z,3597978,1,8.9,9.5,,,,h,9.5,,,,0,0.004,851.892,0.137,1.059,7.9,,0.056,14,280,26.667,69.496,0.028,310.914,,,,,0
2026-10-07T06:00Z,2026-10-07T09:00Z,3597978,3,9.4,10,,,,h,10,,,,0,0.004,571.865,0.576,0.915,7.9,,0.056,16,280,25.677,76.474,0.508,13.232,,,,,0
2026-10-07T06:00Z,2026-10-07T12:00Z,3597978,6,8.5,9,,,,h,9,,,,0,0.003,22.188,1.219,0,7.9,,0.056,19,280,23.001,91.476,0.366,111.924,,,,,0
2026-10-07T06:00Z,2026-10-07T18:00Z,3597978,12,11.1,11.6,,,,h,11.6,,,,0,0.003,64.79,1.67,0,7.9,,0.056,1,280,20.54,88.334,0.958,61.291,,,,,0
2026-10-07T06:00Z,2026-10-08T06:00Z,3597978,24,7.5,7.8,,,,h,7.8,,,,0,0.002,1324.013,0.295,0.055,7.9,,0.056,13,281,28.462,55.587,0.234,13.183,,,,,0
2026-10-07T06:00Z,2026-10-09T06:00Z,3597978,48,9.8,10,,,,h,10,,,,0,0.001,1191.276,0.732,0.112,7.9,,0.056,13,282,29.288,54.12,0.509,95.779,,,,,0
2026-10-07T06:00Z,2026-10-07T07:00Z,3599598,1,3.8,5.4,,,,h,5.4,,,,0,0,1346.132,2.112,0,6.1,,0.3,14,280,24.661,50.994,1.495,98.596,,,,,0
2026-10-07T06:00Z,2026-10-07T09:00Z,3599598,3,3.7,5.2,,,,h,5.2,,,,0,0.001,658.172,2.196,0,6.1,,0.3,16,280,23.807,54.358,1.513,78.224,,,,,0
2026-10-07T06:00Z,2026-10-07T12:00Z,3599598,6,5.4,7.3,,,,h,7.3,,,,0,0.002,64.41,3.289,0,6.1,,0.3,19,280,19.466,75.712,1.319,85.859,,,,,0
2026-10-07T06:00Z,2026-10-07T18:00Z,3599598,12,10.8,13.8,,,,h,13.8,,,,0,0.003,11.832,1.235,0,6.1,,0.3,1,280,17.105,78.738,0.453,128.697,,,,,0
2026-10-07T06:00Z,2026-10-08T06:00Z,3599598,24,9.5,11.5,,,,h,11.5,,,,0,0.005,1201.181,1.206,0,6.1,,0.3,13,281,24.824,57.233,0.865,126.14,,,,,0
2026-10-07T06:00Z,2026-10-09T06:00Z,3599598,48,21.4,24,,,,h,24,,,,0,0.003,1241.645,4.278,0,6.1,,0.3,13,282,25.778,59.088,3.162,87.823,,,,,0
2026-10-07T06:00Z,2026-10-07T07:00Z,3599599,1,3.8,6.1,,,,h,6.1,,,,0,0.001,1320.403,2.141,0,6.9,,0.405,14,280,24.894,50.809,1.514,89.695,,,,,0
2026-10-07T06:00Z,2026-10-07T09:00Z,3599599,3,3.7,5.8,,,,h,5.8,,,,0,0.002,680.717,2.208,0,6.9,,0.405,16,280,24.009,54.328,1.516,74.281,,,,,0
2026-10-07T06:00Z,2026-10-07T12:00Z,3599599,6,5.4,8.1,,,,h,8.1,,,,0,0.003,57.902,2.927,0,6.9,,0.405,19,280,19.758,75.543,1.135,84.36,,,,,0
2026-10-07T06:00Z,2026-10-07T18:00Z,3599599,12,10.8,15.1,,,,h,15.1,,,,0,0.003,13.055,0.953,0,6.9,,0.405,1,280,17.318,80.238,0.335,130.178,,,,,0
2026-10-07T06:00Z,2026-10-08T06:00Z,3599599,24,9.5,12.4,,,,h,12.4,,,,0,0.006,1176.718,1.175,0,6.9,,0.405,13,281,25.097,55.714,0.806,106.445,,,,,0
2026-10-07T06:00Z,2026-10-09T06:00Z,3599599,48,21.4,24.9,,,,h,24.9,,,,0,0.003,1242.717,4.081,0,6.9,,0.405,13,282,25.887,59.465,3.013,82.708,,,,,0
2026-10-07T06:00Z,2026-10-07T07:00Z,3599600,1,3.2,1.4,,,,h,1.4,,,,0,0.001,842.43,1.351,0.01,0.7,,-0.581,14,280,29.665,52.263,1.114,244.602,,,,,0
2026-10-07T06:00Z,2026-10-07T09:00Z,3599600,3,3.3,1.5,,,,h,1.5,,,,0,0.001,1329.237,1.269,0,0.7,,-0.581,16,280,28.8,58.213,0.911,321.48,,,,,0
2026-10-07T06:00Z,2026-10-07T12:00Z,3599600,6,5.2,2.8,,,,h,2.8,,,,0,0.001,47.863,2.366,0,0.7,,-0.581,19,280,24.011,85.502,0.979,166.393,,,,,0
2026-10-07T06:00Z,2026-10-07T18:00Z,3599600,12,6.9,4.1,,,,h,4.1,,,,0,0.002,28.852,1.154,0,0.7,,-0.581,1,280,20.093,94.674,0.839,25.675,,,,,0
2026-10-07T06:00Z,2026-10-08T06:00Z,3599600,24,4.2,2.7,,,,h,2.7,,,,0,0.001,1408.397,2.943,0,0.7,,-0.581,13,281,30.134,48.207,2.162,5.899,,,,,0
2026-10-07T06:00Z,2026-10-09T06:00Z,3599600,48,13.2,10.5,,,,h,10.5,,,,0,0.001,1453.067,3.462,0,0.7,,-0.581,13,282,30.807,48.608,2.56,352.306,,,,,0
2026-10-07T06:00Z,2026-10-07T07:00Z,3600181,1,8,2.4,,,,h,2.4,,,,0,0.009,1049.367,0.522,0.137,2,,-1.017,14,280,28.396,66.291,0.363,277.213,,,,,0
2026-10-07T06:00Z,2026-10-07T09:00Z,3600181,3,8.1,2.6,,,,h,2.6,,,,0,0.007,977.042,0.607,0.039,2,,-1.017,16,280,28.187,67.12,0.48,122.949,,,,,0
2026-10-07T06:00Z,2026-10-07T12:00Z,3600181,6,9.4,3.3,,,,h,3.3,,,,0,0.006,11.707,0.365,0.075,2,,-1.017,19,280,24.322,90.558,0.115,188.67,,,,,0
2026-10-07T06:00Z,2026-10-07T18:00Z,3600181,12,10.6,4.3,,,,h,4.3,,,,0,0.004,35.489,0.784,0,2,,-1.017,1,280,22.815,99.831,0.912,0.209,,,,,0
2026-10-07T06:00Z,2026-10-08T06:00Z,3600181,24,7.6,3.7,,,,h,3.7,,,,0,0.002,984.832,0.982,0.29,2,,-1.017,13,281,28.838,63.228,0.829,25.497,,,,,0
2026-10-07T06:00Z,2026-10-09T06:00Z,3600181,48,9.4,6.2,,,,h,6.2,,,,0,0.001,1199.289,1.608,0.095,2,,-1.017,13,282,30.154,59.462,1.249,13.903,,,,,0
2026-10-07T06:00Z,2026-10-07T07:00Z,3600182,1,14.2,4.5,,,,h,4.5,,,,0,0.001,1202.075,2.521,0.162,4.9,,-1.056,14,280,29.712,56.897,1.922,39.899,,,,,0
2026-10-07T06:00Z,2026-10-07T09:00Z,3600182,3,13.8,4.6,,,,h,4.6,,,,0,0.001,909.322,5.809,0.162,4.9,,-1.056,16,280,28.082,64.87,3.977,66.463,,,,,0
2026-10-07T06:00Z,2026-10-07T12:00Z,3600182,6,18.7,6.9,,,,h,6.9,,,,0,0.003,399.014,6.655,0,4.9,,-1.056,19,280,24.456,71.549,3.639,73.372,,,,,0
2026-10-07T06:00Z,2026-10-07T18:00Z,3600182,12,22.7,9.6,,,,h,9.6,,,,0,0.01,137.191,3.906,0,4.9,,-1.056,1,280,21.761,78.842,1.523,57.504,,,,,0
2026-10-07T06:00Z,2026-10-08T06:00Z,3600182,24,13.7,6.8,,,,h,6.8,,,,0,0.004,1150.987,2.423,0.081,4.9,,-1.056,13,281,29.675,59.086,1.866,33.194,,,,,0
2026-10-07T06:00Z,2026-10-09T06:00Z,3600182,48,11.4,7.5,,,,h,7.5,,,,0,0.002,648.361,3.573,0.487,4.9,,-1.056,13,282,26.58,78.425,2.605,344.811,,,,,0
2026-10-07T06:00Z,2026-10-07T07:00Z,3600183,1,5.5,6.4,,,,h,6.4,,,,0,0.002,726.723,4.817,0.277,4.6,,0.133,14,280,26.996,77.312,3.157,31.818,,,,,0
2026-10-07T06:00Z,2026-10-07T09:00Z,3600183,3,6.4,7.4,,,,h,7.4,,,,0,0.006,720.338,5.038,0.211,4.6,,0.133,16,280,26.467,78.665,3.041,37.477,,,,,0
2026-10-07T06:00Z,2026-10-07T12:00Z,3600183,6,8.2,9.3,,,,h,9.3,,,,0,0.014,516.972,4.445,0.098,4.6,,0.133,19,280,24.04,87.625,2.403,30.656,,,,,0
2026-10-07T06:00Z,2026-10-07T18:00Z,3600183,12,7.8,8.7,,,,h,8.7,,,,0,0.01,308.349,3.335,0.188,4.6,,0.133,1,280,22.572,91.973,1.574,26.914,,,,,0
2026-10-07T06:00Z,2026-10-08T06:00Z,3600183,24,2.4,2.7,,,,h,2.7,,,,0,0.007,651.84,4.171,0.611,4.6,,0.133,13,281,25.749,84.853,2.708,14.041,,,,,0
2026-10-07T06:00Z,2026-10-09T06:00Z,3600183,48,1.3,1.4,,,,h,1.4,,,,0,0.003,398.501,3.472,1.563,4.6,,0.133,13,282,25.181,90.912,2.409,356.902,,,,,0
2026-10-07T06:00Z,2026-10-07T07:00Z,3600716,1,3.4,3.4,,,,h,3.4,,,,0,0.001,1272.182,2.454,0,,,0,14,280,25.251,50.219,1.735,71.949,,,,,0
2026-10-07T06:00Z,2026-10-07T09:00Z,3600716,3,4.9,4.9,,,,h,4.9,,,,0,0.003,729.594,2.394,0,,,0,16,280,24.27,54.184,1.622,67.19,,,,,0
2026-10-07T06:00Z,2026-10-07T12:00Z,3600716,6,10,10,,,,h,10,,,,0,0.004,45.406,2.324,0,,,0,19,280,20.085,75.551,0.846,80.629,,,,,0
2026-10-07T06:00Z,2026-10-07T18:00Z,3600716,12,21.3,21.3,,,,h,21.3,,,,0,0.005,15.632,0.423,0,,,0,1,280,17.444,82.825,0.2,118.168,,,,,0
2026-10-07T06:00Z,2026-10-08T06:00Z,3600716,24,10.9,10.9,,,,h,10.9,,,,0,0.007,1167.704,1.545,0,,,0,13,281,25.594,53.114,1.073,76.485,,,,,0
2026-10-07T06:00Z,2026-10-09T06:00Z,3600716,48,22.8,22.8,,,,h,22.8,,,,0,0.004,1213.154,3.89,0,,,0,13,282,25.896,60.732,2.838,71.229,,,,,0
2026-10-07T06:00Z,2026-10-07T07:00Z,3612960,1,9.9,26.5,,,,h,26.5,,,,0,0.003,1136.44,2.065,0.244,27.2,,0.963,14,280,29.015,57.824,1.65,83.201,,,,,0
2026-10-07T06:00Z,2026-10-07T09:00Z,3612960,3,8.7,22.5,,,,h,22.5,,,,0,0.003,942.15,2.129,0.16,27.2,,0.963,16,280,28.33,60.839,1.643,63.384,,,,,0
2026-10-07T06:00Z,2026-10-07T12:00Z,3612960,6,10.8,26.1,,,,h,26.1,,,,0,0.002,23.655,1.538,0,27.2,,0.963,19,280,25.258,82.37,0.473,109.135,,,,,0
2026-10-07T06:00Z,2026-10-07T18:00Z,3612960,12,15.7,33.8,,,,h,33.8,,,,0,0.002,120.49,3.255,0,27.2,,0.963,1,280,22.853,77.525,1.564,74.564,,,,,0
2026-10-07T06:00Z,2026-10-08T06:00Z,3612960,24,11.2,20.6,,,,h,20.6,,,,0,0.001,1302.154,1.038,0.006,27.2,,0.963,13,281,29.502,56.725,0.864,87.859,,,,,0
2026-10-07T06:00Z,2026-10-09T06:00Z,3612960,48,12.7,18.4,,,,h,18.4,,,,0,0.001,1202.119,1.01,0.015,27.2,,0.963,13,282,30.303,57.401,0.807,59.666,,,,,0
2026-10-07T06:00Z,2026-10-07T07:00Z,3612961,1,4.2,5.9,,,,h,5.9,,,,0,0,1485.572,0.206,0.061,5.7,,0.291,14,280,27.846,50.457,0.24,254.875,,,,,0
2026-10-07T06:00Z,2026-10-07T09:00Z,3612961,3,4.7,6.4,,,,h,6.4,,,,0,0,740.141,1.654,0,5.7,,0.291,16,280,26.914,56.421,1.208,211.296,,,,,0
2026-10-07T06:00Z,2026-10-07T12:00Z,3612961,6,5.8,7.7,,,,h,7.7,,,,0,0,37.609,0.869,0,5.7,,0.291,19,280,22.671,79.435,0.659,65.323,,,,,0
2026-10-07T06:00Z,2026-10-07T18:00Z,3612961,12,6.9,8.9,,,,h,8.9,,,,0,0,20.432,0.829,0,5.7,,0.291,1,280,18.698,90.393,1.106,45.752,,,,,0
2026-10-07T06:00Z,2026-10-08T06:00Z,3612961,24,5,6.1,,,,h,6.1,,,,0,0,1087.617,1.192,0.081,5.7,,0.291,13,281,27.983,54.65,1.026,289.558,,,,,0
2026-10-07T06:00Z,2026-10-09T06:00Z,3612961,48,6.8,7.7,,,,h,7.7,,,,0,0,1457.745,0.775,0.161,5.7,,0.291,13,282,29.518,50.81,0.579,346.985,,,,,0
2026-10-07T06:00Z,2026-10-07T07:00Z,3612962,1,4.4,5,,,,h,5,,,,0,0,1189.278,1.526,0.12,4.5,,0.102,14,280,25.442,57.969,1.144,48.335,,,,,0
2026-10-07T06:00Z,2026-10-07T09:00Z,3612962,3,5.1,5.7,,,,h,5.7,,,,0,0,1026.762,1.093,0.088,4.5,,0.102,16,280,25.132,60.709,0.733,78.163,,,,,0
2026-10-07T06:00Z,2026-10-07T12:00Z,3612962,6,8.1,8.9,,,,h,8.9,,,,0,0,22.391,1.062,0,4.5,,0.102,19,280,20.629,84.398,0.425,114.506,,,,,0
2026-10-07T06:00Z,2026-10-07T18:00Z,3612962,12,13.1,14.2,,,,h,14.2,,,,0,0,20.961,0.116,0,4.5,,0.102,1,280,18.47,81.059,0.329,97.602,,,,,0
2026-10-07T06:00Z,2026-10-08T06:00Z,3612962,24,5.4,5.8,,,,h,5.8,,,,0,0,914.872,1.272,0.064,4.5,,0.102,13,281,26.097,57.467,0.974,4.257,,,,,0
2026-10-07T06:00Z,2026-10-09T06:00Z,3612962,48,7.2,7.5,,,,h,7.5,,,,0,0,1059.749,1.26,0.01,4.5,,0.102,13,282,27.153,54.722,0.88,35.546,,,,,0
2026-10-07T06:00Z,2026-10-07T07:00Z,3612963,1,3.1,3.4,,,,h,3.4,,,,0,0,1190.82,1.036,0.199,3.1,,0.071,14,280,26.232,62.166,0.877,326.489,,,,,0
2026-10-07T06:00Z,2026-10-07T09:00Z,3612963,3,3.2,3.5,,,,h,3.5,,,,0,0,519.521,0.874,1.32,3.1,,0.071,16,280,24.399,73.741,0.841,349.782,,,,,0
2026-10-07T06:00Z,2026-10-07T12:00Z,3612963,6,3.6,3.9,,,,h,3.9,,,,0,0.001,20.6,1.603,0,3.1,,0.071,19,280,21.451,88.431,0.553,73.335,,,,,0
2026-10-07T06:00Z,2026-10-07T18:00Z,3612963,12,4.5,4.8,,,,h,4.8,,,,0,0.002,20,0.647,0,3.1,,0.071,1,280,18.68,88.808,0.576,99.446,,,,,0
2026-10-07T06:00Z,2026-10-08T06:00Z,3612963,24,4.9,5.2,,,,h,5.2,,,,0,0.002,1379.815,1.301,0.011,3.1,,0.071,13,281,27.442,50.372,1.076,336.624,,,,,0
2026-10-07T06:00Z,2026-10-09T06:00Z,3612963,48,12.3,12.6,,,,h,12.6,,,,0,0.001,1191.325,0.485,0.17,3.1,,0.071,13,282,28.103,55.552,0.453,357.574,,,,,0
2026-10-07T06:00Z,2026-10-07T07:00Z,3612964,1,6.1,2.1,,,,h,2.1,,,,0,0.005,964.679,1.876,0.02,1.8,,-0.85,14,280,28.551,62.474,1.437,130.112,,,,,0
2026-10-07T06:00Z,2026-10-07T09:00Z,3612964,3,6.3,2.3,,,,h,2.3,,,,0,0.004,759.901,1.889,0.02,1.8,,-0.85,16,280,28.238,63.672,1.406,126.091,,,,,0
2026-10-07T06:00Z,2026-10-07T12:00Z,3612964,6,8.4,3.5,,,,h,3.5,,,,0,0.003,32.442,1.595,0,1.8,,-0.85,19,280,25.295,84.084,0.376,111.433,,,,,0
2026-10-07T06:00Z,2026-10-07T18:00Z,3612964,12,10.3,4.9,,,,h,4.9,,,,0,0.002,23.063,0.982,0,1.8,,-0.85,1,280,23.04,91.185,0.343,252.859,,,,,0
2026-10-07T06:00Z,2026-10-08T06:00Z,3612964,24,10.1,5.7,,,,h,5.7,,,,0,0.002,1085.671,1.555,0.02,1.8,,-0.85,13,281,29.427,59.534,1.243,106.496,,,,,0
2026-10-07T06:00Z,2026-10-09T06:00Z,3612964,48,13.9,10,,,,h,10,,,,0,0.001,1106.299,1.339,0.094,1.8,,-0.85,13,282,30.07,60.779,1.039,47.591,,,,,0
2026-10-07T06:00Z,2026-10-07T07:00Z,3612965,1,8.9,9.6,,,,h,9.6,,,,0,0.004,751.693,0.787,0.195,8.7,,0.073,14,280,29.164,65.851,0.7,193.07,,,,,0
2026-10-07T06:00Z,2026-10-07T09:00Z,3612965,3,9.4,10.1,,,,h,10.1,,,,0,0.004,683.811,1.544,0.1,8.7,,0.073,16,280,28.897,68.988,1.329,90.071,,,,,0
2026-10-07T06:00Z,2026-10-07T12:00Z,3612965,6,8.5,9.1,,,,h,9.1,,,,0,0.003,56.226,1.118,0.089,8.7,,0.073,19,280,25.049,94.147,1.395,345.7,,,,,0
2026-10-07T06:00Z,2026-10-07T18:00Z,3612965,12,11.1,11.8,,,,h,11.8,,,,0,0.002,40.343,1.929,0,8.7,,0.073,1,280,23.291,96.469,1.385,301.414,,,,,0
2026-10-07T06:00Z,2026-10-08T06:00Z,3612965,24,7.5,7.9,,,,h,7.9,,,,0,0.002,1043.315,1.376,0.011,8.7,,0.073,13,281,30.259,59.635,1.118,158.061,,,,,0
2026-10-07T06:00Z,2026-10-09T06:00Z,3612965,48,9.8,10.1,,,,h,10.1,,,,0,0.001,904.49,1.202,0,8.7,,0.073,13,282,30.87,62.599,1.045,115.58,,,,,0
2026-10-07T06:00Z,2026-10-07T07:00Z,3612966,1,12.9,3.4,,,,h,3.4,,,,0,0.003,1271.669,4.938,0.199,3.2,,-1.196,14,280,30.148,57.051,3.711,52.987,,,,,0
2026-10-07T06:00Z,2026-10-07T09:00Z,3612966,3,12.9,3.6,,,,h,3.6,,,,0,0.003,1121.42,6.784,0.199,3.2,,-1.196,16,280,28.918,64.138,4.566,55.453,,,,,0
2026-10-07T06:00Z,2026-10-07T12:00Z,3612966,6,13.4,4.1,,,,h,4.1,,,,0,0.009,464.099,6.472,0,3.2,,-1.196,19,280,25.601,72.944,3.36,70.941,,,,,0
2026-10-07T06:00Z,2026-10-07T18:00Z,3612966,12,16.8,6.1,,,,h,6.1,,,,0,0.024,383.758,5.725,0.001,3.2,,-1.196,1,280,22.973,77.414,2.878,49.087,,,,,0
2026-10-07T06:00Z,2026-10-08T06:00Z,3612966,24,7.9,3.4,,,,h,3.4,,,,0,0.005,1141.884,5.673,0.037,3.2,,-1.196,13,281,29.437,64.507,4.251,47.449,,,,,0
2026-10-07T06:00Z,2026-10-09T06:00Z,3612966,48,2.4,1.2,,,,h,1.2,,,,0,0.004,607.202,4.65,0.664,3.2,,-1.196,13,282,25.86,84.842,3.465,3.449,,,,,0
2026-10-07T06:00Z,2026-10-07T07:00Z,3624137,1,3,3.8,,,,h,3.8,,,,0,0.028,746.738,4.73,0.31,8,,0.196,14,280,23.313,81.913,3.081,25.254,,,,,0
2026-10-07T06:00Z,2026-10-07T09:00Z,3624137,3,3.6,4.5,,,,h,4.5,,,,0,0.032,727.035,4.91,0.195,8,,0.196,16,280,22.439,86.486,2.952,28.013,,,,,0
2026-10-07T06:00Z,2026-10-07T12:00Z,3624137,6,4.6,5.6,,,,h,5.6,,,,0,0.021,495.587,5.087,0.573,8,,0.196,19,280,20.49,93.472,2.55,26.604,,,,,0
2026-10-07T06:00Z,2026-10-07T18:00Z,3624137,12,4.2,5,,,,h,5,,,,0,0.007,172.073,3.74,0.443,8,,0.196,1,280,20.114,95.707,1.854,25.906,,,,,0
2026-10-07T06:00Z,2026-10-08T06:00Z,3624137,24,1.1,1.4,,,,h,1.4,,,,0,0.004,675.522,4.644,0.449,8,,0.196,13,281,22.886,89.781,2.887,22.485,,,,,0
2026-10-07T06:00Z,2026-10-09T06:00Z,3624137,48,1.5,1.7,,,,h,1.7,,,,0,0.001,630.415,2.102,0.501,8,,0.196,13,282,25.598,75.839,1.414,21.779,,,,,0
2026-10-07T06:00Z,2026-10-07T07:00Z,3658671,1,9.9,26.3,,,,h,26.3,,,,0,0.003,1159.195,2.214,0.182,29.5,,0.956,14,280,29.21,56.915,1.767,84.007,,,,,0
2026-10-07T06:00Z,2026-10-07T09:00Z,3658671,3,8.7,22.4,,,,h,22.4,,,,0,0.003,972.051,2.26,0.087,29.5,,0.956,16,280,28.553,59.561,1.736,64.679,,,,,0
2026-10-07T06:00Z,2026-10-07T12:00Z,3658671,6,10.8,26,,,,h,26,,,,0,0.002,24.272,1.602,0,29.5,,0.956,19,280,25.434,81.713,0.507,110.018,,,,,0
2026-10-07T06:00Z,2026-10-07T18:00Z,3658671,12,15.7,33.6,,,,h,33.6,,,,0,0.001,122.038,3.304,0,29.5,,0.956,1,280,23.054,76.966,1.57,75.266,,,,,0
2026-10-07T06:00Z,2026-10-08T06:00Z,3658671,24,11.2,20.5,,,,h,20.5,,,,0,0.001,1296.041,1.117,0.002,29.5,,0.956,13,281,29.578,56.892,0.926,90.429,,,,,0
2026-10-07T06:00Z,2026-10-09T06:00Z,3658671,48,12.7,18.3,,,,h,18.3,,,,0,0.001,1201.891,1.068,0.005,29.5,,0.956,13,282,30.379,57.753,0.862,56.578,,,,,0
2026-10-07T06:00Z,2026-10-07T07:00Z,3663294,1,7.9,4.6,,,,h,4.6,,,,0,0.002,1053.819,6.198,0.133,4.2,,-0.485,14,280,28.447,66.168,4.332,41.122,,,,,0
2026-10-07T06:00Z,2026-10-07T09:00Z,3663294,3,8.2,4.9,,,,h,4.9,,,,0,0.005,1024.008,6.746,0.153,4.2,,-0.485,16,280,27.798,69.285,4.31,42.199,,,,,0
2026-10-07T06:00Z,2026-10-07T12:00Z,3663294,6,9.5,5.9,,,,h,5.9,,,,0,0.015,568.81,5.505,0.012,4.2,,-0.485,19,280,24.983,79.538,2.875,46.995,,,,,0
2026-10-07T06:00Z,2026-10-07T18:00Z,3663294,12,10.7,7.1,,,,h,7.1,,,,0,0.012,448.73,5.284,0.107,4.2,,-0.485,1,280,23.108,84.313,2.714,38.859,,,,,0
2026-10-07T06:00Z,2026-10-08T06:00Z,3663294,24,4.2,2.9,,,,h,2.9,,,,0,0.006,910.258,6.169,0.223,4.2,,-0.485,13,281,27.455,74.963,4.379,35.539,,,,,0
2026-10-07T06:00Z,2026-10-09T06:00Z,3663294,48,0.7,0.4,,,,h,0.4,,,,0,0.005,498.34,4.48,0.883,4.2,,-0.485,13,282,25.193,89.95,3.208,9.767,,,,,0
2026-10-07T06:00Z,2026-10-07T07:00Z,3683630,1,4.7,12.5,,,,h,12.5,,,,0,0.022,856.411,6.043,0.182,11.1,,0.898,14,280,24.269,78.476,3.956,26.793,,,,,0
2026-10-07T06:00Z,2026-10-07T09:00Z,3683630,3,6.8,16.8,,,,h,16.8,,,,0,0.027,827.073,6.036,0.12,11.1,,0.898,16,280,23.63,81.057,3.661,31.414,,,,,0
2026-10-07T06:00Z,2026-10-07T12:00Z,3683630,6,6.5,15.3,,,,h,15.3,,,,0,0.019,617.399,5.714,0.459,11.1,,0.898,19,280,21.471,89.992,2.992,30.723,,,,,0
2026-10-07T06:00Z,2026-10-07T18:00Z,3683630,12,3,6.9,,,,h,6.9,,,,0,0.016,265.162,4.019,0.424,11.1,,0.898,1,280,20.845,94.857,1.951,30.599,,,,,0
2026-10-07T06:00Z,2026-10-08T06:00Z,3683630,24,1.1,2.6,,,,h,2.6,,,,0,0.007,703.501,5.359,0.371,11.1,,0.898,13,281,23.714,87.181,3.384,22.694,,,,,0
2026-10-07T06:00Z,2026-10-09T06:00Z,3683630,48,0.6,1.2,,,,h,1.2,,,,0,0.001,496.313,3.064,0.562,11.1,,0.898,13,282,24.779,84.318,2.089,13.445,,,,,0
2026-10-07T06:00Z,2026-10-07T07:00Z,3684609,1,4.8,4.8,,,,h,4.8,,,,0,0,1561.147,2.097,0,,,0,14,280,25.632,52.978,1.527,99.726,,,,,0
2026-10-07T06:00Z,2026-10-07T09:00Z,3684609,3,4.7,4.7,,,,h,4.7,,,,0,0,927.061,2.438,0,,,0,16,280,24.799,56.324,1.758,117.252,,,,,0
2026-10-07T06:00Z,2026-10-07T12:00Z,3684609,6,6.4,6.4,,,,h,6.4,,,,0,0,20.917,1.324,0,,,0,19,280,21.119,74.183,0.181,123.385,,,,,0
2026-10-07T06:00Z,2026-10-07T18:00Z,3684609,12,9.7,9.7,,,,h,9.7,,,,0,0,20,1.133,0,,,0,1,280,19.016,75.107,0.261,92.681,,,,,0
2026-10-07T06:00Z,2026-10-08T06:00Z,3684609,24,5.6,5.6,,,,h,5.6,,,,0,0,1288.061,1.564,0,,,0,13,281,26.448,51.45,1.249,104.534,,,,,0
2026-10-07T06:00Z,2026-10-09T06:00Z,3684609,48,11.1,11.1,,,,h,11.1,,,,0,0.001,1232.651,2.037,0,,,0,13,282,27.26,48.629,1.557,95.247,,,,,0
2026-10-07T06:00Z,2026-10-07T07:00Z,3684610,1,7.5,4,,,,h,4,,,,0,0,1075.066,2.806,0.184,10.7,,-0.56,14,280,26.8,58.043,2.031,38.976,,,,,0
2026-10-07T06:00Z,2026-10-07T09:00Z,3684610,3,6.3,3.4,,,,h,3.4,,,,0,0,927.144,3.068,0.054,10.7,,-0.56,16,280,26.343,60.619,2.205,49.321,,,,,0
2026-10-07T06:00Z,2026-10-07T12:00Z,3684610,6,7.9,4.5,,,,h,4.5,,,,0,0,27.771,1.916,0,10.7,,-0.56,19,280,23.014,76.859,0.305,70.285,,,,,0
2026-10-07T06:00Z,2026-10-07T18:00Z,3684610,12,14.2,8.9,,,,h,8.9,,,,0,0,15.391,0.422,0,10.7,,-0.56,1,280,20.196,83.041,0.21,114.891,,,,,0
2026-10-07T06:00Z,2026-10-08T06:00Z,3684610,24,5.1,3.4,,,,h,3.4,,,,0,0,1277.589,2.583,0,10.7,,-0.56,13,281,27.681,53.857,2.043,58.509,,,,,0
2026-10-07T06:00Z,2026-10-09T06:00Z,3684610,48,6.9,5.5,,,,h,5.5,,,,0,0,1258.551,2.688,0.018,10.7,,-0.56,13,282,28.602,52.643,2.001,50.187,,,,,0
2026-10-07T06:00Z,2026-10-07T07:00Z,3685146,1,3.7,7.3,,,,h,7.3,,,,0,0,1582.325,2.135,0,8.5,,0.59,14,280,26.624,49.029,1.581,80.891,,,,,0
2026-10-07T06:00Z,2026-10-07T09:00Z,3685146,3,3.7,7.1,,,,h,7.1,,,,0,0,909.779,2.588,0,8.5,,0.59,16,280,25.881,52.304,1.76,74.172,,,,,0
2026-10-07T06:00Z,2026-10-07T12:00Z,3685146,6,5.8,10.3,,,,h,10.3,,,,0,0,40.475,3.302,0,8.5,,0.59,19,280,20.793,76.081,1.191,81.575,,,,,0
2026-10-07T06:00Z,2026-10-07T18:00Z,3685146,12,11.7,18.9,,,,h,18.9,,,,0,0,26.658,1.042,0,8.5,,0.59,1,280,17.472,88.17,0.563,49.717,,,,,0
2026-10-07T06:00Z,2026-10-08T06:00Z,3685146,24,5,7.5,,,,h,7.5,,,,0,0,1674.72,0.42,0,8.5,,0.59,13,281,27.719,49.985,0.3,107.912,,,,,0
2026-10-07T06:00Z,2026-10-09T06:00Z,3685146,48,10.7,13.5,,,,h,13.5,,,,0,0,1482.64,1.444,0,8.5,,0.59,13,282,28.387,49.527,1.046,86.11,,,,,0
2026-10-07T06:00Z,2026-10-07T07:00Z,3685147,1,3.6,27.4,,,,h,27.4,,,,0,0,1300.675,2.749,0,31.4,,1.897,14,280,25.424,53.518,2.061,41.023,,,,,0
2026-10-07T06:00Z,2026-10-07T09:00Z,3685147,3,3.8,26.5,,,,h,26.5,,,,0,0,1267.668,2.812,0,31.4,,1.897,16,280,25.211,52.86,2.015,52.813,,,,,0
2026-10-07T06:00Z,2026-10-07T12:00Z,3685147,6,4.8,28.9,,,,h,28.9,,,,0,0,31.493,2.144,0,31.4,,1.897,19,280,21.407,73.267,0.694,89.529,,,,,0
2026-10-07T06:00Z,2026-10-07T18:00Z,3685147,12,7.3,34.3,,,,h,34.3,,,,0,0,15.857,0.664,0,31.4,,1.897,1,280,18.456,78.805,0.34,36.525,,,,,0
2026-10-07T06:00Z,2026-10-08T06:00Z,3685147,24,4.4,15.7,,,,h,15.7,,,,0,0,1251.32,1.651,0,31.4,,1.897,13,281,26.233,55.053,1.232,32.664,,,,,0
2026-10-07T06:00Z,2026-10-09T06:00Z,3685147,48,13.2,27.1,,,,h,27.1,,,,0,0,1129.063,2.205,0.072,31.4,,1.897,13,282,26.759,56.967,1.733,29.552,,,,,0
2026-10-07T06:00Z,2026-10-07T07:00Z,3685149,1,4.3,1.9,,,,h,1.9,,,,0,0,560.758,2.615,0.529,2,,-0.645,14,280,28.469,81.376,1.855,23.399,,,,,0
2026-10-07T06:00Z,2026-10-07T09:00Z,3685149,3,5.2,2.4,,,,h,2.4,,,,0,0.001,543.864,3.239,0.57,2,,-0.645,16,280,27.69,83.55,2.03,31.227,,,,,0
2026-10-07T06:00Z,2026-10-07T12:00Z,3685149,6,7,3.6,,,,h,3.6,,,,0,0.005,290.935,3.013,0.115,2,,-0.645,19,280,25.661,89.317,1.431,10.748,,,,,0
2026-10-07T06:00Z,2026-10-07T18:00Z,3685149,12,8.3,4.7,,,,h,4.7,,,,0,0.007,239.798,2.623,0.087,2,,-0.645,1,280,23.403,90.6,1.363,8.308,,,,,0
2026-10-07T06:00Z,2026-10-08T06:00Z,3685149,24,2.7,1.5,,,,h,1.5,,,,0,0.006,637.771,3.079,1.061,2,,-0.645,13,281,26.635,86.221,1.998,350.358,,,,,0
2026-10-07T06:00Z,2026-10-09T06:00Z,3685149,48,2.4,1.7,,,,h,1.7,,,,0,0.005,463.942,3.955,2.752,2,,-0.645,13,282,26.297,88.614,2.942,3.335,,,,,0
2026-10-07T06:00Z,2026-10-07T07:00Z,3685150,1,2.6,2,,,,h,2,,,,0,0,403.176,1.585,0.586,2.2,,-0.206,14,280,28.827,83.215,1.046,346.51,,,,,0
2026-10-07T06:00Z,2026-10-07T09:00Z,3685150,3,3,2.3,,,,h,2.3,,,,0,0,303.408,1.733,0.716,2.2,,-0.206,16,280,27.327,91.044,0.996,13.826,,,,,0
2026-10-07T06:00Z,2026-10-07T12:00Z,3685150,6,4.1,3.3,,,,h,3.3,,,,0,0.001,137.11,1.959,0.129,2.2,,-0.206,19,280,25.811,94.972,0.731,337.069,,,,,0
2026-10-07T06:00Z,2026-10-07T18:00Z,3685150,12,4.6,3.8,,,,h,3.8,,,,0,0.005,132.856,1.939,0.064,2.2,,-0.206,1,280,23.786,94.93,1.027,330.021,,,,,0
2026-10-07T06:00Z,2026-10-08T06:00Z,3685150,24,4.3,3.7,,,,h,3.7,,,,0,0.004,519.603,2.842,1.74,2.2,,-0.206,13,281,26.549,90.263,1.785,325.273,,,,,0
2026-10-07T06:00Z,2026-10-09T06:00Z,3685150,48,4.6,4.2,,,,h,4.2,,,,0,0.004,563.038,3.21,2.887,2.2,,-0.206,13,282,27.357,85.237,2.41,352.255,,,,,0
2026-10-07T06:00Z,2026-10-07T07:00Z,3685151,1,4.3,3.3,,,,h,3.3,,,,0,0,450.957,1.908,0.625,3.5,,-0.207,14,280,28.419,84.522,1.33,16.509,,,,,0
2026-10-07T06:00Z,2026-10-07T09:00Z,3685151,3,5.2,4.1,,,,h,4.1,,,,0,0.001,442.549,2.472,0.63,3.5,,-0.207,16,280,27.637,86.458,1.497,27.065,,,,,0
2026-10-07T06:00Z,2026-10-07T12:00Z,3685151,6,7,5.7,,,,h,5.7,,,,0,0.004,231.926,2.626,0.138,3.5,,-0.207,19,280,25.731,91.693,1.159,357.678,,,,,0
2026-10-07T06:00Z,2026-10-07T18:00Z,3685151,12,8.3,6.9,,,,h,6.9,,,,0,0.007,194.428,2.171,0.085,3.5,,-0.207,1,280,23.404,92.266,1.125,354.528,,,,,0
2026-10-07T06:00Z,2026-10-08T06:00Z,3685151,24,2.7,2.3,,,,h,2.3,,,,0,0.005,569.684,2.834,1.221,3.5,,-0.207,13,281,26.401,88.878,1.761,332.422,,,,,0
2026-10-07T06:00Z,2026-10-09T06:00Z,3685151,48,2.4,2.2,,,,h,2.2,,,,0,0.005,442.805,3.881,3.138,3.5,,-0.207,13,282,26.405,88.829,2.904,359.72,,,,,0
2026-10-07T06:00Z,2026-10-07T07:00Z,3685152,1,2.6,0.2,,,,h,0.2,,,,0,0,459.77,1.927,0.484,0,,-1.131,14,280,29.115,79.981,1.341,342.598,,,,,0
2026-10-07T06:00Z,2026-10-07T09:00Z,3685152,3,3,0.4,,,,h,0.4,,,,0,0,295.558,1.867,0.722,0,,-1.131,16,280,27.183,91.602,1.109,12.186,,,,,0
2026-10-07T06:00Z,2026-10-07T12:00Z,3685152,6,4.1,0.9,,,,h,0.9,,,,0,0.001,125.388,1.723,0.105,0,,-1.131,19,280,25.808,95.135,0.616,337.62,,,,,0
2026-10-07T06:00Z,2026-10-07T18:00Z,3685152,12,4.6,1.4,,,,h,1.4,,,,0,0.005,129.825,1.993,0.052,0,,-1.131,1,280,24.026,95.276,1.062,329.972,,,,,0
2026-10-07T06:00Z,2026-10-08T06:00Z,3685152,24,4.3,1.7,,,,h,1.7,,,,0,0.004,548.47,2.915,1.922,0,,-1.131,13,281,26.852,88.878,1.896,335.399,,,,,0
2026-10-07T06:00Z,2026-10-09T06:00Z,3685152,48,4.6,2.7,,,,h,2.7,,,,0,0.004,651.552,2.854,2.439,0,,-1.131,13,282,27.86,82.904,2.139,350.333,,,,,0
2026-10-07T06:00Z,2026-10-07T07:00Z,3714636,1,3.1,4.3,,,,h,4.3,,,,0,0,1412.777,2.758,0,1.5,,0.274,14,280,25.22,51.531,2.058,46.129,,,,,0
2026-10-07T06:00Z,2026-10-07T09:00Z,3714636,3,3.2,4.4,,,,h,4.4,,,,0,0,974.046,3.416,0,1.5,,0.274,16,280,24.2,53.899,2.358,60.457,,,,,0
2026-10-07T06:00Z,2026-10-07T12:00Z,3714636,6,4.4,5.8,,,,h,5.8,,,,0,0,40,3.186,0,1.5,,0.274,19,280,19.745,76.611,1.337,92.475,,,,,0
2026-10-07T06:00Z,2026-10-07T18:00Z,3714636,12,7.7,9.7,,,,h,9.7,,,,0,0,28.287,1.634,0,1.5,,0.274,1,280,18.287,76.543,0.783,67.866,,,,,0
2026-10-07T06:00Z,2026-10-08T06:00Z,3714636,24,4.3,5.2,,,,h,5.2,,,,0,0,1282.744,1.345,0,1.5,,0.274,13,281,25.79,54.918,0.901,16.462,,,,,0
2026-10-07T06:00Z,2026-10-09T06:00Z,3714636,48,11.8,13.1,,,,h,13.1,,,,0,0,1338.911,2.372,0,1.5,,0.274,13,282,26.746,53.244,1.786,38.624,,,,,0
2026-10-07T06:00Z,2026-10-07T07:00Z,3714637,1,3.9,9,,,,h,9,,,,0,0,1385.343,3.328,0,4.6,,0.746,14,280,26.581,54.874,2.447,50.764,,,,,0
2026-10-07T06:00Z,2026-10-07T09:00Z,3714637,3,4,8.9,,,,h,8.9,,,,0,0,1083.875,3.446,0,4.6,,0.746,16,280,26.045,55.437,2.428,54.312,,,,,0
2026-10-07T06:00Z,2026-10-07T12:00Z,3714637,6,4.8,10.1,,,,h,10.1,,,,0,0,102.766,3.662,0,4.6,,0.746,19,280,21.982,75.39,1.421,85.295,,,,,0
2026-10-07T06:00Z,2026-10-07T18:00Z,3714637,12,7.4,13.8,,,,h,13.8,,,,0,0,14.651,0.504,0,4.6,,0.746,1,280,19.579,82.443,0.188,88.944,,,,,0
2026-10-07T06:00Z,2026-10-08T06:00Z,3714637,24,4.8,8,,,,h,8,,,,0,0,1335.357,2.538,0,4.6,,0.746,13,281,27.212,54.73,1.938,41.793,,,,,0
2026-10-07T06:00Z,2026-10-09T06:00Z,3714637,48,11.4,15.2,,,,h,15.2,,,,0,0,1305.575,2.962,0,4.6,,0.746,13,282,27.873,54.195,2.252,47.076,,,,,0
2026-10-07T06:00Z,2026-10-07T07:00Z,3714638,1,4.8,1,,,,h,1,,,,0,0.001,1063.21,2.746,0,0.9,,-1.126,14,280,27.057,60.831,2.084,47.106,,,,,0
2026-10-07T06:00Z,2026-10-07T09:00Z,3714638,3,4.4,0.9,,,,h,0.9,,,,0,0.001,826.037,2.215,0.007,0.9,,-1.126,16,280,26.388,63.059,1.653,63.45,,,,,0
2026-10-07T06:00Z,2026-10-07T12:00Z,3714638,6,5.1,1.3,,,,h,1.3,,,,0,0.002,28.083,1.274,0,0.9,,-1.126,19,280,23.03,81.07,0.454,349.409,,,,,0
2026-10-07T06:00Z,2026-10-07T18:00Z,3714638,12,7.3,2.5,,,,h,2.5,,,,0,0.003,16.214,0.819,0,0.9,,-1.126,1,280,20.556,86.135,0.176,149.736,,,,,0
2026-10-07T06:00Z,2026-10-08T06:00Z,3714638,24,4.9,2,,,,h,2,,,,0,0.001,944.441,2.728,0,0.9,,-1.126,13,281,27.656,61.15,1.999,34.409,,,,,0
2026-10-07T06:00Z,2026-10-09T06:00Z,3714638,48,12.7,8.1,,,,h,8.1,,,,0,0,1115.97,3.282,0.007,0.9,,-1.126,13,282,28.298,58.509,2.39,35.965,,,,,0
2026-10-07T06:00Z,2026-10-07T07:00Z,3714639,1,4.1,0.6,,,,h,0.6,,,,0,0,1106.458,3.222,0.118,0.6,,-1.222,14,280,23.82,60.454,2.319,32.922,,,,,0
2026-10-07T06:00Z,2026-10-07T09:00Z,3714639,3,4,0.6,,,,h,0.6,,,,0,0,765.961,3.31,0.048,0.6,,-1.222,16,280,22.675,63.938,2.266,49.915,,,,,0
2026-10-07T06:00Z,2026-10-07T12:00Z,3714639,6,5.1,1.1,,,,h,1.1,,,,0,0,38.828,2.007,0,0.6,,-1.222,19,280,18.742,85.161,0.57,74.149,,,,,0
2026-10-07T06:00Z,2026-10-07T18:00Z,3714639,12,7,2.2,,,,h,2.2,,,,0,0.001,16.999,0.597,0,0.6,,-1.222,1,280,17.038,80.029,0.179,139.313,,,,,0
2026-10-07T06:00Z,2026-10-08T06:00Z,3714639,24,4.8,1.8,,,,h,1.8,,,,0,0.001,1355.256,2.634,0.048,0.6,,-1.222,13,281,25.134,54.296,1.9,39.597,,,,,0
2026-10-07T06:00Z,2026-10-09T06:00Z,3714639,48,11.3,6.9,,,,h,6.9,,,,0,0,1225.325,3.527,0.048,0.6,,-1.222,13,282,25.273,57.31,2.574,52.312,,,,,0
2026-10-07T06:00Z,2026-10-07T07:00Z,3714641,1,7.9,11.6,,,,h,11.6,,,,0,0.003,1052.868,6.762,0.054,13.1,,0.362,14,280,27.817,66.796,4.598,38.77,,,,,0
2026-10-07T06:00Z,2026-10-07T09:00Z,3714641,3,8.2,11.8,,,,h,11.8,,,,0,0.007,1027.861,7.144,0.054,13.1,,0.362,16,280,27.288,69.065,4.489,41.75,,,,,0
2026-10-07T06:00Z,2026-10-07T12:00Z,3714641,6,9.5,13.4,,,,h,13.4,,,,0,0.018,646.643,5.983,0.001,13.1,,0.362,19,280,24.418,80.032,3.218,45.324,,,,,0
2026-10-07T06:00Z,2026-10-07T18:00Z,3714641,12,10.7,14.4,,,,h,14.4,,,,0,0.013,453.954,5.281,0.149,13.1,,0.362,1,280,22.857,85.984,2.637,39.195,,,,,0
2026-10-07T06:00Z,2026-10-08T06:00Z,3714641,24,4.2,5.4,,,,h,5.4,,,,0,0.007,869.844,6.357,0.155,13.1,,0.362,13,281,26.96,76.022,4.423,33.787,,,,,0
2026-10-07T06:00Z,2026-10-09T06:00Z,3714641,48,0.7,0.9,,,,h,0.9,,,,0,0.004,451.004,4.135,0.64,13.1,,0.362,13,282,24.838,91.458,2.874,6.651,,,,,0
2026-10-07T06:00Z,2026-10-07T07:00Z,3714642,1,3.4,3.4,,,,h,3.4,,,,0,0,430.816,1.827,0.64,,,0,14,280,28.339,85.054,1.257,16.948,,,,,0
2026-10-07T06:00Z,2026-10-07T09:00Z,3714642,3,4.3,4.3,,,,h,4.3,,,,0,0.001,426.477,2.354,0.621,,,0,16,280,27.576,86.869,1.401,27.088,,,,,0
2026-10-07T06:00Z,2026-10-07T12:00Z,3714642,6,5.9,5.9,,,,h,5.9,,,,0,0.004,228.388,2.543,0.141,,,0,19,280,25.667,92.241,1.109,356.142,,,,,0
2026-10-07T06:00Z,2026-10-07T18:00Z,3714642,12,5.8,5.8,,,,h,5.8,,,,0,0.007,186.991,2.063,0.09,,,0,1,280,23.361,92.803,1.06,352.018,,,,,0
2026-10-07T06:00Z,2026-10-08T06:00Z,3714642,24,2.7,2.7,,,,h,2.7,,,,0,0.005,551.225,2.792,1.236,,,0,13,281,26.3,89.504,1.717,329.508,,,,,0
2026-10-07T06:00Z,2026-10-09T06:00Z,3714642,48,2.9,2.9,,,,h,2.9,,,,0,0.004,430.064,3.86,3.177,,,0,13,282,26.344,89.182,2.882,357.97,,,,,0
2026-10-07T06:00Z,2026-10-07T07:00Z,3714643,1,2.7,0.8,,,,h,0.8,,,,0,0,385.146,1.519,0.659,0.4,,-0.726,14,280,27.183,86.027,0.957,21.057,,,,,0
2026-10-07T06:00Z,2026-10-07T09:00Z,3714643,3,3.6,1.4,,,,h,1.4,,,,0,0.002,390.412,1.93,0.492,0.4,,-0.726,16,280,26.347,89.067,1.028,24.584,,,,,0
2026-10-07T06:00Z,2026-10-07T12:00Z,3714643,6,4.5,1.9,,,,h,1.9,,,,0,0.007,208.212,2.4,0.16,0.4,,-0.726,19,280,24.398,94.504,1.003,356.673,,,,,0
2026-10-07T06:00Z,2026-10-07T18:00Z,3714643,12,5.1,2.5,,,,h,2.5,,,,0,0.007,135.425,1.96,0.116,0.4,,-0.726,1,280,22.594,94.621,0.963,346.905,,,,,0
2026-10-07T06:00Z,2026-10-08T06:00Z,3714643,24,2.1,1,,,,h,1,,,,0,0.005,484.393,2.528,1.175,0.4,,-0.726,13,281,25.3,92.105,1.498,325.303,,,,,0
2026-10-07T06:00Z,2026-10-09T06:00Z,3714643,48,2.8,1.9,,,,h,1.9,,,,0,0.002,468.518,2.855,2.747,0.4,,-0.726,13,282,26.445,85.243,2.076,345.894,,,,,0
2026-10-07T06:00Z,2026-10-07T07:00Z,3714646,1,3,0.7,,,,h,0.7,,,,0,0,583.007,1.484,0.441,0.2,,-0.898,14,280,26.442,76.847,1.01,16.401,,,,,0
2026-10-07T06:00Z,2026-10-07T09:00Z,3714646,3,3.1,0.8,,,,h,0.8,,,,0,0.002,516.169,2.047,0.261,0.2,,-0.898,16,280,25.036,86.407,1.237,12.269,,,,,0
2026-10-07T06:00Z,2026-10-07T12:00Z,3714646,6,4,1.3,,,,h,1.3,,,,0,0.007,138.473,2.362,0.028,0.2,,-0.898,19,280,22.911,90.747,0.905,9.075,,,,,0
2026-10-07T06:00Z,2026-10-07T18:00Z,3714646,12,7,3,,,,h,3,,,,0,0.007,106.733,3.204,0.014,0.2,,-0.898,1,280,21.989,90.224,1.602,5.056,,,,,0
2026-10-07T06:00Z,2026-10-08T06:00Z,3714646,24,3.2,1.5,,,,h,1.5,,,,0,0.003,613.339,2.286,0.819,0.2,,-0.898,13,281,25.439,85.583,1.515,357.148,,,,,0
2026-10-07T06:00Z,2026-10-09T06:00Z,3714646,48,3.8,2.5,,,,h,2.5,,,,0,0.001,917.282,0.515,0.636,0.2,,-0.898,13,282,28.899,65.303,0.423,225.602,,,,,0
2026-10-07T06:00Z,2026-10-07T07:00Z,3733065,1,5.3,2.8,,,,h,2.8,,,,0,0.002,650.696,3.221,0.059,2.2,,-0.524,14,280,30.331,67.162,2.538,329.676,,,,,0
2026-10-07T06:00Z,2026-10-07T09:00Z,3733065,3,5.1,2.8,,,,h,2.8,,,,0,0.001,205.986,2.142,0.821,2.2,,-0.524,16,280,26.204,96.598,1.366,3.771,,,,,0
2026-10-07T06:00Z,2026-10-07T12:00Z,3733065,6,5.3,3,,,,h,3,,,,0,0,51.956,0.691,0.009,2.2,,-0.524,19,280,25.757,97.164,0.27,308.587,,,,,0
2026-10-07T06:00Z,2026-10-07T18:00Z,3733065,12,5.9,3.6,,,,h,3.6,,,,0,0.002,96.65,2.281,0.004,2.2,,-0.524,1,280,25.07,97.989,1.281,323.857,,,,,0
2026-10-07T06:00Z,2026-10-08T06:00Z,3733065,24,5.2,3.5,,,,h,3.5,,,,0,0.002,514.48,3.875,3.152,2.2,,-0.524,13,281,27.461,87.322,2.833,5.773,,,,,0
2026-10-07T06:00Z,2026-10-09T06:00Z,3733065,48,3.9,3.1,,,,h,3.1,,,,0,0.002,1106.198,1.096,0.391,2.2,,-0.524,13,282,30.459,70.577,0.897,303.266,,,,,0
2026-10-07T06:00Z,2026-10-07T07:00Z,3783738,1,14.5,14.5,,,,h,14.5,,,,0,0.003,1258.797,4.467,0.133,,,0,14,280,29.38,58.247,3.235,41.886,,,,,0
2026-10-07T06:00Z,2026-10-07T09:00Z,3783738,3,15.3,15.3,,,,h,15.3,,,,0,0.005,938.027,6.626,0.133,,,0,16,280,27.632,67.089,4.382,55.425,,,,,0
2026-10-07T06:00Z,2026-10-07T12:00Z,3783738,6,17.9,17.9,,,,h,17.9,,,,0,0.019,545.203,7.147,0,,,0,19,280,24.297,74.157,3.973,65.95,,,,,0
2026-10-07T06:00Z,2026-10-07T18:00Z,3783738,12,18.2,18.2,,,,h,18.2,,,,0,0.023,314.765,5.011,0.01,,,0,1,280,22.169,79.04,2.286,48.155,,,,,0
2026-10-07T06:00Z,2026-10-08T06:00Z,3783738,24,10.3,10.3,,,,h,10.3,,,,0,0.007,1061.446,4.506,0.067,,,0,13,281,28.441,66.26,3.196,35.822,,,,,0
2026-10-07T06:00Z,2026-10-09T06:00Z,3783738,48,4.4,4.4,,,,h,4.4,,,,0,0.002,578.145,3.724,0.752,,,0,13,282,25.729,85.371,2.666,350.129,,,,,0
2026-10-07T06:00Z,2026-10-07T07:00Z,3891934,1,6.8,4.7,,,,h,4.7,,,,0,0.007,1104.564,0.375,0.103,4,,-0.319,14,280,29.077,63.507,0.237,102.737,,,,,0
2026-10-07T06:00Z,2026-10-07T09:00Z,3891934,3,7.5,5.3,,,,h,5.3,,,,0,0.005,546.823,1.384,0.439,4,,-0.319,16,280,28.499,67.864,1.099,135.779,,,,,0
2026-10-07T06:00Z,2026-10-07T12:00Z,3891934,6,25.2,18.9,,,,h,18.9,,,,0,0.004,30.647,0.772,0,4,,-0.319,19,280,24.787,91.432,0.309,148.528,,,,,0
2026-10-07T06:00Z,2026-10-07T18:00Z,3891934,12,33.5,26,,,,h,26,,,,0,0.002,45.4,1.12,0.504,4,,-0.319,1,280,21.694,96.393,0.463,223.86,,,,,0
2026-10-07T06:00Z,2026-10-08T06:00Z,3891934,24,10.2,8.3,,,,h,8.3,,,,0,0.001,941.726,0.87,0.106,4,,-0.319,13,281,29.583,61.434,0.698,120.543,,,,,0
2026-10-07T06:00Z,2026-10-09T06:00Z,3891934,48,11.4,10.1,,,,h,10.1,,,,0,0,1048.542,0.464,0.075,4,,-0.319,13,282,30.412,59.843,0.35,123.033,,,,,0
2026-10-07T06:00Z,2026-10-07T07:00Z,3892436,1,6.8,5.7,,,,h,5.7,,,,0,0.007,1104.231,0.327,0.094,4.9,,-0.153,14,280,29.225,63.367,0.203,100.918,,,,,0
2026-10-07T06:00Z,2026-10-07T09:00Z,3892436,3,7.5,6.4,,,,h,6.4,,,,0,0.005,530.316,1.411,0.418,4.9,,-0.153,16,280,28.651,67.851,1.124,135.931,,,,,0
2026-10-07T06:00Z,2026-10-07T12:00Z,3892436,6,25.2,21.9,,,,h,21.9,,,,0,0.004,31.321,0.754,0,4.9,,-0.153,19,280,25.011,90.882,0.312,150.92,,,,,0
2026-10-07T06:00Z,2026-10-07T18:00Z,3892436,12,33.5,29.7,,,,h,29.7,,,,0,0.002,45.167,1.093,0.48,4.9,,-0.153,1,280,21.871,96.208,0.45,226.905,,,,,0
2026-10-07T06:00Z,2026-10-08T06:00Z,3892436,24,10.2,9.2,,,,h,9.2,,,,0,0.001,926.658,0.852,0.099,4.9,,-0.153,13,281,29.691,61.604,0.686,124.257,,,,,0
2026-10-07T06:00Z,2026-10-09T06:00Z,3892436,48,11.4,10.7,,,,h,10.7,,,,0,0,1036.42,0.408,0.073,4.9,,-0.153,13,282,30.533,60.015,0.311,131.64,,,,,0
2026-10-07T06:00Z,2026-10-07T07:00Z,3892437,1,6.8,6.4,,,,h,6.4,,,,0,0.007,1119.626,0.167,0.091,5.6,,-0.059,14,280,29.415,63.206,0.073,96.565,,,,,0
2026-10-07T06:00Z,2026-10-07T09:00Z,3892437,3,7.5,7.1,,,,h,7.1,,,,0,0.005,528.062,1.382,0.408,5.6,,-0.059,16,280,28.882,67.334,1.11,141.034,,,,,0
2026-10-07T06:00Z,2026-10-07T12:00Z,3892437,6,25.2,23.9,,,,h,23.9,,,,0,0.004,31.502,0.78,0,5.6,,-0.059,19,280,25.173,91.025,0.381,146.895,,,,,0
2026-10-07T06:00Z,2026-10-07T18:00Z,3892437,12,33.5,32,,,,h,32,,,,0,0.002,44.455,1.127,0.475,5.6,,-0.059,1,280,22.017,96.184,0.502,226.911,,,,,0
2026-10-07T06:00Z,2026-10-08T06:00Z,3892437,24,10.2,9.8,,,,h,9.8,,,,0,0.001,929.074,0.769,0.093,5.6,,-0.059,13,281,29.863,61.443,0.623,127.758,,,,,0
2026-10-07T06:00Z,2026-10-09T06:00Z,3892437,48,11.4,11.1,,,,h,11.1,,,,0,0,1031.505,0.321,0.073,5.6,,-0.059,13,282,30.672,60.122,0.244,147.529,,,,,0
2026-10-07T06:00Z,2026-10-07T07:00Z,3998818,1,7.7,17.2,,,,h,17.2,,,,0,0.002,1186.451,2.583,0.108,21.2,,0.769,14,280,29.43,55.656,2.049,78.786,,,,,0
2026-10-07T06:00Z,2026-10-07T09:00Z,3998818,3,7.4,16,,,,h,16,,,,0,0.002,1022.252,2.555,0.036,21.2,,0.769,16,280,28.856,57.771,1.952,61.462,,,,,0
2026-10-07T06:00Z,2026-10-07T12:00Z,3998818,6,10.6,21.6,,,,h,21.6,,,,0,0.001,25.185,1.484,0,21.2,,0.769,19,280,25.744,79.919,0.392,96.116,,,,,0
2026-10-07T06:00Z,2026-10-07T18:00Z,3998818,12,14.2,26.3,,,,h,26.3,,,,0,0.001,141.119,3.868,0,21.2,,0.769,1,280,23.259,74.589,1.817,73.022,,,,,0
2026-10-07T06:00Z,2026-10-08T06:00Z,3998818,24,12.3,20,,,,h,20,,,,0,0.001,1303.175,1.27,0.002,21.2,,0.769,13,281,29.752,56.74,1.073,75.531,,,,,0
2026-10-07T06:00Z,2026-10-09T06:00Z,3998818,48,13.3,17.9,,,,h,17.9,,,,0,0.001,1215.476,1.182,0.002,21.2,,0.769,13,282,30.546,57.54,0.942,55.354,,,,,0
2026-10-07T06:00Z,2026-10-07T07:00Z,4028033,1,6.7,23.3,,,,h,23.3,,,,0,0.021,1322.296,2.715,0.046,29.1,,1.196,14,280,31.634,61.739,2.161,45.023,,,,,0
2026-10-07T06:00Z,2026-10-07T09:00Z,4028033,3,6.7,22.1,,,,h,22.1,,,,0,0.013,917.046,1.924,0.062,29.1,,1.196,16,280,31.095,65.079,1.463,47.361,,,,,0
2026-10-07T06:00Z,2026-10-07T12:00Z,4028033,6,21.3,61.7,,,,h,61.7,,,,0,0.01,101.588,1.739,0,29.1,,1.196,19,280,26.879,88.672,1.154,239.186,,,,,0
2026-10-07T06:00Z,2026-10-07T18:00Z,4028033,12,52.7,132.7,,,,h,132.7,,,,0,0.059,83.143,1.648,0,29.1,,1.196,1,280,24.827,96.241,0.644,265.734,,,,,0
2026-10-07T06:00Z,2026-10-08T06:00Z,4028033,24,15.7,33,,,,h,33,,,,0,0.048,1287.025,1.39,0.037,29.1,,1.196,13,281,31.929,60.587,1.046,33.684,,,,,0
2026-10-07T06:00Z,2026-10-09T06:00Z,4028033,48,18.5,29,,,,h,29,,,,0,0.002,699.086,3.345,2.096,29.1,,1.196,13,282,29.022,76.556,2.443,25.22,,,,,0
2026-10-07T06:00Z,2026-10-07T07:00Z,4143979,1,5.3,8.7,,,,h,8.7,,,,0,0,1464.953,1.391,0.012,9.6,,0.448,14,280,25.024,52.638,0.974,98.009,,,,,0
2026-10-07T06:00Z,2026-10-07T09:00Z,4143979,3,5.6,9,,,,h,9,,,,0,0,1090.99,1.975,0,9.6,,0.448,16,280,24.366,53.312,1.348,108.153,,,,,0
2026-10-07T06:00Z,2026-10-07T12:00Z,4143979,6,7,10.8,,,,h,10.8,,,,0,0,53.514,3.315,0,9.6,,0.448,19,280,19.723,78.857,1.155,102.939,,,,,0
2026-10-07T06:00Z,2026-10-07T18:00Z,4143979,12,11.8,17,,,,h,17,,,,0,0,17.163,1.243,0,9.6,,0.448,1,280,18.336,75.753,0.404,109.256,,,,,0
2026-10-07T06:00Z,2026-10-08T06:00Z,4143979,24,5.9,8,,,,h,8,,,,0,0,1433.606,1.936,0.018,9.6,,0.448,13,281,25.805,52.946,1.498,129.448,,,,,0
2026-10-07T06:00Z,2026-10-09T06:00Z,4143979,48,10.1,12,,,,h,12,,,,0,0.001,1308.139,1.763,0.063,9.6,,0.448,13,282,26.842,51.616,1.29,66.093,,,,,0
2026-10-07T06:00Z,2026-10-07T07:00Z,4143980,1,5.6,1.5,,,,h,1.5,,,,0,0,1242.182,2.978,0.195,1.3,,-1.007,14,280,26.977,55.291,2.188,35.631,,,,,0
2026-10-07T06:00Z,2026-10-07T09:00Z,4143980,3,4.6,1.2,,,,h,1.2,,,,0,0,1215.407,3.181,0.074,1.3,,-1.007,16,280,26.418,57.692,2.183,41.076,,,,,0
2026-10-07T06:00Z,2026-10-07T12:00Z,4143980,6,5.9,1.9,,,,h,1.9,,,,0,0,70.3,2.964,0,1.3,,-1.007,19,280,22.184,81.469,0.921,87.848,,,,,0
2026-10-07T06:00Z,2026-10-07T18:00Z,4143980,12,8.3,3.3,,,,h,3.3,,,,0,0,18.632,0.281,0,1.3,,-1.007,1,280,19.201,82.667,0.157,151.86,,,,,0
2026-10-07T06:00Z,2026-10-08T06:00Z,4143980,24,4.9,2.2,,,,h,2.2,,,,0,0,1459.803,2.354,0,1.3,,-1.007,13,281,27.624,52.779,1.745,30.712,,,,,0
2026-10-07T06:00Z,2026-10-09T06:00Z,4143980,48,8.6,5.7,,,,h,5.7,,,,0,0,1406.041,2.607,0.039,1.3,,-1.007,13,282,28.354,53.257,1.936,30.339,,,,,0
2026-10-07T06:00Z,2026-10-07T07:00Z,4143982,1,10.6,8.4,,,,h,8.4,,,,0,0.019,1138.8,7.093,0.048,7.9,,-0.217,14,280,27.272,65.474,4.85,30.017,,,,,0
2026-10-07T06:00Z,2026-10-07T09:00Z,4143982,3,12.6,10.1,,,,h,10.1,,,,0,0.027,879.292,7.072,0.027,7.9,,-0.217,16,280,25.818,72.547,4.394,30.727,,,,,0
2026-10-07T06:00Z,2026-10-07T12:00Z,4143982,6,17.8,14.6,,,,h,14.6,,,,0,0.026,655.95,6.578,0.051,7.9,,-0.217,19,280,23.285,81.381,3.5,34.98,,,,,0
2026-10-07T06:00Z,2026-10-07T18:00Z,4143982,12,9.1,7.6,,,,h,7.6,,,,0,0.039,451.805,5.141,0.115,7.9,,-0.217,1,280,22.244,85.841,2.343,28.751,,,,,0
2026-10-07T06:00Z,2026-10-08T06:00Z,4143982,24,8.4,7.3,,,,h,7.3,,,,0,0.015,792.195,6.348,0.292,7.9,,-0.217,13,281,25.469,80.649,4.051,22.436,,,,,0
2026-10-07T06:00Z,2026-10-09T06:00Z,4143982,48,0.8,0.7,,,,h,0.7,,,,0,0.002,512.431,3.762,0.884,7.9,,-0.217,13,282,24.762,91.352,2.584,8.791,,,,,0
2026-10-07T06:00Z,2026-10-07T07:00Z,4143984,1,11.8,9.1,,,,h,9.1,,,,0,0.017,1289.248,7.527,0.011,11.1,,-0.247,14,280,28.181,59.184,5.269,36.836,,,,,0
2026-10-07T06:00Z,2026-10-07T09:00Z,4143984,3,12.3,9.6,,,,h,9.6,,,,0,0.029,866.501,7.683,0.011,11.1,,-0.247,16,280,26.053,69.801,4.87,35.835,,,,,0
2026-10-07T06:00Z,2026-10-07T12:00Z,4143984,6,18.8,15,,,,h,15,,,,0,0.038,714.001,7.352,0,11.1,,-0.247,19,280,23.204,78.642,4.12,42.277,,,,,0
2026-10-07T06:00Z,2026-10-07T18:00Z,4143984,12,9.8,7.9,,,,h,7.9,,,,0,0.034,551.708,6.153,0.005,11.1,,-0.247,1,280,22.105,80.129,3.034,35.678,,,,,0
2026-10-07T06:00Z,2026-10-08T06:00Z,4143984,24,9.6,8.2,,,,h,8.2,,,,0,0.019,919.784,7.253,0.011,11.1,,-0.247,13,281,25.945,75.206,4.858,31.03,,,,,0
2026-10-07T06:00Z,2026-10-09T06:00Z,4143984,48,1.2,1,,,,h,1,,,,0,0.002,601.989,4.31,1.059,11.1,,-0.247,13,282,24.612,91.427,2.946,12.153,,,,,0
2026-10-07T06:00Z,2026-10-07T07:00Z,4143985,1,14.2,6.9,,,,h,6.9,,,,0,0.005,1222.597,5.91,0.082,6.7,,-0.678,14,280,28.719,60.366,4.166,39.757,,,,,0
2026-10-07T06:00Z,2026-10-07T09:00Z,4143985,3,14.3,7.2,,,,h,7.2,,,,0,0.011,949.292,6.987,0.082,6.7,,-0.678,16,280,27.168,68.132,4.503,46.029,,,,,0
2026-10-07T06:00Z,2026-10-07T12:00Z,4143985,6,18.2,9.7,,,,h,9.7,,,,0,0.031,613.424,6.766,0,6.7,,-0.678,19,280,24.081,76.719,3.724,54.778,,,,,0
2026-10-07T06:00Z,2026-10-07T18:00Z,4143985,12,14,7.9,,,,h,7.9,,,,0,0.024,420.517,5.429,0.04,6.7,,-0.678,1,280,22.354,80.828,2.615,42.125,,,,,0
2026-10-07T06:00Z,2026-10-08T06:00Z,4143985,24,11.1,7.1,,,,h,7.1,,,,0,0.008,981.624,5.797,0.067,6.7,,-0.678,13,281,27.433,70.981,4.021,34.274,,,,,0
2026-10-07T06:00Z,2026-10-09T06:00Z,4143985,48,2.2,1.5,,,,h,1.5,,,,0,0.003,558.089,3.99,0.808,6.7,,-0.678,13,282,25.205,88.503,2.792,1.807,,,,,0
2026-10-07T06:00Z,2026-10-07T07:00Z,4143986,1,5.5,7.1,,,,h,7.1,,,,0,0.001,755.21,4.456,0.319,5.5,,0.235,14,280,27.956,75.661,3.039,33.808,,,,,0
2026-10-07T06:00Z,2026-10-07T09:00Z,4143986,3,6.4,8.2,,,,h,8.2,,,,0,0.003,740.529,4.899,0.31,5.5,,0.235,16,280,27.335,77.56,3.041,38.203,,,,,0
2026-10-07T06:00Z,2026-10-07T12:00Z,4143986,6,8.2,10.3,,,,h,10.3,,,,0,0.011,460.623,4.122,0.066,5.5,,0.235,19,280,24.918,85.945,2.169,31.797,,,,,0
2026-10-07T06:00Z,2026-10-07T18:00Z,4143986,12,7.8,9.5,,,,h,9.5,,,,0,0.008,327.149,3.504,0.128,5.5,,0.235,1,280,23.057,89.53,1.739,27.223,,,,,0
2026-10-07T06:00Z,2026-10-08T06:00Z,4143986,24,2.4,2.9,,,,h,2.9,,,,0,0.006,710.66,4.125,0.661,5.5,,0.235,13,281,26.557,82.651,2.773,16.168,,,,,0
2026-10-07T06:00Z,2026-10-09T06:00Z,4143986,48,1.3,1.5,,,,h,1.5,,,,0,0.004,433.386,3.931,1.811,5.5,,0.235,13,282,25.504,90.606,2.814,2.089,,,,,0
2026-10-07T06:00Z,2026-10-07T07:00Z,4143988,1,3,2.1,,,,h,2.1,,,,0,0.001,626.188,1.61,0.406,0,,-0.266,14,280,26.182,75.482,1.108,20.166,,,,,0
2026-10-07T06:00Z,2026-10-07T09:00Z,4143988,3,3.1,2.2,,,,h,2.2,,,,0,0.002,559.258,2.213,0.203,0,,-0.266,16,280,24.774,85.409,1.363,13.403,,,,,0
2026-10-07T06:00Z,2026-10-07T12:00Z,4143988,6,4,3,,,,h,3,,,,0,0.007,145.351,2.565,0.011,0,,-0.266,19,280,22.561,89.757,1.003,13.955,,,,,0
2026-10-07T06:00Z,2026-10-07T18:00Z,4143988,12,7,5.5,,,,h,5.5,,,,0,0.007,110.889,3.519,0.006,0,,-0.266,1,280,21.782,89.216,1.751,8.513,,,,,0
2026-10-07T06:00Z,2026-10-08T06:00Z,4143988,24,3.2,2.6,,,,h,2.6,,,,0,0.003,644.988,2.4,0.677,0,,-0.266,13,281,25.38,84.376,1.604,4.751,,,,,0
2026-10-07T06:00Z,2026-10-09T06:00Z,4143988,48,3.8,3.4,,,,h,3.4,,,,0,0.001,966.747,0.824,0.307,0,,-0.266,13,282,29.097,62.69,0.685,200.198,,,,,0
2026-10-07T06:00Z,2026-10-07T07:00Z,4165629,1,3.6,1.5,,,,h,1.5,,,,0,0,505.369,1.248,0.903,0.6,,-0.643,14,280,28.329,79.473,0.87,3.373,,,,,0
2026-10-07T06:00Z,2026-10-07T09:00Z,4165629,3,4.5,2,,,,h,2,,,,0,0,364.912,1.14,0.514,0.6,,-0.643,16,280,27.44,82.571,0.773,19.104,,,,,0
2026-10-07T06:00Z,2026-10-07T12:00Z,4165629,6,4,1.9,,,,h,1.9,,,,0,0,188.686,1.213,0.025,0.6,,-0.643,19,280,25.818,91.626,1.035,17.118,,,,,0
2026-10-07T06:00Z,2026-10-07T18:00Z,4165629,12,3.2,1.6,,,,h,1.6,,,,0,0,167.24,2.299,0.036,0.6,,-0.643,1,280,24.393,94.173,1.987,35.881,,,,,0
2026-10-07T06:00Z,2026-10-08T06:00Z,4165629,24,6.9,4.4,,,,h,4.4,,,,0,0,707,1.899,0.464,0.6,,-0.643,13,281,28.724,74.052,1.551,352.732,,,,,0
2026-10-07T06:00Z,2026-10-09T06:00Z,4165629,48,5.5,4.2,,,,h,4.2,,,,0,0.003,720.509,2.736,0.207,0.6,,-0.643,13,282,29.425,70.588,2.208,31.05,,,,,0
2026-10-07T06:00Z,2026-10-07T07:00Z,4321722,1,9,11.9,,,,h,11.9,,,,0,0.022,965.247,6.372,0.13,9.5,,0.266,14,280,25.681,73.323,4.247,24.595,,,,,0
2026-10-07T06:00Z,2026-10-07T09:00Z,4321722,3,10.7,13.9,,,,h,13.9,,,,0,0.026,858.04,6.305,0.081,9.5,,0.266,16,280,24.793,77.385,3.844,28.056,,,,,0
2026-10-07T06:00Z,2026-10-07T12:00Z,4321722,6,12.3,15.7,,,,h,15.7,,,,0,0.019,601.148,5.893,0.248,9.5,,0.266,19,280,22.562,85.965,3.004,29.833,,,,,0
2026-10-07T06:00Z,2026-10-07T18:00Z,4321722,12,7.7,9.7,,,,h,9.7,,,,0,0.028,318.888,4.202,0.286,9.5,,0.266,1,280,21.692,91.889,1.847,24.541,,,,,0
2026-10-07T06:00Z,2026-10-08T06:00Z,4321722,24,4,4.9,,,,h,4.9,,,,0,0.01,703.655,5.479,0.465,9.5,,0.266,13,281,24.561,85.62,3.357,16.686,,,,,0
2026-10-07T06:00Z,2026-10-09T06:00Z,4321722,48,0.7,0.9,,,,h,0.9,,,,0,0.001,474.373,3.193,0.682,9.5,,0.266,13,282,24.903,87.971,2.211,8.004,,,,,0
2026-10-07T06:00Z,2026-10-07T07:00Z,4588536,1,5.5,1.5,,,,h,1.5,,,,0,0.007,1145.651,0.219,0.085,0.8,,-1.002,14,280,29.891,62.812,0.232,294.716,,,,,0
2026-10-07T06:00Z,2026-10-07T09:00Z,4588536,3,6.4,1.9,,,,h,1.9,,,,0,0.005,515.247,1.34,0.355,0.8,,-1.002,16,280,29.452,66.189,1.093,151.376,,,,,0
2026-10-07T06:00Z,2026-10-07T12:00Z,4588536,6,24.2,9.6,,,,h,9.6,,,,0,0.004,31.98,0.787,0,0.8,,-1.002,19,280,25.668,90.793,0.508,142.416,,,,,0
2026-10-07T06:00Z,2026-10-07T18:00Z,4588536,12,33.3,15,,,,h,15,,,,0,0.002,42.843,1.155,0.423,0.8,,-1.002,1,280,22.455,95.863,0.594,229.018,,,,,0
2026-10-07T06:00Z,2026-10-08T06:00Z,4588536,24,8.9,4.5,,,,h,4.5,,,,0,0.001,923.73,0.574,0.077,0.8,,-1.002,13,281,30.272,61.508,0.469,150,,,,,0
2026-10-07T06:00Z,2026-10-09T06:00Z,4588536,48,9.6,6.4,,,,h,6.4,,,,0,0,989.968,0.4,0.112,0.8,,-1.002,13,282,31,60.846,0.34,220.168,,,,,0
2026-10-07T06:00Z,2026-10-07T07:00Z,4765764,1,9.9,10.9,,,,h,10.9,,,,0,0.001,1181.292,2.459,0.108,11.1,,0.092,14,280,29.363,55.9,1.937,76.492,,,,,0
2026-10-07T06:00Z,2026-10-07T09:00Z,4765764,3,8.7,9.6,,,,h,9.6,,,,0,0.001,1024.547,2.509,0.036,11.1,,0.092,16,280,28.799,58.065,1.919,59.629,,,,,0
2026-10-07T06:00Z,2026-10-07T12:00Z,4765764,6,10.8,11.8,,,,h,11.8,,,,0,0.001,31.299,1.624,0,11.1,,0.092,19,280,25.643,79.899,0.436,88.924,,,,,0
2026-10-07T06:00Z,2026-10-07T18:00Z,4765764,12,15.7,16.9,,,,h,16.9,,,,0,0.001,126.399,3.475,0,11.1,,0.092,1,280,23.235,76.353,1.592,70.063,,,,,0
2026-10-07T06:00Z,2026-10-08T06:00Z,4765764,24,11.2,11.9,,,,h,11.9,,,,0,0.001,1275.952,1.328,0.006,11.1,,0.092,13,281,29.676,56.86,1.113,64.358,,,,,0
2026-10-07T06:00Z,2026-10-09T06:00Z,4765764,48,12.7,13.2,,,,h,13.2,,,,0,0.001,1211.689,1.462,0.006,11.1,,0.092,13,282,30.465,57.736,1.157,47.098,,,,,0
2026-10-07T06:00Z,2026-10-07T07:00Z,4894523,1,27.9,32,,,,h,32,,,,0,0.037,1238.838,2.557,0.212,27.8,,0.138,14,280,31.333,64.668,2.066,44.025,,,,,0
2026-10-07T06:00Z,2026-10-07T09:00Z,4894523,3,26.7,30.5,,,,h,30.5,,,,0,0.031,972.993,1.507,0.257,27.8,,0.138,16,280,30.86,66.291,1.121,44.691,,,,,0
2026-10-07T06:00Z,2026-10-07T12:00Z,4894523,6,34.9,39.5,,,,h,39.5,,,,0,0.011,102.792,1.709,0.01,27.8,,0.138,19,280,26.695,90.779,1.115,220.609,,,,,0
2026-10-07T06:00Z,2026-10-07T18:00Z,4894523,12,32.6,36.3,,,,h,36.3,,,,0,0.016,92.792,1.948,0.01,27.8,,0.138,1,280,24.708,95.748,0.613,297.381,,,,,0
2026-10-07T06:00Z,2026-10-08T06:00Z,4894523,24,31.1,33.9,,,,h,33.9,,,,0,0.05,1242.815,1.748,0.066,27.8,,0.138,13,281,31.672,62.227,1.356,31.078,,,,,0
2026-10-07T06:00Z,2026-10-09T06:00Z,4894523,48,35.2,37.1,,,,h,37.1,,,,0,0.002,949.397,3.608,1.28,27.8,,0.138,13,282,30.2,69.834,2.729,26.493,,,,,0
2026-10-07T06:00Z,2026-10-07T07:00Z,4932270,1,6.8,4.6,,,,h,4.6,,,,0,0.005,969.531,2.37,0.216,3.9,,-0.341,14,280,25.828,65.866,1.796,110.405,,,,,0
2026-10-07T06:00Z,2026-10-07T09:00Z,4932270,3,7.5,5.2,,,,h,5.2,,,,0,0.004,678.571,1.992,0.678,3.9,,-0.341,16,280,24.697,73.054,1.409,107.195,,,,,0
2026-10-07T06:00Z,2026-10-07T12:00Z,4932270,6,25.2,18.5,,,,h,18.5,,,,0,0.003,25.3,0.785,0.026,3.9,,-0.341,19,280,20.989,95.652,0.267,162.259,,,,,0
2026-10-07T06:00Z,2026-10-07T18:00Z,4932270,12,33.5,25.6,,,,h,25.6,,,,0,0.002,49.425,0.895,0.663,3.9,,-0.341,1,280,18.614,98.575,0.417,181.596,,,,,0
2026-10-07T06:00Z,2026-10-08T06:00Z,4932270,24,10.2,8.1,,,,h,8.1,,,,0,0.001,1071.015,1.831,0.253,3.9,,-0.341,13,281,27.018,59.967,1.364,93.688,,,,,0
2026-10-07T06:00Z,2026-10-09T06:00Z,4932270,48,11.4,10,,,,h,10,,,,0,0,1197.425,2.236,0.141,3.9,,-0.341,13,282,27.868,57.44,1.731,92.612,,,,,0
2026-10-07T06:00Z,2026-10-07T07:00Z,4985405,1,24.2,64.3,,,,h,64.3,,,,0,0,324.508,2.591,1.475,63.3,,0.993,14,280,26.743,85.558,2.229,260.054,,,,,0
2026-10-07T06:00Z,2026-10-07T09:00Z,4985405,3,20.3,52.1,,,,h,52.1,,,,0,0,343.79,1.807,0.404,63.3,,0.993,16,280,26.795,86.739,1.539,264.069,,,,,0
2026-10-07T06:00Z,2026-10-07T12:00Z,4985405,6,20.2,49,,,,h,49,,,,0,0,281.772,1.863,0.034,63.3,,0.993,19,280,26.585,86.533,1.369,286.24,,,,,0
2026-10-07T06:00Z,2026-10-07T18:00Z,4985405,12,14.6,32.3,,,,h,32.3,,,,0,0,302.631,1.404,0.1,63.3,,0.993,1,280,25.885,86.251,1.175,357.531,,,,,0
2026-10-07T06:00Z,2026-10-08T06:00Z,4985405,24,11.4,21.4,,,,h,21.4,,,,0,0,430.01,3.861,1.244,63.3,,0.993,13,281,26.645,83.865,3.212,259.869,,,,,0
2026-10-07T06:00Z,2026-10-09T06:00Z,4985405,48,3,4.7,,,,h,4.7,,,,0,0,410.56,2.679,1.045,63.3,,0.993,13,282,27.113,82.483,2.261,300.766,,,,,0
2026-10-07T06:00Z,2026-10-07T07:00Z,4993065,1,6.7,2.8,,,,h,2.8,,,,0,0.011,1284.386,2.646,0.079,2.5,,-0.743,14,280,31.571,62.875,2.106,44.982,,,,,0
2026-10-07T06:00Z,2026-10-07T09:00Z,4993065,3,6.7,2.9,,,,h,2.9,,,,0,0.009,796.654,1.702,0.304,2.5,,-0.743,16,280,30.819,66.646,1.276,53.493,,,,,0
2026-10-07T06:00Z,2026-10-07T12:00Z,4993065,6,21.3,10.7,,,,h,10.7,,,,0,0.005,91.791,1.861,0.011,2.5,,-0.743,19,280,26.792,88.681,1.167,244.3,,,,,0
2026-10-07T06:00Z,2026-10-07T18:00Z,4993065,12,52.7,29.5,,,,h,29.5,,,,0,0.016,81.791,1.328,0.011,2.5,,-0.743,1,280,24.737,96.256,0.404,275.319,,,,,0
2026-10-07T06:00Z,2026-10-08T06:00Z,4993065,24,15.7,9.7,,,,h,9.7,,,,0,0.084,1284.647,1.034,0.039,2.5,,-0.743,13,281,31.762,62.371,0.789,14.568,,,,,0
2026-10-07T06:00Z,2026-10-09T06:00Z,4993065,48,18.5,13.9,,,,h,13.9,,,,0,0.003,629.445,3.452,2.285,2.5,,-0.743,13,282,28.621,79.326,2.535,21.34,,,,,0
2026-10-07T06:00Z,2026-10-07T07:00Z,5103390,1,7.7,14.6,,,,h,14.6,,,,0,0.002,1185.95,2.578,0.111,18.1,,0.608,14,280,29.429,55.689,2.048,79.625,,,,,0
2026-10-07T06:00Z,2026-10-07T09:00Z,5103390,3,7.4,13.7,,,,h,13.7,,,,0,0.002,1018.605,2.542,0.037,18.1,,0.608,16,280,28.848,57.826,1.943,62.091,,,,,0
2026-10-07T06:00Z,2026-10-07T12:00Z,5103390,6,10.6,18.6,,,,h,18.6,,,,0,0.001,23.986,1.471,0,18.1,,0.608,19,280,25.741,80.059,0.397,98.999,,,,,0
2026-10-07T06:00Z,2026-10-07T18:00Z,5103390,12,14.2,23.2,,,,h,23.2,,,,0,0.001,141.992,3.884,0,18.1,,0.608,1,280,23.255,74.454,1.833,73.717,,,,,0
2026-10-07T06:00Z,2026-10-08T06:00Z,5103390,24,12.3,18.1,,,,h,18.1,,,,0,0.001,1306.804,1.251,0.002,18.1,,0.608,13,281,29.751,56.758,1.056,79.055,,,,,0
2026-10-07T06:00Z,2026-10-09T06:00Z,5103390,48,13.3,16.8,,,,h,16.8,,,,0,0.001,1214.534,1.125,0.002,18.1,,0.608,13,282,30.548,57.552,0.901,57.315,,,,,0
2026-10-07T06:00Z,2026-10-07T07:00Z,5108494,1,13,8.8,,,,h,8.8,,,,0,0.01,1249.411,2.701,0.13,5,,-0.374,14,280,31.426,63.971,2.158,46.826,,,,,0
2026-10-07T06:00Z,2026-10-07T09:00Z,5108494,3,12.3,8.4,,,,h,8.4,,,,0,0.009,802.998,1.583,0.451,5,,-0.374,16,280,30.632,67.397,1.16,55.477,,,,,0
2026-10-07T06:00Z,2026-10-07T12:00Z,5108494,6,21.8,15.5,,,,h,15.5,,,,0,0.005,95.407,1.535,0.019,5,,-0.374,19,280,26.707,89.331,0.998,239.16,,,,,0
2026-10-07T06:00Z,2026-10-07T18:00Z,5108494,12,45.1,33.7,,,,h,33.7,,,,0,0.01,85.407,1.323,0.019,5,,-0.374,1,280,24.692,95.886,0.291,299.759,,,,,0
2026-10-07T06:00Z,2026-10-08T06:00Z,5108494,24,20.7,16.4,,,,h,16.4,,,,0,0.082,1258.501,1.184,0.049,5,,-0.374,13,281,31.594,63.34,0.922,12.978,,,,,0
2026-10-07T06:00Z,2026-10-09T06:00Z,5108494,48,23.1,20.1,,,,h,20.1,,,,0,0.003,739.173,3.545,1.91,5,,-0.374,13,282,29.107,76.628,2.649,21.747,,,,,0
2026-10-07T06:00Z,2026-10-07T07:00Z,5482624,1,17.2,15.8,,,,h,15.8,,,,0,0.008,959.297,2.056,0.893,10.7,,-0.084,14,280,30.111,72.209,1.666,37.904,,,,,0
2026-10-07T06:00Z,2026-10-07T09:00Z,5482624,3,20.1,18.5,,,,h,18.5,,,,0,0.015,1052.686,1.647,0.126,10.7,,-0.084,16,280,30.388,67.505,1.303,36.031,,,,,0
2026-10-07T06:00Z,2026-10-07T12:00Z,5482624,6,28.3,26.2,,,,h,26.2,,,,0,0.009,123.542,2.231,0.019,10.7,,-0.084,19,280,26.743,90.168,1.282,242.68,,,,,0
2026-10-07T06:00Z,2026-10-07T18:00Z,5482624,12,11.4,10.6,,,,h,10.6,,,,0,0.003,113.795,3.53,0,10.7,,-0.084,1,280,24.402,94.5,1.444,317.041,,,,,0
2026-10-07T06:00Z,2026-10-08T06:00Z,5482624,24,19.6,18.6,,,,h,18.6,,,,0,0.012,1133.511,2.47,0.151,10.7,,-0.084,13,281,30.998,66.279,2.013,42.337,,,,,0
2026-10-07T06:00Z,2026-10-09T06:00Z,5482624,48,24.6,23.8,,,,h,23.8,,,,0,0.002,1231.92,3.851,0.12,10.7,,-0.084,13,282,31.697,61.05,3.061,33.697,,,,,0
2026-10-07T06:00Z,2026-10-07T07:00Z,5551122,1,6.8,2.2,,,,h,2.2,,,,0,0.007,1114.901,0.326,0.113,1.7,,-0.924,14,280,29.022,63.562,0.19,102.85,,,,,0
2026-10-07T06:00Z,2026-10-07T09:00Z,5551122,3,7.5,2.6,,,,h,2.6,,,,0,0.005,565.763,1.327,0.455,1.7,,-0.924,16,280,28.471,67.503,1.055,138.868,,,,,0
2026-10-07T06:00Z,2026-10-07T12:00Z,5551122,6,25.2,10.8,,,,h,10.8,,,,0,0.004,29.947,0.82,0,1.7,,-0.924,19,280,24.625,92.152,0.355,143.481,,,,,0
2026-10-07T06:00Z,2026-10-07T18:00Z,5551122,12,33.5,16,,,,h,16,,,,0,0.002,45.258,1.185,0.527,1.7,,-0.924,1,280,21.576,96.591,0.514,220.271,,,,,0
2026-10-07T06:00Z,2026-10-08T06:00Z,5551122,24,10.2,5.5,,,,h,5.5,,,,0,0.001,961.279,0.835,0.111,1.7,,-0.924,13,281,29.565,61.112,0.671,117.484,,,,,0
2026-10-07T06:00Z,2026-10-09T06:00Z,5551122,48,11.4,7.9,,,,h,7.9,,,,0,0,1059.958,0.463,0.075,1.7,,-0.924,13,282,30.354,59.711,0.341,119.324,,,,,0
2026-10-07T06:00Z,2026-10-07T07:00Z,5851170,1,7.7,5.1,,,,h,5.1,,,,0,0,963.464,4.997,0.103,4.8,,-0.374,14,280,28.045,65.785,3.692,70.721,,,,,0
2026-10-07T06:00Z,2026-10-07T09:00Z,5851170,3,7.9,5.3,,,,h,5.3,,,,0,0,914.239,5.095,0.153,4.8,,-0.374,16,280,28.248,65.406,3.637,64.72,,,,,0
2026-10-07T06:00Z,2026-10-07T12:00Z,5851170,6,9.9,6.9,,,,h,6.9,,,,0,0,232.407,4.383,0,4.8,,-0.374,19,280,25.155,80.579,1.576,63.377,,,,,0
2026-10-07T06:00Z,2026-10-07T18:00Z,5851170,12,14,10.3,,,,h,10.3,,,,0,0.002,27.358,2.009,0,4.8,,-0.374,1,280,23.184,87.634,0.34,83.865,,,,,0
2026-10-07T06:00Z,2026-10-08T06:00Z,5851170,24,12.2,9.6,,,,h,9.6,,,,0,0.003,1047.545,4.259,0.128,4.8,,-0.374,13,281,29.154,61.866,3.276,59.363,,,,,0
2026-10-07T06:00Z,2026-10-09T06:00Z,5851170,48,14.6,12.6,,,,h,12.6,,,,0,0.002,1156.238,3.557,0.207,4.8,,-0.374,13,282,29.233,69.226,2.741,45.318,,,,,0
2026-10-07T06:00Z,2026-10-07T07:00Z,5894629,1,10.1,21.8,,,,h,21.8,,,,0,0,349.665,4.568,0.712,25,,0.752,14,280,27.013,87.097,3.486,200.977,,,,,0
2026-10-07T06:00Z,2026-10-07T09:00Z,5894629,3,10.6,22.2,,,,h,22.2,,,,0,0.001,534.137,1.885,0.333,25,,0.752,16,280,30.256,72.702,1.511,224.86,,,,,0
2026-10-07T06:00Z,2026-10-07T12:00Z,5894629,6,13.6,27,,,,h,27,,,,0,0.002,180.437,2.021,0,25,,0.752,19,280,27.332,87.718,0.972,329.307,,,,,0
2026-10-07T06:00Z,2026-10-07T18:00Z,5894629,12,14.5,26.5,,,,h,26.5,,,,0,0.002,153.42,1.961,0.16,25,,0.752,1,280,25.808,94.301,0.884,324.145,,,,,0
2026-10-07T06:00Z,2026-10-08T06:00Z,5894629,24,10.8,17.4,,,,h,17.4,,,,0,0.002,844.889,0.983,0.012,25,,0.752,13,281,30.707,73.986,0.877,70.956,,,,,0
2026-10-07T06:00Z,2026-10-09T06:00Z,5894629,48,21.1,28,,,,h,28,,,,0,0,870.308,0.753,0.012,25,,0.752,13,282,31.174,73.739,0.739,57.59,,,,,0
2026-10-07T06:00Z,2026-10-07T07:00Z,5951902,1,6.7,9.9,,,,h,9.9,,,,0,0.019,1319.535,2.761,0.047,17.6,,0.367,14,280,31.612,61.711,2.193,45.847,,,,,0
2026-10-07T06:00Z,2026-10-07T09:00Z,5951902,3,6.7,9.8,,,,h,9.8,,,,0,0.012,914.707,1.984,0.063,17.6,,0.367,16,280,31.075,65.056,1.508,47.886,,,,,0
2026-10-07T06:00Z,2026-10-07T12:00Z,5951902,6,21.3,29.6,,,,h,29.6,,,,0,0.011,104.035,1.651,0,17.6,,0.367,19,280,26.9,88.405,1.108,241.716,,,,,0
2026-10-07T06:00Z,2026-10-07T18:00Z,5951902,12,52.7,70,,,,h,70,,,,0,0.066,83.255,1.588,0,17.6,,0.367,1,280,24.835,96.147,0.618,266.816,,,,,0
2026-10-07T06:00Z,2026-10-08T06:00Z,5951902,24,15.7,19.8,,,,h,19.8,,,,0,0.046,1283.683,1.402,0.036,17.6,,0.367,13,281,31.909,60.661,1.057,34.175,,,,,0
2026-10-07T06:00Z,2026-10-09T06:00Z,5951902,48,18.5,21.3,,,,h,21.3,,,,0,0.002,698.324,3.33,2.085,17.6,,0.367,13,282,29.019,76.594,2.433,25.461,,,,,0
2026-10-07T06:00Z,2026-10-07T07:00Z,5955903,1,6.7,22.8,,,,h,22.8,,,,0,0.019,1319.461,2.762,0.047,31.1,,1.175,14,280,31.611,61.71,2.194,45.87,,,,,0
2026-10-07T06:00Z,2026-10-07T09:00Z,5955903,3,6.7,21.7,,,,h,21.7,,,,0,0.012,914.745,1.985,0.063,31.1,,1.175,16,280,31.075,65.055,1.509,47.896,,,,,0
2026-10-07T06:00Z,2026-10-07T12:00Z,5955903,6,21.3,60.6,,,,h,60.6,,,,0,0.011,104.108,1.649,0,31.1,,1.175,19,280,26.9,88.399,1.106,241.773,,,,,0
2026-10-07T06:00Z,2026-10-07T18:00Z,5955903,12,52.7,130.6,,,,h,130.6,,,,0,0.066,83.263,1.587,0,31.1,,1.175,1,280,24.835,96.144,0.617,266.859,,,,,0
2026-10-07T06:00Z,2026-10-08T06:00Z,5955903,24,15.7,32.6,,,,h,32.6,,,,0,0.046,1283.572,1.403,0.036,31.1,,1.175,13,281,31.909,60.662,1.057,34.193,,,,,0
2026-10-07T06:00Z,2026-10-09T06:00Z,5955903,48,18.5,28.8,,,,h,28.8,,,,0,0.002,698.482,3.33,2.084,31.1,,1.175,13,282,29.02,76.59,2.433,25.47,,,,,0
2026-10-07T06:00Z,2026-10-07T07:00Z,6094818,1,8,5.1,,,,h,5.1,,,,0,0.016,1256.855,3.852,0.142,4.2,,-0.401,14,280,31.059,61.94,3.027,50.798,,,,,0
2026-10-07T06:00Z,2026-10-07T09:00Z,6094818,3,8.3,5.4,,,,h,5.4,,,,0,0.018,1119.967,2.868,0.095,4.2,,-0.401,16,280,30.707,64.457,2.139,38.472,,,,,0
2026-10-07T06:00Z,2026-10-07T12:00Z,6094818,6,13.8,9.5,,,,h,9.5,,,,0,0.024,155.721,1.274,0,4.2,,-0.401,19,280,26.85,89.799,0.793,327.459,,,,,0
2026-10-07T06:00Z,2026-10-07T18:00Z,6094818,12,16.6,12,,,,h,12,,,,0,0.025,107.587,2.914,0,4.2,,-0.401,1,280,24.826,94.869,1.173,322.308,,,,,0
2026-10-07T06:00Z,2026-10-08T06:00Z,6094818,24,12.3,9.5,,,,h,9.5,,,,0,0.018,1159.671,2.893,0.047,4.2,,-0.401,13,281,31.588,60.613,2.271,40.103,,,,,0
2026-10-07T06:00Z,2026-10-09T06:00Z,6094818,48,14.4,12.3,,,,h,12.3,,,,0,0,1287.46,3.018,0.187,4.2,,-0.401,13,282,31.719,63.459,2.388,33.611,,,,,0
2026-10-07T06:00Z,2026-10-07T07:00Z,6099600,1,5.7,0.9,,,,h,0.9,,,,0,0,718.476,1.378,0.041,0.2,,-1.292,14,280,28.942,68.685,1.042,324.419,,,,,0
2026-10-07T06:00Z,2026-10-07T09:00Z,6099600,3,6.4,1.3,,,,h,1.3,,,,0,0,476.692,0.691,0.187,0.2,,-1.292,16,280,27.501,78.267,0.569,6.564,,,,,0
2026-10-07T06:00Z,2026-10-07T12:00Z,6099600,6,8.1,2,,,,h,2,,,,0,0,31.647,0.126,0,0.2,,-1.292,19,280,25.697,86.143,0.078,66.729,,,,,0
2026-10-07T06:00Z,2026-10-07T18:00Z,6099600,12,10.6,3.3,,,,h,3.3,,,,0,0,46.002,0.657,0,0.2,,-1.292,1,280,23.683,91.244,0.091,288.83,,,,,0
2026-10-07T06:00Z,2026-10-08T06:00Z,6099600,24,6.6,2.5,,,,h,2.5,,,,0,0.001,1063.824,1.695,0.041,0.2,,-1.292,13,281,30.258,64.342,1.42,314.72,,,,,0
2026-10-07T06:00Z,2026-10-09T06:00Z,6099600,48,7,4,,,,h,4,,,,0,0,1191.663,1.922,0.09,0.2,,-1.292,13,282,30.977,58.336,1.538,343.391,,,,,0
2026-10-07T06:00Z,2026-10-07T07:00Z,6101817,1,10.4,2.6,,,,h,2.6,,,,0,0,676.984,4.089,0.619,2.5,,-1.194,14,280,28.71,78.408,3.761,36.71,,,,,0
2026-10-07T06:00Z,2026-10-07T09:00Z,6101817,3,13.4,3.8,,,,h,3.8,,,,0,0,654.932,4.249,0.051,2.5,,-1.194,16,280,29.189,73.066,3.981,29.397,,,,,0
2026-10-07T06:00Z,2026-10-07T12:00Z,6101817,6,17,5.4,,,,h,5.4,,,,0,0,348.762,2.347,0.278,2.5,,-1.194,19,280,28.1,79.42,1.807,287.008,,,,,0
2026-10-07T06:00Z,2026-10-07T18:00Z,6101817,12,13,4.6,,,,h,4.6,,,,0,0,232.242,3.7,0.522,2.5,,-1.194,1,280,26.056,89.847,2.69,336.775,,,,,0
2026-10-07T06:00Z,2026-10-08T06:00Z,6101817,24,17.3,8,,,,h,8,,,,0,0.004,790.537,3.58,0.049,2.5,,-1.194,13,281,28.956,75.698,3.281,28.491,,,,,0
2026-10-07T06:00Z,2026-10-09T06:00Z,6101817,48,18,11.4,,,,h,11.4,,,,0,0.005,660.575,4.822,0.069,2.5,,-1.194,13,282,29.477,75.498,4.315,27.562,,,,,0
2026-10-07T06:00Z,2026-10-07T07:00Z,6115454,1,6.8,1,,,,h,1,,,,0,0.007,1123.422,0.089,0.083,0.5,,-1.404,14,280,29.584,63.045,0.01,81.086,,,,,0
2026-10-07T06:00Z,2026-10-07T09:00Z,6115454,3,7.5,1.3,,,,h,1.3,,,,0,0.005,514.646,1.395,0.386,0.5,,-1.404,16,280,29.068,67.16,1.126,142.36,,,,,0
2026-10-07T06:00Z,2026-10-07T12:00Z,6115454,6,25.2,6.8,,,,h,6.8,,,,0,0.004,32.084,0.775,0,0.5,,-1.404,19,280,25.398,90.601,0.405,147.714,,,,,0
2026-10-07T06:00Z,2026-10-07T18:00Z,6115454,12,33.5,10.8,,,,h,10.8,,,,0,0.002,44.106,1.12,0.452,0.5,,-1.404,1,280,22.198,96.024,0.511,229.148,,,,,0
2026-10-07T06:00Z,2026-10-08T06:00Z,6115454,24,10.2,3.9,,,,h,3.9,,,,0,0.001,917.604,0.736,0.085,0.5,,-1.404,13,281,29.996,61.527,0.599,132.169,,,,,0
2026-10-07T06:00Z,2026-10-09T06:00Z,6115454,48,11.4,6.5,,,,h,6.5,,,,0,0,1020.54,0.291,0.072,0.5,,-1.404,13,282,30.805,60.29,0.228,166.158,,,,,0
2026-10-07T06:00Z,2026-10-07T07:00Z,6118093,1,13.8,5.6,,,,h,5.6,,,,0,0.001,1001.384,3.029,0,5.2,,-0.847,14,280,28.892,57.689,2.35,37.789,,,,,0
2026-10-07T06:00Z,2026-10-07T09:00Z,6118093,3,12.9,5.4,,,,h,5.4,,,,0,0,960.906,2.925,0,5.2,,-0.847,16,280,28.425,59.394,2.184,41.649,,,,,0
2026-10-07T06:00Z,2026-10-07T12:00Z,6118093,6,13.9,6.2,,,,h,6.2,,,,0,0,51.242,2.497,0,5.2,,-0.847,19,280,25.474,76.508,1.008,11.032,,,,,0
2026-10-07T06:00Z,2026-10-07T18:00Z,6118093,12,17.5,8.7,,,,h,8.7,,,,0,0.001,139.56,3.349,0,5.2,,-0.847,1,280,22.444,85.417,1.218,90.03,,,,,0
2026-10-07T06:00Z,2026-10-08T06:00Z,6118093,24,17.1,9.9,,,,h,9.9,,,,0,0.001,1116.599,2.391,0,5.2,,-0.847,13,281,29.214,55.696,1.927,29.669,,,,,0
2026-10-07T06:00Z,2026-10-09T06:00Z,6118093,48,17.3,12.5,,,,h,12.5,,,,0,0.002,1042.244,4.809,0,5.2,,-0.847,13,282,29.014,62.562,3.638,54.207,,,,,0
2026-10-07T06:00Z,2026-10-07T07:00Z,6123215,1,26.3,32.6,,,,h,32.6,,,,0,0.012,1518.913,2.803,0,25.3,,0.218,14,280,28.955,44.414,2.136,35.856,,,,,0
2026-10-07T06:00Z,2026-10-07T09:00Z,6123215,3,28.1,34.6,,,,h,34.6,,,,0,0.046,1055.919,1.86,0,25.3,,0.218,16,280,28.339,45.595,1.431,59.857,,,,,0
2026-10-07T06:00Z,2026-10-07T12:00Z,6123215,6,105.7,127.8,,,,h,127.8,,,,0,0.121,20.19,1.365,0,25.3,,0.218,19,280,24.175,68.393,0.711,292.003,,,,,0
2026-10-07T06:00Z,2026-10-07T18:00Z,6123215,12,195.1,230.5,,,,h,230.5,,,,0,0.581,20.127,1.928,0,25.3,,0.218,1,280,21.937,80.613,0.228,195.424,,,,,0
2026-10-07T06:00Z,2026-10-08T06:00Z,6123215,24,40.9,46.7,,,,h,46.7,,,,0,0.047,1225.601,2.015,0,25.3,,0.218,13,281,29.258,48.859,1.701,0.529,,,,,0
2026-10-07T06:00Z,2026-10-09T06:00Z,6123215,48,50.5,54.7,,,,h,54.7,,,,0,0.008,838.264,1.482,0.021,25.3,,0.218,13,282,28.681,60.212,1.151,79.564,,,,,0
2026-10-07T06:00Z,2026-10-07T07:00Z,6125288,1,3.7,3.9,,,,h,3.9,,,,0,0,1518.456,3.465,0,3.3,,0.053,14,280,28.777,51.841,2.592,12.167,,,,,0
2026-10-07T06:00Z,2026-10-07T09:00Z,6125288,3,3.9,4.1,,,,h,4.1,,,,0,0,814.672,4.075,0,3.3,,0.053,16,280,27.957,55.979,2.78,0.149,,,,,0
2026-10-07T06:00Z,2026-10-07T12:00Z,6125288,6,5,5.3,,,,h,5.3,,,,0,0,24.55,1.689,0,3.3,,0.053,19,280,24.136,75.84,0.227,6.417,,,,,0
2026-10-07T06:00Z,2026-10-07T18:00Z,6125288,12,8.1,8.5,,,,h,8.5,,,,0,0,21.554,0.257,0,3.3,,0.053,1,280,21.307,87.125,0.081,335.807,,,,,0
2026-10-07T06:00Z,2026-10-08T06:00Z,6125288,24,4.3,4.5,,,,h,4.5,,,,0,0,1210.337,1.999,0,3.3,,0.053,13,281,29.101,54.319,1.534,12.401,,,,,0
2026-10-07T06:00Z,2026-10-09T06:00Z,6125288,48,14.4,14.7,,,,h,14.7,,,,0,0.001,1208.065,2.783,0,3.3,,0.053,13,282,29.679,53.269,2.072,11.311,,,,,0
2026-10-07T06:00Z,2026-10-07T07:00Z,6130741,1,13,11.7,,,,h,11.7,,,,0,0.012,1224.57,2.677,0.186,5.8,,-0.101,14,280,31.316,64.782,2.147,46.836,,,,,0
2026-10-07T06:00Z,2026-10-07T09:00Z,6130741,3,12.3,11.1,,,,h,11.1,,,,0,0.012,843.942,1.52,0.464,5.8,,-0.101,16,280,30.598,67.473,1.105,53.775,,,,,0
2026-10-07T06:00Z,2026-10-07T12:00Z,6130741,6,21.8,19.9,,,,h,19.9,,,,0,0.005,99.164,1.457,0.019,5.8,,-0.101,19,280,26.679,89.848,0.962,233.077,,,,,0
2026-10-07T06:00Z,2026-10-07T18:00Z,6130741,12,45.1,41.7,,,,h,41.7,,,,0,0.01,89.164,1.566,0.019,5.8,,-0.101,1,280,24.673,95.661,0.394,308.56,,,,,0
2026-10-07T06:00Z,2026-10-08T06:00Z,6130741,24,20.7,19.4,,,,h,19.4,,,,0,0.072,1242.153,1.366,0.058,5.8,,-0.101,13,281,31.529,63.609,1.067,18.085,,,,,0
2026-10-07T06:00Z,2026-10-09T06:00Z,6130741,48,23.1,22.2,,,,h,22.2,,,,0,0.003,835.179,3.602,1.594,5.8,,-0.101,13,282,29.579,73.869,2.719,23.128,,,,,0
2026-10-07T06:00Z,2026-10-07T07:00Z,6149445,1,17.2,39.3,,,,h,39.3,,,,0,0.01,1038.467,2.251,0.803,35.7,,0.83,14,280,29.904,70.807,1.806,44.763,,,,,0
2026-10-07T06:00Z,2026-10-07T09:00Z,6149445,3,20.1,44.3,,,,h,44.3,,,,0,0.023,1030.962,1.334,0.274,35.7,,0.83,16,280,29.695,69.8,1.025,42.142,,,,,0
2026-10-07T06:00Z,2026-10-07T12:00Z,6149445,6,28.3,59,,,,h,59,,,,0,0.017,107.615,1.719,0.082,35.7,,0.83,19,280,25.962,93.207,1.017,216.96,,,,,0
2026-10-07T06:00Z,2026-10-07T18:00Z,6149445,12,11.4,22.3,,,,h,22.3,,,,0,0.004,98.228,2.86,0,35.7,,0.83,1,280,23.999,95.586,1.071,312.243,,,,,0
2026-10-07T06:00Z,2026-10-08T06:00Z,6149445,24,19.6,32.7,,,,h,32.7,,,,0,0.01,1096.023,2.477,0.218,35.7,,0.83,13,281,30.557,65.999,1.974,45.66,,,,,0
2026-10-07T06:00Z,2026-10-09T06:00Z,6149445,48,24.6,33.5,,,,h,33.5,,,,0,0.001,1263.396,3.635,0.101,35.7,,0.83,13,282,31.343,60.765,2.837,35.512,,,,,0
2026-10-07T06:00Z,2026-10-07T07:00Z,6151749,1,8.9,17.6,,,,h,17.6,,,,0,0.004,762.115,0.739,0.195,16,,0.656,14,280,29.171,65.675,0.659,192.193,,,,,0
2026-10-07T06:00Z,2026-10-07T09:00Z,6151749,3,9.4,18,,,,h,18,,,,0,0.004,670.394,1.637,0.169,16,,0.656,16,280,28.786,69.735,1.393,90.908,,,,,0
2026-10-07T06:00Z,2026-10-07T12:00Z,6151749,6,8.5,15.7,,,,h,15.7,,,,0,0.003,59.442,0.954,0.084,16,,0.656,19,280,25.042,93.771,1.266,353.993,,,,,0
2026-10-07T06:00Z,2026-10-07T18:00Z,6151749,12,11.1,19,,,,h,19,,,,0,0.002,39.514,1.842,0,16,,0.656,1,280,23.309,96.138,1.332,303.019,,,,,0
2026-10-07T06:00Z,2026-10-08T06:00Z,6151749,24,7.5,11.5,,,,h,11.5,,,,0,0.002,1050.374,1.356,0.011,16,,0.656,13,281,30.252,59.383,1.1,159,,,,,0
2026-10-07T06:00Z,2026-10-09T06:00Z,6151749,48,9.8,12.7,,,,h,12.7,,,,0,0.001,919.482,1.149,0,16,,0.656,13,282,30.867,62.393,1,114.905,,,,,0
2026-10-07T06:00Z,2026-10-07T07:00Z,6154187,1,6.7,7.9,,,,h,7.9,,,,0,0.017,1314.905,2.571,0.056,6.6,,0.152,14,280,31.67,62.151,2.053,42.691,,,,,0
2026-10-07T06:00Z,2026-10-07T09:00Z,6154187,3,6.7,7.9,,,,h,7.9,,,,0,0.012,865.558,1.736,0.13,6.6,,0.152,16,280,31.053,65.653,1.319,48.517,,,,,0
2026-10-07T06:00Z,2026-10-07T12:00Z,6154187,6,21.3,24.4,,,,h,24.4,,,,0,0.006,91.684,2.062,0.003,6.6,,0.152,19,280,26.827,88.991,1.303,238.816,,,,,0
2026-10-07T06:00Z,2026-10-07T18:00Z,6154187,12,52.7,59.3,,,,h,59.3,,,,0,0.031,81.684,1.674,0.003,6.6,,0.152,1,280,24.78,96.502,0.639,263.356,,,,,0
2026-10-07T06:00Z,2026-10-08T06:00Z,6154187,24,15.7,17.3,,,,h,17.3,,,,0,0.068,1298.177,1.16,0.038,6.6,,0.152,13,281,31.927,61.073,0.868,26.168,,,,,0
2026-10-07T06:00Z,2026-10-09T06:00Z,6154187,48,18.5,19.6,,,,h,19.6,,,,0,0.002,642.45,3.404,2.29,6.6,,0.152,13,282,28.734,78.355,2.479,22.987,,,,,0
2026-10-07T06:00Z,2026-10-07T07:00Z,6157903,1,3,6.8,,,,h,6.8,,,,0,0.001,1171.767,0.705,0,6,,0.692,14,280,25.452,61.37,0.611,340.251,,,,,0
2026-10-07T06:00Z,2026-10-07T09:00Z,6157903,3,3.1,6.8,,,,h,6.8,,,,0,0.001,500.596,0.551,1.371,6,,0.692,16,280,23.386,74.172,0.59,358.711,,,,,0
2026-10-07T06:00Z,2026-10-07T12:00Z,6157903,6,3.4,7,,,,h,7,,,,0,0.003,24.037,1.635,0,6,,0.692,19,280,20.349,88.825,0.652,71.48,,,,,0
2026-10-07T06:00Z,2026-10-07T18:00Z,6157903,12,4.7,8.7,,,,h,8.7,,,,0,0.003,20,0.644,0,6,,0.692,1,280,17.541,88.783,0.707,76.644,,,,,0
2026-10-07T06:00Z,2026-10-08T06:00Z,6157903,24,7.5,11.8,,,,h,11.8,,,,0,0.002,1407.805,1.11,0,6,,0.692,13,281,26.645,50.64,0.914,336.188,,,,,0
2026-10-07T06:00Z,2026-10-09T06:00Z,6157903,48,13.1,17.1,,,,h,17.1,,,,0,0.002,1080.987,0.377,0.255,6,,0.692,13,282,26.977,58.581,0.311,24.181,,,,,0
2026-10-07T06:00Z,2026-10-07T07:00Z,6160493,1,13.7,13.2,,,,h,13.2,,,,0,0.003,1221.079,4.098,0.172,15.8,,-0.034,14,280,29.975,57.253,3.109,49.649,,,,,0
2026-10-07T06:00Z,2026-10-07T09:00Z,6160493,3,13.7,13.2,,,,h,13.2,,,,0,0.002,1050.206,5.891,0.161,15.8,,-0.034,16,280,28.784,63.701,4.018,55.799,,,,,0
2026-10-07T06:00Z,2026-10-07T12:00Z,6160493,6,14.3,13.9,,,,h,13.9,,,,0,0.004,367.63,5.782,0,15.8,,-0.034,19,280,25.476,73.299,2.931,67.677,,,,,0
2026-10-07T06:00Z,2026-10-07T18:00Z,6160493,12,19.2,18.7,,,,h,18.7,,,,0,0.019,301.214,4.949,0,15.8,,-0.034,1,280,22.78,78.78,2.268,57.409,,,,,0
2026-10-07T06:00Z,2026-10-08T06:00Z,6160493,24,9.4,9.2,,,,h,9.2,,,,0,0.004,1140.809,4.251,0.041,15.8,,-0.034,13,281,29.576,61.791,3.232,42.708,,,,,0
2026-10-07T06:00Z,2026-10-09T06:00Z,6160493,48,6.2,6.1,,,,h,6.1,,,,0,0.004,717.717,3.935,0.482,15.8,,-0.034,13,282,26.898,78.453,2.937,6.551,,,,,0
2026-10-07T06:00Z,2026-10-07T07:00Z,6160761,1,6.8,0.3,,,,h,0.3,,,,0,0.007,1000.962,0.855,0.018,0.1,,-1.832,14,280,29.524,62.882,0.705,94.606,,,,,0
2026-10-07T06:00Z,2026-10-07T09:00Z,6160761,3,7.5,0.6,,,,h,0.6,,,,0,0.005,379.601,2.03,0.246,0.1,,-1.832,16,280,28.759,70.758,1.581,113.186,,,,,0
2026-10-07T06:00Z,2026-10-07T12:00Z,6160761,6,25.2,4.4,,,,h,4.4,,,,0,0.004,37.021,0.831,0,0.1,,-1.832,19,280,26.295,84.043,0.17,206.678,,,,,0
2026-10-07T06:00Z,2026-10-07T18:00Z,6160761,12,33.5,7.5,,,,h,7.5,,,,0,0.002,47.685,0.858,0.247,0.1,,-1.832,1,280,22.747,94.395,0.141,268.154,,,,,0
2026-10-07T06:00Z,2026-10-08T06:00Z,6160761,24,10.2,2.8,,,,h,2.8,,,,0,0.001,755.355,1.223,0.057,0.1,,-1.832,13,281,29.691,64.297,0.992,135.525,,,,,0
2026-10-07T06:00Z,2026-10-09T06:00Z,6160761,48,11.4,5.4,,,,h,5.4,,,,0,0,943.945,0.509,0.052,0.1,,-1.832,13,282,30.865,61.112,0.451,145.544,,,,,0
2026-10-07T06:00Z,2026-10-07T07:00Z,6166036,1,5.2,11.3,,,,h,11.3,,,,0,0.006,742.842,4.76,0.284,7.3,,0.713,14,280,25.516,78.752,3.115,29.379,,,,,0
2026-10-07T06:00Z,2026-10-07T09:00Z,6166036,3,6,12.5,,,,h,12.5,,,,0,0.012,729.205,4.977,0.197,7.3,,0.713,16,280,24.823,81.663,3.01,33.705,,,,,0
2026-10-07T06:00Z,2026-10-07T12:00Z,6166036,6,8,15.7,,,,h,15.7,,,,0,0.017,504.483,4.733,0.277,7.3,,0.713,19,280,22.576,89.719,2.474,29.232,,,,,0
2026-10-07T06:00Z,2026-10-07T18:00Z,6166036,12,9.3,16.7,,,,h,16.7,,,,0,0.01,254.193,3.573,0.283,7.3,,0.713,1,280,21.572,93.148,1.719,26.396,,,,,0
2026-10-07T06:00Z,2026-10-08T06:00Z,6166036,24,2.3,4,,,,h,4,,,,0,0.006,666.66,4.382,0.533,7.3,,0.713,13,281,24.615,86.574,2.798,18.282,,,,,0
2026-10-07T06:00Z,2026-10-09T06:00Z,6166036,48,1.8,2.6,,,,h,2.6,,,,0,0.002,505.513,2.75,1.073,7.3,,0.713,13,282,25.431,84.195,1.882,4.089,,,,,0
2026-10-07T06:00Z,2026-10-07T07:00Z,6182459,1,3.7,11.4,,,,h,11.4,,,,0,0,1470.34,1.199,0,12,,1.011,14,280,26.514,48.444,0.885,58.681,,,,,0
2026-10-07T06:00Z,2026-10-07T09:00Z,6182459,3,3.7,10.9,,,,h,10.9,,,,0,0,1300.615,1.624,0,12,,1.011,16,280,26.077,51.789,1.176,117.448,,,,,0
2026-10-07T06:00Z,2026-10-07T12:00Z,6182459,6,5.8,15.3,,,,h,15.3,,,,0,0,23.451,0.46,0,12,,1.011,19,280,21.11,79.77,0.09,190.804,,,,,0
2026-10-07T06:00Z,2026-10-07T18:00Z,6182459,12,11.7,26.5,,,,h,26.5,,,,0,0,30.475,1.094,0,12,,1.011,1,280,18.463,79.237,0.438,1.381,,,,,0
2026-10-07T06:00Z,2026-10-08T06:00Z,6182459,24,5,9.9,,,,h,9.9,,,,0,0,1115.34,0.59,0,12,,1.011,13,281,26.804,52.308,0.528,175.957,,,,,0
2026-10-07T06:00Z,2026-10-09T06:00Z,6182459,48,10.7,15.8,,,,h,15.8,,,,0,0,1498.104,1.353,0,12,,1.011,13,282,28.35,51.111,1.123,143.344,,,,,0
2026-10-07T06:00Z,2026-10-07T07:00Z,6188057,1,5.9,0.7,,,,h,0.7,,,,0,0,660.816,1.502,0.338,0.1,,-1.486,14,280,29.075,74.168,1.281,342.162,,,,,0
2026-10-07T06:00Z,2026-10-07T09:00Z,6188057,3,6.6,0.9,,,,h,0.9,,,,0,0,379.437,1.583,0.164,0.1,,-1.486,16,280,29.473,72.22,1.276,341.153,,,,,0
2026-10-07T06:00Z,2026-10-07T12:00Z,6188057,6,7.9,1.5,,,,h,1.5,,,,0,0,309.566,2.007,0.393,0.1,,-1.486,19,280,27.509,82.938,1.449,69.547,,,,,0
2026-10-07T06:00Z,2026-10-07T18:00Z,6188057,12,5.8,1.2,,,,h,1.2,,,,0,0,193.987,2.15,0.603,0.1,,-1.486,1,280,25.686,88.96,2.053,303.708,,,,,0
2026-10-07T06:00Z,2026-10-08T06:00Z,6188057,24,9.2,3.2,,,,h,3.2,,,,0,0.006,693.93,2.673,0.031,0.1,,-1.486,13,281,29.323,72.595,2.463,320.076,,,,,0
2026-10-07T06:00Z,2026-10-09T06:00Z,6188057,48,7.4,3.9,,,,h,3.9,,,,0,0.007,622.407,2.296,0.588,0.1,,-1.486,13,282,28.219,78.998,1.802,3.148,,,,,0
2026-10-07T06:00Z,2026-10-07T07:00Z,6195103,1,17.5,14.7,,,,h,14.7,,,,0,0.022,1269.387,2.601,0.135,9.2,,-0.171,14,280,31.475,63.611,2.088,44.365,,,,,0
2026-10-07T06:00Z,2026-10-07T09:00Z,6195103,3,17.9,15.2,,,,h,15.2,,,,0,0.017,900.062,1.587,0.264,9.2,,-0.171,16,280,30.872,66.338,1.182,48.553,,,,,0
2026-10-07T06:00Z,2026-10-07T12:00Z,6195103,6,38.4,33,,,,h,33,,,,0,0.007,97.286,1.747,0.01,9.2,,-0.171,19,280,26.733,89.925,1.137,230.231,,,,,0
2026-10-07T06:00Z,2026-10-07T18:00Z,6195103,12,42.8,37.5,,,,h,37.5,,,,0,0.019,87.286,1.636,0.01,9.2,,-0.171,1,280,24.73,96.038,0.501,286.873,,,,,0
2026-10-07T06:00Z,2026-10-08T06:00Z,6195103,24,20.7,18.6,,,,h,18.6,,,,0,0.068,1264.876,1.419,0.053,9.2,,-0.171,13,281,31.741,62.059,1.088,26.205,,,,,0
2026-10-07T06:00Z,2026-10-09T06:00Z,6195103,48,24.9,23.4,,,,h,23.4,,,,0,0.002,802.811,3.524,1.753,9.2,,-0.171,13,282,29.475,74.136,2.625,24.254,,,,,0
2026-10-07T06:00Z,2026-10-07T07:00Z,6202299,1,6.7,22,,,,h,22,,,,0,0.018,1309.663,2.942,0.054,35.4,,1.143,14,280,31.522,61.657,2.324,48.699,,,,,0
2026-10-07T06:00Z,2026-10-07T09:00Z,6202299,3,6.7,21,,,,h,21,,,,0,0.011,925.848,2.185,0.064,35.4,,1.143,16,280,31.01,64.919,1.655,48.907,,,,,0
2026-10-07T06:00Z,2026-10-07T12:00Z,6202299,6,21.3,58.9,,,,h,58.9,,,,0,0.019,114.154,1.294,0,35.4,,1.143,19,280,26.958,87.699,0.921,250.375,,,,,0
2026-10-07T06:00Z,2026-10-07T18:00Z,6202299,12,52.7,127.4,,,,h,127.4,,,,0,0.101,84.565,1.411,0,35.4,,1.143,1,280,24.864,95.767,0.533,274.21,,,,,0
2026-10-07T06:00Z,2026-10-08T06:00Z,6202299,24,15.7,31.9,,,,h,31.9,,,,0,0.038,1267.574,1.531,0.033,35.4,,1.143,13,281,31.835,60.835,1.164,36.689,,,,,0
2026-10-07T06:00Z,2026-10-09T06:00Z,6202299,48,18.5,28.4,,,,h,28.4,,,,0,0.001,730.342,3.285,1.938,35.4,,1.143,13,282,29.174,75.74,2.414,26.882,,,,,0
2026-10-07T06:00Z,2026-10-07T07:00Z,6204360,1,6.7,3.6,,,,h,3.6,,,,0,0.012,1311.905,2.586,0.045,3.8,,-0.539,14,280,31.684,62.013,2.053,43.05,,,,,0
2026-10-07T06:00Z,2026-10-07T09:00Z,6204360,3,6.7,3.7,,,,h,3.7,,,,0,0.009,800.276,1.809,0.161,3.8,,-0.539,16,280,30.996,65.923,1.38,51.383,,,,,0
2026-10-07T06:00Z,2026-10-07T12:00Z,6204360,6,21.3,13,,,,h,13,,,,0,0.004,89.201,2.173,0.004,3.8,,-0.539,19,280,26.871,88.151,1.334,247.091,,,,,0
2026-10-07T06:00Z,2026-10-07T18:00Z,6204360,12,52.7,34.6,,,,h,34.6,,,,0,0.026,79.201,1.549,0.004,3.8,,-0.539,1,280,24.777,96.562,0.599,257.995,,,,,0
2026-10-07T06:00Z,2026-10-08T06:00Z,6204360,24,15.7,11.1,,,,h,11.1,,,,0,0.077,1306.316,0.931,0.031,3.8,,-0.539,13,281,31.911,61.492,0.694,18.407,,,,,0
2026-10-07T06:00Z,2026-10-09T06:00Z,6204360,48,18.5,15.1,,,,h,15.1,,,,0,0.002,544.409,3.374,2.576,3.8,,-0.539,13,282,28.257,81.314,2.44,21.298,,,,,0
2026-10-07T06:00Z,2026-10-07T07:00Z,6205698,1,17.5,33.5,,,,h,33.5,,,,0,0.057,1297.855,2.552,0.118,33.6,,0.649,14,280,31.546,63.141,2.064,42.696,,,,,0
2026-10-07T06:00Z,2026-10-07T09:00Z,6205698,3,17.9,33.4,,,,h,33.4,,,,0,0.038,1009.631,1.543,0.128,33.6,,0.649,16,280,31.08,65.435,1.163,41.853,,,,,0
2026-10-07T06:00Z,2026-10-07T12:00Z,6205698,6,38.4,68.1,,,,h,68.1,,,,0,0.014,99.281,1.888,0.004,33.6,,0.649,19,280,26.701,91.041,1.24,216.335,,,,,0
2026-10-07T06:00Z,2026-10-07T18:00Z,6205698,12,42.8,70.9,,,,h,70.9,,,,0,0.028,89.281,1.95,0.004,33.6,,0.649,1,280,24.763,96.161,0.685,281.082,,,,,0
2026-10-07T06:00Z,2026-10-08T06:00Z,6205698,24,20.7,30.9,,,,h,30.9,,,,0,0.044,1266.514,1.764,0.06,33.6,,0.649,13,281,31.869,60.73,1.35,34.338,,,,,0
2026-10-07T06:00Z,2026-10-09T06:00Z,6205698,48,24.9,31.7,,,,h,31.7,,,,0,0.002,908.826,3.53,1.478,33.6,,0.649,13,282,30.014,70.591,2.634,26.783,,,,,0
2026-10-07T06:00Z,2026-10-07T07:00Z,6205700,1,27.9,23.8,,,,h,23.8,,,,0,0.018,1189.348,2.597,0.277,27.7,,-0.16,14,280,31.162,65.892,2.093,45.881,,,,,0
2026-10-07T06:00Z,2026-10-07T09:00Z,6205700,3,26.7,22.9,,,,h,22.9,,,,0,0.018,912.085,1.478,0.416,27.7,,-0.16,16,280,30.616,67.283,1.078,49.441,,,,,0
2026-10-07T06:00Z,2026-10-07T12:00Z,6205700,6,34.9,30.3,,,,h,30.3,,,,0,0.008,104.644,1.499,0.017,27.7,,-0.16,19,280,26.681,90.38,0.976,227.152,,,,,0
2026-10-07T06:00Z,2026-10-07T18:00Z,6205700,12,32.6,28.7,,,,h,28.7,,,,0,0.009,94.644,1.97,0.017,27.7,,-0.16,1,280,24.655,95.397,0.594,312.661,,,,,0
2026-10-07T06:00Z,2026-10-08T06:00Z,6205700,24,31.1,28.2,,,,h,28.2,,,,0,0.053,1223.516,1.644,0.069,27.7,,-0.16,13,281,31.477,63.759,1.29,25.481,,,,,0
2026-10-07T06:00Z,2026-10-09T06:00Z,6205700,48,35.2,33.2,,,,h,33.2,,,,0,0.003,955.895,3.669,1.193,27.7,,-0.16,13,282,30.203,70.178,2.803,25.426,,,,,0
2026-10-07T06:00Z,2026-10-07T07:00Z,6205764,1,13,7.9,,,,h,7.9,,,,0,0.011,1260.359,2.684,0.114,4.6,,-0.467,14,280,31.471,63.637,2.142,46.267,,,,,0
2026-10-07T06:00Z,2026-10-07T09:00Z,6205764,3,12.3,7.7,,,,h,7.7,,,,0,0.009,803.28,1.616,0.405,4.6,,-0.467,16,280,30.691,67.16,1.193,54.751,,,,,0
2026-10-07T06:00Z,2026-10-07T12:00Z,6205764,6,21.8,14.2,,,,h,14.2,,,,0,0.005,94.376,1.628,0.016,4.6,,-0.467,19,280,26.731,89.164,1.047,240.534,,,,,0
2026-10-07T06:00Z,2026-10-07T18:00Z,6205764,12,45.1,31.3,,,,h,31.3,,,,0,0.012,84.376,1.305,0.016,4.6,,-0.467,1,280,24.706,95.997,0.309,292.429,,,,,0
2026-10-07T06:00Z,2026-10-08T06:00Z,6205764,24,20.7,15.4,,,,h,15.4,,,,0,0.083,1266.223,1.145,0.046,4.6,,-0.467,13,281,31.646,63.028,0.887,13.697,,,,,0
2026-10-07T06:00Z,2026-10-09T06:00Z,6205764,48,23.1,19.4,,,,h,19.4,,,,0,0.003,709.071,3.518,2.015,4.6,,-0.467,13,282,28.975,77.351,2.615,21.677,,,,,0
2026-10-07T06:00Z,2026-10-07T07:00Z,6205924,1,13,5.6,,,,h,5.6,,,,0,0.009,1219.764,2.735,0.175,4.8,,-0.782,14,280,31.307,64.866,2.19,48.024,,,,,0
2026-10-07T06:00Z,2026-10-07T09:00Z,6205924,3,12.3,5.5,,,,h,5.5,,,,0,0.009,806.172,1.505,0.554,4.8,,-0.782,16,280,30.492,67.947,1.084,57.009,,,,,0
2026-10-07T06:00Z,2026-10-07T12:00Z,6205924,6,21.8,10.6,,,,h,10.6,,,,0,0.004,98.281,1.328,0.024,4.8,,-0.782,19,280,26.653,89.732,0.89,235.238,,,,,0
2026-10-07T06:00Z,2026-10-07T18:00Z,6205924,12,45.1,24.4,,,,h,24.4,,,,0,0.008,88.281,1.48,0.024,4.8,,-0.782,1,280,24.658,95.6,0.35,315.798,,,,,0
2026-10-07T06:00Z,2026-10-08T06:00Z,6205924,24,20.7,12.6,,,,h,12.6,,,,0,0.074,1238.865,1.292,0.057,4.8,,-0.782,13,281,31.466,64.109,1.017,12.193,,,,,0
2026-10-07T06:00Z,2026-10-09T06:00Z,6205924,48,23.1,17.2,,,,h,17.2,,,,0,0.003,817.266,3.614,1.638,4.8,,-0.782,13,282,29.458,74.701,2.733,22.077,,,,,0
2026-10-07T06:00Z,2026-10-07T07:00Z,6206920,1,10.6,26.9,,,,h,26.9,,,,0,0.052,842.078,5.763,0.24,20.5,,0.916,14,280,23.993,80.039,3.784,16.334,,,,,0
2026-10-07T06:00Z,2026-10-07T09:00Z,6206920,3,12.2,29.7,,,,h,29.7,,,,0,0.039,798.38,5.575,0.151,20.5,,0.916,16,280,23.267,83.415,3.314,20.276,,,,,0
2026-10-07T06:00Z,2026-10-07T12:00Z,6206920,6,10.9,25.3,,,,h,25.3,,,,0,0.018,526.221,5.431,0.498,20.5,,0.916,19,280,21.461,90.887,2.558,21.554,,,,,0
2026-10-07T06:00Z,2026-10-07T18:00Z,6206920,12,10.1,21.3,,,,h,21.3,,,,0,0.014,187.211,3.454,0.443,20.5,,0.916,1,280,20.864,97.052,1.402,14.848,,,,,0
2026-10-07T06:00Z,2026-10-08T06:00Z,6206920,24,5.7,10.5,,,,h,10.5,,,,0,0.006,620.309,4.822,0.663,20.5,,0.916,13,281,23.222,91.509,2.722,7.634,,,,,0
2026-10-07T06:00Z,2026-10-09T06:00Z,6206920,48,1.5,2.5,,,,h,2.5,,,,0,0.001,490.913,2.687,0.581,20.5,,0.916,13,282,25.093,83.356,1.906,11.887,,,,,0
2026-10-07T06:00Z,2026-10-07T07:00Z,6207952,1,5.9,1.5,,,,h,1.5,,,,0,0,635.945,1.503,0.349,0.8,,-1.054,14,280,29.018,74.529,1.302,339.288,,,,,0
2026-10-07T06:00Z,2026-10-07T09:00Z,6207952,3,6.6,1.9,,,,h,1.9,,,,0,0,366.63,1.56,0.154,0.8,,-1.054,16,280,29.468,72.318,1.287,337.05,,,,,0
2026-10-07T06:00Z,2026-10-07T12:00Z,6207952,6,7.9,2.6,,,,h,2.6,,,,0,0,314.933,1.928,0.405,0.8,,-1.054,19,280,27.56,82.814,1.438,70.382,,,,,0
2026-10-07T06:00Z,2026-10-07T18:00Z,6207952,12,5.8,2,,,,h,2,,,,0,0,196.538,2.134,0.622,0.8,,-1.054,1,280,25.721,88.892,2.076,300.996,,,,,0
2026-10-07T06:00Z,2026-10-08T06:00Z,6207952,24,9.2,4.5,,,,h,4.5,,,,0,0.006,675.308,2.701,0.029,0.8,,-1.054,13,281,29.276,72.834,2.512,317.491,,,,,0
2026-10-07T06:00Z,2026-10-09T06:00Z,6207952,48,7.4,4.7,,,,h,4.7,,,,0,0.006,600.45,2.289,0.605,0.8,,-1.054,13,282,28.139,79.406,1.814,2.082,,,,,0
2026-10-07T06:00Z,2026-10-07T07:00Z,6209697,1,15,41.8,,,,h,41.8,,,,0,0,329.473,2.765,1.361,17.9,,1.026,14,280,26.852,87.13,2.359,289.307,,,,,0
2026-10-07T06:00Z,2026-10-07T09:00Z,6209697,3,15.1,40.4,,,,h,40.4,,,,0,0,331.444,2.487,1.29,17.9,,1.026,16,280,26.513,86.963,2.223,246.06,,,,,0
2026-10-07T06:00Z,2026-10-07T12:00Z,6209697,6,16.9,42.4,,,,h,42.4,,,,0,0,217.683,1.234,0.056,17.9,,1.026,19,280,26.466,87.548,0.903,241.952,,,,,0
2026-10-07T06:00Z,2026-10-07T18:00Z,6209697,12,20.8,46.7,,,,h,46.7,,,,0,0.008,228.019,0.099,0.4,17.9,,1.026,1,280,25.851,86.971,0.352,266.884,,,,,0
2026-10-07T06:00Z,2026-10-08T06:00Z,6209697,24,9.5,18.3,,,,h,18.3,,,,0,0,425.071,3.118,1.064,17.9,,1.026,13,281,27.175,83.992,2.727,287.836,,,,,0
2026-10-07T06:00Z,2026-10-09T06:00Z,6209697,48,3.8,5.9,,,,h,5.9,,,,0,0,398.319,3.204,0.815,17.9,,1.026,13,282,27.568,82.907,2.948,313.947,,,,,0
2026-10-07T06:00Z,2026-10-07T07:00Z,6209698,1,6.7,5.3,,,,h,5.3,,,,0,0.019,1293.896,2.593,0.09,4.2,,-0.212,14,280,31.581,62.823,2.075,43.665,,,,,0
2026-10-07T06:00Z,2026-10-07T09:00Z,6209698,3,6.7,5.3,,,,h,5.3,,,,0,0.014,877.063,1.662,0.205,4.2,,-0.212,16,280,30.956,66.031,1.25,48.909,,,,,0
2026-10-07T06:00Z,2026-10-07T12:00Z,6209698,6,21.3,17.6,,,,h,17.6,,,,0,0.006,94.133,1.89,0.007,4.2,,-0.212,19,280,26.778,89.424,1.212,235.204,,,,,0
2026-10-07T06:00Z,2026-10-07T18:00Z,6209698,12,52.7,44.7,,,,h,44.7,,,,0,0.024,84.133,1.596,0.007,4.2,,-0.212,1,280,24.755,96.281,0.543,274.506,,,,,0
2026-10-07T06:00Z,2026-10-08T06:00Z,6209698,24,15.7,13.7,,,,h,13.7,,,,0,0.07,1282.375,1.268,0.045,4.2,,-0.212,13,281,31.833,61.584,0.961,25.464,,,,,0
2026-10-07T06:00Z,2026-10-09T06:00Z,6209698,48,18.5,17.1,,,,h,17.1,,,,0,0.002,715.116,3.461,2.046,4.2,,-0.212,13,282,29.064,76.491,2.548,23.438,,,,,0
2026-10-07T06:00Z,2026-10-07T07:00Z,6210633,1,5.9,4.5,,,,h,4.5,,,,0,0.004,1287.767,2.911,0,5.3,,-0.234,14,280,31.59,62.632,2.305,49.446,,,,,0
2026-10-07T06:00Z,2026-10-07T09:00Z,6210633,3,6.4,5,,,,h,5,,,,0,0.003,638.684,1.67,0.689,5.3,,-0.234,16,280,30.38,68.353,1.227,67.375,,,,,0
2026-10-07T06:00Z,2026-10-07T12:00Z,6210633,6,13.2,10.6,,,,h,10.6,,,,0,0.002,84.19,1.2,0.031,5.3,,-0.234,19,280,26.667,88.277,0.765,254.674,,,,,0
2026-10-07T06:00Z,2026-10-07T18:00Z,6210633,12,25.5,21.2,,,,h,21.2,,,,0,0.004,72.631,0.545,0.029,5.3,,-0.234,1,280,24.651,95.908,0.148,316.315,,,,,0
2026-10-07T06:00Z,2026-10-08T06:00Z,6210633,24,13,11.2,,,,h,11.2,,,,0,0.067,1277.511,0.986,0.05,5.3,,-0.234,13,281,31.509,64.046,0.814,343.526,,,,,0
2026-10-07T06:00Z,2026-10-09T06:00Z,6210633,48,12.5,11.4,,,,h,11.4,,,,0,0.004,574.578,3.518,2.423,5.3,,-0.234,13,282,28.164,82.368,2.602,17.593,,,,,0
2026-10-07T06:00Z,2026-10-07T07:00Z,6210702,1,17.5,23.3,,,,h,23.3,,,,0,0.033,1275.354,2.575,0.139,21.6,,0.283,14,280,31.482,63.574,2.074,43.673,,,,,0
2026-10-07T06:00Z,2026-10-07T09:00Z,6210702,3,17.9,23.5,,,,h,23.5,,,,0,0.024,946.36,1.565,0.211,21.6,,0.283,16,280,30.947,66.001,1.17,45.762,,,,,0
2026-10-07T06:00Z,2026-10-07T12:00Z,6210702,6,38.4,49.3,,,,h,49.3,,,,0,0.01,98.617,1.79,0.008,21.6,,0.283,19,280,26.722,90.381,1.171,224.522,,,,,0
2026-10-07T06:00Z,2026-10-07T18:00Z,6210702,12,42.8,53.4,,,,h,53.4,,,,0,0.022,88.617,1.779,0.008,21.6,,0.283,1,280,24.739,96.051,0.577,285.714,,,,,0
2026-10-07T06:00Z,2026-10-08T06:00Z,6210702,24,20.7,24.7,,,,h,24.7,,,,0,0.058,1263.265,1.571,0.057,21.6,,0.283,13,281,31.78,61.61,1.205,30.111,,,,,0
2026-10-07T06:00Z,2026-10-09T06:00Z,6210702,48,24.9,27.7,,,,h,27.7,,,,0,0.002,854.156,3.533,1.609,21.6,,0.283,13,282,29.737,72.462,2.638,25.411,,,,,0
2026-10-07T06:00Z,2026-10-07T07:00Z,6218293,1,5.1,3.4,,,,h,3.4,,,,0,0,987.122,0.568,0.115,3.5,,-0.35,14,280,30.328,66.752,0.471,303.304,,,,,0
2026-10-07T06:00Z,2026-10-07T09:00Z,6218293,3,5.2,3.5,,,,h,3.5,,,,0,0,254.01,1.627,0.811,3.5,,-0.35,16,280,27.388,83.528,1.171,25.684,,,,,0
2026-10-07T06:00Z,2026-10-07T12:00Z,6218293,6,9.4,6.7,,,,h,6.7,,,,0,0,56.505,0.989,0,3.5,,-0.35,19,280,26.112,92.934,0.437,136.483,,,,,0
2026-10-07T06:00Z,2026-10-07T18:00Z,6218293,12,10,7.4,,,,h,7.4,,,,0,0,41.907,1.521,0,3.5,,-0.35,1,280,24.435,99.396,0.497,249.467,,,,,0
2026-10-07T06:00Z,2026-10-08T06:00Z,6218293,24,8.4,6.6,,,,h,6.6,,,,0,0,1019.286,0.373,0.115,3.5,,-0.35,13,281,30.419,68.74,0.297,20.951,,,,,0
2026-10-07T06:00Z,2026-10-09T06:00Z,6218293,48,10.7,9.3,,,,h,9.3,,,,0,0,1120.015,1.637,0.015,3.5,,-0.35,13,282,31.715,58.553,1.314,56.865,,,,,0
2026-10-07T06:00Z,2026-10-07T07:00Z,6218918,1,9.9,10.3,,,,h,10.3,,,,0,0.001,1180.488,2.444,0.111,9.7,,0.037,14,280,29.358,55.946,1.927,77.041,,,,,0
2026-10-07T06:00Z,2026-10-07T09:00Z,6218918,3,8.7,9,,,,h,9,,,,0,0.002,1021.698,2.494,0.037,9.7,,0.037,16,280,28.788,58.132,1.908,60.016,,,,,0
2026-10-07T06:00Z,2026-10-07T12:00Z,6218918,6,10.8,11.2,,,,h,11.2,,,,0,0.001,30.779,1.616,0,9.7,,0.037,19,280,25.633,80.014,0.438,90.531,,,,,0
2026-10-07T06:00Z,2026-10-07T18:00Z,6218918,12,15.7,16.2,,,,h,16.2,,,,0,0.001,126.006,3.457,0,9.7,,0.037,1,280,23.23,76.378,1.587,70.468,,,,,0
2026-10-07T06:00Z,2026-10-08T06:00Z,6218918,24,11.2,11.5,,,,h,11.5,,,,0,0.001,1276.933,1.305,0.006,9.7,,0.037,13,281,29.67,56.881,1.093,66.129,,,,,0
2026-10-07T06:00Z,2026-10-09T06:00Z,6218918,48,12.7,12.9,,,,h,12.9,,,,0,0.001,1210.67,1.434,0.006,9.7,,0.037,13,282,30.46,57.759,1.135,47.562,,,,,0
2026-10-07T06:00Z,2026-10-07T07:00Z,6222557,1,27.9,37.3,,,,h,37.3,,,,0,0.055,1243.001,2.525,0.222,33.7,,0.292,14,280,31.33,64.7,2.049,43.23,,,,,0
2026-10-07T06:00Z,2026-10-07T09:00Z,6222557,3,26.7,35.2,,,,h,35.2,,,,0,0.047,1026.854,1.486,0.199,33.7,,0.292,16,280,30.939,65.927,1.114,41.227,,,,,0
2026-10-07T06:00Z,2026-10-07T12:00Z,6222557,6,34.9,45.2,,,,h,45.2,,,,0,0.016,104.572,1.788,0.007,33.7,,0.292,19,280,26.681,91.311,1.16,214.326,,,,,0
2026-10-07T06:00Z,2026-10-07T18:00Z,6222557,12,32.6,41,,,,h,41,,,,0,0.017,94.572,2.113,0.007,33.7,,0.292,1,280,24.717,95.743,0.698,296.097,,,,,0
2026-10-07T06:00Z,2026-10-08T06:00Z,6222557,24,31.1,37.2,,,,h,37.2,,,,0,0.039,1239.72,1.939,0.071,33.7,,0.292,13,281,31.709,61.763,1.506,34.285,,,,,0
2026-10-07T06:00Z,2026-10-09T06:00Z,6222557,48,35.2,39.2,,,,h,39.2,,,,0,0.002,1012.98,3.626,1.098,33.7,,0.292,13,282,30.524,67.786,2.753,27.83,,,,,0
2026-10-07T06:00Z,2026-10-07T07:00Z,6223085,1,13.4,37.4,,,,h,37.4,,,,0,0.04,1209.029,2.399,0.362,36.8,,1.024,14,280,31.009,66.345,1.978,41.444,,,,,0
2026-10-07T06:00Z,2026-10-07T09:00Z,6223085,3,14.6,39,,,,h,39,,,,0,0.077,1238.528,1.375,0.058,36.8,,1.024,16,280,30.938,65.505,1.089,27.704,,,,,0
2026-10-07T06:00Z,2026-10-07T12:00Z,6223085,6,22.7,56.4,,,,h,56.4,,,,0,0.036,113.612,2.184,0.016,36.8,,1.024,19,280,26.465,93.98,1.309,191.7,,,,,0
2026-10-07T06:00Z,2026-10-07T18:00Z,6223085,12,22.8,51,,,,h,51,,,,0,0.009,103.669,2.918,0,36.8,,1.024,1,280,24.605,95.511,1.078,300.559,,,,,0
2026-10-07T06:00Z,2026-10-08T06:00Z,6223085,24,16,30.2,,,,h,30.2,,,,0,0.013,1192.867,2.874,0.11,36.8,,1.024,13,281,31.577,61.13,2.261,42.969,,,,,0
2026-10-07T06:00Z,2026-10-09T06:00Z,6223085,48,19.7,28.9,,,,h,28.9,,,,0,0.001,1351.704,3.77,0.045,36.8,,1.024,13,282,32.138,57.456,2.936,34.267,,,,,0
2026-10-07T06:00Z,2026-10-07T07:00Z,6224050,1,17.5,22.1,,,,h,22.1,,,,0,0.023,1314.007,2.567,0.066,17.2,,0.231,14,280,31.651,62.314,2.057,42.644,,,,,0
2026-10-07T06:00Z,2026-10-07T09:00Z,6224050,3,17.9,22.4,,,,h,22.4,,,,0,0.015,903.83,1.685,0.124,17.2,,0.231,16,280,31.071,65.556,1.277,46.861,,,,,0
2026-10-07T06:00Z,2026-10-07T12:00Z,6224050,6,38.4,47.1,,,,h,47.1,,,,0,0.007,93.398,1.995,0.003,17.2,,0.231,19,280,26.794,89.53,1.28,233.203,,,,,0
2026-10-07T06:00Z,2026-10-07T18:00Z,6224050,12,42.8,51.2,,,,h,51.2,,,,0,0.032,83.398,1.735,0.003,17.2,,0.231,1,280,24.779,96.438,0.65,267.437,,,,,0
2026-10-07T06:00Z,2026-10-08T06:00Z,6224050,24,20.7,23.9,,,,h,23.9,,,,0,0.062,1291.422,1.31,0.044,17.2,,0.231,13,281,31.923,60.906,0.986,29.126,,,,,0
2026-10-07T06:00Z,2026-10-09T06:00Z,6224050,48,24.9,27.1,,,,h,27.1,,,,0,0.002,707.854,3.43,2.095,17.2,,0.231,13,282,29.048,76.43,2.511,23.975,,,,,0
2026-10-07T06:00Z,2026-10-07T07:00Z,6226542,1,11.6,6.6,,,,h,6.6,,,,0,0.001,1175.885,3.545,0.076,4.8,,-0.534,14,280,31.116,66.665,2.878,59.501,,,,,0
2026-10-07T06:00Z,2026-10-07T09:00Z,6226542,3,11.1,6.4,,,,h,6.4,,,,0,0.001,642.296,1.153,1.655,4.8,,-0.534,16,280,29.325,73.094,0.762,98.862,,,,,0
2026-10-07T06:00Z,2026-10-07T12:00Z,6226542,6,10.3,6.1,,,,h,6.1,,,,0,0.001,99.338,1.377,0.078,4.8,,-0.534,19,280,26.02,92.905,1.053,105.244,,,,,0
2026-10-07T06:00Z,2026-10-07T18:00Z,6226542,12,16.6,10.7,,,,h,10.7,,,,0,0.001,89.338,3.07,0.078,4.8,,-0.534,1,280,24.466,94.425,1.423,16.517,,,,,0
2026-10-07T06:00Z,2026-10-08T06:00Z,6226542,24,20.9,14.9,,,,h,14.9,,,,0,0.021,1148.16,1.763,0.085,4.8,,-0.534,13,281,30.681,68.695,1.518,338.635,,,,,0
2026-10-07T06:00Z,2026-10-09T06:00Z,6226542,48,25,20.5,,,,h,20.5,,,,0,0.006,1116.146,3.985,0.657,4.8,,-0.534,13,282,30.428,69.806,3.176,16.678,,,,,0
2026-10-07T06:00Z,2026-10-07T07:00Z,6226788,1,4.9,1.1,,,,h,1.1,,,,0,0,1221.531,2.528,0,0.6,,-1.071,14,280,30.613,67.505,1.946,34.552,,,,,0
2026-10-07T06:00Z,2026-10-07T09:00Z,6226788,3,5.7,1.5,,,,h,1.5,,,,0,0,456.848,0.969,0.428,0.6,,-1.071,16,280,29.516,70.641,0.652,154.796,,,,,0
2026-10-07T06:00Z,2026-10-07T12:00Z,6226788,6,6.3,1.9,,,,h,1.9,,,,0,0,121.83,2.319,0.093,0.6,,-1.071,19,280,25.044,96.456,1.352,154.598,,,,,0
2026-10-07T06:00Z,2026-10-07T18:00Z,6226788,12,8.4,3.2,,,,h,3.2,,,,0,0,59.397,1.504,0.016,0.6,,-1.071,1,280,24.101,95.963,0.889,31.3,,,,,0
2026-10-07T06:00Z,2026-10-08T06:00Z,6226788,24,7.9,3.7,,,,h,3.7,,,,0,0.002,1220.423,4.474,0.008,0.6,,-1.071,13,281,30.951,62.757,3.361,24.819,,,,,0
2026-10-07T06:00Z,2026-10-09T06:00Z,6226788,48,7.8,5,,,,h,5,,,,0,0.005,1072.006,4.373,0.008,0.6,,-1.071,13,282,30.589,65.68,3.364,25.991,,,,,0
2026-10-07T06:00Z,2026-10-07T07:00Z,6229487,1,27.9,30,,,,h,30,,,,0,0.02,1175.662,2.562,0.312,30,,0.072,14,280,31.104,66.306,2.068,45.414,,,,,0
2026-10-07T06:00Z,2026-10-07T09:00Z,6229487,3,26.7,28.6,,,,h,28.6,,,,0,0.021,935.388,1.473,0.392,30,,0.072,16,280,30.627,67.196,1.079,47.764,,,,,0
2026-10-07T06:00Z,2026-10-07T12:00Z,6229487,6,34.9,37.2,,,,h,37.2,,,,0,0.009,106.614,1.533,0.016,30,,0.072,19,280,26.688,90.513,0.987,226.066,,,,,0
2026-10-07T06:00Z,2026-10-07T18:00Z,6229487,12,32.6,34.5,,,,h,34.5,,,,0,0.008,96.614,2.117,0.016,30,,0.072,1,280,24.649,95.305,0.668,313.41,,,,,0
2026-10-07T06:00Z,2026-10-08T06:00Z,6229487,24,31.1,32.5,,,,h,32.5,,,,0,0.047,1217.33,1.742,0.073,30,,0.072,13,281,31.461,63.818,1.371,27.659,,,,,0
2026-10-07T06:00Z,2026-10-09T06:00Z,6229487,48,35.2,36.1,,,,h,36.1,,,,0,0.003,994.736,3.692,1.062,30,,0.072,13,282,30.41,68.962,2.832,26.238,,,,,0
2026-10-07T06:00Z,2026-10-07T07:00Z,6229488,1,27.9,26.8,,,,h,26.8,,,,0,0.021,1174.657,2.55,0.318,26.1,,-0.042,14,280,31.098,66.35,2.06,45.18,,,,,0
2026-10-07T06:00Z,2026-10-07T09:00Z,6229488,3,26.7,25.6,,,,h,25.6,,,,0,0.023,944.806,1.474,0.377,26.1,,-0.042,16,280,30.643,67.118,1.082,47.053,,,,,0
2026-10-07T06:00Z,2026-10-07T12:00Z,6229488,6,34.9,33.6,,,,h,33.6,,,,0,0.009,107.036,1.554,0.016,26.1,,-0.042,19,280,26.691,90.566,0.997,225.46,,,,,0
2026-10-07T06:00Z,2026-10-07T18:00Z,6229488,12,32.6,31.5,,,,h,31.5,,,,0,0.009,97.036,2.151,0.016,26.1,,-0.042,1,280,24.651,95.3,0.686,312.833,,,,,0
2026-10-07T06:00Z,2026-10-08T06:00Z,6229488,24,31.1,30.3,,,,h,30.3,,,,0,0.045,1216.766,1.774,0.074,26.1,,-0.042,13,281,31.468,63.75,1.396,28.493,,,,,0
2026-10-07T06:00Z,2026-10-09T06:00Z,6229488,48,35.2,34.7,,,,h,34.7,,,,0,0.003,1004.424,3.695,1.033,26.1,,-0.042,13,282,30.463,68.627,2.836,26.51,,,,,0
2026-10-07T06:00Z,2026-10-07T07:00Z,6230362,1,5.1,2.4,,,,h,2.4,,,,0,0,907.278,0.601,0.121,2.4,,-0.621,14,280,29.956,66.649,0.448,8.841,,,,,0
2026-10-07T06:00Z,2026-10-07T09:00Z,6230362,3,5.2,2.5,,,,h,2.5,,,,0,0,346.468,1.113,0.602,2.4,,-0.621,16,280,27.645,79.004,0.808,63.576,,,,,0
2026-10-07T06:00Z,2026-10-07T12:00Z,6230362,6,9.4,5.1,,,,h,5.1,,,,0,0,40.159,0.542,0,2.4,,-0.621,19,280,25.745,93.265,0.183,146.142,,,,,0
2026-10-07T06:00Z,2026-10-07T18:00Z,6230362,12,10,5.9,,,,h,5.9,,,,0,0,43.707,1.544,0,2.4,,-0.621,1,280,24.169,99.156,0.598,247.445,,,,,0
2026-10-07T06:00Z,2026-10-08T06:00Z,6230362,24,8.4,5.5,,,,h,5.5,,,,0,0.001,1032.607,0.474,0.099,2.4,,-0.621,13,281,30.201,67.68,0.417,50.131,,,,,0
2026-10-07T06:00Z,2026-10-09T06:00Z,6230362,48,10.7,8.4,,,,h,8.4,,,,0,0,1064.002,2.014,0.021,2.4,,-0.621,13,282,31.426,58.027,1.581,69.756,,,,,0
2026-10-07T06:00Z,2026-10-07T07:00Z,6230395,1,5.1,2.9,,,,h,2.9,,,,0,0,815.505,0.616,0.137,2.5,,-0.477,14,280,29.63,68.097,0.493,302.74,,,,,0
2026-10-07T06:00Z,2026-10-07T09:00Z,6230395,3,5.2,3,,,,h,3,,,,0,0,275.007,1.768,0.445,2.5,,-0.477,16,280,27.465,80.875,1.25,4.12,,,,,0
2026-10-07T06:00Z,2026-10-07T12:00Z,6230395,6,9.4,5.9,,,,h,5.9,,,,0,0,46.328,0.535,0,2.5,,-0.477,19,280,25.763,93.216,0.03,98.748,,,,,0
2026-10-07T06:00Z,2026-10-07T18:00Z,6230395,12,10,6.6,,,,h,6.6,,,,0,0,34.329,1.368,0,2.5,,-0.477,1,280,24.104,98.526,0.487,250.998,,,,,0
2026-10-07T06:00Z,2026-10-08T06:00Z,6230395,24,8.4,6.1,,,,h,6.1,,,,0,0,989.042,0.563,0.156,2.5,,-0.477,13,281,30.026,68.152,0.482,79.399,,,,,0
2026-10-07T06:00Z,2026-10-09T06:00Z,6230395,48,10.7,8.9,,,,h,8.9,,,,0,0,1112.093,1.797,0.037,2.5,,-0.477,13,282,31.452,58.241,1.42,70.03,,,,,0
2026-10-07T06:00Z,2026-10-07T07:00Z,6235850,1,17.5,13.1,,,,h,13.1,,,,0,0.022,1267.137,2.603,0.138,8,,-0.281,14,280,31.467,63.673,2.09,44.449,,,,,0
2026-10-07T06:00Z,2026-10-07T09:00Z,6235850,3,17.9,13.6,,,,h,13.6,,,,0,0.017,899.087,1.584,0.271,8,,-0.281,16,280,30.862,66.379,1.178,48.678,,,,,0
2026-10-07T06:00Z,2026-10-07T12:00Z,6235850,6,38.4,29.9,,,,h,29.9,,,,0,0.007,97.448,1.736,0.01,8,,-0.281,19,280,26.731,89.933,1.131,230.206,,,,,0
2026-10-07T06:00Z,2026-10-07T18:00Z,6235850,12,42.8,34.3,,,,h,34.3,,,,0,0.018,87.448,1.635,0.01,8,,-0.281,1,280,24.727,96.019,0.495,287.825,,,,,0
2026-10-07T06:00Z,2026-10-08T06:00Z,6235850,24,20.7,17.4,,,,h,17.4,,,,0,0.068,1263.68,1.421,0.054,8,,-0.281,13,281,31.732,62.12,1.091,26.017,,,,,0
2026-10-07T06:00Z,2026-10-09T06:00Z,6235850,48,24.9,22.4,,,,h,22.4,,,,0,0.002,806.22,3.528,1.739,8,,-0.281,13,282,29.49,74.061,2.63,24.249,,,,,0
2026-10-07T06:00Z,2026-10-07T07:00Z,6236444,1,6.7,7.2,,,,h,7.2,,,,0,0.017,1325.233,2.557,0.042,6.3,,0.06,14,280,31.709,61.856,2.041,42.118,,,,,0
2026-10-07T06:00Z,2026-10-07T09:00Z,6236444,3,6.7,7.1,,,,h,7.1,,,,0,0.011,871.171,1.761,0.087,6.3,,0.06,16,280,31.111,65.417,1.345,47.804,,,,,0
2026-10-07T06:00Z,2026-10-07T12:00Z,6236444,6,21.3,22.5,,,,h,22.5,,,,0,0.006,90.944,2.137,0.001,6.3,,0.06,19,280,26.845,88.913,1.346,239.044,,,,,0
2026-10-07T06:00Z,2026-10-07T18:00Z,6236444,12,52.7,55.2,,,,h,55.2,,,,0,0.037,80.944,1.756,0.001,6.3,,0.06,1,280,24.793,96.598,0.701,259.266,,,,,0
2026-10-07T06:00Z,2026-10-08T06:00Z,6236444,24,15.7,16.3,,,,h,16.3,,,,0,0.064,1304.495,1.148,0.036,6.3,,0.06,13,281,31.975,60.756,0.855,27.694,,,,,0
2026-10-07T06:00Z,2026-10-09T06:00Z,6236444,48,18.5,18.9,,,,h,18.9,,,,0,0.002,623.42,3.382,2.361,6.3,,0.06,13,282,28.654,78.763,2.452,23.064,,,,,0
2026-10-07T06:00Z,2026-10-07T07:00Z,6238788,1,5.9,10.1,,,,h,10.1,,,,0,0.003,1256.909,3.132,0,18.9,,0.492,14,280,31.477,63.744,2.499,53.623,,,,,0
2026-10-07T06:00Z,2026-10-07T09:00Z,6238788,3,6.4,10.6,,,,h,10.6,,,,0,0.003,617.34,1.475,1.016,18.9,,0.492,16,280,30.035,70.094,1.041,75.566,,,,,0
2026-10-07T06:00Z,2026-10-07T12:00Z,6238788,6,13.2,20.7,,,,h,20.7,,,,0,0.002,88.995,0.542,0.046,18.9,,0.492,19,280,26.451,89.647,0.565,235.937,,,,,0
2026-10-07T06:00Z,2026-10-07T18:00Z,6238788,12,25.5,37.6,,,,h,37.6,,,,0,0.003,78.683,1.113,0.046,18.9,,0.492,1,280,24.611,95.601,0.502,2.092,,,,,0
2026-10-07T06:00Z,2026-10-08T06:00Z,6238788,24,13,17.8,,,,h,17.8,,,,0,0.055,1239.753,1.194,0.048,18.9,,0.492,13,281,31.263,65.624,1.026,332.827,,,,,0
2026-10-07T06:00Z,2026-10-09T06:00Z,6238788,48,12.5,15.1,,,,h,15.1,,,,0,0.004,698.167,3.654,2.017,18.9,,0.492,13,282,28.653,79.796,2.772,15.989,,,,,0
2026-10-07T06:00Z,2026-10-07T07:00Z,6240774,1,17.5,32.6,,,,h,32.6,,,,0,0.027,1330.901,2.551,0.046,30.1,,0.624,14,280,31.705,61.925,2.047,41.906,,,,,0
2026-10-07T06:00Z,2026-10-07T09:00Z,6240774,3,17.9,32.5,,,,h,32.5,,,,0,0.017,934.156,1.688,0.063,30.1,,0.624,16,280,31.164,65.172,1.286,44.942,,,,,0
2026-10-07T06:00Z,2026-10-07T12:00Z,6240774,6,38.4,66.5,,,,h,66.5,,,,0,0.009,93.155,2.055,0,30.1,,0.624,19,280,26.794,89.776,1.325,229.997,,,,,0
2026-10-07T06:00Z,2026-10-07T18:00Z,6240774,12,42.8,69.5,,,,h,69.5,,,,0,0.041,83.155,1.866,0,30.1,,0.624,1,280,24.798,96.549,0.737,263.568,,,,,0
2026-10-07T06:00Z,2026-10-08T06:00Z,6240774,24,20.7,30.4,,,,h,30.4,,,,0,0.053,1296.851,1.384,0.044,30.1,,0.624,13,281,31.991,60.324,1.038,32.193,,,,,0
2026-10-07T06:00Z,2026-10-09T06:00Z,6240774,48,24.9,31.4,,,,h,31.4,,,,0,0.002,719.407,3.414,2.084,30.1,,0.624,13,282,29.115,75.89,2.491,24.606,,,,,0
2026-10-07T06:00Z,2026-10-07T07:00Z,6242472,1,13,6.1,,,,h,6.1,,,,0,0.007,1208.889,2.771,0.184,5.2,,-0.712,14,280,31.266,65.175,2.22,48.886,,,,,0
2026-10-07T06:00Z,2026-10-07T09:00Z,6242472,3,12.3,5.9,,,,h,5.9,,,,0,0.008,791.964,1.475,0.624,5.2,,-0.712,16,280,30.404,68.317,1.052,58.92,,,,,0
2026-10-07T06:00Z,2026-10-07T12:00Z,6242472,6,21.8,11.3,,,,h,11.3,,,,0,0.004,98.808,1.207,0.027,5.2,,-0.712,19,280,26.624,89.825,0.827,234.462,,,,,0
2026-10-07T06:00Z,2026-10-07T18:00Z,6242472,12,45.1,25.8,,,,h,25.8,,,,0,0.006,88.808,1.527,0.027,5.2,,-0.712,1,280,24.64,95.485,0.385,323.252,,,,,0
2026-10-07T06:00Z,2026-10-08T06:00Z,6242472,24,20.7,13.2,,,,h,13.2,,,,0,0.07,1231.28,1.301,0.059,5.2,,-0.712,13,281,31.4,64.552,1.032,9.412,,,,,0
2026-10-07T06:00Z,2026-10-09T06:00Z,6242472,48,23.1,17.6,,,,h,17.6,,,,0,0.004,835.401,3.642,1.568,5.2,,-0.712,13,282,29.522,74.415,2.767,21.748,,,,,0
2026-10-07T06:00Z,2026-10-07T07:00Z,6244503,1,5.1,2.8,,,,h,2.8,,,,0,0,1501.195,1.376,0.064,3.3,,-0.501,14,280,29.366,52.108,1.034,78.874,,,,,0
2026-10-07T06:00Z,2026-10-07T09:00Z,6244503,3,5.3,3,,,,h,3,,,,0,0,1095.766,0.86,0,3.3,,-0.501,16,280,29.039,53.017,0.737,193.696,,,,,0
2026-10-07T06:00Z,2026-10-07T12:00Z,6244503,6,8.5,5.2,,,,h,5.2,,,,0,0,13.758,0.49,0,3.3,,-0.501,19,280,25.53,73.463,0.136,103.547,,,,,0
2026-10-07T06:00Z,2026-10-07T18:00Z,6244503,12,10.8,7,,,,h,7,,,,0,0,26.744,1.035,0,3.3,,-0.501,1,280,21.901,87.987,0.598,26.714,,,,,0
2026-10-07T06:00Z,2026-10-08T06:00Z,6244503,24,5,3.5,,,,h,3.5,,,,0,0,1416.68,0.2,0,3.3,,-0.501,13,281,29.591,52.295,0.092,148.989,,,,,0
2026-10-07T06:00Z,2026-10-09T06:00Z,6244503,48,7.1,5.8,,,,h,5.8,,,,0,0,1384.095,0.057,0.002,3.3,,-0.501,13,282,30.117,56.275,0.133,73.105,,,,,0
2026-10-07T06:00Z,2026-10-07T07:00Z,6245573,1,27.9,25.6,,,,h,25.6,,,,0,0.027,1213.15,2.569,0.248,21.9,,-0.088,14,280,31.243,65.309,2.073,44.809,,,,,0
2026-10-07T06:00Z,2026-10-07T09:00Z,6245573,3,26.7,24.6,,,,h,24.6,,,,0,0.025,946.686,1.495,0.327,21.9,,-0.088,16,280,30.747,66.743,1.102,46.685,,,,,0
2026-10-07T06:00Z,2026-10-07T12:00Z,6245573,6,34.9,32.3,,,,h,32.3,,,,0,0.01,103.931,1.617,0.013,21.9,,-0.088,19,280,26.691,90.585,1.052,223.72,,,,,0
2026-10-07T06:00Z,2026-10-07T18:00Z,6245573,12,32.6,30.4,,,,h,30.4,,,,0,0.012,93.931,1.961,0.013,21.9,,-0.088,1,280,24.682,95.57,0.599,304.729,,,,,0
2026-10-07T06:00Z,2026-10-08T06:00Z,6245573,24,31.1,29.5,,,,h,29.5,,,,0,0.052,1233.026,1.707,0.068,21.9,,-0.088,13,281,31.578,62.964,1.332,28.817,,,,,0
2026-10-07T06:00Z,2026-10-09T06:00Z,6245573,48,35.2,34.1,,,,h,34.1,,,,0,0.003,955.898,3.639,1.226,21.9,,-0.088,13,282,30.222,69.879,2.767,26.092,,,,,0
2026-10-07T06:00Z,2026-10-07T07:00Z,6248478,1,6.7,2.9,,,,h,2.9,,,,0,0.015,1287.631,2.614,0.09,3.2,,-0.702,14,280,31.567,62.915,2.087,44.24,,,,,0
2026-10-07T06:00Z,2026-10-07T09:00Z,6248478,3,6.7,3,,,,h,3,,,,0,0.011,845.535,1.673,0.249,3.2,,-0.702,16,280,30.894,66.305,1.255,50.782,,,,,0
2026-10-07T06:00Z,2026-10-07T12:00Z,6248478,6,21.3,11.2,,,,h,11.2,,,,0,0.005,93.433,1.865,0.009,3.2,,-0.702,19,280,26.782,89.143,1.188,238.738,,,,,0
2026-10-07T06:00Z,2026-10-07T18:00Z,6248478,12,52.7,30.4,,,,h,30.4,,,,0,0.02,83.433,1.489,0.009,3.2,,-0.702,1,280,24.746,96.251,0.482,275.83,,,,,0
2026-10-07T06:00Z,2026-10-08T06:00Z,6248478,24,15.7,10,,,,h,10,,,,0,0.077,1281.992,1.177,0.043,3.2,,-0.702,13,281,31.797,61.949,0.894,21.663,,,,,0
2026-10-07T06:00Z,2026-10-09T06:00Z,6248478,48,18.5,14.1,,,,h,14.1,,,,0,0.002,685.876,3.461,2.123,3.2,,-0.702,13,282,28.911,77.493,2.548,22.648,,,,,0
2026-10-07T06:00Z,2026-10-07T07:00Z,6256182,1,11.1,8.6,,,,h,8.6,,,,0,0,1280.578,5.283,0.02,8.3,,-0.243,14,280,29.883,58.274,4.123,72.858,,,,,0
2026-10-07T06:00Z,2026-10-07T09:00Z,6256182,3,11.2,8.8,,,,h,8.8,,,,0,0,1177.074,5.136,0.012,8.3,,-0.243,16,280,29.39,60.324,3.846,66.869,,,,,0
2026-10-07T06:00Z,2026-10-07T12:00Z,6256182,6,11.4,9,,,,h,9,,,,0,0.001,133.983,4.607,0,8.3,,-0.243,19,280,26.19,74.826,1.916,59.259,,,,,0
2026-10-07T06:00Z,2026-10-07T18:00Z,6256182,12,10.7,8.7,,,,h,8.7,,,,0,0.001,41.488,3.049,0,8.3,,-0.243,1,280,23.471,84.255,1.069,38.721,,,,,0
2026-10-07T06:00Z,2026-10-08T06:00Z,6256182,24,14.7,12.6,,,,h,12.6,,,,0,0.001,1160.918,3.13,0.1,8.3,,-0.243,13,281,30.413,58.623,2.493,59.446,,,,,0
2026-10-07T06:00Z,2026-10-09T06:00Z,6256182,48,17.9,16.3,,,,h,16.3,,,,0,0.001,1227.313,2.214,0.13,8.3,,-0.243,13,282,30.683,62.345,1.783,73.198,,,,,0
2026-10-07T06:00Z,2026-10-07T07:00Z,6262040,1,28.1,77.7,,,,h,77.7,,,,0,0,314.367,2.557,1.724,46.5,,1.037,14,280,26.548,87.462,2.147,272.828,,,,,0
2026-10-07T06:00Z,2026-10-07T09:00Z,6262040,3,26.3,69.9,,,,h,69.9,,,,0,0,316.026,1.947,0.841,46.5,,1.037,16,280,26.395,88.184,1.693,246.087,,,,,0
2026-10-07T06:00Z,2026-10-07T12:00Z,6262040,6,23.1,58.1,,,,h,58.1,,,,0,0,202.677,1.172,0.036,46.5,,1.037,19,280,26.051,89.093,0.762,266.505,,,,,0
2026-10-07T06:00Z,2026-10-07T18:00Z,6262040,12,20.1,45.6,,,,h,45.6,,,,0,0,230.373,0.716,0.181,46.5,,1.037,1,280,25.345,88.206,0.7,13.011,,,,,0
2026-10-07T06:00Z,2026-10-08T06:00Z,6262040,24,12.5,24,,,,h,24,,,,0,0,386.17,3.449,1.273,46.5,,1.037,13,281,26.536,85.461,2.817,268.171,,,,,0
2026-10-07T06:00Z,2026-10-09T06:00Z,6262040,48,2.4,3.9,,,,h,3.9,,,,0,0,356.996,2.866,1.035,46.5,,1.037,13,282,27.03,83.557,2.456,303.006,,,,,0
2026-10-07T06:00Z,2026-10-07T07:00Z,6262415,1,6.7,22.6,,,,h,22.6,,,,0,0.021,1322.221,2.716,0.046,28.9,,1.167,14,280,31.633,61.739,2.161,45.047,,,,,0
2026-10-07T06:00Z,2026-10-07T09:00Z,6262415,3,6.7,21.5,,,,h,21.5,,,,0,0.013,917.171,1.925,0.062,28.9,,1.167,16,280,31.094,65.078,1.464,47.368,,,,,0
2026-10-07T06:00Z,2026-10-07T12:00Z,6262415,6,21.3,60.1,,,,h,60.1,,,,0,0.01,101.666,1.736,0,28.9,,1.167,19,280,26.88,88.667,1.153,239.225,,,,,0
2026-10-07T06:00Z,2026-10-07T18:00Z,6262415,12,52.7,129.8,,,,h,129.8,,,,0,0.06,83.155,1.646,0,28.9,,1.167,1,280,24.828,96.238,0.644,265.787,,,,,0
2026-10-07T06:00Z,2026-10-08T06:00Z,6262415,24,15.7,32.4,,,,h,32.4,,,,0,0.048,1286.894,1.391,0.037,28.9,,1.167,13,281,31.928,60.588,1.047,33.707,,,,,0
2026-10-07T06:00Z,2026-10-09T06:00Z,6262415,48,18.5,28.7,,,,h,28.7,,,,0,0.002,699.405,3.345,2.095,28.9,,1.167,13,282,29.023,76.547,2.443,25.232,,,,,0
2026-10-07T06:00Z,2026-10-07T07:00Z,6265530,1,5.1,2.9,,,,h,2.9,,,,0,0,837.427,0.59,0.134,2.6,,-0.466,14,280,29.737,67.876,0.476,299.189,,,,,0
2026-10-07T06:00Z,2026-10-07T09:00Z,6265530,3,5.2,3,,,,h,3,,,,0,0,269.917,1.856,0.472,2.6,,-0.466,16,280,27.485,81.169,1.324,3.35,,,,,0
2026-10-07T06:00Z,2026-10-07T12:00Z,6265530,6,9.4,6,,,,h,6,,,,0,0,48.481,0.598,0,2.6,,-0.466,19,280,25.853,92.97,0.044,106.293,,,,,0
2026-10-07T06:00Z,2026-10-07T18:00Z,6265530,12,10,6.7,,,,h,6.7,,,,0,0,34.579,1.385,0,2.6,,-0.466,1,280,24.164,98.642,0.48,251.328,,,,,0
2026-10-07T06:00Z,2026-10-08T06:00Z,6265530,24,8.4,6.1,,,,h,6.1,,,,0,0,991.784,0.526,0.152,2.6,,-0.466,13,281,30.094,68.16,0.448,76.369,,,,,0
2026-10-07T06:00Z,2026-10-09T06:00Z,6265530,48,10.7,8.9,,,,h,8.9,,,,0,0,1114.563,1.76,0.034,2.6,,-0.466,13,282,31.5,58.344,1.394,67.851,,,,,0
2026-10-07T06:00Z,2026-10-07T07:00Z,6266678,1,5.1,3.6,,,,h,3.6,,,,0,0,881.388,0.544,0.128,3.8,,-0.304,14,280,29.919,67.46,0.44,301.615,,,,,0
2026-10-07T06:00Z,2026-10-07T09:00Z,6266678,3,5.2,3.7,,,,h,3.7,,,,0,0,269.48,1.766,0.555,3.8,,-0.304,16,280,27.492,81.599,1.26,8.489,,,,,0
2026-10-07T06:00Z,2026-10-07T12:00Z,6266678,6,9.4,7,,,,h,7,,,,0,0,50.592,0.688,0,3.8,,-0.304,19,280,25.946,92.831,0.161,119.107,,,,,0
2026-10-07T06:00Z,2026-10-07T18:00Z,6266678,12,10,7.7,,,,h,7.7,,,,0,0,36.621,1.43,0,3.8,,-0.304,1,280,24.247,98.878,0.486,250.894,,,,,0
2026-10-07T06:00Z,2026-10-08T06:00Z,6266678,24,8.4,6.8,,,,h,6.8,,,,0,0,1001.044,0.452,0.14,3.8,,-0.304,13,281,30.199,68.229,0.384,65.487,,,,,0
2026-10-07T06:00Z,2026-10-09T06:00Z,6266678,48,10.7,9.5,,,,h,9.5,,,,0,0,1113.44,1.732,0.028,3.8,,-0.304,13,282,31.56,58.421,1.375,64.85,,,,,0
2026-10-07T06:00Z,2026-10-07T07:00Z,6267732,1,7.7,12.8,,,,h,12.8,,,,0,0.002,1188.102,2.621,0.105,16.6,,0.48,14,280,29.446,55.575,2.081,78.854,,,,,0
2026-10-07T06:00Z,2026-10-07T09:00Z,6267732,3,7.4,12.1,,,,h,12.1,,,,0,0.002,1023.778,2.575,0.035,16.6,,0.48,16,280,28.876,57.662,1.968,61.547,,,,,0
2026-10-07T06:00Z,2026-10-07T12:00Z,6267732,6,10.6,16.6,,,,h,16.6,,,,0,0.001,24.202,1.457,0,16.6,,0.48,19,280,25.772,79.841,0.38,96.521,,,,,0
2026-10-07T06:00Z,2026-10-07T18:00Z,6267732,12,14.2,20.9,,,,h,20.9,,,,0,0.001,144.538,3.962,0,16.6,,0.48,1,280,23.269,74.18,1.868,73.326,,,,,0
2026-10-07T06:00Z,2026-10-08T06:00Z,6267732,24,12.3,16.7,,,,h,16.7,,,,0,0.001,1308.118,1.273,0.002,16.6,,0.48,13,281,29.771,56.713,1.078,76.617,,,,,0
2026-10-07T06:00Z,2026-10-09T06:00Z,6267732,48,13.3,16,,,,h,16,,,,0,0.001,1216.78,1.143,0.002,16.6,,0.48,13,282,30.566,57.488,0.912,57.12,,,,,0
2026-10-07T06:00Z,2026-10-07T07:00Z,6284173,1,6.8,3.5,,,,h,3.5,,,,0,0.005,1016.394,1.611,0,8.8,,-0.57,14,280,28.516,65.899,1.244,134.152,,,,,0
2026-10-07T06:00Z,2026-10-07T09:00Z,6284173,3,7.5,4,,,,h,4,,,,0,0.004,495.415,1.807,0.776,8.8,,-0.57,16,280,27.204,74.749,1.344,127.6,,,,,0
2026-10-07T06:00Z,2026-10-07T12:00Z,6284173,6,25.2,15,,,,h,15,,,,0,0.003,31.865,0.254,0,8.8,,-0.57,19,280,24.44,91.424,0.638,248.158,,,,,0
2026-10-07T06:00Z,2026-10-07T18:00Z,6284173,12,33.5,21.3,,,,h,21.3,,,,0,0.001,49.366,1.128,0.716,8.8,,-0.57,1,280,21.561,96.714,0.9,319.617,,,,,0
2026-10-07T06:00Z,2026-10-08T06:00Z,6284173,24,10.2,7,,,,h,7,,,,0,0.001,903.702,1.779,0.178,8.8,,-0.57,13,281,28.961,65.221,1.451,139.339,,,,,0
2026-10-07T06:00Z,2026-10-09T06:00Z,6284173,48,11.4,9.1,,,,h,9.1,,,,0,0,1016.031,1.328,0.195,8.8,,-0.57,13,282,30.287,60.399,1.098,129.765,,,,,0
2026-10-07T06:00Z,2026-10-07T07:00Z,6285048,1,4.8,5,,,,h,5,,,,0,0.005,997.017,1.061,0.154,9.3,,0.044,14,280,27.192,67.087,0.782,109.935,,,,,0
2026-10-07T06:00Z,2026-10-07T09:00Z,6285048,3,5.6,5.9,,,,h,5.9,,,,0,0.004,846.285,1.41,0.091,9.3,,0.044,16,280,26.995,69.654,0.972,71.567,,,,,0
2026-10-07T06:00Z,2026-10-07T12:00Z,6285048,6,10,10.4,,,,h,10.4,,,,0,0.002,24.465,1.219,0,9.3,,0.044,19,280,23.454,90.736,0.471,139.161,,,,,0
2026-10-07T06:00Z,2026-10-07T18:00Z,6285048,12,17.6,18.2,,,,h,18.2,,,,0,0.001,48.897,0.732,0.028,9.3,,0.044,1,280,20.513,98.094,0.614,333.887,,,,,0
2026-10-07T06:00Z,2026-10-08T06:00Z,6285048,24,9.9,10.2,,,,h,10.2,,,,0,0.001,976.434,0.827,0.221,9.3,,0.044,13,281,28.509,61.8,0.673,107.321,,,,,0
2026-10-07T06:00Z,2026-10-09T06:00Z,6285048,48,10,10.2,,,,h,10.2,,,,0,0,1150.389,1.086,0.143,9.3,,0.044,13,282,29.416,56.216,0.748,80.795,,,,,0
2026-10-07T06:00Z,2026-10-07T07:00Z,6287521,1,5.5,9.9,,,,h,9.9,,,,0,0.007,861.416,0.7,0.26,15.7,,0.544,14,280,28.581,67.54,0.553,28.533,,,,,0
2026-10-07T06:00Z,2026-10-07T09:00Z,6287521,3,6.4,11.2,,,,h,11.2,,,,0,0.005,471.297,1.521,0.037,15.7,,0.544,16,280,28.376,70.85,1.117,100.75,,,,,0
2026-10-07T06:00Z,2026-10-07T12:00Z,6287521,6,24.2,39.3,,,,h,39.3,,,,0,0.003,31.783,0.644,0,15.7,,0.544,19,280,25.706,86.249,0.275,177.757,,,,,0
2026-10-07T06:00Z,2026-10-07T18:00Z,6287521,12,33.3,50.9,,,,h,50.9,,,,0,0.002,62.53,0.805,0.02,15.7,,0.544,1,280,22.282,95.748,0.229,298.237,,,,,0
2026-10-07T06:00Z,2026-10-08T06:00Z,6287521,24,8.9,12.7,,,,h,12.7,,,,0,0.001,733.035,0.313,0.079,15.7,,0.544,13,281,29.214,66.069,0.208,137.212,,,,,0
2026-10-07T06:00Z,2026-10-09T06:00Z,6287521,48,9.6,11.9,,,,h,11.9,,,,0,0,934.905,0.499,0.062,15.7,,0.544,13,282,30.42,63.615,0.379,350.755,,,,,0
2026-10-07T06:00Z,2026-10-07T07:00Z,6289784,1,8.3,10,,,,h,10,,,,0,0,986.553,5.331,0.287,10.4,,0.171,14,280,29.823,62.135,4.048,54.883,,,,,0
2026-10-07T06:00Z,2026-10-07T09:00Z,6289784,3,7.5,8.9,,,,h,8.9,,,,0,0,1037.521,5.748,0.1,10.4,,0.171,16,280,29.334,65.973,3.805,46.469,,,,,0
2026-10-07T06:00Z,2026-10-07T12:00Z,6289784,6,8.7,10.2,,,,h,10.2,,,,0,0.001,179.315,5.05,0,10.4,,0.171,19,280,26.26,78.839,2.093,41.477,,,,,0
2026-10-07T06:00Z,2026-10-07T18:00Z,6289784,12,10.5,12.1,,,,h,12.1,,,,0,0.003,106.54,4.441,0,10.4,,0.171,1,280,23.959,88.917,1.764,51.513,,,,,0
2026-10-07T06:00Z,2026-10-08T06:00Z,6289784,24,7.5,8.4,,,,h,8.4,,,,0,0.009,1080.953,4.979,0.099,10.4,,0.171,13,281,29.711,62.117,3.844,41.663,,,,,0
2026-10-07T06:00Z,2026-10-09T06:00Z,6289784,48,12.8,13.7,,,,h,13.7,,,,0,0.013,1105.087,3.358,0,10.4,,0.171,13,282,29.246,70.871,2.721,25.741,,,,,0
2026-10-07T06:00Z,2026-10-07T07:00Z,6291584,1,7.1,10.9,,,,h,10.9,,,,0,0,1012.151,2.8,0.07,8.8,,0.401,14,280,27.838,61.188,2.11,44.498,,,,,0
2026-10-07T06:00Z,2026-10-07T09:00Z,6291584,3,6.5,9.8,,,,h,9.8,,,,0,0,938.302,2.33,0,8.8,,0.401,16,280,27.749,61.816,1.752,52.044,,,,,0
2026-10-07T06:00Z,2026-10-07T12:00Z,6291584,6,9,13.1,,,,h,13.1,,,,0,0,22.489,0.89,0,8.8,,0.401,19,280,24.467,78.542,0.591,317.787,,,,,0
2026-10-07T06:00Z,2026-10-07T18:00Z,6291584,12,17.2,23.7,,,,h,23.7,,,,0,0,16.279,0.081,0,8.8,,0.401,1,280,21.771,88.046,0.301,194.912,,,,,0
2026-10-07T06:00Z,2026-10-08T06:00Z,6291584,24,6.2,8.1,,,,h,8.1,,,,0,0,997.1,1.947,0.066,8.8,,0.401,13,281,28.463,62.137,1.478,72.989,,,,,0
2026-10-07T06:00Z,2026-10-09T06:00Z,6291584,48,7.2,8.5,,,,h,8.5,,,,0,0,1013.938,1.999,0.041,8.8,,0.401,13,282,29.266,61.329,1.544,62.311,,,,,0
2026-10-07T06:00Z,2026-10-07T07:00Z,6294442,1,5.6,3.2,,,,h,3.2,,,,0,0.003,1136.224,1.181,0.33,1,,-0.472,14,280,28.432,57.595,0.743,73.248,,,,,0
2026-10-07T06:00Z,2026-10-07T09:00Z,6294442,3,6.7,4,,,,h,4,,,,0,0.003,885.585,0.578,0.118,1,,-0.472,16,280,28.008,58.94,0.386,6.05,,,,,0
2026-10-07T06:00Z,2026-10-07T12:00Z,6294442,6,8.9,5.6,,,,h,5.6,,,,0,0.003,15.272,0.801,0,1,,-0.472,19,280,23.737,89.077,0.154,227.815,,,,,0
2026-10-07T06:00Z,2026-10-07T18:00Z,6294442,12,11.5,7.7,,,,h,7.7,,,,0,0.002,75.551,1.88,0,1,,-0.472,1,280,21.175,94.816,0.714,185.81,,,,,0
2026-10-07T06:00Z,2026-10-08T06:00Z,6294442,24,6,4.3,,,,h,4.3,,,,0,0.001,1208.256,0.55,0.066,1,,-0.472,13,281,29.249,55.182,0.441,85.517,,,,,0
2026-10-07T06:00Z,2026-10-09T06:00Z,6294442,48,6.8,5.6,,,,h,5.6,,,,0,0,1310.308,0.948,0.006,1,,-0.472,13,282,30.006,55.121,0.634,46.285,,,,,0
2026-10-07T06:00Z,2026-10-07T07:00Z,6300553,1,7.1,4.2,,,,h,4.2,,,,0,0,1009.88,3.003,0.111,3.6,,-0.466,14,280,27.959,60.951,2.261,39.951,,,,,0
2026-10-07T06:00Z,2026-10-07T09:00Z,6300553,3,6.5,3.9,,,,h,3.9,,,,0,0,939.747,2.599,0,3.6,,-0.466,16,280,27.847,61.933,1.934,46.746,,,,,0
2026-10-07T06:00Z,2026-10-07T12:00Z,6300553,6,9,5.7,,,,h,5.7,,,,0,0,22.36,1.024,0,3.6,,-0.466,19,280,24.621,78.216,0.565,333.073,,,,,0
2026-10-07T06:00Z,2026-10-07T18:00Z,6300553,12,17.2,11.8,,,,h,11.8,,,,0,0,19.821,0.298,0,3.6,,-0.466,1,280,21.804,88.565,0.386,229.359,,,,,0
2026-10-07T06:00Z,2026-10-08T06:00Z,6300553,24,6.2,4.5,,,,h,4.5,,,,0,0,1002.021,1.977,0.073,3.6,,-0.466,13,281,28.659,61.628,1.49,62.613,,,,,0
2026-10-07T06:00Z,2026-10-09T06:00Z,6300553,48,7.2,5.9,,,,h,5.9,,,,0,0,1014.664,2.139,0.049,3.6,,-0.466,13,282,29.425,60.635,1.635,51.651,,,,,0
2026-10-07T06:00Z,2026-10-07T07:00Z,6301503,1,7.6,1.3,,,,h,1.3,,,,0,0,977.371,2.484,0.187,0.9,,-1.391,14,280,27.935,61.282,1.861,68.789,,,,,0
2026-10-07T06:00Z,2026-10-07T09:00Z,6301503,3,7.4,1.3,,,,h,1.3,,,,0,0,822.46,2.899,0,0.9,,-1.391,16,280,27.499,65.432,2.113,79.626,,,,,0
2026-10-07T06:00Z,2026-10-07T12:00Z,6301503,6,10.9,2.6,,,,h,2.6,,,,0,0,17.274,0.952,0,0.9,,-1.391,19,280,24.092,83.459,0.094,90.503,,,,,0
2026-10-07T06:00Z,2026-10-07T18:00Z,6301503,12,16.4,5,,,,h,5,,,,0,0.001,21.065,0.361,0,0.9,,-1.391,1,280,22.065,84.371,0.214,287.672,,,,,0
2026-10-07T06:00Z,2026-10-08T06:00Z,6301503,24,6,2.1,,,,h,2.1,,,,0,0,981.415,1.744,0.155,0.9,,-1.391,13,281,28.731,60.182,1.288,87.408,,,,,0
2026-10-07T06:00Z,2026-10-09T06:00Z,6301503,48,6.6,3.6,,,,h,3.6,,,,0,0,1058.313,2.049,0.093,0.9,,-1.391,13,282,29.482,59.943,1.479,81.342,,,,,0
2026-10-07T06:00Z,2026-10-07T07:00Z,6309947,1,7.9,5.6,,,,h,5.6,,,,0,0.003,1180.641,5.771,0.114,3.4,,-0.314,14,280,31.164,59.098,4.321,66.637,,,,,0
2026-10-07T06:00Z,2026-10-07T09:00Z,6309947,3,8.3,6,,,,h,6,,,,0,0.002,1138.738,5.438,0.047,3.4,,-0.314,16,280,30.748,60.706,3.885,62.446,,,,,0
2026-10-07T06:00Z,2026-10-07T12:00Z,6309947,6,12.7,9.4,,,,h,9.4,,,,0,0.002,74.904,3.616,0,3.4,,-0.314,19,280,27.416,77.448,1.395,44.861,,,,,0
2026-10-07T06:00Z,2026-10-07T18:00Z,6309947,12,13.8,10.6,,,,h,10.6,,,,0,0.01,69.923,3.373,0,3.4,,-0.314,1,280,24.845,89.684,1.642,31.747,,,,,0
2026-10-07T06:00Z,2026-10-08T06:00Z,6309947,24,14.8,12.1,,,,h,12.1,,,,0,0.002,1109.727,4.061,0.174,3.4,,-0.314,13,281,31.526,59.569,3.143,38.987,,,,,0
2026-10-07T06:00Z,2026-10-09T06:00Z,6309947,48,16.5,14.6,,,,h,14.6,,,,0,0,1179.471,3.867,0.051,3.4,,-0.314,13,282,31.782,57.852,3.037,45.018,,,,,0
2026-10-07T06:00Z,2026-10-07T07:00Z,6318469,1,6.8,6.8,,,,h,6.8,,,,0,0.006,1002.599,0.857,0,,,0,14,280,29.419,63.999,0.691,102.338,,,,,0
2026-10-07T06:00Z,2026-10-07T09:00Z,6318469,3,7.5,7.5,,,,h,7.5,,,,0,0.005,426.142,1.941,0.277,,,0,16,280,28.574,71.641,1.506,104.583,,,,,0
2026-10-07T06:00Z,2026-10-07T12:00Z,6318469,6,25.2,25.2,,,,h,25.2,,,,0,0.003,35.896,0.828,0,,,0,19,280,26.221,84.057,0.262,213.246,,,,,0
2026-10-07T06:00Z,2026-10-07T18:00Z,6318469,12,33.5,33.5,,,,h,33.5,,,,0,0.002,63.57,0.921,0.257,,,0,1,280,22.68,94.676,0.365,293.64,,,,,0
2026-10-07T06:00Z,2026-10-08T06:00Z,6318469,24,10.2,10.2,,,,h,10.2,,,,0,0.001,766.729,1.217,0.06,,,0,13,281,29.582,65.209,0.965,131.63,,,,,0
2026-10-07T06:00Z,2026-10-09T06:00Z,6318469,48,11.4,11.4,,,,h,11.4,,,,0,0,921.525,0.615,0.066,,,0,13,282,30.758,62.133,0.529,132.828,,,,,0
2026-10-07T06:00Z,2026-10-07T07:00Z,6328962,1,17.2,39.7,,,,h,39.7,,,,0,0.006,946.385,2.086,1.092,36.4,,0.84,14,280,29.494,73.11,1.66,43.913,,,,,0
2026-10-07T06:00Z,2026-10-07T09:00Z,6328962,3,20.1,44.7,,,,h,44.7,,,,0,0.013,953.996,1.358,0.34,36.4,,0.84,16,280,29.358,71.2,1.045,44.141,,,,,0
2026-10-07T06:00Z,2026-10-07T12:00Z,6328962,6,28.3,59.5,,,,h,59.5,,,,0,0.01,108.938,1.765,0.089,36.4,,0.84,19,280,25.912,92.381,1.029,234.956,,,,,0
2026-10-07T06:00Z,2026-10-07T18:00Z,6328962,12,11.4,22.5,,,,h,22.5,,,,0,0.003,99.888,2.999,0,36.4,,0.84,1,280,23.852,95.414,1.153,318.674,,,,,0
2026-10-07T06:00Z,2026-10-08T06:00Z,6328962,24,19.6,32.9,,,,h,32.9,,,,0,0.009,1055.653,2.294,0.289,36.4,,0.84,13,281,30.226,68.127,1.842,45.234,,,,,0
2026-10-07T06:00Z,2026-10-09T06:00Z,6328962,48,24.6,33.6,,,,h,33.6,,,,0,0.002,1233.367,3.614,0.127,36.4,,0.84,13,282,31.147,61.78,2.833,35.22,,,,,0
2026-10-07T06:00Z,2026-10-07T07:00Z,6410306,1,6.8,4.4,,,,h,4.4,,,,0,0.006,1083.387,0.798,0.164,3.7,,-0.392,14,280,28.06,64.274,0.549,98.947,,,,,0
2026-10-07T06:00Z,2026-10-07T09:00Z,6410306,3,7.5,4.9,,,,h,4.9,,,,0,0.005,642.552,1.251,0.507,3.7,,-0.392,16,280,27.49,67.992,0.967,123.966,,,,,0
2026-10-07T06:00Z,2026-10-07T12:00Z,6410306,6,25.2,17.7,,,,h,17.7,,,,0,0.004,26.875,0.925,0,3.7,,-0.392,19,280,23.473,93.421,0.272,144.002,,,,,0
2026-10-07T06:00Z,2026-10-07T18:00Z,6410306,12,33.5,24.6,,,,h,24.6,,,,0,0.002,48.261,1.363,0.59,3.7,,-0.392,1,280,20.6,97.213,0.529,207.264,,,,,0
2026-10-07T06:00Z,2026-10-08T06:00Z,6410306,24,10.2,7.9,,,,h,7.9,,,,0,0.001,1012.085,1.115,0.141,3.7,,-0.392,13,281,28.797,60.588,0.884,98.313,,,,,0
2026-10-07T06:00Z,2026-10-09T06:00Z,6410306,48,11.4,9.8,,,,h,9.8,,,,0,0,1117.203,0.993,0.065,3.7,,-0.392,13,282,29.564,58.894,0.753,94.907,,,,,0
2026-10-07T06:00Z,2026-10-07T07:00Z,6419381,1,4.8,1.2,,,,h,1.2,,,,0,0.005,883.872,1.028,0.296,1.9,,-1.018,14,280,26.547,68.346,0.756,101.3,,,,,0
2026-10-07T06:00Z,2026-10-07T09:00Z,6419381,3,5.6,1.6,,,,h,1.6,,,,0,0.004,779.951,1.197,0.082,1.9,,-1.018,16,280,26.533,70.516,0.737,91.782,,,,,0
2026-10-07T06:00Z,2026-10-07T12:00Z,6419381,6,10,3.6,,,,h,3.6,,,,0,0.003,22.121,1.234,0,1.9,,-1.018,19,280,22.946,92.52,0.567,125.348,,,,,0
2026-10-07T06:00Z,2026-10-07T18:00Z,6419381,12,17.6,7.6,,,,h,7.6,,,,0,0.001,27.251,0.698,0.003,1.9,,-1.018,1,280,20.157,98.536,0.588,340.717,,,,,0
2026-10-07T06:00Z,2026-10-08T06:00Z,6419381,24,9.9,5,,,,h,5,,,,0,0.001,943.309,0.585,0.255,1.9,,-1.018,13,281,28.168,62.09,0.529,129.287,,,,,0
2026-10-07T06:00Z,2026-10-09T06:00Z,6419381,48,10,6.6,,,,h,6.6,,,,0,0,1201.918,0.832,0.176,1.9,,-1.018,13,282,29.281,55.576,0.51,60.46,,,,,0
2026-10-07T06:00Z,2026-10-07T07:00Z,6419429,1,6.5,1.4,,,,h,1.4,,,,0,0.013,900.306,2.012,0.083,1.5,,-1.192,14,280,28.451,74.771,1.678,67.498,,,,,0
2026-10-07T06:00Z,2026-10-07T09:00Z,6419429,3,7.1,1.7,,,,h,1.7,,,,0,0.014,686.192,1.424,0.33,1.5,,-1.192,16,280,28.143,78.62,1.159,43.757,,,,,0
2026-10-07T06:00Z,2026-10-07T12:00Z,6419429,6,10.8,3.2,,,,h,3.2,,,,0,0.006,84.478,0.788,0.673,1.5,,-1.192,19,280,24.666,93.479,0.328,41.317,,,,,0
2026-10-07T06:00Z,2026-10-07T18:00Z,6419429,12,12.3,4.4,,,,h,4.4,,,,0,0.002,43.257,1.641,0,1.5,,-1.192,1,280,23.879,93.91,0.754,318.451,,,,,0
2026-10-07T06:00Z,2026-10-08T06:00Z,6419429,24,7.7,3.3,,,,h,3.3,,,,0,0,968.969,1.937,0.035,1.5,,-1.192,13,281,29.629,69.699,1.645,42.303,,,,,0
2026-10-07T06:00Z,2026-10-09T06:00Z,6419429,48,9,5.5,,,,h,5.5,,,,0,0,1007.922,1.609,0.069,1.5,,-1.192,13,282,29.775,73.133,1.304,50.735,,,,,0
2026-10-07T06:00Z,2026-10-07T07:00Z,6435325,1,13,22.4,,,,h,22.4,,,,0,0.012,1224.492,2.673,0.187,18.4,,0.536,14,280,31.315,64.79,2.144,46.758,,,,,0
2026-10-07T06:00Z,2026-10-07T09:00Z,6435325,3,12.3,20.8,,,,h,20.8,,,,0,0.012,847.224,1.52,0.458,18.4,,0.536,16,280,30.604,67.443,1.105,53.532,,,,,0
2026-10-07T06:00Z,2026-10-07T12:00Z,6435325,6,21.8,35.2,,,,h,35.2,,,,0,0.006,99.289,1.464,0.019,18.4,,0.536,19,280,26.68,89.867,0.966,232.807,,,,,0
2026-10-07T06:00Z,2026-10-07T18:00Z,6435325,12,45.1,68.4,,,,h,68.4,,,,0,0.01,89.289,1.577,0.019,18.4,,0.536,1,280,24.674,95.661,0.4,308.247,,,,,0
2026-10-07T06:00Z,2026-10-08T06:00Z,6435325,24,20.7,28.8,,,,h,28.8,,,,0,0.072,1242.074,1.375,0.058,18.4,,0.536,13,281,31.532,63.58,1.073,18.53,,,,,0
2026-10-07T06:00Z,2026-10-09T06:00Z,6435325,48,23.1,28.2,,,,h,28.2,,,,0,0.003,838.186,3.602,1.585,18.4,,0.536,13,282,29.596,73.762,2.72,23.222,,,,,0
2026-10-07T06:00Z,2026-10-07T07:00Z,6472300,1,8.7,14.8,,,,h,14.8,,,,0,0.001,1259.664,6.157,0.158,18.1,,0.511,14,280,30.201,58.707,4.639,47.584,,,,,0
2026-10-07T06:00Z,2026-10-07T09:00Z,6472300,3,8.8,14.7,,,,h,14.7,,,,0,0.002,1199.252,7.159,0.303,18.1,,0.511,16,280,29.241,64.461,4.839,43.549,,,,,0
2026-10-07T06:00Z,2026-10-07T12:00Z,6472300,6,9.3,15,,,,h,15,,,,0,0.006,470.357,5.651,0,18.1,,0.511,19,280,26.353,73.808,2.739,55.185,,,,,0
2026-10-07T06:00Z,2026-10-07T18:00Z,6472300,12,13.7,20.7,,,,h,20.7,,,,0,0.02,518.225,6.596,0,18.1,,0.511,1,280,23.774,76.808,3.62,41.195,,,,,0
2026-10-07T06:00Z,2026-10-08T06:00Z,6472300,24,6.8,9.6,,,,h,9.6,,,,0,0.007,1144.081,7.378,0.105,18.1,,0.511,13,281,29.208,67.141,5.543,44.106,,,,,0
2026-10-07T06:00Z,2026-10-09T06:00Z,6472300,48,2.4,3.1,,,,h,3.1,,,,0,0.009,670.095,5.674,0.795,18.1,,0.511,13,282,26,85.226,4.261,20.388,,,,,0
2026-10-07T06:00Z,2026-10-07T07:00Z,6486693,1,3,0.8,,,,h,0.8,,,,0,0,576.861,1.46,0.449,0.4,,-0.812,14,280,26.465,77.097,0.992,16.167,,,,,0
2026-10-07T06:00Z,2026-10-07T09:00Z,6486693,3,3.1,0.9,,,,h,0.9,,,,0,0.002,510.978,2.032,0.272,0.4,,-0.812,16,280,25.055,86.615,1.223,12.406,,,,,0
2026-10-07T06:00Z,2026-10-07T12:00Z,6486693,6,4,1.5,,,,h,1.5,,,,0,0.007,137.361,2.366,0.031,0.4,,-0.812,19,280,22.945,90.879,0.908,8.7,,,,,0
2026-10-07T06:00Z,2026-10-07T18:00Z,6486693,12,7,3.3,,,,h,3.3,,,,0,0.007,106.559,3.176,0.015,0.4,,-0.812,1,280,22.002,90.306,1.588,4.496,,,,,0
2026-10-07T06:00Z,2026-10-08T06:00Z,6486693,24,3.2,1.6,,,,h,1.6,,,,0,0.003,608.726,2.287,0.841,0.4,,-0.812,13,281,25.42,85.848,1.508,356.287,,,,,0
2026-10-07T06:00Z,2026-10-09T06:00Z,6486693,48,3.8,2.6,,,,h,2.6,,,,0,0.001,906.589,0.482,0.699,0.4,,-0.812,13,282,28.844,65.748,0.389,232.994,,,,,0
2026-10-07T06:00Z,2026-10-07T07:00Z,6502940,1,4.1,2.6,,,,h,2.6,,,,0,0,424.883,3.235,0.492,3.7,,-0.362,14,280,27.327,84.02,2.804,255.352,,,,,0
2026-10-07T06:00Z,2026-10-07T09:00Z,6502940,3,3.3,2.1,,,,h,2.1,,,,0,0,494.347,3.321,0.116,3.7,,-0.362,16,280,27.568,82.518,2.92,286.584,,,,,0
2026-10-07T06:00Z,2026-10-07T12:00Z,6502940,6,2.8,1.8,,,,h,1.8,,,,0,0,335.325,2.665,0.033,3.7,,-0.362,19,280,27.268,85.821,2.1,299.699,,,,,0
2026-10-07T06:00Z,2026-10-07T18:00Z,6502940,12,2.9,2,,,,h,2,,,,0,0,405.256,2.497,0,3.7,,-0.362,1,280,27.026,86.114,2.145,323.219,,,,,0
2026-10-07T06:00Z,2026-10-08T06:00Z,6502940,24,2.8,2.1,,,,h,2.1,,,,0,0,487.474,3.346,1.241,3.7,,-0.362,13,281,27.217,83.876,3.028,294.996,,,,,0
2026-10-07T06:00Z,2026-10-09T06:00Z,6502940,48,4,3.4,,,,h,3.4,,,,0,0,652.252,2.927,0.097,3.7,,-0.362,13,282,29.232,73.491,2.638,309.032,,,,,0
2026-10-07T06:00Z,2026-10-07T07:00Z,3567155,1,4.6,4.5,,,,h,4.5,,,,0,0,1162.443,2.648,0,6.9,,-0.014,14,280,28.911,55.993,2.105,73.142,,,,,0
2026-10-07T06:00Z,2026-10-07T09:00Z,3567155,3,4.2,4.1,,,,h,4.1,,,,0,0,913.743,2.333,0.541,6.9,,-0.014,16,280,27.975,60.924,1.825,56.643,,,,,0
2026-10-07T06:00Z,2026-10-07T12:00Z,3567155,6,6.7,6.6,,,,h,6.6,,,,0,0.001,19.94,1.146,0,6.9,,-0.014,19,280,25.25,80.076,0.222,58.643,,,,,0
2026-10-07T06:00Z,2026-10-07T18:00Z,3567155,12,10.7,10.6,,,,h,10.6,,,,0,0.001,181.376,4.948,0,6.9,,-0.014,1,280,22.366,70.274,2.519,71.869,,,,,0
2026-10-07T06:00Z,2026-10-08T06:00Z,3567155,24,13.9,13.8,,,,h,13.8,,,,0,0.002,1411.087,1.191,0,6.9,,-0.014,13,281,29.61,54.31,1.045,54.284,,,,,0
2026-10-07T06:00Z,2026-10-09T06:00Z,3567155,48,16.2,16.1,,,,h,16.1,,,,0,0.001,1186.275,0.616,0.077,6.9,,-0.014,13,282,30.252,55.948,0.473,115.638,,,,,0
2026-10-07T06:00Z,2026-10-07T07:00Z,3714644,1,2.6,11.2,,,,h,11.2,,,,0,0,270.244,0.99,0.72,,,1.355,14,280,28.485,87.515,0.488,329.359,,,,,0
2026-10-07T06:00Z,2026-10-07T09:00Z,3714644,3,3,11.9,,,,h,11.9,,,,0,0,214.947,1.026,0.725,,,1.355,16,280,27.176,93.456,0.428,1.836,,,,,0
2026-10-07T06:00Z,2026-10-07T12:00Z,3714644,6,4.1,14.3,,,,h,14.3,,,,0,0.002,101.549,1.948,0.16,,,1.355,19,280,25.686,97.535,0.702,317.774,,,,,0
2026-10-07T06:00Z,2026-10-07T18:00Z,3714644,12,4.6,13.8,,,,h,13.8,,,,0,0.005,92.79,1.831,0.08,,,1.355,1,280,23.564,97.02,0.989,308.642,,,,,0
2026-10-07T06:00Z,2026-10-08T06:00Z,3714644,24,4.3,10.3,,,,h,10.3,,,,0,0.004,403.742,2.915,1.834,,,1.355,13,281,25.944,94.359,1.792,304.304,,,,,0
2026-10-07T06:00Z,2026-10-09T06:00Z,3714644,48,4.6,7.9,,,,h,7.9,,,,0,0.003,492.544,3.297,3.345,,,1.355,13,282,27.075,86.957,2.467,344.717,,,,,0
2026-10-07T06:00Z,2026-10-07T07:00Z,3133267,1,13.4,17.6,,,,h,17.6,,,,0,0.061,1235.031,2.414,0.304,,,0.287,14,280,31.222,65.563,1.996,40.712,,,,,0
2026-10-07T06:00Z,2026-10-07T09:00Z,3133267,3,14.6,18.9,,,,h,18.9,,,,0,0.097,1247.832,1.403,0.036,,,0.287,16,280,31.16,64.842,1.108,26.45,,,,,0
2026-10-07T06:00Z,2026-10-07T12:00Z,3133267,6,22.7,28.8,,,,h,28.8,,,,0,0.037,114.12,2.22,0.001,,,0.287,19,280,26.592,93.716,1.348,191.61,,,,,0
2026-10-07T06:00Z,2026-10-07T18:00Z,3133267,12,22.8,28.1,,,,h,28.1,,,,0,0.012,104.12,2.859,0.001,,,0.287,1,280,24.728,95.499,1.047,298.713,,,,,0
2026-10-07T06:00Z,2026-10-08T06:00Z,3133267,24,16,18.9,,,,h,18.9,,,,0,0.016,1212.334,2.822,0.097,,,0.287,13,281,31.763,60.477,2.213,41.657,,,,,0
2026-10-07T06:00Z,2026-10-09T06:00Z,3133267,48,19.7,21.8,,,,h,21.8,,,,0,0.001,1327.765,3.776,0.16,,,0.287,13,282,32.097,58.058,2.932,33.233,,,,,0
2026-10-07T06:00Z,2026-10-07T07:00Z,3567156,1,5.1,3.5,,,,h,3.5,,,,0,0,1602.782,2.155,0,,,-0.344,14,280,25.374,50.956,1.609,56.462,,,,,0
2026-10-07T06:00Z,2026-10-07T09:00Z,3567156,3,4.9,3.4,,,,h,3.4,,,,0,0,809.372,3.028,0,,,-0.344,16,280,24.259,57.103,2.039,61.595,,,,,0
2026-10-07T06:00Z,2026-10-07T12:00Z,3567156,6,8.7,6.4,,,,h,6.4,,,,0,0,42.004,3.56,0,,,-0.344,19,280,19.635,77.393,1.455,92.544,,,,,0
2026-10-07T06:00Z,2026-10-07T18:00Z,3567156,12,12.9,9.9,,,,h,9.9,,,,0,0,27.796,2.783,0,,,-0.344,1,280,17.898,76.539,1.202,102.361,,,,,0
2026-10-07T06:00Z,2026-10-08T06:00Z,3567156,24,6.3,5,,,,h,5,,,,0,0.001,1407.32,1.266,0,,,-0.344,13,281,26.06,50.82,0.937,63.573,,,,,0
2026-10-07T06:00Z,2026-10-09T06:00Z,3567156,48,13.8,12.2,,,,h,12.2,,,,0,0.001,1227.361,2.738,0.005,,,-0.344,13,282,26.792,50.106,2.024,71.305,,,,,0
2026-10-07T06:00Z,2026-10-07T07:00Z,3567157,1,3.1,80.7,,,,h,80.7,,,,0,0,1639.331,2.454,0,48.6,,3.12,14,280,26.914,48.869,1.8,71.875,,,,,0
2026-10-07T06:00Z,2026-10-07T09:00Z,3567157,3,3.2,73.1,,,,h,73.1,,,,0,0,618.584,2.166,0,48.6,,3.12,16,280,26.029,55.389,1.472,27.506,,,,,0
2026-10-07T06:00Z,2026-10-07T12:00Z,3567157,6,4.4,79.1,,,,h,79.1,,,,0,0,34.969,2.503,0,48.6,,3.12,19,280,21.889,76.055,0.663,96.71,,,,,0
2026-10-07T06:00Z,2026-10-07T18:00Z,3567157,12,7.7,93,,,,h,93,,,,0,0,16.846,1.207,0,48.6,,3.12,1,280,18.447,87.397,0.21,21.483,,,,,0
2026-10-07T06:00Z,2026-10-08T06:00Z,3567157,24,4.3,32.8,,,,h,32.8,,,,0,0,1400.175,1.15,0,48.6,,3.12,13,281,27.715,53.277,0.86,25.365,,,,,0
2026-10-07T06:00Z,2026-10-09T06:00Z,3567157,48,11.8,38.4,,,,h,38.4,,,,0,0,1369.56,2.058,0,48.6,,3.12,13,282,28.327,53.94,1.566,35.042,,,,,0
2026-10-07T06:00Z,2026-10-07T07:00Z,3684611,1,8.9,14.4,,,,h,14.4,,,,0,0.011,1142.606,7.396,0.005,9,,0.462,14,280,27.516,64.522,5.038,34.99,,,,,0
2026-10-07T06:00Z,2026-10-07T09:00Z,3684611,3,9.9,15.7,,,,h,15.7,,,,0,0.021,905.167,7.462,0.003,9,,0.462,16,280,26.18,70.741,4.666,36.285,,,,,0
2026-10-07T06:00Z,2026-10-07T12:00Z,3684611,6,13,19.9,,,,h,19.9,,,,0,0.027,714.468,6.836,0.008,9,,0.462,19,280,23.407,80.608,3.807,39.532,,,,,0
2026-10-07T06:00Z,2026-10-07T18:00Z,3684611,12,8.6,12.7,,,,h,12.7,,,,0,0.03,501.18,5.564,0.101,9,,0.462,1,280,22.319,84.549,2.708,34.994,,,,,0
2026-10-07T06:00Z,2026-10-08T06:00Z,3684611,24,4.8,6.6,,,,h,6.6,,,,0,0.011,841.815,6.799,0.114,9,,0.462,13,281,25.883,77.782,4.547,28.896,,,,,0
2026-10-07T06:00Z,2026-10-09T06:00Z,3684611,48,0.6,0.9,,,,h,0.9,,,,0,0.002,504.64,3.983,0.858,9,,0.462,13,282,24.567,92.317,2.685,8.899,,,,,0
2026-10-07T06:00Z,2026-10-07T07:00Z,6291933,1,7.7,6.4,,,,h,6.4,,,,0,0.001,963.618,2.528,0.152,,,-0.177,14,280,28.016,62.14,1.896,60.291,,,,,0
2026-10-07T06:00Z,2026-10-07T09:00Z,6291933,3,7.5,6.3,,,,h,6.3,,,,0,0.001,818.025,2.703,0,,,-0.177,16,280,27.474,66.743,1.946,63.646,,,,,0
2026-10-07T06:00Z,2026-10-07T12:00Z,6291933,6,9.7,8.3,,,,h,8.3,,,,0,0.001,38.968,0.938,0,,,-0.177,19,280,24.289,82.392,0.443,25.3,,,,,0
2026-10-07T06:00Z,2026-10-07T18:00Z,6291933,12,17.3,15.2,,,,h,15.2,,,,0,0.001,24.007,0.377,0,,,-0.177,1,280,22.396,82.591,0.199,244.524,,,,,0
2026-10-07T06:00Z,2026-10-08T06:00Z,6291933,24,6.4,5.7,,,,h,5.7,,,,0,0.001,954.206,2.216,0.108,,,-0.177,13,281,28.822,60.732,1.641,74.105,,,,,0
2026-10-07T06:00Z,2026-10-09T06:00Z,6291933,48,7.1,6.6,,,,h,6.6,,,,0,0,1005.549,2.289,0.1,,,-0.177,13,282,29.481,60.674,1.684,69.209,,,,,0
2026-10-07T06:00Z,2026-10-07T07:00Z,3733063,1,3.4,3.4,,,,h,3.4,,,,0,0,293.284,1.037,0.761,,,0,14,280,28.17,88.845,0.628,4.381,,,,,0
2026-10-07T06:00Z,2026-10-07T09:00Z,3733063,3,4.3,4.3,,,,h,4.3,,,,0,0.001,304.792,1.433,0.659,,,0,16,280,27.437,90.26,0.723,19.067,,,,,0
2026-10-07T06:00Z,2026-10-07T12:00Z,3733063,6,5.9,5.9,,,,h,5.9,,,,0,0.004,164.317,2.213,0.169,,,0,19,280,25.631,95.43,0.848,336.055,,,,,0
2026-10-07T06:00Z,2026-10-07T18:00Z,3733063,12,5.8,5.8,,,,h,5.8,,,,0,0.006,131.679,1.711,0.095,,,0,1,280,23.285,95.272,0.89,325.857,,,,,0
2026-10-07T06:00Z,2026-10-08T06:00Z,3733063,24,2.7,2.7,,,,h,2.7,,,,0,0.005,455.882,2.879,1.409,,,0,13,281,25.916,93.057,1.761,306.352,,,,,0
2026-10-07T06:00Z,2026-10-09T06:00Z,3733063,48,2.9,2.9,,,,h,2.9,,,,0,0.004,387.67,3.819,3.611,,,0,13,282,26.328,90.028,2.854,351.164,,,,,0
2026-10-07T06:00Z,2026-10-07T07:00Z,3684608,1,7.7,7.7,,,,h,7.7,,,,0,0.002,1171.05,2.505,0.15,,,0,14,280,29.297,56.275,1.997,80.07,,,,,0
2026-10-07T06:00Z,2026-10-07T09:00Z,3684608,3,7.4,7.4,,,,h,7.4,,,,0,0.002,992.295,2.447,0.106,,,0,16,280,28.671,58.785,1.876,62.12,,,,,0
2026-10-07T06:00Z,2026-10-07T12:00Z,3684608,6,10.6,10.6,,,,h,10.6,,,,0,0.001,20.774,1.374,0,,,0,19,280,25.625,80.654,0.368,101.923,,,,,0
2026-10-07T06:00Z,2026-10-07T18:00Z,3684608,12,14.2,14.2,,,,h,14.2,,,,0,0.001,146.177,3.984,0,,,0,1,280,23.095,74.188,1.914,74.436,,,,,0
2026-10-07T06:00Z,2026-10-08T06:00Z,3684608,24,12.3,12.3,,,,h,12.3,,,,0,0.002,1323.198,1.181,0.003,,,0,13,281,29.709,56.568,1,82.457,,,,,0
2026-10-07T06:00Z,2026-10-09T06:00Z,3684608,48,13.3,13.3,,,,h,13.3,,,,0,0.001,1213.946,0.961,0.009,,,0,13,282,30.506,57.243,0.769,65.389,,,,,0
2026-10-07T06:00Z,2026-10-07T07:00Z,6207256,1,5.5,1.5,,,,h,1.5,,,,0,0.004,998.382,0.539,0,0.9,,-1.001,14,280,28.973,66.163,0.404,108.214,,,,,0
2026-10-07T06:00Z,2026-10-07T09:00Z,6207256,3,5.6,1.6,,,,h,1.6,,,,0,0.004,671.127,0.595,0.267,0.9,,-1.001,16,280,28.541,67.546,0.478,72.717,,,,,0
2026-10-07T06:00Z,2026-10-07T12:00Z,6207256,6,8,2.8,,,,h,2.8,,,,0,0.003,30.415,0.732,0,0.9,,-1.001,19,280,25.748,82.643,0.204,151.7,,,,,0
2026-10-07T06:00Z,2026-10-07T18:00Z,6207256,12,14.8,6.4,,,,h,6.4,,,,0,0.001,61.443,1.338,0.248,0.9,,-1.001,1,280,22.426,94.573,0.708,329.838,,,,,0
2026-10-07T06:00Z,2026-10-08T06:00Z,6207256,24,9.7,4.9,,,,h,4.9,,,,0,0.001,893.266,1.025,0.059,0.9,,-1.001,13,281,29.418,65.763,0.861,134.22,,,,,0
2026-10-07T06:00Z,2026-10-09T06:00Z,6207256,48,11.2,7.5,,,,h,7.5,,,,0,0,962.371,0.969,0.121,0.9,,-1.001,13,282,30.315,63.777,0.801,112.147,,,,,0
2026-10-07T06:00Z,2026-10-07T07:00Z,3539279,1,3.4,3.4,,,,h,3.4,,,,0,0,1594.144,1.947,0,,,0,14,280,26.804,52.65,1.518,34.928,,,,,0
2026-10-07T06:00Z,2026-10-07T09:00Z,3539279,3,3.4,3.4,,,,h,3.4,,,,0,0,732.878,2.751,0,,,0,16,280,25.784,58.112,2.034,43.516,,,,,0
2026-10-07T06:00Z,2026-10-07T12:00Z,3539279,6,4.4,4.4,,,,h,4.4,,,,0,0,30.499,3.131,0,,,0,19,280,21.526,78.071,1.105,86.583,,,,,0
2026-10-07T06:00Z,2026-10-07T18:00Z,3539279,12,6,6,,,,h,6,,,,0,0,24.657,2.269,0,,,0,1,280,18.99,80.012,0.914,111.166,,,,,0
2026-10-07T06:00Z,2026-10-08T06:00Z,3539279,24,5.5,5.5,,,,h,5.5,,,,0,0.001,1361.732,1.037,0,,,0,13,281,27.243,51.25,0.874,23.416,,,,,0
2026-10-07T06:00Z,2026-10-09T06:00Z,3539279,48,15.4,15.4,,,,h,15.4,,,,0,0.001,1269.171,2.086,0,,,0,13,282,28.026,54.538,1.545,50.918,,,,,0
2026-10-07T06:00Z,2026-10-07T07:00Z,4143983,1,12.9,12.9,,,,h,12.9,,,,0,0.003,1265.985,4.483,0.194,,,0,14,280,30.068,57.241,3.363,51.647,,,,,0
2026-10-07T06:00Z,2026-10-07T09:00Z,4143983,3,12.9,12.9,,,,h,12.9,,,,0,0.003,1078.015,6.682,0.194,,,0,16,280,28.73,64.659,4.501,57.796,,,,,0
2026-10-07T06:00Z,2026-10-07T12:00Z,4143983,6,13.4,13.4,,,,h,13.4,,,,0,0.009,468.435,6.729,0,,,0,19,280,25.355,72.786,3.568,72.121,,,,,0
2026-10-07T06:00Z,2026-10-07T18:00Z,4143983,12,16.8,16.8,,,,h,16.8,,,,0,0.024,339.693,5.428,0.003,,,0,1,280,22.755,77.714,2.639,50.358,,,,,0
2026-10-07T06:00Z,2026-10-08T06:00Z,4143983,24,7.9,7.9,,,,h,7.9,,,,0,0.005,1135.353,5.058,0.051,,,0,13,281,29.429,64.018,3.776,45.993,,,,,0
2026-10-07T06:00Z,2026-10-09T06:00Z,4143983,48,2.4,2.4,,,,h,2.4,,,,0,0.004,597.389,4.318,0.657,,,0,13,282,25.944,84.333,3.207,358.179,,,,,0
2026-10-07T06:00Z,2026-10-07T07:00Z,2894459,1,7.9,7.9,,,,h,7.9,,,,0,0.003,1201.227,5.778,0.105,,,0,14,280,31.273,58.698,4.331,65.232,,,,,0
2026-10-07T06:00Z,2026-10-07T09:00Z,2894459,3,8.3,8.3,,,,h,8.3,,,,0,0.002,1151.959,5.435,0.041,,,0,16,280,30.845,60.163,3.885,61.185,,,,,0
2026-10-07T06:00Z,2026-10-07T12:00Z,2894459,6,12.7,12.7,,,,h,12.7,,,,0,0.002,72.336,3.594,0,,,0,19,280,27.448,77.186,1.431,39.979,,,,,0
2026-10-07T06:00Z,2026-10-07T18:00Z,2894459,12,13.8,13.8,,,,h,13.8,,,,0,0.014,74.008,3.589,0,,,0,1,280,24.993,88.726,1.787,33.051,,,,,0
2026-10-07T06:00Z,2026-10-08T06:00Z,2894459,24,14.8,14.8,,,,h,14.8,,,,0,0.003,1116.891,4.197,0.202,,,0,13,281,31.611,59.217,3.241,38.486,,,,,0
2026-10-07T06:00Z,2026-10-09T06:00Z,2894459,48,16.5,16.5,,,,h,16.5,,,,0,0,1197.877,3.98,0.057,,,0,13,282,31.903,57.016,3.115,45.334,,,,,0
2026-10-07T06:00Z,2026-10-07T07:00Z,3602359,1,3.4,3.4,,,,h,3.4,,,,0,0.008,1160.795,2.245,0,,,0,14,280,22.983,57.103,1.489,69.405,,,,,0
2026-10-07T06:00Z,2026-10-07T09:00Z,3602359,3,3.4,3.4,,,,h,3.4,,,,0,0.01,697.522,1.876,0.022,,,0,16,280,21.819,62.719,1.187,69.808,,,,,0
2026-10-07T06:00Z,2026-10-07T12:00Z,3602359,6,5,5,,,,h,5,,,,0,0.011,39.722,1.86,0,,,0,19,280,17.346,83.111,0.954,74.382,,,,,0
2026-10-07T06:00Z,2026-10-07T18:00Z,3602359,12,10.7,10.7,,,,h,10.7,,,,0,0.008,20,1.289,0,,,0,1,280,13.861,87.491,0.913,32.683,,,,,0
2026-10-07T06:00Z,2026-10-08T06:00Z,3602359,24,14.3,14.3,,,,h,14.3,,,,0,0.005,1419.528,1.083,0,,,0,13,281,24.134,55.923,0.749,99.916,,,,,0
2026-10-07T06:00Z,2026-10-09T06:00Z,3602359,48,21.2,21.2,,,,h,21.2,,,,0,0.005,838.329,2.641,0.35,,,0,13,282,23.551,67.37,1.817,74.814,,,,,0
2026-10-07T06:00Z,2026-10-07T07:00Z,1236035,1,7.7,7.7,,,,h,7.7,,,,0,0.001,1203.414,2.924,0.065,,,0,14,280,29.578,54.73,2.315,73.971,,,,,0
2026-10-07T06:00Z,2026-10-07T09:00Z,1236035,3,7.4,7.4,,,,h,7.4,,,,0,0.001,1061.416,2.812,0.022,,,0,16,280,29.082,56.485,2.146,58.104,,,,,0
2026-10-07T06:00Z,2026-10-07T12:00Z,1236035,6,10.6,10.6,,,,h,10.6,,,,0,0.001,26.889,1.48,0,,,0,19,280,25.989,78.269,0.326,77.901,,,,,0
2026-10-07T06:00Z,2026-10-07T18:00Z,1236035,12,14.2,14.2,,,,h,14.2,,,,0,0.001,161.593,4.524,0,,,0,1,280,23.36,72.545,2.116,70.593,,,,,0
2026-10-07T06:00Z,2026-10-08T06:00Z,1236035,24,12.3,12.3,,,,h,12.3,,,,0,0.001,1317.193,1.513,0.003,,,0,13,281,29.921,56.24,1.292,60.732,,,,,0
2026-10-07T06:00Z,2026-10-09T06:00Z,1236035,48,13.3,13.3,,,,h,13.3,,,,0,0.001,1235.406,1.319,0.003,,,0,13,282,30.704,56.975,1.033,54.222,,,,,0
2026-10-07T06:00Z,2026-10-07T07:00Z,3591608,1,3.7,3.7,,,,h,3.7,,,,0,0.006,1162.184,1.113,0,,,0,14,280,21.647,62.475,0.899,125.61,,,,,0
2026-10-07T06:00Z,2026-10-07T09:00Z,3591608,3,4.5,4.5,,,,h,4.5,,,,0,0.008,761.166,0.424,0.021,,,0,16,280,20.509,68.034,0.247,56.161,,,,,0
2026-10-07T06:00Z,2026-10-07T12:00Z,3591608,6,6.7,6.7,,,,h,6.7,,,,0,0.01,49.662,1.259,0,,,0,19,280,16.567,85.961,0.606,57.057,,,,,0
2026-10-07T06:00Z,2026-10-07T18:00Z,3591608,12,9.6,9.6,,,,h,9.6,,,,0,0.009,20.109,1.422,0,,,0,1,280,13.538,83.644,0.68,4.696,,,,,0
2026-10-07T06:00Z,2026-10-08T06:00Z,3591608,24,14.3,14.3,,,,h,14.3,,,,0,0.006,1393.602,1.276,0,,,0,13,281,22.995,57.574,1.009,177.528,,,,,0
2026-10-07T06:00Z,2026-10-09T06:00Z,3591608,48,13.2,13.2,,,,h,13.2,,,,0,0.005,659.773,0.958,0.649,,,0,13,282,22.416,70.035,0.727,89.423,,,,,0
2026-10-07T06:00Z,2026-10-07T07:00Z,2843713,1,7.1,7.1,,,,h,7.1,,,,0,0,1100.039,4.816,0.183,,,0,14,280,30.16,63.564,3.673,49.484,,,,,0
2026-10-07T06:00Z,2026-10-07T09:00Z,2843713,3,7,7,,,,h,7,,,,0,0,998.116,5.396,0.103,,,0,16,280,29.6,66.362,3.754,42.613,,,,,0
2026-10-07T06:00Z,2026-10-07T12:00Z,2843713,6,8.6,8.6,,,,h,8.6,,,,0,0,234.336,5.063,0,,,0,19,280,26.622,78.83,2.139,50.166,,,,,0
2026-10-07T06:00Z,2026-10-07T18:00Z,2843713,12,9.1,9.1,,,,h,9.1,,,,0,0.002,202.702,4.16,0,,,0,1,280,24.397,86.204,1.675,38.359,,,,,0
2026-10-07T06:00Z,2026-10-08T06:00Z,2843713,24,7.9,7.9,,,,h,7.9,,,,0,0.013,1095.511,5.142,0.053,,,0,13,281,29.582,65.609,3.916,31.114,,,,,0
2026-10-07T06:00Z,2026-10-09T06:00Z,2843713,48,7.4,7.4,,,,h,7.4,,,,0,0.019,1153.897,4.032,0.042,,,0,13,282,29.472,70.515,3.221,30.004,,,,,0
2026-10-07T06:00Z,2026-10-07T07:00Z,6152097,1,5.5,5.5,,,,h,5.5,,,,0,0.007,932.17,0.894,0.05,,,0,14,280,29.747,62.863,0.766,62.995,,,,,0
2026-10-07T06:00Z,2026-10-07T09:00Z,6152097,3,6.4,6.4,,,,h,6.4,,,,0,0.005,319.874,2.162,0.001,,,0,16,280,29.216,70.188,1.685,104.32,,,,,0
2026-10-07T06:00Z,2026-10-07T12:00Z,6152097,6,24.2,24.2,,,,h,24.2,,,,0,0.004,39.268,1.068,0,,,0,19,280,27.158,79.878,0.247,210.022,,,,,0
2026-10-07T06:00Z,2026-10-07T18:00Z,6152097,12,33.3,33.3,,,,h,33.3,,,,0,0.002,50.288,0.888,0.001,,,0,1,280,23.316,93.282,0.011,272.41,,,,,0
2026-10-07T06:00Z,2026-10-08T06:00Z,6152097,24,8.9,8.9,,,,h,8.9,,,,0,0.001,656.279,0.994,0.006,,,0,13,281,29.817,65.382,0.802,137.342,,,,,0
2026-10-07T06:00Z,2026-10-09T06:00Z,6152097,48,9.6,9.6,,,,h,9.6,,,,0,0,888.254,0.158,0.006,,,0,13,282,31.044,62.541,0.184,176.506,,,,,0
2026-10-07T06:00Z,2026-10-07T07:00Z,3591607,1,2.9,2.6,,,,h,2.6,,,,0,0.003,1200.305,1.751,0,2.5,,-0.084,14,280,24.407,57.341,1.193,53.02,,,,,0
2026-10-07T06:00Z,2026-10-07T09:00Z,3591607,3,3.1,2.8,,,,h,2.8,,,,0,0.005,627.63,1.571,0.429,2.5,,-0.084,16,280,23.008,64.84,1.097,58.848,,,,,0
2026-10-07T06:00Z,2026-10-07T12:00Z,3591607,6,3.5,3.2,,,,h,3.2,,,,0,0.007,33.247,2.003,0,2.5,,-0.084,19,280,18.954,83.873,0.907,76.26,,,,,0
2026-10-07T06:00Z,2026-10-07T18:00Z,3591607,12,6.1,5.7,,,,h,5.7,,,,0,0.005,20,0.988,0,2.5,,-0.084,1,280,15.634,87.86,0.811,55.594,,,,,0
2026-10-07T06:00Z,2026-10-08T06:00Z,3591607,24,10.9,10.3,,,,h,10.3,,,,0,0.003,1408.149,0.791,0,2.5,,-0.084,13,281,25.455,53.718,0.539,54.086,,,,,0
2026-10-07T06:00Z,2026-10-09T06:00Z,3591607,48,16.3,15.8,,,,h,15.8,,,,0,0.003,978.095,1.981,0.245,2.5,,-0.084,13,282,25.278,63.519,1.347,67.935,,,,,0
2026-10-07T06:00Z,2026-10-07T07:00Z,5755932,1,10,10,,,,h,10,,,,0,0,816.336,2.277,0.105,,,0,14,280,30.6,66.946,1.785,350.151,,,,,0
2026-10-07T06:00Z,2026-10-07T09:00Z,5755932,3,9.7,9.7,,,,h,9.7,,,,0,0,593.761,0.557,0.147,,,0,16,280,30.348,66.351,0.455,63.121,,,,,0
2026-10-07T06:00Z,2026-10-07T12:00Z,5755932,6,18.2,18.2,,,,h,18.2,,,,0,0,179.162,1.606,0.692,,,0,19,280,26.44,91.31,1.029,11.054,,,,,0
2026-10-07T06:00Z,2026-10-07T18:00Z,5755932,12,13.4,13.4,,,,h,13.4,,,,0,0,205.278,3.497,0.362,,,0,1,280,24.359,98.066,1.843,272.454,,,,,0
2026-10-07T06:00Z,2026-10-08T06:00Z,5755932,24,6.3,6.3,,,,h,6.3,,,,0,0,1233.912,3.456,0.075,,,0,13,281,31.579,63.078,2.791,353.521,,,,,0
2026-10-07T06:00Z,2026-10-09T06:00Z,5755932,48,4.9,4.9,,,,h,4.9,,,,0,0,696.334,3.88,1.387,,,0,13,282,29.2,74.989,3.131,31.43,,,,,0
2026-10-07T06:00Z,2026-10-07T07:00Z,3503722,1,5.1,5.1,,,,h,5.1,,,,0,0,1512.005,1.19,0.074,,,0,14,280,29.224,51.627,0.854,70.994,,,,,0
2026-10-07T06:00Z,2026-10-07T09:00Z,3503722,3,5.3,5.3,,,,h,5.3,,,,0,0,831.065,1.372,0,,,0,16,280,28.576,53.759,1.084,170.031,,,,,0
2026-10-07T06:00Z,2026-10-07T12:00Z,3503722,6,8.5,8.5,,,,h,8.5,,,,0,0,17.75,1.676,0,,,0,19,280,24.992,69.847,0.3,91.782,,,,,0
2026-10-07T06:00Z,2026-10-07T18:00Z,3503722,12,10.8,10.8,,,,h,10.8,,,,0,0,23.538,0.834,0,,,0,1,280,20.518,89.001,0.643,30.919,,,,,0
2026-10-07T06:00Z,2026-10-08T06:00Z,3503722,24,5,5,,,,h,5,,,,0,0,1555.579,0.122,0,,,0,13,281,29.65,50.985,0.062,32.48,,,,,0
2026-10-07T06:00Z,2026-10-09T06:00Z,3503722,48,7.1,7.1,,,,h,7.1,,,,0,0,1464.249,0.101,0.046,,,0,13,282,30.28,53.236,0.116,79.098,,,,,0
2026-10-07T06:00Z,2026-10-07T07:00Z,6284174,1,4.8,4.8,,,,h,4.8,,,,0,0.006,847.156,0.923,0.344,,,0,14,280,26.548,68.989,0.657,91.651,,,,,0
2026-10-07T06:00Z,2026-10-07T09:00Z,6284174,3,5.6,5.6,,,,h,5.6,,,,0,0.004,734.149,1.15,0.083,,,0,16,280,26.559,70.853,0.707,96.597,,,,,0
2026-10-07T06:00Z,2026-10-07T12:00Z,6284174,6,10,10,,,,h,10,,,,0,0.003,22.633,1.153,0,,,0,19,280,23.022,92.68,0.551,120.826,,,,,0
2026-10-07T06:00Z,2026-10-07T18:00Z,6284174,12,17.6,17.6,,,,h,17.6,,,,0,0.001,24.769,0.686,0.001,,,0,1,280,20.273,98.343,0.547,337.46,,,,,0
2026-10-07T06:00Z,2026-10-08T06:00Z,6284174,24,9.9,9.9,,,,h,9.9,,,,0,0.001,918.437,0.487,0.25,,,0,13,281,28.152,62.779,0.451,135.222,,,,,0
2026-10-07T06:00Z,2026-10-09T06:00Z,6284174,48,10,10,,,,h,10,,,,0,0,1178.556,0.808,0.171,,,0,13,282,29.316,56.535,0.502,47.166,,,,,0
2026-10-07T06:00Z,2026-10-07T07:00Z,1236063,1,6.7,6.7,,,,h,6.7,,,,0,0.019,1320.208,2.749,0.046,,,0,14,280,31.618,61.714,2.184,45.639,,,,,0
2026-10-07T06:00Z,2026-10-07T09:00Z,1236063,3,6.7,6.7,,,,h,6.7,,,,0,0.012,913.984,1.97,0.063,,,0,16,280,31.08,65.066,1.498,47.807,,,,,0
2026-10-07T06:00Z,2026-10-07T12:00Z,1236063,6,21.3,21.3,,,,h,21.3,,,,0,0.011,103.348,1.676,0,,,0,19,280,26.896,88.454,1.121,241.257,,,,,0
2026-10-07T06:00Z,2026-10-07T18:00Z,1236063,12,52.7,52.7,,,,h,52.7,,,,0,0.064,83.167,1.601,0,,,0,1,280,24.833,96.173,0.624,266.377,,,,,0
2026-10-07T06:00Z,2026-10-08T06:00Z,1236063,24,15.7,15.7,,,,h,15.7,,,,0,0.047,1284.773,1.393,0.036,,,0,13,281,31.914,60.649,1.05,33.989,,,,,0
2026-10-07T06:00Z,2026-10-09T06:00Z,1236063,48,18.5,18.5,,,,h,18.5,,,,0,0.002,696.203,3.333,2.094,,,0,13,282,29.009,76.65,2.435,25.367,,,,,0
2026-10-07T06:00Z,2026-10-07T07:00Z,3553303,1,3.5,3.5,,,,h,3.5,,,,0,0,1611.768,1.768,0,,,0,14,280,26.341,52.413,1.351,48.762,,,,,0
2026-10-07T06:00Z,2026-10-07T09:00Z,3553303,3,3.7,3.7,,,,h,3.7,,,,0,0,683.239,2.868,0,,,0,16,280,25.193,59.554,2.034,51.058,,,,,0
2026-10-07T06:00Z,2026-10-07T12:00Z,3553303,6,4.1,4.1,,,,h,4.1,,,,0,0,36.76,3.542,0,,,0,19,280,20.777,78.541,1.418,91.84,,,,,0
2026-10-07T06:00Z,2026-10-07T18:00Z,3553303,12,4.8,4.8,,,,h,4.8,,,,0,0,26.297,2.827,0,,,0,1,280,18.515,79.114,1.25,109.178,,,,,0
2026-10-07T06:00Z,2026-10-08T06:00Z,3553303,24,5.8,5.8,,,,h,5.8,,,,0,0.001,1369.794,0.842,0,,,0,13,281,26.748,51.679,0.699,26.33,,,,,0
2026-10-07T06:00Z,2026-10-09T06:00Z,3553303,48,15.8,15.8,,,,h,15.8,,,,0,0.001,1230.571,2.518,0,,,0,13,282,27.505,54.256,1.861,66.008,,,,,0
