issued_utc,valid_utc,station_id,lead_h,cams_raw,corrected,cams24,corr24,blend24,obs_basis,correctedA,blend24A,correctedML,blend24ML,inc,fire,blh,ws,pr,obs_last,obs24_last,kfAb,hloc,doy,t2,rh,ws10,wd,o_ws,o_wd,o_t2,o_rh,monitor
2026-10-04T12:00Z,2026-10-04T13:00Z,a4t:119t,1,4.65,8,5.6,9.6,10.3,h,8,10.3,,,0,0,107.45,1.463,0.095,8,10.3,0.483,20,277,26.866,91.896,0.646,334.448,1.6,327,28.8,88,1
2026-10-04T12:00Z,2026-10-04T15:00Z,a4t:119t,3,5.45,9.1,5.2,9.1,10.3,h,9.1,10.3,,,0,0,118.019,1.575,0.103,8,10.3,0.483,22,277,26.09,94.037,0.84,194.489,1.6,327,28.8,88,1
2026-10-04T12:00Z,2026-10-04T18:00Z,a4t:119t,6,4.65,7.6,4.9,8.4,10.3,h,7.6,10.3,,,0,0,79.108,0.861,0,8,10.3,0.483,1,277,25.439,95.784,0.66,353.479,1.6,327,28.8,88,1
2026-10-04T12:00Z,2026-10-05T00:00Z,a4t:119t,12,3.5,5.5,4.4,7.5,9.9,h,5.5,9.9,,,0,0,133.573,2.056,0.024,8,10.3,0.483,7,278,25.547,95.045,1.218,187.857,1.6,327,28.8,88,1
2026-10-04T12:00Z,2026-10-05T12:00Z,a4t:119t,24,3.5999999999999996,5.1,4.1,6.4,9,h,5.1,9,,,0,0,217.321,2.549,0.542,8,10.3,0.483,19,278,26.199,92.264,1.092,276.804,1.6,327,28.8,88,1
2026-10-04T12:00Z,2026-10-06T12:00Z,a4t:119t,48,2.55,3.2,2.6,3.5,6.9,h,3.2,6.9,,,0,0,180.179,2.817,0.564,8,10.3,0.483,19,279,25.508,94.576,1.795,296.316,1.6,327,28.8,88,1
2026-10-04T12:00Z,2026-10-04T13:00Z,a4t:02t,1,11.649999999999999,12,15,15.4,17.4,h,12,17.4,,,0,0,119.681,2.012,0,11,17.4,0.025,20,277,26.656,92.36,1.204,76.917,,,,,1
2026-10-04T12:00Z,2026-10-04T15:00Z,a4t:02t,3,15.200000000000001,15.6,15.3,15.7,17.4,h,15.6,17.4,,,0,0,92.193,0.821,0.179,11,17.4,0.025,22,277,25.342,96.18,0.343,119.1,,,,,1
2026-10-04T12:00Z,2026-10-04T18:00Z,a4t:02t,6,24.4,25,16.3,16.8,17.5,h,25,17.5,,,0,0.001,107.273,1.416,0,11,17.4,0.025,1,277,25.155,96.191,0.599,107.943,,,,,1
2026-10-04T12:00Z,2026-10-05T00:00Z,a4t:02t,12,27.65,28.2,19,19.5,18.1,h,28.2,18.1,,,0,0.004,173.241,1.842,0,11,17.4,0.025,7,278,25.635,94.339,1.154,80.777,,,,,1
2026-10-04T12:00Z,2026-10-05T12:00Z,a4t:02t,24,37.7,38.3,27.7,28.2,20.9,h,38.3,20.9,,,0,0,114.97,0.398,0.307,11,17.4,0.025,19,278,25.356,95.342,0.127,307.168,,,,,1
2026-10-04T12:00Z,2026-10-06T12:00Z,a4t:02t,48,30.2,30.5,22,22.3,19.8,h,30.5,19.8,,,0,0,88.462,1.224,0,11,17.4,0.025,19,279,25.953,94.322,0.349,55.611,,,,,1
2026-10-04T12:00Z,2026-10-04T13:00Z,a4t:50t,1,11.649999999999999,15.2,15,19.8,21.1,h,15.2,21.1,,,0,0,119.547,2.082,0,22,21.1,0.266,20,277,26.635,92.242,1.201,80.677,,,28.3,74,1
2026-10-04T12:00Z,2026-10-04T15:00Z,a4t:50t,3,15.200000000000001,19.6,15.3,20.2,21.1,h,19.6,21.1,,,0,0,89.865,0.76,0.196,22,21.1,0.266,22,277,25.313,96.243,0.295,127.458,,,28.3,74,1
2026-10-04T12:00Z,2026-10-04T18:00Z,a4t:50t,6,24.4,30.8,16.3,21.4,21.2,h,30.8,21.2,,,0,0.001,106.057,1.524,0,22,21.1,0.266,1,277,25.138,96.353,0.661,108.794,,,28.3,74,1
2026-10-04T12:00Z,2026-10-05T00:00Z,a4t:50t,12,27.65,34,19,24.4,22,h,34,22,,,0,0.004,169.605,1.913,0,22,21.1,0.266,7,278,25.63,94.445,1.17,83.967,,,28.3,74,1
2026-10-04T12:00Z,2026-10-05T12:00Z,a4t:50t,24,37.7,44.2,27.7,33.8,25.2,h,44.2,25.2,,,0,0,113.67,0.256,0.307,22,21.1,0.266,19,278,25.376,95.295,0.047,290.993,,,28.3,74,1
2026-10-04T12:00Z,2026-10-06T12:00Z,a4t:50t,48,30.2,33.3,22,25,23.1,h,33.3,23.1,,,0,0,83.963,1.186,0,22,21.1,0.266,19,279,25.942,94.354,0.334,57.46,,,28.3,74,1
2026-10-04T12:00Z,2026-10-04T13:00Z,a4t:52t,1,11.649999999999999,16.7,15,21.7,20.7,h,16.7,20.7,,,0,0,119.565,1.995,0,28,20.7,0.351,20,277,26.661,92.35,1.198,77.255,,,,,1
2026-10-04T12:00Z,2026-10-04T15:00Z,a4t:52t,3,15.200000000000001,21.4,15.3,22.1,20.7,h,21.4,20.7,,,0,0,91.98,0.812,0.177,28,20.7,0.351,22,277,25.349,96.163,0.339,118.768,,,,,1
2026-10-04T12:00Z,2026-10-04T18:00Z,a4t:52t,6,24.4,33.4,16.3,23.4,20.8,h,33.4,20.8,,,0,0,107.134,1.405,0,28,20.7,0.351,1,277,25.16,96.182,0.593,108.021,,,,,1
2026-10-04T12:00Z,2026-10-05T00:00Z,a4t:52t,12,27.65,36.4,19,26.5,21.8,h,36.4,21.8,,,0,0.004,173.266,1.838,0,28,20.7,0.351,7,278,25.638,94.334,1.153,80.485,,,,,1
2026-10-04T12:00Z,2026-10-05T12:00Z,a4t:52t,24,37.7,46.7,27.7,36.2,25.6,h,46.7,25.6,,,0,0,114.894,0.402,0.309,28,20.7,0.351,19,278,25.358,95.33,0.127,306.756,,,,,1
2026-10-04T12:00Z,2026-10-06T12:00Z,a4t:52t,48,30.2,34.4,22,26.2,23.4,h,34.4,23.4,,,0,0,88.498,1.229,0,28,20.7,0.351,19,279,25.953,94.308,0.35,55.445,,,,,1
2026-10-04T12:00Z,2026-10-04T13:00Z,a4t:53t,1,11.649999999999999,14.2,15,18.3,20.5,h,14.2,20.5,,,0,0,119.683,2.346,0,27,20.5,0.191,20,277,26.559,92.283,1.264,78.942,,,26.9,27,1
2026-10-04T12:00Z,2026-10-04T15:00Z,a4t:53t,3,15.200000000000001,18.3,15.3,18.7,20.5,h,18.3,20.5,,,0,0.001,90.5,0.802,0.236,27,20.5,0.191,22,277,25.191,96.534,0.302,139.211,,,26.9,27,1
2026-10-04T12:00Z,2026-10-04T18:00Z,a4t:53t,6,24.4,28.9,16.3,19.9,20.5,h,28.9,20.5,,,0,0.003,106.114,1.729,0,27,20.5,0.191,1,277,25.059,96.646,0.775,107.907,,,26.9,27,1
2026-10-04T12:00Z,2026-10-05T00:00Z,a4t:53t,12,27.65,32.1,19,22.8,21.2,h,32.1,21.2,,,0,0.004,165.723,2.02,0,27,20.5,0.191,7,278,25.587,94.62,1.202,89.289,,,26.9,27,1
2026-10-04T12:00Z,2026-10-05T12:00Z,a4t:53t,24,37.7,42.3,27.7,32,24.2,h,42.3,24.2,,,0,0,113.667,0.158,0.275,27,20.5,0.191,19,278,25.349,95.431,0.111,246.634,,,26.9,27,1
2026-10-04T12:00Z,2026-10-06T12:00Z,a4t:53t,48,30.2,32.4,22,24.2,22.3,h,32.4,22.3,,,0,0,78.356,1.075,0,27,20.5,0.191,19,279,25.936,94.546,0.301,60.874,,,26.9,27,1
2026-10-04T12:00Z,2026-10-04T13:00Z,a4t:59t,1,11.649999999999999,10.3,15,13.2,16.5,h,10.3,16.5,,,0,0,120.219,2.238,0,7,16.5,-0.118,20,277,26.593,92.368,1.259,76.66,0.4,210,24.3,99,1
2026-10-04T12:00Z,2026-10-04T15:00Z,a4t:59t,3,15.200000000000001,13.6,15.3,13.5,16.5,h,13.6,16.5,,,0,0,92.31,0.84,0.212,7,16.5,-0.118,22,277,25.243,96.413,0.337,129.074,0.4,210,24.3,99,1
2026-10-04T12:00Z,2026-10-04T18:00Z,a4t:59t,6,24.4,22,16.3,14.5,16.5,h,22,16.5,,,0,0.001,107.349,1.606,0,7,16.5,-0.118,1,277,25.094,96.433,0.707,107.673,0.4,210,24.3,99,1
2026-10-04T12:00Z,2026-10-05T00:00Z,a4t:59t,12,27.65,25.2,19,17,17,h,25.2,17,,,0,0.005,169.715,1.939,0,7,16.5,-0.118,7,278,25.602,94.487,1.183,86.015,0.4,210,24.3,99,1
2026-10-04T12:00Z,2026-10-05T12:00Z,a4t:59t,24,37.7,35.1,27.7,25.4,19.3,h,35.1,19.3,,,0,0,114.678,0.238,0.284,7,16.5,-0.118,19,278,25.342,95.432,0.079,295.323,0.4,210,24.3,99,1
2026-10-04T12:00Z,2026-10-06T12:00Z,a4t:59t,48,30.2,28.9,22,20.8,18.7,h,28.9,18.7,,,0,0,83.744,1.135,0,7,16.5,-0.118,19,279,25.944,94.484,0.321,58.685,0.4,210,24.3,99,1
2026-10-04T12:00Z,2026-10-04T13:00Z,a4t:61t,1,13.75,15.2,19.5,21.5,17.6,h,15.2,17.6,,,0,0,119.415,2.313,0,20,17.6,0.096,20,277,26.568,92.169,1.239,82.29,,,,,1
2026-10-04T12:00Z,2026-10-04T15:00Z,a4t:61t,3,16.65,18.3,19.4,21.4,17.6,h,18.3,17.6,,,0,0.001,88.281,0.757,0.236,20,17.6,0.096,22,277,25.21,96.485,0.268,143.419,,,,,1
2026-10-04T12:00Z,2026-10-04T18:00Z,a4t:61t,6,20.35,22.2,18.9,20.9,17.7,h,22.2,17.7,,,0,0.002,105,1.746,0,20,17.6,0.096,1,277,25.072,96.684,0.786,108.766,,,,,1
2026-10-04T12:00Z,2026-10-05T00:00Z,a4t:61t,12,15.5,16.7,17.9,19.6,17.9,h,16.7,17.9,,,0,0.004,163.969,2.048,0,20,17.6,0.096,7,278,25.598,94.649,1.206,89.752,,,,,1
2026-10-04T12:00Z,2026-10-05T12:00Z,a4t:61t,24,22.7,24.1,18,19.5,18.2,h,24.1,18.2,,,0,0,112.573,0.178,0.285,20,17.6,0.096,19,278,25.375,95.345,0.146,220.084,,,,,1
2026-10-04T12:00Z,2026-10-06T12:00Z,a4t:61t,48,20.1,20.8,12.7,13.3,15.5,h,20.8,15.5,,,0,0,76.408,1.082,0,20,17.6,0.096,19,279,25.93,94.503,0.303,61.346,,,,,1
2026-10-04T12:00Z,2026-10-04T13:00Z,a4t:o10,1,13.75,15.9,19.5,22.6,19.4,h,15.9,19.4,,,0,0,119.082,2.388,0,22,19.4,0.14,20,277,26.545,92.126,1.246,83.237,,,,,1
2026-10-04T12:00Z,2026-10-04T15:00Z,a4t:o10,3,16.65,19.1,19.4,22.5,19.4,h,19.1,19.4,,,0,0.002,87.336,0.757,0.252,22,19.4,0.14,22,277,25.174,96.567,0.26,150.235,,,,,1
2026-10-04T12:00Z,2026-10-04T18:00Z,a4t:o10,6,20.35,23.1,18.9,21.9,19.4,h,23.1,19.4,,,0,0.003,104.31,1.823,0,22,19.4,0.14,1,277,25.048,96.817,0.828,108.776,,,,,1
2026-10-04T12:00Z,2026-10-05T00:00Z,a4t:o10,12,15.5,17.4,17.9,20.5,19.5,h,17.4,19.5,,,0,0.004,161.586,2.101,0,22,19.4,0.14,7,278,25.587,94.732,1.219,91.615,,,,,1
2026-10-04T12:00Z,2026-10-05T12:00Z,a4t:o10,24,22.7,24.8,18,20.2,19.6,h,24.8,19.6,,,0,0,112.034,0.246,0.278,22,19.4,0.14,19,278,25.377,95.353,0.203,197.355,,,,,1
2026-10-04T12:00Z,2026-10-06T12:00Z,a4t:o10,48,20.1,21.2,12.7,13.6,16.5,h,21.2,16.5,,,0,0,73.143,1.044,0,22,19.4,0.14,19,279,25.926,94.546,0.293,62.821,,,,,1
2026-10-04T12:00Z,2026-10-04T13:00Z,a4t:79t,1,9.45,25.7,9.6,27.1,23.9,h,25.7,23.9,,,0,0,95.414,1.477,0.03,42,23.9,0.979,20,277,25.044,95.843,0.828,24.138,,,,,1
2026-10-04T12:00Z,2026-10-04T15:00Z,a4t:79t,3,9.85,25.7,9.8,27.5,23.9,h,25.7,23.9,,,0,0,83.778,1.146,0.007,42,23.9,0.979,22,277,23.941,97.391,0.57,84.219,,,,,1
2026-10-04T12:00Z,2026-10-04T18:00Z,a4t:79t,6,11.55,28.3,10.1,27.9,23.9,h,28.3,23.9,,,0,0.005,88.502,0.678,0,42,23.9,0.979,1,277,23.517,96.808,0.399,161.583,,,,,1
2026-10-04T12:00Z,2026-10-05T00:00Z,a4t:79t,12,12.85,28.2,11.7,30.4,24.4,h,28.2,24.4,,,0,0.026,135.228,0.738,0,42,23.9,0.979,7,278,23.357,95.817,0.355,51.565,,,,,1
2026-10-04T12:00Z,2026-10-05T12:00Z,a4t:79t,24,10.8,20.1,10.8,24.1,24,h,20.1,24,,,0,0.001,97.725,1.138,0.303,42,23.9,0.979,19,278,23.931,97.367,0.645,21.686,,,,,1
2026-10-04T12:00Z,2026-10-06T12:00Z,a4t:79t,48,8,11.8,7.7,12.9,18.4,h,11.8,18.4,,,0,0,108.142,1.417,0.048,42,23.9,0.979,19,279,24.119,96.381,0.435,84.461,,,,,1
2026-10-04T12:00Z,2026-10-04T13:00Z,a4t:107t,1,4.1,9.2,5.8,13,10.8,h,9.2,10.8,,,0,0,66.962,1.054,0,12,10.8,0.72,20,277,25.467,96.115,0.2,171.395,1.5,147,29.5,70,1
2026-10-04T12:00Z,2026-10-04T15:00Z,a4t:107t,3,4.3,9.3,5.7,12.7,10.8,h,9.3,10.8,,,0,0,99.142,0.865,0,12,10.8,0.72,22,277,25.049,97.829,0.391,81.913,1.5,147,29.5,70,1
2026-10-04T12:00Z,2026-10-04T18:00Z,a4t:107t,6,5.35,10.8,5.6,12.3,10.7,h,10.8,10.7,,,0,0,85.458,1.449,0,12,10.8,0.72,1,277,24.609,98.942,0.544,142.058,1.5,147,29.5,70,1
2026-10-04T12:00Z,2026-10-05T00:00Z,a4t:107t,12,2.45,5,4.5,9.7,10.5,h,5,10.5,,,0,0,182.428,1.896,0.456,12,10.8,0.72,7,278,24.392,96.045,1.257,90.745,1.5,147,29.5,70,1
2026-10-04T12:00Z,2026-10-05T12:00Z,a4t:107t,24,5,8.2,3.8,7.4,9.7,h,8.2,9.7,,,0,0,233.666,3.266,0.136,12,10.8,0.72,19,278,24.892,93.674,1.327,45.38,1.5,147,29.5,70,1
2026-10-04T12:00Z,2026-10-06T12:00Z,a4t:107t,48,11,14.6,6.9,9.8,10.3,h,14.6,10.3,,,0,0,263.016,5.18,0,12,10.8,0.72,19,279,25.533,76.798,2.352,59.463,1.5,147,29.5,70,1
2026-10-04T12:00Z,2026-10-04T13:00Z,a4t:94t,1,9.05,11.1,10.7,13.2,13.3,h,11.1,13.3,,,0,0.001,119.151,2.493,2.163,12,13.3,0.193,20,277,25.765,94.578,1.571,154.876,2.1,236,,,1
2026-10-04T12:00Z,2026-10-04T15:00Z,a4t:94t,3,9.2,11.2,10.6,13,13.3,h,11.2,13.3,,,0,0.002,192.004,2.481,1.219,12,13.3,0.193,22,277,24.601,95.65,1.491,222.011,2.1,236,,,1
2026-10-04T12:00Z,2026-10-04T18:00Z,a4t:94t,6,9.45,11.3,10.5,12.9,13.2,h,11.3,13.2,,,0,0.001,106.983,1.499,0,12,13.3,0.193,1,277,24.392,96.833,0.856,23.288,2.1,236,,,1
2026-10-04T12:00Z,2026-10-05T00:00Z,a4t:94t,12,8.7,10.2,9.8,11.9,13.1,h,10.2,13.1,,,0,0.001,84.556,0.401,0,12,13.3,0.193,7,278,24.482,95.823,0.325,273.007,2.1,236,,,1
2026-10-04T12:00Z,2026-10-05T12:00Z,a4t:94t,24,6.1,7,7.9,9.4,12,h,7,12,,,0,0.001,133.752,2.26,0.083,12,13.3,0.193,19,278,26.444,94.986,0.625,213.132,2.1,236,,,1
2026-10-04T12:00Z,2026-10-06T12:00Z,a4t:94t,48,4.2,4.6,3.7,4.2,8.7,h,4.6,8.7,,,0,0,28.136,0.207,0.021,12,13.3,0.193,19,279,26.675,88.056,0.155,22.214,2.1,236,,,1
2026-10-04T12:00Z,2026-10-04T13:00Z,a4t:46t,1,14.2,26.8,8.5,16.7,18.5,h,26.8,18.5,,,0,0,63.227,1.348,0.037,21,18.5,0.629,20,277,25.251,96.238,0.368,207.708,,,,,1
2026-10-04T12:00Z,2026-10-04T15:00Z,a4t:46t,3,10.65,19.8,8.7,17,18.6,h,19.8,18.6,,,0,0,80.489,0.365,0,21,18.5,0.629,22,277,24.754,98.092,0.261,335.546,,,,,1
2026-10-04T12:00Z,2026-10-04T18:00Z,a4t:46t,6,11.5,20.5,8.9,17.3,18.7,h,20.5,18.7,,,0,0,68.728,1.314,0,21,18.5,0.629,1,277,24.38,99,0.412,134.351,,,,,1
2026-10-04T12:00Z,2026-10-05T00:00Z,a4t:46t,12,4.95,8.6,8.3,15.8,18.7,h,8.6,18.7,,,0,0,143.212,1.705,0.721,21,18.5,0.629,7,278,24.096,96.537,1.087,117.627,,,,,1
2026-10-04T12:00Z,2026-10-05T12:00Z,a4t:46t,24,6.65,10.1,7.1,12.4,16.5,h,10.1,16.5,,,0,0,164.541,2.732,0.284,21,18.5,0.629,19,278,25.067,93.61,1.141,34.942,,,,,1
2026-10-04T12:00Z,2026-10-06T12:00Z,a4t:46t,48,15.1,19.2,7.8,10.6,14.6,h,19.2,14.6,,,0,0,190.692,4.976,0,21,18.5,0.629,19,279,25.812,74.708,2.092,57.83,,,,,1
2026-10-04T12:00Z,2026-10-04T13:00Z,a4t:100t,1,6.949999999999999,12.7,,,,h,12.7,,,,0,0,233.021,2.888,0.035,,,0.589,20,277,26.82,89.252,1.835,162.898,2.3,179,30.8,68,1
2026-10-04T12:00Z,2026-10-04T15:00Z,a4t:100t,3,7.199999999999999,12.8,,,,h,12.8,,,,0,0,212.039,1.985,0,,,0.589,22,277,26.477,89.48,1.162,150.095,2.3,179,30.8,68,1
2026-10-04T12:00Z,2026-10-04T18:00Z,a4t:100t,6,6.65,11.5,,,,h,11.5,,,,0,0,185.607,2.47,0.035,,,0.589,1,277,25.709,90.846,1.234,170.121,2.3,179,30.8,68,1
2026-10-04T12:00Z,2026-10-05T00:00Z,a4t:100t,12,5.55,9.1,,,,h,9.1,,,,0,0,179.391,0.888,0,,,0.589,7,278,25.743,89.878,1.128,146.706,2.3,179,30.8,68,1
2026-10-04T12:00Z,2026-10-05T12:00Z,a4t:100t,24,4.05,6.1,,,,h,6.1,,,,0,0,78.585,0.74,0.078,,,0.589,19,278,26.345,88.457,1.082,80.133,2.3,179,30.8,68,1
2026-10-04T12:00Z,2026-10-06T12:00Z,a4t:100t,48,3.0999999999999996,4,,,,h,4,,,,0,0,150.833,0.957,0.262,,,0.589,19,279,25.946,91.051,0.724,20.753,2.3,179,30.8,68,1
2026-10-04T12:00Z,2026-10-04T13:00Z,a4t:60t,1,13.350000000000001,17.1,18.3,23.6,17.7,h,17.1,17.7,,,0,0,113.817,2.233,0,13,17.7,0.246,20,277,26.342,92.197,1.196,111.094,,,,,1
2026-10-04T12:00Z,2026-10-04T15:00Z,a4t:60t,3,14.2,18,18,23.2,17.8,h,18,17.8,,,0,0,57.471,1.204,0.21,13,17.7,0.246,22,277,25.313,96.135,0.247,182.698,,,,,1
2026-10-04T12:00Z,2026-10-04T18:00Z,a4t:60t,6,14.9,18.6,16.9,21.7,17.8,h,18.6,17.8,,,0,0,79.365,2.389,0,13,17.7,0.246,1,277,25.042,96.848,1.169,123.357,,,,,1
2026-10-04T12:00Z,2026-10-05T00:00Z,a4t:60t,12,12.45,15.2,14.6,18.5,17.9,h,15.2,17.9,,,0,0,106.062,2.138,0,13,17.7,0.246,7,278,25.504,94.891,1.266,101.035,,,,,1
2026-10-04T12:00Z,2026-10-05T12:00Z,a4t:60t,24,7.949999999999999,9.3,11.5,14.2,16.6,h,9.3,16.6,,,0,0,97.326,1.107,0.294,13,17.7,0.246,19,278,25.661,94.59,0.701,166.576,,,,,1
2026-10-04T12:00Z,2026-10-06T12:00Z,a4t:60t,48,10.25,11.3,7.8,8.8,13.3,h,11.3,13.3,,,0,0,49.727,0.899,0.064,13,17.7,0.246,19,279,25.575,95.683,0.295,58.874,,,,,1
2026-10-04T12:00Z,2026-10-04T13:00Z,a4t:33t,1,11.399999999999999,20.2,13.9,25.1,21.3,h,20.2,21.3,,,0,0,159.473,4.25,0,23,21.3,0.559,20,277,26.835,89.654,2.381,146.116,,,,,1
2026-10-04T12:00Z,2026-10-04T15:00Z,a4t:33t,3,13,22.4,13.9,24.9,21.3,h,22.4,21.3,,,0,0,43.77,1.575,0.025,23,21.3,0.559,22,277,25.941,94.3,0.737,140.725,,,,,1
2026-10-04T12:00Z,2026-10-04T18:00Z,a4t:33t,6,13.4,22.3,13.5,24.1,21.2,h,22.3,21.2,,,0,0,102.968,3.294,0,23,21.3,0.559,1,277,25.693,95.202,1.792,135.757,,,,,1
2026-10-04T12:00Z,2026-10-05T00:00Z,a4t:33t,12,12.2,19.2,12.8,22.2,20.9,h,19.2,20.9,,,0,0,136.313,3.262,0,23,21.3,0.559,7,278,25.829,94.011,1.919,102.142,,,,,1
2026-10-04T12:00Z,2026-10-05T12:00Z,a4t:33t,24,6.25,9.1,10.6,17.1,20,h,9.1,20,,,0,0,76.284,1.969,0.688,23,21.3,0.559,19,278,26.32,92.404,1.284,107.537,,,,,1
2026-10-04T12:00Z,2026-10-06T12:00Z,a4t:33t,48,6.9,8.7,5.8,7.8,14.6,h,8.7,14.6,,,0,0,89.302,2.167,0.038,23,21.3,0.559,19,279,25.356,94.534,0.941,78.738,,,,,1
2026-10-04T12:00Z,2026-10-04T13:00Z,a4t:34t,1,10.45,15.7,11,16.8,11.1,h,15.7,11.1,,,0,0,143.802,3.518,0,12,11.1,0.395,20,277,26.725,90.119,1.873,130.371,,,,,1
2026-10-04T12:00Z,2026-10-04T15:00Z,a4t:34t,3,11.3,16.7,11.1,17,11.2,h,16.7,11.2,,,0,0,54.956,1.108,0.174,12,11.1,0.395,22,277,25.578,95.404,0.263,161.696,,,,,1
2026-10-04T12:00Z,2026-10-04T18:00Z,a4t:34t,6,13.45,19.3,11.5,17.4,11.5,h,19.3,11.5,,,0,0,102.606,2.87,0,12,11.1,0.395,1,277,25.439,96.395,1.521,125.657,,,,,1
2026-10-04T12:00Z,2026-10-05T00:00Z,a4t:34t,12,13.4,18.5,12.2,18,12.8,h,18.5,12.8,,,0,0,143.973,3.188,0,12,11.1,0.395,7,278,25.789,94.687,1.744,102.733,,,,,1
2026-10-04T12:00Z,2026-10-05T12:00Z,a4t:34t,24,15.1,19.4,14.4,19.7,13.8,h,19.4,13.8,,,0,0,91.322,1.56,0.548,12,11.1,0.395,19,278,26.02,93.459,1.079,123.162,,,,,1
2026-10-04T12:00Z,2026-10-06T12:00Z,a4t:34t,48,9.1,10.6,8,9.9,10.5,h,10.6,10.5,,,0,0,72.126,1.721,0,12,11.1,0.395,19,279,25.627,94.314,0.717,80.335,,,,,1
2026-10-04T12:00Z,2026-10-04T13:00Z,a4t:o61,1,10.45,14.2,11,15.2,15.1,h,14.2,15.1,,,0,0,152.813,3.835,0,16,15.1,0.299,20,277,26.938,89.592,2.147,143.958,,,,,1
2026-10-04T12:00Z,2026-10-04T15:00Z,a4t:o61,3,11.3,15.1,11.1,15.3,15.1,h,15.1,15.1,,,0,0,47.407,1.105,0.055,16,15.1,0.299,22,277,25.95,94.458,0.544,141.435,,,,,1
2026-10-04T12:00Z,2026-10-04T18:00Z,a4t:o61,6,13.45,17.6,11.5,15.7,15.1,h,17.6,15.1,,,0,0,104.514,2.807,0,16,15.1,0.299,1,277,25.723,95.5,1.506,132.401,,,,,1
2026-10-04T12:00Z,2026-10-05T00:00Z,a4t:o61,12,13.4,17,12.2,16.3,15.2,h,17,15.2,,,0,0,150.642,3.172,0,16,15.1,0.299,7,278,25.93,94.209,1.787,98.989,,,,,1
2026-10-04T12:00Z,2026-10-05T12:00Z,a4t:o61,24,15.1,18.2,14.4,18.1,16.1,h,18.2,16.1,,,0,0,86.641,1.606,0.69,16,15.1,0.299,19,278,26.245,92.692,1.077,110.037,,,,,1
2026-10-04T12:00Z,2026-10-06T12:00Z,a4t:o61,48,9.1,10.2,8,9.3,12.2,h,10.2,12.2,,,0,0,88.951,2.134,0,16,15.1,0.299,19,279,25.549,93.904,0.874,76.722,,,,,1
2026-10-04T12:00Z,2026-10-04T13:00Z,a4t:117t,1,8.850000000000001,18.3,13.8,28.8,13.5,h,18.3,13.5,,,0,0.011,130.207,1.921,1.179,19,13.5,0.703,20,277,25.84,93.323,1.118,134.472,0.8,103,31.4,76,1
2026-10-04T12:00Z,2026-10-04T15:00Z,a4t:117t,3,9.850000000000001,19.7,13.7,28.6,13.5,h,19.7,13.5,,,0,0.008,110.891,1.457,0.014,19,13.5,0.703,22,277,25.567,95.346,0.678,237.678,0.8,103,31.4,76,1
2026-10-04T12:00Z,2026-10-04T18:00Z,a4t:117t,6,12.25,23.3,13.1,27.1,13.8,h,23.3,13.8,,,0,0.009,112.183,1.245,0,19,13.5,0.703,1,277,25.137,96.961,0.676,142.851,0.8,103,31.4,76,1
2026-10-04T12:00Z,2026-10-05T00:00Z,a4t:117t,12,16.8,29.4,11.4,22.6,15.1,h,29.4,15.1,,,0,0.009,116.985,1.368,0,19,13.5,0.703,7,278,24.903,95.978,1.025,130.306,0.8,103,31.4,76,1
2026-10-04T12:00Z,2026-10-05T12:00Z,a4t:117t,24,14.2,22.1,13.3,23.4,16.7,h,22.1,16.7,,,0,0.001,79.304,0.656,1.383,19,13.5,0.703,19,278,25.091,94.288,0.266,113.008,0.8,103,31.4,76,1
2026-10-04T12:00Z,2026-10-06T12:00Z,a4t:117t,48,8.7,11.5,6.7,9.8,11.7,h,11.5,11.7,,,0,0,135.623,2.741,0,19,13.5,0.703,19,279,25.448,94.759,1.439,4.173,0.8,103,31.4,76,1
2026-10-04T12:00Z,2026-10-04T13:00Z,a4t:108t,1,9.899999999999999,9.9,9.9,9.9,10.5,h,9.9,10.5,,,0,0,163.315,3.181,0.854,11,10.5,-0.002,20,277,24.351,94.916,1.821,303.69,,,,,1
2026-10-04T12:00Z,2026-10-04T15:00Z,a4t:108t,3,8.7,8.7,9.8,9.7,10.5,h,8.7,10.5,,,0,0,95.207,1.161,0,11,10.5,-0.002,22,277,24.117,96.985,0.524,313.354,,,,,1
2026-10-04T12:00Z,2026-10-04T18:00Z,a4t:108t,6,6.7,6.7,9.5,9.4,10.5,h,6.7,10.5,,,0,0,58.244,0.875,0,11,10.5,-0.002,1,277,23.804,98.315,0.36,14.884,,,,,1
2026-10-04T12:00Z,2026-10-05T00:00Z,a4t:108t,12,5,5,9.3,9.3,10.4,h,5,10.4,,,0,0,129.658,1.794,0.009,11,10.5,-0.002,7,278,23.867,97.041,1.229,88.136,,,,,1
2026-10-04T12:00Z,2026-10-05T12:00Z,a4t:108t,24,4.25,4.2,5.8,5.8,9,h,4.2,9,,,0,0,83.869,1.317,4.139,11,10.5,-0.002,19,278,23.75,94.406,0.908,154.075,,,,,1
2026-10-04T12:00Z,2026-10-06T12:00Z,a4t:108t,48,10.5,10.5,5.1,5,7.8,h,10.5,7.8,,,0,0,164.78,4.33,0,11,10.5,-0.002,19,279,25.754,80.484,1.699,71.143,,,,,1
2026-10-04T12:00Z,2026-10-04T13:00Z,a4t:118t,1,6.9,9.7,7,10,10.5,h,9.7,10.5,,,0,0,197.112,3.562,0,12,10.5,0.317,20,277,25.284,94.174,2.064,287.524,1.2,278,26.6,88,1
2026-10-04T12:00Z,2026-10-04T15:00Z,a4t:118t,3,8.1,11.2,7.2,10.2,10.5,h,11.2,10.5,,,0,0,184.991,4.026,0.01,12,10.5,0.317,22,277,25.041,94.167,2.291,294.285,1.2,278,26.6,88,1
2026-10-04T12:00Z,2026-10-04T18:00Z,a4t:118t,6,9.25,12.5,7.5,10.6,10.5,h,12.5,10.5,,,0,0,160.114,3.602,0.029,12,10.5,0.317,1,277,24.712,94.676,2.112,301.292,1.2,278,26.6,88,1
2026-10-04T12:00Z,2026-10-05T00:00Z,a4t:118t,12,10,13,8.3,11.4,10.7,h,13,10.7,,,0,0,164.049,2.196,0,12,10.5,0.317,7,278,24.988,93.98,1.413,298.218,1.2,278,26.6,88,1
2026-10-04T12:00Z,2026-10-05T12:00Z,a4t:118t,24,6.1,7.6,8.1,10.7,10.6,h,7.6,10.6,,,0,0,204.824,3.224,0.06,12,10.5,0.317,19,278,25.732,91.983,1.78,308.094,1.2,278,26.6,88,1
2026-10-04T12:00Z,2026-10-06T12:00Z,a4t:118t,48,4.3,4.9,5.6,6.7,8.6,h,4.9,8.6,,,0,0,184.85,1.504,2.774,12,10.5,0.317,19,279,24.836,94.075,0.889,359.016,1.2,278,26.6,88,1
2026-10-04T12:00Z,2026-10-04T13:00Z,a4t:93t,1,5.7,15.4,5.2,14.9,11.7,h,15.4,11.7,,,0,0,216.192,3.076,0.023,12,11.7,0.952,20,277,26.587,89.253,1.589,271.675,,,,,1
2026-10-04T12:00Z,2026-10-04T15:00Z,a4t:93t,3,6.4,16.4,5,14.5,11.8,h,16.4,11.8,,,0,0,175.534,2.759,0.041,12,11.7,0.952,22,277,25.942,90.988,1.303,261.97,,,,,1
2026-10-04T12:00Z,2026-10-04T18:00Z,a4t:93t,6,5.050000000000001,12.5,4.9,13.7,11.8,h,12.5,11.8,,,0,0,175.01,2.273,0.035,12,11.7,0.952,1,277,25.46,91.605,1.095,283.387,,,,,1
2026-10-04T12:00Z,2026-10-05T00:00Z,a4t:93t,12,5.55,12.3,4.8,12.8,11.9,h,12.3,11.9,,,0,0,160.9,1.65,0.106,12,11.7,0.952,7,278,25.231,92.366,0.786,271.671,,,,,1
2026-10-04T12:00Z,2026-10-05T12:00Z,a4t:93t,24,2.7,5.4,4.8,11.1,11.5,h,5.4,11.5,,,0,0,277.11,3.297,0.334,12,11.7,0.952,19,278,25.989,91.679,1.984,259.513,,,,,1
2026-10-04T12:00Z,2026-10-06T12:00Z,a4t:93t,48,2.3,3.6,2.7,4.7,8.2,h,3.6,8.2,,,0,0,213.489,2.36,0.208,12,11.7,0.952,19,279,25.859,92.953,1.066,266.855,,,,,1
2026-10-04T12:00Z,2026-10-04T13:00Z,a4t:87t,1,4.95,12.8,7.2,18.6,14.7,h,12.8,14.7,,,0,0,219.356,1.889,0.036,14,14.7,0.875,20,277,26.222,90.806,1.235,176.111,,,,,1
2026-10-04T12:00Z,2026-10-04T15:00Z,a4t:87t,3,5.050000000000001,12.5,6.7,17.5,14.7,h,12.5,14.7,,,0,0,213.335,0.563,0,14,14.7,0.875,22,277,25.774,90.927,0.433,108.265,,,,,1
2026-10-04T12:00Z,2026-10-04T18:00Z,a4t:87t,6,5.95,13.8,6.5,16.6,14.7,h,13.8,14.7,,,0,0,184.109,1.135,0.036,14,14.7,0.875,1,277,25.134,92.635,0.644,208.538,,,,,1
2026-10-04T12:00Z,2026-10-05T00:00Z,a4t:87t,12,4.75,10.2,6,14.9,14.5,h,10.2,14.5,,,0,0,194.192,0.969,0,14,14.7,0.875,7,278,25.458,91.05,0.851,124.946,,,,,1
2026-10-04T12:00Z,2026-10-05T12:00Z,a4t:87t,24,4.55,8.3,4.9,10.6,13.4,h,8.3,13.4,,,0,0.001,89.74,0.767,0.666,14,14.7,0.875,19,278,25.581,90.205,0.955,34.534,,,,,1
2026-10-04T12:00Z,2026-10-06T12:00Z,a4t:87t,48,3.5,5.2,3.1,5.1,9.9,h,5.2,9.9,,,0,0,157.593,1.146,0.161,14,14.7,0.875,19,279,25.599,90.491,0.922,33.53,,,,,1
2026-10-04T12:00Z,2026-10-04T13:00Z,a4t:105t,1,11.149999999999999,10.8,17.3,16.7,21.8,h,10.8,21.8,,,0,0.009,92.868,2.311,0.224,11,21.8,-0.033,20,277,25.989,93.104,1.071,65.407,0.5,176,23.6,78,1
2026-10-04T12:00Z,2026-10-04T15:00Z,a4t:105t,3,8.25,8,16.9,16.3,21.7,h,8,21.7,,,0,0.003,89.513,1.388,0.344,11,21.8,-0.033,22,277,25.023,96.608,0.65,216.915,0.5,176,23.6,78,1
2026-10-04T12:00Z,2026-10-04T18:00Z,a4t:105t,6,10.75,10.4,16.4,15.8,21.3,h,10.4,21.3,,,0,0.003,109.792,1.541,0,11,21.8,-0.033,1,277,24.849,97.204,0.615,103.266,0.5,176,23.6,78,1
2026-10-04T12:00Z,2026-10-05T00:00Z,a4t:105t,12,14.8,14.4,14.8,14.3,20.4,h,14.4,20.4,,,0,0,141.737,1.774,0,11,21.8,-0.033,7,278,25.523,94.707,0.981,100.857,0.5,176,23.6,78,1
2026-10-04T12:00Z,2026-10-05T12:00Z,a4t:105t,24,9.55,9.3,12.2,11.9,18.6,h,9.3,18.6,,,0,0,130.395,0.849,0.08,11,21.8,-0.033,19,278,25.458,95.271,0.429,198.465,0.5,176,23.6,78,1
2026-10-04T12:00Z,2026-10-06T12:00Z,a4t:105t,48,8.8,8.7,4.5,4.4,13.1,h,8.7,13.1,,,0,0,47.907,1.016,0.239,11,21.8,-0.033,19,279,25.728,95.513,0.341,37.904,0.5,176,23.6,78,1
2026-10-04T12:00Z,2026-10-04T13:00Z,a4t:81t,1,11,11.6,11.6,12.3,10.9,h,11.6,10.9,,,0,0.024,130.382,2.204,0,17,10.9,0.049,20,277,26.79,93.538,1.553,41.001,,,,,1
2026-10-04T12:00Z,2026-10-04T15:00Z,a4t:81t,3,11.399999999999999,12,11.9,12.5,10.9,h,12,10.9,,,0,0.004,117.221,2.124,0.024,17,10.9,0.049,22,277,25.526,95.761,1.075,91.217,,,,,1
2026-10-04T12:00Z,2026-10-04T18:00Z,a4t:81t,6,16.3,17,12.5,13.1,11.1,h,17,11.1,,,0,0.062,124.641,0.773,0,17,10.9,0.049,1,277,25.304,94.567,0.274,99.207,,,,,1
2026-10-04T12:00Z,2026-10-05T00:00Z,a4t:81t,12,25.4,26.4,15.2,15.9,12.2,h,26.4,12.2,,,0,0.013,208.651,1.575,0,17,10.9,0.049,7,278,25.658,93.313,1.17,54.284,,,,,1
2026-10-04T12:00Z,2026-10-05T12:00Z,a4t:81t,24,21.75,22.4,18.3,19,13.5,h,22.4,13.5,,,0,0.001,126.967,1.876,0.311,17,10.9,0.049,19,278,25.197,95.803,1.052,337.773,,,,,1
2026-10-04T12:00Z,2026-10-06T12:00Z,a4t:81t,48,16.5,16.8,13.3,13.7,12.3,h,16.8,12.3,,,0,0,136.845,1.622,0,17,10.9,0.049,19,279,25.995,94.358,0.566,49.325,,,,,1
2026-10-04T12:00Z,2026-10-04T13:00Z,a4t:88t,1,6.45,12.9,9.4,19.2,19.4,h,12.9,19.4,,,0,0,37.356,0.131,0.612,12,19.4,0.664,20,277,24.719,97.269,0.178,17.133,,,,,1
2026-10-04T12:00Z,2026-10-04T15:00Z,a4t:88t,3,6.6,12.8,9,18.3,19.4,h,12.8,19.4,,,0,0,36.935,0.333,0.073,12,19.4,0.664,22,277,24.108,99.405,0.171,97.217,,,,,1
2026-10-04T12:00Z,2026-10-04T18:00Z,a4t:88t,6,3.8499999999999996,7.5,8.1,16.4,19.2,h,7.5,19.2,,,0,0,52.851,0.195,0,12,19.4,0.664,1,277,23.59,99.175,0.237,65.367,,,,,1
2026-10-04T12:00Z,2026-10-05T00:00Z,a4t:88t,12,2.55,4.8,5.5,11.1,18.2,h,4.8,18.2,,,0,0.001,267.861,2.32,0.373,12,19.4,0.664,7,278,23.638,93.924,1.38,39.15,,,,,1
2026-10-04T12:00Z,2026-10-05T12:00Z,a4t:88t,24,1.85,3.2,3.1,5.9,15.1,h,3.2,15.1,,,0,0,261.064,3.274,0,12,19.4,0.664,19,278,23.215,90.652,1.599,26.143,,,,,1
2026-10-04T12:00Z,2026-10-06T12:00Z,a4t:88t,48,17.9,22.9,10.1,13.7,16.6,h,22.9,16.6,,,0,0,364.478,5.062,0,12,19.4,0.664,19,279,22.457,75.993,2.707,40.704,,,,,1
2026-10-04T12:00Z,2026-10-04T13:00Z,a4t:47t,1,8.25,11.6,11.6,16.5,19.5,h,11.6,19.5,,,0,0,110.682,2.13,0,14,19.5,0.324,20,277,24.843,95.196,1.082,343.59,,,,,1
2026-10-04T12:00Z,2026-10-04T15:00Z,a4t:47t,3,6.75,9.4,11.3,16,19.5,h,9.4,19.5,,,0,0,77.703,1.264,0,14,19.5,0.324,22,277,24.567,96.902,0.747,203.966,,,,,1
2026-10-04T12:00Z,2026-10-04T18:00Z,a4t:47t,6,6.2,8.5,10.7,15.1,19.3,h,8.5,19.3,,,0,0,90.627,1.702,0,14,19.5,0.324,1,277,24.119,99.262,0.606,47.863,,,,,1
2026-10-04T12:00Z,2026-10-05T00:00Z,a4t:47t,12,10.15,13.3,9.4,13.1,18.4,h,13.3,18.4,,,0,0,108.184,1.081,0,14,19.5,0.324,7,278,24.433,96.23,0.816,78.459,,,,,1
2026-10-04T12:00Z,2026-10-05T12:00Z,a4t:47t,24,6.6,8.2,7.3,9.7,16.4,h,8.2,16.4,,,0,0,83.957,1.571,0,14,19.5,0.324,19,278,25.115,94.999,0.747,247.423,,,,,1
2026-10-04T12:00Z,2026-10-06T12:00Z,a4t:47t,48,9.5,10.8,5.7,6.8,13.1,h,10.8,13.1,,,0,0,253.438,5.384,1.318,14,19.5,0.324,19,279,24.333,94.687,2.936,83.331,,,,,1
2026-10-04T12:00Z,2026-10-04T13:00Z,a4t:13t,1,24.6,12,27,12.8,11.9,h,12,11.9,,,0,0,121.364,2.44,0,15,11.9,-0.71,20,277,26.546,92.569,1.347,71.262,,,,,1
2026-10-04T12:00Z,2026-10-04T15:00Z,a4t:13t,3,27.299999999999997,13.7,27.1,12.9,11.9,h,13.7,11.9,,,0,0,96.253,0.967,0.226,15,11.9,-0.71,22,277,25.163,96.609,0.412,128.154,,,,,1
2026-10-04T12:00Z,2026-10-04T18:00Z,a4t:13t,6,35.45,18.7,27.5,13.3,12,h,18.7,12,,,0,0.002,109.545,1.681,0,15,11.9,-0.71,1,277,25.045,96.474,0.749,106.22,,,,,1
2026-10-04T12:00Z,2026-10-05T00:00Z,a4t:13t,12,45.45,26,29.6,15.1,13,h,26,13,,,0,0.006,171.138,1.952,0,15,11.9,-0.71,7,278,25.569,94.502,1.198,87.736,,,,,1
2026-10-04T12:00Z,2026-10-05T12:00Z,a4t:13t,24,39,25.2,34.5,19.8,14.4,h,25.2,14.4,,,0,0,116.38,0.264,0.256,15,11.9,-0.71,19,278,25.294,95.619,0.136,309.65,,,,,1
2026-10-04T12:00Z,2026-10-06T12:00Z,a4t:13t,48,34.6,26.6,20.6,14.4,13.2,h,26.6,13.2,,,0,0,85.186,1.086,0,15,11.9,-0.71,19,279,25.948,94.645,0.31,59.885,,,,,1
2026-10-04T12:00Z,2026-10-04T13:00Z,a4t:22t,1,24.6,13.6,27,14.5,14.7,h,13.6,14.7,,,0,0,121.966,2.625,0,16,14.7,-0.589,20,277,26.502,92.695,1.416,68.427,,,,,1
2026-10-04T12:00Z,2026-10-04T15:00Z,a4t:22t,3,27.299999999999997,15.5,27.1,14.7,14.7,h,15.5,14.7,,,0,0.001,98.677,1.044,0.243,16,14.7,-0.589,22,277,25.088,96.788,0.458,129.786,,,,,1
2026-10-04T12:00Z,2026-10-04T18:00Z,a4t:22t,6,35.45,20.9,27.5,15.1,14.8,h,20.9,14.8,,,0,0.003,110.782,1.768,0,16,14.7,-0.589,1,277,24.998,96.566,0.799,105.28,,,,,1
2026-10-04T12:00Z,2026-10-05T00:00Z,a4t:22t,12,45.45,28.6,29.6,17,15.5,h,28.6,15.5,,,0,0.007,171.068,1.985,0,16,14.7,-0.589,7,278,25.54,94.551,1.215,89.836,,,,,1
2026-10-04T12:00Z,2026-10-05T12:00Z,a4t:22t,24,39,27.2,34.5,21.8,17,h,27.2,17,,,0,0,117.379,0.247,0.232,16,14.7,-0.589,19,278,25.26,95.76,0.166,313.815,,,,,1
2026-10-04T12:00Z,2026-10-06T12:00Z,a4t:22t,48,34.6,27.8,20.6,15.3,15,h,27.8,15,,,0,0,84.68,1.032,0,16,14.7,-0.589,19,279,25.95,94.78,0.297,61.431,,,,,1
2026-10-04T12:00Z,2026-10-04T13:00Z,a4t:62t,1,16.6,19.1,13.5,15.6,14,h,19.1,14,,,0,0,270.537,2.936,0.008,15,14,0.141,20,277,27.068,89.187,2.092,210.062,,,,,1
2026-10-04T12:00Z,2026-10-04T15:00Z,a4t:62t,3,18.2,20.8,14.1,16.3,14.1,h,20.8,14.1,,,0,0,249.849,2.645,0.201,15,14,0.141,22,277,26.691,89.609,1.717,213.966,,,,,1
2026-10-04T12:00Z,2026-10-04T18:00Z,a4t:62t,6,18.8,21.3,15,17.4,14.3,h,21.3,14.3,,,0,0,280.008,2.574,0.07,15,14,0.141,1,277,26.082,90.585,1.955,225.146,,,,,1
2026-10-04T12:00Z,2026-10-05T00:00Z,a4t:62t,12,19.4,21.7,16.9,19.4,14.9,h,21.7,14.9,,,0,0,243.414,2.538,0.57,15,14,0.141,7,278,25.691,90.032,2.133,244.878,,,,,1
2026-10-04T12:00Z,2026-10-05T12:00Z,a4t:62t,24,11.75,12.8,19,21.2,16.3,h,12.8,16.3,,,0,0,229.422,0.624,0.326,15,14,0.141,19,278,26.606,89.941,0.463,255.066,,,,,1
2026-10-04T12:00Z,2026-10-06T12:00Z,a4t:62t,48,8.4,8.9,9.9,10.6,12.3,h,8.9,12.3,,,0,0,234.815,2.253,1.203,15,14,0.141,19,279,25.952,91.412,1.997,284.824,,,,,1
2026-10-04T12:00Z,2026-10-04T13:00Z,a4t:67t,1,10.899999999999999,16.8,12.5,19.5,18.3,h,16.8,18.3,,,0,0.084,45.275,1.7,0,16,18.3,0.42,20,277,26.004,94.382,0.511,185.215,,,,,1
2026-10-04T12:00Z,2026-10-04T15:00Z,a4t:67t,3,9.4,14.3,11.7,18.3,18.2,h,14.3,18.2,,,0,0.032,35.111,0.274,0,16,18.3,0.42,22,277,25.451,95.721,0.318,326.723,,,,,1
2026-10-04T12:00Z,2026-10-04T18:00Z,a4t:67t,6,5.9,8.9,10.5,16.4,18.2,h,8.9,18.2,,,0,0.004,86.773,1.524,1.806,16,18.3,0.42,1,277,23.523,98.788,1.333,313.225,,,,,1
2026-10-04T12:00Z,2026-10-05T00:00Z,a4t:67t,12,4.55,6.6,8.3,12.8,17.5,h,6.6,17.5,,,0,0.005,172.093,2.477,0.251,16,18.3,0.42,7,278,22.98,98.089,1.232,10.582,,,,,1
2026-10-04T12:00Z,2026-10-05T12:00Z,a4t:67t,24,6.15,8.2,6.3,9.1,15.4,h,8.2,15.4,,,0,0.001,40,1.669,0,16,18.3,0.42,19,278,24.875,96.178,0.716,334.058,,,,,1
2026-10-04T12:00Z,2026-10-06T12:00Z,a4t:67t,48,4.3,5.2,4.3,5.4,11.9,h,5.2,11.9,,,0,0,35.275,1.283,0.011,16,18.3,0.42,19,279,24.708,93.766,0.558,309.419,,,,,1
2026-10-04T12:00Z,2026-10-04T13:00Z,a4t:106t,1,5.4,6.9,6.1,7.9,10.3,h,6.9,10.3,,,0,0,128.29,3.224,3.115,7,10.3,0.226,20,277,21.975,96.035,2.049,39.677,0.5,173,33.7,67,1
2026-10-04T12:00Z,2026-10-04T15:00Z,a4t:106t,3,5.5,7,6,7.8,10.3,h,7,10.3,,,0,0,99.211,2.163,0.684,7,10.3,0.226,22,277,21.744,95.227,1.313,96.023,0.5,173,33.7,67,1
2026-10-04T12:00Z,2026-10-04T18:00Z,a4t:106t,6,3.75,4.8,5.4,7,10.3,h,4.8,10.3,,,0,0,73.899,1.614,0,7,10.3,0.226,1,277,21.566,95.771,0.841,71.713,0.5,173,33.7,67,1
2026-10-04T12:00Z,2026-10-05T00:00Z,a4t:106t,12,2.95,3.7,4.3,5.5,10.3,h,3.7,10.3,,,0,0,119.739,1.44,1.768,7,10.3,0.226,7,278,20.966,95.45,0.919,80.045,0.5,173,33.7,67,1
2026-10-04T12:00Z,2026-10-05T12:00Z,a4t:106t,24,4.35,5.1,3.5,4.3,8.4,h,5.1,8.4,,,0,0,96.023,0.671,0.124,7,10.3,0.226,19,278,22.544,94.641,0.112,32.156,0.5,173,33.7,67,1
2026-10-04T12:00Z,2026-10-06T12:00Z,a4t:106t,48,9.95,10.9,7.2,8.1,9.2,h,10.9,9.2,,,0,0,173.182,3.764,0,7,10.3,0.226,19,279,22.653,76.529,1.588,71.713,0.5,173,33.7,67,1
2026-10-04T12:00Z,2026-10-04T13:00Z,a4t:20t,1,20.950000000000003,15.3,31.1,22.6,19.3,h,15.3,19.3,,,0,0.001,119.808,2.913,0.055,19,19.3,-0.308,20,277,26.363,92.797,1.469,67.463,,,,,1
2026-10-04T12:00Z,2026-10-04T15:00Z,a4t:20t,3,21.9,16.2,30.7,22.3,19.2,h,16.2,19.2,,,0,0.002,101.787,1.006,0.297,19,19.3,-0.308,22,277,24.942,97.075,0.445,146.544,,,,,1
2026-10-04T12:00Z,2026-10-04T18:00Z,a4t:20t,6,25.5,19.3,29,21.2,19.2,h,19.3,19.2,,,0,0.006,113.451,1.894,0,19,19.3,-0.308,1,277,24.895,96.889,0.862,104.551,,,,,1
2026-10-04T12:00Z,2026-10-05T00:00Z,a4t:20t,12,22.95,17.9,25.4,18.9,19.2,h,17.9,19.2,,,0,0.007,168.277,2.053,0,19,19.3,-0.308,7,278,25.488,94.687,1.221,95.106,,,,,1
2026-10-04T12:00Z,2026-10-05T12:00Z,a4t:20t,24,13.7,11.2,19,14.7,17.8,h,11.2,17.8,,,0,0.001,119.786,0.112,0.181,19,19.3,-0.308,19,278,25.229,95.88,0.166,261.95,,,,,1
2026-10-04T12:00Z,2026-10-06T12:00Z,a4t:20t,48,16.75,14.9,10.4,8.9,14.1,h,14.9,14.1,,,0,0,76.274,0.877,0.023,19,19.3,-0.308,19,279,25.94,95,0.215,60.236,,,,,1
2026-10-04T12:00Z,2026-10-04T13:00Z,a4t:103t,1,7.45,8.7,6.5,7.7,10.2,h,8.7,10.2,,,0,0,160.173,2.359,0,6,10.2,0.142,20,277,27.686,87.083,1.666,288.755,3.8,275,28.4,66,1
2026-10-04T12:00Z,2026-10-04T15:00Z,a4t:103t,3,6.85,7.9,6.7,7.8,10.2,h,7.9,10.2,,,0,0,148.008,3.05,0.025,6,10.2,0.142,22,277,26.878,89.366,2.199,315.25,3.8,275,28.4,66,1
2026-10-04T12:00Z,2026-10-04T18:00Z,a4t:103t,6,6.15,7.1,6.9,8.1,10.3,h,7.1,10.3,,,0,0,102.237,2.359,0.029,6,10.2,0.142,1,277,26.165,91.703,1.951,295.481,3.8,275,28.4,66,1
2026-10-04T12:00Z,2026-10-05T00:00Z,a4t:103t,12,6,6.8,7.3,8.5,10.4,h,6.8,10.4,,,0,0,156.873,2.898,0,6,10.2,0.142,7,278,26.234,91.843,2.19,349.277,3.8,275,28.4,66,1
2026-10-04T12:00Z,2026-10-05T12:00Z,a4t:103t,24,8.5,9.3,7.4,8.3,9.6,h,9.3,9.6,,,0,0,140.84,3.319,0.363,6,10.2,0.142,19,278,25.938,89.886,2.546,290.134,3.8,275,28.4,66,1
2026-10-04T12:00Z,2026-10-06T12:00Z,a4t:103t,48,6.85,7.3,5.7,6.2,8.2,h,7.3,8.2,,,0,0,180.832,2.605,0.155,6,10.2,0.142,19,279,26.911,86.915,1.738,22.109,3.8,275,28.4,66,1
2026-10-04T12:00Z,2026-10-04T13:00Z,a4t:77t,1,10.05,22.1,16.8,37.5,23.8,h,22.1,23.8,,,0,0,80.689,1.674,0,22,23.8,0.77,20,277,26.094,94.705,0.832,36.912,,,,,1
2026-10-04T12:00Z,2026-10-04T15:00Z,a4t:77t,3,10.75,22.9,16.3,36.3,23.8,h,22.9,23.8,,,0,0,50.584,1.17,0.188,22,23.8,0.77,22,277,25.33,96.635,0.298,211.167,,,,,1
2026-10-04T12:00Z,2026-10-04T18:00Z,a4t:77t,6,13,26.2,15,33.1,23.8,h,26.2,23.8,,,0,0,50.799,1.525,0,22,23.8,0.77,1,277,24.905,97.045,0.59,110.269,,,,,1
2026-10-04T12:00Z,2026-10-05T00:00Z,a4t:77t,12,11.3,21.1,12.8,27.3,23.9,h,21.1,23.9,,,0,0,71.135,1.132,0,22,23.8,0.77,7,278,25.485,95.245,0.787,90.227,,,,,1
2026-10-04T12:00Z,2026-10-05T12:00Z,a4t:77t,24,8.850000000000001,14.6,10.6,20.1,22.6,h,14.6,22.6,,,0,0,126.28,1.623,0.119,22,23.8,0.77,19,278,25.465,95.768,0.652,224.904,,,,,1
2026-10-04T12:00Z,2026-10-06T12:00Z,a4t:77t,48,8.15,11.1,6,9,16.4,h,11.1,16.4,,,0,0,39.443,0.866,0.074,22,23.8,0.77,19,279,25.641,96.787,0.362,358.056,,,,,1
2026-10-04T12:00Z,2026-10-04T13:00Z,a4t:121t,1,9.899999999999999,16.2,8.5,14.2,14.1,h,16.2,14.1,,,0,0.011,478.925,3.104,0.067,15,14.1,0.475,20,277,28.372,80.631,2.886,243.803,0.8,270,30.9,73,1
2026-10-04T12:00Z,2026-10-04T15:00Z,a4t:121t,3,10.1,16.2,8.5,14.2,14.1,h,16.2,14.1,,,0,0.016,449.18,3.64,0.253,15,14.1,0.475,22,277,28.014,83.104,3.157,229.197,0.8,270,30.9,73,1
2026-10-04T12:00Z,2026-10-04T18:00Z,a4t:121t,6,8.95,14,8.6,14.2,14.2,h,14,14.2,,,0,0.004,390.4,3.474,0.045,15,14.1,0.475,1,277,27.332,85.964,3.159,226.598,0.8,270,30.9,73,1
2026-10-04T12:00Z,2026-10-05T00:00Z,a4t:121t,12,7,10.5,8.7,14.2,14.1,h,10.5,14.1,,,0,0,311.99,3.396,0.424,15,14.1,0.475,7,278,26.668,88.196,3.232,225.059,0.8,270,30.9,73,1
2026-10-04T12:00Z,2026-10-05T12:00Z,a4t:121t,24,4.3,6,6.5,9.9,12.8,h,6,12.8,,,0,0,437.109,3.535,0.106,15,14.1,0.475,19,278,27.543,83.605,3.226,232.035,0.8,270,30.9,73,1
2026-10-04T12:00Z,2026-10-06T12:00Z,a4t:121t,48,4.6,5.6,5,6.5,10.3,h,5.6,10.3,,,0,0,397.403,4.125,1.062,15,14.1,0.475,19,279,27.122,85.978,3.877,236.654,0.8,270,30.9,73,1
2026-10-04T12:00Z,2026-10-04T13:00Z,a4t:21t,1,18.3,5.8,25.3,7.9,19.1,h,5.8,19.1,,,0,0.028,122.805,2.462,0.524,14,19.1,-1.091,20,277,26.09,92.915,1.327,74.299,,,,,1
2026-10-04T12:00Z,2026-10-04T15:00Z,a4t:21t,3,20.9,7,25.1,7.8,18.9,h,7,18.9,,,0,0.005,119.044,0.953,0.238,14,19.1,-1.091,22,277,25.176,95.936,0.337,173.92,,,,,1
2026-10-04T12:00Z,2026-10-04T18:00Z,a4t:21t,6,27.75,10.2,24.4,7.7,18.7,h,10.2,18.7,,,0,0.004,143.442,1.214,0,14,19.1,-1.091,1,277,25.062,95.693,0.524,120.726,,,,,1
2026-10-04T12:00Z,2026-10-05T00:00Z,a4t:21t,12,39.4,16.6,24.5,8.5,18.2,h,16.6,18.2,,,0,0.005,191.183,1.701,0,14,19.1,-1.091,7,278,25.554,93.608,1.095,93.978,,,,,1
2026-10-04T12:00Z,2026-10-05T12:00Z,a4t:21t,24,20.1,10,25.9,10.7,16.4,h,10,16.4,,,0,0.001,135.083,0.435,0.213,14,19.1,-1.091,19,278,25.465,94.897,0.299,13.112,,,,,1
2026-10-04T12:00Z,2026-10-06T12:00Z,a4t:21t,48,17.9,11.8,12.3,6.9,13,h,11.8,13,,,0,0,88.058,1.272,0.199,14,19.1,-1.091,19,279,25.771,95,0.487,30.26,,,,,1
2026-10-04T12:00Z,2026-10-04T13:00Z,a4t:70t,1,10.6,12,11.1,12.6,13.3,h,12,13.3,,,0,0.003,144.649,3.384,0,11,13.3,0.12,20,277,25.518,90.614,1.619,167.525,,,,,1
2026-10-04T12:00Z,2026-10-04T15:00Z,a4t:70t,3,11.9,13.4,10.7,12.1,13.3,h,13.4,13.3,,,0,0.004,113.557,3.249,0,11,13.3,0.12,22,277,24.583,93.273,1.494,165.818,,,,,1
2026-10-04T12:00Z,2026-10-04T18:00Z,a4t:70t,6,10.9,12.2,10.2,11.5,13.2,h,12.2,13.2,,,0,0.015,114.885,1.515,2.853,11,13.3,0.12,1,277,23.09,95.481,0.682,164.377,,,,,1
2026-10-04T12:00Z,2026-10-05T00:00Z,a4t:70t,12,5.25,5.9,8.5,9.7,12.8,h,5.9,12.8,,,0,0.007,213.866,2.383,0,11,13.3,0.12,7,278,22.45,96.109,1.624,5.821,,,,,1
2026-10-04T12:00Z,2026-10-05T12:00Z,a4t:70t,24,4.95,5.4,6.8,7.5,11.5,h,5.4,11.5,,,0,0,87.226,2.108,0.088,11,13.3,0.12,19,278,23.57,95.652,1.158,34.14,,,,,1
2026-10-04T12:00Z,2026-10-06T12:00Z,a4t:70t,48,3.9,4.1,2.6,2.8,8.1,h,4.1,8.1,,,0,0,52.053,0.331,0.455,11,13.3,0.12,19,279,22.494,97.139,0.551,261.268,,,,,1
2026-10-04T12:00Z,2026-10-04T13:00Z,a4t:120t,1,4.85,6.9,5.3,7.6,11.3,h,6.9,11.3,,,0,0,191.233,4.147,0.002,3,11.3,0.318,20,277,26.116,90.465,2.038,265.934,1.6,17,29,73,1
2026-10-04T12:00Z,2026-10-04T15:00Z,a4t:120t,3,6,8.4,5.2,7.5,11.3,h,8.4,11.3,,,0,0,170.226,3.765,0.01,3,11.3,0.318,22,277,25.505,92.37,1.679,261.049,1.6,17,29,73,1
2026-10-04T12:00Z,2026-10-04T18:00Z,a4t:120t,6,6.25,8.5,5.2,7.4,11.2,h,8.5,11.2,,,0,0,145.239,3.463,0.003,3,11.3,0.318,1,277,24.86,93.648,1.507,261.002,1.6,17,29,73,1
2026-10-04T12:00Z,2026-10-05T00:00Z,a4t:120t,12,6.05,8,5.2,7.2,10.9,h,8,10.9,,,0,0,139.013,2.228,0.002,3,11.3,0.318,7,278,24.89,92.878,0.956,271.318,1.6,17,29,73,1
2026-10-04T12:00Z,2026-10-05T12:00Z,a4t:120t,24,3.8,4.8,5.5,7.3,10,h,4.8,10,,,0,0,201.555,3.188,0.346,3,11.3,0.318,19,278,25.267,94.86,1.672,248.019,1.6,17,29,73,1
2026-10-04T12:00Z,2026-10-06T12:00Z,a4t:120t,48,2.3,2.7,3,3.6,7.5,h,2.7,7.5,,,0,0,117.116,1.979,0.133,3,11.3,0.318,19,279,25.393,96.475,0.44,266.052,1.6,17,29,73,1
2026-10-04T12:00Z,2026-10-04T13:00Z,a4t:95t,1,8.5,13.5,13.9,22.1,12.1,h,13.5,12.1,,,0,0.001,245.056,5.086,0,22,12.1,0.438,20,277,25.97,95.194,2.784,137.798,0.9,141,,,1
2026-10-04T12:00Z,2026-10-04T15:00Z,a4t:95t,3,7.95,12.4,13.4,21.3,12.1,h,12.4,12.1,,,0,0.004,272.218,4.067,0,22,12.1,0.438,22,277,25.561,95.552,2.138,218.424,0.9,141,,,1
2026-10-04T12:00Z,2026-10-04T18:00Z,a4t:95t,6,8.7,13.2,12.7,20.1,12.2,h,13.2,12.2,,,0,0.002,155.657,1.887,0.055,22,12.1,0.438,1,277,25.205,97.297,1.149,146.827,0.9,141,,,1
2026-10-04T12:00Z,2026-10-05T00:00Z,a4t:95t,12,9.95,14.3,11.3,17.5,12.9,h,14.3,12.9,,,0,0.004,119.309,1.394,0,22,12.1,0.438,7,278,24.845,96.77,0.971,120.092,0.9,141,,,1
2026-10-04T12:00Z,2026-10-05T12:00Z,a4t:95t,24,6.4,8.6,8.9,12.9,12.4,h,8.6,12.4,,,0,0.001,189.741,3.69,0,22,12.1,0.438,19,278,26.804,91.619,1.608,145.297,0.9,141,,,1
2026-10-04T12:00Z,2026-10-06T12:00Z,a4t:95t,48,5.9,7.1,4.2,5.4,8.8,h,7.1,8.8,,,0,0,43.136,0.566,0,22,12.1,0.438,19,279,25.556,94.711,0.062,34.716,0.9,141,,,1
2026-10-04T12:00Z,2026-10-04T13:00Z,a4t:86t,1,10.3,14.8,14.3,20.7,14.3,h,14.8,14.3,,,0,0.004,164.496,3.554,0,20,14.3,0.355,20,277,26.247,95.461,1.608,120.404,,,,,1
2026-10-04T12:00Z,2026-10-04T15:00Z,a4t:86t,3,9.4,13.3,13.7,19.9,14.3,h,13.3,14.3,,,0,0.001,266.14,3.733,0.247,20,14.3,0.355,22,277,25.726,97.316,1.759,217.881,,,,,1
2026-10-04T12:00Z,2026-10-04T18:00Z,a4t:86t,6,8.95,12.4,13,18.9,14.4,h,12.4,14.4,,,0,0.003,58.67,0.621,0,20,14.3,0.355,1,277,24.975,97.348,0.16,166.095,,,,,1
2026-10-04T12:00Z,2026-10-05T00:00Z,a4t:86t,12,9.05,12.1,11.1,15.9,14.7,h,12.1,14.7,,,0,0.007,182.976,2.11,0.097,20,14.3,0.355,7,278,25.493,93.7,1.584,121.491,,,,,1
2026-10-04T12:00Z,2026-10-05T12:00Z,a4t:86t,24,8.350000000000001,10.5,8.9,12,13.6,h,10.5,13.6,,,0,0.001,33.344,0.971,0,20,14.3,0.355,19,278,26.836,90.057,0.417,105.071,,,,,1
2026-10-04T12:00Z,2026-10-06T12:00Z,a4t:86t,48,7.6,8.7,4.9,6,10.1,h,8.7,10.1,,,0,0,36.683,0.928,0,20,14.3,0.355,19,279,25.657,95.493,0.336,16.34,,,,,1
2026-10-04T12:00Z,2026-10-04T13:00Z,a4t:114t,1,11.899999999999999,12.3,7.4,7.7,9.8,h,12.3,9.8,,,0,0,80.471,1.265,0,15,9.8,0.032,20,277,25.672,95.408,0.378,187.33,1.3,152,30.1,75,1
2026-10-04T12:00Z,2026-10-04T15:00Z,a4t:114t,3,9.8,10.1,7.8,8.1,9.8,h,10.1,9.8,,,0,0,99.335,0.758,0,15,9.8,0.032,22,277,25.194,97.161,0.326,151.187,1.3,152,30.1,75,1
2026-10-04T12:00Z,2026-10-04T18:00Z,a4t:114t,6,10,10.3,8.3,8.5,9.8,h,10.3,9.8,,,0,0,83.62,1.363,0,15,9.8,0.032,1,277,24.653,98.806,0.498,134.478,1.3,152,30.1,75,1
2026-10-04T12:00Z,2026-10-05T00:00Z,a4t:114t,12,6.25,6.4,8.6,8.9,9.9,h,6.4,9.9,,,0,0,181.547,1.678,0.246,15,9.8,0.032,7,278,24.685,95.285,1.203,107.732,1.3,152,30.1,75,1
2026-10-04T12:00Z,2026-10-05T12:00Z,a4t:114t,24,5.699999999999999,5.8,7,7.2,9,h,5.8,9,,,0,0,193.136,3.12,0.111,15,9.8,0.032,19,278,25.419,92.972,1.243,37.939,1.3,152,30.1,75,1
2026-10-04T12:00Z,2026-10-06T12:00Z,a4t:114t,48,12.7,12.9,7.5,7.6,8.7,h,12.9,8.7,,,0,0,243.055,5.188,0,15,9.8,0.032,19,279,26.128,75.998,2.315,57.55,1.3,152,30.1,75,1
2026-10-04T12:00Z,2026-10-04T13:00Z,a4t:102t,1,7.800000000000001,16.4,9.4,20.1,15.8,h,16.4,15.8,,,0,0,72.935,0.918,0,13,15.8,0.711,20,277,25.385,96.237,0.426,127.021,0.3,207,26.7,82,1
2026-10-04T12:00Z,2026-10-04T15:00Z,a4t:102t,3,8.05,16.4,9.3,19.9,15.8,h,16.4,15.8,,,0,0,76.169,1.207,0,13,15.8,0.711,22,277,24.887,98.17,0.515,110.18,0.3,207,26.7,82,1
2026-10-04T12:00Z,2026-10-04T18:00Z,a4t:102t,6,5.55,11.1,9.1,19.2,15.8,h,11.1,15.8,,,0,0,62.774,1.227,0,13,15.8,0.711,1,277,24.394,99.085,0.506,158.121,0.3,207,26.7,82,1
2026-10-04T12:00Z,2026-10-05T00:00Z,a4t:102t,12,4.05,7.7,8.3,17.4,15.2,h,7.7,15.2,,,0,0,221.935,2.656,0.03,13,15.8,0.711,7,278,24.577,94.219,1.847,79.053,0.3,207,26.7,82,1
2026-10-04T12:00Z,2026-10-05T12:00Z,a4t:102t,24,4.550000000000001,7.5,5.1,9.6,13.8,h,7.5,13.8,,,0,0.002,258.047,3.565,0.216,13,15.8,0.711,19,278,24.617,94.39,1.298,53.417,0.3,207,26.7,82,1
2026-10-04T12:00Z,2026-10-06T12:00Z,a4t:102t,48,14.9,19.5,6.6,9.3,12.6,h,19.5,12.6,,,0,0,466.44,6.434,0,13,15.8,0.711,19,279,24.109,78.098,3.637,56.104,0.3,207,26.7,82,1
2026-10-04T12:00Z,2026-10-04T13:00Z,a4t:63t,1,16.25,18.9,12.8,15.1,13.9,h,18.9,13.9,,,0,0,311.073,2.712,0.039,14,13.9,0.151,20,277,26.828,87.313,1.965,232.778,,,,,1
2026-10-04T12:00Z,2026-10-04T15:00Z,a4t:63t,3,17.05,19.7,13.1,15.4,14,h,19.7,14,,,0,0,290.01,2.97,0.188,14,13.9,0.151,22,277,26.446,88.853,2.092,223.447,,,,,1
2026-10-04T12:00Z,2026-10-04T18:00Z,a4t:63t,6,16.2,18.5,13.5,15.8,14.1,h,18.5,14.1,,,0,0,254.675,2.68,0.031,14,13.9,0.151,1,277,25.673,91.198,2.102,220.927,,,,,1
2026-10-04T12:00Z,2026-10-05T00:00Z,a4t:63t,12,10.2,11.5,13.9,16.1,14.3,h,11.5,14.3,,,0,0,219.144,2.419,0.287,14,13.9,0.151,7,278,25.347,91.787,1.984,221.549,,,,,1
2026-10-04T12:00Z,2026-10-05T12:00Z,a4t:63t,24,5.45,6,9.8,11.1,13,h,6,13,,,0,0,285.83,2.446,0.132,14,13.9,0.151,19,278,26.226,89.359,1.856,223.343,,,,,1
2026-10-04T12:00Z,2026-10-06T12:00Z,a4t:63t,48,5.4,5.8,6.7,7.2,10.6,h,5.8,10.6,,,0,0,256.694,2.68,0.74,14,13.9,0.151,19,279,25.946,90.602,2.239,244.647,,,,,1
2026-10-04T12:00Z,2026-10-04T13:00Z,a4t:78t,1,24.85,15.5,20,12.1,13.7,h,15.5,13.7,,,0,0,35.436,1.961,0.018,14,13.7,-0.476,20,277,23.774,98.44,0.659,212.687,,,,,1
2026-10-04T12:00Z,2026-10-04T15:00Z,a4t:78t,3,27.05,17.3,20.6,12.5,13.7,h,17.3,13.7,,,0,0,31.198,1.446,0.071,14,13.7,-0.476,22,277,23.369,98.508,0.365,216.868,,,,,1
2026-10-04T12:00Z,2026-10-04T18:00Z,a4t:78t,6,26,17,21.6,13.3,13.8,h,17,13.8,,,0,0,24.04,1.213,0,14,13.7,-0.476,1,277,22.563,99.984,0.577,200.212,,,,,1
2026-10-04T12:00Z,2026-10-05T00:00Z,a4t:78t,12,21.4,14.7,24.1,15.3,14.1,h,14.7,14.1,,,0,0,44.712,0.988,0,14,13.7,-0.476,7,278,22.661,98.524,0.913,179.972,,,,,1
2026-10-04T12:00Z,2026-10-05T12:00Z,a4t:78t,24,8.05,5.9,17.6,11.8,13.1,h,5.9,13.1,,,0,0,42.037,1.624,0.031,14,13.7,-0.476,19,278,23.414,99.072,0.648,180.183,,,,,1
2026-10-04T12:00Z,2026-10-06T12:00Z,a4t:78t,48,7.5,6.2,8.1,6.3,10,h,6.2,10,,,0,0,16.831,0.81,0.026,14,13.7,-0.476,19,279,23.624,98.981,0.086,253.644,,,,,1
2026-10-04T12:00Z,2026-10-04T13:00Z,a4t:109t,1,6.2,9,4.7,7.1,14.9,h,9,14.9,,,0,0,110.583,1.499,0,7,14.9,0.346,20,277,25.353,95.183,0.702,118.1,,,,,1
2026-10-04T12:00Z,2026-10-04T15:00Z,a4t:109t,3,6.05,8.7,4.9,7.3,14.8,h,8.7,14.8,,,0,0,115.352,1.823,0,7,14.9,0.346,22,277,25.112,96.183,0.725,106.423,,,,,1
2026-10-04T12:00Z,2026-10-04T18:00Z,a4t:109t,6,6.15,8.6,5.1,7.5,14.6,h,8.6,14.6,,,0,0,144.888,2.324,0.13,7,14.9,0.346,1,277,24.568,98.082,1.087,122.495,,,,,1
2026-10-04T12:00Z,2026-10-05T00:00Z,a4t:109t,12,4.35,6,5.1,7.4,13.6,h,6,13.6,,,0,0,219.1,2.131,0,7,14.9,0.346,7,278,24.86,94.033,1.642,99.539,,,,,1
2026-10-04T12:00Z,2026-10-05T12:00Z,a4t:109t,24,5.4,6.9,5,6.8,12.3,h,6.9,12.3,,,0,0.001,361.85,5,0.977,7,14.9,0.346,19,278,24.703,93.967,2.598,37.205,,,,,1
2026-10-04T12:00Z,2026-10-06T12:00Z,a4t:109t,48,7.3,8.4,5.4,6.5,10.7,h,8.4,10.7,,,0,0,491.509,6.298,0,7,14.9,0.346,19,279,25.93,77.619,3.337,46.464,,,,,1
2026-10-04T12:00Z,2026-10-04T13:00Z,a4t:28t,1,12.5,51.6,13.9,60.4,35.7,h,51.6,35.7,,,0,0,166.714,4.137,0.001,55,35.6,1.417,20,277,26.794,89.744,2.283,150.233,,,,,1
2026-10-04T12:00Z,2026-10-04T15:00Z,a4t:28t,3,16.05,61.8,14.1,60.6,35.9,h,61.8,35.9,,,0,0,58.57,1.726,0,55,35.6,1.417,22,277,25.999,93.752,0.771,141.887,,,,,1
2026-10-04T12:00Z,2026-10-04T18:00Z,a4t:28t,6,15.25,54.3,14.2,59.8,36.4,h,54.3,36.4,,,0,0,105.803,3.309,0.001,55,35.6,1.417,1,277,25.662,94.577,1.784,139.785,,,,,1
2026-10-04T12:00Z,2026-10-05T00:00Z,a4t:28t,12,12,37.3,13.8,54.1,37.6,h,37.3,37.6,,,0,0,129.118,2.858,0,55,35.6,1.417,7,278,25.733,93.504,1.792,102.037,,,,,1
2026-10-04T12:00Z,2026-10-05T12:00Z,a4t:28t,24,7.45,18.6,11.4,37.4,36.2,h,18.6,36.2,,,0,0,76.527,1.823,0.613,55,35.6,1.417,19,278,26.314,92.027,1.172,107.573,,,,,1
2026-10-04T12:00Z,2026-10-06T12:00Z,a4t:28t,48,6.5,11.5,5.8,12.3,23.9,h,11.5,23.9,,,0,0,96.697,1.987,0.083,55,35.6,1.417,19,279,25.319,94.57,0.873,75.251,,,,,1
2026-10-04T12:00Z,2026-10-04T13:00Z,a4t:30t,1,12.5,16.4,,,,h,16.4,,,,0,0,295.244,3.33,0.008,,,0.334,20,277,27.567,86.245,1.86,164.869,,,,,1
2026-10-04T12:00Z,2026-10-04T15:00Z,a4t:30t,3,16.05,20.8,,,,h,20.8,,,,0,0,218.866,1.267,0,,,0.334,22,277,27.003,88.606,0.33,158.709,,,,,1
2026-10-04T12:00Z,2026-10-04T18:00Z,a4t:30t,6,15.25,19.4,,,,h,19.4,,,,0,0,201.484,2.76,0.008,,,0.334,1,277,26.547,89.843,1.619,146.08,,,,,1
2026-10-04T12:00Z,2026-10-05T00:00Z,a4t:30t,12,12,14.9,,,,h,14.9,,,,0,0,204.251,2.493,0,,,0.334,7,278,26.305,90.309,1.697,111.917,,,,,1
2026-10-04T12:00Z,2026-10-05T12:00Z,a4t:30t,24,7.45,8.9,,,,h,8.9,,,,0,0,177.974,1.32,0.416,,,0.334,19,278,27.074,87.578,0.911,96.71,,,,,1
2026-10-04T12:00Z,2026-10-06T12:00Z,a4t:30t,48,6.5,7.3,,,,h,7.3,,,,0,0,224.687,1.985,0.071,,,0.334,19,279,26.31,89.092,1.18,67.948,,,,,1
2026-10-04T12:00Z,2026-10-04T13:00Z,a4t:31t,1,12.5,9.6,13.9,10.6,62.6,h,9.6,62.6,,,0,0,279.446,3.529,0.004,5,62.7,-0.25,20,277,27.53,86.465,1.926,161.781,0.4,202,,,1
2026-10-04T12:00Z,2026-10-04T15:00Z,a4t:31t,3,16.05,12.6,14.1,10.8,62.1,h,12.6,62.1,,,0,0,190.559,1.198,0,5,62.7,-0.25,22,277,26.889,89.441,0.273,155.571,0.4,202,,,1
2026-10-04T12:00Z,2026-10-04T18:00Z,a4t:31t,6,15.25,12.1,14.2,11,60.5,h,12.1,60.5,,,0,0,186.828,2.864,0.004,5,62.7,-0.25,1,277,26.497,90.642,1.682,142.231,0.4,202,,,1
2026-10-04T12:00Z,2026-10-05T00:00Z,a4t:31t,12,12,9.7,13.8,10.7,53.1,h,9.7,53.1,,,0,0,196.239,2.804,0,5,62.7,-0.25,7,278,26.288,90.987,1.796,108.787,0.4,202,,,1
2026-10-04T12:00Z,2026-10-05T12:00Z,a4t:31t,24,7.45,6.3,11.4,9.2,45.6,h,6.3,45.6,,,0,0,171.096,1.503,0.508,5,62.7,-0.25,19,278,27.024,88.263,0.986,99.349,0.4,202,,,1
2026-10-04T12:00Z,2026-10-06T12:00Z,a4t:31t,48,6.5,5.9,5.8,5,33.9,h,5.9,33.9,,,0,0,210.298,2.162,0.043,5,62.7,-0.25,19,279,26.183,89.768,1.198,71.816,0.4,202,,,1
2026-10-04T12:00Z,2026-10-04T13:00Z,a4t:113t,1,7.25,12.8,5.5,10,13.5,h,12.8,13.5,,,0,0,101.3,1.291,0,14,13.5,0.534,20,277,25.553,95.152,0.435,155.283,1.2,243,28.3,82,1
2026-10-04T12:00Z,2026-10-04T15:00Z,a4t:113t,3,7.15,12.3,5.5,10,13.4,h,12.3,13.4,,,0,0,114.172,1.45,0,14,13.5,0.534,22,277,25.208,96.539,0.578,122.795,1.2,243,28.3,82,1
2026-10-04T12:00Z,2026-10-04T18:00Z,a4t:113t,6,8.05,13.4,5.7,10.3,13.4,h,13.4,13.4,,,0,0,114.882,1.735,0,14,13.5,0.534,1,277,24.712,98.424,0.67,133.097,1.2,243,28.3,82,1
2026-10-04T12:00Z,2026-10-05T00:00Z,a4t:113t,12,3.75,6.1,5.6,9.7,13.1,h,6.1,13.1,,,0,0,198.329,1.752,0.046,14,13.5,0.534,7,278,24.837,94.559,1.338,99.637,1.2,243,28.3,82,1
2026-10-04T12:00Z,2026-10-05T12:00Z,a4t:113t,24,6.25,9,5.2,8.5,11.9,h,9,11.9,,,0,0,264.024,3.73,0.247,14,13.5,0.534,19,278,25.1,93.362,1.613,42.049,1.2,243,28.3,82,1
2026-10-04T12:00Z,2026-10-06T12:00Z,a4t:113t,48,10.8,13.3,6.9,9,11.3,h,13.3,11.3,,,0,0,315.349,5.42,0,14,13.5,0.534,19,279,26.13,76.775,2.577,53.89,1.2,243,28.3,82,1
2026-10-04T12:00Z,2026-10-04T13:00Z,a4t:99t,1,16.799999999999997,10.7,24.1,15.1,15.6,h,10.7,15.6,,,0,0.026,178.919,2.486,0.891,21,15.7,-0.447,20,277,25.486,95.342,1.301,94.038,,,32.6,57,1
2026-10-04T12:00Z,2026-10-04T15:00Z,a4t:99t,3,16.5,10.7,23.7,14.9,15.5,h,10.7,15.5,,,0,0.019,183.878,2.069,0.194,21,15.7,-0.447,22,277,25.067,95.44,1.049,191.387,,,32.6,57,1
2026-10-04T12:00Z,2026-10-04T18:00Z,a4t:99t,6,19.95,13.4,23.3,14.7,15.4,h,13.4,15.4,,,0,0.006,45.61,0.92,0,21,15.7,-0.447,1,277,24.764,95.795,0.303,150.533,,,32.6,57,1
2026-10-04T12:00Z,2026-10-05T00:00Z,a4t:99t,12,28.2,19.9,22.2,14.4,15.3,h,19.9,15.3,,,0,0.039,126.905,0.844,0,21,15.7,-0.447,7,278,24.986,95.863,0.501,109.674,,,32.6,57,1
2026-10-04T12:00Z,2026-10-05T12:00Z,a4t:99t,24,11.05,8.3,19.7,13.8,15.1,h,8.3,15.1,,,0,0.002,134.042,2.511,0.039,21,15.7,-0.447,19,278,25.866,95.171,1.204,2.609,,,32.6,57,1
2026-10-04T12:00Z,2026-10-06T12:00Z,a4t:99t,48,11.5,9.7,7.1,5.6,10.6,h,9.7,10.6,,,0,0,128.959,2.473,0.071,21,15.7,-0.447,19,279,26.119,93.589,0.879,38.149,,,32.6,57,1
2026-10-04T12:00Z,2026-10-04T13:00Z,a4t:40t,1,12.25,9.5,11.6,8.9,12.7,h,9.5,12.7,,,0,0.001,53.432,2.059,0,12,12.7,-0.243,20,277,24.84,98.301,0.768,186.98,,,,,1
2026-10-04T12:00Z,2026-10-04T15:00Z,a4t:40t,3,12.35,9.7,11.3,8.7,12.6,h,9.7,12.6,,,0,0.001,41.562,1.214,0,12,12.7,-0.243,22,277,24.529,98.77,0.681,152.014,,,,,1
2026-10-04T12:00Z,2026-10-04T18:00Z,a4t:40t,6,3.2,2.4,10.4,8,12.5,h,2.4,12.5,,,0,0.001,127.98,0.536,1.631,12,12.7,-0.243,1,277,22.549,96.995,0.591,35.2,,,,,1
2026-10-04T12:00Z,2026-10-05T00:00Z,a4t:40t,12,5.25,4.2,9.4,7.3,11.8,h,4.2,11.8,,,0,0.004,87.578,1.774,0.056,12,12.7,-0.243,7,278,22.884,96.793,0.909,72.146,,,,,1
2026-10-04T12:00Z,2026-10-05T12:00Z,a4t:40t,24,8.95,7.6,7.3,5.9,10.5,h,7.6,10.5,,,0,0.001,89.483,2.599,0.157,12,12.7,-0.243,19,278,24.144,95.562,1.101,40.021,,,,,1
2026-10-04T12:00Z,2026-10-06T12:00Z,a4t:40t,48,7.25,6.6,4.9,4.3,8.5,h,6.6,8.5,,,0,0,27.254,1.353,0,12,12.7,-0.243,19,279,23.811,96.857,0.324,10.189,,,,,1
2026-10-04T12:00Z,2026-10-04T13:00Z,a4t:68t,1,8.9,10.4,7.7,9.1,13.3,h,10.4,13.3,,,0,0.016,38.662,0.776,0,9,13.3,0.149,20,277,25.47,91.599,0.228,252.937,,,,,1
2026-10-04T12:00Z,2026-10-04T15:00Z,a4t:68t,3,9.45,11,7.3,8.7,13.2,h,11,13.2,,,0,0.016,30.531,0.368,0,9,13.3,0.149,22,277,24.664,95.318,0.202,42.242,,,,,1
2026-10-04T12:00Z,2026-10-04T18:00Z,a4t:68t,6,2.75,3.3,6.2,7.4,13.1,h,3.3,13.1,,,0,0.011,123.878,3.314,1.594,9,13.3,0.149,1,277,23.328,97.031,1.651,158.656,,,,,1
2026-10-04T12:00Z,2026-10-05T00:00Z,a4t:68t,12,4.199999999999999,4.8,6,7.1,12.3,h,4.8,12.3,,,0,0.009,142.236,0.965,0,9,13.3,0.149,7,278,23.337,95.926,0.751,104.184,,,,,1
2026-10-04T12:00Z,2026-10-05T12:00Z,a4t:68t,24,8.7,9.6,6,6.9,11.2,h,9.6,11.2,,,0,0.001,63.231,0.802,1.105,9,13.3,0.149,19,278,24.643,91.258,0.122,28.172,,,,,1
2026-10-04T12:00Z,2026-10-06T12:00Z,a4t:68t,48,7.75,8.2,5.3,5.8,9.5,h,8.2,9.5,,,0,0,101.051,2.223,0.427,9,13.3,0.149,19,279,23.571,95.495,1.379,333.254,,,,,1
2026-10-04T12:00Z,2026-10-04T13:00Z,a4t:112t,1,9.6,11,7,8.1,12.2,h,11,12.2,,,0,0.001,86.393,1.304,0,10,12.2,0.129,20,277,25.505,95.615,0.89,78.601,0.8,170,24.8,91,1
2026-10-04T12:00Z,2026-10-04T15:00Z,a4t:112t,3,9.649999999999999,11,7.4,8.5,12.1,h,11,12.1,,,0,0.001,101.252,1.22,0,10,12.2,0.129,22,277,25.151,96.615,0.711,91.587,0.8,170,24.8,91,1
2026-10-04T12:00Z,2026-10-04T18:00Z,a4t:112t,6,10.149999999999999,11.5,8.1,9.3,12.1,h,11.5,12.1,,,0,0.001,157.422,3.098,0.548,10,12.2,0.129,1,277,24.172,97.72,1.925,102.521,0.8,170,24.8,91,1
2026-10-04T12:00Z,2026-10-05T00:00Z,a4t:112t,12,7.15,8,8.8,10.1,11.7,h,8,11.7,,,0,0.001,217.853,2.535,0,10,12.2,0.129,7,278,24.861,94.298,1.881,123.234,0.8,170,24.8,91,1
2026-10-04T12:00Z,2026-10-05T12:00Z,a4t:112t,24,6,6.6,7.4,8.3,10.9,h,6.6,10.9,,,0,0.001,402.349,6.192,2.806,10,12.2,0.129,19,278,24.73,93.702,3.758,18.245,0.8,170,24.8,91,1
2026-10-04T12:00Z,2026-10-06T12:00Z,a4t:112t,48,6.85,7.2,4.6,5,8.6,h,7.2,8.6,,,0,0,602.489,6.138,0,10,12.2,0.129,19,279,26.059,82.637,3.177,36.836,0.8,170,24.8,91,1
2026-10-04T12:00Z,2026-10-04T13:00Z,a4t:90t,1,6.25,4.7,8.2,6.1,11.3,h,4.7,11.3,,,0,0,40.129,0.41,0.91,4,11.3,-0.249,20,277,25.037,97.48,0.434,63.461,,,,,1
2026-10-04T12:00Z,2026-10-04T15:00Z,a4t:90t,3,5.699999999999999,4.3,8.3,6.3,11.1,h,4.3,11.1,,,0,0,77.437,1.652,0.109,4,11.3,-0.249,22,277,24.643,99.572,0.873,71.283,,,,,1
2026-10-04T12:00Z,2026-10-04T18:00Z,a4t:90t,6,4.4,3.4,8.3,6.3,11,h,3.4,11,,,0,0,43.077,0.761,0,4,11.3,-0.249,1,277,24.172,99.687,0.406,159.957,,,,,1
2026-10-04T12:00Z,2026-10-05T00:00Z,a4t:90t,12,2.75,2.1,6.9,5.3,10,h,2.1,10,,,0,0,197.827,2.745,0.662,4,11.3,-0.249,7,278,23.866,97.062,1.777,52.209,,,,,1
2026-10-04T12:00Z,2026-10-05T12:00Z,a4t:90t,24,3.65,3,3.7,2.8,8.6,h,3,8.6,,,0,0,192.074,1.943,0,4,11.3,-0.249,19,278,24.151,93.476,0.555,70.665,,,,,1
2026-10-04T12:00Z,2026-10-06T12:00Z,a4t:90t,48,11.5,10.4,7.5,6.6,9,h,10.4,9,,,0,0,272.927,4.777,0,4,11.3,-0.249,19,279,23.825,80.22,2.146,74.309,,,,,1
2026-10-04T12:00Z,2026-10-04T13:00Z,a4t:08t,1,11.649999999999999,18.6,15,24.2,23.5,h,18.6,23.5,,,0,0,118.736,1.928,0,27,23.5,0.457,20,277,26.682,92.059,1.138,87.339,,,,,1
2026-10-04T12:00Z,2026-10-04T15:00Z,a4t:08t,3,15.200000000000001,23.7,15.3,24.7,23.5,h,23.7,23.5,,,0,0,86.324,0.654,0.18,27,23.5,0.457,22,277,25.392,96.05,0.239,127.407,,,,,1
2026-10-04T12:00Z,2026-10-04T18:00Z,a4t:08t,6,24.4,36.7,16.3,26.1,23.7,h,36.7,23.7,,,0,0,104.21,1.454,0,27,23.5,0.457,1,277,25.188,96.294,0.623,110.53,,,,,1
2026-10-04T12:00Z,2026-10-05T00:00Z,a4t:08t,12,27.65,39.6,19,29.3,24.7,h,39.6,24.7,,,0,0.003,168.607,1.903,0,27,23.5,0.457,7,278,25.662,94.419,1.162,82.189,,,,,1
2026-10-04T12:00Z,2026-10-05T12:00Z,a4t:08t,24,37.7,49.8,27.7,39.2,28.5,h,49.8,28.5,,,0,0,112.121,0.251,0.334,27,23.5,0.457,19,278,25.422,95.116,0.007,280.09,,,,,1
2026-10-04T12:00Z,2026-10-06T12:00Z,a4t:08t,48,30.2,35.8,22,27.6,25.5,h,35.8,25.5,,,0,0,83.186,1.24,0,27,23.5,0.457,19,279,25.937,94.204,0.349,56.562,,,,,1
2026-10-04T12:00Z,2026-10-04T13:00Z,a4t:16t,1,11.649999999999999,7.5,15,9.6,15.6,h,7.5,15.6,,,0,0,118.414,1.86,0,10,15.6,-0.414,20,277,26.711,91.911,1.106,93.212,,,,,1
2026-10-04T12:00Z,2026-10-04T15:00Z,a4t:16t,3,15.200000000000001,10.1,15.3,9.8,15.6,h,10.1,15.6,,,0,0,83.519,0.581,0.172,10,15.6,-0.414,22,277,25.443,95.923,0.203,128.96,,,,,1
2026-10-04T12:00Z,2026-10-04T18:00Z,a4t:16t,6,24.4,16.8,16.3,10.6,15.6,h,16.8,15.6,,,0,0,102.877,1.43,0,10,15.6,-0.414,1,277,25.221,96.27,0.612,112.07,,,,,1
2026-10-04T12:00Z,2026-10-05T00:00Z,a4t:16t,12,27.65,19.9,19,12.7,15.7,h,19.9,15.7,,,0,0.002,167.41,1.914,0,10,15.6,-0.414,7,278,25.684,94.413,1.162,81.601,,,,,1
2026-10-04T12:00Z,2026-10-05T12:00Z,a4t:16t,24,37.7,29.3,27.7,20.2,17.1,h,29.3,17.1,,,0,0,110.807,0.232,0.354,10,15.6,-0.414,19,278,25.459,94.981,0.044,267.919,,,,,1
2026-10-04T12:00Z,2026-10-06T12:00Z,a4t:16t,48,30.2,25.9,22,18,16.8,h,25.9,16.8,,,0,0,82.176,1.275,0,10,15.6,-0.414,19,279,25.93,94.109,0.359,56.446,,,,,1
2026-10-04T12:00Z,2026-10-04T13:00Z,a4t:17t,1,11.649999999999999,10.8,15,13.9,19.5,h,10.8,19.5,,,0,0,118.444,1.875,0,22,19.5,-0.068,20,277,26.696,92.056,1.123,87.714,,,,,1
2026-10-04T12:00Z,2026-10-04T15:00Z,a4t:17t,3,15.200000000000001,14.2,15.3,14.2,19.4,h,14.2,19.4,,,0,0,86.238,0.641,0.173,22,19.5,-0.068,22,277,25.415,95.998,0.24,124.748,,,,,1
2026-10-04T12:00Z,2026-10-04T18:00Z,a4t:17t,6,24.4,22.9,16.3,15.2,19.4,h,22.9,19.4,,,0,0,104.08,1.407,0,22,19.5,-0.068,1,277,25.201,96.245,0.596,110.607,,,,,1
2026-10-04T12:00Z,2026-10-05T00:00Z,a4t:17t,12,27.65,26.2,19,17.8,19.4,h,26.2,19.4,,,0,0.003,169.323,1.88,0,22,19.5,-0.068,7,278,25.67,94.388,1.154,80.902,,,,,1
2026-10-04T12:00Z,2026-10-05T12:00Z,a4t:17t,24,37.7,36.2,27.7,26.3,21.7,h,36.2,21.7,,,0,0,112.185,0.284,0.339,22,19.5,-0.068,19,278,25.424,95.097,0.018,284.502,,,,,1
2026-10-04T12:00Z,2026-10-06T12:00Z,a4t:17t,48,30.2,29.4,22,21.3,20.4,h,29.4,20.4,,,0,0,84.06,1.258,0,22,19.5,-0.068,19,279,25.94,94.164,0.354,55.809,,,,,1
2026-10-04T12:00Z,2026-10-04T13:00Z,a4t:84t,1,10.2,7.8,11.3,8.5,11.1,h,7.8,11.1,,,0,0,88.448,0.719,0,9,11.1,-0.256,20,277,27.089,92.794,0.687,347.652,,,,,1
2026-10-04T12:00Z,2026-10-04T15:00Z,a4t:84t,3,10.75,8.3,11.5,8.7,11,h,8.3,11,,,0,0,94.764,1.038,0.005,9,11.1,-0.256,22,277,25.959,94.878,0.445,19.899,,,,,1
2026-10-04T12:00Z,2026-10-04T18:00Z,a4t:84t,6,14.45,11.4,11.9,9,11,h,11.4,11,,,0,0,94.463,0.839,0,9,11.1,-0.256,1,277,25.413,95.182,0.773,318.666,,,,,1
2026-10-04T12:00Z,2026-10-05T00:00Z,a4t:84t,12,19.299999999999997,15.7,13.3,10.3,10.9,h,15.7,10.9,,,0,0.003,195.769,1.983,0,9,11.1,-0.256,7,278,25.826,93.603,1.368,8.676,,,,,1
2026-10-04T12:00Z,2026-10-05T12:00Z,a4t:84t,24,25.9,22.1,17.3,14.2,12.1,h,22.1,12.1,,,0,0,123.511,2.287,0.361,9,11.1,-0.256,19,278,25.163,95.386,1.302,295.74,,,,,1
2026-10-04T12:00Z,2026-10-06T12:00Z,a4t:84t,48,22.299999999999997,20.2,15.8,13.9,12.5,h,20.2,12.5,,,0,0,101.942,1.762,0,9,11.1,-0.256,19,279,26.228,92.757,0.679,24.156,,,,,1
2026-10-04T12:00Z,2026-10-04T13:00Z,a4t:14t,1,11.649999999999999,15,15,19.4,19.6,h,15,19.6,,,0,0,118.554,1.702,0,24,19.6,0.244,20,277,26.758,92.687,1.181,63.834,,,,,1
2026-10-04T12:00Z,2026-10-04T15:00Z,a4t:14t,3,15.200000000000001,19.3,15.3,19.8,19.6,h,19.3,19.6,,,0,0,98.407,1.04,0.111,24,19.6,0.244,22,277,25.488,95.856,0.491,96.46,,,,,1
2026-10-04T12:00Z,2026-10-04T18:00Z,a4t:14t,6,24.4,30.4,16.3,21,19.7,h,30.4,19.7,,,0,0,109.953,0.961,0,24,19.6,0.244,1,277,25.24,95.609,0.336,103.56,,,,,1
2026-10-04T12:00Z,2026-10-05T00:00Z,a4t:14t,12,27.65,33.5,19,23.9,20.3,h,33.5,20.3,,,0,0.004,185.391,1.631,0,24,19.6,0.244,7,278,25.673,93.963,1.109,65.191,,,,,1
2026-10-04T12:00Z,2026-10-05T12:00Z,a4t:14t,24,37.7,43.7,27.7,33.3,24,h,43.7,24,,,0,0,118.883,0.969,0.322,24,19.6,0.244,19,278,25.301,95.427,0.465,318.679,,,,,1
2026-10-04T12:00Z,2026-10-06T12:00Z,a4t:14t,48,30.2,33.1,22,24.8,22.2,h,33.1,22.2,,,0,0,103.094,1.388,0,24,19.6,0.244,19,279,25.997,94.101,0.421,48.751,,,,,1
2026-10-04T12:00Z,2026-10-04T13:00Z,a4t:27t,1,11.649999999999999,8.8,15,11.3,14.9,h,8.8,14.9,,,0,0,108.724,1.026,0,11,14.9,-0.264,20,277,26.894,92.452,0.899,67.089,,,,,1
2026-10-04T12:00Z,2026-10-04T15:00Z,a4t:27t,3,15.200000000000001,11.7,15.3,11.6,14.9,h,11.7,14.9,,,0,0,92.159,0.719,0.073,11,14.9,-0.264,22,277,25.697,95.392,0.349,70.391,,,,,1
2026-10-04T12:00Z,2026-10-04T18:00Z,a4t:27t,6,24.4,19.2,16.3,12.4,14.8,h,19.2,14.8,,,0,0,102.69,0.46,0,11,14.9,-0.264,1,277,25.336,95.509,0.112,93.047,,,,,1
2026-10-04T12:00Z,2026-10-05T00:00Z,a4t:27t,12,27.65,22.4,19,14.7,14.8,h,22.4,14.8,,,0,0.002,185.326,1.579,0,11,14.9,-0.264,7,278,25.751,93.887,1.096,47.324,,,,,1
2026-10-04T12:00Z,2026-10-05T12:00Z,a4t:27t,24,37.7,32.1,27.7,22.7,17.4,h,32.1,17.4,,,0,0,117.826,1.224,0.363,11,14.9,-0.264,19,278,25.322,95.193,0.615,303.236,,,,,1
2026-10-04T12:00Z,2026-10-06T12:00Z,a4t:27t,48,30.2,27.4,22,19.3,17.1,h,27.4,17.1,,,0,0,99.392,1.504,0,11,14.9,-0.264,19,279,26.053,93.558,0.466,40.742,,,,,1
2026-10-04T12:00Z,2026-10-04T13:00Z,a4t:24t,1,16.799999999999997,20.4,24.1,29.4,28.8,h,20.4,28.8,,,0,0.001,124.703,2.556,1.759,36,28.9,0.19,20,277,24.489,96.718,1.032,34.873,,,,,1
2026-10-04T12:00Z,2026-10-04T15:00Z,a4t:24t,3,16.5,19.8,23.7,28.8,28.7,h,19.8,28.7,,,0,0.011,131.78,2.017,0.191,36,28.9,0.19,22,277,24.321,97.231,0.858,184.675,,,,,1
2026-10-04T12:00Z,2026-10-04T18:00Z,a4t:24t,6,19.95,23.7,23.3,28.3,28.4,h,23.7,28.4,,,0,0.034,63.558,1.09,0,36,28.9,0.19,1,277,23.997,96.727,0.224,158.257,,,,,1
2026-10-04T12:00Z,2026-10-05T00:00Z,a4t:24t,12,28.2,32.8,22.2,26.6,27.9,h,32.8,27.9,,,0,0.051,114.748,0.809,0,36,28.9,0.19,7,278,24.211,95.701,0.37,109.103,,,,,1
2026-10-04T12:00Z,2026-10-05T12:00Z,a4t:24t,24,11.05,12.5,19.7,22.9,27,h,12.5,27,,,0,0.001,121.229,2.456,0,36,28.9,0.19,19,278,25.247,94.212,1.06,3.214,,,,,1
2026-10-04T12:00Z,2026-10-06T12:00Z,a4t:24t,48,11.5,12.4,7.1,7.8,18.4,h,12.4,18.4,,,0,0,142.611,3.101,0.036,36,28.9,0.19,19,279,25.224,94.727,1.358,41.659,,,,,1
2026-10-04T12:00Z,2026-10-04T13:00Z,a4t:25t,1,21.85,17.6,27.7,22.1,18,h,17.6,18,,,0,0.001,196.486,5.029,1.336,22,18,-0.216,20,277,25.465,95.02,2.912,2.525,,,,,1
2026-10-04T12:00Z,2026-10-04T15:00Z,a4t:25t,3,20.65,16.8,27.5,22,18,h,16.8,18,,,0,0.007,100.232,1.541,0.253,22,18,-0.216,22,277,25.1,96.81,0.758,161.933,,,,,1
2026-10-04T12:00Z,2026-10-04T18:00Z,a4t:25t,6,25.6,21.1,27.3,21.9,18,h,21.1,18,,,0,0.002,124.811,2.332,0,22,18,-0.216,1,277,24.819,97.642,0.761,150.603,,,,,1
2026-10-04T12:00Z,2026-10-05T00:00Z,a4t:25t,12,32.5,27.4,26.8,21.8,18.6,h,27.4,18.6,,,0,0.012,89.572,0.576,0,22,18,-0.216,7,278,24.965,95.557,0.681,71.314,,,,,1
2026-10-04T12:00Z,2026-10-05T12:00Z,a4t:25t,24,17.450000000000003,15.2,23.7,19.9,18.6,h,15.2,18.6,,,0,0.001,43.57,0.698,0,22,18,-0.216,19,278,26.302,92.359,0.182,8.911,,,,,1
2026-10-04T12:00Z,2026-10-06T12:00Z,a4t:25t,48,16.25,15,10.3,9.2,13.6,h,15,13.6,,,0,0,88.027,2.884,0.007,22,18,-0.216,19,279,25.773,95.642,1.189,46.429,,,,,1
2026-10-04T12:00Z,2026-10-04T13:00Z,a4t:71t,1,8.15,8.1,10.2,10.1,8.8,h,8.1,8.8,,,0,0,68.084,0.695,0,8,8.8,-0.007,20,277,26.348,93.911,0.093,271.331,,,,,1
2026-10-04T12:00Z,2026-10-04T15:00Z,a4t:71t,3,9.25,9.2,10.2,10.1,8.8,h,9.2,8.8,,,0,0,55.039,0.704,0,8,8.8,-0.007,22,277,25.91,95.376,0.153,216.104,,,,,1
2026-10-04T12:00Z,2026-10-04T18:00Z,a4t:71t,6,12.15,12.1,10.3,10.2,8.8,h,12.1,8.8,,,0,0,29.269,0.476,0,8,8.8,-0.007,1,277,25.131,97.222,0.139,178.957,,,,,1
2026-10-04T12:00Z,2026-10-05T00:00Z,a4t:71t,12,10.45,10.4,10.6,10.5,9,h,10.4,9,,,0,0,71.273,0.606,0.035,8,8.8,-0.007,7,278,25.453,95.013,0.519,16.649,,,,,1
2026-10-04T12:00Z,2026-10-05T12:00Z,a4t:71t,24,7.45,7.4,9.3,9.3,9,h,7.4,9,,,0,0,109.92,1.516,0.065,8,8.8,-0.007,19,278,25.449,93.145,0.884,229.962,,,,,1
2026-10-04T12:00Z,2026-10-06T12:00Z,a4t:71t,48,7.1,7.1,5.7,5.7,7.2,h,7.1,7.2,,,0,0,189.648,3.204,0.694,8,8.8,-0.007,19,279,25.078,96.267,2.025,26.398,,,,,1
2026-10-04T12:00Z,2026-10-04T13:00Z,a4t:104t,1,9.8,10.1,19.5,20,17.2,h,10.1,17.2,,,0,0.001,149.606,1.823,1.165,15,17.2,0.025,20,277,25.616,93.825,0.75,94.477,,,,,1
2026-10-04T12:00Z,2026-10-04T15:00Z,a4t:104t,3,12.4,12.7,18.8,19.3,17.1,h,12.7,17.1,,,0,0.001,162.04,1.833,0.243,15,17.2,0.025,22,277,25.084,94.399,1.016,195.914,,,,,1
2026-10-04T12:00Z,2026-10-04T18:00Z,a4t:104t,6,18.85,19.3,18,18.5,16.9,h,19.3,16.9,,,0,0.002,84.608,1.465,0,15,17.2,0.025,1,277,24.662,96.496,0.792,141.389,,,,,1
2026-10-04T12:00Z,2026-10-05T00:00Z,a4t:104t,12,31,31.6,17.2,17.6,17.3,h,31.6,17.3,,,0,0.011,112.632,0.877,0,15,17.2,0.025,7,278,24.792,96.008,0.526,104.856,,,,,1
2026-10-04T12:00Z,2026-10-05T12:00Z,a4t:104t,24,13.350000000000001,13.6,19.8,20.2,18.1,h,13.6,18.1,,,0,0.002,68.69,0.983,0.241,15,17.2,0.025,19,278,25.683,93.566,0.447,1.301,,,,,1
2026-10-04T12:00Z,2026-10-06T12:00Z,a4t:104t,48,11.45,11.6,8.2,8.3,12.8,h,11.6,12.8,,,0,0,102.05,2.268,0.037,15,17.2,0.025,19,279,26.016,94.297,0.884,13.99,,,,,1
2026-10-04T12:00Z,2026-10-04T13:00Z,a4t:85t,1,10.05,11.5,12.5,14.4,12,h,11.5,12,,,0,0.06,153.99,2.145,0.754,13,12,0.131,20,277,26.145,93.434,1.337,81.393,,,,,1
2026-10-04T12:00Z,2026-10-04T15:00Z,a4t:85t,3,11.4,13,12.5,14.4,12,h,13,12,,,0,0.038,117.149,0.916,0.074,13,12,0.131,22,277,25.297,95.926,0.116,143.248,,,,,1
2026-10-04T12:00Z,2026-10-04T18:00Z,a4t:85t,6,15.2,17.1,12.6,14.4,12.1,h,17.1,12.1,,,0,0.033,126.077,1.204,0,13,12,0.131,1,277,25.111,95.408,0.659,140.347,,,,,1
2026-10-04T12:00Z,2026-10-05T00:00Z,a4t:85t,12,22.5,24.9,14.1,16,13.1,h,24.9,13.1,,,0,0.014,180.462,1.404,0,13,12,0.131,7,278,25.354,93.842,1.083,83.103,,,,,1
2026-10-04T12:00Z,2026-10-05T12:00Z,a4t:85t,24,16.799999999999997,18.2,15.8,17.6,13.8,h,18.2,13.8,,,0,0.001,127.616,0.965,0.409,13,12,0.131,19,278,25.376,94.966,0.496,339.146,,,,,1
2026-10-04T12:00Z,2026-10-06T12:00Z,a4t:85t,48,11.8,12.4,10.1,10.9,11.4,h,12.4,11.4,,,0,0,121.172,1.059,0.041,13,12,0.131,19,279,25.749,95,0.516,8.055,,,,,1
2026-10-04T12:00Z,2026-10-04T13:00Z,a4t:111t,1,7.5,10.6,7.1,10.2,11.6,h,10.6,11.6,,,0,0,99.782,0.637,0,13,11.6,0.322,20,277,25.519,94.614,0.365,350.032,,,27.7,77,1
2026-10-04T12:00Z,2026-10-04T15:00Z,a4t:111t,3,8.2,11.4,7.3,10.5,11.6,h,11.4,11.6,,,0,0,51.381,0.425,0,13,11.6,0.322,22,277,25.156,96.558,0.383,96.735,,,27.7,77,1
2026-10-04T12:00Z,2026-10-04T18:00Z,a4t:111t,6,7.95,10.8,7.5,10.7,11.5,h,10.8,11.5,,,0,0,102.972,2.354,0.261,13,11.6,0.322,1,277,24.414,98.559,1.395,86.802,,,27.7,77,1
2026-10-04T12:00Z,2026-10-05T00:00Z,a4t:111t,12,6.85,9,7.7,10.7,11.5,h,9,11.5,,,0,0.001,176.022,1.671,0.006,13,11.6,0.322,7,278,24.975,95.006,1.259,98.23,,,27.7,77,1
2026-10-04T12:00Z,2026-10-05T12:00Z,a4t:111t,24,5.95,7.4,6.9,9.2,10.8,h,7.4,10.8,,,0,0,246.763,4.227,1.4,13,11.6,0.322,19,278,25.335,93.679,2.494,23.789,,,27.7,77,1
2026-10-04T12:00Z,2026-10-06T12:00Z,a4t:111t,48,7.15,8.2,4.7,5.6,8.6,h,8.2,8.6,,,0,0,379.578,3.852,0.515,13,11.6,0.322,19,279,25.171,87.713,1.746,49.812,,,27.7,77,1
2026-10-04T12:00Z,2026-10-04T13:00Z,a4t:96t,1,10.65,13.7,13.3,17.2,12.3,h,13.7,12.3,,,0,0.201,116.023,1.734,0,24,12.3,0.244,20,277,26.15,94.301,0.653,120.001,0.9,126,26.2,60,1
2026-10-04T12:00Z,2026-10-04T15:00Z,a4t:96t,3,10.8,13.8,12.6,16.4,12.3,h,13.8,12.3,,,0,0.148,286.514,3.835,0.235,24,12.3,0.244,22,277,25.516,94.572,2.477,196,0.9,126,26.2,60,1
2026-10-04T12:00Z,2026-10-04T18:00Z,a4t:96t,6,10.3,13,12.3,15.8,12.3,h,13,12.3,,,0,0.035,113.031,0.565,0,24,12.3,0.244,1,277,24.303,97.253,0.353,47.14,0.9,126,26.2,60,1
2026-10-04T12:00Z,2026-10-05T00:00Z,a4t:96t,12,9.3,11.4,10.3,13.2,12.6,h,11.4,12.6,,,0,0.026,120.929,0.547,0.144,24,12.3,0.244,7,278,24.753,94.87,0.368,95.764,0.9,126,26.2,60,1
2026-10-04T12:00Z,2026-10-05T12:00Z,a4t:96t,24,8.45,9.9,9.1,11.2,12,h,9.9,12,,,0,0.002,34.809,0.515,0.212,24,12.3,0.244,19,278,26.406,90.234,0.419,320.419,0.9,126,26.2,60,1
2026-10-04T12:00Z,2026-10-06T12:00Z,a4t:96t,48,6.25,6.9,5.9,6.8,9.5,h,6.9,9.5,,,0,0,179.842,3.025,0.39,24,12.3,0.244,19,279,25.841,89.343,1.927,34.052,0.9,126,26.2,60,1
2026-10-04T12:00Z,2026-10-04T13:00Z,a4t:82t,1,10.1,16.7,14.4,24.2,20.9,h,16.7,20.9,,,0,0,134.739,3.299,0.448,20,20.9,0.489,20,277,24.547,97.747,1.81,68.503,,,,,1
2026-10-04T12:00Z,2026-10-04T15:00Z,a4t:82t,3,8.6,14,13.9,23.2,20.9,h,14,20.9,,,0,0,158.462,3.562,1.142,20,20.9,0.489,22,277,24.009,97.048,2.039,74.645,,,,,1
2026-10-04T12:00Z,2026-10-04T18:00Z,a4t:82t,6,7.300000000000001,11.7,12.7,21.2,20.7,h,11.7,20.7,,,0,0,126.744,2.361,0,20,20.9,0.489,1,277,23.672,97.081,1.154,81.252,,,,,1
2026-10-04T12:00Z,2026-10-05T00:00Z,a4t:82t,12,5,7.7,9.9,16.4,19.4,h,7.7,19.4,,,0,0,218.3,3.759,0.496,20,20.9,0.489,7,278,23.195,95.17,2.566,70.08,,,,,1
2026-10-04T12:00Z,2026-10-05T12:00Z,a4t:82t,24,5.5,7.7,5.5,8.6,16.9,h,7.7,16.9,,,0,0,194.861,2.909,0.338,20,20.9,0.489,19,278,24.411,95.951,1.447,74.323,,,,,1
2026-10-04T12:00Z,2026-10-06T12:00Z,a4t:82t,48,10,12.1,7.9,10.2,15.5,h,12.1,15.5,,,0,0,177.634,4.814,0.571,20,20.9,0.489,19,279,25.228,75.564,2.206,62.334,,,,,1
2026-10-04T12:00Z,2026-10-04T13:00Z,a4t:115t,1,7.65,8.6,10.2,11.4,11,h,8.6,11,,,0,0,171.114,2.622,0,10,11,0.107,20,277,24.776,96.481,0.956,189.233,0.2,179,27.3,79,1
2026-10-04T12:00Z,2026-10-04T15:00Z,a4t:115t,3,5.35,6,9.7,10.9,10.9,h,6,10.9,,,0,0,128.224,3.211,0,10,11,0.107,22,277,24.44,98.187,1.752,39.562,0.2,179,27.3,79,1
2026-10-04T12:00Z,2026-10-04T18:00Z,a4t:115t,6,4.75,5.3,8.9,10,10.8,h,5.3,10.8,,,0,0,127.12,1.955,0,10,11,0.107,1,277,24.126,98.813,0.873,118.16,0.2,179,27.3,79,1
2026-10-04T12:00Z,2026-10-05T00:00Z,a4t:115t,12,4.25,4.7,6.9,7.7,10.4,h,4.7,10.4,,,0,0,157.591,2.328,0.107,10,11,0.107,7,278,24.009,94.82,1.556,52.711,0.2,179,27.3,79,1
2026-10-04T12:00Z,2026-10-05T12:00Z,a4t:115t,24,4.25,4.6,4.3,4.8,9,h,4.6,9,,,0,0,192.472,2.637,0.709,10,11,0.107,19,278,24.025,96.113,0.834,60.369,0.2,179,27.3,79,1
2026-10-04T12:00Z,2026-10-06T12:00Z,a4t:115t,48,11.75,12.3,6.5,6.9,9,h,12.3,9,,,0,0,160.119,4.048,0,10,11,0.107,19,279,25.256,79.255,1.493,73.185,0.2,179,27.3,79,1
2026-10-04T12:00Z,2026-10-04T13:00Z,a4t:110t,1,8.1,18.5,,,,h,18.5,,,,0,0,123.408,1.621,0,,,0.828,20,277,25.158,95.047,0.733,109.057,1.2,21,22.9,90,1
2026-10-04T12:00Z,2026-10-04T15:00Z,a4t:110t,3,9.1,20,,,,h,20,,,,0,0,127.284,1.939,0,,,0.828,22,277,24.876,96.047,0.828,112.298,1.2,21,22.9,90,1
2026-10-04T12:00Z,2026-10-04T18:00Z,a4t:110t,6,7.7,16.3,,,,h,16.3,,,,0,0,118.541,1.929,0.075,,,0.828,1,277,24.405,97.815,0.718,144.619,1.2,21,22.9,90,1
2026-10-04T12:00Z,2026-10-05T00:00Z,a4t:110t,12,3.6,7.4,,,,h,7.4,,,,0,0,243.17,2.699,0,,,0.828,7,278,24.664,94.077,1.988,90.653,1.2,21,22.9,90,1
2026-10-04T12:00Z,2026-10-05T12:00Z,a4t:110t,24,4.85,8.4,,,,h,8.4,,,,0,0.003,403.443,4.839,0.785,,,0.828,19,278,24.708,93.923,2.336,34.085,1.2,21,22.9,90,1
2026-10-04T12:00Z,2026-10-06T12:00Z,a4t:110t,48,11.5,15.6,,,,h,15.6,,,,0,0,590.784,7.475,0,,,0.828,19,279,25.272,76.51,4.313,42.839,1.2,21,22.9,90,1
2026-10-04T12:00Z,2026-10-04T13:00Z,a4t:91t,1,7.65,11.5,11.3,17.2,14.8,h,11.5,14.8,,,0,0,87.655,1.394,0.226,18,14.8,0.389,20,277,24.864,97.401,0.849,97.618,,,,,1
2026-10-04T12:00Z,2026-10-04T15:00Z,a4t:91t,3,6.35,9.4,11.1,16.8,14.8,h,9.4,14.8,,,0,0,119.796,2.345,0.563,18,14.8,0.389,22,277,24.385,97.901,1.264,43.732,,,,,1
2026-10-04T12:00Z,2026-10-04T18:00Z,a4t:91t,6,5.85,8.5,10.8,16.3,14.6,h,8.5,14.6,,,0,0,105.344,1.775,0,18,14.8,0.389,1,277,24.163,98.03,0.656,110.312,,,,,1
2026-10-04T12:00Z,2026-10-05T00:00Z,a4t:91t,12,3.3499999999999996,4.8,8.6,12.8,14,h,4.8,14,,,0,0,164.426,2.627,1.057,18,14.8,0.389,7,278,23.44,96.487,1.59,88.469,,,,,1
2026-10-04T12:00Z,2026-10-05T12:00Z,a4t:91t,24,3.9000000000000004,5.1,4.4,6.3,12.1,h,5.1,12.1,,,0,0,216.364,3.168,0.377,18,14.8,0.389,19,278,24.555,95.363,1.534,53.735,,,,,1
2026-10-04T12:00Z,2026-10-06T12:00Z,a4t:91t,48,10.2,11.8,6.4,7.8,11.3,h,11.8,11.3,,,0,0,172.267,4.907,0.218,18,14.8,0.389,19,279,25.479,73.544,2.129,59.221,,,,,1
2026-10-04T12:00Z,2026-10-04T13:00Z,a4t:92t,1,9.65,13.7,11,15.9,13.5,h,13.7,13.5,,,0,0.005,68.401,1.437,0,17,13.5,0.339,20,277,25.268,97.755,0.681,153.941,,,,,1
2026-10-04T12:00Z,2026-10-04T15:00Z,a4t:92t,3,10.45,14.6,10.3,14.8,13.5,h,14.6,13.5,,,0,0.01,114.817,2.541,0,17,13.5,0.339,22,277,24.864,98.092,1.115,196.817,,,,,1
2026-10-04T12:00Z,2026-10-04T18:00Z,a4t:92t,6,10,13.7,9.7,13.9,13.5,h,13.7,13.5,,,0,0.019,81.551,0.941,0,17,13.5,0.339,1,277,24.282,98.051,0.742,351.992,,,,,1
2026-10-04T12:00Z,2026-10-05T00:00Z,a4t:92t,12,6.25,8.4,8.3,11.7,13.4,h,8.4,13.4,,,0,0.022,122.311,1.144,0.151,17,13.5,0.339,7,278,24.59,96.547,0.75,94.497,,,,,1
2026-10-04T12:00Z,2026-10-05T12:00Z,a4t:92t,24,7.35,9.2,7.5,10,12.4,h,9.2,12.4,,,0,0.001,53.246,1.391,0,17,13.5,0.339,19,278,25.969,94.307,0.531,27.097,,,,,1
2026-10-04T12:00Z,2026-10-06T12:00Z,a4t:92t,48,6.050000000000001,7,7.1,8.5,11,h,7,11,,,0,0,56.089,1.277,0.519,17,13.5,0.339,19,279,24.439,96.782,1.234,261.11,,,,,1
2026-10-04T12:00Z,2026-10-04T13:00Z,a4t:98t,1,8.850000000000001,14.9,13.8,23.4,13.5,h,14.9,13.5,,,0,0.007,197.397,2.03,0.783,20,13.5,0.501,20,277,25.794,93,1.327,127.746,0.9,32,32.4,67,1
2026-10-04T12:00Z,2026-10-04T15:00Z,a4t:98t,3,9.850000000000001,16.2,13.7,23.2,13.5,h,16.2,13.5,,,0,0.008,90.919,1.306,0.054,20,13.5,0.501,22,277,25.541,94.739,0.571,235.289,0.9,32,32.4,67,1
2026-10-04T12:00Z,2026-10-04T18:00Z,a4t:98t,6,12.25,19.4,13.1,22.1,13.6,h,19.4,13.6,,,0,0.011,89.234,1.202,0,20,13.5,0.501,1,277,25.055,97.908,0.553,129.645,0.9,32,32.4,67,1
2026-10-04T12:00Z,2026-10-05T00:00Z,a4t:98t,12,16.8,25.1,11.4,18.6,14.3,h,25.1,14.3,,,0,0.015,100.149,0.87,0,20,13.5,0.501,7,278,24.953,96.962,0.629,96.628,0.9,32,32.4,67,1
2026-10-04T12:00Z,2026-10-05T12:00Z,a4t:98t,24,14.2,19.5,13.3,19.9,15.6,h,19.5,15.6,,,0,0.001,150.029,0.868,0.584,20,13.5,0.501,19,278,25.327,94.208,0.413,200.114,0.9,32,32.4,67,1
2026-10-04T12:00Z,2026-10-06T12:00Z,a4t:98t,48,8.7,10.6,6.7,8.8,11.1,h,10.6,11.1,,,0,0,93.055,1.994,0.35,20,13.5,0.501,19,279,24.671,97.193,0.855,23.97,0.9,32,32.4,67,1
2026-10-04T12:00Z,2026-10-04T13:00Z,a4t:83t,1,11.100000000000001,10.8,8.8,8.5,15,h,10.8,15,,,0,0.001,121.5,1.568,0,8,15,-0.027,20,277,25.552,95.116,0.716,81.585,,,,,1
2026-10-04T12:00Z,2026-10-04T15:00Z,a4t:83t,3,11.05,10.8,9.1,8.8,15,h,10.8,15,,,0,0.001,174.949,2.188,0,8,15,-0.027,22,277,25.128,96.116,1.168,94.363,,,,,1
2026-10-04T12:00Z,2026-10-04T18:00Z,a4t:83t,6,10.6,10.3,9.9,9.6,14.8,h,10.3,14.8,,,0,0.001,145.085,2.028,0.453,8,15,-0.027,1,277,24.327,96.2,0.994,145.704,,,,,1
2026-10-04T12:00Z,2026-10-05T00:00Z,a4t:83t,12,7.45,7.3,10.5,10.2,13.9,h,7.3,13.9,,,0,0.001,223.621,2.913,0,8,15,-0.027,7,278,24.637,94.639,1.976,122.468,,,,,1
2026-10-04T12:00Z,2026-10-05T12:00Z,a4t:83t,24,7.25,7.1,8,7.8,12.7,h,7.1,12.7,,,0,0.007,496.311,5.131,2.447,8,15,-0.027,19,278,24.764,93.361,2.956,5.096,,,,,1
2026-10-04T12:00Z,2026-10-06T12:00Z,a4t:83t,48,6.550000000000001,6.5,4.2,4.1,9.6,h,6.5,9.6,,,0,0.002,498.902,5.805,0,8,15,-0.027,19,279,25.672,85.026,2.966,26.921,,,,,1
2026-10-04T12:00Z,2026-10-04T13:00Z,a4t:116t,1,9.8,10.6,19.5,21.2,15.7,h,10.6,15.7,,,0,0.008,153.323,1.868,4.047,18,15.8,0.079,20,277,24.732,95.872,0.955,98.109,1.5,130,33.3,59,1
2026-10-04T12:00Z,2026-10-04T15:00Z,a4t:116t,3,12.4,13.4,18.8,20.4,15.7,h,13.4,15.7,,,0,0.004,106.802,1.916,0.984,18,15.8,0.079,22,277,24.757,95.15,0.648,170.624,1.5,130,33.3,59,1
2026-10-04T12:00Z,2026-10-04T18:00Z,a4t:116t,6,18.85,20.2,18,19.5,15.7,h,20.2,15.7,,,0,0.005,55.292,0.946,0,18,15.8,0.079,1,277,24.826,96.265,0.338,135.9,1.5,130,33.3,59,1
2026-10-04T12:00Z,2026-10-05T00:00Z,a4t:116t,12,31,33,17.2,18.5,16.6,h,33,16.6,,,0,0.004,115.788,1.303,0,18,15.8,0.079,7,278,24.977,96.693,0.774,107.253,1.5,130,33.3,59,1
2026-10-04T12:00Z,2026-10-05T12:00Z,a4t:116t,24,13.350000000000001,14,19.8,21,17.5,h,14,17.5,,,0,0.002,84.323,1.403,0.255,18,15.8,0.079,19,278,25.393,95.349,0.569,346.015,1.5,130,33.3,59,1
2026-10-04T12:00Z,2026-10-06T12:00Z,a4t:116t,48,11.45,11.8,8.2,8.6,12.2,h,11.8,12.2,,,0,0,63.225,1.747,0,18,15.8,0.079,19,279,26.02,94.733,0.659,29.28,1.5,130,33.3,59,1
2026-10-04T12:00Z,2026-10-04T13:00Z,a4t:57t,1,10.05,13.1,10.9,14.4,14.1,h,13.1,14.1,,,0,0.043,32.872,1.318,0,16,14.1,0.254,20,277,24.448,96.989,0.425,165.022,,,,,1
2026-10-04T12:00Z,2026-10-04T15:00Z,a4t:57t,3,10.3,13.3,10.7,14,14,h,13.3,14,,,0,0.04,34.839,1.475,0.019,16,14.1,0.254,22,277,23.914,97.856,0.426,142.983,,,,,1
2026-10-04T12:00Z,2026-10-04T18:00Z,a4t:57t,6,8.399999999999999,10.7,10.1,13.2,13.8,h,10.7,13.8,,,0,0.013,63.197,0.939,1.177,16,14.1,0.254,1,277,21.998,97.871,0.409,243.442,,,,,1
2026-10-04T12:00Z,2026-10-05T00:00Z,a4t:57t,12,4.6,5.8,7.9,10.4,13.2,h,5.8,13.2,,,0,0.002,219.939,2.588,0.045,16,14.1,0.254,7,278,21.279,97.995,1.561,49.456,,,,,1
2026-10-04T12:00Z,2026-10-05T12:00Z,a4t:57t,24,6.4,7.6,6.2,7.9,12.1,h,7.6,12.1,,,0,0,81.168,1.27,0.538,16,14.1,0.254,19,278,22.586,98.075,0.349,17.338,,,,,1
2026-10-04T12:00Z,2026-10-06T12:00Z,a4t:57t,48,8.25,9.1,4.6,5.2,9.7,h,9.1,9.7,,,0,0,27,0.863,0.07,16,14.1,0.254,19,279,23.09,92.323,0.209,353.014,,,,,1
2026-10-04T12:00Z,2026-10-04T13:00Z,a4t:73t,1,9.05,18.5,10.3,21.5,19.8,h,18.5,19.8,,,0,0.031,54.435,1.384,0,18,19.8,0.689,20,277,24.276,97.257,0.483,120.34,,,,,1
2026-10-04T12:00Z,2026-10-04T15:00Z,a4t:73t,3,9.149999999999999,18.1,10,20.7,19.7,h,18.1,19.7,,,0,0.037,40.594,0.7,0,18,19.8,0.689,22,277,23.846,97.453,0.305,76.456,,,,,1
2026-10-04T12:00Z,2026-10-04T18:00Z,a4t:73t,6,6.9,13.3,9.2,19.1,19.7,h,13.3,19.7,,,0,0.017,94.003,0.762,0.413,18,19.8,0.689,1,277,22.433,97.394,0.514,343.614,,,,,1
2026-10-04T12:00Z,2026-10-05T00:00Z,a4t:73t,12,4.1,7.6,7,14.2,19,h,7.6,19,,,0,0.001,124.893,1.768,0.267,18,19.8,0.689,7,278,21.162,97.462,0.668,21.428,,,,,1
2026-10-04T12:00Z,2026-10-05T12:00Z,a4t:73t,24,6.25,9.9,5.6,10.3,16.8,h,9.9,16.8,,,0,0,77.067,1.076,0.106,18,19.8,0.689,19,278,22.513,97.272,0.353,349.112,,,,,1
2026-10-04T12:00Z,2026-10-06T12:00Z,a4t:73t,48,10.399999999999999,13.6,4.8,6.9,13.3,h,13.6,13.3,,,0,0,47.138,1.172,0.016,18,19.8,0.689,19,279,23.274,86.939,0.345,13.112,,,,,1
2026-10-04T12:00Z,2026-10-04T13:00Z,a4t:35t,1,14.6,26,10.9,20,16.9,h,26,16.9,,,0,0.001,75.186,1.197,0,19,16.9,0.57,20,277,24.647,94.527,0.41,121.995,,,,,1
2026-10-04T12:00Z,2026-10-04T15:00Z,a4t:35t,3,15.2,26.4,10.3,18.8,16.9,h,26.4,16.9,,,0,0.003,35.172,0.448,0,19,16.9,0.57,22,277,24.02,97.319,0.375,11.636,,,,,1
2026-10-04T12:00Z,2026-10-04T18:00Z,a4t:35t,6,12.3,20.8,9.8,17.8,17,h,20.8,17,,,0,0.011,138.546,2.607,0.478,19,16.9,0.57,1,277,23.218,98.484,1.258,151.522,,,,,1
2026-10-04T12:00Z,2026-10-05T00:00Z,a4t:35t,12,5.1,8.4,9.6,17,17,h,8.4,17,,,0,0.005,98.162,0.821,0,19,16.9,0.57,7,278,22.96,94.803,0.549,289.353,,,,,1
2026-10-04T12:00Z,2026-10-05T12:00Z,a4t:35t,24,13.7,19.6,10.1,16.3,16.7,h,19.6,16.7,,,0,0,81.507,1.257,0.12,19,16.9,0.57,19,278,24.591,93.725,0.519,59.17,,,,,1
2026-10-04T12:00Z,2026-10-06T12:00Z,a4t:35t,48,11.1,13.9,7.7,10.5,13.7,h,13.9,13.7,,,0,0,87.475,1.382,1.684,19,16.9,0.57,19,279,22.789,96.528,0.996,315.5,,,,,1
2026-10-04T12:00Z,2026-10-04T13:00Z,a4t:36t,1,14.6,16.5,10.9,12.4,14.2,h,16.5,14.2,,,0,0.002,67.962,0.841,0,12,14.2,0.119,20,277,25.062,94.167,0.195,96.871,0.2,8,34.1,,1
2026-10-04T12:00Z,2026-10-04T15:00Z,a4t:36t,3,15.2,17.1,10.3,11.7,14.2,h,17.1,14.2,,,0,0.005,32.744,0.481,0,12,14.2,0.119,22,277,24.399,97.113,0.411,6.321,0.2,8,34.1,,1
2026-10-04T12:00Z,2026-10-04T18:00Z,a4t:36t,6,12.3,13.7,9.8,11.1,14,h,13.7,14,,,0,0.013,162.632,3.283,0.649,12,14.2,0.119,1,277,23.603,98.204,1.703,160.985,0.2,8,34.1,,1
2026-10-04T12:00Z,2026-10-05T00:00Z,a4t:36t,12,5.1,5.7,9.6,10.8,13.6,h,5.7,13.6,,,0,0.006,89.941,0.593,0,12,14.2,0.119,7,278,23.377,94.317,0.513,265.78,0.2,8,34.1,,1
2026-10-04T12:00Z,2026-10-05T12:00Z,a4t:36t,24,13.7,14.8,10.1,11.2,13.2,h,14.8,13.2,,,0,0,102.857,1.799,0.164,12,14.2,0.119,19,278,24.995,93.24,0.853,71.467,0.2,8,34.1,,1
2026-10-04T12:00Z,2026-10-06T12:00Z,a4t:36t,48,11.1,11.6,7.7,8.2,11.2,h,11.6,11.2,,,0,0,89.404,1.845,1.461,12,14.2,0.119,19,279,23.116,96.21,1.288,305.113,0.2,8,34.1,,1
2026-10-04T12:00Z,2026-10-04T13:00Z,a4t:97t,1,11.65,13.7,10.8,12.8,11.9,h,13.7,11.9,,,0,0.017,109.861,2.065,0.176,15,11.9,0.155,20,277,23.901,97.108,0.969,191.883,1.3,233,30.5,,1
2026-10-04T12:00Z,2026-10-04T15:00Z,a4t:97t,3,8.15,9.5,10.7,12.6,11.9,h,9.5,11.9,,,0,0.011,95.673,0.698,0,15,11.9,0.155,22,277,23.591,95.896,0.349,2.832,1.3,233,30.5,,1
2026-10-04T12:00Z,2026-10-04T18:00Z,a4t:97t,6,5.85,6.8,9.9,11.7,11.9,h,6.8,11.9,,,0,0.008,48.575,0.224,0,15,11.9,0.155,1,277,22.931,97.483,0.216,49.87,1.3,233,30.5,,1
2026-10-04T12:00Z,2026-10-05T00:00Z,a4t:97t,12,3.65,4.2,8.6,10.1,11.6,h,4.2,11.6,,,0,0.006,75.45,0.122,0,15,11.9,0.155,7,278,23.053,97.142,0.054,145.316,1.3,233,30.5,,1
2026-10-04T12:00Z,2026-10-05T12:00Z,a4t:97t,24,6.7,7.4,5.7,6.6,10.2,h,7.4,10.2,,,0,0.001,61.443,1.693,0.118,15,11.9,0.155,19,278,24.332,96.79,0.774,150.123,1.3,233,30.5,,1
2026-10-04T12:00Z,2026-10-06T12:00Z,a4t:97t,48,11.649999999999999,12.4,6,6.5,9.2,h,12.4,9.2,,,0,0,60.211,1.888,0.02,15,11.9,0.155,19,279,23.913,93.617,0.8,22.242,1.3,233,30.5,,1
2026-10-04T12:00Z,2026-10-04T13:00Z,a4t:69t,1,9.95,7.8,11.8,9.2,13,h,7.8,13,,,0,0.233,42.645,1.078,0,9,13,-0.232,20,277,24.767,98.154,0.396,175.639,7.8,312,,7,1
2026-10-04T12:00Z,2026-10-04T15:00Z,a4t:69t,3,10.25,8.1,11.2,8.7,12.9,h,8.1,12.9,,,0,0.104,31.435,0.722,0,9,13,-0.232,22,277,24.138,99.35,0.217,177.509,7.8,312,,7,1
2026-10-04T12:00Z,2026-10-04T18:00Z,a4t:69t,6,7.15,5.7,10.5,8.2,12.8,h,5.7,12.8,,,0,0.014,92.432,0.584,0.341,9,13,-0.232,1,277,23.299,98.308,0.262,268.573,7.8,312,,7,1
2026-10-04T12:00Z,2026-10-05T00:00Z,a4t:69t,12,5.1,4.1,8.4,6.5,12,h,4.1,12,,,0,0.009,117.311,0.864,0.133,9,13,-0.232,7,278,23.536,96.676,0.585,42.964,7.8,312,,7,1
2026-10-04T12:00Z,2026-10-05T12:00Z,a4t:69t,24,8.75,7.5,7,5.7,10.7,h,7.5,10.7,,,0,0.001,29.659,0.936,0.095,9,13,-0.232,19,278,24.167,96.152,0.27,43.051,7.8,312,,7,1
2026-10-04T12:00Z,2026-10-06T12:00Z,a4t:69t,48,7.300000000000001,6.6,6.5,5.7,9.4,h,6.6,9.4,,,0,0,33.264,1.41,0.176,9,13,-0.232,19,279,24.387,94.847,0.323,12.566,7.8,312,,7,1
2026-10-04T12:00Z,2026-10-04T13:00Z,a4t:58t,1,6.05,14.3,8.6,20.5,13.5,h,14.3,13.5,,,0,0.002,22.429,0.545,0,19,13.5,0.805,20,277,23.947,97.815,0.201,31.769,,,,,1
2026-10-04T12:00Z,2026-10-04T15:00Z,a4t:58t,3,5.800000000000001,13.3,8.1,19.3,13.5,h,13.3,13.5,,,0,0.002,28.065,0.501,0,19,13.5,0.805,22,277,23.642,95.711,0.21,151.949,,,,,1
2026-10-04T12:00Z,2026-10-04T18:00Z,a4t:58t,6,5.6,12.2,7.2,17.2,13.5,h,12.2,13.5,,,0,0.002,31.22,1.151,0,19,13.5,0.805,1,277,22.494,98.539,0.598,168.602,,,,,1
2026-10-04T12:00Z,2026-10-05T00:00Z,a4t:58t,12,3.8499999999999996,8,5.5,12.8,13.5,h,8,13.5,,,0,0.001,17.11,0.402,0.033,19,13.5,0.805,7,278,21.891,99.5,0.18,34.243,,,,,1
2026-10-04T12:00Z,2026-10-05T12:00Z,a4t:58t,24,4.85,8.4,5,10.2,12.5,h,8.4,12.5,,,0,0,87.864,0.967,0.324,19,13.5,0.805,19,278,23.019,97.34,0.318,148.1,,,,,1
2026-10-04T12:00Z,2026-10-06T12:00Z,a4t:58t,48,4.300000000000001,6.1,3.8,6,9.8,h,6.1,9.8,,,0,0,46.357,1.997,0.072,19,13.5,0.805,19,279,23.647,95.68,0.778,40.952,,,,,1
2026-10-04T12:00Z,2026-10-04T13:00Z,a4t:101t,1,6.6,8.8,7.7,10.3,14.7,h,8.8,14.7,,,0,0,142.839,1.165,0,12,14.7,0.263,20,277,25.534,93.372,0.332,320.737,0.2,195,27.2,78,1
2026-10-04T12:00Z,2026-10-04T15:00Z,a4t:101t,3,6.95,9.1,7.6,10.2,14.7,h,9.1,14.7,,,0,0,64.757,0.69,0,12,14.7,0.263,22,277,25.148,96.112,0.547,93.24,0.2,195,27.2,78,1
2026-10-04T12:00Z,2026-10-04T18:00Z,a4t:101t,6,7.1,9.2,7.5,10,14.5,h,9.2,14.5,,,0,0,76.283,1.341,0.06,12,14.7,0.263,1,277,24.662,98.155,0.505,83.25,0.2,195,27.2,78,1
2026-10-04T12:00Z,2026-10-05T00:00Z,a4t:101t,12,6.65,8.3,7.2,9.5,14,h,8.3,14,,,0,0,147.265,1.452,0.005,12,14.7,0.263,7,278,24.947,95.745,1.11,76.626,0.2,195,27.2,78,1
2026-10-04T12:00Z,2026-10-05T12:00Z,a4t:101t,24,6.4,7.7,6.5,8.2,12.6,h,7.7,12.6,,,0,0,216.271,2.754,0.47,12,14.7,0.263,19,278,25.831,93.037,1.363,16.28,0.2,195,27.2,78,1
2026-10-04T12:00Z,2026-10-06T12:00Z,a4t:101t,48,8.1,9,5.3,6.1,10.4,h,9,10.4,,,0,0,153.9,1.828,0.845,12,14.7,0.263,19,279,24.588,91.776,0.358,84.936,0.2,195,27.2,78,1
2026-10-04T12:00Z,2026-10-04T13:00Z,a4t:05t,1,13.75,13.9,,,,h,13.9,,,,0,0,119.39,2.073,0,,,0.015,20,277,26.651,91.919,1.162,91.341,2.2,191,32.5,,1
2026-10-04T12:00Z,2026-10-04T15:00Z,a4t:05t,3,16.65,16.9,,,,h,16.9,,,,0,0,83.728,0.642,0.202,,,0.015,22,277,25.35,96.139,0.2,140.409,2.2,191,32.5,,1
2026-10-04T12:00Z,2026-10-04T18:00Z,a4t:05t,6,20.35,20.6,,,,h,20.6,,,,0,0.001,103.228,1.619,0,,,0.015,1,277,25.165,96.483,0.72,111.552,2.2,191,32.5,,1
2026-10-04T12:00Z,2026-10-05T00:00Z,a4t:05t,12,15.5,15.7,,,,h,15.7,,,,0,0.002,164.263,2.015,0,,,0.015,7,278,25.653,94.544,1.194,86.548,2.2,191,32.5,,1
2026-10-04T12:00Z,2026-10-05T12:00Z,a4t:05t,24,22.7,22.9,,,,h,22.9,,,,0,0,110.503,0.178,0.334,,,0.015,19,278,25.45,95.06,0.135,223.249,2.2,191,32.5,,1
2026-10-04T12:00Z,2026-10-06T12:00Z,a4t:05t,48,20.1,20.2,,,,h,20.2,,,,0,0,78.212,1.199,0,,,0.015,19,279,25.918,94.271,0.339,59.586,2.2,191,32.5,,1
2026-10-04T12:00Z,2026-10-04T13:00Z,a4t:12t,1,11.649999999999999,14,,,,h,14,,,,0,0,119.282,2.043,0,,,0.195,20,277,26.647,92.162,1.18,83.364,,,,,1
2026-10-04T12:00Z,2026-10-04T15:00Z,a4t:12t,3,15.200000000000001,18.1,,,,h,18.1,,,,0,0,88.313,0.718,0.194,,,0.195,22,277,25.334,96.191,0.269,129.098,,,,,1
2026-10-04T12:00Z,2026-10-04T18:00Z,a4t:12t,6,24.4,28.7,,,,h,28.7,,,,0,0.001,105.257,1.521,0,,,0.195,1,277,25.151,96.362,0.66,109.481,,,,,1
2026-10-04T12:00Z,2026-10-05T00:00Z,a4t:12t,12,27.65,31.9,,,,h,31.9,,,,0,0.003,168.65,1.923,0,,,0.195,7,278,25.639,94.455,1.171,83.945,,,,,1
2026-10-04T12:00Z,2026-10-05T12:00Z,a4t:12t,24,37.7,42.1,,,,h,42.1,,,,0,0,112.938,0.233,0.316,,,0.195,19,278,25.395,95.229,0.031,282.523,,,,,1
2026-10-04T12:00Z,2026-10-06T12:00Z,a4t:12t,48,30.2,32.3,,,,h,32.3,,,,0,0,82.941,1.197,0,,,0.195,19,279,25.938,94.312,0.337,57.506,,,,,1
2026-10-04T12:00Z,2026-10-04T13:00Z,a4t:54t,1,11.649999999999999,15.4,,,,h,15.4,,,,0,0,119.886,2.193,0,,,0.297,20,277,26.604,92.294,1.235,78.888,,,,,1
2026-10-04T12:00Z,2026-10-04T15:00Z,a4t:54t,3,15.200000000000001,19.8,,,,h,19.8,,,,0,0,90.854,0.797,0.21,,,0.297,22,277,25.263,96.364,0.31,130.536,,,,,1
2026-10-04T12:00Z,2026-10-04T18:00Z,a4t:54t,6,24.4,31.2,,,,h,31.2,,,,0,0.001,106.558,1.599,0,,,0.297,1,277,25.106,96.442,0.703,108.237,,,,,1
2026-10-04T12:00Z,2026-10-05T00:00Z,a4t:54t,12,27.65,34.3,,,,h,34.3,,,,0,0.004,168.822,1.946,0,,,0.297,7,278,25.611,94.496,1.182,85.911,,,,,1
2026-10-04T12:00Z,2026-10-05T12:00Z,a4t:54t,24,37.7,44.5,,,,h,44.5,,,,0,0,114.008,0.217,0.292,,,0.297,19,278,25.359,95.371,0.063,286.864,,,,,1
2026-10-04T12:00Z,2026-10-06T12:00Z,a4t:54t,48,30.2,33.4,,,,h,33.4,,,,0,0,82.743,1.145,0,,,0.297,19,279,25.941,94.442,0.323,58.635,,,,,1
2026-10-04T12:00Z,2026-10-04T13:00Z,a4t:89t,1,4.65,9,,,,h,9,,,,0,0,149.674,3.904,0.002,,,0.623,20,277,26.379,91.559,1.969,272.898,,,,,1
2026-10-04T12:00Z,2026-10-04T15:00Z,a4t:89t,3,5,9.4,,,,h,9.4,,,,0,0,139.263,3.391,0.002,,,0.623,22,277,25.748,94.217,1.676,258.444,,,,,1
2026-10-04T12:00Z,2026-10-04T18:00Z,a4t:89t,6,4.85,8.8,,,,h,8.8,,,,0,0,123.035,3.394,0,,,0.623,1,277,25.105,95.504,1.551,260.564,,,,,1
2026-10-04T12:00Z,2026-10-05T00:00Z,a4t:89t,12,5.55,9.3,,,,h,9.3,,,,0,0,87.853,1.853,0,,,0.623,7,278,25.216,93.165,1.003,262.072,,,,,1
2026-10-04T12:00Z,2026-10-05T12:00Z,a4t:89t,24,4.45,6.8,,,,h,6.8,,,,0,0,135.578,2.864,0.371,,,0.623,19,278,25.941,94.168,1.527,267.868,,,,,1
2026-10-04T12:00Z,2026-10-06T12:00Z,a4t:89t,48,2.25,3,,,,h,3,,,,0,0,144.326,3.049,0.828,,,0.623,19,279,25.419,97.388,1.432,294.93,,,,,1
2026-10-04T12:00Z,2026-10-04T13:00Z,a4t:41t,1,8.8,8.4,,,,h,8.4,,,,0,0.001,161.298,1.972,0.92,,,-0.048,20,277,25.313,93.745,0.901,154.443,,,,,1
2026-10-04T12:00Z,2026-10-04T15:00Z,a4t:41t,3,9.15,8.7,,,,h,8.7,,,,0,0.005,173.754,2.751,0.026,,,-0.048,22,277,25.27,95.971,1.434,228.727,,,,,1
2026-10-04T12:00Z,2026-10-04T18:00Z,a4t:41t,6,10.100000000000001,9.7,,,,h,9.7,,,,0,0.011,93.589,0.947,0,,,-0.048,1,277,24.897,97.255,0.529,99.572,,,,,1
2026-10-04T12:00Z,2026-10-05T00:00Z,a4t:41t,12,12.5,12.1,,,,h,12.1,,,,0,0.025,104.038,0.937,0,,,-0.048,7,278,24.939,96.783,0.776,68.906,,,,,1
2026-10-04T12:00Z,2026-10-05T12:00Z,a4t:41t,24,11.850000000000001,11.5,,,,h,11.5,,,,0,0.001,173.758,2.286,0.255,,,-0.048,19,278,25.655,94.973,0.959,164.228,,,,,1
2026-10-04T12:00Z,2026-10-06T12:00Z,a4t:41t,48,6.85,6.7,,,,h,6.7,,,,0,0,105.65,1.964,0.188,,,-0.048,19,279,25.166,94.682,0.855,55.948,,,,,1
2026-10-04T12:00Z,2026-10-04T13:00Z,a4t:43t,1,4.55,12.9,,,,h,12.9,,,,0,0,364.914,3.095,0.095,,,1.001,20,277,27.874,82.537,2.512,302.746,,,31.6,67,1
2026-10-04T12:00Z,2026-10-04T15:00Z,a4t:43t,3,4.55,12.4,,,,h,12.4,,,,0,0,272.8,2.296,0.147,,,1.001,22,277,27.212,85.826,1.997,296.25,,,31.6,67,1
2026-10-04T12:00Z,2026-10-04T18:00Z,a4t:43t,6,3.7,9.8,,,,h,9.8,,,,0,0,283.832,2.67,0.009,,,1.001,1,277,26.814,86.709,2.243,323.193,,,31.6,67,1
2026-10-04T12:00Z,2026-10-05T00:00Z,a4t:43t,12,3.05,7.4,,,,h,7.4,,,,0,0,303.915,1.55,0.371,,,1.001,7,278,26.236,87.896,1.322,265.227,,,31.6,67,1
2026-10-04T12:00Z,2026-10-05T12:00Z,a4t:43t,24,3.55,7.1,,,,h,7.1,,,,0,0,358.149,4.404,0.315,,,1.001,19,278,27.154,85.325,3.512,285.239,,,31.6,67,1
2026-10-04T12:00Z,2026-10-06T12:00Z,a4t:43t,48,2.45,3.9,,,,h,3.9,,,,0,0,407.578,3.574,0.322,,,1.001,19,279,27.195,83.908,2.866,262.323,,,31.6,67,1
2026-10-04T12:00Z,2026-10-04T13:00Z,a4t:37t,1,12.25,10.2,,,,h,10.2,,,,0,0.001,39.418,2.045,0,,,-0.187,20,277,25.556,95.568,0.64,192.025,,,,,1
2026-10-04T12:00Z,2026-10-04T15:00Z,a4t:37t,3,12.35,10.4,,,,h,10.4,,,,0,0.002,37.88,1.431,0,,,-0.187,22,277,25.074,98.139,0.889,154.373,,,,,1
2026-10-04T12:00Z,2026-10-04T18:00Z,a4t:37t,6,3.2,2.6,,,,h,2.6,,,,0,0.001,111.821,1.324,0.804,,,-0.187,1,277,23.48,96.473,1.097,67.679,,,,,1
2026-10-04T12:00Z,2026-10-05T00:00Z,a4t:37t,12,5.25,4.5,,,,h,4.5,,,,0,0.004,98.408,1.827,0.002,,,-0.187,7,278,23.664,94.655,0.962,91.573,,,,,1
2026-10-04T12:00Z,2026-10-05T12:00Z,a4t:37t,24,8.95,8,,,,h,8,,,,0,0.001,183.576,3.768,0.432,,,-0.187,19,278,25.121,92.795,1.974,43.903,,,,,1
2026-10-04T12:00Z,2026-10-06T12:00Z,a4t:37t,48,7.25,6.8,,,,h,6.8,,,,0,0,23.517,1.214,0,,,-0.187,19,279,24.852,93.591,0.212,6.503,,,,,1
2026-10-04T12:00Z,2026-10-04T13:00Z,a4t:38t,1,12.25,9.9,,,,h,9.9,,,,0,0.001,49.163,2.002,0,,,-0.222,20,277,24.71,99.997,0.822,180.889,,,,,1
2026-10-04T12:00Z,2026-10-04T15:00Z,a4t:38t,3,12.35,10.1,,,,h,10.1,,,,0,0.001,38.977,1.02,0,,,-0.222,22,277,24.499,99.059,0.53,148.563,,,,,1
2026-10-04T12:00Z,2026-10-04T18:00Z,a4t:38t,6,3.2,2.5,,,,h,2.5,,,,0,0.001,136.052,0.756,2.293,,,-0.222,1,277,22.274,97.118,0.691,350.724,,,,,1
2026-10-04T12:00Z,2026-10-05T00:00Z,a4t:38t,12,5.25,4.3,,,,h,4.3,,,,0,0.004,81.701,1.884,0.1,,,-0.222,7,278,22.685,98,1.01,58.45,,,,,1
2026-10-04T12:00Z,2026-10-05T12:00Z,a4t:38t,24,8.95,7.8,,,,h,7.8,,,,0,0.001,29.571,1.861,0,,,-0.222,19,278,23.96,97.003,0.691,32.401,,,,,1
2026-10-04T12:00Z,2026-10-06T12:00Z,a4t:38t,48,7.25,6.7,,,,h,6.7,,,,0,0,20.783,1.256,0.039,,,-0.222,19,279,23.571,98.994,0.308,5.794,,,,,1
2026-10-04T12:00Z,2026-10-04T13:00Z,a4t:39t,1,12.25,9.8,,,,h,9.8,,,,0,0.002,111.304,2.515,0,,,-0.235,20,277,23.325,99.314,0.946,197.193,,,,,1
2026-10-04T12:00Z,2026-10-04T15:00Z,a4t:39t,3,12.35,9.9,,,,h,9.9,,,,0,0.001,59.956,1.6,0,,,-0.235,22,277,23.048,99.716,0.647,169.041,,,,,1
2026-10-04T12:00Z,2026-10-04T18:00Z,a4t:39t,6,3.2,2.5,,,,h,2.5,,,,0,0.001,126.527,1.642,0.828,,,-0.235,1,277,21.279,98.432,0.974,223.716,,,,,1
2026-10-04T12:00Z,2026-10-05T00:00Z,a4t:39t,12,5.25,4.3,,,,h,4.3,,,,0,0.005,87.34,1.71,0.029,,,-0.235,7,278,21.807,98,0.991,77.56,,,,,1
2026-10-04T12:00Z,2026-10-05T12:00Z,a4t:39t,24,8.95,7.8,,,,h,7.8,,,,0,0.001,57.764,2.16,0,,,-0.235,19,278,22.328,97.729,0.888,49.725,,,,,1
2026-10-04T12:00Z,2026-10-06T12:00Z,a4t:39t,48,7.25,6.6,,,,h,6.6,,,,0,0,69.373,2.527,0.006,,,-0.235,19,279,22.071,97.607,1.248,26.283,,,,,1
2026-10-04T12:00Z,2026-10-04T13:00Z,a4t:44t,1,4.25,11.8,,,,h,11.8,,,,0,0,328.537,3.325,0.047,,,0.969,20,277,26.608,87.676,2.3,258.951,,,,,1
2026-10-04T12:00Z,2026-10-04T15:00Z,a4t:44t,3,4.800000000000001,12.6,,,,h,12.6,,,,0,0,266.466,3.11,0.097,,,0.969,22,277,26.212,89.06,1.971,249.407,,,,,1
2026-10-04T12:00Z,2026-10-04T18:00Z,a4t:44t,6,4.9,12.2,,,,h,12.2,,,,0,0,193.315,2.469,0.001,,,0.969,1,277,25.712,90.037,1.696,244.369,,,,,1
2026-10-04T12:00Z,2026-10-05T00:00Z,a4t:44t,12,4.300000000000001,9.8,,,,h,9.8,,,,0,0,209.6,2.512,0.047,,,0.969,7,278,25.621,91.47,2.273,227.724,,,,,1
2026-10-04T12:00Z,2026-10-05T12:00Z,a4t:44t,24,3,5.9,,,,h,5.9,,,,0,0,346.493,3.438,0.108,,,0.969,19,278,26.067,90.103,2.53,233.974,,,,,1
2026-10-04T12:00Z,2026-10-06T12:00Z,a4t:44t,48,2.75,4.2,,,,h,4.2,,,,0,0,230.625,2.977,0.335,,,0.969,19,279,25.969,91.123,2.087,225.522,,,,,1
2026-10-04T12:00Z,2026-10-04T13:00Z,a4t:80t,1,3.8,13.9,,,,h,13.9,,,,0,0,290.055,3.693,0.004,,,1.23,20,277,26.06,90.091,2.337,261.257,,,,,1
2026-10-04T12:00Z,2026-10-04T15:00Z,a4t:80t,3,4.300000000000001,14.7,,,,h,14.7,,,,0,0,228.886,2.566,0.011,,,1.23,22,277,25.835,89.322,1.36,269.839,,,,,1
2026-10-04T12:00Z,2026-10-04T18:00Z,a4t:80t,6,4.8,15.1,,,,h,15.1,,,,0,0,236.126,1.955,0,,,1.23,1,277,25.59,88.02,1.13,280.479,,,,,1
2026-10-04T12:00Z,2026-10-05T00:00Z,a4t:80t,12,2.45,7.5,,,,h,7.5,,,,0,0,225.161,2.141,0.144,,,1.23,7,278,25.189,89.011,1.589,259.014,,,,,1
2026-10-04T12:00Z,2026-10-05T12:00Z,a4t:80t,24,2.05,5.1,,,,h,5.1,,,,0,0,376.632,2.808,0.203,,,1.23,19,278,26.038,87.71,1.757,239.636,,,,,1
2026-10-04T12:00Z,2026-10-06T12:00Z,a4t:80t,48,1.85,3.4,,,,h,3.4,,,,0,0,288.244,2.609,0.029,,,1.23,19,279,26.013,89.036,1.495,236.728,,,,,1
2026-10-04T12:00Z,2026-10-04T13:00Z,a4t:42t,1,4.05,11.5,,,,h,11.5,,,,0,0.008,90.713,2.095,0,,,0.985,20,277,25.498,96.524,0.77,250.712,,,,,1
2026-10-04T12:00Z,2026-10-04T15:00Z,a4t:42t,3,4.05,11,,,,h,11,,,,0,0.011,77.545,2.099,0.004,,,0.985,22,277,25.075,96.644,0.709,242.479,,,,,1
2026-10-04T12:00Z,2026-10-04T18:00Z,a4t:42t,6,4.55,11.6,,,,h,11.6,,,,0,0.006,68.874,2.099,0.012,,,0.985,1,277,24.633,96.568,0.74,250.488,,,,,1
2026-10-04T12:00Z,2026-10-05T00:00Z,a4t:42t,12,5.449999999999999,12.3,,,,h,12.3,,,,0,0,88.775,2.631,0,,,0.985,7,278,24.683,96.097,1.372,222.512,,,,,1
2026-10-04T12:00Z,2026-10-05T12:00Z,a4t:42t,24,3.9,7.6,,,,h,7.6,,,,0,0,63.719,1.121,0.074,,,0.985,19,278,26,94.748,0.473,274.915,,,,,1
2026-10-04T12:00Z,2026-10-06T12:00Z,a4t:42t,48,3.3,5,,,,h,5,,,,0,0,159.424,0.679,0.77,,,0.985,19,279,24.971,96.43,0.304,184.37,,,,,1
2026-10-04T12:00Z,2026-10-04T13:00Z,a4t:29t,1,12.5,15.7,,,,h,15.7,,,,0,0,288.533,3.439,0.005,,,0.408,20,277,27.566,86.285,1.892,163.352,,,,,1
2026-10-04T12:00Z,2026-10-04T15:00Z,a4t:29t,3,16.05,19.9,,,,h,19.9,,,,0,0,204.565,1.203,0,,,0.408,22,277,26.956,89.018,0.27,157.501,,,,,1
2026-10-04T12:00Z,2026-10-04T18:00Z,a4t:29t,6,15.25,18.7,,,,h,18.7,,,,0,0,194.228,2.813,0.005,,,0.408,1,277,26.539,90.24,1.658,143.569,,,,,1
2026-10-04T12:00Z,2026-10-05T00:00Z,a4t:29t,12,12,14.4,,,,h,14.4,,,,0,0,200.728,2.692,0,,,0.408,7,278,26.309,90.678,1.761,109.937,,,,,1
2026-10-04T12:00Z,2026-10-05T12:00Z,a4t:29t,24,7.45,8.6,,,,h,8.6,,,,0,0,176.921,1.426,0.473,,,0.408,19,278,27.063,87.913,0.949,98.365,,,,,1
2026-10-04T12:00Z,2026-10-06T12:00Z,a4t:29t,48,6.5,7.1,,,,h,7.1,,,,0,0,219.029,2.105,0.052,,,0.408,19,279,26.253,89.392,1.202,70.447,,,,,1
2026-10-04T12:00Z,2026-10-04T13:00Z,a4t:75t,1,10.25,10.3,,,,h,10.3,,,,0,0.001,88.716,2.14,0.244,,,0,20,277,22.701,98.901,1.26,80.26,,,,,1
2026-10-04T12:00Z,2026-10-04T15:00Z,a4t:75t,3,8.4,8.4,,,,h,8.4,,,,0,0.001,62.2,0.504,0.145,,,0,22,277,21.712,98.85,0.28,238.426,,,,,1
2026-10-04T12:00Z,2026-10-04T18:00Z,a4t:75t,6,1.9,1.9,,,,h,1.9,,,,0,0.001,75.221,0.448,0.422,,,0,1,277,20.958,98.509,0.205,126.102,,,,,1
2026-10-04T12:00Z,2026-10-05T00:00Z,a4t:75t,12,3.5,3.5,,,,h,3.5,,,,0,0,108.119,1.807,0.252,,,0,7,278,20.765,98.674,0.994,48.34,,,,,1
2026-10-04T12:00Z,2026-10-05T12:00Z,a4t:75t,24,3.4000000000000004,3.4,,,,h,3.4,,,,0,0,59.494,1.956,0.033,,,0,19,278,22.011,96.615,0.805,69.793,,,,,1
2026-10-04T12:00Z,2026-10-06T12:00Z,a4t:75t,48,7.949999999999999,8,,,,h,8,,,,0,0,61.206,0.91,0.047,,,0,19,279,22.483,91.995,0.3,73.35,,,,,1
2026-10-04T12:00Z,2026-10-04T13:00Z,a4t:03t,1,11.649999999999999,11.6,,,,h,11.6,,,,0,0,116.408,1.59,0,,,0,20,277,26.762,92.294,1.071,79.091,,,,,1
2026-10-04T12:00Z,2026-10-04T15:00Z,a4t:03t,3,15.200000000000001,15.2,,,,h,15.2,,,,0,0,90.489,0.713,0.132,,,0,22,277,25.507,95.8,0.32,102.772,,,,,1
2026-10-04T12:00Z,2026-10-04T18:00Z,a4t:03t,6,24.4,24.4,,,,h,24.4,,,,0,0,105.266,1.066,0,,,0,1,277,25.248,95.895,0.396,107.639,,,,,1
2026-10-04T12:00Z,2026-10-05T00:00Z,a4t:03t,12,27.65,27.7,,,,h,27.7,,,,0,0.003,177.212,1.702,0,,,0,7,278,25.693,94.155,1.109,70.129,,,,,1
2026-10-04T12:00Z,2026-10-05T12:00Z,a4t:03t,24,37.7,37.7,,,,h,37.7,,,,0,0,115.068,0.658,0.344,,,0,19,278,25.374,95.185,0.262,305.443,,,,,1
2026-10-04T12:00Z,2026-10-06T12:00Z,a4t:03t,48,30.2,30.2,,,,h,30.2,,,,0,0,92.759,1.349,0,,,0,19,279,25.979,93.998,0.389,50.169,,,,,1
2026-10-04T12:00Z,2026-10-04T13:00Z,a4t:19t,1,13.75,13.8,,,,h,13.8,,,,0,0,124.228,2.499,0,,,0,20,277,26.641,91.231,1.296,109.937,,,,,1
2026-10-04T12:00Z,2026-10-04T15:00Z,a4t:19t,3,16.65,16.7,,,,h,16.7,,,,0,0,71.67,0.735,0.224,,,0,22,277,25.369,96.038,0.118,168.641,,,,,1
2026-10-04T12:00Z,2026-10-04T18:00Z,a4t:19t,6,20.35,20.4,,,,h,20.4,,,,0,0.001,100.097,2.078,0,,,0,1,277,25.207,96.764,1.005,117.082,,,,,1
2026-10-04T12:00Z,2026-10-05T00:00Z,a4t:19t,12,15.5,15.5,,,,h,15.5,,,,0,0.001,152.317,2.425,0,,,0,7,278,25.682,94.775,1.344,95.36,,,,,1
2026-10-04T12:00Z,2026-10-05T12:00Z,a4t:19t,24,22.7,22.7,,,,h,22.7,,,,0,0,103.225,0.689,0.388,,,0,19,278,25.63,94.557,0.531,150.1,,,,,1
2026-10-04T12:00Z,2026-10-06T12:00Z,a4t:19t,48,20.1,20.1,,,,h,20.1,,,,0,0,67.758,1.253,0,,,0,19,279,25.831,94.295,0.409,69.116,,,,,1
2026-10-04T12:00Z,2026-10-04T13:00Z,4946812,1,20.4,21.4,24.5,25.7,24.7,h,21.4,24.7,,,0,0.032,300.83,3.738,0.82,15.87,24.7,0.045,20,277,24.859,94.83,2.006,51.851,,,,,1
2026-10-04T12:00Z,2026-10-04T15:00Z,4946812,3,11.1,11.6,23.6,24.8,24.6,h,11.6,24.6,,,0,0.065,441.736,4.961,3.447,15.87,24.7,0.045,22,277,24.122,95.623,2.815,32.777,,,,,1
2026-10-04T12:00Z,2026-10-04T18:00Z,4946812,6,6.4,6.7,20.9,21.9,24.3,h,6.7,24.3,,,0,0,576.729,6.219,0.568,15.87,24.7,0.045,1,277,23.62,94.034,3.665,37.732,,,,,1
2026-10-04T12:00Z,2026-10-05T00:00Z,4946812,12,12.9,13.4,15.6,16.3,22.8,h,13.4,22.8,,,0,0,754.695,6.971,1.446,15.87,24.7,0.045,7,278,21.667,90.811,4.349,3.273,,,,,1
2026-10-04T12:00Z,2026-10-05T12:00Z,4946812,24,36.1,37.1,12.7,13.2,21,h,37.1,21,,,0,0,453.416,3.94,0,15.87,24.7,0.045,19,278,23.322,80.421,1.503,26.554,,,,,1
2026-10-04T12:00Z,2026-10-06T12:00Z,4946812,48,62.6,63.7,27.6,28.2,26.4,h,63.7,26.4,,,0,0,97.75,3.877,0,15.87,24.7,0.045,19,279,23.304,65.588,1.357,71.624,,,,,1
2026-10-04T12:00Z,2026-10-04T13:00Z,4946813,1,15.5,8.3,24.6,13.2,25.7,h,8.3,25.7,,,0,0.015,317.279,3.966,0.839,4.59,25.7,-0.585,20,277,24.976,94.649,2.126,52.332,,,,,1
2026-10-04T12:00Z,2026-10-04T15:00Z,4946813,3,6.9,3.6,23.3,12.6,25.6,h,3.6,25.6,,,0,0.042,464.521,5.249,3.523,4.59,25.7,-0.585,22,277,24.2,95.488,2.971,32.949,,,,,1
2026-10-04T12:00Z,2026-10-04T18:00Z,4946813,6,5.3,2.8,20.3,10.9,24.9,h,2.8,24.9,,,0,0,604.902,6.48,0.483,4.59,25.7,-0.585,1,277,23.696,93.804,3.813,37.777,,,,,1
2026-10-04T12:00Z,2026-10-05T00:00Z,4946813,12,9.7,5.8,15,8.1,22.5,h,5.8,22.5,,,0,0,759.984,7.111,1.523,4.59,25.7,-0.585,7,278,21.713,90.613,4.454,2.542,,,,,1
2026-10-04T12:00Z,2026-10-05T12:00Z,4946813,24,24,16.5,10.8,6.7,19.6,h,16.5,19.6,,,0,0,478.042,4.086,0,4.59,25.7,-0.585,19,278,23.425,80.082,1.584,26.51,,,,,1
2026-10-04T12:00Z,2026-10-06T12:00Z,4946813,48,51.8,41.6,21.1,15.9,20.8,h,41.6,20.8,,,0,0,103.184,4.048,0,4.59,25.7,-0.585,19,279,23.363,65.423,1.437,71.717,,,,,1
2026-10-04T12:00Z,2026-10-04T13:00Z,a4t:bkp100t,1,15.2,17.8,19.5,22.8,24.4,24,17.9,24.4,,,0,0,118.786,2.438,0,,24.4,0.155,20,277,26.53,92.088,1.249,84.06,,,,,1
2026-10-04T12:00Z,2026-10-04T15:00Z,a4t:bkp100t,3,16.2,18.8,19.3,22.6,24.3,24,18.9,24.3,,,0,0.003,86.528,0.76,0.263,,24.4,0.155,22,277,25.151,96.621,0.258,155.342,,,,,1
2026-10-04T12:00Z,2026-10-04T18:00Z,a4t:bkp100t,6,20.3,23.3,18.9,22.1,24.1,24,23.4,24.2,,,0,0.004,103.731,1.876,0,,24.4,0.155,1,277,25.033,96.913,0.857,108.815,,,,,1
2026-10-04T12:00Z,2026-10-05T00:00Z,a4t:bkp100t,12,15.2,17.2,17.6,20.5,23.6,24,17.3,23.6,,,0,0.003,159.806,2.14,0,,24.4,0.155,7,278,25.581,94.791,1.228,92.857,,,,,1
2026-10-04T12:00Z,2026-10-05T12:00Z,a4t:bkp100t,24,21.5,23.7,18.2,20.6,23.4,24,23.7,23.5,,,0,0,111.594,0.311,0.274,,24.4,0.155,19,278,25.38,95.354,0.247,188.145,,,,,1
2026-10-04T12:00Z,2026-10-06T12:00Z,a4t:bkp100t,48,23.8,25.2,12.7,13.8,19.7,24,25.3,19.7,,,0,0,70.707,1.017,0,,24.4,0.155,19,279,25.923,94.572,0.286,63.901,,,,,1
2026-10-04T12:00Z,2026-10-04T13:00Z,a4t:bkp101t,1,21.8,15.6,31.1,22.3,19.7,24,15.7,19.7,,,0,0.001,117.142,2.655,0,,19.6,-0.319,20,277,26.456,92.213,1.293,79.901,,,,,1
2026-10-04T12:00Z,2026-10-04T15:00Z,a4t:bkp101t,3,20.5,14.9,30.5,21.9,19.7,24,14.9,19.7,,,0,0.007,88.367,0.82,0.303,,19.6,-0.319,22,277,25.026,96.931,0.319,164.31,,,,,1
2026-10-04T12:00Z,2026-10-04T18:00Z,a4t:bkp101t,6,25.4,18.9,28.6,20.6,19.7,24,18.9,19.7,,,0,0.008,103.455,1.998,0,,19.6,-0.319,1,277,24.944,97.208,0.916,106.847,,,,,1
2026-10-04T12:00Z,2026-10-05T00:00Z,a4t:bkp101t,12,22.2,17.1,25,18.2,19.2,24,17.1,19.2,,,0,0.004,156.954,2.193,0,,19.6,-0.319,7,278,25.535,94.956,1.236,95.794,,,,,1
2026-10-04T12:00Z,2026-10-05T12:00Z,a4t:bkp101t,24,13.3,10.8,18.9,14.3,17.6,24,10.8,17.6,,,0,0,112.547,0.431,0.232,,19.6,-0.319,19,278,25.324,95.564,0.303,185.832,,,,,1
2026-10-04T12:00Z,2026-10-06T12:00Z,a4t:bkp101t,48,20.4,18,10.6,8.9,13.5,24,18,13.5,,,0,0,65.183,0.89,0,,19.6,-0.319,19,279,25.936,94.736,0.246,66.16,,,,,1
2026-10-04T12:00Z,2026-10-04T13:00Z,a4t:bkp102t,1,12.7,13.5,15,16,16.7,24,13.6,16.7,,,0,0,118.426,1.844,0,,16.7,0.062,20,277,26.699,92.232,1.137,81.403,,,,,1
2026-10-04T12:00Z,2026-10-04T15:00Z,a4t:bkp102t,3,16.1,17,15.4,16.4,16.7,24,17.1,16.7,,,0,0,89.591,0.722,0.164,,16.7,0.062,22,277,25.413,96.011,0.297,116.584,,,,,1
2026-10-04T12:00Z,2026-10-04T18:00Z,a4t:bkp102t,6,25.2,26.6,16.6,17.6,16.8,24,26.7,16.8,,,0,0,105.62,1.32,0,,16.7,0.062,1,277,25.197,96.128,0.544,108.949,,,,,1
2026-10-04T12:00Z,2026-10-05T00:00Z,a4t:bkp102t,12,27.8,29.1,19.2,20.3,17.5,24,29.2,17.5,,,0,0.003,172.918,1.813,0,,16.7,0.062,7,278,25.663,94.306,1.14,78.188,,,,,1
2026-10-04T12:00Z,2026-10-05T12:00Z,a4t:bkp102t,24,37.8,39.2,28.3,29.6,21,24,39.3,21,,,0,0,113.982,0.42,0.329,,16.7,0.062,19,278,25.386,95.21,0.118,301.368,,,,,1
2026-10-04T12:00Z,2026-10-06T12:00Z,a4t:bkp102t,48,33.3,34,21.9,22.6,20,24,34.1,20,,,0,0,88.101,1.27,0,,16.7,0.062,19,279,25.955,94.179,0.36,54.179,,,,,1
2026-10-04T12:00Z,2026-10-04T13:00Z,a4t:bkp103t,1,12.7,18.2,15,21.6,21.6,24,18.3,21.6,,,0,0,120.815,2.226,0,,21.6,0.35,20,277,26.602,92.474,1.279,73.591,,,,,1
2026-10-04T12:00Z,2026-10-04T15:00Z,a4t:bkp103t,3,16.1,22.6,15.4,22.1,21.6,24,22.8,21.6,,,0,0,94.471,0.908,0.2,,21.6,0.35,22,277,25.254,96.39,0.383,123.31,,,,,1
2026-10-04T12:00Z,2026-10-04T18:00Z,a4t:bkp103t,6,25.2,34.5,16.6,23.6,21.8,24,34.7,21.9,,,0,0.001,108.673,1.548,0,,21.6,0.35,1,277,25.102,96.313,0.675,107.072,,,,,1
2026-10-04T12:00Z,2026-10-05T00:00Z,a4t:bkp103t,12,27.8,36.7,19.2,26.8,22.9,24,36.8,22.9,,,0,0.005,172.555,1.893,0,,21.6,0.35,7,278,25.602,94.409,1.176,84.297,,,,,1
2026-10-04T12:00Z,2026-10-05T12:00Z,a4t:bkp103t,24,37.8,46.8,28.3,36.9,27.6,24,47,27.7,,,0,0,115.76,0.339,0.282,,21.6,0.35,19,278,25.325,95.482,0.131,310.657,,,,,1
2026-10-04T12:00Z,2026-10-06T12:00Z,a4t:bkp103t,48,33.3,37.9,21.9,26.1,26.5,24,38,26.6,,,0,0,87.43,1.16,0,,21.6,0.35,19,279,25.949,94.488,0.332,57.695,,,,,1
2026-10-04T12:00Z,2026-10-04T13:00Z,a4t:bkp104t,1,12.7,12.6,15,14.9,16.2,24,12.7,16.2,,,0,0,118.502,1.779,0,,16.2,0.001,20,277,26.72,92.45,1.156,73.357,,,,,1
2026-10-04T12:00Z,2026-10-04T15:00Z,a4t:bkp104t,3,16.1,16,15.4,15.3,16.1,24,16.1,16.2,,,0,0,93.811,0.856,0.142,,16.2,0.001,22,277,25.439,95.962,0.384,106.121,,,,,1
2026-10-04T12:00Z,2026-10-04T18:00Z,a4t:bkp104t,6,25.2,25.1,16.6,16.5,16.2,24,25.2,16.2,,,0,0,107.675,1.166,0,,16.2,0.001,1,277,25.211,95.907,0.454,106.745,,,,,1
2026-10-04T12:00Z,2026-10-05T00:00Z,a4t:bkp104t,12,27.8,27.7,19.2,19.1,16.8,24,27.8,16.9,,,0,0.004,178.491,1.721,0,,16.2,0.001,7,278,25.665,94.158,1.122,72.957,,,,,1
2026-10-04T12:00Z,2026-10-05T12:00Z,a4t:bkp104t,24,37.8,37.7,28.3,28.2,20,24,37.8,20.1,,,0,0,116.298,0.658,0.323,,16.2,0.001,19,278,25.344,95.324,0.273,312.72,,,,,1
2026-10-04T12:00Z,2026-10-06T12:00Z,a4t:bkp104t,48,33.3,33.2,21.9,21.9,19,24,33.3,19.1,,,0,0,94.725,1.314,0,,16.2,0.001,19,279,25.974,94.158,0.382,51.684,,,,,1
2026-10-04T12:00Z,2026-10-04T13:00Z,a4t:bkp105t,1,12.7,20.5,15,24.7,27.4,24,20.6,27.4,,,0,0,117.479,1.703,0,,27.5,0.473,20,277,26.735,92.3,1.107,78.926,,,,,1
2026-10-04T12:00Z,2026-10-04T15:00Z,a4t:bkp105t,3,16.1,25.4,15.4,25.2,27.4,24,25.4,27.4,,,0,0,90.764,0.739,0.144,,27.5,0.473,22,277,25.465,95.895,0.323,107.78,,,,,1
2026-10-04T12:00Z,2026-10-04T18:00Z,a4t:bkp105t,6,25.2,38.4,16.6,26.8,27.5,24,38.4,27.5,,,0,0,105.822,1.166,0,,27.5,0.473,1,277,25.226,95.97,0.454,108.017,,,,,1
2026-10-04T12:00Z,2026-10-05T00:00Z,a4t:bkp105t,12,27.8,40.3,19.2,30,28.4,24,40.3,28.4,,,0,0.003,176.06,1.739,0,,27.5,0.473,7,278,25.679,94.203,1.12,73.356,,,,,1
2026-10-04T12:00Z,2026-10-05T12:00Z,a4t:bkp105t,24,37.8,50.3,28.3,40.4,33.4,24,50.4,33.4,,,0,0,114.916,0.579,0.336,,27.5,0.473,19,278,25.374,95.215,0.215,306.094,,,,,1
2026-10-04T12:00Z,2026-10-06T12:00Z,a4t:bkp105t,48,33.3,39.6,21.9,27.6,31.6,24,39.7,31.6,,,0,0,91.649,1.318,0,,27.5,0.473,19,279,25.97,94.084,0.378,51.72,,,,,1
2026-10-04T12:00Z,2026-10-04T13:00Z,a4t:bkp114t,1,12.7,11,15,13,14,24,11,14,,,0,0,119.564,2.102,0,,14,-0.138,20,277,26.63,92.229,1.204,81.046,,,,,1
2026-10-04T12:00Z,2026-10-04T15:00Z,a4t:bkp114t,3,16.1,14,15.4,13.3,14,24,14.1,14,,,0,0,89.609,0.757,0.199,,14,-0.138,22,277,25.305,96.262,0.29,129.054,,,,,1
2026-10-04T12:00Z,2026-10-04T18:00Z,a4t:bkp114t,6,25.2,22.2,16.6,14.3,14,24,22.3,14,,,0,0.001,105.925,1.547,0,,14,-0.138,1,277,25.133,96.384,0.674,108.863,,,,,1
2026-10-04T12:00Z,2026-10-05T00:00Z,a4t:bkp114t,12,27.8,24.9,19.2,16.8,14.6,24,24.9,14.6,,,0,0.004,169.007,1.927,0,,14,-0.138,7,278,25.627,94.465,1.174,84.586,,,,,1
2026-10-04T12:00Z,2026-10-05T12:00Z,a4t:bkp114t,24,37.8,34.7,28.3,25.4,17.4,24,34.7,17.4,,,0,0,113.508,0.234,0.305,,14,-0.138,19,278,25.377,95.295,0.045,286.739,,,,,1
2026-10-04T12:00Z,2026-10-06T12:00Z,a4t:bkp114t,48,33.3,31.6,21.9,20.5,16.5,24,31.6,16.5,,,0,0,83.206,1.177,0,,14,-0.138,19,279,25.94,94.367,0.332,57.845,,,,,1
2026-10-04T12:00Z,2026-10-04T13:00Z,a4t:bkp115t,1,24,13.7,26.9,15.1,14.5,24,13.8,14.5,,,0,0,120.373,2.34,0,,14.5,-0.548,20,277,26.565,92.412,1.289,75.377,,,,,1
2026-10-04T12:00Z,2026-10-04T15:00Z,a4t:bkp115t,3,27.9,16.4,27.2,15.3,14.5,24,16.5,14.5,,,0,0.001,93.115,0.866,0.225,,14.5,-0.548,22,277,25.197,96.523,0.35,131.802,,,,,1
2026-10-04T12:00Z,2026-10-04T18:00Z,a4t:bkp115t,6,36.6,22.4,27.6,15.7,14.6,24,22.4,14.6,,,0,0.002,107.685,1.67,0,,14.5,-0.548,1,277,25.065,96.519,0.742,107.193,,,,,1
2026-10-04T12:00Z,2026-10-05T00:00Z,a4t:bkp115t,12,45.5,29.6,29.8,17.8,15,24,29.6,15,,,0,0.005,168.901,1.968,0,,14.5,-0.548,7,278,25.585,94.536,1.193,87.673,,,,,1
2026-10-04T12:00Z,2026-10-05T12:00Z,a4t:bkp115t,24,39.6,28.3,34.8,22.6,16.2,24,28.3,16.2,,,0,0,114.964,0.203,0.271,,14.5,-0.548,19,278,25.327,95.499,0.09,290.376,,,,,1
2026-10-04T12:00Z,2026-10-06T12:00Z,a4t:bkp115t,48,40.2,32.8,20.6,15.7,13,24,32.8,13,,,0,0,82.432,1.097,0,,14.5,-0.548,19,279,25.943,94.56,0.309,59.741,,,,,1
2026-10-04T12:00Z,2026-10-04T13:00Z,a4t:bkp116t,1,24,13.7,26.9,15.1,15.3,24,13.7,15.3,,,0,0,120.315,2.309,0,,15.3,-0.551,20,277,26.574,92.394,1.279,75.883,,,,,1
2026-10-04T12:00Z,2026-10-04T15:00Z,a4t:bkp116t,3,27.9,16.4,27.2,15.3,15.3,24,16.4,15.3,,,0,0,92.782,0.856,0.221,,15.3,-0.551,22,277,25.211,96.489,0.344,131.207,,,,,1
2026-10-04T12:00Z,2026-10-04T18:00Z,a4t:bkp116t,6,36.6,22.3,27.6,15.7,15.3,24,22.3,15.3,,,0,0.002,107.536,1.653,0,,15.3,-0.551,1,277,25.074,96.497,0.733,107.366,,,,,1
2026-10-04T12:00Z,2026-10-05T00:00Z,a4t:bkp116t,12,45.5,29.5,29.8,17.7,15.6,24,29.5,15.6,,,0,0.005,169.046,1.961,0,,15.3,-0.551,7,278,25.591,94.524,1.191,87.234,,,,,1
2026-10-04T12:00Z,2026-10-05T12:00Z,a4t:bkp116t,24,39.6,28.2,34.8,22.6,16.7,24,28.3,16.7,,,0,0,114.831,0.21,0.275,,15.3,-0.551,19,278,25.333,95.476,0.086,291.173,,,,,1
2026-10-04T12:00Z,2026-10-06T12:00Z,a4t:bkp116t,48,40.2,32.7,20.6,15.6,13.4,24,32.8,13.4,,,0,0,82.707,1.108,0,,15.3,-0.551,19,279,25.943,94.537,0.313,59.457,,,,,1
2026-10-04T12:00Z,2026-10-04T13:00Z,a4t:bkp117t,1,15.2,11.2,19.5,14.3,13,24,11.3,13,,,0,0,119.732,2.232,0,,13,-0.288,20,277,26.61,91.855,1.194,92.261,,,,,1
2026-10-04T12:00Z,2026-10-04T15:00Z,a4t:bkp117t,3,16.2,12.1,19.3,14.2,13.1,24,12.2,13.1,,,0,0.001,82.494,0.675,0.226,,13,-0.288,22,277,25.288,96.282,0.19,151.591,,,,,1
2026-10-04T12:00Z,2026-10-04T18:00Z,a4t:bkp117t,6,20.3,15.5,18.9,13.9,13.1,24,15.6,13.1,,,0,0.002,102.672,1.773,0,,13,-0.288,1,277,25.128,96.682,0.808,111.613,,,,,1
2026-10-04T12:00Z,2026-10-05T00:00Z,a4t:bkp117t,12,15.2,12,17.6,13.2,13,24,12,13,,,0,0.002,160.62,2.117,0,,13,-0.288,7,278,25.634,94.67,1.224,90.249,,,,,1
2026-10-04T12:00Z,2026-10-05T12:00Z,a4t:bkp117t,24,21.5,17.9,18.2,14.4,13.1,24,18,13.1,,,0,0,109.618,0.276,0.323,,13,-0.288,19,278,25.456,95.073,0.239,185.179,,,,,1
2026-10-04T12:00Z,2026-10-06T12:00Z,a4t:bkp117t,48,23.8,21.3,12.7,11,11.1,24,21.4,11.2,,,0,0,73.634,1.142,0,,13,-0.288,19,279,25.907,94.368,0.327,62.434,,,,,1
2026-10-04T12:00Z,2026-10-04T13:00Z,a4t:bkp119t,1,12.7,13,15,15.4,15.4,24,13.1,15.4,,,0,0,119.508,2.138,0,,15.4,0.028,20,277,26.62,92.171,1.203,82.78,,,,,1
2026-10-04T12:00Z,2026-10-04T15:00Z,a4t:bkp119t,3,16.1,16.5,15.4,15.8,15.4,24,16.5,15.4,,,0,0,88.47,0.736,0.208,,15.4,0.028,22,277,25.291,96.291,0.269,133.589,,,,,1
2026-10-04T12:00Z,2026-10-04T18:00Z,a4t:bkp119t,6,25.2,25.7,16.6,17,15.6,24,25.8,15.6,,,0,0.001,105.337,1.599,0,,15.4,0.028,1,277,25.125,96.462,0.704,109.238,,,,,1
2026-10-04T12:00Z,2026-10-05T00:00Z,a4t:bkp119t,12,27.8,28.3,19.2,19.6,16.3,24,28.4,16.4,,,0,0.004,167.25,1.964,0,,15.4,0.028,7,278,25.625,94.515,1.183,86.017,,,,,1
2026-10-04T12:00Z,2026-10-05T12:00Z,a4t:bkp119t,24,37.8,38.4,28.3,28.8,19.7,24,38.5,19.8,,,0,0,112.872,0.186,0.305,,15.4,0.028,19,278,25.388,95.271,0.064,268.663,,,,,1
2026-10-04T12:00Z,2026-10-06T12:00Z,a4t:bkp119t,48,33.3,33.6,21.9,22.2,18.9,24,33.6,19,,,0,0,81.041,1.16,0,,15.4,0.028,19,279,25.935,94.382,0.326,58.798,,,,,1
2026-10-04T12:00Z,2026-10-04T13:00Z,a4t:bkp120t,1,24,20,26.9,22.3,16.9,24,20.1,16.9,,,0,0,121.031,2.717,0,,16.7,-0.179,20,277,26.47,92.68,1.424,68.878,,,,,1
2026-10-04T12:00Z,2026-10-04T15:00Z,a4t:bkp120t,3,27.9,23.5,27.2,22.5,17,24,23.5,17.1,,,0,0.001,98.117,1.01,0.264,,16.7,-0.179,22,277,25.037,96.914,0.441,135.575,,,,,1
2026-10-04T12:00Z,2026-10-04T18:00Z,a4t:bkp120t,6,36.6,31.1,27.6,23,17.4,24,31.2,17.4,,,0,0.004,109.93,1.846,0,,16.7,-0.179,1,277,24.961,96.742,0.839,104.921,,,,,1
2026-10-04T12:00Z,2026-10-05T00:00Z,a4t:bkp120t,12,45.5,39.5,29.8,25.2,18.5,24,39.6,18.5,,,0,0.006,168.419,2.031,0,,16.7,-0.179,7,278,25.523,94.655,1.223,91.871,,,,,1
2026-10-04T12:00Z,2026-10-05T12:00Z,a4t:bkp120t,24,39.6,35.4,34.8,30.2,20.6,24,35.5,20.6,,,0,0,117.111,0.166,0.218,,16.7,-0.179,19,278,25.249,95.808,0.146,291.199,,,,,1
2026-10-04T12:00Z,2026-10-06T12:00Z,a4t:bkp120t,48,40.2,37.6,20.6,18.9,16.9,24,37.6,16.9,,,0,0,80.58,0.971,0,,16.7,-0.179,19,279,25.951,94.837,0.275,62.773,,,,,1
2026-10-04T12:00Z,2026-10-04T13:00Z,a4t:bkp121t,1,12.7,11.1,15,13,14.4,24,11.1,14.4,,,0,0,117.888,1.782,0,,14.4,-0.129,20,277,26.717,92.147,1.108,84.7,,,,,1
2026-10-04T12:00Z,2026-10-04T15:00Z,a4t:bkp121t,3,16.1,14.1,15.4,13.4,14.3,24,14.2,14.3,,,0,0,87.9,0.664,0.16,,14.4,-0.129,22,277,25.443,95.939,0.269,116.725,,,,,1
2026-10-04T12:00Z,2026-10-04T18:00Z,a4t:bkp121t,6,25.2,22.4,16.6,14.4,14.4,24,22.4,14.4,,,0,0,104.642,1.295,0,,14.4,-0.129,1,277,25.215,96.124,0.531,109.72,,,,,1
2026-10-04T12:00Z,2026-10-05T00:00Z,a4t:bkp121t,12,27.8,25,19.2,16.9,14.9,24,25.1,14.9,,,0,0.003,172.125,1.814,0,,14.4,-0.129,7,278,25.676,94.308,1.137,77.595,,,,,1
2026-10-04T12:00Z,2026-10-05T12:00Z,a4t:bkp121t,24,37.8,34.9,28.3,25.6,17.7,24,34.9,17.7,,,0,0,113.248,0.405,0.34,,14.4,-0.129,19,278,25.405,95.135,0.102,296.789,,,,,1
2026-10-04T12:00Z,2026-10-06T12:00Z,a4t:bkp121t,48,33.3,31.7,21.9,20.6,16.7,24,31.7,16.8,,,0,0,87.197,1.287,0,,14.4,-0.129,19,279,25.953,94.116,0.363,53.888,,,,,1
2026-10-04T12:00Z,2026-10-04T13:00Z,a4t:bkp122t,1,12.7,11.4,15,13.4,13.2,24,11.4,13.2,,,0,0,119.542,2.13,0,,13.2,-0.102,20,277,26.622,92.196,1.205,82.012,,,,,1
2026-10-04T12:00Z,2026-10-04T15:00Z,a4t:bkp122t,3,16.1,14.5,15.4,13.8,13.2,24,14.6,13.2,,,0,0,88.964,0.745,0.205,,13.2,-0.102,22,277,25.294,96.287,0.278,131.967,,,,,1
2026-10-04T12:00Z,2026-10-04T18:00Z,a4t:bkp122t,6,25.2,22.9,16.6,14.8,13.4,24,23,13.4,,,0,0.001,105.589,1.583,0,,13.2,-0.102,1,277,25.126,96.437,0.695,109.063,,,,,1
2026-10-04T12:00Z,2026-10-05T00:00Z,a4t:bkp122t,12,27.8,25.6,19.2,17.4,14.1,24,25.7,14.1,,,0,0.004,167.889,1.951,0,,13.2,-0.102,7,278,25.625,94.498,1.18,85.566,,,,,1
2026-10-04T12:00Z,2026-10-05T12:00Z,a4t:bkp122t,24,37.8,35.4,28.3,26.1,17.1,24,35.5,17.1,,,0,0,113.137,0.201,0.304,,13.2,-0.102,19,278,25.383,95.284,0.053,276.27,,,,,1
2026-10-04T12:00Z,2026-10-06T12:00Z,a4t:bkp122t,48,33.3,32,21.9,20.8,16.4,24,32.1,16.5,,,0,0,81.812,1.164,0,,13.2,-0.102,19,279,25.937,94.38,0.327,58.484,,,,,1
2026-10-04T12:00Z,2026-10-04T13:00Z,a4t:bkp123t,1,24,13.7,26.9,15.1,15.2,24,13.8,15.2,,,0,0,120.379,2.315,0,,15.2,-0.549,20,277,26.572,92.407,1.283,75.54,,,,,1
2026-10-04T12:00Z,2026-10-04T15:00Z,a4t:bkp123t,3,27.9,16.4,27.2,15.3,15.2,24,16.4,15.2,,,0,0,93.026,0.863,0.221,,15.2,-0.549,22,277,25.209,96.495,0.349,130.869,,,,,1
2026-10-04T12:00Z,2026-10-04T18:00Z,a4t:bkp123t,6,36.6,22.4,27.6,15.7,15.2,24,22.4,15.2,,,0,0.002,107.674,1.652,0,,15.2,-0.549,1,277,25.072,96.493,0.733,107.284,,,,,1
2026-10-04T12:00Z,2026-10-05T00:00Z,a4t:bkp123t,12,45.5,29.6,29.8,17.8,15.5,24,29.6,15.6,,,0,0.005,169.23,1.959,0,,15.2,-0.549,7,278,25.589,94.521,1.191,87.215,,,,,1
2026-10-04T12:00Z,2026-10-05T12:00Z,a4t:bkp123t,24,39.6,28.3,34.8,22.6,16.6,24,28.3,16.6,,,0,0,114.944,0.215,0.274,,15.2,-0.549,19,278,25.33,95.485,0.088,292.979,,,,,1
2026-10-04T12:00Z,2026-10-06T12:00Z,a4t:bkp123t,48,40.2,32.8,20.6,15.7,13.3,24,32.8,13.3,,,0,0,82.928,1.107,0,,15.2,-0.549,19,279,25.943,94.542,0.313,59.446,,,,,1
2026-10-04T12:00Z,2026-10-04T13:00Z,a4t:bkp124t,1,12.7,15.4,15,18.4,19.4,24,15.5,19.4,,,0,0,120.717,2.11,0,,19.4,0.191,20,277,26.636,92.5,1.258,72.618,,,,,1
2026-10-04T12:00Z,2026-10-04T15:00Z,a4t:bkp124t,3,16.1,19.4,15.4,18.8,19.4,24,19.4,19.4,,,0,0,95.031,0.925,0.181,,19.4,0.191,22,277,25.307,96.266,0.402,117.281,,,,,1
2026-10-04T12:00Z,2026-10-04T18:00Z,a4t:bkp124t,6,25.2,29.9,16.6,20.1,19.5,24,29.9,19.5,,,0,0.001,109.016,1.436,0,,19.4,0.191,1,277,25.136,96.156,0.612,106.975,,,,,1
2026-10-04T12:00Z,2026-10-05T00:00Z,a4t:bkp124t,12,27.8,32.3,19.2,23,20.3,24,32.3,20.3,,,0,0.005,175.149,1.833,0,,19.4,0.191,7,278,25.619,94.312,1.16,81.076,,,,,1
2026-10-04T12:00Z,2026-10-05T12:00Z,a4t:bkp124t,24,37.8,42.4,28.3,32.7,24.2,24,42.5,24.2,,,0,0,116.216,0.456,0.293,,19.4,0.191,19,278,25.327,95.451,0.183,315.395,,,,,1
2026-10-04T12:00Z,2026-10-06T12:00Z,a4t:bkp124t,48,33.3,35.7,21.9,24,23.1,24,35.7,23.1,,,0,0,90.87,1.212,0,,19.4,0.191,19,279,25.956,94.407,0.35,55.9,,,,,1
2026-10-04T12:00Z,2026-10-04T13:00Z,a4t:bkp125t,1,15.2,16.8,19.5,21.6,22.2,24,16.8,22.2,,,0,0,118.735,2.446,0,,22.2,0.101,20,277,26.528,92.08,1.249,84.254,,,,,1
2026-10-04T12:00Z,2026-10-04T15:00Z,a4t:bkp125t,3,16.2,17.8,19.3,21.4,22.2,24,17.9,22.2,,,0,0.003,86.355,0.761,0.264,,22.2,0.101,22,277,25.148,96.629,0.257,156.253,,,,,1
2026-10-04T12:00Z,2026-10-04T18:00Z,a4t:bkp125t,6,20.3,22.2,18.9,20.9,22.1,24,22.2,22.1,,,0,0.004,103.617,1.885,0,,22.2,0.101,1,277,25.03,96.929,0.862,108.837,,,,,1
2026-10-04T12:00Z,2026-10-05T00:00Z,a4t:bkp125t,12,15.2,16.5,17.6,19.4,21.6,24,16.5,21.6,,,0,0.003,159.486,2.147,0,,22.2,0.101,7,278,25.58,94.801,1.23,93.061,,,,,1
2026-10-04T12:00Z,2026-10-05T12:00Z,a4t:bkp125t,24,21.5,22.9,18.2,19.7,21.6,24,22.9,21.6,,,0,0,111.501,0.324,0.273,,22.2,0.101,19,278,25.381,95.352,0.256,186.876,,,,,1
2026-10-04T12:00Z,2026-10-06T12:00Z,a4t:bkp125t,48,23.8,24.7,12.7,13.4,18.2,24,24.7,18.2,,,0,0,70.279,1.013,0,,22.2,0.101,19,279,25.923,94.575,0.285,64.091,,,,,1
2026-10-04T12:00Z,2026-10-04T13:00Z,a4t:bkp126t,1,12.7,12.7,15,15.1,17.5,24,12.8,17.5,,,0,0,117.981,1.709,0,,17.6,0.006,20,277,26.739,92.483,1.142,71.819,,,,,1
2026-10-04T12:00Z,2026-10-04T15:00Z,a4t:bkp126t,3,16.1,16.1,15.4,15.5,17.5,24,16.2,17.5,,,0,0,94.372,0.871,0.132,,17.6,0.006,22,277,25.466,95.9,0.397,102.362,,,,,1
2026-10-04T12:00Z,2026-10-04T18:00Z,a4t:bkp126t,6,25.2,25.3,16.6,16.6,17.5,24,25.3,17.5,,,0,0,107.745,1.086,0,,17.6,0.006,1,277,25.226,95.826,0.408,106.074,,,,,1
2026-10-04T12:00Z,2026-10-05T00:00Z,a4t:bkp126t,12,27.8,27.9,19.2,19.3,18,24,27.9,18,,,0,0.003,180.092,1.688,0,,17.6,0.006,7,278,25.673,94.105,1.114,70.234,,,,,1
2026-10-04T12:00Z,2026-10-05T12:00Z,a4t:bkp126t,24,37.8,37.9,28.3,28.4,21,24,37.9,21.1,,,0,0,116.764,0.742,0.327,,17.6,0.006,19,278,25.337,95.325,0.322,313.25,,,,,1
2026-10-04T12:00Z,2026-10-06T12:00Z,a4t:bkp126t,48,33.3,33.3,21.9,21.9,19.8,24,33.4,19.8,,,0,0,96.521,1.34,0,,17.6,0.006,19,279,25.982,94.107,0.393,50.461,,,,,1
2026-10-04T12:00Z,2026-10-04T13:00Z,a4t:bkp127t,1,12.7,12.5,15,14.8,15.4,24,12.5,15.4,,,0,0,120.436,1.885,0,,15.4,-0.013,20,277,26.712,92.691,1.239,65.307,,,,,1
2026-10-04T12:00Z,2026-10-04T15:00Z,a4t:bkp127t,3,16.1,15.9,15.4,15.2,15.4,24,15.9,15.4,,,0,0,98.787,1.072,0.131,,15.4,-0.013,22,277,25.42,96.012,0.501,102.485,,,,,1
2026-10-04T12:00Z,2026-10-04T18:00Z,a4t:bkp127t,6,25.2,24.9,16.6,16.3,15.5,24,24.9,15.5,,,0,0,110.893,1.13,0,,15.4,-0.013,1,277,25.204,95.734,0.437,104.956,,,,,1
2026-10-04T12:00Z,2026-10-05T00:00Z,a4t:bkp127t,12,27.8,27.5,19.2,18.9,16.2,24,27.5,16.2,,,0,0.004,183.426,1.684,0,,15.4,-0.013,7,278,25.65,94.043,1.127,71.025,,,,,1
2026-10-04T12:00Z,2026-10-05T12:00Z,a4t:bkp127t,24,37.8,37.5,28.3,28,19.4,24,37.5,19.4,,,0,0,118.572,0.84,0.309,,15.4,-0.013,19,278,25.301,95.472,0.4,321.654,,,,,1
2026-10-04T12:00Z,2026-10-06T12:00Z,a4t:bkp127t,48,33.3,33.1,21.9,21.8,18.5,24,33.1,18.5,,,0,0,101.258,1.336,0,,15.4,-0.013,19,279,25.981,94.245,0.401,51.344,,,,,1
2026-10-04T12:00Z,2026-10-04T13:00Z,a4t:bkp129t,1,21.8,13.5,31.1,19,18.1,24,13.6,18.1,,,0,0.031,113.501,2.868,0,,18.1,-0.468,20,277,26.384,91.87,1.257,87.119,,,,,1
2026-10-04T12:00Z,2026-10-04T15:00Z,a4t:bkp129t,3,20.5,12.9,30.5,18.7,18.1,24,13,18.1,,,0,0.027,80.89,0.984,0.367,,18.1,-0.468,22,277,24.919,97.181,0.432,195.185,,,,,1
2026-10-04T12:00Z,2026-10-04T18:00Z,a4t:bkp129t,6,25.4,16.6,28.6,17.7,18,24,16.6,18,,,0,0.012,97.917,2.27,0,,18.1,-0.468,1,277,24.864,97.838,1.059,107.498,,,,,1
2026-10-04T12:00Z,2026-10-05T00:00Z,a4t:bkp129t,12,22.2,15.2,25,15.8,17.5,24,15.2,17.5,,,0,0.002,144.392,2.434,0,,18.1,-0.468,7,278,25.511,95.348,1.282,101.314,,,,,1
2026-10-04T12:00Z,2026-10-05T12:00Z,a4t:bkp129t,24,13.3,9.8,18.9,12.7,16,24,9.8,16,,,0,0,108.907,0.962,0.217,,18.1,-0.468,19,278,25.359,95.484,0.616,173.947,,,,,1
2026-10-04T12:00Z,2026-10-06T12:00Z,a4t:bkp129t,48,20.4,17.1,10.6,8.3,12.2,24,17.1,12.2,,,0,0,47.675,0.742,0,,18.1,-0.468,19,279,25.924,94.794,0.231,74.094,,,,,1
2026-10-04T12:00Z,2026-10-04T13:00Z,a4t:bkp130t,1,21.8,12.9,31.1,18.2,15.5,24,13,15.5,,,0,0,119.176,2.606,0,,15.4,-0.512,20,277,26.483,92.439,1.339,74.52,,,,,1
2026-10-04T12:00Z,2026-10-04T15:00Z,a4t:bkp130t,3,20.5,12.4,30.5,17.9,15.5,24,12.4,15.5,,,0,0.002,93.153,0.871,0.272,,15.4,-0.512,22,277,25.063,96.846,0.352,145.609,,,,,1
2026-10-04T12:00Z,2026-10-04T18:00Z,a4t:bkp130t,6,25.4,15.9,28.6,16.9,15.5,24,16,15.5,,,0,0.005,106.775,1.87,0,,15.4,-0.512,1,277,24.973,96.893,0.848,106.086,,,,,1
2026-10-04T12:00Z,2026-10-05T00:00Z,a4t:bkp130t,12,22.2,14.7,25,15.2,15.2,24,14.7,15.2,,,0,0.005,163.799,2.079,0,,15.4,-0.512,7,278,25.54,94.757,1.219,92.722,,,,,1
2026-10-04T12:00Z,2026-10-05T12:00Z,a4t:bkp130t,24,13.3,9.5,18.9,12.3,14,24,9.5,14,,,0,0,114.849,0.185,0.234,,15.4,-0.512,19,278,25.294,95.65,0.156,220.998,,,,,1
2026-10-04T12:00Z,2026-10-06T12:00Z,a4t:bkp130t,48,20.4,16.8,10.6,8.1,10.7,24,16.8,10.7,,,0,0,74.533,0.96,0,,15.4,-0.512,19,279,25.944,94.739,0.266,63.255,,,,,1
2026-10-04T12:00Z,2026-10-04T13:00Z,a4t:bkp131t,1,12.7,14.4,15,17.1,17.5,24,14.5,17.5,,,0,0,118.831,1.93,0,,17.5,0.128,20,277,26.677,92.171,1.152,83.365,,,,,1
2026-10-04T12:00Z,2026-10-04T15:00Z,a4t:bkp131t,3,16.1,18.2,15.4,17.5,17.5,24,18.2,17.5,,,0,0,88.476,0.704,0.178,,17.5,0.128,22,277,25.381,96.082,0.275,123.059,,,,,1
2026-10-04T12:00Z,2026-10-04T18:00Z,a4t:bkp131t,6,25.2,28.1,16.6,18.8,17.6,24,28.3,17.7,,,0,0,105.226,1.419,0,,17.5,0.128,1,277,25.179,96.242,0.602,109.506,,,,,1
2026-10-04T12:00Z,2026-10-05T00:00Z,a4t:bkp131t,12,27.8,30.6,19.2,21.6,18.5,24,30.7,18.5,,,0,0.003,170.554,1.869,0,,17.5,0.128,7,278,25.655,94.38,1.154,81.117,,,,,1
2026-10-04T12:00Z,2026-10-05T12:00Z,a4t:bkp131t,24,37.8,40.7,28.3,31.1,22.2,24,40.9,22.2,,,0,0,113.229,0.314,0.326,,17.5,0.128,19,278,25.397,95.197,0.05,293.381,,,,,1
2026-10-04T12:00Z,2026-10-06T12:00Z,a4t:bkp131t,48,33.3,34.9,21.9,23.3,21.2,24,34.9,21.3,,,0,0,85.329,1.238,0,,17.5,0.128,19,279,25.945,94.231,0.349,55.824,,,,,1
2026-10-04T12:00Z,2026-10-04T13:00Z,a4t:bkp133t,1,12.7,13.2,15,15.6,16.2,24,13.2,16.2,,,0,0,120.433,2.135,0,,16.2,0.037,20,277,26.626,92.436,1.25,74.631,,,,,1
2026-10-04T12:00Z,2026-10-04T15:00Z,a4t:bkp133t,3,16.1,16.6,15.4,16,16.2,24,16.7,16.2,,,0,0,93.715,0.879,0.19,,16.2,0.037,22,277,25.292,96.3,0.371,121.149,,,,,1
2026-10-04T12:00Z,2026-10-04T18:00Z,a4t:bkp133t,6,25.2,26,16.6,17.1,16.3,24,26,16.3,,,0,0.001,108.228,1.488,0,,16.2,0.037,1,277,25.125,96.25,0.641,107.383,,,,,1
2026-10-04T12:00Z,2026-10-05T00:00Z,a4t:bkp133t,12,27.8,28.6,19.2,19.8,17,24,28.6,17,,,0,0.005,173.11,1.868,0,,16.2,0.037,7,278,25.616,94.372,1.166,82.705,,,,,1
2026-10-04T12:00Z,2026-10-05T12:00Z,a4t:bkp133t,24,37.8,38.6,28.3,29,20.4,24,38.7,20.4,,,0,0,115.521,0.372,0.293,,16.2,0.037,19,278,25.337,95.427,0.133,310.176,,,,,1
2026-10-04T12:00Z,2026-10-06T12:00Z,a4t:bkp133t,48,33.3,33.7,21.9,22.3,19.5,24,33.8,19.5,,,0,0,88.232,1.189,0,,16.2,0.037,19,279,25.951,94.42,0.34,56.741,,,,,1
2026-10-04T12:00Z,2026-10-04T13:00Z,a4t:bkp56t,1,12.7,14.4,15,17.1,18.3,24,14.4,18.3,,,0,0,119.82,2.204,0,,18.3,0.122,20,277,26.601,92.274,1.234,79.48,,,,,1
2026-10-04T12:00Z,2026-10-04T15:00Z,a4t:bkp56t,3,16.1,18.1,15.4,17.5,18.3,24,18.2,18.3,,,0,0,90.445,0.788,0.213,,18.3,0.122,22,277,25.258,96.375,0.302,132.105,,,,,1
2026-10-04T12:00Z,2026-10-04T18:00Z,a4t:bkp56t,6,25.2,28.1,16.6,18.7,18.4,24,28.2,18.4,,,0,0.001,106.323,1.616,0,,18.3,0.122,1,277,25.103,96.471,0.713,108.352,,,,,1
2026-10-04T12:00Z,2026-10-05T00:00Z,a4t:bkp56t,12,27.8,30.6,19.2,21.5,19.1,24,30.7,19.1,,,0,0.004,168.182,1.958,0,,18.3,0.122,7,278,25.61,94.515,1.185,86.392,,,,,1
2026-10-04T12:00Z,2026-10-05T12:00Z,a4t:bkp56t,24,37.8,40.7,28.3,31,22.7,24,40.8,22.7,,,0,0,113.787,0.199,0.292,,18.3,0.122,19,278,25.362,95.363,0.065,280.583,,,,,1
2026-10-04T12:00Z,2026-10-06T12:00Z,a4t:bkp56t,48,33.3,34.8,21.9,23.3,21.6,24,34.9,21.6,,,0,0,81.926,1.138,0,,18.3,0.122,19,279,25.939,94.447,0.32,58.951,,,,,1
2026-10-04T12:00Z,2026-10-04T13:00Z,a4t:bkp57t,1,15.2,14,19.5,17.9,18.3,24,14.1,18.3,,,0,0,119.464,2.141,0,,18.3,-0.07,20,277,26.628,91.964,1.181,89.363,,,,,1
2026-10-04T12:00Z,2026-10-04T15:00Z,a4t:bkp57t,3,16.2,15,19.3,17.8,18.3,24,15.1,18.3,,,0,0,84.554,0.671,0.212,,18.3,-0.07,22,277,25.312,96.233,0.211,142.586,,,,,1
2026-10-04T12:00Z,2026-10-04T18:00Z,a4t:bkp57t,6,20.3,18.9,18.9,17.4,18.2,24,19,18.2,,,0,0.001,103.551,1.667,0,,18.3,-0.07,1,277,25.14,96.552,0.746,110.939,,,,,1
2026-10-04T12:00Z,2026-10-05T00:00Z,a4t:bkp57t,12,15.2,14.2,17.6,16.3,17.8,24,14.3,17.9,,,0,0.003,163.724,2.035,0,,18.3,-0.07,7,278,25.638,94.583,1.2,87.766,,,,,1
2026-10-04T12:00Z,2026-10-05T12:00Z,a4t:bkp57t,24,21.5,20.5,18.2,17.1,17.8,24,20.6,17.9,,,0,0,110.832,0.184,0.322,,18.3,-0.07,19,278,25.435,95.123,0.15,215.465,,,,,1
2026-10-04T12:00Z,2026-10-06T12:00Z,a4t:bkp57t,48,23.8,23.1,12.7,12.2,15,24,23.2,15.1,,,0,0,77.237,1.166,0,,18.3,-0.07,19,279,25.919,94.335,0.33,60.325,,,,,1
2026-10-04T12:00Z,2026-10-04T13:00Z,a4t:bkp58t,1,12.7,18.7,15,22.3,23.5,24,18.8,23.5,,,0,0,118.686,1.897,0,,23.5,0.378,20,277,26.686,92.191,1.146,82.751,,,,,1
2026-10-04T12:00Z,2026-10-04T15:00Z,a4t:bkp58t,3,16.1,23.3,15.4,22.8,23.5,24,23.4,23.5,,,0,0,88.843,0.709,0.173,,23.5,0.378,22,277,25.393,96.055,0.282,120.694,,,,,1
2026-10-04T12:00Z,2026-10-04T18:00Z,a4t:bkp58t,6,25.2,35.4,16.6,24.3,23.6,24,35.6,23.6,,,0,0,105.354,1.383,0,,23.5,0.378,1,277,25.186,96.201,0.581,109.338,,,,,1
2026-10-04T12:00Z,2026-10-05T00:00Z,a4t:bkp58t,12,27.8,37.5,19.2,27.5,24.6,24,37.6,24.6,,,0,0.003,171.392,1.849,0,,23.5,0.378,7,278,25.658,94.353,1.149,80.077,,,,,1
2026-10-04T12:00Z,2026-10-05T12:00Z,a4t:bkp58t,24,37.8,47.6,28.3,37.8,29.3,24,47.8,29.3,,,0,0,113.483,0.351,0.327,,23.5,0.378,19,278,25.393,95.2,0.073,296.754,,,,,1
2026-10-04T12:00Z,2026-10-06T12:00Z,a4t:bkp58t,48,33.3,38.3,21.9,26.4,27.9,24,38.4,28,,,0,0,86.32,1.25,0,,23.5,0.378,19,279,25.948,94.211,0.353,55.224,,,,,1
2026-10-04T12:00Z,2026-10-04T13:00Z,a4t:bkp59t,1,12.7,19.6,15,23.3,24.8,24,19.6,24.8,,,0,0,119.952,2.16,0,,24.8,0.419,20,277,26.614,92.32,1.233,78.133,,,,,1
2026-10-04T12:00Z,2026-10-04T15:00Z,a4t:bkp59t,3,16.1,24.3,15.4,23.8,24.7,24,24.3,24.7,,,0,0,91.392,0.809,0.203,,24.8,0.419,22,277,25.278,96.33,0.321,127.637,,,,,1
2026-10-04T12:00Z,2026-10-04T18:00Z,a4t:bkp59t,6,25.2,36.8,16.6,25.4,24.9,24,36.9,24.9,,,0,0.001,106.877,1.56,0,,24.8,0.419,1,277,25.116,96.382,0.681,108.117,,,,,1
2026-10-04T12:00Z,2026-10-05T00:00Z,a4t:bkp59t,12,27.8,38.8,19.2,28.6,25.9,24,38.9,25.9,,,0,0.004,169.979,1.921,0,,24.8,0.419,7,278,25.615,94.458,1.176,84.848,,,,,1
2026-10-04T12:00Z,2026-10-05T12:00Z,a4t:bkp59t,24,37.8,48.9,28.3,39,30.7,24,49,30.8,,,0,0,114.324,0.256,0.294,,24.8,0.419,19,278,25.356,95.373,0.068,295.436,,,,,1
2026-10-04T12:00Z,2026-10-06T12:00Z,a4t:bkp59t,48,33.3,39,21.9,27,29.3,24,39,29.3,,,0,0,84.249,1.162,0,,24.8,0.419,19,279,25.943,94.423,0.328,57.969,,,,,1
2026-10-04T12:00Z,2026-10-04T13:00Z,a4t:bkp60t,1,12.7,14.2,15,16.8,17.4,24,14.3,17.4,,,0,0,120.328,2.193,0,,17.4,0.11,20,277,26.607,92.395,1.255,75.88,,,,,1
2026-10-04T12:00Z,2026-10-04T15:00Z,a4t:bkp60t,3,16.1,17.9,15.4,17.2,17.4,24,18,17.4,,,0,0,92.878,0.854,0.202,,17.4,0.11,22,277,25.265,96.363,0.35,125.589,,,,,1
2026-10-04T12:00Z,2026-10-04T18:00Z,a4t:bkp60t,6,25.2,27.8,16.6,18.5,17.5,24,27.9,17.5,,,0,0.001,107.719,1.556,0,,17.4,0.11,1,277,25.108,96.353,0.679,107.583,,,,,1
2026-10-04T12:00Z,2026-10-05T00:00Z,a4t:bkp60t,12,27.8,30.3,19.2,21.3,18.3,24,30.4,18.3,,,0,0.005,171.159,1.908,0,,17.4,0.11,7,278,25.608,94.437,1.176,84.631,,,,,1
2026-10-04T12:00Z,2026-10-05T12:00Z,a4t:bkp60t,24,37.8,40.4,28.3,30.7,21.9,24,40.5,22,,,0,0,115.02,0.292,0.288,,17.4,0.11,19,278,25.341,95.428,0.095,303.383,,,,,1
2026-10-04T12:00Z,2026-10-06T12:00Z,a4t:bkp60t,48,33.3,34.7,21.9,23.1,21,24,34.7,21,,,0,0,85.673,1.159,0,,17.4,0.11,19,279,25.946,94.456,0.329,57.844,,,,,1
2026-10-04T12:00Z,2026-10-04T13:00Z,a4t:bkp61t,1,12.7,16.8,15,20,21.6,24,16.9,21.7,,,0,0,120.038,2.122,0,,21.7,0.272,20,277,26.626,92.359,1.231,76.975,,,,,1
2026-10-04T12:00Z,2026-10-04T15:00Z,a4t:bkp61t,3,16.1,21,15.4,20.4,21.6,24,21.1,21.6,,,0,0,92.17,0.829,0.194,,21.7,0.272,22,277,25.295,96.29,0.338,124.057,,,,,1
2026-10-04T12:00Z,2026-10-04T18:00Z,a4t:bkp61t,6,25.2,32.2,16.6,21.8,21.7,24,32.3,21.7,,,0,0.001,107.323,1.511,0,,21.7,0.272,1,277,25.127,96.307,0.654,107.903,,,,,1
2026-10-04T12:00Z,2026-10-05T00:00Z,a4t:bkp61t,12,27.8,34.5,19.2,24.8,22.5,24,34.6,22.5,,,0,0.004,171.487,1.89,0,,21.7,0.272,7,278,25.62,94.411,1.169,83.472,,,,,1
2026-10-04T12:00Z,2026-10-05T12:00Z,a4t:bkp61t,24,37.8,44.6,28.3,34.8,26.7,24,44.7,26.7,,,0,0,114.771,0.314,0.297,,21.7,0.272,19,278,25.351,95.38,0.092,303.172,,,,,1
2026-10-04T12:00Z,2026-10-06T12:00Z,a4t:bkp61t,48,33.3,36.9,21.9,25.1,25.3,24,36.9,25.4,,,0,0,86.191,1.182,0,,21.7,0.272,19,279,25.947,94.401,0.335,57.146,,,,,1
2026-10-04T12:00Z,2026-10-04T13:00Z,a4t:bkp62t,1,12.7,18.1,15,21.5,19.9,24,18.2,19.9,,,0,0,119.709,2.064,0,,19.8,0.343,20,277,26.641,92.314,1.209,78.395,,,,,1
2026-10-04T12:00Z,2026-10-04T15:00Z,a4t:bkp62t,3,16.1,22.5,15.4,22,19.9,24,22.6,19.9,,,0,0,91.287,0.798,0.189,,19.8,0.343,22,277,25.32,96.23,0.323,123.373,,,,,1
2026-10-04T12:00Z,2026-10-04T18:00Z,a4t:bkp62t,6,25.2,34.3,16.6,23.5,20.2,24,34.5,20.2,,,0,0.001,106.812,1.48,0,,19.8,0.343,1,277,25.142,96.281,0.636,108.271,,,,,1
2026-10-04T12:00Z,2026-10-05T00:00Z,a4t:bkp62t,12,27.8,36.5,19.2,26.6,21.5,24,36.6,21.5,,,0,0.004,171.426,1.88,0,,19.8,0.343,7,278,25.63,94.397,1.164,82.66,,,,,1
2026-10-04T12:00Z,2026-10-05T12:00Z,a4t:bkp62t,24,37.8,46.6,28.3,36.8,26.3,24,46.8,26.3,,,0,0,114.421,0.321,0.305,,19.8,0.343,19,278,25.362,95.333,0.083,301.312,,,,,1
2026-10-04T12:00Z,2026-10-06T12:00Z,a4t:bkp62t,48,33.3,37.9,21.9,26,25.5,24,37.9,25.6,,,0,0,86.191,1.199,0,,19.8,0.343,19,279,25.947,94.353,0.34,56.667,,,,,1
2026-10-04T12:00Z,2026-10-04T13:00Z,a4t:bkp63t,1,12.7,15.9,15,18.9,18,24,16,18,,,0,0,120.291,2.231,0,,18,0.22,20,277,26.596,92.382,1.261,76.247,,,,,1
2026-10-04T12:00Z,2026-10-04T15:00Z,a4t:bkp63t,3,16.1,19.9,15.4,19.3,18.1,24,20,18.1,,,0,0,92.604,0.848,0.209,,18,0.22,22,277,25.247,96.405,0.343,128.018,,,,,1
2026-10-04T12:00Z,2026-10-04T18:00Z,a4t:bkp63t,6,25.2,30.7,16.6,20.7,18.3,24,30.8,18.3,,,0,0.001,107.529,1.593,0,,18,0.22,1,277,25.096,96.411,0.7,107.599,,,,,1
2026-10-04T12:00Z,2026-10-05T00:00Z,a4t:bkp63t,12,27.8,33,19.2,23.6,19.3,24,33.2,19.4,,,0,0.005,170.181,1.93,0,,18,0.22,7,278,25.603,94.473,1.182,85.675,,,,,1
2026-10-04T12:00Z,2026-10-05T12:00Z,a4t:bkp63t,24,37.8,43.2,28.3,33.4,23.5,24,43.3,23.6,,,0,0,114.833,0.254,0.284,,18,0.22,19,278,25.34,95.437,0.084,298.508,,,,,1
2026-10-04T12:00Z,2026-10-06T12:00Z,a4t:bkp63t,48,33.3,36.1,21.9,24.4,22.7,24,36.2,22.8,,,0,0,84.353,1.14,0,,18,0.22,19,279,25.944,94.481,0.323,58.476,,,,,1
2026-10-04T12:00Z,2026-10-04T13:00Z,a4t:bkp64t,1,15.2,17.9,19.5,23,22.4,24,18,22.4,,,0,0,119.33,2.348,0,,22.4,0.161,20,277,26.557,92.176,1.246,81.964,,,,,1
2026-10-04T12:00Z,2026-10-04T15:00Z,a4t:bkp64t,3,16.2,19,19.3,22.8,22.4,24,19,22.4,,,0,0.001,88.375,0.764,0.242,,22.4,0.161,22,277,25.192,96.527,0.271,145.138,,,,,1
2026-10-04T12:00Z,2026-10-04T18:00Z,a4t:bkp64t,6,20.3,23.5,18.9,22.2,22.4,24,23.6,22.4,,,0,0.003,104.958,1.772,0,,22.4,0.161,1,277,25.06,96.728,0.8,108.59,,,,,1
2026-10-04T12:00Z,2026-10-05T00:00Z,a4t:bkp64t,12,15.2,17.3,17.6,20.6,22.1,24,17.4,22.1,,,0,0.004,163.405,2.063,0,,22.4,0.161,7,278,25.591,94.675,1.21,90.39,,,,,1
2026-10-04T12:00Z,2026-10-05T12:00Z,a4t:bkp64t,24,21.5,23.8,18.2,20.8,22.1,24,23.8,22.1,,,0,0,112.593,0.191,0.28,,22.4,0.161,19,278,25.37,95.366,0.159,213.455,,,,,1
2026-10-04T12:00Z,2026-10-06T12:00Z,a4t:bkp64t,48,23.8,25.3,12.7,13.8,18.8,24,25.3,18.8,,,0,0,75.534,1.065,0,,22.4,0.161,19,279,25.93,94.529,0.298,61.8,,,,,1
2026-10-04T12:00Z,2026-10-04T13:00Z,a4t:bkp65t,1,12.7,17.2,15,20.4,21.6,24,17.4,21.6,,,0,0,119.607,2.077,0,,21.6,0.3,20,277,26.637,92.269,1.204,79.826,,,,,1
2026-10-04T12:00Z,2026-10-04T15:00Z,a4t:bkp65t,3,16.1,21.5,15.4,20.9,21.6,24,21.7,21.6,,,0,0,90.393,0.774,0.194,,21.6,0.3,22,277,25.315,96.241,0.305,126.024,,,,,1
2026-10-04T12:00Z,2026-10-04T18:00Z,a4t:bkp65t,6,25.2,32.9,16.6,22.3,21.7,24,33.2,21.7,,,0,0.001,106.335,1.51,0,,21.6,0.3,1,277,25.139,96.329,0.653,108.596,,,,,1
2026-10-04T12:00Z,2026-10-05T00:00Z,a4t:bkp65t,12,27.8,35.1,19.2,25.4,22.6,24,35.4,22.6,,,0,0.004,170.238,1.902,0,,21.6,0.3,7,278,25.629,94.429,1.168,83.544,,,,,1
2026-10-04T12:00Z,2026-10-05T12:00Z,a4t:bkp65t,24,37.8,45.3,28.3,35.4,26.9,24,45.6,27,,,0,0,113.946,0.277,0.306,,21.6,0.3,19,278,25.371,95.31,0.058,295.151,,,,,1
2026-10-04T12:00Z,2026-10-06T12:00Z,a4t:bkp65t,48,33.3,37.2,21.9,25.3,25.6,24,37.3,25.8,,,0,0,84.73,1.19,0,,21.6,0.3,19,279,25.944,94.355,0.336,57.194,,,,,1
2026-10-04T12:00Z,2026-10-04T13:00Z,a4t:bkp66t,1,12.7,15.9,15,18.9,19.7,24,16,19.7,,,0,0,119.503,2.057,0,,19.7,0.219,20,277,26.642,92.252,1.197,80.405,,,,,1
2026-10-04T12:00Z,2026-10-04T15:00Z,a4t:bkp66t,3,16.1,19.9,15.4,19.3,19.7,24,20,19.7,,,0,0,90.058,0.763,0.192,,19.7,0.219,22,277,25.324,96.219,0.299,125.837,,,,,1
2026-10-04T12:00Z,2026-10-04T18:00Z,a4t:bkp66t,6,25.2,30.7,16.6,20.7,19.8,24,30.8,19.8,,,0,0.001,106.15,1.5,0,,19.7,0.219,1,277,25.144,96.32,0.647,108.748,,,,,1
2026-10-04T12:00Z,2026-10-05T00:00Z,a4t:bkp66t,12,27.8,33,19.2,23.6,20.7,24,33.2,20.7,,,0,0.004,170.197,1.899,0,,19.7,0.219,7,278,25.633,94.424,1.167,83.28,,,,,1
2026-10-04T12:00Z,2026-10-05T12:00Z,a4t:bkp66t,24,37.8,43.2,28.3,33.4,24.7,24,43.3,24.7,,,0,0,113.808,0.279,0.309,,19.7,0.219,19,278,25.375,95.292,0.053,294.416,,,,,1
2026-10-04T12:00Z,2026-10-06T12:00Z,a4t:bkp66t,48,33.3,36.1,21.9,24.4,23.6,24,36.2,23.6,,,0,0,84.717,1.196,0,,19.7,0.219,19,279,25.944,94.338,0.338,57.044,,,,,1
2026-10-04T12:00Z,2026-10-04T13:00Z,a4t:bkp67t,1,12.7,18.7,15,22.2,23.3,24,18.8,23.3,,,0,0,119.225,2.005,0,,23.3,0.374,20,277,26.657,92.208,1.177,81.932,,,,,1
2026-10-04T12:00Z,2026-10-04T15:00Z,a4t:bkp67t,3,16.1,23.2,15.4,22.7,23.3,24,23.3,23.3,,,0,0,89.205,0.734,0.186,,23.3,0.374,22,277,25.348,96.161,0.285,125.2,,,,,1
2026-10-04T12:00Z,2026-10-04T18:00Z,a4t:bkp67t,6,25.2,35.3,16.6,24.2,23.4,24,35.4,23.4,,,0,0.001,105.676,1.471,0,,23.3,0.374,1,277,25.159,96.295,0.631,109.145,,,,,1
2026-10-04T12:00Z,2026-10-05T00:00Z,a4t:bkp67t,12,27.8,37.4,19.2,27.4,24.4,24,37.5,24.4,,,0,0.003,170.136,1.89,0,,23.3,0.374,7,278,25.642,94.411,1.162,82.537,,,,,1
2026-10-04T12:00Z,2026-10-05T12:00Z,a4t:bkp67t,24,37.8,47.5,28.3,37.7,29.1,24,47.7,29.1,,,0,0,113.463,0.286,0.316,,23.3,0.374,19,278,25.386,95.246,0.044,292.781,,,,,1
2026-10-04T12:00Z,2026-10-06T12:00Z,a4t:bkp67t,48,33.3,38.3,21.9,26.4,27.7,24,38.4,27.8,,,0,0,84.737,1.213,0,,23.3,0.374,19,279,25.943,94.293,0.342,56.626,,,,,1
2026-10-04T12:00Z,2026-10-04T13:00Z,a4t:bkp69t,1,12.7,23.1,15,27.5,28.4,24,23.1,28.4,,,0,0,118.947,1.971,0,,28.4,0.578,20,277,26.669,92.089,1.152,86.071,,,,,1
2026-10-04T12:00Z,2026-10-04T15:00Z,a4t:bkp69t,3,16.1,28.3,15.4,28.1,28.4,24,28.4,28.4,,,0,0,86.918,0.675,0.186,,28.4,0.578,22,277,25.371,96.101,0.247,128.435,,,,,1
2026-10-04T12:00Z,2026-10-04T18:00Z,a4t:bkp69t,6,25.2,42.5,16.6,29.8,28.6,24,42.6,28.6,,,0,0.001,104.537,1.482,0,,28.4,0.578,1,277,25.174,96.323,0.639,110.2,,,,,1
2026-10-04T12:00Z,2026-10-05T00:00Z,a4t:bkp69t,12,27.8,44.1,19.2,33.3,29.8,24,44.2,29.9,,,0,0.003,168.476,1.914,0,,28.4,0.578,7,278,25.654,94.435,1.166,82.949,,,,,1
2026-10-04T12:00Z,2026-10-05T12:00Z,a4t:bkp69t,24,37.8,54,28.3,44.2,35.6,24,54.1,35.7,,,0,0,112.346,0.239,0.328,,28.4,0.578,19,278,25.414,95.153,0.017,279.711,,,,,1
2026-10-04T12:00Z,2026-10-06T12:00Z,a4t:bkp69t,48,33.3,41.4,21.9,29.2,34.1,24,41.4,34.1,,,0,0,82.937,1.224,0,,28.4,0.578,19,279,25.937,94.243,0.344,56.979,,,,,1
2026-10-04T12:00Z,2026-10-04T13:00Z,a4t:bkp70t,1,12.7,12.5,15,14.8,16,24,12.6,16,,,0,0,119.444,2.147,0,,16,-0.008,20,277,26.618,92.113,1.197,84.579,,,,,1
2026-10-04T12:00Z,2026-10-04T15:00Z,a4t:bkp70t,3,16.1,15.9,15.4,15.2,16,24,16,16,,,0,0,87.347,0.715,0.211,,16,-0.008,22,277,25.291,96.288,0.251,136.716,,,,,1
2026-10-04T12:00Z,2026-10-04T18:00Z,a4t:bkp70t,6,25.2,24.9,16.6,16.3,16,24,25,16,,,0,0.001,104.785,1.627,0,,16,-0.008,1,277,25.125,96.504,0.721,109.674,,,,,1
2026-10-04T12:00Z,2026-10-05T00:00Z,a4t:bkp70t,12,27.8,27.5,19.2,19,16.6,24,27.6,16.7,,,0,0.003,166.021,1.989,0,,16,-0.008,7,278,25.627,94.544,1.189,86.758,,,,,1
2026-10-04T12:00Z,2026-10-05T12:00Z,a4t:bkp70t,24,37.8,37.5,28.3,28,19.8,24,37.6,19.9,,,0,0,112.281,0.17,0.308,,16,-0.008,19,278,25.4,95.235,0.09,251.053,,,,,1
2026-10-04T12:00Z,2026-10-06T12:00Z,a4t:bkp70t,48,33.3,33.1,21.9,21.8,18.8,24,33.2,18.9,,,0,0,79.613,1.156,0,,16,-0.008,19,279,25.93,94.376,0.325,59.36,,,,,1
2026-10-04T12:00Z,2026-10-04T13:00Z,a4t:bkp71t,1,15.2,13.6,19.5,17.4,16.5,24,13.7,16.5,,,0,0,119.38,2.296,0,,16.5,-0.101,20,277,26.58,91.983,1.214,87.835,,,,,1
2026-10-04T12:00Z,2026-10-04T15:00Z,a4t:bkp71t,3,16.2,14.6,19.3,17.3,16.5,24,14.6,16.6,,,0,0.001,84.783,0.712,0.238,,16.5,-0.101,22,277,25.235,96.415,0.221,150.883,,,,,1
2026-10-04T12:00Z,2026-10-04T18:00Z,a4t:bkp71t,6,20.3,18.4,18.9,16.9,16.5,24,18.5,16.6,,,0,0.002,103.426,1.793,0,,16.5,-0.101,1,277,25.09,96.745,0.815,110.238,,,,,1
2026-10-04T12:00Z,2026-10-05T00:00Z,a4t:bkp71t,12,15.2,13.9,17.6,15.9,16.3,24,14,16.4,,,0,0.003,161.105,2.107,0,,16.5,-0.101,7,278,25.612,94.698,1.221,90.831,,,,,1
2026-10-04T12:00Z,2026-10-05T12:00Z,a4t:bkp71t,24,21.5,20.1,18.2,16.7,16.4,24,20.2,16.5,,,0,0,110.771,0.26,0.302,,16.5,-0.101,19,278,25.418,95.205,0.221,191.137,,,,,1
2026-10-04T12:00Z,2026-10-06T12:00Z,a4t:bkp71t,48,23.8,22.8,12.7,12.1,13.9,24,22.9,14,,,0,0,73.416,1.096,0,,16.5,-0.101,19,279,25.916,94.45,0.311,62.54,,,,,1
2026-10-04T12:00Z,2026-10-04T13:00Z,a4t:bkp72t,1,15.2,17,19.5,21.8,22.6,24,17.1,22.6,,,0,0,119.681,2.145,0,,22.6,0.111,20,277,26.636,91.854,1.175,92.961,,,,,1
2026-10-04T12:00Z,2026-10-04T15:00Z,a4t:bkp72t,3,16.2,18,19.3,21.6,22.5,24,18.1,22.5,,,0,0,82.532,0.649,0.212,,22.6,0.111,22,277,25.329,96.185,0.186,146.63,,,,,1
2026-10-04T12:00Z,2026-10-04T18:00Z,a4t:bkp72t,6,20.3,22.4,18.9,21.1,22.4,24,22.5,22.4,,,0,0.001,102.767,1.698,0,,22.6,0.111,1,277,25.154,96.575,0.766,111.936,,,,,1
2026-10-04T12:00Z,2026-10-05T00:00Z,a4t:bkp72t,12,15.2,16.6,17.6,19.6,22,24,16.7,22,,,0,0.002,162.197,2.072,0,,22.6,0.111,7,278,25.648,94.605,1.211,88.459,,,,,1
2026-10-04T12:00Z,2026-10-05T12:00Z,a4t:bkp72t,24,21.5,23,18.2,19.9,21.9,24,23.1,21.9,,,0,0,109.755,0.221,0.333,,22.6,0.111,19,278,25.462,95.035,0.196,196.545,,,,,1
2026-10-04T12:00Z,2026-10-06T12:00Z,a4t:bkp72t,48,23.8,24.8,12.7,13.5,18.5,24,24.8,18.5,,,0,0,75.823,1.179,0,,22.6,0.111,19,279,25.91,94.305,0.337,61.091,,,,,1
2026-10-04T12:00Z,2026-10-04T13:00Z,a4t:bkp73t,1,24,24.8,26.9,27.9,27.2,24,25,27.2,,,0,0,120.196,2.448,0,,27.2,0.04,20,277,26.533,92.436,1.315,74.696,,,,,1
2026-10-04T12:00Z,2026-10-04T15:00Z,a4t:bkp73t,3,27.9,28.8,27.2,28.1,27.3,24,29,27.3,,,0,0.001,93.457,0.877,0.242,,27.2,0.04,22,277,25.146,96.647,0.354,136.19,,,,,1
2026-10-04T12:00Z,2026-10-04T18:00Z,a4t:bkp73t,6,36.6,37.7,27.6,28.5,27.3,24,37.9,27.4,,,0,0.003,107.627,1.748,0,,27.2,0.04,1,277,25.03,96.645,0.784,106.748,,,,,1
2026-10-04T12:00Z,2026-10-05T00:00Z,a4t:bkp73t,12,45.5,46.7,29.8,30.8,28,24,46.9,28.1,,,0,0.005,167.319,2.008,0,,27.2,0.04,7,278,25.567,94.611,1.204,89.649,,,,,1
2026-10-04T12:00Z,2026-10-05T12:00Z,a4t:bkp73t,24,39.6,40.4,34.8,35.8,30,24,40.6,30.1,,,0,0,115.044,0.162,0.256,,27.2,0.04,19,278,25.313,95.563,0.106,272.463,,,,,1
2026-10-04T12:00Z,2026-10-06T12:00Z,a4t:bkp73t,48,40.2,40.7,20.6,21,24.3,24,40.8,24.4,,,0,0,79.99,1.048,0,,27.2,0.04,19,279,25.943,94.636,0.294,61.054,,,,,1
2026-10-04T12:00Z,2026-10-04T13:00Z,a4t:bkp74t,1,24,14.4,26.9,16.1,14.8,24,14.5,14.8,,,0,0,119.996,2.68,0,,14.8,-0.489,20,277,26.47,92.579,1.387,71.156,,,,,1
2026-10-04T12:00Z,2026-10-04T15:00Z,a4t:bkp74t,3,27.9,17.2,27.2,16.2,14.9,24,17.3,14.9,,,0,0.002,95.974,0.941,0.271,,14.8,-0.489,22,277,25.04,96.906,0.399,140.48,,,,,1
2026-10-04T12:00Z,2026-10-04T18:00Z,a4t:bkp74t,6,36.6,23.3,27.6,16.6,15,24,23.4,15,,,0,0.005,108.43,1.864,0,,14.8,-0.489,1,277,24.96,96.835,0.846,105.288,,,,,1
2026-10-04T12:00Z,2026-10-05T00:00Z,a4t:bkp74t,12,45.5,30.7,29.8,18.6,15.5,24,30.8,15.5,,,0,0.006,166.078,2.055,0,,14.8,-0.489,7,278,25.527,94.715,1.22,92.468,,,,,1
2026-10-04T12:00Z,2026-10-05T12:00Z,a4t:bkp74t,24,39.6,29.1,34.8,23.5,16.7,24,29.2,16.8,,,0,0,116.153,0.147,0.222,,14.8,-0.489,19,278,25.265,95.752,0.136,253.782,,,,,1
2026-10-04T12:00Z,2026-10-06T12:00Z,a4t:bkp74t,48,40.2,33.4,20.6,16,13.5,24,33.4,13.5,,,0,0,77.347,0.956,0,,14.8,-0.489,19,279,25.949,94.803,0.267,63.081,,,,,1
2026-10-04T12:00Z,2026-10-04T13:00Z,a4t:bkp75t,1,21.8,17.2,31.1,24.4,22.1,24,17.3,22.1,,,0,0.001,117.895,2.696,0,,22,-0.228,20,277,26.449,92.402,1.339,75.247,,,,,1
2026-10-04T12:00Z,2026-10-04T15:00Z,a4t:bkp75t,3,20.5,16.4,30.5,24,22.1,24,16.4,22.1,,,0,0.005,92.104,0.857,0.296,,22,-0.228,22,277,25.01,96.976,0.35,154.681,,,,,1
2026-10-04T12:00Z,2026-10-04T18:00Z,a4t:bkp75t,6,25.4,20.6,28.6,22.6,22.1,24,20.7,22.1,,,0,0.007,105.52,1.953,0,,22,-0.228,1,277,24.934,97.099,0.89,105.732,,,,,1
2026-10-04T12:00Z,2026-10-05T00:00Z,a4t:bkp75t,12,22.2,18.4,25,19.9,21.5,24,18.5,21.5,,,0,0.005,160.506,2.134,0,,22,-0.228,7,278,25.523,94.88,1.226,94.771,,,,,1
2026-10-04T12:00Z,2026-10-05T12:00Z,a4t:bkp75t,24,13.3,11.5,18.9,15.5,19.7,24,11.5,19.7,,,0,0,114.374,0.295,0.219,,22,-0.228,19,278,25.286,95.69,0.216,199.005,,,,,1
2026-10-04T12:00Z,2026-10-06T12:00Z,a4t:bkp75t,48,20.4,18.7,10.6,9.4,15.1,24,18.7,15.1,,,0,0,69.478,0.893,0,,22,-0.228,19,279,25.946,94.79,0.244,64.91,,,,,1
2026-10-04T12:00Z,2026-10-04T13:00Z,a4t:bkp77t,1,21.8,13.9,31.1,19.8,17.2,24,14,17.2,,,0,0,118.2,2.528,0,,17.1,-0.429,20,277,26.5,92.127,1.266,82.623,,,,,1
2026-10-04T12:00Z,2026-10-04T15:00Z,a4t:bkp77t,3,20.5,13.3,30.5,19.5,17.2,24,13.4,17.2,,,0,0.005,87.057,0.784,0.279,,17.1,-0.429,22,277,25.101,96.745,0.279,159.595,,,,,1
2026-10-04T12:00Z,2026-10-04T18:00Z,a4t:bkp77t,6,25.4,17,28.6,18.4,17.2,24,17.1,17.2,,,0,0.006,103.559,1.933,0,,17.1,-0.429,1,277,24.997,97.038,0.886,108.104,,,,,1
2026-10-04T12:00Z,2026-10-05T00:00Z,a4t:bkp77t,12,22.2,15.6,25,16.3,16.8,24,15.6,16.8,,,0,0.004,158.429,2.169,0,,17.1,-0.429,7,278,25.563,94.862,1.234,94.218,,,,,1
2026-10-04T12:00Z,2026-10-05T12:00Z,a4t:bkp77t,24,13.3,10,18.9,13,15.4,24,10,15.4,,,0,0,111.85,0.367,0.258,,17.1,-0.429,19,278,25.36,95.43,0.277,185.584,,,,,1
2026-10-04T12:00Z,2026-10-06T12:00Z,a4t:bkp77t,48,20.4,17.2,10.6,8.4,11.8,24,17.3,11.8,,,0,0,68.268,0.966,0,,17.1,-0.429,19,279,25.927,94.639,0.27,64.96,,,,,1
2026-10-04T12:00Z,2026-10-04T13:00Z,a4t:bkp78t,1,15.2,16.1,19.5,20.6,20.9,24,16.1,20.9,,,0,0,119.45,2.566,0,,20.9,0.057,20,277,26.524,91.658,1.248,95.409,,,,,1
2026-10-04T12:00Z,2026-10-04T15:00Z,a4t:bkp78t,3,16.2,17.1,19.3,20.4,20.9,24,17.2,20.9,,,0,0.005,78.478,0.801,0.283,,20.9,0.057,22,277,25.16,96.576,0.229,176.069,,,,,1
2026-10-04T12:00Z,2026-10-04T18:00Z,a4t:bkp78t,6,20.3,21.3,18.9,19.9,20.8,24,21.4,20.8,,,0,0.004,100.354,2.099,0,,20.9,0.057,1,277,25.046,97.169,0.992,111.774,,,,,1
2026-10-04T12:00Z,2026-10-05T00:00Z,a4t:bkp78t,12,15.2,15.9,17.6,18.6,20.4,24,15.9,20.4,,,0,0.002,151.392,2.363,0,,20.9,0.057,7,278,25.598,94.976,1.297,97.076,,,,,1
2026-10-04T12:00Z,2026-10-05T12:00Z,a4t:bkp78t,24,21.5,22.2,18.2,19,20.4,24,22.3,20.4,,,0,0,107.18,0.673,0.302,,20.9,0.057,19,278,25.477,95.068,0.49,164.887,,,,,1
2026-10-04T12:00Z,2026-10-06T12:00Z,a4t:bkp78t,48,23.8,24.3,12.7,13.1,17.2,24,24.3,17.2,,,0,0,61.663,1.02,0,,20.9,0.057,19,279,25.884,94.542,0.313,69.361,,,,,1
2026-10-04T12:00Z,2026-10-04T13:00Z,a4t:bkp79t,1,21.8,16.2,31.1,23.1,22,24,16.3,22,,,0,0.001,117.455,2.598,0,,22,-0.285,20,277,26.478,92.027,1.261,84.919,,,,,1
2026-10-04T12:00Z,2026-10-04T15:00Z,a4t:bkp79t,3,20.5,15.4,30.5,22.6,22,24,15.5,22,,,0,0.008,84.94,0.801,0.298,,22,-0.285,22,277,25.069,96.818,0.286,169.545,,,,,1
2026-10-04T12:00Z,2026-10-04T18:00Z,a4t:bkp79t,6,25.4,19.5,28.6,21.3,21.9,24,19.5,21.9,,,0,0.007,102.13,2.022,0,,22,-0.285,1,277,24.975,97.214,0.934,108.383,,,,,1
2026-10-04T12:00Z,2026-10-05T00:00Z,a4t:bkp79t,12,22.2,17.5,25,18.9,21.2,24,17.6,21.2,,,0,0.003,154.844,2.242,0,,22,-0.285,7,278,25.555,94.973,1.25,96.156,,,,,1
2026-10-04T12:00Z,2026-10-05T12:00Z,a4t:bkp79t,24,13.3,11,18.9,14.8,19.4,24,11,19.4,,,0,0,110.765,0.515,0.254,,22,-0.285,19,278,25.372,95.404,0.367,178.077,,,,,1
2026-10-04T12:00Z,2026-10-06T12:00Z,a4t:bkp79t,48,20.4,18.3,10.6,9.1,14.8,24,18.3,14.8,,,0,0,63.432,0.925,0,,22,-0.285,19,279,25.921,94.664,0.263,67.053,,,,,1
2026-10-04T12:00Z,2026-10-04T13:00Z,a4t:bkp80t,1,21.8,16.7,31.1,23.8,23.2,24,16.8,23.2,,,0,0.033,113.416,2.874,0,,23.2,-0.254,20,277,26.382,91.861,1.256,87.311,,,,,1
2026-10-04T12:00Z,2026-10-04T15:00Z,a4t:bkp80t,3,20.5,15.9,30.5,23.3,23.2,24,15.9,23.2,,,0,0.028,80.684,0.992,0.369,,23.2,-0.254,22,277,24.917,97.187,0.437,195.814,,,,,1
2026-10-04T12:00Z,2026-10-04T18:00Z,a4t:bkp80t,6,25.4,20,28.6,22,23.1,24,20.1,23.1,,,0,0.012,97.773,2.277,0,,23.2,-0.254,1,277,24.862,97.854,1.063,107.521,,,,,1
2026-10-04T12:00Z,2026-10-05T00:00Z,a4t:bkp80t,12,22.2,18,25,19.4,22.3,24,18,22.3,,,0,0.002,144.061,2.441,0,,23.2,-0.254,7,278,25.51,95.358,1.284,101.445,,,,,1
2026-10-04T12:00Z,2026-10-05T12:00Z,a4t:bkp80t,24,13.3,11.2,18.9,15.1,20.4,24,11.3,20.4,,,0,0,108.805,0.977,0.217,,23.2,-0.254,19,278,25.36,95.481,0.624,173.786,,,,,1
2026-10-04T12:00Z,2026-10-06T12:00Z,a4t:bkp80t,48,20.4,18.5,10.6,9.2,15.6,24,18.5,15.6,,,0,0,47.222,0.739,0,,23.2,-0.254,19,279,25.923,94.796,0.232,74.349,,,,,1
2026-10-04T12:00Z,2026-10-04T13:00Z,a4t:bkp81t,1,15.2,23.6,19.5,30.4,32,24,23.7,32.1,,,0,0,119.62,2.221,0,,32.1,0.431,20,277,26.609,91.899,1.194,90.945,,,,,1
2026-10-04T12:00Z,2026-10-04T15:00Z,a4t:bkp81t,3,16.2,24.7,19.3,30.1,32,24,24.8,32,,,0,0.001,83.296,0.679,0.225,,32.1,0.431,22,277,25.285,96.292,0.198,149.558,,,,,1
2026-10-04T12:00Z,2026-10-04T18:00Z,a4t:bkp81t,6,20.3,30.1,18.9,29.3,31.8,24,30.2,31.8,,,0,0.002,102.98,1.753,0,,32.1,0.431,1,277,25.124,96.664,0.796,111.255,,,,,1
2026-10-04T12:00Z,2026-10-05T00:00Z,a4t:bkp81t,12,15.2,21.6,17.6,26.8,31.1,24,21.7,31.1,,,0,0.003,161.367,2.097,0,,32.1,0.431,7,278,25.632,94.656,1.218,89.82,,,,,1
2026-10-04T12:00Z,2026-10-05T12:00Z,a4t:bkp81t,24,21.5,28.2,18.2,25.8,30.9,24,28.2,31,,,0,0,110.06,0.249,0.319,,32.1,0.431,19,278,25.446,95.104,0.217,190.759,,,,,1
2026-10-04T12:00Z,2026-10-06T12:00Z,a4t:bkp81t,48,23.8,28,12.7,15.8,26.1,24,28.1,26.1,,,0,0,74.379,1.14,0,,32.1,0.431,19,279,25.911,94.374,0.325,61.984,,,,,1
2026-10-04T12:00Z,2026-10-04T13:00Z,a4t:bkp82t,1,12.7,13.9,15,16.5,18.1,24,13.9,18.1,,,0,0,119.056,1.924,0,,18.1,0.089,20,277,26.678,92.298,1.17,78.992,,,,,1
2026-10-04T12:00Z,2026-10-04T15:00Z,a4t:bkp82t,3,16.1,17.5,15.4,16.9,18,24,17.6,18,,,0,0,90.934,0.772,0.171,,18.1,0.089,22,277,25.379,96.094,0.32,117.729,,,,,1
2026-10-04T12:00Z,2026-10-04T18:00Z,a4t:bkp82t,6,25.2,27.2,16.6,18.1,18.1,24,27.3,18.1,,,0,0,106.469,1.365,0,,18.1,0.089,1,277,25.177,96.156,0.57,108.415,,,,,1
2026-10-04T12:00Z,2026-10-05T00:00Z,a4t:bkp82t,12,27.8,29.8,19.2,20.8,18.7,24,29.9,18.8,,,0,0.004,173.161,1.826,0,,18.1,0.089,7,278,25.65,94.32,1.146,79.409,,,,,1
2026-10-04T12:00Z,2026-10-05T12:00Z,a4t:bkp82t,24,37.8,39.8,28.3,30.2,22.2,24,39.9,22.2,,,0,0,114.501,0.412,0.318,,18.1,0.089,19,278,25.371,95.276,0.122,304.435,,,,,1
2026-10-04T12:00Z,2026-10-06T12:00Z,a4t:bkp82t,48,33.3,34.4,21.9,22.9,21,24,34.4,21.1,,,0,0,88.386,1.248,0,,18.1,0.089,19,279,25.954,94.249,0.355,54.84,,,,,1
2026-10-04T12:00Z,2026-10-04T13:00Z,a4t:bkp83t,1,12.7,12.4,15,14.7,14.5,24,12.5,14.5,,,0,0,119.398,2.007,0,,14.5,-0.017,20,277,26.656,92.279,1.189,79.568,,,,,1
2026-10-04T12:00Z,2026-10-04T15:00Z,a4t:bkp83t,3,16.1,15.7,15.4,15.1,14.5,24,15.8,14.5,,,0,0,90.595,0.772,0.183,,14.5,-0.017,22,277,25.345,96.172,0.311,122.262,,,,,1
2026-10-04T12:00Z,2026-10-04T18:00Z,a4t:bkp83t,6,25.2,24.7,16.6,16.2,14.7,24,24.8,14.7,,,0,0.001,106.398,1.445,0,,14.5,-0.017,1,277,25.157,96.249,0.616,108.57,,,,,1
2026-10-04T12:00Z,2026-10-05T00:00Z,a4t:bkp83t,12,27.8,27.3,19.2,18.8,15.4,24,27.4,15.5,,,0,0.004,171.554,1.867,0,,14.5,-0.017,7,278,25.639,94.379,1.158,81.731,,,,,1
2026-10-04T12:00Z,2026-10-05T12:00Z,a4t:bkp83t,24,37.8,37.3,28.3,27.8,18.7,24,37.4,18.7,,,0,0,114.169,0.335,0.312,,14.5,-0.017,19,278,25.372,95.292,0.081,300.401,,,,,1
2026-10-04T12:00Z,2026-10-06T12:00Z,a4t:bkp83t,48,33.3,33,21.9,21.7,18,24,33.1,18,,,0,0,86.411,1.217,0,,14.5,-0.017,19,279,25.948,94.307,0.345,56.133,,,,,1
2026-10-04T12:00Z,2026-10-04T13:00Z,a4t:bkp84t,1,12.7,14.6,15,17.2,15.1,24,14.6,15.1,,,0,0,119.622,1.982,0,,15,0.134,20,277,26.665,92.382,1.201,76.186,,,,,1
2026-10-04T12:00Z,2026-10-04T15:00Z,a4t:bkp84t,3,16.1,18.3,15.4,17.7,15.2,24,18.4,15.2,,,0,0,92.614,0.832,0.173,,15,0.134,22,277,25.355,96.151,0.353,116.906,,,,,1
2026-10-04T12:00Z,2026-10-04T18:00Z,a4t:bkp84t,6,25.2,28.4,16.6,18.9,15.4,24,28.5,15.4,,,0,0,107.471,1.38,0,,15,0.134,1,277,25.163,96.143,0.579,107.767,,,,,1
2026-10-04T12:00Z,2026-10-05T00:00Z,a4t:bkp84t,12,27.8,30.9,19.2,21.8,16.5,24,31,16.6,,,0,0.004,174.185,1.822,0,,15,0.134,7,278,25.639,94.309,1.149,79.69,,,,,1
2026-10-04T12:00Z,2026-10-05T12:00Z,a4t:bkp84t,24,37.8,41,28.3,31.3,20.5,24,41.1,20.6,,,0,0,115.24,0.44,0.309,,15,0.134,19,278,25.353,95.344,0.151,309.222,,,,,1
2026-10-04T12:00Z,2026-10-06T12:00Z,a4t:bkp84t,48,33.3,35,21.9,23.4,20,24,35,20.1,,,0,0,89.634,1.237,0,,15,0.134,19,279,25.956,94.303,0.354,55.028,,,,,1
2026-10-04T12:00Z,2026-10-04T13:00Z,a4t:bkp85t,1,12.7,16.2,15,19.3,20.3,24,16.3,20.3,,,0,0,120.319,2.087,0,,20.3,0.238,20,277,26.639,92.441,1.239,74.395,,,,,1
2026-10-04T12:00Z,2026-10-04T15:00Z,a4t:bkp85t,3,16.1,20.3,15.4,19.7,20.3,24,20.4,20.3,,,0,0,93.833,0.881,0.183,,20.3,0.238,22,277,25.313,96.25,0.375,118.847,,,,,1
2026-10-04T12:00Z,2026-10-04T18:00Z,a4t:bkp85t,6,25.2,31.2,16.6,21.1,20.4,24,31.3,20.4,,,0,0.001,108.278,1.444,0,,20.3,0.238,1,277,25.139,96.193,0.616,107.361,,,,,1
2026-10-04T12:00Z,2026-10-05T00:00Z,a4t:bkp85t,12,27.8,33.6,19.2,24.1,21.2,24,33.7,21.3,,,0,0.005,174.022,1.845,0,,20.3,0.238,7,278,25.623,94.337,1.16,81.435,,,,,1
2026-10-04T12:00Z,2026-10-05T12:00Z,a4t:bkp85t,24,37.8,43.7,28.3,33.9,25.3,24,43.8,25.4,,,0,0,115.66,0.415,0.297,,20.3,0.238,19,278,25.338,95.413,0.152,311.725,,,,,1
2026-10-04T12:00Z,2026-10-06T12:00Z,a4t:bkp85t,48,33.3,36.4,21.9,24.7,24.2,24,36.4,24.2,,,0,0,89.421,1.209,0,,20.3,0.238,19,279,25.954,94.385,0.346,56.031,,,,,1
2026-10-04T12:00Z,2026-10-04T13:00Z,a4t:bkp86t,1,12.7,13.6,15,16.1,16.6,24,13.7,16.6,,,0,0,121.388,2.095,0,,16.6,0.071,20,277,26.649,92.615,1.28,69.057,,,,,1
2026-10-04T12:00Z,2026-10-04T15:00Z,a4t:bkp86t,3,16.1,17.2,15.4,16.5,16.6,24,17.3,16.6,,,0,0,97.381,1.019,0.167,,16.6,0.071,22,277,25.325,96.228,0.46,112.171,,,,,1
2026-10-04T12:00Z,2026-10-04T18:00Z,a4t:bkp86t,6,25.2,26.8,16.6,17.7,16.7,24,26.9,16.7,,,0,0,110.481,1.364,0,,16.6,0.071,1,277,25.148,96.011,0.572,106.243,,,,,1
2026-10-04T12:00Z,2026-10-05T00:00Z,a4t:bkp86t,12,27.8,29.3,19.2,20.5,17.5,24,29.4,17.5,,,0,0.005,178.439,1.787,0,,16.6,0.071,7,278,25.621,94.219,1.154,78.7,,,,,1
2026-10-04T12:00Z,2026-10-05T12:00Z,a4t:bkp86t,24,37.8,39.4,28.3,29.8,21,24,39.5,21,,,0,0,117.402,0.592,0.293,,16.6,0.071,19,278,25.309,95.5,0.268,321.362,,,,,1
2026-10-04T12:00Z,2026-10-06T12:00Z,a4t:bkp86t,48,33.3,34.1,21.9,22.7,20,24,34.2,20.1,,,0,0,95.175,1.245,0,,16.6,0.071,19,279,25.962,94.404,0.366,54.846,,,,,1
2026-10-04T12:00Z,2026-10-04T13:00Z,a4t:bkp87t,1,12.7,14.4,15,17.1,19,24,14.5,19,,,0,0,120.552,1.897,0,,19.1,0.123,20,277,26.709,92.692,1.243,65.37,,,,,1
2026-10-04T12:00Z,2026-10-04T15:00Z,a4t:bkp87t,3,16.1,18.1,15.4,17.5,19,24,18.2,19,,,0,0,98.823,1.075,0.132,,19.1,0.123,22,277,25.415,96.023,0.502,102.873,,,,,1
2026-10-04T12:00Z,2026-10-04T18:00Z,a4t:bkp87t,6,25.2,28.1,16.6,18.7,19.1,24,28.2,19.1,,,0,0,110.956,1.141,0,,19.1,0.123,1,277,25.201,95.742,0.444,105.019,,,,,1
2026-10-04T12:00Z,2026-10-05T00:00Z,a4t:bkp87t,12,27.8,30.6,19.2,21.6,19.7,24,30.7,19.7,,,0,0.004,183.298,1.688,0,,19.1,0.123,7,278,25.648,94.049,1.128,71.394,,,,,1
2026-10-04T12:00Z,2026-10-05T12:00Z,a4t:bkp87t,24,37.8,40.7,28.3,31,23.2,24,40.8,23.3,,,0,0,118.559,0.832,0.308,,19.1,0.123,19,278,25.301,95.476,0.396,321.865,,,,,1
2026-10-04T12:00Z,2026-10-06T12:00Z,a4t:bkp87t,48,33.3,34.8,21.9,23.3,22,24,34.9,22,,,0,0,101.131,1.332,0,,19.1,0.123,19,279,25.98,94.255,0.4,51.516,,,,,1
2026-10-04T12:00Z,2026-10-04T13:00Z,a4t:bkp88t,1,12.7,16.8,15,20,21.6,24,16.9,21.6,,,0,0,119.344,1.918,0,,21.6,0.272,20,277,26.683,92.402,1.187,75.43,,,,,1
2026-10-04T12:00Z,2026-10-04T15:00Z,a4t:bkp88t,3,16.1,21,15.4,20.4,21.5,24,21.1,21.5,,,0,0,92.98,0.839,0.163,,21.6,0.272,22,277,25.382,96.09,0.363,113.437,,,,,1
2026-10-04T12:00Z,2026-10-04T18:00Z,a4t:bkp88t,6,25.2,32.2,16.6,21.8,21.6,24,32.3,21.6,,,0,0,107.569,1.314,0,,21.6,0.272,1,277,25.179,96.066,0.541,107.542,,,,,1
2026-10-04T12:00Z,2026-10-05T00:00Z,a4t:bkp88t,12,27.8,34.5,19.2,24.9,22.4,24,34.6,22.5,,,0,0.004,175.557,1.789,0,,21.6,0.272,7,278,25.647,94.26,1.14,77.695,,,,,1
2026-10-04T12:00Z,2026-10-05T12:00Z,a4t:bkp88t,24,37.8,44.7,28.3,34.8,26.6,24,44.8,26.7,,,0,0,115.555,0.507,0.314,,21.6,0.272,19,278,25.351,95.336,0.188,310.924,,,,,1
2026-10-04T12:00Z,2026-10-06T12:00Z,a4t:bkp88t,48,33.3,36.9,21.9,25.1,25.3,24,36.9,25.3,,,0,0,91.306,1.262,0,,21.6,0.272,19,279,25.961,94.258,0.363,53.987,,,,,1
2026-10-04T12:00Z,2026-10-04T13:00Z,a4t:bkp89t,1,12.7,15.8,15,18.7,20.5,24,15.8,20.5,,,0,0,118.642,1.73,0,,20.6,0.211,20,277,26.745,92.624,1.176,66.542,,,,,1
2026-10-04T12:00Z,2026-10-04T15:00Z,a4t:bkp89t,3,16.1,19.8,15.4,19.2,20.5,24,19.8,20.5,,,0,0,97.197,0.989,0.121,,20.6,0.211,22,277,25.47,95.895,0.462,99.116,,,,,1
2026-10-04T12:00Z,2026-10-04T18:00Z,a4t:bkp89t,6,25.2,30.5,16.6,20.5,20.6,24,30.6,20.6,,,0,0,109.392,1.026,0,,20.6,0.211,1,277,25.23,95.698,0.374,104.611,,,,,1
2026-10-04T12:00Z,2026-10-05T00:00Z,a4t:bkp89t,12,27.8,32.9,19.2,23.5,21.3,24,32.9,21.3,,,0,0.004,183.401,1.655,0,,20.6,0.211,7,278,25.669,94.021,1.113,67.73,,,,,1
2026-10-04T12:00Z,2026-10-05T12:00Z,a4t:bkp89t,24,37.8,43,28.3,33.2,25.2,24,43.1,25.3,,,0,0,118.172,0.876,0.321,,20.6,0.211,19,278,25.312,95.402,0.409,317.615,,,,,1
2026-10-04T12:00Z,2026-10-06T12:00Z,a4t:bkp89t,48,33.3,36,21.9,24.3,23.9,24,36.1,24,,,0,0,100.701,1.364,0,,20.6,0.211,19,279,25.99,94.125,0.408,49.661,,,,,1
2026-10-04T12:00Z,2026-10-04T13:00Z,a4t:bkp90t,1,12.7,19.2,15,22.9,24.7,24,19.3,24.7,,,0,0,115.884,1.527,0,,24.8,0.4,20,277,26.78,92.398,1.068,74.491,,,,,1
2026-10-04T12:00Z,2026-10-04T15:00Z,a4t:bkp90t,3,16.1,23.8,15.4,23.4,24.7,24,23.9,24.7,,,0,0,92.394,0.773,0.119,,24.8,0.4,22,277,25.53,95.755,0.356,97.088,,,,,1
2026-10-04T12:00Z,2026-10-04T18:00Z,a4t:bkp90t,6,25.2,36.2,16.6,24.9,24.8,24,36.3,24.8,,,0,0,105.943,0.96,0,,24.8,0.4,1,277,25.259,95.779,0.334,105.902,,,,,1
2026-10-04T12:00Z,2026-10-05T00:00Z,a4t:bkp90t,12,27.8,38.2,19.2,28.1,25.7,24,38.3,25.8,,,0,0.003,180.075,1.657,0,,24.8,0.4,7,278,25.697,94.076,1.101,66.253,,,,,1
2026-10-04T12:00Z,2026-10-05T12:00Z,a4t:bkp90t,24,37.8,48.4,28.3,38.5,30.5,24,48.5,30.5,,,0,0,116.241,0.796,0.342,,24.8,0.4,19,278,25.352,95.235,0.348,308.534,,,,,1
2026-10-04T12:00Z,2026-10-06T12:00Z,a4t:bkp90t,48,33.3,38.7,21.9,26.7,29,24,38.7,29,,,0,0,95.926,1.377,0,,24.8,0.4,19,279,25.992,93.96,0.403,48.516,,,,,1
2026-10-04T12:00Z,2026-10-04T13:00Z,a4t:bkp91t,1,12.7,13.4,15,15.9,16.1,24,13.5,16.1,,,0,0,117.977,1.796,0,,16.1,0.058,20,277,26.713,92.135,1.11,85.087,,,,,1
2026-10-04T12:00Z,2026-10-04T15:00Z,a4t:bkp91t,3,16.1,16.9,15.4,16.3,16.1,24,17.1,16.1,,,0,0,87.693,0.661,0.162,,16.1,0.058,22,277,25.438,95.949,0.266,117.828,,,,,1
2026-10-04T12:00Z,2026-10-04T18:00Z,a4t:bkp91t,6,25.2,26.4,16.6,17.5,16.3,24,26.6,16.3,,,0,0,104.58,1.312,0,,16.1,0.058,1,277,25.213,96.141,0.54,109.842,,,,,1
2026-10-04T12:00Z,2026-10-05T00:00Z,a4t:bkp91t,12,27.8,29,19.2,20.2,17,24,29.1,17,,,0,0.003,171.74,1.823,0,,16.1,0.058,7,278,25.675,94.319,1.139,78.093,,,,,1
2026-10-04T12:00Z,2026-10-05T12:00Z,a4t:bkp91t,24,37.8,39,28.3,29.4,20.5,24,39.2,20.6,,,0,0,113.11,0.387,0.34,,16.1,0.058,19,278,25.408,95.131,0.09,295.604,,,,,1
2026-10-04T12:00Z,2026-10-06T12:00Z,a4t:bkp91t,48,33.3,34,21.9,22.5,19.6,24,34,19.7,,,0,0,86.767,1.282,0,,16.1,0.058,19,279,25.951,94.124,0.362,54.162,,,,,1
2026-10-04T12:00Z,2026-10-04T13:00Z,a4t:bkp92t,1,12.7,18.5,15,22,22.7,24,18.6,22.7,,,0,0,120.29,2.125,0,,22.7,0.364,20,277,26.627,92.412,1.243,75.326,,,,,1
2026-10-04T12:00Z,2026-10-04T15:00Z,a4t:bkp92t,3,16.1,23,15.4,22.5,22.7,24,23.1,22.7,,,0,0,93.249,0.863,0.191,,22.7,0.364,22,277,25.295,96.291,0.361,121.742,,,,,1
2026-10-04T12:00Z,2026-10-04T18:00Z,a4t:bkp92t,6,25.2,35,16.6,24,22.9,24,35.1,22.9,,,0,0.001,107.949,1.49,0,,22.7,0.364,1,277,25.127,96.261,0.642,107.54,,,,,1
2026-10-04T12:00Z,2026-10-05T00:00Z,a4t:bkp92t,12,27.8,37.1,19.2,27.1,23.9,24,37.2,23.9,,,0,0.005,172.712,1.872,0,,22.7,0.364,7,278,25.618,94.38,1.166,82.794,,,,,1
2026-10-04T12:00Z,2026-10-05T12:00Z,a4t:bkp92t,24,37.8,47.3,28.3,37.4,28.6,24,47.4,28.6,,,0,0,115.306,0.359,0.294,,22.7,0.364,19,278,25.341,95.411,0.122,308.451,,,,,1
2026-10-04T12:00Z,2026-10-06T12:00Z,a4t:bkp92t,48,33.3,38.2,21.9,26.3,27.3,24,38.2,27.4,,,0,0,87.732,1.189,0,,22.7,0.364,19,279,25.95,94.41,0.339,56.775,,,,,1
2026-10-04T12:00Z,2026-10-04T13:00Z,a4t:bkp93t,1,12.7,12.5,15,14.8,14.7,24,12.5,14.7,,,0,0,119.755,2.276,0,,14.7,-0.015,20,277,26.579,92.265,1.248,79.596,,,,,1
2026-10-04T12:00Z,2026-10-04T15:00Z,a4t:bkp93t,3,16.1,15.8,15.4,15.1,14.7,24,15.9,14.7,,,0,0.001,90.219,0.789,0.225,,14.7,-0.015,22,277,25.224,96.454,0.297,136.335,,,,,1
2026-10-04T12:00Z,2026-10-04T18:00Z,a4t:bkp93t,6,25.2,24.8,16.6,16.3,14.9,24,24.9,14.9,,,0,0.002,106.103,1.679,0,,14.7,-0.015,1,277,25.081,96.568,0.748,108.231,,,,,1
2026-10-04T12:00Z,2026-10-05T00:00Z,a4t:bkp93t,12,27.8,27.4,19.2,18.9,15.6,24,27.5,15.6,,,0,0.004,166.674,1.995,0,,14.7,-0.015,7,278,25.599,94.574,1.195,88.039,,,,,1
2026-10-04T12:00Z,2026-10-05T12:00Z,a4t:bkp93t,24,37.8,37.4,28.3,27.9,18.9,24,37.5,18.9,,,0,0,113.59,0.165,0.284,,14.7,-0.015,19,278,25.359,95.389,0.09,261.523,,,,,1
2026-10-04T12:00Z,2026-10-06T12:00Z,a4t:bkp93t,48,33.3,33.1,21.9,21.7,18.1,24,33.1,18.1,,,0,0,79.828,1.105,0,,14.7,-0.015,19,279,25.937,94.495,0.31,60.036,,,,,1
2026-10-04T12:00Z,2026-10-04T13:00Z,a4t:bkp94t,1,12.7,18.1,15,21.7,24.1,24,18.2,24.1,,,0,0,119.377,2.114,0,,24.2,0.351,20,277,26.629,92.079,1.186,85.781,,,,,1
2026-10-04T12:00Z,2026-10-04T15:00Z,a4t:bkp94t,3,16.1,22.6,15.4,22.2,24.1,24,22.6,24.1,,,0,0,86.725,0.698,0.207,,24.2,0.351,22,277,25.31,96.244,0.242,136.377,,,,,1
2026-10-04T12:00Z,2026-10-04T18:00Z,a4t:bkp94t,6,25.2,34.4,16.6,23.6,24.2,24,34.5,24.2,,,0,0.001,104.509,1.61,0,,24.2,0.351,1,277,25.137,96.481,0.711,110.025,,,,,1
2026-10-04T12:00Z,2026-10-05T00:00Z,a4t:bkp94t,12,27.8,36.6,19.2,26.7,25,24,36.6,25,,,0,0.003,166.012,1.984,0,,24.2,0.351,7,278,25.634,94.532,1.187,86.316,,,,,1
2026-10-04T12:00Z,2026-10-05T12:00Z,a4t:bkp94t,24,37.8,46.7,28.3,36.8,29.4,24,46.8,29.4,,,0,0,112.007,0.172,0.315,,24.2,0.351,19,278,25.409,95.198,0.088,250.898,,,,,1
2026-10-04T12:00Z,2026-10-06T12:00Z,a4t:bkp94t,48,33.3,37.9,21.9,26,27.8,24,37.9,27.9,,,0,0,79.755,1.17,0,,24.2,0.351,19,279,25.929,94.344,0.329,59.118,,,,,1
2026-10-04T12:00Z,2026-10-04T13:00Z,a4t:bkp95t,1,24,18.1,26.9,20.3,19.4,24,18.2,19.4,,,0,0,120.596,2.314,0,,19.4,-0.269,20,277,26.575,92.441,1.291,74.586,,,,,1
2026-10-04T12:00Z,2026-10-04T15:00Z,a4t:bkp95t,3,27.9,21.4,27.2,20.5,19.5,24,21.5,19.5,,,0,0,93.73,0.884,0.218,,19.4,-0.269,22,277,25.211,96.49,0.363,128.995,,,,,1
2026-10-04T12:00Z,2026-10-04T18:00Z,a4t:bkp95t,6,36.6,28.6,27.6,20.9,19.6,24,28.7,19.6,,,0,0.002,108.115,1.636,0,,19.4,-0.269,1,277,25.074,96.456,0.724,107.103,,,,,1
2026-10-04T12:00Z,2026-10-05T00:00Z,a4t:bkp95t,12,45.5,36.6,29.8,23,20.1,24,36.7,20.1,,,0,0.005,170.119,1.945,0,,19.4,-0.269,7,278,25.589,94.497,1.189,86.744,,,,,1
2026-10-04T12:00Z,2026-10-05T12:00Z,a4t:bkp95t,24,39.6,33.4,34.8,28,21.6,24,33.5,21.6,,,0,0,115.29,0.242,0.273,,19.4,-0.269,19,278,25.324,95.502,0.098,300.041,,,,,1
2026-10-04T12:00Z,2026-10-06T12:00Z,a4t:bkp95t,48,40.2,36.3,20.6,18,17.4,24,36.3,17.5,,,0,0,84.091,1.114,0,,19.4,-0.269,19,279,25.945,94.546,0.316,59.157,,,,,1
2026-10-04T12:00Z,2026-10-04T13:00Z,a4t:bkp96t,1,21.8,15.7,31.1,22.2,19.8,24,15.7,19.8,,,0,0,119.497,2.388,0,,19.7,-0.322,20,277,26.546,92.273,1.27,79.15,,,,,1
2026-10-04T12:00Z,2026-10-04T15:00Z,a4t:bkp96t,3,20.5,15,30.5,21.8,19.8,24,15,19.8,,,0,0.001,90.225,0.8,0.244,,19.7,-0.322,22,277,25.17,96.584,0.299,142.255,,,,,1
2026-10-04T12:00Z,2026-10-04T18:00Z,a4t:bkp96t,6,25.4,19,28.6,20.6,19.8,24,19,19.8,,,0,0.003,105.843,1.767,0,,19.7,-0.322,1,277,25.045,96.715,0.796,107.827,,,,,1
2026-10-04T12:00Z,2026-10-05T00:00Z,a4t:bkp96t,12,22.2,17.1,25,18.3,19.3,24,17.2,19.3,,,0,0.004,164.625,2.044,0,,19.7,-0.322,7,278,25.581,94.661,1.207,90.253,,,,,1
2026-10-04T12:00Z,2026-10-05T12:00Z,a4t:bkp96t,24,13.3,10.8,18.9,14.4,17.7,24,10.8,17.7,,,0,0,113.499,0.166,0.27,,19.7,-0.322,19,278,25.347,95.446,0.134,229.671,,,,,1
2026-10-04T12:00Z,2026-10-06T12:00Z,a4t:bkp96t,48,20.4,18,10.6,8.9,13.5,24,18.1,13.5,,,0,0,76.783,1.053,0,,19.7,-0.322,19,279,25.935,94.572,0.294,61.566,,,,,1
2026-10-04T12:00Z,2026-10-04T13:00Z,a4t:bkp97t,1,24,19.7,26.9,21.9,20.3,24,19.7,20.3,,,0,0,120.392,2.594,0,,20.3,-0.197,20,277,26.496,92.551,1.368,71.811,,,,,1
2026-10-04T12:00Z,2026-10-04T15:00Z,a4t:bkp97t,3,27.9,23.1,27.2,22.2,20.4,24,23.1,20.4,,,0,0.001,95.586,0.935,0.257,,20.3,-0.197,22,277,25.082,96.803,0.392,137.27,,,,,1
2026-10-04T12:00Z,2026-10-04T18:00Z,a4t:bkp97t,6,36.6,30.7,27.6,22.6,20.5,24,30.7,20.5,,,0,0.004,108.552,1.812,0,,20.3,-0.197,1,277,24.989,96.73,0.819,105.754,,,,,1
2026-10-04T12:00Z,2026-10-05T00:00Z,a4t:bkp97t,12,45.5,39,29.8,24.8,21.2,24,39,21.2,,,0,0.006,167.277,2.028,0,,20.3,-0.197,7,278,25.542,94.655,1.214,91.161,,,,,1
2026-10-04T12:00Z,2026-10-05T12:00Z,a4t:bkp97t,24,39.6,35.1,34.8,29.8,22.9,24,35.1,22.9,,,0,0,115.984,0.153,0.235,,20.3,-0.197,19,278,25.28,95.692,0.125,273.159,,,,,1
2026-10-04T12:00Z,2026-10-06T12:00Z,a4t:bkp97t,48,40.2,37.4,20.6,18.7,18.5,24,37.4,18.5,,,0,0,79.386,0.998,0,,20.3,-0.197,19,279,25.947,94.745,0.28,62.134,,,,,1
2026-10-04T12:00Z,2026-10-04T13:00Z,a4t:bkp98t,1,24,18.3,26.9,20.4,19.5,24,18.3,19.5,,,0,0,119.861,2.568,0,,19.5,-0.266,20,277,26.498,92.48,1.344,73.534,,,,,1
2026-10-04T12:00Z,2026-10-04T15:00Z,a4t:bkp98t,3,27.9,21.5,27.2,20.6,19.6,24,21.5,19.6,,,0,0.002,94.13,0.895,0.26,,19.5,-0.266,22,277,25.087,96.788,0.366,140.414,,,,,1
2026-10-04T12:00Z,2026-10-04T18:00Z,a4t:bkp98t,6,36.6,28.7,27.6,21,19.7,24,28.7,19.7,,,0,0.004,107.628,1.823,0,,19.5,-0.266,1,277,24.991,96.78,0.824,106.102,,,,,1
2026-10-04T12:00Z,2026-10-05T00:00Z,a4t:bkp98t,12,45.5,36.8,29.8,23.2,20.2,24,36.8,20.2,,,0,0.005,165.837,2.045,0,,19.5,-0.266,7,278,25.546,94.688,1.214,91.524,,,,,1
2026-10-04T12:00Z,2026-10-05T12:00Z,a4t:bkp98t,24,39.6,33.5,34.8,28.2,21.7,24,33.6,21.7,,,0,0,115.313,0.151,0.239,,19.5,-0.266,19,278,25.293,95.648,0.128,249.272,,,,,1
2026-10-04T12:00Z,2026-10-06T12:00Z,a4t:bkp98t,48,40.2,36.4,20.6,18,17.5,24,36.4,17.5,,,0,0,77.499,0.992,0,,19.5,-0.266,19,279,25.945,94.72,0.277,62.366,,,,,1
2026-10-04T12:00Z,2026-10-04T13:00Z,a4t:bkp99t,1,15.2,13.1,19.5,16.8,17,24,13.2,17,,,0,0,118.817,2.434,0,,17,-0.133,20,277,26.535,92.008,1.239,86.34,,,,,1
2026-10-04T12:00Z,2026-10-04T15:00Z,a4t:bkp99t,3,16.2,14.1,19.3,16.7,17,24,14.2,17,,,0,0.003,85.016,0.75,0.264,,17,-0.133,22,277,25.162,96.592,0.243,158.676,,,,,1
2026-10-04T12:00Z,2026-10-04T18:00Z,a4t:bkp99t,6,20.3,17.8,18.9,16.3,16.9,24,17.9,16.9,,,0,0.004,103.072,1.899,0,,17,-0.133,1,277,25.041,96.94,0.871,109.433,,,,,1
2026-10-04T12:00Z,2026-10-05T00:00Z,a4t:bkp99t,12,15.2,13.5,17.6,15.4,16.6,24,13.6,16.6,,,0,0.003,158.548,2.168,0,,17,-0.133,7,278,25.587,94.813,1.236,93.325,,,,,1
2026-10-04T12:00Z,2026-10-05T12:00Z,a4t:bkp99t,24,21.5,19.7,18.2,16.3,16.6,24,19.8,16.6,,,0,0,110.804,0.36,0.281,,17,-0.133,19,278,25.399,95.293,0.283,182.205,,,,,1
2026-10-04T12:00Z,2026-10-06T12:00Z,a4t:bkp99t,48,23.8,22.6,12.7,11.9,14,24,22.6,14,,,0,0,69.412,1.024,0,,17,-0.133,19,279,25.917,94.551,0.29,64.506,,,,,1
2026-10-04T12:00Z,2026-10-04T13:00Z,225576,1,13.5,10.1,14,10.3,10.5,24,10.2,10.5,,,0,0,300.018,3.228,0.011,,10.5,-0.27,20,277,27.551,86.282,1.843,166.02,,,,,1
2026-10-04T12:00Z,2026-10-04T15:00Z,225576,3,16.6,12.6,14.1,10.5,10.5,24,12.7,10.5,,,0,0,232.144,1.364,0,,10.5,-0.27,22,277,27.039,88.223,0.433,158.976,,,,,1
2026-10-04T12:00Z,2026-10-04T18:00Z,225576,6,15.1,11.7,14.3,10.6,10.5,24,11.8,10.5,,,0,0,208.66,2.713,0.011,,10.5,-0.27,1,277,26.537,89.479,1.578,149.255,,,,,1
2026-10-04T12:00Z,2026-10-05T00:00Z,225576,12,10.8,8.5,13.6,10.3,10.4,24,8.6,10.4,,,0,0,207.943,2.271,0,,10.5,-0.27,7,278,26.294,89.925,1.631,114.747,,,,,1
2026-10-04T12:00Z,2026-10-05T12:00Z,225576,24,7.5,6.2,11.3,8.9,9.8,24,6.2,9.8,,,0,0,175.275,1.216,0.352,,10.5,-0.27,19,278,27.071,87.26,0.898,94.06,,,,,1
2026-10-04T12:00Z,2026-10-06T12:00Z,225576,48,7.3,6.5,5.8,4.9,7.3,24,6.5,7.3,,,0,0,227.867,1.845,0.095,,10.5,-0.27,19,279,26.358,88.833,1.149,64.694,,,,,1
2026-10-04T12:00Z,2026-10-04T13:00Z,228541,1,5,5,6.7,6.7,6.7,24,5,6.7,,,0,0,51.44,2.199,0,,,0,20,277,24.711,96.906,0.766,158.392,,,,,1
2026-10-04T12:00Z,2026-10-04T15:00Z,228541,3,4,4,6.1,6.1,6.1,24,4,6.1,,,0,0,136.97,3.24,0,,,0,22,277,24.554,96.147,1.919,65.473,,,,,1
2026-10-04T12:00Z,2026-10-04T18:00Z,228541,6,2.9,2.9,5.1,5.1,5.1,24,2.9,5.1,,,0,0,42.055,0.338,0,,,0,1,277,23.329,98.073,0.034,69.85,,,,,1
2026-10-04T12:00Z,2026-10-05T00:00Z,228541,12,4,4,4.4,4.4,4.4,24,4,4.4,,,0,0,123.125,1.422,0.105,,,0,7,278,23.961,95.047,1.148,350.197,,,,,1
2026-10-04T12:00Z,2026-10-05T12:00Z,228541,24,3.9,3.9,3.5,3.5,3.5,24,3.9,3.5,,,0,0,257.441,4.026,2.643,,,0,19,278,24.001,95.222,2.034,94.42,,,,,1
2026-10-04T12:00Z,2026-10-06T12:00Z,228541,48,9.8,9.8,5.1,5.1,5.1,24,9.8,5.1,,,0,0,50.114,1.751,0,,,0,19,279,24.865,86.803,0.705,55.406,,,,,1
2026-10-04T12:00Z,2026-10-04T13:00Z,7880,1,25.7,25.7,,,,h,25.7,,,,0,0,35.72,0.869,0.04,,,0,20,277,24.01,97.067,0.446,36.125,,,,,1
2026-10-04T12:00Z,2026-10-04T15:00Z,7880,3,23,23,,,,h,23,,,,0,0,25.185,0.763,0.221,,,0,22,277,23.257,98.359,0.465,156.625,,,,,1
2026-10-04T12:00Z,2026-10-04T18:00Z,7880,6,21.4,21.4,,,,h,21.4,,,,0,0,68.557,2.065,0.024,,,0,1,277,22.662,98.396,0.955,177.904,,,,,1
2026-10-04T12:00Z,2026-10-05T00:00Z,7880,12,21.7,21.7,,,,h,21.7,,,,0,0,52.434,1.346,0.081,,,0,7,278,21.568,98.991,0.901,172.097,,,,,1
2026-10-04T12:00Z,2026-10-05T12:00Z,7880,24,21.2,21.2,,,,h,21.2,,,,0,0,37.338,1.326,0.233,,,0,19,278,23.696,97.192,0.813,91.79,,,,,1
2026-10-04T12:00Z,2026-10-06T12:00Z,7880,48,18.5,18.5,,,,h,18.5,,,,0,0,23.583,0.128,0.33,,,0,19,279,24.087,97.069,0.041,129.108,,,,,1
2026-10-04T12:00Z,2026-10-04T13:00Z,2161292,1,20.4,20.4,,,,h,20.4,,,,0,0.037,305.067,3.772,0.828,,,0,20,277,24.845,94.846,2.023,51.895,,,,,1
2026-10-04T12:00Z,2026-10-04T15:00Z,2161292,3,11.1,11.1,,,,h,11.1,,,,0,0.062,445.32,4.994,3.438,,,0,22,277,24.098,95.637,2.829,33.016,,,,,1
2026-10-04T12:00Z,2026-10-04T18:00Z,2161292,6,6.4,6.4,,,,h,6.4,,,,0,0,579.484,6.262,0.555,,,0,1,277,23.588,94.037,3.687,37.818,,,,,1
2026-10-04T12:00Z,2026-10-05T00:00Z,2161292,12,12.9,12.9,,,,h,12.9,,,,0,0,752.735,6.972,1.438,,,0,7,278,21.645,90.749,4.346,3.449,,,,,1
2026-10-04T12:00Z,2026-10-05T12:00Z,2161292,24,36.1,36.1,,,,h,36.1,,,,0,0,456.799,3.966,0,,,0,19,278,23.312,80.322,1.521,26.951,,,,,1
2026-10-04T12:00Z,2026-10-06T12:00Z,2161292,48,62.6,62.6,,,,h,62.6,,,,0,0,99.63,3.898,0,,,0,19,279,23.279,65.46,1.36,71.222,,,,,1
2026-10-04T12:00Z,2026-10-04T13:00Z,2161306,1,20.4,20.4,,,,h,20.4,,,,0,0.128,291.71,3.499,0.824,,,0,20,277,24.621,95.175,1.873,51.15,,,,,1
2026-10-04T12:00Z,2026-10-04T15:00Z,2161306,3,11.1,11.1,,,,h,11.1,,,,0,0.006,419.85,4.626,3.296,,,0,22,277,23.908,95.891,2.62,33.352,,,,,1
2026-10-04T12:00Z,2026-10-04T18:00Z,2161306,6,6.4,6.4,,,,h,6.4,,,,0,0,542.8,5.969,0.646,,,0,1,277,23.376,94.411,3.513,37.945,,,,,1
2026-10-04T12:00Z,2026-10-05T00:00Z,2161306,12,12.9,12.9,,,,h,12.9,,,,0,0,736.99,6.736,1.29,,,0,7,278,21.514,90.894,4.16,5.151,,,,,1
2026-10-04T12:00Z,2026-10-05T12:00Z,2161306,24,36.1,36.1,,,,h,36.1,,,,0,0,427.39,3.804,0,,,0,19,278,23.131,80.542,1.442,28.291,,,,,1
2026-10-04T12:00Z,2026-10-06T12:00Z,2161306,48,62.6,62.6,,,,h,62.6,,,,0,0,96.47,3.68,0,,,0,19,279,23.12,65.377,1.242,69.73,,,,,1
2026-10-04T12:00Z,2026-10-04T13:00Z,3133267,1,10.9,10,,,,h,10,,,,0,0,129.396,2.154,0,11,,-0.083,20,277,26.807,93.549,1.535,39.416,,,,,0
2026-10-04T12:00Z,2026-10-04T15:00Z,3133267,3,11.6,10.6,,,,h,10.7,,,,0,0.006,117.25,2.115,0.017,11,,-0.083,22,277,25.552,95.706,1.069,89.871,,,,,0
2026-10-04T12:00Z,2026-10-04T18:00Z,3133267,6,17.2,15.9,,,,h,15.9,,,,0,0.049,124.227,0.7,0,11,,-0.083,1,277,25.316,94.522,0.231,97.284,,,,,0
2026-10-04T12:00Z,2026-10-05T00:00Z,3133267,12,25.7,24,,,,h,24.1,,,,0,0.014,209.523,1.569,0,11,,-0.083,7,278,25.666,93.282,1.165,51.369,,,,,0
2026-10-04T12:00Z,2026-10-05T12:00Z,3133267,24,21.9,20.8,,,,h,20.8,,,,0,0.001,127.224,1.927,0.314,11,,-0.083,19,278,25.192,95.797,1.076,336.496,,,,,0
2026-10-04T12:00Z,2026-10-06T12:00Z,3133267,48,18.2,17.6,,,,h,17.6,,,,0,0,137.514,1.64,0,11,,-0.083,19,279,26.004,94.299,0.574,48.284,,,,,0
2026-10-04T12:00Z,2026-10-04T13:00Z,1235990,1,24,24,,,,h,24,,,,0,0,120.424,2.473,0,,,0,20,277,26.528,92.479,1.329,73.586,,,,,0
2026-10-04T12:00Z,2026-10-04T15:00Z,1235990,3,27.9,27.9,,,,h,27.9,,,,0,0.001,94.306,0.901,0.242,,,0,22,277,25.137,96.67,0.37,135.003,,,,,0
2026-10-04T12:00Z,2026-10-04T18:00Z,1235990,6,36.6,36.6,,,,h,36.6,,,,0,0.003,108.111,1.749,0,,,0,1,277,25.025,96.633,0.785,106.475,,,,,0
2026-10-04T12:00Z,2026-10-05T00:00Z,1235990,12,45.5,45.5,,,,h,45.5,,,,0,0.005,167.931,2.003,0,,,0,7,278,25.563,94.601,1.205,89.632,,,,,0
2026-10-04T12:00Z,2026-10-05T12:00Z,1235990,24,39.6,39.6,,,,h,39.6,,,,0,0,115.435,0.17,0.252,,,0,19,278,25.304,95.596,0.109,281.347,,,,,0
2026-10-04T12:00Z,2026-10-06T12:00Z,1235990,48,40.2,40.2,,,,h,40.2,,,,0,0,80.722,1.045,0,,,0,19,279,25.945,94.658,0.294,61.05,,,,,0
2026-10-04T12:00Z,2026-10-04T13:00Z,1235996,1,2.5,6.2,6,13.7,18.1,h,6.2,18.1,,,0,0.001,14.991,0.297,0,13.4,18.1,0.752,20,277,22.609,98.998,0.159,240.982,,,,,0
2026-10-04T12:00Z,2026-10-04T15:00Z,1235996,3,3,7,5.3,12.3,17.9,h,7,17.9,,,0,0.001,27.801,0.455,0,13.4,18.1,0.752,22,277,21.915,99.106,0.298,312.762,,,,,0
2026-10-04T12:00Z,2026-10-04T18:00Z,1235996,6,3,6.7,4.6,10.8,17.6,h,6.7,17.6,,,0,0.001,39.549,0.342,0,13.4,18.1,0.752,1,277,21.377,98.433,0.206,51.817,,,,,0
2026-10-04T12:00Z,2026-10-05T00:00Z,1235996,12,1.4,3.3,3.6,8.5,16.4,h,3.3,16.4,,,0,0,37.848,0.386,0,13.4,18.1,0.752,7,278,20.412,99.393,0.056,199.981,,,,,0
2026-10-04T12:00Z,2026-10-05T12:00Z,1235996,24,2.5,4.5,3.1,6.3,14.3,h,4.5,14.3,,,0,0,62.141,0.54,0.35,13.4,18.1,0.752,19,278,21.309,99.175,0.47,153.394,,,,,0
2026-10-04T12:00Z,2026-10-06T12:00Z,1235996,48,1.8,2.7,2,3.3,10.7,h,2.7,10.7,,,0,0,23.253,1.237,0.011,13.4,18.1,0.752,19,279,21.838,97.891,0.335,97.925,,,,,0
2026-10-04T12:00Z,2026-10-04T13:00Z,1235999,1,14.1,14.1,,,,h,14.1,,,,0,0.001,75.239,1.244,0,,,0,20,277,24.451,94.748,0.443,126.508,,,,,0
2026-10-04T12:00Z,2026-10-04T15:00Z,1235999,3,15.3,15.3,,,,h,15.3,,,,0,0.002,35.177,0.429,0,,,0,22,277,23.824,97.439,0.367,11.096,,,,,0
2026-10-04T12:00Z,2026-10-04T18:00Z,1235999,6,12.8,12.8,,,,h,12.8,,,,0,0.009,129.644,2.446,0.434,,,0,1,277,23.016,98.583,1.135,148.507,,,,,0
2026-10-04T12:00Z,2026-10-05T00:00Z,1235999,12,5.6,5.6,,,,h,5.6,,,,0,0.004,97.857,0.879,0,,,0,7,278,22.744,95.022,0.577,294.696,,,,,0
2026-10-04T12:00Z,2026-10-05T12:00Z,1235999,24,14.5,14.5,,,,h,14.5,,,,0,0,75.096,1.098,0.107,,,0,19,278,24.374,94.017,0.414,52.954,,,,,0
2026-10-04T12:00Z,2026-10-06T12:00Z,1235999,48,13.1,13.1,,,,h,13.1,,,,0,0,86.199,1.209,1.679,,,0,19,279,22.633,96.654,0.878,320.746,,,,,0
2026-10-04T12:00Z,2026-10-04T13:00Z,1236013,1,10.7,17.4,11.5,19,75.8,h,17.4,75.8,,,0,0.002,40.367,1.967,0,30.8,75.9,0.474,20,277,25.54,95.546,0.583,193.957,,,,,0
2026-10-04T12:00Z,2026-10-04T15:00Z,1236013,3,12.1,19.3,11.3,18.7,75.3,h,19.3,75.3,,,0,0.002,36.242,1.4,0,30.8,75.9,0.474,22,277,25.034,98.197,0.833,154.772,,,,,0
2026-10-04T12:00Z,2026-10-04T18:00Z,1236013,6,3.3,5.5,10.2,16.9,73.4,h,5.5,73.4,,,0,0.001,111.042,1.137,0.751,30.8,75.9,0.474,1,277,23.491,96.614,1.02,64.889,,,,,0
2026-10-04T12:00Z,2026-10-05T00:00Z,1236013,12,5.4,8.2,9.5,15.5,65.1,h,8.2,65.1,,,0,0.004,97.342,1.717,0,30.8,75.9,0.474,7,278,23.625,94.871,0.911,93.296,,,,,0
2026-10-04T12:00Z,2026-10-05T12:00Z,1236013,24,8.6,11.7,7.2,10.7,55,h,11.7,55,,,0,0.001,175.343,3.613,0.413,30.8,75.9,0.474,19,278,25.128,92.784,1.877,43.988,,,,,0
2026-10-04T12:00Z,2026-10-06T12:00Z,1236013,48,7,8.5,4.9,6.3,41.1,h,8.5,41.1,,,0,0,38.403,1.169,0.036,30.8,75.9,0.474,19,279,24.858,93.134,0.198,9.21,,,,,0
2026-10-04T12:00Z,2026-10-04T13:00Z,1236024,1,14.1,22.8,10.7,17.7,19.3,h,22.8,19.3,,,0,0.001,92.877,1.989,0,16.9,19.3,0.474,20,277,24.01,94.823,0.911,138.11,,,,,0
2026-10-04T12:00Z,2026-10-04T15:00Z,1236024,3,15.3,24.2,10.2,16.9,19.2,h,24.2,19.2,,,0,0.001,40.67,0.408,0,16.9,19.3,0.474,22,277,23.483,97.39,0.322,25.318,,,,,0
2026-10-04T12:00Z,2026-10-04T18:00Z,1236024,6,12.8,19.8,9.7,16,19.1,h,19.8,19.1,,,0,0.007,103.54,1.751,0.235,16.9,19.3,0.474,1,277,22.64,98.923,0.742,123.637,,,,,0
2026-10-04T12:00Z,2026-10-05T00:00Z,1236024,12,5.6,8.5,9.6,15.5,18.5,h,8.5,18.5,,,0,0.003,114.747,1.256,0,16.9,19.3,0.474,7,278,22.418,95.313,0.858,305.601,,,,,0
2026-10-04T12:00Z,2026-10-05T12:00Z,1236024,24,14.5,19.5,10.1,15,17.9,h,19.5,17.9,,,0,0,48.166,0.709,0.046,16.9,19.3,0.474,19,278,24.058,94.039,0.082,16.07,,,,,0
2026-10-04T12:00Z,2026-10-06T12:00Z,1236024,48,13.1,15.7,7.7,9.9,14.6,h,15.7,14.6,,,0,0,84.37,1.036,2.183,16.9,19.3,0.474,19,279,22.273,97.053,0.784,346.144,,,,,0
2026-10-04T12:00Z,2026-10-04T13:00Z,1236034,1,24,24,,,,h,24,,,,0,0,121.404,2.319,0,,,0,20,277,26.581,92.551,1.318,71.56,,,,,0
2026-10-04T12:00Z,2026-10-04T15:00Z,1236034,3,27.9,27.9,,,,h,27.9,,,,0,0,96.006,0.963,0.207,,,0,22,277,25.218,96.476,0.414,123.622,,,,,0
2026-10-04T12:00Z,2026-10-04T18:00Z,1236034,6,36.6,36.6,,,,h,36.6,,,,0,0.001,109.589,1.589,0,,,0,1,277,25.081,96.337,0.699,106.549,,,,,0
2026-10-04T12:00Z,2026-10-05T00:00Z,1236034,12,45.5,45.5,,,,h,45.5,,,,0,0.006,172.962,1.905,0,,,0,7,278,25.588,94.42,1.185,85.303,,,,,0
2026-10-04T12:00Z,2026-10-05T12:00Z,1236034,24,39.6,39.6,,,,h,39.6,,,,0,0,116.386,0.343,0.27,,,0,19,278,25.307,95.556,0.153,314.773,,,,,0
2026-10-04T12:00Z,2026-10-06T12:00Z,1236034,48,40.2,40.2,,,,h,40.2,,,,0,0,87.863,1.138,0,,,0,19,279,25.95,94.56,0.327,58.375,,,,,0
2026-10-04T12:00Z,2026-10-04T13:00Z,1236035,1,9.5,9.5,,,,h,9.5,,,,0,0,135.45,3.306,0.454,,,0,20,277,24.558,97.688,1.824,68.693,,,,,0
2026-10-04T12:00Z,2026-10-04T15:00Z,1236035,3,8.7,8.7,,,,h,8.7,,,,0,0,158.236,3.55,1.146,,,0,22,277,24.024,97.022,2.028,74.027,,,,,0
2026-10-04T12:00Z,2026-10-04T18:00Z,1236035,6,6.7,6.7,,,,h,6.7,,,,0,0,127.821,2.382,0,,,0,1,277,23.7,97.056,1.158,81.777,,,,,0
2026-10-04T12:00Z,2026-10-05T00:00Z,1236035,12,5.1,5.1,,,,h,5.1,,,,0,0,219.835,3.789,0.521,,,0,7,278,23.199,95.156,2.58,70.377,,,,,0
2026-10-04T12:00Z,2026-10-05T12:00Z,1236035,24,6.2,6.2,,,,h,6.2,,,,0,0,192.629,2.925,0.342,,,0,19,278,24.429,95.873,1.461,73.019,,,,,0
2026-10-04T12:00Z,2026-10-06T12:00Z,1236035,48,10,10,,,,h,10,,,,0,0,180.654,4.903,0.524,,,0,19,279,25.288,75.034,2.237,62.354,,,,,0
2026-10-04T12:00Z,2026-10-04T13:00Z,1236050,1,14.1,14.1,,,,h,14.1,,,,0,0.001,86.036,1.64,0,,,0,20,277,23.262,95.637,0.716,145.79,,,,,0
2026-10-04T12:00Z,2026-10-04T15:00Z,1236050,3,15.3,15.3,,,,h,15.3,,,,0,0.001,37.891,0.304,0,,,0,22,277,22.716,97.726,0.317,13.66,,,,,0
2026-10-04T12:00Z,2026-10-04T18:00Z,1236050,6,12.8,12.8,,,,h,12.8,,,,0,0.004,80.598,1.576,0.228,,,0,1,277,21.811,99.188,0.579,119.871,,,,,0
2026-10-04T12:00Z,2026-10-05T00:00Z,1236050,12,5.6,5.6,,,,h,5.6,,,,0,0.002,101.202,1.22,0,,,0,7,278,21.6,95.913,0.875,315.56,,,,,0
2026-10-04T12:00Z,2026-10-05T12:00Z,1236050,24,14.5,14.5,,,,h,14.5,,,,0,0,37.073,0.643,0.025,,,0,19,278,23.204,95.025,0.14,345.666,,,,,0
2026-10-04T12:00Z,2026-10-06T12:00Z,1236050,48,13.1,13.1,,,,h,13.1,,,,0,0,78.017,0.912,1.88,,,0,19,279,21.658,97.475,0.602,15.394,,,,,0
2026-10-04T12:00Z,2026-10-04T13:00Z,1641558,1,14.1,24.5,10.7,19.1,16.1,h,24.5,16.1,,,0,0.001,86.61,1.657,0,22.8,16.1,0.548,20,277,23.228,95.653,0.727,146.18,,,,,0
2026-10-04T12:00Z,2026-10-04T15:00Z,1641558,3,15.3,26,10.2,18.2,16.2,h,26,16.2,,,0,0.001,38.041,0.3,0,22.8,16.1,0.548,22,277,22.686,97.725,0.315,13.995,,,,,0
2026-10-04T12:00Z,2026-10-04T18:00Z,1641558,6,12.8,21.2,9.7,17.2,16.3,h,21.2,16.3,,,0,0.004,79.236,1.556,0.222,22.8,16.1,0.548,1,277,21.777,99.206,0.575,118.526,,,,,0
2026-10-04T12:00Z,2026-10-05T00:00Z,1641558,12,5.6,9,9.6,16.7,16.3,h,9,16.3,,,0,0.002,101.472,1.231,0,22.8,16.1,0.548,7,278,21.57,95.931,0.885,315.988,,,,,0
2026-10-04T12:00Z,2026-10-05T12:00Z,1641558,24,14.5,20.5,10.1,16,16.1,h,20.5,16.1,,,0,0,35.929,0.647,0.022,22.8,16.1,0.548,19,278,23.173,95.038,0.155,343.211,,,,,0
2026-10-04T12:00Z,2026-10-06T12:00Z,1641558,48,13.1,16.2,7.7,10.3,13.2,h,16.2,13.2,,,0,0,77.778,0.923,1.893,22.8,16.1,0.548,19,279,21.63,97.5,0.607,16.865,,,,,0
2026-10-04T12:00Z,2026-10-04T13:00Z,1646752,1,14.1,33.5,10.7,26.5,21.9,h,33.5,21.9,,,0,0.001,93.986,2.037,0,30.6,21.9,0.861,20,277,24.144,94.673,0.937,136.925,,,,,0
2026-10-04T12:00Z,2026-10-04T15:00Z,1646752,3,15.3,35,10.2,25.2,21.9,h,35,21.9,,,0,0.002,41.11,0.427,0,30.6,21.9,0.861,22,277,23.62,97.323,0.324,26.596,,,,,0
2026-10-04T12:00Z,2026-10-04T18:00Z,1646752,6,12.8,28,9.7,23.7,22.1,h,28,22.1,,,0,0.007,107.998,1.787,0.241,30.6,21.9,0.861,1,277,22.786,98.873,0.776,124.803,,,,,0
2026-10-04T12:00Z,2026-10-05T00:00Z,1646752,12,5.6,11.7,9.6,22.7,22,h,11.7,22,,,0,0.003,116.863,1.256,0,30.6,21.9,0.861,7,278,22.566,95.195,0.85,303.836,,,,,0
2026-10-04T12:00Z,2026-10-05T12:00Z,1646752,24,14.5,24.8,10.1,20.7,21.5,h,24.8,21.5,,,0,0,50.536,0.74,0.05,30.6,21.9,0.861,19,278,24.212,93.853,0.112,21.686,,,,,0
2026-10-04T12:00Z,2026-10-06T12:00Z,1646752,48,13.1,18.2,7.7,12.1,17,h,18.2,17,,,0,0,85.462,1.089,2.231,30.6,21.9,0.861,19,279,22.382,96.977,0.829,341.48,,,,,0
2026-10-04T12:00Z,2026-10-04T13:00Z,2124016,1,2.5,2.5,,,,h,2.5,,,,0,0.001,15.287,0.302,0,,,0,20,277,22.587,99.071,0.183,248.738,,,,,0
2026-10-04T12:00Z,2026-10-04T15:00Z,2124016,3,3,3,,,,h,3,,,,0,0.001,29.099,0.458,0,,,0,22,277,21.9,99.158,0.341,306.415,,,,,0
2026-10-04T12:00Z,2026-10-04T18:00Z,2124016,6,3,3,,,,h,3,,,,0,0.001,41.327,0.303,0,,,0,1,277,21.417,98.393,0.186,50.044,,,,,0
2026-10-04T12:00Z,2026-10-05T00:00Z,2124016,12,1.4,1.4,,,,h,1.4,,,,0,0,37.678,0.341,0,,,0,7,278,20.413,99.37,0.001,201.087,,,,,0
2026-10-04T12:00Z,2026-10-05T12:00Z,2124016,24,2.5,2.5,,,,h,2.5,,,,0,0,62.759,0.505,0.341,,,0,19,278,21.281,99.223,0.472,145.895,,,,,0
2026-10-04T12:00Z,2026-10-06T12:00Z,2124016,48,1.8,1.8,,,,h,1.8,,,,0,0,22.622,1.226,0.009,,,0,19,279,21.797,97.926,0.339,95.196,,,,,0
2026-10-04T12:00Z,2026-10-04T13:00Z,2136949,1,2.5,5.3,6,11.9,16.7,h,5.3,16.7,,,0,0.001,14.51,0.291,0,10.9,16.7,0.619,20,277,22.623,98.858,0.131,228.155,,,,,0
2026-10-04T12:00Z,2026-10-04T15:00Z,2136949,3,3,6.1,5.3,10.7,16.5,h,6.1,16.5,,,0,0.001,26.23,0.451,0,10.9,16.7,0.619,22,277,21.935,98.954,0.246,318.26,,,,,0
2026-10-04T12:00Z,2026-10-04T18:00Z,2136949,6,3,5.8,4.6,9.4,16.2,h,5.8,16.2,,,0,0.001,38.407,0.429,0,10.9,16.7,0.619,1,277,21.33,98.329,0.25,55.09,,,,,0
2026-10-04T12:00Z,2026-10-05T00:00Z,2136949,12,1.4,2.8,3.6,7.3,15,h,2.8,15,,,0,0,39.063,0.496,0,10.9,16.7,0.619,7,278,20.348,99.497,0.166,204.526,,,,,0
2026-10-04T12:00Z,2026-10-05T12:00Z,2136949,24,2.5,4.1,3.1,5.6,13.1,h,4.1,13.1,,,0,0,60.393,0.506,0.365,10.9,16.7,0.619,19,278,21.333,99.218,0.443,164.419,,,,,0
2026-10-04T12:00Z,2026-10-06T12:00Z,2136949,48,1.8,2.5,2,3,9.9,h,2.5,9.9,,,0,0,22.877,1.221,0.01,10.9,16.7,0.619,19,279,21.897,97.861,0.316,101.224,,,,,0
2026-10-04T12:00Z,2026-10-04T13:00Z,2142493,1,2.5,3.8,6,8.7,10.3,h,3.8,10.3,,,0,0.001,15.257,0.298,0,9.3,10.3,0.338,20,277,22.578,99.061,0.185,248.603,,,,,0
2026-10-04T12:00Z,2026-10-04T15:00Z,2142493,3,3,4.5,5.3,7.8,10.2,h,4.5,10.2,,,0,0.001,29.205,0.457,0,9.3,10.3,0.338,22,277,21.896,99.137,0.344,305.207,,,,,0
2026-10-04T12:00Z,2026-10-04T18:00Z,2142493,6,3,4.4,4.6,6.9,10,h,4.4,10,,,0,0.001,41.785,0.311,0,9.3,10.3,0.338,1,277,21.417,98.343,0.19,50.887,,,,,0
2026-10-04T12:00Z,2026-10-05T00:00Z,2142493,12,1.4,2.1,3.6,5.4,9.4,h,2.1,9.4,,,0,0,37.977,0.352,0,9.3,10.3,0.338,7,278,20.393,99.389,0.008,203.388,,,,,0
2026-10-04T12:00Z,2026-10-05T12:00Z,2142493,24,2.5,3.3,3.1,4.3,8.4,h,3.3,8.4,,,0,0,62.435,0.475,0.342,9.3,10.3,0.338,19,278,21.273,99.258,0.463,145.219,,,,,0
2026-10-04T12:00Z,2026-10-06T12:00Z,2142493,48,1.8,2.2,2,2.5,6.4,h,2.2,6.4,,,0,0,22.264,1.216,0.008,9.3,10.3,0.338,19,279,21.793,97.935,0.335,94.905,,,,,0
2026-10-04T12:00Z,2026-10-04T13:00Z,2142801,1,2.5,2.5,,,,h,2.5,,,,0,0.001,15.404,0.311,0,,,0,20,277,22.598,99.105,0.185,250.594,,,,,0
2026-10-04T12:00Z,2026-10-04T15:00Z,2142801,3,3,3,,,,h,3,,,,0,0.001,29.187,0.463,0,,,0,22,277,21.904,99.21,0.345,307.25,,,,,0
2026-10-04T12:00Z,2026-10-04T18:00Z,2142801,6,3,3,,,,h,3,,,,0,0.001,40.873,0.28,0,,,0,1,277,21.426,98.477,0.175,47.893,,,,,0
2026-10-04T12:00Z,2026-10-05T00:00Z,2142801,12,1.4,1.4,,,,h,1.4,,,,0,0,37.093,0.311,0,,,0,7,278,20.45,99.331,0.025,196.568,,,,,0
2026-10-04T12:00Z,2026-10-05T12:00Z,2142801,24,2.5,2.5,,,,h,2.5,,,,0,0,63.476,0.553,0.338,,,0,19,278,21.29,99.169,0.488,145.341,,,,,0
2026-10-04T12:00Z,2026-10-06T12:00Z,2142801,48,1.8,1.8,,,,h,1.8,,,,0,0,23.149,1.243,0.01,,,0,19,279,21.794,97.919,0.347,95.119,,,,,0
2026-10-04T12:00Z,2026-10-04T13:00Z,2147304,1,2.5,3.6,6,8.3,15.3,h,3.6,15.3,,,0,0.001,13.809,0.305,0,9.1,15.3,0.295,20,277,22.639,98.65,0.097,209.659,,,,,0
2026-10-04T12:00Z,2026-10-04T15:00Z,2147304,3,3,4.2,5.3,7.5,15.2,h,4.2,15.2,,,0,0.001,24.074,0.448,0,9.1,15.3,0.295,22,277,21.964,98.715,0.177,325.151,,,,,0
2026-10-04T12:00Z,2026-10-04T18:00Z,2147304,6,3,4.2,4.6,6.6,14.9,h,4.2,14.9,,,0,0.001,37.189,0.564,0,9.1,15.3,0.295,1,277,21.265,98.135,0.319,58.17,,,,,0
2026-10-04T12:00Z,2026-10-05T00:00Z,2147304,12,1.4,2,3.6,5.1,13.4,h,2,13.4,,,0,0,41.078,0.673,0,9.1,15.3,0.295,7,278,20.238,99.666,0.331,209.368,,,,,0
2026-10-04T12:00Z,2026-10-05T12:00Z,2147304,24,2.5,3.2,3.1,4.2,11.7,h,3.2,11.7,,,0,0,57.661,0.47,0.386,9.1,15.3,0.295,19,278,21.363,99.311,0.402,183.523,,,,,0
2026-10-04T12:00Z,2026-10-06T12:00Z,2147304,48,1.8,2.1,2,2.5,8.9,h,2.1,8.9,,,0,0,21.955,1.195,0.007,9.1,15.3,0.295,19,279,21.982,97.823,0.288,105.95,,,,,0
2026-10-04T12:00Z,2026-10-04T13:00Z,2151718,1,2.5,2.5,,,,h,2.5,,,,0,0.001,14.995,0.298,0,,,0,20,277,22.609,98.999,0.159,241.04,,,,,0
2026-10-04T12:00Z,2026-10-04T15:00Z,2151718,3,3,3,,,,h,3,,,,0,0.001,27.802,0.455,0,,,0,22,277,21.916,99.108,0.298,312.796,,,,,0
2026-10-04T12:00Z,2026-10-04T18:00Z,2151718,6,3,3,,,,h,3,,,,0,0.001,39.532,0.341,0,,,0,1,277,21.378,98.435,0.206,51.764,,,,,0
2026-10-04T12:00Z,2026-10-05T00:00Z,2151718,12,1.4,1.4,,,,h,1.4,,,,0,0,37.829,0.385,0,,,0,7,278,20.413,99.392,0.056,199.86,,,,,0
2026-10-04T12:00Z,2026-10-05T12:00Z,2151718,24,2.5,2.5,,,,h,2.5,,,,0,0,62.164,0.541,0.35,,,0,19,278,21.309,99.173,0.471,153.367,,,,,0
2026-10-04T12:00Z,2026-10-06T12:00Z,2151718,48,1.8,1.8,,,,h,1.8,,,,0,0,23.271,1.238,0.011,,,0,19,279,21.838,97.891,0.336,97.926,,,,,0
2026-10-04T12:00Z,2026-10-04T13:00Z,2158149,1,2.5,2.5,,,,h,2.5,,,,0,0.001,14.615,0.295,0,,,0,20,277,22.635,98.883,0.133,229.988,,,,,0
2026-10-04T12:00Z,2026-10-04T15:00Z,2158149,3,3,3,,,,h,3,,,,0,0.001,26.302,0.456,0,,,0,22,277,21.942,98.99,0.25,318.679,,,,,0
2026-10-04T12:00Z,2026-10-04T18:00Z,2158149,6,3,3,,,,h,3,,,,0,0.001,38.084,0.412,0,,,0,1,277,21.341,98.39,0.239,54.054,,,,,0
2026-10-04T12:00Z,2026-10-05T00:00Z,2158149,12,1.4,1.4,,,,h,1.4,,,,0,0,38.632,0.475,0,,,0,7,278,20.376,99.471,0.149,202.624,,,,,0
2026-10-04T12:00Z,2026-10-05T12:00Z,2158149,24,2.5,2.5,,,,h,2.5,,,,0,0,60.993,0.537,0.362,,,0,19,278,21.343,99.178,0.455,163.003,,,,,0
2026-10-04T12:00Z,2026-10-06T12:00Z,2158149,48,1.8,1.8,,,,h,1.8,,,,0,0,23.207,1.233,0.011,,,0,19,279,21.899,97.854,0.32,101.135,,,,,0
2026-10-04T12:00Z,2026-10-04T13:00Z,2165656,1,2.5,2.5,,,,h,2.5,,,,0,0.001,14.55,0.285,0,,,0,20,277,22.601,98.879,0.139,230.737,,,,,0
2026-10-04T12:00Z,2026-10-04T15:00Z,2165656,3,3,3,,,,h,3,,,,0,0.001,26.733,0.445,0,,,0,22,277,21.917,98.966,0.26,315.594,,,,,0
2026-10-04T12:00Z,2026-10-04T18:00Z,2165656,6,3,3,,,,h,3,,,,0,0.001,39.26,0.417,0,,,0,1,277,21.332,98.289,0.247,55.457,,,,,0
2026-10-04T12:00Z,2026-10-05T00:00Z,2165656,12,1.4,1.4,,,,h,1.4,,,,0,0,39.16,0.481,0,,,0,7,278,20.335,99.489,0.146,205.552,,,,,0
2026-10-04T12:00Z,2026-10-05T12:00Z,2165656,24,2.5,2.5,,,,h,2.5,,,,0,0,60.254,0.476,0.363,,,0,19,278,21.31,99.253,0.437,161.69,,,,,0
2026-10-04T12:00Z,2026-10-06T12:00Z,2165656,48,1.8,1.8,,,,h,1.8,,,,0,0,22.61,1.213,0.009,,,0,19,279,21.871,97.882,0.318,100.051,,,,,0
2026-10-04T12:00Z,2026-10-04T13:00Z,2181641,1,12.7,23.8,15,28.8,22.6,h,23.8,22.6,,,0,0,119.491,2.168,0,29.5,22.6,0.621,20,277,26.612,92.14,1.205,83.651,,,,,0
2026-10-04T12:00Z,2026-10-04T15:00Z,2181641,3,16.1,29.3,15.4,29.4,22.7,h,29.3,22.7,,,0,0,87.858,0.728,0.213,29.5,22.6,0.621,22,277,25.28,96.317,0.259,136.596,,,,,0
2026-10-04T12:00Z,2026-10-04T18:00Z,2181641,6,25.2,43.8,16.6,31.1,23,h,43.8,23,,,0,0.001,105.016,1.635,0,29.5,22.6,0.621,1,277,25.118,96.514,0.725,109.409,,,,,0
2026-10-04T12:00Z,2026-10-05T00:00Z,2181641,12,27.8,45.2,19.2,34.5,24.9,h,45.2,24.9,,,0,0.003,166.153,1.989,0,29.5,22.6,0.621,7,278,25.622,94.549,1.19,86.961,,,,,0
2026-10-04T12:00Z,2026-10-05T12:00Z,2181641,24,37.8,55.1,28.3,45.3,29.9,h,55.1,29.9,,,0,0,112.516,0.169,0.304,29.5,22.6,0.621,19,278,25.392,95.262,0.089,253.137,,,,,0
2026-10-04T12:00Z,2026-10-06T12:00Z,2181641,48,33.3,41.9,21.9,29.7,26.1,h,41.9,26.1,,,0,0,79.669,1.147,0,29.5,22.6,0.621,19,279,25.931,94.396,0.322,59.455,,,,,0
2026-10-04T12:00Z,2026-10-04T13:00Z,2327978,1,2.5,7.3,6,16.2,16.5,h,7.3,16.5,,,0,0.001,14.243,0.28,0,25.5,16.5,0.904,20,277,22.584,98.803,0.128,224.153,,,,,0
2026-10-04T12:00Z,2026-10-04T15:00Z,2327978,3,3,8.2,5.3,14.5,16.4,h,8.2,16.4,,,0,0.001,26.165,0.436,0,25.5,16.5,0.904,22,277,21.909,98.874,0.239,316.778,,,,,0
2026-10-04T12:00Z,2026-10-04T18:00Z,2327978,6,3,7.7,4.6,12.8,16.2,h,7.7,16.2,,,0,0.001,39.345,0.465,0,25.5,16.5,0.904,1,277,21.298,98.177,0.277,57.555,,,,,0
2026-10-04T12:00Z,2026-10-05T00:00Z,2327978,12,1.4,3.8,3.6,9.9,15.3,h,3.8,15.3,,,0,0,40.098,0.541,0,25.5,16.5,0.904,7,278,20.276,99.55,0.2,208.54,,,,,0
2026-10-04T12:00Z,2026-10-05T12:00Z,2327978,24,2.5,5,3.1,7.2,13.5,h,5,13.5,,,0,0,58.84,0.429,0.373,25.5,16.5,0.904,19,278,21.299,99.318,0.414,167.574,,,,,0
2026-10-04T12:00Z,2026-10-06T12:00Z,2327978,48,1.8,2.9,2,3.6,10.1,h,2.9,10.1,,,0,0,22.125,1.195,0.007,25.5,16.5,0.904,19,279,21.882,97.884,0.308,101.13,,,,,0
2026-10-04T12:00Z,2026-10-04T13:00Z,2340282,1,2.5,3.9,6,8.8,13.9,h,3.9,13.9,,,0,0.001,14.3,0.3,0,8.7,13.9,0.341,20,277,22.66,98.777,0.114,220.19,,,,,0
2026-10-04T12:00Z,2026-10-04T15:00Z,2340282,3,3,4.5,5.3,7.9,13.8,h,4.5,13.8,,,0,0.001,25.057,0.459,0,8.7,13.9,0.341,22,277,21.971,98.871,0.213,322.937,,,,,0
2026-10-04T12:00Z,2026-10-04T18:00Z,2340282,6,3,4.4,4.6,6.9,13.5,h,4.4,13.5,,,0,0.001,37.102,0.482,0,8.7,13.9,0.341,1,277,21.316,98.32,0.27,55.479,,,,,0
2026-10-04T12:00Z,2026-10-05T00:00Z,2340282,12,1.4,2.1,3.6,5.4,12.5,h,2.1,12.5,,,0,0,39.516,0.568,0,8.7,13.9,0.341,7,278,20.333,99.559,0.237,205.28,,,,,0
2026-10-04T12:00Z,2026-10-05T12:00Z,2340282,24,2.5,3.3,3.1,4.3,10.8,h,3.3,10.8,,,0,0,59.914,0.527,0.371,8.7,13.9,0.341,19,278,21.374,99.204,0.438,172.29,,,,,0
2026-10-04T12:00Z,2026-10-06T12:00Z,2340282,48,1.8,2.2,2,2.5,8.2,h,2.2,8.2,,,0,0,22.825,1.222,0.009,8.7,13.9,0.341,19,279,21.957,97.823,0.304,103.909,,,,,0
2026-10-04T12:00Z,2026-10-04T13:00Z,2375197,1,2.5,1.6,6,4,5.7,h,1.6,5.7,,,0,0.001,15.211,0.311,0,4.3,5.7,-0.323,20,277,22.621,99.064,0.166,245.454,,,,,0
2026-10-04T12:00Z,2026-10-04T15:00Z,2375197,3,3,2,5.3,3.6,5.6,h,2,5.6,,,0,0.001,28.121,0.463,0,4.3,5.7,-0.323,22,277,21.917,99.2,0.309,313.253,,,,,0
2026-10-04T12:00Z,2026-10-04T18:00Z,2375197,6,3,2,4.6,3.1,5.5,h,2,5.5,,,0,0.001,39.031,0.297,0,4.3,5.7,-0.323,1,277,21.394,98.567,0.185,48.609,,,,,0
2026-10-04T12:00Z,2026-10-05T00:00Z,2375197,12,1.4,0.9,3.6,2.4,5.1,h,0.9,5.1,,,0,0,36.85,0.329,0,4.3,5.7,-0.323,7,278,20.474,99.321,0.007,192.706,,,,,0
2026-10-04T12:00Z,2026-10-05T12:00Z,2375197,24,2.5,1.9,3.1,2.2,4.6,h,1.9,4.6,,,0,0,63.359,0.614,0.344,4.3,5.7,-0.323,19,278,21.317,99.091,0.497,150.637,,,,,0
2026-10-04T12:00Z,2026-10-06T12:00Z,2375197,48,1.8,1.5,2,1.6,3.7,h,1.5,3.7,,,0,0,24.093,1.264,0.014,4.3,5.7,-0.323,19,279,21.825,97.885,0.351,97.353,,,,,0
2026-10-04T12:00Z,2026-10-04T13:00Z,2384279,1,2.5,5.3,6,11.9,16.3,h,5.3,16.3,,,0,0.001,15.277,0.323,0,17.4,16.4,0.616,20,277,22.637,99.103,0.162,246.755,,,,,0
2026-10-04T12:00Z,2026-10-04T15:00Z,2384279,3,3,6.1,5.3,10.6,16.2,h,6.1,16.2,,,0,0.001,27.871,0.47,0,17.4,16.4,0.616,22,277,21.916,99.284,0.298,316.803,,,,,0
2026-10-04T12:00Z,2026-10-04T18:00Z,2384279,6,3,5.8,4.6,9.4,15.9,h,5.8,15.9,,,0,0.001,37.622,0.264,0,17.4,16.4,0.616,1,277,21.383,98.734,0.176,45.684,,,,,0
2026-10-04T12:00Z,2026-10-05T00:00Z,2384279,12,1.4,2.8,3.6,7.3,14.7,h,2.8,14.7,,,0,0,35.816,0.291,0,17.4,16.4,0.616,7,278,20.539,99.243,0.03,181.268,,,,,0
2026-10-04T12:00Z,2026-10-05T12:00Z,2384279,24,2.5,4,3.1,5.6,12.9,h,4,12.9,,,0,0,64.264,0.718,0.342,17.4,16.4,0.616,19,278,21.331,98.975,0.527,150.543,,,,,0
2026-10-04T12:00Z,2026-10-06T12:00Z,2384279,48,1.8,2.5,2,3,9.7,h,2.5,9.7,,,0,0,25.446,1.302,0.018,17.4,16.4,0.616,19,279,21.821,97.866,0.371,97.864,,,,,0
2026-10-04T12:00Z,2026-10-04T13:00Z,2384280,1,2.5,6.4,6,14.2,20.6,h,6.4,20.6,,,0,0.001,15.096,0.301,0,12.4,20.7,0.783,20,277,22.609,99.027,0.165,243.415,,,,,0
2026-10-04T12:00Z,2026-10-04T15:00Z,2384280,3,3,7.2,5.3,12.7,20.4,h,7.2,20.4,,,0,0.001,28.087,0.457,0,12.4,20.7,0.783,22,277,21.913,99.139,0.307,311.911,,,,,0
2026-10-04T12:00Z,2026-10-04T18:00Z,2384280,6,3,6.9,4.6,11.2,20,h,6.9,20,,,0,0.001,39.686,0.324,0,12.4,20.7,0.783,1,277,21.388,98.462,0.197,50.772,,,,,0
2026-10-04T12:00Z,2026-10-05T00:00Z,2384280,12,1.4,3.4,3.6,8.7,18.6,h,3.4,18.6,,,0,0,37.555,0.363,0,12.4,20.7,0.783,7,278,20.428,99.37,0.034,198.384,,,,,0
2026-10-04T12:00Z,2026-10-05T12:00Z,2384280,24,2.5,4.6,3.1,6.5,16.1,h,4.6,16.1,,,0,0,62.563,0.554,0.347,12.4,20.7,0.783,19,278,21.307,99.16,0.478,151.522,,,,,0
2026-10-04T12:00Z,2026-10-06T12:00Z,2384280,48,1.8,2.7,2,3.4,12,h,2.7,12,,,0,0,23.379,1.243,0.011,12.4,20.7,0.783,19,279,21.828,97.895,0.34,97.353,,,,,0
2026-10-04T12:00Z,2026-10-04T13:00Z,2393909,1,2.5,2.9,6,6.8,10.9,h,2.9,10.9,,,0,0.001,14.743,0.296,0,4.8,11,0.12,20,277,22.63,98.923,0.141,233.572,,,,,0
2026-10-04T12:00Z,2026-10-04T15:00Z,2393909,3,3,3.5,5.3,6.1,10.8,h,3.5,10.8,,,0,0.001,26.73,0.456,0,4.8,11,0.12,22,277,21.935,99.035,0.264,317.27,,,,,0
2026-10-04T12:00Z,2026-10-04T18:00Z,2393909,6,3,3.4,4.6,5.3,10.6,h,3.4,10.6,,,0,0.001,38.37,0.387,0,4.8,11,0.12,1,277,21.352,98.422,0.227,53.228,,,,,0
2026-10-04T12:00Z,2026-10-05T00:00Z,2393909,12,1.4,1.6,3.6,4.2,9.8,h,1.6,9.8,,,0,0,38.274,0.443,0,4.8,11,0.12,7,278,20.395,99.439,0.117,201.218,,,,,0
2026-10-04T12:00Z,2026-10-05T12:00Z,2393909,24,2.5,2.8,3.1,3.5,8.6,h,2.8,8.6,,,0,0,61.468,0.548,0.358,4.8,11,0.12,19,278,21.335,99.164,0.463,159.903,,,,,0
2026-10-04T12:00Z,2026-10-06T12:00Z,2393909,48,1.8,1.9,2,2.2,6.6,h,1.9,6.6,,,0,0,23.361,1.238,0.011,4.8,11,0.12,19,279,21.881,97.862,0.327,100.216,,,,,0
2026-10-04T12:00Z,2026-10-04T13:00Z,2429963,1,2.5,4.7,6,10.4,19.3,h,4.7,19.3,,,0,0.001,12.347,0.324,0,8.7,19.4,0.499,20,277,22.477,98.379,0.06,188.521,,,,,0
2026-10-04T12:00Z,2026-10-04T15:00Z,2429963,3,3,5.3,5.3,9.4,19.1,h,5.3,19.1,,,0,0.001,22.519,0.391,0,8.7,19.4,0.499,22,277,21.837,98.397,0.116,328.802,,,,,0
2026-10-04T12:00Z,2026-10-04T18:00Z,2429963,6,3,5.2,4.6,8.2,18.8,h,5.2,18.8,,,0,0.001,38.716,0.727,0,8.7,19.4,0.499,1,277,21.061,97.633,0.467,64.835,,,,,0
2026-10-04T12:00Z,2026-10-05T00:00Z,2429963,12,1.4,2.5,3.6,6.4,17,h,2.5,17,,,0,0,44.938,0.855,0,8.7,19.4,0.499,7,278,19.969,99.837,0.493,216.183,,,,,0
2026-10-04T12:00Z,2026-10-05T12:00Z,2429963,24,2.5,3.7,3.1,5,14.8,h,3.7,14.8,,,0,0,50.661,0.357,0.43,8.7,19.4,0.499,19,278,21.23,99.62,0.31,214.404,,,,,0
2026-10-04T12:00Z,2026-10-06T12:00Z,2429963,48,1.8,2.4,2,2.8,11.1,h,2.4,11.1,,,0,0,20.55,1.131,0.002,8.7,19.4,0.499,19,279,21.927,97.891,0.285,108.305,,,,,0
2026-10-04T12:00Z,2026-10-04T13:00Z,2439091,1,2.5,4.5,6,10.2,11.6,h,4.5,11.6,,,0,0.001,14.874,0.291,0,9.5,11.6,0.476,20,277,22.599,98.966,0.156,238.786,,,,,0
2026-10-04T12:00Z,2026-10-04T15:00Z,2439091,3,3,5.2,5.3,9.1,11.5,h,5.2,11.5,,,0,0.001,27.663,0.451,0,9.5,11.6,0.476,22,277,21.911,99.062,0.292,312.472,,,,,0
2026-10-04T12:00Z,2026-10-04T18:00Z,2439091,6,3,5,4.6,8,11.3,h,5,11.3,,,0,0.001,39.828,0.363,0,9.5,11.6,0.476,1,277,21.367,98.367,0.217,53.225,,,,,0
2026-10-04T12:00Z,2026-10-05T00:00Z,2439091,12,1.4,2.4,3.6,6.3,10.7,h,2.4,10.7,,,0,0,38.334,0.412,0,9.5,11.6,0.476,7,278,20.381,99.425,0.079,202.723,,,,,0
2026-10-04T12:00Z,2026-10-05T12:00Z,2439091,24,2.5,3.6,3.1,4.9,9.5,h,3.6,9.5,,,0,0,61.499,0.504,0.354,9.5,11.6,0.476,19,278,21.302,99.217,0.457,154.773,,,,,0
2026-10-04T12:00Z,2026-10-06T12:00Z,2439091,48,1.8,2.3,2,2.8,7.2,h,2.3,7.2,,,0,0,22.877,1.225,0.01,9.5,11.6,0.476,19,279,21.841,97.896,0.329,98.144,,,,,0
2026-10-04T12:00Z,2026-10-04T13:00Z,2439859,1,2.5,2.5,,,,h,2.5,,,,0,0.001,15.032,0.327,0,,,0,20,277,22.697,99.022,0.135,237.74,,,,,0
2026-10-04T12:00Z,2026-10-04T15:00Z,2439859,3,3,3,,,,h,3,,,,0,0.001,26.078,0.49,0,,,0,22,277,21.962,99.237,0.244,325.449,,,,,0
2026-10-04T12:00Z,2026-10-04T18:00Z,2439859,6,3,3,,,,h,3,,,,0,0.001,34.758,0.308,0,,,0,1,277,21.355,98.85,0.197,46.636,,,,,0
2026-10-04T12:00Z,2026-10-05T00:00Z,2439859,12,1.4,1.4,,,,h,1.4,,,,0,0,35.641,0.352,0,,,0,7,278,20.57,99.267,0.044,180.771,,,,,0
2026-10-04T12:00Z,2026-10-05T12:00Z,2439859,24,2.5,2.5,,,,h,2.5,,,,0,0,64.269,0.802,0.349,,,0,19,278,21.396,98.868,0.538,157.643,,,,,0
2026-10-04T12:00Z,2026-10-06T12:00Z,2439859,48,1.8,1.8,,,,h,1.8,,,,0,0,26.442,1.33,0.021,,,0,19,279,21.898,97.801,0.369,101.582,,,,,0
2026-10-04T12:00Z,2026-10-04T13:00Z,2457250,1,2.5,2.5,,,,h,2.5,,,,0,0.001,12.428,0.42,0,,,0,20,277,22.482,98.256,0.066,182.349,,,,,0
2026-10-04T12:00Z,2026-10-04T15:00Z,2457250,3,3,3,,,,h,3,,,,0,0.001,20,0.434,0,,,0,22,277,21.842,98.249,0.045,333.599,,,,,0
2026-10-04T12:00Z,2026-10-04T18:00Z,2457250,6,3,3,,,,h,3,,,,0,0.001,35.146,0.803,0,,,0,1,277,20.953,97.687,0.486,63.762,,,,,0
2026-10-04T12:00Z,2026-10-05T00:00Z,2457250,12,1.4,1.4,,,,h,1.4,,,,0,0,46.176,0.987,0,,,0,7,278,19.875,100,0.645,218.363,,,,,0
2026-10-04T12:00Z,2026-10-05T12:00Z,2457250,24,2.5,2.5,,,,h,2.5,,,,0,0,49.383,0.509,0.439,,,0,19,278,21.272,99.542,0.314,226.193,,,,,0
2026-10-04T12:00Z,2026-10-06T12:00Z,2457250,48,1.8,1.8,,,,h,1.8,,,,0,0,20.963,1.194,0.001,,,0,19,279,21.972,97.819,0.286,115.115,,,,,0
2026-10-04T12:00Z,2026-10-04T13:00Z,2510432,1,2.5,3.7,6,8.5,13.1,h,3.7,13.1,,,0,0.001,15.079,0.335,0,7.7,13.1,0.31,20,277,22.671,99.09,0.14,242.29,,,,,0
2026-10-04T12:00Z,2026-10-04T15:00Z,2510432,3,3,4.3,5.3,7.6,13,h,4.3,13,,,0,0.001,26.383,0.49,0,7.7,13.1,0.31,22,277,21.923,99.353,0.243,326.684,,,,,0
2026-10-04T12:00Z,2026-10-04T18:00Z,2510432,6,3,4.2,4.6,6.7,12.7,h,4.2,12.7,,,0,0.001,34.152,0.251,0,7.7,13.1,0.31,1,277,21.329,98.994,0.192,44.07,,,,,0
2026-10-04T12:00Z,2026-10-05T00:00Z,2510432,12,1.4,2,3.6,5.2,11.7,h,2,11.7,,,0,0,34.578,0.297,0,7.7,13.1,0.31,7,278,20.625,99.154,0.029,165.104,,,,,0
2026-10-04T12:00Z,2026-10-05T12:00Z,2510432,24,2.5,3.2,3.1,4.2,10.3,h,3.2,10.3,,,0,0,64.836,0.893,0.348,7.7,13.1,0.31,19,278,21.37,98.777,0.565,154.168,,,,,0
2026-10-04T12:00Z,2026-10-06T12:00Z,2510432,48,1.8,2.1,2,2.5,7.8,h,2.1,7.8,,,0,0,27.896,1.367,0.026,7.7,13.1,0.31,19,279,21.848,97.811,0.401,100.623,,,,,0
2026-10-04T12:00Z,2026-10-04T13:00Z,2523394,1,2.5,2.5,,,,h,2.5,,,,0,0.001,14.727,0.295,0,,,0,20,277,22.627,98.919,0.141,233.408,,,,,0
2026-10-04T12:00Z,2026-10-04T15:00Z,2523394,3,3,3,,,,h,3,,,,0,0.001,26.752,0.455,0,,,0,22,277,21.933,99.028,0.264,316.992,,,,,0
2026-10-04T12:00Z,2026-10-04T18:00Z,2523394,6,3,3,,,,h,3,,,,0,0.001,38.493,0.39,0,,,0,1,277,21.35,98.408,0.229,53.462,,,,,0
2026-10-04T12:00Z,2026-10-05T00:00Z,2523394,12,1.4,1.4,,,,h,1.4,,,,0,0,38.366,0.446,0,,,0,7,278,20.388,99.444,0.119,201.731,,,,,0
2026-10-04T12:00Z,2026-10-05T12:00Z,2523394,24,2.5,2.5,,,,h,2.5,,,,0,0,61.349,0.539,0.358,,,0,19,278,21.332,99.174,0.46,159.965,,,,,0
2026-10-04T12:00Z,2026-10-06T12:00Z,2523394,48,1.8,1.8,,,,h,1.8,,,,0,0,23.271,1.235,0.011,,,0,19,279,21.879,97.865,0.326,100.155,,,,,0
2026-10-04T12:00Z,2026-10-04T13:00Z,2575375,1,14.1,28.5,10.7,22.4,16.9,h,28.5,16.9,,,0,0.001,89.928,1.856,0,26.4,16.9,0.699,20,277,23.789,95.089,0.835,140.032,,,,,0
2026-10-04T12:00Z,2026-10-04T15:00Z,2575375,3,15.3,30,10.2,21.3,16.9,h,30,16.9,,,0,0.001,39.568,0.374,0,26.4,16.9,0.699,22,277,23.251,97.51,0.321,21.752,,,,,0
2026-10-04T12:00Z,2026-10-04T18:00Z,2575375,6,12.8,24.3,9.7,20.1,17.1,h,24.3,17.1,,,0,0.006,96.961,1.713,0.236,26.4,16.9,0.699,1,277,22.392,98.996,0.692,123.48,,,,,0
2026-10-04T12:00Z,2026-10-05T00:00Z,2575375,12,5.6,10.2,9.6,19.4,17.3,h,10.2,17.3,,,0,0.003,109.9,1.234,0,26.4,16.9,0.699,7,278,22.167,95.506,0.854,308.449,,,,,0
2026-10-04T12:00Z,2026-10-05T12:00Z,2575375,24,14.5,22.5,10.1,18.1,17.3,h,22.5,17.3,,,0,0,45.428,0.675,0.041,26.4,16.9,0.699,19,278,23.796,94.37,0.058,8.368,,,,,0
2026-10-04T12:00Z,2026-10-06T12:00Z,2575375,48,13.1,17.1,7.7,11.1,14,h,17.1,14,,,0,0,82.457,0.963,2.068,26.4,16.9,0.699,19,279,22.092,97.172,0.708,353.886,,,,,0
2026-10-04T12:00Z,2026-10-04T13:00Z,2692436,1,12.7,19.2,15,23.1,21.2,h,19.2,21.2,,,0,0,119.334,2.036,0,22.2,21.2,0.407,20,277,26.648,92.206,1.184,81.914,,,,,0
2026-10-04T12:00Z,2026-10-04T15:00Z,2692436,3,16.1,23.9,15.4,23.6,21.2,h,23.9,21.2,,,0,0,89.178,0.737,0.191,22.2,21.2,0.407,22,277,25.334,96.192,0.284,126.802,,,,,0
2026-10-04T12:00Z,2026-10-04T18:00Z,2692436,6,25.2,36.3,16.6,25.1,21.5,h,36.3,21.5,,,0,0.001,105.685,1.499,0,22.2,21.2,0.407,1,277,25.151,96.328,0.647,109.127,,,,,0
2026-10-04T12:00Z,2026-10-05T00:00Z,2692436,12,27.8,38.3,19.2,28.2,22.7,h,38.3,22.7,,,0,0.004,169.619,1.905,0,22.2,21.2,0.407,7,278,25.638,94.431,1.167,83.302,,,,,0
2026-10-04T12:00Z,2026-10-05T12:00Z,2692436,24,37.8,48.4,28.3,38.5,26.7,h,48.4,26.7,,,0,0,113.394,0.263,0.313,22.2,21.2,0.407,19,278,25.385,95.256,0.038,290.082,,,,,0
2026-10-04T12:00Z,2026-10-06T12:00Z,2692436,48,33.3,38.7,21.9,26.8,24,h,38.7,24,,,0,0,84.075,1.201,0,22.2,21.2,0.407,19,279,25.942,94.315,0.339,57.081,,,,,0
2026-10-04T12:00Z,2026-10-04T13:00Z,2692642,1,12.7,12.7,,,,h,12.7,,,,0,0,120.101,2.049,0,,,0,20,277,26.649,92.425,1.226,74.844,,,,,0
2026-10-04T12:00Z,2026-10-04T15:00Z,2692642,3,16.1,16.1,,,,h,16.1,,,,0,0,93.508,0.867,0.179,,,0,22,277,25.329,96.214,0.37,117.918,,,,,0
2026-10-04T12:00Z,2026-10-04T18:00Z,2692642,6,25.2,25.2,,,,h,25.2,,,,0,0.001,108.057,1.418,0,,,0,1,277,25.148,96.169,0.601,107.468,,,,,0
2026-10-04T12:00Z,2026-10-05T00:00Z,2692642,12,27.8,27.8,,,,h,27.8,,,,0,0.004,174.225,1.834,0,,,0,7,278,25.629,94.323,1.156,80.72,,,,,0
2026-10-04T12:00Z,2026-10-05T12:00Z,2692642,24,37.8,37.8,,,,h,37.8,,,,0,0,115.565,0.43,0.301,,,0,19,278,25.342,95.391,0.155,311.223,,,,,0
2026-10-04T12:00Z,2026-10-06T12:00Z,2692642,48,33.3,33.3,,,,h,33.3,,,,0,0,89.685,1.22,0,,,0,19,279,25.955,94.356,0.35,55.622,,,,,0
2026-10-04T12:00Z,2026-10-04T13:00Z,2692644,1,12.7,12.7,,,,h,12.7,,,,0,0,120.639,2.256,0,,,0,20,277,26.592,92.443,1.279,74.498,,,,,0
2026-10-04T12:00Z,2026-10-04T15:00Z,2692644,3,16.1,16.1,,,,h,16.1,,,,0,0,93.824,0.887,0.208,,,0,22,277,25.238,96.426,0.368,126.159,,,,,0
2026-10-04T12:00Z,2026-10-04T18:00Z,2692644,6,25.2,25.2,,,,h,25.2,,,,0,0.001,108.247,1.587,0,,,0,1,277,25.092,96.381,0.697,107.201,,,,,0
2026-10-04T12:00Z,2026-10-05T00:00Z,2692644,12,27.8,27.8,,,,h,27.8,,,,0,0.005,171.236,1.918,0,,,0,7,278,25.598,94.452,1.182,85.427,,,,,0
2026-10-04T12:00Z,2026-10-05T12:00Z,2692644,24,37.8,37.8,,,,h,37.8,,,,0,0,115.403,0.287,0.279,,,0,19,278,25.328,95.479,0.107,305.452,,,,,0
2026-10-04T12:00Z,2026-10-06T12:00Z,2692644,48,33.3,33.3,,,,h,33.3,,,,0,0,85.665,1.14,0,,,0,19,279,25.947,94.506,0.324,58.346,,,,,0
2026-10-04T12:00Z,2026-10-04T13:00Z,2692645,1,24,24,,,,h,24,,,,0,0,120.565,2.374,0,,,0,20,277,26.557,92.452,1.305,74.296,,,,,0
2026-10-04T12:00Z,2026-10-04T15:00Z,2692645,3,27.9,27.9,,,,h,27.9,,,,0,0.001,93.89,0.89,0.227,,,0,22,277,25.183,96.557,0.364,131.359,,,,,0
2026-10-04T12:00Z,2026-10-04T18:00Z,2692645,6,36.6,36.6,,,,h,36.6,,,,0,0.002,108.105,1.68,0,,,0,1,277,25.056,96.523,0.748,106.902,,,,,0
2026-10-04T12:00Z,2026-10-05T00:00Z,2692645,12,45.5,45.5,,,,h,45.5,,,,0,0.005,169.249,1.968,0,,,0,7,278,25.579,94.537,1.195,87.897,,,,,0
2026-10-04T12:00Z,2026-10-05T12:00Z,2692645,24,39.6,39.6,,,,h,39.6,,,,0,0,115.309,0.21,0.265,,,0,19,278,25.318,95.535,0.099,294.347,,,,,0
2026-10-04T12:00Z,2026-10-06T12:00Z,2692645,48,40.2,40.2,,,,h,40.2,,,,0,0,82.794,1.088,0,,,0,19,279,25.944,94.588,0.308,59.895,,,,,0
2026-10-04T12:00Z,2026-10-04T13:00Z,2739142,1,11.1,19.5,7.5,13.8,16.2,h,19.5,16.2,,,0,0,80.872,1.388,0,26.7,16.2,0.55,20,277,25.765,95.225,0.47,197.242,,,,,0
2026-10-04T12:00Z,2026-10-04T15:00Z,2739142,3,9.8,16.9,7.9,14.3,16.2,h,16.9,16.2,,,0,0,96.037,0.981,0,26.7,16.2,0.55,22,277,25.24,97.069,0.434,176.977,,,,,0
2026-10-04T12:00Z,2026-10-04T18:00Z,2739142,6,10.4,17.3,8.3,14.9,16.4,h,17.3,16.4,,,0,0,75.336,1.235,0,26.7,16.2,0.55,1,277,24.641,98.863,0.446,131.835,,,,,0
2026-10-04T12:00Z,2026-10-05T00:00Z,2739142,12,5.3,8.6,8.7,15.1,16.6,h,8.6,16.6,,,0,0,180.075,1.605,0.166,26.7,16.2,0.55,7,278,24.771,95.155,1.175,113.303,,,,,0
2026-10-04T12:00Z,2026-10-05T12:00Z,2739142,24,6.1,8.8,6.8,11.2,14.6,h,8.8,14.6,,,0,0,161.895,2.905,0.071,26.7,16.2,0.55,19,278,25.658,92.603,1.116,34.455,,,,,0
2026-10-04T12:00Z,2026-10-06T12:00Z,2739142,48,12.9,15.9,7.6,10,13.1,h,15.9,13.1,,,0,0,222.333,5.119,0,26.7,16.2,0.55,19,279,26.302,75.854,2.237,58.113,,,,,0
2026-10-04T12:00Z,2026-10-04T13:00Z,2811479,1,6.8,15.4,9.5,21.7,22.2,h,15.4,22.2,,,0,0,109.86,1.607,0,25.8,22.2,0.774,20,277,25.72,93.855,0.543,319.796,,,,,0
2026-10-04T12:00Z,2026-10-04T15:00Z,2811479,3,6.3,13.9,9.4,21.4,22.2,h,13.9,22.2,,,0,0,58.788,0.55,0,25.8,22.2,0.774,22,277,25.385,96,0.421,170.656,,,,,0
2026-10-04T12:00Z,2026-10-04T18:00Z,2811479,6,6.9,14.4,9,20.5,22.2,h,14.4,22.2,,,0,0,60.407,0.613,0,25.8,22.2,0.774,1,277,24.856,98.236,0.282,74.151,,,,,0
2026-10-04T12:00Z,2026-10-05T00:00Z,2811479,12,5.9,11.5,8.4,18.4,21.6,h,11.5,21.6,,,0,0,121.56,1.049,0.027,25.8,22.2,0.774,7,278,25.114,95.631,0.824,62.614,,,,,0
2026-10-04T12:00Z,2026-10-05T12:00Z,2811479,24,6.3,10.6,6.5,12.6,19.1,h,10.6,19.1,,,0,0,156.037,0.98,0.101,25.8,22.2,0.774,19,278,25.684,92.956,0.466,321.566,,,,,0
2026-10-04T12:00Z,2026-10-06T12:00Z,2811479,48,8.5,11.6,5.3,8,15.1,h,11.6,15.1,,,0,0,193.555,3.184,1.118,25.8,22.2,0.774,19,279,24.549,94.136,1.507,62.096,,,,,0
2026-10-04T12:00Z,2026-10-04T13:00Z,2811482,1,6.8,6.8,,,,h,6.8,,,,0,0,138.827,1.43,0,,,0,20,277,25.597,93.265,0.463,316.566,,,,,0
2026-10-04T12:00Z,2026-10-04T15:00Z,2811482,3,6.3,6.3,,,,h,6.3,,,,0,0,65.6,0.56,0,,,0,22,277,25.221,96,0.511,113.788,,,,,0
2026-10-04T12:00Z,2026-10-04T18:00Z,2811482,6,6.9,6.9,,,,h,6.9,,,,0,0,66.414,0.873,0,,,0,1,277,24.769,98.185,0.28,77.809,,,,,0
2026-10-04T12:00Z,2026-10-05T00:00Z,2811482,12,5.9,5.9,,,,h,5.9,,,,0,0,135.07,1.309,0.013,,,0,7,278,24.987,95.852,1.019,67.902,,,,,0
2026-10-04T12:00Z,2026-10-05T12:00Z,2811482,24,6.3,6.3,,,,h,6.3,,,,0,0,186.519,1.737,0.156,,,0,19,278,25.862,92.847,0.712,4.105,,,,,0
2026-10-04T12:00Z,2026-10-06T12:00Z,2811482,48,8.5,8.5,,,,h,8.5,,,,0,0,131.731,2.099,1.036,,,0,19,279,24.434,93.355,0.567,82.789,,,,,0
2026-10-04T12:00Z,2026-10-04T13:00Z,2811595,1,12.7,7.6,15,8.9,10.2,h,7.6,10.2,,,0,0,110.72,1.14,0,7.5,10.2,-0.486,20,277,26.865,92.223,0.905,82.298,,,,,0
2026-10-04T12:00Z,2026-10-04T15:00Z,2811595,3,16.1,9.9,15.4,9.1,10.2,h,9.9,10.2,,,0,0,88.174,0.578,0.093,7.5,10.2,-0.486,22,277,25.664,95.451,0.292,79.017,,,,,0
2026-10-04T12:00Z,2026-10-04T18:00Z,2811595,6,25.2,16.2,16.6,9.9,10.2,h,16.2,10.2,,,0,0,101.754,0.673,0,7.5,10.2,-0.486,1,277,25.325,95.697,0.181,104.315,,,,,0
2026-10-04T12:00Z,2026-10-05T00:00Z,2811595,12,27.8,18.9,19.2,12,10.5,h,18.9,10.5,,,0,0.001,179.923,1.612,0,7.5,10.2,-0.486,7,278,25.747,94.022,1.088,56.661,,,,,0
2026-10-04T12:00Z,2026-10-05T12:00Z,2811595,24,37.8,28.1,28.3,19.5,13.2,h,28.1,13.2,,,0,0,115.246,0.941,0.373,7.5,10.2,-0.486,19,278,25.378,95.059,0.444,299.258,,,,,0
2026-10-04T12:00Z,2026-10-06T12:00Z,2811595,48,33.3,27.8,21.9,17.3,13.7,h,27.8,13.7,,,0,0,94.103,1.455,0,7.5,10.2,-0.486,19,279,26.019,93.635,0.43,44.185,,,,,0
2026-10-04T12:00Z,2026-10-04T13:00Z,2813904,1,9.3,16.7,18.6,33.4,31.3,h,16.7,31.3,,,0,0.018,150.012,2.63,0.69,18.3,31.4,0.563,20,277,25.795,93.961,1.301,95.665,,,,,0
2026-10-04T12:00Z,2026-10-04T15:00Z,2813904,3,11.1,19.3,17.9,32.1,31,h,19.3,31,,,0,0.003,127.59,1.464,0,18.3,31.4,0.563,22,277,25.316,95.509,0.609,202.308,,,,,0
2026-10-04T12:00Z,2026-10-04T18:00Z,2813904,6,15.3,25.5,16.9,30.1,30.4,h,25.5,30.4,,,0,0.003,104.618,1.484,0,18.3,31.4,0.563,1,277,24.731,96.875,1.031,126.138,,,,,0
2026-10-04T12:00Z,2026-10-05T00:00Z,2813904,12,24.4,38,14.5,24.9,29.6,h,38,29.6,,,0,0.016,123.566,1.073,0,18.3,31.4,0.563,7,278,24.808,95.519,0.662,119,,,,,0
2026-10-04T12:00Z,2026-10-05T12:00Z,2813904,24,10.2,14.6,16,25.1,29.4,h,14.6,29.4,,,0,0.002,84.43,1.245,0.327,18.3,31.4,0.563,19,278,25.629,94.318,0.78,55.771,,,,,0
2026-10-04T12:00Z,2026-10-06T12:00Z,2813904,48,9.7,12.1,6.2,8.4,19.9,h,12.1,19.9,,,0,0,140.476,3.043,0.044,18.3,31.4,0.563,19,279,25.849,94.317,1.363,32.813,,,,,0
2026-10-04T12:00Z,2026-10-04T13:00Z,2813975,1,4,4,,,,h,4,,,,0,0,259.086,3.398,0,,,0,20,277,25.713,90.833,1.933,261.459,,,,,0
2026-10-04T12:00Z,2026-10-04T15:00Z,2813975,3,4.4,4.4,,,,h,4.4,,,,0,0,168.469,2.724,0.017,,,0,22,277,25.362,90.168,1.48,281.723,,,,,0
2026-10-04T12:00Z,2026-10-04T18:00Z,2813975,6,4.8,4.8,,,,h,4.8,,,,0,0,179.195,2.143,0.036,,,0,1,277,25.22,88.345,1.366,297.359,,,,,0
2026-10-04T12:00Z,2026-10-05T00:00Z,2813975,12,2.6,2.6,,,,h,2.6,,,,0,0,191.114,1.892,0.164,,,0,7,278,24.918,90.664,1.227,275.023,,,,,0
2026-10-04T12:00Z,2026-10-05T12:00Z,2813975,24,2,2,,,,h,2,,,,0,0,340.318,2.923,0.112,,,0,19,278,25.673,90.372,1.827,249.18,,,,,0
2026-10-04T12:00Z,2026-10-06T12:00Z,2813975,48,2,2,,,,h,2,,,,0,0,229.38,2.37,0,,,0,19,279,25.594,90.947,1.154,231.016,,,,,0
2026-10-04T12:00Z,2026-10-04T13:00Z,2821337,1,10.4,17.6,10.9,18.8,22.8,h,17.6,22.8,,,0,0.038,80.797,1.767,0,23.1,22.8,0.511,20,277,25.79,93.864,0.626,148.079,,,,,0
2026-10-04T12:00Z,2026-10-04T15:00Z,2821337,3,10,16.6,10.6,18.2,22.7,h,16.6,22.7,,,0,0.05,64.597,1.581,0.196,23.1,22.8,0.511,22,277,24.929,96.46,0.778,115.003,,,,,0
2026-10-04T12:00Z,2026-10-04T18:00Z,2821337,6,8.1,13.2,9.9,17,22.4,h,13.2,22.4,,,0,0.017,132.561,0.478,0.832,23.1,22.8,0.511,1,277,22.888,96.233,0.478,337.114,,,,,0
2026-10-04T12:00Z,2026-10-05T00:00Z,2821337,12,4.6,7.3,7.9,13.4,20.7,h,7.3,20.7,,,0,0.001,175.907,1.57,0.111,23.1,22.8,0.511,7,278,22.414,94.382,0.883,31.185,,,,,0
2026-10-04T12:00Z,2026-10-05T12:00Z,2821337,24,6.8,9.6,6.2,9.7,18.6,h,9.6,18.6,,,0,0,101.294,1.4,0.023,23.1,22.8,0.511,19,278,23.748,95.46,0.638,346.69,,,,,0
2026-10-04T12:00Z,2026-10-06T12:00Z,2821337,48,8.9,10.9,4.6,6.1,14.4,h,10.9,14.4,,,0,0,73.91,2.262,0.685,23.1,22.8,0.511,19,279,24.161,89.175,1.323,76.372,,,,,0
2026-10-04T12:00Z,2026-10-04T13:00Z,2827389,1,18.6,21.8,12.4,14.7,20.6,h,21.8,20.6,,,0,0.011,48.04,0.137,0,14.6,20.6,0.159,20,277,25.3,93.696,0.205,78.127,,,,,0
2026-10-04T12:00Z,2026-10-04T15:00Z,2827389,3,16.1,18.8,12,14.3,20.5,h,18.8,20.5,,,0,0.017,35.317,0.344,0,14.6,20.6,0.159,22,277,24.658,95.982,0.27,33.336,,,,,0
2026-10-04T12:00Z,2026-10-04T18:00Z,2827389,6,15.9,18.4,11.5,13.6,20.3,h,18.4,20.3,,,0,0.019,154.607,3.691,1.084,14.6,20.6,0.159,1,277,23.56,97.85,1.967,163.956,,,,,0
2026-10-04T12:00Z,2026-10-05T00:00Z,2827389,12,7.3,8.4,11.2,13.2,19.3,h,8.4,19.3,,,0,0.008,100.613,0.407,0,14.6,20.6,0.159,7,278,23.466,95.039,0.623,147.779,,,,,0
2026-10-04T12:00Z,2026-10-05T12:00Z,2827389,24,10.8,12,11,12.6,18,h,12,18,,,0,0.001,91.042,1.571,0.479,14.6,20.6,0.159,19,278,24.876,93.032,0.692,68.182,,,,,0
2026-10-04T12:00Z,2026-10-06T12:00Z,2827389,48,12,12.8,6,6.6,13.6,h,12.8,13.6,,,0,0,94.072,1.959,0.82,14.6,20.6,0.159,19,279,23.442,95.853,1.138,308.989,,,,,0
2026-10-04T12:00Z,2026-10-04T13:00Z,2827395,1,6.1,11.3,9.5,17.6,13.8,h,11.3,13.8,,,0,0,85.321,1.362,1.887,12.6,13.8,0.575,20,277,24.856,96.825,1.102,52.15,,,,,0
2026-10-04T12:00Z,2026-10-04T15:00Z,2827395,3,6.3,11.4,9.5,17.6,13.8,h,11.4,13.8,,,0,0,109.074,2.168,0.473,12.6,13.8,0.575,22,277,24.524,98.336,1.199,60.661,,,,,0
2026-10-04T12:00Z,2026-10-04T18:00Z,2827395,6,4.8,8.5,9.4,17.4,13.8,h,8.5,13.8,,,0,0,76.235,1.191,0,12.6,13.8,0.575,1,277,24.239,98.6,0.559,112.8,,,,,0
2026-10-04T12:00Z,2026-10-05T00:00Z,2827395,12,3.4,5.8,7.7,14.1,13.4,h,5.8,13.4,,,0,0,172.667,2.303,1.573,12.6,13.8,0.575,7,278,23.519,96.818,1.329,77.341,,,,,0
2026-10-04T12:00Z,2026-10-05T12:00Z,2827395,24,2.9,4.5,3.8,6.6,11.5,h,4.5,11.5,,,0,0,183.032,1.704,0.087,12.6,13.8,0.575,19,278,24.66,93.587,0.558,54.76,,,,,0
2026-10-04T12:00Z,2026-10-06T12:00Z,2827395,48,10,12.5,7.4,9.9,11.8,h,12.5,11.8,,,0,0,237.188,5.097,0,12.6,13.8,0.575,19,279,24.987,73.702,2.175,70.879,,,,,0
2026-10-04T12:00Z,2026-10-04T13:00Z,2827396,1,5.8,10.3,5.9,10.6,12.7,h,10.3,12.7,,,0,0.001,51.221,1.072,0,16.6,12.7,0.526,20,277,25.842,92.484,0.349,213.525,,,,,0
2026-10-04T12:00Z,2026-10-04T15:00Z,2827396,3,6.3,10.8,5.6,10.1,12.7,h,10.8,12.7,,,0,0.001,37.291,0.97,0,16.6,12.7,0.526,22,277,25.231,94.592,0.431,200.107,,,,,0
2026-10-04T12:00Z,2026-10-04T18:00Z,2827396,6,2.1,3.9,4.9,8.9,12.6,h,3.9,12.6,,,0,0.001,94.591,1.877,0.505,16.6,12.7,0.526,1,277,23.517,98.759,0.843,288.992,,,,,0
2026-10-04T12:00Z,2026-10-05T00:00Z,2827396,12,3,5,4.9,8.8,12.2,h,5,12.2,,,0,0.003,85.867,0.577,0,16.6,12.7,0.526,7,278,23.353,97.32,0.585,277.447,,,,,0
2026-10-04T12:00Z,2026-10-05T12:00Z,2827396,24,5.5,7.9,4.7,7.5,11,h,7.9,11,,,0,0.001,33.072,0.638,1.044,16.6,12.7,0.526,19,278,24.986,95.634,0.404,72.098,,,,,0
2026-10-04T12:00Z,2026-10-06T12:00Z,2827396,48,5.1,6.4,4.8,6.5,9.6,h,6.4,9.6,,,0,0,63.791,0.502,1.608,16.6,12.7,0.526,19,279,25.072,89.473,0.036,73.565,,,,,0
2026-10-04T12:00Z,2026-10-04T13:00Z,2832266,1,8.5,8.5,,,,h,8.5,,,,0,0,72.615,0.492,0,,,0,20,277,26.26,94.178,0.163,268.212,,,,,0
2026-10-04T12:00Z,2026-10-04T15:00Z,2832266,3,9.5,9.5,,,,h,9.5,,,,0,0,54.969,0.786,0,,,0,22,277,25.828,95.356,0.208,202.064,,,,,0
2026-10-04T12:00Z,2026-10-04T18:00Z,2832266,6,13,13,,,,h,13,,,,0,0,30.841,0.714,0,,,0,1,277,25.049,96.812,0.242,160.421,,,,,0
2026-10-04T12:00Z,2026-10-05T00:00Z,2832266,12,9.4,9.4,,,,h,9.4,,,,0,0,60.16,0.576,0.025,,,0,7,278,25.369,94.842,0.532,15.386,,,,,0
2026-10-04T12:00Z,2026-10-05T12:00Z,2832266,24,7.7,7.7,,,,h,7.7,,,,0,0,105.751,1.483,0.067,,,0,19,278,25.459,93.605,0.762,228.962,,,,,0
2026-10-04T12:00Z,2026-10-06T12:00Z,2832266,48,7.7,7.7,,,,h,7.7,,,,0,0,146.885,2.508,0.551,,,0,19,279,25.105,96.798,1.547,20.87,,,,,0
2026-10-04T12:00Z,2026-10-04T13:00Z,2832600,1,5.8,9.4,5.9,9.7,11,h,9.4,11,,,0,0.001,52.259,1.108,0,12.4,11,0.445,20,277,25.156,94.717,0.316,217.858,,,,,0
2026-10-04T12:00Z,2026-10-04T15:00Z,2832600,3,6.3,10,5.6,9.2,11,h,10,11,,,0,0.001,33.506,0.949,0,12.4,11,0.445,22,277,24.543,96.844,0.364,181.042,,,,,0
2026-10-04T12:00Z,2026-10-04T18:00Z,2832600,6,2.1,3.6,4.9,8.2,10.9,h,3.6,10.9,,,0,0.001,100.667,1.794,0.54,12.4,11,0.445,1,277,23.038,98.49,0.792,285.707,,,,,0
2026-10-04T12:00Z,2026-10-05T00:00Z,2832600,12,3,4.6,4.9,8,10.7,h,4.6,10.7,,,0,0.004,78.105,0.113,0,12.4,11,0.445,7,278,22.844,97.8,0.296,229.801,,,,,0
2026-10-04T12:00Z,2026-10-05T12:00Z,2832600,24,5.5,7.5,4.7,7,9.7,h,7.5,9.7,,,0,0.001,37.015,0.832,0.663,12.4,11,0.445,19,278,24.616,95.322,0.289,63.807,,,,,0
2026-10-04T12:00Z,2026-10-06T12:00Z,2832600,48,5.1,6.2,4.8,6.2,8.6,h,6.2,8.6,,,0,0,117.497,0.786,1.038,12.4,11,0.445,19,279,24.52,90.497,0.154,70.993,,,,,0
2026-10-04T12:00Z,2026-10-04T13:00Z,2843720,1,8.9,8.8,9.6,9.5,14.1,h,8.8,14.1,,,0,0.006,47.404,1.865,0,6.2,14.1,-0.008,20,277,25.708,94.618,0.708,169.304,,,,,0
2026-10-04T12:00Z,2026-10-04T15:00Z,2843720,3,8,7.9,8.9,8.8,14,h,7.9,14,,,0,0.004,39.723,0.966,0,6.2,14.1,-0.008,22,277,25.198,95.719,0.205,179.002,,,,,0
2026-10-04T12:00Z,2026-10-04T18:00Z,2843720,6,5.7,5.7,8.3,8.2,13.9,h,5.7,13.9,,,0,0.001,54.631,0.567,1.775,6.2,14.1,-0.008,1,277,23.374,99.516,0.919,317.936,,,,,0
2026-10-04T12:00Z,2026-10-05T00:00Z,2843720,12,4.7,4.7,7.3,7.3,13.3,h,4.7,13.3,,,0,0.004,197.705,2.356,0.304,6.2,14.1,-0.008,7,278,23.174,98.707,1.255,36.329,,,,,0
2026-10-04T12:00Z,2026-10-05T12:00Z,2843720,24,4.6,4.6,5.5,5.5,11.4,h,4.6,11.4,,,0,0.001,34.842,1.247,0.01,6.2,14.1,-0.008,19,278,24.662,95.595,0.465,13.397,,,,,0
2026-10-04T12:00Z,2026-10-06T12:00Z,2843720,48,4.9,4.9,4.5,4.5,9.3,h,4.9,9.3,,,0,0,30.455,0.301,0.01,6.2,14.1,-0.008,19,279,24.57,95.848,0.142,317.167,,,,,0
2026-10-04T12:00Z,2026-10-04T13:00Z,2843723,1,13.5,18.2,14,19,24.8,h,18.2,24.8,,,0,0,190.344,4.362,0,14.8,24.9,0.291,20,277,27.084,88.579,2.428,149.842,,,,,0
2026-10-04T12:00Z,2026-10-04T15:00Z,2843723,3,16.6,22,14.1,19.2,24.7,h,22,24.7,,,0,0,69.484,1.478,0,14.8,24.9,0.291,22,277,26.238,93.139,0.697,138.811,,,,,0
2026-10-04T12:00Z,2026-10-04T18:00Z,2843723,6,15.1,19.7,14.3,19.3,24.4,h,19.7,24.4,,,0,0,123.488,3.288,0,14.8,24.9,0.291,1,277,25.992,94.156,1.835,136.389,,,,,0
2026-10-04T12:00Z,2026-10-05T00:00Z,2843723,12,10.8,13.7,13.6,18.1,23.3,h,13.7,23.3,,,0,0,156.205,3.458,0,14.8,24.9,0.291,7,278,26.029,93.415,2.016,103.288,,,,,0
2026-10-04T12:00Z,2026-10-05T12:00Z,2843723,24,7.5,9.1,11.3,14.5,21.6,h,9.1,21.6,,,0,0,97.876,2.077,0.732,14.8,24.9,0.291,19,278,26.583,91.32,1.338,102.962,,,,,0
2026-10-04T12:00Z,2026-10-06T12:00Z,2843723,48,7.3,8.2,5.8,6.8,15.8,h,8.2,15.8,,,0,0,120.754,2.42,0.014,14.8,24.9,0.291,19,279,25.537,93.273,1.103,79.071,,,,,0
2026-10-04T12:00Z,2026-10-04T13:00Z,2843771,1,5.7,5.7,,,,h,5.7,,,,0,0.006,36.328,0.743,0,,,0,20,277,22.512,98.384,0.431,133.407,,,,,0
2026-10-04T12:00Z,2026-10-04T15:00Z,2843771,3,3.9,3.9,,,,h,3.9,,,,0,0.008,44.162,1.119,0,,,0,22,277,21.985,98.075,0.516,167.824,,,,,0
2026-10-04T12:00Z,2026-10-04T18:00Z,2843771,6,1.6,1.6,,,,h,1.6,,,,0,0.006,49.701,0.854,0.603,,,0,1,277,21.005,97.967,0.712,45.968,,,,,0
2026-10-04T12:00Z,2026-10-05T00:00Z,2843771,12,2.8,2.8,,,,h,2.8,,,,0,0.005,48.766,0.446,0,,,0,7,278,21.038,96.288,0.352,64.473,,,,,0
2026-10-04T12:00Z,2026-10-05T12:00Z,2843771,24,4.3,4.3,,,,h,4.3,,,,0,0.001,31.497,0.867,0.15,,,0,19,278,22.055,99.037,0.312,75.689,,,,,0
2026-10-04T12:00Z,2026-10-06T12:00Z,2843771,48,3.7,3.7,,,,h,3.7,,,,0,0,25.334,0.765,0.187,,,0,19,279,21.608,98.516,0.216,85.915,,,,,0
2026-10-04T12:00Z,2026-10-04T13:00Z,2847191,1,9.9,0,11.6,0,0,h,0,0,,,0,0.146,48.491,1.197,0,0,0,-2.759,20,277,24.452,98.465,0.49,171.009,,,,,0
2026-10-04T12:00Z,2026-10-04T15:00Z,2847191,3,10.8,0,11,0,0,h,0,0,,,0,0.072,35.446,0.804,0,0,0,-2.759,22,277,23.803,99.309,0.334,167.622,,,,,0
2026-10-04T12:00Z,2026-10-04T18:00Z,2847191,6,6.5,0,10.3,0,0,h,0,0,,,0,0.011,90.352,0.665,0.222,0,0,-2.759,1,277,23.048,98.591,0.196,237.376,,,,,0
2026-10-04T12:00Z,2026-10-05T00:00Z,2847191,12,5.1,0,8.3,0,0,h,0,0,,,0,0.009,117.289,0.958,0.123,0,0,-2.759,7,278,23.229,96.667,0.687,51.715,,,,,0
2026-10-04T12:00Z,2026-10-05T12:00Z,2847191,24,9.1,1,7,0.2,0.1,h,1,0.1,,,0,0.001,31.533,1.11,0.139,0,0,-2.759,19,278,23.678,96.754,0.362,50.724,,,,,0
2026-10-04T12:00Z,2026-10-06T12:00Z,2847191,48,7.9,2.3,6.5,1.1,0.5,h,2.3,0.5,,,0,0,30.442,1.35,0.115,0,0,-2.759,19,279,23.848,95.212,0.323,20.072,,,,,0
2026-10-04T12:00Z,2026-10-04T13:00Z,2847192,1,18.3,18.3,,,,h,18.3,,,,0,0.027,131.549,2.25,0.742,,,0,20,277,26.006,93.065,1.274,79.879,,,,,0
2026-10-04T12:00Z,2026-10-04T15:00Z,2847192,3,21.5,21.5,,,,h,21.5,,,,0,0.009,123.435,0.936,0.182,,,0,22,277,25.274,95.588,0.301,179.525,,,,,0
2026-10-04T12:00Z,2026-10-04T18:00Z,2847192,6,29.1,29.1,,,,h,29.1,,,,0,0.008,147.805,1.046,0,,,0,1,277,25.119,95.299,0.479,136.081,,,,,0
2026-10-04T12:00Z,2026-10-05T00:00Z,2847192,12,39,39,,,,h,39,,,,0,0.005,194.384,1.512,0,,,0,7,278,25.518,93.363,1.049,91.47,,,,,0
2026-10-04T12:00Z,2026-10-05T12:00Z,2847192,24,19.7,19.7,,,,h,19.7,,,,0,0.001,137.778,0.639,0.274,,,0,19,278,25.518,94.591,0.351,4.326,,,,,0
2026-10-04T12:00Z,2026-10-06T12:00Z,2847192,48,21.2,21.2,,,,h,21.2,,,,0,0,98.8,1.366,0.214,,,0,19,279,25.711,95,0.636,19.108,,,,,0
2026-10-04T12:00Z,2026-10-04T13:00Z,2847196,1,13.5,19.2,14,20.1,29.8,h,19.2,29.8,,,0,0,262.319,3.515,0.005,15.6,29.8,0.345,20,277,27.371,87.133,1.919,160.518,,,,,0
2026-10-04T12:00Z,2026-10-04T15:00Z,2847196,3,16.6,23.2,14.1,20.3,29.7,h,23.2,29.7,,,0,0,177.404,1.364,0,15.6,29.8,0.345,22,277,26.745,89.936,0.401,153.417,,,,,0
2026-10-04T12:00Z,2026-10-04T18:00Z,2847196,6,15.1,20.7,14.3,20.3,29.3,h,20.7,29.3,,,0,0,176.666,2.899,0.005,15.6,29.8,0.345,1,277,26.322,91.066,1.654,144.075,,,,,0
2026-10-04T12:00Z,2026-10-05T00:00Z,2847196,12,10.8,14.3,13.6,19,27.5,h,14.3,27.5,,,0,0,184.772,2.589,0,15.6,29.8,0.345,7,278,26.159,91.144,1.709,108.99,,,,,0
2026-10-04T12:00Z,2026-10-05T12:00Z,2847196,24,7.5,9.4,11.3,15.2,25.1,h,9.4,25.1,,,0,0,152.502,1.446,0.469,15.6,29.8,0.345,19,278,26.88,88.729,0.966,100.37,,,,,0
2026-10-04T12:00Z,2026-10-06T12:00Z,2847196,48,7.3,8.4,5.8,7,18.4,h,8.4,18.4,,,0,0,192.028,1.99,0.073,15.6,29.8,0.345,19,279,26.054,90.504,1.09,69.955,,,,,0
2026-10-04T12:00Z,2026-10-04T13:00Z,2847198,1,10.4,10.4,,,,h,10.4,,,,0,0.025,73.341,1.641,0,,,0,20,277,25.678,94.083,0.585,144.194,,,,,0
2026-10-04T12:00Z,2026-10-04T15:00Z,2847198,3,10,10,,,,h,10,,,,0,0.053,74.621,1.654,0.327,,,0,22,277,24.761,96.598,0.906,104.476,,,,,0
2026-10-04T12:00Z,2026-10-04T18:00Z,2847198,6,8.1,8.1,,,,h,8.1,,,,0,0.016,129.694,0.782,0.876,,,0,1,277,22.759,96.9,0.62,1.678,,,,,0
2026-10-04T12:00Z,2026-10-05T00:00Z,2847198,12,4.6,4.6,,,,h,4.6,,,,0,0.001,194.524,1.751,0.089,,,0,7,278,22.298,94.455,0.938,49.585,,,,,0
2026-10-04T12:00Z,2026-10-05T12:00Z,2847198,24,6.8,6.8,,,,h,6.8,,,,0,0,87.161,1.133,0.017,,,0,19,278,23.697,95.598,0.518,358.136,,,,,0
2026-10-04T12:00Z,2026-10-06T12:00Z,2847198,48,8.9,8.9,,,,h,8.9,,,,0,0,69.826,2.047,1.145,,,0,19,279,23.796,90.52,1.17,77.364,,,,,0
2026-10-04T12:00Z,2026-10-04T13:00Z,2848810,1,24,6,26.9,6.5,9.1,h,6,9.1,,,0,0,122.065,2.568,0,5.4,9.1,-1.32,20,277,26.518,92.678,1.401,68.737,,,,,0
2026-10-04T12:00Z,2026-10-04T15:00Z,2848810,3,27.9,7.6,27.2,6.6,9.1,h,7.6,9.1,,,0,0.001,98.41,1.04,0.235,5.4,9.1,-1.32,22,277,25.115,96.725,0.456,128.063,,,,,0
2026-10-04T12:00Z,2026-10-04T18:00Z,2848810,6,36.6,11,27.6,6.9,9,h,11,9,,,0,0.002,110.773,1.732,0,5.4,9.1,-1.32,1,277,25.015,96.505,0.779,105.512,,,,,0
2026-10-04T12:00Z,2026-10-05T00:00Z,2848810,12,45.5,16,29.8,8.4,9.3,h,16,9.3,,,0,0.007,171.773,1.967,0,5.4,9.1,-1.32,7,278,25.549,94.516,1.21,88.899,,,,,0
2026-10-04T12:00Z,2026-10-05T12:00Z,2848810,24,39.6,17.5,34.8,12.3,10.1,h,17.5,10.1,,,0,0,117.287,0.276,0.239,5.4,9.1,-1.32,19,278,25.268,95.724,0.169,316.324,,,,,0
2026-10-04T12:00Z,2026-10-06T12:00Z,2848810,48,40.2,24.6,20.6,10.6,9.9,h,24.6,9.9,,,0,0,85.814,1.056,0,5.4,9.1,-1.32,19,279,25.949,94.741,0.304,60.794,,,,,0
2026-10-04T12:00Z,2026-10-04T13:00Z,2894459,1,16.7,23.5,,,,h,23.5,,,,0,0.036,173.848,2.451,0.849,45.2,,0.337,20,277,25.495,95.637,1.262,90.53,,,,,0
2026-10-04T12:00Z,2026-10-04T15:00Z,2894459,3,16.5,22.9,,,,h,22.9,,,,0,0.026,190.092,2.172,0.178,45.2,,0.337,22,277,25.086,95.691,1.098,191.706,,,,,0
2026-10-04T12:00Z,2026-10-04T18:00Z,2894459,6,21.2,28.7,,,,h,28.7,,,,0,0.007,39.691,0.835,0,45.2,,0.337,1,277,24.802,95.644,0.24,153.199,,,,,0
2026-10-04T12:00Z,2026-10-05T00:00Z,2894459,12,28.2,36.8,,,,h,36.8,,,,0,0.039,134.194,0.832,0,45.2,,0.337,7,278,25.051,95.658,0.507,110.798,,,,,0
2026-10-04T12:00Z,2026-10-05T12:00Z,2894459,24,11.1,13.8,,,,h,13.8,,,,0,0.002,144.199,2.671,0.036,45.2,,0.337,19,278,25.941,95.092,1.302,1.958,,,,,0
2026-10-04T12:00Z,2026-10-06T12:00Z,2894459,48,13.3,15.1,,,,h,15.1,,,,0,0,139.67,2.564,0.052,45.2,,0.337,19,279,26.171,93.488,0.924,38.618,,,,,0
2026-10-04T12:00Z,2026-10-04T13:00Z,2909413,1,15.2,15.2,,,,h,15.2,,,,0,0,140.908,3.445,0,,,0,20,277,26.681,90.249,1.8,127.161,,,,,0
2026-10-04T12:00Z,2026-10-04T15:00Z,2909413,3,16.2,16.2,,,,h,16.2,,,,0,0,56.693,1.101,0.2,,,0,22,277,25.498,95.612,0.205,166.958,,,,,0
2026-10-04T12:00Z,2026-10-04T18:00Z,2909413,6,20.3,20.3,,,,h,20.3,,,,0,0,101.773,2.853,0,,,0,1,277,25.373,96.604,1.503,124.125,,,,,0
2026-10-04T12:00Z,2026-10-05T00:00Z,2909413,12,15.2,15.2,,,,h,15.2,,,,0,0,142.567,3.161,0,,,0,7,278,25.758,94.796,1.716,103.242,,,,,0
2026-10-04T12:00Z,2026-10-05T12:00Z,2909413,24,21.5,21.5,,,,h,21.5,,,,0,0,92.561,1.532,0.514,,,0,19,278,25.963,93.644,1.064,126.986,,,,,0
2026-10-04T12:00Z,2026-10-06T12:00Z,2909413,48,23.8,23.8,,,,h,23.8,,,,0,0,67.974,1.617,0,,,0,19,279,25.651,94.383,0.673,80.9,,,,,0
2026-10-04T12:00Z,2026-10-04T13:00Z,2926254,1,5.7,5.7,,,,h,5.7,,,,0,0.008,50.155,1.112,0,,,0,20,277,22.34,98.951,0.37,241.521,,,,,0
2026-10-04T12:00Z,2026-10-04T15:00Z,2926254,3,3.9,3.9,,,,h,3.9,,,,0,0.012,45.97,1.468,0,,,0,22,277,21.864,98.789,0.46,221.748,,,,,0
2026-10-04T12:00Z,2026-10-04T18:00Z,2926254,6,1.6,1.6,,,,h,1.6,,,,0,0.01,52.797,1.262,0.525,,,0,1,277,20.849,98.353,0.263,151.164,,,,,0
2026-10-04T12:00Z,2026-10-05T00:00Z,2926254,12,2.8,2.8,,,,h,2.8,,,,0,0.006,71.58,0.952,0,,,0,7,278,20.708,98.007,0.548,51.598,,,,,0
2026-10-04T12:00Z,2026-10-05T12:00Z,2926254,24,4.3,4.3,,,,h,4.3,,,,0,0.001,46.477,1.31,0.422,,,0,19,278,21.619,99.394,0.485,54.886,,,,,0
2026-10-04T12:00Z,2026-10-06T12:00Z,2926254,48,3.7,3.7,,,,h,3.7,,,,0,0,45.281,1.359,0.239,,,0,19,279,21.312,98.288,0.608,92.274,,,,,0
2026-10-04T12:00Z,2026-10-04T13:00Z,2927999,1,8.9,20.8,13.8,32.6,13.8,h,20.8,13.8,,,0,0.011,133.561,1.986,1.132,24.6,13.8,0.823,20,277,25.837,93.26,1.172,134.693,,,,,0
2026-10-04T12:00Z,2026-10-04T15:00Z,2927999,3,10.4,23.3,13.6,32.2,13.9,h,23.3,13.9,,,0,0.008,107.991,1.457,0.013,24.6,13.8,0.823,22,277,25.572,95.259,0.692,239.13,,,,,0
2026-10-04T12:00Z,2026-10-04T18:00Z,2927999,6,12.5,26.5,13,30.4,14.2,h,26.5,14.2,,,0,0.009,111.041,1.224,0,24.6,13.8,0.823,1,277,25.146,97.001,0.659,142.357,,,,,0
2026-10-04T12:00Z,2026-10-05T00:00Z,2927999,12,17.1,32.9,11.4,25.4,16,h,32.9,16,,,0,0.009,117.395,1.384,0,24.6,13.8,0.823,7,278,24.911,96.001,1.046,130.801,,,,,0
2026-10-04T12:00Z,2026-10-05T12:00Z,2927999,24,13.5,22.6,13.4,25.9,17.7,h,22.6,17.7,,,0,0.001,80.018,0.669,1.422,24.6,13.8,0.823,19,278,25.047,94.348,0.264,114.209,,,,,0
2026-10-04T12:00Z,2026-10-06T12:00Z,2927999,48,9.8,13.5,6.6,10.3,12,h,13.5,12,,,0,0,136.096,2.763,0,24.6,13.8,0.823,19,279,25.417,94.873,1.461,4.98,,,,,0
2026-10-04T12:00Z,2026-10-04T13:00Z,3019320,1,21.8,24,31.1,34.3,26.1,h,24,26.1,,,0,0,118.28,2.951,0,32.3,26.1,0.097,20,277,26.39,92.705,1.455,68.427,,,,,0
2026-10-04T12:00Z,2026-10-04T15:00Z,3019320,3,20.5,22.5,30.5,33.7,26.1,h,22.5,26.1,,,0,0.003,97.794,0.97,0.315,32.3,26.1,0.097,22,277,24.904,97.24,0.441,149.541,,,,,0
2026-10-04T12:00Z,2026-10-04T18:00Z,3019320,6,25.4,27.7,28.6,31.6,26,h,27.7,26,,,0,0.007,108.084,2.007,0,32.3,26.1,0.097,1,277,24.864,97.159,0.916,103.497,,,,,0
2026-10-04T12:00Z,2026-10-05T00:00Z,3019320,12,22.2,24,25,27.4,26.1,h,24,26.1,,,0,0.006,162.812,2.118,0,32.3,26.1,0.097,7,278,25.478,94.897,1.232,95.901,,,,,0
2026-10-04T12:00Z,2026-10-05T12:00Z,3019320,24,13.3,14.1,18.9,20.4,24.3,h,14.1,24.3,,,0,0,117.082,0.223,0.177,32.3,26.1,0.097,19,278,25.207,95.973,0.174,217.003,,,,,0
2026-10-04T12:00Z,2026-10-06T12:00Z,3019320,48,20.4,21.2,10.6,11.1,18.6,h,21.2,18.6,,,0,0,71.204,0.818,0,32.3,26.1,0.097,19,279,25.962,94.98,0.223,65.809,,,,,0
2026-10-04T12:00Z,2026-10-04T13:00Z,3047340,1,14.1,9.2,10.7,6.8,7.9,h,9.2,7.9,,,0,0.001,89.686,1.851,0,7.8,7.9,-0.406,20,277,23.927,94.966,0.829,138.52,,,,,0
2026-10-04T12:00Z,2026-10-04T15:00Z,3047340,3,15.3,10.2,10.2,6.5,7.8,h,10.2,7.8,,,0,0.001,39.582,0.39,0,7.8,7.9,-0.406,22,277,23.384,97.463,0.325,22.098,,,,,0
2026-10-04T12:00Z,2026-10-04T18:00Z,3047340,6,12.8,8.7,9.7,6.2,7.7,h,8.7,7.7,,,0,0.006,102.095,1.773,0.252,7.8,7.9,-0.406,1,277,22.536,98.935,0.732,126.339,,,,,0
2026-10-04T12:00Z,2026-10-05T00:00Z,3047340,12,5.6,3.8,9.6,6.3,7.5,h,3.8,7.5,,,0,0.003,110.634,1.211,0,7.8,7.9,-0.406,7,278,22.307,95.398,0.83,306.526,,,,,0
2026-10-04T12:00Z,2026-10-05T12:00Z,3047340,24,14.5,11.2,10.1,7.1,7.7,h,11.2,7.7,,,0,0,48.925,0.702,0.048,7.8,7.9,-0.406,19,278,23.941,94.225,0.076,16.383,,,,,0
2026-10-04T12:00Z,2026-10-06T12:00Z,3047340,48,13.1,11.2,7.7,6.2,7,h,11.2,7,,,0,0,83.484,0.994,2.076,7.8,7.9,-0.406,19,279,22.205,97.084,0.74,347.804,,,,,0
2026-10-04T12:00Z,2026-10-04T13:00Z,3090636,1,21.8,15.3,31.1,21.6,21.1,h,15.3,21.1,,,0,0,118.812,2.549,0,19.4,21.1,-0.351,20,277,26.495,92.327,1.305,77.382,,,,,0
2026-10-04T12:00Z,2026-10-04T15:00Z,3090636,3,20.5,14.6,30.5,21.2,21.1,h,14.6,21.1,,,0,0.003,90.979,0.827,0.271,19.4,21.1,-0.351,22,277,25.087,96.785,0.32,149.293,,,,,0
2026-10-04T12:00Z,2026-10-04T18:00Z,3090636,6,25.4,18.5,28.6,20,21,h,18.5,21,,,0,0.005,105.646,1.873,0,19.4,21.1,-0.351,1,277,24.988,96.918,0.851,106.849,,,,,0
2026-10-04T12:00Z,2026-10-05T00:00Z,3090636,12,22.2,16.8,25,17.8,20.7,h,16.8,20.7,,,0,0.005,162.27,2.098,0,19.4,21.1,-0.351,7,278,25.551,94.778,1.22,92.846,,,,,0
2026-10-04T12:00Z,2026-10-05T12:00Z,3090636,24,13.3,10.6,18.9,14.1,18.9,h,10.6,18.9,,,0,0,113.809,0.228,0.245,19.4,21.1,-0.351,19,278,25.319,95.562,0.184,206.069,,,,,0
2026-10-04T12:00Z,2026-10-06T12:00Z,3090636,48,20.4,17.9,10.6,8.8,15,h,17.9,15,,,0,0,72.836,0.971,0,19.4,21.1,-0.351,19,279,25.939,94.687,0.269,63.446,,,,,0
2026-10-04T12:00Z,2026-10-04T13:00Z,3097120,1,12.7,22.4,15,27,22.1,h,22.4,22.1,,,0,0,119.725,2.17,0,26.5,22.1,0.557,20,277,26.61,92.25,1.223,80.256,,,,,0
2026-10-04T12:00Z,2026-10-04T15:00Z,3097120,3,16.1,27.6,15.4,27.5,22.1,h,27.6,22.1,,,0,0,89.998,0.774,0.209,26.5,22.1,0.557,22,277,25.274,96.336,0.295,131.496,,,,,0
2026-10-04T12:00Z,2026-10-04T18:00Z,3097120,6,25.2,41.4,16.6,29.2,22.4,h,41.4,22.4,,,0,0.001,106.108,1.597,0,26.5,22.1,0.557,1,277,25.113,96.448,0.702,108.588,,,,,0
2026-10-04T12:00Z,2026-10-05T00:00Z,3097120,12,27.8,43.1,19.2,32.5,24.1,h,43.1,24.1,,,0,0.004,168.287,1.951,0,26.5,22.1,0.557,7,278,25.616,94.502,1.182,85.892,,,,,0
2026-10-04T12:00Z,2026-10-05T12:00Z,3097120,24,37.8,53,28.3,43.2,28.8,h,53,28.8,,,0,0,113.607,0.206,0.297,26.5,22.1,0.557,19,278,25.369,95.334,0.058,281.169,,,,,0
2026-10-04T12:00Z,2026-10-06T12:00Z,3097120,48,33.3,40.9,21.9,28.8,25.4,h,40.9,25.4,,,0,0,82.158,1.151,0,26.5,22.1,0.557,19,279,25.939,94.419,0.324,58.647,,,,,0
2026-10-04T12:00Z,2026-10-04T13:00Z,3203249,1,4.6,9.4,5.1,10.7,10.4,h,9.4,10.4,,,0,0,355.387,3.144,0.099,11.4,10.4,0.647,20,277,27.822,82.859,2.529,303.791,,,,,0
2026-10-04T12:00Z,2026-10-04T15:00Z,3203249,3,4.5,9,4.9,10.1,10.3,h,9,10.3,,,0,0,252.042,2.213,0.158,11.4,10.4,0.647,22,277,27.105,86.574,1.897,295.283,,,,,0
2026-10-04T12:00Z,2026-10-04T18:00Z,3203249,6,3.5,6.9,4.5,9.4,10.3,h,6.9,10.3,,,0,0,268.649,2.538,0.002,11.4,10.4,0.647,1,277,26.715,87.361,2.089,323.16,,,,,0
2026-10-04T12:00Z,2026-10-05T00:00Z,3203249,12,3.1,5.7,4.1,8.4,9.8,h,5.7,9.8,,,0,0,299.548,1.478,0.239,11.4,10.4,0.647,7,278,26.292,87.871,1.235,263.75,,,,,0
2026-10-04T12:00Z,2026-10-05T12:00Z,3203249,24,3.5,5.6,3.7,6.7,9.2,h,5.6,9.2,,,0,0,336.962,4.371,0.34,11.4,10.4,0.647,19,278,27.025,85.896,3.452,287.033,,,,,0
2026-10-04T12:00Z,2026-10-06T12:00Z,3203249,48,2.4,3.3,3.1,4.5,7.5,h,3.3,7.5,,,0,0,393.297,3.557,0.342,11.4,10.4,0.647,19,279,27.092,84.503,2.824,264.331,,,,,0
2026-10-04T12:00Z,2026-10-04T13:00Z,3276359,1,43.7,36.8,37.4,31.3,27.1,h,36.8,27.1,,,0,0.005,121.886,0.436,0,36.3,27.1,-0.173,20,277,25.821,93.974,0.234,163.993,,,,,0
2026-10-04T12:00Z,2026-10-04T15:00Z,3276359,3,49.5,42,37.9,31.8,27.2,h,42,27.2,,,0,0.022,131.287,1.444,0,36.3,27.1,-0.173,22,277,25.701,95.585,0.819,335.463,,,,,0
2026-10-04T12:00Z,2026-10-04T18:00Z,3276359,6,49.8,42.7,39.3,33,27.5,h,42.7,27.5,,,0,0.07,109.34,1.602,0.072,36.3,27.1,-0.173,1,277,25.42,96.439,0.943,344.856,,,,,0
2026-10-04T12:00Z,2026-10-05T00:00Z,3276359,12,52.2,45.6,41.9,35.6,29.3,h,45.6,29.3,,,0,0.013,210.74,2.321,0,36.3,27.1,-0.173,7,278,25.976,93.868,1.576,334.499,,,,,0
2026-10-04T12:00Z,2026-10-05T12:00Z,3276359,24,48.1,43.3,40.4,35.2,29.7,h,43.3,29.7,,,0,0.002,192.977,2.079,0.117,36.3,27.1,-0.173,19,278,26.016,94.195,1.049,168.912,,,,,0
2026-10-04T12:00Z,2026-10-06T12:00Z,3276359,48,50.1,47,40.2,37,32,h,47,32,,,0,0.003,225.777,1.867,0.9,36.3,27.1,-0.173,19,279,25.428,95.014,0.786,112.187,,,,,0
2026-10-04T12:00Z,2026-10-04T13:00Z,3400922,1,6.3,9.2,6,9,19.4,h,9.2,19.4,,,0,0,322.681,3.286,0.04,7.2,19.4,0.354,20,277,26.524,87.964,2.268,257.215,,,,,0
2026-10-04T12:00Z,2026-10-04T15:00Z,3400922,3,6.2,9,5.9,8.8,19.2,h,9,19.2,,,0,0,268.295,2.896,0.089,7.2,19.4,0.354,22,277,26.175,89.04,1.829,248.249,,,,,0
2026-10-04T12:00Z,2026-10-04T18:00Z,3400922,6,7.5,10.5,5.7,8.5,18.8,h,10.5,18.8,,,0,0,214.803,2.211,0,7.2,19.4,0.354,1,277,25.659,89.905,1.493,244.796,,,,,0
2026-10-04T12:00Z,2026-10-05T00:00Z,3400922,12,3.6,5,5.7,8.2,17.3,h,5,17.3,,,0,0,213.403,2.314,0.08,7.2,19.4,0.354,7,278,25.442,91.105,2.006,229.998,,,,,0
2026-10-04T12:00Z,2026-10-05T12:00Z,3400922,24,3.6,4.7,4.7,6.6,15.3,h,4.7,15.3,,,0,0,351.231,3.264,0.12,7.2,19.4,0.354,19,278,26.098,89.147,2.363,232.404,,,,,0
2026-10-04T12:00Z,2026-10-06T12:00Z,3400922,48,4.5,5.2,3.6,4.4,11.9,h,5.2,11.9,,,0,0,259.532,2.932,0.277,7.2,19.4,0.354,19,279,26.038,90.149,2.069,229.252,,,,,0
2026-10-04T12:00Z,2026-10-04T13:00Z,3400935,1,12.7,17.2,15,20.5,15.8,h,17.2,15.8,,,0,0,119.38,2.116,0,23.2,15.8,0.294,20,277,26.631,92.026,1.181,87.509,,,,,0
2026-10-04T12:00Z,2026-10-04T15:00Z,3400935,3,16.1,21.4,15.4,21,15.9,h,21.4,15.9,,,0,0,85.709,0.682,0.208,23.2,15.8,0.294,22,277,25.314,96.23,0.227,138.775,,,,,0
2026-10-04T12:00Z,2026-10-04T18:00Z,3400935,6,25.2,32.8,16.6,22.4,16.2,h,32.8,16.2,,,0,0.001,104.052,1.628,0,23.2,15.8,0.294,1,277,25.141,96.505,0.723,110.473,,,,,0
2026-10-04T12:00Z,2026-10-05T00:00Z,3400935,12,27.8,35,19.2,25.4,17.8,h,35,17.8,,,0,0.003,165.085,2.003,0,23.2,15.8,0.294,7,278,25.637,94.55,1.191,86.802,,,,,0
2026-10-04T12:00Z,2026-10-05T12:00Z,3400935,24,37.8,45.2,28.3,35.4,22.1,h,45.2,22.1,,,0,0,111.474,0.17,0.319,23.2,15.8,0.294,19,278,25.421,95.16,0.112,236.211,,,,,0
2026-10-04T12:00Z,2026-10-06T12:00Z,3400935,48,33.3,37.1,21.9,25.3,20.6,h,37.1,20.6,,,0,0,78.758,1.171,0,23.2,15.8,0.294,19,279,25.925,94.333,0.33,59.536,,,,,0
2026-10-04T12:00Z,2026-10-04T13:00Z,3400936,1,12.7,19.3,15,23.2,19.7,h,19.3,19.7,,,0,0,119.384,2.119,0,26.4,19.7,0.412,20,277,26.63,92.025,1.181,87.524,,,,,0
2026-10-04T12:00Z,2026-10-04T15:00Z,3400936,3,16.1,24,15.4,23.7,19.7,h,24,19.7,,,0,0,85.692,0.682,0.209,26.4,19.7,0.412,22,277,25.314,96.232,0.227,138.941,,,,,0
2026-10-04T12:00Z,2026-10-04T18:00Z,3400936,6,25.2,36.4,16.6,25.2,20,h,36.4,20,,,0,0.001,104.044,1.631,0,26.4,19.7,0.412,1,277,25.14,96.508,0.724,110.474,,,,,0
2026-10-04T12:00Z,2026-10-05T00:00Z,3400936,12,27.8,38.4,19.2,28.4,21.3,h,38.4,21.3,,,0,0.003,165.031,2.005,0,26.4,19.7,0.412,7,278,25.637,94.552,1.192,86.86,,,,,0
2026-10-04T12:00Z,2026-10-05T12:00Z,3400936,24,37.8,48.6,28.3,38.7,25.8,h,48.6,25.8,,,0,0,111.461,0.17,0.319,26.4,19.7,0.412,19,278,25.421,95.16,0.114,235.339,,,,,0
2026-10-04T12:00Z,2026-10-06T12:00Z,3400936,48,33.3,38.8,21.9,26.8,23.3,h,38.8,23.3,,,0,0,78.689,1.17,0,26.4,19.7,0.412,19,279,25.925,94.335,0.33,59.577,,,,,0
2026-10-04T12:00Z,2026-10-04T13:00Z,3400937,1,21.8,20.9,31.1,29.7,24.4,h,20.9,24.4,,,0,0.001,117.204,2.836,0,26.5,24.4,-0.043,20,277,26.409,92.519,1.383,72.383,,,,,0
2026-10-04T12:00Z,2026-10-04T15:00Z,3400937,3,20.5,19.7,30.5,29.2,24.3,h,19.7,24.3,,,0,0.005,94.076,0.894,0.315,26.5,24.4,-0.043,22,277,24.94,97.15,0.391,156.658,,,,,0
2026-10-04T12:00Z,2026-10-04T18:00Z,3400937,6,25.4,24.4,28.6,27.4,24.2,h,24.4,24.2,,,0,0.008,105.916,2.005,0,26.5,24.4,-0.043,1,277,24.885,97.225,0.914,104.487,,,,,0
2026-10-04T12:00Z,2026-10-05T00:00Z,3400937,12,22.2,21.5,25,24,24.2,h,21.5,24.2,,,0,0.005,159.969,2.146,0,26.5,24.4,-0.043,7,278,25.496,94.946,1.228,96.017,,,,,0
2026-10-04T12:00Z,2026-10-05T12:00Z,3400937,24,13.3,12.9,18.9,18.2,22.4,h,12.9,22.4,,,0,0,115.373,0.321,0.194,26.5,24.4,-0.043,19,278,25.246,95.835,0.221,200.243,,,,,0
2026-10-04T12:00Z,2026-10-06T12:00Z,3400937,48,20.4,20.1,10.6,10.3,17.4,h,20.1,17.4,,,0,0,67.722,0.827,0,26.5,24.4,-0.043,19,279,25.956,94.89,0.223,65.86,,,,,0
2026-10-04T12:00Z,2026-10-04T13:00Z,3400941,1,21.8,16.9,31.1,23.9,18.5,h,16.9,18.5,,,0,0.001,116.924,2.765,0,23.7,18.5,-0.254,20,277,26.424,92.399,1.344,75.167,,,,,0
2026-10-04T12:00Z,2026-10-04T15:00Z,3400941,3,20.5,16,30.5,23.5,18.5,h,16,18.5,,,0,0.007,91.778,0.86,0.313,23.7,18.5,-0.254,22,277,24.969,97.077,0.363,160.475,,,,,0
2026-10-04T12:00Z,2026-10-04T18:00Z,3400941,6,25.4,20.2,28.6,22.1,18.4,h,20.2,18.4,,,0,0.009,104.783,2.005,0,23.7,18.5,-0.254,1,277,24.903,97.239,0.915,105.3,,,,,0
2026-10-04T12:00Z,2026-10-05T00:00Z,3400941,12,22.2,18.1,25,19.5,18.7,h,18.1,18.7,,,0,0.005,158.502,2.165,0,23.7,18.5,-0.254,7,278,25.51,94.962,1.229,96.026,,,,,0
2026-10-04T12:00Z,2026-10-05T12:00Z,3400941,24,13.3,11.3,18.9,15.3,17.5,h,11.3,17.5,,,0,0,114.265,0.374,0.207,23.7,18.5,-0.254,19,278,25.274,95.736,0.256,193.636,,,,,0
2026-10-04T12:00Z,2026-10-06T12:00Z,3400941,48,20.4,18.5,10.6,9.3,13.9,h,18.5,13.9,,,0,0,66.199,0.844,0,23.7,18.5,-0.254,19,279,25.949,94.832,0.228,65.994,,,,,0
2026-10-04T12:00Z,2026-10-04T13:00Z,3400955,1,5.7,13.4,8.2,19.4,21.1,h,13.4,21.1,,,0,0,30.66,0.364,0.493,22.9,21.2,0.797,20,277,25.046,97.762,0.293,96.653,,,,,0
2026-10-04T12:00Z,2026-10-04T15:00Z,3400955,3,5.8,13.2,8.3,19.6,21,h,13.2,21,,,0,0,83.24,1.858,0.061,22.9,21.2,0.797,22,277,24.673,99.758,0.971,67.575,,,,,0
2026-10-04T12:00Z,2026-10-04T18:00Z,3400955,6,4.5,9.9,8.3,19.4,20.8,h,9.9,20.8,,,0,0,43.038,0.926,0,22.9,21.2,0.797,1,277,24.202,99.831,0.438,167.169,,,,,0
2026-10-04T12:00Z,2026-10-05T00:00Z,3400955,12,2.9,6.2,6.6,15.4,19.2,h,6.2,19.2,,,0,0,200.507,3.13,0.493,22.9,21.2,0.797,7,278,23.842,97.848,2.074,48.793,,,,,0
2026-10-04T12:00Z,2026-10-05T12:00Z,3400955,24,3.5,6.2,3.6,7.6,16.8,h,6.2,16.8,,,0,0,203.408,2.172,0.002,22.9,21.2,0.797,19,278,24.041,93.798,0.671,74.642,,,,,0
2026-10-04T12:00Z,2026-10-06T12:00Z,3400955,48,11.6,15.8,7.6,11.2,16.2,h,15.8,16.2,,,0,0,258.047,4.746,0,22.9,21.2,0.797,19,279,23.873,81.603,2.056,76.54,,,,,0
2026-10-04T12:00Z,2026-10-04T13:00Z,3400984,1,15.3,5.9,16.8,6.3,18.8,h,5.9,18.8,,,0,0,149.42,1.846,0,5,18.8,-0.9,20,277,26.435,88.903,1.007,208.589,,,,,0
2026-10-04T12:00Z,2026-10-04T15:00Z,3400984,3,16.6,6.7,16.7,6.3,18.6,h,6.7,18.6,,,0,0,50.861,1.16,0,5,18.8,-0.9,22,277,25.821,91.883,0.49,200.007,,,,,0
2026-10-04T12:00Z,2026-10-04T18:00Z,3400984,6,18.2,7.8,16.9,6.4,18.2,h,7.8,18.2,,,0,0.001,79.773,1.572,0,5,18.8,-0.9,1,277,25.4,94.902,1.165,97.962,,,,,0
2026-10-04T12:00Z,2026-10-05T00:00Z,3400984,12,17.9,8.5,16.1,6.5,16.3,h,8.5,16.3,,,0,0.003,183.958,1.457,0.032,5,18.8,-0.9,7,278,25.811,91.668,1.163,76.41,,,,,0
2026-10-04T12:00Z,2026-10-05T12:00Z,3400984,24,14.7,8.2,15.3,7.2,15.1,h,8.2,15.1,,,0,0,100.042,1.226,0.47,5,18.8,-0.9,19,278,25.532,92.945,0.698,254.912,,,,,0
2026-10-04T12:00Z,2026-10-06T12:00Z,3400984,48,16.1,11.4,10.7,6.6,12.7,h,11.4,12.7,,,0,0,89.894,1.213,0.509,5,18.8,-0.9,19,279,26.233,87.396,0.677,276.826,,,,,0
2026-10-04T12:00Z,2026-10-04T13:00Z,3400986,1,9.5,20.3,14.4,31.1,34.9,h,20.3,34.9,,,0,0,127.019,3.11,0.397,43.6,35,0.739,20,277,24.506,98.064,1.662,68.133,,,,,0
2026-10-04T12:00Z,2026-10-04T15:00Z,3400986,3,8.7,18.2,13.7,29.7,34.7,h,18.2,34.7,,,0,0,157.17,3.523,1.079,43.6,35,0.739,22,277,23.947,97.266,2.039,76.9,,,,,0
2026-10-04T12:00Z,2026-10-04T18:00Z,3400986,6,6.7,13.6,12.5,27,34.1,h,13.6,34.1,,,0,0,118.816,2.182,0,43.6,35,0.739,1,277,23.543,97.3,1.09,79.45,,,,,0
2026-10-04T12:00Z,2026-10-05T00:00Z,3400986,12,5.1,9.7,9.6,20.5,31.1,h,9.7,31.1,,,0,0,205.564,3.5,0.396,43.6,35,0.739,7,278,23.189,95.355,2.412,69.277,,,,,0
2026-10-04T12:00Z,2026-10-05T12:00Z,3400986,24,6.2,10.2,5.4,10.5,27.2,h,10.2,27.2,,,0,0,209.878,2.841,0.317,43.6,35,0.739,19,278,24.32,96.374,1.376,80.633,,,,,0
2026-10-04T12:00Z,2026-10-06T12:00Z,3400986,48,10,13.4,8,11.7,23.3,h,13.4,23.3,,,0,0,159.852,4.303,0.824,43.6,35,0.739,19,279,24.889,78.533,2.02,61.95,,,,,0
2026-10-04T12:00Z,2026-10-04T13:00Z,3401031,1,12.7,21.4,15,25.8,20.1,h,21.4,20.1,,,0,0,119.595,2.161,0,26,20.1,0.514,20,277,26.613,92.203,1.213,81.726,,,,,0
2026-10-04T12:00Z,2026-10-04T15:00Z,3401031,3,16.1,26.4,15.4,26.3,20.1,h,26.4,20.1,,,0,0,89.078,0.752,0.21,26,20.1,0.514,22,277,25.28,96.321,0.279,133.28,,,,,0
2026-10-04T12:00Z,2026-10-04T18:00Z,3401031,6,25.2,39.9,16.6,28,20.4,h,39.9,20.4,,,0,0.001,105.632,1.607,0,26,20.1,0.514,1,277,25.117,96.469,0.708,108.95,,,,,0
2026-10-04T12:00Z,2026-10-05T00:00Z,3401031,12,27.8,41.6,19.2,31.2,22.3,h,41.6,22.3,,,0,0.004,167.482,1.964,0,26,20.1,0.514,7,278,25.62,94.518,1.184,86.194,,,,,0
2026-10-04T12:00Z,2026-10-05T12:00Z,3401031,24,37.8,51.7,28.3,41.8,27,h,51.7,27,,,0,0,113.151,0.188,0.301,26,20.1,0.514,19,278,25.379,95.301,0.063,271.823,,,,,0
2026-10-04T12:00Z,2026-10-06T12:00Z,3401031,48,33.3,40.3,21.9,28.2,24.1,h,40.3,24.1,,,0,0,81.231,1.152,0,26,20.1,0.514,19,279,25.936,94.404,0.324,58.879,,,,,0
2026-10-04T12:00Z,2026-10-04T13:00Z,3402586,1,15.2,12.4,19.5,15.8,25.7,h,12.4,25.7,,,0,0,127.74,3.032,0,16.7,25.7,-0.201,20,277,26.553,90.879,1.469,113.246,,,,,0
2026-10-04T12:00Z,2026-10-04T15:00Z,3402586,3,16.2,13.3,19.3,15.7,25.6,h,13.3,25.6,,,0,0.001,65.518,1.017,0.279,16.7,25.7,-0.201,22,277,25.249,96.288,0.195,183.96,,,,,0
2026-10-04T12:00Z,2026-10-04T18:00Z,3402586,6,20.3,16.9,18.9,15.3,25.3,h,16.9,25.3,,,0,0.001,98.696,2.574,0,16.7,25.7,-0.201,1,277,25.15,97.222,1.299,117.868,,,,,0
2026-10-04T12:00Z,2026-10-05T00:00Z,3402586,12,15.2,12.9,17.6,14.5,23.6,h,12.9,23.6,,,0,0,141.483,2.853,0,16.7,25.7,-0.201,7,278,25.654,95.086,1.517,102.642,,,,,0
2026-10-04T12:00Z,2026-10-05T12:00Z,3402586,24,21.5,19,18.2,15.5,22.4,h,19,22.4,,,0,0,98.989,1.254,0.387,16.7,25.7,-0.201,19,278,25.709,94.407,0.877,144.418,,,,,0
2026-10-04T12:00Z,2026-10-06T12:00Z,3402586,48,23.8,22.1,12.7,11.5,18.6,h,22.1,18.6,,,0,0,56.311,1.217,0,16.7,25.7,-0.201,19,279,25.771,94.525,0.47,79.198,,,,,0
2026-10-04T12:00Z,2026-10-04T13:00Z,3402593,1,15.2,10,19.5,12.7,22.1,h,10,22.1,,,0,0,127.618,3.022,0,9.4,22.1,-0.403,20,277,26.554,90.888,1.465,113.106,,,,,0
2026-10-04T12:00Z,2026-10-04T15:00Z,3402593,3,16.2,10.9,19.3,12.6,22.1,h,10.9,22.1,,,0,0.001,65.672,1.012,0.278,9.4,22.1,-0.403,22,277,25.25,96.288,0.194,183.861,,,,,0
2026-10-04T12:00Z,2026-10-04T18:00Z,3402593,6,20.3,14,18.9,12.4,21.8,h,14,21.8,,,0,0.001,98.708,2.565,0,9.4,22.1,-0.403,1,277,25.149,97.218,1.294,117.818,,,,,0
2026-10-04T12:00Z,2026-10-05T00:00Z,3402593,12,15.2,10.9,17.6,11.8,20.4,h,10.9,20.4,,,0,0,141.655,2.844,0,9.4,22.1,-0.403,7,278,25.654,95.083,1.513,102.541,,,,,0
2026-10-04T12:00Z,2026-10-05T12:00Z,3402593,24,21.5,16.7,18.2,13.2,19.2,h,16.7,19.2,,,0,0,99.095,1.244,0.386,9.4,22.1,-0.403,19,278,25.706,94.414,0.871,144.572,,,,,0
2026-10-04T12:00Z,2026-10-06T12:00Z,3402593,48,23.8,20.4,12.7,10.4,16.3,h,20.4,16.3,,,0,0,56.438,1.215,0,9.4,22.1,-0.403,19,279,25.773,94.523,0.468,79.024,,,,,0
2026-10-04T12:00Z,2026-10-04T13:00Z,3402594,1,15.2,11,19.5,14,22.2,h,11,22.2,,,0,0,127.906,3.006,0,13.8,22.2,-0.311,20,277,26.563,90.882,1.466,113.565,,,,,0
2026-10-04T12:00Z,2026-10-04T15:00Z,3402594,3,16.2,11.9,19.3,13.9,22.1,h,11.9,22.1,,,0,0.001,65.648,0.997,0.273,13.8,22.2,-0.311,22,277,25.265,96.25,0.182,182.658,,,,,0
2026-10-04T12:00Z,2026-10-04T18:00Z,3402594,6,20.3,15.3,18.9,13.7,21.9,h,15.3,21.9,,,0,0.001,98.878,2.549,0,13.8,22.2,-0.311,1,277,25.161,97.172,1.286,118.044,,,,,0
2026-10-04T12:00Z,2026-10-05T00:00Z,3402594,12,15.2,11.8,17.6,13,20.5,h,11.8,20.5,,,0,0,142.241,2.832,0,13.8,22.2,-0.311,7,278,25.659,95.056,1.51,102.241,,,,,0
2026-10-04T12:00Z,2026-10-05T12:00Z,3402594,24,21.5,17.7,18.2,14.2,19.6,h,17.7,19.6,,,0,0,99.071,1.223,0.391,13.8,22.2,-0.311,19,278,25.712,94.393,0.859,143.977,,,,,0
2026-10-04T12:00Z,2026-10-06T12:00Z,3402594,48,23.8,21.2,12.7,10.9,16.6,h,21.2,16.6,,,0,0,57.436,1.231,0,13.8,22.2,-0.311,19,279,25.772,94.505,0.471,78.574,,,,,0
2026-10-04T12:00Z,2026-10-04T13:00Z,3405765,1,15.3,12.3,16.8,13.4,24.9,h,12.3,24.9,,,0,0,148.848,1.84,0,6.5,24.9,-0.211,20,277,26.423,88.957,1.004,208.574,,,,,0
2026-10-04T12:00Z,2026-10-04T15:00Z,3405765,3,16.6,13.5,16.7,13.4,24.8,h,13.5,24.8,,,0,0,50.714,1.154,0,6.5,24.9,-0.211,22,277,25.808,91.92,0.489,200.138,,,,,0
2026-10-04T12:00Z,2026-10-04T18:00Z,3405765,6,18.2,15,16.9,13.5,24.4,h,15,24.4,,,0,0.001,79.495,1.564,0,6.5,24.9,-0.211,1,277,25.387,94.92,1.16,98.007,,,,,0
2026-10-04T12:00Z,2026-10-05T00:00Z,3405765,12,17.9,15.1,16.1,13.1,22.9,h,15.1,22.9,,,0,0.003,183.404,1.448,0.032,6.5,24.9,-0.211,7,278,25.803,91.68,1.155,76.22,,,,,0
2026-10-04T12:00Z,2026-10-05T12:00Z,3405765,24,14.7,12.9,15.3,12.8,21,h,12.9,21,,,0,0,99.773,1.221,0.472,6.5,24.9,-0.211,19,278,25.524,92.965,0.696,254.945,,,,,0
2026-10-04T12:00Z,2026-10-06T12:00Z,3405765,48,16.1,14.8,10.7,9.5,17.2,h,14.8,17.2,,,0,0,89.511,1.212,0.51,6.5,24.9,-0.211,19,279,26.219,87.451,0.674,276.731,,,,,0
2026-10-04T12:00Z,2026-10-04T13:00Z,3412669,1,9.5,13.2,14.4,20,28,h,13.2,28,,,0,0,122.002,2.786,0.378,23.6,28,0.314,20,277,24.576,97.847,1.539,71.351,,,,,0
2026-10-04T12:00Z,2026-10-04T15:00Z,3412669,3,8.7,12,13.7,19.1,27.8,h,12,27.8,,,0,0,149.633,3.232,0.994,23.6,28,0.314,22,277,24.043,97.316,1.849,71.726,,,,,0
2026-10-04T12:00Z,2026-10-04T18:00Z,3412669,6,6.7,9.1,12.5,17.4,27.4,h,9.1,27.4,,,0,0,118.603,2.116,0,23.6,28,0.314,1,277,23.694,97.381,1,85.066,,,,,0
2026-10-04T12:00Z,2026-10-05T00:00Z,3412669,12,5.1,6.8,9.6,13.3,24.8,h,6.8,24.8,,,0,0,200.466,3.367,0.539,23.6,28,0.314,7,278,23.246,95.516,2.266,72.016,,,,,0
2026-10-04T12:00Z,2026-10-05T12:00Z,3412669,24,6.2,7.7,5.4,7.2,21.3,h,7.7,21.3,,,0,0,205.68,2.865,0.353,23.6,28,0.314,19,278,24.386,96.042,1.388,73.151,,,,,0
2026-10-04T12:00Z,2026-10-06T12:00Z,3412669,48,10,11.3,8,9.4,18.7,h,11.3,18.7,,,0,0,165.991,4.538,0.625,23.6,28,0.314,19,279,25.114,76.741,2.073,61.47,,,,,0
2026-10-04T12:00Z,2026-10-04T13:00Z,3478631,1,4.8,5.2,5.1,5.5,5.7,h,5.2,5.7,,,0,0,144.665,4.07,1.257,17.3,5.8,0.073,20,277,22.628,96.459,2.264,58.584,,,,,0
2026-10-04T12:00Z,2026-10-04T15:00Z,3478631,3,3.4,3.7,4.9,5.3,5.7,h,3.7,5.7,,,0,0,115.971,2.515,0.927,17.3,5.8,0.073,22,277,22.135,95.774,1.615,86.335,,,,,0
2026-10-04T12:00Z,2026-10-04T18:00Z,3478631,6,2.8,3,4.5,4.9,5.6,h,3,5.6,,,0,0,104.302,2.395,0,17.3,5.8,0.073,1,277,21.841,96.188,1.36,66.848,,,,,0
2026-10-04T12:00Z,2026-10-05T00:00Z,3478631,12,2,2.2,3.8,4.2,5.4,h,2.2,5.4,,,0,0,172.137,2.958,0.785,17.3,5.8,0.073,7,278,21.495,95.184,2.172,65.583,,,,,0
2026-10-04T12:00Z,2026-10-05T12:00Z,3478631,24,3.2,3.4,2.8,3,4.9,h,3.4,4.9,,,0,0,106.925,2.137,0.292,17.3,5.8,0.073,19,278,22.846,95.632,1.03,63.338,,,,,0
2026-10-04T12:00Z,2026-10-06T12:00Z,3478631,48,7.3,7.5,5.7,5.9,5.8,h,7.5,5.8,,,0,0,163.303,4.206,0,17.3,5.8,0.073,19,279,23.455,78.012,1.836,66.229,,,,,0
2026-10-04T12:00Z,2026-10-04T13:00Z,3493785,1,7.2,6.9,7.5,7.2,8.3,h,6.9,8.3,,,0,0,132.565,2.522,0.505,14.1,8.3,-0.035,20,277,21.233,98.649,1.294,138.391,,,,,0
2026-10-04T12:00Z,2026-10-04T15:00Z,3493785,3,7.3,7,7.2,6.9,8.2,h,7,8.2,,,0,0,32.088,0.424,0.028,14.1,8.3,-0.035,22,277,20.805,98.821,0.018,123.744,,,,,0
2026-10-04T12:00Z,2026-10-04T18:00Z,3493785,6,4.9,4.7,6.6,6.3,8.1,h,4.7,8.1,,,0,0,34.598,0.997,0.076,14.1,8.3,-0.035,1,277,20.323,98.381,0.299,113.281,,,,,0
2026-10-04T12:00Z,2026-10-05T00:00Z,3493785,12,2.1,2,5.3,5.1,7.8,h,2,7.8,,,0,0,119.498,1.375,0.3,14.1,8.3,-0.035,7,278,20.228,99.172,0.66,27.589,,,,,0
2026-10-04T12:00Z,2026-10-05T12:00Z,3493785,24,2.3,2.2,3.3,3.2,6.7,h,2.2,6.7,,,0,0,97.534,1.904,0.195,14.1,8.3,-0.035,19,278,21.687,94.819,0.618,68.285,,,,,0
2026-10-04T12:00Z,2026-10-06T12:00Z,3493785,48,6.8,6.7,6.8,6.7,7.5,h,6.7,7.5,,,0,0,154.356,3.333,0,14.1,8.3,-0.035,19,279,21.769,78.148,1.101,85.101,,,,,0
2026-10-04T12:00Z,2026-10-04T13:00Z,3493786,1,8.6,18.1,7.7,16.8,28.1,h,18.1,28.1,,,0,0,35.487,0.056,0.506,17.3,28.1,0.715,20,277,24.766,97.283,0.14,13.736,,,,,0
2026-10-04T12:00Z,2026-10-04T15:00Z,3493786,3,8.3,16.9,7.8,16.9,28,h,16.9,28,,,0,0.001,34.574,0.288,0.06,17.3,28.1,0.715,22,277,24.137,99.456,0.136,103.389,,,,,0
2026-10-04T12:00Z,2026-10-04T18:00Z,3493786,6,4.9,9.9,7.8,16.7,27.8,h,9.9,27.8,,,0,0,51.484,0.171,0,17.3,28.1,0.715,1,277,23.61,99.215,0.238,68.392,,,,,0
2026-10-04T12:00Z,2026-10-05T00:00Z,3493786,12,3.9,7.5,6.7,14.2,25.6,h,7.5,25.6,,,0,0.001,267.975,2.317,0.311,17.3,28.1,0.715,7,278,23.686,93.811,1.386,40.266,,,,,0
2026-10-04T12:00Z,2026-10-05T12:00Z,3493786,24,2.7,4.7,4.2,8.3,21.8,h,4.7,21.8,,,0,0,258.035,3.305,0,17.3,28.1,0.715,19,278,23.233,90.776,1.604,27.671,,,,,0
2026-10-04T12:00Z,2026-10-06T12:00Z,3493786,48,18.5,24.2,9.5,13.3,20.7,h,24.2,20.7,,,0,0,366.797,5.09,0,17.3,28.1,0.715,19,279,22.425,76.197,2.739,41.026,,,,,0
2026-10-04T12:00Z,2026-10-04T13:00Z,3493787,1,8.6,13.5,7.7,12.4,14.4,h,13.5,14.4,,,0,0,29.192,0.514,0.011,12.4,14.4,0.431,20,277,25.639,97.098,0.192,191.187,,,,,0
2026-10-04T12:00Z,2026-10-04T15:00Z,3493787,3,8.3,12.8,7.8,12.5,14.4,h,12.8,14.4,,,0,0,21.165,0.31,0.001,12.4,14.4,0.431,22,277,24.864,99.911,0.165,148.762,,,,,0
2026-10-04T12:00Z,2026-10-04T18:00Z,3493787,6,4.9,7.6,7.8,12.4,14.2,h,7.6,14.2,,,0,0,27.18,0.446,0,12.4,14.4,0.431,1,277,24.274,99.828,0.38,167.903,,,,,0
2026-10-04T12:00Z,2026-10-05T00:00Z,3493787,12,3.9,5.8,6.7,10.6,13.1,h,5.8,13.1,,,0,0.001,212.181,2.164,0.009,12.4,14.4,0.431,7,278,24.546,93.089,1.408,77.7,,,,,0
2026-10-04T12:00Z,2026-10-05T12:00Z,3493787,24,2.7,3.8,4.2,6.4,11.8,h,3.8,11.8,,,0,0.001,148.042,2.94,0,12.4,14.4,0.431,19,278,24.38,93.962,1.017,63.455,,,,,0
2026-10-04T12:00Z,2026-10-06T12:00Z,3493787,48,18.5,21.8,9.5,11.6,13,h,21.8,13,,,0,0,357.633,5.387,0,12.4,14.4,0.431,19,279,22.942,79.184,3.012,62.933,,,,,0
2026-10-04T12:00Z,2026-10-04T13:00Z,3499026,1,6.7,1.4,6.3,1.2,2.5,h,1.4,2.5,,,0,0,67.553,1.707,0.213,2.6,2.5,-1.233,20,277,20.361,98.208,0.813,127.871,,,,,0
2026-10-04T12:00Z,2026-10-04T15:00Z,3499026,3,6.2,1.3,6.2,1.2,2.5,h,1.3,2.5,,,0,0,44.14,1.185,0,2.6,2.5,-1.233,22,277,19.861,96.812,0.466,150.765,,,,,0
2026-10-04T12:00Z,2026-10-04T18:00Z,3499026,6,4.1,0.8,5.8,1.1,2.5,h,0.8,2.5,,,0,0,22.096,0.43,0.051,2.6,2.5,-1.233,1,277,19.663,95.599,0.066,73.715,,,,,0
2026-10-04T12:00Z,2026-10-05T00:00Z,3499026,12,3.1,0.6,5.2,1,2.3,h,0.6,2.3,,,0,0,99.084,1.373,0.331,2.6,2.5,-1.233,7,278,19.44,98.186,0.94,59.521,,,,,0
2026-10-04T12:00Z,2026-10-05T12:00Z,3499026,24,3.1,1,3.4,0.7,1.9,h,1,1.9,,,0,0,43.274,1.394,0.376,2.6,2.5,-1.233,19,278,19.937,97.18,0.381,79.25,,,,,0
2026-10-04T12:00Z,2026-10-06T12:00Z,3499026,48,7,4.1,5.6,2.8,2.7,h,4.1,2.7,,,0,0,55.297,1.781,0,2.6,2.5,-1.233,19,279,20.813,89.464,0.37,65.981,,,,,0
2026-10-04T12:00Z,2026-10-04T13:00Z,3501135,1,9.2,18,10.2,20.4,25.7,h,18,25.7,,,0,0.029,75.136,1.617,0,34.2,25.8,0.649,20,277,25.648,93.836,0.678,130.247,,,,,0
2026-10-04T12:00Z,2026-10-04T15:00Z,3501135,3,9.1,17.3,9.9,19.7,25.6,h,17.3,25.6,,,0,0.048,62.251,1.432,0.315,34.2,25.8,0.649,22,277,24.898,96,0.702,104.216,,,,,0
2026-10-04T12:00Z,2026-10-04T18:00Z,3501135,6,6.9,12.8,9.1,18.1,25.2,h,12.8,25.2,,,0,0.016,107.147,1.466,0.872,34.2,25.8,0.649,1,277,22.814,97.116,1.042,29.994,,,,,0
2026-10-04T12:00Z,2026-10-05T00:00Z,3501135,12,4.1,7.4,7,13.7,23.2,h,7.4,23.2,,,0,0.001,156.136,1.041,0.165,34.2,25.8,0.649,7,278,22.379,94.442,0.367,38.293,,,,,0
2026-10-04T12:00Z,2026-10-05T12:00Z,3501135,24,6.7,10.3,5.5,9.9,20.7,h,10.3,20.7,,,0,0,79.674,1.161,0.01,34.2,25.8,0.649,19,278,23.686,95.205,0.543,332.853,,,,,0
2026-10-04T12:00Z,2026-10-06T12:00Z,3501135,48,11.6,14.9,4.9,6.8,16.3,h,14.9,16.3,,,0,0,78.421,2.148,1.17,34.2,25.8,0.649,19,279,23.917,88.61,1.322,87.971,,,,,0
2026-10-04T12:00Z,2026-10-04T13:00Z,3501136,1,11.6,17.7,12,18.7,16.8,h,17.7,16.8,,,0,0.045,45.142,1.268,0,28.8,16.8,0.413,20,277,24.066,97.102,0.681,85.731,,,,,0
2026-10-04T12:00Z,2026-10-04T15:00Z,3501136,3,11.8,17.7,11.8,18.3,16.7,h,17.7,16.7,,,0,0.02,63.153,1.233,1.251,28.8,16.8,0.413,22,277,23.071,98.517,0.267,142.558,,,,,0
2026-10-04T12:00Z,2026-10-04T18:00Z,3501136,6,5.6,8.4,10.9,16.9,16.6,h,8.4,16.6,,,0,0.011,76.035,0.556,0.322,28.8,16.8,0.413,1,277,22.205,99.836,0.563,299.166,,,,,0
2026-10-04T12:00Z,2026-10-05T00:00Z,3501136,12,4.5,6.5,8.6,13.2,16.1,h,6.5,16.1,,,0,0.001,155.182,1.677,0.166,28.8,16.8,0.413,7,278,21.27,97.485,0.832,71.665,,,,,0
2026-10-04T12:00Z,2026-10-05T12:00Z,3501136,24,5.7,7.6,6.3,9.1,14.3,h,7.6,14.3,,,0,0,52.314,1.537,0.045,28.8,16.8,0.413,19,278,22.689,97.803,0.459,72.238,,,,,0
2026-10-04T12:00Z,2026-10-06T12:00Z,3501136,48,9.1,10.7,4.8,6,11.4,h,10.7,11.4,,,0,0,37.477,1.253,0.096,28.8,16.8,0.413,19,279,22.636,96.195,0.33,320.329,,,,,0
2026-10-04T12:00Z,2026-10-04T13:00Z,3501137,1,9.5,13.5,8.4,12.2,12.1,h,13.5,12.1,,,0,0,107.147,2.172,0.617,32.4,12.1,0.338,20,277,21.096,98.773,1.199,140.702,,,,,0
2026-10-04T12:00Z,2026-10-04T15:00Z,3501137,3,8.9,12.5,8.2,11.9,12.1,h,12.5,12.1,,,0,0,32.127,0.378,0,32.4,12.1,0.338,22,277,20.762,98.929,0.074,135.794,,,,,0
2026-10-04T12:00Z,2026-10-04T18:00Z,3501137,6,8.7,12,7.9,11.4,12.1,h,12,12.1,,,0,0,29.375,0.774,0,32.4,12.1,0.338,1,277,20.376,98.387,0.142,128.069,,,,,0
2026-10-04T12:00Z,2026-10-05T00:00Z,3501137,12,5,6.8,7.7,10.9,12,h,6.8,12,,,0,0,95.235,1.247,0.278,32.4,12.1,0.338,7,278,20.334,99.092,0.554,15.742,,,,,0
2026-10-04T12:00Z,2026-10-05T12:00Z,3501137,24,3.5,4.5,5.3,7.3,10.6,h,4.5,10.6,,,0,0,42.052,1.139,0.27,32.4,12.1,0.338,19,278,21.676,96.902,0.291,51.216,,,,,0
2026-10-04T12:00Z,2026-10-06T12:00Z,3501137,48,7.9,9.1,7,8.3,10.2,h,9.1,10.2,,,0,0,140.803,2.516,0,32.4,12.1,0.338,19,279,22.079,79.128,0.725,80.082,,,,,0
2026-10-04T12:00Z,2026-10-04T13:00Z,3503723,1,6.1,9.7,9.3,14.8,10.9,h,9.7,10.9,,,0,0,116.708,2.559,4.337,16.6,10.9,0.424,20,277,23.385,95.971,1.789,15.483,,,,,0
2026-10-04T12:00Z,2026-10-04T15:00Z,3503723,3,6.2,9.6,8.7,13.8,10.8,h,9.6,10.8,,,0,0,87.856,1.346,0.512,16.6,10.9,0.424,22,277,23.205,97.027,0.925,85.518,,,,,0
2026-10-04T12:00Z,2026-10-04T18:00Z,3503723,6,4,6.2,7.4,11.7,10.7,h,6.2,10.7,,,0,0,73.252,1.061,0.003,16.6,10.9,0.424,1,277,22.935,97.478,0.415,55.364,,,,,0
2026-10-04T12:00Z,2026-10-05T00:00Z,3503723,12,2.5,3.8,4.9,7.8,10.1,h,3.8,10.1,,,0,0,183.983,0.624,2.453,16.6,10.9,0.424,7,278,22.337,95.201,0.133,40.473,,,,,0
2026-10-04T12:00Z,2026-10-05T12:00Z,3503723,24,2.1,3,3,4.6,8.9,h,3,8.9,,,0,0,215.695,2.103,0,16.6,10.9,0.424,19,278,23.376,89.66,1.005,329.322,,,,,0
2026-10-04T12:00Z,2026-10-06T12:00Z,3503723,48,15.2,17.9,9.6,11.8,11.3,h,17.9,11.3,,,0,0,281.075,4.039,0,16.6,10.9,0.424,19,279,23.348,69.691,1.748,49.251,,,,,0
2026-10-04T12:00Z,2026-10-04T13:00Z,3503724,1,4.2,6,8.9,12.4,5.9,h,6,5.9,,,0,0.007,54.752,1.009,0.108,15.1,5.9,0.31,20,277,23.345,97.775,0.472,318.26,,,,,0
2026-10-04T12:00Z,2026-10-04T15:00Z,3503724,3,4.2,5.9,7.9,11.1,5.9,h,5.9,5.9,,,0,0.008,39.594,0.899,0.01,15.1,5.9,0.31,22,277,22.736,98.585,0.351,280.004,,,,,0
2026-10-04T12:00Z,2026-10-04T18:00Z,3503724,6,1.5,2.3,6.3,8.9,6,h,2.3,6,,,0,0.022,92.067,1.2,0.018,15.1,5.9,0.31,1,277,22.187,98.162,0.559,359.153,,,,,0
2026-10-04T12:00Z,2026-10-05T00:00Z,3503724,12,1.8,2.5,3.3,4.8,5.8,h,2.5,5.8,,,0,0.017,382.161,3.848,0.087,15.1,5.9,0.31,7,278,22.253,93.775,2.123,358.876,,,,,0
2026-10-04T12:00Z,2026-10-05T12:00Z,3503724,24,2,2.6,2,2.8,4.9,h,2.6,4.9,,,0,0,470.847,5.79,0,15.1,5.9,0.31,19,278,20.428,84.795,3.558,0.449,,,,,0
2026-10-04T12:00Z,2026-10-06T12:00Z,3503724,48,19.7,22.1,11.1,12.9,9.4,h,22.1,9.4,,,0,0,379.384,6.649,0,15.1,5.9,0.31,19,279,20.59,70.203,3.706,359.313,,,,,0
2026-10-04T12:00Z,2026-10-04T13:00Z,3510962,1,3.8,0,6.3,0.6,0.3,h,0,0.3,,,0,0.002,104.587,1.951,2.014,0,0.3,-1.606,20,277,21.957,96.673,1.189,354.846,,,,,0
2026-10-04T12:00Z,2026-10-04T15:00Z,3510962,3,4.3,0.2,5.7,0.5,0.3,h,0.2,0.3,,,0,0.002,72.713,0.365,0.217,0,0.3,-1.606,22,277,21.64,95.719,0.464,126.545,,,,,0
2026-10-04T12:00Z,2026-10-04T18:00Z,3510962,6,2.3,0,4.6,0.3,0.3,h,0,0.3,,,0,0.001,59.936,0.654,0.023,0,0.3,-1.606,1,277,21.325,96.229,0.341,47.135,,,,,0
2026-10-04T12:00Z,2026-10-05T00:00Z,3510962,12,1.5,0,2.5,0,0.2,h,0,0.2,,,0,0.001,163.577,0.833,1.135,0,0.3,-1.606,7,278,20.931,95.294,0.524,4.548,,,,,0
2026-10-04T12:00Z,2026-10-05T12:00Z,3510962,24,2.4,0.3,2.1,0,0.2,h,0.3,0.2,,,0,0,206.149,1.247,0,0,0.3,-1.606,19,278,21.005,91.783,0.544,357.992,,,,,0
2026-10-04T12:00Z,2026-10-06T12:00Z,3510962,48,14.9,7.9,9.7,4.2,2.3,h,7.9,2.3,,,0,0,193.464,2.683,0,0,0.3,-1.606,19,279,21.009,75.121,1.149,41.306,,,,,0
2026-10-04T12:00Z,2026-10-04T13:00Z,3510963,1,9.4,15.6,9.6,16.2,22.6,h,15.6,22.6,,,0,0,31.874,0.544,0,21.2,22.6,0.49,20,277,25.721,97.106,0.196,176.064,,,,,0
2026-10-04T12:00Z,2026-10-04T15:00Z,3510963,3,8.7,14.2,9.6,16.2,22.5,h,14.2,22.5,,,0,0,34.711,0.547,0,21.2,22.6,0.49,22,277,25.013,99.85,0.224,105.06,,,,,0
2026-10-04T12:00Z,2026-10-04T18:00Z,3510963,6,4.9,8,9.3,15.6,22.2,h,8,22.2,,,0,0,26.683,0.724,0,21.2,22.6,0.49,1,277,24.439,99.925,0.436,169.981,,,,,0
2026-10-04T12:00Z,2026-10-05T00:00Z,3510963,12,5.4,8.3,8.3,13.8,20.6,h,8.3,20.6,,,0,0,196.209,2.406,0.036,21.2,22.6,0.49,7,278,24.628,93.944,1.583,79.243,,,,,0
2026-10-04T12:00Z,2026-10-05T12:00Z,3510963,24,3.8,5.4,5.3,8.2,18,h,5.4,18,,,0,0.001,139.291,2.924,0.018,21.2,22.6,0.49,19,278,24.633,94.781,0.961,74.055,,,,,0
2026-10-04T12:00Z,2026-10-06T12:00Z,3510963,48,18.2,21.9,8.3,10.4,16.5,h,21.9,16.5,,,0,0,345.552,5.533,0,21.2,22.6,0.49,19,279,23.354,80.34,3.01,69.76,,,,,0
2026-10-04T12:00Z,2026-10-04T13:00Z,3510964,1,11,22.6,11.6,24.6,15.3,h,22.6,15.3,,,0,0.082,69.892,1.455,0.507,13.5,15.3,0.706,20,277,22.076,97.728,0.499,8.016,,,,,0
2026-10-04T12:00Z,2026-10-04T15:00Z,3510964,3,8.9,18,11.6,24.4,15.4,h,18,15.4,,,0,0.081,37.632,0.961,0.018,13.5,15.3,0.706,22,277,21.937,95.98,0.288,94.308,,,,,0
2026-10-04T12:00Z,2026-10-04T18:00Z,3510964,6,3.3,6.9,10.6,22.4,15.4,h,6.9,15.4,,,0,0.101,30.449,0.715,0,13.5,15.3,0.706,1,277,20.938,99.255,0.27,107.215,,,,,0
2026-10-04T12:00Z,2026-10-05T00:00Z,3510964,12,6,11,9.2,19.1,15.4,h,11,15.4,,,0,0.149,86.222,0.996,0.01,13.5,15.3,0.706,7,278,21.665,98.311,0.585,65.316,,,,,0
2026-10-04T12:00Z,2026-10-05T12:00Z,3510964,24,7.5,11.9,7.1,12.9,14.5,h,11.9,14.5,,,0,0.358,430.162,3.909,0,13.5,15.3,0.706,19,278,23.662,85.84,1.977,32.571,,,,,0
2026-10-04T12:00Z,2026-10-06T12:00Z,3510964,48,3.5,4.8,5.1,7.6,11.5,h,4.8,11.5,,,0,0.014,303.007,3.73,0.072,13.5,15.3,0.706,19,279,22.279,92.597,1.897,32.374,,,,,0
2026-10-04T12:00Z,2026-10-04T13:00Z,3510965,1,9.5,4.7,,,,h,4.7,,,,0,0,72.902,0.844,0.352,,,-0.657,20,277,22.497,98.018,0.613,244.5,,,,,0
2026-10-04T12:00Z,2026-10-04T15:00Z,3510965,3,8.9,4.5,,,,h,4.5,,,,0,0,39.318,0.347,0,,,-0.657,22,277,22.442,100,0.207,323.558,,,,,0
2026-10-04T12:00Z,2026-10-04T18:00Z,3510965,6,8.7,4.6,,,,h,4.6,,,,0,0,54.015,0.818,0,,,-0.657,1,277,22.13,99.991,0.391,100.586,,,,,0
2026-10-04T12:00Z,2026-10-05T00:00Z,3510965,12,5,2.7,,,,h,2.7,,,,0,0,323.998,2.865,0.043,,,-0.657,7,278,21.772,98.076,1.437,43.084,,,,,0
2026-10-04T12:00Z,2026-10-05T12:00Z,3510965,24,3.5,2.1,,,,h,2.1,,,,0,0,71.117,1.478,0.495,,,-0.657,19,278,22.164,97.11,0.26,25.832,,,,,0
2026-10-04T12:00Z,2026-10-06T12:00Z,3510965,48,7.9,6.1,,,,h,6.1,,,,0,0,139.684,3.214,0,,,-0.657,19,279,24.345,75.432,0.968,10.438,,,,,0
2026-10-04T12:00Z,2026-10-04T13:00Z,3511463,1,8.1,7.7,7.6,7.3,11,h,7.7,11,,,0,0,181.166,2.858,0.301,9.3,11,-0.045,20,277,21.148,98.781,1.332,122.255,,,,,0
2026-10-04T12:00Z,2026-10-04T15:00Z,3511463,3,8.1,7.7,7.4,7.1,11,h,7.7,11,,,0,0,38.652,0.662,0.111,9.3,11,-0.045,22,277,20.509,98.529,0.362,73.637,,,,,0
2026-10-04T12:00Z,2026-10-04T18:00Z,3511463,6,6.7,6.4,7,6.7,11,h,6.4,11,,,0,0,55.014,1.689,0.23,9.3,11,-0.045,1,277,19.775,98.613,0.946,83.145,,,,,0
2026-10-04T12:00Z,2026-10-05T00:00Z,3511463,12,2.8,2.7,6.1,5.8,10.6,h,2.7,10.6,,,0,0,146.633,1.991,0.392,9.3,11,-0.045,7,278,19.675,98.748,0.917,63.763,,,,,0
2026-10-04T12:00Z,2026-10-05T12:00Z,3511463,24,3.3,3.2,4.1,3.9,8.7,h,3.2,8.7,,,0,0,214.792,3.248,0.133,9.3,11,-0.045,19,278,20.784,91.455,1.402,76.047,,,,,0
2026-10-04T12:00Z,2026-10-06T12:00Z,3511463,48,7.7,7.6,7.3,7.2,9.1,h,7.6,9.1,,,0,0,115.397,3.746,0,9.3,11,-0.045,19,279,20.743,78.741,1.459,83.487,,,,,0
2026-10-04T12:00Z,2026-10-04T13:00Z,3513587,1,8.8,8.8,,,,h,8.8,,,,0,0,69.504,1.806,0.184,,,0,20,277,21.82,97.165,0.809,185.966,,,,,0
2026-10-04T12:00Z,2026-10-04T15:00Z,3513587,3,6.5,6.5,,,,h,6.5,,,,0,0,60.896,0.562,0.212,,,0,22,277,21.505,99.153,0.644,344.153,,,,,0
2026-10-04T12:00Z,2026-10-04T18:00Z,3513587,6,3.8,3.8,,,,h,3.8,,,,0,0,72.907,1.424,0.056,,,0,1,277,21.118,99.57,0.585,82.867,,,,,0
2026-10-04T12:00Z,2026-10-05T00:00Z,3513587,12,3.4,3.4,,,,h,3.4,,,,0,0,297.613,4.033,0.597,,,0,7,278,20.16,98.723,2.606,49.538,,,,,0
2026-10-04T12:00Z,2026-10-05T12:00Z,3513587,24,3,3,,,,h,3,,,,0,0,135.316,2.878,0.303,,,0,19,278,21.635,96.323,1.338,46.113,,,,,0
2026-10-04T12:00Z,2026-10-06T12:00Z,3513587,48,8.3,8.3,,,,h,8.3,,,,0,0,194.281,5.618,0,,,0,19,279,22.508,74.891,2.351,36.042,,,,,0
2026-10-04T12:00Z,2026-10-04T13:00Z,3524548,1,8.8,7.9,8.5,7.6,15.6,h,7.9,15.6,,,0,0,193.555,3.028,0.047,11,15.7,-0.098,20,277,20.951,98.989,1.435,111.231,,,,,0
2026-10-04T12:00Z,2026-10-04T15:00Z,3524548,3,5.3,4.8,8.4,7.5,15.5,h,4.8,15.5,,,0,0,45.758,0.985,0.487,11,15.7,-0.098,22,277,20.041,98.523,0.646,68.731,,,,,0
2026-10-04T12:00Z,2026-10-04T18:00Z,3524548,6,4.8,4.3,7.9,7.1,15.1,h,4.3,15.1,,,0,0.002,80.11,2.441,0.513,11,15.7,-0.098,1,277,19.112,99.068,1.52,68.5,,,,,0
2026-10-04T12:00Z,2026-10-05T00:00Z,3524548,12,2,1.8,6.8,6.1,14.1,h,1.8,14.1,,,0,0.001,185.998,2.909,0.554,11,15.7,-0.098,7,278,18.908,98.613,1.448,75.079,,,,,0
2026-10-04T12:00Z,2026-10-05T12:00Z,3524548,24,3.4,3.2,3.6,3.2,11.7,h,3.2,11.7,,,0,0,290.524,4.547,0.065,11,15.7,-0.098,19,278,19.722,89.949,2.131,76.98,,,,,0
2026-10-04T12:00Z,2026-10-06T12:00Z,3524548,48,10.6,10.2,7.6,7.2,11.5,h,10.2,11.5,,,0,0,80.326,4.278,0,11,15.7,-0.098,19,279,19.52,79.559,1.837,81.336,,,,,0
2026-10-04T12:00Z,2026-10-04T13:00Z,3524550,1,2.4,11.9,5.6,25.3,29,h,11.9,29,,,0,0.115,123.36,2.211,0.114,22.3,29.1,1.387,20,277,24.021,97.4,1.241,309.278,,,,,0
2026-10-04T12:00Z,2026-10-04T15:00Z,3524550,3,3.1,13.7,4.9,22.3,29,h,13.7,29,,,0,0.094,77.58,1.719,0.006,22.3,29.1,1.387,22,277,23.374,97.767,0.65,293.193,,,,,0
2026-10-04T12:00Z,2026-10-04T18:00Z,3524550,6,1.5,7.3,3.8,17.8,28.9,h,7.3,28.9,,,0,0.05,76.252,0.814,0.057,22.3,29.1,1.387,1,277,22.712,98.494,0.479,353.141,,,,,0
2026-10-04T12:00Z,2026-10-05T00:00Z,3524550,12,0.8,4.2,1.8,9.5,26.6,h,4.2,26.6,,,0,0.012,250.335,1.685,0.144,22.3,29.1,1.387,7,278,22.741,95.312,0.979,344.116,,,,,0
2026-10-04T12:00Z,2026-10-05T12:00Z,3524550,24,3.1,8.3,1.6,6.6,21.9,h,8.3,21.9,,,0,0,338.787,1.46,0,22.3,29.1,1.387,19,278,21.142,88.332,0.903,16.266,,,,,0
2026-10-04T12:00Z,2026-10-06T12:00Z,3524550,48,19.4,32.6,11.8,22.9,26,h,32.6,26,,,0,0,216.032,2.86,0,22.3,29.1,1.387,19,279,21.645,70.753,1.553,12.778,,,,,0
2026-10-04T12:00Z,2026-10-04T13:00Z,3524551,1,5.6,16.3,9.4,27.2,23,h,16.3,23,,,0,0.003,34.08,0.29,0,18.8,23,1.002,20,277,24.654,97.618,0.146,259.311,,,,,0
2026-10-04T12:00Z,2026-10-04T15:00Z,3524551,3,4.5,12.8,8.7,25.2,22.8,h,12.8,22.8,,,0,0.003,34.191,0.238,0,18.8,23,1.002,22,277,23.935,99.456,0.19,280.351,,,,,0
2026-10-04T12:00Z,2026-10-04T18:00Z,3524551,6,2.6,7.6,7.3,21.3,22.3,h,7.6,22.3,,,0,0.001,62.722,0.47,0.095,18.8,23,1.002,1,277,23.235,99.145,0.306,349.536,,,,,0
2026-10-04T12:00Z,2026-10-05T00:00Z,3524551,12,1.7,4.8,4.3,12.8,20.6,h,4.8,20.6,,,0,0.009,309.682,2.821,0.015,18.8,23,1.002,7,278,23.475,93.353,1.632,23.913,,,,,0
2026-10-04T12:00Z,2026-10-05T12:00Z,3524551,24,1.7,3.9,2.5,6.7,17.8,h,3.9,17.8,,,0,0,346.183,4.365,0.381,18.8,23,1.002,19,278,22.502,89.394,2.391,16.378,,,,,0
2026-10-04T12:00Z,2026-10-06T12:00Z,3524551,48,23.2,33.7,12.1,19.2,21.1,h,33.7,21.1,,,0,0,438.142,5.791,0,18.8,23,1.002,19,279,21.831,76.333,3.204,26.836,,,,,0
2026-10-04T12:00Z,2026-10-04T13:00Z,3524552,1,7.6,17.9,7.7,18.7,17.7,h,17.9,17.7,,,0,0,63.89,1.103,2.023,33.6,17.7,0.821,20,277,24.106,96.932,0.73,15.619,,,,,0
2026-10-04T12:00Z,2026-10-04T15:00Z,3524552,3,7.6,17.3,7.8,18.9,17.6,h,17.3,17.6,,,0,0,57.174,0.682,0.242,33.6,17.7,0.821,22,277,23.678,98.674,0.478,80.573,,,,,0
2026-10-04T12:00Z,2026-10-04T18:00Z,3524552,6,5.2,11.6,7.7,18.5,17.4,h,11.6,17.4,,,0,0,71.018,0.65,0,33.6,17.7,0.821,1,277,23.252,98.556,0.286,40.321,,,,,0
2026-10-04T12:00Z,2026-10-05T00:00Z,3524552,12,2.5,5.5,6.3,15,16.5,h,5.5,16.5,,,0,0.001,274.334,2.175,1.171,33.6,17.7,0.821,7,278,23.036,94.487,1.162,24.042,,,,,0
2026-10-04T12:00Z,2026-10-05T12:00Z,3524552,24,2,3.9,3.6,8,14.6,h,3.9,14.6,,,0,0,302.204,3.456,0,33.6,17.7,0.821,19,278,22.921,88.637,1.871,2.702,,,,,0
2026-10-04T12:00Z,2026-10-06T12:00Z,3524552,48,14.1,19.3,8.9,13.2,15.5,h,19.3,15.5,,,0,0,355.528,5.006,0,33.6,17.7,0.821,19,279,22.639,72.224,2.555,31.72,,,,,0
2026-10-04T12:00Z,2026-10-04T13:00Z,3524553,1,12.5,25.4,11.1,23.3,24.4,h,25.4,24.4,,,0,0.023,71.081,0.805,0.501,12.7,24.5,0.697,20,277,23.037,98.32,0.117,68.765,,,,,0
2026-10-04T12:00Z,2026-10-04T15:00Z,3524553,3,13.9,27.3,11.4,23.8,24.2,h,27.3,24.2,,,0,0.026,59.737,1.125,0.035,12.7,24.5,0.697,22,277,22.751,97.651,0.492,106.458,,,,,0
2026-10-04T12:00Z,2026-10-04T18:00Z,3524553,6,8.8,16.9,11.4,23.5,24,h,16.9,24,,,0,0.041,43.964,0.947,0,12.7,24.5,0.697,1,277,21.923,99.166,0.371,120.077,,,,,0
2026-10-04T12:00Z,2026-10-05T00:00Z,3524553,12,8.5,15.2,11.1,22.2,23.1,h,15.2,23.1,,,0,0.062,92.797,1.055,0.027,12.7,24.5,0.697,7,278,22.411,98.319,0.573,95.813,,,,,0
2026-10-04T12:00Z,2026-10-05T12:00Z,3524553,24,5.9,9.4,8.6,15.7,21.7,h,9.4,21.7,,,0,0.202,371.182,2.886,0,12.7,24.5,0.697,19,278,24.408,90.386,1.322,22.348,,,,,0
2026-10-04T12:00Z,2026-10-06T12:00Z,3524553,48,4.7,6.3,4.4,6.6,15.5,h,6.3,15.5,,,0,0.011,299.121,3.231,0.14,12.7,24.5,0.697,19,279,23.215,92.529,1.713,28.986,,,,,0
2026-10-04T12:00Z,2026-10-04T13:00Z,3527752,1,5.7,0.6,10.7,1.6,11.1,h,0.6,11.1,,,0,0.001,54.471,0.244,1.992,1.2,11.1,-1.517,20,277,24.126,96.561,0.301,325.306,,,,,0
2026-10-04T12:00Z,2026-10-04T15:00Z,3527752,3,5.3,0.6,10.4,1.5,11,h,0.6,11,,,0,0.001,51.947,1.437,0.076,1.2,11.1,-1.517,22,277,23.574,97.758,0.708,193.499,,,,,0
2026-10-04T12:00Z,2026-10-04T18:00Z,3527752,6,6.7,1.1,9.8,1.4,10.7,h,1.1,10.7,,,0,0.001,31.995,0.2,0,1.2,11.1,-1.517,1,277,23.344,95.534,0.252,211.79,,,,,0
2026-10-04T12:00Z,2026-10-05T00:00Z,3527752,12,9.2,2.2,8.8,1.4,9.4,h,2.2,9.4,,,0,0.001,61.506,0.365,0,1.2,11.1,-1.517,7,278,23.525,96.004,0.482,133.878,,,,,0
2026-10-04T12:00Z,2026-10-05T12:00Z,3527752,24,6.4,2,7.7,1.8,8.1,h,2,8.1,,,0,0,69.488,1.568,0,1.2,11.1,-1.517,19,278,24.168,96.045,0.729,112.967,,,,,0
2026-10-04T12:00Z,2026-10-06T12:00Z,3527752,48,6.8,3.5,3.6,1.4,6.2,h,3.5,6.2,,,0,0,205.145,2.78,0.076,1.2,11.1,-1.517,19,279,23.925,96.006,1.185,94.888,,,,,0
2026-10-04T12:00Z,2026-10-04T13:00Z,3539280,1,4.8,4.9,,,,h,4.9,,,,0,0,135.859,4.355,0.324,9.5,,0.024,20,277,22.018,96.449,2.289,63.452,,,,,0
2026-10-04T12:00Z,2026-10-04T15:00Z,3539280,3,3.4,3.5,,,,h,3.5,,,,0,0,91.911,1.77,0.719,9.5,,0.024,22,277,21.355,95.993,1.336,91.559,,,,,0
2026-10-04T12:00Z,2026-10-04T18:00Z,3539280,6,2.8,2.9,,,,h,2.9,,,,0,0,93.824,2.497,0,9.5,,0.024,1,277,20.936,96.543,1.557,57.096,,,,,0
2026-10-04T12:00Z,2026-10-05T00:00Z,3539280,12,2,2.1,,,,h,2.1,,,,0,0,147.733,2.834,0.285,9.5,,0.024,7,278,20.949,95.65,2.279,59.342,,,,,0
2026-10-04T12:00Z,2026-10-05T12:00Z,3539280,24,3.2,3.3,,,,h,3.3,,,,0,0,95.93,2.632,0.344,9.5,,0.024,19,278,22.065,96.647,1.278,65.576,,,,,0
2026-10-04T12:00Z,2026-10-06T12:00Z,3539280,48,7.3,7.4,,,,h,7.4,,,,0,0,120.049,3.41,0,9.5,,0.024,19,279,22.517,84.489,1.499,64.13,,,,,0
2026-10-04T12:00Z,2026-10-04T13:00Z,3539838,1,7.1,4,5.7,3.1,10.4,h,4,10.4,,,0,0,189.532,3.626,0,5.1,10.4,-0.493,20,277,23.974,98.678,1.89,37.983,,,,,0
2026-10-04T12:00Z,2026-10-04T15:00Z,3539838,3,6.4,3.7,5.8,3.2,10.3,h,3.7,10.3,,,0,0,61.36,1.403,0.011,5.1,10.4,-0.493,22,277,23.586,98.837,0.483,97.455,,,,,0
2026-10-04T12:00Z,2026-10-04T18:00Z,3539838,6,5,2.9,5.7,3.2,10,h,2.9,10,,,0,0,98.896,1.899,0,5.1,10.4,-0.493,1,277,23.261,98.785,0.938,32.71,,,,,0
2026-10-04T12:00Z,2026-10-05T00:00Z,3539838,12,4.9,3.1,5.6,3.2,9.1,h,3.1,9.1,,,0,0,128.368,1.753,0.938,5.1,10.4,-0.493,7,278,22.751,97.631,0.783,72.213,,,,,0
2026-10-04T12:00Z,2026-10-05T12:00Z,3539838,24,4.3,3,5.3,3.3,8.1,h,3,8.1,,,0,0,66.107,1.11,0.08,5.1,10.4,-0.493,19,278,23.924,96.371,0.519,53.107,,,,,0
2026-10-04T12:00Z,2026-10-06T12:00Z,3539838,48,5.7,4.6,3.5,2.5,6.5,h,4.6,6.5,,,0,0,59.395,0.668,0.063,5.1,10.4,-0.493,19,279,23.525,97.962,0.519,218.936,,,,,0
2026-10-04T12:00Z,2026-10-04T13:00Z,3553302,1,6.3,13.3,10.3,21.8,23.3,h,13.3,23.3,,,0,0.003,20.296,0.85,0.443,32.5,23.3,0.701,20,277,21.058,99.215,0.222,170.389,,,,,0
2026-10-04T12:00Z,2026-10-04T15:00Z,3553302,3,4.6,9.7,9.9,20.8,23.1,h,9.7,23.1,,,0,0.002,44.692,0.264,0.403,32.5,23.3,0.701,22,277,20.655,98.396,0.448,79.002,,,,,0
2026-10-04T12:00Z,2026-10-04T18:00Z,3553302,6,2.3,5,8.7,18.3,22.7,h,5,22.7,,,0,0.001,63.952,1.512,0.12,32.5,23.3,0.701,1,277,20.258,99.612,0.977,5.537,,,,,0
2026-10-04T12:00Z,2026-10-05T00:00Z,3553302,12,1.5,3.3,6,12.8,21.3,h,3.3,21.3,,,0,0,195.034,2.038,0.404,32.5,23.3,0.701,7,278,19.512,98.396,1.198,47.904,,,,,0
2026-10-04T12:00Z,2026-10-05T12:00Z,3553302,24,1.9,3.4,2.4,5,17.4,h,3.4,17.4,,,0,0,54.083,1.855,0.402,32.5,23.3,0.701,19,278,20.36,98.616,0.633,17.821,,,,,0
2026-10-04T12:00Z,2026-10-06T12:00Z,3553302,48,9.9,13,6.2,8.8,16.1,h,13,16.1,,,0,0,32.198,2.153,0,32.5,23.3,0.701,19,279,21.518,77.166,0.561,70.361,,,,,0
2026-10-04T12:00Z,2026-10-04T13:00Z,3553304,1,7,10.1,,,,h,10.1,,,,0,0,63.451,0.465,4.333,24.7,,0.343,20,277,23.117,98.318,0.375,110.934,,,,,0
2026-10-04T12:00Z,2026-10-04T15:00Z,3553304,3,7.1,10.1,,,,h,10.1,,,,0,0,108.204,1.229,0.368,24.7,,0.343,22,277,22.733,99,0.495,251.875,,,,,0
2026-10-04T12:00Z,2026-10-04T18:00Z,3553304,6,2.1,3.2,,,,h,3.2,,,,0,0,156.788,1.452,0.114,24.7,,0.343,1,277,22.127,98.219,0.829,301.557,,,,,0
2026-10-04T12:00Z,2026-10-05T00:00Z,3553304,12,2.6,3.7,,,,h,3.7,,,,0,0,156.255,2.051,0.126,24.7,,0.343,7,278,22.142,98.802,0.941,27.771,,,,,0
2026-10-04T12:00Z,2026-10-05T12:00Z,3553304,24,6.2,7.8,,,,h,7.8,,,,0,0,40.913,1.083,0.111,24.7,,0.343,19,278,23.013,97.262,0.276,5.992,,,,,0
2026-10-04T12:00Z,2026-10-06T12:00Z,3553304,48,8.4,9.6,,,,h,9.6,,,,0,0,33.592,0.591,0.082,24.7,,0.343,19,279,22.989,98.034,0.425,230.776,,,,,0
2026-10-04T12:00Z,2026-10-04T13:00Z,3553305,1,2.2,4.7,,,,h,4.7,,,,0,0,102.324,3.822,0.172,16.6,,0.593,20,277,20.137,96.163,1.952,60.25,,,,,0
2026-10-04T12:00Z,2026-10-04T15:00Z,3553305,3,1.2,2.8,,,,h,2.8,,,,0,0,35.556,0.863,0.145,16.6,,0.593,22,277,19.43,95.583,0.601,163.292,,,,,0
2026-10-04T12:00Z,2026-10-04T18:00Z,3553305,6,1,2.3,,,,h,2.3,,,,0,0,48.917,2.079,0,16.6,,0.593,1,277,18.927,96.411,1.413,39.503,,,,,0
2026-10-04T12:00Z,2026-10-05T00:00Z,3553305,12,1,2.1,,,,h,2.1,,,,0,0,62.099,1.413,0.176,16.6,,0.593,7,278,19.3,96.562,1.424,41.056,,,,,0
2026-10-04T12:00Z,2026-10-05T12:00Z,3553305,24,0.8,1.6,,,,h,1.6,,,,0,0,66.499,2.213,0.28,16.6,,0.593,19,278,20.157,97.764,0.956,62.23,,,,,0
2026-10-04T12:00Z,2026-10-06T12:00Z,3553305,48,4.1,5.3,,,,h,5.3,,,,0,0,51.79,1.601,0,16.6,,0.593,19,279,19.899,94.451,0.693,62.698,,,,,0
2026-10-04T12:00Z,2026-10-04T13:00Z,3560430,1,8.3,9.5,11.3,13,19.1,h,9.5,19.1,,,0,0,72.712,1.754,0,6.6,19.1,0.128,20,277,25.297,98.122,0.749,66.448,,,,,0
2026-10-04T12:00Z,2026-10-04T15:00Z,3560430,3,8.1,9.2,10.7,12.3,18.9,h,9.2,18.9,,,0,0,208.136,2.534,3.181,6.6,19.1,0.128,22,277,23.735,97.715,1.564,118.944,,,,,0
2026-10-04T12:00Z,2026-10-04T18:00Z,3560430,6,7.5,8.5,9.9,11.4,18.6,h,8.5,18.6,,,0,0,74.652,0.766,0,6.6,19.1,0.128,1,277,23.473,98.813,0.314,47.007,,,,,0
2026-10-04T12:00Z,2026-10-05T00:00Z,3560430,12,6.8,7.6,8.8,10.1,17.4,h,7.6,17.4,,,0,0,165.418,1.685,0.201,6.6,19.1,0.128,7,278,23.905,96.88,1.16,38.725,,,,,0
2026-10-04T12:00Z,2026-10-05T12:00Z,3560430,24,6,6.6,6,6.7,15.1,h,6.6,15.1,,,0,0,156.007,2.027,0.331,6.6,19.1,0.128,19,278,25.07,96.449,0.738,117.121,,,,,0
2026-10-04T12:00Z,2026-10-06T12:00Z,3560430,48,9.5,10,7.5,8.1,13.6,h,10,13.6,,,0,0,84.334,1.554,0.129,6.6,19.1,0.128,19,279,23.871,97.467,0.979,311.563,,,,,0
2026-10-04T12:00Z,2026-10-04T13:00Z,3560431,1,5,5.9,6.7,8,10,h,5.9,10,,,0,0,96.478,1.909,0.118,4.9,10,0.147,20,277,24.732,95.909,0.752,142.448,,,,,0
2026-10-04T12:00Z,2026-10-04T15:00Z,3560431,3,4,4.7,6.1,7.2,9.9,h,4.7,9.9,,,0,0,101.092,1.492,0.709,4.9,10,0.147,22,277,23.71,98.038,1.18,64.635,,,,,0
2026-10-04T12:00Z,2026-10-04T18:00Z,3560431,6,2.9,3.4,5.1,6.1,9.9,h,3.4,9.9,,,0,0,72.412,0.486,0.236,4.9,10,0.147,1,277,22.629,98.023,0.416,16.354,,,,,0
2026-10-04T12:00Z,2026-10-05T00:00Z,3560431,12,4,4.6,4.4,5.2,9.8,h,4.6,9.8,,,0,0,101.583,0.173,0.099,4.9,10,0.147,7,278,23.088,95.975,0.131,53.382,,,,,0
2026-10-04T12:00Z,2026-10-05T12:00Z,3560431,24,3.9,4.3,3.5,4.1,8.1,h,4.3,8.1,,,0,0,104.862,0.998,1.182,4.9,10,0.147,19,278,23.448,96.932,0.44,68.026,,,,,0
2026-10-04T12:00Z,2026-10-06T12:00Z,3560431,48,9.8,10.4,5.1,5.5,7.8,h,10.4,7.8,,,0,0,195.263,2.998,0.111,4.9,10,0.147,19,279,24.537,83.993,1.084,110.509,,,,,0
2026-10-04T12:00Z,2026-10-04T13:00Z,3560513,1,1.5,5.8,,,,h,5.8,,,,0,0,82.78,1.859,0.317,22.2,,1.043,20,277,19.557,97.18,0.719,75.78,,,,,0
2026-10-04T12:00Z,2026-10-04T15:00Z,3560513,3,2.1,7.1,,,,h,7.1,,,,0,0,26.247,1.068,0,22.2,,1.043,22,277,19.053,95.799,0.376,154.682,,,,,0
2026-10-04T12:00Z,2026-10-04T18:00Z,3560513,6,1.1,4.2,,,,h,4.2,,,,0,0,30.818,1.147,0,22.2,,1.043,1,277,18.676,96.126,0.786,55.151,,,,,0
2026-10-04T12:00Z,2026-10-05T00:00Z,3560513,12,1,3.4,,,,h,3.4,,,,0,0,96.813,1.348,0.146,22.2,,1.043,7,278,18.861,97.28,1.13,26.594,,,,,0
2026-10-04T12:00Z,2026-10-05T12:00Z,3560513,24,0.9,2.5,,,,h,2.5,,,,0,0,112.795,2.359,0.146,22.2,,1.043,19,278,19.773,96.043,1.002,60.98,,,,,0
2026-10-04T12:00Z,2026-10-06T12:00Z,3560513,48,6.8,10.4,,,,h,10.4,,,,0,0,89.954,2.168,0,22.2,,1.043,19,279,19.244,89.387,0.855,76.732,,,,,0
2026-10-04T12:00Z,2026-10-04T13:00Z,3560514,1,3.3,11.6,3.3,12.2,21.2,h,11.6,21.2,,,0,0,85.938,2.657,1.531,47,21.3,1.122,20,277,19.357,96.419,1.538,40.667,,,,,0
2026-10-04T12:00Z,2026-10-04T15:00Z,3560514,3,3.3,11.1,3.2,11.8,21,h,11.1,21,,,0,0,55.2,1.72,0.266,47,21.3,1.122,22,277,19.08,93.605,0.823,131.533,,,,,0
2026-10-04T12:00Z,2026-10-04T18:00Z,3560514,6,1.8,6.4,2.9,10.6,20.5,h,6.4,20.5,,,0,0,44.425,1.164,0,47,21.3,1.122,1,277,18.941,94.012,0.711,66.47,,,,,0
2026-10-04T12:00Z,2026-10-05T00:00Z,3560514,12,1.8,5.6,2.2,8,19,h,5.6,19,,,0,0,74.546,1.026,0.828,47,21.3,1.122,7,278,18.56,95.561,0.897,48.613,,,,,0
2026-10-04T12:00Z,2026-10-05T12:00Z,3560514,24,3.1,7,2.3,6.8,16.7,h,7,16.7,,,0,0,69.891,1.3,0.101,47,21.3,1.122,19,278,19.592,97.057,0.42,43.489,,,,,0
2026-10-04T12:00Z,2026-10-06T12:00Z,3560514,48,8.6,13.4,5.5,9.8,15.6,h,13.4,15.6,,,0,0,99.549,2.198,0,47,21.3,1.122,19,279,19.257,86.118,0.936,63.936,,,,,0
2026-10-04T12:00Z,2026-10-04T13:00Z,3561013,1,5.4,13.8,6.1,16.1,16.4,h,13.8,16.4,,,0,0,122.79,3.128,3.05,41.2,16.4,0.877,20,277,21.655,96.053,1.99,38.395,,,,,0
2026-10-04T12:00Z,2026-10-04T15:00Z,3561013,3,5.5,13.6,6,15.7,16.3,h,13.6,16.3,,,0,0,93.531,2.068,0.625,41.2,16.4,0.877,22,277,21.434,95.02,1.243,99.675,,,,,0
2026-10-04T12:00Z,2026-10-04T18:00Z,3561013,6,3.4,8.4,5.2,13.7,15.9,h,8.4,15.9,,,0,0,69.005,1.522,0,41.2,16.4,0.877,1,277,21.267,95.556,0.797,71.733,,,,,0
2026-10-04T12:00Z,2026-10-05T00:00Z,3561013,12,3.1,7,4.3,11.1,15,h,7,15,,,0,0,111.922,1.299,1.722,41.2,16.4,0.877,7,278,20.676,95.477,0.831,79.341,,,,,0
2026-10-04T12:00Z,2026-10-05T12:00Z,3561013,24,5,9.1,3.5,7.9,13.7,h,9.1,13.7,,,0,0,92.592,0.671,0.112,41.2,16.4,0.877,19,278,22.208,94.846,0.092,29.155,,,,,0
2026-10-04T12:00Z,2026-10-06T12:00Z,3561013,48,10.3,14.5,7.3,11.3,13.9,h,14.5,13.9,,,0,0,165.82,3.57,0,41.2,16.4,0.877,19,279,22.241,77.475,1.503,71.56,,,,,0
2026-10-04T12:00Z,2026-10-04T13:00Z,3562555,1,10.6,6.1,8,4.5,8.3,h,6.1,8.3,,,0,0,34.731,0.06,0.505,10.6,8.3,-0.506,20,277,22.243,98.93,0.223,90.436,,,,,0
2026-10-04T12:00Z,2026-10-04T15:00Z,3562555,3,9.7,5.7,8,4.4,8.2,h,5.7,8.2,,,0,0,34.8,0.363,0.001,10.6,8.3,-0.506,22,277,21.982,99.994,0.04,242.213,,,,,0
2026-10-04T12:00Z,2026-10-04T18:00Z,3562555,6,7.9,4.7,7.8,4.4,8.1,h,4.7,8.1,,,0,0,58.763,0.352,0.139,10.6,8.3,-0.506,1,277,21.642,99.462,0.337,168.474,,,,,0
2026-10-04T12:00Z,2026-10-05T00:00Z,3562555,12,4.4,2.7,7.6,4.3,7.7,h,2.7,7.7,,,0,0,273.375,2.734,0.192,10.6,8.3,-0.506,7,278,21.179,99.462,1.673,38.331,,,,,0
2026-10-04T12:00Z,2026-10-05T12:00Z,3562555,24,4.7,3.2,5.9,3.6,6.8,h,3.2,6.8,,,0,0,166.039,2.275,0.626,10.6,8.3,-0.506,19,278,21.617,98.138,1.146,32.954,,,,,0
2026-10-04T12:00Z,2026-10-06T12:00Z,3562555,48,8.6,7,6.2,4.7,6.5,h,7,6.5,,,0,0,43.823,2.455,0.001,10.6,8.3,-0.506,19,279,22.473,84.835,0.643,32.435,,,,,0
2026-10-04T12:00Z,2026-10-04T13:00Z,3562556,1,3.2,5,5.1,7.9,8.9,h,5,8.9,,,0,0.026,52.1,0.616,0.276,12.6,8.9,0.379,20,277,20.738,99.689,0.361,230.385,,,,,0
2026-10-04T12:00Z,2026-10-04T15:00Z,3562556,3,4,6.1,4.5,7,8.9,h,6.1,8.9,,,0,0.015,85.1,1.235,0.517,12.6,8.9,0.379,22,277,20.156,98.595,0.623,73.516,,,,,0
2026-10-04T12:00Z,2026-10-04T18:00Z,3562556,6,2.6,4,3.3,5.3,8.9,h,4,8.9,,,0,0.009,73.268,1.888,0.34,12.6,8.9,0.379,1,277,19.624,99.505,1.087,69.583,,,,,0
2026-10-04T12:00Z,2026-10-05T00:00Z,3562556,12,1.8,2.7,2.4,3.9,8.4,h,2.7,8.4,,,0,0,400.166,3.184,0.637,12.6,8.9,0.379,7,278,19.724,96.51,1.688,77.643,,,,,0
2026-10-04T12:00Z,2026-10-05T12:00Z,3562556,24,7.5,9.6,3.2,4.6,7.5,h,9.6,7.5,,,0,0,419.761,3.725,0,12.6,8.9,0.379,19,278,19.433,83.416,1.855,75.071,,,,,0
2026-10-04T12:00Z,2026-10-06T12:00Z,3562556,48,10.2,11.8,11.5,13.9,11.4,h,11.8,11.4,,,0,0,105.19,3.071,0,12.6,8.9,0.379,19,279,19.569,76.782,1.196,88.565,,,,,0
2026-10-04T12:00Z,2026-10-04T13:00Z,3562557,1,1.5,1,3.8,2.8,5.6,h,1,5.6,,,0,0,93.594,2.545,0.206,3.2,5.6,-0.249,20,277,20.131,96.772,1.02,76.88,,,,,0
2026-10-04T12:00Z,2026-10-04T15:00Z,3562557,3,2.1,1.5,3.5,2.5,5.5,h,1.5,5.5,,,0,0,22.132,0.941,0,3.2,5.6,-0.249,22,277,19.512,96.43,0.263,177.584,,,,,0
2026-10-04T12:00Z,2026-10-04T18:00Z,3562557,6,1.1,0.7,2.8,2,5.4,h,0.7,5.4,,,0,0,32.945,1.365,0,3.2,5.6,-0.249,1,277,19.051,96.818,0.953,45.551,,,,,0
2026-10-04T12:00Z,2026-10-05T00:00Z,3562557,12,1,0.7,1.7,1.1,4.9,h,0.7,4.9,,,0,0,77.234,1.302,0.135,3.2,5.6,-0.249,7,278,19.348,97.631,1.116,18.102,,,,,0
2026-10-04T12:00Z,2026-10-05T12:00Z,3562557,24,0.9,0.6,1.3,0.9,4.1,h,0.6,4.1,,,0,0,72.633,2.228,0.208,3.2,5.6,-0.249,19,278,20.448,97.016,0.875,62.976,,,,,0
2026-10-04T12:00Z,2026-10-06T12:00Z,3562557,48,6.8,6.1,4.8,4.2,4.9,h,6.1,4.9,,,0,0,89.641,2.091,0,3.2,5.6,-0.249,19,279,19.964,91.13,0.8,79.719,,,,,0
2026-10-04T12:00Z,2026-10-04T13:00Z,3567155,1,6.7,13.5,11.6,23.5,13.1,h,13.5,13.1,,,0,0,163.625,4.541,0.855,38.2,13.1,0.663,20,277,23.621,96.733,2.504,63.261,,,,,0
2026-10-04T12:00Z,2026-10-04T15:00Z,3567155,3,6.7,13.2,11.5,23.2,13.1,h,13.2,13.1,,,0,0,147.692,3.426,1.267,38.2,13.1,0.663,22,277,23.096,95.994,2.058,79.782,,,,,0
2026-10-04T12:00Z,2026-10-04T18:00Z,3567155,6,4.5,8.8,10.7,21.6,13.2,h,8.8,13.2,,,0,0,133.394,2.875,0,38.2,13.1,0.663,1,277,22.83,96.215,1.541,72.047,,,,,0
2026-10-04T12:00Z,2026-10-05T00:00Z,3567155,12,2.9,5.5,7.9,15.8,13,h,5.5,13,,,0,0,227.315,4.099,0.58,38.2,13.1,0.663,7,278,22.349,94.627,2.911,66.085,,,,,0
2026-10-04T12:00Z,2026-10-05T12:00Z,3567155,24,3.4,5.5,3.8,7.1,11.2,h,5.5,11.2,,,0,0,123.688,2.735,0.36,38.2,13.1,0.663,19,278,23.759,95.381,1.42,66.358,,,,,0
2026-10-04T12:00Z,2026-10-06T12:00Z,3567155,48,9.8,12.7,6.4,9,11,h,12.7,11,,,0,0,194.202,5.201,0,38.2,13.1,0.663,19,279,24.834,73.426,2.301,64.912,,,,,0
2026-10-04T12:00Z,2026-10-04T13:00Z,3567156,1,10,5.4,9.3,4.9,8.5,h,5.4,8.5,,,0,0.001,230.731,3.483,0.06,6.3,8.5,-0.56,20,277,20.761,98.631,1.698,108.78,,,,,0
2026-10-04T12:00Z,2026-10-04T15:00Z,3567156,3,10.7,6,9.3,4.9,8.4,h,6,8.4,,,0,0.005,46.805,1.094,0.623,6.3,8.5,-0.56,22,277,19.876,98.033,0.619,74.772,,,,,0
2026-10-04T12:00Z,2026-10-04T18:00Z,3567156,6,8.1,4.6,9.1,4.8,8.3,h,4.6,8.3,,,0,0.012,67.727,2.362,0.704,6.3,8.5,-0.56,1,277,18.882,98.804,1.461,73.766,,,,,0
2026-10-04T12:00Z,2026-10-05T00:00Z,3567156,12,2.4,1.2,7.1,3.8,7.8,h,1.2,7.8,,,0,0.001,165.57,2.622,0.546,6.3,8.5,-0.56,7,278,18.812,98.575,1.254,83.789,,,,,0
2026-10-04T12:00Z,2026-10-05T12:00Z,3567156,24,5.6,3.7,4.8,2.7,6.7,h,3.7,6.7,,,0,0,325.286,4.613,0.055,6.3,8.5,-0.56,19,278,19.754,87.092,2.145,83.743,,,,,0
2026-10-04T12:00Z,2026-10-06T12:00Z,3567156,48,13.9,11.2,9.3,7,7.8,h,11.2,7.8,,,0,0,76.872,3.981,0,6.3,8.5,-0.56,19,279,19.456,78.774,1.67,89.555,,,,,0
2026-10-04T12:00Z,2026-10-04T13:00Z,3567157,1,10.3,10.6,11.9,12.3,14.4,h,10.6,14.4,,,0,0.002,89.929,2.594,0.151,16.2,14.5,0.026,20,277,22.221,96.895,1.077,177.629,,,,,0
2026-10-04T12:00Z,2026-10-04T15:00Z,3567157,3,8.1,8.3,11.5,11.8,14.3,h,8.3,14.3,,,0,0.001,17.462,0.47,0.191,16.2,14.5,0.026,22,277,21.588,96.829,0.193,252.93,,,,,0
2026-10-04T12:00Z,2026-10-04T18:00Z,3567157,6,0.9,0.9,10.3,10.6,14,h,0.9,14,,,0,0.001,31.157,0.64,0.021,16.2,14.5,0.026,1,277,20.973,97.503,0.154,77.95,,,,,0
2026-10-04T12:00Z,2026-10-05T00:00Z,3567157,12,4.4,4.5,7.7,7.9,13,h,4.5,13,,,0,0,175.328,2.082,0.144,16.2,14.5,0.026,7,278,19.974,98.39,1.336,56.865,,,,,0
2026-10-04T12:00Z,2026-10-05T12:00Z,3567157,24,2.9,3,3.9,4,11.2,h,3,11.2,,,0,0,147.322,2.441,0.311,16.2,14.5,0.026,19,278,21.141,98.062,0.93,42.422,,,,,0
2026-10-04T12:00Z,2026-10-06T12:00Z,3567157,48,8.5,8.6,6.1,6.2,10.3,h,8.6,10.3,,,0,0,110.168,4.258,0,16.2,14.5,0.026,19,279,21.632,80.471,1.57,43.89,,,,,0
2026-10-04T12:00Z,2026-10-04T13:00Z,3567158,1,11.5,10.7,13.2,12.3,13.1,h,10.7,13.1,,,0,0.008,56.987,1.66,0,20.6,13.1,-0.065,20,277,22.74,96.693,0.759,121.488,,,,,0
2026-10-04T12:00Z,2026-10-04T15:00Z,3567158,3,11.5,10.8,12.9,12,13.1,h,10.8,13.1,,,0,0.005,77.31,1.882,0.507,20.6,13.1,-0.065,22,277,21.663,98.672,0.717,185.763,,,,,0
2026-10-04T12:00Z,2026-10-04T18:00Z,3567158,6,4.3,4,11.7,10.9,13.1,h,4,13.1,,,0,0.004,54.102,1.451,0,20.6,13.1,-0.065,1,277,20.834,99.554,0.66,130.22,,,,,0
2026-10-04T12:00Z,2026-10-05T00:00Z,3567158,12,3.7,3.5,8.5,7.9,12.4,h,3.5,12.4,,,0,0,108.04,1.565,0.16,20.6,13.1,-0.065,7,278,19.911,98.011,0.744,78.455,,,,,0
2026-10-04T12:00Z,2026-10-05T12:00Z,3567158,24,5.3,5.1,5.9,5.5,10.7,h,5.1,10.7,,,0,0,70.842,2.013,0.24,20.6,13.1,-0.065,19,278,21.279,98.648,0.881,67.441,,,,,0
2026-10-04T12:00Z,2026-10-06T12:00Z,3567158,48,8.3,8.1,5.1,4.9,9,h,8.1,9,,,0,0,42.533,1.062,0,20.6,13.1,-0.065,19,279,21.482,93.711,0.311,21.74,,,,,0
2026-10-04T12:00Z,2026-10-04T13:00Z,3567159,1,7.1,12.8,6.4,11.9,22.2,h,12.8,22.2,,,0,0,81.279,1.628,0,39.6,22.3,0.559,20,277,25.215,98.242,0.662,39.523,,,,,0
2026-10-04T12:00Z,2026-10-04T15:00Z,3567159,3,6.7,11.9,6.4,11.9,22,h,11.9,22,,,0,0,188.731,3.865,1.913,39.6,22.3,0.559,22,277,23.89,98.861,2.401,187.163,,,,,0
2026-10-04T12:00Z,2026-10-04T18:00Z,3567159,6,5.9,10.2,6.3,11.6,21.7,h,10.2,21.7,,,0,0,97.82,1.054,0,39.6,22.3,0.559,1,277,23.393,98.861,0.69,341.932,,,,,0
2026-10-04T12:00Z,2026-10-05T00:00Z,3567159,12,5.5,9,6.2,11.1,20.2,h,9,20.2,,,0,0,109.877,0.796,0.806,39.6,22.3,0.559,7,278,23.183,98.4,0.718,336.724,,,,,0
2026-10-04T12:00Z,2026-10-05T12:00Z,3567159,24,4.7,6.9,5.6,9.2,18.1,h,6.9,18.1,,,0,0,45.152,0.825,0.156,39.6,22.3,0.559,19,278,24.771,97.097,0.273,17.972,,,,,0
2026-10-04T12:00Z,2026-10-06T12:00Z,3567159,48,5.9,7.4,4.3,5.8,14.1,h,7.4,14.1,,,0,0,81.396,1.438,0.076,39.6,22.3,0.559,19,279,24.201,96.546,1.221,270.284,,,,,0
2026-10-04T12:00Z,2026-10-04T13:00Z,3567160,1,9.5,10.1,9.1,9.7,22.8,h,10.1,22.8,,,0,0,101.318,1.505,0,4.9,22.8,0.059,20,277,24.898,96.27,0.721,109.783,,,,,0
2026-10-04T12:00Z,2026-10-04T15:00Z,3567160,3,8.8,9.3,9.2,9.8,22.7,h,9.3,22.7,,,0,0,92.716,1.644,0,4.9,22.8,0.059,22,277,24.478,97.352,0.747,121.604,,,,,0
2026-10-04T12:00Z,2026-10-04T18:00Z,3567160,6,3.7,3.9,9.1,9.7,22.3,h,3.9,22.3,,,0,0,63.836,1.305,0,4.9,22.8,0.059,1,277,24.016,98.578,0.443,157.965,,,,,0
2026-10-04T12:00Z,2026-10-05T00:00Z,3567160,12,4.6,4.9,8.7,9.2,20.1,h,4.9,20.1,,,0,0.001,227.672,2.923,0.015,4.9,22.8,0.059,7,278,24.325,94.466,1.978,79.674,,,,,0
2026-10-04T12:00Z,2026-10-05T12:00Z,3567160,24,3.4,3.6,5.1,5.4,17.2,h,3.6,17.2,,,0,0.008,385.33,4.796,0.306,4.9,22.8,0.059,19,278,24.604,93.285,2.156,39.96,,,,,0
2026-10-04T12:00Z,2026-10-06T12:00Z,3567160,48,17.5,17.9,6.9,7.1,15,h,17.9,15,,,0,0,631.995,7.721,0,4.9,22.8,0.059,19,279,24.082,77.765,4.596,44.62,,,,,0
2026-10-04T12:00Z,2026-10-04T13:00Z,3567161,1,12.5,17.1,11.1,15.4,13.5,h,17.1,13.5,,,0,0.03,66.351,0.923,0.255,7.9,13.6,0.307,20,277,22.816,98.695,0.365,99.769,,,,,0
2026-10-04T12:00Z,2026-10-04T15:00Z,3567161,3,13.9,18.8,11.4,15.9,13.4,h,18.8,13.4,,,0,0.032,58.759,1.437,0.017,7.9,13.6,0.307,22,277,22.335,98.436,0.643,112.228,,,,,0
2026-10-04T12:00Z,2026-10-04T18:00Z,3567161,6,8.8,11.8,11.4,15.7,13.4,h,11.8,13.4,,,0,0.045,33.57,0.644,0,7.9,13.6,0.307,1,277,21.47,99.299,0.344,99.837,,,,,0
2026-10-04T12:00Z,2026-10-05T00:00Z,3567161,12,8.5,11,11.1,15.1,13.3,h,11,13.3,,,0,0.064,94.552,1.297,0.041,7.9,13.6,0.307,7,278,22.067,98.233,0.673,70.389,,,,,0
2026-10-04T12:00Z,2026-10-05T12:00Z,3567161,24,5.9,7.3,8.6,11.3,12.9,h,7.3,12.9,,,0,0.142,460.749,4.185,0,7.9,13.6,0.307,19,278,23.798,90.52,2.145,31.694,,,,,0
2026-10-04T12:00Z,2026-10-06T12:00Z,3567161,48,4.7,5.4,4.4,5.2,9.4,h,5.4,9.4,,,0,0.007,431.03,4.245,0.068,7.9,13.6,0.307,19,279,22.88,90.798,2.229,30.818,,,,,0
2026-10-04T12:00Z,2026-10-04T13:00Z,3572812,1,8.8,21.7,9.8,24.9,20.2,h,21.7,20.2,,,0,0.001,44.046,0.679,0.045,57.6,20.3,0.877,20,277,20.871,98.625,0.202,120.76,,,,,0
2026-10-04T12:00Z,2026-10-04T15:00Z,3572812,3,3.9,10,9.5,24,20.1,h,10,20.1,,,0,0.001,37.739,0.813,5.849,57.6,20.3,0.877,22,277,19.582,99.458,0.56,124.345,,,,,0
2026-10-04T12:00Z,2026-10-04T18:00Z,3572812,6,2,5.4,8.5,21.6,19.9,h,5.4,19.9,,,0,0,62.219,1.086,0.276,57.6,20.3,0.877,1,277,19.294,99.458,0.643,69.084,,,,,0
2026-10-04T12:00Z,2026-10-05T00:00Z,3572812,12,1.8,4.5,6.7,17,19.4,h,4.5,19.4,,,0,0,99.378,1.613,0.814,57.6,20.3,0.877,7,278,18.539,98.633,0.879,65.781,,,,,0
2026-10-04T12:00Z,2026-10-05T12:00Z,3572812,24,2.7,5.2,2.8,6.7,16,h,5.2,16,,,0,0,63.488,1.475,0.91,57.6,20.3,0.877,19,278,19.7,98.579,0.549,53.443,,,,,0
2026-10-04T12:00Z,2026-10-06T12:00Z,3572812,48,10.1,14.2,6.7,10.4,15.4,h,14.2,15.4,,,0,0,34.585,1.428,0,57.6,20.3,0.877,19,279,19.73,83.668,0.537,64.561,,,,,0
2026-10-04T12:00Z,2026-10-04T13:00Z,3572813,1,10.4,8.4,11.2,9,20.1,h,8.4,20.1,,,0,0,83.681,2.001,0.062,13.4,20.2,-0.196,20,277,19.351,98.062,0.862,170.498,,,,,0
2026-10-04T12:00Z,2026-10-04T15:00Z,3572813,3,7.8,6.4,10.9,8.8,20,h,6.4,20,,,0,0,49.996,0.872,0.259,13.4,20.2,-0.196,22,277,18.406,96.814,0.45,32.895,,,,,0
2026-10-04T12:00Z,2026-10-04T18:00Z,3572813,6,1.2,0.9,9.7,7.9,19.6,h,0.9,19.6,,,0,0,108.045,1.968,0.174,13.4,20.2,-0.196,1,277,17.85,99.192,0.989,74.847,,,,,0
2026-10-04T12:00Z,2026-10-05T00:00Z,3572813,12,3.6,3,7.8,6.3,17.7,h,3,17.7,,,0,0,174.825,2.935,0.938,13.4,20.2,-0.196,7,278,16.866,98.967,1.618,47.815,,,,,0
2026-10-04T12:00Z,2026-10-05T12:00Z,3572813,24,2.7,2.3,3.5,2.9,14.7,h,2.3,14.7,,,0,0,85.343,1.982,0.294,13.4,20.2,-0.196,19,278,18.375,98,0.793,58.86,,,,,0
2026-10-04T12:00Z,2026-10-06T12:00Z,3572813,48,9.5,8.8,6.6,6,13.1,h,8.8,13.1,,,0,0,89.055,3.675,0,13.4,20.2,-0.196,19,279,18.608,80.026,1.265,36.672,,,,,0
2026-10-04T12:00Z,2026-10-04T13:00Z,3572814,1,5.7,8.2,7.9,11.4,16.7,h,8.2,16.7,,,0,0.473,51.964,1.567,0.272,9.5,16.7,0.335,20,277,20.06,98.155,0.684,358.449,,,,,0
2026-10-04T12:00Z,2026-10-04T15:00Z,3572814,3,7.5,10.6,7.8,11.3,16.7,h,10.6,16.7,,,0,0.499,18.555,0.617,0,9.5,16.7,0.335,22,277,19.675,96.752,0.181,83.895,,,,,0
2026-10-04T12:00Z,2026-10-04T18:00Z,3572814,6,7.4,10.2,7.6,10.9,16.6,h,10.2,16.6,,,0,0.648,16.812,0.663,0,9.5,16.7,0.335,1,277,18.326,99.034,0.474,43.205,,,,,0
2026-10-04T12:00Z,2026-10-05T00:00Z,3572814,12,12.6,16.6,7.7,10.8,15.5,h,16.6,15.5,,,0,0.662,111.319,1.318,0,9.5,16.7,0.335,7,278,19.898,94.053,0.774,29.049,,,,,0
2026-10-04T12:00Z,2026-10-05T12:00Z,3572814,24,5.3,6.7,9.2,12.1,15.2,h,6.7,15.2,,,0,0.334,387.971,3.992,0.013,9.5,16.7,0.335,19,278,20.978,87.806,2.117,35.87,,,,,0
2026-10-04T12:00Z,2026-10-06T12:00Z,3572814,48,2.5,2.9,2.5,3.1,9.9,h,2.9,9.9,,,0,0.011,337.672,4.122,0.147,9.5,16.7,0.335,19,279,19.881,93.799,2.084,32.859,,,,,0
2026-10-04T12:00Z,2026-10-04T13:00Z,3585655,1,8.2,3,7.4,2.6,5.4,h,3,5.4,,,0,0,36.943,1.701,0,0.8,5.4,-0.867,20,277,23.587,99.819,0.822,135.673,,,,,0
2026-10-04T12:00Z,2026-10-04T15:00Z,3585655,3,7.2,2.7,7,2.4,5.4,h,2.7,5.4,,,0,0,46.173,1.283,0.082,0.8,5.4,-0.867,22,277,22.887,99.819,0.421,116.423,,,,,0
2026-10-04T12:00Z,2026-10-04T18:00Z,3585655,6,5.6,2.1,6.9,2.4,5.4,h,2.1,5.4,,,0,0,35.977,0.489,0.059,0.8,5.4,-0.867,1,277,22.667,98.811,0.444,344.602,,,,,0
2026-10-04T12:00Z,2026-10-05T00:00Z,3585655,12,4.1,1.6,6.7,2.4,5.4,h,1.6,5.4,,,0,0,96.972,1.481,0.277,0.8,5.4,-0.867,7,278,22.655,97.863,0.823,93.422,,,,,0
2026-10-04T12:00Z,2026-10-05T12:00Z,3585655,24,4.7,2.4,4.8,2,4.3,h,2.4,4.3,,,0,0,102.354,2.106,0.028,0.8,5.4,-0.867,19,278,22.774,99.446,0.939,98.154,,,,,0
2026-10-04T12:00Z,2026-10-06T12:00Z,3585655,48,4.8,3.2,3.7,2.2,3.8,h,3.2,3.8,,,0,0,70.856,2.417,0.053,0.8,5.4,-0.867,19,279,22.639,94.273,0.739,62.921,,,,,0
2026-10-04T12:00Z,2026-10-04T13:00Z,3585656,1,10.3,4.6,12.2,5.4,13.3,h,4.6,13.3,,,0,0.001,126.163,3.029,0.478,7.5,13.4,-0.73,20,277,22.139,98.784,1.745,77.137,,,,,0
2026-10-04T12:00Z,2026-10-04T15:00Z,3585656,3,7.5,3.3,11.6,5.1,13.2,h,3.3,13.2,,,0,0.001,60.82,0.073,0.132,7.5,13.4,-0.73,22,277,21.238,99.011,0.424,293.891,,,,,0
2026-10-04T12:00Z,2026-10-04T18:00Z,3585656,6,1.8,0.5,10,4.3,13,h,0.5,13,,,0,0.001,72.126,0.863,0.258,7.5,13.4,-0.73,1,277,20.535,98.743,0.384,107.167,,,,,0
2026-10-04T12:00Z,2026-10-05T00:00Z,3585656,12,3.9,1.8,7.3,3.1,11.8,h,1.8,11.8,,,0,0,123.651,1.762,0.292,7.5,13.4,-0.73,7,278,20.457,98.55,0.971,47.755,,,,,0
2026-10-04T12:00Z,2026-10-05T12:00Z,3585656,24,2.6,1.3,4.4,2.1,9.8,h,1.3,9.8,,,0,0,65.465,2.129,0.045,7.5,13.4,-0.73,19,278,21.741,97.111,0.856,75.105,,,,,0
2026-10-04T12:00Z,2026-10-06T12:00Z,3585656,48,8.2,6.1,4.3,2.8,8.1,h,6.1,8.1,,,0,0,73.282,1.598,0.029,7.5,13.4,-0.73,19,279,22.275,89.172,0.485,75.022,,,,,0
2026-10-04T12:00Z,2026-10-04T13:00Z,3585657,1,7.1,6.7,6.4,6,10.1,h,6.7,10.1,,,0,0,119.069,3.493,0.398,10.3,10.1,-0.054,20,277,23.216,97.563,1.776,62.611,,,,,0
2026-10-04T12:00Z,2026-10-04T15:00Z,3585657,3,5,4.7,6.2,5.8,10,h,4.7,10,,,0,0,115.611,2.541,0.811,10.3,10.1,-0.054,22,277,22.569,97.017,1.578,84.449,,,,,0
2026-10-04T12:00Z,2026-10-04T18:00Z,3585657,6,4.5,4.2,5.8,5.5,9.9,h,4.2,9.9,,,0,0,99.185,2.232,0,10.3,10.1,-0.054,1,277,22.157,97.127,1.252,60.887,,,,,0
2026-10-04T12:00Z,2026-10-05T00:00Z,3585657,12,3.7,3.5,5.4,5.1,9.4,h,3.5,9.4,,,0,0,162.793,2.87,0.252,10.3,10.1,-0.054,7,278,22.133,95.92,2.121,63.546,,,,,0
2026-10-04T12:00Z,2026-10-05T12:00Z,3585657,24,3.2,3.1,3.9,3.7,8.1,h,3.1,8.1,,,0,0,161.253,2.736,0.287,10.3,10.1,-0.054,19,278,23.056,96.914,1.328,73.962,,,,,0
2026-10-04T12:00Z,2026-10-06T12:00Z,3585657,48,3.4,3.3,4.4,4.2,7.2,h,3.3,7.2,,,0,0,119.519,3.21,0.538,10.3,10.1,-0.054,19,279,23.398,84.905,1.508,62.972,,,,,0
2026-10-04T12:00Z,2026-10-04T13:00Z,3585658,1,2.5,2.9,4.3,4.9,10.4,h,2.9,10.4,,,0,0,95.982,3.391,0.113,10.4,10.4,0.107,20,277,20.334,96.375,1.579,65.431,,,,,0
2026-10-04T12:00Z,2026-10-04T15:00Z,3585658,3,2.2,2.5,4,4.5,10.2,h,2.5,10.2,,,0,0,19.559,0.853,0,10.4,10.4,0.107,22,277,19.58,96.537,0.301,192.877,,,,,0
2026-10-04T12:00Z,2026-10-04T18:00Z,3585658,6,1.2,1.4,3.3,3.8,9.9,h,1.4,9.9,,,0,0,39.383,1.983,0,10.4,10.4,0.107,1,277,19.046,97.188,1.296,34.334,,,,,0
2026-10-04T12:00Z,2026-10-05T00:00Z,3585658,12,1.2,1.4,2.3,2.7,9,h,1.4,9,,,0,0,51.466,1.171,0.113,10.4,10.4,0.107,7,278,19.568,97.45,1.146,25.557,,,,,0
2026-10-04T12:00Z,2026-10-05T12:00Z,3585658,24,1,1.1,1.6,1.8,7.7,h,1.1,7.7,,,0,0,62.702,2.279,0.275,10.4,10.4,0.107,19,278,20.421,97.799,0.935,61.5,,,,,0
2026-10-04T12:00Z,2026-10-06T12:00Z,3585658,48,6.5,6.8,4.2,4.4,7.4,h,6.8,7.4,,,0,0,49.663,1.344,0,10.4,10.4,0.107,19,279,20.061,95.871,0.559,72.93,,,,,0
2026-10-04T12:00Z,2026-10-04T13:00Z,3591604,1,10.7,18.2,11.4,19.8,21.1,h,18.2,21.1,,,0,0.112,61.324,1.271,0,37.3,21.2,0.516,20,277,21.936,97.482,0.563,96.975,,,,,0
2026-10-04T12:00Z,2026-10-04T15:00Z,3591604,3,11.3,18.8,11.3,19.5,21.1,h,18.8,21.1,,,0,0.053,79.306,1.389,0.881,37.3,21.2,0.516,22,277,20.819,97.981,0.665,73.474,,,,,0
2026-10-04T12:00Z,2026-10-04T18:00Z,3591604,6,5.2,8.7,10.5,18.1,20.8,h,8.7,20.8,,,0,0.015,141.682,2.041,2.301,37.3,21.2,0.516,1,277,19.736,99.534,1.314,19.782,,,,,0
2026-10-04T12:00Z,2026-10-05T00:00Z,3591604,12,4.8,7.6,8.4,14.3,20,h,7.6,20,,,0,0,160.767,2.667,0.244,37.3,21.2,0.516,7,278,18.931,97.797,1.29,42.302,,,,,0
2026-10-04T12:00Z,2026-10-05T12:00Z,3591604,24,5.2,7.4,6.1,9.6,17.5,h,7.4,17.5,,,0,0,100.786,2.722,0.026,37.3,21.2,0.516,19,278,20.541,98.465,1.086,59.11,,,,,0
2026-10-04T12:00Z,2026-10-06T12:00Z,3591604,48,9.8,12,5.1,6.7,14,h,12,14,,,0,0,40.283,1.483,0,37.3,21.2,0.516,19,279,20.657,91.705,0.407,29.9,,,,,0
2026-10-04T12:00Z,2026-10-04T13:00Z,3591605,1,3.1,0.7,4.4,1.3,3.4,h,0.7,3.4,,,0,0.005,76.501,1.25,0.403,1.5,3.4,-0.901,20,277,20.43,99.75,0.598,187.052,,,,,0
2026-10-04T12:00Z,2026-10-04T15:00Z,3591605,3,3,0.7,4,1.1,3.4,h,0.7,3.4,,,0,0.004,64.213,1.775,0.175,1.5,3.4,-0.901,22,277,19.845,98.776,0.837,75.123,,,,,0
2026-10-04T12:00Z,2026-10-04T18:00Z,3591605,6,0.7,0,3.2,0.8,3.3,h,0,3.3,,,0,0.004,43.737,1.622,0.067,1.5,3.4,-0.901,1,277,19.277,99.576,0.87,76.158,,,,,0
2026-10-04T12:00Z,2026-10-05T00:00Z,3591605,12,1,0,2.1,0.4,3.2,h,0,3.2,,,0,0.001,322.179,2.869,0.327,1.5,3.4,-0.901,7,278,19.875,97.501,1.594,75.651,,,,,0
2026-10-04T12:00Z,2026-10-05T12:00Z,3591605,24,6.2,3.2,2.3,0.7,2.6,h,3.2,2.6,,,0,0,478.043,4.47,0.01,1.5,3.4,-0.901,19,278,19.893,83.877,2.372,74.406,,,,,0
2026-10-04T12:00Z,2026-10-06T12:00Z,3591605,48,8.5,5.9,10.3,6.5,4.9,h,5.9,4.9,,,0,0,122.449,3.792,0,1.5,3.4,-0.901,19,279,19.607,79.129,1.568,86.545,,,,,0
2026-10-04T12:00Z,2026-10-04T13:00Z,3591606,1,8.5,4.6,7.9,4.1,7.5,h,4.6,7.5,,,0,0,74.361,1.956,0.055,10,7.5,-0.556,20,277,24.221,98.043,1.101,124.413,,,,,0
2026-10-04T12:00Z,2026-10-04T15:00Z,3591606,3,7,3.8,7.7,4,7.5,h,3.8,7.5,,,0,0,106.224,1.97,0.168,10,7.5,-0.556,22,277,23.529,98.087,1.172,80.427,,,,,0
2026-10-04T12:00Z,2026-10-04T18:00Z,3591606,6,5.7,3.1,7.3,3.8,7.4,h,3.1,7.4,,,0,0,40.582,0.413,0.015,10,7.5,-0.556,1,277,22.769,98.389,0.176,299.384,,,,,0
2026-10-04T12:00Z,2026-10-05T00:00Z,3591606,12,4.6,2.7,6.7,3.6,7.4,h,2.7,7.4,,,0,0,100.166,1.678,0.261,10,7.5,-0.556,7,278,22.955,96.392,0.978,106.932,,,,,0
2026-10-04T12:00Z,2026-10-05T12:00Z,3591606,24,5.1,3.4,5.5,3.2,6.1,h,3.4,6.1,,,0,0,69.504,1.763,0.922,10,7.5,-0.556,19,278,22.391,99.314,0.75,95.543,,,,,0
2026-10-04T12:00Z,2026-10-06T12:00Z,3591606,48,5.5,4.3,3.9,2.8,5.1,h,4.3,5.1,,,0,0,174.794,3.471,0.238,10,7.5,-0.556,19,279,23.5,92.04,1.459,80.084,,,,,0
2026-10-04T12:00Z,2026-10-04T13:00Z,3591607,1,3.2,1,,,,h,1,,,,0,0,75.905,0.754,0.458,,,-0.87,20,277,19.495,98.235,0.135,115.974,,,,,0
2026-10-04T12:00Z,2026-10-04T15:00Z,3591607,3,3.5,1.3,,,,h,1.3,,,,0,0,34.447,1.24,0,,,-0.87,22,277,19.082,96.416,0.583,114.855,,,,,0
2026-10-04T12:00Z,2026-10-04T18:00Z,3591607,6,0.8,0,,,,h,0,,,,0,0,30.588,1.065,0,,,-0.87,1,277,18.693,96.746,0.625,72.363,,,,,0
2026-10-04T12:00Z,2026-10-05T00:00Z,3591607,12,0.4,0,,,,h,0,,,,0,0,164.358,1.724,0.147,,,-0.87,7,278,18.964,97.447,1.231,45.009,,,,,0
2026-10-04T12:00Z,2026-10-05T12:00Z,3591607,24,2.4,1.2,,,,h,1.2,,,,0,0,237.153,3.061,0.061,,,-0.87,19,278,19.559,92.396,1.511,62.923,,,,,0
2026-10-04T12:00Z,2026-10-06T12:00Z,3591607,48,7.6,5.6,,,,h,5.6,,,,0,0,103.479,2.826,0,,,-0.87,19,279,18.998,84.993,1.154,78.275,,,,,0
2026-10-04T12:00Z,2026-10-04T13:00Z,3591609,1,6.5,4.2,,,,h,4.2,,,,0,0,79.266,2.998,0.375,11.4,,-0.377,20,277,21.569,97.153,1.363,54.708,,,,,0
2026-10-04T12:00Z,2026-10-04T15:00Z,3591609,3,5,3.2,,,,h,3.2,,,,0,0,36.384,0.73,0.156,11.4,,-0.377,22,277,20.799,97.411,0.497,119.994,,,,,0
2026-10-04T12:00Z,2026-10-04T18:00Z,3591609,6,4.8,3.2,,,,h,3.2,,,,0,0,58.594,2.263,0,11.4,,-0.377,1,277,20.417,97.462,1.271,34.41,,,,,0
2026-10-04T12:00Z,2026-10-05T00:00Z,3591609,12,4,2.8,,,,h,2.8,,,,0,0,71.18,1.31,0.124,11.4,,-0.377,7,278,20.937,97.575,1.078,47.682,,,,,0
2026-10-04T12:00Z,2026-10-05T12:00Z,3591609,24,4.6,3.5,,,,h,3.5,,,,0,0,111.962,2.768,0.254,11.4,,-0.377,19,278,21.294,97.838,1.27,57.119,,,,,0
2026-10-04T12:00Z,2026-10-06T12:00Z,3591609,48,5.2,4.4,,,,h,4.4,,,,0,0,38.626,1.008,0.163,11.4,,-0.377,19,279,21.234,96.44,0.492,63.637,,,,,0
2026-10-04T12:00Z,2026-10-04T13:00Z,3591610,1,9.5,11.9,,,,h,11.9,,,,0,0.01,82.602,2.072,0.005,17.5,,0.217,20,277,23.303,99.605,0.99,115.077,,,,,0
2026-10-04T12:00Z,2026-10-04T15:00Z,3591610,3,9.8,12.2,,,,h,12.2,,,,0,0.013,76.488,2.227,0,17.5,,0.217,22,277,22.77,99.184,1.109,120.305,,,,,0
2026-10-04T12:00Z,2026-10-04T18:00Z,3591610,6,3.5,4.4,,,,h,4.4,,,,0,0.021,22.214,0.56,0,17.5,,0.217,1,277,22.096,99.191,0.345,120.073,,,,,0
2026-10-04T12:00Z,2026-10-05T00:00Z,3591610,12,4.2,5.1,,,,h,5.1,,,,0,0.033,87.766,1.722,0.08,17.5,,0.217,7,278,22.568,98.613,0.812,70.374,,,,,0
2026-10-04T12:00Z,2026-10-05T12:00Z,3591610,24,3.5,4.1,,,,h,4.1,,,,0,0.061,535.669,5.89,0,17.5,,0.217,19,278,23.891,91.625,3.13,35.962,,,,,0
2026-10-04T12:00Z,2026-10-06T12:00Z,3591610,48,11.2,12.2,,,,h,12.2,,,,0,0.003,554.973,5.476,0.002,17.5,,0.217,19,279,23.224,89.036,2.845,32.349,,,,,0
2026-10-04T12:00Z,2026-10-04T13:00Z,3591611,1,13.4,13.2,,,,h,13.2,,,,0,0.007,75.219,1.192,0.513,9.8,,-0.012,20,277,23.659,98.686,0.363,105.556,,,,,0
2026-10-04T12:00Z,2026-10-04T15:00Z,3591611,3,12.1,12,,,,h,12,,,,0,0.01,74.162,1.275,0.045,9.8,,-0.012,22,277,23.331,98.465,0.654,112.473,,,,,0
2026-10-04T12:00Z,2026-10-04T18:00Z,3591611,6,7,6.9,,,,h,6.9,,,,0,0.019,51.497,1.157,0,9.8,,-0.012,1,277,22.63,99.075,0.526,128.288,,,,,0
2026-10-04T12:00Z,2026-10-05T00:00Z,3591611,12,6.5,6.4,,,,h,6.4,,,,0,0.036,94.792,1.243,0.039,9.8,,-0.012,7,278,22.95,98.399,0.676,112.431,,,,,0
2026-10-04T12:00Z,2026-10-05T12:00Z,3591611,24,4.7,4.7,,,,h,4.7,,,,0,0.131,332.627,2.395,0,9.8,,-0.012,19,278,24.942,92.89,0.974,12.751,,,,,0
2026-10-04T12:00Z,2026-10-06T12:00Z,3591611,48,6.1,6.1,,,,h,6.1,,,,0,0.009,287.566,2.946,0.181,9.8,,-0.012,19,279,23.827,92.598,1.601,26.739,,,,,0
2026-10-04T12:00Z,2026-10-04T13:00Z,3597971,1,3.1,6.6,,,,h,6.6,,,,0,0.045,51.156,0.804,0.289,17.3,,0.642,20,277,20.42,99.928,0.401,203.009,,,,,0
2026-10-04T12:00Z,2026-10-04T15:00Z,3597971,3,3,6.2,,,,h,6.2,,,,0,0.018,90.086,1.629,0.44,17.3,,0.642,22,277,19.741,98.586,0.737,79.632,,,,,0
2026-10-04T12:00Z,2026-10-04T18:00Z,3597971,6,0.7,2,,,,h,2,,,,0,0.01,57.208,1.862,0.175,17.3,,0.642,1,277,19.272,99.565,1.001,77.532,,,,,0
2026-10-04T12:00Z,2026-10-05T00:00Z,3597971,12,1,2.3,,,,h,2.3,,,,0,0.001,400.049,3.339,0.607,17.3,,0.642,7,278,19.585,96.375,1.726,86.493,,,,,0
2026-10-04T12:00Z,2026-10-05T12:00Z,3597971,24,6.2,9.5,,,,h,9.5,,,,0,0,501.51,4.33,0,17.3,,0.642,19,278,19.352,81.619,2.187,80.824,,,,,0
2026-10-04T12:00Z,2026-10-06T12:00Z,3597971,48,8.5,11,,,,h,11,,,,0,0,125.52,3.492,0,17.3,,0.642,19,279,19.414,77.466,1.42,91.376,,,,,0
2026-10-04T12:00Z,2026-10-04T13:00Z,3597972,1,4.2,1.9,,,,h,1.9,,,,0,0.009,73.654,1.473,0.18,7,,-0.616,20,277,21.225,99.358,0.779,297.718,,,,,0
2026-10-04T12:00Z,2026-10-04T15:00Z,3597972,3,3.7,1.7,,,,h,1.7,,,,0,0.005,62.822,0.835,0.064,7,,-0.616,22,277,20.917,98.997,0.665,359.092,,,,,0
2026-10-04T12:00Z,2026-10-04T18:00Z,3597972,6,2.4,1,,,,h,1,,,,0,0.002,129.548,2.329,0.32,7,,-0.616,1,277,20.025,99.997,1.466,48.894,,,,,0
2026-10-04T12:00Z,2026-10-05T00:00Z,3597972,12,1.8,0.8,,,,h,0.8,,,,0,0.001,261.454,2.886,0.868,7,,-0.616,7,278,20.001,98.638,1.689,60.557,,,,,0
2026-10-04T12:00Z,2026-10-05T12:00Z,3597972,24,9.3,6.1,,,,h,6.1,,,,0,0,222.685,2.985,0,7,,-0.616,19,278,18.997,91.044,1.609,38.224,,,,,0
2026-10-04T12:00Z,2026-10-06T12:00Z,3597972,48,13.5,10.6,,,,h,10.6,,,,0,0,45.194,2.316,0,7,,-0.616,19,279,19.073,78.439,0.876,69.078,,,,,0
2026-10-04T12:00Z,2026-10-04T13:00Z,3597973,1,6.5,4.2,,,,h,4.2,,,,0,0,157.764,2.343,0.297,3.3,,-0.373,20,277,21.105,98.696,1.038,133.195,,,,,0
2026-10-04T12:00Z,2026-10-04T15:00Z,3597973,3,6.3,4.2,,,,h,4.2,,,,0,0,52.77,0.924,0.162,3.3,,-0.373,22,277,20.467,98.229,0.339,89.992,,,,,0
2026-10-04T12:00Z,2026-10-04T18:00Z,3597973,6,4,2.6,,,,h,2.6,,,,0,0.002,44.008,1.709,0.231,3.3,,-0.373,1,277,19.852,98.534,0.864,90.957,,,,,0
2026-10-04T12:00Z,2026-10-05T00:00Z,3597973,12,1.1,0.6,,,,h,0.6,,,,0,0.003,237.704,2.031,0.421,3.3,,-0.373,7,278,19.947,98.046,1.03,73.516,,,,,0
2026-10-04T12:00Z,2026-10-05T12:00Z,3597973,24,3.5,2.6,,,,h,2.6,,,,0,0,342.806,3.971,0.035,3.3,,-0.373,19,278,20.945,85.817,1.752,83.701,,,,,0
2026-10-04T12:00Z,2026-10-06T12:00Z,3597973,48,7.3,6.3,,,,h,6.3,,,,0,0,158.392,4.272,0,3.3,,-0.373,19,279,20.591,77.397,1.63,94.477,,,,,0
2026-10-04T12:00Z,2026-10-04T13:00Z,3597974,1,5.8,8,,,,h,8,,,,0,0,105.201,2.126,0.456,22.6,,0.295,20,277,21.116,98.761,1.135,159.348,,,,,0
2026-10-04T12:00Z,2026-10-04T15:00Z,3597974,3,5.8,7.9,,,,h,7.9,,,,0,0,36.448,0.898,0.038,22.6,,0.295,22,277,20.634,98.838,0.249,100.723,,,,,0
2026-10-04T12:00Z,2026-10-04T18:00Z,3597974,6,2.6,3.6,,,,h,3.6,,,,0,0,31.222,1.075,0.049,22.6,,0.295,1,277,20.149,98.723,0.4,99.81,,,,,0
2026-10-04T12:00Z,2026-10-05T00:00Z,3597974,12,0.6,1,,,,h,1,,,,0,0.002,210.598,1.761,0.22,22.6,,0.295,7,278,20.373,98.964,1.078,38.874,,,,,0
2026-10-04T12:00Z,2026-10-05T12:00Z,3597974,24,2.4,3.1,,,,h,3.1,,,,0,0,253.237,3.322,0.056,22.6,,0.295,19,278,21.556,90.179,1.497,71.55,,,,,0
2026-10-04T12:00Z,2026-10-06T12:00Z,3597974,48,6.6,7.5,,,,h,7.5,,,,0,0,177.458,4.3,0,22.6,,0.295,19,279,21.043,78.28,1.563,89.445,,,,,0
2026-10-04T12:00Z,2026-10-04T13:00Z,3597975,1,2.2,0.1,,,,h,0.1,,,,0,0.008,83.484,1.408,0.236,1.1,,-1.124,20,277,21.124,99.038,0.804,298.725,,,,,0
2026-10-04T12:00Z,2026-10-04T15:00Z,3597975,3,2.3,0.2,,,,h,0.2,,,,0,0.004,64.392,0.678,0.047,1.1,,-1.124,22,277,20.776,98.24,0.612,6.127,,,,,0
2026-10-04T12:00Z,2026-10-04T18:00Z,3597975,6,0.9,0,,,,h,0,,,,0,0.002,106.087,1.906,0.244,1.1,,-1.124,1,277,19.983,99.26,1.216,50.296,,,,,0
2026-10-04T12:00Z,2026-10-05T00:00Z,3597975,12,0.7,0,,,,h,0,,,,0,0.001,236.343,2.379,0.679,1.1,,-1.124,7,278,20.025,98.161,1.365,61.027,,,,,0
2026-10-04T12:00Z,2026-10-05T12:00Z,3597975,24,6.1,2.6,,,,h,2.6,,,,0,0,239.831,2.603,0,1.1,,-1.124,19,278,19.173,90.978,1.379,49.305,,,,,0
2026-10-04T12:00Z,2026-10-06T12:00Z,3597975,48,9.6,6.1,,,,h,6.1,,,,0,0,50.391,2.248,0,1.1,,-1.124,19,279,19.209,78.85,0.787,73.94,,,,,0
2026-10-04T12:00Z,2026-10-04T13:00Z,3597976,1,10.3,8.8,,,,h,8.8,,,,0,0,174.853,3.224,1.871,5.6,,-0.151,20,277,20.761,98.48,1.651,75.984,,,,,0
2026-10-04T12:00Z,2026-10-04T15:00Z,3597976,3,7.5,6.4,,,,h,6.4,,,,0,0,48.608,0.722,0.052,5.6,,-0.151,22,277,20.473,99.304,0.505,81.58,,,,,0
2026-10-04T12:00Z,2026-10-04T18:00Z,3597976,6,1.8,1.5,,,,h,1.5,,,,0,0,87.96,1.919,0.037,5.6,,-0.151,1,277,20.104,99.199,1.021,102.213,,,,,0
2026-10-04T12:00Z,2026-10-05T00:00Z,3597976,12,3.9,3.4,,,,h,3.4,,,,0,0,196.659,2.113,0.044,5.6,,-0.151,7,278,20.299,98.615,1.312,48.133,,,,,0
2026-10-04T12:00Z,2026-10-05T12:00Z,3597976,24,2.6,2.3,,,,h,2.3,,,,0,0,122.512,2.831,0.15,5.6,,-0.151,19,278,21.243,98.172,1.278,77.062,,,,,0
2026-10-04T12:00Z,2026-10-06T12:00Z,3597976,48,8.2,7.7,,,,h,7.7,,,,0,0,117.694,3.167,0,5.6,,-0.151,19,279,22.067,82.867,1.087,66.025,,,,,0
2026-10-04T12:00Z,2026-10-04T13:00Z,3597978,1,7.1,19.5,,,,h,19.5,,,,0,0,92.502,2.971,0.377,71.2,,0.967,20,277,22.615,97.661,1.405,58.389,,,,,0
2026-10-04T12:00Z,2026-10-04T15:00Z,3597978,3,6.7,17.7,,,,h,17.7,,,,0,0,79.608,1.686,0.469,71.2,,0.967,22,277,21.905,97.491,1.067,91.113,,,,,0
2026-10-04T12:00Z,2026-10-04T18:00Z,3597978,6,5.9,14.9,,,,h,14.9,,,,0,0,76.802,2.065,0,71.2,,0.967,1,277,21.488,97.495,1.172,46.954,,,,,0
2026-10-04T12:00Z,2026-10-05T00:00Z,3597978,12,5.5,12.6,,,,h,12.6,,,,0,0,114.725,1.969,0.167,71.2,,0.967,7,278,21.758,96.88,1.501,59.385,,,,,0
2026-10-04T12:00Z,2026-10-05T12:00Z,3597978,24,4.7,9.1,,,,h,9.1,,,,0,0,154.752,2.699,0.251,71.2,,0.967,19,278,22.339,97.55,1.266,68.778,,,,,0
2026-10-04T12:00Z,2026-10-06T12:00Z,3597978,48,5.9,8.8,,,,h,8.8,,,,0,0,73.673,1.924,0.531,71.2,,0.967,19,279,22.375,91.616,0.949,62.335,,,,,0
2026-10-04T12:00Z,2026-10-04T13:00Z,3599600,1,3.6,3.6,,,,h,3.6,,,,0,0,59.983,0.838,0.159,14.8,,0.004,20,277,23.683,96.326,0.568,242.408,,,,,0
2026-10-04T12:00Z,2026-10-04T15:00Z,3599600,3,2.5,2.5,,,,h,2.5,,,,0,0,188.529,0.435,0,14.8,,0.004,22,277,23.559,90.972,0.031,326.967,,,,,0
2026-10-04T12:00Z,2026-10-04T18:00Z,3599600,6,1,1,,,,h,1,,,,0,0,113.141,2.357,0.089,14.8,,0.004,1,277,22.268,94.618,1.15,13.603,,,,,0
2026-10-04T12:00Z,2026-10-05T00:00Z,3599600,12,1.1,1.1,,,,h,1.1,,,,0,0,56.255,1.761,0.063,14.8,,0.004,7,278,22.359,92.751,1.08,7.033,,,,,0
2026-10-04T12:00Z,2026-10-05T12:00Z,3599600,24,2.5,2.5,,,,h,2.5,,,,0,0,71.113,0.848,0.377,14.8,,0.004,19,278,22.88,94.629,0.229,322.539,,,,,0
2026-10-04T12:00Z,2026-10-06T12:00Z,3599600,48,7,7,,,,h,7,,,,0,0,75.419,1.443,0.01,14.8,,0.004,19,279,24.032,91.036,0.467,212.215,,,,,0
2026-10-04T12:00Z,2026-10-04T13:00Z,3600181,1,8.5,3.1,,,,h,3.1,,,,0,0,134.116,2.084,0,1.5,,-0.869,20,277,24.322,96.729,1.062,85.767,,,,,0
2026-10-04T12:00Z,2026-10-04T15:00Z,3600181,3,7,2.6,,,,h,2.6,,,,0,0,133.966,2.019,0.02,1.5,,-0.869,22,277,23.962,98.429,1.05,120.038,,,,,0
2026-10-04T12:00Z,2026-10-04T18:00Z,3600181,6,5.7,2.2,,,,h,2.2,,,,0,0,84.717,0.928,0,1.5,,-0.869,1,277,23.709,96.933,0.578,37.489,,,,,0
2026-10-04T12:00Z,2026-10-05T00:00Z,3600181,12,4.6,1.9,,,,h,1.9,,,,0,0,149.063,2.152,0.423,1.5,,-0.869,7,278,23.668,93.103,1.232,88.288,,,,,0
2026-10-04T12:00Z,2026-10-05T12:00Z,3600181,24,5.1,2.6,,,,h,2.6,,,,0,0,45.03,0.998,0.737,1.5,,-0.869,19,278,23.917,98.11,0.62,21.461,,,,,0
2026-10-04T12:00Z,2026-10-06T12:00Z,3600181,48,5.5,3.8,,,,h,3.8,,,,0,0,67.871,0.885,0.382,1.5,,-0.869,19,279,23.917,93.091,0.177,110.022,,,,,0
2026-10-04T12:00Z,2026-10-04T13:00Z,3600182,1,8.6,15.8,,,,h,15.8,,,,0,0,29.405,0.466,0.062,34.9,,0.583,20,277,25.603,97.161,0.168,186.067,,,,,0
2026-10-04T12:00Z,2026-10-04T15:00Z,3600182,3,8.3,14.9,,,,h,14.9,,,,0,0,27.73,0.376,0.007,34.9,,0.583,22,277,24.869,99.906,0.152,116.361,,,,,0
2026-10-04T12:00Z,2026-10-04T18:00Z,3600182,6,4.9,8.8,,,,h,8.8,,,,0,0,28.007,0.515,0,34.9,,0.583,1,277,24.291,99.85,0.385,168.295,,,,,0
2026-10-04T12:00Z,2026-10-05T00:00Z,3600182,12,3.9,6.6,,,,h,6.6,,,,0,0,208.588,2.241,0.058,34.9,,0.583,7,278,24.498,93.595,1.456,74.733,,,,,0
2026-10-04T12:00Z,2026-10-05T12:00Z,3600182,24,2.7,4.2,,,,h,4.2,,,,0,0.001,149.708,2.849,0,34.9,,0.583,19,278,24.389,94.058,0.959,65.956,,,,,0
2026-10-04T12:00Z,2026-10-06T12:00Z,3600182,48,18.5,23.1,,,,h,23.1,,,,0,0,346.122,5.327,0,34.9,,0.583,19,279,23.068,79.561,2.918,65.134,,,,,0
2026-10-04T12:00Z,2026-10-04T13:00Z,3600183,1,13.4,7.7,,,,h,7.7,,,,0,0.004,84.11,1.865,0.296,6.5,,-0.525,20,277,23.776,99.268,0.756,112.796,,,,,0
2026-10-04T12:00Z,2026-10-04T15:00Z,3600183,3,12.1,7.1,,,,h,7.1,,,,0,0.006,81.968,1.819,0.028,6.5,,-0.525,22,277,23.388,98.894,0.952,118.683,,,,,0
2026-10-04T12:00Z,2026-10-04T18:00Z,3600183,6,7,4.1,,,,h,4.1,,,,0,0.014,39.894,1.023,0,6.5,,-0.525,1,277,22.774,99.052,0.507,132.952,,,,,0
2026-10-04T12:00Z,2026-10-05T00:00Z,3600183,12,6.5,4,,,,h,4,,,,0,0.027,90.032,1.433,0.065,6.5,,-0.525,7,278,23.076,98.616,0.694,97.103,,,,,0
2026-10-04T12:00Z,2026-10-05T12:00Z,3600183,24,4.7,3.2,,,,h,3.2,,,,0,0.083,410.111,3.819,0,6.5,,-0.525,19,278,24.745,92.979,1.861,27.007,,,,,0
2026-10-04T12:00Z,2026-10-06T12:00Z,3600183,48,6.1,4.9,,,,h,4.9,,,,0,0.005,398.58,4.032,0.112,6.5,,-0.525,19,279,23.83,91.073,2.142,29.919,,,,,0
2026-10-04T12:00Z,2026-10-04T13:00Z,3600716,1,5.1,5.1,,,,h,5.1,,,,0,0.014,34.638,0.319,0.226,,,0,20,277,21.22,99.342,0.178,268.397,,,,,0
2026-10-04T12:00Z,2026-10-04T15:00Z,3600716,3,4.8,4.8,,,,h,4.8,,,,0,0.011,98.647,0.738,1.022,,,0,22,277,20.645,98.29,0.353,86.72,,,,,0
2026-10-04T12:00Z,2026-10-04T18:00Z,3600716,6,3.3,3.3,,,,h,3.3,,,,0,0.003,85.126,1.907,0.734,,,0,1,277,20.228,99.016,1.118,69.406,,,,,0
2026-10-04T12:00Z,2026-10-05T00:00Z,3600716,12,4.1,4.1,,,,h,4.1,,,,0,0,496.563,3.24,0.758,,,0,7,278,19.738,95.271,1.64,72.147,,,,,0
2026-10-04T12:00Z,2026-10-05T12:00Z,3600716,24,7.3,7.3,,,,h,7.3,,,,0,0,338.124,2.986,0,,,0,19,278,19.676,82.716,1.216,81.14,,,,,0
2026-10-04T12:00Z,2026-10-06T12:00Z,3600716,48,10.9,10.9,,,,h,10.9,,,,0,0,104.001,2.588,0,,,0,19,279,20.173,73.505,0.872,94.566,,,,,0
2026-10-04T12:00Z,2026-10-04T13:00Z,3602359,1,3.5,7.3,,,,h,7.3,,,,0,0.001,60.421,0.176,0.546,25,,0.643,20,277,18.422,98.469,0.215,29.452,,,,,0
2026-10-04T12:00Z,2026-10-04T15:00Z,3602359,3,3.2,6.6,,,,h,6.6,,,,0,0.001,39.656,1.735,0,25,,0.643,22,277,18.119,95.008,0.841,110.732,,,,,0
2026-10-04T12:00Z,2026-10-04T18:00Z,3602359,6,1.3,3,,,,h,3,,,,0,0,29.934,1.074,0,25,,0.643,1,277,17.82,95.498,0.609,76.47,,,,,0
2026-10-04T12:00Z,2026-10-05T00:00Z,3602359,12,0.8,1.9,,,,h,1.9,,,,0,0,172.98,1.892,0.15,25,,0.643,7,278,18.014,96.518,1.301,56.105,,,,,0
2026-10-04T12:00Z,2026-10-05T12:00Z,3602359,24,3.3,5.3,,,,h,5.3,,,,0,0,285.065,3.198,0.003,25,,0.643,19,278,18.186,91.627,1.686,60.226,,,,,0
2026-10-04T12:00Z,2026-10-06T12:00Z,3602359,48,8.8,11.4,,,,h,11.4,,,,0,0,75.723,2.447,0,25,,0.643,19,279,17.587,85.559,1.117,69.893,,,,,0
2026-10-04T12:00Z,2026-10-04T13:00Z,3612960,1,8.3,24.6,,,,h,24.6,,,,0,0,120.727,3.174,0.375,43.6,,1.054,20,277,24.221,98.292,1.622,65.064,,,,,0
2026-10-04T12:00Z,2026-10-04T15:00Z,3612960,3,8.1,23,,,,h,23,,,,0,0,151.415,3.445,1.015,43.6,,1.054,22,277,23.614,97.392,2.029,81.553,,,,,0
2026-10-04T12:00Z,2026-10-04T18:00Z,3612960,6,7.5,20.1,,,,h,20.1,,,,0,0,109.176,2.088,0,43.6,,1.054,1,277,23.143,97.397,1.118,71.416,,,,,0
2026-10-04T12:00Z,2026-10-05T00:00Z,3612960,12,6.8,16.4,,,,h,16.4,,,,0,0,190.684,3.251,0.256,43.6,,1.054,7,278,22.968,95.566,2.309,66.998,,,,,0
2026-10-04T12:00Z,2026-10-05T12:00Z,3612960,24,6,12.1,,,,h,12.1,,,,0,0,214.554,2.815,0.26,43.6,,1.054,19,278,23.993,96.935,1.35,86.814,,,,,0
2026-10-04T12:00Z,2026-10-06T12:00Z,3612960,48,9.5,14.3,,,,h,14.3,,,,0,0,137.831,3.643,1.038,43.6,,1.054,19,279,24.258,82.658,1.783,62.031,,,,,0
2026-10-04T12:00Z,2026-10-04T13:00Z,3612961,1,8.6,13,,,,h,13,,,,0,0.013,72.283,1.158,0.472,13.3,,0.391,20,277,22.86,95.978,0.548,2.574,,,,,0
2026-10-04T12:00Z,2026-10-04T15:00Z,3612961,3,8.6,12.8,,,,h,12.8,,,,0,0.01,35.708,0.718,0.393,13.3,,0.391,22,277,21.844,99.129,0.23,145.909,,,,,0
2026-10-04T12:00Z,2026-10-04T18:00Z,3612961,6,1.4,2.4,,,,h,2.4,,,,0,0.005,133.011,2.48,3.738,13.3,,0.391,1,277,20.643,98.743,1.499,93.667,,,,,0
2026-10-04T12:00Z,2026-10-05T00:00Z,3612961,12,2.4,3.6,,,,h,3.6,,,,0,0,119.136,2.037,0.721,13.3,,0.391,7,278,20.212,98.109,0.94,54.395,,,,,0
2026-10-04T12:00Z,2026-10-05T12:00Z,3612961,24,2,2.8,,,,h,2.8,,,,0,0,78.178,2.559,0.366,13.3,,0.391,19,278,21.636,97.61,1.076,53.966,,,,,0
2026-10-04T12:00Z,2026-10-06T12:00Z,3612961,48,8.6,10.1,,,,h,10.1,,,,0,0,28.725,1.245,0,13.3,,0.391,19,279,21.825,90.233,0.64,56.128,,,,,0
2026-10-04T12:00Z,2026-10-04T13:00Z,3612962,1,7.7,6.5,,,,h,6.5,,,,0,0.005,55.852,1.351,0.683,18.6,,-0.159,20,277,21.466,97.237,0.469,205.422,,,,,0
2026-10-04T12:00Z,2026-10-04T15:00Z,3612962,3,6.9,5.8,,,,h,5.8,,,,0,0.004,51.466,0.17,0.669,18.6,,-0.159,22,277,20.463,99.32,0.371,251.817,,,,,0
2026-10-04T12:00Z,2026-10-04T18:00Z,3612962,6,3.3,2.7,,,,h,2.7,,,,0,0.002,75.795,0.634,1.491,18.6,,-0.159,1,277,19.581,99.42,0.285,97.782,,,,,0
2026-10-04T12:00Z,2026-10-05T00:00Z,3612962,12,1.1,0.9,,,,h,0.9,,,,0,0,177.089,2.212,0.657,18.6,,-0.159,7,278,18.895,99.219,1.3,41.737,,,,,0
2026-10-04T12:00Z,2026-10-05T12:00Z,3612962,24,2.4,2.1,,,,h,2.1,,,,0,0,96.256,1.894,0.943,18.6,,-0.159,19,278,19.896,98.64,0.877,56.394,,,,,0
2026-10-04T12:00Z,2026-10-06T12:00Z,3612962,48,10.4,9.8,,,,h,9.8,,,,0,0,28.405,1.868,0,18.6,,-0.159,19,279,20.408,86.962,0.474,70.407,,,,,0
2026-10-04T12:00Z,2026-10-04T13:00Z,3612963,1,4.7,4.4,,,,h,4.4,,,,0,0,97.886,2.215,0.322,23.9,,-0.053,20,277,20.928,97.272,0.765,98.984,,,,,0
2026-10-04T12:00Z,2026-10-04T15:00Z,3612963,3,4.8,4.5,,,,h,4.5,,,,0,0,21.247,0.766,0,23.9,,-0.053,22,277,20.348,97.728,0.095,181.35,,,,,0
2026-10-04T12:00Z,2026-10-04T18:00Z,3612963,6,1.6,1.5,,,,h,1.5,,,,0,0,31.891,1.004,0,23.9,,-0.053,1,277,19.92,97.636,0.641,57.022,,,,,0
2026-10-04T12:00Z,2026-10-05T00:00Z,3612963,12,1,0.9,,,,h,0.9,,,,0,0,87.17,1.363,0.164,23.9,,-0.053,7,278,20.127,98.552,0.929,7.647,,,,,0
2026-10-04T12:00Z,2026-10-05T12:00Z,3612963,24,2,1.9,,,,h,1.9,,,,0,0,53.453,2.066,0.214,23.9,,-0.053,19,278,21.476,97.079,0.732,62.109,,,,,0
2026-10-04T12:00Z,2026-10-06T12:00Z,3612963,48,6.1,6,,,,h,6,,,,0,0,125.033,2.573,0,23.9,,-0.053,19,279,21.149,87.357,0.887,85.712,,,,,0
2026-10-04T12:00Z,2026-10-04T13:00Z,3612964,1,7.1,5.1,,,,h,5.1,,,,0,0,82.866,1.388,0.023,7.7,,-0.29,20,277,25.106,96.947,0.527,115.503,,,,,0
2026-10-04T12:00Z,2026-10-04T15:00Z,3612964,3,6.3,4.6,,,,h,4.6,,,,0,0,138.854,2.611,2.274,7.7,,-0.29,22,277,23.633,97.587,1.503,76.808,,,,,0
2026-10-04T12:00Z,2026-10-04T18:00Z,3612964,6,5.1,3.7,,,,h,3.7,,,,0,0,71.923,0.818,0.16,7.7,,-0.29,1,277,23.189,97.056,0.475,313.892,,,,,0
2026-10-04T12:00Z,2026-10-05T00:00Z,3612964,12,4.7,3.6,,,,h,3.6,,,,0,0,127.254,1.314,0.231,7.7,,-0.29,7,278,23.748,96.39,0.741,60.757,,,,,0
2026-10-04T12:00Z,2026-10-05T12:00Z,3612964,24,3.7,3,,,,h,3,,,,0,0,88.494,1.972,0.698,7.7,,-0.29,19,278,24.038,93.378,0.717,55.417,,,,,0
2026-10-04T12:00Z,2026-10-06T12:00Z,3612964,48,7.4,6.6,,,,h,6.6,,,,0,0,95.84,2.39,1.358,7.7,,-0.29,19,279,23.689,92.621,0.932,75.605,,,,,0
2026-10-04T12:00Z,2026-10-04T13:00Z,3612965,1,7.1,9,,,,h,9,,,,0,0,107.935,2.82,0,25.9,,0.216,20,277,25.967,97.954,1.593,8.359,,,,,0
2026-10-04T12:00Z,2026-10-04T15:00Z,3612965,3,6.7,8.4,,,,h,8.4,,,,0,0,215.869,5.275,0.912,25.9,,0.216,22,277,24.496,99.827,3.238,200.554,,,,,0
2026-10-04T12:00Z,2026-10-04T18:00Z,3612965,6,5.9,7.3,,,,h,7.3,,,,0,0,93.68,1.818,0,25.9,,0.216,1,277,23.664,99.827,1.433,273.716,,,,,0
2026-10-04T12:00Z,2026-10-05T00:00Z,3612965,12,5.5,6.7,,,,h,6.7,,,,0,0,92.399,1.77,1.446,25.9,,0.216,7,278,22.838,98.787,1.398,283.606,,,,,0
2026-10-04T12:00Z,2026-10-05T12:00Z,3612965,24,4.7,5.5,,,,h,5.5,,,,0,0,49.403,1.603,0.023,25.9,,0.216,19,278,24.955,97.882,0.738,332.433,,,,,0
2026-10-04T12:00Z,2026-10-06T12:00Z,3612965,48,5.9,6.5,,,,h,6.5,,,,0,0,97.121,2.491,0.095,25.9,,0.216,19,279,24.542,98.549,2.066,258.771,,,,,0
2026-10-04T12:00Z,2026-10-04T13:00Z,3612966,1,9.5,7.9,,,,h,7.9,,,,0,0,93.168,1.146,0,13,,-0.168,20,277,25.26,95.754,0.589,114.449,,,,,0
2026-10-04T12:00Z,2026-10-04T15:00Z,3612966,3,8.8,7.4,,,,h,7.4,,,,0,0,83.23,1.319,0,13,,-0.168,22,277,24.777,97.477,0.591,124.278,,,,,0
2026-10-04T12:00Z,2026-10-04T18:00Z,3612966,6,3.7,3.1,,,,h,3.1,,,,0,0,64.098,1.355,0,13,,-0.168,1,277,24.303,98.736,0.496,162.069,,,,,0
2026-10-04T12:00Z,2026-10-05T00:00Z,3612966,12,4.6,3.9,,,,h,3.9,,,,0,0,240.185,2.947,0,13,,-0.168,7,278,24.603,93.649,2.084,83.699,,,,,0
2026-10-04T12:00Z,2026-10-05T12:00Z,3612966,24,3.4,3,,,,h,3,,,,0,0.005,307.606,4.081,0.315,13,,-0.168,19,278,24.732,94.331,1.627,45.393,,,,,0
2026-10-04T12:00Z,2026-10-06T12:00Z,3612966,48,17.5,16.4,,,,h,16.4,,,,0,0,590.73,7.615,0,13,,-0.168,19,279,24.081,76.26,4.577,49.542,,,,,0
2026-10-04T12:00Z,2026-10-04T13:00Z,3624137,1,7.2,4.6,,,,h,4.6,,,,0,0.143,35.184,0.456,0.157,4.5,,-0.406,20,277,21.474,97.951,0.277,321.256,,,,,0
2026-10-04T12:00Z,2026-10-04T15:00Z,3624137,3,5.5,3.5,,,,h,3.5,,,,0,0.129,26.326,0.937,0.002,4.5,,-0.406,22,277,20.754,98.343,0.364,94.949,,,,,0
2026-10-04T12:00Z,2026-10-04T18:00Z,3624137,6,4.5,2.9,,,,h,2.9,,,,0,0.147,26.565,0.975,0,4.5,,-0.406,1,277,19.512,99.711,0.715,28.571,,,,,0
2026-10-04T12:00Z,2026-10-05T00:00Z,3624137,12,7.6,5.3,,,,h,5.3,,,,0,0.198,105.143,1.659,0.007,4.5,,-0.406,7,278,20.546,97.557,1.016,34.602,,,,,0
2026-10-04T12:00Z,2026-10-05T12:00Z,3624137,24,6.2,4.7,,,,h,4.7,,,,0,0.174,536.119,4.598,0,4.5,,-0.406,19,278,22.359,87.941,2.491,36.606,,,,,0
2026-10-04T12:00Z,2026-10-06T12:00Z,3624137,48,3,2.5,,,,h,2.5,,,,0,0.006,499.566,4.531,0.008,4.5,,-0.406,19,279,21.533,90.118,2.363,31.371,,,,,0
2026-10-04T12:00Z,2026-10-04T13:00Z,3658671,1,8.3,20.2,,,,h,20.2,,,,0,0,121.251,3.133,0.365,37.5,,0.859,20,277,24.371,98.402,1.604,65.614,,,,,0
2026-10-04T12:00Z,2026-10-04T15:00Z,3658671,3,8.1,19.1,,,,h,19.1,,,,0,0,157.313,3.586,1.047,37.5,,0.859,22,277,23.77,97.438,2.104,81.299,,,,,0
2026-10-04T12:00Z,2026-10-04T18:00Z,3658671,6,7.5,16.9,,,,h,16.9,,,,0,0,110.565,2.068,0,37.5,,0.859,1,277,23.286,97.439,1.1,73.33,,,,,0
2026-10-04T12:00Z,2026-10-05T00:00Z,3658671,12,6.8,14,,,,h,14,,,,0,0,194.929,3.311,0.256,37.5,,0.859,7,278,23.086,95.499,2.343,67.449,,,,,0
2026-10-04T12:00Z,2026-10-05T12:00Z,3658671,24,6,10.7,,,,h,10.7,,,,0,0,223.062,2.838,0.256,37.5,,0.859,19,278,24.134,96.943,1.355,89.102,,,,,0
2026-10-04T12:00Z,2026-10-06T12:00Z,3658671,48,9.5,13.3,,,,h,13.3,,,,0,0,140.755,3.717,1.122,37.5,,0.859,19,279,24.38,82.31,1.829,61.886,,,,,0
2026-10-04T12:00Z,2026-10-04T13:00Z,3663294,1,9.5,11,,,,h,11,,,,0,0,110.519,2.133,0.062,12.4,,0.141,20,277,24.356,97.712,0.958,108.227,,,,,0
2026-10-04T12:00Z,2026-10-04T15:00Z,3663294,3,9.5,10.9,,,,h,10.9,,,,0,0,107.077,2.17,0.006,12.4,,0.141,22,277,23.996,97.701,1.09,119.921,,,,,0
2026-10-04T12:00Z,2026-10-04T18:00Z,3663294,6,5.3,6.1,,,,h,6.1,,,,0,0.001,57.915,1.318,0.028,12.4,,0.141,1,277,23.503,98.426,0.511,152.748,,,,,0
2026-10-04T12:00Z,2026-10-05T00:00Z,3663294,12,4.5,5.1,,,,h,5.1,,,,0,0.004,161.273,2.338,0.051,12.4,,0.141,7,278,23.786,96.821,1.422,86.893,,,,,0
2026-10-04T12:00Z,2026-10-05T12:00Z,3663294,24,3.6,4,,,,h,4,,,,0,0.024,462.453,5.165,0.339,12.4,,0.141,19,278,24.646,93.127,2.546,32.176,,,,,0
2026-10-04T12:00Z,2026-10-06T12:00Z,3663294,48,12.5,13.2,,,,h,13.2,,,,0,0.002,579.84,6.568,0.025,12.4,,0.141,19,279,24.219,83.692,3.731,36.759,,,,,0
2026-10-04T12:00Z,2026-10-04T13:00Z,3683630,1,7.3,18.3,,,,h,18.3,,,,0,0.062,44.137,0.796,0,36.4,,0.877,20,277,22.418,98.461,0.354,149.973,,,,,0
2026-10-04T12:00Z,2026-10-04T15:00Z,3683630,3,5.3,13.1,,,,h,13.1,,,,0,0.06,46.005,1.355,0,36.4,,0.877,22,277,21.619,99.431,0.573,113.695,,,,,0
2026-10-04T12:00Z,2026-10-04T18:00Z,3683630,6,4,9.7,,,,h,9.7,,,,0,0.071,28.704,0.848,0,36.4,,0.877,1,277,20.595,99.621,0.616,24.4,,,,,0
2026-10-04T12:00Z,2026-10-05T00:00Z,3683630,12,6.9,14.4,,,,h,14.4,,,,0,0.084,120.794,1.752,0.04,36.4,,0.877,7,278,21.393,97.458,0.981,38.589,,,,,0
2026-10-04T12:00Z,2026-10-05T12:00Z,3683630,24,3.4,6.4,,,,h,6.4,,,,0,0.079,554.69,5.031,0.005,36.4,,0.877,19,278,22.811,90.676,2.717,32.611,,,,,0
2026-10-04T12:00Z,2026-10-06T12:00Z,3683630,48,3.9,5.7,,,,h,5.7,,,,0,0.003,568.555,5.107,0.019,36.4,,0.877,19,279,22.219,89.226,2.669,29.687,,,,,0
2026-10-04T12:00Z,2026-10-04T13:00Z,3684608,1,9.5,18.5,,,,h,18.5,,,,0,0,134.734,3.547,0.442,34.1,,0.647,20,277,24.336,98.032,1.864,65.462,,,,,0
2026-10-04T12:00Z,2026-10-04T15:00Z,3684608,3,8.7,16.6,,,,h,16.6,,,,0,0,160.339,3.717,1.161,34.1,,0.647,22,277,23.756,97.08,2.168,80.233,,,,,0
2026-10-04T12:00Z,2026-10-04T18:00Z,3684608,6,6.7,12.5,,,,h,12.5,,,,0,0,121.287,2.35,0,34.1,,0.647,1,277,23.34,97.09,1.225,74.113,,,,,0
2026-10-04T12:00Z,2026-10-05T00:00Z,3684608,12,5.1,9,,,,h,9,,,,0,0,212.742,3.7,0.312,34.1,,0.647,7,278,23.034,95.173,2.6,67.121,,,,,0
2026-10-04T12:00Z,2026-10-05T12:00Z,3684608,24,6.2,9.6,,,,h,9.6,,,,0,0,200.595,2.861,0.291,34.1,,0.647,19,278,24.182,96.495,1.412,83.077,,,,,0
2026-10-04T12:00Z,2026-10-06T12:00Z,3684608,48,10,12.9,,,,h,12.9,,,,0,0,160.17,4.266,0.834,34.1,,0.647,19,279,24.719,79.157,2.025,62.724,,,,,0
2026-10-04T12:00Z,2026-10-04T13:00Z,3684609,1,8.8,8.8,,,,h,8.8,,,,0,0.001,54.977,1.18,0,,,0,20,277,21.675,98.781,0.375,126.51,,,,,0
2026-10-04T12:00Z,2026-10-04T15:00Z,3684609,3,5.3,5.3,,,,h,5.3,,,,0,0.001,97.062,1.341,3.686,,,0,22,277,20.642,98.59,0.365,133.019,,,,,0
2026-10-04T12:00Z,2026-10-04T18:00Z,3684609,6,4.8,4.8,,,,h,4.8,,,,0,0.002,86.631,1.172,0.65,,,0,1,277,19.995,99,0.585,65.428,,,,,0
2026-10-04T12:00Z,2026-10-05T00:00Z,3684609,12,2,2,,,,h,2,,,,0,0.001,154.526,1.387,1.626,,,0,7,278,19.423,99,0.71,54.732,,,,,0
2026-10-04T12:00Z,2026-10-05T12:00Z,3684609,24,3.4,3.4,,,,h,3.4,,,,0,0,66.816,2.123,0.109,,,0,19,278,20.405,97.165,0.853,53.803,,,,,0
2026-10-04T12:00Z,2026-10-06T12:00Z,3684609,48,10.6,10.6,,,,h,10.6,,,,0,0,30.133,1.932,0,,,0,19,279,21.171,78.742,0.474,85.028,,,,,0
2026-10-04T12:00Z,2026-10-04T13:00Z,3684610,1,9.1,7.3,,,,h,7.3,,,,0,0.002,48.77,2.073,0,11.2,,-0.206,20,277,22.821,97.275,0.925,142.271,,,,,0
2026-10-04T12:00Z,2026-10-04T15:00Z,3684610,3,8.7,7,,,,h,7,,,,0,0.003,91.284,2.043,2.156,11.2,,-0.206,22,277,21.391,98.018,1.021,63.066,,,,,0
2026-10-04T12:00Z,2026-10-04T18:00Z,3684610,6,2,1.5,,,,h,1.5,,,,0,0.005,74.943,1.769,0.377,11.2,,-0.206,1,277,20.829,99.799,1.058,134.989,,,,,0
2026-10-04T12:00Z,2026-10-05T00:00Z,3684610,12,1.9,1.5,,,,h,1.5,,,,0,0.001,152.591,2.654,0.139,11.2,,-0.206,7,278,19.79,98.771,1.551,70.431,,,,,0
2026-10-04T12:00Z,2026-10-05T12:00Z,3684610,24,5.1,4.4,,,,h,4.4,,,,0,0,47.081,1.714,0.07,11.2,,-0.206,19,278,21.577,98.355,0.632,73.049,,,,,0
2026-10-04T12:00Z,2026-10-06T12:00Z,3684610,48,6.3,5.8,,,,h,5.8,,,,0,0,32.394,1,0.082,11.2,,-0.206,19,279,21.209,98.269,0.252,36.362,,,,,0
2026-10-04T12:00Z,2026-10-04T13:00Z,3684611,1,7.8,19.8,,,,h,19.8,,,,0,0.006,57.301,1.421,0,10.4,,0.897,20,277,24.054,98.866,0.564,110.28,,,,,0
2026-10-04T12:00Z,2026-10-04T15:00Z,3684611,3,8.6,20.9,,,,h,20.9,,,,0,0.007,62.882,1.652,0,10.4,,0.897,22,277,23.597,98.976,0.624,106.032,,,,,0
2026-10-04T12:00Z,2026-10-04T18:00Z,3684611,6,6.5,15.3,,,,h,15.3,,,,0,0.011,31.008,0.602,0,10.4,,0.897,1,277,23.035,99.022,0.369,61.172,,,,,0
2026-10-04T12:00Z,2026-10-05T00:00Z,3684611,12,3.7,8.3,,,,h,8.3,,,,0,0.019,196.779,3.192,0.047,10.4,,0.897,7,278,23.441,95.319,1.581,48.922,,,,,0
2026-10-04T12:00Z,2026-10-05T12:00Z,3684611,24,4,7.5,,,,h,7.5,,,,0,0.015,561.392,6.638,0.001,10.4,,0.897,19,278,23.751,86.335,3.624,35.521,,,,,0
2026-10-04T12:00Z,2026-10-06T12:00Z,3684611,48,16.2,22.8,,,,h,22.8,,,,0,0,656.293,6.864,0.005,10.4,,0.897,19,279,22.848,85.49,3.739,33.388,,,,,0
2026-10-04T12:00Z,2026-10-04T13:00Z,3685146,1,12.2,18.5,,,,h,18.5,,,,0,0.001,73.743,2.136,0.032,31,,0.406,20,277,22.361,94.602,0.661,159.245,,,,,0
2026-10-04T12:00Z,2026-10-04T15:00Z,3685146,3,7.5,11.3,,,,h,11.3,,,,0,0.001,46.562,1.172,1.091,31,,0.406,22,277,21.047,97.712,0.628,129.46,,,,,0
2026-10-04T12:00Z,2026-10-04T18:00Z,3685146,6,3.3,5.1,,,,h,5.1,,,,0,0,56.233,1.396,0.008,31,,0.406,1,277,20.162,99.038,0.903,22.135,,,,,0
2026-10-04T12:00Z,2026-10-05T00:00Z,3685146,12,3.2,4.7,,,,h,4.7,,,,0,0,170.224,2.281,0.614,31,,0.406,7,278,19.77,98.058,1.313,44.187,,,,,0
2026-10-04T12:00Z,2026-10-05T12:00Z,3685146,24,3,4.1,,,,h,4.1,,,,0,0,120.361,2.871,0.331,31,,0.406,19,278,21.271,98.038,1.1,62.997,,,,,0
2026-10-04T12:00Z,2026-10-06T12:00Z,3685146,48,10.1,11.8,,,,h,11.8,,,,0,0,65.382,3.383,0,31,,0.406,19,279,20.94,81.579,1.28,48.855,,,,,0
2026-10-04T12:00Z,2026-10-04T13:00Z,3685147,1,10.7,11.9,,,,h,11.9,,,,0,0.001,183.169,2.223,0.978,,,0.104,20,277,20.929,96.957,1.217,193.683,,,,,0
2026-10-04T12:00Z,2026-10-04T15:00Z,3685147,3,4.2,4.7,,,,h,4.7,,,,0,0.001,77.538,0.788,0.041,,,0.104,22,277,20.17,98.926,0.341,203.782,,,,,0
2026-10-04T12:00Z,2026-10-04T18:00Z,3685147,6,2.1,2.4,,,,h,2.4,,,,0,0,27.217,0.589,0,,,0.104,1,277,19.432,99.924,0.152,137.094,,,,,0
2026-10-04T12:00Z,2026-10-05T00:00Z,3685147,12,4.3,4.7,,,,h,4.7,,,,0,0,161.549,2.047,0.036,,,0.104,7,278,18.905,98.361,1.079,51.018,,,,,0
2026-10-04T12:00Z,2026-10-05T12:00Z,3685147,24,4,4.3,,,,h,4.3,,,,0,0,98.902,1.542,0.884,,,0.104,19,278,20.354,97.086,0.4,57.613,,,,,0
2026-10-04T12:00Z,2026-10-06T12:00Z,3685147,48,8,8.3,,,,h,8.3,,,,0,0,140.901,2.915,0,,,0.104,19,279,21.529,79.499,1.015,40.362,,,,,0
2026-10-04T12:00Z,2026-10-04T13:00Z,3685149,1,14,10.9,,,,h,10.9,,,,0,0.001,85.38,1.157,0.575,12.6,,-0.244,20,277,24.653,97.453,0.291,107.319,,,,,0
2026-10-04T12:00Z,2026-10-04T15:00Z,3685149,3,10.1,7.9,,,,h,7.9,,,,0,0.001,114.914,1.256,0.057,12.6,,-0.244,22,277,24.294,98.162,0.717,98.273,,,,,0
2026-10-04T12:00Z,2026-10-04T18:00Z,3685149,6,7.5,5.9,,,,h,5.9,,,,0,0.002,95.4,1.664,0.134,12.6,,-0.244,1,277,23.595,98.052,0.799,140.083,,,,,0
2026-10-04T12:00Z,2026-10-05T00:00Z,3685149,12,6.1,4.9,,,,h,4.9,,,,0,0.01,136.949,1.983,0.015,12.6,,-0.244,7,278,23.758,97.251,1.257,136.567,,,,,0
2026-10-04T12:00Z,2026-10-05T12:00Z,3685149,24,5.8,4.9,,,,h,4.9,,,,0,0.056,283.233,2.23,0.719,12.6,,-0.244,19,278,25.541,95.211,1.021,324.274,,,,,0
2026-10-04T12:00Z,2026-10-06T12:00Z,3685149,48,3.4,3,,,,h,3,,,,0,0.009,225.521,2.471,0.23,12.6,,-0.244,19,279,24.874,92.401,1.33,15.829,,,,,0
2026-10-04T12:00Z,2026-10-04T13:00Z,3685150,1,9.2,7.1,,,,h,7.1,,,,0,0.004,89.183,0.075,0.696,12.4,,-0.238,20,277,25.026,96.514,0.395,9.81,,,,,0
2026-10-04T12:00Z,2026-10-04T15:00Z,3685150,3,7.7,6,,,,h,6,,,,0,0.002,110.615,0.945,0.241,12.4,,-0.238,22,277,24.346,98.576,0.593,65.934,,,,,0
2026-10-04T12:00Z,2026-10-04T18:00Z,3685150,6,5.6,4.4,,,,h,4.4,,,,0,0.004,110.685,1.964,0.19,12.4,,-0.238,1,277,23.649,98.651,0.974,128.513,,,,,0
2026-10-04T12:00Z,2026-10-05T00:00Z,3685150,12,5,4,,,,h,4,,,,0,0.013,143.735,2.032,0,12.4,,-0.238,7,278,23.81,97.183,1.302,139.276,,,,,0
2026-10-04T12:00Z,2026-10-05T12:00Z,3685150,24,4.7,3.9,,,,h,3.9,,,,0,0.078,152.614,2.342,0.574,12.4,,-0.238,19,278,26.245,95.097,1.238,274.772,,,,,0
2026-10-04T12:00Z,2026-10-06T12:00Z,3685150,48,3,2.7,,,,h,2.7,,,,0,0.016,87.912,1.364,0.257,12.4,,-0.238,19,279,25.289,94.837,0.631,350.466,,,,,0
2026-10-04T12:00Z,2026-10-04T13:00Z,3685151,1,14,25.6,,,,h,25.6,,,,0,0.002,79.262,0.978,0.689,27.5,,0.599,20,277,24.648,97.481,0.252,110.057,,,,,0
2026-10-04T12:00Z,2026-10-04T15:00Z,3685151,3,10.1,18.3,,,,h,18.3,,,,0,0.001,110.299,1.047,0.069,27.5,,0.599,22,277,24.299,98.316,0.623,92.78,,,,,0
2026-10-04T12:00Z,2026-10-04T18:00Z,3685151,6,7.5,13.3,,,,h,13.3,,,,0,0.003,98.464,1.719,0.122,27.5,,0.599,1,277,23.582,98.161,0.834,137.385,,,,,0
2026-10-04T12:00Z,2026-10-05T00:00Z,3685151,12,6.1,10.2,,,,h,10.2,,,,0,0.011,131.78,2.007,0.008,27.5,,0.599,7,278,23.724,97.374,1.285,143.99,,,,,0
2026-10-04T12:00Z,2026-10-05T12:00Z,3685151,24,5.8,8.7,,,,h,8.7,,,,0,0.066,236.974,2.295,0.643,27.5,,0.599,19,278,25.73,95.699,1.129,301.137,,,,,0
2026-10-04T12:00Z,2026-10-06T12:00Z,3685151,48,3.4,4.5,,,,h,4.5,,,,0,0.01,163.328,1.823,0.276,27.5,,0.599,19,279,24.928,93.663,0.963,6.136,,,,,0
2026-10-04T12:00Z,2026-10-04T13:00Z,3685152,1,9.2,4,,,,h,4,,,,0,0.005,99.303,0.505,0.607,5.6,,-0.747,20,277,25.272,95.927,0.573,309.717,,,,,0
2026-10-04T12:00Z,2026-10-04T15:00Z,3685152,3,7.7,3.4,,,,h,3.4,,,,0,0.002,114.774,1.065,0.334,5.6,,-0.747,22,277,24.383,98.619,0.683,58.779,,,,,0
2026-10-04T12:00Z,2026-10-04T18:00Z,3685152,6,5.6,2.5,,,,h,2.5,,,,0,0.004,116.414,2.069,0.261,5.6,,-0.747,1,277,23.702,98.843,1.037,124.956,,,,,0
2026-10-04T12:00Z,2026-10-05T00:00Z,3685152,12,5,2.4,,,,h,2.4,,,,0,0.013,154.85,2.071,0,5.6,,-0.747,7,278,23.892,96.987,1.331,131.145,,,,,0
2026-10-04T12:00Z,2026-10-05T12:00Z,3685152,24,4.7,2.7,,,,h,2.7,,,,0,0.075,138.656,2.082,0.633,5.6,,-0.747,19,278,26.399,94.373,1.07,272.216,,,,,0
2026-10-04T12:00Z,2026-10-06T12:00Z,3685152,48,3,2.1,,,,h,2.1,,,,0,0.018,87.509,1.499,0.209,5.6,,-0.747,19,279,25.48,94.743,0.685,353.532,,,,,0
2026-10-04T12:00Z,2026-10-04T13:00Z,3714636,1,10.3,5.3,,,,h,5.3,,,,0,0.001,137.891,2.41,0.436,7.3,,-0.605,20,277,20.687,97.117,1.185,159.629,,,,,0
2026-10-04T12:00Z,2026-10-04T15:00Z,3714636,3,8.1,4.2,,,,h,4.2,,,,0,0,64.376,0.827,0,7.3,,-0.605,22,277,19.791,98.85,0.314,182.981,,,,,0
2026-10-04T12:00Z,2026-10-04T18:00Z,3714636,6,0.9,0.1,,,,h,0.1,,,,0,0,36.129,1.496,0,7.3,,-0.605,1,277,18.889,99.651,0.825,144.119,,,,,0
2026-10-04T12:00Z,2026-10-05T00:00Z,3714636,12,4.4,2.4,,,,h,2.4,,,,0,0,139.091,2.099,0.312,7.3,,-0.605,7,278,18.615,98,1.272,78.448,,,,,0
2026-10-04T12:00Z,2026-10-05T12:00Z,3714636,24,2.9,1.7,,,,h,1.7,,,,0,0,119.94,2.455,0.274,7.3,,-0.605,19,278,19.843,97.736,0.952,70.234,,,,,0
2026-10-04T12:00Z,2026-10-06T12:00Z,3714636,48,8.5,6.6,,,,h,6.6,,,,0,0,131.801,3.758,0,7.3,,-0.605,19,279,20.16,82.652,1.415,45.818,,,,,0
2026-10-04T12:00Z,2026-10-04T13:00Z,3714637,1,11.1,3.2,,,,h,3.2,,,,0,0.001,192.329,3.397,1.247,3.4,,-1.112,20,277,21.352,98.535,1.773,99.594,,,,,0
2026-10-04T12:00Z,2026-10-04T15:00Z,3714637,3,8.1,2.3,,,,h,2.3,,,,0,0.001,61.35,0.548,0.113,3.4,,-1.112,22,277,20.522,99.358,0.184,156.304,,,,,0
2026-10-04T12:00Z,2026-10-04T18:00Z,3714637,6,4.6,1.1,,,,h,1.1,,,,0,0.001,52.837,1.152,0,3.4,,-1.112,1,277,20.078,99.535,0.595,117.275,,,,,0
2026-10-04T12:00Z,2026-10-05T00:00Z,3714637,12,4.5,1.4,,,,h,1.4,,,,0,0,189.716,2.755,0.135,3.4,,-1.112,7,278,19.715,97.893,1.529,57.137,,,,,0
2026-10-04T12:00Z,2026-10-05T12:00Z,3714637,24,4.5,1.8,,,,h,1.8,,,,0,0,108.502,2.749,0.143,3.4,,-1.112,19,278,20.979,98.907,1.363,60.349,,,,,0
2026-10-04T12:00Z,2026-10-06T12:00Z,3714637,48,8.2,5.2,,,,h,5.2,,,,0,0,63.497,2.441,0,3.4,,-1.112,19,279,22.122,85.539,0.795,59.909,,,,,0
2026-10-04T12:00Z,2026-10-04T13:00Z,3714638,1,7,4.1,,,,h,4.1,,,,0,0,126.951,2.704,1.912,11.2,,-0.479,20,277,21.919,99.289,1.6,47.392,,,,,0
2026-10-04T12:00Z,2026-10-04T15:00Z,3714638,3,7.1,4.2,,,,h,4.2,,,,0,0,71.041,1.396,0.271,11.2,,-0.479,22,277,21.756,99,0.914,255.088,,,,,0
2026-10-04T12:00Z,2026-10-04T18:00Z,3714638,6,2.1,1,,,,h,1,,,,0,0,144.366,1.962,0.232,11.2,,-0.479,1,277,21.027,98.481,1.217,345.31,,,,,0
2026-10-04T12:00Z,2026-10-05T00:00Z,3714638,12,2.6,1.5,,,,h,1.5,,,,0,0,135.416,1.7,0.101,11.2,,-0.479,7,278,21.492,96.949,1.012,17.508,,,,,0
2026-10-04T12:00Z,2026-10-05T12:00Z,3714638,24,6.2,4.4,,,,h,4.4,,,,0,0,42.603,0.446,0.922,11.2,,-0.479,19,278,21.855,97.554,0.095,55.672,,,,,0
2026-10-04T12:00Z,2026-10-06T12:00Z,3714638,48,8.4,6.9,,,,h,6.9,,,,0,0,39.28,0.494,0.004,11.2,,-0.479,19,279,22.269,94.471,0.342,329.401,,,,,0
2026-10-04T12:00Z,2026-10-04T13:00Z,3714639,1,10.3,7.3,,,,h,7.3,,,,0,0,74.419,2.429,0.361,19,,-0.327,20,277,19.38,99.34,1.209,93.748,,,,,0
2026-10-04T12:00Z,2026-10-04T15:00Z,3714639,3,7.5,5.3,,,,h,5.3,,,,0,0.001,44.981,1.589,0.092,19,,-0.327,22,277,19.253,98.077,0.48,198.377,,,,,0
2026-10-04T12:00Z,2026-10-04T18:00Z,3714639,6,1.8,1.1,,,,h,1.1,,,,0,0,83.517,2.459,0.054,19,,-0.327,1,277,18.406,98.538,1.3,153.835,,,,,0
2026-10-04T12:00Z,2026-10-05T00:00Z,3714639,12,3.9,2.8,,,,h,2.8,,,,0,0,102.079,1.201,0.06,19,,-0.327,7,278,18.765,98.477,0.796,67.084,,,,,0
2026-10-04T12:00Z,2026-10-05T12:00Z,3714639,24,2.6,2,,,,h,2,,,,0,0,58.425,1.811,0.136,19,,-0.327,19,278,19.03,98.898,0.772,88.744,,,,,0
2026-10-04T12:00Z,2026-10-06T12:00Z,3714639,48,8.2,7.2,,,,h,7.2,,,,0,0,35.702,1.587,0,19,,-0.327,19,279,18.841,92.952,0.418,75.816,,,,,0
2026-10-04T12:00Z,2026-10-04T13:00Z,3714641,1,9.5,17.8,,,,h,17.8,,,,0,0,107.469,2.44,0.004,16.9,,0.606,20,277,24.083,98.722,1.139,110.25,,,,,0
2026-10-04T12:00Z,2026-10-04T15:00Z,3714641,3,9.5,17.3,,,,h,17.3,,,,0,0.001,97.716,2.416,0,16.9,,0.606,22,277,23.709,98.238,1.229,122.304,,,,,0
2026-10-04T12:00Z,2026-10-04T18:00Z,3714641,6,5.3,9.6,,,,h,9.6,,,,0,0.003,38.151,1.093,0.001,16.9,,0.606,1,277,23.233,98.742,0.445,151.043,,,,,0
2026-10-04T12:00Z,2026-10-05T00:00Z,3714641,12,4.5,7.7,,,,h,7.7,,,,0,0.009,128.318,2.202,0.074,16.9,,0.606,7,278,23.532,97.727,1.215,81.136,,,,,0
2026-10-04T12:00Z,2026-10-05T12:00Z,3714641,24,3.6,5.6,,,,h,5.6,,,,0,0.03,500.57,5.941,0.13,16.9,,0.606,19,278,24.483,92.526,3.019,35.683,,,,,0
2026-10-04T12:00Z,2026-10-06T12:00Z,3714641,48,12.5,15.8,,,,h,15.8,,,,0,0.002,593.282,6.516,0.002,16.9,,0.606,19,279,23.935,85.236,3.587,36.123,,,,,0
2026-10-04T12:00Z,2026-10-04T13:00Z,3714642,1,12,12,,,,h,12,,,,0,0.002,77.704,0.985,0.706,,,0,20,277,24.598,97.599,0.272,112.157,,,,,0
2026-10-04T12:00Z,2026-10-04T15:00Z,3714642,3,8,8,,,,h,8,,,,0,0.001,106.292,1.005,0.071,,,0,22,277,24.253,98.406,0.6,94.028,,,,,0
2026-10-04T12:00Z,2026-10-04T18:00Z,3714642,6,3.8,3.8,,,,h,3.8,,,,0,0.004,95.448,1.701,0.104,,,0,1,277,23.545,98.28,0.824,136.43,,,,,0
2026-10-04T12:00Z,2026-10-05T00:00Z,3714642,12,4.6,4.6,,,,h,4.6,,,,0,0.013,128.325,1.95,0.01,,,0,7,278,23.686,97.479,1.243,143.987,,,,,0
2026-10-04T12:00Z,2026-10-05T12:00Z,3714642,24,4.5,4.5,,,,h,4.5,,,,0,0.071,229.113,2.222,0.552,,,0,19,278,25.747,95.751,1.087,299.323,,,,,0
2026-10-04T12:00Z,2026-10-06T12:00Z,3714642,48,2.6,2.6,,,,h,2.6,,,,0,0.011,159.395,1.75,0.282,,,0,19,279,24.881,93.758,0.939,6.367,,,,,0
2026-10-04T12:00Z,2026-10-04T13:00Z,3714643,1,7.5,12.3,,,,h,12.3,,,,0,0.009,70.836,0.69,0.765,15.1,,0.465,20,277,23.635,98.106,0.136,74.735,,,,,0
2026-10-04T12:00Z,2026-10-04T15:00Z,3714643,3,7.6,12.2,,,,h,12.2,,,,0,0.012,68.35,0.787,0.064,15.1,,0.465,22,277,23.432,97.792,0.387,98.556,,,,,0
2026-10-04T12:00Z,2026-10-04T18:00Z,3714643,6,1.5,2.7,,,,h,2.7,,,,0,0.023,63.415,1.394,0,15.1,,0.465,1,277,22.679,99.04,0.586,128.564,,,,,0
2026-10-04T12:00Z,2026-10-05T00:00Z,3714643,12,6.2,9.3,,,,h,9.3,,,,0,0.042,97.219,1.25,0.014,15.1,,0.465,7,278,22.976,98.281,0.764,135.095,,,,,0
2026-10-04T12:00Z,2026-10-05T12:00Z,3714643,24,3.4,4.8,,,,h,4.8,,,,0,0.189,243.896,1.445,0,15.1,,0.465,19,278,25.303,92.625,0.41,329.588,,,,,0
2026-10-04T12:00Z,2026-10-06T12:00Z,3714643,48,2,2.5,,,,h,2.5,,,,0,0.015,156.38,1.809,0.256,15.1,,0.465,19,279,23.931,94.371,1.019,19.744,,,,,0
2026-10-04T12:00Z,2026-10-04T13:00Z,3714644,1,9.2,13.3,,,,h,13.3,,,,0,0.004,80.514,0.123,0.843,16.9,,0.355,20,277,24.775,96.976,0.465,167.887,,,,,0
2026-10-04T12:00Z,2026-10-04T15:00Z,3714644,3,7.7,11.1,,,,h,11.1,,,,0,0.003,96.333,0.712,0.228,16.9,,0.355,22,277,24.181,98.865,0.458,60.695,,,,,0
2026-10-04T12:00Z,2026-10-04T18:00Z,3714644,6,5.6,8,,,,h,8,,,,0,0.007,100.973,1.954,0.049,16.9,,0.355,1,277,23.523,98.977,0.964,128.506,,,,,0
2026-10-04T12:00Z,2026-10-05T00:00Z,3714644,12,5,6.9,,,,h,6.9,,,,0,0.019,127.519,1.876,0,16.9,,0.355,7,278,23.66,97.56,1.196,146.558,,,,,0
2026-10-04T12:00Z,2026-10-05T12:00Z,3714644,24,4.7,6,,,,h,6,,,,0,0.112,110.3,2.652,0.169,16.9,,0.355,19,278,26.377,95.651,1.512,262.564,,,,,0
2026-10-04T12:00Z,2026-10-06T12:00Z,3714644,48,3,3.5,,,,h,3.5,,,,0,0.018,49.895,0.893,0.319,16.9,,0.355,19,279,25.097,95.442,0.391,335.165,,,,,0
2026-10-04T12:00Z,2026-10-04T13:00Z,3714646,1,10.3,8.3,,,,h,8.3,,,,0,0.086,87.688,2.681,0.775,6.2,,-0.203,20,277,22.499,97.289,1.028,358.548,,,,,0
2026-10-04T12:00Z,2026-10-04T15:00Z,3714646,3,5.9,4.7,,,,h,4.7,,,,0,0.089,58.893,1.368,0.263,6.2,,-0.203,22,277,22.507,94.283,0.406,101.166,,,,,0
2026-10-04T12:00Z,2026-10-04T18:00Z,3714646,6,3.9,3.1,,,,h,3.1,,,,0,0.118,29.923,1.078,0,6.2,,-0.203,1,277,21.679,99.032,0.117,142.269,,,,,0
2026-10-04T12:00Z,2026-10-05T00:00Z,3714646,12,5.4,4.5,,,,h,4.5,,,,0,0.175,95.952,1.09,0,6.2,,-0.203,7,278,22.304,98.299,0.694,83.404,,,,,0
2026-10-04T12:00Z,2026-10-05T12:00Z,3714646,24,10.4,9.1,,,,h,9.1,,,,0,0.768,332.591,3.053,0.016,6.2,,-0.203,19,278,24.658,81.766,1.557,39.831,,,,,0
2026-10-04T12:00Z,2026-10-06T12:00Z,3714646,48,5.3,4.9,,,,h,4.9,,,,0,0.031,149.86,3.026,0.056,6.2,,-0.203,19,279,22.835,93.812,1.438,41.647,,,,,0
2026-10-04T12:00Z,2026-10-04T13:00Z,3733065,1,14.3,5.5,,,,h,5.5,,,,0,0.007,157.739,2.944,0.299,4.1,,-0.891,20,277,26.301,92.868,1.764,300.41,,,,,0
2026-10-04T12:00Z,2026-10-04T15:00Z,3733065,3,13.3,5.3,,,,h,5.3,,,,0,0.004,136.439,1.859,0.857,4.1,,-0.891,22,277,24.34,98.985,1.296,35.668,,,,,0
2026-10-04T12:00Z,2026-10-04T18:00Z,3733065,6,11.4,4.7,,,,h,4.7,,,,0,0.007,137.94,2.764,0.27,4.1,,-0.891,1,277,23.881,99.932,1.446,119.83,,,,,0
2026-10-04T12:00Z,2026-10-05T00:00Z,3733065,12,10.6,4.9,,,,h,4.9,,,,0,0.05,192.582,2.455,0,4.1,,-0.891,7,278,24.182,96.18,1.665,105.18,,,,,0
2026-10-04T12:00Z,2026-10-05T12:00Z,3733065,24,8.3,4.5,,,,h,4.5,,,,0,0.08,42.611,1.112,0.362,4.1,,-0.891,19,278,27.494,90.355,0.504,232.996,,,,,0
2026-10-04T12:00Z,2026-10-06T12:00Z,3733065,48,9.9,6.9,,,,h,6.9,,,,0,0.027,57.769,1.783,0.017,4.1,,-0.891,19,279,26.299,94.363,0.751,7.326,,,,,0
2026-10-04T12:00Z,2026-10-04T13:00Z,3783738,1,9.2,9.2,,,,h,9.2,,,,0,0.001,41.124,0.563,0,,,0,20,277,25.233,97.235,0.264,139.782,,,,,0
2026-10-04T12:00Z,2026-10-04T15:00Z,3783738,3,8.1,8.1,,,,h,8.1,,,,0,0.001,39.648,0.741,0,,,0,22,277,24.59,99.251,0.197,108.134,,,,,0
2026-10-04T12:00Z,2026-10-04T18:00Z,3783738,6,4.4,4.4,,,,h,4.4,,,,0,0.001,32.898,0.393,0,,,0,1,277,24.016,99.457,0.231,126.836,,,,,0
2026-10-04T12:00Z,2026-10-05T00:00Z,3783738,12,4.6,4.6,,,,h,4.6,,,,0,0.001,223.753,2.834,0.005,,,0,7,278,24.373,93.132,1.68,66.757,,,,,0
2026-10-04T12:00Z,2026-10-05T12:00Z,3783738,24,2.5,2.5,,,,h,2.5,,,,0,0.003,300.281,4.273,0.052,,,0,19,278,24.314,90.762,1.929,50.795,,,,,0
2026-10-04T12:00Z,2026-10-06T12:00Z,3783738,48,20,20,,,,h,20,,,,0,0,516.113,6.362,0,,,0,19,279,23.058,80.42,3.608,52.398,,,,,0
2026-10-04T12:00Z,2026-10-04T13:00Z,3891934,1,14.1,22.2,,,,h,22.2,,,,0,0.001,87.563,1.762,0,16.6,,0.449,20,277,23.887,95.047,0.775,138.656,,,,,0
2026-10-04T12:00Z,2026-10-04T15:00Z,3891934,3,15.3,23.6,,,,h,23.6,,,,0,0.001,38.872,0.382,0,16.6,,0.449,22,277,23.335,97.508,0.327,19.896,,,,,0
2026-10-04T12:00Z,2026-10-04T18:00Z,3891934,6,12.8,19.3,,,,h,19.3,,,,0,0.006,101.676,1.796,0.264,16.6,,0.449,1,277,22.484,98.935,0.731,128.308,,,,,0
2026-10-04T12:00Z,2026-10-05T00:00Z,3891934,12,5.6,8.3,,,,h,8.3,,,,0,0.003,108.046,1.181,0,16.6,,0.449,7,278,22.249,95.443,0.81,306.95,,,,,0
2026-10-04T12:00Z,2026-10-05T12:00Z,3891934,24,14.5,19.2,,,,h,19.2,,,,0,0,49.771,0.702,0.051,16.6,,0.449,19,278,23.879,94.333,0.076,17.293,,,,,0
2026-10-04T12:00Z,2026-10-06T12:00Z,3891934,48,13.1,15.6,,,,h,15.6,,,,0,0,83.024,0.969,2.006,16.6,,0.449,19,279,22.173,97.094,0.714,348.366,,,,,0
2026-10-04T12:00Z,2026-10-04T13:00Z,3892436,1,14.1,27.6,,,,h,27.6,,,,0,0.001,88.065,1.784,0,21.1,,0.665,20,277,24.048,94.883,0.785,136.887,,,,,0
2026-10-04T12:00Z,2026-10-04T15:00Z,3892436,3,15.3,29.1,,,,h,29.1,,,,0,0.002,39.13,0.402,0,21.1,,0.665,22,277,23.495,97.438,0.33,21.037,,,,,0
2026-10-04T12:00Z,2026-10-04T18:00Z,3892436,6,12.8,23.5,,,,h,23.5,,,,0,0.007,107.466,1.859,0.278,21.1,,0.665,1,277,22.656,98.868,0.782,130.593,,,,,0
2026-10-04T12:00Z,2026-10-05T00:00Z,3892436,12,5.6,10,,,,h,10,,,,0,0.003,109.657,1.165,0,21.1,,0.665,7,278,22.42,95.306,0.79,304.612,,,,,0
2026-10-04T12:00Z,2026-10-05T12:00Z,3892436,24,14.5,22,,,,h,22,,,,0,0,53.357,0.746,0.058,21.1,,0.665,19,278,24.056,94.133,0.125,25.182,,,,,0
2026-10-04T12:00Z,2026-10-06T12:00Z,3892436,48,13.1,16.9,,,,h,16.9,,,,0,0,84.265,1.026,2.038,21.1,,0.665,19,279,22.304,96.996,0.765,341.814,,,,,0
2026-10-04T12:00Z,2026-10-04T13:00Z,3892437,1,14.1,29.2,,,,h,29.2,,,,0,0.001,93.216,2.001,0,22.4,,0.722,20,277,24.18,94.652,0.915,136.405,,,,,0
2026-10-04T12:00Z,2026-10-04T15:00Z,3892437,3,15.3,30.7,,,,h,30.7,,,,0,0.002,40.877,0.429,0,22.4,,0.722,22,277,23.652,97.317,0.326,25.999,,,,,0
2026-10-04T12:00Z,2026-10-04T18:00Z,3892437,6,12.8,24.7,,,,h,24.7,,,,0,0.007,109.833,1.816,0.252,22.4,,0.722,1,277,22.821,98.85,0.792,126.61,,,,,0
2026-10-04T12:00Z,2026-10-05T00:00Z,3892437,12,5.6,10.4,,,,h,10.4,,,,0,0.003,116.207,1.235,0,22.4,,0.722,7,278,22.599,95.166,0.834,303.222,,,,,0
2026-10-04T12:00Z,2026-10-05T12:00Z,3892437,24,14.5,22.8,,,,h,22.8,,,,0,0,52.19,0.756,0.054,22.4,,0.722,19,278,24.244,93.83,0.13,24.838,,,,,0
2026-10-04T12:00Z,2026-10-06T12:00Z,3892437,48,13.1,17.3,,,,h,17.3,,,,0,0,85.663,1.102,2.211,22.4,,0.722,19,279,22.411,96.948,0.837,339.613,,,,,0
2026-10-04T12:00Z,2026-10-04T13:00Z,3998818,1,9.5,19.1,,,,h,19.1,,,,0,0,128.773,3.21,0.405,34.6,,0.679,20,277,24.492,98.101,1.704,67.385,,,,,0
2026-10-04T12:00Z,2026-10-04T15:00Z,3998818,3,8.7,17.1,,,,h,17.1,,,,0,0,159.317,3.607,1.105,34.6,,0.679,22,277,23.927,97.24,2.092,77.976,,,,,0
2026-10-04T12:00Z,2026-10-04T18:00Z,3998818,6,6.7,12.8,,,,h,12.8,,,,0,0,119.36,2.214,0,34.6,,0.679,1,277,23.513,97.264,1.12,78.135,,,,,0
2026-10-04T12:00Z,2026-10-05T00:00Z,3998818,12,5.1,9.2,,,,h,9.2,,,,0,0,207.817,3.554,0.367,34.6,,0.679,7,278,23.174,95.302,2.463,68.699,,,,,0
2026-10-04T12:00Z,2026-10-05T12:00Z,3998818,24,6.2,9.8,,,,h,9.8,,,,0,0,210.175,2.846,0.307,34.6,,0.679,19,278,24.309,96.436,1.383,82.199,,,,,0
2026-10-04T12:00Z,2026-10-06T12:00Z,3998818,48,10,13,,,,h,13,,,,0,0,159.562,4.278,0.861,34.6,,0.679,19,279,24.849,78.81,2.021,62.115,,,,,0
2026-10-04T12:00Z,2026-10-04T13:00Z,4028033,1,21.8,14.5,,,,h,14.5,,,,0,0.001,119.868,2.874,0.096,19.6,,-0.405,20,277,26.338,92.804,1.456,67.991,,,,,0
2026-10-04T12:00Z,2026-10-04T15:00Z,4028033,3,20.5,13.8,,,,h,13.8,,,,0,0.002,103.288,0.991,0.293,19.6,,-0.405,22,277,24.962,96.975,0.428,149.122,,,,,0
2026-10-04T12:00Z,2026-10-04T18:00Z,4028033,6,25.4,17.6,,,,h,17.6,,,,0,0.006,116.165,1.832,0,19.6,,-0.405,1,277,24.909,96.789,0.831,105.425,,,,,0
2026-10-04T12:00Z,2026-10-05T00:00Z,4028033,12,22.2,16,,,,h,16,,,,0,0.007,170.294,2.024,0,19.6,,-0.405,7,278,25.495,94.592,1.209,95.089,,,,,0
2026-10-04T12:00Z,2026-10-05T12:00Z,4028033,24,13.3,10.2,,,,h,10.2,,,,0,0.001,121.167,0.091,0.183,19.6,,-0.405,19,278,25.251,95.792,0.172,281.115,,,,,0
2026-10-04T12:00Z,2026-10-06T12:00Z,4028033,48,20.4,17.5,,,,h,17.5,,,,0,0,77.031,0.9,0.039,19.6,,-0.405,19,279,25.925,95,0.208,56.718,,,,,0
2026-10-04T12:00Z,2026-10-04T13:00Z,4143979,1,8.9,14.8,,,,h,14.8,,,,0,0.002,44.195,1.26,0.137,17.9,,0.485,20,277,20.514,99.217,0.388,75.5,,,,,0
2026-10-04T12:00Z,2026-10-04T15:00Z,4143979,3,3.5,6,,,,h,6,,,,0,0.01,39.291,0.827,2.666,17.9,,0.485,22,277,19.5,99.373,0.298,155.678,,,,,0
2026-10-04T12:00Z,2026-10-04T18:00Z,4143979,6,4.2,6.9,,,,h,6.9,,,,0,0.003,152.685,2.314,2.708,17.9,,0.485,1,277,18.807,99.94,1.299,39.065,,,,,0
2026-10-04T12:00Z,2026-10-05T00:00Z,4143979,12,1.7,2.9,,,,h,2.9,,,,0,0,178.695,2.269,1.28,17.9,,0.485,7,278,18.398,99.625,1.072,58.185,,,,,0
2026-10-04T12:00Z,2026-10-05T12:00Z,4143979,24,3.8,5.4,,,,h,5.4,,,,0,0,79.418,3.112,0.364,17.9,,0.485,19,278,18.904,98.373,1.177,65.448,,,,,0
2026-10-04T12:00Z,2026-10-06T12:00Z,4143979,48,13.1,15.8,,,,h,15.8,,,,0,0,38.759,2.53,0,17.9,,0.485,19,279,19.503,83.754,0.819,76.652,,,,,0
2026-10-04T12:00Z,2026-10-04T13:00Z,4143980,1,10.5,5.8,,,,h,5.8,,,,0,0.002,61.165,2.181,0,6.7,,-0.544,20,277,21.662,98.61,1.131,134.465,,,,,0
2026-10-04T12:00Z,2026-10-04T15:00Z,4143980,3,9.8,5.5,,,,h,5.5,,,,0,0.002,41.185,0.404,0.052,6.7,,-0.544,22,277,21.186,98.356,0.475,294.429,,,,,0
2026-10-04T12:00Z,2026-10-04T18:00Z,4143980,6,0.8,0.1,,,,h,0.1,,,,0,0.002,82.358,0.795,1.091,6.7,,-0.544,1,277,20.061,99.404,0.503,108.807,,,,,0
2026-10-04T12:00Z,2026-10-05T00:00Z,4143980,12,2.3,1.2,,,,h,1.2,,,,0,0.001,169.903,2.348,0.34,6.7,,-0.544,7,278,19.647,98.26,1.29,38.705,,,,,0
2026-10-04T12:00Z,2026-10-05T12:00Z,4143980,24,4.8,3.2,,,,h,3.2,,,,0,0,49.599,1.686,0.117,6.7,,-0.544,19,278,21.481,96.835,0.583,38.666,,,,,0
2026-10-04T12:00Z,2026-10-06T12:00Z,4143980,48,8.2,6.6,,,,h,6.6,,,,0,0,55.495,1.527,0.047,6.7,,-0.544,19,279,21.2,95.905,0.723,348.458,,,,,0
2026-10-04T12:00Z,2026-10-04T13:00Z,4143982,1,7.2,5.1,,,,h,5.1,,,,0,0.013,44.386,0.79,0,5.2,,-0.305,20,277,24.202,97.751,0.246,139.461,,,,,0
2026-10-04T12:00Z,2026-10-04T15:00Z,4143982,3,8.2,6,,,,h,6,,,,0,0.016,50.727,1.171,0,5.2,,-0.305,22,277,23.717,98.626,0.398,105.835,,,,,0
2026-10-04T12:00Z,2026-10-04T18:00Z,4143982,6,5.3,3.8,,,,h,3.8,,,,0,0.019,38.938,0.948,0,5.2,,-0.305,1,277,23.09,99.209,0.682,15.757,,,,,0
2026-10-04T12:00Z,2026-10-05T00:00Z,4143982,12,5.3,4,,,,h,4,,,,0,0.045,238.715,3.142,0.039,5.2,,-0.305,7,278,23.485,94.434,1.632,34.056,,,,,0
2026-10-04T12:00Z,2026-10-05T12:00Z,4143982,24,6.4,5.2,,,,h,5.2,,,,0,0.011,565.595,6.109,0.015,5.2,,-0.305,19,278,23.553,86.25,3.323,26.955,,,,,0
2026-10-04T12:00Z,2026-10-06T12:00Z,4143982,48,19,16.9,,,,h,16.9,,,,0,0,636.185,6.763,0.058,5.2,,-0.305,19,279,22.66,86.455,3.624,29.737,,,,,0
2026-10-04T12:00Z,2026-10-04T13:00Z,4143983,1,9.5,12.3,,,,h,12.3,,,,0,0,80.445,0.977,0,4.9,,0.244,20,277,25.347,96.075,0.52,120.668,,,,,0
2026-10-04T12:00Z,2026-10-04T15:00Z,4143983,3,8.8,11.3,,,,h,11.3,,,,0,0,70.91,1.144,0,4.9,,0.244,22,277,24.805,97.99,0.505,124.83,,,,,0
2026-10-04T12:00Z,2026-10-04T18:00Z,4143983,6,3.7,4.8,,,,h,4.8,,,,0,0,54.937,1.176,0,4.9,,0.244,1,277,24.306,98.979,0.454,162.101,,,,,0
2026-10-04T12:00Z,2026-10-05T00:00Z,4143983,12,4.6,5.7,,,,h,5.7,,,,0,0,229.499,2.816,0.002,4.9,,0.244,7,278,24.609,93.576,1.952,83.69,,,,,0
2026-10-04T12:00Z,2026-10-05T12:00Z,4143983,24,3.4,4.1,,,,h,4.1,,,,0,0.004,277.577,3.874,0.247,4.9,,0.244,19,278,24.719,94.24,1.477,49.214,,,,,0
2026-10-04T12:00Z,2026-10-06T12:00Z,4143983,48,17.5,19.2,,,,h,19.2,,,,0,0,547.562,7.156,0,4.9,,0.244,19,279,23.884,77.208,4.244,52.116,,,,,0
2026-10-04T12:00Z,2026-10-04T13:00Z,4143984,1,7.9,9.1,,,,h,9.1,,,,0,0.007,22.853,0.436,0,15.8,,0.133,20,277,24.374,97.995,0.087,97.875,,,,,0
2026-10-04T12:00Z,2026-10-04T15:00Z,4143984,3,9.2,10.5,,,,h,10.5,,,,0,0.009,40.389,1.126,0,15.8,,0.133,22,277,23.86,99.049,0.477,73.915,,,,,0
2026-10-04T12:00Z,2026-10-04T18:00Z,4143984,6,4.9,5.6,,,,h,5.6,,,,0,0.009,38.467,1.113,0,15.8,,0.133,1,277,23.263,99.052,0.72,30.824,,,,,0
2026-10-04T12:00Z,2026-10-05T00:00Z,4143984,12,4.3,4.9,,,,h,4.9,,,,0,0.053,288.146,4.553,0.003,15.8,,0.133,7,278,23.747,92.244,2.384,41.594,,,,,0
2026-10-04T12:00Z,2026-10-05T12:00Z,4143984,24,3.5,3.9,,,,h,3.9,,,,0,0.004,562.317,6.799,0.001,15.8,,0.133,19,278,23.321,82.068,3.785,37.242,,,,,0
2026-10-04T12:00Z,2026-10-06T12:00Z,4143984,48,20.1,21.1,,,,h,21.1,,,,0,0,732.283,7.746,0,15.8,,0.133,19,279,22.206,82.067,4.376,35.589,,,,,0
2026-10-04T12:00Z,2026-10-04T13:00Z,4143985,1,8.3,12,,,,h,12,,,,0,0.001,54.004,0.959,0,9.6,,0.35,20,277,24.72,97.707,0.413,115.861,,,,,0
2026-10-04T12:00Z,2026-10-04T15:00Z,4143985,3,7.7,11,,,,h,11,,,,0,0.001,55.668,1.194,0,9.6,,0.35,22,277,24.186,98.854,0.404,106.767,,,,,0
2026-10-04T12:00Z,2026-10-04T18:00Z,4143985,6,5,7.1,,,,h,7.1,,,,0,0.002,37.545,0.458,0,9.6,,0.35,1,277,23.634,99.133,0.211,104.215,,,,,0
2026-10-04T12:00Z,2026-10-05T00:00Z,4143985,12,4.2,5.8,,,,h,5.8,,,,0,0.005,222.034,3.08,0.02,9.6,,0.35,7,278,24.012,93.945,1.715,59.395,,,,,0
2026-10-04T12:00Z,2026-10-05T12:00Z,4143985,24,2.1,2.8,,,,h,2.8,,,,0,0.006,423.513,5.354,0.07,9.6,,0.35,19,278,24.084,88.82,2.685,41.746,,,,,0
2026-10-04T12:00Z,2026-10-06T12:00Z,4143985,48,20.4,23.3,,,,h,23.3,,,,0,0,602.264,6.818,0,9.6,,0.35,19,279,23.067,81.732,3.848,43.145,,,,,0
2026-10-04T12:00Z,2026-10-04T13:00Z,4143986,1,13.4,21.4,,,,h,21.4,,,,0,0.001,92.717,1.797,0.329,14.3,,0.461,20,277,24.285,98.363,0.686,111.059,,,,,0
2026-10-04T12:00Z,2026-10-04T15:00Z,4143986,3,12.1,19,,,,h,19,,,,0,0.001,100.601,1.743,0.033,14.3,,0.461,22,277,23.921,98.412,0.928,115.118,,,,,0
2026-10-04T12:00Z,2026-10-04T18:00Z,4143986,6,7,10.9,,,,h,10.9,,,,0,0.003,62.35,1.336,0.048,14.3,,0.461,1,277,23.335,98.564,0.618,141.927,,,,,0
2026-10-04T12:00Z,2026-10-05T00:00Z,4143986,12,6.5,9.7,,,,h,9.7,,,,0,0.013,122.279,1.741,0.048,14.3,,0.461,7,278,23.561,97.772,0.988,108.453,,,,,0
2026-10-04T12:00Z,2026-10-05T12:00Z,4143986,24,4.7,6.5,,,,h,6.5,,,,0,0.054,378.211,3.279,0.306,14.3,,0.461,19,278,25.059,93.957,1.508,17.639,,,,,0
2026-10-04T12:00Z,2026-10-06T12:00Z,4143986,48,6.1,7.4,,,,h,7.4,,,,0,0.005,386.942,4.125,0.132,14.3,,0.461,19,279,24.342,89.647,2.271,29.99,,,,,0
2026-10-04T12:00Z,2026-10-04T13:00Z,4143988,1,10.3,15.1,,,,h,15.1,,,,0,0.118,88.524,3.029,0.763,25,,0.372,20,277,22.204,97.334,1.14,358.996,,,,,0
2026-10-04T12:00Z,2026-10-04T15:00Z,4143988,3,5.9,8.7,,,,h,8.7,,,,0,0.118,54.018,1.469,0.257,25,,0.372,22,277,22.301,93.677,0.412,103.342,,,,,0
2026-10-04T12:00Z,2026-10-04T18:00Z,4143988,6,3.9,5.8,,,,h,5.8,,,,0,0.152,21.272,0.974,0,25,,0.372,1,277,21.446,99.013,0.029,145.72,,,,,0
2026-10-04T12:00Z,2026-10-05T00:00Z,4143988,12,5.4,7.5,,,,h,7.5,,,,0,0.244,91.749,1.134,0,25,,0.372,7,278,22.132,98.394,0.718,73.263,,,,,0
2026-10-04T12:00Z,2026-10-05T12:00Z,4143988,24,10.4,13.2,,,,h,13.2,,,,0,0.857,364.341,3.725,0.017,25,,0.372,19,278,24.415,80.063,1.944,42.785,,,,,0
2026-10-04T12:00Z,2026-10-06T12:00Z,4143988,48,5.3,6.2,,,,h,6.2,,,,0,0.031,164.641,3.385,0.023,25,,0.372,19,279,22.54,93.601,1.583,42.985,,,,,0
2026-10-04T12:00Z,2026-10-04T13:00Z,4165629,1,4.9,1.5,,,,h,1.5,,,,0,0,219.736,1.936,0.036,0.7,,-0.892,20,277,26.257,90.703,1.26,175.73,,,,,0
2026-10-04T12:00Z,2026-10-04T15:00Z,4165629,3,5.2,1.7,,,,h,1.7,,,,0,0,213.606,0.564,0,0.7,,-0.892,22,277,25.807,90.875,0.436,110.446,,,,,0
2026-10-04T12:00Z,2026-10-04T18:00Z,4165629,6,6,2.2,,,,h,2.2,,,,0,0,183.67,1.14,0.036,0.7,,-0.892,1,277,25.159,92.609,0.643,207.309,,,,,0
2026-10-04T12:00Z,2026-10-05T00:00Z,4165629,12,4.9,2,,,,h,2,,,,0,0,193.752,0.955,0,0.7,,-0.892,7,278,25.473,91.052,0.85,125.177,,,,,0
2026-10-04T12:00Z,2026-10-05T12:00Z,4165629,24,4.6,2.3,,,,h,2.3,,,,0,0.001,89.894,0.749,0.645,0.7,,-0.892,19,278,25.609,90.133,0.953,36.422,,,,,0
2026-10-04T12:00Z,2026-10-06T12:00Z,4165629,48,3.8,2.5,,,,h,2.5,,,,0,0,157.159,1.126,0.162,0.7,,-0.892,19,279,25.617,90.506,0.91,32.937,,,,,0
2026-10-04T12:00Z,2026-10-04T13:00Z,4321722,1,8.1,7.1,,,,h,7.1,,,,0,0.038,49.57,0.921,0,4.4,,-0.119,20,277,23.458,97.705,0.326,160.074,,,,,0
2026-10-04T12:00Z,2026-10-04T15:00Z,4321722,3,8.6,7.6,,,,h,7.6,,,,0,0.039,49.581,1.245,0,4.4,,-0.119,22,277,22.84,98.754,0.493,120.189,,,,,0
2026-10-04T12:00Z,2026-10-04T18:00Z,4321722,6,5.5,4.9,,,,h,4.9,,,,0,0.048,36.141,0.941,0,4.4,,-0.119,1,277,22.024,99.496,0.678,7.152,,,,,0
2026-10-04T12:00Z,2026-10-05T00:00Z,4321722,12,3.8,3.4,,,,h,3.4,,,,0,0.054,178.373,2.032,0.05,4.4,,-0.119,7,278,22.548,96.318,1.098,25.551,,,,,0
2026-10-04T12:00Z,2026-10-05T12:00Z,4321722,24,4.7,4.3,,,,h,4.3,,,,0,0.034,553.727,5.263,0.019,4.4,,-0.119,19,278,23.317,89.861,2.829,22.422,,,,,0
2026-10-04T12:00Z,2026-10-06T12:00Z,4321722,48,12.1,11.5,,,,h,11.5,,,,0,0.001,561.239,5.652,0.074,4.4,,-0.119,19,279,22.622,89.348,2.917,26.508,,,,,0
2026-10-04T12:00Z,2026-10-04T13:00Z,4588536,1,18.6,14.7,,,,h,14.7,,,,0,0.001,101.897,2.418,0,7.5,,-0.231,20,277,24.594,93.974,1.166,135.411,,,,,0
2026-10-04T12:00Z,2026-10-04T15:00Z,4588536,3,16.1,12.8,,,,h,12.8,,,,0,0.002,44.809,0.476,0,7.5,,-0.231,22,277,24.127,96.642,0.308,41.643,,,,,0
2026-10-04T12:00Z,2026-10-04T18:00Z,4588536,6,15.9,12.8,,,,h,12.8,,,,0,0.009,119.895,1.839,0.216,7.5,,-0.231,1,277,23.308,98.572,0.886,123.468,,,,,0
2026-10-04T12:00Z,2026-10-05T00:00Z,4588536,12,7.3,6,,,,h,6,,,,0,0.003,127.744,1.306,0,7.5,,-0.231,7,278,23.103,94.823,0.855,298.628,,,,,0
2026-10-04T12:00Z,2026-10-05T12:00Z,4588536,24,10.8,9.3,,,,h,9.3,,,,0,0,53.106,0.856,0.053,7.5,,-0.231,19,278,24.749,93.128,0.193,31.858,,,,,0
2026-10-04T12:00Z,2026-10-06T12:00Z,4588536,48,12,11,,,,h,11,,,,0,0,89.529,1.281,2.561,7.5,,-0.231,19,279,22.752,96.763,0.979,334.038,,,,,0
2026-10-04T12:00Z,2026-10-04T13:00Z,4765764,1,8.3,9,,,,h,9,,,,0,0,117.227,2.699,0.342,11,,0.078,20,277,24.524,98.141,1.445,70.562,,,,,0
2026-10-04T12:00Z,2026-10-04T15:00Z,4765764,3,8.1,8.8,,,,h,8.8,,,,0,0,149.925,3.251,0.96,11,,0.078,22,277,23.972,97.471,1.884,74.756,,,,,0
2026-10-04T12:00Z,2026-10-04T18:00Z,4765764,6,7.5,8.1,,,,h,8.1,,,,0,0,112.526,1.987,0,11,,0.078,1,277,23.559,97.536,0.965,82.611,,,,,0
2026-10-04T12:00Z,2026-10-05T00:00Z,4765764,12,6.8,7.3,,,,h,7.3,,,,0,0,191.274,3.185,0.425,11,,0.078,7,278,23.232,95.624,2.169,70.645,,,,,0
2026-10-04T12:00Z,2026-10-05T12:00Z,4765764,24,6,6.3,,,,h,6.3,,,,0,0,217.758,2.796,0.337,11,,0.078,19,278,24.298,96.435,1.322,79.68,,,,,0
2026-10-04T12:00Z,2026-10-06T12:00Z,4765764,48,9.5,9.8,,,,h,9.8,,,,0,0,150.222,4.078,0.861,11,,0.078,19,279,24.808,79.446,1.909,61.164,,,,,0
2026-10-04T12:00Z,2026-10-04T13:00Z,4894523,1,12.7,21.7,,,,h,21.7,,,,0,0,120.966,2.069,0,28.1,,0.525,20,277,26.652,92.568,1.263,70.387,,,,,0
2026-10-04T12:00Z,2026-10-04T15:00Z,4894523,3,16.1,26.7,,,,h,26.7,,,,0,0,96.422,0.978,0.168,28.1,,0.525,22,277,25.33,96.214,0.437,112.99,,,,,0
2026-10-04T12:00Z,2026-10-04T18:00Z,4894523,6,25.2,40.3,,,,h,40.3,,,,0,0,109.841,1.366,0,28.1,,0.525,1,277,25.151,96.04,0.573,106.506,,,,,0
2026-10-04T12:00Z,2026-10-05T00:00Z,4894523,12,27.8,42,,,,h,42,,,,0,0.005,177.562,1.793,0,28.1,,0.525,7,278,25.625,94.238,1.152,78.867,,,,,0
2026-10-04T12:00Z,2026-10-05T12:00Z,4894523,24,37.8,52,,,,h,52,,,,0,0,116.978,0.56,0.296,28.1,,0.525,19,278,25.317,95.47,0.244,319.212,,,,,0
2026-10-04T12:00Z,2026-10-06T12:00Z,4894523,48,33.3,40.4,,,,h,40.4,,,,0,0,93.993,1.242,0,28.1,,0.525,19,279,25.961,94.383,0.363,54.835,,,,,0
2026-10-04T12:00Z,2026-10-04T13:00Z,4932270,1,14.1,23.2,,,,h,23.2,,,,0,0,29.4,0.737,0,22.1,,0.49,20,277,20.999,98.822,0.348,239.485,,,,,0
2026-10-04T12:00Z,2026-10-04T15:00Z,4932270,3,15.3,24.6,,,,h,24.6,,,,0,0.001,19.126,0.525,0,22.1,,0.49,22,277,20.21,99.443,0.358,286.174,,,,,0
2026-10-04T12:00Z,2026-10-04T18:00Z,4932270,6,12.8,20.1,,,,h,20.1,,,,0,0.001,28.621,1.497,0.353,22.1,,0.49,1,277,19.21,99.602,0.279,146.849,,,,,0
2026-10-04T12:00Z,2026-10-05T00:00Z,4932270,12,5.6,8.6,,,,h,8.6,,,,0,0.002,37.706,0.93,0,22.1,,0.49,7,278,18.944,98.09,0.676,343.285,,,,,0
2026-10-04T12:00Z,2026-10-05T12:00Z,4932270,24,14.5,19.7,,,,h,19.7,,,,0,0,32.381,0.738,0.11,22.1,,0.49,19,278,20.302,98.955,0.335,300.936,,,,,0
2026-10-04T12:00Z,2026-10-06T12:00Z,4932270,48,13.1,15.8,,,,h,15.8,,,,0,0,59.31,1.606,0.137,22.1,,0.49,19,279,19.823,98.467,0.684,97.314,,,,,0
2026-10-04T12:00Z,2026-10-04T13:00Z,4985405,1,5.2,15.2,,,,h,15.2,,,,0,0,337.384,3.673,0.009,27.3,,1.004,20,277,26.593,87.947,2.589,259.715,,,,,0
2026-10-04T12:00Z,2026-10-04T15:00Z,4985405,3,4.2,12.1,,,,h,12.1,,,,0,0,294.558,2.507,0.031,27.3,,1.004,22,277,26.417,87.533,1.58,261.209,,,,,0
2026-10-04T12:00Z,2026-10-04T18:00Z,4985405,6,5.2,13.8,,,,h,13.8,,,,0,0,305.982,1.815,0,27.3,,1.004,1,277,26.062,87.033,1.192,270.419,,,,,0
2026-10-04T12:00Z,2026-10-05T00:00Z,4985405,12,3.1,7.8,,,,h,7.8,,,,0,0,258.875,2.164,0.189,27.3,,1.004,7,278,25.424,87.878,1.693,255.64,,,,,0
2026-10-04T12:00Z,2026-10-05T12:00Z,4985405,24,3,6.3,,,,h,6.3,,,,0,0,423.225,2.952,0.222,27.3,,1.004,19,278,26.585,84.739,2.079,237.291,,,,,0
2026-10-04T12:00Z,2026-10-06T12:00Z,4985405,48,3.8,5.9,,,,h,5.9,,,,0,0,374.938,2.999,0.065,27.3,,1.004,19,279,26.599,86.064,2.113,240.238,,,,,0
2026-10-04T12:00Z,2026-10-04T13:00Z,4993065,1,21.8,8.8,,,,h,8.8,,,,0,0.002,116.946,2.648,0,8.8,,-0.875,20,277,26.458,92.122,1.277,82.216,,,,,0
2026-10-04T12:00Z,2026-10-04T15:00Z,4993065,3,20.5,8.6,,,,h,8.6,,,,0,0.009,86.589,0.816,0.306,8.8,,-0.875,22,277,25.033,96.911,0.31,168.901,,,,,0
2026-10-04T12:00Z,2026-10-04T18:00Z,4993065,6,25.4,11.4,,,,h,11.4,,,,0,0.008,102.55,2.026,0,8.8,,-0.875,1,277,24.948,97.26,0.933,107.428,,,,,0
2026-10-04T12:00Z,2026-10-05T00:00Z,4993065,12,22.2,10.9,,,,h,10.9,,,,0,0.003,155.24,2.228,0,8.8,,-0.875,7,278,25.54,94.993,1.244,96.376,,,,,0
2026-10-04T12:00Z,2026-10-05T12:00Z,4993065,24,13.3,7.5,,,,h,7.5,,,,0,0,111.646,0.5,0.239,8.8,,-0.875,19,278,25.343,95.502,0.348,181.38,,,,,0
2026-10-04T12:00Z,2026-10-06T12:00Z,4993065,48,20.4,14.6,,,,h,14.6,,,,0,0,63.197,0.89,0,8.8,,-0.875,19,279,25.93,94.714,0.249,66.97,,,,,0
2026-10-04T12:00Z,2026-10-04T13:00Z,5103390,1,9.5,16.3,,,,h,16.3,,,,0,0,130.22,3.292,0.412,27.2,,0.518,20,277,24.481,98.128,1.74,66.817,,,,,0
2026-10-04T12:00Z,2026-10-04T15:00Z,5103390,3,8.7,14.6,,,,h,14.6,,,,0,0,161.054,3.676,1.127,27.2,,0.518,22,277,23.911,97.218,2.134,78.789,,,,,0
2026-10-04T12:00Z,2026-10-04T18:00Z,5103390,6,6.7,11.1,,,,h,11.1,,,,0,0,119.846,2.241,0,27.2,,0.518,1,277,23.49,97.234,1.144,77.12,,,,,0
2026-10-04T12:00Z,2026-10-05T00:00Z,5103390,12,5.1,8.1,,,,h,8.1,,,,0,0,209.715,3.6,0.345,27.2,,0.518,7,278,23.162,95.259,2.505,68.26,,,,,0
2026-10-04T12:00Z,2026-10-05T12:00Z,5103390,24,6.2,8.8,,,,h,8.8,,,,0,0,210.333,2.853,0.299,27.2,,0.518,19,278,24.301,96.483,1.39,83.408,,,,,0
2026-10-04T12:00Z,2026-10-06T12:00Z,5103390,48,10,12.3,,,,h,12.3,,,,0,0,159.464,4.262,0.89,27.2,,0.518,19,279,24.82,79.012,2.023,62.251,,,,,0
2026-10-04T12:00Z,2026-10-04T13:00Z,5108494,1,15.2,23.5,,,,h,23.5,,,,0,0,119.318,2.38,0,30,,0.43,20,277,26.56,91.888,1.222,90.16,,,,,0
2026-10-04T12:00Z,2026-10-04T15:00Z,5108494,3,16.2,24.6,,,,h,24.6,,,,0,0.002,82.908,0.725,0.253,30,,0.43,22,277,25.208,96.475,0.213,159.581,,,,,0
2026-10-04T12:00Z,2026-10-04T18:00Z,5108494,6,20.3,29.9,,,,h,29.9,,,,0,0.003,102.459,1.89,0,30,,0.43,1,277,25.074,96.885,0.871,110.676,,,,,0
2026-10-04T12:00Z,2026-10-05T00:00Z,5108494,12,15.2,21.5,,,,h,21.5,,,,0,0.003,158.023,2.184,0,30,,0.43,7,278,25.606,94.789,1.242,92.987,,,,,0
2026-10-04T12:00Z,2026-10-05T12:00Z,5108494,24,21.5,28.1,,,,h,28.1,,,,0,0,109.705,0.381,0.3,30,,0.43,19,278,25.434,95.171,0.304,177.275,,,,,0
2026-10-04T12:00Z,2026-10-06T12:00Z,5108494,48,23.8,28,,,,h,28,,,,0,0,69.601,1.066,0,30,,0.43,19,279,25.907,94.483,0.307,64.571,,,,,0
2026-10-04T12:00Z,2026-10-04T13:00Z,5482624,1,10.2,2.2,,,,h,2.2,,,,0,0,84.254,0.799,0,0.6,,-1.299,20,277,26.895,93.089,0.672,342.038,,,,,0
2026-10-04T12:00Z,2026-10-04T15:00Z,5482624,3,10.7,2.5,,,,h,2.5,,,,0,0,92.626,1.071,0,0.6,,-1.299,22,277,25.787,94.993,0.441,18.17,,,,,0
2026-10-04T12:00Z,2026-10-04T18:00Z,5482624,6,15.4,4.3,,,,h,4.3,,,,0,0,91.29,0.879,0,0.6,,-1.299,1,277,25.232,95.305,0.8,314.616,,,,,0
2026-10-04T12:00Z,2026-10-05T00:00Z,5482624,12,19.4,6.6,,,,h,6.6,,,,0,0.004,189.709,1.991,0,0.6,,-1.299,7,278,25.612,93.837,1.345,6.36,,,,,0
2026-10-04T12:00Z,2026-10-05T12:00Z,5482624,24,27.1,12,,,,h,12,,,,0,0,120.936,2.255,0.347,0.6,,-1.299,19,278,25.023,95.563,1.273,297.382,,,,,0
2026-10-04T12:00Z,2026-10-06T12:00Z,5482624,48,25.9,15.8,,,,h,15.8,,,,0,0,100.398,1.741,0.012,0.6,,-1.299,19,279,26.065,92.955,0.676,23.801,,,,,0
2026-10-04T12:00Z,2026-10-04T13:00Z,5551122,1,14.1,27.1,,,,h,27.1,,,,0,0.001,90.472,1.878,0,24.3,,0.646,20,277,23.778,95.088,0.849,140.21,,,,,0
2026-10-04T12:00Z,2026-10-04T15:00Z,5551122,3,15.3,28.5,,,,h,28.5,,,,0,0.001,39.736,0.374,0,24.3,,0.646,22,277,23.243,97.506,0.32,22.237,,,,,0
2026-10-04T12:00Z,2026-10-04T18:00Z,5551122,6,12.8,23.1,,,,h,23.1,,,,0,0.006,96.285,1.7,0.231,24.3,,0.646,1,277,22.382,99.005,0.688,122.523,,,,,0
2026-10-04T12:00Z,2026-10-05T00:00Z,5551122,12,5.6,9.8,,,,h,9.8,,,,0,0.003,110.409,1.244,0,24.3,,0.646,7,278,22.16,95.511,0.863,308.624,,,,,0
2026-10-04T12:00Z,2026-10-05T12:00Z,5551122,24,14.5,21.7,,,,h,21.7,,,,0,0,44.697,0.672,0.039,24.3,,0.646,19,278,23.789,94.366,0.061,6.884,,,,,0
2026-10-04T12:00Z,2026-10-06T12:00Z,5551122,48,13.1,16.8,,,,h,16.8,,,,0,0,82.412,0.964,2.083,24.3,,0.646,19,279,22.083,97.182,0.71,354.66,,,,,0
2026-10-04T12:00Z,2026-10-04T13:00Z,5851170,1,6.8,1.2,,,,h,1.2,,,,0,0.003,90.434,1.281,0.565,1,,-1.303,20,277,24.58,93.921,0.619,327.137,,,,,0
2026-10-04T12:00Z,2026-10-04T15:00Z,5851170,3,6.1,1.1,,,,h,1.1,,,,0,0.002,65.083,1.255,0.016,1,,-1.303,22,277,24.063,96.853,0.595,192.694,,,,,0
2026-10-04T12:00Z,2026-10-04T18:00Z,5851170,6,8.4,2,,,,h,2,,,,0,0.002,58.513,0.99,0,1,,-1.303,1,277,23.792,96.554,0.304,122.301,,,,,0
2026-10-04T12:00Z,2026-10-05T00:00Z,5851170,12,13.1,4.2,,,,h,4.2,,,,0,0.001,118.083,0.785,0,1,,-1.303,7,278,23.81,95.928,0.58,117.501,,,,,0
2026-10-04T12:00Z,2026-10-05T12:00Z,5851170,24,5.8,2.1,,,,h,2.1,,,,0,0,63.248,0.861,0,1,,-1.303,19,278,24.572,93.917,0.344,92.787,,,,,0
2026-10-04T12:00Z,2026-10-06T12:00Z,5851170,48,7.4,4.3,,,,h,4.3,,,,0,0,213.017,3.023,0.058,1,,-1.303,19,279,24.161,96.352,1.352,82.2,,,,,0
2026-10-04T12:00Z,2026-10-04T13:00Z,5894629,1,27.6,61.3,,,,h,61.3,,,,0,0,168.647,2.257,0.421,33.9,,0.812,20,277,27.211,92.675,1.278,132.57,,,,,0
2026-10-04T12:00Z,2026-10-04T15:00Z,5894629,3,27.4,59,,,,h,59,,,,0,0.001,180.806,2.561,0.086,33.9,,0.812,22,277,27.071,93.904,1.175,178.153,,,,,0
2026-10-04T12:00Z,2026-10-04T18:00Z,5894629,6,31.4,64.4,,,,h,64.4,,,,0,0,173.902,2.094,0,33.9,,0.812,1,277,26.61,95.233,0.598,199.716,,,,,0
2026-10-04T12:00Z,2026-10-05T00:00Z,5894629,12,33.1,62.4,,,,h,62.4,,,,0,0,172.517,0.114,0.006,33.9,,0.812,7,278,26.267,93.38,0.123,219.348,,,,,0
2026-10-04T12:00Z,2026-10-05T12:00Z,5894629,24,16.4,27.2,,,,h,27.2,,,,0,0,63.98,0.828,2.155,33.9,,0.812,19,278,26.061,89.555,0.25,178.049,,,,,0
2026-10-04T12:00Z,2026-10-06T12:00Z,5894629,48,17.1,23.3,,,,h,23.3,,,,0,0,125.717,0.894,0.679,33.9,,0.812,19,279,26.862,91.108,0.014,150.346,,,,,0
2026-10-04T12:00Z,2026-10-04T13:00Z,5951902,1,21.8,4.2,,,,h,4.2,,,,0,0.002,119.487,2.853,0.121,5,,-1.55,20,277,26.318,92.793,1.442,68.6,,,,,0
2026-10-04T12:00Z,2026-10-04T15:00Z,5951902,3,20.5,4.2,,,,h,4.2,,,,0,0.002,103.937,0.974,0.295,5,,-1.55,22,277,24.969,96.924,0.416,152.457,,,,,0
2026-10-04T12:00Z,2026-10-04T18:00Z,5951902,6,25.4,5.9,,,,h,5.9,,,,0,0.006,117.645,1.8,0,5,,-1.55,1,277,24.914,96.757,0.813,105.942,,,,,0
2026-10-04T12:00Z,2026-10-05T00:00Z,5951902,12,22.2,6.1,,,,h,6.1,,,,0,0.007,171.037,2.013,0,5,,-1.55,7,278,25.499,94.55,1.201,95.33,,,,,0
2026-10-04T12:00Z,2026-10-05T12:00Z,5951902,24,13.3,4.7,,,,h,4.7,,,,0,0.001,121.953,0.075,0.182,5,,-1.55,19,278,25.265,95.735,0.174,279.147,,,,,0
2026-10-04T12:00Z,2026-10-06T12:00Z,5951902,48,20.4,11.2,,,,h,11.2,,,,0,0,76.498,0.908,0.05,5,,-1.55,19,279,25.917,95,0.204,54.588,,,,,0
2026-10-04T12:00Z,2026-10-04T13:00Z,5955903,1,21.8,13.2,,,,h,13.2,,,,0,0.002,119.484,2.852,0.122,18,,-0.497,20,277,26.318,92.793,1.442,68.612,,,,,0
2026-10-04T12:00Z,2026-10-04T15:00Z,5955903,3,20.5,12.6,,,,h,12.6,,,,0,0.002,103.962,0.973,0.294,18,,-0.497,22,277,24.969,96.922,0.415,152.521,,,,,0
2026-10-04T12:00Z,2026-10-04T18:00Z,5955903,6,25.4,16.2,,,,h,16.2,,,,0,0.006,117.693,1.799,0,18,,-0.497,1,277,24.914,96.756,0.813,105.959,,,,,0
2026-10-04T12:00Z,2026-10-05T00:00Z,5955903,12,22.2,14.9,,,,h,14.9,,,,0,0.007,171.069,2.012,0,18,,-0.497,7,278,25.499,94.548,1.201,95.332,,,,,0
2026-10-04T12:00Z,2026-10-05T12:00Z,5955903,24,13.3,9.6,,,,h,9.6,,,,0,0.001,121.978,0.075,0.182,18,,-0.497,19,278,25.265,95.734,0.174,279.475,,,,,0
2026-10-04T12:00Z,2026-10-06T12:00Z,5955903,48,20.4,16.9,,,,h,16.9,,,,0,0,76.503,0.908,0.051,18,,-0.497,19,279,25.916,95,0.204,54.528,,,,,0
2026-10-04T12:00Z,2026-10-04T13:00Z,6094818,1,10.3,9.9,,,,h,9.9,,,,0,0.045,154.976,2.134,0.78,12.8,,-0.033,20,277,26.132,93.432,1.334,83.014,,,,,0
2026-10-04T12:00Z,2026-10-04T15:00Z,6094818,3,12,11.6,,,,h,11.6,,,,0,0.035,116.658,0.885,0.072,12.8,,-0.033,22,277,25.297,95.929,0.088,146.378,,,,,0
2026-10-04T12:00Z,2026-10-04T18:00Z,6094818,6,16.2,15.7,,,,h,15.7,,,,0,0.032,125.063,1.211,0,12.8,,-0.033,1,277,25.106,95.445,0.668,141.659,,,,,0
2026-10-04T12:00Z,2026-10-05T00:00Z,6094818,12,22.5,21.9,,,,h,21.9,,,,0,0.014,178.938,1.391,0,12.8,,-0.033,7,278,25.342,93.877,1.077,83.219,,,,,0
2026-10-04T12:00Z,2026-10-05T12:00Z,6094818,24,16.4,16.1,,,,h,16.1,,,,0,0.001,127.273,0.945,0.418,12.8,,-0.033,19,278,25.377,94.942,0.482,337.549,,,,,0
2026-10-04T12:00Z,2026-10-06T12:00Z,6094818,48,13.2,13,,,,h,13,,,,0,0,120.959,1.053,0.037,12.8,,-0.033,19,279,25.745,95,0.534,5.255,,,,,0
2026-10-04T12:00Z,2026-10-04T13:00Z,6099600,1,10.7,2.8,,,,h,2.8,,,,0,0.051,40.512,0.649,0,1.7,,-1.169,20,277,25.059,96.856,0.379,152.337,,,,,0
2026-10-04T12:00Z,2026-10-04T15:00Z,6099600,3,9.7,2.7,,,,h,2.7,,,,0,0.066,20.55,0.161,0,1.7,,-1.169,22,277,24.367,99,0.181,92.216,,,,,0
2026-10-04T12:00Z,2026-10-04T18:00Z,6099600,6,5.7,1.4,,,,h,1.4,,,,0,0.021,90.149,1.029,0.718,1.7,,-1.169,1,277,23.333,97.292,1.139,41.191,,,,,0
2026-10-04T12:00Z,2026-10-05T00:00Z,6099600,12,3.6,0.9,,,,h,0.9,,,,0,0.008,99.343,0.786,0.166,1.7,,-1.169,7,278,23.784,96.34,0.585,316.069,,,,,0
2026-10-04T12:00Z,2026-10-05T12:00Z,6099600,24,4.9,1.9,,,,h,1.9,,,,0,0.001,36.726,0.799,0.042,1.7,,-1.169,19,278,24.884,94.006,0.109,348.141,,,,,0
2026-10-04T12:00Z,2026-10-06T12:00Z,6099600,48,4,2.3,,,,h,2.3,,,,0,0,49.24,1.663,0.071,1.7,,-1.169,19,279,25.107,92.903,0.535,353.009,,,,,0
2026-10-04T12:00Z,2026-10-04T13:00Z,6101817,1,7.2,6.9,,,,h,6.9,,,,0,0,235.524,2.863,0,6.3,,-0.035,20,277,28.11,83.672,2.394,298.297,,,,,0
2026-10-04T12:00Z,2026-10-04T15:00Z,6101817,3,6.7,6.5,,,,h,6.5,,,,0,0,199.257,3.39,0.017,6.3,,-0.035,22,277,27.386,86.277,2.77,312.052,,,,,0
2026-10-04T12:00Z,2026-10-04T18:00Z,6101817,6,6.1,5.9,,,,h,5.9,,,,0,0,130.78,2.436,0.02,6.3,,-0.035,1,277,26.758,88.895,2.092,289.603,,,,,0
2026-10-04T12:00Z,2026-10-05T00:00Z,6101817,12,6.1,5.9,,,,h,5.9,,,,0,0,150.974,2.831,0,6.3,,-0.035,7,278,26.594,90.195,2.291,350.909,,,,,0
2026-10-04T12:00Z,2026-10-05T12:00Z,6101817,24,8.3,8.1,,,,h,8.1,,,,0,0,157.779,3.462,0.341,6.3,,-0.035,19,278,26.571,86.571,2.994,299.371,,,,,0
2026-10-04T12:00Z,2026-10-06T12:00Z,6101817,48,6.8,6.7,,,,h,6.7,,,,0,0,255.859,2.999,0.214,6.3,,-0.035,19,279,27.356,83.982,2.354,30.672,,,,,0
2026-10-04T12:00Z,2026-10-04T13:00Z,6115454,1,14.1,16.6,,,,h,16.6,,,,0,0.001,95.099,2.077,0,11.6,,0.16,20,277,24.342,94.455,0.957,135.1,,,,,0
2026-10-04T12:00Z,2026-10-04T15:00Z,6115454,3,15.3,17.9,,,,h,17.9,,,,0,0.002,41.574,0.453,0,11.6,,0.16,22,277,23.822,97.224,0.328,27.804,,,,,0
2026-10-04T12:00Z,2026-10-04T18:00Z,6115454,6,12.8,14.8,,,,h,14.8,,,,0,0.008,115.108,1.853,0.257,11.6,,0.16,1,277,23,98.792,0.834,127.438,,,,,0
2026-10-04T12:00Z,2026-10-05T00:00Z,6115454,12,5.6,6.5,,,,h,6.5,,,,0,0.003,119.268,1.242,0,11.6,,0.16,7,278,22.784,95.015,0.831,301.098,,,,,0
2026-10-04T12:00Z,2026-10-05T12:00Z,6115454,24,14.5,16,,,,h,16,,,,0,0,54.738,0.802,0.058,11.6,,0.16,19,278,24.436,93.582,0.172,30.45,,,,,0
2026-10-04T12:00Z,2026-10-06T12:00Z,6115454,48,13.1,13.9,,,,h,13.9,,,,0,0,87.008,1.183,2.284,11.6,,0.16,19,279,22.543,96.859,0.903,334.878,,,,,0
2026-10-04T12:00Z,2026-10-04T13:00Z,6118093,1,5.7,8.2,,,,h,8.2,,,,0,0,30.658,0.364,0.493,35.1,,0.331,20,277,25.046,97.762,0.293,96.664,,,,,0
2026-10-04T12:00Z,2026-10-04T15:00Z,6118093,3,5.8,8.2,,,,h,8.2,,,,0,0,83.239,1.858,0.061,35.1,,0.331,22,277,24.673,99.758,0.971,67.574,,,,,0
2026-10-04T12:00Z,2026-10-04T18:00Z,6118093,6,4.5,6.3,,,,h,6.3,,,,0,0,43.038,0.927,0,35.1,,0.331,1,277,24.202,99.831,0.438,167.17,,,,,0
2026-10-04T12:00Z,2026-10-05T00:00Z,6118093,12,2.9,4,,,,h,4,,,,0,0,200.508,3.13,0.493,35.1,,0.331,7,278,23.842,97.848,2.074,48.793,,,,,0
2026-10-04T12:00Z,2026-10-05T12:00Z,6118093,24,3.5,4.5,,,,h,4.5,,,,0,0,203.41,2.172,0.002,35.1,,0.331,19,278,24.041,93.798,0.671,74.641,,,,,0
2026-10-04T12:00Z,2026-10-06T12:00Z,6118093,48,11.6,13.2,,,,h,13.2,,,,0,0,258.046,4.746,0,35.1,,0.331,19,279,23.873,81.603,2.056,76.54,,,,,0
2026-10-04T12:00Z,2026-10-04T13:00Z,6123215,1,31.2,50.3,,,,h,50.3,,,,0,0.012,350.187,4.436,0.872,42.7,,0.486,20,277,25.257,94.199,2.375,52.948,,,,,0
2026-10-04T12:00Z,2026-10-04T15:00Z,6123215,3,17.9,28.6,,,,h,28.6,,,,0,0.002,510.895,5.852,3.686,42.7,,0.486,22,277,24.396,95.174,3.304,32.987,,,,,0
2026-10-04T12:00Z,2026-10-04T18:00Z,6123215,6,7.6,12.1,,,,h,12.1,,,,0,0,662.695,6.996,0.31,42.7,,0.486,1,277,23.894,93.306,4.104,37.785,,,,,0
2026-10-04T12:00Z,2026-10-05T00:00Z,6123215,12,10.4,15.5,,,,h,15.5,,,,0,0,771.806,7.434,1.701,42.7,,0.486,7,278,21.843,90.257,4.7,0.82,,,,,0
2026-10-04T12:00Z,2026-10-05T12:00Z,6123215,24,29.8,40.1,,,,h,40.1,,,,0,0,530.556,4.413,0,42.7,,0.486,19,278,23.667,79.395,1.773,25.676,,,,,0
2026-10-04T12:00Z,2026-10-06T12:00Z,6123215,48,71.9,85.9,,,,h,85.9,,,,0,0,113.602,4.399,0,42.7,,0.486,19,279,23.519,65.171,1.605,71.888,,,,,0
2026-10-04T12:00Z,2026-10-04T13:00Z,6125288,1,10.2,9.8,,,,h,9.8,,,,0,0,100.611,0.73,0.606,7.6,,-0.036,20,277,22.816,98.112,0.412,213.79,,,,,0
2026-10-04T12:00Z,2026-10-04T15:00Z,6125288,3,8.8,8.5,,,,h,8.5,,,,0,0,46.111,0.202,0,7.6,,-0.036,22,277,22.747,99.049,0.126,318.94,,,,,0
2026-10-04T12:00Z,2026-10-04T18:00Z,6125288,6,5.8,5.6,,,,h,5.6,,,,0,0,43.889,0.554,0,7.6,,-0.036,1,277,22.358,99.283,0.242,107.165,,,,,0
2026-10-04T12:00Z,2026-10-05T00:00Z,6125288,12,5.3,5.1,,,,h,5.1,,,,0,0,224.397,1.203,0.077,7.6,,-0.036,7,278,22.372,97.562,0.567,34.193,,,,,0
2026-10-04T12:00Z,2026-10-05T12:00Z,6125288,24,3.4,3.3,,,,h,3.3,,,,0,0,71.739,1.016,0.402,7.6,,-0.036,19,278,22.789,97.046,0.25,12.269,,,,,0
2026-10-04T12:00Z,2026-10-06T12:00Z,6125288,48,7.9,7.8,,,,h,7.8,,,,0,0,25.94,1.655,0,7.6,,-0.036,19,279,24.785,79.025,0.289,356.871,,,,,0
2026-10-04T12:00Z,2026-10-04T13:00Z,6130741,1,15.2,14.9,,,,h,14.9,,,,0,0,119.464,2.122,0,21.1,,-0.023,20,277,26.635,91.942,1.175,90.213,,,,,0
2026-10-04T12:00Z,2026-10-04T15:00Z,6130741,3,16.2,15.8,,,,h,15.8,,,,0,0,84.152,0.661,0.209,21.1,,-0.023,22,277,25.324,96.203,0.206,142.316,,,,,0
2026-10-04T12:00Z,2026-10-04T18:00Z,6130741,6,20.3,19.9,,,,h,19.9,,,,0,0.001,103.396,1.656,0,21.1,,-0.023,1,277,25.148,96.535,0.741,111.194,,,,,0
2026-10-04T12:00Z,2026-10-05T00:00Z,6130741,12,15.2,14.9,,,,h,14.9,,,,0,0.003,163.749,2.033,0,21.1,,-0.023,7,278,25.643,94.574,1.199,87.486,,,,,0
2026-10-04T12:00Z,2026-10-05T12:00Z,6130741,24,21.5,21.2,,,,h,21.2,,,,0,0,110.649,0.184,0.326,21.1,,-0.023,19,278,25.441,95.098,0.15,215.698,,,,,0
2026-10-04T12:00Z,2026-10-06T12:00Z,6130741,48,23.8,23.6,,,,h,23.6,,,,0,0,77.396,1.176,0,21.1,,-0.023,19,279,25.918,94.314,0.333,60.179,,,,,0
2026-10-04T12:00Z,2026-10-04T13:00Z,6149445,1,10.2,14.3,,,,h,14.3,,,,0,0,95.158,1.193,0,10.6,,0.325,20,277,26.255,94.059,0.908,15.993,,,,,0
2026-10-04T12:00Z,2026-10-04T15:00Z,6149445,3,10.7,14.8,,,,h,14.8,,,,0,0,94.367,1.169,0,10.6,,0.325,22,277,25.138,95.769,0.531,61.11,,,,,0
2026-10-04T12:00Z,2026-10-04T18:00Z,6149445,6,15.4,20.7,,,,h,20.7,,,,0,0.012,96.594,0.149,0,10.6,,0.325,1,277,24.707,95.491,0.364,316.496,,,,,0
2026-10-04T12:00Z,2026-10-05T00:00Z,6149445,12,19.4,25.1,,,,h,25.1,,,,0,0.033,176.482,1.495,0,10.6,,0.325,7,278,24.938,94.369,0.983,22.047,,,,,0
2026-10-04T12:00Z,2026-10-05T12:00Z,6149445,24,27.1,33.1,,,,h,33.1,,,,0,0.001,114.023,1.674,0.312,10.6,,0.325,19,278,24.712,96.135,0.864,321.863,,,,,0
2026-10-04T12:00Z,2026-10-06T12:00Z,6149445,48,25.9,29.2,,,,h,29.2,,,,0,0,110.492,1.52,0.035,10.6,,0.325,19,279,25.466,94.281,0.508,40.286,,,,,0
2026-10-04T12:00Z,2026-10-04T13:00Z,6151749,1,7.1,13.8,,,,h,13.8,,,,0,0,105.442,2.695,0,25,,0.626,20,277,25.921,97.959,1.51,9.406,,,,,0
2026-10-04T12:00Z,2026-10-04T15:00Z,6151749,3,6.7,12.7,,,,h,12.7,,,,0,0,214.063,5.201,0.973,25,,0.626,22,277,24.458,99.743,3.198,200.204,,,,,0
2026-10-04T12:00Z,2026-10-04T18:00Z,6151749,6,5.9,10.8,,,,h,10.8,,,,0,0,94.087,1.716,0,25,,0.626,1,277,23.649,99.743,1.363,275.785,,,,,0
2026-10-04T12:00Z,2026-10-05T00:00Z,6151749,12,5.5,9.5,,,,h,9.5,,,,0,0,93.364,1.689,1.388,25,,0.626,7,278,22.871,98.746,1.335,284.811,,,,,0
2026-10-04T12:00Z,2026-10-05T12:00Z,6151749,24,4.7,7.3,,,,h,7.3,,,,0,0,49.336,1.536,0.036,25,,0.626,19,278,24.945,97.835,0.705,333.954,,,,,0
2026-10-04T12:00Z,2026-10-06T12:00Z,6151749,48,5.9,7.6,,,,h,7.6,,,,0,0,95.839,2.409,0.091,25,,0.626,19,279,24.53,98.345,2.009,259.655,,,,,0
2026-10-04T12:00Z,2026-10-04T13:00Z,6152097,1,18.6,28.3,,,,h,28.3,,,,0,0.005,57.211,0.649,0,,,0.437,20,277,25.293,94.144,0.279,61.405,,,,,0
2026-10-04T12:00Z,2026-10-04T15:00Z,6152097,3,16.1,24.2,,,,h,24.2,,,,0,0.009,32.497,0.439,0,,,0.437,22,277,24.635,96.724,0.409,6.861,,,,,0
2026-10-04T12:00Z,2026-10-04T18:00Z,6152097,6,15.9,23.3,,,,h,23.3,,,,0,0.016,176.217,3.895,0.831,,,0.437,1,277,23.765,98.045,2.097,166.38,,,,,0
2026-10-04T12:00Z,2026-10-05T00:00Z,6152097,12,7.3,10.4,,,,h,10.4,,,,0,0.007,81.558,0.443,0,,,0.437,7,278,23.587,94.21,0.619,221.8,,,,,0
2026-10-04T12:00Z,2026-10-05T12:00Z,6152097,24,10.8,14.1,,,,h,14.1,,,,0,0,114.284,2.161,0.214,,,0.437,19,278,25.14,93.216,1.06,76.389,,,,,0
2026-10-04T12:00Z,2026-10-06T12:00Z,6152097,48,12,14.1,,,,h,14.1,,,,0,0,90.862,2.136,1.127,,,0.437,19,279,23.344,95.991,1.418,299.517,,,,,0
2026-10-04T12:00Z,2026-10-04T13:00Z,6154187,1,21.8,23.9,,,,h,23.9,,,,0,0.001,117.888,2.84,0,32.8,,0.091,20,277,26.413,92.572,1.401,71.229,,,,,0
2026-10-04T12:00Z,2026-10-04T15:00Z,6154187,3,20.5,22.4,,,,h,22.4,,,,0,0.004,95.252,0.915,0.309,32.8,,0.091,22,277,24.946,97.136,0.401,152.423,,,,,0
2026-10-04T12:00Z,2026-10-04T18:00Z,6154187,6,25.4,27.6,,,,h,27.6,,,,0,0.008,106.815,1.986,0,32.8,,0.091,1,277,24.891,97.152,0.905,104.364,,,,,0
2026-10-04T12:00Z,2026-10-05T00:00Z,6154187,12,22.2,23.9,,,,h,23.9,,,,0,0.006,161.547,2.126,0,32.8,,0.091,7,278,25.496,94.9,1.228,95.5,,,,,0
2026-10-04T12:00Z,2026-10-05T12:00Z,6154187,24,13.3,14.1,,,,h,14.1,,,,0,0,115.896,0.263,0.194,32.8,,0.091,19,278,25.24,95.856,0.192,207.283,,,,,0
2026-10-04T12:00Z,2026-10-06T12:00Z,6154187,48,20.4,21.1,,,,h,21.1,,,,0,0,69.977,0.844,0,32.8,,0.091,19,279,25.956,94.899,0.229,65.411,,,,,0
2026-10-04T12:00Z,2026-10-04T13:00Z,6157903,1,4,5.3,,,,h,5.3,,,,0,0,91.49,1.999,0.29,13.1,,0.242,20,277,20.243,97.184,0.663,90.669,,,,,0
2026-10-04T12:00Z,2026-10-04T15:00Z,6157903,3,4.6,6,,,,h,6,,,,0,0,23.819,0.901,0,13.1,,0.242,22,277,19.691,96.779,0.228,165.464,,,,,0
2026-10-04T12:00Z,2026-10-04T18:00Z,6157903,6,1.2,1.7,,,,h,1.7,,,,0,0,30.645,1.088,0,13.1,,0.242,1,277,19.267,96.955,0.74,56.795,,,,,0
2026-10-04T12:00Z,2026-10-05T00:00Z,6157903,12,0.6,0.9,,,,h,0.9,,,,0,0,100.116,1.393,0.147,13.1,,0.242,7,278,19.484,97.934,1.096,17.437,,,,,0
2026-10-04T12:00Z,2026-10-05T12:00Z,6157903,24,2,2.5,,,,h,2.5,,,,0,0,94.068,2.333,0.168,13.1,,0.242,19,278,20.661,96.14,0.931,63.434,,,,,0
2026-10-04T12:00Z,2026-10-06T12:00Z,6157903,48,6.9,7.6,,,,h,7.6,,,,0,0,113.505,2.569,0,13.1,,0.242,19,279,20.147,88.1,0.954,82.739,,,,,0
2026-10-04T12:00Z,2026-10-04T13:00Z,6160493,1,7.9,12.2,,,,h,12.2,,,,0,0,72.42,0.904,0,7.7,,0.409,20,277,25.396,96.24,0.427,127.297,,,,,0
2026-10-04T12:00Z,2026-10-04T15:00Z,6160493,3,8,12.1,,,,h,12.1,,,,0,0,74.462,1.177,0,7.7,,0.409,22,277,24.888,98.202,0.502,111.413,,,,,0
2026-10-04T12:00Z,2026-10-04T18:00Z,6160493,6,5,7.5,,,,h,7.5,,,,0,0,61.092,1.21,0,7.7,,0.409,1,277,24.392,99.101,0.5,158.74,,,,,0
2026-10-04T12:00Z,2026-10-05T00:00Z,6160493,12,4.3,6.2,,,,h,6.2,,,,0,0,221.918,2.662,0.028,7.7,,0.409,7,278,24.585,94.147,1.849,79.615,,,,,0
2026-10-04T12:00Z,2026-10-05T12:00Z,6160493,24,4.2,5.6,,,,h,5.6,,,,0,0.002,255.331,3.559,0.213,7.7,,0.409,19,278,24.63,94.411,1.289,53.598,,,,,0
2026-10-04T12:00Z,2026-10-06T12:00Z,6160493,48,16.1,18.8,,,,h,18.8,,,,0,0,469.542,6.466,0,7.7,,0.409,19,279,24.07,78.063,3.669,56.121,,,,,0
2026-10-04T12:00Z,2026-10-04T13:00Z,6160761,1,14.1,11.6,,,,h,11.6,,,,0,0.002,61.265,0.742,0,7.5,,-0.189,20,277,24.826,94.651,0.163,99.599,,,,,0
2026-10-04T12:00Z,2026-10-04T15:00Z,6160761,3,15.3,12.7,,,,h,12.7,,,,0,0.004,30.798,0.464,0,7.5,,-0.189,22,277,24.121,97.45,0.414,1.153,,,,,0
2026-10-04T12:00Z,2026-10-04T18:00Z,6160761,6,12.8,10.7,,,,h,10.7,,,,0,0.011,151.898,3.214,0.604,7.5,,-0.189,1,277,23.339,98.298,1.614,159.577,,,,,0
2026-10-04T12:00Z,2026-10-05T00:00Z,6160761,12,5.6,4.7,,,,h,4.7,,,,0,0.005,84.268,0.612,0,7.5,,-0.189,7,278,23.033,94.747,0.433,275.479,,,,,0
2026-10-04T12:00Z,2026-10-05T12:00Z,6160761,24,14.5,12.9,,,,h,12.9,,,,0,0,97.664,1.591,0.158,7.5,,-0.189,19,278,24.654,93.943,0.726,66.391,,,,,0
2026-10-04T12:00Z,2026-10-06T12:00Z,6160761,48,13.1,12.2,,,,h,12.2,,,,0,0,87.765,1.507,1.277,7.5,,-0.189,19,279,22.937,96.32,1.065,306.369,,,,,0
2026-10-04T12:00Z,2026-10-04T13:00Z,6166036,1,12.5,24.9,,,,h,24.9,,,,0,0.03,66.068,0.935,0.243,33.3,,0.68,20,277,22.806,98.713,0.377,101.16,,,,,0
2026-10-04T12:00Z,2026-10-04T15:00Z,6166036,3,13.9,26.9,,,,h,26.9,,,,0,0.032,58.728,1.451,0.016,33.3,,0.68,22,277,22.315,98.478,0.65,112.441,,,,,0
2026-10-04T12:00Z,2026-10-04T18:00Z,6166036,6,8.8,16.6,,,,h,16.6,,,,0,0.046,33.121,0.633,0,33.3,,0.68,1,277,21.449,99.306,0.345,98.354,,,,,0
2026-10-04T12:00Z,2026-10-05T00:00Z,6166036,12,8.5,15,,,,h,15,,,,0,0.064,94.681,1.313,0.042,33.3,,0.68,7,278,22.051,98.228,0.681,69.466,,,,,0
2026-10-04T12:00Z,2026-10-05T12:00Z,6166036,24,5.9,9.3,,,,h,9.3,,,,0,0.14,464.866,4.245,0,33.3,,0.68,19,278,23.77,90.538,2.182,31.974,,,,,0
2026-10-04T12:00Z,2026-10-06T12:00Z,6166036,48,4.7,6.3,,,,h,6.3,,,,0,0.007,437.32,4.291,0.064,33.3,,0.68,19,279,22.865,90.715,2.252,30.873,,,,,0
2026-10-04T12:00Z,2026-10-04T13:00Z,6182459,1,12.2,26.8,,,,h,26.8,,,,0,0.003,20.6,0.813,0.458,38.5,,0.777,20,277,21.048,99.271,0.219,170.842,,,,,0
2026-10-04T12:00Z,2026-10-04T15:00Z,6182459,3,7.5,16.4,,,,h,16.4,,,,0,0.002,45.652,0.253,0.411,38.5,,0.777,22,277,20.641,98.365,0.468,64.973,,,,,0
2026-10-04T12:00Z,2026-10-04T18:00Z,6182459,6,3.3,7.4,,,,h,7.4,,,,0,0.001,63.219,1.488,0.105,38.5,,0.777,1,277,20.263,99.643,0.938,7.732,,,,,0
2026-10-04T12:00Z,2026-10-05T00:00Z,6182459,12,3.2,6.6,,,,h,6.6,,,,0,0,193.202,2.027,0.4,38.5,,0.777,7,278,19.504,98.353,1.182,49.546,,,,,0
2026-10-04T12:00Z,2026-10-05T12:00Z,6182459,24,3,5.3,,,,h,5.3,,,,0,0,53.935,1.831,0.4,38.5,,0.777,19,278,20.357,98.647,0.623,17.8,,,,,0
2026-10-04T12:00Z,2026-10-06T12:00Z,6182459,48,10.1,13.7,,,,h,13.7,,,,0,0,33.072,2.189,0,38.5,,0.777,19,279,21.484,77.271,0.596,69.625,,,,,0
2026-10-04T12:00Z,2026-10-04T13:00Z,6188057,1,11.2,19.4,,,,h,19.4,,,,0,0.002,294.648,1.385,0,17.7,,0.537,20,277,27.962,84.968,1.211,224.257,,,,,0
2026-10-04T12:00Z,2026-10-04T15:00Z,6188057,3,11.4,19.3,,,,h,19.3,,,,0,0.002,312.92,1.085,0.055,17.7,,0.537,22,277,27.597,84.83,0.8,258.057,,,,,0
2026-10-04T12:00Z,2026-10-04T18:00Z,6188057,6,10.9,17.9,,,,h,17.9,,,,0,0.002,401.092,0.264,0,17.7,,0.537,1,277,27.354,84.104,0.61,210.1,,,,,0
2026-10-04T12:00Z,2026-10-05T00:00Z,6188057,12,8.2,12.9,,,,h,12.9,,,,0,0.002,208.018,2.458,0.389,17.7,,0.537,7,278,26,90.247,2.307,90.852,,,,,0
2026-10-04T12:00Z,2026-10-05T12:00Z,6188057,24,7.5,10.7,,,,h,10.7,,,,0,0.001,324.844,1.393,0.762,17.7,,0.537,19,278,26.691,87.442,1.08,68.249,,,,,0
2026-10-04T12:00Z,2026-10-06T12:00Z,6188057,48,9,11.1,,,,h,11.1,,,,0,0,301.471,3.021,0.204,17.7,,0.537,19,279,26.708,86.554,2.25,358.998,,,,,0
2026-10-04T12:00Z,2026-10-04T13:00Z,6195103,1,24,14.2,,,,h,14.2,,,,0,0,120.256,2.391,0,18.3,,-0.517,20,277,26.55,92.414,1.299,75.31,,,,,0
2026-10-04T12:00Z,2026-10-04T15:00Z,6195103,3,27.9,17,,,,h,17,,,,0,0.001,93.087,0.867,0.233,18.3,,-0.517,22,277,25.173,96.581,0.348,134.355,,,,,0
2026-10-04T12:00Z,2026-10-04T18:00Z,6195103,6,36.6,23.1,,,,h,23.1,,,,0,0.002,107.553,1.711,0,18.3,,-0.517,1,277,25.048,96.587,0.765,107.04,,,,,0
2026-10-04T12:00Z,2026-10-05T00:00Z,6195103,12,45.5,30.4,,,,h,30.4,,,,0,0.005,167.937,1.99,0,18.3,,-0.517,7,278,25.577,94.577,1.199,88.729,,,,,0
2026-10-04T12:00Z,2026-10-05T12:00Z,6195103,24,39.6,28.9,,,,h,28.9,,,,0,0,114.906,0.176,0.264,18.3,,-0.517,19,278,25.322,95.524,0.096,280.345,,,,,0
2026-10-04T12:00Z,2026-10-06T12:00Z,6195103,48,40.2,33.2,,,,h,33.2,,,,0,0,81.012,1.072,0,18.3,,-0.517,19,279,25.943,94.595,0.302,60.434,,,,,0
2026-10-04T12:00Z,2026-10-04T13:00Z,6202299,1,21.8,17,,,,h,17,,,,0,0.005,119.542,2.759,0.22,25.9,,-0.248,20,277,26.257,92.806,1.409,69.984,,,,,0
2026-10-04T12:00Z,2026-10-04T15:00Z,6202299,3,20.5,16.1,,,,h,16.1,,,,0,0.002,107.646,0.953,0.285,25.9,,-0.248,22,277,25.016,96.679,0.387,159.397,,,,,0
2026-10-04T12:00Z,2026-10-04T18:00Z,6202299,6,25.4,20.3,,,,h,20.3,,,,0,0.005,124.393,1.649,0,25.9,,-0.248,1,277,24.948,96.51,0.736,108.429,,,,,0
2026-10-04T12:00Z,2026-10-05T00:00Z,6202299,12,22.2,18.2,,,,h,18.2,,,,0,0.006,176.044,1.943,0,25.9,,-0.248,7,278,25.516,94.316,1.174,95.318,,,,,0
2026-10-04T12:00Z,2026-10-05T12:00Z,6202299,24,13.3,11.3,,,,h,11.3,,,,0,0.001,125.384,0.095,0.185,25.9,,-0.248,19,278,25.318,95.519,0.193,347.231,,,,,0
2026-10-04T12:00Z,2026-10-06T12:00Z,6202299,48,20.4,18.6,,,,h,18.6,,,,0,0,78.263,0.983,0.092,25.9,,-0.248,19,279,25.88,95,0.24,47.003,,,,,0
2026-10-04T12:00Z,2026-10-04T13:00Z,6204360,1,21.8,12.1,,,,h,12.1,,,,0,0.006,114.461,2.886,0,7.1,,-0.577,20,277,26.376,92.366,1.34,75.57,,,,,0
2026-10-04T12:00Z,2026-10-04T15:00Z,6204360,3,20.5,11.6,,,,h,11.6,,,,0,0.012,90.498,0.883,0.347,7.1,,-0.577,22,277,24.89,97.272,0.404,173.892,,,,,0
2026-10-04T12:00Z,2026-10-04T18:00Z,6204360,6,25.4,15,,,,h,15,,,,0,0.012,102.771,2.103,0,7.1,,-0.577,1,277,24.843,97.545,0.96,104.496,,,,,0
2026-10-04T12:00Z,2026-10-05T00:00Z,6204360,12,22.2,13.9,,,,h,13.9,,,,0,0.004,153.893,2.228,0,7.1,,-0.577,7,278,25.484,95.141,1.231,98.372,,,,,0
2026-10-04T12:00Z,2026-10-05T12:00Z,6204360,24,13.3,9.2,,,,h,9.2,,,,0,0,113.812,0.567,0.184,7.1,,-0.577,19,278,25.254,95.813,0.353,188.053,,,,,0
2026-10-04T12:00Z,2026-10-06T12:00Z,6204360,48,20.4,16.4,,,,h,16.4,,,,0,0,58.689,0.741,0,7.1,,-0.577,19,279,25.957,94.896,0.198,68.327,,,,,0
2026-10-04T12:00Z,2026-10-04T13:00Z,6205698,1,24,9,,,,h,9,,,,0,0.001,125.342,2.568,0,8.5,,-0.954,20,277,26.55,92.907,1.474,63.251,,,,,0
2026-10-04T12:00Z,2026-10-04T15:00Z,6205698,3,27.9,11,,,,h,11,,,,0,0.001,103.547,1.287,0.198,8.5,,-0.954,22,277,25.163,96.609,0.6,116.58,,,,,0
2026-10-04T12:00Z,2026-10-04T18:00Z,6205698,6,36.6,15.5,,,,h,15.5,,,,0,0.001,114.901,1.613,0,8.5,,-0.954,1,277,25.057,96.121,0.723,105.13,,,,,0
2026-10-04T12:00Z,2026-10-05T00:00Z,6205698,12,45.5,21.5,,,,h,21.5,,,,0,0.007,179.549,1.879,0,8.5,,-0.954,7,278,25.557,94.278,1.211,85.147,,,,,0
2026-10-04T12:00Z,2026-10-05T12:00Z,6205698,24,39.6,22,,,,h,22,,,,0,0,119.584,0.584,0.246,8.5,,-0.954,19,278,25.247,95.789,0.343,335.702,,,,,0
2026-10-04T12:00Z,2026-10-06T12:00Z,6205698,48,40.2,28.2,,,,h,28.2,,,,0,0,97.072,1.155,0,8.5,,-0.954,19,279,25.951,94.754,0.351,59.232,,,,,0
2026-10-04T12:00Z,2026-10-04T13:00Z,6205700,1,12.7,9.7,,,,h,9.7,,,,0,0,117.495,1.732,0,13,,-0.254,20,277,26.73,92.138,1.092,85.212,,,,,0
2026-10-04T12:00Z,2026-10-04T15:00Z,6205700,3,16.1,12.5,,,,h,12.5,,,,0,0,87.676,0.649,0.154,13,,-0.254,22,277,25.463,95.892,0.267,114.513,,,,,0
2026-10-04T12:00Z,2026-10-04T18:00Z,6205700,6,25.2,20,,,,h,20,,,,0,0,104.394,1.253,0,13,,-0.254,1,277,25.227,96.088,0.506,109.764,,,,,0
2026-10-04T12:00Z,2026-10-05T00:00Z,6205700,12,27.8,22.7,,,,h,22.7,,,,0,0.003,172.602,1.796,0,13,,-0.254,7,278,25.683,94.285,1.131,76.343,,,,,0
2026-10-04T12:00Z,2026-10-05T12:00Z,6205700,24,37.8,32.4,,,,h,32.4,,,,0,0,113.251,0.436,0.344,13,,-0.254,19,278,25.408,95.115,0.121,297.219,,,,,0
2026-10-04T12:00Z,2026-10-06T12:00Z,6205700,48,33.3,30.3,,,,h,30.3,,,,0,0,87.719,1.302,0,13,,-0.254,19,279,25.956,94.076,0.368,53.228,,,,,0
2026-10-04T12:00Z,2026-10-04T13:00Z,6205764,1,15.2,19.4,,,,h,19.4,,,,0,0,118.747,2.454,0,20.1,,0.241,20,277,26.53,91.966,1.238,87.404,,,,,0
2026-10-04T12:00Z,2026-10-04T15:00Z,6205764,3,16.2,20.5,,,,h,20.5,,,,0,0.004,84.195,0.753,0.268,20.1,,0.241,22,277,25.156,96.604,0.24,161.741,,,,,0
2026-10-04T12:00Z,2026-10-04T18:00Z,6205764,6,20.3,25.2,,,,h,25.2,,,,0,0.004,102.643,1.928,0,20.1,,0.241,1,277,25.037,96.986,0.888,109.657,,,,,0
2026-10-04T12:00Z,2026-10-05T00:00Z,6205764,12,15.2,18.5,,,,h,18.5,,,,0,0.003,157.432,2.194,0,20.1,,0.241,7,278,25.587,94.843,1.243,93.96,,,,,0
2026-10-04T12:00Z,2026-10-05T12:00Z,6205764,24,21.5,25,,,,h,25,,,,0,0,110.362,0.406,0.282,20.1,,0.241,19,278,25.406,95.273,0.313,178.729,,,,,0
2026-10-04T12:00Z,2026-10-06T12:00Z,6205764,48,23.8,26,,,,h,26,,,,0,0,68.048,1.016,0,20.1,,0.241,19,279,25.914,94.555,0.29,65.183,,,,,0
2026-10-04T12:00Z,2026-10-04T13:00Z,6205924,1,15.2,13.8,,,,h,13.8,,,,0,0,120.237,2.19,0,16.8,,-0.096,20,277,26.639,91.716,1.183,97.237,,,,,0
2026-10-04T12:00Z,2026-10-04T15:00Z,6205924,3,16.2,14.7,,,,h,14.7,,,,0,0,80.023,0.643,0.215,16.8,,-0.096,22,277,25.341,96.148,0.16,152.746,,,,,0
2026-10-04T12:00Z,2026-10-04T18:00Z,6205924,6,20.3,18.6,,,,h,18.6,,,,0,0.001,101.91,1.764,0,16.8,,-0.096,1,277,25.165,96.624,0.808,113.14,,,,,0
2026-10-04T12:00Z,2026-10-05T00:00Z,6205924,12,15.2,14.1,,,,h,14.1,,,,0,0.002,159.949,2.135,0,16.8,,-0.096,7,278,25.656,94.645,1.232,89.877,,,,,0
2026-10-04T12:00Z,2026-10-05T12:00Z,6205924,24,21.5,20.2,,,,h,20.2,,,,0,0,108.341,0.302,0.345,16.8,,-0.096,19,278,25.497,94.931,0.265,177.982,,,,,0
2026-10-04T12:00Z,2026-10-06T12:00Z,6205924,48,23.8,23,,,,h,23,,,,0,0,73.729,1.19,0,16.8,,-0.096,19,279,25.895,94.289,0.346,62.563,,,,,0
2026-10-04T12:00Z,2026-10-04T13:00Z,6206920,1,12.8,17.6,,,,h,17.6,,,,0,0.115,30.649,1.173,0,20.7,,0.31,20,277,22.727,96.83,0.219,216.913,,,,,0
2026-10-04T12:00Z,2026-10-04T15:00Z,6206920,3,12.2,16.6,,,,h,16.6,,,,0,0.107,31.458,0.762,0,20.7,,0.31,22,277,21.914,98.827,0.286,127.874,,,,,0
2026-10-04T12:00Z,2026-10-04T18:00Z,6206920,6,8.4,11.3,,,,h,11.3,,,,0,0.12,40.161,1.609,0,20.7,,0.31,1,277,20.824,99.888,1.047,356.81,,,,,0
2026-10-04T12:00Z,2026-10-05T00:00Z,6206920,12,6.7,8.8,,,,h,8.8,,,,0,0.223,175.925,1.958,0.034,20.7,,0.31,7,278,21.559,96.459,1.162,0.274,,,,,0
2026-10-04T12:00Z,2026-10-05T12:00Z,6206920,24,6.2,7.7,,,,h,7.7,,,,0,0.047,556.922,4.441,0.027,20.7,,0.31,19,278,22.651,91.183,2.392,12.514,,,,,0
2026-10-04T12:00Z,2026-10-06T12:00Z,6206920,48,5.4,6.2,,,,h,6.2,,,,0,0.002,523.567,4.94,0.106,20.7,,0.31,19,279,22.089,91.154,2.487,21.363,,,,,0
2026-10-04T12:00Z,2026-10-04T13:00Z,6207256,1,5.3,3.2,,,,h,3.2,,,,0,0.001,35.588,0.597,0,4.9,,-0.411,20,277,24.848,94.111,0.1,188.459,,,,,0
2026-10-04T12:00Z,2026-10-04T15:00Z,6207256,3,5.4,3.4,,,,h,3.4,,,,0,0.001,21.755,0.311,0,4.9,,-0.411,22,277,23.999,96.554,0.183,333.604,,,,,0
2026-10-04T12:00Z,2026-10-04T18:00Z,6207256,6,2.1,1.2,,,,h,1.2,,,,0,0.003,100.147,3.086,0.586,4.9,,-0.411,1,277,22.628,94.78,1.389,147.763,,,,,0
2026-10-04T12:00Z,2026-10-05T00:00Z,6207256,12,3.7,2.4,,,,h,2.4,,,,0,0.006,114.666,0.92,0,4.9,,-0.411,7,278,22.752,95.678,0.752,287.844,,,,,0
2026-10-04T12:00Z,2026-10-05T12:00Z,6207256,24,7.4,5.6,,,,h,5.6,,,,0,0.001,65.495,0.736,0.381,4.9,,-0.411,19,278,24.08,96.153,0.334,40.812,,,,,0
2026-10-04T12:00Z,2026-10-06T12:00Z,6207256,48,6.5,5.5,,,,h,5.5,,,,0,0,54.304,0.56,2.149,4.9,,-0.411,19,279,23.134,96.691,0.331,18.442,,,,,0
2026-10-04T12:00Z,2026-10-04T13:00Z,6207952,1,11.2,19.3,,,,h,19.3,,,,0,0.002,303.436,1.411,0,20.8,,0.531,20,277,28.037,84.582,1.244,222.158,,,,,0
2026-10-04T12:00Z,2026-10-04T15:00Z,6207952,3,11.4,19.2,,,,h,19.2,,,,0,0.003,322.323,1.082,0.057,20.8,,0.531,22,277,27.677,84.416,0.815,258.074,,,,,0
2026-10-04T12:00Z,2026-10-04T18:00Z,6207952,6,10.9,17.8,,,,h,17.8,,,,0,0.002,413.025,0.28,0,20.8,,0.531,1,277,27.447,83.637,0.629,208.994,,,,,0
2026-10-04T12:00Z,2026-10-05T00:00Z,6207952,12,8.2,12.8,,,,h,12.8,,,,0,0.002,208.932,2.462,0.401,20.8,,0.531,7,278,26.041,90.104,2.325,90.719,,,,,0
2026-10-04T12:00Z,2026-10-05T12:00Z,6207952,24,7.5,10.6,,,,h,10.6,,,,0,0.001,333.017,1.375,0.783,20.8,,0.531,19,278,26.741,87.094,1.082,67.933,,,,,0
2026-10-04T12:00Z,2026-10-06T12:00Z,6207952,48,9,11.1,,,,h,11.1,,,,0,0,305.744,2.963,0.198,20.8,,0.531,19,279,26.794,86.206,2.243,358.821,,,,,0
2026-10-04T12:00Z,2026-10-04T13:00Z,6209697,1,4.4,6,,,,h,6,,,,0,0,363.906,3.41,0.047,6.7,,0.269,20,277,27.238,85.226,2.547,260.753,,,,,0
2026-10-04T12:00Z,2026-10-04T15:00Z,6209697,3,4.9,6.6,,,,h,6.6,,,,0,0,342.996,3.399,0.118,6.7,,0.269,22,277,26.899,86.526,2.398,248.8,,,,,0
2026-10-04T12:00Z,2026-10-04T18:00Z,6209697,6,4.9,6.4,,,,h,6.4,,,,0,0,259.428,2.99,0.012,6.7,,0.269,1,277,26.265,88.699,2.275,238.982,,,,,0
2026-10-04T12:00Z,2026-10-05T00:00Z,6209697,12,4.4,5.6,,,,h,5.6,,,,0,0,259.669,2.709,0.047,6.7,,0.269,7,278,26.073,89.809,2.44,229.031,,,,,0
2026-10-04T12:00Z,2026-10-05T12:00Z,6209697,24,3,3.7,,,,h,3.7,,,,0,0,392.77,3.683,0.179,6.7,,0.269,19,278,26.653,87.431,2.917,234.352,,,,,0
2026-10-04T12:00Z,2026-10-06T12:00Z,6209697,48,2.9,3.3,,,,h,3.3,,,,0,0,291.926,3.137,0.358,6.7,,0.269,19,279,26.551,88.629,2.43,230.404,,,,,0
2026-10-04T12:00Z,2026-10-04T13:00Z,6209698,1,21.8,19.3,,,,h,19.3,,,,0,0,119.24,2.631,0,30.2,,-0.119,20,277,26.476,92.47,1.35,73.729,,,,,0
2026-10-04T12:00Z,2026-10-04T15:00Z,6209698,3,20.5,18.3,,,,h,18.3,,,,0,0.002,93.756,0.885,0.274,30.2,,-0.119,22,277,25.052,96.873,0.362,145.096,,,,,0
2026-10-04T12:00Z,2026-10-04T18:00Z,6209698,6,25.4,22.8,,,,h,22.8,,,,0,0.005,107.059,1.876,0,30.2,,-0.119,1,277,24.966,96.898,0.851,105.844,,,,,0
2026-10-04T12:00Z,2026-10-05T00:00Z,6209698,12,22.2,20.2,,,,h,20.2,,,,0,0.005,164.054,2.077,0,30.2,,-0.119,7,278,25.535,94.758,1.22,92.847,,,,,0
2026-10-04T12:00Z,2026-10-05T12:00Z,6209698,24,13.3,12.3,,,,h,12.3,,,,0,0,115.132,0.179,0.229,30.2,,-0.119,19,278,25.286,95.68,0.153,224.161,,,,,0
2026-10-04T12:00Z,2026-10-06T12:00Z,6209698,48,20.4,19.5,,,,h,19.5,,,,0,0,74.743,0.952,0,30.2,,-0.119,19,279,25.946,94.759,0.263,63.339,,,,,0
2026-10-04T12:00Z,2026-10-04T13:00Z,6210633,1,14.8,13,,,,h,13,,,,0,0.002,118.956,2.895,0,7.3,,-0.123,20,277,26.418,91.363,1.328,105.377,,,,,0
2026-10-04T12:00Z,2026-10-04T15:00Z,6210633,3,13.8,12.2,,,,h,12.2,,,,0,0.005,65.752,1.158,0.322,7.3,,-0.123,22,277,25.103,96.681,0.34,196.183,,,,,0
2026-10-04T12:00Z,2026-10-04T18:00Z,6210633,6,15,13.4,,,,h,13.4,,,,0,0.002,92.214,2.557,0,7.3,,-0.123,1,277,25,97.62,1.262,115.396,,,,,0
2026-10-04T12:00Z,2026-10-05T00:00Z,6210633,12,11.7,10.6,,,,h,10.6,,,,0,0,129.631,2.698,0,7.3,,-0.123,7,278,25.568,95.312,1.423,104.168,,,,,0
2026-10-04T12:00Z,2026-10-05T12:00Z,6210633,24,7.8,7.2,,,,h,7.2,,,,0,0,101.115,1.329,0.304,7.3,,-0.123,19,278,25.602,94.784,0.882,158.102,,,,,0
2026-10-04T12:00Z,2026-10-06T12:00Z,6210633,48,12.3,11.7,,,,h,11.7,,,,0,0,45.008,0.93,0.012,7.3,,-0.123,19,279,25.776,94.907,0.352,77.864,,,,,0
2026-10-04T12:00Z,2026-10-04T13:00Z,6210702,1,24,13.1,,,,h,13.1,,,,0,0,121.841,2.403,0,16.3,,-0.599,20,277,26.561,92.609,1.35,70.158,,,,,0
2026-10-04T12:00Z,2026-10-04T15:00Z,6210702,3,27.9,15.7,,,,h,15.7,,,,0,0,97.156,1.003,0.214,16.3,,-0.599,22,277,25.186,96.554,0.436,124.364,,,,,0
2026-10-04T12:00Z,2026-10-04T18:00Z,6210702,6,36.6,21.4,,,,h,21.4,,,,0,0.002,110.257,1.631,0,16.3,,-0.599,1,277,25.061,96.371,0.723,106.152,,,,,0
2026-10-04T12:00Z,2026-10-05T00:00Z,6210702,12,45.5,28.4,,,,h,28.4,,,,0,0.006,173.035,1.92,0,16.3,,-0.599,7,278,25.575,94.438,1.193,86.34,,,,,0
2026-10-04T12:00Z,2026-10-05T12:00Z,6210702,24,39.6,27.4,,,,h,27.4,,,,0,0,116.839,0.337,0.26,16.3,,-0.599,19,278,25.292,95.618,0.168,317.366,,,,,0
2026-10-04T12:00Z,2026-10-06T12:00Z,6210702,48,40.2,32.2,,,,h,32.2,,,,0,0,87.858,1.116,0,16.3,,-0.599,19,279,25.95,94.623,0.322,59.083,,,,,0
2026-10-04T12:00Z,2026-10-04T13:00Z,6218293,1,9.8,16.3,,,,h,16.3,,,,0,0.007,72.55,1.806,0,9,,0.491,20,277,25.36,97.444,0.736,154.877,,,,,0
2026-10-04T12:00Z,2026-10-04T15:00Z,6218293,3,10.7,17.4,,,,h,17.4,,,,0,0.012,121.646,2.823,0,9,,0.491,22,277,25.08,97.54,1.237,198.677,,,,,0
2026-10-04T12:00Z,2026-10-04T18:00Z,6218293,6,10.1,16,,,,h,16,,,,0,0.024,96.897,0.834,0,9,,0.491,1,277,24.563,97.6,0.695,2.488,,,,,0
2026-10-04T12:00Z,2026-10-05T00:00Z,6218293,12,6.2,9.5,,,,h,9.5,,,,0,0.024,146.965,1.295,0.244,9,,0.491,7,278,24.721,96.295,0.859,107.527,,,,,0
2026-10-04T12:00Z,2026-10-05T12:00Z,6218293,24,7.5,10.4,,,,h,10.4,,,,0,0.001,62.385,1.557,0,9,,0.491,19,278,26.254,94.153,0.633,15.325,,,,,0
2026-10-04T12:00Z,2026-10-06T12:00Z,6218293,48,6.9,8.4,,,,h,8.4,,,,0,0,72.514,1.751,0.614,9,,0.491,19,279,24.412,97.047,1.617,250.066,,,,,0
2026-10-04T12:00Z,2026-10-04T13:00Z,6218918,1,8.3,8.9,,,,h,8.9,,,,0,0,117.537,2.727,0.343,11.4,,0.065,20,277,24.518,98.167,1.455,70.194,,,,,0
2026-10-04T12:00Z,2026-10-04T15:00Z,6218918,3,8.1,8.7,,,,h,8.7,,,,0,0,150.66,3.279,0.968,11.4,,0.065,22,277,23.962,97.47,1.902,75.296,,,,,0
2026-10-04T12:00Z,2026-10-04T18:00Z,6218918,6,7.5,8,,,,h,8,,,,0,0,112.403,1.99,0,11.4,,0.065,1,277,23.543,97.531,0.973,81.99,,,,,0
2026-10-04T12:00Z,2026-10-05T00:00Z,6218918,12,6.8,7.2,,,,h,7.2,,,,0,0,191.596,3.195,0.411,11.4,,0.065,7,278,23.226,95.612,2.181,70.385,,,,,0
2026-10-04T12:00Z,2026-10-05T12:00Z,6218918,24,6,6.3,,,,h,6.3,,,,0,0,218.492,2.796,0.332,11.4,,0.065,19,278,24.291,96.474,1.322,80.512,,,,,0
2026-10-04T12:00Z,2026-10-06T12:00Z,6218918,48,9.5,9.7,,,,h,9.7,,,,0,0,149.452,4.05,0.885,11.4,,0.065,19,279,24.78,79.662,1.902,61.203,,,,,0
2026-10-04T12:00Z,2026-10-04T13:00Z,6222557,1,12.7,15.6,,,,h,15.6,,,,0,0,122.624,2.085,0,20.4,,0.202,20,277,26.671,92.786,1.32,63.683,,,,,0
2026-10-04T12:00Z,2026-10-04T15:00Z,6222557,3,16.1,19.6,,,,h,19.6,,,,0,0,100.966,1.184,0.144,20.4,,0.202,22,277,25.354,96.162,0.556,105.913,,,,,0
2026-10-04T12:00Z,2026-10-04T18:00Z,6222557,6,25.2,30.2,,,,h,30.2,,,,0,0,112.828,1.257,0,20.4,,0.202,1,277,25.17,95.777,0.515,105.141,,,,,0
2026-10-04T12:00Z,2026-10-05T00:00Z,6222557,12,27.8,32.6,,,,h,32.6,,,,0,0.005,183.592,1.724,0,20.4,,0.202,7,278,25.625,94.07,1.149,74.853,,,,,0
2026-10-04T12:00Z,2026-10-05T12:00Z,6222557,24,37.8,42.7,,,,h,42.7,,,,0,0,119.181,0.808,0.293,20.4,,0.202,19,278,25.284,95.568,0.403,327.076,,,,,0
2026-10-04T12:00Z,2026-10-06T12:00Z,6222557,48,33.3,35.9,,,,h,35.9,,,,0,0,102.053,1.301,0,20.4,,0.202,19,279,25.97,94.398,0.394,53.451,,,,,0
2026-10-04T12:00Z,2026-10-04T13:00Z,6223085,1,10.9,17.6,,,,h,17.6,,,,0,0,125.268,2.036,0,20.5,,0.468,20,277,26.726,93.732,1.467,34.885,,,,,0
2026-10-04T12:00Z,2026-10-04T15:00Z,6223085,3,11.6,18.4,,,,h,18.4,,,,0,0.069,115.512,2.069,0,20.5,,0.468,22,277,25.497,95.691,1.044,86.843,,,,,0
2026-10-04T12:00Z,2026-10-04T18:00Z,6223085,6,17.2,26.3,,,,h,26.3,,,,0,0.051,121.379,0.529,0,20.5,,0.468,1,277,25.226,94.547,0.156,95.25,,,,,0
2026-10-04T12:00Z,2026-10-05T00:00Z,6223085,12,25.7,37.1,,,,h,37.1,,,,0,0.024,206.972,1.527,0,20.5,,0.468,7,278,25.539,93.372,1.12,45.063,,,,,0
2026-10-04T12:00Z,2026-10-05T12:00Z,6223085,24,21.9,29.2,,,,h,29.2,,,,0,0.001,125.931,1.988,0.317,20.5,,0.468,19,278,25.102,95.889,1.103,335.789,,,,,0
2026-10-04T12:00Z,2026-10-06T12:00Z,6223085,48,18.2,21.7,,,,h,21.7,,,,0,0,137.537,1.653,0.005,20.5,,0.468,19,279,25.907,94.319,0.578,47.626,,,,,0
2026-10-04T12:00Z,2026-10-04T13:00Z,6224050,1,24,26.1,,,,h,26.1,,,,0,0,120.083,2.794,0,30,,0.084,20,277,26.442,92.673,1.431,69.079,,,,,0
2026-10-04T12:00Z,2026-10-04T15:00Z,6224050,3,27.9,30.2,,,,h,30.2,,,,0,0.002,97.714,0.986,0.282,30,,0.084,22,277,24.992,97.024,0.431,140.808,,,,,0
2026-10-04T12:00Z,2026-10-04T18:00Z,6224050,6,36.6,39.4,,,,h,39.4,,,,0,0.005,109.16,1.908,0,30,,0.084,1,277,24.928,96.895,0.869,104.527,,,,,0
2026-10-04T12:00Z,2026-10-05T00:00Z,6224050,12,45.5,48.6,,,,h,48.6,,,,0,0.006,166.193,2.067,0,30,,0.084,7,278,25.508,94.745,1.227,93.444,,,,,0
2026-10-04T12:00Z,2026-10-05T12:00Z,6224050,24,39.6,41.7,,,,h,41.7,,,,0,0,116.946,0.145,0.205,30,,0.084,19,278,25.238,95.854,0.147,256.328,,,,,0
2026-10-04T12:00Z,2026-10-06T12:00Z,6224050,48,40.2,41.5,,,,h,41.5,,,,0,0,77.024,0.918,0,30,,0.084,19,279,25.954,94.884,0.256,63.885,,,,,0
2026-10-04T12:00Z,2026-10-04T13:00Z,6226542,1,10.5,15,,,,h,15,,,,0,0,151.59,3.771,0,19.3,,0.345,20,277,26.897,89.688,2.1,141.465,,,,,0
2026-10-04T12:00Z,2026-10-04T15:00Z,6226542,3,11.7,16.4,,,,h,16.4,,,,0,0,48.87,1.112,0.077,19.3,,0.345,22,277,25.879,94.636,0.494,144.839,,,,,0
2026-10-04T12:00Z,2026-10-04T18:00Z,6226542,6,13.5,18.5,,,,h,18.5,,,,0,0,104.407,2.833,0,19.3,,0.345,1,277,25.671,95.659,1.519,131.11,,,,,0
2026-10-04T12:00Z,2026-10-05T00:00Z,6226542,12,13.4,17.7,,,,h,17.7,,,,0,0,149.443,3.188,0,19.3,,0.345,7,278,25.903,94.295,1.787,99.849,,,,,0
2026-10-04T12:00Z,2026-10-05T12:00Z,6226542,24,13.2,16.4,,,,h,16.4,,,,0,0,87.457,1.605,0.664,19.3,,0.345,19,278,26.206,92.83,1.085,112.052,,,,,0
2026-10-04T12:00Z,2026-10-06T12:00Z,6226542,48,9.5,10.9,,,,h,10.9,,,,0,0,86.117,2.063,0,19.3,,0.345,19,279,25.561,93.993,0.849,77.473,,,,,0
2026-10-04T12:00Z,2026-10-04T13:00Z,6226788,1,7.1,9.1,,,,h,9.1,,,,0,0,132.112,2.922,0.006,9,,0.228,20,277,26.019,92.694,1.486,159.391,,,,,0
2026-10-04T12:00Z,2026-10-04T15:00Z,6226788,3,7.1,9,,,,h,9,,,,0,0,87.342,2.528,0,9,,0.228,22,277,25.526,93.827,1.074,152.301,,,,,0
2026-10-04T12:00Z,2026-10-04T18:00Z,6226788,6,6.6,8.3,,,,h,8.3,,,,0,0,80.958,3.28,0.006,9,,0.228,1,277,24.782,94.105,1.498,155.728,,,,,0
2026-10-04T12:00Z,2026-10-05T00:00Z,6226788,12,5.6,6.9,,,,h,6.9,,,,0,0,59.587,0.383,0,9,,0.228,7,278,24.856,92.412,0.85,89.408,,,,,0
2026-10-04T12:00Z,2026-10-05T12:00Z,6226788,24,4.1,4.8,,,,h,4.8,,,,0,0,36.874,0.823,0.066,9,,0.228,19,278,25.616,92.757,0.41,145.954,,,,,0
2026-10-04T12:00Z,2026-10-06T12:00Z,6226788,48,3.4,3.8,,,,h,3.8,,,,0,0,59.725,0.805,0.346,9,,0.228,19,279,24.922,97.108,0.262,9.432,,,,,0
2026-10-04T12:00Z,2026-10-04T13:00Z,6229487,1,12.7,19.2,,,,h,19.2,,,,0,0,116.308,1.591,0,25.2,,0.403,20,277,26.763,92.213,1.059,82.502,,,,,0
2026-10-04T12:00Z,2026-10-04T15:00Z,6229487,3,16.1,23.8,,,,h,23.8,,,,0,0,88.928,0.662,0.136,25.2,,0.403,22,277,25.511,95.789,0.292,105.091,,,,,0
2026-10-04T12:00Z,2026-10-04T18:00Z,6229487,6,25.2,36.1,,,,h,36.1,,,,0,0,104.501,1.098,0,25.2,,0.403,1,277,25.251,95.945,0.415,108.605,,,,,0
2026-10-04T12:00Z,2026-10-05T00:00Z,6229487,12,27.8,38.2,,,,h,38.2,,,,0,0.002,175.618,1.724,0,25.2,,0.403,7,278,25.696,94.19,1.112,71.384,,,,,0
2026-10-04T12:00Z,2026-10-05T12:00Z,6229487,24,37.8,48.3,,,,h,48.3,,,,0,0,114.257,0.594,0.349,25.2,,0.403,19,278,25.392,95.132,0.221,302.092,,,,,0
2026-10-04T12:00Z,2026-10-06T12:00Z,6229487,48,33.3,38.7,,,,h,38.7,,,,0,0,90.93,1.344,0,25.2,,0.403,19,279,25.973,93.985,0.384,50.729,,,,,0
2026-10-04T12:00Z,2026-10-04T13:00Z,6229488,1,12.7,15.4,,,,h,15.4,,,,0,0,116.154,1.57,0,22,,0.185,20,277,26.767,92.256,1.059,80.668,,,,,0
2026-10-04T12:00Z,2026-10-04T15:00Z,6229488,3,16.1,19.3,,,,h,19.3,,,,0,0,89.734,0.685,0.132,22,,0.185,22,277,25.516,95.779,0.306,102.859,,,,,0
2026-10-04T12:00Z,2026-10-04T18:00Z,6229488,6,25.2,29.7,,,,h,29.7,,,,0,0,104.811,1.063,0,22,,0.185,1,277,25.253,95.906,0.394,107.998,,,,,0
2026-10-04T12:00Z,2026-10-05T00:00Z,6229488,12,27.8,32.2,,,,h,32.2,,,,0,0.002,176.677,1.706,0,22,,0.185,7,278,25.697,94.163,1.108,70.127,,,,,0
2026-10-04T12:00Z,2026-10-05T12:00Z,6229488,24,37.8,42.3,,,,h,42.3,,,,0,0,114.731,0.643,0.347,22,,0.185,19,278,25.382,95.156,0.252,303.863,,,,,0
2026-10-04T12:00Z,2026-10-06T12:00Z,6229488,48,33.3,35.7,,,,h,35.7,,,,0,0,92.093,1.352,0,22,,0.185,19,279,25.978,93.977,0.388,50.145,,,,,0
2026-10-04T12:00Z,2026-10-04T13:00Z,6230362,1,9.8,11.3,,,,h,11.3,,,,0,0.004,61.712,1.137,0,3,,0.139,20,277,25.325,97.878,0.606,165.007,,,,,0
2026-10-04T12:00Z,2026-10-04T15:00Z,6230362,3,10.7,12.3,,,,h,12.3,,,,0,0.007,101.951,2.358,0,3,,0.139,22,277,24.82,99.043,1.095,214.745,,,,,0
2026-10-04T12:00Z,2026-10-04T18:00Z,6230362,6,10.1,11.5,,,,h,11.5,,,,0,0.013,78.64,0.892,0,3,,0.139,1,277,24.36,98.278,0.674,329.15,,,,,0
2026-10-04T12:00Z,2026-10-05T00:00Z,6230362,12,6.2,7,,,,h,7,,,,0,0.017,108.763,1.006,0.145,3,,0.139,7,278,24.542,96.45,0.652,104.261,,,,,0
2026-10-04T12:00Z,2026-10-05T12:00Z,6230362,24,7.5,8.2,,,,h,8.2,,,,0,0.001,59.735,1.886,0,3,,0.139,19,278,25.91,94.305,0.677,37.954,,,,,0
2026-10-04T12:00Z,2026-10-06T12:00Z,6230362,48,6.9,7.3,,,,h,7.3,,,,0,0,46.46,0.98,0.224,3,,0.139,19,279,24.775,96.291,0.924,270.913,,,,,0
2026-10-04T12:00Z,2026-10-04T13:00Z,6230395,1,9.8,13.2,,,,h,13.2,,,,0,0.005,68.84,1.427,0,4.6,,0.285,20,277,25.24,97.791,0.688,152.112,,,,,0
2026-10-04T12:00Z,2026-10-04T15:00Z,6230395,3,10.7,14.2,,,,h,14.2,,,,0,0.01,115.874,2.547,0,4.6,,0.285,22,277,24.83,98.022,1.112,193.442,,,,,0
2026-10-04T12:00Z,2026-10-04T18:00Z,6230395,6,10.1,13.2,,,,h,13.2,,,,0,0.019,79.197,0.986,0,4.6,,0.285,1,277,24.215,98.094,0.766,354.011,,,,,0
2026-10-04T12:00Z,2026-10-05T00:00Z,6230395,12,6.2,7.9,,,,h,7.9,,,,0,0.022,120.143,1.153,0.135,4.6,,0.285,7,278,24.574,96.612,0.751,90.22,,,,,0
2026-10-04T12:00Z,2026-10-05T12:00Z,6230395,24,7.5,9.1,,,,h,9.1,,,,0,0.001,50.338,1.281,0,4.6,,0.285,19,278,25.927,94.336,0.501,26.871,,,,,0
2026-10-04T12:00Z,2026-10-06T12:00Z,6230395,48,6.9,7.8,,,,h,7.8,,,,0,0,54.751,1.252,0.555,4.6,,0.285,19,279,24.382,96.823,1.22,262.621,,,,,0
2026-10-04T12:00Z,2026-10-04T13:00Z,6235850,1,24,14.2,,,,h,14.2,,,,0,0,120.213,2.372,0,16.8,,-0.521,20,277,26.555,92.399,1.293,75.724,,,,,0
2026-10-04T12:00Z,2026-10-04T15:00Z,6235850,3,27.9,16.9,,,,h,16.9,,,,0,0.001,92.804,0.858,0.232,16.8,,-0.521,22,277,25.181,96.561,0.343,134.222,,,,,0
2026-10-04T12:00Z,2026-10-04T18:00Z,6235850,6,36.6,23,,,,h,23,,,,0,0.002,107.42,1.702,0,16.8,,-0.521,1,277,25.054,96.577,0.76,107.172,,,,,0
2026-10-04T12:00Z,2026-10-05T00:00Z,6235850,12,45.5,30.2,,,,h,30.2,,,,0,0.005,167.93,1.988,0,16.8,,-0.521,7,278,25.58,94.572,1.198,88.526,,,,,0
2026-10-04T12:00Z,2026-10-05T12:00Z,6235850,24,39.6,28.8,,,,h,28.8,,,,0,0,114.783,0.177,0.267,16.8,,-0.521,19,278,25.326,95.508,0.094,280.003,,,,,0
2026-10-04T12:00Z,2026-10-06T12:00Z,6235850,48,40.2,33.1,,,,h,33.1,,,,0,0,81.064,1.079,0,16.8,,-0.521,19,279,25.942,94.58,0.303,60.299,,,,,0
2026-10-04T12:00Z,2026-10-04T13:00Z,6236444,1,21.8,22.8,,,,h,22.8,,,,0,0.001,117.699,2.936,0,27.2,,0.047,20,277,26.389,92.659,1.437,69.343,,,,,0
2026-10-04T12:00Z,2026-10-04T15:00Z,6236444,3,20.5,21.4,,,,h,21.4,,,,0,0.004,96.804,0.946,0.319,27.2,,0.047,22,277,24.903,97.242,0.429,152.504,,,,,0
2026-10-04T12:00Z,2026-10-04T18:00Z,6236444,6,25.4,26.5,,,,h,26.5,,,,0,0.008,107.335,2.016,0,27.2,,0.047,1,277,24.861,97.21,0.919,103.607,,,,,0
2026-10-04T12:00Z,2026-10-05T00:00Z,6236444,12,22.2,23,,,,h,23,,,,0,0.006,161.64,2.13,0,27.2,,0.047,7,278,25.479,94.929,1.23,96.176,,,,,0
2026-10-04T12:00Z,2026-10-05T12:00Z,6236444,24,13.3,13.7,,,,h,13.7,,,,0,0,116.653,0.264,0.178,27.2,,0.047,19,278,25.213,95.951,0.189,209.615,,,,,0
2026-10-04T12:00Z,2026-10-06T12:00Z,6236444,48,20.4,20.8,,,,h,20.8,,,,0,0,69.524,0.808,0,27.2,,0.047,19,279,25.962,94.966,0.218,65.994,,,,,0
2026-10-04T12:00Z,2026-10-04T13:00Z,6238788,1,14.8,19.9,,,,h,19.9,,,,0,0,131.86,3.229,0,17.6,,0.294,20,277,26.563,90.66,1.591,118.044,,,,,0
2026-10-04T12:00Z,2026-10-04T15:00Z,6238788,3,13.8,18.4,,,,h,18.4,,,,0,0,61.338,1.104,0.266,17.6,,0.294,22,277,25.296,96.145,0.178,181.376,,,,,0
2026-10-04T12:00Z,2026-10-04T18:00Z,6238788,6,15,19.6,,,,h,19.6,,,,0,0,98.632,2.757,0,17.6,,0.294,1,277,25.197,97.135,1.419,120.034,,,,,0
2026-10-04T12:00Z,2026-10-05T00:00Z,6238788,12,11.7,14.9,,,,h,14.9,,,,0,0,138.175,3.019,0,17.6,,0.294,7,278,25.672,95.066,1.609,104.098,,,,,0
2026-10-04T12:00Z,2026-10-05T12:00Z,6238788,24,7.8,9.5,,,,h,9.5,,,,0,0,96.07,1.442,0.42,17.6,,0.294,19,278,25.798,94.159,0.999,139.09,,,,,0
2026-10-04T12:00Z,2026-10-06T12:00Z,6238788,48,12.3,13.8,,,,h,13.8,,,,0,0,56.838,1.316,0.002,17.6,,0.294,19,279,25.717,94.575,0.539,81.512,,,,,0
2026-10-04T12:00Z,2026-10-04T13:00Z,6240774,1,24,16.1,,,,h,16.1,,,,0,0,121.64,2.932,0,20.1,,-0.398,20,277,26.421,92.853,1.511,65.484,,,,,0
2026-10-04T12:00Z,2026-10-04T15:00Z,6240774,3,27.9,19,,,,h,19,,,,0,0.001,101.403,1.105,0.281,20.1,,-0.398,22,277,24.955,97.114,0.504,135.618,,,,,0
2026-10-04T12:00Z,2026-10-04T18:00Z,6240774,6,36.6,25.7,,,,h,25.7,,,,0,0.005,111.551,1.927,0,20.1,,-0.398,1,277,24.908,96.823,0.883,103.755,,,,,0
2026-10-04T12:00Z,2026-10-05T00:00Z,6240774,12,45.5,33.3,,,,h,33.3,,,,0,0.007,169.003,2.055,0,20.1,,-0.398,7,278,25.49,94.695,1.24,93.63,,,,,0
2026-10-04T12:00Z,2026-10-05T12:00Z,6240774,24,39.6,31.1,,,,h,31.1,,,,0,0,118.55,0.17,0.189,20.1,,-0.398,19,278,25.204,95.984,0.182,301.851,,,,,0
2026-10-04T12:00Z,2026-10-06T12:00Z,6240774,48,40.2,34.7,,,,h,34.7,,,,0,0,80.737,0.914,0,20.1,,-0.398,19,279,25.956,94.987,0.262,64.395,,,,,0
2026-10-04T12:00Z,2026-10-04T13:00Z,6244503,1,10.7,18.4,,,,h,18.4,,,,0,0.12,53.623,1.294,0,21.5,,0.528,20,277,24.67,95.302,0.683,103.819,,,,,0
2026-10-04T12:00Z,2026-10-04T15:00Z,6244503,3,11.3,19,,,,h,19,,,,0,0.068,78.32,1.388,1.35,21.5,,0.528,22,277,23.617,97.248,0.602,84.061,,,,,0
2026-10-04T12:00Z,2026-10-04T18:00Z,6244503,6,5.2,8.8,,,,h,8.8,,,,0,0.017,129.797,2.046,0.82,21.5,,0.528,1,277,22.306,99.597,1.309,337.31,,,,,0
2026-10-04T12:00Z,2026-10-05T00:00Z,6244503,12,4.8,7.7,,,,h,7.7,,,,0,0.001,218.19,2.362,0.064,21.5,,0.528,7,278,21.752,95.285,1.173,65.188,,,,,0
2026-10-04T12:00Z,2026-10-05T12:00Z,6244503,24,5.2,7.5,,,,h,7.5,,,,0,0,47.145,1.028,0,21.5,,0.528,19,278,23.474,96.265,0.195,52.143,,,,,0
2026-10-04T12:00Z,2026-10-06T12:00Z,6244503,48,9.8,12.1,,,,h,12.1,,,,0,0,59.732,0.858,1.305,21.5,,0.528,19,279,22.67,93.339,0.191,2.505,,,,,0
2026-10-04T12:00Z,2026-10-04T13:00Z,6245573,1,12.7,15.9,,,,h,15.9,,,,0,0,118.983,1.875,0,21,,0.22,20,277,26.693,92.376,1.17,76.278,,,,,0
2026-10-04T12:00Z,2026-10-04T15:00Z,6245573,3,16.1,19.9,,,,h,19.9,,,,0,0,92.427,0.816,0.16,21,,0.22,22,277,25.399,96.05,0.352,112.617,,,,,0
2026-10-04T12:00Z,2026-10-04T18:00Z,6245573,6,25.2,30.7,,,,h,30.7,,,,0,0,107.174,1.288,0,21,,0.22,1,277,25.189,96.05,0.525,107.698,,,,,0
2026-10-04T12:00Z,2026-10-05T00:00Z,6245573,12,27.8,33.1,,,,h,33.1,,,,0,0.004,175.541,1.78,0,21,,0.22,7,278,25.654,94.251,1.136,76.953,,,,,0
2026-10-04T12:00Z,2026-10-05T12:00Z,6245573,24,37.8,43.2,,,,h,43.2,,,,0,0,115.367,0.516,0.319,21,,0.22,19,278,25.357,95.308,0.188,309.671,,,,,0
2026-10-04T12:00Z,2026-10-06T12:00Z,6245573,48,33.3,36.1,,,,h,36.1,,,,0,0,91.249,1.273,0,21,,0.22,19,279,25.962,94.223,0.365,53.58,,,,,0
2026-10-04T12:00Z,2026-10-04T13:00Z,6248478,1,21.8,8.8,,,,h,8.8,,,,0,0,118.242,2.61,0,9.9,,-0.877,20,277,26.475,92.323,1.312,77.324,,,,,0
2026-10-04T12:00Z,2026-10-04T15:00Z,6248478,3,20.5,8.6,,,,h,8.6,,,,0,0.004,90.745,0.83,0.284,9.9,,-0.877,22,277,25.054,96.867,0.325,153.786,,,,,0
2026-10-04T12:00Z,2026-10-04T18:00Z,6248478,6,25.4,11.4,,,,h,11.4,,,,0,0.006,105.171,1.921,0,9.9,,-0.877,1,277,24.965,97.026,0.875,106.552,,,,,0
2026-10-04T12:00Z,2026-10-05T00:00Z,6248478,12,22.2,10.9,,,,h,10.9,,,,0,0.005,160.702,2.127,0,9.9,,-0.877,7,278,25.54,94.842,1.225,94.004,,,,,0
2026-10-04T12:00Z,2026-10-05T12:00Z,6248478,24,13.3,7.5,,,,h,7.5,,,,0,0,113.698,0.284,0.235,9.9,,-0.877,19,278,25.311,95.597,0.216,197.756,,,,,0
2026-10-04T12:00Z,2026-10-06T12:00Z,6248478,48,20.4,14.6,,,,h,14.6,,,,0,0,70.37,0.933,0,9.9,,-0.877,19,279,25.94,94.725,0.257,64.378,,,,,0
2026-10-04T12:00Z,2026-10-04T13:00Z,6256182,1,12.3,13.3,,,,h,13.3,,,,0,0.001,163.999,1.666,0.947,15.3,,0.077,20,277,24.812,93.926,0.856,312.215,,,,,0
2026-10-04T12:00Z,2026-10-04T15:00Z,6256182,3,11.2,12.1,,,,h,12.1,,,,0,0.001,124.825,1.283,0.05,15.3,,0.077,22,277,24.542,95.299,0.474,309.528,,,,,0
2026-10-04T12:00Z,2026-10-04T18:00Z,6256182,6,10.4,11.2,,,,h,11.2,,,,0,0,104.571,1.435,0,15.3,,0.077,1,277,24.117,97.498,0.511,20.665,,,,,0
2026-10-04T12:00Z,2026-10-05T00:00Z,6256182,12,7,7.5,,,,h,7.5,,,,0,0,109.19,1.4,0.05,15.3,,0.077,7,278,24.062,97.879,0.861,73.773,,,,,0
2026-10-04T12:00Z,2026-10-05T12:00Z,6256182,24,5.3,5.6,,,,h,5.6,,,,0,0,66.424,0.82,1.822,15.3,,0.077,19,278,24.964,92.769,0.422,89.923,,,,,0
2026-10-04T12:00Z,2026-10-06T12:00Z,6256182,48,10.9,11.2,,,,h,11.2,,,,0,0,143.257,4.437,0.045,15.3,,0.077,19,279,25.955,82.872,1.78,86.644,,,,,0
2026-10-04T12:00Z,2026-10-04T13:00Z,6262040,1,6.3,9.6,,,,h,9.6,,,,0,0,309.98,3.331,0.027,9.4,,0.387,20,277,26.375,88.581,2.245,256.876,,,,,0
2026-10-04T12:00Z,2026-10-04T15:00Z,6262040,3,6.2,9.3,,,,h,9.3,,,,0,0,262.394,2.661,0.069,9.4,,0.387,22,277,26.082,89.067,1.606,251.263,,,,,0
2026-10-04T12:00Z,2026-10-04T18:00Z,6262040,6,7.5,10.9,,,,h,10.9,,,,0,0,234.003,1.949,0,9.4,,0.387,1,277,25.597,89.504,1.225,251.222,,,,,0
2026-10-04T12:00Z,2026-10-05T00:00Z,6262040,12,3.6,5.2,,,,h,5.2,,,,0,0,218.604,2.102,0.112,9.4,,0.387,7,278,25.261,90.456,1.695,237.466,,,,,0
2026-10-04T12:00Z,2026-10-05T12:00Z,6262040,24,3.6,4.8,,,,h,4.8,,,,0,0,357.489,3.047,0.149,9.4,,0.387,19,278,26.101,88.236,2.118,232.338,,,,,0
2026-10-04T12:00Z,2026-10-06T12:00Z,6262040,48,4.5,5.3,,,,h,5.3,,,,0,0,283.698,2.823,0.186,9.4,,0.387,19,279,26.076,89.293,1.933,233.71,,,,,0
2026-10-04T12:00Z,2026-10-04T13:00Z,6262415,1,21.8,13.6,,,,h,13.6,,,,0,0.001,119.872,2.873,0.096,19.7,,-0.462,20,277,26.338,92.804,1.455,67.999,,,,,0
2026-10-04T12:00Z,2026-10-04T15:00Z,6262415,3,20.5,13.1,,,,h,13.1,,,,0,0.002,103.319,0.991,0.293,19.7,,-0.462,22,277,24.962,96.973,0.428,149.16,,,,,0
2026-10-04T12:00Z,2026-10-04T18:00Z,6262415,6,25.4,16.7,,,,h,16.7,,,,0,0.006,116.218,1.831,0,19.7,,-0.462,1,277,24.91,96.786,0.83,105.442,,,,,0
2026-10-04T12:00Z,2026-10-05T00:00Z,6262415,12,22.2,15.3,,,,h,15.3,,,,0,0.007,170.336,2.024,0,19.7,,-0.462,7,278,25.495,94.59,1.209,95.087,,,,,0
2026-10-04T12:00Z,2026-10-05T12:00Z,6262415,24,13.3,9.9,,,,h,9.9,,,,0,0.001,121.194,0.091,0.183,19.7,,-0.462,19,278,25.251,95.791,0.173,281.664,,,,,0
2026-10-04T12:00Z,2026-10-06T12:00Z,6262415,48,20.4,17.1,,,,h,17.1,,,,0,0,77.052,0.9,0.039,19.7,,-0.462,19,279,25.925,95,0.208,56.654,,,,,0
2026-10-04T12:00Z,2026-10-04T13:00Z,6266678,1,9.8,14.1,,,,h,14.1,,,,0,0.006,70.935,1.59,0,5.1,,0.347,20,277,25.301,97.55,0.72,153.075,,,,,0
2026-10-04T12:00Z,2026-10-04T15:00Z,6266678,3,10.7,15.1,,,,h,15.1,,,,0,0.011,120.114,2.685,0,5.1,,0.347,22,277,24.946,97.69,1.177,194.366,,,,,0
2026-10-04T12:00Z,2026-10-04T18:00Z,6266678,6,10.1,14,,,,h,14,,,,0,0.022,85.282,0.962,0,5.1,,0.347,1,277,24.345,97.888,0.758,357.664,,,,,0
2026-10-04T12:00Z,2026-10-05T00:00Z,6266678,12,6.2,8.4,,,,h,8.4,,,,0,0.024,130.841,1.184,0.173,5.1,,0.347,7,278,24.66,96.386,0.787,95.073,,,,,0
2026-10-04T12:00Z,2026-10-05T12:00Z,6266678,24,7.5,9.4,,,,h,9.4,,,,0,0.001,54.228,1.35,0,5.1,,0.347,19,278,26.057,94.31,0.546,20.687,,,,,0
2026-10-04T12:00Z,2026-10-06T12:00Z,6266678,48,6.9,8,,,,h,8,,,,0,0,62.411,1.48,0.624,5.1,,0.347,19,279,24.373,96.848,1.418,255.153,,,,,0
2026-10-04T12:00Z,2026-10-04T13:00Z,6267732,1,9.5,20.1,,,,h,20.1,,,,0,0,131.084,3.3,0.418,46.3,,0.726,20,277,24.488,98.074,1.753,67.046,,,,,0
2026-10-04T12:00Z,2026-10-04T15:00Z,6267732,3,8.7,17.9,,,,h,17.9,,,,0,0,160.766,3.663,1.131,46.3,,0.726,22,277,23.923,97.189,2.123,78.264,,,,,0
2026-10-04T12:00Z,2026-10-04T18:00Z,6267732,6,6.7,13.4,,,,h,13.4,,,,0,0,120.937,2.261,0,46.3,,0.726,1,277,23.514,97.208,1.147,77.69,,,,,0
2026-10-04T12:00Z,2026-10-05T00:00Z,6267732,12,5.1,9.6,,,,h,9.6,,,,0,0,211.097,3.626,0.364,46.3,,0.726,7,278,23.166,95.24,2.517,68.459,,,,,0
2026-10-04T12:00Z,2026-10-05T12:00Z,6267732,24,6.2,10.1,,,,h,10.1,,,,0,0,207.911,2.856,0.306,46.3,,0.726,19,278,24.316,96.406,1.395,82.147,,,,,0
2026-10-04T12:00Z,2026-10-06T12:00Z,6267732,48,10,13.3,,,,h,13.3,,,,0,0,162.011,4.34,0.844,46.3,,0.726,19,279,24.879,78.521,2.048,62.275,,,,,0
2026-10-04T12:00Z,2026-10-04T13:00Z,6284173,1,14.1,36.1,,,,h,36.1,,,,0,0.001,31.352,0.669,0,59.4,,0.937,20,277,24.166,96.105,0.056,150.153,,,,,0
2026-10-04T12:00Z,2026-10-04T15:00Z,6284173,3,15.3,37.6,,,,h,37.6,,,,0,0.001,22.394,0.41,0,59.4,,0.937,22,277,23.261,98.451,0.353,339.818,,,,,0
2026-10-04T12:00Z,2026-10-04T18:00Z,6284173,6,12.8,30,,,,h,30,,,,0,0.003,98.206,2.871,0.387,59.4,,0.937,1,277,22.403,97.646,1.207,146.272,,,,,0
2026-10-04T12:00Z,2026-10-05T00:00Z,6284173,12,5.6,12.5,,,,h,12.5,,,,0,0.005,80.163,1.04,0,59.4,,0.937,7,278,21.862,96.644,0.751,302.568,,,,,0
2026-10-04T12:00Z,2026-10-05T12:00Z,6284173,24,14.5,26,,,,h,26,,,,0,0.001,66.418,0.96,0.22,59.4,,0.937,19,278,23.438,97.016,0.383,7.843,,,,,0
2026-10-04T12:00Z,2026-10-06T12:00Z,6284173,48,13.1,18.8,,,,h,18.8,,,,0,0,75.579,0.334,0.95,59.4,,0.937,19,279,22.513,96.708,0.192,60.064,,,,,0
2026-10-04T12:00Z,2026-10-04T13:00Z,6285048,1,9,10.3,,,,h,10.3,,,,0,0.054,46.136,1.661,0,9.6,,0.127,20,277,23.467,96.644,0.55,256.891,,,,,0
2026-10-04T12:00Z,2026-10-04T15:00Z,6285048,3,9,10.2,,,,h,10.2,,,,0,0.03,22.604,0.766,0,9.6,,0.127,22,277,22.661,98.629,0.333,123.144,,,,,0
2026-10-04T12:00Z,2026-10-04T18:00Z,6285048,6,2.4,2.8,,,,h,2.8,,,,0,0.009,57.063,2.062,0.925,9.6,,0.127,1,277,21.638,98.972,0.835,160.231,,,,,0
2026-10-04T12:00Z,2026-10-05T00:00Z,6285048,12,4.6,5.2,,,,h,5.2,,,,0,0.009,100.827,1.432,0,9.6,,0.127,7,278,21.574,98.28,0.91,95.64,,,,,0
2026-10-04T12:00Z,2026-10-05T12:00Z,6285048,24,8.4,9.1,,,,h,9.1,,,,0,0.001,35.249,1.063,0.38,9.6,,0.127,19,278,22.657,95.723,0.451,8.54,,,,,0
2026-10-04T12:00Z,2026-10-06T12:00Z,6285048,48,7.9,8.3,,,,h,8.3,,,,0,0,57.369,1.086,0.219,9.6,,0.127,19,279,22.015,95.986,0.632,54.159,,,,,0
2026-10-04T12:00Z,2026-10-04T13:00Z,6287521,1,18.6,42.7,,,,h,42.7,,,,0,0.038,40.875,0.333,0,34.7,,0.836,20,277,24.938,94.667,0.147,221.657,,,,,0
2026-10-04T12:00Z,2026-10-04T15:00Z,6287521,3,16.1,35.9,,,,h,35.9,,,,0,0.036,39.667,0.401,0,34.7,,0.836,22,277,24.379,95.756,0.185,88.254,,,,,0
2026-10-04T12:00Z,2026-10-04T18:00Z,6287521,6,15.9,33.8,,,,h,33.8,,,,0,0.023,128.519,3.452,1.117,34.7,,0.836,1,277,23.133,98.21,1.807,162.433,,,,,0
2026-10-04T12:00Z,2026-10-05T00:00Z,6287521,12,7.3,14.7,,,,h,14.7,,,,0,0.009,103.215,0.781,0,34.7,,0.836,7,278,23.096,96.094,0.724,119.786,,,,,0
2026-10-04T12:00Z,2026-10-05T12:00Z,6287521,24,10.8,18.4,,,,h,18.4,,,,0,0.001,68.008,1.226,0.472,34.7,,0.836,19,278,24.319,94.155,0.45,55.966,,,,,0
2026-10-04T12:00Z,2026-10-06T12:00Z,6287521,48,12,16.6,,,,h,16.6,,,,0,0,87.245,1.419,0.546,34.7,,0.836,19,279,23.265,95.963,0.791,313.638,,,,,0
2026-10-04T12:00Z,2026-10-04T13:00Z,6289784,1,6.8,9.1,,,,h,9.1,,,,0,0,155.328,1.362,0,14.7,,0.268,20,277,25.521,93.052,0.433,317.524,,,,,0
2026-10-04T12:00Z,2026-10-04T15:00Z,6289784,3,6.3,8.3,,,,h,8.3,,,,0,0,69.078,0.738,0,14.7,,0.268,22,277,25.126,96,0.584,93.924,,,,,0
2026-10-04T12:00Z,2026-10-04T18:00Z,6289784,6,6.9,9,,,,h,9,,,,0,0,69.293,1.062,0,14.7,,0.268,1,277,24.715,98.048,0.282,79.29,,,,,0
2026-10-04T12:00Z,2026-10-05T00:00Z,6289784,12,5.9,7.5,,,,h,7.5,,,,0,0,139.13,1.448,0.003,14.7,,0.268,7,278,24.918,95.968,1.134,69.873,,,,,0
2026-10-04T12:00Z,2026-10-05T12:00Z,6289784,24,6.3,7.6,,,,h,7.6,,,,0,0,204.689,2.307,0.19,14.7,,0.268,19,278,25.969,92.957,1.04,12.425,,,,,0
2026-10-04T12:00Z,2026-10-06T12:00Z,6289784,48,8.5,9.5,,,,h,9.5,,,,0,0,84.405,1.588,0.934,14.7,,0.268,19,279,24.405,93.07,0.636,110.594,,,,,0
2026-10-04T12:00Z,2026-10-04T13:00Z,6291584,1,10.4,17.6,,,,h,17.6,,,,0,0.066,36.479,1.293,0,23,,0.513,20,277,24.448,96.684,0.429,169.151,,,,,0
2026-10-04T12:00Z,2026-10-04T15:00Z,6291584,3,10,16.6,,,,h,16.6,,,,0,0.054,36.831,1.499,0.027,23,,0.513,22,277,23.798,98.036,0.495,143.139,,,,,0
2026-10-04T12:00Z,2026-10-04T18:00Z,6291584,6,8.1,13.2,,,,h,13.2,,,,0,0.016,76.993,1.211,0.881,23,,0.513,1,277,22.071,97.295,0.61,238.29,,,,,0
2026-10-04T12:00Z,2026-10-05T00:00Z,6291584,12,4.6,7.3,,,,h,7.3,,,,0,0.002,218.946,2.545,0.052,23,,0.513,7,278,21.272,97.79,1.573,50.712,,,,,0
2026-10-04T12:00Z,2026-10-05T12:00Z,6291584,24,6.8,9.6,,,,h,9.6,,,,0,0,84.945,1.202,0.322,23,,0.513,19,278,22.601,97.982,0.32,19.853,,,,,0
2026-10-04T12:00Z,2026-10-06T12:00Z,6291584,48,8.9,10.9,,,,h,10.9,,,,0,0,25.537,0.884,0.055,23,,0.513,19,279,23.135,91.578,0.115,7.27,,,,,0
2026-10-04T12:00Z,2026-10-04T13:00Z,6291933,1,7.6,5.9,,,,h,5.9,,,,0,0.046,44.074,1.649,0,23.6,,-0.225,20,277,24.661,95.176,0.278,192.235,,,,,0
2026-10-04T12:00Z,2026-10-04T15:00Z,6291933,3,7.1,5.6,,,,h,5.6,,,,0,0.031,56.678,1.2,0.868,23.6,,-0.225,22,277,24.121,95.321,0.242,171.075,,,,,0
2026-10-04T12:00Z,2026-10-04T18:00Z,6291933,6,6.3,5,,,,h,5,,,,0,0.015,65.958,0.66,1.073,23.6,,-0.225,1,277,22.588,98.628,0.486,175.882,,,,,0
2026-10-04T12:00Z,2026-10-05T00:00Z,6291933,12,3.7,3,,,,h,3,,,,0,0.009,155.345,2.003,0,23.6,,-0.225,7,278,21.686,99.239,1.325,88.86,,,,,0
2026-10-04T12:00Z,2026-10-05T12:00Z,6291933,24,4.4,3.7,,,,h,3.7,,,,0,0,56.99,1.186,0.45,23.6,,-0.225,19,278,23.087,97.991,0.56,79.629,,,,,0
2026-10-04T12:00Z,2026-10-06T12:00Z,6291933,48,6.7,6.1,,,,h,6.1,,,,0,0,23.795,0.505,0.14,23.6,,-0.225,19,279,22.406,96.714,0.225,8.832,,,,,0
2026-10-04T12:00Z,2026-10-04T13:00Z,6294442,1,5,9.8,,,,h,9.8,,,,0,0,57.282,1.443,0,27.5,,0.61,20,277,23.292,95.643,0.52,189.192,,,,,0
2026-10-04T12:00Z,2026-10-04T15:00Z,6294442,3,3.9,7.6,,,,h,7.6,,,,0,0.001,28.641,0.495,0,27.5,,0.61,22,277,22.288,98.565,0.191,192.127,,,,,0
2026-10-04T12:00Z,2026-10-04T18:00Z,6294442,6,4.4,8.1,,,,h,8.1,,,,0,0.001,42.997,1.37,0.093,27.5,,0.61,1,277,21.737,98.595,0.29,156.791,,,,,0
2026-10-04T12:00Z,2026-10-05T00:00Z,6294442,12,1,2.2,,,,h,2.2,,,,0,0.002,76.978,1.226,0,27.5,,0.61,7,278,21.098,99,0.733,10.481,,,,,0
2026-10-04T12:00Z,2026-10-05T12:00Z,6294442,24,4.3,6.6,,,,h,6.6,,,,0,0,53.196,1.467,0.006,27.5,,0.61,19,278,21.963,96.522,0.449,17.23,,,,,0
2026-10-04T12:00Z,2026-10-06T12:00Z,6294442,48,3.2,4.2,,,,h,4.2,,,,0,0,49.316,0.269,0.286,27.5,,0.61,19,279,21.757,98.085,0.283,46.154,,,,,0
2026-10-04T12:00Z,2026-10-04T13:00Z,6300553,1,10.4,8.7,,,,h,8.7,,,,0,0.026,31.188,1.392,0,10.7,,-0.17,20,277,24.474,97.211,0.441,162.202,,,,,0
2026-10-04T12:00Z,2026-10-04T15:00Z,6300553,3,10,8.4,,,,h,8.4,,,,0,0.03,34.135,1.481,0.014,10.7,,-0.17,22,277,24.035,97.655,0.393,142.888,,,,,0
2026-10-04T12:00Z,2026-10-04T18:00Z,6300553,6,8.1,6.9,,,,h,6.9,,,,0,0.01,55.132,0.775,1.439,10.7,,-0.17,1,277,21.949,98.291,0.299,249.257,,,,,0
2026-10-04T12:00Z,2026-10-05T00:00Z,6300553,12,4.6,3.9,,,,h,3.9,,,,0,0.002,221.202,2.64,0.037,10.7,,-0.17,7,278,21.307,98.091,1.568,47.65,,,,,0
2026-10-04T12:00Z,2026-10-05T12:00Z,6300553,24,6.8,6,,,,h,6,,,,0,0,79.489,1.357,0.73,10.7,,-0.17,19,278,22.602,98.098,0.389,14.644,,,,,0
2026-10-04T12:00Z,2026-10-06T12:00Z,6300553,48,8.9,8.3,,,,h,8.3,,,,0,0,28.506,0.884,0.085,10.7,,-0.17,19,279,23.084,92.971,0.295,341.615,,,,,0
2026-10-04T12:00Z,2026-10-04T13:00Z,6301503,1,8.5,5.1,,,,h,5.1,,,,0,0.02,19.337,0.834,0,8.2,,-0.463,20,277,24.566,96.073,0.143,229.718,,,,,0
2026-10-04T12:00Z,2026-10-04T15:00Z,6301503,3,7.8,4.7,,,,h,4.7,,,,0,0.039,32.826,0.533,0.935,8.2,,-0.463,22,277,24.089,95.31,0.217,103.848,,,,,0
2026-10-04T12:00Z,2026-10-04T18:00Z,6301503,6,7.7,4.8,,,,h,4.8,,,,0,0.019,66.55,0.255,0.899,8.2,,-0.463,1,277,22.188,98.896,0.21,122.466,,,,,0
2026-10-04T12:00Z,2026-10-05T00:00Z,6301503,12,3.5,2.2,,,,h,2.2,,,,0,0.005,179.249,2.536,0.007,8.2,,-0.463,7,278,21.432,98.405,1.626,98.15,,,,,0
2026-10-04T12:00Z,2026-10-05T12:00Z,6301503,24,6.1,4.4,,,,h,4.4,,,,0,0,57.126,1.224,0.438,8.2,,-0.463,19,278,22.831,98.405,0.506,79.07,,,,,0
2026-10-04T12:00Z,2026-10-06T12:00Z,6301503,48,8.8,7.3,,,,h,7.3,,,,0,0,17.957,0.242,0.09,8.2,,-0.463,19,279,22.637,95.851,0.121,51.001,,,,,0
2026-10-04T12:00Z,2026-10-04T13:00Z,6318469,1,14.1,14.1,,,,h,14.1,,,,0,0.002,46.207,0.281,0,,,0,20,277,25.026,94.026,0.182,98.118,,,,,0
2026-10-04T12:00Z,2026-10-04T15:00Z,6318469,3,15.3,15.3,,,,h,15.3,,,,0,0.004,27.455,0.449,0,,,0,22,277,24.229,97.083,0.352,357.479,,,,,0
2026-10-04T12:00Z,2026-10-04T18:00Z,6318469,6,12.8,12.8,,,,h,12.8,,,,0,0.009,144.246,3.431,0.84,,,0,1,277,23.302,97.624,1.714,159.5,,,,,0
2026-10-04T12:00Z,2026-10-05T00:00Z,6318469,12,5.6,5.6,,,,h,5.6,,,,0,0.006,93.685,0.324,0,,,0,7,278,23.025,95.17,0.281,270.694,,,,,0
2026-10-04T12:00Z,2026-10-05T12:00Z,6318469,24,14.5,14.5,,,,h,14.5,,,,0,0.001,92.338,1.343,0.414,,,0,19,278,24.577,93.798,0.574,59.506,,,,,0
2026-10-04T12:00Z,2026-10-06T12:00Z,6318469,48,13.1,13.1,,,,h,13.1,,,,0,0,89.469,1.467,0.969,,,0,19,279,23.143,96.099,0.878,314.063,,,,,0
2026-10-04T12:00Z,2026-10-04T13:00Z,6328962,1,10.2,12.8,,,,h,12.8,,,,0,0,81.637,0.884,0,12,,0.217,20,277,26.175,94,0.675,355.217,,,,,0
2026-10-04T12:00Z,2026-10-04T15:00Z,6328962,3,10.7,13.3,,,,h,13.3,,,,0,0,86.044,0.98,0,12,,0.217,22,277,25.109,95.615,0.385,33.14,,,,,0
2026-10-04T12:00Z,2026-10-04T18:00Z,6328962,6,15.4,18.8,,,,h,18.8,,,,0,0,86.27,0.499,0,12,,0.217,1,277,24.607,95.765,0.571,301.939,,,,,0
2026-10-04T12:00Z,2026-10-05T00:00Z,6328962,12,19.4,23.1,,,,h,23.1,,,,0,0.016,167.273,1.665,0,12,,0.217,7,278,24.846,94.659,1.063,11.314,,,,,0
2026-10-04T12:00Z,2026-10-05T12:00Z,6328962,24,27.1,31,,,,h,31,,,,0,0.001,110.506,1.719,0.311,12,,0.217,19,278,24.624,96.101,0.893,310.722,,,,,0
2026-10-04T12:00Z,2026-10-06T12:00Z,6328962,48,25.9,28.1,,,,h,28.1,,,,0,0,98.451,1.54,0.048,12,,0.217,19,279,25.42,94.023,0.544,32.138,,,,,0
2026-10-04T12:00Z,2026-10-04T13:00Z,6410306,1,14.1,22.9,,,,h,22.9,,,,0,0.001,80.551,1.36,0,20.6,,0.477,20,277,22.854,96.1,0.551,151.912,,,,,0
2026-10-04T12:00Z,2026-10-04T15:00Z,6410306,3,15.3,24.3,,,,h,24.3,,,,0,0.001,35.754,0.255,0,20.6,,0.477,22,277,22.289,97.911,0.32,0.274,,,,,0
2026-10-04T12:00Z,2026-10-04T18:00Z,6410306,6,12.8,19.9,,,,h,19.9,,,,0,0.004,69.688,1.507,0.248,20.6,,0.477,1,277,21.348,99.312,0.496,121.568,,,,,0
2026-10-04T12:00Z,2026-10-05T00:00Z,6410306,12,5.6,8.5,,,,h,8.5,,,,0,0.002,91.41,1.164,0,20.6,,0.477,7,278,21.145,96.223,0.855,321.626,,,,,0
2026-10-04T12:00Z,2026-10-05T12:00Z,6410306,24,14.5,19.6,,,,h,19.6,,,,0,0,33.252,0.647,0.018,20.6,,0.477,19,278,22.724,95.581,0.196,333.169,,,,,0
2026-10-04T12:00Z,2026-10-06T12:00Z,6410306,48,13.1,15.7,,,,h,15.7,,,,0,0,74.312,0.937,1.654,20.6,,0.477,19,279,21.321,97.692,0.541,30.32,,,,,0
2026-10-04T12:00Z,2026-10-04T13:00Z,6419429,1,8.7,13.6,,,,h,13.6,,,,0,0,119.099,1.736,2.698,13,,0.424,20,277,24.649,93.694,1.341,233.378,,,,,0
2026-10-04T12:00Z,2026-10-04T15:00Z,6419429,3,9.3,14.2,,,,h,14.2,,,,0,0,71.027,0.639,0.233,13,,0.424,22,277,24.711,94.841,0.313,225.33,,,,,0
2026-10-04T12:00Z,2026-10-04T18:00Z,6419429,6,13.2,19.5,,,,h,19.5,,,,0,0.002,44.721,0.513,0,13,,0.424,1,277,24.434,95.462,0.261,129.274,,,,,0
2026-10-04T12:00Z,2026-10-05T00:00Z,6419429,12,13.4,18.9,,,,h,18.9,,,,0,0.005,134.38,0.524,0,13,,0.424,7,278,24.26,94.968,0.457,16.309,,,,,0
2026-10-04T12:00Z,2026-10-05T12:00Z,6419429,24,11.1,14.6,,,,h,14.6,,,,0,0.001,86.449,1.252,1.365,13,,0.424,19,278,24.46,94.854,0.557,277.275,,,,,0
2026-10-04T12:00Z,2026-10-06T12:00Z,6419429,48,7.4,8.8,,,,h,8.8,,,,0,0,96.539,2.157,0.917,13,,0.424,19,279,23.865,95.957,1.401,130.525,,,,,0
2026-10-04T12:00Z,2026-10-04T13:00Z,6435325,1,15.2,29.2,,,,h,29.2,,,,0,0,119.429,2.114,0,35.8,,0.65,20,277,26.636,91.958,1.174,89.733,,,,,0
2026-10-04T12:00Z,2026-10-04T15:00Z,6435325,3,16.2,30.3,,,,h,30.3,,,,0,0,84.452,0.663,0.208,35.8,,0.65,22,277,25.325,96.201,0.209,141.29,,,,,0
2026-10-04T12:00Z,2026-10-04T18:00Z,6435325,6,20.3,36.4,,,,h,36.4,,,,0,0.001,103.52,1.645,0,35.8,,0.65,1,277,25.149,96.522,0.734,111.072,,,,,0
2026-10-04T12:00Z,2026-10-05T00:00Z,6435325,12,15.2,25.6,,,,h,25.6,,,,0,0.003,164.109,2.024,0,35.8,,0.65,7,278,25.643,94.565,1.197,87.219,,,,,0
2026-10-04T12:00Z,2026-10-05T12:00Z,6435325,24,21.5,32.1,,,,h,32.1,,,,0,0,110.818,0.178,0.325,35.8,,0.65,19,278,25.438,95.107,0.139,220.946,,,,,0
2026-10-04T12:00Z,2026-10-06T12:00Z,6435325,48,23.8,30.3,,,,h,30.3,,,,0,0,77.793,1.178,0,35.8,,0.65,19,279,25.92,94.313,0.333,59.958,,,,,0
2026-10-04T12:00Z,2026-10-04T13:00Z,6472300,1,9.9,15,,,,h,15,,,,0,0,129.683,1.687,0,10.1,,0.401,20,277,25.095,95.003,0.757,97.397,,,,,0
2026-10-04T12:00Z,2026-10-04T15:00Z,6472300,3,10.1,15,,,,h,15,,,,0,0,140.81,1.985,0,10.1,,0.401,22,277,24.755,96.003,0.942,112.591,,,,,0
2026-10-04T12:00Z,2026-10-04T18:00Z,6472300,6,9.2,13.4,,,,h,13.4,,,,0,0,105.523,1.869,0.127,10.1,,0.401,1,277,24.248,97.375,0.718,159.876,,,,,0
2026-10-04T12:00Z,2026-10-05T00:00Z,6472300,12,5.9,8.4,,,,h,8.4,,,,0,0,256.63,3.074,0,10.1,,0.401,7,278,24.527,94.209,2.179,92.23,,,,,0
2026-10-04T12:00Z,2026-10-05T12:00Z,6472300,24,5,6.6,,,,h,6.6,,,,0,0.008,448.276,4.824,1.051,10.1,,0.401,19,278,24.721,93.791,2.447,25.645,,,,,0
2026-10-04T12:00Z,2026-10-06T12:00Z,6472300,48,8.7,10.2,,,,h,10.2,,,,0,0.001,655.048,8.021,0,10.1,,0.401,19,279,24.893,77.401,4.762,38.65,,,,,0
2026-10-04T12:00Z,2026-10-04T13:00Z,6486693,1,10.3,20.1,,,,h,20.1,,,,0,0.081,87.763,2.634,0.777,30,,0.651,20,277,22.522,97.277,1.008,358.683,,,,,0
2026-10-04T12:00Z,2026-10-04T15:00Z,6486693,3,5.9,11.6,,,,h,11.6,,,,0,0.086,58.543,1.331,0.254,30,,0.651,22,277,22.529,94.341,0.394,100.284,,,,,0
2026-10-04T12:00Z,2026-10-04T18:00Z,6486693,6,3.9,7.6,,,,h,7.6,,,,0,0.113,31.131,1.096,0,30,,0.651,1,277,21.701,99.034,0.135,141.509,,,,,0
2026-10-04T12:00Z,2026-10-05T00:00Z,6486693,12,5.4,9.5,,,,h,9.5,,,,0,0.167,95.538,1.074,0,30,,0.651,7,278,22.318,98.305,0.684,85.142,,,,,0
2026-10-04T12:00Z,2026-10-05T12:00Z,6486693,24,10.4,15.8,,,,h,15.8,,,,0,0.748,329.906,2.987,0.015,30,,0.651,19,278,24.674,82.034,1.513,38.893,,,,,0
2026-10-04T12:00Z,2026-10-06T12:00Z,6486693,48,5.3,7,,,,h,7,,,,0,0.03,148.214,2.986,0.062,30,,0.651,19,279,22.856,93.869,1.424,41.088,,,,,0
2026-10-04T12:00Z,2026-10-04T13:00Z,6502940,1,4.6,3.5,,,,h,3.5,,,,0,0,373.928,3.261,0.096,5.7,,-0.225,20,277,27.863,82.339,2.664,303.374,,,,,0
2026-10-04T12:00Z,2026-10-04T15:00Z,6502940,3,4.5,3.5,,,,h,3.5,,,,0,0,261.113,2.357,0.159,5.7,,-0.225,22,277,27.147,86.209,2.032,298.183,,,,,0
2026-10-04T12:00Z,2026-10-04T18:00Z,6502940,6,3.5,2.7,,,,h,2.7,,,,0,0,282.808,2.585,0,5.7,,-0.225,1,277,26.775,86.888,2.141,322.019,,,,,0
2026-10-04T12:00Z,2026-10-05T00:00Z,6502940,12,3.1,2.5,,,,h,2.5,,,,0,0,307.278,1.546,0.195,5.7,,-0.225,7,278,26.375,87.264,1.318,267.507,,,,,0
2026-10-04T12:00Z,2026-10-05T12:00Z,6502940,24,3.5,2.9,,,,h,2.9,,,,0,0,336.639,4.422,0.344,5.7,,-0.225,19,278,27.041,85.655,3.549,287.789,,,,,0
2026-10-04T12:00Z,2026-10-06T12:00Z,6502940,48,2.4,2.1,,,,h,2.1,,,,0,0,397.491,3.509,0.372,5.7,,-0.225,19,279,27.121,84.155,2.821,262.938,,,,,0
2026-10-04T12:00Z,2026-10-04T13:00Z,3599598,1,4.8,3.9,,,,h,3.9,,,,0,0.002,22.63,0.396,0.091,,,-0.191,20,277,20.456,99.992,0.129,172.275,,,,,0
2026-10-04T12:00Z,2026-10-04T15:00Z,3599598,3,5.1,4.2,,,,h,4.2,,,,0,0.003,131.73,1.393,0.825,,,-0.191,22,277,19.55,98.179,0.391,103.613,,,,,0
2026-10-04T12:00Z,2026-10-04T18:00Z,3599598,6,3.4,2.8,,,,h,2.8,,,,0,0.003,64.846,2.152,0.253,,,-0.191,1,277,19.34,99.176,1.022,90.824,,,,,0
2026-10-04T12:00Z,2026-10-05T00:00Z,3599598,12,2.6,2.1,,,,h,2.1,,,,0,0,497.335,3.986,1.081,,,-0.191,7,278,19.105,94.719,1.831,103.473,,,,,0
2026-10-04T12:00Z,2026-10-05T12:00Z,3599598,24,5.8,5.1,,,,h,5.1,,,,0,0,519.578,4.383,0,,,-0.191,19,278,18.971,78.299,1.837,98.312,,,,,0
2026-10-04T12:00Z,2026-10-06T12:00Z,3599598,48,8.7,8.1,,,,h,8.1,,,,0,0,171.314,3.646,0,,,-0.191,19,279,19.538,74.413,1.346,104.846,,,,,0
2026-10-04T12:00Z,2026-10-04T13:00Z,3599599,1,4.8,7.7,,,,h,7.7,,,,0,0.002,25.142,0.254,0.139,18.2,,0.421,20,277,20.762,99.734,0.117,191.498,,,,,0
2026-10-04T12:00Z,2026-10-04T15:00Z,3599599,3,5.1,8,,,,h,8,,,,0,0.003,121.191,1.145,0.948,18.2,,0.421,22,277,19.971,98.186,0.352,101.488,,,,,0
2026-10-04T12:00Z,2026-10-04T18:00Z,3599599,6,3.4,5.3,,,,h,5.3,,,,0,0.003,71.82,2.029,0.461,18.2,,0.421,1,277,19.703,99.067,1.044,84.176,,,,,0
2026-10-04T12:00Z,2026-10-05T00:00Z,3599599,12,2.6,4,,,,h,4,,,,0,0,508.022,3.604,0.966,18.2,,0.421,7,278,19.332,94.772,1.678,93.448,,,,,0
2026-10-04T12:00Z,2026-10-05T12:00Z,3599599,24,5.8,7.7,,,,h,7.7,,,,0,0,451.457,3.833,0,18.2,,0.421,19,278,19.26,79.677,1.572,94.572,,,,,0
2026-10-04T12:00Z,2026-10-06T12:00Z,3599599,48,8.7,10.3,,,,h,10.3,,,,0,0,147.99,3.24,0,18.2,,0.421,19,279,19.83,73.783,1.159,102.614,,,,,0
2026-10-04T12:00Z,2026-10-04T13:00Z,6242472,1,15.2,15.4,,,,h,15.4,,,,0,0,120.976,2.183,0,15.4,,0.014,20,277,26.666,91.568,1.186,102.483,,,,,0
2026-10-04T12:00Z,2026-10-04T15:00Z,6242472,3,16.2,16.4,,,,h,16.4,,,,0,0,77.435,0.62,0.205,15.4,,0.014,22,277,25.39,96.021,0.137,154.468,,,,,0
2026-10-04T12:00Z,2026-10-04T18:00Z,6242472,6,20.3,20.6,,,,h,20.6,,,,0,0.001,101.2,1.774,0,15.4,,0.014,1,277,25.202,96.574,0.819,114.762,,,,,0
2026-10-04T12:00Z,2026-10-05T00:00Z,6242472,12,15.2,15.4,,,,h,15.4,,,,0,0.001,159.03,2.166,0,15.4,,0.014,7,278,25.678,94.628,1.244,89.872,,,,,0
2026-10-04T12:00Z,2026-10-05T12:00Z,6242472,24,21.5,21.7,,,,h,21.7,,,,0,0,106.948,0.343,0.367,15.4,,0.014,19,278,25.541,94.786,0.301,169.755,,,,,0
2026-10-04T12:00Z,2026-10-06T12:00Z,6242472,48,23.8,23.9,,,,h,23.9,,,,0,0,73.643,1.237,0,15.4,,0.014,19,279,25.881,94.22,0.366,63.039,,,,,0
2026-10-04T12:00Z,2026-10-04T13:00Z,3733063,1,12,12.4,,,,h,12.4,,,,0,0.002,69.315,0.84,0.844,8.4,,0.029,20,277,24.505,97.802,0.354,120.832,,,,,0
2026-10-04T12:00Z,2026-10-04T15:00Z,3733063,3,8,8.2,,,,h,8.2,,,,0,0.002,94.22,0.726,0.084,8.4,,0.029,22,277,24.18,98.694,0.462,89.058,,,,,0
2026-10-04T12:00Z,2026-10-04T18:00Z,3733063,6,3.8,3.9,,,,h,3.9,,,,0,0.006,92.922,1.732,0.058,8.4,,0.029,1,277,23.474,98.61,0.84,132.409,,,,,0
2026-10-04T12:00Z,2026-10-05T00:00Z,3733063,12,4.6,4.7,,,,h,4.7,,,,0,0.017,118.954,1.889,0.005,8.4,,0.029,7,278,23.595,97.742,1.206,150.544,,,,,0
2026-10-04T12:00Z,2026-10-05T12:00Z,3733063,24,4.5,4.6,,,,h,4.6,,,,0,0.092,169.407,2.511,0.3,8.4,,0.029,19,278,25.959,96.327,1.366,276.95,,,,,0
2026-10-04T12:00Z,2026-10-06T12:00Z,3733063,48,2.6,2.6,,,,h,2.6,,,,0,0.013,97.032,1.118,0.337,8.4,,0.029,19,279,24.845,94.909,0.586,349.453,,,,,0
2026-10-04T12:00Z,2026-10-04T13:00Z,6265530,1,9.8,12.9,,,,h,12.9,,,,0,0.006,70.266,1.515,0,4.2,,0.26,20,277,25.265,97.655,0.711,151.947,,,,,0
2026-10-04T12:00Z,2026-10-04T15:00Z,6265530,3,10.7,13.9,,,,h,13.9,,,,0,0.011,118.945,2.633,0,4.2,,0.26,22,277,24.884,97.789,1.15,192.483,,,,,0
2026-10-04T12:00Z,2026-10-04T18:00Z,6265530,6,10.1,12.9,,,,h,12.9,,,,0,0.021,81.459,0.997,0,4.2,,0.26,1,277,24.259,97.997,0.774,356.797,,,,,0
2026-10-04T12:00Z,2026-10-05T00:00Z,6265530,12,6.2,7.8,,,,h,7.8,,,,0,0.023,125.177,1.171,0.148,4.2,,0.26,7,278,24.62,96.496,0.771,90.845,,,,,0
2026-10-04T12:00Z,2026-10-05T12:00Z,6265530,24,7.5,8.9,,,,h,8.9,,,,0,0.001,51.195,1.269,0,4.2,,0.26,19,278,25.982,94.341,0.514,23.006,,,,,0
2026-10-04T12:00Z,2026-10-06T12:00Z,6265530,48,6.9,7.7,,,,h,7.7,,,,0,0,58.539,1.37,0.615,4.2,,0.26,19,279,24.352,96.841,1.33,258.448,,,,,0
2026-10-04T12:00Z,2026-10-04T13:00Z,6309947,1,16.7,18.8,,,,h,18.8,,,,0,0.023,175.352,2.525,0.77,28.3,,0.115,20,277,25.532,95.298,1.262,93.428,,,,,0
2026-10-04T12:00Z,2026-10-04T15:00Z,6309947,3,16.5,18.4,,,,h,18.4,,,,0,0.02,183.57,1.998,0.162,28.3,,0.115,22,277,25.106,95.44,0.989,190.189,,,,,0
2026-10-04T12:00Z,2026-10-04T18:00Z,6309947,6,21.2,23.5,,,,h,23.5,,,,0,0.008,50.892,0.941,0,28.3,,0.115,1,277,24.746,95.956,0.339,147.908,,,,,0
2026-10-04T12:00Z,2026-10-05T00:00Z,6309947,12,28.2,30.9,,,,h,30.9,,,,0,0.047,125.434,0.82,0,28.3,,0.115,7,278,24.953,95.783,0.472,111.837,,,,,0
2026-10-04T12:00Z,2026-10-05T12:00Z,6309947,24,11.1,12,,,,h,12,,,,0,0.002,128.91,2.339,0.032,28.3,,0.115,19,278,25.909,94.99,1.098,2.258,,,,,0
2026-10-04T12:00Z,2026-10-06T12:00Z,6309947,48,13.3,13.9,,,,h,13.9,,,,0,0,132.237,2.54,0.112,28.3,,0.115,19,279,26.044,93.629,0.932,41.23,,,,,0
2026-10-04T12:00Z,2026-10-04T13:00Z,2297552,1,2.5,2.5,,,,h,2.5,,,,0,0.001,12.881,0.286,0,,,0,20,277,22.471,98.519,0.086,198.894,,,,,0
2026-10-04T12:00Z,2026-10-04T15:00Z,2297552,3,3,3,,,,h,3,,,,0,0.001,24.135,0.39,0,,,0,22,277,21.827,98.544,0.16,321.823,,,,,0
2026-10-04T12:00Z,2026-10-04T18:00Z,2297552,6,3,3,,,,h,3,,,,0,0.001,39.951,0.639,0,,,0,1,277,21.121,97.731,0.412,64.133,,,,,0
2026-10-04T12:00Z,2026-10-05T00:00Z,2297552,12,1.4,1.4,,,,h,1.4,,,,0,0,43.748,0.747,0,,,0,7,278,20.034,99.744,0.388,215.779,,,,,0
2026-10-04T12:00Z,2026-10-05T12:00Z,2297552,24,2.5,2.5,,,,h,2.5,,,,0,0,52.584,0.301,0.414,,,0,19,278,21.214,99.582,0.325,199.647,,,,,0
2026-10-04T12:00Z,2026-10-06T12:00Z,2297552,48,1.8,1.8,,,,h,1.8,,,,0,0,20.734,1.135,0.002,,,0,19,279,21.876,97.919,0.291,104.69,,,,,0
2026-10-04T12:00Z,2026-10-04T13:00Z,3591608,1,2.9,1.3,,,,h,1.3,,,,0,0.001,48.892,1.887,1.024,,,-0.637,20,277,17.167,96.853,1.03,23.624,,,,,0
2026-10-04T12:00Z,2026-10-04T15:00Z,3591608,3,3.5,1.7,,,,h,1.7,,,,0,0,36.318,2.297,0.057,,,-0.637,22,277,17.069,91.457,0.644,146.479,,,,,0
2026-10-04T12:00Z,2026-10-04T18:00Z,3591608,6,1.6,0.6,,,,h,0.6,,,,0,0,23.713,0.67,0,,,-0.637,1,277,17.143,91.534,0.303,102.341,,,,,0
2026-10-04T12:00Z,2026-10-05T00:00Z,3591608,12,1.4,0.6,,,,h,0.6,,,,0,0,53.556,0.9,0.452,,,-0.637,7,278,16.53,95.083,0.97,21.188,,,,,0
2026-10-04T12:00Z,2026-10-05T12:00Z,3591608,24,2.8,1.7,,,,h,1.7,,,,0,0,54.32,1.437,0.002,,,-0.637,19,278,17.258,98.43,0.444,34.387,,,,,0
2026-10-04T12:00Z,2026-10-06T12:00Z,3591608,48,10.4,8.3,,,,h,8.3,,,,0,0,73.203,1.529,0,,,-0.637,19,279,16.61,88.431,0.691,50.309,,,,,0
2026-10-04T12:00Z,2026-10-04T13:00Z,5755932,1,15.3,15.3,,,,h,15.3,,,,0,0.001,175.617,2.192,0,,,0,20,277,26.991,86.424,1.17,212.075,,,,,0
2026-10-04T12:00Z,2026-10-04T15:00Z,5755932,3,16.6,16.6,,,,h,16.6,,,,0,0.001,52.9,1.397,0,,,0,22,277,26.435,90.309,0.5,197.29,,,,,0
2026-10-04T12:00Z,2026-10-04T18:00Z,5755932,6,18.2,18.2,,,,h,18.2,,,,0,0.002,86.6,1.771,0,,,0,1,277,25.98,94.146,1.292,98.775,,,,,0
2026-10-04T12:00Z,2026-10-05T00:00Z,5755932,12,17.9,17.9,,,,h,17.9,,,,0,0.005,198.355,1.765,0.05,,,0,7,278,26.175,91.114,1.41,80.905,,,,,0
2026-10-04T12:00Z,2026-10-05T12:00Z,5755932,24,14.7,14.7,,,,h,14.7,,,,0,0,100.481,1.378,0.356,,,0,19,278,25.971,92.23,0.681,251.144,,,,,0
2026-10-04T12:00Z,2026-10-06T12:00Z,5755932,48,16.1,16.1,,,,h,16.1,,,,0,0,119.83,1.464,0.572,,,0,19,279,26.64,85.568,0.935,283.874,,,,,0
2026-10-04T12:00Z,2026-10-04T13:00Z,3503722,1,10.7,12.2,,,,h,10.3,,,,0,0.056,47.659,1.328,0,,,-0.073,20,277,24.179,96.902,0.736,91.598,,,,,0
2026-10-04T12:00Z,2026-10-04T15:00Z,3503722,3,11.3,12.8,,,,h,10.9,,,,0,0.031,55.56,1.024,1.283,,,-0.073,22,277,23.242,98.323,0.291,107.49,,,,,0
2026-10-04T12:00Z,2026-10-04T18:00Z,3503722,6,5.2,5.9,,,,h,5,,,,0,0.013,101.076,1.408,0.488,,,-0.073,1,277,22.254,99.772,1.087,311.399,,,,,0
2026-10-04T12:00Z,2026-10-05T00:00Z,3503722,12,4.8,5.4,,,,h,4.6,,,,0,0.001,176.892,2.216,0.191,,,-0.073,7,278,21.485,96.714,1.059,56.169,,,,,0
2026-10-04T12:00Z,2026-10-05T12:00Z,3503722,24,5.2,5.7,,,,h,5.1,,,,0,0,54.838,1.565,0.007,,,-0.073,19,278,23.118,97.162,0.436,70.535,,,,,0
2026-10-04T12:00Z,2026-10-06T12:00Z,3503722,48,9.8,10.3,,,,h,9.7,,,,0,0,52.906,1.795,0.083,,,-0.073,19,279,22.698,94.461,0.69,333.038,,,,,0
2026-10-04T12:00Z,2026-10-04T13:00Z,3478630,1,10.2,10.2,,,,h,10.2,,,,0,0,97.055,0.688,0.607,,,0,20,277,22.589,98.192,0.234,175.292,,,,,0
2026-10-04T12:00Z,2026-10-04T15:00Z,3478630,3,8.8,8.8,,,,h,8.8,,,,0,0,46.755,0.208,0,,,0,22,277,22.449,98.756,0.129,20.965,,,,,0
2026-10-04T12:00Z,2026-10-04T18:00Z,3478630,6,5.8,5.8,,,,h,5.8,,,,0,0,43.245,0.614,0,,,0,1,277,22.029,99.024,0.259,111.718,,,,,0
2026-10-04T12:00Z,2026-10-05T00:00Z,3478630,12,5.3,5.3,,,,h,5.3,,,,0,0,178.428,0.954,0.113,,,0,7,278,21.97,97.919,0.315,51.523,,,,,0
2026-10-04T12:00Z,2026-10-05T12:00Z,3478630,24,3.4,3.4,,,,h,3.4,,,,0,0,59.605,0.838,0.417,,,0,19,278,22.44,97.628,0.244,359.203,,,,,0
2026-10-04T12:00Z,2026-10-06T12:00Z,3478630,48,7.9,7.9,,,,h,7.9,,,,0,0,25.025,1.514,0,,,0,19,279,24.363,79.596,0.208,1.69,,,,,0
2026-10-04T12:00Z,2026-10-04T13:00Z,3503725,1,5.6,5.6,,,,h,5.6,,,,0,0.004,36.797,0.404,0,,,0,20,277,24.327,97.784,0.222,285.192,,,,,0
2026-10-04T12:00Z,2026-10-04T15:00Z,3503725,3,4.5,4.5,,,,h,4.5,,,,0,0.004,39.094,0.463,0,,,0,22,277,23.618,99.32,0.291,287.686,,,,,0
2026-10-04T12:00Z,2026-10-04T18:00Z,3503725,6,2.6,2.6,,,,h,2.6,,,,0,0.002,76.725,0.764,0.136,,,0,1,277,22.87,98.915,0.42,345.599,,,,,0
2026-10-04T12:00Z,2026-10-05T00:00Z,3503725,12,1.7,1.7,,,,h,1.7,,,,0,0.015,344.369,3.344,0.021,,,0,7,278,23.081,93.562,1.904,11.866,,,,,0
2026-10-04T12:00Z,2026-10-05T12:00Z,3503725,24,1.7,1.7,,,,h,1.7,,,,0,0,402.503,5.135,0.544,,,0,19,278,21.799,88.279,2.973,6.229,,,,,0
2026-10-04T12:00Z,2026-10-06T12:00Z,3503725,48,23.2,23.2,,,,h,23.2,,,,0,0,447.635,6.276,0,,,0,19,279,21.434,75.035,3.456,16.07,,,,,0
2026-10-04T12:00Z,2026-10-04T13:00Z,3539279,1,8.1,7.6,,,,h,8.3,,,,0,0,201.672,3.206,0.327,,,0.026,20,277,21.403,98.237,1.502,126.453,,,,,0
2026-10-04T12:00Z,2026-10-04T15:00Z,3539279,3,8.1,7.6,,,,h,8.3,,,,0,0,31.766,0.535,0.028,,,0.026,22,277,20.818,98.234,0.185,94.978,,,,,0
2026-10-04T12:00Z,2026-10-04T18:00Z,3539279,6,6.7,6.3,,,,h,6.8,,,,0,0,42.102,1.58,0.252,,,0.026,1,277,20.114,98.174,0.796,94.313,,,,,0
2026-10-04T12:00Z,2026-10-05T00:00Z,3539279,12,2.8,2.6,,,,h,2.9,,,,0,0.001,142.738,1.559,0.317,,,0.026,7,278,20.075,98.997,0.8,53.315,,,,,0
2026-10-04T12:00Z,2026-10-05T12:00Z,3539279,24,3.3,3.2,,,,h,3.4,,,,0,0,226.121,3.431,0.084,,,0.026,19,278,21.574,89.725,1.398,81.114,,,,,0
2026-10-04T12:00Z,2026-10-06T12:00Z,3539279,48,7.7,7.5,,,,h,7.8,,,,0,0,155.659,4.287,0,,,0.026,19,279,21.165,77.821,1.604,91.9,,,,,0
2026-10-04T12:00Z,2026-10-04T13:00Z,6419381,1,9,9,,,,h,9,,,,0,0.126,44.34,1.521,0,,,0,20,277,23.065,98.347,0.532,254.681,,,,,0
2026-10-04T12:00Z,2026-10-04T15:00Z,6419381,3,9,9,,,,h,9,,,,0,0.059,28.943,0.952,0,,,0,22,277,22.4,98.61,0.356,125.157,,,,,0
2026-10-04T12:00Z,2026-10-04T18:00Z,6419381,6,2.4,2.4,,,,h,2.4,,,,0,0.016,50.625,2.414,0.729,,,0,1,277,21.406,99.704,1.084,158.899,,,,,0
2026-10-04T12:00Z,2026-10-05T00:00Z,6419381,12,4.6,4.6,,,,h,4.6,,,,0,0.009,84.511,1.493,0,,,0,7,278,21.345,98.542,0.96,98.645,,,,,0
2026-10-04T12:00Z,2026-10-05T12:00Z,6419381,24,8.4,8.4,,,,h,8.4,,,,0,0.001,32.823,1.13,0.083,,,0,19,278,22.261,97.547,0.483,17.293,,,,,0
2026-10-04T12:00Z,2026-10-06T12:00Z,6419381,48,7.9,7.9,,,,h,7.9,,,,0,0,36.979,0.914,0.206,,,0,19,279,21.679,96.766,0.32,83.59,,,,,0
2026-10-04T12:00Z,2026-10-04T13:00Z,3587757,1,5.2,5.2,,,,h,5.2,,,,0,0.003,48.519,1.202,0.351,,,0,20,277,19.906,98.894,0.274,70.453,,,,,0
2026-10-04T12:00Z,2026-10-04T15:00Z,3587757,3,5.4,5.4,,,,h,5.4,,,,0,0.007,38.468,0.833,3.075,,,0,22,277,18.871,99.278,0.506,162.445,,,,,0
2026-10-04T12:00Z,2026-10-04T18:00Z,3587757,6,4,4,,,,h,4,,,,0,0.002,191.637,2.433,3.964,,,0,1,277,18.218,99.696,1.342,41.171,,,,,0
2026-10-04T12:00Z,2026-10-05T00:00Z,3587757,12,1.5,1.5,,,,h,1.5,,,,0,0,139.515,1.518,1.475,,,0,7,278,17.923,99.868,0.662,63.036,,,,,0
2026-10-04T12:00Z,2026-10-05T12:00Z,3587757,24,2.9,2.9,,,,h,2.9,,,,0,0,46.82,2.475,0.498,,,0,19,278,18.409,96.689,0.674,75.58,,,,,0
2026-10-04T12:00Z,2026-10-06T12:00Z,3587757,48,9.3,9.3,,,,h,9.3,,,,0,0,20.124,1.237,0,,,0,19,279,19.15,86.069,0.169,106.866,,,,,0
2026-10-04T12:00Z,2026-10-04T13:00Z,6284174,1,9,9,,,,h,9,,,,0,0.135,43.018,1.409,0,,,0,20,277,23.16,98.511,0.486,250.137,,,,,0
2026-10-04T12:00Z,2026-10-04T15:00Z,6284174,3,9,9,,,,h,9,,,,0,0.065,32.105,0.982,0,,,0,22,277,22.56,98.294,0.336,127.506,,,,,0
2026-10-04T12:00Z,2026-10-04T18:00Z,6284174,6,2.4,2.4,,,,h,2.4,,,,0,0.017,57.237,2.501,0.741,,,0,1,277,21.505,99.737,1.13,160.737,,,,,0
2026-10-04T12:00Z,2026-10-05T00:00Z,6284174,12,4.6,4.6,,,,h,4.6,,,,0,0.009,82.815,1.459,0,,,0,7,278,21.457,98.517,0.933,99.261,,,,,0
2026-10-04T12:00Z,2026-10-05T12:00Z,6284174,24,8.4,8.4,,,,h,8.4,,,,0,0.001,33.876,1.179,0.048,,,0,19,278,22.343,97.762,0.491,20.935,,,,,0
2026-10-04T12:00Z,2026-10-06T12:00Z,6284174,48,7.9,7.9,,,,h,7.9,,,,0,0,39.882,0.781,0.195,,,0,19,279,21.807,96.725,0.257,84.241,,,,,0
2026-10-04T12:00Z,2026-10-04T13:00Z,1236063,1,21.8,21.8,,,,h,21.8,,,,0,0.001,119.486,2.859,0.115,,,0,20,277,26.323,92.792,1.444,68.507,,,,,0
2026-10-04T12:00Z,2026-10-04T15:00Z,1236063,3,20.5,20.5,,,,h,20.5,,,,0,0.002,103.687,0.976,0.295,,,0,22,277,24.966,96.94,0.418,151.986,,,,,0
2026-10-04T12:00Z,2026-10-04T18:00Z,1236063,6,25.4,25.4,,,,h,25.4,,,,0,0.006,117.189,1.81,0,,,0,1,277,24.911,96.774,0.818,105.789,,,,,0
2026-10-04T12:00Z,2026-10-05T00:00Z,1236063,12,22.2,22.2,,,,h,22.2,,,,0,0.007,170.701,2.017,0,,,0,7,278,25.497,94.566,1.203,95.329,,,,,0
2026-10-04T12:00Z,2026-10-05T12:00Z,1236063,24,13.3,13.3,,,,h,13.3,,,,0,0.001,121.721,0.078,0.182,,,0,19,278,25.261,95.75,0.173,274.88,,,,,0
2026-10-04T12:00Z,2026-10-06T12:00Z,1236063,48,20.4,20.4,,,,h,20.4,,,,0,0,76.385,0.903,0.048,,,0,19,279,25.919,95,0.204,55.148,,,,,0
2026-10-04T12:00Z,2026-10-04T13:00Z,3553303,1,6.1,6.1,,,,h,6.1,,,,0,0.001,265.683,3.739,0.199,,,0,20,277,21.333,98.146,1.781,115.757,,,,,0
2026-10-04T12:00Z,2026-10-04T15:00Z,3553303,3,6.6,6.6,,,,h,6.6,,,,0,0,41.274,0.871,0.054,,,0,22,277,20.625,97.579,0.431,68.942,,,,,0
2026-10-04T12:00Z,2026-10-04T18:00Z,3553303,6,4.2,4.2,,,,h,4.2,,,,0,0,50.434,2.262,0.426,,,0,1,277,19.713,98.092,1.321,86.197,,,,,0
2026-10-04T12:00Z,2026-10-05T00:00Z,3553303,12,1.7,1.7,,,,h,1.7,,,,0,0.001,171.52,2.18,0.394,,,0,7,278,19.793,98.27,1.006,82.87,,,,,0
2026-10-04T12:00Z,2026-10-05T12:00Z,3553303,24,4.2,4.2,,,,h,4.2,,,,0,0,376.179,4.683,0.024,,,0,19,278,21,83.804,2.133,87.967,,,,,0
2026-10-04T12:00Z,2026-10-06T12:00Z,3553303,48,7.9,7.9,,,,h,7.9,,,,0,0,131.86,4.509,0,,,0,19,279,20.478,77.544,1.831,96.567,,,,,0
2026-10-04T12:00Z,2026-10-04T13:00Z,2843713,1,7.7,7.7,,,,h,7.7,,,,0,0,90.892,0.801,0,,,0,20,277,25.634,94.561,0.206,322.093,,,,,0
2026-10-04T12:00Z,2026-10-04T15:00Z,2843713,3,8.2,8.2,,,,h,8.2,,,,0,0,48.113,0.257,0,,,0,22,277,25.256,96.546,0.323,121.532,,,,,0
2026-10-04T12:00Z,2026-10-04T18:00Z,2843713,6,8.3,8.3,,,,h,8.3,,,,0,0,82.404,1.637,0.18,,,0,1,277,24.559,98.591,1.023,86.872,,,,,0
2026-10-04T12:00Z,2026-10-05T00:00Z,2843713,12,6.6,6.6,,,,h,6.6,,,,0,0.001,165.553,1.52,0.017,,,0,7,278,25.028,95.109,1.127,92.489,,,,,0
2026-10-04T12:00Z,2026-10-05T12:00Z,2843713,24,6.2,6.2,,,,h,6.2,,,,0,0,210.655,3.114,0.993,,,0,19,278,25.382,93.704,1.718,23.472,,,,,0
2026-10-04T12:00Z,2026-10-06T12:00Z,2843713,48,7.1,7.1,,,,h,7.1,,,,0,0,334.926,3.909,0.678,,,0,19,279,24.924,89.888,1.889,44.698,,,,,0
2026-10-04T12:00Z,2026-10-04T13:00Z,2850409,1,3.2,3.2,,,,h,3.2,,,,0,0,36.437,1.181,0,,,0,20,277,20.999,99.141,0.593,202.323,,,,,0
2026-10-04T12:00Z,2026-10-04T15:00Z,2850409,3,1.9,1.9,,,,h,1.9,,,,0,0,33.33,1.282,0,,,0,22,277,20.539,98.892,0.533,199.062,,,,,0
2026-10-04T12:00Z,2026-10-04T18:00Z,2850409,6,1.3,1.3,,,,h,1.3,,,,0,0.001,38.798,1.152,0.06,,,0,1,277,20.079,99.955,0.692,273.043,,,,,0
2026-10-04T12:00Z,2026-10-05T00:00Z,2850409,12,1.7,1.7,,,,h,1.7,,,,0,0.003,48.996,0.849,0,,,0,7,278,19.907,99.204,0.564,90.715,,,,,0
2026-10-04T12:00Z,2026-10-05T12:00Z,2850409,24,2.1,2.1,,,,h,2.1,,,,0,0.001,23.681,0.487,0.309,,,0,19,278,21.225,98,0.229,125.103,,,,,0
2026-10-04T12:00Z,2026-10-06T12:00Z,2850409,48,1.5,1.5,,,,h,1.5,,,,0,0,36.679,1.508,0.124,,,0,19,279,20.463,96.356,0.777,83.707,,,,,0
