issued_utc,valid_utc,station_id,lead_h,cams_raw,corrected,cams24,corr24,blend24,obs_basis,correctedA,blend24A,correctedML,blend24ML,inc,fire,blh,ws,pr,obs_last,obs24_last,kfAb,hloc,doy,t2,rh,ws10,wd,o_ws,o_wd,o_t2,o_rh,monitor
2026-10-05T16:00Z,2026-10-05T17:00Z,a4t:119t,1,5.699999999999999,15.7,5.4,15.4,13.8,h,15.7,13.8,,,0,0,138.901,3.115,0.154,15,13.8,0.95,0,278,25.891,93.987,1.772,28.42,2.6,18,27.3,92,1
2026-10-05T16:00Z,2026-10-05T19:00Z,a4t:119t,3,4.949999999999999,13.3,5.4,15.4,13.8,h,13.3,13.8,,,0,0,141.042,1.691,0.008,15,13.8,0.95,2,278,25.616,94.759,1.052,157.619,2.6,18,27.3,92,1
2026-10-05T16:00Z,2026-10-05T22:00Z,a4t:119t,6,3.7,9.7,5.3,14.9,13.8,h,9.7,13.8,,,0,0,118.13,2.641,0.016,15,13.8,0.95,5,278,25.3,94.849,1.599,125.264,2.6,18,27.3,92,1
2026-10-05T16:00Z,2026-10-06T04:00Z,a4t:119t,12,2.95,7.2,4.7,13,13.4,h,7.2,13.4,,,0,0,680.24,1.988,0.092,15,13.8,0.95,11,279,28.937,75.631,1.554,178.131,2.6,18,27.3,92,1
2026-10-05T16:00Z,2026-10-06T16:00Z,a4t:119t,24,3.05,6.1,3.6,8.7,12.2,h,6.1,12.2,,,0,0,120.855,1.089,0.001,15,13.8,0.95,23,279,25.842,94.563,0.724,72.302,2.6,18,27.3,92,1
2026-10-05T16:00Z,2026-10-07T16:00Z,a4t:119t,48,2.05,3.3,3.1,5.3,9.6,h,3.3,9.6,,,0,0,118.492,1.799,0.019,15,13.8,0.95,23,280,25.289,96.338,1.038,17.471,2.6,18,27.3,92,1
2026-10-05T16:00Z,2026-10-05T17:00Z,a4t:02t,1,29.95,34,18.2,20.8,20,h,34,20,,,0,0.007,200.119,2.214,1.725,31,20,0.128,0,278,24.953,96.115,0.935,45.631,,,,,1
2026-10-05T16:00Z,2026-10-05T19:00Z,a4t:02t,3,29.15,32.9,19.6,22.4,20.2,h,32.9,20.2,,,0,0.004,140.362,1.756,1.778,31,20,0.128,2,278,24.621,95.351,1.14,20.505,,,,,1
2026-10-05T16:00Z,2026-10-05T22:00Z,a4t:02t,6,20.15,22.6,20.8,23.7,20.5,h,22.6,20.5,,,0,0.002,119.799,1.548,0.038,31,20,0.128,5,278,24.45,96.494,0.818,355.35,,,,,1
2026-10-05T16:00Z,2026-10-06T04:00Z,a4t:02t,12,18.7,20.7,20.9,23.7,21,h,20.7,21,,,0,0.002,870.357,2.723,0.115,31,20,0.128,11,279,29.148,76.643,2.195,59.376,,,,,1
2026-10-05T16:00Z,2026-10-06T16:00Z,a4t:02t,24,27.85,30.1,22.3,24.7,21.5,h,30.1,21.5,,,0,0.001,149.179,3.093,0.861,31,20,0.128,23,279,24.631,97.494,1.851,320.224,,,,,1
2026-10-05T16:00Z,2026-10-07T16:00Z,a4t:02t,48,29.45,30.9,20.1,21.4,20.7,h,30.9,20.7,,,0,0,92.635,2.317,0,31,20,0.128,23,280,25.904,87.355,0.955,2.808,,,,,1
2026-10-05T16:00Z,2026-10-05T17:00Z,a4t:50t,1,29.95,35.4,18.2,21.8,23.3,h,35.4,23.3,,,0,0.005,200.024,2.196,1.617,22,23.3,0.173,0,278,24.972,96.048,0.899,53.98,,,29.4,66,1
2026-10-05T16:00Z,2026-10-05T19:00Z,a4t:50t,3,29.15,34.2,19.6,23.5,23.5,h,34.2,23.5,,,0,0.003,133.997,1.672,1.602,22,23.3,0.173,2,278,24.661,95.411,1.069,25.42,,,29.4,66,1
2026-10-05T16:00Z,2026-10-05T22:00Z,a4t:50t,6,20.15,23.5,20.8,24.8,23.7,h,23.5,23.7,,,0,0.002,115.295,1.499,0.034,22,23.3,0.173,5,278,24.478,96.517,0.794,357.974,,,29.4,66,1
2026-10-05T16:00Z,2026-10-06T04:00Z,a4t:50t,12,18.7,21.4,20.9,24.7,23.9,h,21.4,23.9,,,0,0.002,886.565,2.703,0.107,22,23.3,0.173,11,279,29.219,76.359,2.173,60.805,,,29.4,66,1
2026-10-05T16:00Z,2026-10-06T16:00Z,a4t:50t,24,27.85,30.9,22.3,25.5,24,h,30.9,24,,,0,0.001,144.292,2.998,0.929,22,23.3,0.173,23,279,24.643,97.517,1.805,320.068,,,29.4,66,1
2026-10-05T16:00Z,2026-10-07T16:00Z,a4t:50t,48,29.45,31.4,20.1,21.8,22.6,h,31.4,22.6,,,0,0,87.522,2.137,0,22,23.3,0.173,23,280,25.914,87.256,0.838,7.997,,,29.4,66,1
2026-10-05T16:00Z,2026-10-05T17:00Z,a4t:52t,1,29.95,28.3,18.2,17.2,21.8,h,28.3,21.8,,,0,0.007,200.514,2.218,1.715,26,21.8,-0.057,0,278,24.959,96.109,0.938,45.575,,,,,1
2026-10-05T16:00Z,2026-10-05T19:00Z,a4t:52t,3,29.15,27.6,19.6,18.5,21.9,h,27.6,21.9,,,0,0.004,140.874,1.763,1.77,26,21.8,-0.057,2,278,24.626,95.347,1.143,20.516,,,,,1
2026-10-05T16:00Z,2026-10-05T22:00Z,a4t:52t,6,20.15,19.1,20.8,19.6,22,h,19.1,22,,,0,0.002,119.872,1.554,0.037,26,21.8,-0.057,5,278,24.452,96.494,0.822,355.231,,,,,1
2026-10-05T16:00Z,2026-10-06T04:00Z,a4t:52t,12,18.7,17.9,20.9,19.8,21.8,h,17.9,21.8,,,0,0.002,869.104,2.733,0.116,26,21.8,-0.057,11,279,29.144,76.671,2.203,59.136,,,,,1
2026-10-05T16:00Z,2026-10-06T16:00Z,a4t:52t,24,27.85,26.9,22.3,21.3,21.6,h,26.9,21.6,,,0,0.001,149.05,3.093,0.854,26,21.8,-0.057,23,279,24.633,97.494,1.848,320.34,,,,,1
2026-10-05T16:00Z,2026-10-07T16:00Z,a4t:52t,48,29.45,28.8,20.1,19.6,20.7,h,28.8,20.7,,,0,0,92.767,2.325,0,26,21.8,-0.057,23,280,25.901,87.345,0.958,2.668,,,,,1
2026-10-05T16:00Z,2026-10-05T17:00Z,a4t:53t,1,29.95,25.1,18.2,15.1,21.7,h,25.1,21.7,,,0,0.006,194.434,2.18,1.631,19,21.7,-0.177,0,278,24.918,96.081,0.861,62.664,,,28.3,28,1
2026-10-05T16:00Z,2026-10-05T19:00Z,a4t:53t,3,29.15,24.6,19.6,16.3,21.8,h,24.6,21.8,,,0,0.003,121.677,1.531,1.53,19,21.7,-0.177,2,278,24.642,95.51,0.972,31.123,,,28.3,28,1
2026-10-05T16:00Z,2026-10-05T22:00Z,a4t:53t,6,20.15,17.1,20.8,17.4,21.8,h,17.1,21.8,,,0,0.002,110.245,1.373,0.032,19,21.7,-0.177,5,278,24.486,96.555,0.732,2.338,,,28.3,28,1
2026-10-05T16:00Z,2026-10-06T04:00Z,a4t:53t,12,18.7,16.2,20.9,17.6,21.4,h,16.2,21.4,,,0,0.003,917.909,2.567,0.094,19,21.7,-0.177,11,279,29.339,75.777,2.059,65.371,,,28.3,28,1
2026-10-05T16:00Z,2026-10-06T16:00Z,a4t:53t,24,27.85,25,22.3,19.4,21,h,25,21,,,0,0.001,141.681,2.943,1.103,19,21.7,-0.177,23,279,24.618,97.555,1.827,317.618,,,28.3,28,1
2026-10-05T16:00Z,2026-10-07T16:00Z,a4t:53t,48,29.45,27.6,20.1,18.5,20.1,h,27.6,20.1,,,0,0,80.473,1.866,0,19,21.7,-0.177,23,280,25.946,87.355,0.692,15.21,,,28.3,28,1
2026-10-05T16:00Z,2026-10-05T17:00Z,a4t:59t,1,29.95,22.5,18.2,13.4,16.5,h,22.5,16.5,,,0,0.008,195.89,2.159,1.722,20,16.5,-0.287,0,278,24.913,96.126,0.875,53.64,0.3,163,27.4,99,1
2026-10-05T16:00Z,2026-10-05T19:00Z,a4t:59t,3,29.15,22.2,19.6,14.5,16.6,h,22.2,16.6,,,0,0.004,129.684,1.618,1.701,20,16.5,-0.287,2,278,24.611,95.441,1.053,25.007,0.3,163,27.4,99,1
2026-10-05T16:00Z,2026-10-05T22:00Z,a4t:59t,6,20.15,15.5,20.8,15.5,16.7,h,15.5,16.7,,,0,0.002,115.13,1.438,0.036,20,16.5,-0.287,5,278,24.46,96.523,0.762,358.943,0.3,163,27.4,99,1
2026-10-05T16:00Z,2026-10-06T04:00Z,a4t:59t,12,18.7,14.8,20.9,15.8,16.7,h,14.8,16.7,,,0,0.003,897.298,2.611,0.104,20,16.5,-0.287,11,279,29.253,76.13,2.101,63.128,0.3,163,27.4,99,1
2026-10-05T16:00Z,2026-10-06T16:00Z,a4t:59t,24,27.85,23.3,22.3,17.7,16.9,h,23.3,16.9,,,0,0.001,146.282,3.024,1.003,20,16.5,-0.287,23,279,24.615,97.523,1.855,318.604,0.3,163,27.4,99,1
2026-10-05T16:00Z,2026-10-07T16:00Z,a4t:59t,48,29.45,26.5,20.1,17.5,17,h,26.5,17,,,0,0,86.557,2.07,0,20,16.5,-0.287,23,280,25.932,87.397,0.818,8.598,0.3,163,27.4,99,1
2026-10-05T16:00Z,2026-10-05T17:00Z,a4t:61t,1,14.25,15.7,14.9,16.6,17.9,h,15.7,17.9,,,0,0.004,196.306,2.228,1.532,16,17.9,0.098,0,278,24.954,96.013,0.887,66.616,,,,,1
2026-10-05T16:00Z,2026-10-05T19:00Z,a4t:61t,3,13.1,14.4,15,16.6,17.9,h,14.4,17.9,,,0,0.002,120.614,1.528,1.403,16,17.9,0.098,2,278,24.684,95.526,0.945,33.998,,,,,1
2026-10-05T16:00Z,2026-10-05T22:00Z,a4t:61t,6,11.2,12.3,14.7,16.3,17.9,h,12.3,17.9,,,0,0.002,108.183,1.381,0.03,16,17.9,0.098,5,278,24.507,96.562,0.736,3.271,,,,,1
2026-10-05T16:00Z,2026-10-06T04:00Z,a4t:61t,12,13.149999999999999,14.2,14.3,15.8,17.6,h,14.2,17.6,,,0,0.002,920.678,2.6,0.091,16,17.9,0.098,11,279,29.358,75.743,2.082,64.976,,,,,1
2026-10-05T16:00Z,2026-10-06T16:00Z,a4t:61t,24,15.8,16.8,12.6,13.6,16.5,h,16.8,16.5,,,0,0.001,138.441,2.883,1.1,16,17.9,0.098,23,279,24.636,97.562,1.781,318.249,,,,,1
2026-10-05T16:00Z,2026-10-07T16:00Z,a4t:61t,48,22.9,23.8,14.2,14.9,16.4,h,23.8,16.4,,,0,0,78.543,1.834,0,16,17.9,0.098,23,280,25.943,87.239,0.654,18.273,,,,,1
2026-10-05T16:00Z,2026-10-05T17:00Z,a4t:o10,1,14.25,13.5,14.9,14.1,17.6,h,13.5,17.6,,,0,0.003,195.196,2.277,1.483,10,17.6,-0.054,0,278,24.954,95.992,0.907,71.634,,,,,1
2026-10-05T16:00Z,2026-10-05T19:00Z,a4t:o10,3,13.1,12.4,15,14.2,17.6,h,12.4,17.6,,,0,0.002,115.61,1.488,1.305,10,17.6,-0.054,2,278,24.7,95.568,0.897,38.051,,,,,1
2026-10-05T16:00Z,2026-10-05T22:00Z,a4t:o10,6,11.2,10.6,14.7,13.9,17.5,h,10.6,17.5,,,0,0.001,105.263,1.343,0.028,10,17.6,-0.054,5,278,24.521,96.582,0.718,5.522,,,,,1
2026-10-05T16:00Z,2026-10-06T04:00Z,a4t:o10,12,13.149999999999999,12.6,14.3,13.6,17,h,12.6,17,,,0,0.002,933.562,2.57,0.085,10,17.6,-0.054,11,279,29.411,75.522,2.054,66.459,,,,,1
2026-10-05T16:00Z,2026-10-06T16:00Z,a4t:o10,24,15.8,15.3,12.6,12,15.8,h,15.3,15.8,,,0,0.001,135.815,2.838,1.164,10,17.6,-0.054,23,279,24.636,97.582,1.769,317.519,,,,,1
2026-10-05T16:00Z,2026-10-07T16:00Z,a4t:o10,48,22.9,22.4,14.2,13.9,15.7,h,22.4,15.7,,,0,0,74.838,1.73,0,10,17.6,-0.054,23,280,25.952,87.225,0.586,23.193,,,,,1
2026-10-05T16:00Z,2026-10-05T17:00Z,a4t:107t,1,3.55,8.4,2.4,6.3,6.9,h,8.4,6.9,,,0,0,326.83,3.602,0.584,13,6.9,0.758,0,278,24.078,93.148,1.434,59.1,0.4,27,25,87,1
2026-10-05T16:00Z,2026-10-05T19:00Z,a4t:107t,3,3.1,7.2,2.5,6.4,6.9,h,7.2,6.9,,,0,0,275.569,3.914,0.502,13,6.9,0.758,2,278,23.351,91.298,1.625,47.323,0.4,27,25,87,1
2026-10-05T16:00Z,2026-10-05T22:00Z,a4t:107t,6,3.05,6.8,2.6,6.5,6.9,h,6.8,6.9,,,0,0,320.293,4.684,0,13,6.9,0.758,5,278,22.565,89.387,2.201,44.197,0.4,27,25,87,1
2026-10-05T16:00Z,2026-10-06T04:00Z,a4t:107t,12,8.399999999999999,15.8,3.7,8.3,7.2,h,15.8,7.2,,,0,0,909.767,4.058,0,13,6.9,0.758,11,279,28.161,63.986,3.14,50.839,0.4,27,25,87,1
2026-10-05T16:00Z,2026-10-06T16:00Z,a4t:107t,24,7.6,12.5,6.4,12,8.5,h,12.5,8.5,,,0,0,273.161,5.268,0,13,6.9,0.758,23,279,23.378,81.93,2.494,79.029,0.4,27,25,87,1
2026-10-05T16:00Z,2026-10-07T16:00Z,a4t:107t,48,15.45,20.6,13.9,19.9,13.4,h,20.6,13.4,,,0,0,167.016,3.365,0,13,6.9,0.758,23,280,24.013,81.815,1.276,62.845,0.4,27,25,87,1
2026-10-05T16:00Z,2026-10-05T17:00Z,a4t:94t,1,21.25,22.8,22.9,24.6,13.2,h,22.8,13.2,,,0,0.007,143.081,2.493,0.333,18,13.2,0.072,0,278,24.487,97.8,1.514,347.207,1.6,348,,,1
2026-10-05T16:00Z,2026-10-05T19:00Z,a4t:94t,3,18.15,19.5,23.2,25,13.3,h,19.5,13.3,,,0,0.007,91.479,1.611,0.356,18,13.2,0.072,2,278,23.689,98.623,1.097,1.075,1.6,348,,,1
2026-10-05T16:00Z,2026-10-05T22:00Z,a4t:94t,6,11.55,12.4,23,24.8,13.4,h,12.4,13.4,,,0,0.003,150.337,2.378,3.627,18,13.2,0.072,5,278,22.772,98.606,1.186,22.506,1.6,348,,,1
2026-10-05T16:00Z,2026-10-06T04:00Z,a4t:94t,12,4,4.3,18.2,19.5,13.2,h,4.3,13.2,,,0,0,371.458,2.376,1.884,18,13.2,0.072,11,279,25.318,89.971,2.025,31.913,1.6,348,,,1
2026-10-05T16:00Z,2026-10-06T16:00Z,a4t:94t,24,7.4,7.8,8.4,8.9,11.8,h,7.8,11.8,,,0,0,79.673,2.28,0.497,18,13.2,0.072,23,279,23.833,96.833,1.671,272.716,1.6,348,,,1
2026-10-05T16:00Z,2026-10-07T16:00Z,a4t:94t,48,9.55,9.8,6.1,6.3,9.8,h,9.8,9.8,,,0,0,159.706,4.088,1.663,18,13.2,0.072,23,280,24.436,95.013,2.696,165.884,1.6,348,,,1
2026-10-05T16:00Z,2026-10-05T17:00Z,a4t:46t,1,4.5,16.3,4.5,17,17.7,h,16.3,17.7,,,0,0.001,159.505,1.476,1.165,22,17.7,1.198,0,278,23.446,95.671,0.932,32.184,,,,,1
2026-10-05T16:00Z,2026-10-05T19:00Z,a4t:46t,3,3.9,13.7,3.7,14.4,17.7,h,13.7,17.7,,,0,0,140.734,2.536,0.982,22,17.7,1.198,2,278,23.053,97.22,0.935,24.394,,,,,1
2026-10-05T16:00Z,2026-10-05T22:00Z,a4t:46t,6,3.4,11.4,3.5,13.6,17.6,h,11.4,17.6,,,0,0,296.395,4.475,0.11,22,17.7,1.198,5,278,22.435,92.627,2.268,40.279,,,,,1
2026-10-05T16:00Z,2026-10-06T04:00Z,a4t:46t,12,7.85,21.1,4.4,15.4,17.6,h,21.1,17.6,,,0,0,851.317,3.65,0,22,17.7,1.198,11,279,27.606,65.873,2.85,44.156,,,,,1
2026-10-05T16:00Z,2026-10-06T16:00Z,a4t:46t,24,13.35,28.2,8,20.3,18.5,h,28.2,18.5,,,0,0,210.381,4.263,0,22,17.7,1.198,23,279,23.913,82.157,1.751,78.886,,,,,1
2026-10-05T16:00Z,2026-10-07T16:00Z,a4t:46t,48,17.3,27.2,13.2,23.5,20.6,h,27.2,20.6,,,0,0,53.392,2.827,0,22,17.7,1.198,23,280,23.646,81.202,0.854,28.745,,,,,1
2026-10-05T16:00Z,2026-10-05T17:00Z,a4t:100t,1,3.95,5.4,6,8.2,11.1,h,5.4,11.1,,,0,0,146.337,1.785,0.29,6,11.1,0.271,0,278,25.487,93.176,1.495,27.844,,,26.4,84,1
2026-10-05T16:00Z,2026-10-05T19:00Z,a4t:100t,3,3.8,5.2,5.6,7.7,11.1,h,5.2,11.1,,,0,0,132.205,1.28,0.14,6,11.1,0.271,2,278,25.206,92.017,0.911,23.65,,,26.4,84,1
2026-10-05T16:00Z,2026-10-05T22:00Z,a4t:100t,6,3.15,4.2,5.2,7.1,11,h,4.2,11,,,0,0.001,166.571,0.854,0.102,6,11.1,0.271,5,278,25.255,88.828,0.62,56.569,,,26.4,84,1
2026-10-05T16:00Z,2026-10-06T04:00Z,a4t:100t,12,1.1,1.6,3.9,5.4,9.9,h,1.6,9.9,,,0,0,652.833,2.101,0.26,6,11.1,0.271,11,279,28.204,78.531,1.8,13.551,,,26.4,84,1
2026-10-05T16:00Z,2026-10-06T16:00Z,a4t:100t,24,4.35,5.3,2.6,3.4,8.6,h,5.3,8.6,,,0,0,195.981,1.509,0.041,6,11.1,0.271,23,279,25.705,89.895,1.465,56.541,,,26.4,84,1
2026-10-05T16:00Z,2026-10-07T16:00Z,a4t:100t,48,8.75,9.8,4.8,5.6,8.3,h,9.8,8.3,,,0,0,254.665,2.855,0.006,6,11.1,0.271,23,280,26.114,84.252,1.679,54.858,,,26.4,84,1
2026-10-05T16:00Z,2026-10-05T17:00Z,a4t:60t,1,9.6,9.6,12.7,12.7,30.3,h,9.6,30.3,,,0,0,160.459,2.619,0.402,5,30.3,0.003,0,278,25.002,96.322,1.342,101.735,,,,,1
2026-10-05T16:00Z,2026-10-05T19:00Z,a4t:60t,3,11.15,11.2,12.3,12.3,30.2,h,11.2,30.2,,,0,0,66.082,1.153,0,5,30.3,0.003,2,278,24.793,96.792,0.485,79.618,,,,,1
2026-10-05T16:00Z,2026-10-05T22:00Z,a4t:60t,6,12.4,12.4,11.9,12,30,h,12.4,30,,,0,0,67.045,1.068,0.017,5,30.3,0.003,5,278,24.507,96.235,0.58,53.504,,,,,1
2026-10-05T16:00Z,2026-10-06T04:00Z,a4t:60t,12,5.199999999999999,5.2,10.8,10.8,28.8,h,5.2,28.8,,,0,0.001,1010.569,2.267,0.093,5,30.3,0.003,11,279,29.753,73.722,1.725,66.557,,,,,1
2026-10-05T16:00Z,2026-10-06T16:00Z,a4t:60t,24,12.05,12.1,8.5,8.5,23.3,h,12.1,23.3,,,0,0,73.661,1.344,0.924,5,30.3,0.003,23,279,24.847,97.757,0.836,338.384,,,,,1
2026-10-05T16:00Z,2026-10-07T16:00Z,a4t:60t,48,14,14,9.5,9.6,19.9,h,14,19.9,,,0,0,45.27,2.307,0,5,30.3,0.003,23,280,25.573,86.794,0.941,72.797,,,,,1
2026-10-05T16:00Z,2026-10-05T17:00Z,a4t:33t,1,7.5,11.3,11.5,17.3,16.6,h,11.3,16.6,,,0,0,242.457,3.467,0.063,8,16.6,0.385,0,278,25.516,94.502,1.952,99.377,,,,,1
2026-10-05T16:00Z,2026-10-05T19:00Z,a4t:33t,3,7.65,11.3,11,16.7,16.6,h,11.3,16.6,,,0,0,116.198,1.463,0,8,16.6,0.385,2,278,25.154,96.114,0.917,57.404,,,,,1
2026-10-05T16:00Z,2026-10-05T22:00Z,a4t:33t,6,6.7,9.7,10.3,15.5,16.5,h,9.7,16.5,,,0,0,73.888,1.822,0.001,8,16.6,0.385,5,278,24.725,95.776,0.926,16.239,,,,,1
2026-10-05T16:00Z,2026-10-06T04:00Z,a4t:33t,12,3.4,4.9,8.4,12.6,15.8,h,4.9,15.8,,,0,0,881.29,3.583,0.123,8,16.6,0.385,11,279,29.392,75.066,2.772,55.556,,,,,1
2026-10-05T16:00Z,2026-10-06T16:00Z,a4t:33t,24,8.3,10.7,5.4,7.7,13.7,h,10.7,13.7,,,0,0,67.989,2.385,0.108,8,16.6,0.385,23,279,25.243,97.06,1.106,34.77,,,,,1
2026-10-05T16:00Z,2026-10-07T16:00Z,a4t:33t,48,13.600000000000001,15.8,6.9,8.3,12.5,h,15.8,12.5,,,0,0,83.398,4.341,0,8,16.6,0.385,23,280,25.955,82.813,1.828,56.043,,,,,1
2026-10-05T16:00Z,2026-10-05T17:00Z,a4t:34t,1,11.6,6.4,12.2,6.6,10,h,6.4,10,,,0,0,234.283,3.715,0.341,6,10,-0.558,0,278,25.415,94.743,1.947,102.705,,,,,1
2026-10-05T16:00Z,2026-10-05T19:00Z,a4t:34t,3,9.25,5.1,12.1,6.5,10,h,5.1,10,,,0,0,104.272,1.565,0.036,6,10,-0.558,2,278,25.153,95.966,0.755,68.588,,,,,1
2026-10-05T16:00Z,2026-10-05T22:00Z,a4t:34t,6,6.25,3.5,11.6,6.3,10,h,3.5,10,,,0,0,78.13,1.645,0.001,6,10,-0.558,5,278,24.758,96.361,0.852,19.032,,,,,1
2026-10-05T16:00Z,2026-10-06T04:00Z,a4t:34t,12,8.350000000000001,5.1,10.6,5.9,9.5,h,5.1,9.5,,,0,0,949.088,3.241,0.067,6,10,-0.558,11,279,29.62,74.448,2.525,63.286,,,,,1
2026-10-05T16:00Z,2026-10-06T16:00Z,a4t:34t,24,5.95,4,7.3,4.4,8.2,h,4,8.2,,,0,0,86.129,1.91,0.765,6,10,-0.558,23,279,25.07,97.361,0.945,3.176,,,,,1
2026-10-05T16:00Z,2026-10-07T16:00Z,a4t:34t,48,12.15,9.8,8.1,6.1,8.1,h,9.8,8.1,,,0,0,66.343,3.222,0,6,10,-0.558,23,280,26.052,84.222,1.301,61.469,,,,,1
2026-10-05T16:00Z,2026-10-05T17:00Z,a4t:o61,1,11.6,15.7,12.2,16.6,17.3,h,15.7,17.3,,,0,0,256.119,3.548,0.142,16,17.3,0.292,0,278,25.614,94.392,1.927,96.949,,,,,1
2026-10-05T16:00Z,2026-10-05T19:00Z,a4t:o61,3,9.25,12.4,12.1,16.5,17.3,h,12.4,17.3,,,0,0,130.43,1.615,0.053,16,17.3,0.292,2,278,25.256,95.847,0.962,55.606,,,,,1
2026-10-05T16:00Z,2026-10-05T22:00Z,a4t:o61,6,6.25,8.3,11.6,15.8,17.2,h,8.3,17.2,,,0,0,84.801,1.937,0.001,16,17.3,0.292,5,278,24.774,96.181,0.962,11.35,,,,,1
2026-10-05T16:00Z,2026-10-06T04:00Z,a4t:o61,12,8.350000000000001,10.7,10.6,14.3,16.5,h,10.7,16.5,,,0,0,877.708,3.733,0.097,16,17.3,0.292,11,279,29.382,75.456,2.914,55.865,,,,,1
2026-10-05T16:00Z,2026-10-06T16:00Z,a4t:o61,24,5.95,7.3,7.3,9.4,14.8,h,7.3,14.8,,,0,0,82.197,2.318,0.243,16,17.3,0.292,23,279,25.235,97.181,0.997,20.155,,,,,1
2026-10-05T16:00Z,2026-10-07T16:00Z,a4t:o61,48,12.15,13.6,8.1,9.4,13.3,h,13.6,13.3,,,0,0,83.731,3.786,0,16,17.3,0.292,23,280,26.024,83.218,1.504,51.251,,,,,1
2026-10-05T16:00Z,2026-10-05T17:00Z,a4t:117t,1,23.7,15,26.4,16.4,15.5,h,15,15.5,,,0,0.007,82.057,1.498,0.781,21,15.5,-0.453,0,278,24.921,96.813,0.929,119.838,0.6,65,26.1,93,1
2026-10-05T16:00Z,2026-10-05T19:00Z,a4t:117t,3,19.799999999999997,12.7,26.8,16.7,15.5,h,12.7,15.5,,,0,0.004,69.183,1.003,0.09,21,15.5,-0.453,2,278,24.66,97.241,0.799,4.007,0.6,65,26.1,93,1
2026-10-05T16:00Z,2026-10-05T22:00Z,a4t:117t,6,9.75,6.3,25.6,16.1,15.2,h,6.3,15.2,,,0,0.003,167.034,3.357,0.069,21,15.5,-0.453,5,278,24.511,95.381,1.719,8.881,0.6,65,26.1,93,1
2026-10-05T16:00Z,2026-10-06T04:00Z,a4t:117t,12,3.5999999999999996,2.3,19,11.9,14,h,2.3,14,,,0,0.001,799.137,3.043,0.288,21,15.5,-0.453,11,279,27.77,82.597,2.382,35.639,0.6,65,26.1,93,1
2026-10-05T16:00Z,2026-10-06T16:00Z,a4t:117t,24,7.6,5.6,9,6,12.4,h,5.6,12.4,,,0,0,179.835,4.482,2.417,21,15.5,-0.453,23,279,24.014,97.345,2.743,297.324,0.6,65,26.1,93,1
2026-10-05T16:00Z,2026-10-07T16:00Z,a4t:117t,48,8.8,7.3,7.5,5.9,10.7,h,7.3,10.7,,,0,0,122.887,4.798,0,21,15.5,-0.453,23,280,24.571,94.061,2.315,330.1,0.6,65,26.1,93,1
2026-10-05T16:00Z,2026-10-05T17:00Z,a4t:108t,1,4.75,10.7,5.6,12.9,11.2,h,10.7,11.2,,,0,0,51.24,2.068,0.004,15,11.2,0.745,0,278,23.656,95.246,0.715,45.976,,,,,1
2026-10-05T16:00Z,2026-10-05T19:00Z,a4t:108t,3,3.6999999999999997,8.3,4.9,11.3,11.2,h,8.3,11.2,,,0,0,267.202,5.537,0.382,15,11.2,0.745,2,278,22.585,95.853,3.262,57.041,,,,,1
2026-10-05T16:00Z,2026-10-05T22:00Z,a4t:108t,6,2.55,5.8,4.4,10.1,11.1,h,5.8,11.1,,,0,0.001,247.537,4.732,0,15,11.2,0.745,5,278,22.505,94.944,1.973,55.653,,,,,1
2026-10-05T16:00Z,2026-10-06T04:00Z,a4t:108t,12,6.1,11.5,4.3,9.6,11,h,11.5,11,,,0,0,1008.251,4.749,0,15,11.2,0.745,11,279,27.848,70.784,3.649,48.282,,,,,1
2026-10-05T16:00Z,2026-10-06T16:00Z,a4t:108t,24,8.649999999999999,14,5.7,10.6,11,h,14,11,,,0,0,122.382,4.262,0,15,11.2,0.745,23,279,24.239,80.848,1.584,44.944,,,,,1
2026-10-05T16:00Z,2026-10-07T16:00Z,a4t:108t,48,11.600000000000001,15.5,10,14.5,12.9,h,15.5,12.9,,,0,0,46.183,2.243,0,15,11.2,0.745,23,280,23.155,76.761,0.801,46.738,,,,,1
2026-10-05T16:00Z,2026-10-05T17:00Z,a4t:118t,1,8.75,14.8,8.4,14.6,13.7,h,14.8,13.7,,,0,0,122.362,2.917,0.028,10,13.7,0.506,0,278,24.952,95.084,1.571,281.744,0.3,262,25.9,93,1
2026-10-05T16:00Z,2026-10-05T19:00Z,a4t:118t,3,9.45,15.6,8.4,14.5,13.7,h,15.6,13.7,,,0,0,123.995,2.401,0.302,10,13.7,0.506,2,278,24.323,95.865,1.017,327.705,0.3,262,25.9,93,1
2026-10-05T16:00Z,2026-10-05T22:00Z,a4t:118t,6,8.55,13.8,8.1,14,13.8,h,13.8,13.8,,,0,0,110.206,0.098,0.18,10,13.7,0.506,5,278,23.983,95.469,0.443,218.107,0.3,262,25.9,93,1
2026-10-05T16:00Z,2026-10-06T04:00Z,a4t:118t,12,6.300000000000001,9.7,7.5,12.5,13.7,h,9.7,13.7,,,0,0,708.967,2.798,0.123,10,13.7,0.506,11,279,28.512,79.333,2.171,78.703,0.3,262,25.9,93,1
2026-10-05T16:00Z,2026-10-06T16:00Z,a4t:118t,24,4.05,5.8,6.3,10,12.5,h,5.8,12.5,,,0,0,81.242,0.677,0.435,10,13.7,0.506,23,279,23.762,96.15,0.494,68.48,0.3,262,25.9,93,1
2026-10-05T16:00Z,2026-10-07T16:00Z,a4t:118t,48,2.75,3.5,3,4.1,8.9,h,3.5,8.9,,,0,0,124.111,1.114,1.286,10,13.7,0.506,23,280,24.263,95.025,0.696,305.861,0.3,262,25.9,93,1
2026-10-05T16:00Z,2026-10-05T17:00Z,a4t:93t,1,5.65,18.5,6.4,22.2,15.1,h,18.5,15.1,,,0,0,157.555,0.405,0.896,17,15.1,1.147,0,278,25.649,91.571,0.322,333.906,,,,,1
2026-10-05T16:00Z,2026-10-05T19:00Z,a4t:93t,3,5.95,18.5,6.1,21,15.1,h,18.5,15.1,,,0,0,125.027,2.473,0.354,17,15.1,1.147,2,278,24.908,93.714,1.303,170.417,,,,,1
2026-10-05T16:00Z,2026-10-05T22:00Z,a4t:93t,6,5.6,16.4,5.8,19.6,15.2,h,16.4,15.2,,,0,0,178.14,2.338,0.265,17,15.1,1.147,5,278,24.563,93.79,1.076,154.642,,,,,1
2026-10-05T16:00Z,2026-10-06T04:00Z,a4t:93t,12,3.45,9.5,4.9,16.1,15,h,9.5,15,,,0,0,582.986,1.889,0.109,17,15.1,1.147,11,279,28.373,76.596,1.604,202.113,,,,,1
2026-10-05T16:00Z,2026-10-06T16:00Z,a4t:93t,24,7.25,15.1,4,10.9,13.8,h,15.1,13.8,,,0,0,127.264,1.006,0,17,15.1,1.147,23,279,25.601,92.225,0.335,279.778,,,,,1
2026-10-05T16:00Z,2026-10-07T16:00Z,a4t:93t,48,4.85,7.8,4.7,8.8,11.9,h,7.8,11.9,,,0,0,178.636,2.025,0,17,15.1,1.147,23,280,25.238,93.782,0.919,299.535,,,,,1
2026-10-05T16:00Z,2026-10-05T17:00Z,a4t:87t,1,2.5,9.3,4.4,15.5,13.9,h,9.3,13.9,,,0,0.009,148.737,1.829,0.217,13,13.9,1.128,0,278,24.922,93.048,1.695,35.295,,,,,1
2026-10-05T16:00Z,2026-10-05T19:00Z,a4t:87t,3,2.3499999999999996,8.5,4.1,14.5,13.9,h,8.5,13.9,,,0,0.011,133.863,0.829,0.146,13,13.9,1.128,2,278,24.597,92.053,0.776,36.564,,,,,1
2026-10-05T16:00Z,2026-10-05T22:00Z,a4t:87t,6,1.9,6.7,3.7,13.3,13.8,h,6.7,13.8,,,0,0.021,181.804,1.445,0.197,13,13.9,1.128,5,278,24.533,89.957,0.898,52.069,,,,,1
2026-10-05T16:00Z,2026-10-06T04:00Z,a4t:87t,12,1.65,5.3,2.9,10.4,13.1,h,5.3,13.1,,,0,0.008,621.149,1.791,0.35,13,13.9,1.128,11,279,27.729,77.748,1.468,45.874,,,,,1
2026-10-05T16:00Z,2026-10-06T16:00Z,a4t:87t,24,2.4,5.6,2.2,6.5,11.5,h,5.6,11.5,,,0,0,207.473,1.975,0.049,13,13.9,1.128,23,279,25.221,90.144,1.651,49.661,,,,,1
2026-10-05T16:00Z,2026-10-07T16:00Z,a4t:87t,48,3.85,6.3,2.4,4.6,9.3,h,6.3,9.3,,,0,0,252.053,2.062,0.012,13,13.9,1.128,23,280,25.32,89.308,1.409,35.083,,,,,1
2026-10-05T16:00Z,2026-10-05T17:00Z,a4t:105t,1,9.55,11.2,17.1,20.1,15.5,h,11.2,15.5,,,0,0.001,154.468,2.751,0.562,14,15.5,0.154,0,278,24.983,95.927,1.22,102.105,1.3,53,21.7,87,1
2026-10-05T16:00Z,2026-10-05T19:00Z,a4t:105t,3,4.300000000000001,5.1,16.1,18.9,15.4,h,5.1,15.4,,,0,0.001,74.311,1.604,0.044,14,15.5,0.154,2,278,24.818,95.855,0.488,81.919,1.3,53,21.7,87,1
2026-10-05T16:00Z,2026-10-05T22:00Z,a4t:105t,6,2.7,3.2,14.1,16.6,15.3,h,3.2,15.3,,,0,0.002,149.207,1.992,0.052,14,15.5,0.154,5,278,24.544,96.155,0.99,74.944,1.3,53,21.7,87,1
2026-10-05T16:00Z,2026-10-06T04:00Z,a4t:105t,12,2.95,3.4,10,11.8,14.2,h,3.4,14.2,,,0,0.009,1109.361,2.651,0.022,14,15.5,0.154,11,279,29.863,72.337,2.063,82.791,1.3,53,21.7,87,1
2026-10-05T16:00Z,2026-10-06T16:00Z,a4t:105t,24,13.95,15.4,5.7,6.5,12.6,h,15.4,12.6,,,0,0.001,100.876,1.295,1.374,14,15.5,0.154,23,279,24.892,96.625,1.074,310.938,1.3,53,21.7,87,1
2026-10-05T16:00Z,2026-10-07T16:00Z,a4t:105t,48,13.2,14,10.1,10.9,13.2,h,14,13.2,,,0,0,45.516,1.724,0,14,15.5,0.154,23,280,25.592,88.276,0.538,89.679,1.3,53,21.7,87,1
2026-10-05T16:00Z,2026-10-05T17:00Z,a4t:81t,1,24,16.8,22.3,15.4,16,h,16.8,16,,,0,0.008,197.724,3.91,2.959,20,16,-0.356,0,278,24.674,96.764,2.146,356.142,,,,,1
2026-10-05T16:00Z,2026-10-05T19:00Z,a4t:81t,3,23.4,16.6,22.5,15.5,16,h,16.6,16,,,0,0.007,192.156,2.844,3.7,20,16,-0.356,2,278,24.137,94.9,1.819,350.308,,,,,1
2026-10-05T16:00Z,2026-10-05T22:00Z,a4t:81t,6,15.8,11.4,21.9,15.2,16,h,11.4,16,,,0,0.004,161.137,2.007,0.078,20,16,-0.356,5,278,24.152,96.206,1.014,339.112,,,,,1
2026-10-05T16:00Z,2026-10-06T04:00Z,a4t:81t,12,8.75,6.4,19,13.3,15.3,h,6.4,15.3,,,0,0.004,733.87,2.84,0.189,20,16,-0.356,11,279,28.538,78.679,2.335,51.11,,,,,1
2026-10-05T16:00Z,2026-10-06T16:00Z,a4t:81t,24,25.4,20.4,16.1,12.1,14.7,h,20.4,14.7,,,0,0,195.905,3.833,0.263,20,16,-0.356,23,279,24.525,97.206,2.242,323.542,,,,,1
2026-10-05T16:00Z,2026-10-07T16:00Z,a4t:81t,48,16,14,12.9,10.8,13.4,h,14,13.4,,,0,0,143.075,4.415,0,20,16,-0.356,23,280,25.874,88.1,2.096,343.353,,,,,1
2026-10-05T16:00Z,2026-10-05T17:00Z,a4t:88t,1,5.45,12.3,3,7.6,6.7,h,12.3,6.7,,,0,0,362.152,5.13,0,6,6.7,0.756,0,278,21.786,86.817,2.647,39.319,,,,,1
2026-10-05T16:00Z,2026-10-05T19:00Z,a4t:88t,3,7.3,15.6,3.2,7.9,6.8,h,15.6,6.8,,,0,0,301.36,4.166,0,6,6.7,0.756,2,278,21.205,86.732,2.154,24.47,,,,,1
2026-10-05T16:00Z,2026-10-05T22:00Z,a4t:88t,6,6.85,14.1,3.6,8.5,7,h,14.1,7,,,0,0,262.934,4.15,0,6,6.7,0.756,5,278,20.58,87.143,2.079,16.642,,,,,1
2026-10-05T16:00Z,2026-10-06T04:00Z,a4t:88t,12,8.7,16.3,5.1,11,7.7,h,16.3,7.7,,,0,0,701.514,3.706,0,6,6.7,0.756,11,279,25.258,65.73,2.59,22.99,,,,,1
2026-10-05T16:00Z,2026-10-06T16:00Z,a4t:88t,24,15,24.1,8.9,16.4,9.8,h,24.1,9.8,,,0,0,295.466,4.543,0,6,6.7,0.756,23,279,21.245,72.764,2.208,31.315,,,,,1
2026-10-05T16:00Z,2026-10-07T16:00Z,a4t:88t,48,24.55,32.5,15.4,22.2,14.5,h,32.5,14.5,,,0,0,183.114,3.972,0,6,6.7,0.756,23,280,21.462,75.072,1.732,39.7,,,,,1
2026-10-05T16:00Z,2026-10-05T17:00Z,a4t:47t,1,4.85,8.4,14.1,23.7,15.8,h,8.4,15.8,,,0,0.001,60.011,1.4,0,15,15.8,0.492,0,278,24.113,97.737,0.375,129.487,,,,,1
2026-10-05T16:00Z,2026-10-05T19:00Z,a4t:47t,3,4.5,7.6,13.2,22.2,15.8,h,7.6,15.8,,,0,0.002,134.609,2.427,0.593,15,15.8,0.492,2,278,23.436,98.639,1.139,50.606,,,,,1
2026-10-05T16:00Z,2026-10-05T22:00Z,a4t:47t,6,2.85,4.9,11.8,19.9,15.5,h,4.9,15.5,,,0,0.001,431.249,5.589,1.206,15,15.8,0.492,5,278,23.104,96.705,3.242,84.046,,,,,1
2026-10-05T16:00Z,2026-10-06T04:00Z,a4t:47t,12,4.2,6.6,7.7,13,14.6,h,6.6,14.6,,,0,0,1031.776,6.399,0.092,15,15.8,0.492,11,279,28.015,73.066,4.831,70.797,,,,,1
2026-10-05T16:00Z,2026-10-06T16:00Z,a4t:47t,24,7.95,11,5.5,8.3,13.4,h,11,13.4,,,0,0,232.185,4.868,0,15,15.8,0.492,23,279,24.513,89.636,2.015,105.075,,,,,1
2026-10-05T16:00Z,2026-10-07T16:00Z,a4t:47t,48,15.399999999999999,18.6,10.3,13.1,14.5,h,18.6,14.5,,,0,0,68.669,3.064,0,15,15.8,0.492,23,280,24.011,87.969,1.077,36.909,,,,,1
2026-10-05T16:00Z,2026-10-05T17:00Z,a4t:13t,1,39.2,18.9,33.9,15.8,13.8,h,18.9,13.8,,,0,0.014,190.67,2.114,1.898,15,13.8,-0.732,0,278,24.831,96.245,0.858,50.219,,,,,1
2026-10-05T16:00Z,2026-10-05T19:00Z,a4t:13t,3,36.25,18,34.3,16.1,13.9,h,18,13.9,,,0,0.004,126.27,1.575,1.893,15,13.8,-0.732,2,278,24.531,95.46,1.062,22.509,,,,,1
2026-10-05T16:00Z,2026-10-05T22:00Z,a4t:13t,6,24.450000000000003,12.5,33.8,16,14,h,12.5,14,,,0,0.002,116.45,1.374,0.04,15,13.8,-0.732,5,278,24.427,96.521,0.729,359.336,,,,,1
2026-10-05T16:00Z,2026-10-06T04:00Z,a4t:13t,12,13.649999999999999,7.4,29.9,14.5,13.8,h,7.4,13.8,,,0,0.003,905.554,2.505,0.102,15,13.8,-0.732,11,279,29.272,75.924,2.019,65.863,,,,,1
2026-10-05T16:00Z,2026-10-06T16:00Z,a4t:13t,24,47.55,30.4,25.5,14.2,13.9,h,30.4,13.9,,,0,0.001,150.474,3.088,1.074,15,13.8,-0.732,23,279,24.577,97.521,1.932,316.969,,,,,1
2026-10-05T16:00Z,2026-10-07T16:00Z,a4t:13t,48,32.3,24.6,21.6,15.1,14.5,h,24.6,14.5,,,0,0,87.177,2.046,0,15,13.8,-0.732,23,280,25.952,87.602,0.832,7.601,,,,,1
2026-10-05T16:00Z,2026-10-05T17:00Z,a4t:22t,1,39.2,19,33.9,15.9,17.7,h,19,17.7,,,0,0.018,186.362,2.076,2.002,15,17.7,-0.728,0,278,24.771,96.323,0.835,50.191,,,,,1
2026-10-05T16:00Z,2026-10-05T19:00Z,a4t:22t,3,36.25,18.1,34.3,16.2,17.7,h,18.1,17.7,,,0,0.004,121.526,1.516,1.986,15,17.7,-0.728,2,278,24.482,95.493,1.048,22.231,,,,,1
2026-10-05T16:00Z,2026-10-05T22:00Z,a4t:22t,6,24.450000000000003,12.6,33.8,16.1,17.6,h,12.6,17.6,,,0,0.002,116.074,1.309,0.042,15,17.7,-0.728,5,278,24.41,96.529,0.695,0.628,,,,,1
2026-10-05T16:00Z,2026-10-06T04:00Z,a4t:22t,12,13.649999999999999,7.4,29.9,14.5,17.1,h,7.4,17.1,,,0,0.004,917.42,2.419,0.098,15,17.7,-0.728,11,279,29.31,75.677,1.951,68.71,,,,,1
2026-10-05T16:00Z,2026-10-06T16:00Z,a4t:22t,24,47.55,30.5,25.5,14.3,16.6,h,30.5,16.6,,,0,0.001,152.322,3.117,1.154,15,17.7,-0.728,23,279,24.549,97.529,1.983,315.471,,,,,1
2026-10-05T16:00Z,2026-10-07T16:00Z,a4t:22t,48,32.3,24.6,21.6,15.2,16.4,h,24.6,16.4,,,0,0,85.898,1.966,0,15,17.7,-0.728,23,280,25.971,87.747,0.805,8.437,,,,,1
2026-10-05T16:00Z,2026-10-05T17:00Z,a4t:62t,1,11.2,14.5,16.5,21.6,20.5,h,14.5,20.5,,,0,0,170.558,1.579,1.247,20,20.5,0.256,0,278,24.795,93.33,1.575,144.496,,,,,1
2026-10-05T16:00Z,2026-10-05T19:00Z,a4t:62t,3,8.5,11,15.6,20.4,20.5,h,11,20.5,,,0,0,192.857,2.353,0.263,20,20.5,0.256,2,278,24.93,92.321,2.057,195.797,,,,,1
2026-10-05T16:00Z,2026-10-05T22:00Z,a4t:62t,6,8.2,10.4,14.3,18.7,20.3,h,10.4,20.3,,,0,0,207.201,2.597,0.015,20,20.5,0.256,5,278,24.998,92.925,1.828,216.924,,,,,1
2026-10-05T16:00Z,2026-10-06T04:00Z,a4t:62t,12,13.3,16.3,13.1,16.8,19.6,h,16.3,19.6,,,0,0,625.988,1.456,0.028,20,20.5,0.256,11,279,29.359,73.712,1.205,207.982,,,,,1
2026-10-05T16:00Z,2026-10-06T16:00Z,a4t:62t,24,8.05,9.5,10.6,13,18.1,h,9.5,18.1,,,0,0,203.605,1.296,0.085,20,20.5,0.256,23,279,25.501,91.769,1.324,195.962,,,,,1
2026-10-05T16:00Z,2026-10-07T16:00Z,a4t:62t,48,11.5,12.7,9.5,10.8,15.7,h,12.7,15.7,,,0,0,228.944,2.16,0.813,20,20.5,0.256,23,280,25.297,91.463,1.478,239.336,,,,,1
2026-10-05T16:00Z,2026-10-05T17:00Z,a4t:67t,1,3.95,12.2,3.9,12.7,14.3,h,12.2,14.3,,,0,0,123.277,1.631,0.394,14,14.3,1.025,0,278,23.25,97.244,0.642,9.349,,,,,1
2026-10-05T16:00Z,2026-10-05T19:00Z,a4t:67t,3,2.75,8.6,3.6,11.7,14.3,h,8.6,14.3,,,0,0,72.34,1.343,0.478,14,14.3,1.025,2,278,22.455,98.228,0.753,324.827,,,,,1
2026-10-05T16:00Z,2026-10-05T22:00Z,a4t:67t,6,2.3,7,3.4,11,14.2,h,7,14.2,,,0,0,120.621,1.663,0.253,14,14.3,1.025,5,278,21.875,97.244,0.456,4.323,,,,,1
2026-10-05T16:00Z,2026-10-06T04:00Z,a4t:67t,12,2.25,6.1,3.6,11.1,13.7,h,6.1,13.7,,,0,0,792.666,0.482,0.019,14,14.3,1.025,11,279,26.817,75.969,0.363,356.163,,,,,1
2026-10-05T16:00Z,2026-10-06T16:00Z,a4t:67t,24,5.6,11.1,3.1,7.9,12.2,h,11.1,12.2,,,0,0,37.895,1.357,0,14,14.3,1.025,23,279,23.187,97.46,0.604,24.312,,,,,1
2026-10-05T16:00Z,2026-10-07T16:00Z,a4t:67t,48,11.15,16.6,7.4,12.3,13.3,h,16.6,13.3,,,0,0,34.223,0.352,0,14,14.3,1.025,23,280,23.476,97.805,0.026,184.574,,,,,1
2026-10-05T16:00Z,2026-10-05T17:00Z,a4t:106t,1,4.95,5,3.5,3.5,7.3,h,5,7.3,,,0,0,160.346,3.239,0.012,10,7.3,0.009,0,278,20.912,88.122,1.497,56.4,0.9,75,28.3,74,1
2026-10-05T16:00Z,2026-10-05T19:00Z,a4t:106t,3,5,5,3.4,3.5,7.2,h,5,7.2,,,0,0,136.026,2.844,0,10,7.3,0.009,2,278,20.354,87.772,1.205,57.23,0.9,75,28.3,74,1
2026-10-05T16:00Z,2026-10-05T22:00Z,a4t:106t,6,4.6,4.6,3.4,3.4,7.1,h,4.6,7.1,,,0,0,165.865,3.06,0,10,7.3,0.009,5,278,19.88,85.761,1.374,44.285,0.9,75,28.3,74,1
2026-10-05T16:00Z,2026-10-06T04:00Z,a4t:106t,12,5.5,5.5,4.1,4.1,6.8,h,5.5,6.8,,,0,0,858.364,1.427,0.024,10,7.3,0.009,11,279,25.959,61.773,1.048,25.228,0.9,75,28.3,74,1
2026-10-05T16:00Z,2026-10-06T16:00Z,a4t:106t,24,8.8,8.9,6,6,6.9,h,8.9,6.9,,,0,0,126.43,3.222,0,10,7.3,0.009,23,279,20.202,80.422,1.648,52.402,0.9,75,28.3,74,1
2026-10-05T16:00Z,2026-10-07T16:00Z,a4t:106t,48,11.850000000000001,11.9,9.2,9.3,8.3,h,11.9,8.3,,,0,0,103.731,2.797,0,10,7.3,0.009,23,280,20.413,77.806,1.387,67.314,0.9,75,28.3,74,1
2026-10-05T16:00Z,2026-10-05T17:00Z,a4t:101t,1,4.65,10.8,7.7,17.7,14.8,h,10.8,14.8,,,0,0,208.266,3.426,0.711,13,14.8,0.765,0,278,24.069,95.723,2.179,22.427,1,265,26,92,1
2026-10-05T16:00Z,2026-10-05T19:00Z,a4t:101t,3,3.45,8,7.4,16.9,14.7,h,8,14.7,,,0,0,272.586,4.747,0.107,13,14.8,0.765,2,278,23.6,96.468,2.482,30.096,1,265,26,92,1
2026-10-05T16:00Z,2026-10-05T22:00Z,a4t:101t,6,2.85,6.5,6.9,15.9,14.4,h,6.5,14.4,,,0,0,256.412,3.314,0.189,13,14.8,0.765,5,278,23.459,95.623,1.138,32.796,1,265,26,92,1
2026-10-05T16:00Z,2026-10-06T04:00Z,a4t:101t,12,4.3,8.5,5.5,12.6,13.6,h,8.5,13.6,,,0,0,975.297,7.625,0.1,13,14.8,0.765,11,279,27.868,72.133,5.551,58.934,1,265,26,92,1
2026-10-05T16:00Z,2026-10-06T16:00Z,a4t:101t,24,5.5,9.2,4.3,8.4,12.8,h,9.2,12.8,,,0,0,422.09,6.591,0,13,14.8,0.765,23,279,23.778,78.789,3.405,69.541,1,265,26,92,1
2026-10-05T16:00Z,2026-10-07T16:00Z,a4t:101t,48,14.2,19,11,15.9,15.3,h,19,15.3,,,0,0,94.182,3.727,0,13,14.8,0.765,23,280,24.384,85.451,1.327,11.209,1,265,26,92,1
2026-10-05T16:00Z,2026-10-05T17:00Z,a4t:20t,1,19.55,33.9,21.3,37.7,24.1,h,33.9,24.1,,,0,0.011,179.117,2.053,1.942,22,24.1,0.553,0,278,24.733,96.296,0.761,63.22,,,,,1
2026-10-05T16:00Z,2026-10-05T19:00Z,a4t:20t,3,17.6,29.9,21.2,37.5,24.1,h,29.9,24.1,,,0,0.002,107.642,1.368,1.786,22,24.1,0.553,2,278,24.495,95.499,0.924,31.478,,,,,1
2026-10-05T16:00Z,2026-10-05T22:00Z,a4t:20t,6,15.5,25.6,20.8,36.4,24.1,h,25.6,24.1,,,0,0.002,118.754,1.216,0.038,22,24.1,0.553,5,278,24.445,96.492,0.648,12.255,,,,,1
2026-10-05T16:00Z,2026-10-06T04:00Z,a4t:20t,12,9.6,15.2,18.2,31.4,24.1,h,15.2,24.1,,,0,0.004,959.765,2.345,0.077,22,24.1,0.553,11,279,29.438,74.973,1.882,74.959,,,,,1
2026-10-05T16:00Z,2026-10-06T16:00Z,a4t:20t,24,23.9,33.6,13.7,21.7,23.3,h,33.6,23.3,,,0,0.001,149.931,3.043,1.386,22,24.1,0.553,23,279,24.533,97.409,2.007,311.88,,,,,1
2026-10-05T16:00Z,2026-10-07T16:00Z,a4t:20t,48,21.450000000000003,26.4,14.7,19.3,21.7,h,26.4,21.7,,,0,0,78.145,1.607,0,22,24.1,0.553,23,280,25.977,88.029,0.631,17.253,,,,,1
2026-10-05T16:00Z,2026-10-05T17:00Z,a4t:103t,1,3.5,4.4,4.9,6.2,12.3,h,4.4,12.3,,,0,0.01,306.64,3.526,0.458,6,12.3,0.196,0,278,26.462,88.865,2.495,21.31,3.1,279,28.2,79,1
2026-10-05T16:00Z,2026-10-05T19:00Z,a4t:103t,3,4.3,5.3,4.8,6.1,12.3,h,5.3,12.3,,,0,0.005,312.47,2.901,0.216,6,12.3,0.196,2,278,26.1,88.991,1.877,23.048,3.1,279,28.2,79,1
2026-10-05T16:00Z,2026-10-05T22:00Z,a4t:103t,6,4.35,5.3,4.7,5.9,12.3,h,5.3,12.3,,,0,0.003,223.282,2.792,0.161,6,12.3,0.196,5,278,25.279,93.04,2.158,351.304,3.1,279,28.2,79,1
2026-10-05T16:00Z,2026-10-06T04:00Z,a4t:103t,12,4.85,5.8,4.6,5.7,11.5,h,5.8,11.5,,,0,0,641.246,4.98,0.15,6,12.3,0.196,11,279,28.068,82.188,4.373,36.683,3.1,279,28.2,79,1
2026-10-05T16:00Z,2026-10-06T16:00Z,a4t:103t,24,5.5,6.3,5.2,6.2,10.3,h,6.3,10.3,,,0,0,203.092,4.16,0.081,6,12.3,0.196,23,279,25.299,94.04,2.714,321.994,3.1,279,28.2,79,1
2026-10-05T16:00Z,2026-10-07T16:00Z,a4t:103t,48,13,14,7.5,8.3,10.3,h,14,10.3,,,0,0,137.676,4.178,0,6,12.3,0.196,23,280,26.154,86.243,2.659,319.945,3.1,279,28.2,79,1
2026-10-05T16:00Z,2026-10-05T17:00Z,a4t:77t,1,9.7,22.2,19.3,44.6,21.3,h,22.2,21.3,,,0,0,91.188,1.347,0.348,18,21.3,0.808,0,278,24.73,98.197,0.672,95.892,,,,,1
2026-10-05T16:00Z,2026-10-05T19:00Z,a4t:77t,3,8.7,19.4,17.4,40.1,21.3,h,19.4,21.3,,,0,0.001,35.471,0.736,0,18,21.3,0.808,2,278,24.49,98.216,0.2,128.341,,,,,1
2026-10-05T16:00Z,2026-10-05T22:00Z,a4t:77t,6,6.699999999999999,14.5,13.9,32.1,21.3,h,14.5,21.3,,,0,0.003,67.903,1.582,0.054,18,21.3,0.808,5,278,24.187,96.772,0.596,109.451,,,,,1
2026-10-05T16:00Z,2026-10-06T04:00Z,a4t:77t,12,3,6.4,9.6,21.9,20.7,h,6.4,20.7,,,0,0.003,1094.66,1.487,0.077,18,21.3,0.808,11,279,30.018,72.179,1.082,75.634,,,,,1
2026-10-05T16:00Z,2026-10-06T16:00Z,a4t:77t,24,11.35,19,6.4,12.8,18.6,h,19,18.6,,,0,0,55.989,1.004,0.827,18,21.3,0.808,23,279,24.895,98.459,0.719,312.713,,,,,1
2026-10-05T16:00Z,2026-10-07T16:00Z,a4t:77t,48,13.65,18.6,10,14.9,18.1,h,18.6,18.1,,,0,0,24.31,1.247,0,18,21.3,0.808,23,280,24.965,89.916,0.523,96.599,,,,,1
2026-10-05T16:00Z,2026-10-05T17:00Z,a4t:121t,1,12.25,29.7,10.3,26.2,19.7,h,29.7,19.7,,,0,0,308.606,3.839,1.778,15,19.7,0.877,0,278,26.316,87.618,3.919,119.697,1.4,56,24.7,100,1
2026-10-05T16:00Z,2026-10-05T19:00Z,a4t:121t,3,13.75,32.1,10.3,25.9,19.8,h,32.1,19.8,,,0,0,306.603,4.189,0.548,15,19.7,0.877,2,278,25.867,89.782,4.053,150.422,1.4,56,24.7,100,1
2026-10-05T16:00Z,2026-10-05T22:00Z,a4t:121t,6,11.850000000000001,26.4,10.2,25.2,20,h,26.4,20,,,0,0,318.097,4.064,0.133,15,19.7,0.877,5,278,25.927,87.724,3.737,220.985,1.4,56,24.7,100,1
2026-10-05T16:00Z,2026-10-06T04:00Z,a4t:121t,12,8.25,17.1,10.2,24.2,20.4,h,17.1,20.4,,,0,0,596.452,1.677,0.083,15,19.7,0.877,11,279,28.759,73.98,1.436,235.155,1.4,56,24.7,100,1
2026-10-05T16:00Z,2026-10-06T16:00Z,a4t:121t,24,7.9,14,8.8,18.7,19.4,h,14,19.4,,,0,0,336.725,2.983,0.336,15,19.7,0.877,23,279,26.866,86.972,3.081,199.62,1.4,56,24.7,100,1
2026-10-05T16:00Z,2026-10-07T16:00Z,a4t:121t,48,5.35,7.7,8.2,12.6,16.2,h,7.7,16.2,,,0,0,346.291,1.956,1.136,15,19.7,0.877,23,280,27.048,82.187,1.881,235.225,1.4,56,24.7,100,1
2026-10-05T16:00Z,2026-10-05T17:00Z,a4t:21t,1,31.55,16.6,34.4,17.7,23.1,h,16.6,23.1,,,0,0.002,188.499,2.128,1.494,2,23.2,-0.642,0,278,24.958,95.592,0.85,67.079,,,,,1
2026-10-05T16:00Z,2026-10-05T19:00Z,a4t:21t,3,26.35,14.2,33.5,17.2,22.9,h,14.2,22.9,,,0,0.004,129.395,1.596,1.323,2,23.2,-0.642,2,278,24.699,94.677,0.942,28.092,,,,,1
2026-10-05T16:00Z,2026-10-05T22:00Z,a4t:21t,6,17.45,9.6,30.9,16,22.5,h,9.6,22.5,,,0,0.011,195.717,2.002,0.028,2,23.2,-0.642,5,278,24.598,95.57,1.023,32.618,,,,,1
2026-10-05T16:00Z,2026-10-06T04:00Z,a4t:21t,12,7.25,4.1,23.9,12.5,21.5,h,4.1,21.5,,,0,0.005,942.222,2.996,0.072,2,23.2,-0.642,11,279,29.118,75.234,2.405,67.446,,,,,1
2026-10-05T16:00Z,2026-10-06T16:00Z,a4t:21t,24,26.700000000000003,17.9,15.4,8.9,18.6,h,17.9,18.6,,,0,0.001,157.45,2.474,1.153,2,23.2,-0.642,23,279,24.777,95.819,1.684,322.465,,,,,1
2026-10-05T16:00Z,2026-10-07T16:00Z,a4t:21t,48,16.05,12.5,14.1,10.2,16.7,h,12.5,16.7,,,0,0,105.669,2.307,0,2,23.2,-0.642,23,280,25.766,88.367,1.015,12.969,,,,,1
2026-10-05T16:00Z,2026-10-05T17:00Z,a4t:70t,1,3.8,4.1,6.8,7.4,,h,4.1,,,,0,0.001,146.151,2.806,0.715,6,10.5,0.072,0,278,22.411,96.139,1.613,10.076,,,,,1
2026-10-05T16:00Z,2026-10-05T19:00Z,a4t:70t,3,4.35,4.7,6.4,6.9,,h,4.7,,,,0,0,161.446,2.933,1.484,6,10.5,0.072,2,278,21.541,97.483,1.796,18.344,,,,,1
2026-10-05T16:00Z,2026-10-05T22:00Z,a4t:70t,6,2.3,2.5,6,6.6,,h,2.5,,,,0,0.001,209.266,2.383,0.625,6,10.5,0.072,5,278,21.171,98.283,1.307,11.105,,,,,1
2026-10-05T16:00Z,2026-10-06T04:00Z,a4t:70t,12,2.6,2.8,4.6,5,,h,2.8,,,,0,0.001,383.162,1.249,0.32,6,10.5,0.072,11,279,23.454,91.195,0.978,346.001,,,,,1
2026-10-05T16:00Z,2026-10-06T16:00Z,a4t:70t,24,6.15,6.5,3.4,3.7,8.3,h,6.5,8.3,,,0,0,32.27,0.788,0,6,10.5,0.072,23,279,22.185,97.055,0.104,346.967,,,,,1
2026-10-05T16:00Z,2026-10-07T16:00Z,a4t:70t,48,15.7,16.1,8.5,8.8,9.7,h,16.1,9.7,,,0,0,35.175,1.181,0,6,10.5,0.072,23,280,22.779,94.224,0.409,187.877,,,,,1
2026-10-05T16:00Z,2026-10-05T17:00Z,a4t:120t,1,6.4,16.9,7.6,20.5,14.9,h,16.9,14.9,,,0,0,101.895,1.481,1.288,12,14.9,0.922,0,278,25.114,93.759,0.728,221.145,1.1,334,25.7,99,1
2026-10-05T16:00Z,2026-10-05T19:00Z,a4t:120t,3,6.75,17.1,7.1,19.1,14.9,h,17.1,14.9,,,0,0,147.642,3.311,0.269,12,14.9,0.922,2,278,24.489,94.965,1.632,172.996,1.1,334,25.7,99,1
2026-10-05T16:00Z,2026-10-05T22:00Z,a4t:120t,6,7,16.7,6.5,17.5,15,h,16.7,15,,,0,0,129.271,2.132,0.295,12,14.9,0.922,5,278,23.913,95.375,0.569,163.118,1.1,334,25.7,99,1
2026-10-05T16:00Z,2026-10-06T04:00Z,a4t:120t,12,2.8,6.7,5.3,13.9,14.7,h,6.7,14.7,,,0,0,585,1.434,0.075,12,14.9,0.922,11,279,28.613,74.757,1.108,220.576,1.1,334,25.7,99,1
2026-10-05T16:00Z,2026-10-06T16:00Z,a4t:120t,24,5.05,9.5,4.2,9.8,13.3,h,9.5,13.3,,,0,0,85.743,2.283,0.012,12,14.9,0.922,23,279,25.01,94.674,0.842,269.221,1.1,334,25.7,99,1
2026-10-05T16:00Z,2026-10-07T16:00Z,a4t:120t,48,4.1,6.1,4.7,7.8,11.3,h,6.1,11.3,,,0,0,102.63,3.009,0.039,12,14.9,0.922,23,280,24.486,96.463,1.151,280.908,1.1,334,25.7,99,1
2026-10-05T16:00Z,2026-10-05T17:00Z,a4t:95t,1,18.200000000000003,11.5,26.5,16.5,8.9,h,11.5,8.9,,,0,0.015,103.41,2.385,0.055,13,8.9,-0.45,0,278,24.609,97.067,1.252,7.377,1.6,312,,,1
2026-10-05T16:00Z,2026-10-05T19:00Z,a4t:95t,3,13.7,8.7,26.1,16.3,8.9,h,8.7,8.9,,,0,0.011,105.64,2.064,0,13,8.9,-0.45,2,278,24.209,98.45,0.803,32.477,1.6,312,,,1
2026-10-05T16:00Z,2026-10-05T22:00Z,a4t:95t,6,8.85,5.7,25.3,15.9,9,h,5.7,9,,,0,0.004,110.622,2.354,0,13,8.9,-0.45,5,278,23.777,97.904,1.216,326.609,1.6,312,,,1
2026-10-05T16:00Z,2026-10-06T04:00Z,a4t:95t,12,6.8,4.5,19.6,12.4,8.8,h,4.5,8.8,,,0,0.001,742.646,2.038,0.177,13,8.9,-0.45,11,279,27.761,77.883,1.634,318.074,1.6,312,,,1
2026-10-05T16:00Z,2026-10-06T16:00Z,a4t:95t,24,9.600000000000001,7.1,8.8,5.9,7.9,h,7.1,7.9,,,0,0,106.781,3.515,0,13,8.9,-0.45,23,279,25.027,96.747,1.404,328.145,1.6,312,,,1
2026-10-05T16:00Z,2026-10-07T16:00Z,a4t:95t,48,10.1,8.4,7.8,6.1,7.5,h,8.4,7.5,,,0,0,25.848,0.706,0,13,8.9,-0.45,23,280,24.924,98.957,0.367,258.726,1.6,312,,,1
2026-10-05T16:00Z,2026-10-05T17:00Z,a4t:86t,1,16,11,25,17.1,8.8,h,11,8.8,,,0,0.006,74.516,1.219,0.37,7,8.8,-0.366,0,278,24.282,96.613,0.839,16.476,,,,,1
2026-10-05T16:00Z,2026-10-05T19:00Z,a4t:86t,3,13.9,9.6,24.6,16.8,8.8,h,9.6,8.8,,,0,0.003,132.307,2.746,0.001,7,8.8,-0.366,2,278,23.872,97.306,1.078,47.69,,,,,1
2026-10-05T16:00Z,2026-10-05T22:00Z,a4t:86t,6,10.35,7.3,24.1,16.5,8.9,h,7.3,8.9,,,0,0.002,151.432,3.233,0.711,7,8.8,-0.366,5,278,23.217,97.316,1.75,347.921,,,,,1
2026-10-05T16:00Z,2026-10-06T04:00Z,a4t:86t,12,5.85,4.2,18.9,13,8.9,h,4.2,8.9,,,0,0.001,815.567,1.858,0.135,7,8.8,-0.366,11,279,28.079,78.641,1.575,310.16,,,,,1
2026-10-05T16:00Z,2026-10-06T16:00Z,a4t:86t,24,10.2,8,8.9,6.5,8.1,h,8,8.1,,,0,0,95.142,2.68,0,7,8.8,-0.366,23,279,24.408,97.325,0.94,330.026,,,,,1
2026-10-05T16:00Z,2026-10-07T16:00Z,a4t:86t,48,14,12.1,8.9,7.3,8.1,h,12.1,8.1,,,0,0,27.005,0.269,0,7,8.8,-0.366,23,280,24.974,95.64,0.117,249.577,,,,,1
2026-10-05T16:00Z,2026-10-05T17:00Z,a4t:43t,1,4.4,16.5,5,19.9,18.4,h,16.5,18.4,,,0,0,367.679,3.894,1.046,18,18.4,1.252,0,278,27.047,84.493,3.165,352.163,,,28.7,83,1
2026-10-05T16:00Z,2026-10-05T19:00Z,a4t:43t,3,3.5,12.9,4.9,19.3,18.4,h,12.9,18.4,,,0,0,302.364,0.639,0.268,18,18.4,1.252,2,278,26.744,85.391,0.765,255.087,,,28.7,83,1
2026-10-05T16:00Z,2026-10-05T22:00Z,a4t:43t,6,3.05,10.7,4.7,18.3,18.2,h,10.7,18.2,,,0,0,106.333,1.062,0.137,18,18.4,1.252,5,278,26.417,85.673,0.624,132.959,,,28.7,83,1
2026-10-05T16:00Z,2026-10-06T04:00Z,a4t:43t,12,3.65,10.8,4.2,15.7,17.6,h,10.8,17.6,,,0,0,476.348,2.211,0.065,18,18.4,1.252,11,279,27.804,79.2,1.97,167.794,,,28.7,83,1
2026-10-05T16:00Z,2026-10-06T16:00Z,a4t:43t,24,2.9,7.1,3.6,10.7,16,h,7.1,16,,,0,0,408.184,0.505,0,18,18.4,1.252,23,279,27.494,83.153,0.678,274.008,,,28.7,83,1
2026-10-05T16:00Z,2026-10-07T16:00Z,a4t:43t,48,2.5,4.4,3.2,6.4,12.4,h,4.4,12.4,,,0,0,377.395,1.734,0.007,18,18.4,1.252,23,280,27.223,83.987,1.434,330.945,,,28.7,83,1
2026-10-05T16:00Z,2026-10-05T17:00Z,a4t:114t,1,4,8,4,8.3,6.9,h,8,6.9,,,0,0,286.458,2.927,0.504,10,6.9,0.613,0,278,24.351,92.296,0.796,74.704,0.8,300,25.1,93,1
2026-10-05T16:00Z,2026-10-05T19:00Z,a4t:114t,3,3.8,7.4,3.8,7.9,6.9,h,7.4,6.9,,,0,0,233.465,3.6,0.331,10,6.9,0.613,2,278,23.825,92.529,1.55,45.039,0.8,300,25.1,93,1
2026-10-05T16:00Z,2026-10-05T22:00Z,a4t:114t,6,3.3,6.3,3.8,7.7,6.9,h,6.3,6.9,,,0,0,294.16,4.267,0,10,6.9,0.613,5,278,22.999,92.437,2.072,36.665,0.8,300,25.1,93,1
2026-10-05T16:00Z,2026-10-06T04:00Z,a4t:114t,12,8.3,13.8,4.4,8.5,7.1,h,13.8,7.1,,,0,0,939.642,4.465,0,10,6.9,0.613,11,279,28.37,64.329,3.471,50.895,0.8,300,25.1,93,1
2026-10-05T16:00Z,2026-10-06T16:00Z,a4t:114t,24,8.85,13.2,6.9,11.4,8.3,h,13.2,8.3,,,0,0,264.871,4.861,0,10,6.9,0.613,23,279,23.7,83.803,2.297,85.667,0.8,300,25.1,93,1
2026-10-05T16:00Z,2026-10-07T16:00Z,a4t:114t,48,17.6,22.2,14.1,18.9,12.9,h,22.2,12.9,,,0,0,150.968,3.653,0,10,6.9,0.613,23,280,24.102,81.49,1.366,42.715,0.8,300,25.1,93,1
2026-10-05T16:00Z,2026-10-05T17:00Z,a4t:102t,1,2.7,7,3.9,9.9,10.9,h,7,10.9,,,0,0,378.671,6.115,0,8,10.9,0.8,0,278,23.663,88.236,3.246,62.611,2.1,70,27.2,68,1
2026-10-05T16:00Z,2026-10-05T19:00Z,a4t:102t,3,3.1,7.6,3.6,9.3,10.8,h,7.6,10.8,,,0,0,338.97,5.11,0,8,10.9,0.8,2,278,22.893,88.712,2.635,55.378,2.1,70,27.2,68,1
2026-10-05T16:00Z,2026-10-05T22:00Z,a4t:102t,6,4.3,9.6,3.4,8.7,10.8,h,9.6,10.8,,,0,0,303.142,4.712,0,8,10.9,0.8,5,278,22.248,89.214,2.395,52.299,2.1,70,27.2,68,1
2026-10-05T16:00Z,2026-10-06T04:00Z,a4t:102t,12,7.8,15.2,4.3,9.9,10.9,h,15.2,10.9,,,0,0,852.684,4.684,0,8,10.9,0.8,11,279,26.953,69.931,3.515,54.458,2.1,70,27.2,68,1
2026-10-05T16:00Z,2026-10-06T16:00Z,a4t:102t,24,11.2,18.6,6.1,11.8,11.2,h,18.6,11.2,,,0,0,383.594,5.995,0,8,10.9,0.8,23,279,22.68,75.505,3.283,62.775,2.1,70,27.2,68,1
2026-10-05T16:00Z,2026-10-07T16:00Z,a4t:102t,48,19.35,26.1,17.2,25.3,18.1,h,26.1,18.1,,,0,0,334.538,5.531,0,8,10.9,0.8,23,280,23.385,74.398,2.722,60.355,2.1,70,27.2,68,1
2026-10-05T16:00Z,2026-10-05T17:00Z,a4t:63t,1,15.25,27.3,13.6,25.2,20.3,h,27.3,20.3,,,0,0,202.155,2.545,1.174,19,20.3,0.591,0,278,25.108,91.925,2.635,128.613,,,,,1
2026-10-05T16:00Z,2026-10-05T19:00Z,a4t:63t,3,16.75,29.2,13.2,24.4,20.4,h,29.2,20.4,,,0,0,210.024,2.949,0.379,19,20.3,0.591,2,278,24.769,92.913,2.625,154.956,,,,,1
2026-10-05T16:00Z,2026-10-05T22:00Z,a4t:63t,6,16.299999999999997,27.5,13,23.8,20.6,h,27.5,20.6,,,0,0,211.512,3.005,0.078,19,20.3,0.591,5,278,24.638,92.307,2.419,225.407,,,,,1
2026-10-05T16:00Z,2026-10-06T04:00Z,a4t:63t,12,9.5,15.3,13.5,23.9,20.9,h,15.3,20.9,,,0,0,741.497,1.899,0.104,19,20.3,0.591,11,279,29.031,73.191,1.492,235.684,,,,,1
2026-10-05T16:00Z,2026-10-06T16:00Z,a4t:63t,24,7.800000000000001,11.4,11.6,19,19.9,h,11.4,19.9,,,0,0,225.088,2.042,0.209,19,20.3,0.591,23,279,25.446,91.518,1.91,186.687,,,,,1
2026-10-05T16:00Z,2026-10-07T16:00Z,a4t:63t,48,6.75,8.5,11,14.6,17.4,h,8.5,17.4,,,0,0,227.038,1.721,0.716,19,20.3,0.591,23,280,25.335,89.076,1.195,224.24,,,,,1
2026-10-05T16:00Z,2026-10-05T17:00Z,a4t:78t,1,15.450000000000001,17.8,16.2,18.8,20.1,h,17.8,20.1,,,0,0,30.358,0.97,0.036,19,20.1,0.143,0,278,22.988,99.184,0.732,193.233,,,,,1
2026-10-05T16:00Z,2026-10-05T19:00Z,a4t:78t,3,14.1,16.2,15.5,18,20.1,h,16.2,20.1,,,0,0,40.751,0.912,0.082,19,20.1,0.143,2,278,22.698,98.524,0.655,153.251,,,,,1
2026-10-05T16:00Z,2026-10-05T22:00Z,a4t:78t,6,12,13.7,15.1,17.5,20,h,13.7,20,,,0,0,28.674,1.331,0,19,20.1,0.143,5,278,22.217,99.932,0.299,259.432,,,,,1
2026-10-05T16:00Z,2026-10-06T04:00Z,a4t:78t,12,11.149999999999999,12.5,14.3,16.4,19.5,h,12.5,19.5,,,0,0,1034.227,2.463,0.164,19,20.1,0.143,11,279,28.926,72.812,1.725,241.232,,,,,1
2026-10-05T16:00Z,2026-10-06T16:00Z,a4t:78t,24,23.5,25.6,16.5,18.5,19.6,h,25.6,19.6,,,0,0,48.763,1.159,0.029,19,20.1,0.143,23,279,22.77,99.22,0.669,112.196,,,,,1
2026-10-05T16:00Z,2026-10-07T16:00Z,a4t:78t,48,22.549999999999997,23.8,24.7,26.4,23.2,h,23.8,23.2,,,0,0,26.797,0.753,0,19,20.1,0.143,23,280,22.381,100,0.489,186.76,,,,,1
2026-10-05T16:00Z,2026-10-05T17:00Z,a4t:109t,1,3.3,6.5,4.3,8.5,7.4,h,6.5,7.4,,,0,0.001,496.309,6.116,0.018,11,7.4,0.575,0,278,25.173,85.778,3.227,57.816,,,,,1
2026-10-05T16:00Z,2026-10-05T19:00Z,a4t:109t,3,2.4000000000000004,4.8,4,7.9,7.3,h,4.8,7.3,,,0,0,514.42,6.499,0,11,7.4,0.575,2,278,24.262,84.27,3.544,53.223,,,,,1
2026-10-05T16:00Z,2026-10-05T22:00Z,a4t:109t,6,2.35,4.5,3.6,7.1,7.2,h,4.5,7.2,,,0,0,459.016,5.513,0,11,7.4,0.575,5,278,23.536,85.077,2.725,45.987,,,,,1
2026-10-05T16:00Z,2026-10-06T04:00Z,a4t:109t,12,6.85,11.2,3.9,7.3,7.2,h,11.2,7.2,,,0,0,1073.176,6.316,0.018,11,7.4,0.575,11,279,29.069,65.031,4.788,54.233,,,,,1
2026-10-05T16:00Z,2026-10-06T16:00Z,a4t:109t,24,4.35,6.5,4.9,8,7.6,h,6.5,7.6,,,0,0,453.514,7.382,0,11,7.4,0.575,23,279,23.292,73.466,4.186,63.484,,,,,1
2026-10-05T16:00Z,2026-10-07T16:00Z,a4t:109t,48,15.55,19.4,14.4,19,13.2,h,19.4,13.2,,,0,0,424.667,5.554,0,11,7.4,0.575,23,280,24.971,78.195,2.661,64.115,,,,,1
2026-10-05T16:00Z,2026-10-05T17:00Z,a4t:30t,1,8.6,8.1,13.3,12.5,14.1,h,8.1,14.1,,,0,0,262.451,2.968,0.192,9,14.1,-0.058,0,278,25.995,91.256,2.06,88.779,1.2,337,27.5,82,1
2026-10-05T16:00Z,2026-10-05T19:00Z,a4t:30t,3,8.55,8.1,12.8,12,14.1,h,8.1,14.1,,,0,0,176.778,1.513,0.03,9,14.1,-0.058,2,278,25.701,91.985,1.177,71.054,1.2,337,27.5,82,1
2026-10-05T16:00Z,2026-10-05T22:00Z,a4t:30t,6,5.85,5.5,11.6,10.9,14,h,5.5,14,,,0,0,196.057,1.222,0,9,14.1,-0.058,5,278,25.57,90.63,0.884,39.947,1.2,337,27.5,82,1
2026-10-05T16:00Z,2026-10-06T04:00Z,a4t:30t,12,3.25,3.1,9.2,8.6,13,h,3.1,13,,,0,0,682.846,3.1,0.116,9,14.1,-0.058,11,279,28.417,77.982,2.535,48.811,1.2,337,27.5,82,1
2026-10-05T16:00Z,2026-10-06T16:00Z,a4t:30t,24,7.699999999999999,7.4,5.2,4.9,11.2,h,7.4,11.2,,,0,0,178.823,2.597,0.278,9,14.1,-0.058,23,279,26.032,90.824,1.8,47.102,1.2,337,27.5,82,1
2026-10-05T16:00Z,2026-10-07T16:00Z,a4t:30t,48,15.65,15.3,7.2,7,10.5,h,15.3,10.5,,,0,0,174.301,3.154,0,9,14.1,-0.058,23,280,26.766,80.87,1.389,49.336,1.2,337,27.5,82,1
2026-10-05T16:00Z,2026-10-05T17:00Z,a4t:31t,1,8.6,20.9,,,,h,20.9,,,,0,0,272.107,3.265,0.152,46,,0.859,0,278,25.973,91.558,2.167,93.426,0.1,52,,,1
2026-10-05T16:00Z,2026-10-05T19:00Z,a4t:31t,3,8.55,20.1,,,,h,20.1,,,,0,0,172.272,1.56,0.014,46,,0.859,2,278,25.661,92.657,1.162,72.37,0.1,52,,,1
2026-10-05T16:00Z,2026-10-05T22:00Z,a4t:31t,6,5.85,13.4,,,,h,13.4,,,,0,0,179.717,1.375,0,46,,0.859,5,278,25.452,91.693,0.908,33.359,0.1,52,,,1
2026-10-05T16:00Z,2026-10-06T04:00Z,a4t:31t,12,3.25,7.2,,,,h,7.2,,,,0,0,715.489,3.349,0.103,46,,0.859,11,279,28.584,77.475,2.712,52.161,0.1,52,,,1
2026-10-05T16:00Z,2026-10-06T16:00Z,a4t:31t,24,7.699999999999999,13.5,,,,h,13.5,,,,0,0,158.922,2.696,0.255,46,,0.859,23,279,25.941,91.933,1.729,45.139,0.1,52,,,1
2026-10-05T16:00Z,2026-10-07T16:00Z,a4t:31t,48,15.65,21.7,,,,h,21.7,,,,0,0,151.826,3.391,0,46,,0.859,23,280,26.686,80.91,1.429,50.018,0.1,52,,,1
2026-10-05T16:00Z,2026-10-05T17:00Z,a4t:113t,1,4.199999999999999,9,3.8,8.5,7.6,h,9,7.6,,,0,0,406.283,4.797,0.176,11,7.6,0.68,0,278,24.825,88.131,2.195,69.599,0.5,354,26.5,90,1
2026-10-05T16:00Z,2026-10-05T19:00Z,a4t:113t,3,3.4000000000000004,7.2,3.8,8.4,7.6,h,7.2,7.6,,,0,0,375.109,5.158,0.077,11,7.6,0.68,2,278,24.058,87.262,2.59,55.113,0.5,354,26.5,90,1
2026-10-05T16:00Z,2026-10-05T22:00Z,a4t:113t,6,3,6.2,3.7,8.2,7.6,h,6.2,7.6,,,0,0,346.74,4.521,0,11,7.6,0.68,5,278,23.228,88.866,2.139,40.331,0.5,354,26.5,90,1
2026-10-05T16:00Z,2026-10-06T04:00Z,a4t:113t,12,8.850000000000001,15.5,4.3,9,7.8,h,15.5,7.8,,,0,0,1030.678,5.045,0,11,7.6,0.68,11,279,28.881,63.715,3.888,53.134,0.5,354,26.5,90,1
2026-10-05T16:00Z,2026-10-06T16:00Z,a4t:113t,24,6.35,10,6.6,11.5,8.8,h,10,8.8,,,0,0,322.569,5.9,0,11,7.6,0.68,23,279,23.386,79.302,3.07,78.728,0.5,354,26.5,90,1
2026-10-05T16:00Z,2026-10-07T16:00Z,a4t:113t,48,17.25,22.3,14.8,20.5,14,h,22.3,14,,,0,0,271.074,4.405,0,11,7.6,0.68,23,280,24.547,80.254,1.898,60.941,0.5,354,26.5,90,1
2026-10-05T16:00Z,2026-10-05T17:00Z,a4t:99t,1,14.2,15.1,24.8,26.5,17.9,h,15.1,17.9,,,0,0.021,60.227,0.626,0.511,16,17.9,0.062,0,278,25.326,96.394,0.707,47.899,,,24.9,93,1
2026-10-05T16:00Z,2026-10-05T19:00Z,a4t:99t,3,9.1,9.7,23.8,25.4,17.8,h,9.7,17.8,,,0,0.017,81.601,1.577,0.01,16,17.9,0.062,2,278,24.917,97.606,0.751,0.955,,,24.9,93,1
2026-10-05T16:00Z,2026-10-05T22:00Z,a4t:99t,6,5.699999999999999,6.1,21.6,23.1,17.5,h,6.1,17.5,,,0,0.012,167.774,2.557,0,16,17.9,0.062,5,278,24.679,97.177,0.889,45.814,,,24.9,93,1
2026-10-05T16:00Z,2026-10-06T04:00Z,a4t:99t,12,3.9499999999999997,4.2,15.5,16.5,16.5,h,4.2,16.5,,,0,0.002,1060.556,4.308,0.087,16,17.9,0.062,11,279,29.77,73.224,3.351,61.61,,,24.9,93,1
2026-10-05T16:00Z,2026-10-06T16:00Z,a4t:99t,24,22.75,23.6,9,9.4,15.2,h,23.6,15.2,,,0,0,82.81,1.683,0.806,16,17.9,0.062,23,279,25.219,93.481,1.34,350.902,,,24.9,93,1
2026-10-05T16:00Z,2026-10-07T16:00Z,a4t:99t,48,14.3,14.6,14.2,14.7,16.3,h,14.6,16.3,,,0,0,94.344,3.998,0,16,17.9,0.062,23,280,25.197,86.938,1.759,18.573,,,24.9,93,1
2026-10-05T16:00Z,2026-10-05T17:00Z,a4t:40t,1,5.800000000000001,6,11.8,12.3,10,h,6,10,,,0,0.001,52.396,0.822,0.273,9,10,0.037,0,278,22.774,98.762,0.298,11.069,,,,,1
2026-10-05T16:00Z,2026-10-05T19:00Z,a4t:40t,3,4.550000000000001,4.7,11.5,11.9,9.9,h,4.7,9.9,,,0,0.001,144.862,2.83,0.274,9,10,0.037,2,278,22.598,98.059,1.14,15.82,,,,,1
2026-10-05T16:00Z,2026-10-05T22:00Z,a4t:40t,6,4.65,4.8,11.1,11.5,9.8,h,4.8,9.8,,,0,0,197.698,3.094,1.548,9,10,0.037,5,278,21.419,98.42,1.358,22.47,,,,,1
2026-10-05T16:00Z,2026-10-06T04:00Z,a4t:40t,12,4.3,4.5,9.9,10.3,9.3,h,4.5,9.3,,,0,0,766.708,2.551,0.218,9,10,0.037,11,279,26.193,78.233,1.94,65.027,,,,,1
2026-10-05T16:00Z,2026-10-06T16:00Z,a4t:40t,24,3.1500000000000004,3.2,4.7,4.9,8.4,h,3.2,8.4,,,0,0,29.407,1.797,0,9,10,0.037,23,279,22.527,98.296,0.359,17.559,,,,,1
2026-10-05T16:00Z,2026-10-07T16:00Z,a4t:40t,48,10.95,11.1,7,7.1,8.6,h,11.1,8.6,,,0,0,25.438,1.09,0,9,10,0.037,23,280,22.817,98.914,0.309,258.589,,,,,1
2026-10-05T16:00Z,2026-10-05T17:00Z,a4t:68t,1,4,7.3,8.9,15.6,10.9,h,7.3,10.9,,,0,0,25.755,0.735,0.011,16,10.9,0.524,0,278,23.14,98.348,0.224,116.84,,,,,1
2026-10-05T16:00Z,2026-10-05T19:00Z,a4t:68t,3,2.8,5.2,8.6,15.3,10.9,h,5.2,10.9,,,0,0,40.287,0.581,0.948,16,10.9,0.524,2,278,22.69,98.121,0.071,72.89,,,,,1
2026-10-05T16:00Z,2026-10-05T22:00Z,a4t:68t,6,4.050000000000001,6.9,8.1,14.3,10.7,h,6.9,10.7,,,0,0,112.157,1.558,0.746,16,10.9,0.524,5,278,22.16,96.371,0.889,10.432,,,,,1
2026-10-05T16:00Z,2026-10-06T04:00Z,a4t:68t,12,4.95,7.9,7.1,12.4,10.4,h,7.9,10.4,,,0,0,694.614,0.204,0.266,16,10.9,0.524,11,279,26.172,80.156,0.27,221.927,,,,,1
2026-10-05T16:00Z,2026-10-06T16:00Z,a4t:68t,24,4.800000000000001,6.9,5.2,8.1,10,h,6.9,10,,,0,0,63.934,1.107,0,16,10.9,0.524,23,279,22.487,97.412,0.594,242.013,,,,,1
2026-10-05T16:00Z,2026-10-07T16:00Z,a4t:68t,48,11.05,13.6,7.9,10.2,10.5,h,13.6,10.5,,,0,0,42.7,1.71,0,16,10.9,0.524,23,280,23.448,96.801,0.704,216.507,,,,,1
2026-10-05T16:00Z,2026-10-05T17:00Z,a4t:112t,1,4.05,7.1,4.6,8.2,7,h,7.1,7,,,0,0.002,399.266,5.069,0.061,9,7,0.492,0,278,25.393,90.725,2.467,37.937,1,346,26,80,1
2026-10-05T16:00Z,2026-10-05T19:00Z,a4t:112t,3,2.55,4.6,4.3,7.6,7,h,4.6,7,,,0,0.002,426.2,5.787,0,9,7,0.492,2,278,24.559,89.993,3.043,36.27,1,346,26,80,1
2026-10-05T16:00Z,2026-10-05T22:00Z,a4t:112t,6,1.6,3,3.8,6.7,6.9,h,3,6.9,,,0,0.001,466.088,5.783,0,9,7,0.492,5,278,23.892,89.698,2.925,41.1,1,346,26,80,1
2026-10-05T16:00Z,2026-10-06T04:00Z,a4t:112t,12,3.8499999999999996,6.1,3.6,6.4,6.8,h,6.1,6.8,,,0,0.002,968.526,6.79,0.061,9,7,0.492,11,279,28.951,69.803,5.134,54.486,1,346,26,80,1
2026-10-05T16:00Z,2026-10-06T16:00Z,a4t:112t,24,3.8,5.4,3.9,6,6.7,h,5.4,6.7,,,0,0,558.259,8.135,0,9,7,0.492,23,279,23.778,75.124,4.786,43.671,1,346,26,80,1
2026-10-05T16:00Z,2026-10-07T16:00Z,a4t:112t,48,15.850000000000001,19.1,12.5,15.9,11.4,h,19.1,11.4,,,0,0,447.335,6.091,0,9,7,0.492,23,280,25.281,78.212,3.015,43.612,1,346,26,80,1
2026-10-05T16:00Z,2026-10-05T17:00Z,a4t:90t,1,2.6,5.6,2.2,5,5.2,h,5.6,5.2,,,0,0,356.167,5.027,0,9,5.2,0.629,0,278,23.288,95.694,2.534,60.457,,,,,1
2026-10-05T16:00Z,2026-10-05T19:00Z,a4t:90t,3,2.95,6,2.2,5,5.2,h,6,5.2,,,0,0,240.107,4.217,0,9,5.2,0.629,2,278,22.18,90.711,1.925,58.462,,,,,1
2026-10-05T16:00Z,2026-10-05T22:00Z,a4t:90t,6,4.6,8.6,2.5,5.4,5.2,h,8.6,5.2,,,0,0,186.321,3.821,0,9,5.2,0.629,5,278,21.392,90.419,1.529,45.468,,,,,1
2026-10-05T16:00Z,2026-10-06T04:00Z,a4t:90t,12,7.5,12.7,3.8,7.5,5.7,h,12.7,5.7,,,0,0,736.935,2.764,0,9,5.2,0.629,11,279,26.906,64.667,2.106,49.8,,,,,1
2026-10-05T16:00Z,2026-10-06T16:00Z,a4t:90t,24,9.3,14,6.7,11.2,7.1,h,14,7.1,,,0,0,232.681,3.962,0,9,5.2,0.629,23,279,22.272,87.54,1.666,72.557,,,,,1
2026-10-05T16:00Z,2026-10-07T16:00Z,a4t:90t,48,14.05,17.9,12.7,17.2,11.2,h,17.9,11.2,,,0,0,137.963,3.748,0,9,5.2,0.629,23,280,23.064,81.649,1.538,89.568,,,,,1
2026-10-05T16:00Z,2026-10-05T17:00Z,a4t:44t,1,5.55,21.6,5.9,24.7,18.8,h,21.6,18.8,,,0,0,207.155,2.948,2.622,19,18.8,1.318,0,278,25.176,92.078,2.851,103.563,,,,,1
2026-10-05T16:00Z,2026-10-05T19:00Z,a4t:44t,3,5.9,21.6,5.7,23.6,18.8,h,21.6,18.8,,,0,0,188.588,3.245,0.686,19,18.8,1.318,2,278,24.541,94.451,2.644,145.73,,,,,1
2026-10-05T16:00Z,2026-10-05T22:00Z,a4t:44t,6,4.6,16.1,5.5,22.5,18.8,h,16.1,18.8,,,0,0,222.237,2.529,0.46,19,18.8,1.318,5,278,24.173,93.099,1.864,187.853,,,,,1
2026-10-05T16:00Z,2026-10-06T04:00Z,a4t:44t,12,3.6500000000000004,11.4,4.7,18.6,18.4,h,11.4,18.4,,,0,0,573.824,2.136,0.148,19,18.8,1.318,11,279,28.289,76.071,1.665,218.684,,,,,1
2026-10-05T16:00Z,2026-10-06T16:00Z,a4t:44t,24,4.6,11.1,4.2,13.3,17,h,11.1,17,,,0,0,191.964,1.602,0.238,19,18.8,1.318,23,279,25.87,89.058,1.458,222.23,,,,,1
2026-10-05T16:00Z,2026-10-07T16:00Z,a4t:44t,48,8.2,13.6,5.6,10.9,14.8,h,13.6,14.8,,,0,0,179.827,1.279,0.481,19,18.8,1.318,23,280,25.641,88.295,0.669,267.202,,,,,1
2026-10-05T16:00Z,2026-10-05T17:00Z,a4t:08t,1,29.95,34.5,18.2,21.1,24.3,h,34.5,24.3,,,0,0.003,205.054,2.244,1.462,30,24.3,0.142,0,278,25.048,95.938,0.928,56.349,,,,,1
2026-10-05T16:00Z,2026-10-05T19:00Z,a4t:08t,3,29.15,33.4,19.6,22.7,24.4,h,33.4,24.4,,,0,0.002,137.725,1.72,1.44,30,24.3,0.142,2,278,24.732,95.39,1.073,27.083,,,,,1
2026-10-05T16:00Z,2026-10-05T22:00Z,a4t:08t,6,20.15,22.9,20.8,24,24.6,h,22.9,24.6,,,0,0.002,114.415,1.564,0.03,30,24.3,0.142,5,278,24.506,96.514,0.827,357.518,,,,,1
2026-10-05T16:00Z,2026-10-06T04:00Z,a4t:08t,12,18.7,21,20.9,24,24.4,h,21,24.4,,,0,0.002,877.358,2.815,0.11,30,24.3,0.142,11,279,29.196,76.568,2.259,58.517,,,,,1
2026-10-05T16:00Z,2026-10-06T16:00Z,a4t:08t,24,27.85,30.4,22.3,25,24.5,h,30.4,24.5,,,0,0.001,140.686,2.944,0.855,30,24.3,0.142,23,279,24.68,97.514,1.733,321.887,,,,,1
2026-10-05T16:00Z,2026-10-07T16:00Z,a4t:08t,48,29.45,31,20.1,21.5,22.9,h,31,22.9,,,0,0,87.495,2.181,0,30,24.3,0.142,23,280,25.896,87.058,0.836,8.659,,,,,1
2026-10-05T16:00Z,2026-10-05T17:00Z,a4t:16t,1,29.95,18.4,18.2,10.9,14.8,h,18.4,14.8,,,0,0.001,208.599,2.283,1.341,16,14.8,-0.485,0,278,25.102,95.849,0.952,59.158,,,,,1
2026-10-05T16:00Z,2026-10-05T19:00Z,a4t:16t,3,29.15,18.3,19.6,11.8,14.9,h,18.3,14.9,,,0,0.001,139.301,1.741,1.306,16,14.8,-0.485,2,278,24.785,95.387,1.068,28.88,,,,,1
2026-10-05T16:00Z,2026-10-05T22:00Z,a4t:16t,6,20.15,12.9,20.8,12.6,14.9,h,12.9,14.9,,,0,0.002,113.114,1.601,0.027,16,14.8,-0.485,5,278,24.529,96.513,0.846,357.655,,,,,1
2026-10-05T16:00Z,2026-10-06T04:00Z,a4t:16t,12,18.7,12.6,20.9,12.9,14.6,h,12.6,14.6,,,0,0.002,873.41,2.893,0.11,16,14.8,-0.485,11,279,29.19,76.661,2.317,57.283,,,,,1
2026-10-05T16:00Z,2026-10-06T16:00Z,a4t:16t,24,27.85,20.6,22.3,15.1,14.9,h,20.6,14.9,,,0,0.001,137.405,2.889,0.811,16,14.8,-0.485,23,279,24.708,97.513,1.674,323.334,,,,,1
2026-10-05T16:00Z,2026-10-07T16:00Z,a4t:16t,48,29.45,24.6,20.1,16,15.4,h,24.6,15.4,,,0,0,86.833,2.193,0,16,14.8,-0.485,23,280,25.886,86.895,0.82,10.168,,,,,1
2026-10-05T16:00Z,2026-10-05T17:00Z,a4t:17t,1,29.95,14.2,18.2,8.2,14.4,h,14.2,14.4,,,0,0.002,206.007,2.249,1.458,14,14.4,-0.741,0,278,25.058,95.935,0.935,54.679,,,,,1
2026-10-05T16:00Z,2026-10-05T19:00Z,a4t:17t,3,29.15,14.3,19.6,8.9,14.4,h,14.3,14.4,,,0,0.002,140.119,1.75,1.451,14,14.4,-0.741,2,278,24.736,95.369,1.093,26.146,,,,,1
2026-10-05T16:00Z,2026-10-05T22:00Z,a4t:17t,6,20.15,10.2,20.8,9.6,14.4,h,10.2,14.4,,,0,0.002,115.412,1.588,0.031,14,14.4,-0.741,5,278,24.505,96.51,0.84,356.745,,,,,1
2026-10-05T16:00Z,2026-10-06T04:00Z,a4t:17t,12,18.7,10.2,20.9,10,13.7,h,10.2,13.7,,,0,0.002,871.401,2.843,0.112,14,14.4,-0.741,11,279,29.173,76.688,2.282,57.716,,,,,1
2026-10-05T16:00Z,2026-10-06T16:00Z,a4t:17t,24,27.85,17.6,22.3,12.3,13.7,h,17.6,13.7,,,0,0.001,141.276,2.962,0.824,14,14.4,-0.741,23,279,24.683,97.51,1.734,322.172,,,,,1
2026-10-05T16:00Z,2026-10-07T16:00Z,a4t:17t,48,29.45,22.3,20.1,14.1,14.2,h,22.3,14.2,,,0,0,88.725,2.229,0,14,14.4,-0.741,23,280,25.888,87.053,0.864,7.233,,,,,1
2026-10-05T16:00Z,2026-10-05T17:00Z,a4t:84t,1,24.299999999999997,12.1,18.2,8.7,11.1,h,12.1,11.1,,,0,0,218.782,3.668,1.612,10,11.1,-0.683,0,278,25.26,96.39,1.882,4.902,,,,,1
2026-10-05T16:00Z,2026-10-05T19:00Z,a4t:84t,3,22.75,11.7,18.7,9,11.1,h,11.7,11.1,,,0,0,221.114,3.082,2.02,10,11.1,-0.683,2,278,24.78,94.467,1.827,6.406,,,,,1
2026-10-05T16:00Z,2026-10-05T22:00Z,a4t:84t,6,14.65,7.7,19,9.3,11.1,h,7.7,11.1,,,0,0.002,156.528,2.451,0.042,10,11.1,-0.683,5,278,24.409,96.568,1.417,335.857,,,,,1
2026-10-05T16:00Z,2026-10-06T04:00Z,a4t:84t,12,10.65,5.9,17.6,8.8,10.7,h,5.9,10.7,,,0,0.002,680.257,3.695,0.196,10,11.1,-0.683,11,279,28.362,81.249,2.979,36.842,,,,,1
2026-10-05T16:00Z,2026-10-06T16:00Z,a4t:84t,24,29,19,18.3,10.6,10.9,h,19,10.9,,,0,0,179.104,4.292,0.107,10,11.1,-0.683,23,279,24.568,97.568,2.289,316.442,,,,,1
2026-10-05T16:00Z,2026-10-07T16:00Z,a4t:84t,48,22.85,17.7,16.5,11.9,11.5,h,17.7,11.5,,,0,0,124.094,4.424,0,10,11.1,-0.683,23,280,25.556,88.473,2.251,326.967,,,,,1
2026-10-05T16:00Z,2026-10-05T17:00Z,a4t:14t,1,29.95,27.3,18.2,16.5,19.7,h,27.3,19.7,,,0,0.007,203.061,2.613,2.007,23,19.7,-0.093,0,278,24.935,96.297,1.264,21.269,,,,,1
2026-10-05T16:00Z,2026-10-05T19:00Z,a4t:14t,3,29.15,26.7,19.6,17.8,19.8,h,26.7,19.8,,,0,0.005,165.343,2.161,2.289,23,19.7,-0.093,2,278,24.527,95.114,1.401,8.004,,,,,1
2026-10-05T16:00Z,2026-10-05T22:00Z,a4t:14t,6,20.15,18.5,20.8,18.9,19.9,h,18.5,19.9,,,0,0.003,135.336,1.78,0.048,23,19.7,-0.093,5,278,24.371,96.424,0.941,347.09,,,,,1
2026-10-05T16:00Z,2026-10-06T04:00Z,a4t:14t,12,18.7,17.4,20.9,19.1,19.8,h,17.4,19.8,,,0,0.003,807.472,2.878,0.146,23,19.7,-0.093,11,279,28.879,77.817,2.335,53.125,,,,,1
2026-10-05T16:00Z,2026-10-06T16:00Z,a4t:14t,24,27.85,26.3,22.3,20.7,20,h,26.3,20,,,0,0.001,164.642,3.425,0.586,23,19.7,-0.093,23,279,24.604,97.424,1.988,321.06,,,,,1
2026-10-05T16:00Z,2026-10-07T16:00Z,a4t:14t,48,29.45,28.4,20.1,19.2,19.5,h,28.4,19.5,,,0,0,110.226,3.07,0,23,19.7,-0.093,23,280,25.848,87.644,1.397,349.419,,,,,1
2026-10-05T16:00Z,2026-10-05T17:00Z,a4t:27t,1,29.95,23.3,18.2,14,15.5,h,23.3,15.5,,,0,0.001,213.145,2.773,1.661,33,15.5,-0.251,0,278,25.124,96.166,1.335,20.459,,,,,1
2026-10-05T16:00Z,2026-10-05T19:00Z,a4t:27t,3,29.15,22.9,19.6,15.1,15.6,h,22.9,15.6,,,0,0.002,182.298,2.401,1.935,33,15.5,-0.251,2,278,24.701,94.934,1.486,10.617,,,,,1
2026-10-05T16:00Z,2026-10-05T22:00Z,a4t:27t,6,20.15,16,20.8,16.1,15.6,h,16,15.6,,,0,0.002,138.101,2.005,0.04,33,15.5,-0.251,5,278,24.429,96.476,1.091,344.037,,,,,1
2026-10-05T16:00Z,2026-10-06T04:00Z,a4t:27t,12,18.7,15.3,20.9,16.3,15.5,h,15.3,15.5,,,0,0.002,768.967,3.217,0.159,33,15.5,-0.251,11,279,28.741,78.898,2.599,46.434,,,,,1
2026-10-05T16:00Z,2026-10-06T16:00Z,a4t:27t,24,27.85,23.9,22.3,18.3,16.4,h,23.9,16.4,,,0,0,162.227,3.564,0.401,33,15.5,-0.251,23,279,24.64,97.476,1.966,321.024,,,,,1
2026-10-05T16:00Z,2026-10-07T16:00Z,a4t:27t,48,29.45,26.8,20.1,17.8,16.7,h,26.8,16.7,,,0,0,111.428,3.3,0,33,15.5,-0.251,23,280,25.747,87.616,1.54,342.876,,,,,1
2026-10-05T16:00Z,2026-10-05T17:00Z,a4t:24t,1,14.2,26.6,24.8,47.1,29.9,h,26.6,29.9,,,0,0.001,75.694,1.325,0.306,24,29.9,0.622,0,278,24.184,94.892,0.651,54.891,,,,,1
2026-10-05T16:00Z,2026-10-05T19:00Z,a4t:24t,3,9.1,16.9,23.8,45.1,29.8,h,16.9,29.8,,,0,0.003,52.992,0.864,0,24,29.9,0.622,2,278,23.858,95.93,0.303,19.455,,,,,1
2026-10-05T16:00Z,2026-10-05T22:00Z,a4t:24t,6,5.699999999999999,10.5,21.6,40.9,29.5,h,10.5,29.5,,,0,0.004,101.996,2.195,0,24,29.9,0.622,5,278,23.392,97.626,0.82,59.605,,,,,1
2026-10-05T16:00Z,2026-10-06T04:00Z,a4t:24t,12,3.9499999999999997,7,15.5,29.2,28,h,7,28,,,0,0.004,1148.111,4.267,0.013,24,29.9,0.622,11,279,29.206,70.044,3.29,69.031,,,,,1
2026-10-05T16:00Z,2026-10-06T16:00Z,a4t:24t,24,22.75,33.4,9,14.9,25.1,h,33.4,25.1,,,0,0,74.659,1.68,0,24,29.9,0.622,23,279,24.667,89.352,0.407,78.397,,,,,1
2026-10-05T16:00Z,2026-10-07T16:00Z,a4t:24t,48,14.3,18.1,14.2,19.5,24.7,h,18.1,24.7,,,0,0,91.643,4.391,0,24,29.9,0.622,23,280,24.673,80.496,1.839,56.857,,,,,1
2026-10-05T16:00Z,2026-10-05T17:00Z,a4t:25t,1,21.95,22.6,23.5,24.2,16.8,h,22.6,16.8,,,0,0.001,83.451,1.326,0.101,22,16.8,0.028,0,278,24.738,95.38,0.5,201.403,,,,,1
2026-10-05T16:00Z,2026-10-05T19:00Z,a4t:25t,3,17.65,18.1,23.4,24.1,16.8,h,18.1,16.8,,,0,0.001,79.897,0.705,0,22,16.8,0.028,2,278,24.385,96.734,0.418,284.426,,,,,1
2026-10-05T16:00Z,2026-10-05T22:00Z,a4t:25t,6,13.399999999999999,13.8,22.6,23.3,16.8,h,13.8,16.8,,,0,0.003,81.586,1.413,0,22,16.8,0.028,5,278,24.138,97.603,0.632,12.844,,,,,1
2026-10-05T16:00Z,2026-10-06T04:00Z,a4t:25t,12,7,7.2,19.1,19.6,16.4,h,7.2,16.4,,,0,0.006,1139.836,2.684,0.026,22,16.8,0.028,11,279,29.897,69.989,2.088,61.354,,,,,1
2026-10-05T16:00Z,2026-10-06T16:00Z,a4t:25t,24,33.75,34.3,14.4,14.7,16.1,h,34.3,16.1,,,0,0.001,85.53,1.541,0,22,16.8,0.028,23,279,24.877,94.6,0.862,216.171,,,,,1
2026-10-05T16:00Z,2026-10-07T16:00Z,a4t:25t,48,16.75,16.9,18.1,18.3,17.6,h,16.9,17.6,,,0,0,114.778,5.457,0,22,16.8,0.028,23,280,25.506,76.546,2.353,69.507,,,,,1
2026-10-05T16:00Z,2026-10-05T17:00Z,a4t:104t,1,22.25,12.2,34.2,18.6,14.8,h,12.2,14.8,,,0,0.06,68.057,0.673,1.317,8,14.8,-0.589,0,278,25.058,96.947,1.125,303.521,,,,,1
2026-10-05T16:00Z,2026-10-05T19:00Z,a4t:104t,3,15.25,8.5,32.3,17.6,14.7,h,8.5,14.7,,,0,0.023,89.04,2.027,0.072,8,14.8,-0.589,2,278,24.697,98.244,1.381,353.527,,,,,1
2026-10-05T16:00Z,2026-10-05T22:00Z,a4t:104t,6,9.4,5.3,28.4,15.4,14.5,h,5.3,14.5,,,0,0.013,141.994,2.688,0,8,14.8,-0.589,5,278,24.561,98,1.102,20.095,,,,,1
2026-10-05T16:00Z,2026-10-06T04:00Z,a4t:104t,12,4.25,2.4,19.1,10.4,13.5,h,2.4,13.5,,,0,0.001,949.926,4.143,0.148,8,14.8,-0.589,11,279,28.963,77.59,3.25,51.376,,,,,1
2026-10-05T16:00Z,2026-10-06T16:00Z,a4t:104t,24,20.200000000000003,13.9,10.2,6.1,12,h,13.9,12,,,0,0,151.574,3.806,2.13,8,14.8,-0.589,23,279,24.219,97.626,2.535,298.317,,,,,1
2026-10-05T16:00Z,2026-10-07T16:00Z,a4t:104t,48,15,11.9,12.3,9.1,11.9,h,11.9,11.9,,,0,0,114.776,4.534,0,8,14.8,-0.589,23,280,24.848,91.835,2.025,354,,,,,1
2026-10-05T16:00Z,2026-10-05T17:00Z,a4t:85t,1,21.6,20.3,26.1,24.5,13.6,h,20.3,13.6,,,0,0.002,174.149,1.827,2.16,14,13.6,-0.06,0,278,24.702,97.144,0.725,24.869,,,,,1
2026-10-05T16:00Z,2026-10-05T19:00Z,a4t:85t,3,18.75,17.7,25.1,23.6,13.7,h,17.7,13.7,,,0,0.003,141.395,2.076,2.25,14,13.6,-0.06,2,278,24.315,95.711,1.424,337.186,,,,,1
2026-10-05T16:00Z,2026-10-05T22:00Z,a4t:85t,6,12.8,12.1,22.6,21.2,13.9,h,12.1,13.9,,,0,0.007,190.437,2.419,0.048,14,13.6,-0.06,5,278,24.425,95.881,1.078,356.829,,,,,1
2026-10-05T16:00Z,2026-10-06T04:00Z,a4t:85t,12,6.65,6.3,17.2,16.2,13.8,h,6.3,13.8,,,0,0.005,750.07,3.164,0.139,14,13.6,-0.06,11,279,28.296,78.793,2.544,44.967,,,,,1
2026-10-05T16:00Z,2026-10-06T16:00Z,a4t:85t,24,12.899999999999999,12.4,11.1,10.5,12.6,h,12.4,12.6,,,0,0,202.21,3.854,1.022,14,13.6,-0.06,23,279,24.396,96.323,2.3,322.148,,,,,1
2026-10-05T16:00Z,2026-10-07T16:00Z,a4t:85t,48,14,13.7,10.6,10.3,12,h,13.7,12,,,0,0,144.982,4.737,0,14,13.6,-0.06,23,280,25.387,90.094,2.383,339.638,,,,,1
2026-10-05T16:00Z,2026-10-05T17:00Z,a4t:111t,1,3.4,10.1,5.3,15.6,10.5,h,10.1,10.5,,,0,0.001,277.676,3.305,0.428,14,10.5,0.969,0,278,24.757,94.941,1.842,26.904,0.2,313,27,82,1
2026-10-05T16:00Z,2026-10-05T19:00Z,a4t:111t,3,3.2,9.2,5.1,14.9,10.5,h,9.2,10.5,,,0,0.001,334.643,4.605,0.192,14,10.5,0.969,2,278,24.04,94.946,2.417,33.565,0.2,313,27,82,1
2026-10-05T16:00Z,2026-10-05T22:00Z,a4t:111t,6,2.55,7.2,4.7,13.8,10.3,h,7.2,10.3,,,0,0,335.799,3.711,0.274,14,10.5,0.969,5,278,23.618,94.505,1.483,37.176,0.2,313,27,82,1
2026-10-05T16:00Z,2026-10-06T04:00Z,a4t:111t,12,3.7,8.8,3.9,11.2,10.1,h,8.8,10.1,,,0,0,941.598,7.365,0.1,14,10.5,0.969,11,279,28.259,71.934,5.428,57.779,0.2,313,27,82,1
2026-10-05T16:00Z,2026-10-06T16:00Z,a4t:111t,24,4.65,9,3.9,9,10,h,9,10,,,0,0,461.149,6.904,0,14,10.5,0.969,23,279,23.8,78.368,3.739,58.009,0.2,313,27,82,1
2026-10-05T16:00Z,2026-10-07T16:00Z,a4t:111t,48,13.6,19.7,10.9,17.4,14,h,19.7,14,,,0,0,212.274,4.156,0,14,10.5,0.969,23,280,24.827,83.762,1.604,30.299,0.2,313,27,82,1
2026-10-05T16:00Z,2026-10-05T17:00Z,a4t:96t,1,20.950000000000003,12.2,27.6,15.9,7.1,h,12.2,7.1,,,0,0.004,63.261,0.357,0.042,4,7.1,-0.528,0,278,24.629,97.674,0.093,98.068,3.3,296,16.7,100,1
2026-10-05T16:00Z,2026-10-05T19:00Z,a4t:96t,3,19.4,11.6,27.6,15.9,7.2,h,11.6,7.2,,,0,0.003,84.663,1.191,0.992,4,7.1,-0.528,2,278,23.998,95.849,0.717,34.079,3.3,296,16.7,100,1
2026-10-05T16:00Z,2026-10-05T22:00Z,a4t:96t,6,16.75,10.2,27.4,15.9,7.3,h,10.2,7.3,,,0,0.002,181.6,2.898,4.277,4,7.1,-0.528,5,278,23.164,97.024,1.946,336.773,3.3,296,16.7,100,1
2026-10-05T16:00Z,2026-10-06T04:00Z,a4t:96t,12,7.75,4.8,22.1,13,7.5,h,4.8,7.5,,,0,0.001,545.177,1.706,0.416,4,7.1,-0.528,11,279,26.516,85.538,1.387,330.217,3.3,296,16.7,100,1
2026-10-05T16:00Z,2026-10-06T16:00Z,a4t:96t,24,6.9,4.8,11,6.8,7,h,4.8,7,,,0,0,47.083,1.888,0.002,4,7.1,-0.528,23,279,24.408,93.189,0.833,322.966,3.3,296,16.7,100,1
2026-10-05T16:00Z,2026-10-07T16:00Z,a4t:96t,48,16.200000000000003,13.2,8.4,6.4,6.8,h,13.2,6.8,,,0,0,17.296,0.564,0,4,7.1,-0.528,23,280,25.46,93.921,0.269,331.212,3.3,296,16.7,100,1
2026-10-05T16:00Z,2026-10-05T17:00Z,a4t:82t,1,6.75,11.6,4.2,7.6,9.4,h,11.6,9.4,,,0,0,303.035,4.26,0.293,12,9.4,0.504,0,278,23.791,85.551,2.065,64.099,,,,,1
2026-10-05T16:00Z,2026-10-05T19:00Z,a4t:82t,3,5.35,9.1,4.2,7.6,9.4,h,9.1,9.4,,,0,0,303.057,4.536,0.233,12,9.4,0.504,2,278,23.014,80.395,2.099,69.561,,,,,1
2026-10-05T16:00Z,2026-10-05T22:00Z,a4t:82t,6,6,9.8,4.2,7.5,9.4,h,9.8,9.4,,,0,0,350.579,4.847,0.05,12,9.4,0.504,5,278,22.484,79.685,2.356,67.555,,,,,1
2026-10-05T16:00Z,2026-10-06T04:00Z,a4t:82t,12,6.050000000000001,9.4,5,8.4,9.5,h,9.4,9.5,,,0,0,874.451,2.066,0,12,9.4,0.504,11,279,27.695,67.924,1.691,31.451,,,,,1
2026-10-05T16:00Z,2026-10-06T16:00Z,a4t:82t,24,13.600000000000001,18.7,7.1,10.8,9.9,h,18.7,9.9,,,0,0,269.38,5.789,0,12,9.4,0.504,23,279,23.925,72.719,3.089,70.119,,,,,1
2026-10-05T16:00Z,2026-10-07T16:00Z,a4t:82t,48,13.3,16.1,11.3,14.5,12,h,16.1,12,,,0,0,178.679,4.374,0,12,9.4,0.504,23,280,23.989,72.298,1.926,77.441,,,,,1
2026-10-05T16:00Z,2026-10-05T17:00Z,a4t:115t,1,4.35,9.3,3.3,7.5,9.4,h,9.3,9.4,,,0,0,109.666,2.031,1.235,11,9.4,0.688,0,278,22.962,97.855,1.085,1.009,0.6,202,24.8,92,1
2026-10-05T16:00Z,2026-10-05T19:00Z,a4t:115t,3,3.7,7.8,3.2,7.2,9.4,h,7.8,9.4,,,0,0,213.709,1.9,1.388,11,9.4,0.688,2,278,22.434,97.096,0.947,95.787,0.6,202,24.8,92,1
2026-10-05T16:00Z,2026-10-05T22:00Z,a4t:115t,6,3.25,6.7,3.2,7.2,9.4,h,6.7,9.4,,,0,0,320.322,3.451,0.24,11,9.4,0.688,5,278,22.048,95.963,1.527,60.776,0.6,202,24.8,92,1
2026-10-05T16:00Z,2026-10-06T04:00Z,a4t:115t,12,5.699999999999999,10.3,4,8.5,9.3,h,10.3,9.3,,,0,0,806.392,3.815,0,11,9.4,0.688,11,279,27.06,64.311,2.886,53.397,0.6,202,24.8,92,1
2026-10-05T16:00Z,2026-10-06T16:00Z,a4t:115t,24,11.55,17.9,6,10.6,9.8,h,17.9,9.8,,,0,0,109.221,4.007,0,11,9.4,0.688,23,279,23.661,89.22,1.466,47.736,0.6,202,24.8,92,1
2026-10-05T16:00Z,2026-10-07T16:00Z,a4t:115t,48,14.899999999999999,19.4,10.4,14.6,12,h,19.4,12,,,0,0,18.713,1.293,0,11,9.4,0.688,23,280,23.332,78.031,0.294,59.68,0.6,202,24.8,92,1
2026-10-05T16:00Z,2026-10-05T17:00Z,a4t:110t,1,2.05,5.3,4.3,10.3,8.6,h,5.3,8.6,,,0,0.001,511.828,6.698,0.005,9,8.6,0.757,0,278,24.775,84.731,3.739,52.635,1.6,72,26.4,81,1
2026-10-05T16:00Z,2026-10-05T19:00Z,a4t:110t,3,2.2,5.4,4,9.5,8.6,h,5.4,8.6,,,0,0.001,549.702,6.978,0,9,8.6,0.757,2,278,24.141,84.023,3.929,49.185,1.6,72,26.4,81,1
2026-10-05T16:00Z,2026-10-05T22:00Z,a4t:110t,6,3,6.7,3.6,8.7,8.5,h,6.7,8.5,,,0,0.001,529.36,6.91,0,9,8.6,0.757,5,278,23.579,82.427,3.829,48.954,1.6,72,26.4,81,1
2026-10-05T16:00Z,2026-10-06T04:00Z,a4t:110t,12,6.35,12.1,3.8,8.6,8.6,h,12.1,8.6,,,0,0.001,1070.961,7.301,0.005,9,8.6,0.757,11,279,28.448,66.127,5.506,51.351,1.6,72,26.4,81,1
2026-10-05T16:00Z,2026-10-06T16:00Z,a4t:110t,24,8.85,14.4,4.7,9,8.7,h,14.4,8.7,,,0,0,556.505,7.617,0,9,8.6,0.757,23,279,23.423,73.326,4.544,56.117,1.6,72,26.4,81,1
2026-10-05T16:00Z,2026-10-07T16:00Z,a4t:110t,48,17.35,23.1,15.9,23,15.8,h,23.1,15.8,,,0,0,520.888,6.419,0,9,8.6,0.757,23,280,24.609,74.27,3.476,51.605,1.6,72,26.4,81,1
2026-10-05T16:00Z,2026-10-05T17:00Z,a4t:91t,1,3.1,6.2,2.6,5.4,9,h,6.2,9,,,0,0,215.969,2.837,1.298,7,9,0.591,0,278,23.344,91.199,1.563,27.674,,,,,1
2026-10-05T16:00Z,2026-10-05T19:00Z,a4t:91t,3,2.6500000000000004,5.3,2.5,5.3,9,h,5.3,9,,,0,0,220.966,2.726,1.148,7,9,0.591,2,278,22.752,89.291,0.697,45.62,,,,,1
2026-10-05T16:00Z,2026-10-05T22:00Z,a4t:91t,6,3.0999999999999996,5.8,2.4,5.1,8.9,h,5.8,8.9,,,0,0,367.417,4.975,0.193,7,9,0.591,5,278,22.268,82.825,2.49,58.041,,,,,1
2026-10-05T16:00Z,2026-10-06T04:00Z,a4t:91t,12,5.25,8.8,3.2,6.2,8.9,h,8.8,8.9,,,0,0,834.826,2.313,0,7,9,0.591,11,279,27.599,66.581,1.867,33.171,,,,,1
2026-10-05T16:00Z,2026-10-06T16:00Z,a4t:91t,24,9.100000000000001,13.3,5.3,8.6,8.9,h,13.3,8.9,,,0,0,222.26,5.404,0,7,9,0.591,23,279,24.022,73.175,2.574,68.321,,,,,1
2026-10-05T16:00Z,2026-10-07T16:00Z,a4t:91t,48,12.399999999999999,15.6,9.2,12.4,10.7,h,15.6,10.7,,,0,0,95.002,2.762,0,7,9,0.591,23,280,23.881,77.336,0.957,69.913,,,,,1
2026-10-05T16:00Z,2026-10-05T17:00Z,a4t:92t,1,18.799999999999997,15.4,18.5,15.1,11.6,h,15.4,11.6,,,0,0.02,62.226,0.816,0.104,7,11.6,-0.196,0,278,24.215,96.078,0.172,124.336,,,,,1
2026-10-05T16:00Z,2026-10-05T19:00Z,a4t:92t,3,16.5,13.6,18.8,15.3,11.6,h,13.6,11.6,,,0,0.013,77.051,1.535,0.559,7,11.6,-0.196,2,278,23.567,97.693,0.615,61.567,,,,,1
2026-10-05T16:00Z,2026-10-05T22:00Z,a4t:92t,6,10.3,8.5,18.8,15.3,11.6,h,8.5,11.6,,,0,0.006,99.212,1.96,0.725,7,11.6,-0.196,5,278,23.352,96.635,0.671,20.086,,,,,1
2026-10-05T16:00Z,2026-10-06T04:00Z,a4t:92t,12,4.699999999999999,3.9,15.7,12.8,11.3,h,3.9,11.3,,,0,0.001,894.129,1.299,0.201,7,11.6,-0.196,11,279,28.096,77.516,0.911,76.209,,,,,1
2026-10-05T16:00Z,2026-10-06T16:00Z,a4t:92t,24,4.9,4.3,7.5,6.3,9.9,h,4.3,9.9,,,0,0,52.499,1.916,0.029,7,11.6,-0.196,23,279,24.149,97.416,0.904,354.079,,,,,1
2026-10-05T16:00Z,2026-10-07T16:00Z,a4t:92t,48,18.799999999999997,17.5,7.6,6.9,9.2,h,17.5,9.2,,,0,0,23.962,0.383,0,7,11.6,-0.196,23,280,24.474,96.887,0.407,265.666,,,,,1
2026-10-05T16:00Z,2026-10-05T17:00Z,a4t:98t,1,23.7,20.9,26.4,23.2,15.5,h,20.9,15.5,,,0,0.003,110.926,2.016,0.235,19,15.5,-0.124,0,278,25.138,96.223,1.042,94.367,0.4,314,28.3,88,1
2026-10-05T16:00Z,2026-10-05T19:00Z,a4t:98t,3,19.799999999999997,17.6,26.8,23.6,15.5,h,17.6,15.5,,,0,0.002,79.393,0.706,0.176,19,15.5,-0.124,2,278,24.747,95.4,0.451,91.129,0.4,314,28.3,88,1
2026-10-05T16:00Z,2026-10-05T22:00Z,a4t:98t,6,9.75,8.7,25.6,22.6,15.5,h,8.7,15.5,,,0,0.001,162.456,3.486,0.1,19,15.5,-0.124,5,278,24.144,95.463,2.085,345.203,0.4,314,28.3,88,1
2026-10-05T16:00Z,2026-10-06T04:00Z,a4t:98t,12,3.5999999999999996,3.2,19,16.7,15,h,3.2,15,,,0,0.001,715.087,2.537,0.331,19,15.5,-0.124,11,279,27.331,82.96,1.977,14.664,0.4,314,28.3,88,1
2026-10-05T16:00Z,2026-10-06T16:00Z,a4t:98t,24,7.6,7,9,8,13.1,h,7,13.1,,,0,0,155.997,4.045,1.952,19,15.5,-0.124,23,279,24.217,97.523,2.309,300.805,0.4,314,28.3,88,1
2026-10-05T16:00Z,2026-10-07T16:00Z,a4t:98t,48,8.8,8.4,7.5,7.1,11.3,h,8.4,11.3,,,0,0,107.611,4.496,0,19,15.5,-0.124,23,280,24.383,94.639,2.169,317.125,0.4,314,28.3,88,1
2026-10-05T16:00Z,2026-10-05T17:00Z,a4t:83t,1,3.45,7,5,9.9,9.1,h,7,9.1,,,0,0.004,396.451,6.346,0.012,8,9.1,0.605,0,278,25.016,87.599,3.36,35.908,,,,,1
2026-10-05T16:00Z,2026-10-05T19:00Z,a4t:83t,3,2.35,4.8,4.6,9.3,9.1,h,4.8,9.1,,,0,0.003,392.408,5.888,0,8,9.1,0.605,2,278,24.46,87.407,3.088,33.062,,,,,1
2026-10-05T16:00Z,2026-10-05T22:00Z,a4t:83t,6,1.55,3.3,4.1,8.2,8.9,h,3.3,8.9,,,0,0.004,440.051,6.767,0,8,9.1,0.605,5,278,23.883,86.013,3.682,41.2,,,,,1
2026-10-05T16:00Z,2026-10-06T04:00Z,a4t:83t,12,3.3,5.8,3.7,7.3,8.6,h,5.8,8.6,,,0,0.005,1026.862,5.817,0.012,8,9.1,0.605,11,279,29.03,69.751,4.491,48.875,,,,,1
2026-10-05T16:00Z,2026-10-06T16:00Z,a4t:83t,24,4.15,6.4,3.6,6.3,8.2,h,6.4,8.2,,,0,0,586.745,8.259,0,8,9.1,0.605,23,279,23.891,75.148,4.972,36.444,,,,,1
2026-10-05T16:00Z,2026-10-07T16:00Z,a4t:83t,48,15.15,19.1,11.4,15.3,12.2,h,19.1,12.2,,,0,0,521.02,7.125,0,8,9.1,0.605,23,280,25.124,73.739,3.989,34.366,,,,,1
2026-10-05T16:00Z,2026-10-05T17:00Z,a4t:116t,1,22.25,22.2,34.2,34.2,17.6,h,22.2,17.6,,,0,0.022,98.505,2.197,0.694,17,17.6,-0.002,0,278,24.993,97.626,1.663,349.362,0.7,299,27.2,87,1
2026-10-05T16:00Z,2026-10-05T19:00Z,a4t:116t,3,15.25,15.2,32.3,32.3,17.6,h,15.2,17.6,,,0,0.023,101.345,1.808,0.112,17,17.6,-0.002,2,278,24.825,97.265,0.952,324.251,0.7,299,27.2,87,1
2026-10-05T16:00Z,2026-10-05T22:00Z,a4t:116t,6,9.4,9.4,28.4,28.3,17.6,h,9.4,17.6,,,0,0.02,119.143,1.987,0,17,17.6,-0.002,5,278,24.615,98.361,0.884,358.29,0.7,299,27.2,87,1
2026-10-05T16:00Z,2026-10-06T04:00Z,a4t:116t,12,4.25,4.2,19.1,19.1,17,h,4.2,17,,,0,0.003,990.706,3.938,0.135,17,17.6,-0.002,11,279,29.602,75.125,3.084,49.458,0.7,299,27.2,87,1
2026-10-05T16:00Z,2026-10-06T16:00Z,a4t:116t,24,20.200000000000003,20.2,10.2,10.2,15.2,h,20.2,15.2,,,0,0,152.785,4.216,0.68,17,17.6,-0.002,23,279,24.697,97.319,2.539,319.972,0.7,299,27.2,87,1
2026-10-05T16:00Z,2026-10-07T16:00Z,a4t:116t,48,15,15,12.3,12.3,14.9,h,15,14.9,,,0,0,105.168,4.529,0,17,17.6,-0.002,23,280,25.162,88.997,2.133,2.116,0.7,299,27.2,87,1
2026-10-05T16:00Z,2026-10-05T17:00Z,a4t:57t,1,5.15,9.8,8.2,15.6,11.3,h,9.8,11.3,,,0,0.002,207.765,3.233,0.217,14,11.3,0.591,0,278,21.644,98.375,1.699,9.651,,,,,1
2026-10-05T16:00Z,2026-10-05T19:00Z,a4t:57t,3,3.45,6.7,8,15.1,11.2,h,6.7,11.2,,,0,0.004,140.672,2.971,0.283,14,11.3,0.591,2,278,21.048,97.47,1.251,8.354,,,,,1
2026-10-05T16:00Z,2026-10-05T22:00Z,a4t:57t,6,2.35,4.6,7.7,14.5,11.1,h,4.6,11.1,,,0,0.003,164.118,3.053,2.047,14,11.3,0.591,5,278,20.759,97.207,1.365,8.488,,,,,1
2026-10-05T16:00Z,2026-10-06T04:00Z,a4t:57t,12,3.3,5.7,5.9,11.2,10.4,h,5.7,10.4,,,0,0,579.069,3.129,0.336,14,11.3,0.591,11,279,23.205,87.544,2.357,31.378,,,,,1
2026-10-05T16:00Z,2026-10-06T16:00Z,a4t:57t,24,11.05,16.1,4.7,7.8,10.2,h,16.1,10.2,,,0,0,18.933,0.74,0,14,11.3,0.591,23,279,21.542,93.216,0.454,337.36,,,,,1
2026-10-05T16:00Z,2026-10-07T16:00Z,a4t:57t,48,15,18.8,10.9,14.8,13,h,18.8,13,,,0,0,24.436,0.233,0,14,11.3,0.591,23,280,21.96,87.06,0.4,227.277,,,,,1
2026-10-05T16:00Z,2026-10-05T17:00Z,a4t:73t,1,3.75,9.8,7.1,17.9,17.3,h,9.8,17.3,,,0,0,62.652,1.78,0.141,14,17.3,0.856,0,278,21.54,98.115,0.786,1.053,,,,,1
2026-10-05T16:00Z,2026-10-05T19:00Z,a4t:73t,3,2.4000000000000004,6.5,6.6,16.7,17.2,h,6.5,17.2,,,0,0,98.185,2.465,0.261,14,17.3,0.856,2,278,21.447,96.131,1.108,38.466,,,,,1
2026-10-05T16:00Z,2026-10-05T22:00Z,a4t:73t,6,1.75,4.8,6.3,16,17,h,4.8,17,,,0,0,158.64,2.685,3.643,14,17.3,0.856,5,278,20.847,97.373,1.409,0.802,,,,,1
2026-10-05T16:00Z,2026-10-06T04:00Z,a4t:73t,12,4.199999999999999,9,4.8,12.2,15.8,h,9,15.8,,,0,0,542.987,2.282,0.378,14,17.3,0.856,11,279,22.781,89.221,1.636,38.695,,,,,1
2026-10-05T16:00Z,2026-10-06T16:00Z,a4t:73t,24,15.9,27.1,5.7,11.3,15.4,h,27.1,15.4,,,0,0,31.392,1.362,0,14,17.3,0.856,23,279,21.713,87.21,0.752,6.616,,,,,1
2026-10-05T16:00Z,2026-10-07T16:00Z,a4t:73t,48,18.2,25.1,10.3,15.8,16.6,h,25.1,16.6,,,0,0,28.945,0.622,0,14,17.3,0.856,23,280,22.449,84.103,0.688,309.609,,,,,1
2026-10-05T16:00Z,2026-10-05T17:00Z,a4t:35t,1,8.15,11.4,10.9,15.4,14.7,h,11.4,14.7,,,0,0,33.982,0.51,0,15,14.7,0.318,0,278,23.124,96.561,0.235,284.092,,,,,1
2026-10-05T16:00Z,2026-10-05T19:00Z,a4t:35t,3,7.35,10.2,10.3,14.6,14.6,h,10.2,14.6,,,0,0,53.104,0.782,0.799,15,14.7,0.318,2,278,22.532,95.726,0.309,42.634,,,,,1
2026-10-05T16:00Z,2026-10-05T22:00Z,a4t:35t,6,4,5.6,9.3,13.1,14.5,h,5.6,14.5,,,0,0,83.528,1.217,1.021,15,14.7,0.318,5,278,21.654,97.802,0.339,5.753,,,,,1
2026-10-05T16:00Z,2026-10-06T04:00Z,a4t:35t,12,7.2,9.5,7.4,10.3,14,h,9.5,14,,,0,0,583.184,0.424,0.328,15,14.7,0.318,11,279,25.979,79.671,0.407,295.667,,,,,1
2026-10-05T16:00Z,2026-10-06T16:00Z,a4t:35t,24,17.65,21.5,9.1,11.8,13.8,h,21.5,13.8,,,0,0,25.162,0.623,0.19,15,14.7,0.318,23,279,22.768,96.922,0.253,201.462,,,,,1
2026-10-05T16:00Z,2026-10-07T16:00Z,a4t:35t,48,19.85,22.4,12.3,14.4,14.6,h,22.4,14.6,,,0,0,41.964,1.114,0,15,14.7,0.318,23,280,23.066,96.892,0.311,192.268,,,,,1
2026-10-05T16:00Z,2026-10-05T17:00Z,a4t:36t,1,8.15,7.2,10.9,9.6,9,h,7.2,9,,,0,0,21.468,0.375,0,8,9,-0.117,0,278,23.609,96.237,0.162,278.553,0.2,193,25,,1
2026-10-05T16:00Z,2026-10-05T19:00Z,a4t:36t,3,7.35,6.5,10.3,9.1,8.9,h,6.5,8.9,,,0,0,41.337,0.598,0.867,8,9,-0.117,2,278,22.951,95.284,0.243,57.144,0.2,193,25,,1
2026-10-05T16:00Z,2026-10-05T22:00Z,a4t:36t,6,4,3.5,9.3,8.2,8.9,h,3.5,8.9,,,0,0,82.716,1.336,1.079,8,9,-0.117,5,278,21.893,97.883,0.552,25.082,0.2,193,25,,1
2026-10-05T16:00Z,2026-10-06T04:00Z,a4t:36t,12,7.2,6.5,7.4,6.5,8.5,h,6.5,8.5,,,0,0,555.714,0.198,0.23,8,9,-0.117,11,279,26.361,77.991,0.221,298.75,0.2,193,25,,1
2026-10-05T16:00Z,2026-10-06T16:00Z,a4t:36t,24,17.65,16.4,9.1,8.3,8.8,h,16.4,8.8,,,0,0,27.963,0.923,0.092,8,9,-0.117,23,279,23.072,97.445,0.346,187.715,0.2,193,25,,1
2026-10-05T16:00Z,2026-10-07T16:00Z,a4t:36t,48,19.85,19,12.3,11.6,10.3,h,19,10.3,,,0,0,52.047,1.345,0,8,9,-0.117,23,280,23.537,95.852,0.376,206.157,0.2,193,25,,1
2026-10-05T16:00Z,2026-10-05T17:00Z,a4t:97t,1,9.899999999999999,10.6,16.1,17.3,9,h,10.6,9,,,0,0.001,64.014,1.773,0,8,9,0.068,0,278,23.384,94.059,1.007,24.049,0.8,109,26,,1
2026-10-05T16:00Z,2026-10-05T19:00Z,a4t:97t,3,7.35,7.9,15.5,16.6,9,h,7.9,9,,,0,0.001,40.192,1.562,0.025,8,9,0.068,2,278,22.929,93.579,0.64,11.367,0.8,109,26,,1
2026-10-05T16:00Z,2026-10-05T22:00Z,a4t:97t,6,3.75,4,14.8,15.9,9,h,4,9,,,0,0,176.323,3.733,0,8,9,0.068,5,278,22.117,95.023,1.662,10.83,0.8,109,26,,1
2026-10-05T16:00Z,2026-10-06T04:00Z,a4t:97t,12,3.05,3.3,10.9,11.7,8.8,h,3.3,8.8,,,0,0,670.95,2.803,0.824,8,9,0.068,11,279,26.226,77.745,2.126,4.545,0.8,109,26,,1
2026-10-05T16:00Z,2026-10-06T16:00Z,a4t:97t,24,13.2,13.8,6.5,6.9,8.3,h,13.8,8.3,,,0,0,22.386,1.534,0,8,9,0.068,23,279,23.093,90.694,0.416,16.719,0.8,109,26,,1
2026-10-05T16:00Z,2026-10-07T16:00Z,a4t:97t,48,15.8,16.2,9.8,10.1,9.6,h,16.2,9.6,,,0,0,20.745,0.582,0,8,9,0.068,23,280,22.765,89.598,0.339,3.191,0.8,109,26,,1
2026-10-05T16:00Z,2026-10-05T17:00Z,a4t:69t,1,13.5,10.4,13,9.9,10,h,10.4,10,,,0,0.001,30.791,1.461,0.866,7,10,-0.254,0,278,23.187,98.349,0.654,55.349,7.7,295,,7,1
2026-10-05T16:00Z,2026-10-05T19:00Z,a4t:69t,3,7.45,5.7,13,9.9,10,h,5.7,10,,,0,0.001,106.321,2.627,0.171,7,10,-0.254,2,278,22.616,97.83,1.107,43.553,7.7,295,,7,1
2026-10-05T16:00Z,2026-10-05T22:00Z,a4t:69t,6,4.4,3.3,12.8,9.7,9.9,h,3.3,9.9,,,0,0.001,137.2,2.941,0.115,7,10,-0.254,5,278,22.212,97.674,1.27,22.617,7.7,295,,7,1
2026-10-05T16:00Z,2026-10-06T04:00Z,a4t:69t,12,4.4,3.4,10.9,8.3,9.3,h,3.4,9.3,,,0,0,960.89,1.823,0.149,7,10,-0.254,11,279,27.231,74.45,1.484,34.349,7.7,295,,7,1
2026-10-05T16:00Z,2026-10-06T16:00Z,a4t:69t,24,4.2,3.5,5.8,4.5,8.3,h,3.5,8.3,,,0,0,16.664,1.4,0,7,10,-0.254,23,279,22.792,97.613,0.306,23.355,7.7,295,,7,1
2026-10-05T16:00Z,2026-10-07T16:00Z,a4t:69t,48,22.55,20.5,8.3,7.3,8.7,h,20.5,8.7,,,0,0,20,0.264,0,7,10,-0.254,23,280,23.163,96.4,0.119,245.452,7.7,295,,7,1
2026-10-05T16:00Z,2026-10-05T17:00Z,a4t:58t,1,3.1500000000000004,5.8,5,9,12.4,h,5.8,12.4,,,0,0,28.302,0.677,0,9,12.4,0.508,0,278,21.576,99.218,0.528,46.275,,,,,1
2026-10-05T16:00Z,2026-10-05T19:00Z,a4t:58t,3,3.25,5.8,4.7,8.5,12.3,h,5.8,12.3,,,0,0,43.127,0.992,0,9,12.4,0.508,2,278,21.494,98.846,0.689,41.961,,,,,1
2026-10-05T16:00Z,2026-10-05T22:00Z,a4t:58t,6,2.75,4.8,4.4,7.8,12.2,h,4.8,12.2,,,0,0,37.577,1.051,0.005,9,12.4,0.508,5,278,21.441,98.089,0.573,37.8,,,,,1
2026-10-05T16:00Z,2026-10-06T04:00Z,a4t:58t,12,2.3,3.9,3.7,6.7,11.4,h,3.9,11.4,,,0,0,1095.03,1.153,0.11,9,12.4,0.508,11,279,27.965,70.209,0.949,342.167,,,,,1
2026-10-05T16:00Z,2026-10-06T16:00Z,a4t:58t,24,4.85,6.9,3.2,5.1,10.1,h,6.9,10.1,,,0,0,25.804,1.268,0,9,12.4,0.508,23,279,21.988,95.904,0.593,52.779,,,,,1
2026-10-05T16:00Z,2026-10-07T16:00Z,a4t:58t,48,3.6500000000000004,4.6,3.7,5,8.7,h,4.6,8.7,,,0,0,11.134,0.248,0,9,12.4,0.508,23,280,22.75,93.04,0.017,279.424,,,,,1
2026-10-05T16:00Z,2026-10-05T17:00Z,a4t:05t,1,14.25,17.7,,,,h,17.7,,,,0,0.002,204.686,2.296,1.348,,,0.239,0,278,25.062,95.858,0.946,66.277,,,,,1
2026-10-05T16:00Z,2026-10-05T19:00Z,a4t:05t,3,13.1,16.1,,,,h,16.1,,,,0,0.002,129.269,1.628,1.248,,,0.239,2,278,24.771,95.474,0.986,33.471,,,,,1
2026-10-05T16:00Z,2026-10-05T22:00Z,a4t:05t,6,11.2,13.6,,,,h,13.6,,,,0,0.002,108.816,1.502,0.026,,,0.239,5,278,24.536,96.535,0.794,1.092,,,,,1
2026-10-05T16:00Z,2026-10-06T04:00Z,a4t:05t,12,13.149999999999999,15.6,,,,h,15.6,,,,0,0.002,898.491,2.781,0.099,,,0.239,11,279,29.288,76.165,2.224,60.594,,,,,1
2026-10-05T16:00Z,2026-10-06T16:00Z,a4t:05t,24,15.8,18,,,,h,18,,,,0,0.001,134.757,2.813,0.94,,,0.239,23,279,24.695,97.535,1.673,322.032,,,,,1
2026-10-05T16:00Z,2026-10-07T16:00Z,a4t:05t,48,22.9,24.8,,,,h,24.8,,,,0,0,81.454,2.006,0,,,0.239,23,280,25.915,86.918,0.71,16.919,,,,,1
2026-10-05T16:00Z,2026-10-05T17:00Z,a4t:12t,1,29.95,30.3,,,,h,30.3,,,,0,0.004,201.639,2.213,1.548,,,0.013,0,278,25,96.001,0.906,56.213,,,,,1
2026-10-05T16:00Z,2026-10-05T19:00Z,a4t:12t,3,29.15,29.5,,,,h,29.5,,,,0,0.003,134.085,1.674,1.52,,,0.013,2,278,24.691,95.415,1.057,26.867,,,,,1
2026-10-05T16:00Z,2026-10-05T22:00Z,a4t:12t,6,20.15,20.4,,,,h,20.4,,,,0,0.002,114.222,1.512,0.032,,,0.013,5,278,24.492,96.52,0.801,358.295,,,,,1
2026-10-05T16:00Z,2026-10-06T04:00Z,a4t:12t,12,18.7,18.9,,,,h,18.9,,,,0,0.002,886.423,2.735,0.107,,,0.013,11,279,29.224,76.376,2.196,60.297,,,,,1
2026-10-05T16:00Z,2026-10-06T16:00Z,a4t:12t,24,27.85,28.1,,,,h,28.1,,,,0,0.001,142.268,2.963,0.917,,,0.013,23,279,24.657,97.52,1.774,320.635,,,,,1
2026-10-05T16:00Z,2026-10-07T16:00Z,a4t:12t,48,29.45,29.6,,,,h,29.6,,,,0,0,86.629,2.123,0,,,0.013,23,280,25.91,87.173,0.818,9.225,,,,,1
2026-10-05T16:00Z,2026-10-05T17:00Z,a4t:54t,1,29.95,34.6,,,,h,34.6,,,,0,0.006,197.403,2.175,1.657,,,0.164,0,278,24.94,96.082,0.88,55.728,,,,,1
2026-10-05T16:00Z,2026-10-05T19:00Z,a4t:54t,3,29.15,33.5,,,,h,33.5,,,,0,0.003,129.834,1.621,1.623,,,0.164,2,278,24.639,95.443,1.042,26.409,,,,,1
2026-10-05T16:00Z,2026-10-05T22:00Z,a4t:54t,6,20.15,23,,,,h,23,,,,0,0.002,114.15,1.45,0.034,,,0.164,5,278,24.473,96.526,0.769,359.212,,,,,1
2026-10-05T16:00Z,2026-10-06T04:00Z,a4t:54t,12,18.7,21,,,,h,21,,,,0,0.002,897.035,2.641,0.103,,,0.164,11,279,29.257,76.151,2.122,62.573,,,,,1
2026-10-05T16:00Z,2026-10-06T16:00Z,a4t:54t,24,27.85,30.4,,,,h,30.4,,,,0,0.001,144.412,2.993,0.992,,,0.164,23,279,24.628,97.526,1.826,319.078,,,,,1
2026-10-05T16:00Z,2026-10-07T16:00Z,a4t:54t,48,29.45,31.1,,,,h,31.1,,,,0,0,85.709,2.055,0,,,0.164,23,280,25.928,87.323,0.8,9.683,,,,,1
2026-10-05T16:00Z,2026-10-05T17:00Z,a4t:79t,1,15.100000000000001,40.6,15.6,43.7,27.4,h,40.6,27.4,,,0,0.041,115.311,2.217,1.949,44,27.4,0.989,0,278,23.278,98.372,1.259,1.715,,,,,1
2026-10-05T16:00Z,2026-10-05T19:00Z,a4t:79t,3,13.55,35.1,15.6,43.4,27.5,h,35.1,27.5,,,0,0.011,137.263,1.506,2.465,44,27.4,0.989,2,278,22.82,96.89,0.998,9.43,,,,,1
2026-10-05T16:00Z,2026-10-05T22:00Z,a4t:79t,6,8,20.2,15.1,41.6,27.5,h,20.2,27.5,,,0,0.002,119.445,0.971,0.052,44,27.4,0.989,5,278,22.703,97.391,0.584,10.748,,,,,1
2026-10-05T16:00Z,2026-10-06T04:00Z,a4t:79t,12,6.800000000000001,15.6,13.1,35.1,27.6,h,15.6,27.6,,,0,0.002,600.294,2.413,0.202,44,27.4,0.989,11,279,26.351,81.303,1.911,68.979,,,,,1
2026-10-05T16:00Z,2026-10-06T16:00Z,a4t:79t,24,6.45,12.4,8.4,19.5,24.9,h,12.4,24.9,,,0,0,131.568,1.984,0.491,44,27.4,0.989,23,279,22.501,97.916,1.378,330.349,,,,,1
2026-10-05T16:00Z,2026-10-07T16:00Z,a4t:79t,48,12.350000000000001,18.1,8.6,14,20.7,h,18.1,20.7,,,0,0,95.242,2.611,0.001,44,27.4,0.989,23,280,23.749,91.76,1.273,343.445,,,,,1
2026-10-05T16:00Z,2026-10-05T17:00Z,a4t:89t,1,5.1,16,6.4,21,18.1,h,16,18.1,,,0,0,85.843,2.811,0.043,18,18.1,1.093,0,278,25.687,94.661,1.397,254.28,,,,,1
2026-10-05T16:00Z,2026-10-05T19:00Z,a4t:89t,3,5.55,16.5,6.4,20.7,18.1,h,16.5,18.1,,,0,0,128.685,2.153,0,18,18.1,1.093,2,278,25.11,95.358,1.16,194.863,,,,,1
2026-10-05T16:00Z,2026-10-05T22:00Z,a4t:89t,6,5.9,16.4,6.4,20.6,18,h,16.4,18,,,0,0,90.172,1.701,0.452,18,18.1,1.093,5,278,24.7,95.768,0.515,195.82,,,,,1
2026-10-05T16:00Z,2026-10-06T04:00Z,a4t:89t,12,4.65,11.8,6.1,18.7,17.8,h,11.8,17.8,,,0,0,602.78,0.567,0.045,18,18.1,1.093,11,279,28.988,75.859,0.534,148.215,,,,,1
2026-10-05T16:00Z,2026-10-06T16:00Z,a4t:89t,24,2.45,5.5,4.4,11.7,16,h,5.5,16,,,0,0,72.867,2.129,0,18,18.1,1.093,23,279,25.094,97.578,0.959,268.332,,,,,1
2026-10-05T16:00Z,2026-10-07T16:00Z,a4t:89t,48,2.7,4.4,3,5.6,11.9,h,4.4,11.9,,,0,0,158.541,4.348,0.951,18,18.1,1.093,23,280,24.28,98.016,2.218,292.937,,,,,1
2026-10-05T16:00Z,2026-10-05T17:00Z,a4t:41t,1,24.45,15.6,,,,h,15.6,,,,0,0.004,102.992,0.882,1.465,,,-0.507,0,278,25.176,95.552,0.645,30.42,,,,,1
2026-10-05T16:00Z,2026-10-05T19:00Z,a4t:41t,3,19.25,12.4,,,,h,12.4,,,,0,0.003,123.712,1.455,0.245,,,-0.507,2,278,24.485,97.443,0.999,348.906,,,,,1
2026-10-05T16:00Z,2026-10-05T22:00Z,a4t:41t,6,11.7,7.6,,,,h,7.6,,,,0,0.003,135.102,2.835,0.109,,,-0.507,5,278,23.868,96.84,1.639,317.326,,,,,1
2026-10-05T16:00Z,2026-10-06T04:00Z,a4t:41t,12,4.85,3.2,,,,h,3.2,,,,0,0.001,909.933,1.781,0.17,,,-0.507,11,279,28.221,77.477,1.365,53.867,,,,,1
2026-10-05T16:00Z,2026-10-06T16:00Z,a4t:41t,24,6.300000000000001,4.6,,,,h,4.6,,,,0,0,147.567,3.372,0.486,,,-0.507,23,279,24.723,95.406,1.957,302.794,,,,,1
2026-10-05T16:00Z,2026-10-07T16:00Z,a4t:41t,48,7.1,5.9,,,,h,5.9,,,,0,0,101.632,3.057,0.249,,,-0.507,23,280,25.208,94.368,1.503,293.82,,,,,1
2026-10-05T16:00Z,2026-10-05T17:00Z,a4t:37t,1,5.800000000000001,4.7,,,,h,4.7,,,,0,0.001,47.909,0.273,0.724,,,-0.203,0,278,23.362,97.29,0.246,111.948,,,,,1
2026-10-05T16:00Z,2026-10-05T19:00Z,a4t:37t,3,4.550000000000001,3.7,,,,h,3.7,,,,0,0.001,195.581,2.597,0.386,,,-0.203,2,278,23.385,96.409,1.284,13.742,,,,,1
2026-10-05T16:00Z,2026-10-05T22:00Z,a4t:37t,6,4.65,3.8,,,,h,3.8,,,,0,0,191.392,3.702,1.106,,,-0.203,5,278,22.177,97.383,2.111,38.746,,,,,1
2026-10-05T16:00Z,2026-10-06T04:00Z,a4t:37t,12,4.3,3.6,,,,h,3.6,,,,0,0,675.203,1.867,0.275,,,-0.203,11,279,26.475,79.184,1.494,21.465,,,,,1
2026-10-05T16:00Z,2026-10-06T16:00Z,a4t:37t,24,3.1500000000000004,2.7,,,,h,2.7,,,,0,0,37.557,1.787,0,,,-0.203,23,279,23.212,95.877,0.252,8.309,,,,,1
2026-10-05T16:00Z,2026-10-07T16:00Z,a4t:37t,48,10.95,10.2,,,,h,10.2,,,,0,0,37.245,1.148,0,,,-0.203,23,280,23.533,98.674,0.516,238.771,,,,,1
2026-10-05T16:00Z,2026-10-05T17:00Z,a4t:38t,1,5.800000000000001,2.4,11.8,5.2,9.1,h,2.4,9.1,,,0,0.001,51.794,1.266,0.001,7,9.1,-0.727,0,278,22.858,99.991,0.632,357.048,,,,,1
2026-10-05T16:00Z,2026-10-05T19:00Z,a4t:38t,3,4.550000000000001,1.9,11.5,5.1,9,h,1.9,9,,,0,0.001,115.702,2.741,0.206,7,9.1,-0.727,2,278,22.531,98.945,0.964,15.287,,,,,1
2026-10-05T16:00Z,2026-10-05T22:00Z,a4t:38t,6,4.65,2.1,11.1,4.9,8.8,h,2.1,8.8,,,0,0,202.261,2.818,1.89,7,9.1,-0.727,5,278,21.29,98.889,1.195,4.499,,,,,1
2026-10-05T16:00Z,2026-10-06T04:00Z,a4t:38t,12,4.3,2.1,9.9,4.4,8.1,h,2.1,8.1,,,0,0,830.311,3.223,0.194,7,9.1,-0.727,11,279,26.458,77.071,2.505,78.322,,,,,1
2026-10-05T16:00Z,2026-10-06T16:00Z,a4t:38t,24,3.1500000000000004,1.7,4.7,2.3,6.9,h,1.7,6.9,,,0,0,20.094,1.604,0,7,9.1,-0.727,23,279,22.564,99.715,0.3,19.17,,,,,1
2026-10-05T16:00Z,2026-10-07T16:00Z,a4t:38t,48,10.95,8.2,7,4.9,7,h,8.2,7,,,0,0,19.969,1.191,0,7,9.1,-0.727,23,280,22.668,99.978,0.508,274.707,,,,,1
2026-10-05T16:00Z,2026-10-05T17:00Z,a4t:39t,1,5.800000000000001,3.8,11.8,7.9,9.7,h,3.8,9.7,,,0,0.001,77.906,2.282,0.11,9,9.7,-0.368,0,278,20.947,97.943,1.077,36.007,,,,,1
2026-10-05T16:00Z,2026-10-05T19:00Z,a4t:39t,3,4.550000000000001,3,11.5,7.7,9.6,h,3,9.6,,,0,0.001,140.259,4.264,0.212,9,9.7,-0.368,2,278,20.709,99.013,1.984,27.426,,,,,1
2026-10-05T16:00Z,2026-10-05T22:00Z,a4t:39t,6,4.65,3.1,11.1,7.4,9.5,h,3.1,9.5,,,0,0,207.861,4.179,0.984,9,9.7,-0.368,5,278,20.12,98.982,1.979,33.473,,,,,1
2026-10-05T16:00Z,2026-10-06T04:00Z,a4t:39t,12,4.3,3,9.9,6.6,8.8,h,3,8.8,,,0,0,775.462,3.622,0.128,9,9.7,-0.368,11,279,24.551,80.48,2.706,72.128,,,,,1
2026-10-05T16:00Z,2026-10-06T16:00Z,a4t:39t,24,3.1500000000000004,2.4,4.7,3.3,7.7,h,2.4,7.7,,,0,0,40.782,2.768,0,9,9.7,-0.368,23,279,20.654,98.519,1.469,32.901,,,,,1
2026-10-05T16:00Z,2026-10-07T16:00Z,a4t:39t,48,10.95,9.5,7,5.8,7.8,h,9.5,7.8,,,0,0,13.145,0.868,0,9,9.7,-0.368,23,280,21.65,95.158,0.245,243.088,,,,,1
2026-10-05T16:00Z,2026-10-05T17:00Z,a4t:80t,1,5.65,23.7,4.6,21.6,18,h,23.7,18,,,0,0,222.667,0.88,2.167,18,18,1.395,0,278,24.798,91.922,0.661,114.609,,,,,1
2026-10-05T16:00Z,2026-10-05T19:00Z,a4t:80t,3,4.85,19.6,4.5,20.7,18,h,19.6,18,,,0,0,157.528,1.631,0.51,18,18,1.395,2,278,24.345,92.805,1.076,135.603,,,,,1
2026-10-05T16:00Z,2026-10-05T22:00Z,a4t:80t,6,2.6,10.7,4.3,19.7,18,h,10.7,18,,,0,0,243.426,1.386,0.452,18,18,1.395,5,278,23.991,92.572,0.323,151.444,,,,,1
2026-10-05T16:00Z,2026-10-06T04:00Z,a4t:80t,12,2.45,8.8,3.7,16.5,17.4,h,8.8,17.4,,,0,0,512.332,3.06,0.161,18,18,1.395,11,279,27.504,80.33,2.579,213.513,,,,,1
2026-10-05T16:00Z,2026-10-06T16:00Z,a4t:80t,24,4.65,11.7,3,10.6,15.6,h,11.7,15.6,,,0,0,243.631,1.42,0.021,18,18,1.395,23,279,26.148,84.726,0.87,272.638,,,,,1
2026-10-05T16:00Z,2026-10-07T16:00Z,a4t:80t,48,3.75,6.8,4.5,9.4,13.7,h,6.8,13.7,,,0,0,149.281,1.235,0.777,18,18,1.395,23,280,25.001,90.532,0.522,302.945,,,,,1
2026-10-05T16:00Z,2026-10-05T17:00Z,a4t:71t,1,7.25,9.4,9.6,12.5,9.2,h,9.4,9.2,,,0,0,79.029,0.811,0.222,10,9.2,0.243,0,278,24.967,97.183,0.319,329.015,,,,,1
2026-10-05T16:00Z,2026-10-05T19:00Z,a4t:71t,3,6.1,7.9,9.1,11.9,9.2,h,7.9,9.2,,,0,0,63.925,0.656,0.071,10,9.2,0.243,2,278,24.578,97.347,0.65,84.48,,,,,1
2026-10-05T16:00Z,2026-10-05T22:00Z,a4t:71t,6,5,6.4,8.2,10.7,9.2,h,6.4,9.2,,,0,0,69.203,1.157,1.627,10,9.2,0.243,5,278,23.775,96.042,0.407,86.863,,,,,1
2026-10-05T16:00Z,2026-10-06T04:00Z,a4t:71t,12,3.1,3.9,6.5,8.5,8.9,h,3.9,8.9,,,0,0,916.111,2.926,0.161,10,9.2,0.243,11,279,29.199,75.954,2.239,41.186,,,,,1
2026-10-05T16:00Z,2026-10-06T16:00Z,a4t:71t,24,5.85,6.9,4.5,5.6,8.1,h,6.9,8.1,,,0,0,226.185,2.33,0.016,10,9.2,0.243,23,279,25.1,91.56,1.387,46.938,,,,,1
2026-10-05T16:00Z,2026-10-07T16:00Z,a4t:71t,48,10.55,11.6,8,9,9.1,h,11.6,9.1,,,0,0,39.413,1.759,0.016,10,9.2,0.243,23,280,24.769,89.405,0.697,39.754,,,,,1
2026-10-05T16:00Z,2026-10-05T17:00Z,a4t:42t,1,5.199999999999999,18.5,5.7,21.6,18.2,h,18.5,18.2,,,0,0,80.496,1.866,0.087,18,18.2,1.221,0,278,24.975,98.48,1.09,266.209,,,,,1
2026-10-05T16:00Z,2026-10-05T19:00Z,a4t:42t,3,4.85,16.6,5.7,21.4,18.2,h,16.6,18.2,,,0,0,69.258,1.171,0.037,18,18.2,1.221,2,278,24.583,97.609,0.532,268.589,,,,,1
2026-10-05T16:00Z,2026-10-05T22:00Z,a4t:42t,6,3.9,12.8,5.6,20.8,18.1,h,12.8,18.1,,,0,0,53.557,0.207,0.359,18,18.2,1.221,5,278,24.225,98.016,0.189,54.667,,,,,1
2026-10-05T16:00Z,2026-10-06T04:00Z,a4t:42t,12,4.75,13.3,4.8,17.1,17.7,h,13.3,17.7,,,0,0,645.16,1.749,0.113,18,18.2,1.221,11,279,28.717,79.275,1.415,90.22,,,,,1
2026-10-05T16:00Z,2026-10-06T16:00Z,a4t:42t,24,3.1,7.3,4.3,12.5,16.4,h,7.3,16.4,,,0,0,61.163,1.29,0.119,18,18.2,1.221,23,279,24.271,98.281,0.869,265.629,,,,,1
2026-10-05T16:00Z,2026-10-07T16:00Z,a4t:42t,48,2.4,4.2,2.4,4.9,11.6,h,4.2,11.6,,,0,0,131.976,2.608,1.082,18,18.2,1.221,23,280,23.747,97.975,1.28,343.864,,,,,1
2026-10-05T16:00Z,2026-10-05T17:00Z,a4t:29t,1,8.6,8.6,,,,h,8.6,,,,0,0,270.147,3.168,0.169,,,0,0,278,25.994,91.362,2.142,91.94,,,,,1
2026-10-05T16:00Z,2026-10-05T19:00Z,a4t:29t,3,8.55,8.6,,,,h,8.6,,,,0,0,175.54,1.552,0.019,,,0,2,278,25.691,92.33,1.18,72.64,,,,,1
2026-10-05T16:00Z,2026-10-05T22:00Z,a4t:29t,6,5.85,5.9,,,,h,5.9,,,,0,0,188.527,1.313,0,,,0,5,278,25.514,91.229,0.903,36.176,,,,,1
2026-10-05T16:00Z,2026-10-06T04:00Z,a4t:29t,12,3.25,3.3,,,,h,3.3,,,,0,0,700.115,3.262,0.106,,,0,11,279,28.506,77.712,2.653,51.135,,,,,1
2026-10-05T16:00Z,2026-10-06T16:00Z,a4t:29t,24,7.699999999999999,7.7,,,,h,7.7,,,,0,0,168.223,2.672,0.272,,,0,23,279,25.992,91.416,1.77,45.957,,,,,1
2026-10-05T16:00Z,2026-10-07T16:00Z,a4t:29t,48,15.65,15.7,,,,h,15.7,,,,0,0,160.7,3.277,0,,,0,23,280,26.736,80.84,1.399,49.552,,,,,1
2026-10-05T16:00Z,2026-10-05T17:00Z,a4t:75t,1,2.4,2.4,,,,h,2.4,,,,0,0,134.16,2.739,0.047,,,0,0,278,20.315,98.901,1.168,72.565,,,,,1
2026-10-05T16:00Z,2026-10-05T19:00Z,a4t:75t,3,1.55,1.5,,,,h,1.5,,,,0,0,160.132,3.149,0.736,,,0,2,278,19.922,98.901,1.493,58.055,,,,,1
2026-10-05T16:00Z,2026-10-05T22:00Z,a4t:75t,6,0.8500000000000001,0.9,,,,h,0.9,,,,0,0,179.853,3.259,0.5,,,0,5,278,19.688,98.326,1.36,64.052,,,,,1
2026-10-05T16:00Z,2026-10-06T04:00Z,a4t:75t,12,3.75,3.8,,,,h,3.8,,,,0,0,679.025,3.665,0.117,,,0,11,279,23.473,79.73,2.616,69.613,,,,,1
2026-10-05T16:00Z,2026-10-06T16:00Z,a4t:75t,24,9.05,9.1,,,,h,9.1,,,,0,0,31.674,2.362,0,,,0,23,279,20.288,91.974,0.902,79.72,,,,,1
2026-10-05T16:00Z,2026-10-07T16:00Z,a4t:75t,48,7.9,7.9,,,,h,7.9,,,,0,0,20,0.959,0,,,0,23,280,19.64,82.242,0.73,149.513,,,,,1
2026-10-05T16:00Z,2026-10-05T17:00Z,a4t:03t,1,29.95,30,,,,h,30,,,,0,0.003,207.418,2.362,1.638,,,0,0,278,25.047,96.072,1.049,36.648,,,,,1
2026-10-05T16:00Z,2026-10-05T19:00Z,a4t:03t,3,29.15,29.2,,,,h,29.2,,,,0,0.003,156.824,1.989,1.774,,,0,2,278,24.678,95.201,1.263,16.783,,,,,1
2026-10-05T16:00Z,2026-10-05T22:00Z,a4t:03t,6,20.15,20.2,,,,h,20.2,,,,0,0.002,125.821,1.733,0.037,,,0,5,278,24.454,96.477,0.921,350.772,,,,,1
2026-10-05T16:00Z,2026-10-06T04:00Z,a4t:03t,12,18.7,18.7,,,,h,18.7,,,,0,0.002,829.99,2.941,0.132,,,0,11,279,28.994,77.507,2.372,53.547,,,,,1
2026-10-05T16:00Z,2026-10-06T16:00Z,a4t:03t,24,27.85,27.9,,,,h,27.9,,,,0,0.001,151.905,3.213,0.655,,,0,23,279,24.657,97.477,1.844,321.861,,,,,1
2026-10-05T16:00Z,2026-10-07T16:00Z,a4t:03t,48,29.45,29.5,,,,h,29.5,,,,0,0,99.769,2.659,0,,,0,23,280,25.845,87.309,1.145,355.271,,,,,1
2026-10-05T16:00Z,2026-10-05T17:00Z,a4t:19t,1,14.25,14.3,,,,h,14.3,,,,0,0,212.635,2.848,0.864,,,0,0,278,25.201,95.447,1.318,89.601,,,,,1
2026-10-05T16:00Z,2026-10-05T19:00Z,a4t:19t,3,13.1,13.1,,,,h,13.1,,,,0,0,112.444,1.551,0.582,,,0,2,278,24.956,95.694,0.796,53.315,,,,,1
2026-10-05T16:00Z,2026-10-05T22:00Z,a4t:19t,6,11.2,11.2,,,,h,11.2,,,,0,0.001,92.913,1.474,0.012,,,0,5,278,24.648,96.54,0.771,10.878,,,,,1
2026-10-05T16:00Z,2026-10-06T04:00Z,a4t:19t,12,13.149999999999999,13.2,,,,h,13.2,,,,0,0.001,938.56,2.881,0.077,,,0,11,279,29.494,75.295,2.276,63.196,,,,,1
2026-10-05T16:00Z,2026-10-06T16:00Z,a4t:19t,24,15.8,15.8,,,,h,15.8,,,,0,0,113.273,2.325,1.011,,,0,23,279,24.813,97.54,1.358,329.367,,,,,1
2026-10-05T16:00Z,2026-10-07T16:00Z,a4t:19t,48,22.9,22.9,,,,h,22.9,,,,0,0,68.052,2.056,0,,,0,23,280,25.96,86.066,0.653,44.829,,,,,1
2026-10-05T16:00Z,2026-10-05T17:00Z,4946812,1,61.5,9.7,,,,h,9.7,,,,0,0,545.198,6.556,0,18.68,,-1.809,0,278,21.943,66.931,3.373,15.453,,,,,1
2026-10-05T16:00Z,2026-10-05T19:00Z,4946812,3,45.1,7.5,,,,h,7.5,,,,0,0,493.281,6.243,0,18.68,,-1.809,2,278,21.203,68.338,3.046,6.154,,,,,1
2026-10-05T16:00Z,2026-10-05T22:00Z,4946812,6,22.8,3.8,,,,h,3.8,,,,0,0,401.868,6.141,0,18.68,,-1.809,5,278,20.341,70.515,2.758,0.867,,,,,1
2026-10-05T16:00Z,2026-10-06T04:00Z,4946812,12,10.8,1.9,,,,h,1.9,,,,0,0,1128.469,6.329,0,18.68,,-1.809,11,279,25.804,45.01,4.686,5.236,,,,,1
2026-10-05T16:00Z,2026-10-06T16:00Z,4946812,24,99.9,32.8,,,,h,32.8,,,,0,0,59.76,3.59,0,18.68,,-1.809,23,279,20.39,68.695,1.252,23.173,,,,,1
2026-10-05T16:00Z,2026-10-07T16:00Z,4946812,48,105.9,54,,,,h,54,,,,0,0,22.047,1.056,0,18.68,,-1.809,23,280,21.343,79.808,0.271,167.222,,,,,1
2026-10-05T16:00Z,2026-10-05T17:00Z,4946813,1,12.1,9.3,,,,h,9.3,,,,0,0,574.174,6.879,0,42.56,,-0.245,0,278,22.017,65.81,3.548,14.659,,,,,1
2026-10-05T16:00Z,2026-10-05T19:00Z,4946813,3,10.4,8.1,,,,h,8.1,,,,0,0,520.36,6.534,0,42.56,,-0.245,2,278,21.286,67.118,3.197,5.578,,,,,1
2026-10-05T16:00Z,2026-10-05T22:00Z,4946813,6,11,8.7,,,,h,8.7,,,,0,0,422.248,6.315,0,42.56,,-0.245,5,278,20.439,69.222,2.863,0.286,,,,,1
2026-10-05T16:00Z,2026-10-06T04:00Z,4946813,12,9.7,7.8,,,,h,7.8,,,,0,0,1124.156,6.43,0,42.56,,-0.245,11,279,25.889,44.763,4.775,4.231,,,,,1
2026-10-05T16:00Z,2026-10-06T16:00Z,4946813,24,83.8,72.1,,,,h,72.1,,,,0,0,62.134,3.773,0,42.56,,-0.245,23,279,20.432,67.849,1.332,23.499,,,,,1
2026-10-05T16:00Z,2026-10-07T16:00Z,4946813,48,152.7,139.5,,,,h,139.5,,,,0,0,21.574,1.11,0,42.56,,-0.245,23,280,21.442,79.355,0.257,163.249,,,,,1
2026-10-05T16:00Z,2026-10-05T17:00Z,a4t:bkp100t,1,14.3,24.9,15,26.3,29.8,24,24.9,29.8,,,0,0.003,194.542,2.326,1.441,,29.9,0.538,0,278,24.956,95.972,0.932,75.208,,,,,1
2026-10-05T16:00Z,2026-10-05T19:00Z,a4t:bkp100t,3,12.2,20.9,15,26.3,29.7,24,20.9,29.7,,,0,0.002,112.076,1.466,1.228,,29.9,0.538,2,278,24.714,95.598,0.861,41.196,,,,,1
2026-10-05T16:00Z,2026-10-05T22:00Z,a4t:bkp100t,6,10.9,18.1,14.7,25.6,29.5,24,18.1,29.5,,,0,0.001,103.098,1.318,0.026,,29.9,0.538,5,278,24.533,96.597,0.706,7.212,,,,,1
2026-10-05T16:00Z,2026-10-06T04:00Z,a4t:bkp100t,12,12.6,19.7,14.3,24.3,28.8,24,19.7,28.8,,,0,0.002,942.688,2.553,0.081,,29.9,0.538,11,279,29.449,75.368,2.037,67.468,,,,,1
2026-10-05T16:00Z,2026-10-06T16:00Z,a4t:bkp100t,24,16.1,22.7,12.6,19.7,27.5,24,22.7,27.5,,,0,0.001,133.78,2.803,1.208,,29.9,0.538,23,279,24.636,97.597,1.757,317.016,,,,,1
2026-10-05T16:00Z,2026-10-07T16:00Z,a4t:bkp100t,48,22.6,27.8,14.4,18.7,27.6,24,27.8,27.6,,,0,0,72.112,1.664,0,,29.9,0.538,23,280,25.958,87.209,0.54,27.151,,,,,1
2026-10-05T16:00Z,2026-10-05T17:00Z,a4t:bkp101t,1,20.6,23.4,21.3,24.3,21.1,24,23.4,21.1,,,0,0.003,187.856,2.366,1.491,,21,0.125,0,278,24.893,96.057,0.934,80.247,,,,,1
2026-10-05T16:00Z,2026-10-05T19:00Z,a4t:bkp101t,3,15.6,17.7,21.1,24.1,21.2,24,17.7,21.2,,,0,0.001,101.818,1.395,1.2,,21,0.125,2,278,24.684,95.663,0.79,46.842,,,,,1
2026-10-05T16:00Z,2026-10-05T22:00Z,a4t:bkp101t,6,15.1,17,20.7,23.5,21.3,24,17,21.3,,,0,0.001,99.757,1.211,0.025,,21,0.125,5,278,24.532,96.647,0.658,11.477,,,,,1
2026-10-05T16:00Z,2026-10-06T04:00Z,a4t:bkp101t,12,9,10,17.9,20.3,20.9,24,10,20.9,,,0,0.003,969.705,2.426,0.069,,21,0.125,11,279,29.545,74.926,1.932,72.058,,,,,1
2026-10-05T16:00Z,2026-10-06T16:00Z,a4t:bkp101t,24,25.3,27.4,13.9,15.4,19.4,24,27.4,19.4,,,0,0.001,133.582,2.844,1.383,,21,0.125,23,279,24.593,97.647,1.831,313.205,,,,,1
2026-10-05T16:00Z,2026-10-07T16:00Z,a4t:bkp101t,48,21.8,22.9,14.6,15.5,18.8,24,22.9,18.8,,,0,0,65.855,1.441,0,,21,0.125,23,280,25.977,87.45,0.432,34.415,,,,,1
2026-10-05T16:00Z,2026-10-05T17:00Z,a4t:bkp102t,1,29.9,26.9,18.6,16.7,15.6,24,26.9,15.6,,,0,0.004,204.231,2.249,1.606,,15.6,-0.103,0,278,25.016,96.038,0.954,46.336,,,,,1
2026-10-05T16:00Z,2026-10-05T19:00Z,a4t:bkp102t,3,27.6,25,19.9,17.9,15.7,24,25,15.7,,,0,0.003,144.712,1.812,1.661,,15.6,-0.103,2,278,24.677,95.318,1.155,21.337,,,,,1
2026-10-05T16:00Z,2026-10-05T22:00Z,a4t:bkp102t,6,19.2,17.5,20.9,18.8,16,24,17.5,16,,,0,0.002,119.847,1.611,0.035,,15.6,-0.103,5,278,24.471,96.494,0.853,354.529,,,,,1
2026-10-05T16:00Z,2026-10-06T04:00Z,a4t:bkp102t,12,18.9,17.4,20.9,18.9,16.3,24,17.4,16.3,,,0,0.002,859.814,2.823,0.119,,15.6,-0.103,11,279,29.115,76.89,2.273,57.149,,,,,1
2026-10-05T16:00Z,2026-10-06T16:00Z,a4t:bkp102t,24,27.5,25.8,22.3,20.5,17,24,25.8,17,,,0,0.001,147.061,3.076,0.791,,15.6,-0.103,23,279,24.657,97.494,1.806,321.402,,,,,1
2026-10-05T16:00Z,2026-10-07T16:00Z,a4t:bkp102t,48,28.9,27.8,20.2,19.2,16.8,24,27.8,16.8,,,0,0,93.195,2.371,0,,15.6,-0.103,23,280,25.883,87.231,0.971,2.088,,,,,1
2026-10-05T16:00Z,2026-10-05T17:00Z,a4t:bkp103t,1,29.9,37.4,18.6,23.4,23.4,24,37.4,23.4,,,0,0.011,195.405,2.164,1.825,,23.4,0.221,0,278,24.889,96.185,0.9,47.137,,,,,1
2026-10-05T16:00Z,2026-10-05T19:00Z,a4t:bkp103t,3,27.6,34.2,19.9,25.1,23.5,24,34.2,23.5,,,0,0.004,133.749,1.67,1.858,,23.4,0.221,2,278,24.57,95.403,1.106,20.928,,,,,1
2026-10-05T16:00Z,2026-10-05T22:00Z,a4t:bkp103t,6,19.2,23.6,20.9,26.3,23.7,24,23.6,23.7,,,0,0.002,118.505,1.463,0.039,,23.4,0.221,5,278,24.435,96.503,0.774,357.059,,,,,1
2026-10-05T16:00Z,2026-10-06T04:00Z,a4t:bkp103t,12,18.9,22.6,20.9,26,24,24,22.6,24,,,0,0.003,886.714,2.611,0.109,,23.4,0.221,11,279,29.205,76.295,2.105,62.447,,,,,1
2026-10-05T16:00Z,2026-10-06T16:00Z,a4t:bkp103t,24,27.5,31.6,22.3,26.6,24.9,24,31.6,24.9,,,0,0.001,150.243,3.092,0.961,,23.4,0.221,23,279,24.604,97.503,1.893,318.735,,,,,1
2026-10-05T16:00Z,2026-10-07T16:00Z,a4t:bkp103t,48,28.9,31.4,20.2,22.4,24.4,24,31.4,24.4,,,0,0,90.469,2.201,0,,23.4,0.221,23,280,25.929,87.478,0.903,4.853,,,,,1
2026-10-05T16:00Z,2026-10-05T17:00Z,a4t:bkp104t,1,29.9,25.4,18.6,15.6,14,24,25.4,14,,,0,0.006,203.214,2.351,1.797,,14,-0.163,0,278,24.973,96.163,1.056,34.14,,,,,1
2026-10-05T16:00Z,2026-10-05T19:00Z,a4t:bkp104t,3,27.6,23.5,19.9,16.8,14.2,24,23.5,14.2,,,0,0.004,153.439,1.949,1.952,,14,-0.163,2,278,24.605,95.23,1.262,14.742,,,,,1
2026-10-05T16:00Z,2026-10-05T22:00Z,a4t:bkp104t,6,19.2,16.5,20.9,17.7,14.4,24,16.5,14.4,,,0,0.003,126.748,1.675,0.041,,14,-0.163,5,278,24.424,96.464,0.887,351.077,,,,,1
2026-10-05T16:00Z,2026-10-06T04:00Z,a4t:bkp104t,12,18.9,16.5,20.9,17.8,14.8,24,16.5,14.8,,,0,0.002,837.679,2.834,0.131,,14,-0.163,11,279,29.014,77.28,2.29,55.547,,,,,1
2026-10-05T16:00Z,2026-10-06T16:00Z,a4t:bkp104t,24,27.5,24.8,22.3,19.5,15.5,24,24.8,15.5,,,0,0.001,155.153,3.236,0.709,,14,-0.163,23,279,24.63,97.464,1.894,321.05,,,,,1
2026-10-05T16:00Z,2026-10-07T16:00Z,a4t:bkp104t,48,28.9,27.2,20.2,18.6,15.5,24,27.2,15.5,,,0,0,100.661,2.657,0,,14,-0.163,23,280,25.869,87.434,1.154,355.582,,,,,1
2026-10-05T16:00Z,2026-10-05T17:00Z,a4t:bkp105t,1,29.9,39.5,18.6,24.8,26,24,39.5,26,,,0,0.004,205.699,2.315,1.655,,26,0.276,0,278,25.024,96.076,1.015,39.231,,,,,1
2026-10-05T16:00Z,2026-10-05T19:00Z,a4t:bkp105t,3,27.6,36.1,19.9,26.5,26,24,36.1,26,,,0,0.003,152.344,1.923,1.769,,26,0.276,2,278,24.665,95.244,1.228,17.792,,,,,1
2026-10-05T16:00Z,2026-10-05T22:00Z,a4t:bkp105t,6,19.2,24.8,20.9,27.8,26.2,24,24.8,26.2,,,0,0.002,124.055,1.683,0.037,,26,0.276,5,278,24.454,96.48,0.893,351.991,,,,,1
2026-10-05T16:00Z,2026-10-06T04:00Z,a4t:bkp105t,12,18.9,23.7,20.9,27.5,26.4,24,23.7,26.4,,,0,0.002,840.879,2.884,0.128,,26,0.276,11,279,29.036,77.268,2.325,55.026,,,,,1
2026-10-05T16:00Z,2026-10-06T16:00Z,a4t:bkp105t,24,27.5,32.7,22.3,27.8,27.2,24,32.7,27.2,,,0,0.001,150.888,3.172,0.707,,26,0.276,23,279,24.653,97.48,1.839,321.614,,,,,1
2026-10-05T16:00Z,2026-10-07T16:00Z,a4t:bkp105t,48,28.9,32.1,20.2,23,26.4,24,32.1,26.4,,,0,0,97.84,2.564,0,,26,0.276,23,280,25.861,87.302,1.089,357.406,,,,,1
2026-10-05T16:00Z,2026-10-05T17:00Z,a4t:bkp114t,1,29.9,26.8,18.6,16.5,15.1,24,26.8,15.1,,,0,0.005,199.787,2.195,1.604,,15.1,-0.11,0,278,24.972,96.041,0.895,55.356,,,,,1
2026-10-05T16:00Z,2026-10-05T19:00Z,a4t:bkp114t,3,27.6,24.8,19.9,17.8,15.3,24,24.8,15.3,,,0,0.003,132.707,1.656,1.579,,15.1,-0.11,2,278,24.665,95.423,1.056,26.262,,,,,1
2026-10-05T16:00Z,2026-10-05T22:00Z,a4t:bkp114t,6,19.2,17.3,20.9,18.7,15.5,24,17.3,15.5,,,0,0.002,114.538,1.488,0.033,,15.1,-0.11,5,278,24.481,96.521,0.789,358.478,,,,,1
2026-10-05T16:00Z,2026-10-06T04:00Z,a4t:bkp114t,12,18.9,17.3,20.9,18.8,15.9,24,17.3,15.9,,,0,0.002,889.836,2.695,0.106,,15.1,-0.11,11,279,29.233,76.299,2.165,61.167,,,,,1
2026-10-05T16:00Z,2026-10-06T16:00Z,a4t:bkp114t,24,27.5,25.7,22.3,20.4,16.6,24,25.7,16.6,,,0,0.001,143.586,2.983,0.944,,15.1,-0.11,23,279,24.643,97.521,1.8,319.963,,,,,1
2026-10-05T16:00Z,2026-10-07T16:00Z,a4t:bkp114t,48,28.9,27.7,20.2,19.1,16.5,24,27.7,16.5,,,0,0,86.622,2.106,0,,15.1,-0.11,23,280,25.917,87.247,0.819,8.979,,,,,1
2026-10-05T16:00Z,2026-10-05T17:00Z,a4t:bkp115t,1,40.4,24.4,34,20.3,14.8,24,24.4,14.8,,,0,0.009,193.544,2.141,1.754,,14.6,-0.497,0,278,24.886,96.154,0.856,55.431,,,,,1
2026-10-05T16:00Z,2026-10-05T19:00Z,a4t:bkp115t,3,32.8,20.2,34.3,20.5,15,24,20.2,15,,,0,0.004,125.87,1.572,1.712,,14.6,-0.497,2,278,24.593,95.47,1.029,26.088,,,,,1
2026-10-05T16:00Z,2026-10-05T22:00Z,a4t:bkp115t,6,23.8,15,33.6,20.2,15.2,24,15,15.2,,,0,0.002,114.003,1.394,0.036,,14.6,-0.497,5,278,24.457,96.533,0.741,0.156,,,,,1
2026-10-05T16:00Z,2026-10-06T04:00Z,a4t:bkp115t,12,13.2,8.6,29.6,18,15.3,24,8.6,15.3,,,0,0.003,906.965,2.558,0.1,,14.6,-0.497,11,279,29.288,75.944,2.058,64.797,,,,,1
2026-10-05T16:00Z,2026-10-06T16:00Z,a4t:bkp115t,24,48.5,35.6,25.7,17.2,14.8,24,35.6,14.8,,,0,0.001,146.276,3.022,1.061,,14.6,-0.497,23,279,24.602,97.533,1.874,317.656,,,,,1
2026-10-05T16:00Z,2026-10-07T16:00Z,a4t:bkp115t,48,32.4,26.8,21.3,16.7,13.6,24,26.8,13.6,,,0,0,84.75,1.99,0,,14.6,-0.497,23,280,25.943,87.459,0.78,10.184,,,,,1
2026-10-05T16:00Z,2026-10-05T17:00Z,a4t:bkp116t,1,40.4,25.4,34,21.1,15.7,24,25.4,15.7,,,0,0.009,194.293,2.147,1.74,,15.5,-0.461,0,278,24.895,96.143,0.862,55.125,,,,,1
2026-10-05T16:00Z,2026-10-05T19:00Z,a4t:bkp116t,3,32.8,20.9,34.3,21.3,15.8,24,20.9,15.8,,,0,0.004,126.894,1.584,1.703,,15.5,-0.461,2,278,24.6,95.462,1.035,25.909,,,,,1
2026-10-05T16:00Z,2026-10-05T22:00Z,a4t:bkp116t,6,23.8,15.5,33.6,21,16.1,24,15.5,16.1,,,0,0.002,114.222,1.406,0.036,,15.5,-0.461,5,278,24.459,96.531,0.747,359.85,,,,,1
2026-10-05T16:00Z,2026-10-06T04:00Z,a4t:bkp116t,12,13.2,8.9,29.6,18.7,16.1,24,8.9,16.1,,,0,0.003,904.374,2.574,0.101,,15.5,-0.461,11,279,29.279,75.995,2.071,64.301,,,,,1
2026-10-05T16:00Z,2026-10-06T16:00Z,a4t:bkp116t,24,48.5,36.4,25.7,17.7,15.6,24,36.4,15.6,,,0,0.001,146.123,3.02,1.045,,15.5,-0.461,23,279,24.607,97.531,1.867,317.952,,,,,1
2026-10-05T16:00Z,2026-10-07T16:00Z,a4t:bkp116t,48,32.4,27.2,21.3,17,14.3,24,27.2,14.3,,,0,0,85.166,2.01,0,,15.5,-0.461,23,280,25.94,87.436,0.789,9.851,,,,,1
2026-10-05T16:00Z,2026-10-05T17:00Z,a4t:bkp117t,1,14.3,11.5,15,12,12,24,11.5,12,,,0,0.001,202.693,2.375,1.289,,12,-0.204,0,278,25.053,95.825,0.986,73.982,,,,,1
2026-10-05T16:00Z,2026-10-05T19:00Z,a4t:bkp117t,3,12.2,9.9,15,12,12,24,9.9,12,,,0,0.001,120.7,1.552,1.117,,12,-0.204,2,278,24.787,95.551,0.907,39.411,,,,,1
2026-10-05T16:00Z,2026-10-05T22:00Z,a4t:bkp117t,6,10.9,8.9,14.7,11.8,12,24,8.9,12,,,0,0.001,104.122,1.433,0.024,,12,-0.204,5,278,24.556,96.559,0.76,4.648,,,,,1
2026-10-05T16:00Z,2026-10-06T04:00Z,a4t:bkp117t,12,12.6,10.6,14.3,11.6,11.9,24,10.6,11.9,,,0,0.002,920.114,2.719,0.089,,12,-0.204,11,279,29.377,75.761,2.169,63.132,,,,,1
2026-10-05T16:00Z,2026-10-06T16:00Z,a4t:bkp117t,24,16.1,14.1,12.6,10.6,11.4,24,14.1,11.4,,,0,0.001,130.662,2.723,1.043,,12,-0.204,23,279,24.695,97.559,1.646,321.252,,,,,1
2026-10-05T16:00Z,2026-10-07T16:00Z,a4t:bkp117t,48,22.6,20.9,14.4,13,11.8,24,20.9,11.8,,,0,0,75.848,1.86,0,,12,-0.204,23,280,25.935,86.876,0.612,24.916,,,,,1
2026-10-05T16:00Z,2026-10-05T17:00Z,a4t:bkp119t,1,29.9,32.3,18.6,20.1,20.2,24,32.3,20.2,,,0,0.004,199.766,2.207,1.552,,20.2,0.075,0,278,24.981,96.009,0.893,59.394,,,,,1
2026-10-05T16:00Z,2026-10-05T19:00Z,a4t:bkp119t,3,27.6,29.7,19.9,21.6,20.3,24,29.7,20.3,,,0,0.003,129.65,1.622,1.493,,20.2,0.075,2,278,24.684,95.452,1.022,28.851,,,,,1
2026-10-05T16:00Z,2026-10-05T22:00Z,a4t:bkp119t,6,19.2,20.6,20.9,22.6,20.5,24,20.6,20.5,,,0,0.002,112.36,1.467,0.032,,20.2,0.075,5,278,24.495,96.532,0.778,359.821,,,,,1
2026-10-05T16:00Z,2026-10-06T04:00Z,a4t:bkp119t,12,18.9,20.1,20.9,22.5,20.7,24,20.1,20.7,,,0,0.002,897.616,2.686,0.102,,20.2,0.075,11,279,29.267,76.162,2.155,61.859,,,,,1
2026-10-05T16:00Z,2026-10-06T16:00Z,a4t:bkp119t,24,27.5,28.8,22.3,23.7,21.4,24,28.8,21.4,,,0,0.001,141.21,2.937,0.977,,20.2,0.075,23,279,24.65,97.532,1.778,319.897,,,,,1
2026-10-05T16:00Z,2026-10-07T16:00Z,a4t:bkp119t,48,28.9,29.7,20.2,20.9,21,24,29.7,21,,,0,0,84.161,2.029,0,,20.2,0.075,23,280,25.922,87.197,0.766,11.891,,,,,1
2026-10-05T16:00Z,2026-10-05T17:00Z,a4t:bkp120t,1,40.4,33.5,34,28,24,24,33.5,24,,,0,0.015,184.209,2.062,1.961,,23.9,-0.187,0,278,24.763,96.32,0.799,56.101,,,,,1
2026-10-05T16:00Z,2026-10-05T19:00Z,a4t:bkp120t,3,32.8,27.3,34.3,28.3,24.2,24,27.3,24.2,,,0,0.004,115.491,1.446,1.887,,23.9,-0.187,2,278,24.494,95.538,0.993,26.354,,,,,1
2026-10-05T16:00Z,2026-10-05T22:00Z,a4t:bkp120t,6,23.8,20,33.6,27.8,24.3,24,20,24.3,,,0,0.002,112.944,1.254,0.04,,23.9,-0.187,5,278,24.423,96.559,0.671,3.171,,,,,1
2026-10-05T16:00Z,2026-10-06T04:00Z,a4t:bkp120t,12,13.2,11.3,29.6,24.5,24,24,11.3,24,,,0,0.004,933.243,2.376,0.09,,23.9,-0.187,11,279,29.372,75.423,1.911,70.858,,,,,1
2026-10-05T16:00Z,2026-10-06T16:00Z,a4t:bkp120t,24,48.5,43.2,25.7,22.1,23,24,43.2,23,,,0,0.001,150.001,3.094,1.242,,23.9,-0.187,23,279,24.539,97.559,1.988,314.094,,,,,1
2026-10-05T16:00Z,2026-10-07T16:00Z,a4t:bkp120t,48,32.4,30.2,21.3,19.4,20.7,24,30.2,20.7,,,0,0,81.403,1.796,0,,23.9,-0.187,23,280,25.979,87.788,0.715,12.166,,,,,1
2026-10-05T16:00Z,2026-10-05T17:00Z,a4t:bkp121t,1,29.9,23.9,18.6,14.7,13.1,24,23.9,13.1,,,0,0.003,206.255,2.26,1.53,,13.1,-0.221,0,278,25.05,95.988,0.956,48.131,,,,,1
2026-10-05T16:00Z,2026-10-05T19:00Z,a4t:bkp121t,3,27.6,22.2,19.9,15.8,13.3,24,22.2,13.3,,,0,0.002,145.684,1.824,1.573,,13.1,-0.221,2,278,24.711,95.313,1.151,22.515,,,,,1
2026-10-05T16:00Z,2026-10-05T22:00Z,a4t:bkp121t,6,19.2,15.6,20.9,16.7,13.5,24,15.6,13.5,,,0,0.002,119.059,1.633,0.033,,13.1,-0.221,5,278,24.485,96.497,0.865,354.595,,,,,1
2026-10-05T16:00Z,2026-10-06T04:00Z,a4t:bkp121t,12,18.9,15.8,20.9,16.8,13.9,24,15.8,13.9,,,0,0.002,857.552,2.869,0.119,,13.1,-0.221,11,279,29.112,76.957,2.307,56.371,,,,,1
2026-10-05T16:00Z,2026-10-06T16:00Z,a4t:bkp121t,24,27.5,23.9,22.3,18.6,14.6,24,23.9,14.6,,,0,0.001,145.131,3.05,0.769,,13.1,-0.221,23,279,24.672,97.497,1.774,322.022,,,,,1
2026-10-05T16:00Z,2026-10-07T16:00Z,a4t:bkp121t,48,28.9,26.6,20.2,18.1,14.5,24,26.6,14.5,,,0,0,92.602,2.366,0,,13.1,-0.221,23,280,25.875,87.148,0.957,2.66,,,,,1
2026-10-05T16:00Z,2026-10-05T17:00Z,a4t:bkp122t,1,29.9,27.6,18.6,17.1,15.9,24,27.6,15.9,,,0,0.005,199.635,2.2,1.574,,15.9,-0.079,0,278,24.976,96.023,0.892,57.927,,,,,1
2026-10-05T16:00Z,2026-10-05T19:00Z,a4t:bkp122t,3,27.6,25.6,19.9,18.4,16,24,25.6,16,,,0,0.003,130.617,1.632,1.527,,15.9,-0.079,2,278,24.676,95.442,1.034,27.892,,,,,1
2026-10-05T16:00Z,2026-10-05T22:00Z,a4t:bkp122t,6,19.2,17.8,20.9,19.3,16.3,24,17.8,16.3,,,0,0.002,113.144,1.473,0.032,,15.9,-0.079,5,278,24.489,96.528,0.781,359.361,,,,,1
2026-10-05T16:00Z,2026-10-06T04:00Z,a4t:bkp122t,12,18.9,17.7,20.9,19.4,16.6,24,17.7,16.6,,,0,0.002,895.152,2.686,0.103,,15.9,-0.079,11,279,29.256,76.204,2.157,61.682,,,,,1
2026-10-05T16:00Z,2026-10-06T16:00Z,a4t:bkp122t,24,27.5,26.2,22.3,20.9,17.4,24,26.2,17.4,,,0,0.001,142.138,2.954,0.967,,15.9,-0.079,23,279,24.646,97.528,1.788,319.868,,,,,1
2026-10-05T16:00Z,2026-10-07T16:00Z,a4t:bkp122t,48,28.9,28,20.2,19.4,17.2,24,28,17.2,,,0,0,85.017,2.054,0,,15.9,-0.079,23,280,25.921,87.22,0.784,10.827,,,,,1
2026-10-05T16:00Z,2026-10-05T17:00Z,a4t:bkp123t,1,40.4,23.6,34,19.6,14.7,24,23.6,14.7,,,0,0.009,194.082,2.144,1.751,,14.6,-0.53,0,278,24.891,96.15,0.861,54.696,,,,,1
2026-10-05T16:00Z,2026-10-05T19:00Z,a4t:bkp123t,3,32.8,19.5,34.3,19.8,14.9,24,19.5,14.9,,,0,0.004,126.965,1.585,1.717,,14.6,-0.53,2,278,24.596,95.461,1.037,25.618,,,,,1
2026-10-05T16:00Z,2026-10-05T22:00Z,a4t:bkp123t,6,23.8,14.5,33.6,19.5,15.1,24,14.5,15.1,,,0,0.002,114.429,1.405,0.036,,14.6,-0.53,5,278,24.456,96.53,0.746,359.771,,,,,1
2026-10-05T16:00Z,2026-10-06T04:00Z,a4t:bkp123t,12,13.2,8.4,29.6,17.4,15.1,24,8.4,15.1,,,0,0.003,904.17,2.57,0.101,,14.6,-0.53,11,279,29.277,75.996,2.068,64.365,,,,,1
2026-10-05T16:00Z,2026-10-06T16:00Z,a4t:bkp123t,24,48.5,34.9,25.7,16.7,14.6,24,34.9,14.6,,,0,0.001,146.461,3.025,1.045,,14.6,-0.53,23,279,24.605,97.53,1.871,317.896,,,,,1
2026-10-05T16:00Z,2026-10-07T16:00Z,a4t:bkp123t,48,32.4,26.5,21.3,16.4,13.4,24,26.5,13.4,,,0,0,85.37,2.015,0,,14.6,-0.53,23,280,25.94,87.447,0.793,9.614,,,,,1
2026-10-05T16:00Z,2026-10-05T17:00Z,a4t:bkp124t,1,29.9,32.6,18.6,20.4,19.7,24,32.6,19.7,,,0,0.011,197.4,2.215,1.856,,19.7,0.087,0,278,24.902,96.197,0.953,41.363,,,,,1
2026-10-05T16:00Z,2026-10-05T19:00Z,a4t:bkp124t,3,27.6,30,19.9,21.8,19.8,24,30,19.8,,,0,0.005,140.303,1.76,1.941,,19.7,0.087,2,278,24.564,95.347,1.165,17.748,,,,,1
2026-10-05T16:00Z,2026-10-05T22:00Z,a4t:bkp124t,6,19.2,20.8,20.9,22.9,20.1,24,20.8,20.1,,,0,0.002,121.828,1.528,0.041,,19.7,0.087,5,278,24.423,96.483,0.806,354.783,,,,,1
2026-10-05T16:00Z,2026-10-06T04:00Z,a4t:bkp124t,12,18.9,20.3,20.9,22.8,20.4,24,20.3,20.4,,,0,0.003,870.082,2.667,0.117,,19.7,0.087,11,279,29.138,76.602,2.154,60.338,,,,,1
2026-10-05T16:00Z,2026-10-06T16:00Z,a4t:bkp124t,24,27.5,29,22.3,23.9,21.2,24,29,21.2,,,0,0.001,152.84,3.146,0.877,,19.7,0.087,23,279,24.608,97.483,1.902,319.575,,,,,1
2026-10-05T16:00Z,2026-10-07T16:00Z,a4t:bkp124t,48,28.9,29.9,20.2,21,20.9,24,29.9,20.9,,,0,0,94.659,2.371,0,,19.7,0.087,23,280,25.914,87.48,0.999,1.259,,,,,1
2026-10-05T16:00Z,2026-10-05T17:00Z,a4t:bkp125t,1,14.3,19.4,15,20.4,21.4,24,19.4,21.4,,,0,0.003,194.474,2.336,1.433,,21.4,0.292,0,278,24.957,95.968,0.938,75.836,,,,,1
2026-10-05T16:00Z,2026-10-05T19:00Z,a4t:bkp125t,3,12.2,16.4,15,20.4,21.3,24,16.4,21.3,,,0,0.002,111.487,1.463,1.213,,21.4,0.292,2,278,24.718,95.603,0.855,41.769,,,,,1
2026-10-05T16:00Z,2026-10-05T22:00Z,a4t:bkp125t,6,10.9,14.4,14.7,19.9,21.2,24,14.4,21.2,,,0,0.001,102.709,1.314,0.026,,21.4,0.292,5,278,24.535,96.599,0.705,7.509,,,,,1
2026-10-05T16:00Z,2026-10-06T04:00Z,a4t:bkp125t,12,12.6,16.1,14.3,19.1,21,24,16.1,21,,,0,0.002,944.21,2.551,0.08,,21.4,0.292,11,279,29.455,75.342,2.035,67.623,,,,,1
2026-10-05T16:00Z,2026-10-06T16:00Z,a4t:bkp125t,24,16.1,19.4,12.6,16.1,20.1,24,19.4,20.1,,,0,0.001,133.389,2.797,1.215,,21.4,0.292,23,279,24.637,97.599,1.754,316.947,,,,,1
2026-10-05T16:00Z,2026-10-07T16:00Z,a4t:bkp125t,48,22.6,25.3,14.4,16.6,20.5,24,25.3,20.5,,,0,0,71.637,1.654,0,,21.4,0.292,23,280,25.958,87.204,0.533,27.887,,,,,1
2026-10-05T16:00Z,2026-10-05T17:00Z,a4t:bkp126t,1,29.9,27.4,18.6,16.9,16.2,24,27.4,16.2,,,0,0.006,204.023,2.41,1.82,,16.2,-0.088,0,278,24.978,96.181,1.103,30.869,,,,,1
2026-10-05T16:00Z,2026-10-05T19:00Z,a4t:bkp126t,3,27.6,25.3,19.9,18.2,16.3,24,25.3,16.3,,,0,0.004,157.414,2.012,2.005,,16.2,-0.088,2,278,24.599,95.191,1.3,13.219,,,,,1
2026-10-05T16:00Z,2026-10-05T22:00Z,a4t:bkp126t,6,19.2,17.7,20.9,19.1,16.5,24,17.7,16.5,,,0,0.003,128.904,1.715,0.042,,16.2,-0.088,5,278,24.416,96.457,0.909,349.865,,,,,1
2026-10-05T16:00Z,2026-10-06T04:00Z,a4t:bkp126t,12,18.9,17.6,20.9,19.2,16.8,24,17.6,16.8,,,0,0.002,827.828,2.867,0.135,,16.2,-0.088,11,279,28.973,77.478,2.319,54.437,,,,,1
2026-10-05T16:00Z,2026-10-06T16:00Z,a4t:bkp126t,24,27.5,26,22.3,20.7,17.5,24,26,17.5,,,0,0.001,157.083,3.285,0.665,,16.2,-0.088,23,279,24.628,97.457,1.91,321.168,,,,,1
2026-10-05T16:00Z,2026-10-07T16:00Z,a4t:bkp126t,48,28.9,28,20.2,19.3,17.3,24,28,17.3,,,0,0,103.038,2.766,0,,16.2,-0.088,23,280,25.858,87.47,1.218,353.577,,,,,1
2026-10-05T16:00Z,2026-10-05T17:00Z,a4t:bkp127t,1,29.9,30.6,18.6,19,18.5,24,30.6,18.5,,,0,0.01,200.292,2.49,2.033,,18.5,0.023,0,278,24.898,96.3,1.183,24.751,,,,,1
2026-10-05T16:00Z,2026-10-05T19:00Z,a4t:bkp127t,3,27.6,28.2,19.9,20.4,18.6,24,28.2,18.6,,,0,0.006,157.821,2.042,2.279,,18.5,0.023,2,278,24.506,95.187,1.343,9.134,,,,,1
2026-10-05T16:00Z,2026-10-05T22:00Z,a4t:bkp127t,6,19.2,19.6,20.9,21.4,18.8,24,19.6,18.8,,,0,0.003,132.315,1.694,0.048,,18.5,0.023,5,278,24.372,96.428,0.891,348.974,,,,,1
2026-10-05T16:00Z,2026-10-06T04:00Z,a4t:bkp127t,12,18.9,19.3,20.9,21.4,19.1,24,19.3,19.1,,,0,0.003,825.712,2.784,0.139,,18.5,0.023,11,279,28.951,77.414,2.259,55.675,,,,,1
2026-10-05T16:00Z,2026-10-06T16:00Z,a4t:bkp127t,24,27.5,27.9,22.3,22.7,19.9,24,27.9,19.9,,,0,0.001,162.812,3.352,0.673,,18.5,0.023,23,279,24.598,97.428,1.977,320.73,,,,,1
2026-10-05T16:00Z,2026-10-07T16:00Z,a4t:bkp127t,48,28.9,29.2,20.2,20.4,19.6,24,29.2,19.6,,,0,0,106.994,2.895,0,,18.5,0.023,23,280,25.876,87.623,1.298,352.363,,,,,1
2026-10-05T16:00Z,2026-10-05T17:00Z,a4t:bkp129t,1,20.6,18.6,21.3,19.2,15.9,24,18.6,15.9,,,0,0.001,186.242,2.998,1.111,,15.8,-0.099,0,278,24.959,95.873,1.316,98.474,,,,,1
2026-10-05T16:00Z,2026-10-05T19:00Z,a4t:bkp129t,3,15.6,14.1,21.1,19.1,16,24,14.1,16,,,0,0.001,80.942,1.482,0.571,,15.8,-0.099,2,278,24.829,95.838,0.568,69.565,,,,,1
2026-10-05T16:00Z,2026-10-05T22:00Z,a4t:bkp129t,6,15.1,13.8,20.7,18.7,16.1,24,13.8,16.1,,,0,0.001,84.976,1.133,0.012,,15.8,-0.099,5,278,24.628,96.755,0.622,24.231,,,,,1
2026-10-05T16:00Z,2026-10-06T04:00Z,a4t:bkp129t,12,9,8.3,17.9,16.2,15.9,24,8.3,15.9,,,0,0.003,1024.466,2.395,0.041,,15.8,-0.099,11,279,29.781,74.078,1.883,77.269,,,,,1
2026-10-05T16:00Z,2026-10-06T16:00Z,a4t:bkp129t,24,25.3,23.8,13.9,12.8,14.7,24,23.8,14.7,,,0,0.001,118.167,2.625,1.64,,15.8,-0.099,23,279,24.614,97.755,1.733,309.734,,,,,1
2026-10-05T16:00Z,2026-10-07T16:00Z,a4t:bkp129t,48,21.8,21,14.6,13.9,14.5,24,21,14.5,,,0,0,47.252,1.383,0,,15.8,-0.099,23,280,25.996,87.277,0.371,70.453,,,,,1
2026-10-05T16:00Z,2026-10-05T17:00Z,a4t:bkp130t,1,20.6,19.8,21.3,20.5,16.8,24,19.8,16.8,,,0,0.008,187.482,2.153,1.727,,16.7,-0.037,0,278,24.84,96.181,0.823,66.557,,,,,1
2026-10-05T16:00Z,2026-10-05T19:00Z,a4t:bkp130t,3,15.6,15,21.1,20.3,16.9,24,15,16.9,,,0,0.003,111.944,1.429,1.57,,16.7,-0.037,2,278,24.592,95.574,0.915,34.376,,,,,1
2026-10-05T16:00Z,2026-10-05T22:00Z,a4t:bkp130t,6,15.1,14.6,20.7,19.9,17.1,24,14.6,17.1,,,0,0.002,107.761,1.259,0.033,,16.7,-0.037,5,278,24.475,96.591,0.678,5.745,,,,,1
2026-10-05T16:00Z,2026-10-06T04:00Z,a4t:bkp130t,12,9,8.7,17.9,17.3,16.8,24,8.7,16.8,,,0,0.003,943.044,2.429,0.083,,16.7,-0.037,11,279,29.426,75.326,1.946,70.08,,,,,1
2026-10-05T16:00Z,2026-10-06T16:00Z,a4t:bkp130t,24,25.3,24.7,13.9,13.5,15.6,24,24.7,15.6,,,0,0.001,142.581,2.98,1.265,,16.7,-0.037,23,279,24.573,97.591,1.903,314.38,,,,,1
2026-10-05T16:00Z,2026-10-07T16:00Z,a4t:bkp130t,48,21.8,21.5,14.6,14.3,15.4,24,21.5,15.4,,,0,0,75.628,1.653,0,,16.7,-0.037,23,280,25.971,87.592,0.6,19.303,,,,,1
2026-10-05T16:00Z,2026-10-05T17:00Z,a4t:bkp131t,1,29.9,30.3,18.6,18.8,18,24,30.3,18,,,0,0.004,203.507,2.227,1.557,,18,0.012,0,278,25.017,96.004,0.926,51.809,,,,,1
2026-10-05T16:00Z,2026-10-05T19:00Z,a4t:bkp131t,3,27.6,27.9,19.9,20.2,18.1,24,27.9,18.1,,,0,0.003,139.566,1.743,1.567,,18,0.012,2,278,24.693,95.367,1.104,24.335,,,,,1
2026-10-05T16:00Z,2026-10-05T22:00Z,a4t:bkp131t,6,19.2,19.4,20.9,21.2,18.4,24,19.4,18.4,,,0,0.002,116.77,1.566,0.033,,18,0.012,5,278,24.485,96.507,0.829,356.417,,,,,1
2026-10-05T16:00Z,2026-10-06T04:00Z,a4t:bkp131t,12,18.9,19.1,20.9,21.2,18.7,24,19.1,18.7,,,0,0.002,872.688,2.79,0.113,,18,0.012,11,279,29.17,76.643,2.243,58.516,,,,,1
2026-10-05T16:00Z,2026-10-06T16:00Z,a4t:bkp131t,24,27.5,27.7,22.3,22.5,19.5,24,27.7,19.5,,,0,0.001,144.076,3.009,0.848,,18,0.012,23,279,24.662,97.507,1.779,321.26,,,,,1
2026-10-05T16:00Z,2026-10-07T16:00Z,a4t:bkp131t,48,28.9,29,20.2,20.3,19.2,24,29,19.2,,,0,0,89.758,2.242,0,,18,0.012,23,280,25.895,87.174,0.889,5.787,,,,,1
2026-10-05T16:00Z,2026-10-05T17:00Z,a4t:bkp133t,1,29.9,29.2,18.6,18.2,17,24,29.2,17,,,0,0.009,197.346,2.187,1.793,,17,-0.022,0,278,24.913,96.161,0.918,45.912,,,,,1
2026-10-05T16:00Z,2026-10-05T19:00Z,a4t:bkp133t,3,27.6,27,19.9,19.5,17.1,24,27,17.1,,,0,0.004,136.886,1.711,1.839,,17,-0.022,2,278,24.588,95.378,1.125,20.381,,,,,1
2026-10-05T16:00Z,2026-10-05T22:00Z,a4t:bkp133t,6,19.2,18.8,20.9,20.5,17.4,24,18.8,17.4,,,0,0.002,119.356,1.501,0.039,,17,-0.022,5,278,24.439,96.497,0.793,356.164,,,,,1
2026-10-05T16:00Z,2026-10-06T04:00Z,a4t:bkp133t,12,18.9,18.6,20.9,20.5,17.8,24,18.6,17.8,,,0,0.003,878.888,2.657,0.112,,17,-0.022,11,279,29.176,76.455,2.143,61.075,,,,,1
2026-10-05T16:00Z,2026-10-06T16:00Z,a4t:bkp133t,24,27.5,27.1,22.3,21.9,18.5,24,27.1,18.5,,,0,0.001,150.154,3.097,0.915,,17,-0.022,23,279,24.614,97.497,1.878,319.39,,,,,1
2026-10-05T16:00Z,2026-10-07T16:00Z,a4t:bkp133t,48,28.9,28.7,20.2,19.9,18.3,24,28.7,18.3,,,0,0,91.755,2.263,0,,17,-0.022,23,280,25.918,87.432,0.933,3.696,,,,,1
2026-10-05T16:00Z,2026-10-05T17:00Z,a4t:bkp56t,1,29.9,34.1,18.6,21.3,22.2,24,34.1,22.2,,,0,0.006,197.381,2.178,1.638,,22.2,0.13,0,278,24.943,96.07,0.878,57.198,,,,,1
2026-10-05T16:00Z,2026-10-05T19:00Z,a4t:bkp56t,3,27.6,31.3,19.9,22.8,22.2,24,31.3,22.2,,,0,0.003,128.74,1.608,1.591,,22.2,0.13,2,278,24.646,95.454,1.03,27.364,,,,,1
2026-10-05T16:00Z,2026-10-05T22:00Z,a4t:bkp56t,6,19.2,21.7,20.9,23.9,22.4,24,21.7,22.4,,,0,0.002,113.368,1.443,0.034,,22.2,0.13,5,278,24.478,96.531,0.766,359.698,,,,,1
2026-10-05T16:00Z,2026-10-06T04:00Z,a4t:bkp56t,12,18.9,21,20.9,23.8,22.6,24,21,22.6,,,0,0.002,899.844,2.638,0.102,,22.2,0.13,11,279,29.269,76.103,2.119,62.82,,,,,1
2026-10-05T16:00Z,2026-10-06T16:00Z,a4t:bkp56t,24,27.5,29.8,22.3,24.7,23.3,24,29.8,23.3,,,0,0.001,143.565,2.977,1.004,,22.2,0.13,23,279,24.63,97.531,1.819,319.023,,,,,1
2026-10-05T16:00Z,2026-10-07T16:00Z,a4t:bkp56t,48,28.9,30.4,20.2,21.5,22.6,24,30.4,22.6,,,0,0,84.799,2.026,0,,22.2,0.13,23,280,25.929,87.307,0.78,10.699,,,,,1
2026-10-05T16:00Z,2026-10-05T17:00Z,a4t:bkp57t,1,14.3,16.2,15,17,19.4,24,16.2,19.4,,,0,0.002,202.612,2.289,1.381,,19.5,0.119,0,278,25.037,95.887,0.937,67.397,,,,,1
2026-10-05T16:00Z,2026-10-05T19:00Z,a4t:bkp57t,3,12.2,13.8,15,17,19.3,24,13.8,19.3,,,0,0.002,126.261,1.595,1.265,,19.5,0.119,2,278,24.754,95.496,0.966,34.332,,,,,1
2026-10-05T16:00Z,2026-10-05T22:00Z,a4t:bkp57t,6,10.9,12.2,14.7,16.6,19.2,24,12.2,19.2,,,0,0.002,108.061,1.466,0.027,,19.5,0.119,5,278,24.532,96.544,0.777,1.998,,,,,1
2026-10-05T16:00Z,2026-10-06T04:00Z,a4t:bkp57t,12,12.6,13.9,14.3,16.1,18.8,24,13.9,18.8,,,0,0.002,906.145,2.732,0.096,,19.5,0.119,11,279,29.315,76.02,2.185,61.834,,,,,1
2026-10-05T16:00Z,2026-10-06T16:00Z,a4t:bkp57t,24,16.1,17.4,12.6,13.9,17.8,24,17.4,17.8,,,0,0.001,135.014,2.815,0.988,,19.5,0.119,23,279,24.683,97.544,1.692,321.107,,,,,1
2026-10-05T16:00Z,2026-10-07T16:00Z,a4t:bkp57t,48,22.6,23.7,14.4,15.2,17.9,24,23.7,17.9,,,0,0,80.097,1.948,0,,19.5,0.119,23,280,25.924,86.981,0.684,18.215,,,,,1
2026-10-05T16:00Z,2026-10-05T17:00Z,a4t:bkp58t,1,29.9,35.8,18.6,22.4,21.8,24,35.8,21.8,,,0,0.004,203.815,2.233,1.573,,21.8,0.18,0,278,25.017,96.015,0.934,49.861,,,,,1
2026-10-05T16:00Z,2026-10-05T19:00Z,a4t:bkp58t,3,27.6,32.9,19.9,24,21.9,24,32.9,21.9,,,0,0.003,141.442,1.767,1.599,,21.8,0.18,2,278,24.688,95.349,1.123,23.248,,,,,1
2026-10-05T16:00Z,2026-10-05T22:00Z,a4t:bkp58t,6,19.2,22.7,20.9,25.2,22.2,24,22.7,22.2,,,0,0.002,117.863,1.582,0.034,,21.8,0.18,5,278,24.48,96.502,0.837,355.727,,,,,1
2026-10-05T16:00Z,2026-10-06T04:00Z,a4t:bkp58t,12,18.9,21.9,20.9,25,22.6,24,21.9,22.6,,,0,0.002,867.993,2.803,0.115,,21.8,0.18,11,279,29.15,76.734,2.254,58.004,,,,,1
2026-10-05T16:00Z,2026-10-06T16:00Z,a4t:bkp58t,24,27.5,30.8,22.3,25.8,23.4,24,30.8,23.4,,,0,0.001,145.11,3.032,0.827,,21.8,0.18,23,279,24.66,97.502,1.788,321.333,,,,,1
2026-10-05T16:00Z,2026-10-07T16:00Z,a4t:bkp58t,48,28.9,30.9,20.2,22,23.1,24,30.9,23.1,,,0,0,90.992,2.288,0,,21.8,0.18,23,280,25.89,87.192,0.918,4.428,,,,,1
2026-10-05T16:00Z,2026-10-05T17:00Z,a4t:bkp59t,1,29.9,40,18.6,25.1,25.2,24,40,25.2,,,0,0.007,197.794,2.175,1.684,,25.2,0.288,0,278,24.939,96.096,0.888,53.078,,,,,1
2026-10-05T16:00Z,2026-10-05T19:00Z,a4t:bkp59t,3,27.6,36.5,19.9,26.9,25.3,24,36.5,25.3,,,0,0.003,132.19,1.649,1.672,,25.2,0.288,2,278,24.63,95.422,1.066,24.747,,,,,1
2026-10-05T16:00Z,2026-10-05T22:00Z,a4t:bkp59t,6,19.2,25,20.9,28.1,25.5,24,25,25.5,,,0,0.002,115.587,1.47,0.035,,25.2,0.288,5,278,24.466,96.518,0.779,358.26,,,,,1
2026-10-05T16:00Z,2026-10-06T04:00Z,a4t:bkp59t,12,18.9,23.9,20.9,27.8,25.9,24,23.9,25.9,,,0,0.003,891.018,2.654,0.106,,25.2,0.288,11,279,29.232,76.257,2.135,61.928,,,,,1
2026-10-05T16:00Z,2026-10-06T16:00Z,a4t:bkp59t,24,27.5,32.9,22.3,28.1,26.7,24,32.9,26.7,,,0,0.001,145.784,3.019,0.963,,25.2,0.288,23,279,24.627,97.518,1.836,319.301,,,,,1
2026-10-05T16:00Z,2026-10-07T16:00Z,a4t:bkp59t,48,28.9,32.2,20.2,23.2,26.2,24,32.2,26.2,,,0,0,87.447,2.116,0,,25.2,0.288,23,280,25.923,87.339,0.837,7.86,,,,,1
2026-10-05T16:00Z,2026-10-05T17:00Z,a4t:bkp60t,1,29.9,30.6,18.6,19,17.2,24,30.6,17.2,,,0,0.009,196.565,2.166,1.751,,17.1,0.022,0,278,24.914,96.139,0.89,50.341,,,,,1
2026-10-05T16:00Z,2026-10-05T19:00Z,a4t:bkp60t,3,27.6,28.2,19.9,20.4,17.3,24,28.2,17.3,,,0,0.004,132.79,1.656,1.759,,17.1,0.022,2,278,24.601,95.414,1.084,22.978,,,,,1
2026-10-05T16:00Z,2026-10-05T22:00Z,a4t:bkp60t,6,19.2,19.6,20.9,21.4,17.6,24,19.6,17.6,,,0,0.002,116.926,1.465,0.037,,17.1,0.022,5,278,24.451,96.512,0.776,357.728,,,,,1
2026-10-05T16:00Z,2026-10-06T04:00Z,a4t:bkp60t,12,18.9,19.2,20.9,21.4,18,24,19.2,18,,,0,0.003,889.35,2.631,0.107,,17.1,0.022,11,279,29.22,76.27,2.119,62.224,,,,,1
2026-10-05T16:00Z,2026-10-06T16:00Z,a4t:bkp60t,24,27.5,27.9,22.3,22.6,18.9,24,27.9,18.9,,,0,0.001,147.899,3.054,0.965,,17.1,0.022,23,279,24.615,97.512,1.864,318.974,,,,,1
2026-10-05T16:00Z,2026-10-07T16:00Z,a4t:bkp60t,48,28.9,29.1,20.2,20.4,18.9,24,29.1,18.9,,,0,0,88.788,2.151,0,,17.1,0.022,23,280,25.926,87.409,0.867,6.426,,,,,1
2026-10-05T16:00Z,2026-10-05T17:00Z,a4t:bkp61t,1,29.9,38.4,18.6,24.1,26,24,38.4,26,,,0,0.008,198.167,2.182,1.721,,26.1,0.248,0,278,24.935,96.117,0.903,49.617,,,,,1
2026-10-05T16:00Z,2026-10-05T19:00Z,a4t:bkp61t,3,27.6,35.1,19.9,25.8,26.1,24,35.1,26.1,,,0,0.004,135.132,1.686,1.738,,26.1,0.248,2,278,24.617,95.396,1.097,22.655,,,,,1
2026-10-05T16:00Z,2026-10-05T22:00Z,a4t:bkp61t,6,19.2,24.1,20.9,27,26.2,24,24.1,26.2,,,0,0.002,117.459,1.494,0.037,,26.1,0.248,5,278,24.455,96.507,0.791,357.079,,,,,1
2026-10-05T16:00Z,2026-10-06T04:00Z,a4t:bkp61t,12,18.9,23.1,20.9,26.7,26.3,24,23.1,26.3,,,0,0.003,883.502,2.669,0.11,,26.1,0.248,11,279,29.2,76.39,2.149,61.163,,,,,1
2026-10-05T16:00Z,2026-10-06T16:00Z,a4t:bkp61t,24,27.5,32.1,22.3,27.2,27,24,32.1,27,,,0,0.001,147.641,3.055,0.929,,26.1,0.248,23,279,24.625,97.507,1.85,319.529,,,,,1
2026-10-05T16:00Z,2026-10-07T16:00Z,a4t:bkp61t,48,28.9,31.8,20.2,22.7,26.1,24,31.8,26.1,,,0,0,89.673,2.195,0,,26.1,0.248,23,280,25.918,87.366,0.886,5.632,,,,,1
2026-10-05T16:00Z,2026-10-05T17:00Z,a4t:bkp62t,1,29.9,39.1,18.6,24.5,27,24,39.1,27,,,0,0.006,199.627,2.195,1.682,,27.1,0.265,0,278,24.956,96.09,0.91,49.775,,,,,1
2026-10-05T16:00Z,2026-10-05T19:00Z,a4t:bkp62t,3,27.6,35.7,19.9,26.3,27.1,24,35.7,27.1,,,0,0.004,136.685,1.706,1.701,,27.1,0.265,2,278,24.636,95.385,1.103,22.862,,,,,1
2026-10-05T16:00Z,2026-10-05T22:00Z,a4t:bkp62t,6,19.2,24.5,20.9,27.5,27.2,24,24.5,27.2,,,0,0.002,117.513,1.516,0.036,,27.1,0.265,5,278,24.462,96.506,0.802,356.749,,,,,1
2026-10-05T16:00Z,2026-10-06T04:00Z,a4t:bkp62t,12,18.9,23.5,20.9,27.2,27.2,24,23.5,27.2,,,0,0.002,879.683,2.702,0.111,,27.1,0.265,11,279,29.188,76.474,2.176,60.339,,,,,1
2026-10-05T16:00Z,2026-10-06T16:00Z,a4t:bkp62t,24,27.5,32.5,22.3,27.6,27.8,24,32.5,27.8,,,0,0.001,146.931,3.047,0.903,,27.1,0.265,23,279,24.634,97.506,1.833,320.001,,,,,1
2026-10-05T16:00Z,2026-10-07T16:00Z,a4t:bkp62t,48,28.9,32,20.2,22.9,26.8,24,32,26.8,,,0,0,89.967,2.217,0,,27.1,0.265,23,280,25.911,87.319,0.893,5.388,,,,,1
2026-10-05T16:00Z,2026-10-05T17:00Z,a4t:bkp63t,1,29.9,33.8,18.6,21.1,20.3,24,33.8,20.3,,,0,0.009,195.917,2.159,1.737,,20.3,0.122,0,278,24.911,96.133,0.878,52.569,,,,,1
2026-10-05T16:00Z,2026-10-05T19:00Z,a4t:bkp63t,3,27.6,31.1,19.9,22.6,20.4,24,31.1,20.4,,,0,0.004,130.475,1.627,1.725,,20.3,0.122,2,278,24.605,95.434,1.062,24.328,,,,,1
2026-10-05T16:00Z,2026-10-05T22:00Z,a4t:bkp63t,6,19.2,21.5,20.9,23.7,20.7,24,21.5,20.7,,,0,0.002,115.695,1.444,0.036,,20.3,0.122,5,278,24.456,96.52,0.765,358.597,,,,,1
2026-10-05T16:00Z,2026-10-06T04:00Z,a4t:bkp63t,12,18.9,20.9,20.9,23.6,21.1,24,20.9,21.1,,,0,0.003,895.256,2.613,0.105,,20.3,0.122,11,279,29.244,76.164,2.103,62.949,,,,,1
2026-10-05T16:00Z,2026-10-06T16:00Z,a4t:bkp63t,24,27.5,29.7,22.3,24.6,21.9,24,29.7,21.9,,,0,0.001,146.888,3.035,0.994,,20.3,0.122,23,279,24.614,97.52,1.86,318.659,,,,,1
2026-10-05T16:00Z,2026-10-07T16:00Z,a4t:bkp63t,48,28.9,30.3,20.2,21.4,21.6,24,30.3,21.6,,,0,0,87.227,2.092,0,,20.3,0.122,23,280,25.931,87.407,0.833,7.92,,,,,1
2026-10-05T16:00Z,2026-10-05T17:00Z,a4t:bkp64t,1,14.3,22,15,23.2,26.1,24,22,26.1,,,0,0.004,195.482,2.233,1.533,,26.2,0.416,0,278,24.946,96.019,0.886,67.802,,,,,1
2026-10-05T16:00Z,2026-10-05T19:00Z,a4t:bkp64t,3,12.2,18.5,15,23.2,26,24,18.5,26,,,0,0.002,118.891,1.511,1.391,,26.2,0.416,2,278,24.681,95.539,0.932,34.946,,,,,1
2026-10-05T16:00Z,2026-10-05T22:00Z,a4t:bkp64t,6,10.9,16.2,14.7,22.6,25.8,24,16.2,25.8,,,0,0.002,107.476,1.364,0.029,,26.2,0.416,5,278,24.508,96.568,0.728,3.935,,,,,1
2026-10-05T16:00Z,2026-10-06T04:00Z,a4t:bkp64t,12,12.6,17.8,14.3,21.6,25.3,24,17.8,25.3,,,0,0.002,925.114,2.581,0.089,,26.2,0.416,11,279,29.374,75.664,2.066,65.63,,,,,1
2026-10-05T16:00Z,2026-10-06T16:00Z,a4t:bkp64t,24,16.1,21,12.6,17.8,24.1,24,21,24.1,,,0,0.001,138.095,2.878,1.125,,26.2,0.416,23,279,24.632,97.568,1.786,317.829,,,,,1
2026-10-05T16:00Z,2026-10-07T16:00Z,a4t:bkp64t,48,22.6,26.5,14.4,17.6,24.2,24,26.5,24.2,,,0,0,77.498,1.797,0,,26.2,0.416,23,280,25.947,87.258,0.634,19.442,,,,,1
2026-10-05T16:00Z,2026-10-05T17:00Z,a4t:bkp65t,1,29.9,39.6,18.6,25,28.8,24,39.6,28.8,,,0,0.006,199.826,2.193,1.641,,28.9,0.284,0,278,24.966,96.064,0.902,52.514,,,,,1
2026-10-05T16:00Z,2026-10-05T19:00Z,a4t:bkp65t,3,27.6,36.2,19.9,26.7,28.8,24,36.2,28.8,,,0,0.003,134.871,1.683,1.638,,28.9,0.284,2,278,24.652,95.402,1.08,24.515,,,,,1
2026-10-05T16:00Z,2026-10-05T22:00Z,a4t:bkp65t,6,19.2,24.8,20.9,27.9,28.8,24,24.8,28.8,,,0,0.002,116.063,1.504,0.035,,28.9,0.284,5,278,24.472,96.513,0.797,357.557,,,,,1
2026-10-05T16:00Z,2026-10-06T04:00Z,a4t:bkp65t,12,18.9,23.7,20.9,27.6,28.7,24,23.7,28.7,,,0,0.002,884.326,2.701,0.108,,28.9,0.284,11,279,29.209,76.396,2.173,60.674,,,,,1
2026-10-05T16:00Z,2026-10-06T16:00Z,a4t:bkp65t,24,27.5,32.7,22.3,27.9,29.2,24,32.7,29.2,,,0,0.001,145.238,3.015,0.921,,28.9,0.284,23,279,24.639,97.513,1.816,320.021,,,,,1
2026-10-05T16:00Z,2026-10-07T16:00Z,a4t:bkp65t,48,28.9,32.1,20.2,23.1,28,24,32.1,28,,,0,0,88.355,2.164,0,,28.9,0.284,23,280,25.913,87.28,0.857,7.072,,,,,1
2026-10-05T16:00Z,2026-10-05T17:00Z,a4t:bkp66t,1,29.9,33.5,18.6,20.9,20.5,24,33.5,20.5,,,0,0.005,200.363,2.198,1.626,,20.5,0.111,0,278,24.974,96.053,0.905,52.615,,,,,1
2026-10-05T16:00Z,2026-10-05T19:00Z,a4t:bkp66t,3,27.6,30.8,19.9,22.4,20.6,24,30.8,20.6,,,0,0.003,135.396,1.689,1.624,,20.5,0.111,2,278,24.658,95.399,1.082,24.608,,,,,1
2026-10-05T16:00Z,2026-10-05T22:00Z,a4t:bkp66t,6,19.2,21.3,20.9,23.5,20.8,24,21.3,20.8,,,0,0.002,116.056,1.512,0.034,,20.5,0.111,5,278,24.475,96.513,0.801,357.453,,,,,1
2026-10-05T16:00Z,2026-10-06T04:00Z,a4t:bkp66t,12,18.9,20.7,20.9,23.4,21.2,24,20.7,21.2,,,0,0.002,883.028,2.713,0.109,,20.5,0.111,11,279,29.205,76.424,2.182,60.388,,,,,1
2026-10-05T16:00Z,2026-10-06T16:00Z,a4t:bkp66t,24,27.5,29.5,22.3,24.4,21.9,24,29.5,21.9,,,0,0.001,144.947,3.012,0.912,,20.5,0.111,23,279,24.643,97.513,1.809,320.204,,,,,1
2026-10-05T16:00Z,2026-10-07T16:00Z,a4t:bkp66t,48,28.9,30.1,20.2,21.3,21.6,24,30.1,21.6,,,0,0,88.44,2.171,0,,20.5,0.111,23,280,25.911,87.262,0.859,7.023,,,,,1
2026-10-05T16:00Z,2026-10-05T17:00Z,a4t:bkp67t,1,29.9,37.8,18.6,23.7,24,24,37.8,24,,,0,0.004,201.773,2.211,1.589,,24,0.232,0,278,24.994,96.027,0.913,52.77,,,,,1
2026-10-05T16:00Z,2026-10-05T19:00Z,a4t:bkp67t,3,27.6,34.6,19.9,25.4,24.1,24,34.6,24.1,,,0,0.003,136.863,1.708,1.588,,24,0.232,2,278,24.676,95.388,1.087,24.786,,,,,1
2026-10-05T16:00Z,2026-10-05T22:00Z,a4t:bkp67t,6,19.2,23.8,20.9,26.5,24.3,24,23.8,24.3,,,0,0.002,116.095,1.533,0.033,,24,0.232,5,278,24.481,96.511,0.812,357.149,,,,,1
2026-10-05T16:00Z,2026-10-06T04:00Z,a4t:bkp67t,12,18.9,22.8,20.9,26.3,24.6,24,22.8,24.6,,,0,0.002,879.403,2.746,0.11,,24,0.232,11,279,29.194,76.504,2.208,59.63,,,,,1
2026-10-05T16:00Z,2026-10-06T16:00Z,a4t:bkp67t,24,27.5,31.8,22.3,26.9,25.4,24,31.8,25.4,,,0,0.001,144.249,3.004,0.887,,24,0.232,23,279,24.652,97.511,1.793,320.685,,,,,1
2026-10-05T16:00Z,2026-10-07T16:00Z,a4t:bkp67t,48,28.9,31.6,20.2,22.5,24.8,24,31.6,24.8,,,0,0,88.729,2.193,0,,24,0.232,23,280,25.905,87.215,0.865,6.82,,,,,1
2026-10-05T16:00Z,2026-10-05T17:00Z,a4t:bkp69t,1,29.9,46.5,18.6,29.4,32.7,24,46.5,32.7,,,0,0.003,203.872,2.234,1.488,,32.8,0.439,0,278,25.032,95.957,0.92,56.644,,,,,1
2026-10-05T16:00Z,2026-10-05T19:00Z,a4t:bkp69t,3,27.6,42.2,19.9,31.4,32.7,24,42.2,32.7,,,0,0.002,136.193,1.701,1.461,,32.8,0.439,2,278,24.719,95.402,1.065,27.215,,,,,1
2026-10-05T16:00Z,2026-10-05T22:00Z,a4t:bkp69t,6,19.2,28.8,20.9,32.7,32.8,24,28.8,32.8,,,0,0.002,114.16,1.544,0.031,,32.8,0.439,5,278,24.502,96.517,0.817,357.896,,,,,1
2026-10-05T16:00Z,2026-10-06T04:00Z,a4t:bkp69t,12,18.9,27,20.9,32.2,32.8,24,27,32.8,,,0,0.002,881.174,2.786,0.108,,32.8,0.439,11,279,29.209,76.489,2.236,59.186,,,,,1
2026-10-05T16:00Z,2026-10-06T16:00Z,a4t:bkp69t,24,27.5,36.2,22.3,31.8,33.5,24,36.2,33.5,,,0,0.001,141.029,2.946,0.879,,32.8,0.439,23,279,24.672,97.517,1.745,321.462,,,,,1
2026-10-05T16:00Z,2026-10-07T16:00Z,a4t:bkp69t,48,28.9,34.1,20.2,24.9,32.3,24,34.1,32.3,,,0,0,86.997,2.154,0,,32.8,0.439,23,280,25.901,87.093,0.826,9.109,,,,,1
2026-10-05T16:00Z,2026-10-05T17:00Z,a4t:bkp70t,1,29.9,29.5,18.6,18.3,16.4,24,29.5,16.4,,,0,0.004,200.327,2.227,1.501,,16.3,-0.012,0,278,24.995,95.975,0.901,62.206,,,,,1
2026-10-05T16:00Z,2026-10-05T19:00Z,a4t:bkp70t,3,27.6,27.3,19.9,19.7,16.5,24,27.3,16.5,,,0,0.002,128.085,1.607,1.421,,16.3,-0.012,2,278,24.704,95.469,1,30.735,,,,,1
2026-10-05T16:00Z,2026-10-05T22:00Z,a4t:bkp70t,6,19.2,19,20.9,20.7,16.8,24,19,16.8,,,0,0.002,110.86,1.461,0.03,,16.3,-0.012,5,278,24.506,96.538,0.775,0.652,,,,,1
2026-10-05T16:00Z,2026-10-06T04:00Z,a4t:bkp70t,12,18.9,18.7,20.9,20.7,17.3,24,18.7,17.3,,,0,0.002,901.599,2.693,0.099,,16.3,-0.012,11,279,29.287,76.095,2.159,62.047,,,,,1
2026-10-05T16:00Z,2026-10-06T16:00Z,a4t:bkp70t,24,27.5,27.3,22.3,22,18.1,24,27.3,18.1,,,0,0.001,139.273,2.899,0.989,,16.3,-0.012,23,279,24.658,97.538,1.754,320.093,,,,,1
2026-10-05T16:00Z,2026-10-07T16:00Z,a4t:bkp70t,48,28.9,28.8,20.2,20,18.1,24,28.8,18.1,,,0,0,82.606,1.989,0,,16.3,-0.012,23,280,25.924,87.141,0.733,14.001,,,,,1
2026-10-05T16:00Z,2026-10-05T17:00Z,a4t:bkp71t,1,14.3,16.2,15,17,17.3,24,16.2,17.3,,,0,0.002,199.177,2.327,1.38,,17.3,0.121,0,278,25.007,95.904,0.948,72.821,,,,,1
2026-10-05T16:00Z,2026-10-05T19:00Z,a4t:bkp71t,3,12.2,13.8,15,17,17.3,24,13.8,17.3,,,0,0.002,118.404,1.523,1.206,,17.3,0.121,2,278,24.746,95.558,0.902,38.73,,,,,1
2026-10-05T16:00Z,2026-10-05T22:00Z,a4t:bkp71t,6,10.9,12.2,14.7,16.7,17.2,24,12.2,17.2,,,0,0.001,104.709,1.391,0.025,,17.3,0.121,5,278,24.539,96.57,0.74,4.995,,,,,1
2026-10-05T16:00Z,2026-10-06T04:00Z,a4t:bkp71t,12,12.6,13.9,14.3,16.1,17.1,24,13.9,17.1,,,0,0.002,926.214,2.649,0.087,,17.3,0.121,11,279,29.392,75.654,2.115,64.613,,,,,1
2026-10-05T16:00Z,2026-10-06T16:00Z,a4t:bkp71t,24,16.1,17.4,12.6,14,16.4,24,17.4,16.4,,,0,0.001,133.135,2.777,1.099,,17.3,0.121,23,279,24.667,97.57,1.704,319.442,,,,,1
2026-10-05T16:00Z,2026-10-07T16:00Z,a4t:bkp71t,48,22.6,23.7,14.4,15.3,16.8,24,23.7,16.8,,,0,0,75.41,1.799,0,,17.3,0.121,23,280,25.943,87.042,0.6,24.01,,,,,1
2026-10-05T16:00Z,2026-10-05T17:00Z,a4t:bkp72t,1,14.3,17.8,15,18.7,21.9,24,17.8,21.9,,,0,0.001,204.441,2.344,1.295,,22,0.212,0,278,25.068,95.822,0.972,70.767,,,,,1
2026-10-05T16:00Z,2026-10-05T19:00Z,a4t:bkp72t,3,12.2,15.1,15,18.7,21.8,24,15.1,21.8,,,0,0.001,125.196,1.591,1.157,,22,0.212,2,278,24.789,95.514,0.945,36.749,,,,,1
2026-10-05T16:00Z,2026-10-05T22:00Z,a4t:bkp72t,6,10.9,13.3,14.7,18.3,21.6,24,13.3,21.6,,,0,0.001,106.156,1.474,0.024,,22,0.212,5,278,24.551,96.545,0.78,2.901,,,,,1
2026-10-05T16:00Z,2026-10-06T04:00Z,a4t:bkp72t,12,12.6,15,14.3,17.6,21.1,24,15,21.1,,,0,0.002,908.687,2.764,0.094,,22,0.212,11,279,29.333,75.972,2.207,61.625,,,,,1
2026-10-05T16:00Z,2026-10-06T16:00Z,a4t:bkp72t,24,16.1,18.4,12.6,15.1,20,24,18.4,20,,,0,0.001,131.977,2.752,0.982,,22,0.212,23,279,24.702,97.545,1.645,322.062,,,,,1
2026-10-05T16:00Z,2026-10-07T16:00Z,a4t:bkp72t,48,22.6,24.5,14.4,15.9,20,24,24.5,20,,,0,0,78.557,1.937,0,,22,0.212,23,280,25.924,86.855,0.658,21.309,,,,,1
2026-10-05T16:00Z,2026-10-05T17:00Z,a4t:bkp73t,1,40.4,41.7,34,35.1,33.1,24,41.7,33.1,,,0,0.009,191.098,2.131,1.761,,33,0.031,0,278,24.863,96.172,0.837,58.935,,,,,1
2026-10-05T16:00Z,2026-10-05T19:00Z,a4t:bkp73t,3,32.8,33.8,34.3,35.4,33.1,24,33.8,33.1,,,0,0.003,120.859,1.515,1.682,,33,0.031,2,278,24.586,95.508,0.991,28.466,,,,,1
2026-10-05T16:00Z,2026-10-05T22:00Z,a4t:bkp73t,6,23.8,24.5,33.6,34.7,33.2,24,24.5,33.2,,,0,0.002,112,1.342,0.036,,33,0.031,5,278,24.46,96.551,0.716,1.994,,,,,1
2026-10-05T16:00Z,2026-10-06T04:00Z,a4t:bkp73t,12,13.2,13.5,29.6,30.5,32.5,24,13.5,32.5,,,0,0.003,919.832,2.504,0.094,,33,0.031,11,279,29.336,75.714,2.012,66.786,,,,,1
2026-10-05T16:00Z,2026-10-06T16:00Z,a4t:bkp73t,24,48.5,49.4,25.7,26.3,30.9,24,49.4,30.9,,,0,0.001,145.354,3.009,1.135,,33,0.031,23,279,24.59,97.551,1.888,316.495,,,,,1
2026-10-05T16:00Z,2026-10-07T16:00Z,a4t:bkp73t,48,32.4,32.8,21.3,21.6,27.5,24,32.8,27.5,,,0,0,81.786,1.873,0,,33,0.031,23,280,25.955,87.515,0.72,12.938,,,,,1
2026-10-05T16:00Z,2026-10-05T17:00Z,a4t:bkp74t,1,40.4,29.1,34,24.2,18.4,24,29.1,18.4,,,0,0.011,185.201,2.094,1.857,,18.2,-0.326,0,278,24.794,96.263,0.799,61.429,,,,,1
2026-10-05T16:00Z,2026-10-05T19:00Z,a4t:bkp74t,3,32.8,23.9,34.3,24.5,18.6,24,23.9,18.6,,,0,0.003,113.117,1.428,1.738,,18.2,-0.326,2,278,24.537,95.559,0.952,30.383,,,,,1
2026-10-05T16:00Z,2026-10-05T22:00Z,a4t:bkp74t,6,23.8,17.6,33.6,24.1,18.8,24,17.6,18.8,,,0,0.002,110.321,1.247,0.037,,18.2,-0.326,5,278,24.447,96.578,0.67,4.626,,,,,1
2026-10-05T16:00Z,2026-10-06T04:00Z,a4t:bkp74t,12,13.2,10,29.6,21.4,18.8,24,10,18.8,,,0,0.003,939.739,2.391,0.086,,18.2,-0.326,11,279,29.404,75.348,1.92,70.84,,,,,1
2026-10-05T16:00Z,2026-10-06T16:00Z,a4t:bkp74t,24,48.5,39.6,25.7,19.8,18.2,24,39.6,18.2,,,0,0.001,146.591,3.047,1.266,,18.2,-0.326,23,279,24.551,97.578,1.955,313.931,,,,,1
2026-10-05T16:00Z,2026-10-07T16:00Z,a4t:bkp74t,48,32.4,28.6,21.3,18.1,16.6,24,28.6,16.6,,,0,0,78.26,1.706,0,,18.2,-0.326,23,280,25.976,87.718,0.652,15.555,,,,,1
2026-10-05T16:00Z,2026-10-05T17:00Z,a4t:bkp75t,1,20.6,25.8,21.3,26.8,23.8,24,25.8,23.8,,,0,0.006,185.42,2.218,1.661,,23.7,0.22,0,278,24.838,96.167,0.844,73.316,,,,,1
2026-10-05T16:00Z,2026-10-05T19:00Z,a4t:bkp75t,3,15.6,19.4,21.1,26.6,23.9,24,19.4,23.9,,,0,0.002,105.124,1.383,1.433,,23.7,0.22,2,278,24.614,95.625,0.849,40.406,,,,,1
2026-10-05T16:00Z,2026-10-05T22:00Z,a4t:bkp75t,6,15.1,18.6,20.7,25.9,24,24,18.6,24,,,0,0.001,103.918,1.206,0.03,,23.7,0.22,5,278,24.494,96.627,0.654,9.064,,,,,1
2026-10-05T16:00Z,2026-10-06T04:00Z,a4t:bkp75t,12,9,10.9,17.9,22.4,23.5,24,10.9,23.5,,,0,0.003,961.027,2.388,0.075,,23.7,0.22,11,279,29.498,75.046,1.908,72.328,,,,,1
2026-10-05T16:00Z,2026-10-06T16:00Z,a4t:bkp75t,24,25.3,29.1,13.9,16.7,21.7,24,29.1,21.7,,,0,0.001,139.426,2.949,1.363,,23.7,0.22,23,279,24.565,97.627,1.904,312.781,,,,,1
2026-10-05T16:00Z,2026-10-07T16:00Z,a4t:bkp75t,48,21.8,23.7,14.6,16.3,21.1,24,23.7,21.1,,,0,0,70.203,1.488,0,,23.7,0.22,23,280,25.979,87.623,0.499,26.111,,,,,1
2026-10-05T16:00Z,2026-10-05T17:00Z,a4t:bkp77t,1,20.6,19.2,21.3,19.9,16.4,24,19.2,16.4,,,0,0.003,191.967,2.349,1.452,,16.3,-0.067,0,278,24.933,95.999,0.938,77.739,,,,,1
2026-10-05T16:00Z,2026-10-05T19:00Z,a4t:bkp77t,3,15.6,14.6,21.1,19.7,16.5,24,14.6,16.5,,,0,0.001,107.602,1.434,1.205,,16.3,-0.067,2,278,24.706,95.628,0.828,43.821,,,,,1
2026-10-05T16:00Z,2026-10-05T22:00Z,a4t:bkp77t,6,15.1,14.2,20.7,19.3,16.6,24,14.2,16.6,,,0,0.001,101.452,1.273,0.026,,16.3,-0.067,5,278,24.534,96.617,0.686,9.066,,,,,1
2026-10-05T16:00Z,2026-10-06T04:00Z,a4t:bkp77t,12,9,8.5,17.9,16.8,16.4,24,8.5,16.4,,,0,0.003,954.396,2.502,0.075,,16.3,-0.067,11,279,29.492,75.173,1.994,69.324,,,,,1
2026-10-05T16:00Z,2026-10-06T16:00Z,a4t:bkp77t,24,25.3,24.3,13.9,13.1,15.2,24,24.3,15.2,,,0,0.001,133.311,2.809,1.28,,16.3,-0.067,23,279,24.621,97.617,1.781,315.538,,,,,1
2026-10-05T16:00Z,2026-10-07T16:00Z,a4t:bkp77t,48,21.8,21.2,14.6,14.1,14.9,24,21.2,14.9,,,0,0,69.323,1.571,0,,16.3,-0.067,23,280,25.966,87.291,0.493,30.497,,,,,1
2026-10-05T16:00Z,2026-10-05T17:00Z,a4t:bkp78t,1,14.3,18.9,15,19.9,21.7,24,18.9,21.7,,,0,0.001,199.113,2.745,1.092,,21.8,0.269,0,278,25.056,95.72,1.205,90.093,,,,,1
2026-10-05T16:00Z,2026-10-05T19:00Z,a4t:bkp78t,3,12.2,16,15,19.9,21.7,24,16,21.7,,,0,0.001,101.266,1.476,0.739,,21.8,0.269,2,278,24.852,95.724,0.725,56.044,,,,,1
2026-10-05T16:00Z,2026-10-05T22:00Z,a4t:bkp78t,6,10.9,14.1,14.7,19.4,21.5,24,14.1,21.5,,,0,0.001,92.572,1.308,0.016,,21.8,0.269,5,278,24.613,96.626,0.7,14.074,,,,,1
2026-10-05T16:00Z,2026-10-06T04:00Z,a4t:bkp78t,12,12.6,15.8,14.3,18.7,21.2,24,15.8,21.2,,,0,0.002,969.641,2.618,0.065,,21.8,0.269,11,279,29.584,74.876,2.071,68.729,,,,,1
2026-10-05T16:00Z,2026-10-06T16:00Z,a4t:bkp78t,24,16.1,19.1,12.6,15.8,20.2,24,19.1,20.2,,,0,0.001,119.875,2.511,1.277,,21.8,0.269,23,279,24.702,97.626,1.574,319.183,,,,,1
2026-10-05T16:00Z,2026-10-07T16:00Z,a4t:bkp78t,48,22.6,25.1,14.4,16.4,20.5,24,25.1,20.5,,,0,0,61.884,1.673,0,,21.8,0.269,23,280,25.974,86.752,0.486,47.96,,,,,1
2026-10-05T16:00Z,2026-10-05T17:00Z,a4t:bkp79t,1,20.6,20.9,21.3,21.6,17.2,24,20.9,17.2,,,0,0.002,191.503,2.492,1.348,,17.1,0.014,0,278,24.95,95.945,1.022,84.147,,,,,1
2026-10-05T16:00Z,2026-10-05T19:00Z,a4t:bkp79t,3,15.6,15.8,21.1,21.4,17.4,24,15.8,17.4,,,0,0.001,101.424,1.422,1.029,,17.1,0.014,2,278,24.745,95.682,0.761,50.429,,,,,1
2026-10-05T16:00Z,2026-10-05T22:00Z,a4t:bkp79t,6,15.1,15.3,20.7,21,17.5,24,15.3,17.5,,,0,0.001,97.158,1.241,0.022,,17.1,0.014,5,278,24.561,96.646,0.671,12.452,,,,,1
2026-10-05T16:00Z,2026-10-06T04:00Z,a4t:bkp79t,12,9,9.1,17.9,18.2,17.3,24,9.1,17.3,,,0,0.003,970.442,2.487,0.067,,17.1,0.014,11,279,29.561,74.912,1.976,70.87,,,,,1
2026-10-05T16:00Z,2026-10-06T16:00Z,a4t:bkp79t,24,25.3,25.5,13.9,14.1,16.1,24,25.5,16.1,,,0,0.001,128.836,2.736,1.354,,17.1,0.014,23,279,24.628,97.646,1.748,314.772,,,,,1
2026-10-05T16:00Z,2026-10-07T16:00Z,a4t:bkp79t,48,21.8,21.9,14.6,14.7,15.9,24,21.9,15.9,,,0,0,64.065,1.49,0,,17.1,0.014,23,280,25.974,87.231,0.425,39.607,,,,,1
2026-10-05T16:00Z,2026-10-05T17:00Z,a4t:bkp80t,1,20.6,22.6,21.3,23.4,20.6,24,22.6,20.6,,,0,0.001,186.217,3.019,1.101,,20.5,0.092,0,278,24.961,95.868,1.328,98.846,,,,,1
2026-10-05T16:00Z,2026-10-05T19:00Z,a4t:bkp80t,3,15.6,17.1,21.1,23.3,20.7,24,17.1,20.7,,,0,0.001,80.4,1.487,0.554,,20.5,0.092,2,278,24.833,95.843,0.563,70.112,,,,,1
2026-10-05T16:00Z,2026-10-05T22:00Z,a4t:bkp80t,6,15.1,16.5,20.7,22.7,20.7,24,16.5,20.7,,,0,0.001,84.583,1.132,0.012,,20.5,0.092,5,278,24.63,96.758,0.621,24.585,,,,,1
2026-10-05T16:00Z,2026-10-06T04:00Z,a4t:bkp80t,12,9,9.7,17.9,19.7,20.3,24,9.7,20.3,,,0,0.003,1025.882,2.395,0.04,,20.5,0.092,11,279,29.787,74.055,1.883,77.401,,,,,1
2026-10-05T16:00Z,2026-10-06T16:00Z,a4t:bkp80t,24,25.3,26.8,13.9,15,18.8,24,26.8,18.8,,,0,0.001,117.749,2.619,1.647,,20.5,0.092,23,279,24.614,97.758,1.73,309.647,,,,,1
2026-10-05T16:00Z,2026-10-07T16:00Z,a4t:bkp80t,48,21.8,22.6,14.6,15.3,18.3,24,22.6,18.3,,,0,0,46.769,1.389,0,,20.5,0.092,23,280,25.997,87.271,0.376,71.367,,,,,1
2026-10-05T16:00Z,2026-10-05T17:00Z,a4t:bkp81t,1,14.3,22.1,15,23.3,26.6,24,22.1,26.6,,,0,0.002,202.128,2.347,1.323,,26.7,0.421,0,278,25.042,95.851,0.968,72.417,,,,,1
2026-10-05T16:00Z,2026-10-05T19:00Z,a4t:bkp81t,3,12.2,18.6,15,23.3,26.5,24,18.6,26.5,,,0,0.001,121.543,1.555,1.163,,26.7,0.421,2,278,24.774,95.54,0.919,38.183,,,,,1
2026-10-05T16:00Z,2026-10-05T22:00Z,a4t:bkp81t,6,10.9,16.3,14.7,22.7,26.3,24,16.3,26.3,,,0,0.001,105.064,1.433,0.025,,26.7,0.421,5,278,24.548,96.558,0.76,4.115,,,,,1
2026-10-05T16:00Z,2026-10-06T04:00Z,a4t:bkp81t,12,12.6,17.9,14.3,21.7,25.7,24,17.9,25.7,,,0,0.002,918.048,2.711,0.09,,26.7,0.421,11,279,29.366,75.8,2.164,63.075,,,,,1
2026-10-05T16:00Z,2026-10-06T16:00Z,a4t:bkp81t,24,16.1,21.1,12.6,17.9,24.5,24,21.1,24.5,,,0,0.001,131.988,2.751,1.04,,26.7,0.421,23,279,24.688,97.558,1.665,320.935,,,,,1
2026-10-05T16:00Z,2026-10-07T16:00Z,a4t:bkp81t,48,22.6,26.6,14.4,17.7,24.6,24,26.6,24.6,,,0,0,76.698,1.867,0,,26.7,0.421,23,280,25.934,86.924,0.625,23.273,,,,,1
2026-10-05T16:00Z,2026-10-05T17:00Z,a4t:bkp82t,1,29.9,29.4,18.6,18.2,17.7,24,29.4,17.7,,,0,0.005,202.194,2.232,1.667,,17.7,-0.018,0,278,24.985,96.078,0.945,45.804,,,,,1
2026-10-05T16:00Z,2026-10-05T19:00Z,a4t:bkp82t,3,27.6,27.1,19.9,19.6,17.8,24,27.1,17.8,,,0,0.003,142.698,1.786,1.723,,17.7,-0.018,2,278,24.649,95.333,1.149,20.825,,,,,1
2026-10-05T16:00Z,2026-10-05T22:00Z,a4t:bkp82t,6,19.2,18.9,20.9,20.5,18,24,18.9,18,,,0,0.002,119.925,1.581,0.036,,17.7,-0.018,5,278,24.46,96.494,0.836,354.873,,,,,1
2026-10-05T16:00Z,2026-10-06T04:00Z,a4t:bkp82t,12,18.9,18.6,20.9,20.5,18.3,24,18.6,18.3,,,0,0.002,864.676,2.773,0.117,,17.7,-0.018,11,279,29.13,76.774,2.234,58.203,,,,,1
2026-10-05T16:00Z,2026-10-06T16:00Z,a4t:bkp82t,24,27.5,27.2,22.3,21.9,19,24,27.2,19,,,0,0.001,148.221,3.086,0.825,,17.7,-0.018,23,279,24.644,97.494,1.83,320.822,,,,,1
2026-10-05T16:00Z,2026-10-07T16:00Z,a4t:bkp82t,48,28.9,28.7,20.2,20,18.7,24,28.7,18.7,,,0,0,93.035,2.349,0,,17.7,-0.018,23,280,25.893,87.295,0.965,2.339,,,,,1
2026-10-05T16:00Z,2026-10-05T17:00Z,a4t:bkp83t,1,29.9,27.3,18.6,16.9,16.2,24,27.3,16.2,,,0,0.006,200.97,2.208,1.651,,16.2,-0.089,0,278,24.975,96.068,0.919,49.489,,,,,1
2026-10-05T16:00Z,2026-10-05T19:00Z,a4t:bkp83t,3,27.6,25.3,19.9,18.2,16.3,24,25.3,16.3,,,0,0.003,138.44,1.729,1.675,,16.2,-0.089,2,278,24.651,95.371,1.111,22.801,,,,,1
2026-10-05T16:00Z,2026-10-05T22:00Z,a4t:bkp83t,6,19.2,17.7,20.9,19.1,16.5,24,17.7,16.5,,,0,0.002,117.794,1.539,0.035,,16.2,-0.089,5,278,24.467,96.504,0.814,356.318,,,,,1
2026-10-05T16:00Z,2026-10-06T04:00Z,a4t:bkp83t,12,18.9,17.6,20.9,19.2,16.8,24,17.6,16.8,,,0,0.002,875.342,2.735,0.113,,16.2,-0.089,11,279,29.173,76.567,2.201,59.524,,,,,1
2026-10-05T16:00Z,2026-10-06T16:00Z,a4t:bkp83t,24,27.5,26,22.3,20.7,17.5,24,26,17.5,,,0,0.001,146.533,3.046,0.876,,16.2,-0.089,23,279,24.642,97.504,1.82,320.436,,,,,1
2026-10-05T16:00Z,2026-10-07T16:00Z,a4t:bkp83t,48,28.9,27.9,20.2,19.3,17.3,24,27.9,17.3,,,0,0,90.492,2.247,0,,16.2,-0.089,23,280,25.904,87.282,0.905,4.891,,,,,1
2026-10-05T16:00Z,2026-10-05T17:00Z,a4t:bkp84t,1,29.9,40.3,18.6,25.3,26.9,24,40.3,26.9,,,0,0.007,200.459,2.229,1.744,,26.9,0.296,0,278,24.953,96.127,0.952,43.503,,,,,1
2026-10-05T16:00Z,2026-10-05T19:00Z,a4t:bkp84t,3,27.6,36.8,19.9,27.1,26.9,24,36.8,26.9,,,0,0.004,142.389,1.785,1.816,,26.9,0.296,2,278,24.615,95.332,1.161,19.345,,,,,1
2026-10-05T16:00Z,2026-10-05T22:00Z,a4t:bkp84t,6,19.2,25.2,20.9,28.3,27.1,24,25.2,27.1,,,0,0.002,121.002,1.566,0.038,,26.9,0.296,5,278,24.444,96.488,0.828,354.617,,,,,1
2026-10-05T16:00Z,2026-10-06T04:00Z,a4t:bkp84t,12,18.9,24.1,20.9,28,27.2,24,24.1,27.2,,,0,0.002,865.236,2.736,0.118,,26.9,0.296,11,279,29.126,76.738,2.207,58.825,,,,,1
2026-10-05T16:00Z,2026-10-06T16:00Z,a4t:bkp84t,24,27.5,33.1,22.3,28.3,28,24,33.1,28,,,0,0.001,150.318,3.117,0.838,,26.9,0.296,23,279,24.63,97.488,1.86,320.354,,,,,1
2026-10-05T16:00Z,2026-10-07T16:00Z,a4t:bkp84t,48,28.9,32.3,20.2,23.3,27.2,24,32.3,27.2,,,0,0,94.039,2.372,0,,26.9,0.296,23,280,25.899,87.372,0.988,1.511,,,,,1
2026-10-05T16:00Z,2026-10-05T17:00Z,a4t:bkp85t,1,29.9,35.4,18.6,22.1,21,24,35.4,21,,,0,0.009,198.179,2.205,1.8,,21,0.167,0,278,24.92,96.163,0.937,43.868,,,,,1
2026-10-05T16:00Z,2026-10-05T19:00Z,a4t:bkp85t,3,27.6,32.5,19.9,23.7,21.2,24,32.5,21.2,,,0,0.004,139.377,1.745,1.865,,21,0.167,2,278,24.588,95.356,1.147,19.282,,,,,1
2026-10-05T16:00Z,2026-10-05T22:00Z,a4t:bkp85t,6,19.2,22.4,20.9,24.8,21.4,24,22.4,21.4,,,0,0.002,120.548,1.526,0.039,,21,0.167,5,278,24.436,96.49,0.806,355.325,,,,,1
2026-10-05T16:00Z,2026-10-06T04:00Z,a4t:bkp85t,12,18.9,21.7,20.9,24.7,21.9,24,21.7,21.9,,,0,0.003,872.602,2.68,0.115,,21,0.167,11,279,29.151,76.574,2.163,60.251,,,,,1
2026-10-05T16:00Z,2026-10-06T16:00Z,a4t:bkp85t,24,27.5,30.5,22.3,25.5,22.8,24,30.5,22.8,,,0,0.001,151.024,3.117,0.883,,21,0.167,23,279,24.617,97.49,1.881,319.705,,,,,1
2026-10-05T16:00Z,2026-10-07T16:00Z,a4t:bkp85t,48,28.9,30.8,20.2,21.8,22.5,24,30.8,22.5,,,0,0,93.253,2.324,0,,21,0.167,23,280,25.912,87.431,0.967,2.356,,,,,1
2026-10-05T16:00Z,2026-10-05T17:00Z,a4t:bkp86t,1,29.9,30.2,18.6,18.8,18.1,24,30.2,18.1,,,0,0.013,197.104,2.284,1.969,,18.1,0.01,0,278,24.877,96.261,1.024,34.362,,,,,1
2026-10-05T16:00Z,2026-10-05T19:00Z,a4t:bkp86t,3,27.6,27.9,19.9,20.2,18.2,24,27.9,18.2,,,0,0.006,145.282,1.84,2.116,,18.1,0.01,2,278,24.52,95.301,1.228,13.741,,,,,1
2026-10-05T16:00Z,2026-10-05T22:00Z,a4t:bkp86t,6,19.2,19.4,20.9,21.2,18.4,24,19.4,18.4,,,0,0.003,125.749,1.565,0.045,,18.1,0.01,5,278,24.396,96.459,0.823,352.78,,,,,1
2026-10-05T16:00Z,2026-10-06T04:00Z,a4t:bkp86t,12,18.9,19.1,20.9,21.1,18.8,24,19.1,18.8,,,0,0.003,857.137,2.675,0.124,,18.1,0.01,11,279,29.08,76.808,2.165,59.431,,,,,1
2026-10-05T16:00Z,2026-10-06T16:00Z,a4t:bkp86t,24,27.5,27.7,22.3,22.5,19.5,24,27.7,19.5,,,0,0.001,157.302,3.222,0.823,,18.1,0.01,23,279,24.597,97.459,1.942,319.794,,,,,1
2026-10-05T16:00Z,2026-10-07T16:00Z,a4t:bkp86t,48,28.9,29,20.2,20.3,19.2,24,29,19.2,,,0,0,99.266,2.546,0,,18.1,0.01,23,280,25.909,87.564,1.104,357.96,,,,,1
2026-10-05T16:00Z,2026-10-05T17:00Z,a4t:bkp87t,1,29.9,34.1,18.6,21.3,21.2,24,34.1,21.2,,,0,0.01,200.09,2.482,2.036,,21.2,0.131,0,278,24.895,96.301,1.178,24.986,,,,,1
2026-10-05T16:00Z,2026-10-05T19:00Z,a4t:bkp87t,3,27.6,31.3,19.9,22.9,21.3,24,31.3,21.3,,,0,0.006,157.313,2.034,2.278,,21.2,0.131,2,278,24.505,95.191,1.34,9.211,,,,,1
2026-10-05T16:00Z,2026-10-05T22:00Z,a4t:bkp87t,6,19.2,21.7,20.9,23.9,21.5,24,21.7,21.5,,,0,0.003,132.118,1.688,0.048,,21.2,0.131,5,278,24.372,96.429,0.888,349.104,,,,,1
2026-10-05T16:00Z,2026-10-06T04:00Z,a4t:bkp87t,12,18.9,21,20.9,23.8,21.8,24,21,21.8,,,0,0.003,826.949,2.778,0.138,,21.2,0.131,11,279,28.956,77.387,2.254,55.855,,,,,1
2026-10-05T16:00Z,2026-10-06T16:00Z,a4t:bkp87t,24,27.5,29.9,22.3,24.8,22.6,24,29.9,22.6,,,0,0.001,162.704,3.347,0.679,,21.2,0.131,23,279,24.597,97.429,1.977,320.697,,,,,1
2026-10-05T16:00Z,2026-10-07T16:00Z,a4t:bkp87t,48,28.9,30.4,20.2,21.5,22.2,24,30.4,22.2,,,0,0,106.775,2.883,0,,21.2,0.131,23,280,25.878,87.623,1.292,352.56,,,,,1
2026-10-05T16:00Z,2026-10-05T17:00Z,a4t:bkp88t,1,29.9,33.2,18.6,20.7,20.1,24,33.2,20.1,,,0,0.007,201.372,2.261,1.761,,20.1,0.105,0,278,24.96,96.137,0.981,40.448,,,,,1
2026-10-05T16:00Z,2026-10-05T19:00Z,a4t:bkp88t,3,27.6,30.6,19.9,22.2,20.2,24,30.6,20.2,,,0,0.004,145.885,1.835,1.86,,20.1,0.105,2,278,24.612,95.3,1.193,17.784,,,,,1
2026-10-05T16:00Z,2026-10-05T22:00Z,a4t:bkp88t,6,19.2,21.2,20.9,23.3,20.5,24,21.2,20.5,,,0,0.002,122.813,1.6,0.039,,20.1,0.105,5,278,24.438,96.48,0.846,353.46,,,,,1
2026-10-05T16:00Z,2026-10-06T04:00Z,a4t:bkp88t,12,18.9,20.6,20.9,23.2,20.8,24,20.6,20.8,,,0,0.002,856.478,2.767,0.122,,20.1,0.105,11,279,29.091,76.908,2.233,57.77,,,,,1
2026-10-05T16:00Z,2026-10-06T16:00Z,a4t:bkp88t,24,27.5,29.4,22.3,24.2,21.6,24,29.4,21.6,,,0,0.001,151.82,3.153,0.796,,20.1,0.105,23,279,24.63,97.48,1.87,320.629,,,,,1
2026-10-05T16:00Z,2026-10-07T16:00Z,a4t:bkp88t,48,28.9,30.1,20.2,21.2,21.3,24,30.1,21.3,,,0,0,96.174,2.461,0,,20.1,0.105,23,280,25.89,87.387,1.04,359.559,,,,,1
2026-10-05T16:00Z,2026-10-05T17:00Z,a4t:bkp89t,1,29.9,31.5,18.6,19.6,20.4,24,31.5,20.4,,,0,0.007,202.909,2.523,1.952,,20.4,0.052,0,278,24.942,96.261,1.197,24.697,,,,,1
2026-10-05T16:00Z,2026-10-05T19:00Z,a4t:bkp89t,3,27.6,29,19.9,21,20.4,24,29,20.4,,,0,0.005,161.643,2.093,2.198,,20.4,0.052,2,278,24.547,95.15,1.36,9.767,,,,,1
2026-10-05T16:00Z,2026-10-05T22:00Z,a4t:bkp89t,6,19.2,20.1,20.9,22.1,20.6,24,20.1,20.6,,,0,0.003,132.826,1.745,0.046,,20.4,0.052,5,278,24.386,96.436,0.923,348.236,,,,,1
2026-10-05T16:00Z,2026-10-06T04:00Z,a4t:bkp89t,12,18.9,19.7,20.9,22,20.8,24,19.7,20.8,,,0,0.003,816.816,2.859,0.141,,20.4,0.052,11,279,28.92,77.647,2.317,53.932,,,,,1
2026-10-05T16:00Z,2026-10-06T16:00Z,a4t:bkp89t,24,27.5,28.4,22.3,23.2,21.4,24,28.4,21.4,,,0,0.001,161.973,3.37,0.625,,20.4,0.052,23,279,24.61,97.436,1.962,321.023,,,,,1
2026-10-05T16:00Z,2026-10-07T16:00Z,a4t:bkp89t,48,28.9,29.5,20.2,20.7,20.8,24,29.5,20.8,,,0,0,107.426,2.944,0,,20.4,0.052,23,280,25.855,87.587,1.325,351.087,,,,,1
2026-10-05T16:00Z,2026-10-05T17:00Z,a4t:bkp90t,1,29.9,35.4,18.6,22.1,21.9,24,35.4,21.9,,,0,0.003,207.311,2.45,1.72,,21.9,0.167,0,278,25.034,96.132,1.121,30.718,,,,,1
2026-10-05T16:00Z,2026-10-05T19:00Z,a4t:bkp90t,3,27.6,32.5,19.9,23.7,22,24,32.5,22,,,0,0.003,162.128,2.077,1.906,,21.9,0.167,2,278,24.649,95.147,1.322,13.855,,,,,1
2026-10-05T16:00Z,2026-10-05T22:00Z,a4t:bkp90t,6,19.2,22.4,20.9,24.8,22.2,24,22.4,22.2,,,0,0.003,129.525,1.779,0.04,,21.9,0.167,5,278,24.433,96.465,0.947,348.962,,,,,1
2026-10-05T16:00Z,2026-10-06T04:00Z,a4t:bkp90t,12,18.9,21.7,20.9,24.7,22.6,24,21.7,22.6,,,0,0.002,816.8,2.963,0.139,,21.9,0.167,11,279,28.935,77.762,2.394,52.412,,,,,1
2026-10-05T16:00Z,2026-10-06T16:00Z,a4t:bkp90t,24,27.5,30.5,22.3,25.5,23.4,24,30.5,23.4,,,0,0,156.008,3.304,0.605,,21.9,0.167,23,279,24.644,97.465,1.89,321.605,,,,,1
2026-10-05T16:00Z,2026-10-07T16:00Z,a4t:bkp90t,48,28.9,30.8,20.2,21.8,23,24,30.8,23,,,0,0,103.631,2.826,0,,21.9,0.167,23,280,25.832,87.419,1.25,352.011,,,,,1
2026-10-05T16:00Z,2026-10-05T17:00Z,a4t:bkp91t,1,29.9,28.2,18.6,17.5,16.8,24,28.2,16.8,,,0,0.003,206.183,2.257,1.521,,16.8,-0.059,0,278,25.05,95.981,0.952,49.027,,,,,1
2026-10-05T16:00Z,2026-10-05T19:00Z,a4t:bkp91t,3,27.6,26.1,19.9,18.8,16.9,24,26.1,16.9,,,0,0.002,144.872,1.813,1.558,,16.8,-0.059,2,278,24.714,95.321,1.143,22.993,,,,,1
2026-10-05T16:00Z,2026-10-05T22:00Z,a4t:bkp91t,6,19.2,18.2,20.9,19.7,17.1,24,18.2,17.1,,,0,0.002,118.553,1.626,0.033,,16.8,-0.059,5,278,24.488,96.499,0.861,354.894,,,,,1
2026-10-05T16:00Z,2026-10-06T04:00Z,a4t:bkp91t,12,18.9,18,20.9,19.8,17.4,24,18,17.4,,,0,0.002,859.569,2.864,0.118,,16.8,-0.059,11,279,29.121,76.917,2.303,56.575,,,,,1
2026-10-05T16:00Z,2026-10-06T16:00Z,a4t:bkp91t,24,27.5,26.5,22.3,21.2,18.1,24,26.5,18.1,,,0,0.001,144.616,3.038,0.777,,16.8,-0.059,23,279,24.674,97.499,1.769,322.032,,,,,1
2026-10-05T16:00Z,2026-10-07T16:00Z,a4t:bkp91t,48,28.9,28.3,20.2,19.6,17.9,24,28.3,17.9,,,0,0,92.06,2.345,0,,16.8,-0.059,23,280,25.877,87.136,0.944,3.269,,,,,1
2026-10-05T16:00Z,2026-10-05T17:00Z,a4t:bkp92t,1,29.9,36.7,18.6,23,22.6,24,36.7,22.6,,,0,0.009,197.696,2.186,1.771,,22.6,0.203,0,278,24.921,96.147,0.915,46.818,,,,,1
2026-10-05T16:00Z,2026-10-05T19:00Z,a4t:bkp92t,3,27.6,33.6,19.9,24.6,22.7,24,33.6,22.7,,,0,0.004,136.634,1.707,1.811,,22.6,0.203,2,278,24.597,95.381,1.119,20.949,,,,,1
2026-10-05T16:00Z,2026-10-05T22:00Z,a4t:bkp92t,6,19.2,23.2,20.9,25.8,23,24,23.2,23,,,0,0.002,118.907,1.502,0.038,,22.6,0.203,5,278,24.444,96.5,0.794,356.345,,,,,1
2026-10-05T16:00Z,2026-10-06T04:00Z,a4t:bkp92t,12,18.9,22.3,20.9,25.5,23.3,24,22.3,23.3,,,0,0.003,879.585,2.663,0.112,,22.6,0.203,11,279,29.181,76.449,2.147,61.004,,,,,1
2026-10-05T16:00Z,2026-10-06T16:00Z,a4t:bkp92t,24,27.5,31.2,22.3,26.2,24.2,24,31.2,24.2,,,0,0.001,149.477,3.087,0.916,,22.6,0.203,23,279,24.618,97.5,1.87,319.466,,,,,1
2026-10-05T16:00Z,2026-10-07T16:00Z,a4t:bkp92t,48,28.9,31.2,20.2,22.2,23.8,24,31.2,23.8,,,0,0,91.28,2.248,0,,22.6,0.203,23,280,25.917,87.412,0.922,4.114,,,,,1
2026-10-05T16:00Z,2026-10-05T17:00Z,a4t:bkp93t,1,29.9,32.2,18.6,20.1,18.3,24,32.2,18.3,,,0,0.006,196.035,2.181,1.623,,18.2,0.074,0,278,24.934,96.068,0.869,60.588,,,,,1
2026-10-05T16:00Z,2026-10-05T19:00Z,a4t:bkp93t,3,27.6,29.7,19.9,21.5,18.4,24,29.7,18.4,,,0,0.003,124.842,1.565,1.544,,18.2,0.074,2,278,24.649,95.486,0.996,29.635,,,,,1
2026-10-05T16:00Z,2026-10-05T22:00Z,a4t:bkp93t,6,19.2,20.6,20.9,22.6,18.7,24,20.6,18.7,,,0,0.002,111.462,1.406,0.033,,18.2,0.074,5,278,24.484,96.544,0.748,1.19,,,,,1
2026-10-05T16:00Z,2026-10-06T04:00Z,a4t:bkp93t,12,18.9,20.1,20.9,22.5,19.2,24,20.1,19.2,,,0,0.003,909.8,2.603,0.097,,18.2,0.074,11,279,29.309,75.924,2.089,64.128,,,,,1
2026-10-05T16:00Z,2026-10-06T16:00Z,a4t:bkp93t,24,27.5,28.8,22.3,23.6,20.1,24,28.8,20.1,,,0,0.001,142.18,2.951,1.056,,18.2,0.074,23,279,24.626,97.544,1.818,318.371,,,,,1
2026-10-05T16:00Z,2026-10-07T16:00Z,a4t:bkp93t,48,28.9,29.7,20.2,20.9,20,24,29.7,20,,,0,0,82.288,1.936,0,,18.2,0.074,23,280,25.938,87.318,0.728,13.379,,,,,1
2026-10-05T16:00Z,2026-10-05T17:00Z,a4t:bkp94t,1,29.9,40.4,18.6,25.4,26.3,24,40.4,26.3,,,0,0.003,201.409,2.237,1.476,,26.3,0.299,0,278,25.01,95.955,0.909,62.255,,,,,1
2026-10-05T16:00Z,2026-10-05T19:00Z,a4t:bkp94t,3,27.6,36.9,19.9,27.2,26.4,24,36.9,26.4,,,0,0.002,129.17,1.62,1.398,,26.3,0.299,2,278,24.716,95.462,1.005,30.764,,,,,1
2026-10-05T16:00Z,2026-10-05T22:00Z,a4t:bkp94t,6,19.2,25.3,20.9,28.4,26.6,24,25.3,26.6,,,0,0.002,110.9,1.476,0.029,,26.3,0.299,5,278,24.511,96.535,0.782,0.404,,,,,1
2026-10-05T16:00Z,2026-10-06T04:00Z,a4t:bkp94t,12,18.9,24.1,20.9,28.1,26.8,24,24.1,26.8,,,0,0.002,898.849,2.717,0.1,,26.3,0.299,11,279,29.278,76.15,2.177,61.486,,,,,1
2026-10-05T16:00Z,2026-10-06T16:00Z,a4t:bkp94t,24,27.5,33.2,22.3,28.4,27.6,24,33.2,27.6,,,0,0.001,138.751,2.891,0.969,,26.3,0.299,23,279,24.665,97.535,1.74,320.544,,,,,1
2026-10-05T16:00Z,2026-10-07T16:00Z,a4t:bkp94t,48,28.9,32.4,20.2,23.3,26.9,24,32.4,26.9,,,0,0,82.907,2.008,0,,26.3,0.299,23,280,25.92,87.1,0.739,13.881,,,,,1
2026-10-05T16:00Z,2026-10-05T17:00Z,a4t:bkp95t,1,40.4,28.5,34,23.7,19.8,24,28.5,19.8,,,0,0.01,193.883,2.141,1.785,,19.7,-0.348,0,278,24.883,96.169,0.866,52.654,,,,,1
2026-10-05T16:00Z,2026-10-05T19:00Z,a4t:bkp95t,3,32.8,23.4,34.3,24,20,24,23.4,20,,,0,0.004,128.169,1.599,1.767,,19.7,-0.348,2,278,24.582,95.45,1.054,24.276,,,,,1
2026-10-05T16:00Z,2026-10-05T22:00Z,a4t:bkp95t,6,23.8,17.2,33.6,23.6,20.1,24,17.2,20.1,,,0,0.002,115.476,1.412,0.037,,19.7,-0.348,5,278,24.448,96.523,0.749,359.179,,,,,1
2026-10-05T16:00Z,2026-10-06T04:00Z,a4t:bkp95t,12,13.2,9.8,29.6,20.9,19.9,24,9.8,19.9,,,0,0.003,901.017,2.569,0.103,,19.7,-0.348,11,279,29.263,76.043,2.068,64.187,,,,,1
2026-10-05T16:00Z,2026-10-06T16:00Z,a4t:bkp95t,24,48.5,39.1,25.7,19.4,19.1,24,39.1,19.1,,,0,0.001,147.716,3.046,1.033,,19.7,-0.348,23,279,24.601,97.523,1.883,317.936,,,,,1
2026-10-05T16:00Z,2026-10-07T16:00Z,a4t:bkp95t,48,32.4,28.4,21.3,17.9,17.2,24,28.4,17.2,,,0,0,86.586,2.053,0,,19.7,-0.348,23,280,25.94,87.473,0.819,8.377,,,,,1
2026-10-05T16:00Z,2026-10-05T17:00Z,a4t:bkp96t,1,20.6,25.6,21.3,26.6,22.7,24,25.6,22.7,,,0,0.006,193.636,2.191,1.614,,22.6,0.214,0,278,24.915,96.077,0.862,65.063,,,,,1
2026-10-05T16:00Z,2026-10-05T19:00Z,a4t:bkp96t,3,15.6,19.3,21.1,26.4,22.8,24,19.3,22.8,,,0,0.003,119.116,1.506,1.49,,22.6,0.214,2,278,24.647,95.53,0.948,32.923,,,,,1
2026-10-05T16:00Z,2026-10-05T22:00Z,a4t:bkp96t,6,15.1,18.5,20.7,25.8,23,24,18.5,23,,,0,0.002,108.898,1.351,0.032,,22.6,0.214,5,278,24.491,96.565,0.721,3.413,,,,,1
2026-10-05T16:00Z,2026-10-06T04:00Z,a4t:bkp96t,12,9,10.8,17.9,22.2,22.6,24,10.8,22.6,,,0,0.003,924.516,2.548,0.09,,22.6,0.214,11,279,29.365,75.663,2.042,66.208,,,,,1
2026-10-05T16:00Z,2026-10-06T16:00Z,a4t:bkp96t,24,25.3,29,13.9,16.6,21,24,29,21,,,0,0.001,140.619,2.926,1.137,,22.6,0.214,23,279,24.615,97.565,1.826,317.149,,,,,1
2026-10-05T16:00Z,2026-10-07T16:00Z,a4t:bkp96t,48,21.8,23.7,14.6,16.2,20.5,24,23.7,20.5,,,0,0,78.673,1.807,0,,22.6,0.214,23,280,25.95,87.361,0.657,17.267,,,,,1
2026-10-05T16:00Z,2026-10-05T17:00Z,a4t:bkp97t,1,40.4,34.4,34,28.8,24.2,24,34.4,24.2,,,0,0.012,187.307,2.098,1.849,,24.1,-0.161,0,278,24.813,96.243,0.813,58.85,,,,,1
2026-10-05T16:00Z,2026-10-05T19:00Z,a4t:bkp97t,3,32.8,28.1,34.3,29.1,24.4,24,28.1,24.4,,,0,0.003,116.966,1.468,1.76,,24.1,-0.161,2,278,24.544,95.532,0.979,28.401,,,,,1
2026-10-05T16:00Z,2026-10-05T22:00Z,a4t:bkp97t,6,23.8,20.5,33.6,28.6,24.6,24,20.5,24.6,,,0,0.002,111.78,1.287,0.037,,24.1,-0.161,5,278,24.445,96.561,0.689,3.093,,,,,1
2026-10-05T16:00Z,2026-10-06T04:00Z,a4t:bkp97t,12,13.2,11.5,29.6,25.2,24.3,24,11.5,24.3,,,0,0.003,929.722,2.431,0.091,,24.1,-0.161,11,279,29.367,75.518,1.954,69.15,,,,,1
2026-10-05T16:00Z,2026-10-06T16:00Z,a4t:bkp97t,24,48.5,43.9,25.7,22.6,23.3,24,43.9,23.3,,,0,0.001,147.097,3.045,1.206,,24.1,-0.161,23,279,24.563,97.561,1.938,315.014,,,,,1
2026-10-05T16:00Z,2026-10-07T16:00Z,a4t:bkp97t,48,32.4,30.5,21.3,19.7,21,24,30.5,21,,,0,0,80.629,1.8,0,,24.1,-0.161,23,280,25.969,87.656,0.698,13.454,,,,,1
2026-10-05T16:00Z,2026-10-05T17:00Z,a4t:bkp98t,1,40.4,34.9,34,29.2,24.9,24,34.9,24.9,,,0,0.01,188.169,2.123,1.78,,24.8,-0.146,0,278,24.835,96.202,0.818,62.122,,,,,1
2026-10-05T16:00Z,2026-10-05T19:00Z,a4t:bkp98t,3,32.8,28.5,34.3,29.5,25.1,24,28.5,25.1,,,0,0.003,115.673,1.459,1.665,,24.8,-0.146,2,278,24.572,95.545,0.955,30.847,,,,,1
2026-10-05T16:00Z,2026-10-05T22:00Z,a4t:bkp98t,6,23.8,20.8,33.6,29,25.3,24,20.8,25.3,,,0,0.002,110.148,1.286,0.035,,24.8,-0.146,5,278,24.46,96.572,0.689,3.943,,,,,1
2026-10-05T16:00Z,2026-10-06T04:00Z,a4t:bkp98t,12,13.2,11.7,29.6,25.6,24.9,24,11.7,24.9,,,0,0.003,933.235,2.445,0.088,,24.8,-0.146,11,279,29.385,75.478,1.962,69.038,,,,,1
2026-10-05T16:00Z,2026-10-06T16:00Z,a4t:bkp98t,24,48.5,44.3,25.7,22.8,23.9,24,44.3,23.9,,,0,0.001,144.849,3.01,1.216,,24.8,-0.146,23,279,24.573,97.572,1.913,315.067,,,,,1
2026-10-05T16:00Z,2026-10-07T16:00Z,a4t:bkp98t,48,32.4,30.7,21.3,19.8,21.5,24,30.7,21.5,,,0,0,78.789,1.752,0,,24.8,-0.146,23,280,25.967,87.599,0.661,15.657,,,,,1
2026-10-05T16:00Z,2026-10-05T17:00Z,a4t:bkp99t,1,14.3,15.8,15,16.6,16,24,15.8,16,,,0,0.002,195.765,2.381,1.376,,16,0.097,0,278,24.979,95.925,0.969,77.721,,,,,1
2026-10-05T16:00Z,2026-10-05T19:00Z,a4t:bkp99t,3,12.2,13.5,15,16.6,16,24,13.5,16,,,0,0.001,111.032,1.468,1.143,,16,0.097,2,278,24.741,95.613,0.842,43.363,,,,,1
2026-10-05T16:00Z,2026-10-05T22:00Z,a4t:bkp99t,6,10.9,12,14.7,16.2,16,24,12,16,,,0,0.001,101.558,1.323,0.024,,16,0.097,5,278,24.547,96.6,0.709,8.029,,,,,1
2026-10-05T16:00Z,2026-10-06T04:00Z,a4t:bkp99t,12,12.6,13.7,14.3,15.7,16,24,13.7,16,,,0,0.002,945.284,2.573,0.079,,16,0.097,11,279,29.464,75.324,2.051,67.325,,,,,1
2026-10-05T16:00Z,2026-10-06T16:00Z,a4t:bkp99t,24,16.1,17.1,12.6,13.7,15.4,24,17.1,15.4,,,0,0.001,131.455,2.756,1.208,,16,0.097,23,279,24.65,97.6,1.723,317.526,,,,,1
2026-10-05T16:00Z,2026-10-07T16:00Z,a4t:bkp99t,48,22.6,23.5,14.4,15.1,16,24,23.5,16,,,0,0,70.732,1.659,0,,16,0.097,23,280,25.958,87.122,0.523,30.02,,,,,1
2026-10-05T16:00Z,2026-10-05T17:00Z,717,1,8.2,10.5,13.2,16.9,37.8,24,10.5,37.8,,,0,0,224.726,3.03,0.055,,38.4,0.231,0,278,25.432,94.552,1.765,95.854,,,,,1
2026-10-05T16:00Z,2026-10-05T19:00Z,717,3,8.7,11,12.6,16.1,37.1,24,11,37.1,,,0,0,114.405,1.42,0.002,,38.4,0.231,2,278,25.08,95.866,0.926,53.179,,,,,1
2026-10-05T16:00Z,2026-10-05T22:00Z,717,6,5.5,6.9,11.4,14.6,35.8,24,6.9,35.8,,,0,0,77.866,1.642,0,,38.4,0.231,5,278,24.727,94.979,0.854,17.881,,,,,1
2026-10-05T16:00Z,2026-10-06T04:00Z,717,12,2.9,3.7,9,11.5,32.5,24,3.7,32.5,,,0,0,850.816,3.354,0.16,,38.4,0.231,11,279,29.222,75.634,2.594,51.896,,,,,1
2026-10-05T16:00Z,2026-10-06T16:00Z,717,24,7.8,9.1,5.2,6.4,28.3,24,9.1,28.3,,,0,0,71.069,2.302,0.023,,38.4,0.231,23,279,25.218,96.496,1.151,39.5,,,,,1
2026-10-05T16:00Z,2026-10-07T16:00Z,717,48,16.3,17.8,7.4,8.3,24,24,17.8,24,,,0,0,90.867,4.313,0,,38.4,0.231,23,280,25.882,82.879,1.82,55.343,,,,,1
2026-10-05T16:00Z,2026-10-05T17:00Z,225576,1,8.2,6.5,13.2,10.4,9.6,24,6.5,9.6,,,0,0,252.509,2.74,0.218,,9.6,-0.216,0,278,25.993,91.198,1.963,84.182,,,,,1
2026-10-05T16:00Z,2026-10-05T19:00Z,225576,3,8.7,7,12.6,10,9.6,24,7,9.6,,,0,0,177.105,1.46,0.045,,9.6,-0.216,2,278,25.706,91.641,1.16,67.997,,,,,1
2026-10-05T16:00Z,2026-10-05T22:00Z,225576,6,5.5,4.4,11.4,9,9.5,24,4.4,9.5,,,0,0,202.471,1.129,0,,9.6,-0.216,5,278,25.625,89.988,0.86,44.126,,,,,1
2026-10-05T16:00Z,2026-10-06T04:00Z,225576,12,2.9,2.3,9,7.1,9,24,2.3,9,,,0,0,665.391,2.919,0.128,,9.6,-0.216,11,279,28.332,78.241,2.401,45.499,,,,,1
2026-10-05T16:00Z,2026-10-06T16:00Z,225576,24,7.8,6.7,5.2,4.2,7.8,24,6.7,7.8,,,0,0,190.184,2.506,0.273,,9.6,-0.216,23,279,26.072,90.21,1.826,48.394,,,,,1
2026-10-05T16:00Z,2026-10-07T16:00Z,225576,48,16.3,15,7.4,6.6,7.7,24,15,7.7,,,0,0,191.405,3.044,0,,9.6,-0.216,23,280,26.79,80.937,1.401,49.328,,,,,1
2026-10-05T16:00Z,2026-10-05T17:00Z,228541,1,3.7,3.7,2,2,2,24,3.7,2,,,0,0,57.195,0.736,0.023,,,0,0,278,22.94,97.135,0.594,66.39,,,,,1
2026-10-05T16:00Z,2026-10-05T19:00Z,228541,3,3.6,3.6,2.2,2.2,2.2,24,3.6,2.2,,,0,0,125.76,2.218,0.162,,,0,2,278,23.029,94.643,0.879,77.161,,,,,1
2026-10-05T16:00Z,2026-10-05T22:00Z,228541,6,3.4,3.4,2.5,2.5,2.5,24,3.4,2.5,,,0,0,77.663,1.56,1.607,,,0,5,278,21.616,97.829,0.42,119.114,,,,,1
2026-10-05T16:00Z,2026-10-06T04:00Z,228541,12,4.3,4.3,3.3,3.3,3.3,24,4.3,3.3,,,0,0,845.634,1.509,0,,,0,11,279,26.558,71.333,1.22,136.486,,,,,1
2026-10-05T16:00Z,2026-10-06T16:00Z,228541,24,7.6,7.6,4.9,4.9,4.9,24,7.6,4.9,,,0,0,58.652,2.101,0,,,0,23,279,22.918,94.49,1.247,350.293,,,,,1
2026-10-05T16:00Z,2026-10-07T16:00Z,228541,48,12.9,12.9,9.4,9.4,9.4,24,12.9,9.4,,,0,0,20,1.327,0,,,0,23,280,23.781,82.543,0.318,159.532,,,,,1
2026-10-05T16:00Z,2026-10-05T17:00Z,2161292,1,61.5,61.5,,,,h,61.5,,,,0,0,550.037,6.587,0,,,0,0,278,21.922,66.824,3.388,15.572,,,,,1
2026-10-05T16:00Z,2026-10-05T19:00Z,2161292,3,45.1,45.1,,,,h,45.1,,,,0,0,497.432,6.277,0,,,0,2,278,21.184,68.206,3.066,6.262,,,,,1
2026-10-05T16:00Z,2026-10-05T22:00Z,2161292,6,22.8,22.8,,,,h,22.8,,,,0,0,404.686,6.16,0,,,0,5,278,20.326,70.263,2.772,0.997,,,,,1
2026-10-05T16:00Z,2026-10-06T04:00Z,2161292,12,10.8,10.8,,,,h,10.8,,,,0,0,1127.949,6.324,0,,,0,11,279,25.793,44.918,4.68,5.329,,,,,1
2026-10-05T16:00Z,2026-10-06T16:00Z,2161292,24,99.9,99.9,,,,h,99.9,,,,0,0,60.117,3.609,0,,,0,23,279,20.375,68.602,1.262,23.406,,,,,1
2026-10-05T16:00Z,2026-10-07T16:00Z,2161292,48,105.9,105.9,,,,h,105.9,,,,0,0,21.971,1.043,0,,,0,23,280,21.332,79.606,0.259,165.847,,,,,1
2026-10-05T16:00Z,2026-10-05T17:00Z,2161306,1,61.5,61.5,,,,h,61.5,,,,0,0,518.87,6.179,0,,,0,0,278,21.747,68.226,3.158,17.426,,,,,1
2026-10-05T16:00Z,2026-10-05T19:00Z,2161306,3,45.1,45.1,,,,h,45.1,,,,0,0,466.37,5.923,0,,,0,2,278,20.999,69.713,2.887,7.643,,,,,1
2026-10-05T16:00Z,2026-10-05T22:00Z,2161306,6,22.8,22.8,,,,h,22.8,,,,0,0,380.27,5.933,0,,,0,5,278,20.129,71.587,2.646,2.34,,,,,1
2026-10-05T16:00Z,2026-10-06T04:00Z,2161306,12,10.8,10.8,,,,h,10.8,,,,0,0,1134.04,6.145,0,,,0,11,279,25.632,45.024,4.522,7.186,,,,,1
2026-10-05T16:00Z,2026-10-06T16:00Z,2161306,24,99.9,99.9,,,,h,99.9,,,,0,0,57.37,3.372,0,,,0,23,279,20.27,69.665,1.166,23.617,,,,,1
2026-10-05T16:00Z,2026-10-07T16:00Z,2161306,48,105.9,105.9,,,,h,105.9,,,,0,0,22.47,0.924,0,,,0,23,280,21.147,79.733,0.244,168.256,,,,,1
2026-10-05T16:00Z,2026-10-05T17:00Z,7880,1,23.5,23.5,,,,h,23.5,,,,0,0,27.176,1.465,0,,,0,0,278,22.463,98.392,0.754,138.817,,,,,1
2026-10-05T16:00Z,2026-10-05T19:00Z,7880,3,21.9,21.9,,,,h,21.9,,,,0,0,33.131,0.913,0,,,0,2,278,21.899,98.593,0.755,145.886,,,,,1
2026-10-05T16:00Z,2026-10-05T22:00Z,7880,6,20.7,20.7,,,,h,20.7,,,,0,0,37.176,0.666,0,,,0,5,278,21.324,99.435,0.705,153.271,,,,,1
2026-10-05T16:00Z,2026-10-06T04:00Z,7880,12,26.3,26.3,,,,h,26.3,,,,0,0,829.276,0.066,0.008,,,0,11,279,28.073,69.862,0.055,119.125,,,,,1
2026-10-05T16:00Z,2026-10-06T16:00Z,7880,24,26,26,,,,h,26,,,,0,0,32.368,1.664,0,,,0,23,279,22.76,97.113,0.7,168.724,,,,,1
2026-10-05T16:00Z,2026-10-07T16:00Z,7880,48,22.4,22.4,,,,h,22.4,,,,0,0,24.376,0.824,0.008,,,0,23,280,22.579,97.75,0.333,181.319,,,,,1
2026-10-05T16:00Z,2026-10-05T17:00Z,1235990,1,40.4,40.4,,,,h,40.4,,,,0,0.011,190.325,2.119,1.799,,,0,0,278,24.849,96.197,0.833,57.515,,,,,0
2026-10-05T16:00Z,2026-10-05T19:00Z,1235990,3,32.8,32.8,,,,h,32.8,,,,0,0.004,121.013,1.515,1.731,,,0,2,278,24.569,95.504,1,27.451,,,,,0
2026-10-05T16:00Z,2026-10-05T22:00Z,1235990,6,23.8,23.8,,,,h,23.8,,,,0,0.002,112.68,1.337,0.037,,,0,5,278,24.452,96.548,0.713,1.748,,,,,0
2026-10-05T16:00Z,2026-10-06T04:00Z,1235990,12,13.2,13.2,,,,h,13.2,,,,0,0.003,919.355,2.49,0.095,,,0,11,279,29.331,75.712,2.002,67.064,,,,,0
2026-10-05T16:00Z,2026-10-06T16:00Z,1235990,24,48.5,48.5,,,,h,48.5,,,,0,0.001,146.508,3.028,1.138,,,0,23,279,24.583,97.548,1.905,316.298,,,,,0
2026-10-05T16:00Z,2026-10-07T16:00Z,1235990,48,32.4,32.4,,,,h,32.4,,,,0,0,82.446,1.886,0,,,0,23,280,25.957,87.555,0.734,12.093,,,,,0
2026-10-05T16:00Z,2026-10-05T17:00Z,1235996,1,1.3,6,,,,h,6,,,,0,0,28.879,0.879,0,10.1,,1.159,0,278,20.44,99.892,0.322,81.049,,,,,0
2026-10-05T16:00Z,2026-10-05T19:00Z,1235996,3,1.7,6.8,,,,h,6.8,,,,0,0,49.946,0.921,0,10.1,,1.159,2,278,20.439,100,0.542,55.889,,,,,0
2026-10-05T16:00Z,2026-10-05T22:00Z,1235996,6,1.6,6.1,,,,h,6.1,,,,0,0,80.064,1.218,0.235,10.1,,1.159,5,278,20.412,98.998,0.666,53.558,,,,,0
2026-10-05T16:00Z,2026-10-06T04:00Z,1235996,12,2.8,8.2,,,,h,8.2,,,,0,0,635.458,1.914,0.139,10.1,,1.159,11,279,24.686,78.503,1.315,99.247,,,,,0
2026-10-05T16:00Z,2026-10-06T16:00Z,1235996,24,2.6,6.2,,,,h,6.2,,,,0,0,32.152,1.333,0,10.1,,1.159,23,279,20.075,98.176,0.589,92.898,,,,,0
2026-10-05T16:00Z,2026-10-07T16:00Z,1235996,48,2.3,4,,,,h,4,,,,0,0,19.97,0.108,0,10.1,,1.159,23,280,20.772,97.941,0.122,119.094,,,,,0
2026-10-05T16:00Z,2026-10-05T17:00Z,1235999,1,8.4,8.4,,,,h,8.4,,,,0,0,36.453,0.493,0,,,0,0,278,22.902,96.683,0.233,286.973,,,,,0
2026-10-05T16:00Z,2026-10-05T19:00Z,1235999,3,7.7,7.7,,,,h,7.7,,,,0,0,55.049,0.834,0.757,,,0,2,278,22.341,95.923,0.331,40.788,,,,,0
2026-10-05T16:00Z,2026-10-05T22:00Z,1235999,6,3.6,3.6,,,,h,3.6,,,,0,0,81.831,1.204,0.983,,,0,5,278,21.516,97.826,0.336,2.286,,,,,0
2026-10-05T16:00Z,2026-10-06T04:00Z,1235999,12,7,7,,,,h,7,,,,0,0,578.667,0.407,0.398,,,0,11,279,25.72,80.583,0.399,294.282,,,,,0
2026-10-05T16:00Z,2026-10-06T16:00Z,1235999,24,17,17,,,,h,17,,,,0,0,24.166,0.548,0.212,,,0,23,279,22.583,96.894,0.231,205.781,,,,,0
2026-10-05T16:00Z,2026-10-07T16:00Z,1235999,48,20.1,20.1,,,,h,20.1,,,,0,0,38.769,1.059,0,,,0,23,280,22.835,97.169,0.286,188.459,,,,,0
2026-10-05T16:00Z,2026-10-05T17:00Z,1236013,1,3.3,22.1,,,,h,22.1,,,,0,0.001,45.649,0.315,0.697,108.5,,1.751,0,278,23.332,97.454,0.264,118.146,,,,,0
2026-10-05T16:00Z,2026-10-05T19:00Z,1236013,3,4.9,28.5,,,,h,28.5,,,,0,0.001,191.101,2.586,0.381,108.5,,1.751,2,278,23.356,96.504,1.284,14.025,,,,,0
2026-10-05T16:00Z,2026-10-05T22:00Z,1236013,6,4,21.7,,,,h,21.7,,,,0,0,191.45,3.698,1.013,108.5,,1.751,5,278,22.174,97.358,2.103,38.048,,,,,0
2026-10-05T16:00Z,2026-10-06T04:00Z,1236013,12,4.8,21.1,,,,h,21.1,,,,0,0,676.413,1.844,0.27,108.5,,1.751,11,279,26.397,79.494,1.464,22.686,,,,,0
2026-10-05T16:00Z,2026-10-06T16:00Z,1236013,24,2.7,9.5,,,,h,9.5,,,,0,0,36.915,1.679,0,108.5,,1.751,23,279,23.212,95.465,0.248,7.704,,,,,0
2026-10-05T16:00Z,2026-10-07T16:00Z,1236013,48,11.4,22.3,,,,h,22.3,,,,0,0,35.556,1.107,0,108.5,,1.751,23,280,23.521,98.405,0.489,235.913,,,,,0
2026-10-05T16:00Z,2026-10-05T17:00Z,1236034,1,40.4,40.4,,,,h,40.4,,,,0,0.014,193.214,2.148,1.894,,,0,0,278,24.854,96.231,0.895,46.169,,,,,0
2026-10-05T16:00Z,2026-10-05T19:00Z,1236034,3,32.8,32.8,,,,h,32.8,,,,0,0.005,131.902,1.647,1.93,,,0,2,278,24.539,95.416,1.105,20.134,,,,,0
2026-10-05T16:00Z,2026-10-05T22:00Z,1236034,6,23.8,23.8,,,,h,23.8,,,,0,0.002,118.793,1.434,0.041,,,0,5,278,24.423,96.502,0.758,357.375,,,,,0
2026-10-05T16:00Z,2026-10-06T04:00Z,1236034,12,13.2,13.2,,,,h,13.2,,,,0,0.003,891.177,2.564,0.108,,,0,11,279,29.217,76.187,2.069,63.682,,,,,0
2026-10-05T16:00Z,2026-10-06T16:00Z,1236034,24,48.5,48.5,,,,h,48.5,,,,0,0.001,151.713,3.11,0.994,,,0,23,279,24.589,97.502,1.921,318.092,,,,,0
2026-10-05T16:00Z,2026-10-07T16:00Z,1236034,48,32.4,32.4,,,,h,32.4,,,,0,0,90.483,2.184,0,,,0,23,280,25.939,87.554,0.903,4.855,,,,,0
2026-10-05T16:00Z,2026-10-05T17:00Z,1236035,1,6.4,6.4,,,,h,6.4,,,,0,0,306.38,4.273,0.316,,,0,0,278,23.821,85.339,2.065,63.851,,,,,0
2026-10-05T16:00Z,2026-10-05T19:00Z,1236035,3,5.2,5.2,,,,h,5.2,,,,0,0,305.948,4.543,0.257,,,0,2,278,23.032,80.138,2.093,69.145,,,,,0
2026-10-05T16:00Z,2026-10-05T22:00Z,1236035,6,6,6,,,,h,6,,,,0,0,358.526,4.94,0.05,,,0,5,278,22.499,79.286,2.405,67.033,,,,,0
2026-10-05T16:00Z,2026-10-06T04:00Z,1236035,12,6.2,6.2,,,,h,6.2,,,,0,0,874.987,2.088,0,,,0,11,279,27.722,67.748,1.708,31.978,,,,,0
2026-10-05T16:00Z,2026-10-06T16:00Z,1236035,24,12.9,12.9,,,,h,12.9,,,,0,0,274.17,5.906,0,,,0,23,279,23.957,72.101,3.151,70.439,,,,,0
2026-10-05T16:00Z,2026-10-07T16:00Z,1236035,48,13.9,13.9,,,,h,13.9,,,,0,0,180.696,4.427,0,,,0,23,280,24.008,72.133,1.947,76.846,,,,,0
2026-10-05T16:00Z,2026-10-05T17:00Z,1236050,1,8.4,8.4,,,,h,8.4,,,,0,0,55.674,0.537,0,,,0,0,278,21.633,97.238,0.278,299.617,,,,,0
2026-10-05T16:00Z,2026-10-05T19:00Z,1236050,3,7.7,7.7,,,,h,7.7,,,,0,0,69.935,1.29,0.601,,,0,2,278,21.168,96.863,0.498,39.081,,,,,0
2026-10-05T16:00Z,2026-10-05T22:00Z,1236050,6,3.6,3.6,,,,h,3.6,,,,0,0,80.024,1.238,0.764,,,0,5,278,20.721,97.774,0.669,340.227,,,,,0
2026-10-05T16:00Z,2026-10-06T04:00Z,1236050,12,7,7,,,,h,7,,,,0,0,604.717,0.63,0.739,,,0,11,279,24.587,82.979,0.533,346.523,,,,,0
2026-10-05T16:00Z,2026-10-06T16:00Z,1236050,24,17,17,,,,h,17,,,,0,0,18.123,0.097,0.302,,,0,23,279,21.616,96.135,0.084,306.331,,,,,0
2026-10-05T16:00Z,2026-10-07T16:00Z,1236050,48,20.1,20.1,,,,h,20.1,,,,0,0,21.1,1.043,0,,,0,23,280,21.502,99.302,0.172,148.623,,,,,0
2026-10-05T16:00Z,2026-10-05T17:00Z,1641558,1,8.4,7.3,,,,h,7.3,,,,0,0,56.37,0.542,0,8.9,,-0.125,0,278,21.598,97.251,0.28,299.758,,,,,0
2026-10-05T16:00Z,2026-10-05T19:00Z,1641558,3,7.7,6.8,,,,h,6.8,,,,0,0,70.487,1.306,0.599,8.9,,-0.125,2,278,21.134,96.885,0.504,39.12,,,,,0
2026-10-05T16:00Z,2026-10-05T22:00Z,1641558,6,3.6,3.1,,,,h,3.1,,,,0,0,80.173,1.243,0.758,8.9,,-0.125,5,278,20.7,97.768,0.684,339.513,,,,,0
2026-10-05T16:00Z,2026-10-06T04:00Z,1641558,12,7,6.3,,,,h,6.3,,,,0,0,606.813,0.653,0.747,8.9,,-0.125,11,279,24.564,82.985,0.548,347.682,,,,,0
2026-10-05T16:00Z,2026-10-06T16:00Z,1641558,24,17,15.7,,,,h,15.7,,,,0,0,17.943,0.102,0.304,8.9,,-0.125,23,279,21.592,96.098,0.08,317.14,,,,,0
2026-10-05T16:00Z,2026-10-07T16:00Z,1641558,48,20.1,19.2,,,,h,19.2,,,,0,0,20.596,1.054,0,8.9,,-0.125,23,280,21.465,99.376,0.17,147.343,,,,,0
2026-10-05T16:00Z,2026-10-05T17:00Z,1646752,1,8.4,12.4,,,,h,12.4,,,,0,0,56.323,0.862,0,16.4,,0.371,0,278,22.564,96.911,0.413,285.25,,,,,0
2026-10-05T16:00Z,2026-10-05T19:00Z,1646752,3,7.7,11.2,,,,h,11.2,,,,0,0,74.245,1.177,0.776,16.4,,0.371,2,278,22.006,96.157,0.441,33.14,,,,,0
2026-10-05T16:00Z,2026-10-05T22:00Z,1646752,6,3.6,5.3,,,,h,5.3,,,,0,0,91.688,1.379,0.97,16.4,,0.371,5,278,21.422,97.516,0.66,332.884,,,,,0
2026-10-05T16:00Z,2026-10-06T04:00Z,1646752,12,7,9.6,,,,h,9.6,,,,0,0,668.243,0.964,0.373,16.4,,0.371,11,279,25.848,80.028,0.852,311.503,,,,,0
2026-10-05T16:00Z,2026-10-06T16:00Z,1646752,24,17,21.4,,,,h,21.4,,,,0,0,21.273,0.308,0.329,16.4,,0.371,23,279,22.536,95.674,0.101,260.195,,,,,0
2026-10-05T16:00Z,2026-10-07T16:00Z,1646752,48,20.1,23.1,,,,h,23.1,,,,0,0,28.209,1.056,0,16.4,,0.371,23,280,22.538,98.691,0.252,156.24,,,,,0
2026-10-05T16:00Z,2026-10-05T17:00Z,2124016,1,1.3,1.3,,,,h,1.3,,,,0,0,30.109,0.909,0,,,0,0,278,20.411,99.913,0.353,78.31,,,,,0
2026-10-05T16:00Z,2026-10-05T19:00Z,2124016,3,1.7,1.7,,,,h,1.7,,,,0,0,51.557,1.028,0,,,0,2,278,20.377,100,0.615,53.351,,,,,0
2026-10-05T16:00Z,2026-10-05T22:00Z,2124016,6,1.6,1.6,,,,h,1.6,,,,0,0,87.078,1.333,0.23,,,0,5,278,20.373,99.071,0.738,52.267,,,,,0
2026-10-05T16:00Z,2026-10-06T04:00Z,2124016,12,2.8,2.8,,,,h,2.8,,,,0,0,628.78,1.941,0.138,,,0,11,279,24.605,78.477,1.336,95.879,,,,,0
2026-10-05T16:00Z,2026-10-06T16:00Z,2124016,24,2.6,2.6,,,,h,2.6,,,,0,0,32.322,1.376,0,,,0,23,279,20.011,98.179,0.644,86.987,,,,,0
2026-10-05T16:00Z,2026-10-07T16:00Z,2124016,48,2.3,2.3,,,,h,2.3,,,,0,0,20.847,0.079,0,,,0,23,280,20.768,97.638,0.13,90.962,,,,,0
2026-10-05T16:00Z,2026-10-05T17:00Z,2136949,1,1.3,6.4,,,,h,6.4,,,,0,0,26.753,0.779,0,12.2,,1.218,0,278,20.517,99.904,0.279,81.444,,,,,0
2026-10-05T16:00Z,2026-10-05T19:00Z,2136949,3,1.7,7.3,,,,h,7.3,,,,0,0,46.731,0.756,0,12.2,,1.218,2,278,20.543,100,0.438,53.017,,,,,0
2026-10-05T16:00Z,2026-10-05T22:00Z,2136949,6,1.6,6.4,,,,h,6.4,,,,0,0,70.692,1.063,0.272,12.2,,1.218,5,278,20.508,98.858,0.582,49.767,,,,,0
2026-10-05T16:00Z,2026-10-06T04:00Z,2136949,12,2.8,8.6,,,,h,8.6,,,,0,0,624.497,1.811,0.145,12.2,,1.218,11,279,24.76,78.702,1.246,105.849,,,,,0
2026-10-05T16:00Z,2026-10-06T16:00Z,2136949,24,2.6,6.4,,,,h,6.4,,,,0,0,30.937,1.244,0,12.2,,1.218,23,279,20.145,98.272,0.512,99.547,,,,,0
2026-10-05T16:00Z,2026-10-07T16:00Z,2136949,48,2.3,4.1,,,,h,4.1,,,,0,0,18.148,0.092,0,12.2,,1.218,23,280,20.788,98.347,0.095,155.898,,,,,0
2026-10-05T16:00Z,2026-10-05T17:00Z,2142493,1,1.3,6.2,,,,h,6.2,,,,0,0,30.061,0.894,0,9.4,,1.197,0,278,20.418,99.925,0.355,77.138,,,,,0
2026-10-05T16:00Z,2026-10-05T19:00Z,2142493,3,1.7,7.1,,,,h,7.1,,,,0,0,51.329,1.028,0,9.4,,1.197,2,278,20.376,100,0.618,51.683,,,,,0
2026-10-05T16:00Z,2026-10-05T22:00Z,2142493,6,1.6,6.3,,,,h,6.3,,,,0,0,87.395,1.339,0.239,9.4,,1.197,5,278,20.379,99.061,0.744,50.854,,,,,0
2026-10-05T16:00Z,2026-10-06T04:00Z,2142493,12,2.8,8.5,,,,h,8.5,,,,0,0,623.318,1.917,0.14,9.4,,1.197,11,279,24.592,78.496,1.319,96.182,,,,,0
2026-10-05T16:00Z,2026-10-06T16:00Z,2142493,24,2.6,6.3,,,,h,6.3,,,,0,0,32.023,1.367,0,9.4,,1.197,23,279,20,98.217,0.646,86.065,,,,,0
2026-10-05T16:00Z,2026-10-07T16:00Z,2142493,48,2.3,4.1,,,,h,4.1,,,,0,0,20.715,0.057,0,9.4,,1.197,23,280,20.768,97.623,0.129,78.112,,,,,0
2026-10-05T16:00Z,2026-10-05T17:00Z,2142801,1,1.3,1.3,,,,h,1.3,,,,0,0,30.476,0.945,0,,,0,0,278,20.391,99.895,0.358,79.798,,,,,0
2026-10-05T16:00Z,2026-10-05T19:00Z,2142801,3,1.7,1.7,,,,h,1.7,,,,0,0,52.333,1.053,0,,,0,2,278,20.364,100,0.627,55.884,,,,,0
2026-10-05T16:00Z,2026-10-05T22:00Z,2142801,6,1.6,1.6,,,,h,1.6,,,,0,0,88.029,1.348,0.213,,,0,5,278,20.351,99.105,0.742,54.61,,,,,0
2026-10-05T16:00Z,2026-10-06T04:00Z,2142801,12,2.8,2.8,,,,h,2.8,,,,0,0,637.532,1.991,0.135,,,0,11,279,24.612,78.43,1.372,94.634,,,,,0
2026-10-05T16:00Z,2026-10-06T16:00Z,2142801,24,2.6,2.6,,,,h,2.6,,,,0,0,32.907,1.405,0,,,0,23,279,20.018,98.112,0.656,87.408,,,,,0
2026-10-05T16:00Z,2026-10-07T16:00Z,2142801,48,2.3,2.3,,,,h,2.3,,,,0,0,21.286,0.12,0,,,0,23,280,20.767,97.598,0.138,96.751,,,,,0
2026-10-05T16:00Z,2026-10-05T17:00Z,2147304,1,1.3,5.4,,,,h,5.4,,,,0,0,23.605,0.619,0,7.5,,1.064,0,278,20.637,99.935,0.219,80.705,,,,,0
2026-10-05T16:00Z,2026-10-05T19:00Z,2147304,3,1.7,6.2,,,,h,6.2,,,,0,0,41.876,0.528,0,7.5,,1.064,2,278,20.697,100,0.291,42.475,,,,,0
2026-10-05T16:00Z,2026-10-05T22:00Z,2147304,6,1.6,5.5,,,,h,5.5,,,,0,0,57.52,0.862,0.332,7.5,,1.064,5,278,20.656,98.65,0.492,39.871,,,,,0
2026-10-05T16:00Z,2026-10-06T04:00Z,2147304,12,2.8,7.6,,,,h,7.6,,,,0,0,602.668,1.693,0.155,7.5,,1.064,11,279,24.853,79.039,1.182,117.077,,,,,0
2026-10-05T16:00Z,2026-10-06T16:00Z,2147304,24,2.6,5.8,,,,h,5.8,,,,0,0,28.922,1.133,0,7.5,,1.064,23,279,20.24,98.438,0.418,109.955,,,,,0
2026-10-05T16:00Z,2026-10-07T16:00Z,2147304,48,2.3,3.8,,,,h,3.8,,,,0,0,15.378,0.135,0,7.5,,1.064,23,280,20.816,98.916,0.05,209.631,,,,,0
2026-10-05T16:00Z,2026-10-05T17:00Z,2151718,1,1.3,1.3,,,,h,1.3,,,,0,0,28.888,0.88,0,,,0,0,278,20.44,99.891,0.322,81.101,,,,,0
2026-10-05T16:00Z,2026-10-05T19:00Z,2151718,3,1.7,1.7,,,,h,1.7,,,,0,0,49.968,0.922,0,,,0,2,278,20.438,100,0.543,55.982,,,,,0
2026-10-05T16:00Z,2026-10-05T22:00Z,2151718,6,1.6,1.6,,,,h,1.6,,,,0,0,80.085,1.218,0.235,,,0,5,278,20.412,98.999,0.666,53.642,,,,,0
2026-10-05T16:00Z,2026-10-06T04:00Z,2151718,12,2.8,2.8,,,,h,2.8,,,,0,0,635.739,1.915,0.139,,,0,11,279,24.686,78.502,1.316,99.207,,,,,0
2026-10-05T16:00Z,2026-10-06T16:00Z,2151718,24,2.6,2.6,,,,h,2.6,,,,0,0,32.171,1.333,0,,,0,23,279,20.075,98.174,0.589,92.917,,,,,0
2026-10-05T16:00Z,2026-10-07T16:00Z,2151718,48,2.3,2.3,,,,h,2.3,,,,0,0,19.982,0.11,0,,,0,23,280,20.772,97.941,0.122,118.981,,,,,0
2026-10-05T16:00Z,2026-10-05T17:00Z,2158149,1,1.3,1.3,,,,h,1.3,,,,0,0,26.975,0.805,0,,,0,0,278,20.506,99.893,0.283,82.552,,,,,0
2026-10-05T16:00Z,2026-10-05T19:00Z,2158149,3,1.7,1.7,,,,h,1.7,,,,0,0,47.274,0.773,0,,,0,2,278,20.538,100,0.446,55.311,,,,,0
2026-10-05T16:00Z,2026-10-05T22:00Z,2158149,6,1.6,1.6,,,,h,1.6,,,,0,0,71.411,1.071,0.259,,,0,5,278,20.497,98.883,0.582,51.797,,,,,0
2026-10-05T16:00Z,2026-10-06T04:00Z,2158149,12,2.8,2.8,,,,h,2.8,,,,0,0,629.776,1.84,0.143,,,0,11,279,24.764,78.701,1.265,104.696,,,,,0
2026-10-05T16:00Z,2026-10-06T16:00Z,2158149,24,2.6,2.6,,,,h,2.6,,,,0,0,31.368,1.264,0,,,0,23,279,20.154,98.216,0.519,99.681,,,,,0
2026-10-05T16:00Z,2026-10-07T16:00Z,2158149,48,2.3,2.3,,,,h,2.3,,,,0,0,18.439,0.114,0,,,0,23,280,20.792,98.318,0.102,144.737,,,,,0
2026-10-05T16:00Z,2026-10-05T17:00Z,2165656,1,1.3,1.3,,,,h,1.3,,,,0,0,27.29,0.784,0,,,0,0,278,20.501,99.913,0.29,79.818,,,,,0
2026-10-05T16:00Z,2026-10-05T19:00Z,2165656,3,1.7,1.7,,,,h,1.7,,,,0,0,47.26,0.798,0,,,0,2,278,20.508,100,0.468,51.468,,,,,0
2026-10-05T16:00Z,2026-10-05T22:00Z,2165656,6,1.6,1.6,,,,h,1.6,,,,0,0,73.324,1.112,0.275,,,0,5,278,20.483,98.879,0.614,48.854,,,,,0
2026-10-05T16:00Z,2026-10-06T04:00Z,2165656,12,2.8,2.8,,,,h,2.8,,,,0,0,622.189,1.809,0.146,,,0,11,279,24.727,78.616,1.244,104.71,,,,,0
2026-10-05T16:00Z,2026-10-06T16:00Z,2165656,24,2.6,2.6,,,,h,2.6,,,,0,0,30.84,1.249,0,,,0,23,279,20.105,98.311,0.531,96.666,,,,,0
2026-10-05T16:00Z,2026-10-07T16:00Z,2165656,48,2.3,2.3,,,,h,2.3,,,,0,0,18.473,0.066,0,,,0,23,280,20.776,98.23,0.098,158.97,,,,,0
2026-10-05T16:00Z,2026-10-05T17:00Z,2181641,1,29.9,31.9,,,,h,31.9,,,,0,0.004,199.581,2.219,1.523,25.5,,0.065,0,278,24.985,95.992,0.895,61.884,,,,,0
2026-10-05T16:00Z,2026-10-05T19:00Z,2181641,3,27.6,29.4,,,,h,29.4,,,,0,0.002,127.56,1.6,1.444,25.5,,0.065,2,278,24.694,95.472,1,30.519,,,,,0
2026-10-05T16:00Z,2026-10-05T22:00Z,2181641,6,19.2,20.4,,,,h,20.4,,,,0,0.002,110.99,1.451,0.03,25.5,,0.065,5,278,24.502,96.539,0.77,0.725,,,,,0
2026-10-05T16:00Z,2026-10-06T04:00Z,2181641,12,18.9,19.9,,,,h,19.9,,,,0,0.002,902.93,2.677,0.099,25.5,,0.065,11,279,29.29,76.067,2.147,62.388,,,,,0
2026-10-05T16:00Z,2026-10-06T16:00Z,2181641,24,27.5,28.6,,,,h,28.6,,,,0,0.001,139.806,2.909,1,25.5,,0.065,23,279,24.652,97.539,1.765,319.787,,,,,0
2026-10-05T16:00Z,2026-10-07T16:00Z,2181641,48,28.9,29.6,,,,h,29.6,,,,0,0,82.576,1.98,0,25.5,,0.065,23,280,25.926,87.172,0.733,13.853,,,,,0
2026-10-05T16:00Z,2026-10-05T17:00Z,2327978,1,1.3,4.4,,,,h,4.4,,,,0,0,26.421,0.722,0,7,,0.886,0,278,20.535,99.929,0.273,78.256,,,,,0
2026-10-05T16:00Z,2026-10-05T19:00Z,2327978,3,1.7,5.1,,,,h,5.1,,,,0,0,45.615,0.732,0,7,,0.886,2,278,20.539,100,0.429,47.32,,,,,0
2026-10-05T16:00Z,2026-10-05T22:00Z,2327978,6,1.6,4.6,,,,h,4.6,,,,0,0,69.565,1.062,0.303,7,,0.886,5,278,20.519,98.803,0.594,44.964,,,,,0
2026-10-05T16:00Z,2026-10-06T04:00Z,2327978,12,2.8,6.5,,,,h,6.5,,,,0,0,613.267,1.747,0.15,7,,0.886,11,279,24.746,78.634,1.205,108.406,,,,,0
2026-10-05T16:00Z,2026-10-06T16:00Z,2327978,24,2.6,5.1,,,,h,5.1,,,,0,0,29.902,1.198,0,7,,0.886,23,279,20.108,98.424,0.501,98.518,,,,,0
2026-10-05T16:00Z,2026-10-07T16:00Z,2327978,48,2.3,3.5,,,,h,3.5,,,,0,0,17.582,0.067,0,7,,0.886,23,280,20.771,98.388,0.084,205.044,,,,,0
2026-10-05T16:00Z,2026-10-05T17:00Z,2340282,1,1.3,4,,,,h,4,,,,0,0,25.169,0.726,0,7.4,,0.82,0,278,20.575,99.906,0.249,83.147,,,,,0
2026-10-05T16:00Z,2026-10-05T19:00Z,2340282,3,1.7,4.7,,,,h,4.7,,,,0,0,44.711,0.64,0,7.4,,0.82,2,278,20.635,100,0.36,52.285,,,,,0
2026-10-05T16:00Z,2026-10-05T22:00Z,2340282,6,1.6,4.3,,,,h,4.3,,,,0,0,63.998,0.945,0.285,7.4,,0.82,5,278,20.587,98.777,0.517,48.167,,,,,0
2026-10-05T16:00Z,2026-10-06T04:00Z,2340282,12,2.8,6.1,,,,h,6.1,,,,0,0,619.013,1.774,0.148,7.4,,0.82,11,279,24.821,78.954,1.225,110.219,,,,,0
2026-10-05T16:00Z,2026-10-06T16:00Z,2340282,24,2.6,4.9,,,,h,4.9,,,,0,0,30.484,1.206,0,7.4,,0.82,23,279,20.225,98.261,0.462,105.737,,,,,0
2026-10-05T16:00Z,2026-10-07T16:00Z,2340282,48,2.3,3.4,,,,h,3.4,,,,0,0,16.94,0.12,0,7.4,,0.82,23,280,20.817,98.642,0.078,169.525,,,,,0
2026-10-05T16:00Z,2026-10-05T17:00Z,2375197,1,1.3,2.1,,,,h,2.1,,,,0,0,29.698,0.945,0,3.5,,0.304,0,278,20.4,99.864,0.338,83.039,,,,,0
2026-10-05T16:00Z,2026-10-05T19:00Z,2375197,3,1.7,2.6,,,,h,2.6,,,,0,0,51.484,0.983,0,3.5,,0.304,2,278,20.404,100,0.575,60.095,,,,,0
2026-10-05T16:00Z,2026-10-05T22:00Z,2375197,6,1.6,2.4,,,,h,2.4,,,,0,0,82.603,1.264,0.205,3.5,,0.304,5,278,20.367,99.064,0.685,57.614,,,,,0
2026-10-05T16:00Z,2026-10-06T04:00Z,2375197,12,2.8,3.8,,,,h,3.8,,,,0,0,650.067,2,0.134,3.5,,0.304,11,279,24.687,78.392,1.376,96.58,,,,,0
2026-10-05T16:00Z,2026-10-06T16:00Z,2375197,24,2.6,3.3,,,,h,3.3,,,,0,0,33.15,1.389,0,3.5,,0.304,23,279,20.073,98.07,0.618,92.588,,,,,0
2026-10-05T16:00Z,2026-10-07T16:00Z,2375197,48,2.3,2.7,,,,h,2.7,,,,0,0,20.849,0.174,0,3.5,,0.304,23,280,20.766,97.833,0.144,112.867,,,,,0
2026-10-05T16:00Z,2026-10-05T17:00Z,2384279,1,1.3,6,,,,h,6,,,,0,0,30.16,1.012,0,9.8,,1.166,0,278,20.361,99.818,0.349,86.236,,,,,0
2026-10-05T16:00Z,2026-10-05T19:00Z,2384279,3,1.7,6.9,,,,h,6.9,,,,0,0,52.529,1.017,0,9.8,,1.166,2,278,20.382,100,0.587,66.115,,,,,0
2026-10-05T16:00Z,2026-10-05T22:00Z,2384279,6,1.6,6.1,,,,h,6.1,,,,0,0,82.196,1.277,0.174,9.8,,1.166,5,278,20.322,99.103,0.68,62.984,,,,,0
2026-10-05T16:00Z,2026-10-06T04:00Z,2384279,12,2.8,8.2,,,,h,8.2,,,,0,0,672.013,2.09,0.129,9.8,,1.166,11,279,24.729,78.204,1.44,95.244,,,,,0
2026-10-05T16:00Z,2026-10-06T16:00Z,2384279,24,2.6,6.2,,,,h,6.2,,,,0,0,34.184,1.44,0,9.8,,1.166,23,279,20.091,97.967,0.635,94.828,,,,,0
2026-10-05T16:00Z,2026-10-07T16:00Z,2384279,48,2.3,4,,,,h,4,,,,0,0,21.501,0.268,0,9.8,,1.166,23,280,20.753,97.851,0.179,114.234,,,,,0
2026-10-05T16:00Z,2026-10-05T17:00Z,2384280,1,1.3,7.6,,,,h,7.6,,,,0,0,29.288,0.901,0,11.5,,1.374,0,278,20.425,99.887,0.331,81.179,,,,,0
2026-10-05T16:00Z,2026-10-05T19:00Z,2384280,3,1.7,8.6,,,,h,8.6,,,,0,0,50.606,0.953,0,11.5,,1.374,2,278,20.42,100,0.562,56.621,,,,,0
2026-10-05T16:00Z,2026-10-05T22:00Z,2384280,6,1.6,7.5,,,,h,7.5,,,,0,0,81.829,1.247,0.227,11.5,,1.374,5,278,20.394,99.027,0.682,54.441,,,,,0
2026-10-05T16:00Z,2026-10-06T04:00Z,2384280,12,2.8,9.8,,,,h,9.8,,,,0,0,638.32,1.94,0.138,11.5,,1.374,11,279,24.674,78.469,1.334,97.991,,,,,0
2026-10-05T16:00Z,2026-10-06T16:00Z,2384280,24,2.6,7.1,,,,h,7.1,,,,0,0,32.445,1.353,0,11.5,,1.374,23,279,20.065,98.148,0.605,91.884,,,,,0
2026-10-05T16:00Z,2026-10-07T16:00Z,2384280,48,2.3,4.4,,,,h,4.4,,,,0,0,20.34,0.12,0,11.5,,1.374,23,280,20.77,97.866,0.128,113.928,,,,,0
2026-10-05T16:00Z,2026-10-05T17:00Z,2393909,1,1.3,3.6,,,,h,3.6,,,,0,0,27.594,0.834,0,5.2,,0.722,0,278,20.483,99.888,0.296,82.504,,,,,0
2026-10-05T16:00Z,2026-10-05T19:00Z,2393909,3,1.7,4.2,,,,h,4.2,,,,0,0,48.199,0.82,0,5.2,,0.722,2,278,20.506,100,0.476,56.321,,,,,0
2026-10-05T16:00Z,2026-10-05T22:00Z,2393909,6,1.6,3.9,,,,h,3.9,,,,0,0,74,1.115,0.248,5.2,,0.722,5,278,20.468,98.923,0.605,53.051,,,,,0
2026-10-05T16:00Z,2026-10-06T04:00Z,2393909,12,2.8,5.6,,,,h,5.6,,,,0,0,633.715,1.87,0.141,5.2,,0.722,11,279,24.744,78.628,1.285,102.793,,,,,0
2026-10-05T16:00Z,2026-10-06T16:00Z,2393909,24,2.6,4.5,,,,h,4.5,,,,0,0,31.726,1.289,0,5.2,,0.722,23,279,20.133,98.19,0.541,97.812,,,,,0
2026-10-05T16:00Z,2026-10-07T16:00Z,2393909,48,2.3,3.3,,,,h,3.3,,,,0,0,18.971,0.119,0,5.2,,0.722,23,280,20.785,98.205,0.111,135.509,,,,,0
2026-10-05T16:00Z,2026-10-05T17:00Z,2429963,1,1.3,5.4,,,,h,5.4,,,,0,0,21.798,0.411,0,7,,1.068,0,278,20.689,99.982,0.189,67.672,,,,,0
2026-10-05T16:00Z,2026-10-05T19:00Z,2429963,3,1.7,6.2,,,,h,6.2,,,,0,0,36.676,0.434,0,7,,1.068,2,278,20.687,100,0.209,13.039,,,,,0
2026-10-05T16:00Z,2026-10-05T22:00Z,2429963,6,1.6,5.5,,,,h,5.5,,,,0,0,46.567,0.843,0.448,7,,1.068,5,278,20.671,98.379,0.536,20.68,,,,,0
2026-10-05T16:00Z,2026-10-06T04:00Z,2429963,12,2.8,7.6,,,,h,7.6,,,,0,0,582.449,1.603,0.175,7,,1.068,11,279,24.896,78.428,1.163,132.16,,,,,0
2026-10-05T16:00Z,2026-10-06T16:00Z,2429963,24,2.6,5.8,,,,h,5.8,,,,0,0,25.062,0.989,0,7,,1.068,23,279,20.119,99.06,0.393,115.002,,,,,0
2026-10-05T16:00Z,2026-10-07T16:00Z,2429963,48,2.3,3.8,,,,h,3.8,,,,0,0,12.886,0.286,0,7,,1.068,23,280,20.711,99.352,0.03,250.605,,,,,0
2026-10-05T16:00Z,2026-10-05T17:00Z,2439091,1,1.3,3.7,,,,h,3.7,,,,0,0,28.538,0.848,0,5.1,,0.745,0,278,20.457,99.904,0.316,79.963,,,,,0
2026-10-05T16:00Z,2026-10-05T19:00Z,2439091,3,1.7,4.4,,,,h,4.4,,,,0,0,49.245,0.896,0,5.1,,0.745,2,278,20.451,100,0.529,53.745,,,,,0
2026-10-05T16:00Z,2026-10-05T22:00Z,2439091,6,1.6,3.9,,,,h,3.9,,,,0,0,78.936,1.201,0.25,5.1,,0.745,5,278,20.43,98.966,0.66,51.551,,,,,0
2026-10-05T16:00Z,2026-10-06T04:00Z,2439091,12,2.8,5.7,,,,h,5.7,,,,0,0,629.098,1.875,0.142,5.1,,0.745,11,279,24.685,78.529,1.289,100.562,,,,,0
2026-10-05T16:00Z,2026-10-06T16:00Z,2439091,24,2.6,4.6,,,,h,4.6,,,,0,0,31.666,1.307,0,5.1,,0.745,23,279,20.071,98.233,0.577,92.943,,,,,0
2026-10-05T16:00Z,2026-10-07T16:00Z,2439091,48,2.3,3.3,,,,h,3.3,,,,0,0,19.58,0.078,0,5.1,,0.745,23,280,20.771,97.988,0.114,125.471,,,,,0
2026-10-05T16:00Z,2026-10-05T17:00Z,2439859,1,1.3,1.3,,,,h,1.3,,,,0,0,28.38,0.998,0,,,0,0,278,20.408,99.785,0.329,90.612,,,,,0
2026-10-05T16:00Z,2026-10-05T19:00Z,2439859,3,1.7,1.7,,,,h,1.7,,,,0,0,50.591,0.898,0,,,0,2,278,20.488,100,0.497,72.874,,,,,0
2026-10-05T16:00Z,2026-10-05T22:00Z,2439859,6,1.6,1.6,,,,h,1.6,,,,0,0,72.755,1.131,0.169,,,0,5,278,20.392,99.022,0.577,67.745,,,,,0
2026-10-05T16:00Z,2026-10-06T04:00Z,2439859,12,2.8,2.8,,,,h,2.8,,,,0,0,681.953,2.074,0.128,,,0,11,279,24.845,78.386,1.425,98.961,,,,,0
2026-10-05T16:00Z,2026-10-06T16:00Z,2439859,24,2.6,2.6,,,,h,2.6,,,,0,0,34.359,1.423,0,,,0,23,279,20.211,97.877,0.583,103.449,,,,,0
2026-10-05T16:00Z,2026-10-07T16:00Z,2439859,48,2.3,2.3,,,,h,2.3,,,,0,0,20.373,0.344,0,,,0,23,280,20.779,98.266,0.196,123.253,,,,,0
2026-10-05T16:00Z,2026-10-05T17:00Z,2457250,1,1.3,1.3,,,,h,1.3,,,,0,0,18.329,0.332,0,,,0,0,278,20.732,100,0.171,78.495,,,,,0
2026-10-05T16:00Z,2026-10-05T19:00Z,2457250,3,1.7,1.7,,,,h,1.7,,,,0,0,31.601,0.282,0,,,0,2,278,20.823,100,0.087,344.192,,,,,0
2026-10-05T16:00Z,2026-10-05T22:00Z,2457250,6,1.6,1.6,,,,h,1.6,,,,0,0,34.159,0.656,0.463,,,0,5,278,20.798,98.256,0.463,7.821,,,,,0
2026-10-05T16:00Z,2026-10-06T04:00Z,2457250,12,2.8,2.8,,,,h,2.8,,,,0,0,556.084,1.684,0.19,,,0,11,279,24.862,79.622,1.256,141.31,,,,,0
2026-10-05T16:00Z,2026-10-06T16:00Z,2457250,24,2.6,2.6,,,,h,2.6,,,,0,0,25.539,1.062,0,,,0,23,279,20.24,99.02,0.382,133.165,,,,,0
2026-10-05T16:00Z,2026-10-07T16:00Z,2457250,48,2.3,2.3,,,,h,2.3,,,,0,0,10.344,0.333,0,,,0,23,280,20.7,100,0.058,229.957,,,,,0
2026-10-05T16:00Z,2026-10-05T17:00Z,2510432,1,1.3,3.7,,,,h,3.7,,,,0,0,29.76,1.088,0,6.6,,0.74,0,278,20.33,99.737,0.368,92.166,,,,,0
2026-10-05T16:00Z,2026-10-05T19:00Z,2510432,3,1.7,4.3,,,,h,4.3,,,,0,0,52.55,1.008,0,6.6,,0.74,2,278,20.4,100,0.561,77.462,,,,,0
2026-10-05T16:00Z,2026-10-05T22:00Z,2510432,6,1.6,3.9,,,,h,3.9,,,,0,0,75.451,1.227,0.137,6.6,,0.74,5,278,20.289,99.09,0.624,72.593,,,,,0
2026-10-05T16:00Z,2026-10-06T04:00Z,2510432,12,2.8,5.7,,,,h,5.7,,,,0,0,708.893,2.187,0.123,6.6,,0.74,11,279,24.858,77.928,1.506,96.175,,,,,0
2026-10-05T16:00Z,2026-10-06T16:00Z,2510432,24,2.6,4.6,,,,h,4.6,,,,0,0,35.422,1.498,0,6.6,,0.74,23,279,20.165,97.836,0.639,102.441,,,,,0
2026-10-05T16:00Z,2026-10-07T16:00Z,2510432,48,2.3,3.3,,,,h,3.3,,,,0,0,21.647,0.429,0,6.6,,0.74,23,280,20.732,98.141,0.252,119.775,,,,,0
2026-10-05T16:00Z,2026-10-05T17:00Z,2523394,1,1.3,1.3,,,,h,1.3,,,,0,0,27.582,0.829,0,,,0,0,278,20.484,99.891,0.295,82.185,,,,,0
2026-10-05T16:00Z,2026-10-05T19:00Z,2523394,3,1.7,1.7,,,,h,1.7,,,,0,0,48.126,0.819,0,,,0,2,278,20.506,100,0.476,55.767,,,,,0
2026-10-05T16:00Z,2026-10-05T22:00Z,2523394,6,1.6,1.6,,,,h,1.6,,,,0,0,74.042,1.116,0.251,,,0,5,278,20.469,98.919,0.607,52.583,,,,,0
2026-10-05T16:00Z,2026-10-06T04:00Z,2523394,12,2.8,2.8,,,,h,2.8,,,,0,0,632.382,1.864,0.142,,,0,11,279,24.741,78.627,1.28,102.933,,,,,0
2026-10-05T16:00Z,2026-10-06T16:00Z,2523394,24,2.6,2.6,,,,h,2.6,,,,0,0,31.634,1.285,0,,,0,23,279,20.129,98.203,0.54,97.589,,,,,0
2026-10-05T16:00Z,2026-10-07T16:00Z,2523394,48,2.3,2.3,,,,h,2.3,,,,0,0,18.932,0.112,0,,,0,23,280,20.784,98.203,0.109,136.731,,,,,0
2026-10-05T16:00Z,2026-10-05T17:00Z,2575375,1,8.4,6.2,,,,h,6.2,,,,0,0,55.516,0.712,0,8.4,,-0.281,0,278,22.187,97.049,0.351,289.774,,,,,0
2026-10-05T16:00Z,2026-10-05T19:00Z,2575375,3,7.7,5.7,,,,h,5.7,,,,0,0,72.009,1.21,0.7,8.4,,-0.281,2,278,21.671,96.453,0.459,35.521,,,,,0
2026-10-05T16:00Z,2026-10-05T22:00Z,2575375,6,3.6,2.6,,,,h,2.6,,,,0,0,86.361,1.313,0.886,8.4,,-0.281,5,278,21.136,97.636,0.653,336.176,,,,,0
2026-10-05T16:00Z,2026-10-06T04:00Z,2575375,12,7,5.5,,,,h,5.5,,,,0,0,638.272,0.77,0.527,8.4,,-0.281,11,279,25.31,81.388,0.689,320.595,,,,,0
2026-10-05T16:00Z,2026-10-06T16:00Z,2575375,24,17,14.2,,,,h,14.2,,,,0,0,20.038,0.222,0.317,8.4,,-0.281,23,279,22.154,95.911,0.091,265.691,,,,,0
2026-10-05T16:00Z,2026-10-07T16:00Z,2575375,48,20.1,18.1,,,,h,18.1,,,,0,0,25.412,1.037,0,8.4,,-0.281,23,280,22.117,98.892,0.216,154.061,,,,,0
2026-10-05T16:00Z,2026-10-05T17:00Z,2692436,1,29.9,33.5,,,,h,33.5,,,,0,0.005,201.235,2.206,1.587,28.4,,0.116,0,278,24.989,96.027,0.907,53.964,,,,,0
2026-10-05T16:00Z,2026-10-05T19:00Z,2692436,3,27.6,30.8,,,,h,30.8,,,,0,0.003,135.353,1.689,1.575,28.4,,0.116,2,278,24.675,95.402,1.075,25.472,,,,,0
2026-10-05T16:00Z,2026-10-05T22:00Z,2692436,6,19.2,21.3,,,,h,21.3,,,,0,0.002,115.404,1.518,0.033,28.4,,0.116,5,278,24.483,96.515,0.804,357.665,,,,,0
2026-10-05T16:00Z,2026-10-06T04:00Z,2692436,12,18.9,20.7,,,,h,20.7,,,,0,0.002,883.195,2.731,0.108,28.4,,0.116,11,279,29.209,76.43,2.195,60.131,,,,,0
2026-10-05T16:00Z,2026-10-06T16:00Z,2692436,24,27.5,29.5,,,,h,29.5,,,,0,0.001,143.776,2.992,0.907,28.4,,0.116,23,279,24.651,97.515,1.792,320.496,,,,,0
2026-10-05T16:00Z,2026-10-07T16:00Z,2692436,48,28.9,30.2,,,,h,30.2,,,,0,0,87.867,2.159,0,28.4,,0.116,23,280,25.909,87.216,0.846,7.738,,,,,0
2026-10-05T16:00Z,2026-10-05T17:00Z,2692642,1,29.9,29.9,,,,h,29.9,,,,0,0.009,198.969,2.215,1.785,,,0,0,278,24.931,96.153,0.944,43.416,,,,,0
2026-10-05T16:00Z,2026-10-05T19:00Z,2692642,3,27.6,27.6,,,,h,27.6,,,,0,0.004,140.66,1.762,1.855,,,0,2,278,24.595,95.346,1.154,19.117,,,,,0
2026-10-05T16:00Z,2026-10-05T22:00Z,2692642,6,19.2,19.2,,,,h,19.2,,,,0,0.002,120.882,1.542,0.039,,,0,5,278,24.438,96.488,0.814,354.98,,,,,0
2026-10-05T16:00Z,2026-10-06T04:00Z,2692642,12,18.9,18.9,,,,h,18.9,,,,0,0.003,869.431,2.7,0.117,,,0,11,279,29.14,76.641,2.179,59.701,,,,,0
2026-10-05T16:00Z,2026-10-06T16:00Z,2692642,24,27.5,27.5,,,,h,27.5,,,,0,0.001,150.973,3.12,0.865,,,0,23,279,24.621,97.488,1.875,319.942,,,,,0
2026-10-05T16:00Z,2026-10-07T16:00Z,2692642,48,28.9,28.9,,,,h,28.9,,,,0,0,93.733,2.349,0,,,0,23,280,25.907,87.414,0.979,1.89,,,,,0
2026-10-05T16:00Z,2026-10-05T17:00Z,2692644,1,29.9,29.9,,,,h,29.9,,,,0,0.01,195.009,2.153,1.793,,,0,0,278,24.891,96.169,0.882,50.13,,,,,0
2026-10-05T16:00Z,2026-10-05T19:00Z,2692644,3,27.6,27.6,,,,h,27.6,,,,0,0.004,131.186,1.636,1.799,,,0,2,278,24.582,95.425,1.079,22.739,,,,,0
2026-10-05T16:00Z,2026-10-05T22:00Z,2692644,6,19.2,19.2,,,,h,19.2,,,,0,0.002,116.893,1.442,0.038,,,0,5,278,24.444,96.513,0.764,358.083,,,,,0
2026-10-05T16:00Z,2026-10-06T04:00Z,2692644,12,18.9,18.9,,,,h,18.9,,,,0,0.003,893.312,2.597,0.106,,,0,11,279,29.232,76.183,2.092,63.131,,,,,0
2026-10-05T16:00Z,2026-10-06T16:00Z,2692644,24,27.5,27.5,,,,h,27.5,,,,0,0.001,148.681,3.064,0.992,,,0,23,279,24.605,97.513,1.882,318.459,,,,,0
2026-10-05T16:00Z,2026-10-07T16:00Z,2692644,48,28.9,28.9,,,,h,28.9,,,,0,0,88.485,2.128,0,,,0,23,280,25.933,87.461,0.86,6.641,,,,,0
2026-10-05T16:00Z,2026-10-05T17:00Z,2692645,1,40.4,40.4,,,,h,40.4,,,,0,0.01,192.594,2.131,1.788,,,0,0,278,24.871,96.178,0.853,54.601,,,,,0
2026-10-05T16:00Z,2026-10-05T19:00Z,2692645,3,32.8,32.8,,,,h,32.8,,,,0,0.004,125.418,1.565,1.751,,,0,2,278,24.578,95.471,1.032,25.501,,,,,0
2026-10-05T16:00Z,2026-10-05T22:00Z,2692645,6,23.8,23.8,,,,h,23.8,,,,0,0.002,114.359,1.383,0.037,,,0,5,278,24.45,96.533,0.735,0.155,,,,,0
2026-10-05T16:00Z,2026-10-06T04:00Z,2692645,12,13.2,13.2,,,,h,13.2,,,,0,0.003,908.046,2.539,0.1,,,0,11,279,29.289,75.915,2.043,65.255,,,,,0
2026-10-05T16:00Z,2026-10-06T16:00Z,2692645,24,48.5,48.5,,,,h,48.5,,,,0,0.001,147.165,3.036,1.072,,,0,23,279,24.595,97.533,1.89,317.355,,,,,0
2026-10-05T16:00Z,2026-10-07T16:00Z,2692645,48,32.4,32.4,,,,h,32.4,,,,0,0,84.984,1.989,0,,,0,23,280,25.947,87.5,0.786,9.824,,,,,0
2026-10-05T16:00Z,2026-10-05T17:00Z,2739142,1,4,9.6,,,,h,9.6,,,,0,0,254.247,2.535,0.484,11.1,,0.78,0,278,24.372,92.877,0.512,86.22,,,,,0
2026-10-05T16:00Z,2026-10-05T19:00Z,2739142,3,3.7,8.6,,,,h,8.6,,,,0,0,192.616,3.275,0.262,11.1,,0.78,2,278,23.945,93.906,1.423,42.476,,,,,0
2026-10-05T16:00Z,2026-10-05T22:00Z,2739142,6,3.3,7.4,,,,h,7.4,,,,0,0,268.159,4.047,0,11.1,,0.78,5,278,23.095,94.504,1.994,32.217,,,,,0
2026-10-05T16:00Z,2026-10-06T04:00Z,2739142,12,8.8,16.8,,,,h,16.8,,,,0,0,930.376,4.505,0,11.1,,0.78,11,279,28.322,64.586,3.513,50.615,,,,,0
2026-10-05T16:00Z,2026-10-06T16:00Z,2739142,24,8.2,13.6,,,,h,13.6,,,,0,0,251.285,4.502,0,11.1,,0.78,23,279,23.838,85.942,2.071,90.863,,,,,0
2026-10-05T16:00Z,2026-10-07T16:00Z,2739142,48,17.1,23,,,,h,23,,,,0,0,123.27,3.8,0,11.1,,0.78,23,280,24.035,81.655,1.402,33.101,,,,,0
2026-10-05T16:00Z,2026-10-05T17:00Z,2811479,1,5.2,13.4,,,,h,13.4,,,,0,0,133.671,1.768,0.496,18.3,,0.875,0,278,24.422,96.59,1.179,18.503,,,,,0
2026-10-05T16:00Z,2026-10-05T19:00Z,2811479,3,3.2,8.4,,,,h,8.4,,,,0,0,164.444,2.747,0.275,18.3,,0.875,2,278,23.872,97.398,1.43,39.046,,,,,0
2026-10-05T16:00Z,2026-10-05T22:00Z,2811479,6,2.9,7.3,,,,h,7.3,,,,0,0,206.493,2.524,1.16,18.3,,0.875,5,278,23.459,96.103,0.856,58.008,,,,,0
2026-10-05T16:00Z,2026-10-06T04:00Z,2811479,12,4.6,9.9,,,,h,9.9,,,,0,0,971.575,6.156,0.1,18.3,,0.875,11,279,28.346,73.666,4.568,58.074,,,,,0
2026-10-05T16:00Z,2026-10-06T16:00Z,2811479,24,6.4,11.4,,,,h,11.4,,,,0,0,364.308,5.184,0,18.3,,0.875,23,279,24.421,83.896,2.59,69.852,,,,,0
2026-10-05T16:00Z,2026-10-07T16:00Z,2811479,48,13.9,19.4,,,,h,19.4,,,,0,0,55.865,3.12,0,18.3,,0.875,23,280,24.554,86.354,1.103,13.566,,,,,0
2026-10-05T16:00Z,2026-10-05T17:00Z,2811482,1,5.2,5.2,,,,h,5.2,,,,0,0,169.235,2.815,0.688,,,0,0,278,24.078,96.13,1.865,20.44,,,,,0
2026-10-05T16:00Z,2026-10-05T19:00Z,2811482,3,3.2,3.2,,,,h,3.2,,,,0,0,222.962,4.051,0.181,,,0,2,278,23.611,97.058,2.094,31.605,,,,,0
2026-10-05T16:00Z,2026-10-05T22:00Z,2811482,6,2.9,2.9,,,,h,2.9,,,,0,0,226.821,2.917,0.575,,,0,5,278,23.417,96.013,0.909,39.186,,,,,0
2026-10-05T16:00Z,2026-10-06T04:00Z,2811482,12,4.6,4.6,,,,h,4.6,,,,0,0,975.136,7.226,0.1,,,0,11,279,27.93,72.873,5.287,58.875,,,,,0
2026-10-05T16:00Z,2026-10-06T16:00Z,2811482,24,6.4,6.4,,,,h,6.4,,,,0,0,399.686,6.133,0,,,0,23,279,23.997,80.532,3.09,71.971,,,,,0
2026-10-05T16:00Z,2026-10-07T16:00Z,2811482,48,13.9,13.9,,,,h,13.9,,,,0,0,59.065,3.553,0,,,0,23,280,24.381,85.945,1.242,7.72,,,,,0
2026-10-05T16:00Z,2026-10-05T17:00Z,2811595,1,29.9,13.2,,,,h,13.2,,,,0,0.001,214.128,2.535,1.5,14.2,,-0.812,0,278,25.153,96.032,1.161,30.387,,,,,0
2026-10-05T16:00Z,2026-10-05T19:00Z,2811595,3,27.6,12.5,,,,h,12.5,,,,0,0.001,172.299,2.221,1.683,14.2,,-0.812,2,278,24.758,95.046,1.374,15.258,,,,,0
2026-10-05T16:00Z,2026-10-05T22:00Z,2811595,6,19.2,9,,,,h,9,,,,0,0.002,130.876,1.916,0.035,14.2,,-0.812,5,278,24.47,96.488,1.034,347.121,,,,,0
2026-10-05T16:00Z,2026-10-06T04:00Z,2811595,12,18.9,9.7,,,,h,9.7,,,,0,0.002,793.322,3.178,0.147,14.2,,-0.812,11,279,28.853,78.392,2.56,48.397,,,,,0
2026-10-05T16:00Z,2026-10-06T16:00Z,2811595,24,27.5,16.6,,,,h,16.6,,,,0,0,153.837,3.361,0.482,14.2,,-0.812,23,279,24.674,97.488,1.856,322.16,,,,,0
2026-10-05T16:00Z,2026-10-07T16:00Z,2811595,48,28.9,21.3,,,,h,21.3,,,,0,0,104.552,2.954,0,14.2,,-0.812,23,280,25.775,87.341,1.322,348.355,,,,,0
2026-10-05T16:00Z,2026-10-05T17:00Z,2813904,1,18,14,,,,h,14,,,,0,0.028,40.963,0.381,0.907,16,,-0.245,0,278,25.081,95.894,0.622,132.962,,,,,0
2026-10-05T16:00Z,2026-10-05T19:00Z,2813904,3,11,8.6,,,,h,8.6,,,,0,0.013,79.324,1.971,0.108,16,,-0.245,2,278,24.628,98.519,1.525,358.461,,,,,0
2026-10-05T16:00Z,2026-10-05T22:00Z,2813904,6,6.2,4.8,,,,h,4.8,,,,0,0.007,220.483,3.665,0.008,16,,-0.245,5,278,24.532,96.346,1.613,54.142,,,,,0
2026-10-05T16:00Z,2026-10-06T04:00Z,2813904,12,3.5,2.7,,,,h,2.7,,,,0,0.001,1025.504,4.372,0.085,16,,-0.245,11,279,28.93,75.951,3.465,69.389,,,,,0
2026-10-05T16:00Z,2026-10-06T16:00Z,2813904,24,13.6,11.6,,,,h,11.6,,,,0,0,135.094,2.483,1.51,16,,-0.245,23,279,24.414,95.904,1.872,308.159,,,,,0
2026-10-05T16:00Z,2026-10-07T16:00Z,2813904,48,9.6,8.7,,,,h,8.7,,,,0,0,111.633,4.438,0,16,,-0.245,23,280,24.827,93.202,2.003,356.596,,,,,0
2026-10-05T16:00Z,2026-10-05T17:00Z,2813975,1,5.3,5.3,,,,h,5.3,,,,0,0,189.364,0.997,2.574,,,0,0,278,24.614,92.542,0.838,64.276,,,,,0
2026-10-05T16:00Z,2026-10-05T19:00Z,2813975,3,5,5,,,,h,5,,,,0,0,93.275,1.276,0.726,,,0,2,278,23.984,93.945,0.553,150.363,,,,,0
2026-10-05T16:00Z,2026-10-05T22:00Z,2813975,6,2.1,2.1,,,,h,2.1,,,,0,0,208.16,2.111,0.602,,,0,5,278,23.571,94.277,0.825,139.034,,,,,0
2026-10-05T16:00Z,2026-10-06T04:00Z,2813975,12,2.4,2.4,,,,h,2.4,,,,0,0,494.925,2.911,0.195,,,0,11,279,27.428,80.45,2.418,205.609,,,,,0
2026-10-05T16:00Z,2026-10-06T16:00Z,2813975,24,5,5,,,,h,5,,,,0,0,167.256,1,0,,,0,23,279,25.659,86.481,0.436,291.905,,,,,0
2026-10-05T16:00Z,2026-10-07T16:00Z,2813975,48,3,3,,,,h,3,,,,0,0,164.053,1.522,0.218,,,0,23,280,25.014,90.912,0.716,309.831,,,,,0
2026-10-05T16:00Z,2026-10-05T17:00Z,2821337,1,4.5,4.9,,,,h,4.9,,,,0,0.045,131.443,2.305,0.241,10.8,,0.07,0,278,22.769,96.673,0.918,9.502,,,,,0
2026-10-05T16:00Z,2026-10-05T19:00Z,2821337,3,3.2,3.5,,,,h,3.5,,,,0,0.029,178.721,3.068,0.635,10.8,,0.07,2,278,22.3,97.155,1.525,32.221,,,,,0
2026-10-05T16:00Z,2026-10-05T22:00Z,2821337,6,2.2,2.4,,,,h,2.4,,,,0,0.001,241.939,3.336,0.579,10.8,,0.07,5,278,21.973,96.446,1.801,9.049,,,,,0
2026-10-05T16:00Z,2026-10-06T04:00Z,2821337,12,3.7,4,,,,h,4,,,,0,0,734.19,3.882,0.11,10.8,,0.07,11,279,24.683,78.908,2.946,48.149,,,,,0
2026-10-05T16:00Z,2026-10-06T16:00Z,2821337,24,11.6,12.1,,,,h,12.1,,,,0,0,22.55,0.762,0,10.8,,0.07,23,279,22.982,91.225,0.071,5.744,,,,,0
2026-10-05T16:00Z,2026-10-07T16:00Z,2821337,48,15.7,16.1,,,,h,16.1,,,,0,0,24.043,0.421,0,10.8,,0.07,23,280,23.394,88.443,0.211,81.132,,,,,0
2026-10-05T16:00Z,2026-10-05T17:00Z,2827389,1,8.3,5.6,,,,h,5.6,,,,0,0,15.172,0.098,0.004,8.3,,-0.36,0,278,23.524,96.898,0.113,119.609,,,,,0
2026-10-05T16:00Z,2026-10-05T19:00Z,2827389,3,9.3,6.4,,,,h,6.4,,,,0,0,32.26,0.504,0.883,8.3,,-0.36,2,278,22.933,96.278,0.123,64.734,,,,,0
2026-10-05T16:00Z,2026-10-05T22:00Z,2827389,6,4,2.7,,,,h,2.7,,,,0,0,93.908,1.452,0.93,8.3,,-0.36,5,278,21.988,97.514,0.666,23.339,,,,,0
2026-10-05T16:00Z,2026-10-06T04:00Z,2827389,12,5.8,4.2,,,,h,4.2,,,,0,0,559.766,0.16,0.234,8.3,,-0.36,11,279,26.23,79.441,0.196,332.499,,,,,0
2026-10-05T16:00Z,2026-10-06T16:00Z,2827389,24,15.2,12.1,,,,h,12.1,,,,0,0,53.547,0.905,0,8.3,,-0.36,23,279,22.919,97.565,0.453,206.531,,,,,0
2026-10-05T16:00Z,2026-10-07T16:00Z,2827389,48,20.8,18.2,,,,h,18.2,,,,0,0,52.942,1.556,0,8.3,,-0.36,23,280,23.623,95.606,0.504,212.945,,,,,0
2026-10-05T16:00Z,2026-10-05T17:00Z,2827395,1,2.5,2.6,,,,h,2.6,,,,0,0,272.505,3.844,0.48,3.8,,0.019,0,278,23.474,91.917,1.726,50.138,,,,,0
2026-10-05T16:00Z,2026-10-05T19:00Z,2827395,3,3.5,3.6,,,,h,3.6,,,,0,0,206.316,3.273,0.48,3.8,,0.019,2,278,22.636,88.574,1.167,52.422,,,,,0
2026-10-05T16:00Z,2026-10-05T22:00Z,2827395,6,4.8,4.9,,,,h,4.9,,,,0,0,262.065,4.425,0,3.8,,0.019,5,278,22.031,84.359,1.966,51.313,,,,,0
2026-10-05T16:00Z,2026-10-06T04:00Z,2827395,12,6.8,6.9,,,,h,6.9,,,,0,0,787,2.532,0,3.8,,0.019,11,279,27.64,63.268,1.976,43.418,,,,,0
2026-10-05T16:00Z,2026-10-06T16:00Z,2827395,24,8.6,8.7,,,,h,8.7,,,,0,0,216.196,4.558,0,3.8,,0.019,23,279,23.168,79.787,2.04,69.683,,,,,0
2026-10-05T16:00Z,2026-10-07T16:00Z,2827395,48,12.8,12.9,,,,h,12.9,,,,0,0,119.601,3.391,0,3.8,,0.019,23,280,23.492,79.259,1.322,82.41,,,,,0
2026-10-05T16:00Z,2026-10-05T17:00Z,2827396,1,3.7,4.6,,,,h,4.6,,,,0,0.001,20,0.355,0.038,4.3,,0.188,0,278,23.515,94.728,0.116,239.553,,,,,0
2026-10-05T16:00Z,2026-10-05T19:00Z,2827396,3,1.1,1.5,,,,h,1.5,,,,0,0.001,65.422,1.441,0.147,4.3,,0.188,2,278,22.976,98.119,0.582,17.271,,,,,0
2026-10-05T16:00Z,2026-10-05T22:00Z,2827396,6,2.6,3.2,,,,h,3.2,,,,0,0,246.275,2.673,0.349,4.3,,0.188,5,278,22.794,97.904,1.436,23.927,,,,,0
2026-10-05T16:00Z,2026-10-06T04:00Z,2827396,12,5.1,6,,,,h,6,,,,0,0,529.09,2.393,0.119,4.3,,0.188,11,279,25.514,81.403,1.872,29.17,,,,,0
2026-10-05T16:00Z,2026-10-06T16:00Z,2827396,24,2.8,3.2,,,,h,3.2,,,,0,0,35.574,0.278,0,4.3,,0.188,23,279,23.492,93.832,0.252,288.652,,,,,0
2026-10-05T16:00Z,2026-10-07T16:00Z,2827396,48,12,12.9,,,,h,12.9,,,,0,0,26.102,0.63,0,4.3,,0.188,23,280,23.989,94.453,0.163,234.025,,,,,0
2026-10-05T16:00Z,2026-10-05T17:00Z,2832266,1,7,7,,,,h,7,,,,0,0,68.8,0.758,0.183,,,0,0,278,24.836,97.572,0.282,334.786,,,,,0
2026-10-05T16:00Z,2026-10-05T19:00Z,2832266,3,5.7,5.7,,,,h,5.7,,,,0,0,54.891,0.483,0.05,,,0,2,278,24.469,97.635,0.555,84.573,,,,,0
2026-10-05T16:00Z,2026-10-05T22:00Z,2832266,6,4.8,4.8,,,,h,4.8,,,,0,0,67.046,1.256,1.214,,,0,5,278,23.816,95.87,0.479,94.731,,,,,0
2026-10-05T16:00Z,2026-10-06T04:00Z,2832266,12,3.1,3.1,,,,h,3.1,,,,0,0,932.413,2.446,0.18,,,0,11,279,29.265,75.481,1.846,40.131,,,,,0
2026-10-05T16:00Z,2026-10-06T16:00Z,2832266,24,5.5,5.5,,,,h,5.5,,,,0,0,169.746,1.732,0.014,,,0,23,279,25.019,93.359,1.086,47.932,,,,,0
2026-10-05T16:00Z,2026-10-07T16:00Z,2832266,48,10.3,10.3,,,,h,10.3,,,,0,0,39.448,1.724,0.014,,,0,23,280,24.66,89.717,0.749,48.866,,,,,0
2026-10-05T16:00Z,2026-10-05T17:00Z,2832600,1,3.7,4,,,,h,4,,,,0,0.001,20,0.152,0.083,3.3,,0.06,0,278,22.931,97.169,0.074,162.889,,,,,0
2026-10-05T16:00Z,2026-10-05T19:00Z,2832600,3,1.1,1.2,,,,h,1.2,,,,0,0.001,83.908,1.821,0.228,3.3,,0.06,2,278,22.619,98.284,0.821,21.128,,,,,0
2026-10-05T16:00Z,2026-10-05T22:00Z,2832600,6,2.6,2.8,,,,h,2.8,,,,0,0,209.566,2.84,0.309,3.3,,0.06,5,278,22.221,97.669,1.509,25.385,,,,,0
2026-10-05T16:00Z,2026-10-06T04:00Z,2832600,12,5.1,5.4,,,,h,5.4,,,,0,0,606.763,2.199,0.142,3.3,,0.06,11,279,25.224,82.032,1.708,44.462,,,,,0
2026-10-05T16:00Z,2026-10-06T16:00Z,2832600,24,2.8,2.9,,,,h,2.9,,,,0,0,29.738,0.211,0,3.3,,0.06,23,279,23.007,93.897,0.225,343.591,,,,,0
2026-10-05T16:00Z,2026-10-07T16:00Z,2832600,48,12,12.3,,,,h,12.3,,,,0,0,20.665,0.625,0,3.3,,0.06,23,280,23.345,95.183,0.162,218.685,,,,,0
2026-10-05T16:00Z,2026-10-05T17:00Z,2843720,1,3.4,3.4,,,,h,3.4,,,,0,0,74.07,1.082,1.2,4.2,,-0.005,0,278,22.797,97.275,0.447,342.092,,,,,0
2026-10-05T16:00Z,2026-10-05T19:00Z,2843720,3,2.7,2.7,,,,h,2.7,,,,0,0,135.086,2.007,0.388,4.2,,-0.005,2,278,22.219,99.579,1.164,338.783,,,,,0
2026-10-05T16:00Z,2026-10-05T22:00Z,2843720,6,2.2,2.2,,,,h,2.2,,,,0,0,116.469,1.219,0.744,4.2,,-0.005,5,278,21.778,97.899,0.343,24.292,,,,,0
2026-10-05T16:00Z,2026-10-06T04:00Z,2843720,12,3.5,3.5,,,,h,3.5,,,,0,0,726.474,0.686,0.015,4.2,,-0.005,11,279,26.302,77.146,0.532,28.824,,,,,0
2026-10-05T16:00Z,2026-10-06T16:00Z,2843720,24,4.2,4.2,,,,h,4.2,,,,0,0,17.14,0.777,0,4.2,,-0.005,23,279,23.417,95.946,0.094,45.876,,,,,0
2026-10-05T16:00Z,2026-10-07T16:00Z,2843720,48,10,10,,,,h,10,,,,0,0,23.937,0.628,0,4.2,,-0.005,23,280,23.382,98.677,0.216,261.425,,,,,0
2026-10-05T16:00Z,2026-10-05T17:00Z,2843723,1,8.2,22.9,,,,h,22.9,,,,0,0,266.983,3.693,0.032,33.5,,0.997,0,278,25.725,93.591,2.151,99.213,,,,,0
2026-10-05T16:00Z,2026-10-05T19:00Z,2843723,3,8.7,23.3,,,,h,23.3,,,,0,0,136.523,1.519,0.001,33.5,,0.997,2,278,25.346,95.384,0.996,61.153,,,,,0
2026-10-05T16:00Z,2026-10-05T22:00Z,2843723,6,5.5,14.4,,,,h,14.4,,,,0,0,98.313,1.887,0,33.5,,0.997,5,278,24.911,95.143,0.975,16.959,,,,,0
2026-10-05T16:00Z,2026-10-06T04:00Z,2843723,12,2.9,7.3,,,,h,7.3,,,,0,0,840.316,3.808,0.105,33.5,,0.997,11,279,29.234,75.514,2.977,55.5,,,,,0
2026-10-05T16:00Z,2026-10-06T16:00Z,2843723,24,7.8,14.9,,,,h,14.9,,,,0,0,85.791,2.723,0.053,33.5,,0.997,23,279,25.48,96.047,1.343,39.17,,,,,0
2026-10-05T16:00Z,2026-10-07T16:00Z,2843723,48,16.3,23.8,,,,h,23.8,,,,0,0,99.581,4.389,0,33.5,,0.997,23,280,26.187,81.872,1.841,53.972,,,,,0
2026-10-05T16:00Z,2026-10-05T17:00Z,2843771,1,1.2,1.2,,,,h,1.2,,,,0,0,19.871,0.567,0,,,0,0,278,20.696,98.683,0.12,85.777,,,,,0
2026-10-05T16:00Z,2026-10-05T19:00Z,2843771,3,1.7,1.7,,,,h,1.7,,,,0,0,49.865,0.861,0.101,,,0,2,278,20.644,98.858,0.3,18.838,,,,,0
2026-10-05T16:00Z,2026-10-05T22:00Z,2843771,6,1.8,1.8,,,,h,1.8,,,,0,0,51.135,0.912,0.127,,,0,5,278,20.759,98.796,0.481,63.668,,,,,0
2026-10-05T16:00Z,2026-10-06T04:00Z,2843771,12,4.4,4.4,,,,h,4.4,,,,0,0,634.164,1.381,0.317,,,0,11,279,23.708,85.524,0.9,74.807,,,,,0
2026-10-05T16:00Z,2026-10-06T16:00Z,2843771,24,3.3,3.3,,,,h,3.3,,,,0,0,20.872,0.666,0,,,0,23,279,20.487,99.275,0.333,348.437,,,,,0
2026-10-05T16:00Z,2026-10-07T16:00Z,2843771,48,6.4,6.4,,,,h,6.4,,,,0,0,16.914,0.27,0,,,0,23,280,21.259,98.108,0.068,172.294,,,,,0
2026-10-05T16:00Z,2026-10-05T17:00Z,2847191,1,13.4,0.5,,,,h,0.5,,,,0,0.001,26.137,1.365,0.618,0,,-2.355,0,278,22.681,98.623,0.669,61.51,,,,,0
2026-10-05T16:00Z,2026-10-05T19:00Z,2847191,3,7.4,0,,,,h,0,,,,0,0.001,92.918,2.512,0.12,0,,-2.355,2,278,22.13,97.793,0.985,48.524,,,,,0
2026-10-05T16:00Z,2026-10-05T22:00Z,2847191,6,3.6,0,,,,h,0,,,,0,0.001,110.707,2.501,0.144,0,,-2.355,5,278,21.79,97.642,0.962,30.263,,,,,0
2026-10-05T16:00Z,2026-10-06T04:00Z,2847191,12,4.6,0,,,,h,0,,,,0,0,960.98,1.66,0.167,0,,-2.355,11,279,26.826,74.452,1.378,38.654,,,,,0
2026-10-05T16:00Z,2026-10-06T16:00Z,2847191,24,3.4,0.1,,,,h,0.1,,,,0,0,17.712,1.505,0,0,,-2.355,23,279,22.274,98.133,0.421,31.788,,,,,0
2026-10-05T16:00Z,2026-10-07T16:00Z,2847191,48,24.3,9.8,,,,h,9.8,,,,0,0,20,0.141,0,0,,-2.355,23,280,22.723,96.55,0.2,199.685,,,,,0
2026-10-05T16:00Z,2026-10-05T17:00Z,2847192,1,32.2,32.2,,,,h,32.2,,,,0,0.007,187.349,1.978,1.483,,,0,0,278,24.971,95.769,0.814,61.855,,,,,0
2026-10-05T16:00Z,2026-10-05T19:00Z,2847192,3,22.9,22.9,,,,h,22.9,,,,0,0.013,137.645,1.625,1.349,,,0,2,278,24.679,94.704,1.018,13.581,,,,,0
2026-10-05T16:00Z,2026-10-05T22:00Z,2847192,6,16.4,16.4,,,,h,16.4,,,,0,0.018,218.14,2.285,0.029,,,0,5,278,24.612,95.366,1.134,27.101,,,,,0
2026-10-05T16:00Z,2026-10-06T04:00Z,2847192,12,7.1,7.1,,,,h,7.1,,,,0,0.004,889.797,3.216,0.085,,,0,11,279,28.813,76.217,2.58,60.075,,,,,0
2026-10-05T16:00Z,2026-10-06T16:00Z,2847192,24,26.1,26.1,,,,h,26.1,,,,0,0.001,170.614,2.668,1.072,,,0,23,279,24.754,95.447,1.744,325.752,,,,,0
2026-10-05T16:00Z,2026-10-07T16:00Z,2847192,48,15.9,15.9,,,,h,15.9,,,,0,0,123.32,2.998,0,,,0,23,280,25.592,88.953,1.448,359.536,,,,,0
2026-10-05T16:00Z,2026-10-05T17:00Z,2847196,1,8.2,16,,,,h,16,,,,0,0,253.329,2.992,0.156,21.2,,0.641,0,278,25.851,92.099,1.984,90.86,,,,,0
2026-10-05T16:00Z,2026-10-05T19:00Z,2847196,3,8.7,16.5,,,,h,16.5,,,,0,0,160.843,1.479,0.022,21.2,,0.641,2,278,25.542,92.994,1.096,66.989,,,,,0
2026-10-05T16:00Z,2026-10-05T22:00Z,2847196,6,5.5,10.3,,,,h,10.3,,,,0,0,165.625,1.312,0,21.2,,0.641,5,278,25.352,91.774,0.857,32.932,,,,,0
2026-10-05T16:00Z,2026-10-06T04:00Z,2847196,12,2.9,5.4,,,,h,5.4,,,,0,0,726.581,3.174,0.126,21.2,,0.641,11,279,28.626,77.373,2.557,49.829,,,,,0
2026-10-05T16:00Z,2026-10-06T16:00Z,2847196,24,7.8,11.9,,,,h,11.9,,,,0,0,150.659,2.522,0.214,21.2,,0.641,23,279,25.822,92.304,1.632,45.278,,,,,0
2026-10-05T16:00Z,2026-10-07T16:00Z,2847196,48,16.3,20.8,,,,h,20.8,,,,0,0,151.823,3.449,0,21.2,,0.641,23,280,26.539,81.38,1.487,51.237,,,,,0
2026-10-05T16:00Z,2026-10-05T17:00Z,2847198,1,4.5,4.5,,,,h,4.5,,,,0,0.081,144.926,2.364,0.194,,,0,0,278,22.617,96.658,0.872,25.449,,,,,0
2026-10-05T16:00Z,2026-10-05T19:00Z,2847198,3,3.2,3.2,,,,h,3.2,,,,0,0.054,183.992,3.163,0.739,,,0,2,278,22.075,97.287,1.653,36.033,,,,,0
2026-10-05T16:00Z,2026-10-05T22:00Z,2847198,6,2.2,2.2,,,,h,2.2,,,,0,0.001,228.268,3.105,0.539,,,0,5,278,21.783,96.884,1.633,20.542,,,,,0
2026-10-05T16:00Z,2026-10-06T04:00Z,2847198,12,3.7,3.7,,,,h,3.7,,,,0,0,701.152,4.029,0.117,,,0,11,279,24.48,78.673,3.038,49.776,,,,,0
2026-10-05T16:00Z,2026-10-06T16:00Z,2847198,24,11.6,11.6,,,,h,11.6,,,,0,0,24.598,0.823,0,,,0,23,279,22.981,90.644,0.097,8.575,,,,,0
2026-10-05T16:00Z,2026-10-07T16:00Z,2847198,48,15.7,15.7,,,,h,15.7,,,,0,0,24.849,0.552,0,,,0,23,280,23.37,86.555,0.319,88.365,,,,,0
2026-10-05T16:00Z,2026-10-05T17:00Z,2848810,1,40.4,12.9,,,,h,12.9,,,,0,0.018,187.655,2.09,1.994,8.5,,-1.137,0,278,24.784,96.311,0.85,48.654,,,,,0
2026-10-05T16:00Z,2026-10-05T19:00Z,2848810,3,32.8,10.9,,,,h,10.9,,,,0,0.005,123.94,1.546,1.995,8.5,,-1.137,2,278,24.487,95.475,1.065,21.274,,,,,0
2026-10-05T16:00Z,2026-10-05T22:00Z,2848810,6,23.8,8.3,,,,h,8.3,,,,0,0.002,116.967,1.335,0.042,8.5,,-1.137,5,278,24.409,96.52,0.708,359.759,,,,,0
2026-10-05T16:00Z,2026-10-06T04:00Z,2848810,12,13.2,5,,,,h,5,,,,0,0.004,911.21,2.446,0.1,8.5,,-1.137,11,279,29.287,75.788,1.973,67.651,,,,,0
2026-10-05T16:00Z,2026-10-06T16:00Z,2848810,24,48.5,24.2,,,,h,24.2,,,,0,0.001,152.628,3.12,1.118,8.5,,-1.137,23,279,24.556,97.52,1.973,316.063,,,,,0
2026-10-05T16:00Z,2026-10-07T16:00Z,2848810,48,32.4,21.2,,,,h,21.2,,,,0,0,87.283,2.025,0,8.5,,-1.137,23,280,25.965,87.713,0.834,7.376,,,,,0
2026-10-05T16:00Z,2026-10-05T17:00Z,2894459,1,14,31,,,,h,31,,,,0,0.017,61.557,0.769,0.511,38.1,,0.791,0,278,25.312,96.58,0.768,39.722,,,,,0
2026-10-05T16:00Z,2026-10-05T19:00Z,2894459,3,8.1,17.8,,,,h,17.8,,,,0,0.015,80.448,1.581,0.005,38.1,,0.791,2,278,24.929,97.62,0.689,2.053,,,,,0
2026-10-05T16:00Z,2026-10-05T22:00Z,2894459,6,5.6,12.1,,,,h,12.1,,,,0,0.011,167.034,2.531,0,38.1,,0.791,5,278,24.704,97.177,0.878,47.673,,,,,0
2026-10-05T16:00Z,2026-10-06T04:00Z,2894459,12,4.1,8.3,,,,h,8.3,,,,0,0.002,1074.035,4.333,0.077,38.1,,0.791,11,279,29.872,72.696,3.361,61.976,,,,,0
2026-10-05T16:00Z,2026-10-06T16:00Z,2894459,24,23.4,38,,,,h,38,,,,0,0,75.231,1.658,0.659,38.1,,0.791,23,279,25.335,92.795,1.223,3.06,,,,,0
2026-10-05T16:00Z,2026-10-07T16:00Z,2894459,48,14.4,19.5,,,,h,19.5,,,,0,0,92.757,3.996,0,38.1,,0.791,23,280,25.275,86.278,1.743,21.851,,,,,0
2026-10-05T16:00Z,2026-10-05T17:00Z,2909413,1,14.3,14.3,,,,h,14.3,,,,0,0,229.333,3.742,0.38,,,0,0,278,25.375,94.831,1.943,103.679,,,,,0
2026-10-05T16:00Z,2026-10-05T19:00Z,2909413,3,12.2,12.2,,,,h,12.2,,,,0,0,99.157,1.573,0.024,,,0,2,278,25.134,95.98,0.714,71.131,,,,,0
2026-10-05T16:00Z,2026-10-05T22:00Z,2909413,6,10.9,10.9,,,,h,10.9,,,,0,0,76.968,1.585,0.001,,,0,5,278,24.755,96.408,0.828,20.713,,,,,0
2026-10-05T16:00Z,2026-10-06T04:00Z,2909413,12,12.6,12.6,,,,h,12.6,,,,0,0.001,963.618,3.141,0.061,,,0,11,279,29.667,74.281,2.446,64.954,,,,,0
2026-10-05T16:00Z,2026-10-06T16:00Z,2909413,24,16.1,16.1,,,,h,16.1,,,,0,0,87.389,1.853,0.882,,,0,23,279,25.029,97.408,0.962,357.491,,,,,0
2026-10-05T16:00Z,2026-10-07T16:00Z,2909413,48,22.6,22.6,,,,h,22.6,,,,0,0,62.398,3.072,0,,,0,23,280,26.053,84.485,1.24,63.906,,,,,0
2026-10-05T16:00Z,2026-10-05T17:00Z,2926254,1,1.2,1.2,,,,h,1.2,,,,0,0,45.196,1.094,0,,,0,0,278,20.675,97.82,0.325,59.822,,,,,0
2026-10-05T16:00Z,2026-10-05T19:00Z,2926254,3,1.7,1.7,,,,h,1.7,,,,0,0,72.457,1.406,0.202,,,0,2,278,20.564,98.37,0.532,46.668,,,,,0
2026-10-05T16:00Z,2026-10-05T22:00Z,2926254,6,1.8,1.8,,,,h,1.8,,,,0,0,110.866,1.597,0.077,,,0,5,278,20.421,99.347,0.831,53.518,,,,,0
2026-10-05T16:00Z,2026-10-06T04:00Z,2926254,12,4.4,4.4,,,,h,4.4,,,,0,0,609.144,2.41,0.253,,,0,11,279,23.315,87.476,1.706,56.79,,,,,0
2026-10-05T16:00Z,2026-10-06T16:00Z,2926254,24,3.3,3.3,,,,h,3.3,,,,0,0,42.809,1.165,0,,,0,23,279,20.226,98.967,0.486,51.61,,,,,0
2026-10-05T16:00Z,2026-10-07T16:00Z,2926254,48,6.4,6.4,,,,h,6.4,,,,0,0,18.383,0.564,0,,,0,23,280,20.893,98.709,0.209,201.955,,,,,0
2026-10-05T16:00Z,2026-10-05T17:00Z,2927999,1,23.5,16.7,,,,h,16.7,,,,0,0.006,83.977,1.616,0.709,18,,-0.339,0,278,24.946,96.649,0.99,119.452,,,,,0
2026-10-05T16:00Z,2026-10-05T19:00Z,2927999,3,17.9,12.8,,,,h,12.8,,,,0,0.004,67.803,0.902,0.087,18,,-0.339,2,278,24.674,97.127,0.731,3.548,,,,,0
2026-10-05T16:00Z,2026-10-05T22:00Z,2927999,6,8.5,6.1,,,,h,6.1,,,,0,0.003,167.631,3.374,0.074,18,,-0.339,5,278,24.513,95.147,1.746,8.431,,,,,0
2026-10-05T16:00Z,2026-10-06T04:00Z,2927999,12,3.4,2.4,,,,h,2.4,,,,0,0.001,792.176,2.972,0.298,18,,-0.339,11,279,27.716,82.854,2.329,34.48,,,,,0
2026-10-05T16:00Z,2026-10-06T16:00Z,2927999,24,7.1,5.6,,,,h,5.6,,,,0,0,178.891,4.489,2.42,18,,-0.339,23,279,24.011,97.37,2.746,297.11,,,,,0
2026-10-05T16:00Z,2026-10-07T16:00Z,2927999,48,8.5,7.4,,,,h,7.4,,,,0,0,122.605,4.808,0,18,,-0.339,23,280,24.552,94.109,2.316,329.253,,,,,0
2026-10-05T16:00Z,2026-10-05T17:00Z,3019320,1,20.6,34.2,,,,h,34.2,,,,0,0.009,178.066,2.09,1.904,29.1,,0.511,0,278,24.728,96.349,0.762,68.115,,,,,0
2026-10-05T16:00Z,2026-10-05T19:00Z,3019320,3,15.6,25.6,,,,h,25.6,,,,0,0.002,101.754,1.321,1.699,29.1,,0.511,2,278,24.507,95.632,0.878,36.367,,,,,0
2026-10-05T16:00Z,2026-10-05T22:00Z,3019320,6,15.1,24,,,,h,24,,,,0,0.002,106.469,1.127,0.036,29.1,,0.511,5,278,24.448,96.633,0.615,9.5,,,,,0
2026-10-05T16:00Z,2026-10-06T04:00Z,3019320,12,9,13.8,,,,h,13.8,,,,0,0.004,969.604,2.27,0.074,29.1,,0.511,11,279,29.511,74.856,1.817,76.409,,,,,0
2026-10-05T16:00Z,2026-10-06T16:00Z,3019320,24,25.3,34.6,,,,h,34.6,,,,0,0.001,146.067,3.093,1.457,29.1,,0.511,23,279,24.506,97.633,2.033,310.234,,,,,0
2026-10-05T16:00Z,2026-10-07T16:00Z,3019320,48,21.8,26.4,,,,h,26.4,,,,0,0,71.282,1.423,0,29.1,,0.511,23,280,25.998,87.968,0.521,21.855,,,,,0
2026-10-05T16:00Z,2026-10-05T17:00Z,3047340,1,8.4,1.5,,,,h,1.5,,,,0,0,54.217,0.73,0,2.9,,-1.372,0,278,22.333,96.99,0.357,288.361,,,,,0
2026-10-05T16:00Z,2026-10-05T19:00Z,3047340,3,7.7,1.5,,,,h,1.5,,,,0,0,71.234,1.171,0.722,2.9,,-1.372,2,278,21.804,96.343,0.444,35.146,,,,,0
2026-10-05T16:00Z,2026-10-05T22:00Z,3047340,6,3.6,0.4,,,,h,0.4,,,,0,0,87.226,1.311,0.914,2.9,,-1.372,5,278,21.234,97.623,0.62,337.092,,,,,0
2026-10-05T16:00Z,2026-10-06T04:00Z,3047340,12,7,1.8,,,,h,1.8,,,,0,0,640.479,0.782,0.48,2.9,,-1.372,11,279,25.468,81.03,0.701,316.449,,,,,0
2026-10-05T16:00Z,2026-10-06T16:00Z,3047340,24,17,7,,,,h,7,,,,0,0,20.655,0.253,0.313,2.9,,-1.372,23,279,22.279,95.934,0.103,255.814,,,,,0
2026-10-05T16:00Z,2026-10-07T16:00Z,3047340,48,20.1,11.9,,,,h,11.9,,,,0,0,27.093,1.029,0,2.9,,-1.372,23,280,22.274,98.707,0.228,157.238,,,,,0
2026-10-05T16:00Z,2026-10-05T17:00Z,3090636,1,20.6,30.5,,,,h,30.5,,,,0,0.006,189.527,2.207,1.63,22.4,,0.394,0,278,24.877,96.115,0.853,69.92,,,,,0
2026-10-05T16:00Z,2026-10-05T19:00Z,3090636,3,15.6,22.9,,,,h,22.9,,,,0,0.002,111.516,1.436,1.449,22.4,,0.394,2,278,24.633,95.584,0.892,37.037,,,,,0
2026-10-05T16:00Z,2026-10-05T22:00Z,3090636,6,15.1,21.6,,,,h,21.6,,,,0,0.001,106.01,1.274,0.031,22.4,,0.394,5,278,24.495,96.597,0.685,6.419,,,,,0
2026-10-05T16:00Z,2026-10-06T04:00Z,3090636,12,9,12.5,,,,h,12.5,,,,0,0.003,944.248,2.464,0.082,22.4,,0.394,11,279,29.438,75.324,1.971,69.353,,,,,0
2026-10-05T16:00Z,2026-10-06T16:00Z,3090636,24,25.3,32.2,,,,h,32.2,,,,0,0.001,139.589,2.925,1.256,22.4,,0.394,23,279,24.592,97.597,1.859,314.984,,,,,0
2026-10-05T16:00Z,2026-10-07T16:00Z,3090636,48,21.8,25.3,,,,h,25.3,,,,0,0,74.047,1.636,0,22.4,,0.394,23,280,25.966,87.479,0.57,22.127,,,,,0
2026-10-05T16:00Z,2026-10-05T17:00Z,3097120,1,29.9,34.9,,,,h,34.9,,,,0,0.006,198.283,2.186,1.619,27.3,,0.156,0,278,24.955,96.056,0.884,56.981,,,,,0
2026-10-05T16:00Z,2026-10-05T19:00Z,3097120,3,27.6,32,,,,h,32,,,,0,0.003,129.868,1.622,1.577,27.3,,0.156,2,278,24.656,95.446,1.036,27.246,,,,,0
2026-10-05T16:00Z,2026-10-05T22:00Z,3097120,6,19.2,22.1,,,,h,22.1,,,,0,0.002,113.551,1.457,0.033,27.3,,0.156,5,278,24.481,96.528,0.773,359.393,,,,,0
2026-10-05T16:00Z,2026-10-06T04:00Z,3097120,12,18.9,21.4,,,,h,21.4,,,,0,0.002,897.001,2.658,0.103,27.3,,0.156,11,279,29.26,76.16,2.135,62.276,,,,,0
2026-10-05T16:00Z,2026-10-06T16:00Z,3097120,24,27.5,30.3,,,,h,30.3,,,,0,0.001,143.293,2.974,0.985,27.3,,0.156,23,279,24.636,97.528,1.809,319.371,,,,,0
2026-10-05T16:00Z,2026-10-07T16:00Z,3097120,48,28.9,30.6,,,,h,30.6,,,,0,0,85.198,2.047,0,27.3,,0.156,23,280,25.925,87.278,0.788,10.388,,,,,0
2026-10-05T16:00Z,2026-10-05T17:00Z,3203249,1,4.3,17.8,,,,h,17.8,,,,0,0,353.462,4.087,1.15,22.3,,1.318,0,278,26.915,85.298,3.302,353.689,,,,,0
2026-10-05T16:00Z,2026-10-05T19:00Z,3203249,3,3.3,13.5,,,,h,13.5,,,,0,0,306.462,0.701,0.12,22.3,,1.318,2,278,26.796,85.364,0.789,240.109,,,,,0
2026-10-05T16:00Z,2026-10-05T22:00Z,3203249,6,3,11.5,,,,h,11.5,,,,0,0,73.564,1.103,0.128,22.3,,1.318,5,278,26.397,85.895,0.653,128.429,,,,,0
2026-10-05T16:00Z,2026-10-06T04:00Z,3203249,12,3.9,12.4,,,,h,12.4,,,,0,0,482.268,2.177,0.045,22.3,,1.318,11,279,27.881,78.879,1.922,166.436,,,,,0
2026-10-05T16:00Z,2026-10-06T16:00Z,3203249,24,2.9,7.5,,,,h,7.5,,,,0,0,406.394,0.442,0,22.3,,1.318,23,279,27.465,83.387,0.625,273.538,,,,,0
2026-10-05T16:00Z,2026-10-07T16:00Z,3203249,48,2.5,4.6,,,,h,4.6,,,,0,0,375.062,1.697,0.002,22.3,,1.318,23,280,27.137,84.61,1.377,333.069,,,,,0
2026-10-05T16:00Z,2026-10-05T17:00Z,3276359,1,70.3,50.8,,,,h,50.8,,,,0,0.022,101.641,1.699,0.043,35,,-0.332,0,278,25.372,94.285,0.559,136.166,,,,,0
2026-10-05T16:00Z,2026-10-05T19:00Z,3276359,3,65.7,48.1,,,,h,48.1,,,,0,0.015,96.917,0.617,0.014,35,,-0.332,2,278,25.245,94.892,0.555,41.269,,,,,0
2026-10-05T16:00Z,2026-10-05T22:00Z,3276359,6,32.1,23.8,,,,h,23.8,,,,0,0.013,141.989,1.073,0,35,,-0.332,5,278,25.049,95.863,0.651,12.941,,,,,0
2026-10-05T16:00Z,2026-10-06T04:00Z,3276359,12,33.5,25.8,,,,h,25.8,,,,0,0.009,806.454,1.715,0.126,35,,-0.332,11,279,30.269,75.029,1.403,14.375,,,,,0
2026-10-05T16:00Z,2026-10-06T16:00Z,3276359,24,60.8,49.7,,,,h,49.7,,,,0,0.01,145.187,1.712,0.106,35,,-0.332,23,279,24.551,94.936,0.929,329.074,,,,,0
2026-10-05T16:00Z,2026-10-07T16:00Z,3276359,48,48.9,43.3,,,,h,43.3,,,,0,0,194.812,3.161,0.029,35,,-0.332,23,280,24.856,96.038,1.67,279.491,,,,,0
2026-10-05T16:00Z,2026-10-05T17:00Z,3400922,1,8.4,24,,,,h,24,,,,0,0,216.124,2.444,2.163,14.7,,1.022,0,278,25.137,91.744,2.374,109.78,,,,,0
2026-10-05T16:00Z,2026-10-05T19:00Z,3400922,3,8.5,23.3,,,,h,23.3,,,,0,0,188.802,2.91,0.591,14.7,,1.022,2,278,24.539,93.825,2.333,142.786,,,,,0
2026-10-05T16:00Z,2026-10-05T22:00Z,3400922,6,2.9,8.4,,,,h,8.4,,,,0,0,228.335,2.199,0.373,14.7,,1.022,5,278,24.216,92.644,1.681,196.107,,,,,0
2026-10-05T16:00Z,2026-10-06T04:00Z,3400922,12,3.9,9.7,,,,h,9.7,,,,0,0,609.359,2.356,0.15,14.7,,1.022,11,279,28.231,76.444,1.878,222.026,,,,,0
2026-10-05T16:00Z,2026-10-06T16:00Z,3400922,24,9.7,18.6,,,,h,18.6,,,,0,0,218.768,1.486,0.198,14.7,,1.022,23,279,25.883,88.392,1.321,220.451,,,,,0
2026-10-05T16:00Z,2026-10-07T16:00Z,3400922,48,4.8,7.4,,,,h,7.4,,,,0,0,183.682,1.104,0.607,14.7,,1.022,23,280,25.448,88.656,0.541,261.405,,,,,0
2026-10-05T16:00Z,2026-10-05T17:00Z,3400935,1,29.9,24.1,,,,h,24.1,,,,0,0.003,202.134,2.258,1.431,21.4,,-0.218,0,278,25.024,95.923,0.92,64.366,,,,,0
2026-10-05T16:00Z,2026-10-05T19:00Z,3400935,3,27.6,22.4,,,,h,22.4,,,,0,0.002,128.244,1.612,1.339,21.4,,-0.218,2,278,24.734,95.474,0.99,32.198,,,,,0
2026-10-05T16:00Z,2026-10-05T22:00Z,3400935,6,19.2,15.7,,,,h,15.7,,,,0,0.002,109.765,1.476,0.028,21.4,,-0.218,5,278,24.52,96.538,0.782,0.984,,,,,0
2026-10-05T16:00Z,2026-10-06T04:00Z,3400935,12,18.9,15.9,,,,h,15.9,,,,0,0.002,901.172,2.728,0.099,21.4,,-0.218,11,279,29.291,76.11,2.185,61.499,,,,,0
2026-10-05T16:00Z,2026-10-06T16:00Z,3400935,24,27.5,24,,,,h,24,,,,0,0.001,137.129,2.859,0.972,21.4,,-0.218,23,279,24.674,97.538,1.718,320.861,,,,,0
2026-10-05T16:00Z,2026-10-07T16:00Z,3400935,48,28.9,26.6,,,,h,26.6,,,,0,0,81.833,1.987,0,21.4,,-0.218,23,280,25.921,87.044,0.717,15.552,,,,,0
2026-10-05T16:00Z,2026-10-05T17:00Z,3400936,1,29.9,29.4,,,,h,29.4,,,,0,0.003,202.102,2.259,1.43,24.1,,-0.016,0,278,25.024,95.923,0.92,64.486,,,,,0
2026-10-05T16:00Z,2026-10-05T19:00Z,3400936,3,27.6,27.2,,,,h,27.2,,,,0,0.002,128.115,1.611,1.337,24.1,,-0.016,2,278,24.735,95.475,0.989,32.282,,,,,0
2026-10-05T16:00Z,2026-10-05T22:00Z,3400936,6,19.2,18.9,,,,h,18.9,,,,0,0.002,109.695,1.475,0.028,24.1,,-0.016,5,278,24.521,96.538,0.781,1.035,,,,,0
2026-10-05T16:00Z,2026-10-06T04:00Z,3400936,12,18.9,18.7,,,,h,18.7,,,,0,0.002,901.499,2.727,0.099,24.1,,-0.016,11,279,29.293,76.104,2.184,61.537,,,,,0
2026-10-05T16:00Z,2026-10-06T16:00Z,3400936,24,27.5,27.2,,,,h,27.2,,,,0,0.001,137.07,2.857,0.974,24.1,,-0.016,23,279,24.674,97.538,1.718,320.848,,,,,0
2026-10-05T16:00Z,2026-10-07T16:00Z,3400936,48,28.9,28.7,,,,h,28.7,,,,0,0,81.749,1.984,0,24.1,,-0.016,23,280,25.921,87.043,0.716,15.66,,,,,0
2026-10-05T16:00Z,2026-10-05T17:00Z,3400937,1,20.6,29.9,,,,h,29.9,,,,0,0.006,181.255,2.196,1.733,16.7,,0.374,0,278,24.79,96.241,0.818,74.147,,,,,0
2026-10-05T16:00Z,2026-10-05T19:00Z,3400937,3,15.6,22.4,,,,h,22.4,,,,0,0.002,100.66,1.341,1.481,16.7,,0.374,2,278,24.58,95.649,0.831,41.65,,,,,0
2026-10-05T16:00Z,2026-10-05T22:00Z,3400937,6,15.1,21.2,,,,h,21.2,,,,0,0.001,103.298,1.149,0.031,16.7,,0.374,5,278,24.483,96.649,0.627,10.807,,,,,0
2026-10-05T16:00Z,2026-10-06T04:00Z,3400937,12,9,12.3,,,,h,12.3,,,,0,0.004,972.808,2.319,0.07,16.7,,0.374,11,279,29.536,74.849,1.852,75.044,,,,,0
2026-10-05T16:00Z,2026-10-06T16:00Z,3400937,24,25.3,31.8,,,,h,31.8,,,,0,0.001,140.908,3.006,1.449,16.7,,0.374,23,279,24.535,97.649,1.964,310.801,,,,,0
2026-10-05T16:00Z,2026-10-07T16:00Z,3400937,48,21.8,25.1,,,,h,25.1,,,,0,0,68.089,1.38,0,16.7,,0.374,23,280,25.989,87.798,0.46,27.6,,,,,0
2026-10-05T16:00Z,2026-10-05T17:00Z,3400941,1,20.6,19,,,,h,19,,,,0,0.004,183.598,2.266,1.632,6.2,,-0.081,0,278,24.83,96.17,0.863,77.13,,,,,0
2026-10-05T16:00Z,2026-10-05T19:00Z,3400941,3,15.6,14.4,,,,h,14.4,,,,0,0.002,100.568,1.36,1.358,6.2,,-0.081,2,278,24.623,95.657,0.808,44.273,,,,,0
2026-10-05T16:00Z,2026-10-05T22:00Z,3400941,6,15.1,14,,,,h,14,,,,0,0.001,101.613,1.169,0.029,6.2,,-0.081,5,278,24.504,96.652,0.638,11.34,,,,,0
2026-10-05T16:00Z,2026-10-06T04:00Z,3400941,12,9,8.4,,,,h,8.4,,,,0,0.003,973.107,2.356,0.069,6.2,,-0.081,11,279,29.545,74.861,1.879,74.021,,,,,0
2026-10-05T16:00Z,2026-10-06T16:00Z,3400941,24,25.3,24.1,,,,h,24.1,,,,0,0.001,137.835,2.944,1.433,6.2,,-0.081,23,279,24.556,97.652,1.915,311.49,,,,,0
2026-10-05T16:00Z,2026-10-07T16:00Z,3400941,48,21.8,21.1,,,,h,21.1,,,,0,0,66.7,1.385,0,6.2,,-0.081,23,280,25.984,87.672,0.437,30.883,,,,,0
2026-10-05T16:00Z,2026-10-05T17:00Z,3400955,1,2.6,7.5,,,,h,7.5,,,,0,0,392.199,5.087,0.037,7.3,,0.898,0,278,23.475,98.001,2.572,60.634,,,,,0
2026-10-05T16:00Z,2026-10-05T19:00Z,3400955,3,3.1,8.4,,,,h,8.4,,,,0,0,268.954,4.611,0.037,7.3,,0.898,2,278,22.251,90.943,2.132,59.995,,,,,0
2026-10-05T16:00Z,2026-10-05T22:00Z,3400955,6,4.9,11.8,,,,h,11.8,,,,0,0,211.965,4.255,0,7.3,,0.898,5,278,21.402,90.341,1.717,48.027,,,,,0
2026-10-05T16:00Z,2026-10-06T04:00Z,3400955,12,7.6,16.1,,,,h,16.1,,,,0,0,751.059,2.912,0,7.3,,0.898,11,279,27.094,63.709,2.237,51.885,,,,,0
2026-10-05T16:00Z,2026-10-06T16:00Z,3400955,24,9.5,16.9,,,,h,16.9,,,,0,0,245.209,4.178,0,7.3,,0.898,23,279,22.37,90.759,1.735,78.59,,,,,0
2026-10-05T16:00Z,2026-10-07T16:00Z,3400955,48,14.4,20.3,,,,h,20.3,,,,0,0,134.319,3.812,0,7.3,,0.898,23,280,23.292,83.518,1.557,97.369,,,,,0
2026-10-05T16:00Z,2026-10-05T17:00Z,3400984,1,13.5,30.8,,,,h,30.8,,,,0,0.002,74.741,0.78,0.474,37.3,,0.82,0,278,25.252,93.606,0.769,8.94,,,,,0
2026-10-05T16:00Z,2026-10-05T19:00Z,3400984,3,9.3,20.9,,,,h,20.9,,,,0,0.004,135.524,2.653,0,37.3,,0.82,2,278,24.792,94.604,1.482,40.742,,,,,0
2026-10-05T16:00Z,2026-10-05T22:00Z,3400984,6,8.4,18.1,,,,h,18.1,,,,0,0.003,162.658,2.692,0,37.3,,0.82,5,278,24.555,95.341,1.594,13.148,,,,,0
2026-10-05T16:00Z,2026-10-06T04:00Z,3400984,12,8.9,17.5,,,,h,17.5,,,,0,0.003,1029.579,2.353,0.12,37.3,,0.82,11,279,30.829,68.569,1.868,12.875,,,,,0
2026-10-05T16:00Z,2026-10-06T16:00Z,3400984,24,8.8,15,,,,h,15,,,,0,0,109.646,0.604,1.862,37.3,,0.82,23,279,23.805,96.785,0.116,15.15,,,,,0
2026-10-05T16:00Z,2026-10-07T16:00Z,3400984,48,9.7,13.4,,,,h,13.4,,,,0,0,177.222,2.559,0.222,37.3,,0.82,23,280,24.428,96.992,1.449,293.513,,,,,0
2026-10-05T16:00Z,2026-10-05T17:00Z,3400986,1,6.4,16.2,,,,h,16.2,,,,0,0,276.987,4.044,0.232,23.2,,0.879,0,278,23.587,87.215,1.974,63.949,,,,,0
2026-10-05T16:00Z,2026-10-05T19:00Z,3400986,3,5.2,12.9,,,,h,12.9,,,,0,0,279.88,4.343,0.16,23.2,,0.879,2,278,22.888,82.54,2.023,70.98,,,,,0
2026-10-05T16:00Z,2026-10-05T22:00Z,3400986,6,6,14,,,,h,14,,,,0,0,305.599,4.33,0.051,23.2,,0.879,5,278,22.376,82.223,2.078,70.326,,,,,0
2026-10-05T16:00Z,2026-10-06T04:00Z,3400986,12,6.2,13.1,,,,h,13.1,,,,0,0,868.542,1.956,0,23.2,,0.879,11,279,27.531,68.839,1.609,28.384,,,,,0
2026-10-05T16:00Z,2026-10-06T16:00Z,3400986,24,12.9,22.4,,,,h,22.4,,,,0,0,238.227,5.09,0,23.2,,0.879,23,279,23.745,76.376,2.695,67.847,,,,,0
2026-10-05T16:00Z,2026-10-07T16:00Z,3400986,48,13.9,19.5,,,,h,19.5,,,,0,0,160.808,3.957,0,23.2,,0.879,23,280,23.868,73.64,1.735,80.97,,,,,0
2026-10-05T16:00Z,2026-10-05T17:00Z,3401031,1,29.9,31.7,,,,h,31.7,,,,0,0.005,198.968,2.198,1.578,26,,0.06,0,278,24.969,96.028,0.888,58.843,,,,,0
2026-10-05T16:00Z,2026-10-05T19:00Z,3401031,3,27.6,29.2,,,,h,29.2,,,,0,0.003,129.217,1.616,1.522,26,,0.06,2,278,24.673,95.454,1.023,28.477,,,,,0
2026-10-05T16:00Z,2026-10-05T22:00Z,3401031,6,19.2,20.3,,,,h,20.3,,,,0,0.002,112.601,1.458,0.032,26,,0.06,5,278,24.49,96.532,0.773,359.837,,,,,0
2026-10-05T16:00Z,2026-10-06T04:00Z,3401031,12,18.9,19.8,,,,h,19.8,,,,0,0.002,898.695,2.669,0.101,26,,0.06,11,279,29.269,76.137,2.143,62.203,,,,,0
2026-10-05T16:00Z,2026-10-06T16:00Z,3401031,24,27.5,28.5,,,,h,28.5,,,,0,0.001,141.894,2.948,0.987,26,,0.06,23,279,24.643,97.532,1.79,319.593,,,,,0
2026-10-05T16:00Z,2026-10-07T16:00Z,3401031,48,28.9,29.6,,,,h,29.6,,,,0,0,84.26,2.024,0,26,,0.06,23,280,25.925,87.232,0.768,11.613,,,,,0
2026-10-05T16:00Z,2026-10-05T17:00Z,3402586,1,14.3,17.2,,,,h,17.2,,,,0,0,211.315,3.536,0.611,17.5,,0.179,0,278,25.22,95.243,1.744,103.171,,,,,0
2026-10-05T16:00Z,2026-10-05T19:00Z,3402586,3,12.2,14.6,,,,h,14.6,,,,0,0,89.571,1.582,0.138,17.5,,0.179,2,278,25.038,95.93,0.62,72.889,,,,,0
2026-10-05T16:00Z,2026-10-05T22:00Z,3402586,6,10.9,12.9,,,,h,12.9,,,,0,0,78.452,1.391,0.003,17.5,,0.179,5,278,24.719,96.578,0.739,22.854,,,,,0
2026-10-05T16:00Z,2026-10-06T04:00Z,3402586,12,12.6,14.6,,,,h,14.6,,,,0,0.001,994.888,2.813,0.049,17.5,,0.179,11,279,29.74,74.155,2.197,69.373,,,,,0
2026-10-05T16:00Z,2026-10-06T16:00Z,3402586,24,16.1,18,,,,h,18,,,,0,0,98.186,1.972,1.233,17.5,,0.179,23,279,24.856,97.578,1.198,332.289,,,,,0
2026-10-05T16:00Z,2026-10-07T16:00Z,3402586,48,22.6,24.2,,,,h,24.2,,,,0,0,53.195,2.338,0,17.5,,0.179,23,280,26.023,85.662,0.876,68.133,,,,,0
2026-10-05T16:00Z,2026-10-05T17:00Z,3402593,1,14.3,12.5,,,,h,12.5,,,,0,0,211.23,3.522,0.617,13.1,,-0.131,0,278,25.219,95.248,1.735,102.991,,,,,0
2026-10-05T16:00Z,2026-10-05T19:00Z,3402593,3,12.2,10.7,,,,h,10.7,,,,0,0,89.882,1.58,0.146,13.1,,-0.131,2,278,25.036,95.926,0.622,72.593,,,,,0
2026-10-05T16:00Z,2026-10-05T22:00Z,3402593,6,10.9,9.6,,,,h,9.6,,,,0,0,78.696,1.39,0.003,13.1,,-0.131,5,278,24.718,96.578,0.739,22.668,,,,,0
2026-10-05T16:00Z,2026-10-06T04:00Z,3402593,12,12.6,11.3,,,,h,11.3,,,,0,0.001,994.163,2.812,0.05,13.1,,-0.131,11,279,29.736,74.172,2.197,69.303,,,,,0
2026-10-05T16:00Z,2026-10-06T16:00Z,3402593,24,16.1,14.8,,,,h,14.8,,,,0,0,98.495,1.979,1.231,13.1,,-0.131,23,279,24.854,97.578,1.202,332.109,,,,,0
2026-10-05T16:00Z,2026-10-07T16:00Z,3402593,48,22.6,21.5,,,,h,21.5,,,,0,0,53.388,2.327,0,13.1,,-0.131,23,280,26.022,85.675,0.869,67.839,,,,,0
2026-10-05T16:00Z,2026-10-05T17:00Z,3402594,1,14.3,14,,,,h,14,,,,0,0,211.975,3.491,0.62,14.2,,-0.022,0,278,25.224,95.243,1.719,102.452,,,,,0
2026-10-05T16:00Z,2026-10-05T19:00Z,3402594,3,12.2,11.9,,,,h,11.9,,,,0,0,91.417,1.575,0.164,14.2,,-0.022,2,278,25.035,95.916,0.633,71.563,,,,,0
2026-10-05T16:00Z,2026-10-05T22:00Z,3402594,6,10.9,10.7,,,,h,10.7,,,,0,0,79.376,1.4,0.003,14.2,,-0.022,5,278,24.716,96.57,0.743,21.933,,,,,0
2026-10-05T16:00Z,2026-10-06T04:00Z,3402594,12,12.6,12.4,,,,h,12.4,,,,0,0.001,990.108,2.826,0.051,14.2,,-0.022,11,279,29.721,74.236,2.209,68.79,,,,,0
2026-10-05T16:00Z,2026-10-06T16:00Z,3402594,24,16.1,15.9,,,,h,15.9,,,,0,0,98.856,1.986,1.207,14.2,,-0.022,23,279,24.858,97.57,1.198,332.769,,,,,0
2026-10-05T16:00Z,2026-10-07T16:00Z,3402594,48,22.6,22.4,,,,h,22.4,,,,0,0,54.476,2.331,0,14.2,,-0.022,23,280,26.02,85.652,0.865,66.615,,,,,0
2026-10-05T16:00Z,2026-10-05T17:00Z,3405765,1,13.5,29.2,,,,h,29.2,,,,0,0.002,74.623,0.777,0.475,45.6,,0.765,0,278,25.241,93.632,0.764,8.986,,,,,0
2026-10-05T16:00Z,2026-10-05T19:00Z,3405765,3,9.3,19.8,,,,h,19.8,,,,0,0.004,135.058,2.643,0,45.6,,0.765,2,278,24.781,94.628,1.476,40.69,,,,,0
2026-10-05T16:00Z,2026-10-05T22:00Z,3405765,6,8.4,17.2,,,,h,17.2,,,,0,0.003,162.254,2.688,0,45.6,,0.765,5,278,24.544,95.356,1.591,13.04,,,,,0
2026-10-05T16:00Z,2026-10-06T04:00Z,3405765,12,8.9,16.7,,,,h,16.7,,,,0,0.003,1027.893,2.355,0.12,45.6,,0.765,11,279,30.813,68.621,1.869,12.837,,,,,0
2026-10-05T16:00Z,2026-10-06T16:00Z,3405765,24,8.8,14.4,,,,h,14.4,,,,0,0,109.427,0.605,1.863,45.6,,0.765,23,279,23.798,96.8,0.119,14.917,,,,,0
2026-10-05T16:00Z,2026-10-07T16:00Z,3405765,48,9.7,13.1,,,,h,13.1,,,,0,0,177.059,2.553,0.224,45.6,,0.765,23,280,24.418,97.002,1.444,293.711,,,,,0
2026-10-05T16:00Z,2026-10-05T17:00Z,3412669,1,6.4,3.9,,,,h,3.9,,,,0,0,272.742,3.773,0.466,8.8,,-0.421,0,278,23.602,87.47,1.81,58.898,,,,,0
2026-10-05T16:00Z,2026-10-05T19:00Z,3412669,3,5.2,3.2,,,,h,3.2,,,,0,0,275.813,4.062,0.368,8.8,,-0.421,2,278,22.896,83.284,1.794,67.65,,,,,0
2026-10-05T16:00Z,2026-10-05T22:00Z,3412669,6,6,3.9,,,,h,3.9,,,,0,0,328.438,4.529,0.098,8.8,,-0.421,5,278,22.388,81.74,2.204,66.713,,,,,0
2026-10-05T16:00Z,2026-10-06T04:00Z,3412669,12,6.2,4.2,,,,h,4.2,,,,0,0,863.258,2.049,0,8.8,,-0.421,11,279,27.579,68.205,1.678,29.967,,,,,0
2026-10-05T16:00Z,2026-10-06T16:00Z,3412669,24,12.9,9.8,,,,h,9.8,,,,0,0,242.408,5.306,0,8.8,,-0.421,23,279,23.852,74.751,2.755,68.44,,,,,0
2026-10-05T16:00Z,2026-10-07T16:00Z,3412669,48,13.9,11.8,,,,h,11.8,,,,0,0,152.886,3.825,0,8.8,,-0.421,23,280,23.914,73.958,1.634,78.299,,,,,0
2026-10-05T16:00Z,2026-10-05T17:00Z,3478630,1,3.4,2.8,,,,h,2.8,,,,0,0,97.745,1.416,0.203,4.3,,-0.144,0,278,21.676,98.211,0.549,32.622,,,,,0
2026-10-05T16:00Z,2026-10-05T19:00Z,3478630,3,2.9,2.4,,,,h,2.4,,,,0,0,123.508,2.102,0.237,4.3,,-0.144,2,278,21.671,97.083,0.765,34.803,,,,,0
2026-10-05T16:00Z,2026-10-05T22:00Z,3478630,6,2.9,2.4,,,,h,2.4,,,,0,0,236.38,3.081,0.048,4.3,,-0.144,5,278,21.155,95.59,1.445,39.438,,,,,0
2026-10-05T16:00Z,2026-10-06T04:00Z,3478630,12,6.5,5.7,,,,h,5.7,,,,0,0,857.872,2.653,0,4.3,,-0.144,11,279,23.993,73.105,1.938,41.397,,,,,0
2026-10-05T16:00Z,2026-10-06T16:00Z,3478630,24,7.8,7.1,,,,h,7.1,,,,0,0,22.916,1.266,0,4.3,,-0.144,23,279,21.254,87.364,0.282,32.431,,,,,0
2026-10-05T16:00Z,2026-10-07T16:00Z,3478630,48,8.6,8.1,,,,h,8.1,,,,0,0,20.568,0.284,0,4.3,,-0.144,23,280,21.299,82.637,0.124,19.647,,,,,0
2026-10-05T16:00Z,2026-10-05T17:00Z,3478631,1,4.7,18.3,,,,h,18.3,,,,0,0,249.895,4.084,0.029,10.6,,1.269,0,278,21.932,85.513,2.102,66.947,,,,,0
2026-10-05T16:00Z,2026-10-05T19:00Z,3478631,3,5.2,18.9,,,,h,18.9,,,,0,0,247.972,4.501,0,10.6,,1.269,2,278,21.194,82.055,2.201,66.552,,,,,0
2026-10-05T16:00Z,2026-10-05T22:00Z,3478631,6,3.6,12.8,,,,h,12.8,,,,0,0,286.448,4.669,0,10.6,,1.269,5,278,20.582,81.647,2.321,59.746,,,,,0
2026-10-05T16:00Z,2026-10-06T04:00Z,3478631,12,4.3,13,,,,h,13,,,,0,0,906.751,1.681,0.007,10.6,,1.269,11,279,26.613,62.734,1.27,20.563,,,,,0
2026-10-05T16:00Z,2026-10-06T16:00Z,3478631,24,7.6,17.3,,,,h,17.3,,,,0,0,219.186,5.027,0,10.6,,1.269,23,279,21.48,73.995,3.011,67.972,,,,,0
2026-10-05T16:00Z,2026-10-07T16:00Z,3478631,48,7.9,13.1,,,,h,13.1,,,,0,0,157.862,3.792,0,10.6,,1.269,23,280,21.619,74.022,2,69.491,,,,,0
2026-10-05T16:00Z,2026-10-05T17:00Z,3493785,1,2.4,1.8,,,,h,1.8,,,,0,0,431.657,3.848,0.107,0.6,,-0.191,0,278,20.512,84.875,1.71,89.977,,,,,0
2026-10-05T16:00Z,2026-10-05T19:00Z,3493785,3,2.9,2.3,,,,h,2.3,,,,0,0,442.775,4.151,0.059,0.6,,-0.191,2,278,19.923,85.002,1.807,82.524,,,,,0
2026-10-05T16:00Z,2026-10-05T22:00Z,3493785,6,4.5,3.7,,,,h,3.7,,,,0,0,476.261,3.874,0.011,0.6,,-0.191,5,278,19.194,85.627,1.62,78.99,,,,,0
2026-10-05T16:00Z,2026-10-06T04:00Z,3493785,12,5.9,5,,,,h,5,,,,0,0,989.554,3.057,0,0.6,,-0.191,11,279,23.702,63.971,2.266,72.787,,,,,0
2026-10-05T16:00Z,2026-10-06T16:00Z,3493785,24,5.1,4.4,,,,h,4.4,,,,0,0,50.988,2.632,0,0.6,,-0.191,23,279,19.563,79.827,0.854,87.279,,,,,0
2026-10-05T16:00Z,2026-10-07T16:00Z,3493785,48,6.2,5.7,,,,h,5.7,,,,0,0,24.103,1.872,0,0.6,,-0.191,23,280,19.315,78.191,0.558,111.759,,,,,0
2026-10-05T16:00Z,2026-10-05T17:00Z,3493786,1,4.2,13,,,,h,13,,,,0,0,358.136,5.139,0,8.7,,1.03,0,278,21.775,86.772,2.647,40.437,,,,,0
2026-10-05T16:00Z,2026-10-05T19:00Z,3493786,3,5.8,16.5,,,,h,16.5,,,,0,0,296.383,4.121,0,8.7,,1.03,2,278,21.193,86.93,2.127,24.85,,,,,0
2026-10-05T16:00Z,2026-10-05T22:00Z,3493786,6,7.1,18.7,,,,h,18.7,,,,0,0,257.411,4.07,0,8.7,,1.03,5,278,20.563,87.562,2.029,16.891,,,,,0
2026-10-05T16:00Z,2026-10-06T04:00Z,3493786,12,9.5,22,,,,h,22,,,,0,0,697.491,3.644,0,8.7,,1.03,11,279,25.206,66.268,2.543,23.466,,,,,0
2026-10-05T16:00Z,2026-10-06T16:00Z,3493786,24,14.8,28.1,,,,h,28.1,,,,0,0,295.482,4.57,0,8.7,,1.03,23,279,21.239,72.406,2.224,32.186,,,,,0
2026-10-05T16:00Z,2026-10-07T16:00Z,3493786,48,24.3,35.7,,,,h,35.7,,,,0,0,184.078,4.054,0,8.7,,1.03,23,280,21.445,74.808,1.763,39.887,,,,,0
2026-10-05T16:00Z,2026-10-05T17:00Z,3493787,1,4.2,1.2,,,,h,1.2,,,,0,0,225.356,5.391,0,0,,-0.916,0,278,22.354,88.317,2.69,67.796,,,,,0
2026-10-05T16:00Z,2026-10-05T19:00Z,3493787,3,5.8,1.9,,,,h,1.9,,,,0,0,127.768,2.858,0,0,,-0.916,2,278,21.614,92.25,1.162,53.29,,,,,0
2026-10-05T16:00Z,2026-10-05T22:00Z,3493787,6,7.1,2.7,,,,h,2.7,,,,0,0,87.359,2.157,0,0,,-0.916,5,278,20.928,95.577,0.797,43.168,,,,,0
2026-10-05T16:00Z,2026-10-06T04:00Z,3493787,12,9.5,4.2,,,,h,4.2,,,,0,0,644.044,2.038,0,0,,-0.916,11,279,25.352,74.641,1.477,53.329,,,,,0
2026-10-05T16:00Z,2026-10-06T16:00Z,3493787,24,14.8,8.2,,,,h,8.2,,,,0,0,227.017,4.631,0,0,,-0.916,23,279,21.778,71.672,2.241,58.226,,,,,0
2026-10-05T16:00Z,2026-10-07T16:00Z,3493787,48,24.3,17.2,,,,h,17.2,,,,0,0,168.01,4.963,0,0,,-0.916,23,280,21.966,72.465,2.13,57.481,,,,,0
2026-10-05T16:00Z,2026-10-05T17:00Z,3499026,1,2.1,0.3,,,,h,0.3,,,,0,0,292.905,2.912,0.148,0.2,,-0.929,0,278,18.972,97.566,1.338,88.603,,,,,0
2026-10-05T16:00Z,2026-10-05T19:00Z,3499026,3,1.8,0.2,,,,h,0.2,,,,0,0,296.308,3.197,0.078,0.2,,-0.929,2,278,18.498,97.279,1.522,85.199,,,,,0
2026-10-05T16:00Z,2026-10-05T22:00Z,3499026,6,2.7,0.7,,,,h,0.7,,,,0,0,277.753,3.361,0.065,0.2,,-0.929,5,278,17.465,96.246,1.635,91.119,,,,,0
2026-10-05T16:00Z,2026-10-06T04:00Z,3499026,12,5.7,2.3,,,,h,2.3,,,,0,0,718.81,2.435,0,0.2,,-0.929,11,279,22.273,73.495,1.791,55.377,,,,,0
2026-10-05T16:00Z,2026-10-06T16:00Z,3499026,24,6.3,3.2,,,,h,3.2,,,,0,0,106.718,2.779,0,0.2,,-0.929,23,279,18.606,85.402,0.976,97.657,,,,,0
2026-10-05T16:00Z,2026-10-07T16:00Z,3499026,48,7.7,5.2,,,,h,5.2,,,,0,0,34.394,1.891,0,0.2,,-0.929,23,280,18.888,76.187,0.772,135.207,,,,,0
2026-10-05T16:00Z,2026-10-05T17:00Z,3501135,1,3,3.7,,,,h,3.7,,,,0,0.017,95.525,1.927,0.204,12.1,,0.178,0,278,22.671,96.708,0.582,26.331,,,,,0
2026-10-05T16:00Z,2026-10-05T19:00Z,3501135,3,2.2,2.8,,,,h,2.8,,,,0,0.005,168.917,2.984,0.836,12.1,,0.178,2,278,22.293,96.759,1.465,39.831,,,,,0
2026-10-05T16:00Z,2026-10-05T22:00Z,3501135,6,1.7,2.1,,,,h,2.1,,,,0,0,237.629,2.896,1.293,12.1,,0.178,5,278,21.981,96.085,1.521,16.242,,,,,0
2026-10-05T16:00Z,2026-10-06T04:00Z,3501135,12,4.6,5.4,,,,h,5.4,,,,0,0,691.043,3.415,0.167,12.1,,0.178,11,279,24.324,79.305,2.525,54.539,,,,,0
2026-10-05T16:00Z,2026-10-06T16:00Z,3501135,24,16,17.9,,,,h,17.9,,,,0,0,27.026,1.273,0,12.1,,0.178,23,279,23.009,88.967,0.323,10.983,,,,,0
2026-10-05T16:00Z,2026-10-07T16:00Z,3501135,48,18.9,20.2,,,,h,20.2,,,,0,0,25.329,0.613,0,12.1,,0.178,23,280,23.474,86.778,0.19,46.513,,,,,0
2026-10-05T16:00Z,2026-10-05T17:00Z,3501136,1,2.5,1,,,,h,1,,,,0,0,101.439,2.084,0.165,0.1,,-0.585,0,278,21.324,98.906,1.067,61.791,,,,,0
2026-10-05T16:00Z,2026-10-05T19:00Z,3501136,3,2.3,0.9,,,,h,0.9,,,,0,0,58.328,1.191,1.041,0.1,,-0.585,2,278,20.878,98.71,0.649,48.603,,,,,0
2026-10-05T16:00Z,2026-10-05T22:00Z,3501136,6,1.7,0.6,,,,h,0.6,,,,0,0,151.333,2.653,0.509,0.1,,-0.585,5,278,20.675,98.874,1.347,43.236,,,,,0
2026-10-05T16:00Z,2026-10-06T04:00Z,3501136,12,4.7,2.6,,,,h,2.6,,,,0,0,568.772,2.994,0.529,0.1,,-0.585,11,279,23.256,82.365,2.188,51.717,,,,,0
2026-10-05T16:00Z,2026-10-06T16:00Z,3501136,24,11.8,8,,,,h,8,,,,0,0,25.152,1.095,0,0.1,,-0.585,23,279,21.258,86.365,0.468,42.058,,,,,0
2026-10-05T16:00Z,2026-10-07T16:00Z,3501136,48,12,9.5,,,,h,9.5,,,,0,0,20.936,0.884,0,0.1,,-0.585,23,280,21.095,84.542,0.34,92.809,,,,,0
2026-10-05T16:00Z,2026-10-05T17:00Z,3501137,1,3.2,3.5,,,,h,3.5,,,,0,0,340.197,2.936,0.173,2.9,,0.066,0,278,20.559,87.543,1.194,88.867,,,,,0
2026-10-05T16:00Z,2026-10-05T19:00Z,3501137,3,2.7,2.9,,,,h,2.9,,,,0,0,375.541,3.493,0.084,2.9,,0.066,2,278,20.051,87.566,1.425,76.978,,,,,0
2026-10-05T16:00Z,2026-10-05T22:00Z,3501137,6,3.6,3.9,,,,h,3.9,,,,0,0,463.044,3.653,0.002,2.9,,0.066,5,278,19.38,86.982,1.52,72.36,,,,,0
2026-10-05T16:00Z,2026-10-06T04:00Z,3501137,12,6.7,7.1,,,,h,7.1,,,,0,0,966.63,2.835,0.004,2.9,,0.066,11,279,23.771,64.273,2.105,69.184,,,,,0
2026-10-05T16:00Z,2026-10-06T16:00Z,3501137,24,6.9,7.2,,,,h,7.2,,,,0,0,42.424,2.024,0,2.9,,0.066,23,279,19.645,81.896,0.545,77.273,,,,,0
2026-10-05T16:00Z,2026-10-07T16:00Z,3501137,48,9.4,9.6,,,,h,9.6,,,,0,0,20.351,1.132,0,2.9,,0.066,23,280,19.177,80.927,0.246,111.785,,,,,0
2026-10-05T16:00Z,2026-10-05T17:00Z,3503723,1,5.6,11.4,,,,h,11.4,,,,0,0,245.184,4.028,0,0.7,,0.662,0,278,21.66,84.962,1.981,21.923,,,,,0
2026-10-05T16:00Z,2026-10-05T19:00Z,3503723,3,5.9,11.7,,,,h,11.7,,,,0,0,211.206,3.205,0,0.7,,0.662,2,278,21.31,85.66,1.569,14.306,,,,,0
2026-10-05T16:00Z,2026-10-05T22:00Z,3503723,6,5.8,11,,,,h,11,,,,0,0,216.047,3.844,0,0.7,,0.662,5,278,20.932,81.834,1.955,9.462,,,,,0
2026-10-05T16:00Z,2026-10-06T04:00Z,3503723,12,7.6,13.2,,,,h,13.2,,,,0,0,794.607,3.427,0.008,0.7,,0.662,11,279,26.321,58.11,2.442,16.041,,,,,0
2026-10-05T16:00Z,2026-10-06T16:00Z,3503723,24,12.8,19.4,,,,h,19.4,,,,0,0,176.549,3.624,0,0.7,,0.662,23,279,21.108,76.853,1.688,8.449,,,,,0
2026-10-05T16:00Z,2026-10-07T16:00Z,3503723,48,18,23.1,,,,h,23.1,,,,0,0,125.176,2.522,0,0.7,,0.662,23,280,21.303,77.987,1.217,37.582,,,,,0
2026-10-05T16:00Z,2026-10-05T17:00Z,3503724,1,6.9,4,,,,h,4,,,,0,0,547.7,6.93,0,4.3,,-0.486,0,278,20.174,79.51,4.071,356.183,,,,,0
2026-10-05T16:00Z,2026-10-05T19:00Z,3503724,3,6.9,4.1,,,,h,4.1,,,,0,0,578.871,7.213,0,4.3,,-0.486,2,278,20.13,75.725,4.219,356.937,,,,,0
2026-10-05T16:00Z,2026-10-05T22:00Z,3503724,6,6.6,4,,,,h,4,,,,0,0,545.34,7.409,0,4.3,,-0.486,5,278,19.597,73.986,4.326,359.716,,,,,0
2026-10-05T16:00Z,2026-10-06T04:00Z,3503724,12,8.3,5.4,,,,h,5.4,,,,0,0,907.207,7.228,0,4.3,,-0.486,11,279,24.111,52.868,4.945,7.966,,,,,0
2026-10-05T16:00Z,2026-10-06T16:00Z,3503724,24,15.3,11.2,,,,h,11.2,,,,0,0,415.216,6.704,0,4.3,,-0.486,23,279,19.674,65.759,3.815,351.24,,,,,0
2026-10-05T16:00Z,2026-10-07T16:00Z,3503724,48,22.6,18.8,,,,h,18.8,,,,0,0,215.072,5.093,0,4.3,,-0.486,23,280,19.672,76.712,2.676,347.879,,,,,0
2026-10-05T16:00Z,2026-10-05T17:00Z,3503725,1,6.8,3.5,,,,h,3.5,,,,0,0,490.624,5.957,0.115,0.2,,-0.574,0,278,20.777,84.582,3.246,10.709,,,,,0
2026-10-05T16:00Z,2026-10-05T19:00Z,3503725,3,8,4.3,,,,h,4.3,,,,0,0,483.387,6.141,0.306,0.2,,-0.574,2,278,20.426,83.766,3.488,2.417,,,,,0
2026-10-05T16:00Z,2026-10-05T22:00Z,3503725,6,7.1,3.9,,,,h,3.9,,,,0,0,446.014,6.117,0.361,0.2,,-0.574,5,278,19.751,84.109,3.375,358.906,,,,,0
2026-10-05T16:00Z,2026-10-06T04:00Z,3503725,12,8.2,4.9,,,,h,4.9,,,,0,0,737.468,5.475,0.026,0.2,,-0.574,11,279,23.818,64.486,3.722,6.896,,,,,0
2026-10-05T16:00Z,2026-10-06T16:00Z,3503725,24,17.9,12.4,,,,h,12.4,,,,0,0,381.925,5.792,0.007,0.2,,-0.574,23,279,20.498,69.273,2.994,8.199,,,,,0
2026-10-05T16:00Z,2026-10-07T16:00Z,3503725,48,27.6,22.3,,,,h,22.3,,,,0,0,248.113,4.696,0,0.2,,-0.574,23,280,20.792,74.813,2.205,9.36,,,,,0
2026-10-05T16:00Z,2026-10-05T17:00Z,3510962,1,5.2,0.7,,,,h,0.7,,,,0,0,205.898,2.822,0,0,,-1.37,0,278,19.956,86.494,1.515,11.935,,,,,0
2026-10-05T16:00Z,2026-10-05T19:00Z,3510962,3,5,0.7,,,,h,0.7,,,,0,0,198.372,2.66,0,0,,-1.37,2,278,19.689,86.456,1.363,6.749,,,,,0
2026-10-05T16:00Z,2026-10-05T22:00Z,3510962,6,6,1.1,,,,h,1.1,,,,0,0,201.463,2.962,0,0,,-1.37,5,278,19.198,85.358,1.457,8.743,,,,,0
2026-10-05T16:00Z,2026-10-06T04:00Z,3510962,12,7.1,1.8,,,,h,1.8,,,,0,0,986.116,2.682,0.029,0,,-1.37,11,279,24.78,58.221,1.799,18.381,,,,,0
2026-10-05T16:00Z,2026-10-06T16:00Z,3510962,24,13.2,5.3,,,,h,5.3,,,,0,0,147.377,2.676,0,0,,-1.37,23,279,18.912,78.726,1.541,0.32,,,,,0
2026-10-05T16:00Z,2026-10-07T16:00Z,3510962,48,16.6,9.7,,,,h,9.7,,,,0,0,93.115,1.968,0,0,,-1.37,23,280,19.12,80.712,1.098,11.011,,,,,0
2026-10-05T16:00Z,2026-10-05T17:00Z,3510963,1,3.4,1.9,,,,h,1.9,,,,0,0,236.914,5.623,0,0,,-0.438,0,278,22.837,90.626,2.831,72.321,,,,,0
2026-10-05T16:00Z,2026-10-05T19:00Z,3510963,3,4.1,2.4,,,,h,2.4,,,,0,0,129.557,3.259,0,0,,-0.438,2,278,21.957,93.066,1.343,64.58,,,,,0
2026-10-05T16:00Z,2026-10-05T22:00Z,3510963,6,6,3.8,,,,h,3.8,,,,0,0,85.216,2.463,0,0,,-0.438,5,278,21.229,96.082,0.956,57.281,,,,,0
2026-10-05T16:00Z,2026-10-06T04:00Z,3510963,12,9.4,6.4,,,,h,6.4,,,,0,0,668.349,2.197,0,0,,-0.438,11,279,25.867,74.238,1.655,65.516,,,,,0
2026-10-05T16:00Z,2026-10-06T16:00Z,3510963,24,13.5,10.2,,,,h,10.2,,,,0,0,226.187,4.798,0,0,,-0.438,23,279,22.108,75.665,2.326,68.276,,,,,0
2026-10-05T16:00Z,2026-10-07T16:00Z,3510963,48,21.8,18.5,,,,h,18.5,,,,0,0,171.728,4.966,0,0,,-0.438,23,280,22.48,74.195,2.169,67.076,,,,,0
2026-10-05T16:00Z,2026-10-05T17:00Z,3510964,1,6.1,9.3,,,,h,9.3,,,,0,0.05,75.012,2.068,0,7.3,,0.388,0,278,21.406,94.479,1.05,29.647,,,,,0
2026-10-05T16:00Z,2026-10-05T19:00Z,3510964,3,5.6,8.4,,,,h,8.4,,,,0,0.048,126.041,2.314,0,7.3,,0.388,2,278,20.75,96.748,1.124,31.802,,,,,0
2026-10-05T16:00Z,2026-10-05T22:00Z,3510964,6,5.4,7.9,,,,h,7.9,,,,0,0.04,108.853,2.339,0,7.3,,0.388,5,278,20.564,95.396,1.266,11.001,,,,,0
2026-10-05T16:00Z,2026-10-06T04:00Z,3510964,12,4,5.7,,,,h,5.7,,,,0,0.033,1130.658,1.441,0.043,7.3,,0.388,11,279,27.645,67.766,0.855,11.208,,,,,0
2026-10-05T16:00Z,2026-10-06T16:00Z,3510964,24,4.9,6.4,,,,h,6.4,,,,0,0.004,144.306,2.946,0,7.3,,0.388,23,279,21.415,90.767,1.55,17.812,,,,,0
2026-10-05T16:00Z,2026-10-07T16:00Z,3510964,48,6.7,7.9,,,,h,7.9,,,,0,0,183.273,2.78,0.213,7.3,,0.388,23,280,21.638,93.836,1.284,20.957,,,,,0
2026-10-05T16:00Z,2026-10-05T17:00Z,3510965,1,3.2,0.9,,,,h,0.9,,,,0,0,209.521,2.898,0.103,2.2,,-0.819,0,278,21.631,97.954,1.234,27.981,,,,,0
2026-10-05T16:00Z,2026-10-05T19:00Z,3510965,3,2.7,0.7,,,,h,0.7,,,,0,0,178.087,3.639,0.424,2.2,,-0.819,2,278,21.217,96.852,1.587,28.386,,,,,0
2026-10-05T16:00Z,2026-10-05T22:00Z,3510965,6,3.6,1.3,,,,h,1.3,,,,0,0,236.405,4.498,0.249,2.2,,-0.819,5,278,20.408,93.98,2.129,31.45,,,,,0
2026-10-05T16:00Z,2026-10-06T04:00Z,3510965,12,6.7,3.1,,,,h,3.1,,,,0,0,737.617,3.333,0.068,2.2,,-0.819,11,279,23.089,76.62,2.437,24.07,,,,,0
2026-10-05T16:00Z,2026-10-06T16:00Z,3510965,24,6.9,3.9,,,,h,3.9,,,,0,0,43.909,2.617,0,2.2,,-0.819,23,279,21.137,85.255,0.875,25.821,,,,,0
2026-10-05T16:00Z,2026-10-07T16:00Z,3510965,48,9.4,6.7,,,,h,6.7,,,,0,0,20,1.121,0,2.2,,-0.819,23,280,20.546,86.267,0.372,21.44,,,,,0
2026-10-05T16:00Z,2026-10-05T17:00Z,3511463,1,2.7,1,,,,h,1,,,,0,0,479.431,4.84,0.067,0,,-0.625,0,278,19.829,85.407,2.407,87.125,,,,,0
2026-10-05T16:00Z,2026-10-05T19:00Z,3511463,3,3.4,1.5,,,,h,1.5,,,,0,0,478.89,4.858,0.056,0,,-0.625,2,278,19.318,85.559,2.362,84.739,,,,,0
2026-10-05T16:00Z,2026-10-05T22:00Z,3511463,6,5.2,2.6,,,,h,2.6,,,,0,0,446.3,4.157,0.044,0,,-0.625,5,278,18.415,87.34,1.865,79.792,,,,,0
2026-10-05T16:00Z,2026-10-06T04:00Z,3511463,12,6.3,3.5,,,,h,3.5,,,,0,0,979.26,3.422,0,0,,-0.625,11,279,22.93,65.091,2.473,76.609,,,,,0
2026-10-05T16:00Z,2026-10-06T16:00Z,3511463,24,5.8,3.7,,,,h,3.7,,,,0,0,59.933,3.34,0,0,,-0.625,23,279,18.69,80.245,1.394,91.473,,,,,0
2026-10-05T16:00Z,2026-10-07T16:00Z,3511463,48,6.8,5.2,,,,h,5.2,,,,0,0,32.625,2.665,0,0,,-0.625,23,280,18.828,75.354,0.989,105.538,,,,,0
2026-10-05T16:00Z,2026-10-05T17:00Z,3513587,1,3.1,3.1,,,,h,3.1,,,,0,0,211.507,4.861,0.003,,,0,0,278,20.319,92.065,2.347,37.989,,,,,0
2026-10-05T16:00Z,2026-10-05T19:00Z,3513587,3,3,3,,,,h,3,,,,0,0,260.107,5.573,0.004,,,0,2,278,19.774,88.218,2.886,38.582,,,,,0
2026-10-05T16:00Z,2026-10-05T22:00Z,3513587,6,3.9,3.9,,,,h,3.9,,,,0,0,302.599,5.428,0.006,,,0,5,278,19.199,85.391,2.74,38.571,,,,,0
2026-10-05T16:00Z,2026-10-06T04:00Z,3513587,12,6.8,6.8,,,,h,6.8,,,,0,0,595.916,3.296,0.002,,,0,11,279,21.15,73.061,2.42,40.299,,,,,0
2026-10-05T16:00Z,2026-10-06T16:00Z,3513587,24,6.7,6.7,,,,h,6.7,,,,0,0,130.141,3.47,0,,,0,23,279,19.858,80.219,1.339,52.483,,,,,0
2026-10-05T16:00Z,2026-10-07T16:00Z,3513587,48,7.9,7.9,,,,h,7.9,,,,0,0,136.604,2.405,0,,,0,23,280,20.359,73.932,0.887,53.402,,,,,0
2026-10-05T16:00Z,2026-10-05T17:00Z,3524548,1,3.9,2.3,,,,h,2.3,,,,0,0,523.444,5.848,0,0.4,,-0.422,0,278,18.879,87.195,3.058,84.887,,,,,0
2026-10-05T16:00Z,2026-10-05T19:00Z,3524548,3,4.3,2.6,,,,h,2.6,,,,0,0,500.469,5.543,0.046,0.4,,-0.422,2,278,18.431,86.892,2.881,86.39,,,,,0
2026-10-05T16:00Z,2026-10-05T22:00Z,3524548,6,5.2,3.3,,,,h,3.3,,,,0,0,381.658,4.437,0.091,0.4,,-0.422,5,278,17.356,90.229,2.117,81.185,,,,,0
2026-10-05T16:00Z,2026-10-06T04:00Z,3524548,12,6.6,4.5,,,,h,4.5,,,,0,0,973.312,3.859,0,0.4,,-0.422,11,279,22.055,66.195,2.732,80.78,,,,,0
2026-10-05T16:00Z,2026-10-06T16:00Z,3524548,24,9.8,7.4,,,,h,7.4,,,,0,0,70.9,4.171,0,0.4,,-0.422,23,279,17.763,79.675,1.944,95.304,,,,,0
2026-10-05T16:00Z,2026-10-07T16:00Z,3524548,48,10.3,8.7,,,,h,8.7,,,,0,0,38.929,3.468,0,0.4,,-0.422,23,280,18.355,71.742,1.44,103.171,,,,,0
2026-10-05T16:00Z,2026-10-05T17:00Z,3524550,1,6.7,14.3,,,,h,14.3,,,,0,0,307.851,3.472,0,10.2,,0.714,0,278,21.464,80.375,2.307,345.17,,,,,0
2026-10-05T16:00Z,2026-10-05T19:00Z,3524550,3,6.6,13.7,,,,h,13.7,,,,0,0,324.014,3.516,0,10.2,,0.714,2,278,21.344,78.891,2.15,349.9,,,,,0
2026-10-05T16:00Z,2026-10-05T22:00Z,3524550,6,7.2,14.2,,,,h,14.2,,,,0,0,302.216,3.253,0,10.2,,0.714,5,278,20.732,79.877,1.78,4.727,,,,,0
2026-10-05T16:00Z,2026-10-06T04:00Z,3524550,12,8.6,15.5,,,,h,15.5,,,,0,0,1197.074,4.368,0.001,10.2,,0.714,11,279,25.451,54.444,2.924,18.911,,,,,0
2026-10-05T16:00Z,2026-10-06T16:00Z,3524550,24,15,23.5,,,,h,23.5,,,,0,0,229.52,3.097,0,10.2,,0.714,23,279,20.34,68.972,2.202,338.488,,,,,0
2026-10-05T16:00Z,2026-10-07T16:00Z,3524550,48,22.9,29.9,,,,h,29.9,,,,0,0,125.761,2.754,0,10.2,,0.714,23,280,20.529,80.231,1.672,340.297,,,,,0
2026-10-05T16:00Z,2026-10-05T17:00Z,3524551,1,6.8,2.1,,,,h,2.1,,,,0,0,426.006,5.326,0.081,0.5,,-0.951,0,278,21.231,85.471,2.804,24.448,,,,,0
2026-10-05T16:00Z,2026-10-05T19:00Z,3524551,3,8,2.8,,,,h,2.8,,,,0,0,397.373,5.179,0.222,0.5,,-0.951,2,278,20.767,86.003,2.87,10.092,,,,,0
2026-10-05T16:00Z,2026-10-05T22:00Z,3524551,6,7.1,2.6,,,,h,2.6,,,,0,0,360.849,4.95,0.335,0.5,,-0.951,5,278,20.061,87.456,2.599,4.989,,,,,0
2026-10-05T16:00Z,2026-10-06T04:00Z,3524551,12,8.2,3.5,,,,h,3.5,,,,0,0,713.982,4.433,0.035,0.5,,-0.951,11,279,24.105,68.088,3.01,13.018,,,,,0
2026-10-05T16:00Z,2026-10-06T16:00Z,3524551,24,17.9,9.7,,,,h,9.7,,,,0,0,354.656,5.262,0.009,0.5,,-0.951,23,279,20.842,70.323,2.674,19.757,,,,,0
2026-10-05T16:00Z,2026-10-07T16:00Z,3524551,48,27.6,19.3,,,,h,19.3,,,,0,0,243.655,4.564,0,0.5,,-0.951,23,280,21.148,74.461,2.074,22.826,,,,,0
2026-10-05T16:00Z,2026-10-05T17:00Z,3524552,1,4.4,0.9,,,,h,0.9,,,,0,0,392.551,5.274,0,0,,-1.108,0,278,21.614,85.058,2.782,22.701,,,,,0
2026-10-05T16:00Z,2026-10-05T19:00Z,3524552,3,5.8,1.5,,,,h,1.5,,,,0,0,355.291,4.741,0,0,,-1.108,2,278,21.183,83.743,2.544,14.302,,,,,0
2026-10-05T16:00Z,2026-10-05T22:00Z,3524552,6,6,1.7,,,,h,1.7,,,,0,0,329.918,5.133,0,0,,-1.108,5,278,20.664,81.62,2.751,9.654,,,,,0
2026-10-05T16:00Z,2026-10-06T04:00Z,3524552,12,8.2,3,,,,h,3,,,,0,0,738.984,4.622,0,0,,-1.108,11,279,25.578,59.856,3.243,15.336,,,,,0
2026-10-05T16:00Z,2026-10-06T16:00Z,3524552,24,12.3,5.9,,,,h,5.9,,,,0,0,297.906,4.735,0,0,,-1.108,23,279,21.143,73.383,2.336,14.112,,,,,0
2026-10-05T16:00Z,2026-10-07T16:00Z,3524552,48,19.1,12.5,,,,h,12.5,,,,0,0,178.531,3.458,0,0,,-1.108,23,280,21.34,76.467,1.62,27.296,,,,,0
2026-10-05T16:00Z,2026-10-05T17:00Z,3524553,1,6.9,31.5,,,,h,31.5,,,,0,0.034,103.643,1.876,0,47.5,,1.473,0,278,22.58,93.615,0.922,42.605,,,,,0
2026-10-05T16:00Z,2026-10-05T19:00Z,3524553,3,7.4,31.6,,,,h,31.6,,,,0,0.033,154.087,2.1,0,47.5,,1.473,2,278,21.845,96.311,0.953,37.768,,,,,0
2026-10-05T16:00Z,2026-10-05T22:00Z,3524553,6,5.6,22.6,,,,h,22.6,,,,0,0.03,149.931,2.524,0,47.5,,1.473,5,278,21.675,94.877,1.232,21.346,,,,,0
2026-10-05T16:00Z,2026-10-06T04:00Z,3524553,12,2.2,8.8,,,,h,8.8,,,,0,0.024,1055.52,2.913,0.052,47.5,,1.473,11,279,28.035,69.451,1.995,20.892,,,,,0
2026-10-05T16:00Z,2026-10-06T16:00Z,3524553,24,3.1,8.8,,,,h,8.8,,,,0,0.003,222.902,2.929,0,47.5,,1.473,23,279,22.201,89.975,1.579,18.439,,,,,0
2026-10-05T16:00Z,2026-10-07T16:00Z,3524553,48,9.7,17.2,,,,h,17.2,,,,0,0,222.699,2.597,0.103,47.5,,1.473,23,280,22.67,91.212,1.306,27.142,,,,,0
2026-10-05T16:00Z,2026-10-05T17:00Z,3527752,1,3.5,3.9,,,,h,3.9,,,,0,0.003,67.58,3.084,0,6.3,,0.087,0,278,22.773,96.484,1.272,126.509,,,,,0
2026-10-05T16:00Z,2026-10-05T19:00Z,3527752,3,2.7,3,,,,h,3,,,,0,0.006,85.155,2.344,0,6.3,,0.087,2,278,22.625,95.207,0.895,102.047,,,,,0
2026-10-05T16:00Z,2026-10-05T22:00Z,3527752,6,1.1,1.3,,,,h,1.3,,,,0,0.013,154.281,3.086,0.456,6.3,,0.087,5,278,22.15,97.005,1.214,99.912,,,,,0
2026-10-05T16:00Z,2026-10-06T04:00Z,3527752,12,2.6,2.8,,,,h,2.8,,,,0,0.005,835.971,5.874,0.252,6.3,,0.087,11,279,26.392,81.564,4.26,80.49,,,,,0
2026-10-05T16:00Z,2026-10-06T16:00Z,3527752,24,6.3,6.7,,,,h,6.7,,,,0,0,133.172,4.028,0,6.3,,0.087,23,279,23.002,94.764,1.671,112.296,,,,,0
2026-10-05T16:00Z,2026-10-07T16:00Z,3527752,48,11.4,11.8,,,,h,11.8,,,,0,0,37.603,2.634,0,6.3,,0.087,23,280,22.855,86.71,0.954,99.42,,,,,0
2026-10-05T16:00Z,2026-10-05T17:00Z,3539279,1,2.7,0.7,,,,h,0.7,,,,0,0,530.031,5.06,0.025,,,-0.894,0,278,20.316,80.677,2.445,90.965,,,,,0
2026-10-05T16:00Z,2026-10-05T19:00Z,3539279,3,3.4,1.1,,,,h,1.1,,,,0,0,510.197,5.03,0.018,,,-0.894,2,278,19.63,81.687,2.351,88.555,,,,,0
2026-10-05T16:00Z,2026-10-05T22:00Z,3539279,6,5.2,2.1,,,,h,2.1,,,,0,0,473.208,4.04,0.011,,,-0.894,5,278,18.885,83.828,1.716,88.074,,,,,0
2026-10-05T16:00Z,2026-10-06T04:00Z,3539279,12,6.3,3,,,,h,3,,,,0,0,1031.576,3.113,0,,,-0.894,11,279,23.633,63.524,2.295,76.172,,,,,0
2026-10-05T16:00Z,2026-10-06T16:00Z,3539279,24,5.8,3.3,,,,h,3.3,,,,0,0,59.122,3.451,0,,,-0.894,23,279,19.209,77.923,1.389,95.653,,,,,0
2026-10-05T16:00Z,2026-10-07T16:00Z,3539279,48,6.8,4.9,,,,h,4.9,,,,0,0,32.866,3,0,,,-0.894,23,280,19.337,74.779,1.169,110.336,,,,,0
2026-10-05T16:00Z,2026-10-05T17:00Z,3539280,1,4.7,27.8,,,,h,27.8,,,,0,0,216.051,3.708,0.055,29.9,,1.689,0,278,21.126,87.915,2.006,68.464,,,,,0
2026-10-05T16:00Z,2026-10-05T19:00Z,3539280,3,5.2,28.3,,,,h,28.3,,,,0,0,233.425,4.755,0,29.9,,1.689,2,278,20.467,84.88,2.397,66.464,,,,,0
2026-10-05T16:00Z,2026-10-05T22:00Z,3539280,6,3.6,18.8,,,,h,18.8,,,,0,0,265.896,4.948,0,29.9,,1.689,5,278,19.758,84.773,2.565,61.982,,,,,0
2026-10-05T16:00Z,2026-10-06T04:00Z,3539280,12,4.3,18.2,,,,h,18.2,,,,0,0,937.269,1.638,0,29.9,,1.689,11,279,26.158,61.599,1.224,4.743,,,,,0
2026-10-05T16:00Z,2026-10-06T16:00Z,3539280,24,7.6,22.4,,,,h,22.4,,,,0,0,192.522,4.712,0,29.9,,1.689,23,279,20.704,76.339,3.149,68.646,,,,,0
2026-10-05T16:00Z,2026-10-07T16:00Z,3539280,48,7.9,15.4,,,,h,15.4,,,,0,0,132.215,3.035,0,29.9,,1.689,23,280,20.869,75.921,1.894,67.03,,,,,0
2026-10-05T16:00Z,2026-10-05T17:00Z,3539838,1,2.9,5.6,,,,h,5.6,,,,0,0,132.673,2.968,0.294,6.9,,0.545,0,278,22.008,98.009,1.444,356.88,,,,,0
2026-10-05T16:00Z,2026-10-05T19:00Z,3539838,3,1.8,3.6,,,,h,3.6,,,,0,0,89.553,2.066,0.131,6.9,,0.545,2,278,21.851,98.837,0.753,345.511,,,,,0
2026-10-05T16:00Z,2026-10-05T22:00Z,3539838,6,1.5,3,,,,h,3,,,,0,0,80.629,1.818,0.263,6.9,,0.545,5,278,21.412,98.828,1.274,304.979,,,,,0
2026-10-05T16:00Z,2026-10-06T04:00Z,3539838,12,2.3,4,,,,h,4,,,,0,0,830.261,1.969,0.092,6.9,,0.545,11,279,26.707,76.462,1.573,337.126,,,,,0
2026-10-05T16:00Z,2026-10-06T16:00Z,3539838,24,5.1,7.4,,,,h,7.4,,,,0,0,22.131,0.674,0,6.9,,0.545,23,279,22.68,98.934,0.401,331.117,,,,,0
2026-10-05T16:00Z,2026-10-07T16:00Z,3539838,48,8.6,10.7,,,,h,10.7,,,,0,0,12.56,1.092,0,6.9,,0.545,23,280,23.402,88.909,0.035,154.675,,,,,0
2026-10-05T16:00Z,2026-10-05T17:00Z,3553302,1,3.4,3.3,,,,h,3.3,,,,0,0,55.323,2.744,0.039,1.6,,-0.027,0,278,19.067,96.249,1.04,54.903,,,,,0
2026-10-05T16:00Z,2026-10-05T19:00Z,3553302,3,3.5,3.4,,,,h,3.4,,,,0,0,95.162,2.742,1.358,1.6,,-0.027,2,278,19.194,97.02,1.045,50.823,,,,,0
2026-10-05T16:00Z,2026-10-05T22:00Z,3553302,6,3.7,3.6,,,,h,3.6,,,,0,0,87.484,1.865,0.895,1.6,,-0.027,5,278,18.78,96.62,0.825,34.888,,,,,0
2026-10-05T16:00Z,2026-10-06T04:00Z,3553302,12,6.1,6,,,,h,6,,,,0,0,1156.579,2.918,0,1.6,,-0.027,11,279,23.469,64.532,2.071,88.885,,,,,0
2026-10-05T16:00Z,2026-10-06T16:00Z,3553302,24,12.3,12.1,,,,h,12.1,,,,0,0,39.271,1.479,0,1.6,,-0.027,23,279,18.316,85.547,0.708,44.981,,,,,0
2026-10-05T16:00Z,2026-10-07T16:00Z,3553302,48,10.6,10.5,,,,h,10.5,,,,0,0,23.922,0.734,0,1.6,,-0.027,23,280,18.856,76.974,0.358,326.799,,,,,0
2026-10-05T16:00Z,2026-10-05T17:00Z,3553304,1,1.2,0.6,,,,h,0.6,,,,0,0,60.21,0.561,0.746,3,,-0.334,0,278,20.858,99.036,0.569,297.901,,,,,0
2026-10-05T16:00Z,2026-10-05T19:00Z,3553304,3,1.4,0.8,,,,h,0.8,,,,0,0,105.429,1.141,0.186,3,,-0.334,2,278,20.501,99.043,0.564,3.926,,,,,0
2026-10-05T16:00Z,2026-10-05T22:00Z,3553304,6,0.7,0.3,,,,h,0.3,,,,0,0,86.478,0.844,0.464,3,,-0.334,5,278,20.255,98.775,0.782,320.346,,,,,0
2026-10-05T16:00Z,2026-10-06T04:00Z,3553304,12,3.4,2.4,,,,h,2.4,,,,0,0,490.109,1.129,0.194,3,,-0.334,11,279,23.267,87.446,0.82,341.824,,,,,0
2026-10-05T16:00Z,2026-10-06T16:00Z,3553304,24,7.9,6.3,,,,h,6.3,,,,0,0,61.906,1.607,0,3,,-0.334,23,279,21.524,89.513,0.39,29.517,,,,,0
2026-10-05T16:00Z,2026-10-07T16:00Z,3553304,48,9.1,8,,,,h,8,,,,0,0,11.837,0.124,0,3,,-0.334,23,280,21.396,81.759,0.066,50.903,,,,,0
2026-10-05T16:00Z,2026-10-05T17:00Z,3553305,1,1.6,4.6,,,,h,4.6,,,,0,0,84.168,2.278,0.082,1.1,,0.802,0,278,18.581,94.442,1.272,60.949,,,,,0
2026-10-05T16:00Z,2026-10-05T19:00Z,3553305,3,0.9,3,,,,h,3,,,,0,0,116.308,3.716,0,1.1,,0.802,2,278,18.211,94.599,1.861,59.529,,,,,0
2026-10-05T16:00Z,2026-10-05T22:00Z,3553305,6,0.7,2.4,,,,h,2.4,,,,0,0,132.417,3.881,0,1.1,,0.802,5,278,17.458,93.821,2.098,56.346,,,,,0
2026-10-05T16:00Z,2026-10-06T04:00Z,3553305,12,3.4,7.1,,,,h,7.1,,,,0,0,952.948,1.533,0.009,1.1,,0.802,11,279,24.545,59.135,1.195,335.976,,,,,0
2026-10-05T16:00Z,2026-10-06T16:00Z,3553305,24,3.8,6.7,,,,h,6.7,,,,0,0,69.605,2.609,0,1.1,,0.802,23,279,17.932,86.197,2.159,54.652,,,,,0
2026-10-05T16:00Z,2026-10-07T16:00Z,3553305,48,5.7,7.9,,,,h,7.9,,,,0,0,42.199,1.024,0,1.1,,0.802,23,280,18.197,82.478,1.163,38.904,,,,,0
2026-10-05T16:00Z,2026-10-05T17:00Z,3560430,1,7.2,26.1,,,,h,26.1,,,,0,0,81.556,0.983,0.277,38.9,,1.247,0,278,23.596,95.611,0.797,41.869,,,,,0
2026-10-05T16:00Z,2026-10-05T19:00Z,3560430,3,6,21,,,,h,21,,,,0,0,82.792,0.118,0.198,38.9,,1.247,2,278,22.922,97.905,0.529,12.39,,,,,0
2026-10-05T16:00Z,2026-10-05T22:00Z,3560430,6,6.1,19.9,,,,h,19.9,,,,0,0,298.976,2.024,0,38.9,,1.247,5,278,22.652,93.372,0.593,130.686,,,,,0
2026-10-05T16:00Z,2026-10-06T04:00Z,3560430,12,6,17.1,,,,h,17.1,,,,0,0,790.345,2.08,0,38.9,,1.247,11,279,27.175,76.751,1.671,330.843,,,,,0
2026-10-05T16:00Z,2026-10-06T16:00Z,3560430,24,11.3,24.8,,,,h,24.8,,,,0,0,70.486,1.597,0,38.9,,1.247,23,279,23.666,97.758,0.71,7.478,,,,,0
2026-10-05T16:00Z,2026-10-07T16:00Z,3560430,48,10.7,17.3,,,,h,17.3,,,,0,0,18.302,1.093,0,38.9,,1.247,23,280,24.443,86.524,0.368,193.948,,,,,0
2026-10-05T16:00Z,2026-10-05T17:00Z,3560431,1,3.7,8.2,,,,h,8.2,,,,0,0,104.073,2.127,0,5.1,,0.703,0,278,22.654,97.271,0.822,33.395,,,,,0
2026-10-05T16:00Z,2026-10-05T19:00Z,3560431,3,3.6,7.8,,,,h,7.8,,,,0,0,163.211,3.228,0.177,5.1,,0.703,2,278,22.15,97.704,1.428,44.524,,,,,0
2026-10-05T16:00Z,2026-10-05T22:00Z,3560431,6,3.4,7.1,,,,h,7.1,,,,0,0,252.133,2.428,0.133,5.1,,0.703,5,278,22.018,97.19,1.232,103.804,,,,,0
2026-10-05T16:00Z,2026-10-06T04:00Z,3560431,12,4.3,8.1,,,,h,8.1,,,,0,0,736.803,2.101,0.061,5.1,,0.703,11,279,25.773,74.236,1.639,116.622,,,,,0
2026-10-05T16:00Z,2026-10-06T16:00Z,3560431,24,7.6,12.1,,,,h,12.1,,,,0,0,30.609,0.459,0,5.1,,0.703,23,279,22.755,94.026,0.317,313.38,,,,,0
2026-10-05T16:00Z,2026-10-07T16:00Z,3560431,48,12.9,16.9,,,,h,16.9,,,,0,0,33.338,1.805,0,5.1,,0.703,23,280,23.471,81.735,0.568,159.41,,,,,0
2026-10-05T16:00Z,2026-10-05T17:00Z,3560513,1,1.7,1.5,,,,h,1.5,,,,0,0,224.615,2.647,0.041,0.1,,-0.089,0,278,17.999,91.208,1.292,72.238,,,,,0
2026-10-05T16:00Z,2026-10-05T19:00Z,3560513,3,1.8,1.6,,,,h,1.6,,,,0,0,235.059,3.388,0,0.1,,-0.089,2,278,17.595,91.495,1.635,65.642,,,,,0
2026-10-05T16:00Z,2026-10-05T22:00Z,3560513,6,2.5,2.2,,,,h,2.2,,,,0,0,229.592,3.25,0,0.1,,-0.089,5,278,16.861,91.89,1.637,63.245,,,,,0
2026-10-05T16:00Z,2026-10-06T04:00Z,3560513,12,4.7,4.3,,,,h,4.3,,,,0,0,976.843,1.137,0.024,0.1,,-0.089,11,279,23.328,60.715,0.733,32.626,,,,,0
2026-10-05T16:00Z,2026-10-06T16:00Z,3560513,24,5.3,5,,,,h,5,,,,0,0,44.287,2.188,0,0.1,,-0.089,23,279,16.964,86.302,1.447,61.124,,,,,0
2026-10-05T16:00Z,2026-10-07T16:00Z,3560513,48,7.2,6.9,,,,h,6.9,,,,0,0,21.267,0.895,0,0.1,,-0.089,23,280,17.081,83.163,0.787,56.259,,,,,0
2026-10-05T16:00Z,2026-10-05T17:00Z,3560514,1,4.1,31.5,,,,h,31.5,,,,0,0,99.95,2.324,0.023,35.5,,1.93,0,278,17.819,93.35,1.012,51.598,,,,,0
2026-10-05T16:00Z,2026-10-05T19:00Z,3560514,3,3.6,26.2,,,,h,26.2,,,,0,0,101.415,2.512,0,35.5,,1.93,2,278,17.421,93.474,1.085,47.123,,,,,0
2026-10-05T16:00Z,2026-10-05T22:00Z,3560514,6,3,20.2,,,,h,20.2,,,,0,0,127.384,2.668,0,35.5,,1.93,5,278,16.878,92.449,1.254,35.441,,,,,0
2026-10-05T16:00Z,2026-10-06T04:00Z,3560514,12,4.6,23.4,,,,h,23.4,,,,0,0,914.316,0.788,0.051,35.5,,1.93,11,279,23.569,61.55,0.484,359.264,,,,,0
2026-10-05T16:00Z,2026-10-06T16:00Z,3560514,24,8.6,29.2,,,,h,29.2,,,,0,0,72.074,2.416,0,35.5,,1.93,23,279,16.754,87.636,1.374,40.611,,,,,0
2026-10-05T16:00Z,2026-10-07T16:00Z,3560514,48,9.3,19.6,,,,h,19.6,,,,0,0,51.939,1.602,0,35.5,,1.93,23,280,16.979,82.047,0.982,41.521,,,,,0
2026-10-05T16:00Z,2026-10-05T17:00Z,3561013,1,4.9,0.5,,,,h,0.5,,,,0,0,148.801,3.097,0.013,0.6,,-1.453,0,278,20.521,88.833,1.412,55.229,,,,,0
2026-10-05T16:00Z,2026-10-05T19:00Z,3561013,3,5,0.6,,,,h,0.6,,,,0,0,125.985,2.715,0,0.6,,-1.453,2,278,19.99,88.708,1.135,55.353,,,,,0
2026-10-05T16:00Z,2026-10-05T22:00Z,3561013,6,4.6,0.6,,,,h,0.6,,,,0,0,154.926,2.934,0,0.6,,-1.453,5,278,19.516,86.713,1.312,42.039,,,,,0
2026-10-05T16:00Z,2026-10-06T04:00Z,3561013,12,5.5,1.1,,,,h,1.1,,,,0,0,861.657,1.336,0.028,0.6,,-1.453,11,279,25.664,61.696,0.965,23.982,,,,,0
2026-10-05T16:00Z,2026-10-06T16:00Z,3561013,24,9.1,3.3,,,,h,3.3,,,,0,0,115.348,3.041,0,0.6,,-1.453,23,279,19.758,81.563,1.546,49.961,,,,,0
2026-10-05T16:00Z,2026-10-07T16:00Z,3561013,48,12.3,6.9,,,,h,6.9,,,,0,0,95.103,2.597,0,0.6,,-1.453,23,280,19.974,78.476,1.308,65.473,,,,,0
2026-10-05T16:00Z,2026-10-05T17:00Z,3562555,1,2.2,0.7,,,,h,0.7,,,,0,0,49.933,1.494,0.103,0.5,,-0.632,0,278,20.044,99.003,0.522,54.395,,,,,0
2026-10-05T16:00Z,2026-10-05T19:00Z,3562555,3,1.9,0.6,,,,h,0.6,,,,0,0,54.049,1.601,0.2,0.5,,-0.632,2,278,20.083,99.532,0.404,21.005,,,,,0
2026-10-05T16:00Z,2026-10-05T22:00Z,3562555,6,2.2,0.9,,,,h,0.9,,,,0,0,165.625,2.899,0.101,0.5,,-0.632,5,278,19.769,99.071,1.528,35.795,,,,,0
2026-10-05T16:00Z,2026-10-06T04:00Z,3562555,12,5.8,3.2,,,,h,3.2,,,,0,0,626.937,3.468,0.047,0.5,,-0.632,11,279,23.047,76.675,2.481,35.104,,,,,0
2026-10-05T16:00Z,2026-10-06T16:00Z,3562555,24,9.4,6.1,,,,h,6.1,,,,0,0,58.406,2.758,0,0.5,,-0.632,23,279,20.343,87.363,0.913,39.74,,,,,0
2026-10-05T16:00Z,2026-10-07T16:00Z,3562555,48,9.2,7.1,,,,h,7.1,,,,0,0,19.942,0.885,0,0.5,,-0.632,23,280,19.99,82.45,0.378,48.74,,,,,0
2026-10-05T16:00Z,2026-10-05T17:00Z,3562556,1,6.4,9.1,,,,h,9.1,,,,0,0,524.367,4.065,0,4,,0.322,0,278,18.262,83.432,1.908,82.935,,,,,0
2026-10-05T16:00Z,2026-10-05T19:00Z,3562556,3,6.7,9.4,,,,h,9.4,,,,0,0,437.6,3.479,0,4,,0.322,2,278,17.832,84.659,1.648,83.797,,,,,0
2026-10-05T16:00Z,2026-10-05T22:00Z,3562556,6,7.7,10.5,,,,h,10.5,,,,0,0,331.258,3.006,0,4,,0.322,5,278,16.744,87.869,1.263,78.505,,,,,0
2026-10-05T16:00Z,2026-10-06T04:00Z,3562556,12,6,8,,,,h,8,,,,0,0,1135.695,2.983,0,4,,0.322,11,279,22.394,59.35,2.092,66.462,,,,,0
2026-10-05T16:00Z,2026-10-06T16:00Z,3562556,24,9.3,11.5,,,,h,11.5,,,,0,0,33.734,1.935,0,4,,0.322,23,279,16.76,78.848,0.828,90.231,,,,,0
2026-10-05T16:00Z,2026-10-07T16:00Z,3562556,48,13.1,14.8,,,,h,14.8,,,,0,0,25.527,1.104,0,4,,0.322,23,280,16.837,82.296,0.663,93.038,,,,,0
2026-10-05T16:00Z,2026-10-05T17:00Z,3562557,1,1.7,0.5,,,,h,0.5,,,,0,0,205.034,2.581,0.061,,,-0.701,0,278,18.721,91.247,1.321,74.378,,,,,0
2026-10-05T16:00Z,2026-10-05T19:00Z,3562557,3,1.8,0.6,,,,h,0.6,,,,0,0,219.893,3.694,0,,,-0.701,2,278,18.274,91.815,1.78,67.492,,,,,0
2026-10-05T16:00Z,2026-10-05T22:00Z,3562557,6,2.5,1.1,,,,h,1.1,,,,0,0,219.596,3.597,0,,,-0.701,5,278,17.538,91.846,1.832,65.719,,,,,0
2026-10-05T16:00Z,2026-10-06T04:00Z,3562557,12,4.7,2.6,,,,h,2.6,,,,0,0,982.398,1.203,0.009,,,-0.701,11,279,24.13,59.704,0.84,13.375,,,,,0
2026-10-05T16:00Z,2026-10-06T16:00Z,3562557,24,5.3,3.4,,,,h,3.4,,,,0,0,45.185,2.26,0,,,-0.701,23,279,17.968,85.071,1.643,64.468,,,,,0
2026-10-05T16:00Z,2026-10-07T16:00Z,3562557,48,7.2,5.6,,,,h,5.6,,,,0,0,20.399,0.727,0,,,-0.701,23,280,18.113,82.219,0.84,70.816,,,,,0
2026-10-05T16:00Z,2026-10-05T17:00Z,3567155,1,2.7,13.1,,,,h,13.1,,,,0,0,337.32,5.012,0.017,23.5,,1.395,0,278,23.335,81.715,2.604,70.439,,,,,0
2026-10-05T16:00Z,2026-10-05T19:00Z,3567155,3,2.9,13.1,,,,h,13.1,,,,0,0,333.484,5.415,0,23.5,,1.395,2,278,22.411,75.881,2.703,69.889,,,,,0
2026-10-05T16:00Z,2026-10-05T22:00Z,3567155,6,3.8,15,,,,h,15,,,,0,0,382.581,5.587,0,23.5,,1.395,5,278,21.791,76.243,2.777,63.641,,,,,0
2026-10-05T16:00Z,2026-10-06T04:00Z,3567155,12,5.2,17,,,,h,17,,,,0,0,911.741,1.977,0.001,23.5,,1.395,11,279,27.472,64.293,1.557,29.301,,,,,0
2026-10-05T16:00Z,2026-10-06T16:00Z,3567155,24,7.9,19.4,,,,h,19.4,,,,0,0,302.666,6.581,0,23.5,,1.395,23,279,23.037,67.713,3.825,72.529,,,,,0
2026-10-05T16:00Z,2026-10-07T16:00Z,3567155,48,11,18.8,,,,h,18.8,,,,0,0,215.358,5.1,0,23.5,,1.395,23,280,23.105,69.9,2.502,71.657,,,,,0
2026-10-05T16:00Z,2026-10-05T17:00Z,3567156,1,5.9,5,,,,h,5,,,,0,0,469.635,5.52,0,22.4,,-0.145,0,278,18.706,84.901,2.836,88.301,,,,,0
2026-10-05T16:00Z,2026-10-05T19:00Z,3567156,3,5.2,4.4,,,,h,4.4,,,,0,0,450.792,5.221,0.023,22.4,,-0.145,2,278,18.194,86.151,2.654,89.61,,,,,0
2026-10-05T16:00Z,2026-10-05T22:00Z,3567156,6,5.9,5.1,,,,h,5.1,,,,0,0,362.902,3.939,0.046,22.4,,-0.145,5,278,17.316,89.16,1.823,86.847,,,,,0
2026-10-05T16:00Z,2026-10-06T04:00Z,3567156,12,7.1,6.3,,,,h,6.3,,,,0,0,1024.757,3.485,0,22.4,,-0.145,11,279,22.142,64.821,2.493,80.135,,,,,0
2026-10-05T16:00Z,2026-10-06T16:00Z,3567156,24,12.9,11.8,,,,h,11.8,,,,0,0,61.227,3.848,0,22.4,,-0.145,23,279,17.439,79.018,1.767,98.477,,,,,0
2026-10-05T16:00Z,2026-10-07T16:00Z,3567156,48,14.3,13.5,,,,h,13.5,,,,0,0,41.481,3.584,0,22.4,,-0.145,23,280,18.022,72.24,1.533,105.838,,,,,0
2026-10-05T16:00Z,2026-10-05T17:00Z,3567157,1,3,1.5,,,,h,1.5,,,,0,0,224.243,3.663,0.663,0.1,,-0.477,0,278,20.184,98.759,1.735,52.949,,,,,0
2026-10-05T16:00Z,2026-10-05T19:00Z,3567157,3,3.3,1.8,,,,h,1.8,,,,0,0,353.997,4.55,0.531,0.1,,-0.477,2,278,19.944,98,2.298,46.494,,,,,0
2026-10-05T16:00Z,2026-10-05T22:00Z,3567157,6,3.1,1.7,,,,h,1.7,,,,0,0,357.318,5.491,0.846,0.1,,-0.477,5,278,18.733,97.125,2.668,44.382,,,,,0
2026-10-05T16:00Z,2026-10-06T04:00Z,3567157,12,6.1,3.9,,,,h,3.9,,,,0,0,825.358,3.826,0,0.1,,-0.477,11,279,22.324,75.974,2.761,70.501,,,,,0
2026-10-05T16:00Z,2026-10-06T16:00Z,3567157,24,8.2,5.9,,,,h,5.9,,,,0,0,38.864,2.683,0,0.1,,-0.477,23,279,19.119,85.139,0.773,65.989,,,,,0
2026-10-05T16:00Z,2026-10-07T16:00Z,3567157,48,8.8,7.3,,,,h,7.3,,,,0,0,21.486,0.984,0,0.1,,-0.477,23,280,18.793,84.609,0.16,63.101,,,,,0
2026-10-05T16:00Z,2026-10-05T17:00Z,3567159,1,4.3,17.8,,,,h,17.8,,,,0,0,116.971,2.616,0.326,21.3,,1.319,0,278,23.112,98.939,1.85,313.204,,,,,0
2026-10-05T16:00Z,2026-10-05T19:00Z,3567159,3,3.4,13.8,,,,h,13.8,,,,0,0,84.543,2.035,0.018,21.3,,1.319,2,278,22.611,98.461,1.02,299.049,,,,,0
2026-10-05T16:00Z,2026-10-05T22:00Z,3567159,6,2.8,10.9,,,,h,10.9,,,,0,0,112.962,1.377,0.024,21.3,,1.319,5,278,22.707,97.921,0.725,234.175,,,,,0
2026-10-05T16:00Z,2026-10-06T04:00Z,3567159,12,3,9.9,,,,h,9.9,,,,0,0,893.271,1.758,0,21.3,,1.319,11,279,27.778,75.212,1.349,314.553,,,,,0
2026-10-05T16:00Z,2026-10-06T16:00Z,3567159,24,6.8,16.1,,,,h,16.1,,,,0,0,44.363,0.997,0,21.3,,1.319,23,279,23.538,98.6,0.439,354.904,,,,,0
2026-10-05T16:00Z,2026-10-07T16:00Z,3567159,48,8.3,14,,,,h,14,,,,0,0,30,1.767,0,21.3,,1.319,23,280,24.135,85.151,0.779,195.339,,,,,0
2026-10-05T16:00Z,2026-10-05T17:00Z,3567160,1,2.5,3.1,,,,h,3.1,,,,0,0.001,419.393,6.295,0,2.4,,0.16,0,278,23.739,86.498,3.412,53.43,,,,,0
2026-10-05T16:00Z,2026-10-05T19:00Z,3567160,3,3,3.6,,,,h,3.6,,,,0,0.001,449.759,6.206,0.009,2.4,,0.16,2,278,23.214,87.545,3.383,45.36,,,,,0
2026-10-05T16:00Z,2026-10-05T22:00Z,3567160,6,4.1,4.9,,,,h,4.9,,,,0,0.001,460.256,6.374,0.093,2.4,,0.16,5,278,22.8,85.975,3.548,50.541,,,,,0
2026-10-05T16:00Z,2026-10-06T04:00Z,3567160,12,6.8,7.8,,,,h,7.8,,,,0,0.001,974.091,7.11,0.019,2.4,,0.16,11,279,26.981,70.428,5.193,47.173,,,,,0
2026-10-05T16:00Z,2026-10-06T16:00Z,3567160,24,14.1,15.6,,,,h,15.6,,,,0,0,555.842,7.06,0.005,2.4,,0.16,23,279,22.927,75.374,4.163,51.264,,,,,0
2026-10-05T16:00Z,2026-10-07T16:00Z,3567160,48,16.2,17.2,,,,h,17.2,,,,0,0,508.68,6.628,0,2.4,,0.16,23,280,23.519,74.401,3.593,46.181,,,,,0
2026-10-05T16:00Z,2026-10-05T17:00Z,3567161,1,6.9,4.7,,,,h,4.7,,,,0,0.018,127.794,2.689,0,1.3,,-0.345,0,278,22.088,94.689,1.233,38.87,,,,,0
2026-10-05T16:00Z,2026-10-05T19:00Z,3567161,3,7.4,5.1,,,,h,5.1,,,,0,0.018,201.128,3.03,0,1.3,,-0.345,2,278,21.528,96.247,1.33,31.546,,,,,0
2026-10-05T16:00Z,2026-10-05T22:00Z,3567161,6,5.6,3.9,,,,h,3.9,,,,0,0.016,206.179,3.001,0,1.3,,-0.345,5,278,21.519,94.539,1.376,30.551,,,,,0
2026-10-05T16:00Z,2026-10-06T04:00Z,3567161,12,2.2,1.5,,,,h,1.5,,,,0,0.014,1060.429,4.445,0.047,1.3,,-0.345,11,279,27.402,69.422,3.03,26.038,,,,,0
2026-10-05T16:00Z,2026-10-06T16:00Z,3567161,24,3.1,2.3,,,,h,2.3,,,,0,0.001,306.099,3.937,0,1.3,,-0.345,23,279,21.705,90.443,2.074,27.423,,,,,0
2026-10-05T16:00Z,2026-10-07T16:00Z,3567161,48,9.7,8.4,,,,h,8.4,,,,0,0,344.329,3.808,0.079,1.3,,-0.345,23,280,22.085,91.312,1.937,30.654,,,,,0
2026-10-05T16:00Z,2026-10-05T17:00Z,3572812,1,3.6,8.8,,,,h,8.8,,,,0,0,236.034,3.123,0,4.2,,0.787,0,278,17.964,96.633,1.22,77.958,,,,,0
2026-10-05T16:00Z,2026-10-05T19:00Z,3572812,3,3.4,8.1,,,,h,8.1,,,,0,0,91.668,2.752,0,4.2,,0.787,2,278,17.489,95.465,1.014,82.197,,,,,0
2026-10-05T16:00Z,2026-10-05T22:00Z,3572812,6,4,8.9,,,,h,8.9,,,,0,0,115.404,2.591,0.004,4.2,,0.787,5,278,17.546,93.398,0.936,71.788,,,,,0
2026-10-05T16:00Z,2026-10-06T04:00Z,3572812,12,6.3,12.3,,,,h,12.3,,,,0,0,1181.971,3.295,0,4.2,,0.787,11,279,22.549,62.664,2.365,89.793,,,,,0
2026-10-05T16:00Z,2026-10-06T16:00Z,3572812,24,9.6,15.9,,,,h,15.9,,,,0,0,20,1.253,0,4.2,,0.787,23,279,17.266,88.263,0.347,104.93,,,,,0
2026-10-05T16:00Z,2026-10-07T16:00Z,3572812,48,9.5,12.9,,,,h,12.9,,,,0,0,15.415,1.078,0,4.2,,0.787,23,280,17.848,77.303,0.333,136.654,,,,,0
2026-10-05T16:00Z,2026-10-05T17:00Z,3572813,1,4,1.5,,,,h,1.5,,,,0,0,471.733,4.484,0.562,0,,-0.719,0,278,17.265,93.84,2.229,76.608,,,,,0
2026-10-05T16:00Z,2026-10-05T19:00Z,3572813,3,3.7,1.4,,,,h,1.4,,,,0,0,424.109,4.535,0.491,0,,-0.719,2,278,16.324,95.417,1.877,74.18,,,,,0
2026-10-05T16:00Z,2026-10-05T22:00Z,3572813,6,3.5,1.4,,,,h,1.4,,,,0,0,470.428,4.181,0.254,0,,-0.719,5,278,15.743,94.635,1.953,74.574,,,,,0
2026-10-05T16:00Z,2026-10-06T04:00Z,3572813,12,6.6,3.4,,,,h,3.4,,,,0,0,730.623,3.22,0,0,,-0.719,11,279,18.67,75.417,2.325,76.96,,,,,0
2026-10-05T16:00Z,2026-10-06T16:00Z,3572813,24,8.8,5.4,,,,h,5.4,,,,0,0,22.767,2.594,0,0,,-0.719,23,279,16.254,85.449,0.625,86.566,,,,,0
2026-10-05T16:00Z,2026-10-07T16:00Z,3572813,48,9.7,7.3,,,,h,7.3,,,,0,0,12.573,1.177,0,0,,-0.719,23,280,15.782,83.391,0.245,98.033,,,,,0
2026-10-05T16:00Z,2026-10-05T17:00Z,3572814,1,2.6,4.3,,,,h,4.3,,,,0,0.033,69.941,2.263,0,7.2,,0.397,0,278,18.82,96.864,1.129,16.293,,,,,0
2026-10-05T16:00Z,2026-10-05T19:00Z,3572814,3,2.4,3.9,,,,h,3.9,,,,0,0.027,112.842,2.327,0,7.2,,0.397,2,278,18.35,97.981,1.135,21.289,,,,,0
2026-10-05T16:00Z,2026-10-05T22:00Z,3572814,6,1.8,2.9,,,,h,2.9,,,,0,0.021,95.344,2.048,0,7.2,,0.397,5,278,18.198,96.912,1.098,3.188,,,,,0
2026-10-05T16:00Z,2026-10-06T04:00Z,3572814,12,1.9,2.9,,,,h,2.9,,,,0,0.021,999.218,1.336,0.182,7.2,,0.397,11,279,24.867,70.272,0.82,15.118,,,,,0
2026-10-05T16:00Z,2026-10-06T16:00Z,3572814,24,1.2,1.8,,,,h,1.8,,,,0,0.003,116.463,2.855,0.384,7.2,,0.397,23,279,19.139,94.243,1.446,17.704,,,,,0
2026-10-05T16:00Z,2026-10-07T16:00Z,3572814,48,1.1,1.4,,,,h,1.4,,,,0,0,203.746,3.192,0.472,7.2,,0.397,23,280,19.138,96.666,1.523,16.849,,,,,0
2026-10-05T16:00Z,2026-10-05T17:00Z,3585655,1,2.2,2.1,,,,h,2.1,,,,0,0,162.485,3.111,0.106,3.1,,-0.035,0,278,21.086,98.767,1.532,53.841,,,,,0
2026-10-05T16:00Z,2026-10-05T19:00Z,3585655,3,1.8,1.7,,,,h,1.7,,,,0,0,80.872,2.394,0,3.1,,-0.035,2,278,20.725,98.717,0.796,61.893,,,,,0
2026-10-05T16:00Z,2026-10-05T22:00Z,3585655,6,1.9,1.8,,,,h,1.8,,,,0,0,245.307,3.308,0.028,3.1,,-0.035,5,278,20.72,98.049,1.68,74.065,,,,,0
2026-10-05T16:00Z,2026-10-06T04:00Z,3585655,12,3,2.9,,,,h,2.9,,,,0,0,814.73,2.787,0.059,3.1,,-0.035,11,279,25.103,74.904,2.043,115.056,,,,,0
2026-10-05T16:00Z,2026-10-06T16:00Z,3585655,24,4.3,4.2,,,,h,4.2,,,,0,0,25.361,1.251,0,3.1,,-0.035,23,279,21.655,94.199,0.24,68.682,,,,,0
2026-10-05T16:00Z,2026-10-07T16:00Z,3585655,48,9.4,9.3,,,,h,9.3,,,,0,0,13.057,0.9,0,3.1,,-0.035,23,280,22.1,87.855,0.203,126.801,,,,,0
2026-10-05T16:00Z,2026-10-05T17:00Z,3585656,1,2.3,3.5,,,,h,3.5,,,,0,0,155.331,2.904,0.029,2.4,,0.315,0,278,20.036,98.784,1.233,77.404,,,,,0
2026-10-05T16:00Z,2026-10-05T19:00Z,3585656,3,1.1,1.8,,,,h,1.8,,,,0,0,156.651,3.095,0.798,2.4,,0.315,2,278,19.661,98.784,1.411,69.625,,,,,0
2026-10-05T16:00Z,2026-10-05T22:00Z,3585656,6,0.9,1.5,,,,h,1.5,,,,0,0,215.264,3.322,0.334,2.4,,0.315,5,278,19.501,98.45,1.404,69.583,,,,,0
2026-10-05T16:00Z,2026-10-06T04:00Z,3585656,12,4.1,5.5,,,,h,5.5,,,,0,0,726.202,3.903,0.081,2.4,,0.315,11,279,23.337,77.149,2.788,74.438,,,,,0
2026-10-05T16:00Z,2026-10-06T16:00Z,3585656,24,9.2,11.3,,,,h,11.3,,,,0,0,34.754,2.478,0,2.4,,0.315,23,279,19.987,91.012,0.933,80.055,,,,,0
2026-10-05T16:00Z,2026-10-07T16:00Z,3585656,48,8.1,9.2,,,,h,9.2,,,,0,0,20,1.148,0,2.4,,0.315,23,280,19.41,81.857,0.673,119.588,,,,,0
2026-10-05T16:00Z,2026-10-05T17:00Z,3585657,1,3.9,12.3,,,,h,12.3,,,,0,0,222.899,3.637,0.091,15.9,,1.038,0,278,22.156,89.381,1.838,64.707,,,,,0
2026-10-05T16:00Z,2026-10-05T19:00Z,3585657,3,3.7,11.2,,,,h,11.2,,,,0,0,225.079,4.111,0.012,15.9,,1.038,2,278,21.54,85.888,2.028,68.86,,,,,0
2026-10-05T16:00Z,2026-10-05T22:00Z,3585657,6,2.7,8.1,,,,h,8.1,,,,0,0,236.685,3.926,0.012,15.9,,1.038,5,278,21.043,85.985,1.924,68.149,,,,,0
2026-10-05T16:00Z,2026-10-06T04:00Z,3585657,12,3.8,9.6,,,,h,9.6,,,,0,0,895.288,1.521,0.023,15.9,,1.038,11,279,26.621,67.61,1.176,16.5,,,,,0
2026-10-05T16:00Z,2026-10-06T16:00Z,3585657,24,6.6,13.1,,,,h,13.1,,,,0,0,183.932,4.181,0,15.9,,1.038,23,279,22.069,80.716,2.466,67.318,,,,,0
2026-10-05T16:00Z,2026-10-07T16:00Z,3585657,48,5.9,9,,,,h,9,,,,0,0,131.473,3.151,0,15.9,,1.038,23,280,22.249,76.715,1.608,76.144,,,,,0
2026-10-05T16:00Z,2026-10-05T17:00Z,3587757,1,3.8,3.1,,,,h,3.1,,,,0,0,31.059,2.687,0,2.6,,-0.162,0,278,16.67,97.821,0.938,88.305,,,,,0
2026-10-05T16:00Z,2026-10-05T19:00Z,3587757,3,3.5,2.9,,,,h,2.9,,,,0,0,31.718,2.36,0,2.6,,-0.162,2,278,16.388,98.258,0.862,83.726,,,,,0
2026-10-05T16:00Z,2026-10-05T22:00Z,3587757,6,3.3,2.7,,,,h,2.7,,,,0,0,31.183,1.902,0,2.6,,-0.162,5,278,16.306,98.862,0.725,70.625,,,,,0
2026-10-05T16:00Z,2026-10-06T04:00Z,3587757,12,6.7,5.8,,,,h,5.8,,,,0,0,1132.513,3.066,0.017,2.6,,-0.162,11,279,22.717,62.461,2.203,94.39,,,,,0
2026-10-05T16:00Z,2026-10-06T16:00Z,3587757,24,8.6,7.7,,,,h,7.7,,,,0,0,20,1.633,0,2.6,,-0.162,23,279,17.622,78.504,0.429,117.915,,,,,0
2026-10-05T16:00Z,2026-10-07T16:00Z,3587757,48,8.3,7.8,,,,h,7.8,,,,0,0,24.764,2.368,0,2.6,,-0.162,23,280,18.087,77.094,0.819,137.51,,,,,0
2026-10-05T16:00Z,2026-10-05T17:00Z,3591604,1,2.1,1,,,,h,1,,,,0,0,119.244,3.227,0.1,0.2,,-0.44,0,278,19.27,97.299,1.312,59.159,,,,,0
2026-10-05T16:00Z,2026-10-05T19:00Z,3591604,3,2.1,1.1,,,,h,1.1,,,,0,0,201.342,3.79,0.293,0.2,,-0.44,2,278,18.837,97.668,1.588,45.05,,,,,0
2026-10-05T16:00Z,2026-10-05T22:00Z,3591604,6,2.2,1.2,,,,h,1.2,,,,0,0,365.076,4.404,0.281,0.2,,-0.44,5,278,18.7,96.797,2.045,49.777,,,,,0
2026-10-05T16:00Z,2026-10-06T04:00Z,3591604,12,5.3,3.5,,,,h,3.5,,,,0,0,834.433,2.542,0,0.2,,-0.44,11,279,22.161,74.027,1.724,69.89,,,,,0
2026-10-05T16:00Z,2026-10-06T16:00Z,3591604,24,12.5,9.4,,,,h,9.4,,,,0,0,63.444,2.748,0,0.2,,-0.44,23,279,19.49,77.152,0.98,65.28,,,,,0
2026-10-05T16:00Z,2026-10-07T16:00Z,3591604,48,11.7,9.8,,,,h,9.8,,,,0,0,48.704,2.465,0,0.2,,-0.44,23,280,19.277,78.258,1.008,78.677,,,,,0
2026-10-05T16:00Z,2026-10-05T17:00Z,3591605,1,4.6,0.7,,,,h,0.7,,,,0,0,541.435,4.668,0,0.5,,-1.26,0,278,18.279,83.528,2.316,84.575,,,,,0
2026-10-05T16:00Z,2026-10-05T19:00Z,3591605,3,5.2,0.9,,,,h,0.9,,,,0,0,529.956,4.38,0,0.5,,-1.26,2,278,18.017,83.251,2.282,84.546,,,,,0
2026-10-05T16:00Z,2026-10-05T22:00Z,3591605,6,5.8,1.3,,,,h,1.3,,,,0,0,420.989,4.209,0,0.5,,-1.26,5,278,16.922,85.977,2.055,87.095,,,,,0
2026-10-05T16:00Z,2026-10-06T04:00Z,3591605,12,5.1,1.3,,,,h,1.3,,,,0,0,1029.101,3.347,0,0.5,,-1.26,11,279,22.124,62.401,2.363,76.549,,,,,0
2026-10-05T16:00Z,2026-10-06T16:00Z,3591605,24,8.1,3.3,,,,h,3.3,,,,0,0,40.751,2.783,0,0.5,,-1.26,23,279,16.601,81.058,1.387,90.23,,,,,0
2026-10-05T16:00Z,2026-10-07T16:00Z,3591605,48,8.9,5.3,,,,h,5.3,,,,0,0,27.753,1.829,0,0.5,,-1.26,23,280,16.543,83.96,1.047,83.678,,,,,0
2026-10-05T16:00Z,2026-10-05T17:00Z,3591606,1,1.8,1.5,,,,h,1.5,,,,0,0,179.879,3.738,0.705,2,,-0.119,0,278,21.157,98.565,1.956,26.621,,,,,0
2026-10-05T16:00Z,2026-10-05T19:00Z,3591606,3,2.1,1.8,,,,h,1.8,,,,0,0,153.5,3.603,0.055,2,,-0.119,2,278,20.947,98.521,1.675,32.954,,,,,0
2026-10-05T16:00Z,2026-10-05T22:00Z,3591606,6,1.6,1.3,,,,h,1.3,,,,0,0,176.056,2.964,0.1,2,,-0.119,5,278,20.911,98.521,1.528,51.831,,,,,0
2026-10-05T16:00Z,2026-10-06T04:00Z,3591606,12,2.7,2.4,,,,h,2.4,,,,0,0,654.818,1.851,0.067,2,,-0.119,11,279,25.149,74.784,1.386,107.66,,,,,0
2026-10-05T16:00Z,2026-10-06T16:00Z,3591606,24,4.8,4.4,,,,h,4.4,,,,0,0,22.183,0.896,0,2,,-0.119,23,279,22.052,97.882,0.215,23.309,,,,,0
2026-10-05T16:00Z,2026-10-07T16:00Z,3591606,48,10.3,9.8,,,,h,9.8,,,,0,0,24.507,1.322,0,2,,-0.119,23,280,23.007,88.722,0.282,173.748,,,,,0
2026-10-05T16:00Z,2026-10-05T17:00Z,3591609,1,2.9,11.7,,,,h,11.7,,,,0,0,96.461,2.239,0.213,12.5,,1.231,0,278,19.926,96.101,1.158,48.244,,,,,0
2026-10-05T16:00Z,2026-10-05T19:00Z,3591609,3,2.1,8.6,,,,h,8.6,,,,0,0,91.04,2.708,0.04,12.5,,1.231,2,278,19.538,95.873,1.391,57.809,,,,,0
2026-10-05T16:00Z,2026-10-05T22:00Z,3591609,6,1.3,5.7,,,,h,5.7,,,,0,0,91.384,2.486,0.04,12.5,,1.231,5,278,19.223,95.095,1.224,60.693,,,,,0
2026-10-05T16:00Z,2026-10-06T04:00Z,3591609,12,3.2,9.7,,,,h,9.7,,,,0,0,906.422,0.965,0.08,12.5,,1.231,11,279,25.12,68.551,0.684,342.278,,,,,0
2026-10-05T16:00Z,2026-10-06T16:00Z,3591609,24,6.3,14.2,,,,h,14.2,,,,0,0,57.305,1.955,0,12.5,,1.231,23,279,19.753,91.653,1.406,59.758,,,,,0
2026-10-05T16:00Z,2026-10-07T16:00Z,3591609,48,6.9,11.3,,,,h,11.3,,,,0,0,47.187,1.279,0,12.5,,1.231,23,280,19.997,84.633,0.935,53.643,,,,,0
2026-10-05T16:00Z,2026-10-05T17:00Z,3591610,1,1.6,3.7,,,,h,3.7,,,,0,0.012,174.035,3.887,0,6.3,,0.62,0,278,22.37,94.752,1.623,42.048,,,,,0
2026-10-05T16:00Z,2026-10-05T19:00Z,3591610,3,1.2,2.9,,,,h,2.9,,,,0,0.008,244.94,4.328,0,6.3,,0.62,2,278,21.863,94.972,1.783,28.392,,,,,0
2026-10-05T16:00Z,2026-10-05T22:00Z,3591610,6,1.5,3.3,,,,h,3.3,,,,0,0.007,295.622,4.209,0,6.3,,0.62,5,278,22.041,92.978,1.801,39.556,,,,,0
2026-10-05T16:00Z,2026-10-06T04:00Z,3591610,12,3.5,6.2,,,,h,6.2,,,,0,0.007,1096.563,7.508,0.02,6.3,,0.62,11,279,27.245,69.812,5.077,29.354,,,,,0
2026-10-05T16:00Z,2026-10-06T16:00Z,3591610,24,6.1,9.3,,,,h,9.3,,,,0,0.001,480.458,5.687,0,6.3,,0.62,23,279,21.847,88.738,2.982,35.412,,,,,0
2026-10-05T16:00Z,2026-10-07T16:00Z,3591610,48,5.7,7.4,,,,h,7.4,,,,0,0,485.9,5.312,0.02,6.3,,0.62,23,280,22.21,89.961,2.71,34.803,,,,,0
2026-10-05T16:00Z,2026-10-05T17:00Z,3591611,1,4,6.7,,,,h,6.7,,,,0,0.028,120.397,1.838,0,7.4,,0.456,0,278,23.34,92.943,0.868,52.006,,,,,0
2026-10-05T16:00Z,2026-10-05T19:00Z,3591611,3,3.6,6,,,,h,6,,,,0,0.028,165.207,1.996,0,7.4,,0.456,2,278,22.534,95.902,0.854,41.742,,,,,0
2026-10-05T16:00Z,2026-10-05T22:00Z,3591611,6,3.1,5.1,,,,h,5.1,,,,0,0.025,172.839,2.715,0,7.4,,0.456,5,278,22.367,94.441,1.248,26.475,,,,,0
2026-10-05T16:00Z,2026-10-06T04:00Z,3591611,12,2.6,4.1,,,,h,4.1,,,,0,0.02,1020.943,3.824,0.053,7.4,,0.456,11,279,28.352,70.393,2.678,23.113,,,,,0
2026-10-05T16:00Z,2026-10-06T16:00Z,3591611,24,3.1,4.4,,,,h,4.4,,,,0,0.002,272.518,2.951,0,7.4,,0.456,23,279,22.739,89.201,1.619,19.297,,,,,0
2026-10-05T16:00Z,2026-10-07T16:00Z,3591611,48,8.1,9.7,,,,h,9.7,,,,0,0,238.593,2.481,0.042,7.4,,0.456,23,280,23.352,89.618,1.304,31.257,,,,,0
2026-10-05T16:00Z,2026-10-05T17:00Z,3597971,1,4.6,12.2,,,,h,12.2,,,,0,0,557.926,4.503,0,13.6,,0.896,0,278,18.067,83.361,2.178,89.186,,,,,0
2026-10-05T16:00Z,2026-10-05T19:00Z,3597971,3,5.2,13.1,,,,h,13.1,,,,0,0,525.437,3.992,0,13.6,,0.896,2,278,17.763,83.831,2.006,90.127,,,,,0
2026-10-05T16:00Z,2026-10-05T22:00Z,3597971,6,5.8,13.8,,,,h,13.8,,,,0,0,391.946,3.613,0,13.6,,0.896,5,278,16.653,86.557,1.659,89.125,,,,,0
2026-10-05T16:00Z,2026-10-06T04:00Z,3597971,12,5.1,11.1,,,,h,11.1,,,,0,0,1105.968,2.986,0,13.6,,0.896,11,279,22.019,61.201,2.07,81.49,,,,,0
2026-10-05T16:00Z,2026-10-06T16:00Z,3597971,24,8.1,14.5,,,,h,14.5,,,,0,0,35.355,2.48,0,13.6,,0.896,23,279,16.585,78.465,1.125,100.157,,,,,0
2026-10-05T16:00Z,2026-10-07T16:00Z,3597971,48,8.9,12.7,,,,h,12.7,,,,0,0,25.774,1.516,0,13.6,,0.896,23,280,16.59,81.376,0.902,94.585,,,,,0
2026-10-05T16:00Z,2026-10-05T17:00Z,3597972,1,7.6,6.7,,,,h,6.7,,,,0,0,560.803,3.938,0,4.9,,-0.121,0,278,18.058,83.083,1.83,46.757,,,,,0
2026-10-05T16:00Z,2026-10-05T19:00Z,3597972,3,7.5,6.6,,,,h,6.6,,,,0,0,209.029,2.911,0,4.9,,-0.121,2,278,17.318,86.561,1.186,45.987,,,,,0
2026-10-05T16:00Z,2026-10-05T22:00Z,3597972,6,8,7.1,,,,h,7.1,,,,0,0,179.468,2.279,0,4.9,,-0.121,5,278,16.31,92.119,1.016,24.669,,,,,0
2026-10-05T16:00Z,2026-10-06T04:00Z,3597972,12,6.8,6.1,,,,h,6.1,,,,0,0,1203.332,3.986,0,4.9,,-0.121,11,279,23.174,55.961,2.887,31.173,,,,,0
2026-10-05T16:00Z,2026-10-06T16:00Z,3597972,24,11.7,10.8,,,,h,10.8,,,,0,0,33.599,2.04,0,4.9,,-0.121,23,279,16.086,80.519,0.965,17.772,,,,,0
2026-10-05T16:00Z,2026-10-07T16:00Z,3597972,48,21.4,20.4,,,,h,20.4,,,,0,0,23.601,0.722,0,4.9,,-0.121,23,280,16.498,86.438,0.411,26.93,,,,,0
2026-10-05T16:00Z,2026-10-05T17:00Z,3597973,1,3,1.1,,,,h,1.1,,,,0,0,565.775,5.073,0,0.1,,-0.677,0,278,19.615,80.134,2.449,92.336,,,,,0
2026-10-05T16:00Z,2026-10-05T19:00Z,3597973,3,4.4,1.9,,,,h,1.9,,,,0,0,539.284,4.834,0,0.1,,-0.677,2,278,19.02,81.186,2.299,91.332,,,,,0
2026-10-05T16:00Z,2026-10-05T22:00Z,3597973,6,5.9,2.8,,,,h,2.8,,,,0,0,456.94,3.938,0,0.1,,-0.677,5,278,18.183,83.676,1.698,92.372,,,,,0
2026-10-05T16:00Z,2026-10-06T04:00Z,3597973,12,5.1,2.6,,,,h,2.6,,,,0,0,1075.331,2.979,0,0.1,,-0.677,11,279,23.194,62.469,2.148,80.517,,,,,0
2026-10-05T16:00Z,2026-10-06T16:00Z,3597973,24,5.8,3.5,,,,h,3.5,,,,0,0,51.416,3.272,0,0.1,,-0.677,23,279,18.402,77.098,1.351,99.915,,,,,0
2026-10-05T16:00Z,2026-10-07T16:00Z,3597973,48,5.6,4.2,,,,h,4.2,,,,0,0,30.987,2.686,0,0.1,,-0.677,23,280,18.513,76.22,1.109,109.02,,,,,0
2026-10-05T16:00Z,2026-10-05T17:00Z,3597974,1,2.7,2.6,,,,h,2.6,,,,0,0,551.257,4.649,0,0.9,,-0.022,0,278,19.876,81.069,2.152,88.292,,,,,0
2026-10-05T16:00Z,2026-10-05T19:00Z,3597974,3,3.9,3.8,,,,h,3.8,,,,0,0,526.191,4.646,0,0.9,,-0.022,2,278,19.284,80.988,2.175,85.422,,,,,0
2026-10-05T16:00Z,2026-10-05T22:00Z,3597974,6,5.2,5.1,,,,h,5.1,,,,0,0,468.248,4.213,0,0.9,,-0.022,5,278,18.451,83.392,1.866,88.701,,,,,0
2026-10-05T16:00Z,2026-10-06T04:00Z,3597974,12,4.7,4.6,,,,h,4.6,,,,0,0,1028.918,3.145,0,0.9,,-0.022,11,279,23.516,62.39,2.316,73.771,,,,,0
2026-10-05T16:00Z,2026-10-06T16:00Z,3597974,24,5.2,5.1,,,,h,5.1,,,,0,0,52.012,3.08,0,0.9,,-0.022,23,279,18.695,78.444,1.238,91.651,,,,,0
2026-10-05T16:00Z,2026-10-07T16:00Z,3597974,48,5.1,5.1,,,,h,5.1,,,,0,0,25.28,2.152,0,0.9,,-0.022,23,280,18.59,79.976,0.873,103.327,,,,,0
2026-10-05T16:00Z,2026-10-05T17:00Z,3597975,1,5.2,5,,,,h,5,,,,0,0,473.471,3.312,0,1.6,,-0.041,0,278,18.244,84.088,1.554,49.757,,,,,0
2026-10-05T16:00Z,2026-10-05T19:00Z,3597975,3,5.5,5.3,,,,h,5.3,,,,0,0,216.146,2.572,0,1.6,,-0.041,2,278,17.651,86.629,1.047,49.772,,,,,0
2026-10-05T16:00Z,2026-10-05T22:00Z,3597975,6,6.4,6.1,,,,h,6.1,,,,0,0,185.408,2.044,0,1.6,,-0.041,5,278,16.688,91.381,0.752,37.613,,,,,0
2026-10-05T16:00Z,2026-10-06T04:00Z,3597975,12,5.6,5.4,,,,h,5.4,,,,0,0,1189.159,3.4,0.007,1.6,,-0.041,11,279,23.21,57.194,2.448,36.942,,,,,0
2026-10-05T16:00Z,2026-10-06T16:00Z,3597975,24,8.1,7.9,,,,h,7.9,,,,0,0,34.387,1.657,0,1.6,,-0.041,23,279,16.301,81.166,0.841,24.07,,,,,0
2026-10-05T16:00Z,2026-10-07T16:00Z,3597975,48,12,11.8,,,,h,11.8,,,,0,0,24.588,0.769,0,1.6,,-0.041,23,280,16.644,86.375,0.461,27.835,,,,,0
2026-10-05T16:00Z,2026-10-05T17:00Z,3597976,1,2.3,6,,,,h,6,,,,0,0,127.074,2.964,0.622,5.9,,0.79,0,278,19.457,98.224,1.241,86.988,,,,,0
2026-10-05T16:00Z,2026-10-05T19:00Z,3597976,3,1.1,3.3,,,,h,3.3,,,,0,0,115.494,2.639,0.231,5.9,,0.79,2,278,19.259,98.544,0.972,82.868,,,,,0
2026-10-05T16:00Z,2026-10-05T22:00Z,3597976,6,0.9,2.8,,,,h,2.8,,,,0,0,262.061,3.242,0.083,5.9,,0.79,5,278,19.322,99.244,1.291,75.752,,,,,0
2026-10-05T16:00Z,2026-10-06T04:00Z,3597976,12,4.1,8.3,,,,h,8.3,,,,0,0,814.115,4.168,0.011,5.9,,0.79,11,279,23.044,72.238,2.979,77.492,,,,,0
2026-10-05T16:00Z,2026-10-06T16:00Z,3597976,24,9.2,15.3,,,,h,15.3,,,,0,0,31.723,2.14,0,5.9,,0.79,23,279,19.395,90.565,0.81,74.14,,,,,0
2026-10-05T16:00Z,2026-10-07T16:00Z,3597976,48,8.1,11.1,,,,h,11.1,,,,0,0,20,1.491,0,5.9,,0.79,23,280,18.826,85.339,0.698,102.085,,,,,0
2026-10-05T16:00Z,2026-10-05T17:00Z,3597978,1,4.3,20.3,,,,h,20.3,,,,0,0,150.488,2.795,0.16,38.8,,1.453,0,278,21.158,93.684,1.41,56.48,,,,,0
2026-10-05T16:00Z,2026-10-05T19:00Z,3597978,3,3.4,15.7,,,,h,15.7,,,,0,0,147.285,3.164,0.028,38.8,,1.453,2,278,20.696,91.951,1.574,64.907,,,,,0
2026-10-05T16:00Z,2026-10-05T22:00Z,3597978,6,2.8,12.3,,,,h,12.3,,,,0,0,145.255,2.864,0.028,38.8,,1.453,5,278,20.332,91.62,1.377,67.987,,,,,0
2026-10-05T16:00Z,2026-10-06T04:00Z,3597978,12,3,11.1,,,,h,11.1,,,,0,0,890.242,1.156,0.055,38.8,,1.453,11,279,25.909,69.4,0.848,4.184,,,,,0
2026-10-05T16:00Z,2026-10-06T16:00Z,3597978,24,6.8,17.5,,,,h,17.5,,,,0,0,108.37,2.751,0,38.8,,1.453,23,279,21.112,88.146,1.682,62.511,,,,,0
2026-10-05T16:00Z,2026-10-07T16:00Z,3597978,48,8.3,14.7,,,,h,14.7,,,,0,0,81.473,2.02,0,38.8,,1.453,23,280,21.339,81.35,1.115,73.785,,,,,0
2026-10-05T16:00Z,2026-10-05T17:00Z,3599598,1,4.8,2.7,,,,h,2.7,,,,0,0,622.707,4.818,0,3.8,,-0.475,0,278,18.219,81.734,2.283,104.26,,,,,0
2026-10-05T16:00Z,2026-10-05T19:00Z,3599598,3,5.1,2.9,,,,h,2.9,,,,0,0,589.505,4.077,0,3.8,,-0.475,2,278,17.789,83.206,1.853,107.165,,,,,0
2026-10-05T16:00Z,2026-10-05T22:00Z,3599598,6,6,3.6,,,,h,3.6,,,,0,0,408.375,3.129,0,3.8,,-0.475,5,278,16.753,85.392,1.164,104.375,,,,,0
2026-10-05T16:00Z,2026-10-06T04:00Z,3599598,12,6,3.9,,,,h,3.9,,,,0,0,1230.753,2.58,0,3.8,,-0.475,11,279,22.12,60.488,1.847,108.275,,,,,0
2026-10-05T16:00Z,2026-10-06T16:00Z,3599598,24,8.9,6.5,,,,h,6.5,,,,0,0,31.748,2.914,0,3.8,,-0.475,23,279,17.349,71.919,0.844,125.325,,,,,0
2026-10-05T16:00Z,2026-10-07T16:00Z,3599598,48,10.2,8.4,,,,h,8.4,,,,0,0,21.824,1.857,0,3.8,,-0.475,23,280,17.413,73.471,0.698,128.157,,,,,0
2026-10-05T16:00Z,2026-10-05T17:00Z,3599599,1,4.8,2.3,,,,h,2.3,,,,0,0,555.695,4.354,0,4,,-0.59,0,278,18.492,82.259,2.015,101.07,,,,,0
2026-10-05T16:00Z,2026-10-05T19:00Z,3599599,3,5.1,2.5,,,,h,2.5,,,,0,0,510.514,3.607,0,4,,-0.59,2,278,17.992,84.012,1.589,102.94,,,,,0
2026-10-05T16:00Z,2026-10-05T22:00Z,3599599,6,6,3.2,,,,h,3.2,,,,0,0,358.39,2.727,0,4,,-0.59,5,278,16.951,86.426,0.996,94.364,,,,,0
2026-10-05T16:00Z,2026-10-06T04:00Z,3599599,12,6,3.5,,,,h,3.5,,,,0,0,1228.213,2.419,0,4,,-0.59,11,279,22.42,58.945,1.694,91.08,,,,,0
2026-10-05T16:00Z,2026-10-06T16:00Z,3599599,24,8.9,6,,,,h,6,,,,0,0,30.394,2.39,0,4,,-0.59,23,279,17.571,73.458,0.663,122.589,,,,,0
2026-10-05T16:00Z,2026-10-07T16:00Z,3599599,48,10.2,8.1,,,,h,8.1,,,,0,0,22.782,1.489,0,4,,-0.59,23,280,17.644,75.456,0.532,132.309,,,,,0
2026-10-05T16:00Z,2026-10-05T17:00Z,3599600,1,1.2,1.4,,,,h,1.4,,,,0,0,62.698,0.629,0.984,4.6,,0.098,0,278,20.986,97.214,0.21,272.429,,,,,0
2026-10-05T16:00Z,2026-10-05T19:00Z,3599600,3,1,1.2,,,,h,1.2,,,,0,0,24.494,1.535,0.159,4.6,,0.098,2,278,21.178,95.532,0.248,8.759,,,,,0
2026-10-05T16:00Z,2026-10-05T22:00Z,3599600,6,1.5,1.7,,,,h,1.7,,,,0,0,67.801,2.945,0,4.6,,0.098,5,278,20.822,95.424,1.143,19.885,,,,,0
2026-10-05T16:00Z,2026-10-06T04:00Z,3599600,12,4.6,5,,,,h,5,,,,0,0,744.284,2.321,0,4.6,,0.098,11,279,26.313,65.84,1.756,339.448,,,,,0
2026-10-05T16:00Z,2026-10-06T16:00Z,3599600,24,6.5,6.9,,,,h,6.9,,,,0,0,38.038,1.494,0,4.6,,0.098,23,279,20.902,87.384,0.782,38.516,,,,,0
2026-10-05T16:00Z,2026-10-07T16:00Z,3599600,48,8,8.3,,,,h,8.3,,,,0,0,18.94,0.631,0,4.6,,0.098,23,280,20.832,86.576,0.534,303.656,,,,,0
2026-10-05T16:00Z,2026-10-05T17:00Z,3600181,1,1.8,0.3,,,,h,0.3,,,,0,0,190.393,3.024,0.215,0.8,,-0.787,0,278,21.929,98.194,1.371,1.487,,,,,0
2026-10-05T16:00Z,2026-10-05T19:00Z,3600181,3,2.1,0.5,,,,h,0.5,,,,0,0,170.731,2.74,0.142,0.8,,-0.787,2,278,21.844,98.429,1.23,14.199,,,,,0
2026-10-05T16:00Z,2026-10-05T22:00Z,3600181,6,1.6,0.3,,,,h,0.3,,,,0,0,113.472,2.051,0.089,0.8,,-0.787,5,278,21.541,98.236,0.856,359.057,,,,,0
2026-10-05T16:00Z,2026-10-06T04:00Z,3600181,12,2.7,1,,,,h,1,,,,0,0,845.781,1.675,0.005,0.8,,-0.787,11,279,26.313,77.593,1.325,343.219,,,,,0
2026-10-05T16:00Z,2026-10-06T16:00Z,3600181,24,4.8,2.6,,,,h,2.6,,,,0,0,24.091,0.241,0,0.8,,-0.787,23,279,23.025,98.44,0.377,50.202,,,,,0
2026-10-05T16:00Z,2026-10-07T16:00Z,3600181,48,10.3,7.5,,,,h,7.5,,,,0,0,27.113,1.57,0,0.8,,-0.787,23,280,24.098,94.447,0.532,164.516,,,,,0
2026-10-05T16:00Z,2026-10-05T17:00Z,3600182,1,4.2,0.6,,,,h,0.6,,,,0,0,238.903,5.389,0,0,,-1.219,0,278,22.504,89.447,2.693,68.047,,,,,0
2026-10-05T16:00Z,2026-10-05T19:00Z,3600182,3,5.8,1.2,,,,h,1.2,,,,0,0,136.897,3.027,0,0,,-1.219,2,278,21.703,92.294,1.243,55.968,,,,,0
2026-10-05T16:00Z,2026-10-05T22:00Z,3600182,6,7.1,1.8,,,,h,1.8,,,,0,0,94.046,2.328,0,0,,-1.219,5,278,20.997,95.296,0.864,45.791,,,,,0
2026-10-05T16:00Z,2026-10-06T04:00Z,3600182,12,9.5,3.1,,,,h,3.1,,,,0,0,653.956,2.092,0,0,,-1.219,11,279,25.556,73.719,1.536,55.025,,,,,0
2026-10-05T16:00Z,2026-10-06T16:00Z,3600182,24,14.8,6.7,,,,h,6.7,,,,0,0,226.055,4.568,0,0,,-1.219,23,279,21.863,73.815,2.185,61.196,,,,,0
2026-10-05T16:00Z,2026-10-07T16:00Z,3600182,48,24.3,15.3,,,,h,15.3,,,,0,0,163.681,4.788,0,0,,-1.219,23,280,22.135,73.615,2.053,61.39,,,,,0
2026-10-05T16:00Z,2026-10-05T17:00Z,3600716,1,7.3,7.3,,,,h,7.3,,,,0,0,457.053,3.604,0,,,0,0,278,18.829,83.191,1.58,89.696,,,,,0
2026-10-05T16:00Z,2026-10-05T19:00Z,3600716,3,7,7,,,,h,7,,,,0,0,372.757,2.889,0,,,0,2,278,18.224,85.376,1.188,88.934,,,,,0
2026-10-05T16:00Z,2026-10-05T22:00Z,3600716,6,7.6,7.6,,,,h,7.6,,,,0,0,274.153,2.354,0,,,0,5,278,17.172,88.386,0.826,69.488,,,,,0
2026-10-05T16:00Z,2026-10-06T04:00Z,3600716,12,6.4,6.4,,,,h,6.4,,,,0,0,1212.154,2.762,0,,,0,11,279,22.886,56.635,1.904,60.027,,,,,0
2026-10-05T16:00Z,2026-10-06T16:00Z,3600716,24,12.3,12.3,,,,h,12.3,,,,0,0,29.048,1.462,0,,,0,23,279,17.707,76.683,0.401,105.422,,,,,0
2026-10-05T16:00Z,2026-10-07T16:00Z,3600716,48,18.1,18.1,,,,h,18.1,,,,0,0,24.516,0.807,0,,,0,23,280,17.811,79.708,0.296,137.186,,,,,0
2026-10-05T16:00Z,2026-10-05T17:00Z,3602359,1,3.4,2.7,,,,h,2.7,,,,0,0,288.782,3.08,0.001,,,-0.188,0,278,16.289,90.992,1.469,67.296,,,,,0
2026-10-05T16:00Z,2026-10-05T19:00Z,3602359,3,4.5,3.7,,,,h,3.7,,,,0,0,293.75,2.958,0,,,-0.188,2,278,16.083,90.51,1.519,61.796,,,,,0
2026-10-05T16:00Z,2026-10-05T22:00Z,3602359,6,5.8,4.9,,,,h,4.9,,,,0,0,259.602,2.824,0,,,-0.188,5,278,15.237,91.986,1.431,60.286,,,,,0
2026-10-05T16:00Z,2026-10-06T04:00Z,3602359,12,4.6,3.9,,,,h,3.9,,,,0,0,955.656,1.799,0.05,,,-0.188,11,279,21.344,62.958,1.219,68.725,,,,,0
2026-10-05T16:00Z,2026-10-06T16:00Z,3602359,24,7.9,7,,,,h,7,,,,0,0,40.138,2.15,0,,,-0.188,23,279,14.458,89.42,1.241,54.618,,,,,0
2026-10-05T16:00Z,2026-10-07T16:00Z,3602359,48,9.8,9.2,,,,h,9.2,,,,0,0,24.897,1.553,0,,,-0.188,23,280,14.509,86.89,0.947,37.552,,,,,0
2026-10-05T16:00Z,2026-10-05T17:00Z,3612960,1,7.2,26.3,,,,h,26.3,,,,0,0,248.912,3.921,0.06,36.6,,1.252,0,278,23.157,88.841,1.932,65.852,,,,,0
2026-10-05T16:00Z,2026-10-05T19:00Z,3612960,3,6,21.2,,,,h,21.2,,,,0,0,252.127,4.22,0.003,36.6,,1.252,2,278,22.541,84.452,2.017,72.542,,,,,0
2026-10-05T16:00Z,2026-10-05T22:00Z,3612960,6,6.1,20,,,,h,20,,,,0,0,251.862,3.853,0.003,36.6,,1.252,5,278,22.049,84.883,1.811,74.364,,,,,0
2026-10-05T16:00Z,2026-10-06T04:00Z,3612960,12,6,17.2,,,,h,17.2,,,,0,0,871.339,1.752,0.006,36.6,,1.252,11,279,27.227,69.61,1.436,23.87,,,,,0
2026-10-05T16:00Z,2026-10-06T16:00Z,3612960,24,11.3,24.9,,,,h,24.9,,,,0,0,204.737,4.362,0,36.6,,1.252,23,279,23.258,80.593,2.357,65.662,,,,,0
2026-10-05T16:00Z,2026-10-07T16:00Z,3612960,48,10.7,17.4,,,,h,17.4,,,,0,0,145.414,3.577,0,36.6,,1.252,23,280,23.448,75.175,1.608,84.273,,,,,0
2026-10-05T16:00Z,2026-10-05T17:00Z,3612961,1,1.4,0.4,,,,h,0.4,,,,0,0,88.039,2.783,0.015,1.7,,-0.571,0,278,20.264,95.986,1.169,58.112,,,,,0
2026-10-05T16:00Z,2026-10-05T19:00Z,3612961,3,1.4,0.4,,,,h,0.4,,,,0,0,115.656,2.949,0.108,1.7,,-0.571,2,278,20.114,94.353,1.214,55.193,,,,,0
2026-10-05T16:00Z,2026-10-05T22:00Z,3612961,6,2.1,0.9,,,,h,0.9,,,,0,0,176.996,3.642,0.268,1.7,,-0.571,5,278,19.634,94.353,1.629,49.7,,,,,0
2026-10-05T16:00Z,2026-10-06T04:00Z,3612961,12,5,2.9,,,,h,2.9,,,,0,0,1123.659,2.244,0,1.7,,-0.571,11,279,24.618,63.178,1.555,88.612,,,,,0
2026-10-05T16:00Z,2026-10-06T16:00Z,3612961,24,9,6.1,,,,h,6.1,,,,0,0,31.087,1.542,0,1.7,,-0.571,23,279,18.959,93.17,1.303,72.408,,,,,0
2026-10-05T16:00Z,2026-10-07T16:00Z,3612961,48,6.9,5.4,,,,h,5.4,,,,0,0,22.606,0.744,0,1.7,,-0.571,23,280,18.751,92.18,1.123,101.61,,,,,0
2026-10-05T16:00Z,2026-10-05T17:00Z,3612962,1,3,3.4,,,,h,3.4,,,,0,0,82.128,2.468,0.014,1.6,,0.098,0,278,18.332,98.466,0.896,70.454,,,,,0
2026-10-05T16:00Z,2026-10-05T19:00Z,3612962,3,2.1,2.4,,,,h,2.4,,,,0,0,104.692,2.632,0.139,1.6,,0.098,2,278,18.184,98.862,1.011,72.435,,,,,0
2026-10-05T16:00Z,2026-10-05T22:00Z,3612962,6,2.3,2.6,,,,h,2.6,,,,0,0,97.938,2.036,0.185,1.6,,0.098,5,278,17.881,98.283,0.798,79.28,,,,,0
2026-10-05T16:00Z,2026-10-06T04:00Z,3612962,12,5.7,6.2,,,,h,6.2,,,,0,0,1200.771,3.631,0,1.6,,0.098,11,279,23.435,63.412,2.63,100.198,,,,,0
2026-10-05T16:00Z,2026-10-06T16:00Z,3612962,24,14,14.9,,,,h,14.9,,,,0,0,27.936,1.019,0,1.6,,0.098,23,279,18.364,83.14,0.472,97.461,,,,,0
2026-10-05T16:00Z,2026-10-07T16:00Z,3612962,48,13,13.5,,,,h,13.5,,,,0,0,25.797,1.198,0,1.6,,0.098,23,280,18.458,80.448,0.794,157.121,,,,,0
2026-10-05T16:00Z,2026-10-05T17:00Z,3612963,1,1.9,1.1,,,,h,1.1,,,,0,0,292.35,2.934,0.088,1,,-0.339,0,278,19.887,88.454,1.387,81.762,,,,,0
2026-10-05T16:00Z,2026-10-05T19:00Z,3612963,3,2.4,1.5,,,,h,1.5,,,,0,0,295.973,3.809,0.018,1,,-0.339,2,278,19.324,88.879,1.745,74.105,,,,,0
2026-10-05T16:00Z,2026-10-05T22:00Z,3612963,6,3.8,2.6,,,,h,2.6,,,,0,0,304.844,3.62,0.006,1,,-0.339,5,278,18.676,89.081,1.69,73.584,,,,,0
2026-10-05T16:00Z,2026-10-06T04:00Z,3612963,12,5.2,3.8,,,,h,3.8,,,,0,0,989.939,1.499,0.011,1,,-0.339,11,279,24.534,61.597,1.042,43.736,,,,,0
2026-10-05T16:00Z,2026-10-06T16:00Z,3612963,24,4.7,3.7,,,,h,3.7,,,,0,0,46.909,2.329,0,1,,-0.339,23,279,19.284,82.794,1.335,76.327,,,,,0
2026-10-05T16:00Z,2026-10-07T16:00Z,3612963,48,5.4,4.7,,,,h,4.7,,,,0,0,21.104,1.073,0,1,,-0.339,23,280,19.276,80.771,0.686,101.156,,,,,0
2026-10-05T16:00Z,2026-10-05T17:00Z,3612964,1,2.8,7.5,,,,h,7.5,,,,0,0,133.536,2.963,0.108,11.8,,0.843,0,278,22.806,97.797,1.488,17.949,,,,,0
2026-10-05T16:00Z,2026-10-05T19:00Z,3612964,3,2.8,7.3,,,,h,7.3,,,,0,0,153.613,3.067,0.255,11.8,,0.843,2,278,22.271,98.042,1.4,34.72,,,,,0
2026-10-05T16:00Z,2026-10-05T22:00Z,3612964,6,2.8,6.9,,,,h,6.9,,,,0,0,138.517,1.263,0.163,11.8,,0.843,5,278,22.101,97.306,0.451,95.981,,,,,0
2026-10-05T16:00Z,2026-10-06T04:00Z,3612964,12,4.4,9.3,,,,h,9.3,,,,0,0,648.271,0.497,0.231,11.8,,0.843,11,279,25.839,77.006,0.356,92.757,,,,,0
2026-10-05T16:00Z,2026-10-06T16:00Z,3612964,24,4.9,8.7,,,,h,8.7,,,,0,0,45.269,1.53,0,11.8,,0.843,23,279,23.053,96.928,0.678,7.671,,,,,0
2026-10-05T16:00Z,2026-10-07T16:00Z,3612964,48,10.5,14.6,,,,h,14.6,,,,0,0,36.409,2.125,0,11.8,,0.843,23,280,23.369,89.929,0.566,180.865,,,,,0
2026-10-05T16:00Z,2026-10-05T17:00Z,3612965,1,4.3,23.2,,,,h,23.2,,,,0,0,120.95,3.7,0.057,17.6,,1.583,0,278,23.168,98.898,2.425,287.355,,,,,0
2026-10-05T16:00Z,2026-10-05T19:00Z,3612965,3,3.4,17.9,,,,h,17.9,,,,0,0,64.506,2.144,0,17.6,,1.583,2,278,22.761,98.889,0.997,302.695,,,,,0
2026-10-05T16:00Z,2026-10-05T22:00Z,3612965,6,2.8,13.9,,,,h,13.9,,,,0,0,75.87,1.849,0.011,17.6,,1.583,5,278,22.778,98.778,1.242,249.028,,,,,0
2026-10-05T16:00Z,2026-10-06T04:00Z,3612965,12,3,12.4,,,,h,12.4,,,,0,0,893.09,0.514,0,17.6,,1.583,11,279,28.323,74.074,0.215,315.368,,,,,0
2026-10-05T16:00Z,2026-10-06T16:00Z,3612965,24,6.8,19,,,,h,19,,,,0,0,33.302,0.901,0,17.6,,1.583,23,279,23.843,98.062,0.559,329.525,,,,,0
2026-10-05T16:00Z,2026-10-07T16:00Z,3612965,48,8.3,15.5,,,,h,15.5,,,,0,0,30,1.98,0,17.6,,1.583,23,280,23.95,85.631,1.192,238.943,,,,,0
2026-10-05T16:00Z,2026-10-05T17:00Z,3612966,1,2.5,0.3,,,,h,0.3,,,,0,0,407.38,6.47,0,0,,-1.041,0,278,23.734,85.863,3.547,58.022,,,,,0
2026-10-05T16:00Z,2026-10-05T19:00Z,3612966,3,3,0.5,,,,h,0.5,,,,0,0,411.51,5.769,0,0,,-1.041,2,278,23.186,87.692,3.155,50.513,,,,,0
2026-10-05T16:00Z,2026-10-05T22:00Z,3612966,6,4.1,1.1,,,,h,1.1,,,,0,0,403.491,5.87,0.004,0,,-1.041,5,278,22.677,86.646,3.316,53.091,,,,,0
2026-10-05T16:00Z,2026-10-06T04:00Z,3612966,12,6.8,2.5,,,,h,2.5,,,,0,0.001,902.671,6.133,0.001,0,,-1.041,11,279,26.884,70.708,4.574,52.399,,,,,0
2026-10-05T16:00Z,2026-10-06T16:00Z,3612966,24,14.1,7.1,,,,h,7.1,,,,0,0,491.721,6.768,0,0,,-1.041,23,279,22.943,72.706,3.975,55.756,,,,,0
2026-10-05T16:00Z,2026-10-07T16:00Z,3612966,48,16.2,10.8,,,,h,10.8,,,,0,0,445.412,6.522,0,0,,-1.041,23,280,23.461,71.452,3.469,50.177,,,,,0
2026-10-05T16:00Z,2026-10-05T17:00Z,3624137,1,3.8,6.2,,,,h,6.2,,,,0,0.021,99.607,2.654,0,6.4,,0.426,0,278,20.477,96.785,1.329,24.786,,,,,0
2026-10-05T16:00Z,2026-10-05T19:00Z,3624137,3,3.6,5.8,,,,h,5.8,,,,0,0.015,217.666,3.021,0,6.4,,0.426,2,278,20.184,98.008,1.457,28.788,,,,,0
2026-10-05T16:00Z,2026-10-05T22:00Z,3624137,6,2.6,4.2,,,,h,4.2,,,,0,0.011,172.926,2.267,0,6.4,,0.426,5,278,20.201,96.223,1.127,23.305,,,,,0
2026-10-05T16:00Z,2026-10-06T04:00Z,3624137,12,1.8,2.9,,,,h,2.9,,,,0,0.01,1041.209,2.611,0.073,6.4,,0.426,11,279,26.365,68.351,1.77,22.6,,,,,0
2026-10-05T16:00Z,2026-10-06T16:00Z,3624137,24,3.2,4.4,,,,h,4.4,,,,0,0.001,194.061,3.503,0,6.4,,0.426,23,279,20.391,93.853,1.786,22.986,,,,,0
2026-10-05T16:00Z,2026-10-07T16:00Z,3624137,48,5.6,6.7,,,,h,6.7,,,,0,0,357.74,4.009,0.149,6.4,,0.426,23,280,20.563,94.1,2.01,25.938,,,,,0
2026-10-05T16:00Z,2026-10-05T17:00Z,3658671,1,7.2,29.9,,,,h,29.9,,,,0,0,252.515,3.965,0.053,75.2,,1.385,0,278,23.304,88.758,1.947,66.121,,,,,0
2026-10-05T16:00Z,2026-10-05T19:00Z,3658671,3,6,24,,,,h,24,,,,0,0,256.595,4.253,0.001,75.2,,1.385,2,278,22.69,84.238,2.021,73.123,,,,,0
2026-10-05T16:00Z,2026-10-05T22:00Z,3658671,6,6.1,22.5,,,,h,22.5,,,,0,0,254.357,3.862,0.001,75.2,,1.385,5,278,22.191,84.722,1.804,75.348,,,,,0
2026-10-05T16:00Z,2026-10-06T04:00Z,3658671,12,6,19.1,,,,h,19.1,,,,0,0,867.958,1.798,0.002,75.2,,1.385,11,279,27.321,69.803,1.485,24.55,,,,,0
2026-10-05T16:00Z,2026-10-06T16:00Z,3658671,24,11.3,27,,,,h,27,,,,0,0,207.868,4.392,0,75.2,,1.385,23,279,23.431,80.539,2.346,65.299,,,,,0
2026-10-05T16:00Z,2026-10-07T16:00Z,3658671,48,10.7,18.3,,,,h,18.3,,,,0,0,147.273,3.639,0,75.2,,1.385,23,280,23.624,74.911,1.612,85.52,,,,,0
2026-10-05T16:00Z,2026-10-05T17:00Z,3683630,1,2.4,2.5,,,,h,2.5,,,,0,0.005,164.595,3.201,0.057,1.3,,0.035,0,278,21.284,96.271,1.467,27.267,,,,,0
2026-10-05T16:00Z,2026-10-05T19:00Z,3683630,3,1.8,1.9,,,,h,1.9,,,,0,0.005,273.484,3.789,0.03,1.3,,0.035,2,278,20.941,96.903,1.746,21.24,,,,,0
2026-10-05T16:00Z,2026-10-05T22:00Z,3683630,6,1.1,1.2,,,,h,1.2,,,,0,0.005,257,2.936,0.282,1.3,,0.035,5,278,21.013,95.271,1.264,27.936,,,,,0
2026-10-05T16:00Z,2026-10-06T04:00Z,3683630,12,1.2,1.3,,,,h,1.3,,,,0,0.006,989.939,5.004,0.398,1.3,,0.035,11,279,26.102,71.344,3.413,23.762,,,,,0
2026-10-05T16:00Z,2026-10-06T16:00Z,3683630,24,1.1,1.1,,,,h,1.1,,,,0,0.001,336.198,4.484,0.079,1.3,,0.035,23,279,20.915,92.524,2.255,27.217,,,,,0
2026-10-05T16:00Z,2026-10-07T16:00Z,3683630,48,1.4,1.4,,,,h,1.4,,,,0,0,454.569,4.775,0.062,1.3,,0.035,23,280,21.234,92.142,2.391,28.208,,,,,0
2026-10-05T16:00Z,2026-10-05T17:00Z,3684608,1,6.4,18.3,,,,h,18.3,,,,0,0,289.361,4.383,0.042,31,,0.997,0,278,23.537,86.315,2.18,67.951,,,,,0
2026-10-05T16:00Z,2026-10-05T19:00Z,3684608,3,5.2,14.5,,,,h,14.5,,,,0,0,290.275,4.675,0.001,31,,0.997,2,278,22.812,81.051,2.263,72.545,,,,,0
2026-10-05T16:00Z,2026-10-05T22:00Z,3684608,6,6,15.6,,,,h,15.6,,,,0,0,303.101,4.409,0.001,31,,0.997,5,278,22.288,81.633,2.109,71.78,,,,,0
2026-10-05T16:00Z,2026-10-06T04:00Z,3684608,12,6.2,14.4,,,,h,14.4,,,,0,0,879.23,1.884,0.003,31,,0.997,11,279,27.485,68.776,1.544,27.808,,,,,0
2026-10-05T16:00Z,2026-10-06T16:00Z,3684608,24,12.9,24.1,,,,h,24.1,,,,0,0,246.183,5.192,0,31,,0.997,23,279,23.577,76.269,2.837,68.695,,,,,0
2026-10-05T16:00Z,2026-10-07T16:00Z,3684608,48,13.9,20.3,,,,h,20.3,,,,0,0,174.6,4.219,0,31,,0.997,23,280,23.725,72.951,1.915,80.733,,,,,0
2026-10-05T16:00Z,2026-10-05T17:00Z,3684609,1,3.9,3.9,,,,h,3.9,,,,0,0,322.541,3.112,0,,,0,0,278,19.165,92.967,1.299,81.085,,,,,0
2026-10-05T16:00Z,2026-10-05T19:00Z,3684609,3,4.3,4.3,,,,h,4.3,,,,0,0,269.185,2.887,0,,,0,2,278,18.634,92.662,1.132,82.671,,,,,0
2026-10-05T16:00Z,2026-10-05T22:00Z,3684609,6,5.2,5.2,,,,h,5.2,,,,0,0,323.28,2.571,0,,,0,5,278,18.301,91.548,1.049,77.544,,,,,0
2026-10-05T16:00Z,2026-10-06T04:00Z,3684609,12,6.6,6.6,,,,h,6.6,,,,0,0,1105.05,2.614,0,,,0,11,279,22.561,67.105,1.937,85.458,,,,,0
2026-10-05T16:00Z,2026-10-06T16:00Z,3684609,24,9.8,9.8,,,,h,9.8,,,,0,0,27.685,2.392,0,,,0,23,279,18.789,83.471,0.651,103.221,,,,,0
2026-10-05T16:00Z,2026-10-07T16:00Z,3684609,48,10.3,10.3,,,,h,10.3,,,,0,0,27.553,1.789,0,,,0,23,280,19.199,69.125,0.385,106.799,,,,,0
2026-10-05T16:00Z,2026-10-05T17:00Z,3684610,1,3.7,3.4,,,,h,3.4,,,,0,0,97.944,3.193,0,1.6,,-0.075,0,278,19.441,99.908,1.513,60.526,,,,,0
2026-10-05T16:00Z,2026-10-05T19:00Z,3684610,3,2.3,2.1,,,,h,2.1,,,,0,0,84.031,2.543,0.016,1.6,,-0.075,2,278,19.081,99.616,1.114,66.918,,,,,0
2026-10-05T16:00Z,2026-10-05T22:00Z,3684610,6,0.9,0.8,,,,h,0.8,,,,0,0,123.645,2.989,0,1.6,,-0.075,5,278,18.974,99.725,1.425,68.069,,,,,0
2026-10-05T16:00Z,2026-10-06T04:00Z,3684610,12,2.3,2.1,,,,h,2.1,,,,0,0,587.581,3.094,0.185,1.6,,-0.075,11,279,22.42,84.135,2.261,70.807,,,,,0
2026-10-05T16:00Z,2026-10-06T16:00Z,3684610,24,8.9,8.5,,,,h,8.5,,,,0,0,15.851,1.531,0,1.6,,-0.075,23,279,20.145,95.036,0.244,75.465,,,,,0
2026-10-05T16:00Z,2026-10-07T16:00Z,3684610,48,12.7,12.3,,,,h,12.3,,,,0,0,13.839,1.587,0,1.6,,-0.075,23,280,20.281,84.323,0.29,115.509,,,,,0
2026-10-05T16:00Z,2026-10-05T17:00Z,3684611,1,1.5,4.8,,,,h,4.8,,,,0,0.001,377.473,5.127,0.014,4.8,,0.88,0,278,22.614,89.452,2.318,41.467,,,,,0
2026-10-05T16:00Z,2026-10-05T19:00Z,3684611,3,1.7,5.1,,,,h,5.1,,,,0,0.001,412.312,6.736,0.109,4.8,,0.88,2,278,21.91,90.495,3.441,25.542,,,,,0
2026-10-05T16:00Z,2026-10-05T22:00Z,3684611,6,2.1,5.6,,,,h,5.6,,,,0,0.001,447.488,5.365,1.087,4.8,,0.88,5,278,21.277,94.186,2.43,36.71,,,,,0
2026-10-05T16:00Z,2026-10-06T04:00Z,3684611,12,4.9,10.5,,,,h,10.5,,,,0,0.001,924.406,6.575,0.287,4.8,,0.88,11,279,24.426,80.64,4.344,31.99,,,,,0
2026-10-05T16:00Z,2026-10-06T16:00Z,3684611,24,11.9,20.8,,,,h,20.8,,,,0,0,599.237,7.216,0.07,4.8,,0.88,23,279,21.713,85.144,3.907,37.169,,,,,0
2026-10-05T16:00Z,2026-10-07T16:00Z,3684611,48,6.3,9,,,,h,9,,,,0,0,562.912,6.4,0.002,4.8,,0.88,23,280,22.628,85.553,3.259,36.141,,,,,0
2026-10-05T16:00Z,2026-10-05T17:00Z,3685146,1,4,1.2,,,,h,1.2,,,,0,0,481.152,4.234,0.206,0,,-0.865,0,278,19.941,92.487,1.857,74.075,,,,,0
2026-10-05T16:00Z,2026-10-05T19:00Z,3685146,3,4.2,1.3,,,,h,1.3,,,,0,0,533.879,4.425,0.553,0,,-0.865,2,278,19.524,91.462,2.01,74.092,,,,,0
2026-10-05T16:00Z,2026-10-05T22:00Z,3685146,6,3.9,1.3,,,,h,1.3,,,,0,0,271.5,3.45,0.559,0,,-0.865,5,278,18.583,92.213,1.349,67.381,,,,,0
2026-10-05T16:00Z,2026-10-06T04:00Z,3685146,12,6.4,2.8,,,,h,2.8,,,,0,0,957.527,3.894,0,0,,-0.865,11,279,22.879,68.275,2.784,86.846,,,,,0
2026-10-05T16:00Z,2026-10-06T16:00Z,3685146,24,11.4,6.4,,,,h,6.4,,,,0,0,29.134,2.467,0,0,,-0.865,23,279,18.145,89.206,0.773,81.051,,,,,0
2026-10-05T16:00Z,2026-10-07T16:00Z,3685146,48,12.3,8.7,,,,h,8.7,,,,0,0,23.419,1.146,0,0,,-0.865,23,280,17.694,86.873,0.533,66.346,,,,,0
2026-10-05T16:00Z,2026-10-05T17:00Z,3685147,1,2.8,6.6,,,,h,6.6,,,,0,0,122.513,2.06,0.692,14.4,,0.723,0,278,19.189,95.507,0.867,51.275,,,,,0
2026-10-05T16:00Z,2026-10-05T19:00Z,3685147,3,2.6,6,,,,h,6,,,,0,0,119.866,2.571,0.272,14.4,,0.723,2,278,18.988,98.107,1.009,48.723,,,,,0
2026-10-05T16:00Z,2026-10-05T22:00Z,3685147,6,2.6,5.7,,,,h,5.7,,,,0,0,331.262,3.045,0.223,14.4,,0.723,5,278,18.531,96.875,1.481,40.516,,,,,0
2026-10-05T16:00Z,2026-10-06T04:00Z,3685147,12,6.2,11.5,,,,h,11.5,,,,0,0,651.644,2.561,0.102,14.4,,0.723,11,279,21.054,77.161,1.868,63.577,,,,,0
2026-10-05T16:00Z,2026-10-06T16:00Z,3685147,24,9.2,14.7,,,,h,14.7,,,,0,0,42.657,2.517,0,14.4,,0.723,23,279,18.529,83.438,0.794,58.585,,,,,0
2026-10-05T16:00Z,2026-10-07T16:00Z,3685147,48,8.4,11.2,,,,h,11.2,,,,0,0,15.857,0.848,0,14.4,,0.723,23,280,18.588,76.233,0.226,115.641,,,,,0
2026-10-05T16:00Z,2026-10-05T17:00Z,3685149,1,4.9,6.9,,,,h,6.9,,,,0,0.021,179.944,2.199,0,10.1,,0.302,0,278,24.567,90.373,1.269,47.975,,,,,0
2026-10-05T16:00Z,2026-10-05T19:00Z,3685149,3,4.6,6.4,,,,h,6.4,,,,0,0.024,199.518,2.013,0,10.1,,0.302,2,278,23.714,93.823,1.03,46.998,,,,,0
2026-10-05T16:00Z,2026-10-05T22:00Z,3685149,6,3.7,5.1,,,,h,5.1,,,,0,0.025,204.339,3.319,0,10.1,,0.302,5,278,23.299,92.508,1.705,29.863,,,,,0
2026-10-05T16:00Z,2026-10-06T04:00Z,3685149,12,2.7,3.7,,,,h,3.7,,,,0,0.019,960.018,3.08,0.057,10.1,,0.302,11,279,29.122,71.203,2.394,28.886,,,,,0
2026-10-05T16:00Z,2026-10-06T16:00Z,3685149,24,3.2,4,,,,h,4,,,,0,0.002,298.408,3.323,0,10.1,,0.302,23,279,23.689,85.483,2.03,16.803,,,,,0
2026-10-05T16:00Z,2026-10-07T16:00Z,3685149,48,10.7,12,,,,h,12,,,,0,0,234.68,2.647,0,10.1,,0.302,23,280,24.651,83.843,1.568,30.02,,,,,0
2026-10-05T16:00Z,2026-10-05T17:00Z,3685150,1,3.9,11.4,,,,h,11.4,,,,0,0.031,128.525,1.09,0,19.1,,0.969,0,278,24.807,91.34,0.6,83.55,,,,,0
2026-10-05T16:00Z,2026-10-05T19:00Z,3685150,3,3.5,10,,,,h,10,,,,0,0.035,161.449,1.071,0.646,19.1,,0.969,2,278,23.77,95.983,0.448,134.096,,,,,0
2026-10-05T16:00Z,2026-10-05T22:00Z,3685150,6,4,10.6,,,,h,10.6,,,,0,0.036,114.338,1.95,0.022,19.1,,0.969,5,278,23.387,95.376,1.1,10.05,,,,,0
2026-10-05T16:00Z,2026-10-06T04:00Z,3685150,12,7.4,16.6,,,,h,16.6,,,,0,0.033,916.094,1.161,0.064,19.1,,0.969,11,279,29.525,72.075,1.051,19.481,,,,,0
2026-10-05T16:00Z,2026-10-06T16:00Z,3685150,24,4.2,8.2,,,,h,8.2,,,,0,0.004,170.073,1.117,0.018,19.1,,0.969,23,279,23.94,89.611,0.727,5.305,,,,,0
2026-10-05T16:00Z,2026-10-07T16:00Z,3685150,48,6.3,9.4,,,,h,9.4,,,,0,0,102.828,0.574,0,19.1,,0.969,23,280,25.024,88.255,0.398,357.882,,,,,0
2026-10-05T16:00Z,2026-10-05T17:00Z,3685151,1,4.9,18.2,,,,h,18.2,,,,0,0.024,153.236,1.544,0,40.2,,1.231,0,278,24.694,90.466,0.972,53.426,,,,,0
2026-10-05T16:00Z,2026-10-05T19:00Z,3685151,3,4.6,16.4,,,,h,16.4,,,,0,0.027,171.617,1.385,0,40.2,,1.231,2,278,23.775,94.603,0.734,58.428,,,,,0
2026-10-05T16:00Z,2026-10-05T22:00Z,3685151,6,3.7,12.6,,,,h,12.6,,,,0,0.028,165.143,2.806,0,40.2,,1.231,5,278,23.315,93.447,1.457,24.417,,,,,0
2026-10-05T16:00Z,2026-10-06T04:00Z,3685151,12,2.7,8.5,,,,h,8.5,,,,0,0.022,935.583,2.28,0.069,40.2,,1.231,11,279,29.299,71.509,1.852,23.097,,,,,0
2026-10-05T16:00Z,2026-10-06T16:00Z,3685151,24,3.2,7.7,,,,h,7.7,,,,0,0.002,241.66,2.665,0,40.2,,1.231,23,279,23.799,86.488,1.646,5.775,,,,,0
2026-10-05T16:00Z,2026-10-07T16:00Z,3685151,48,10.7,17.2,,,,h,17.2,,,,0,0,175.836,1.873,0,40.2,,1.231,23,280,24.803,84.615,1.163,26.516,,,,,0
2026-10-05T16:00Z,2026-10-05T17:00Z,3685152,1,3.9,3.5,,,,h,3.5,,,,0,0.031,131.984,1.242,0,4.5,,-0.098,0,278,24.787,91.876,0.616,85.993,,,,,0
2026-10-05T16:00Z,2026-10-05T19:00Z,3685152,3,3.5,3.1,,,,h,3.1,,,,0,0.037,172.998,1.34,1.046,4.5,,-0.098,2,278,23.728,96.277,0.584,147.93,,,,,0
2026-10-05T16:00Z,2026-10-05T22:00Z,3685152,6,4,3.6,,,,h,3.6,,,,0,0.037,111.511,1.784,0.035,4.5,,-0.098,5,278,23.426,95.909,1.039,6.128,,,,,0
2026-10-05T16:00Z,2026-10-06T04:00Z,3685152,12,7.4,6.8,,,,h,6.8,,,,0,0.036,923.501,1.065,0.052,4.5,,-0.098,11,279,29.542,72.224,0.964,28.727,,,,,0
2026-10-05T16:00Z,2026-10-06T16:00Z,3685152,24,4.2,3.9,,,,h,3.9,,,,0,0.005,169.206,0.804,0.028,4.5,,-0.098,23,279,23.946,90.814,0.548,39.115,,,,,0
2026-10-05T16:00Z,2026-10-07T16:00Z,3685152,48,6.3,6,,,,h,6,,,,0,0,103.137,0.435,0,4.5,,-0.098,23,280,25.048,89.952,0.25,334.015,,,,,0
2026-10-05T16:00Z,2026-10-05T17:00Z,3714636,1,3,3.4,,,,h,3.4,,,,0,0,268.475,3.541,0.518,0.9,,0.103,0,278,18.753,97.97,1.665,65.852,,,,,0
2026-10-05T16:00Z,2026-10-05T19:00Z,3714636,3,3.3,3.7,,,,h,3.7,,,,0,0,332.339,4.126,0.253,0.9,,0.103,2,278,18.392,98.248,2.142,66.216,,,,,0
2026-10-05T16:00Z,2026-10-05T22:00Z,3714636,6,3.1,3.5,,,,h,3.5,,,,0,0,301.42,3.773,0.369,0.9,,0.103,5,278,17.534,97.704,1.891,59.175,,,,,0
2026-10-05T16:00Z,2026-10-06T04:00Z,3714636,12,6.1,6.7,,,,h,6.7,,,,0,0,614.494,2.838,0.072,0.9,,0.103,11,279,20.139,80.341,2.028,72.491,,,,,0
2026-10-05T16:00Z,2026-10-06T16:00Z,3714636,24,8.2,8.8,,,,h,8.8,,,,0,0,99.413,3.817,0,0.9,,0.103,23,279,18.161,82.926,1.617,71.641,,,,,0
2026-10-05T16:00Z,2026-10-07T16:00Z,3714636,48,8.8,9.2,,,,h,9.2,,,,0,0,34.691,2.074,0,0.9,,0.103,23,280,18.373,72.728,0.855,97.797,,,,,0
2026-10-05T16:00Z,2026-10-05T17:00Z,3714637,1,2.7,5.1,,,,h,5.1,,,,0,0,139.639,2.892,0.464,,,0.574,0,278,19.517,99.177,1.323,67.765,,,,,0
2026-10-05T16:00Z,2026-10-05T19:00Z,3714637,3,2.4,4.5,,,,h,4.5,,,,0,0,153.11,3.172,0.62,,,0.574,2,278,19.321,99.177,1.432,70.549,,,,,0
2026-10-05T16:00Z,2026-10-05T22:00Z,3714637,6,2.4,4.3,,,,h,4.3,,,,0,0,252.425,3.638,0.124,,,0.574,5,278,19.278,99.265,1.65,63.612,,,,,0
2026-10-05T16:00Z,2026-10-06T04:00Z,3714637,12,5.7,8.9,,,,h,8.9,,,,0,0,771.559,4.082,0,,,0.574,11,279,22.825,74.315,2.978,74.069,,,,,0
2026-10-05T16:00Z,2026-10-06T16:00Z,3714637,24,10.2,14.2,,,,h,14.2,,,,0,0,48.041,2.9,0,,,0.574,23,279,19.976,84.313,1.109,77.411,,,,,0
2026-10-05T16:00Z,2026-10-07T16:00Z,3714637,48,8.4,10.3,,,,h,10.3,,,,0,0,18.418,1.467,0,,,0.574,23,280,19.981,78.805,0.472,96.768,,,,,0
2026-10-05T16:00Z,2026-10-05T17:00Z,3714638,1,1.2,2.2,,,,h,2.2,,,,0,0,76.438,0.539,0.274,9.8,,0.39,0,278,20.111,98.526,0.616,275.778,,,,,0
2026-10-05T16:00Z,2026-10-05T19:00Z,3714638,3,1.4,2.4,,,,h,2.4,,,,0,0,118.832,2.068,0.112,9.8,,0.39,2,278,19.737,99.073,1.011,8.732,,,,,0
2026-10-05T16:00Z,2026-10-05T22:00Z,3714638,6,0.7,1.4,,,,h,1.4,,,,0,0,86.2,1.509,2.058,9.8,,0.39,5,278,19.669,98.406,0.911,336.177,,,,,0
2026-10-05T16:00Z,2026-10-06T04:00Z,3714638,12,3.4,4.9,,,,h,4.9,,,,0,0,381.541,2.707,0.334,9.8,,0.39,11,279,21.72,91.129,1.884,11.104,,,,,0
2026-10-05T16:00Z,2026-10-06T16:00Z,3714638,24,7.9,10.2,,,,h,10.2,,,,0,0,64.739,1.89,0,9.8,,0.39,23,279,21.156,86.667,0.483,12.352,,,,,0
2026-10-05T16:00Z,2026-10-07T16:00Z,3714638,48,9.1,10.6,,,,h,10.6,,,,0,0,19.552,0.155,0,9.8,,0.39,23,280,21.185,78.285,0.193,237.511,,,,,0
2026-10-05T16:00Z,2026-10-05T17:00Z,3714639,1,2.3,0.8,,,,h,0.8,,,,0,0,97.838,2.138,0.02,0.5,,-0.651,0,278,17.517,98.447,1.042,105.893,,,,,0
2026-10-05T16:00Z,2026-10-05T19:00Z,3714639,3,1.1,0.2,,,,h,0.2,,,,0,0,113.161,1.878,0.089,0.5,,-0.651,2,278,17.189,99.436,0.927,98.27,,,,,0
2026-10-05T16:00Z,2026-10-05T22:00Z,3714639,6,0.9,0.1,,,,h,0.1,,,,0,0,120.568,2.416,0.01,0.5,,-0.651,5,278,16.879,98.598,1,81.361,,,,,0
2026-10-05T16:00Z,2026-10-06T04:00Z,3714639,12,4.1,2.1,,,,h,2.1,,,,0,0,463.225,2.488,0.438,0.5,,-0.651,11,279,19.201,86.832,1.76,73.919,,,,,0
2026-10-05T16:00Z,2026-10-06T16:00Z,3714639,24,9.2,5.9,,,,h,5.9,,,,0,0,46.474,1.986,0,0.5,,-0.651,23,279,17.334,90.279,0.475,65.721,,,,,0
2026-10-05T16:00Z,2026-10-07T16:00Z,3714639,48,8.1,6.2,,,,h,6.2,,,,0,0,20,1.211,0,0.5,,-0.651,23,280,16.952,78.478,0.448,103.82,,,,,0
2026-10-05T16:00Z,2026-10-05T17:00Z,3714641,1,1.4,1.9,,,,h,1.9,,,,0,0.008,278.25,4.963,0,6.3,,0.214,0,278,23.289,91.453,2.32,46.868,,,,,0
2026-10-05T16:00Z,2026-10-05T19:00Z,3714641,3,1.2,1.7,,,,h,1.7,,,,0,0.008,333.11,5.322,0,6.3,,0.214,2,278,22.738,91.476,2.449,35.009,,,,,0
2026-10-05T16:00Z,2026-10-05T22:00Z,3714641,6,1.8,2.4,,,,h,2.4,,,,0,0.006,394.938,5.602,0,6.3,,0.214,5,278,22.783,88.975,2.709,44.818,,,,,0
2026-10-05T16:00Z,2026-10-06T04:00Z,3714641,12,4.6,5.6,,,,h,5.6,,,,0,0.005,1111.206,8.528,0,6.3,,0.214,11,279,27.635,69.251,5.894,34.964,,,,,0
2026-10-05T16:00Z,2026-10-06T16:00Z,3714641,24,9.6,11,,,,h,11,,,,0,0,576.069,6.64,0,6.3,,0.214,23,279,22.612,83.458,3.682,41.641,,,,,0
2026-10-05T16:00Z,2026-10-07T16:00Z,3714641,48,10.3,11.2,,,,h,11.2,,,,0,0,525.978,5.993,0,6.3,,0.214,23,280,23.091,84.425,3.165,38.937,,,,,0
2026-10-05T16:00Z,2026-10-05T17:00Z,3714642,1,4,4,,,,h,4,,,,0,0.026,146.796,1.418,0,,,0,0,278,24.66,90.6,0.893,56.963,,,,,0
2026-10-05T16:00Z,2026-10-05T19:00Z,3714642,3,4.2,4.2,,,,h,4.2,,,,0,0.028,167.483,1.304,0,,,0,2,278,23.729,94.835,0.686,61.985,,,,,0
2026-10-05T16:00Z,2026-10-05T22:00Z,3714642,6,3.9,3.9,,,,h,3.9,,,,0,0.029,159.382,2.692,0,,,0,5,278,23.281,93.667,1.388,23.623,,,,,0
2026-10-05T16:00Z,2026-10-06T04:00Z,3714642,12,3.7,3.7,,,,h,3.7,,,,0,0.023,934.472,2.282,0.071,,,0,11,279,29.274,71.514,1.84,21.821,,,,,0
2026-10-05T16:00Z,2026-10-06T16:00Z,3714642,24,2.8,2.8,,,,h,2.8,,,,0,0.002,233.165,2.509,0,,,0,23,279,23.771,86.869,1.54,3.904,,,,,0
2026-10-05T16:00Z,2026-10-07T16:00Z,3714642,48,8.3,8.3,,,,h,8.3,,,,0,0,167.308,1.711,0,,,0,23,280,24.759,85.08,1.069,26.68,,,,,0
2026-10-05T16:00Z,2026-10-05T17:00Z,3714643,1,3.1,11.2,,,,h,11.2,,,,0,0.043,87.908,0.887,0,10.4,,1.139,0,278,23.577,92.238,0.51,67.35,,,,,0
2026-10-05T16:00Z,2026-10-05T19:00Z,3714643,3,3.4,11.5,,,,h,11.5,,,,0,0.043,120.549,1.031,0,10.4,,1.139,2,278,22.641,96.475,0.485,67.439,,,,,0
2026-10-05T16:00Z,2026-10-05T22:00Z,3714643,6,3.9,12.1,,,,h,12.1,,,,0,0.039,103.547,2.042,0,10.4,,1.139,5,278,22.3,95.293,1.057,10.739,,,,,0
2026-10-05T16:00Z,2026-10-06T04:00Z,3714643,12,3.6,10,,,,h,10,,,,0,0.033,997.135,1.761,0.068,10.4,,1.139,11,279,28.812,70.349,1.282,8.492,,,,,0
2026-10-05T16:00Z,2026-10-06T16:00Z,3714643,24,2.8,6.5,,,,h,6.5,,,,0,0.004,152.602,1.876,0,10.4,,1.139,23,279,23.015,89.633,1.054,354.18,,,,,0
2026-10-05T16:00Z,2026-10-07T16:00Z,3714643,48,7.8,12.3,,,,h,12.3,,,,0,0,108.413,1.132,0.075,10.4,,1.139,23,280,23.702,89.984,0.601,19.692,,,,,0
2026-10-05T16:00Z,2026-10-05T17:00Z,3714644,1,3.9,15.6,,,,h,15.6,,,,0,0.039,100.828,1.021,0,20.3,,1.271,0,278,24.762,91.36,0.362,125.572,,,,,0
2026-10-05T16:00Z,2026-10-05T19:00Z,3714644,3,3.5,13.5,,,,h,13.5,,,,0,0.043,140.353,1.392,0.48,20.3,,1.271,2,278,23.673,96.76,0.614,153.252,,,,,0
2026-10-05T16:00Z,2026-10-05T22:00Z,3714644,6,4,14,,,,h,14,,,,0,0.041,83.9,1.614,0.016,20.3,,1.271,5,278,23.274,96.065,0.913,359.976,,,,,0
2026-10-05T16:00Z,2026-10-06T04:00Z,3714644,12,7.4,21.1,,,,h,21.1,,,,0,0.037,896.551,0.921,0.08,20.3,,1.271,11,279,29.516,72.112,0.837,357.127,,,,,0
2026-10-05T16:00Z,2026-10-06T16:00Z,3714644,24,4.2,10.1,,,,h,10.1,,,,0,0.005,122.063,0.79,0.015,20.3,,1.271,23,279,23.911,90.483,0.389,312.942,,,,,0
2026-10-05T16:00Z,2026-10-07T16:00Z,3714644,48,6.3,10.5,,,,h,10.5,,,,0,0,51.698,0.336,0,20.3,,1.271,23,280,24.967,89.048,0.006,257.143,,,,,0
2026-10-05T16:00Z,2026-10-05T17:00Z,3714646,1,4.2,3.4,,,,h,3.4,,,,0,0.165,49.779,1.885,0.016,4,,-0.184,0,278,21.672,94.36,0.831,38.971,,,,,0
2026-10-05T16:00Z,2026-10-05T19:00Z,3714646,3,3.8,3.1,,,,h,3.1,,,,0,0.197,54.675,1.677,0.099,4,,-0.184,2,278,20.926,96.824,0.751,43.791,,,,,0
2026-10-05T16:00Z,2026-10-05T22:00Z,3714646,6,5,4.1,,,,h,4.1,,,,0,0.186,38.385,2.141,0.003,4,,-0.184,5,278,20.646,96.043,1.253,357.17,,,,,0
2026-10-05T16:00Z,2026-10-06T04:00Z,3714646,12,6.9,5.9,,,,h,5.9,,,,0,0.155,1190.854,0.804,0.014,4,,-0.184,11,279,28.586,67.004,0.64,257.927,,,,,0
2026-10-05T16:00Z,2026-10-06T16:00Z,3714646,24,6.2,5.5,,,,h,5.5,,,,0,0.017,74.604,2.435,0.096,4,,-0.184,23,279,21.951,91.103,1.279,24.561,,,,,0
2026-10-05T16:00Z,2026-10-07T16:00Z,3714646,48,5.3,4.9,,,,h,4.9,,,,0,0,36.95,1.707,0.27,4,,-0.184,23,280,22.219,96.125,0.657,6.298,,,,,0
2026-10-05T16:00Z,2026-10-05T17:00Z,3733063,1,4,8.5,,,,h,8.5,,,,0,0.032,113.74,0.757,0,8.1,,0.668,0,278,24.723,90.832,0.493,90.906,,,,,0
2026-10-05T16:00Z,2026-10-05T19:00Z,3733063,3,4.2,8.6,,,,h,8.6,,,,0,0.034,138.355,0.892,0,8.1,,0.668,2,278,23.712,95.894,0.461,102.565,,,,,0
2026-10-05T16:00Z,2026-10-05T22:00Z,3733063,6,3.9,7.7,,,,h,7.7,,,,0,0.033,115.719,2.073,0,8.1,,0.668,5,278,23.241,94.821,1.082,14.168,,,,,0
2026-10-05T16:00Z,2026-10-06T04:00Z,3733063,12,3.7,6.8,,,,h,6.8,,,,0,0.028,909.048,1.61,0.084,8.1,,0.668,11,279,29.386,71.765,1.354,8.71,,,,,0
2026-10-05T16:00Z,2026-10-06T16:00Z,3733063,24,2.8,4.7,,,,h,4.7,,,,0,0.003,165.452,1.826,0,8.1,,0.668,23,279,23.83,88.39,1.061,339.903,,,,,0
2026-10-05T16:00Z,2026-10-07T16:00Z,3733063,48,8.3,10.8,,,,h,10.8,,,,0,0,97.618,0.707,0,8.1,,0.668,23,280,24.824,86.51,0.525,17.214,,,,,0
2026-10-05T16:00Z,2026-10-05T17:00Z,3733065,1,2.7,3,,,,h,3,,,,0,0.039,135.441,2.534,0,6.2,,0.09,0,278,24.549,94.137,1.183,106.369,,,,,0
2026-10-05T16:00Z,2026-10-05T19:00Z,3733065,3,3.6,4,,,,h,4,,,,0,0.278,233.924,3.504,2.891,6.2,,0.09,2,278,23.357,98.006,1.869,174.394,,,,,0
2026-10-05T16:00Z,2026-10-05T22:00Z,3733065,6,4.4,4.8,,,,h,4.8,,,,0,0.114,76.453,1.24,0.095,6.2,,0.09,5,278,23.474,98.81,0.795,329.233,,,,,0
2026-10-05T16:00Z,2026-10-06T04:00Z,3733065,12,8.1,8.7,,,,h,8.7,,,,0,0.065,942.807,0.81,0.004,6.2,,0.09,11,279,29.605,72.947,0.611,91.572,,,,,0
2026-10-05T16:00Z,2026-10-06T16:00Z,3733065,24,7.1,7.5,,,,h,7.5,,,,0,0.012,148.194,3.413,0.085,6.2,,0.09,23,279,23.931,96.79,1.931,135.199,,,,,0
2026-10-05T16:00Z,2026-10-07T16:00Z,3733065,48,5.3,5.5,,,,h,5.5,,,,0,0,77.634,1.35,0,6.2,,0.09,23,280,25.158,98.394,0.732,231.766,,,,,0
2026-10-05T16:00Z,2026-10-05T17:00Z,3783738,1,3.3,3.3,,,,h,3.3,,,,0,0,322.759,5.643,0,,,0,0,278,22.744,87.609,2.849,61.154,,,,,0
2026-10-05T16:00Z,2026-10-05T19:00Z,3783738,3,4.1,4.1,,,,h,4.1,,,,0,0,276.61,4.766,0.057,,,0,2,278,21.996,90.98,2.437,41.749,,,,,0
2026-10-05T16:00Z,2026-10-05T22:00Z,3783738,6,5.7,5.7,,,,h,5.7,,,,0,0,259.399,3.774,0.568,,,0,5,278,21.175,95.263,1.759,46.813,,,,,0
2026-10-05T16:00Z,2026-10-06T04:00Z,3783738,12,8.3,8.3,,,,h,8.3,,,,0,0,734.543,3.6,0.114,,,0,11,279,24.728,79.297,2.52,49.09,,,,,0
2026-10-05T16:00Z,2026-10-06T16:00Z,3783738,24,15.5,15.5,,,,h,15.5,,,,0,0,396.403,6.018,0.028,,,0,23,279,21.943,76.012,3.212,52.325,,,,,0
2026-10-05T16:00Z,2026-10-07T16:00Z,3783738,48,19,19,,,,h,19,,,,0,0,357.691,5.939,0,,,0,23,280,22.546,75.626,2.854,50.663,,,,,0
2026-10-05T16:00Z,2026-10-05T17:00Z,3891934,1,8.4,8.2,,,,h,8.2,,,,0,0,52.635,0.678,0,12.1,,-0.025,0,278,22.291,96.999,0.333,289.538,,,,,0
2026-10-05T16:00Z,2026-10-05T19:00Z,3891934,3,7.7,7.5,,,,h,7.5,,,,0,0,69.466,1.151,0.706,12.1,,-0.025,2,278,21.77,96.38,0.44,35.936,,,,,0
2026-10-05T16:00Z,2026-10-05T22:00Z,3891934,6,3.6,3.5,,,,h,3.5,,,,0,0,85.531,1.282,0.9,12.1,,-0.025,5,278,21.191,97.668,0.588,339.651,,,,,0
2026-10-05T16:00Z,2026-10-06T04:00Z,3891934,12,7,6.9,,,,h,6.9,,,,0,0,628.481,0.705,0.509,12.1,,-0.025,11,279,25.362,81.334,0.637,317.585,,,,,0
2026-10-05T16:00Z,2026-10-06T16:00Z,3891934,24,17,16.7,,,,h,16.7,,,,0,0,20.647,0.245,0.303,12.1,,-0.025,23,279,22.215,96.067,0.112,249.121,,,,,0
2026-10-05T16:00Z,2026-10-07T16:00Z,3891934,48,20.1,19.9,,,,h,19.9,,,,0,0,27.34,1.014,0,12.1,,-0.025,23,280,22.222,98.629,0.224,159.209,,,,,0
2026-10-05T16:00Z,2026-10-05T17:00Z,3892436,1,8.4,10.4,,,,h,10.4,,,,0,0,51.732,0.715,0,15.2,,0.202,0,278,22.463,96.929,0.347,287.577,,,,,0
2026-10-05T16:00Z,2026-10-05T19:00Z,3892436,3,7.7,9.5,,,,h,9.5,,,,0,0,69.168,1.117,0.736,15.2,,0.202,2,278,21.925,96.246,0.425,35.394,,,,,0
2026-10-05T16:00Z,2026-10-05T22:00Z,3892436,6,3.6,4.5,,,,h,4.5,,,,0,0,87.086,1.289,0.935,15.2,,0.202,5,278,21.312,97.638,0.563,339.929,,,,,0
2026-10-05T16:00Z,2026-10-06T04:00Z,3892436,12,7,8.3,,,,h,8.3,,,,0,0,635.119,0.748,0.449,15.2,,0.202,11,279,25.571,80.807,0.674,313.175,,,,,0
2026-10-05T16:00Z,2026-10-06T16:00Z,3892436,24,17,19.3,,,,h,19.3,,,,0,0,21.321,0.287,0.3,15.2,,0.202,23,279,22.371,96.046,0.123,243.257,,,,,0
2026-10-05T16:00Z,2026-10-07T16:00Z,3892436,48,20.1,21.7,,,,h,21.7,,,,0,0,29.13,1.017,0,15.2,,0.202,23,280,22.409,98.456,0.239,162.045,,,,,0
2026-10-05T16:00Z,2026-10-05T17:00Z,3892437,1,8.4,11.4,,,,h,11.4,,,,0,0,55.279,0.851,0,17,,0.293,0,278,22.604,96.89,0.406,285.088,,,,,0
2026-10-05T16:00Z,2026-10-05T19:00Z,3892437,3,7.7,10.4,,,,h,10.4,,,,0,0,73.311,1.157,0.779,17,,0.293,2,278,22.043,96.127,0.434,33.349,,,,,0
2026-10-05T16:00Z,2026-10-05T22:00Z,3892437,6,3.6,4.9,,,,h,4.9,,,,0,0,91.473,1.365,0.976,17,,0.293,5,278,21.443,97.525,0.635,334.097,,,,,0
2026-10-05T16:00Z,2026-10-06T04:00Z,3892437,12,7,9,,,,h,9,,,,0,0,665.155,0.944,0.366,17,,0.293,11,279,25.872,79.968,0.835,310.866,,,,,0
2026-10-05T16:00Z,2026-10-06T16:00Z,3892437,24,17,20.4,,,,h,20.4,,,,0,0,21.502,0.314,0.322,17,,0.293,23,279,22.561,95.726,0.108,255.416,,,,,0
2026-10-05T16:00Z,2026-10-07T16:00Z,3892437,48,20.1,22.4,,,,h,22.4,,,,0,0,28.961,1.05,0,17,,0.293,23,280,22.578,98.597,0.255,158.034,,,,,0
2026-10-05T16:00Z,2026-10-05T17:00Z,3998818,1,6.4,17.9,,,,h,17.9,,,,0,0,279.746,4.134,0.173,28.4,,0.975,0,278,23.595,87.047,2.026,65.184,,,,,0
2026-10-05T16:00Z,2026-10-05T19:00Z,3998818,3,5.2,14.2,,,,h,14.2,,,,0,0,282.329,4.429,0.111,28.4,,0.975,2,278,22.895,82.202,2.085,71.648,,,,,0
2026-10-05T16:00Z,2026-10-05T22:00Z,3998818,6,6,15.3,,,,h,15.3,,,,0,0,302.76,4.321,0.036,28.4,,0.975,5,278,22.38,82.17,2.067,71.143,,,,,0
2026-10-05T16:00Z,2026-10-06T04:00Z,3998818,12,6.2,14.2,,,,h,14.2,,,,0,0,870.363,1.939,0,28.4,,0.975,11,279,27.53,68.937,1.597,28.204,,,,,0
2026-10-05T16:00Z,2026-10-06T16:00Z,3998818,24,12.9,23.8,,,,h,23.8,,,,0,0,239.343,5.084,0,28.4,,0.975,23,279,23.728,76.563,2.708,67.88,,,,,0
2026-10-05T16:00Z,2026-10-07T16:00Z,3998818,48,13.9,20.2,,,,h,20.2,,,,0,0,164.064,4.021,0,28.4,,0.975,23,280,23.862,73.472,1.775,81.387,,,,,0
2026-10-05T16:00Z,2026-10-05T17:00Z,4028033,1,20.6,40.1,,,,h,40.1,,,,0,0.01,180.009,2.064,1.897,26.6,,0.67,0,278,24.754,96.225,0.768,63.919,,,,,0
2026-10-05T16:00Z,2026-10-05T19:00Z,4028033,3,15.6,29.7,,,,h,29.7,,,,0,0.002,109.396,1.389,1.736,26.6,,0.67,2,278,24.516,95.421,0.922,31.611,,,,,0
2026-10-05T16:00Z,2026-10-05T22:00Z,4028033,6,15.1,27.7,,,,h,27.7,,,,0,0.003,125.532,1.273,0.037,26.6,,0.67,5,278,24.46,96.409,0.673,15.417,,,,,0
2026-10-05T16:00Z,2026-10-06T04:00Z,4028033,12,9,15.7,,,,h,15.7,,,,0,0.005,959.534,2.402,0.076,26.6,,0.67,11,279,29.415,74.973,1.928,74.306,,,,,0
2026-10-05T16:00Z,2026-10-06T16:00Z,4028033,24,25.3,38.1,,,,h,38.1,,,,0,0.001,150.281,2.981,1.367,26.6,,0.67,23,279,24.556,97.266,1.974,312.604,,,,,0
2026-10-05T16:00Z,2026-10-07T16:00Z,4028033,48,21.8,28,,,,h,28,,,,0,0,80.266,1.657,0,26.6,,0.67,23,280,25.96,88.049,0.657,17.332,,,,,0
2026-10-05T16:00Z,2026-10-05T17:00Z,4143979,1,3.7,4,,,,h,4,,,,0,0,204.22,3.835,0,4.5,,0.062,0,278,17.586,97.297,1.602,83.45,,,,,0
2026-10-05T16:00Z,2026-10-05T19:00Z,4143979,3,3.5,3.8,,,,h,3.8,,,,0,0,195.2,3.449,0.031,4.5,,0.062,2,278,17.322,96.287,1.484,83.315,,,,,0
2026-10-05T16:00Z,2026-10-05T22:00Z,4143979,6,3.3,3.5,,,,h,3.5,,,,0,0,141.542,3.049,0.081,4.5,,0.062,5,278,16.781,98.192,1.309,71.334,,,,,0
2026-10-05T16:00Z,2026-10-06T04:00Z,4143979,12,6.7,7.1,,,,h,7.1,,,,0,0,1013.838,3.617,0.006,4.5,,0.062,11,279,22.397,65.975,2.56,89.715,,,,,0
2026-10-05T16:00Z,2026-10-06T16:00Z,4143979,24,10.4,10.8,,,,h,10.8,,,,0,0,42.168,2.67,0,4.5,,0.062,23,279,18.004,77.744,0.949,98.297,,,,,0
2026-10-05T16:00Z,2026-10-07T16:00Z,4143979,48,9.8,10,,,,h,10,,,,0,0,24.329,2.356,0,4.5,,0.062,23,280,18.52,73.748,0.693,118.606,,,,,0
2026-10-05T16:00Z,2026-10-05T17:00Z,4143980,1,3.6,4.1,,,,h,4.1,,,,0,0,111.97,3.198,0.012,3.1,,0.101,0,278,19.233,99.04,1.524,41.867,,,,,0
2026-10-05T16:00Z,2026-10-05T19:00Z,4143980,3,3.2,3.6,,,,h,3.6,,,,0,0,164.636,3.304,0.39,3.1,,0.101,2,278,18.963,99,1.274,55.702,,,,,0
2026-10-05T16:00Z,2026-10-05T22:00Z,4143980,6,1.6,1.8,,,,h,1.8,,,,0,0,137.766,3.225,0.136,3.1,,0.101,5,278,18.822,98.39,1.236,50.116,,,,,0
2026-10-05T16:00Z,2026-10-06T04:00Z,4143980,12,2.9,3.2,,,,h,3.2,,,,0,0,742.024,3.754,0.025,3.1,,0.101,11,279,23.482,73.703,2.711,70.376,,,,,0
2026-10-05T16:00Z,2026-10-06T16:00Z,4143980,24,9.6,10.3,,,,h,10.3,,,,0,0,27.606,2.398,0,3.1,,0.101,23,279,19.9,87.198,0.695,58.436,,,,,0
2026-10-05T16:00Z,2026-10-07T16:00Z,4143980,48,8.5,8.9,,,,h,8.9,,,,0,0,20,1.108,0,3.1,,0.101,23,280,19.533,76.068,0.407,101.181,,,,,0
2026-10-05T16:00Z,2026-10-05T17:00Z,4143982,1,2.9,1.4,,,,h,1.4,,,,0,0,413.865,4.643,0.175,0.2,,-0.526,0,278,22.461,90.024,2.027,27.674,,,,,0
2026-10-05T16:00Z,2026-10-05T19:00Z,4143982,3,3.4,1.7,,,,h,1.7,,,,0,0.001,444.116,6.677,0.183,0.2,,-0.526,2,278,21.71,91.189,3.533,13.818,,,,,0
2026-10-05T16:00Z,2026-10-05T22:00Z,4143982,6,2.4,1.2,,,,h,1.2,,,,0,0.001,445.755,4.511,1.787,0.2,,-0.526,5,278,20.949,95.395,1.875,20.918,,,,,0
2026-10-05T16:00Z,2026-10-06T04:00Z,4143982,12,5.5,3.4,,,,h,3.4,,,,0,0.001,813.693,5.391,1.232,0.2,,-0.526,11,279,23.46,85.035,3.485,21.31,,,,,0
2026-10-05T16:00Z,2026-10-06T16:00Z,4143982,24,14.5,10.3,,,,h,10.3,,,,0,0,538.864,6.524,0.288,0.2,,-0.526,23,279,21.615,86.824,3.322,30.179,,,,,0
2026-10-05T16:00Z,2026-10-07T16:00Z,4143982,48,6.4,5.1,,,,h,5.1,,,,0,0,522.652,5.934,0.021,0.2,,-0.526,23,280,22.567,86.917,2.816,28.356,,,,,0
2026-10-05T16:00Z,2026-10-05T17:00Z,4143983,1,2.5,0.7,,,,h,0.7,,,,0,0,363.976,6.238,0,0,,-0.748,0,278,23.492,86.546,3.341,60.639,,,,,0
2026-10-05T16:00Z,2026-10-05T19:00Z,4143983,3,3,1,,,,h,1,,,,0,0,347.62,5.182,0.003,0,,-0.748,2,278,22.893,88.945,2.74,51.378,,,,,0
2026-10-05T16:00Z,2026-10-05T22:00Z,4143983,6,4.1,1.7,,,,h,1.7,,,,0,0,334.914,5.086,0.031,0,,-0.748,5,278,22.345,88.968,2.78,53.328,,,,,0
2026-10-05T16:00Z,2026-10-06T04:00Z,4143983,12,6.8,3.4,,,,h,3.4,,,,0,0,852.657,5.302,0.006,0,,-0.748,11,279,26.562,72.141,3.937,53.026,,,,,0
2026-10-05T16:00Z,2026-10-06T16:00Z,4143983,24,14.1,8.7,,,,h,8.7,,,,0,0,440.337,6.389,0.002,0,,-0.748,23,279,22.734,72.908,3.652,56.722,,,,,0
2026-10-05T16:00Z,2026-10-07T16:00Z,4143983,48,16.2,12.1,,,,h,12.1,,,,0,0,395.383,6.261,0,0,,-0.748,23,280,23.204,71.935,3.222,51.8,,,,,0
2026-10-05T16:00Z,2026-10-05T17:00Z,4143984,1,2.9,0.9,,,,h,0.9,,,,0,0,520.448,5.973,0,0,,-0.749,0,278,22.427,85.455,2.924,42.769,,,,,0
2026-10-05T16:00Z,2026-10-05T19:00Z,4143984,3,3.4,1.2,,,,h,1.2,,,,0,0,534.34,8.29,0.184,0,,-0.749,2,278,21.633,87.559,4.664,26.433,,,,,0
2026-10-05T16:00Z,2026-10-05T22:00Z,4143984,6,3.1,1.1,,,,h,1.1,,,,0,0,534.347,5.88,1.836,0,,-0.749,5,278,20.315,95.975,2.813,36.332,,,,,0
2026-10-05T16:00Z,2026-10-06T04:00Z,4143984,12,6.3,3.1,,,,h,3.1,,,,0,0,754.211,4.836,0.367,0,,-0.749,11,279,21.98,88.729,3.148,37.899,,,,,0
2026-10-05T16:00Z,2026-10-06T16:00Z,4143984,24,16.8,10.4,,,,h,10.4,,,,0,0,632.32,7.991,0.092,0,,-0.749,23,279,21.276,82.5,4.437,39.004,,,,,0
2026-10-05T16:00Z,2026-10-07T16:00Z,4143984,48,9.8,7.2,,,,h,7.2,,,,0,0,601.215,7.1,0,0,,-0.749,23,280,22.584,81.633,3.647,38.173,,,,,0
2026-10-05T16:00Z,2026-10-05T17:00Z,4143985,1,3.3,1.1,,,,h,1.1,,,,0,0,376.092,5.581,0,,,-0.839,0,278,22.833,87.742,2.763,52.349,,,,,0
2026-10-05T16:00Z,2026-10-05T19:00Z,4143985,3,4,1.5,,,,h,1.5,,,,0,0,373.613,5.94,0.078,,,-0.839,2,278,22.129,89.883,3.126,34.661,,,,,0
2026-10-05T16:00Z,2026-10-05T22:00Z,4143985,6,4.4,1.8,,,,h,1.8,,,,0,0,380.034,4.918,0.778,,,-0.839,5,278,21.378,93.516,2.371,43.101,,,,,0
2026-10-05T16:00Z,2026-10-06T04:00Z,4143985,12,7.3,3.7,,,,h,3.7,,,,0,0.001,836.213,5.208,0.156,,,-0.839,11,279,24.709,79.265,3.568,41.057,,,,,0
2026-10-05T16:00Z,2026-10-06T16:00Z,4143985,24,17.6,11,,,,h,11,,,,0,0,512.733,6.748,0.039,,,-0.839,23,279,21.958,79.403,3.705,45.561,,,,,0
2026-10-05T16:00Z,2026-10-07T16:00Z,4143985,48,15.3,11.5,,,,h,11.5,,,,0,0,473.234,6.298,0,,,-0.839,23,280,22.734,79.133,3.177,43.994,,,,,0
2026-10-05T16:00Z,2026-10-05T17:00Z,4143986,1,4,7.2,,,,h,7.2,,,,0,0.02,206.344,3.219,0,6.4,,0.52,0,278,23.875,91.375,1.578,48.659,,,,,0
2026-10-05T16:00Z,2026-10-05T19:00Z,4143986,3,3.6,6.4,,,,h,6.4,,,,0,0.022,244.867,3.313,0,6.4,,0.52,2,278,23.142,93.349,1.528,38.608,,,,,0
2026-10-05T16:00Z,2026-10-05T22:00Z,4143986,6,3.1,5.4,,,,h,5.4,,,,0,0.017,276.486,4.09,0,6.4,,0.52,5,278,22.978,91.526,1.962,37.908,,,,,0
2026-10-05T16:00Z,2026-10-06T04:00Z,4143986,12,2.6,4.4,,,,h,4.4,,,,0,0.012,1031.639,5.628,0.033,6.4,,0.52,11,279,28.389,70.391,3.996,31.533,,,,,0
2026-10-05T16:00Z,2026-10-06T16:00Z,4143986,24,3.1,4.6,,,,h,4.6,,,,0,0.001,413.806,4.498,0,6.4,,0.52,23,279,23.11,85.485,2.565,31.793,,,,,0
2026-10-05T16:00Z,2026-10-07T16:00Z,4143986,48,8.1,10,,,,h,10,,,,0,0,356.425,3.941,0,6.4,,0.52,23,280,23.814,85.305,2.148,36.044,,,,,0
2026-10-05T16:00Z,2026-10-05T17:00Z,4143988,1,4.2,1.4,,,,h,1.4,,,,0,0.23,44.443,2.144,0.017,1.8,,-0.807,0,278,21.286,94.683,0.935,34.667,,,,,0
2026-10-05T16:00Z,2026-10-05T19:00Z,4143988,3,3.8,1.3,,,,h,1.3,,,,0,0.27,44.242,1.995,0.039,1.8,,-0.807,2,278,20.584,96.764,0.919,38.137,,,,,0
2026-10-05T16:00Z,2026-10-05T22:00Z,4143988,6,5,2,,,,h,2,,,,0,0.236,34.467,2.232,0.001,1.8,,-0.807,5,278,20.313,95.96,1.31,357.507,,,,,0
2026-10-05T16:00Z,2026-10-06T04:00Z,4143988,12,6.9,3.3,,,,h,3.3,,,,0,0.18,1228.988,0.905,0.006,1.8,,-0.807,11,279,28.463,66.349,0.778,251.691,,,,,0
2026-10-05T16:00Z,2026-10-06T16:00Z,4143988,24,6.2,3.5,,,,h,3.5,,,,0,0.018,70.7,2.762,0.104,1.8,,-0.807,23,279,21.703,91.033,1.433,25.94,,,,,0
2026-10-05T16:00Z,2026-10-07T16:00Z,4143988,48,5.3,3.7,,,,h,3.7,,,,0,0,37.673,1.985,0.304,1.8,,-0.807,23,280,21.87,96.859,0.766,8.015,,,,,0
2026-10-05T16:00Z,2026-10-05T17:00Z,4165629,1,2.5,2.5,,,,h,2.5,,,,0,0.008,149.047,1.812,0.218,3.8,,0.013,0,278,24.949,93.027,1.677,35.106,,,,,0
2026-10-05T16:00Z,2026-10-05T19:00Z,4165629,3,2.3,2.3,,,,h,2.3,,,,0,0.01,134.128,0.841,0.145,3.8,,0.013,2,278,24.624,92.052,0.777,36.147,,,,,0
2026-10-05T16:00Z,2026-10-05T22:00Z,4165629,6,1.4,1.4,,,,h,1.4,,,,0,0.019,182.095,1.443,0.207,3.8,,0.013,5,278,24.554,89.964,0.894,51.938,,,,,0
2026-10-05T16:00Z,2026-10-06T04:00Z,4165629,12,1.7,1.7,,,,h,1.7,,,,0,0.007,621.663,1.802,0.345,3.8,,0.013,11,279,27.742,77.807,1.48,44.62,,,,,0
2026-10-05T16:00Z,2026-10-06T16:00Z,4165629,24,2.3,2.3,,,,h,2.3,,,,0,0,207.134,1.944,0.049,3.8,,0.013,23,279,25.243,90.134,1.632,49.894,,,,,0
2026-10-05T16:00Z,2026-10-07T16:00Z,4165629,48,4,4,,,,h,4,,,,0,0,251.44,2.066,0.013,3.8,,0.013,23,280,25.341,89.206,1.405,35.994,,,,,0
2026-10-05T16:00Z,2026-10-05T17:00Z,4321722,1,2.1,2.7,,,,h,2.7,,,,0,0.002,271.968,3.609,0.222,1.6,,0.185,0,278,21.955,94.471,1.569,15.353,,,,,0
2026-10-05T16:00Z,2026-10-05T19:00Z,4321722,3,2,2.6,,,,h,2.6,,,,0,0.002,337.478,4.885,0.13,1.6,,0.185,2,278,21.38,95.159,2.468,5.283,,,,,0
2026-10-05T16:00Z,2026-10-05T22:00Z,4321722,6,2.1,2.6,,,,h,2.6,,,,0,0.002,324.335,3.283,1.248,1.6,,0.185,5,278,21.155,95.418,1.316,8.176,,,,,0
2026-10-05T16:00Z,2026-10-06T04:00Z,4321722,12,3.3,4,,,,h,4,,,,0,0.002,883.275,5.248,1.385,1.6,,0.185,11,279,24.971,78.65,3.464,14.078,,,,,0
2026-10-05T16:00Z,2026-10-06T16:00Z,4321722,24,7.4,8.4,,,,h,8.4,,,,0,0,399.104,5.005,0.315,1.6,,0.185,23,279,21.44,90.892,2.355,22.282,,,,,0
2026-10-05T16:00Z,2026-10-07T16:00Z,4321722,48,3,3.3,,,,h,3.3,,,,0,0,448.439,4.962,0.05,1.6,,0.185,23,280,21.985,91.085,2.28,21.581,,,,,0
2026-10-05T16:00Z,2026-10-05T17:00Z,4588536,1,8.3,2.4,,,,h,2.4,,,,0,0,59.654,1.126,0,4.6,,-1.048,0,278,23.024,96.773,0.514,281.045,,,,,0
2026-10-05T16:00Z,2026-10-05T19:00Z,4588536,3,9.3,2.9,,,,h,2.9,,,,0,0,78.974,1.182,0.872,4.6,,-1.048,2,278,22.414,95.726,0.434,28.041,,,,,0
2026-10-05T16:00Z,2026-10-05T22:00Z,4588536,6,4,1,,,,h,1,,,,0,0,100.319,1.545,1.07,4.6,,-1.048,5,278,21.801,97.266,0.742,326.096,,,,,0
2026-10-05T16:00Z,2026-10-06T04:00Z,4588536,12,5.8,2.1,,,,h,2.1,,,,0,0,727.476,1.371,0.128,4.6,,-1.048,11,279,26.668,77.676,1.181,304.526,,,,,0
2026-10-05T16:00Z,2026-10-06T16:00Z,4588536,24,15.2,7.7,,,,h,7.7,,,,0,0,23.703,0.426,0.353,4.6,,-1.048,23,279,23.047,95.101,0.101,267.852,,,,,0
2026-10-05T16:00Z,2026-10-07T16:00Z,4588536,48,20.8,13.9,,,,h,13.9,,,,0,0,30.823,1.122,0,4.6,,-1.048,23,280,23.099,98.325,0.309,155.048,,,,,0
2026-10-05T16:00Z,2026-10-05T17:00Z,4765764,1,7.2,4.8,,,,h,4.8,,,,0,0,253.392,3.658,0.373,8.5,,-0.355,0,278,23.441,88.695,1.78,59.637,,,,,0
2026-10-05T16:00Z,2026-10-05T19:00Z,4765764,3,6,4.1,,,,h,4.1,,,,0,0,258.929,3.977,0.266,8.5,,-0.355,2,278,22.796,84.82,1.793,69.707,,,,,0
2026-10-05T16:00Z,2026-10-05T22:00Z,4765764,6,6.1,4.2,,,,h,4.2,,,,0,0,287.636,4.054,0.097,8.5,,-0.355,5,278,22.302,83.878,1.948,69.646,,,,,0
2026-10-05T16:00Z,2026-10-06T04:00Z,4765764,12,6,4.3,,,,h,4.3,,,,0,0,859.574,1.944,0,8.5,,-0.355,11,279,27.436,69.083,1.6,26.997,,,,,0
2026-10-05T16:00Z,2026-10-06T16:00Z,4765764,24,11.3,9,,,,h,9,,,,0,0,216.504,4.701,0,8.5,,-0.355,23,279,23.689,77.965,2.425,66.088,,,,,0
2026-10-05T16:00Z,2026-10-07T16:00Z,4765764,48,10.7,9.3,,,,h,9.3,,,,0,0,140.506,3.526,0,8.5,,-0.355,23,280,23.814,74.93,1.505,82.109,,,,,0
2026-10-05T16:00Z,2026-10-05T17:00Z,4894523,1,29.9,39.5,,,,h,39.5,,,,0,0.012,197.75,2.268,1.923,32.7,,0.282,0,278,24.892,96.234,1.006,36.178,,,,,0
2026-10-05T16:00Z,2026-10-05T19:00Z,4894523,3,27.6,36.1,,,,h,36.1,,,,0,0.005,144.685,1.828,2.054,32.7,,0.282,2,278,24.54,95.307,1.214,14.87,,,,,0
2026-10-05T16:00Z,2026-10-05T22:00Z,4894523,6,19.2,24.8,,,,h,24.8,,,,0,0.003,124.784,1.565,0.043,32.7,,0.282,5,278,24.406,96.466,0.824,353.144,,,,,0
2026-10-05T16:00Z,2026-10-06T04:00Z,4894523,12,18.9,23.7,,,,h,23.7,,,,0,0.003,858.84,2.687,0.123,32.7,,0.282,11,279,29.089,76.795,2.173,59.303,,,,,0
2026-10-05T16:00Z,2026-10-06T16:00Z,4894523,24,27.5,32.7,,,,h,32.7,,,,0,0.001,155.9,3.202,0.827,32.7,,0.282,23,279,24.603,97.466,1.927,319.865,,,,,0
2026-10-05T16:00Z,2026-10-07T16:00Z,4894523,48,28.9,32.1,,,,h,32.1,,,,0,0,98.165,2.509,0,32.7,,0.282,23,280,25.907,87.529,1.08,358.588,,,,,0
2026-10-05T16:00Z,2026-10-05T17:00Z,4932270,1,8.4,6.9,,,,h,6.9,,,,0,0,28.644,1.245,0,8.8,,-0.185,0,278,19.166,98.352,0.396,90.971,,,,,0
2026-10-05T16:00Z,2026-10-05T19:00Z,4932270,3,7.7,6.3,,,,h,6.3,,,,0,0,35.275,1.091,0.031,8.8,,-0.185,2,278,19.151,98.909,0.565,73.729,,,,,0
2026-10-05T16:00Z,2026-10-05T22:00Z,4932270,6,3.6,2.9,,,,h,2.9,,,,0,0,37.014,1.209,0.226,8.8,,-0.185,5,278,18.822,99.22,0.443,54.184,,,,,0
2026-10-05T16:00Z,2026-10-06T04:00Z,4932270,12,7,5.9,,,,h,5.9,,,,0,0,294.003,1.709,1.495,8.8,,-0.185,11,279,20.6,94.39,1.238,115.371,,,,,0
2026-10-05T16:00Z,2026-10-06T16:00Z,4932270,24,17,15.1,,,,h,15.1,,,,0,0,25.859,0.808,0.124,8.8,,-0.185,23,279,18.874,99.53,0.095,135.039,,,,,0
2026-10-05T16:00Z,2026-10-07T16:00Z,4932270,48,20.1,18.7,,,,h,18.7,,,,0,0,15.3,0.898,0,8.8,,-0.185,23,280,18.919,98.497,0.197,165.466,,,,,0
2026-10-05T16:00Z,2026-10-05T17:00Z,4985405,1,7,19.2,,,,h,19.2,,,,0,0,268.301,0.993,1.45,7.7,,0.968,0,278,25.286,89.837,0.846,147.093,,,,,0
2026-10-05T16:00Z,2026-10-05T19:00Z,4985405,3,6.1,16.3,,,,h,16.3,,,,0,0,202.318,1.814,0.401,7.7,,0.968,2,278,24.807,91.073,1.324,132.276,,,,,0
2026-10-05T16:00Z,2026-10-05T22:00Z,4985405,6,2.9,8,,,,h,8,,,,0,0,281.598,1.182,0.298,7.7,,0.968,5,278,24.588,90.389,0.787,195.648,,,,,0
2026-10-05T16:00Z,2026-10-06T04:00Z,4985405,12,3.6,8.6,,,,h,8.6,,,,0,0,561.623,3.091,0.146,7.7,,0.968,11,279,27.626,79.82,2.664,218.659,,,,,0
2026-10-05T16:00Z,2026-10-06T16:00Z,4985405,24,7.1,13.4,,,,h,13.4,,,,0,0,317.43,1.419,0.046,7.7,,0.968,23,279,26.554,83.548,1.109,255.27,,,,,0
2026-10-05T16:00Z,2026-10-07T16:00Z,4985405,48,5.7,8.5,,,,h,8.5,,,,0,0,198.549,0.931,1.034,7.7,,0.968,23,280,25.331,88.736,0.408,286.364,,,,,0
2026-10-05T16:00Z,2026-10-05T17:00Z,4993065,1,20.6,12.7,,,,h,12.7,,,,0,0.002,189.002,2.449,1.411,7.7,,-0.477,0,278,24.918,96.004,0.987,83.331,,,,,0
2026-10-05T16:00Z,2026-10-05T19:00Z,4993065,3,15.6,9.7,,,,h,9.7,,,,0,0.001,100.072,1.404,1.091,7.7,,-0.477,2,278,24.717,95.683,0.762,49.926,,,,,0
2026-10-05T16:00Z,2026-10-05T22:00Z,4993065,6,15.1,9.7,,,,h,9.7,,,,0,0.001,97.706,1.214,0.023,7.7,,-0.477,5,278,24.549,96.655,0.659,12.732,,,,,0
2026-10-05T16:00Z,2026-10-06T04:00Z,4993065,12,9,6,,,,h,6,,,,0,0.003,974.193,2.444,0.066,7.7,,-0.477,11,279,29.569,74.857,1.943,72.024,,,,,0
2026-10-05T16:00Z,2026-10-06T16:00Z,4993065,24,25.3,18.8,,,,h,18.8,,,,0,0.001,130.733,2.789,1.393,7.7,,-0.477,23,279,24.607,97.655,1.795,313.478,,,,,0
2026-10-05T16:00Z,2026-10-07T16:00Z,4993065,48,21.8,18.2,,,,h,18.2,,,,0,0,63.779,1.434,0,7.7,,-0.477,23,280,25.977,87.361,0.409,38.796,,,,,0
2026-10-05T16:00Z,2026-10-05T17:00Z,5103390,1,6.4,12.5,,,,h,12.5,,,,0,0,282.121,4.209,0.126,25.7,,0.624,0,278,23.603,86.903,2.07,66.137,,,,,0
2026-10-05T16:00Z,2026-10-05T19:00Z,5103390,3,5.2,10,,,,h,10,,,,0,0,284.429,4.498,0.072,25.7,,0.624,2,278,22.9,81.916,2.134,72.151,,,,,0
2026-10-05T16:00Z,2026-10-05T22:00Z,5103390,6,6,11,,,,h,11,,,,0,0,300.805,4.319,0.024,25.7,,0.624,5,278,22.383,82.11,2.061,71.78,,,,,0
2026-10-05T16:00Z,2026-10-06T04:00Z,5103390,12,6.2,10.6,,,,h,10.6,,,,0,0,871.866,1.926,0,25.7,,0.624,11,279,27.531,69.01,1.588,28.084,,,,,0
2026-10-05T16:00Z,2026-10-06T16:00Z,5103390,24,12.9,19.1,,,,h,19.1,,,,0,0,240.46,5.084,0,25.7,,0.624,23,279,23.716,76.688,2.721,67.926,,,,,0
2026-10-05T16:00Z,2026-10-07T16:00Z,5103390,48,13.9,17.7,,,,h,17.7,,,,0,0,166.789,4.075,0,25.7,,0.624,23,280,23.858,73.33,1.807,81.687,,,,,0
2026-10-05T16:00Z,2026-10-05T17:00Z,5108494,1,14.3,12.3,,,,h,12.3,,,,0,0.001,198.928,2.432,1.293,6.6,,-0.144,0,278,25.02,95.851,1.009,78.889,,,,,0
2026-10-05T16:00Z,2026-10-05T19:00Z,5108494,3,12.2,10.6,,,,h,10.6,,,,0,0.001,112.807,1.492,1.061,6.6,,-0.144,2,278,24.778,95.611,0.844,44.096,,,,,0
2026-10-05T16:00Z,2026-10-05T22:00Z,5108494,6,10.9,9.5,,,,h,9.5,,,,0,0.001,100.873,1.358,0.022,6.6,,-0.144,5,278,24.562,96.589,0.725,7.782,,,,,0
2026-10-05T16:00Z,2026-10-06T04:00Z,5108494,12,12.6,11.2,,,,h,11.2,,,,0,0.002,940.445,2.633,0.08,6.6,,-0.144,11,279,29.454,75.401,2.097,65.998,,,,,0
2026-10-05T16:00Z,2026-10-06T16:00Z,5108494,24,16.1,14.7,,,,h,14.7,,,,0,0.001,129.062,2.697,1.16,6.6,,-0.144,23,279,24.676,97.589,1.667,319.216,,,,,0
2026-10-05T16:00Z,2026-10-07T16:00Z,5108494,48,22.6,21.4,,,,h,21.4,,,,0,0,71.035,1.72,0,6.6,,-0.144,23,280,25.953,86.962,0.537,31.138,,,,,0
2026-10-05T16:00Z,2026-10-05T17:00Z,5482624,1,22.9,10.7,,,,h,10.7,,,,0,0,210.372,3.67,1.575,11.4,,-0.744,0,278,25.09,96.538,1.879,4.265,,,,,0
2026-10-05T16:00Z,2026-10-05T19:00Z,5482624,3,22.9,11.1,,,,h,11.1,,,,0,0,216.52,3.062,1.986,11.4,,-0.744,2,278,24.605,94.608,1.8,7.181,,,,,0
2026-10-05T16:00Z,2026-10-05T22:00Z,5482624,6,13.5,6.6,,,,h,6.6,,,,0,0.002,153.459,2.38,0.041,11.4,,-0.744,5,278,24.224,96.653,1.374,336.88,,,,,0
2026-10-05T16:00Z,2026-10-06T04:00Z,5482624,12,10.5,5.5,,,,h,5.5,,,,0,0.002,681.841,3.638,0.195,11.4,,-0.744,11,279,28.246,81.148,2.929,37.151,,,,,0
2026-10-05T16:00Z,2026-10-06T16:00Z,5482624,24,28.1,17.7,,,,h,17.7,,,,0,0,175.721,4.177,0.097,11.4,,-0.744,23,279,24.391,97.633,2.236,316.983,,,,,0
2026-10-05T16:00Z,2026-10-07T16:00Z,5482624,48,21.7,16.4,,,,h,16.4,,,,0,0,121.608,4.39,0,11.4,,-0.744,23,280,25.348,88.976,2.224,326.688,,,,,0
2026-10-05T16:00Z,2026-10-05T17:00Z,5551122,1,8.4,7.6,,,,h,7.6,,,,0,0,56.091,0.722,0,11.4,,-0.089,0,278,22.174,97.056,0.356,289.701,,,,,0
2026-10-05T16:00Z,2026-10-05T19:00Z,5551122,3,7.7,7,,,,h,7,,,,0,0,72.55,1.22,0.7,11.4,,-0.089,2,278,21.658,96.461,0.462,35.395,,,,,0
2026-10-05T16:00Z,2026-10-05T22:00Z,5551122,6,3.6,3.3,,,,h,3.3,,,,0,0,86.636,1.321,0.885,11.4,,-0.089,5,278,21.131,97.627,0.666,335.45,,,,,0
2026-10-05T16:00Z,2026-10-06T04:00Z,5551122,12,7,6.5,,,,h,6.5,,,,0,0,640.808,0.786,0.527,11.4,,-0.089,11,279,25.312,81.37,0.703,320.875,,,,,0
2026-10-05T16:00Z,2026-10-06T16:00Z,5551122,24,17,16.1,,,,h,16.1,,,,0,0,19.947,0.221,0.321,11.4,,-0.089,23,279,22.151,95.876,0.087,269.026,,,,,0
2026-10-05T16:00Z,2026-10-07T16:00Z,5551122,48,20.1,19.4,,,,h,19.4,,,,0,0,25.098,1.043,0,11.4,,-0.089,23,280,22.106,98.939,0.216,153.142,,,,,0
2026-10-05T16:00Z,2026-10-05T17:00Z,5851170,1,4.6,5.8,,,,h,5.8,,,,0,0.005,66.551,2.132,0,6.3,,0.206,0,278,23.141,97.492,0.649,132.478,,,,,0
2026-10-05T16:00Z,2026-10-05T19:00Z,5851170,3,3.7,4.7,,,,h,4.7,,,,0,0.009,72.017,2.161,0,6.3,,0.206,2,278,22.872,97.707,0.88,77.577,,,,,0
2026-10-05T16:00Z,2026-10-05T22:00Z,5851170,6,1.3,1.7,,,,h,1.7,,,,0,0.013,220.367,3.437,0.15,6.3,,0.206,5,278,22.522,97.541,1.508,83.764,,,,,0
2026-10-05T16:00Z,2026-10-06T04:00Z,5851170,12,3.7,4.5,,,,h,4.5,,,,0,0.003,917.431,6.109,0.12,6.3,,0.206,11,279,26.856,78.543,4.529,77.505,,,,,0
2026-10-05T16:00Z,2026-10-06T16:00Z,5851170,24,7.6,8.7,,,,h,8.7,,,,0,0,107.655,3.79,0,6.3,,0.206,23,279,23.304,94.7,1.361,107.972,,,,,0
2026-10-05T16:00Z,2026-10-07T16:00Z,5851170,48,14,15.2,,,,h,15.2,,,,0,0,29.702,2.259,0,6.3,,0.206,23,280,23.351,85.908,0.46,75.813,,,,,0
2026-10-05T16:00Z,2026-10-05T17:00Z,5894629,1,33.6,50.8,,,,h,50.8,,,,0,0,120.03,0.654,0,49.1,,0.421,0,278,25.924,93.43,0.145,209.862,,,,,0
2026-10-05T16:00Z,2026-10-05T19:00Z,5894629,3,28.9,43,,,,h,43,,,,0,0,128.606,1.195,0.002,49.1,,0.421,2,278,25.814,93.968,0.75,41.709,,,,,0
2026-10-05T16:00Z,2026-10-05T22:00Z,5894629,6,26.4,38.4,,,,h,38.4,,,,0,0,145.795,1.74,0.006,49.1,,0.421,5,278,25.772,94.337,1.099,62.307,,,,,0
2026-10-05T16:00Z,2026-10-06T04:00Z,5894629,12,13.2,18.6,,,,h,18.6,,,,0,0,903.093,2.826,0.076,49.1,,0.421,11,279,30.125,76.667,2.354,83.726,,,,,0
2026-10-05T16:00Z,2026-10-06T16:00Z,5894629,24,20.8,27,,,,h,27,,,,0,0,171.714,3.181,0.035,49.1,,0.421,23,279,26.393,93.346,1.405,64.187,,,,,0
2026-10-05T16:00Z,2026-10-07T16:00Z,5894629,48,15.9,18.7,,,,h,18.7,,,,0,0,130.874,0.92,0,49.1,,0.421,23,280,26.083,92.953,0.499,46.783,,,,,0
2026-10-05T16:00Z,2026-10-05T17:00Z,5951902,1,20.6,15.2,,,,h,15.2,,,,0,0.009,180.497,2.083,1.846,8.1,,-0.301,0,278,24.773,96.167,0.776,65.749,,,,,0
2026-10-05T16:00Z,2026-10-05T19:00Z,5951902,3,15.6,11.6,,,,h,11.6,,,,0,0.002,109.571,1.398,1.67,8.1,,-0.301,2,278,24.538,95.375,0.908,32.945,,,,,0
2026-10-05T16:00Z,2026-10-05T22:00Z,5951902,6,15.1,11.4,,,,h,11.4,,,,0,0.003,129.29,1.308,0.036,8.1,,-0.301,5,278,24.475,96.361,0.688,17.976,,,,,0
2026-10-05T16:00Z,2026-10-06T04:00Z,5951902,12,9,6.9,,,,h,6.9,,,,0,0.005,962.452,2.437,0.074,8.1,,-0.301,11,279,29.413,74.93,1.955,74.187,,,,,0
2026-10-05T16:00Z,2026-10-06T16:00Z,5951902,24,25.3,21,,,,h,21,,,,0,0.001,149.717,2.931,1.369,8.1,,-0.301,23,279,24.573,97.179,1.949,312.846,,,,,0
2026-10-05T16:00Z,2026-10-07T16:00Z,5951902,48,21.8,19.5,,,,h,19.5,,,,0,0,80.604,1.656,0,8.1,,-0.301,23,280,25.95,88.058,0.652,18.551,,,,,0
2026-10-05T16:00Z,2026-10-05T17:00Z,5955903,1,20.6,41.7,,,,h,41.7,,,,0,0.009,180.512,2.083,1.845,31.2,,0.71,0,278,24.773,96.166,0.776,65.773,,,,,0
2026-10-05T16:00Z,2026-10-05T19:00Z,5955903,3,15.6,30.9,,,,h,30.9,,,,0,0.002,109.594,1.398,1.669,31.2,,0.71,2,278,24.538,95.373,0.908,32.958,,,,,0
2026-10-05T16:00Z,2026-10-05T22:00Z,5955903,6,15.1,28.7,,,,h,28.7,,,,0,0.003,129.408,1.309,0.036,31.2,,0.71,5,278,24.475,96.36,0.689,18.033,,,,,0
2026-10-05T16:00Z,2026-10-06T04:00Z,5955903,12,9,16.2,,,,h,16.2,,,,0,0.005,962.477,2.438,0.074,31.2,,0.71,11,279,29.413,74.93,1.956,74.178,,,,,0
2026-10-05T16:00Z,2026-10-06T16:00Z,5955903,24,25.3,39.1,,,,h,39.1,,,,0,0.001,149.715,2.93,1.369,31.2,,0.71,23,279,24.573,97.176,1.948,312.857,,,,,0
2026-10-05T16:00Z,2026-10-07T16:00Z,5955903,48,21.8,28.4,,,,h,28.4,,,,0,0,80.633,1.657,0,31.2,,0.71,23,280,25.95,88.059,0.652,18.563,,,,,0
2026-10-05T16:00Z,2026-10-05T17:00Z,6094818,1,21.7,31.3,,,,h,31.3,,,,0,0.002,173.252,1.782,2.137,24.7,,0.367,0,278,24.702,97.195,0.697,25.9,,,,,0
2026-10-05T16:00Z,2026-10-05T19:00Z,6094818,3,17.7,25.2,,,,h,25.2,,,,0,0.003,140.263,2.078,2.208,24.7,,0.367,2,278,24.318,95.763,1.428,336.042,,,,,0
2026-10-05T16:00Z,2026-10-05T22:00Z,6094818,6,12,16.8,,,,h,16.8,,,,0,0.006,190.551,2.457,0.047,24.7,,0.367,5,278,24.431,95.89,1.091,356.369,,,,,0
2026-10-05T16:00Z,2026-10-06T04:00Z,6094818,12,6.6,9.1,,,,h,9.1,,,,0,0.005,745.256,3.19,0.139,24.7,,0.367,11,279,28.268,78.916,2.564,44.095,,,,,0
2026-10-05T16:00Z,2026-10-06T16:00Z,6094818,24,12.2,15.4,,,,h,15.4,,,,0,0,203.229,3.898,1.042,24.7,,0.367,23,279,24.381,96.324,2.319,321.948,,,,,0
2026-10-05T16:00Z,2026-10-07T16:00Z,6094818,48,13.8,15.9,,,,h,15.9,,,,0,0,145.558,4.812,0,24.7,,0.367,23,280,25.359,90.201,2.425,338.947,,,,,0
2026-10-05T16:00Z,2026-10-05T17:00Z,6099600,1,3.4,0,,,,h,0,,,,0,0.001,32.645,1.348,1.94,0.1,,-1.576,0,278,23.676,96.666,0.436,48.415,,,,,0
2026-10-05T16:00Z,2026-10-05T19:00Z,6099600,3,2.3,0,,,,h,0,,,,0,0,89.391,2.411,0.343,0.1,,-1.576,2,278,23.165,98.15,1.331,26.288,,,,,0
2026-10-05T16:00Z,2026-10-05T22:00Z,6099600,6,2.4,0,,,,h,0,,,,0,0,179.893,3.653,0.177,0.1,,-1.576,5,278,22.532,98.123,1.945,9.219,,,,,0
2026-10-05T16:00Z,2026-10-06T04:00Z,6099600,12,4,0.5,,,,h,0.5,,,,0,0,1022.789,1.864,0.09,0.1,,-1.576,11,279,27.638,72.605,1.528,31.731,,,,,0
2026-10-05T16:00Z,2026-10-06T16:00Z,6099600,24,3.9,0.9,,,,h,0.9,,,,0,0,20.045,1.437,0,0.1,,-1.576,23,279,23.293,97.448,0.378,349.619,,,,,0
2026-10-05T16:00Z,2026-10-07T16:00Z,6099600,48,11.1,5.9,,,,h,5.9,,,,0,0,19.049,0.401,0,0.1,,-1.576,23,280,23.801,92.723,0.162,226.709,,,,,0
2026-10-05T16:00Z,2026-10-05T17:00Z,6101817,1,3.5,14.1,,,,h,14.1,,,,0,0.001,359.457,3.675,0.685,35.9,,1.265,0,278,27.017,84.318,3.105,23.244,,,,,0
2026-10-05T16:00Z,2026-10-05T19:00Z,6101817,3,4.5,16.6,,,,h,16.6,,,,0,0.002,363.07,2.591,0.294,35.9,,1.265,2,278,26.683,85.631,1.915,22.466,,,,,0
2026-10-05T16:00Z,2026-10-05T22:00Z,6101817,6,4.5,15.4,,,,h,15.4,,,,0,0.004,273.068,2.987,0.261,35.9,,1.265,5,278,25.829,90.514,2.574,358.961,,,,,0
2026-10-05T16:00Z,2026-10-06T04:00Z,6101817,12,4.8,14.2,,,,h,14.2,,,,0,0.001,623.666,5.323,0.131,35.9,,1.265,11,279,27.957,81.816,4.913,40.374,,,,,0
2026-10-05T16:00Z,2026-10-06T16:00Z,6101817,24,4.7,11.1,,,,h,11.1,,,,0,0,235.827,4.066,0.13,35.9,,1.265,23,279,25.87,91.514,3.132,329.35,,,,,0
2026-10-05T16:00Z,2026-10-07T16:00Z,6101817,48,12.6,20.5,,,,h,20.5,,,,0,0,164.126,4.06,0,35.9,,1.265,23,280,26.917,83.985,2.906,325.997,,,,,0
2026-10-05T16:00Z,2026-10-05T17:00Z,6115454,1,8.4,4.5,,,,h,4.5,,,,0,0,55.548,0.919,0,7.1,,-0.555,0,278,22.779,96.821,0.433,283.487,,,,,0
2026-10-05T16:00Z,2026-10-05T19:00Z,6115454,3,7.7,4.2,,,,h,4.2,,,,0,0,74.201,1.142,0.816,7.1,,-0.555,2,278,22.196,95.986,0.427,32.427,,,,,0
2026-10-05T16:00Z,2026-10-05T22:00Z,6115454,6,3.6,1.8,,,,h,1.8,,,,0,0,93.965,1.392,1.014,7.1,,-0.555,5,278,21.574,97.47,0.636,332.903,,,,,0
2026-10-05T16:00Z,2026-10-06T04:00Z,6115454,12,7,4.2,,,,h,4.2,,,,0,0,678.981,1.037,0.295,7.1,,-0.555,11,279,26.123,79.29,0.91,308.502,,,,,0
2026-10-05T16:00Z,2026-10-06T16:00Z,6115454,24,17,11.9,,,,h,11.9,,,,0,0,22.084,0.349,0.325,7.1,,-0.555,23,279,22.736,95.618,0.117,253.583,,,,,0
2026-10-05T16:00Z,2026-10-07T16:00Z,6115454,48,20.1,16.3,,,,h,16.3,,,,0,0,30.357,1.062,0,7.1,,-0.555,23,280,22.771,98.503,0.273,159.07,,,,,0
2026-10-05T16:00Z,2026-10-05T17:00Z,6118093,1,2.6,1.3,,,,h,1.3,,,,0,0,392.201,5.087,0.037,0.2,,-0.461,0,278,23.475,98.001,2.572,60.634,,,,,0
2026-10-05T16:00Z,2026-10-05T19:00Z,6118093,3,3.1,1.7,,,,h,1.7,,,,0,0,268.956,4.611,0.037,0.2,,-0.461,2,278,22.251,90.943,2.132,59.995,,,,,0
2026-10-05T16:00Z,2026-10-05T22:00Z,6118093,6,4.9,3,,,,h,3,,,,0,0,211.97,4.255,0,0.2,,-0.461,5,278,21.402,90.341,1.717,48.028,,,,,0
2026-10-05T16:00Z,2026-10-06T04:00Z,6118093,12,7.6,5.1,,,,h,5.1,,,,0,0,751.06,2.912,0,0.2,,-0.461,11,279,27.094,63.709,2.237,51.885,,,,,0
2026-10-05T16:00Z,2026-10-06T16:00Z,6118093,24,9.5,7,,,,h,7,,,,0,0,245.212,4.178,0,0.2,,-0.461,23,279,22.37,90.759,1.735,78.591,,,,,0
2026-10-05T16:00Z,2026-10-07T16:00Z,6118093,48,14.4,12,,,,h,12,,,,0,0,134.318,3.812,0,0.2,,-0.461,23,280,23.292,83.518,1.557,97.369,,,,,0
2026-10-05T16:00Z,2026-10-05T17:00Z,6123215,1,17.3,4,,,,h,4,,,,0,0,636.163,7.592,0,10.4,,-1.362,0,278,22.208,63.365,3.937,12.942,,,,,0
2026-10-05T16:00Z,2026-10-05T19:00Z,6123215,3,12.7,2.9,,,,h,2.9,,,,0,0,579.276,7.179,0,10.4,,-1.362,2,278,21.498,64.459,3.534,4.31,,,,,0
2026-10-05T16:00Z,2026-10-05T22:00Z,6123215,6,13,3.3,,,,h,3.3,,,,0,0,467.224,6.709,0,10.4,,-1.362,5,278,20.681,66.485,3.105,358.947,,,,,0
2026-10-05T16:00Z,2026-10-06T04:00Z,6123215,12,14.1,4.3,,,,h,4.3,,,,0,0,1113.629,6.674,0,10.4,,-1.362,11,279,26.092,44.3,4.99,1.953,,,,,0
2026-10-05T16:00Z,2026-10-06T16:00Z,6123215,24,65,28.4,,,,h,28.4,,,,0,0,67.778,4.176,0,10.4,,-1.362,23,279,20.552,65.96,1.515,23.764,,,,,0
2026-10-05T16:00Z,2026-10-07T16:00Z,6123215,48,204.9,125,,,,h,125,,,,0,0,20.619,1.244,0,10.4,,-1.362,23,280,21.685,78.464,0.23,156.057,,,,,0
2026-10-05T16:00Z,2026-10-05T17:00Z,6125288,1,3.4,0.3,,,,h,0.3,,,,0,0,121.641,1.58,0.124,0.2,,-1.31,0,278,22.101,98.078,0.592,22.896,,,,,0
2026-10-05T16:00Z,2026-10-05T19:00Z,6125288,3,2.9,0.2,,,,h,0.2,,,,0,0,133.918,2.363,0.295,0.2,,-1.31,2,278,22.044,96.989,0.904,27.855,,,,,0
2026-10-05T16:00Z,2026-10-05T22:00Z,6125288,6,2.9,0.3,,,,h,0.3,,,,0,0,226.544,3.399,0.031,0.2,,-1.31,5,278,21.444,94.857,1.654,35.235,,,,,0
2026-10-05T16:00Z,2026-10-06T04:00Z,6125288,12,6.5,1.8,,,,h,1.8,,,,0,0,872.847,2.872,0,0.2,,-1.31,11,279,24.298,73.465,2.102,31.818,,,,,0
2026-10-05T16:00Z,2026-10-06T16:00Z,6125288,24,7.8,3,,,,h,3,,,,0,0,25.16,1.409,0,0.2,,-1.31,23,279,21.483,88.343,0.421,23.322,,,,,0
2026-10-05T16:00Z,2026-10-07T16:00Z,6125288,48,8.6,5,,,,h,5,,,,0,0,21.554,0.314,0,0.2,,-1.31,23,280,21.583,83.892,0.081,11.819,,,,,0
2026-10-05T16:00Z,2026-10-05T17:00Z,6130741,1,14.3,20.5,,,,h,20.5,,,,0,0.002,203.351,2.295,1.364,22.3,,0.353,0,278,25.047,95.874,0.942,67.368,,,,,0
2026-10-05T16:00Z,2026-10-05T19:00Z,6130741,3,12.2,17.3,,,,h,17.3,,,,0,0.002,127.02,1.604,1.251,22.3,,0.353,2,278,24.762,95.491,0.97,34.285,,,,,0
2026-10-05T16:00Z,2026-10-05T22:00Z,6130741,6,10.9,15.1,,,,h,15.1,,,,0,0.002,108.115,1.477,0.026,22.3,,0.353,5,278,24.535,96.542,0.782,1.814,,,,,0
2026-10-05T16:00Z,2026-10-06T04:00Z,6130741,12,12.6,16.8,,,,h,16.8,,,,0,0.002,904.198,2.748,0.097,22.3,,0.353,11,279,29.309,76.057,2.198,61.463,,,,,0
2026-10-05T16:00Z,2026-10-06T16:00Z,6130741,24,16.1,20.1,,,,h,20.1,,,,0,0.001,134.688,2.809,0.974,22.3,,0.353,23,279,24.688,97.542,1.683,321.448,,,,,0
2026-10-05T16:00Z,2026-10-07T16:00Z,6130741,48,22.6,25.8,,,,h,25.8,,,,0,0,80.353,1.963,0,22.3,,0.353,23,280,25.921,86.953,0.689,18.099,,,,,0
2026-10-05T16:00Z,2026-10-05T17:00Z,6149445,1,22.9,30.9,,,,h,30.9,,,,0,0.001,179.118,3.449,1.983,38.8,,0.3,0,278,24.407,97.074,1.807,1.34,,,,,0
2026-10-05T16:00Z,2026-10-05T19:00Z,6149445,3,22.9,30.5,,,,h,30.5,,,,0,0.005,186.854,2.655,2.511,38.8,,0.3,2,278,23.9,95.302,1.599,3.833,,,,,0
2026-10-05T16:00Z,2026-10-05T22:00Z,6149445,6,13.5,17.8,,,,h,17.8,,,,0,0.004,143.673,1.899,0.053,38.8,,0.3,5,278,23.666,96.745,1.035,343.256,,,,,0
2026-10-05T16:00Z,2026-10-06T04:00Z,6149445,12,10.5,13.5,,,,h,13.5,,,,0,0.003,697.999,3.055,0.188,38.8,,0.3,11,279,27.915,79.96,2.466,46.027,,,,,0
2026-10-05T16:00Z,2026-10-06T16:00Z,6149445,24,28.1,33.8,,,,h,33.8,,,,0,0,167.553,3.467,0.19,38.8,,0.3,23,279,23.879,97.639,1.961,322.681,,,,,0
2026-10-05T16:00Z,2026-10-07T16:00Z,6149445,48,21.7,24.3,,,,h,24.3,,,,0,0,119.517,3.945,0,38.8,,0.3,23,280,24.947,89.826,1.912,335.377,,,,,0
2026-10-05T16:00Z,2026-10-05T17:00Z,6151749,1,4.3,21.4,,,,h,21.4,,,,0,0,120.886,3.604,0.068,42.3,,1.501,0,278,23.184,98.899,2.366,288.587,,,,,0
2026-10-05T16:00Z,2026-10-05T19:00Z,6151749,3,3.4,16.5,,,,h,16.5,,,,0,0,66.545,2.148,0.001,42.3,,1.501,2,278,22.766,98.848,1.002,302.002,,,,,0
2026-10-05T16:00Z,2026-10-05T22:00Z,6151749,6,2.8,12.9,,,,h,12.9,,,,0,0,80.25,1.809,0.011,42.3,,1.501,5,278,22.791,98.695,1.203,247.87,,,,,0
2026-10-05T16:00Z,2026-10-06T04:00Z,6151749,12,3,11.6,,,,h,11.6,,,,0,0,895.162,0.602,0,42.3,,1.501,11,279,28.3,74.092,0.296,315.753,,,,,0
2026-10-05T16:00Z,2026-10-06T16:00Z,6151749,24,6.8,18,,,,h,18,,,,0,0,34.509,0.901,0,42.3,,1.501,23,279,23.831,98.105,0.538,332.704,,,,,0
2026-10-05T16:00Z,2026-10-07T16:00Z,6151749,48,8.3,15,,,,h,15,,,,0,0,30,1.918,0,42.3,,1.501,23,280,23.963,85.624,1.151,235.838,,,,,0
2026-10-05T16:00Z,2026-10-05T17:00Z,6154187,1,20.6,32.9,,,,h,32.9,,,,0,0.007,181.06,2.148,1.793,24.3,,0.47,0,278,24.776,96.27,0.796,70.946,,,,,0
2026-10-05T16:00Z,2026-10-05T19:00Z,6154187,3,15.6,24.6,,,,h,24.6,,,,0,0.002,102.728,1.345,1.571,24.3,,0.47,2,278,24.556,95.632,0.859,38.666,,,,,0
2026-10-05T16:00Z,2026-10-05T22:00Z,6154187,6,15.1,23.2,,,,h,23.2,,,,0,0.002,105.084,1.157,0.033,24.3,,0.47,5,278,24.469,96.634,0.63,9.539,,,,,0
2026-10-05T16:00Z,2026-10-06T04:00Z,6154187,12,9,13.3,,,,h,13.3,,,,0,0.004,967.235,2.317,0.073,24.3,,0.47,11,279,29.511,74.922,1.852,74.743,,,,,0
2026-10-05T16:00Z,2026-10-06T16:00Z,6154187,24,25.3,33.8,,,,h,33.8,,,,0,0.001,142.979,3.032,1.424,24.3,,0.47,23,279,24.53,97.634,1.979,311.126,,,,,0
2026-10-05T16:00Z,2026-10-07T16:00Z,6154187,48,21.8,26,,,,h,26,,,,0,0,70.347,1.434,0,24.3,,0.47,23,280,25.989,87.826,0.502,24.175,,,,,0
2026-10-05T16:00Z,2026-10-05T17:00Z,6157903,1,2.2,3.3,,,,h,3.3,,,,0,0,278.735,2.948,0.044,1.2,,0.316,0,278,18.92,89.071,1.438,78.658,,,,,0
2026-10-05T16:00Z,2026-10-05T19:00Z,6157903,3,3.1,4.5,,,,h,4.5,,,,0,0,283.304,3.771,0,1.2,,0.316,2,278,18.425,89.423,1.787,71.399,,,,,0
2026-10-05T16:00Z,2026-10-05T22:00Z,6157903,6,4.6,6.4,,,,h,6.4,,,,0,0,274.961,3.571,0,1.2,,0.316,5,278,17.693,89.962,1.748,70.485,,,,,0
2026-10-05T16:00Z,2026-10-06T04:00Z,6157903,12,4.7,6.3,,,,h,6.3,,,,0,0,990.917,1.372,0.011,1.2,,0.316,11,279,23.952,60.433,0.932,39.073,,,,,0
2026-10-05T16:00Z,2026-10-06T16:00Z,6157903,24,5.4,6.7,,,,h,6.7,,,,0,0,47.119,2.354,0,1.2,,0.316,23,279,18.073,83.774,1.484,70.678,,,,,0
2026-10-05T16:00Z,2026-10-07T16:00Z,6157903,48,6.1,7,,,,h,7,,,,0,0,20.9,0.97,0,1.2,,0.316,23,280,18.148,81.714,0.789,84.194,,,,,0
2026-10-05T16:00Z,2026-10-05T17:00Z,6160493,1,2.7,2.7,,,,h,2.7,,,,0,0,373.031,6.112,0,0.3,,-0.009,0,278,23.626,88.147,3.242,62.753,,,,,0
2026-10-05T16:00Z,2026-10-05T19:00Z,6160493,3,3.2,3.2,,,,h,3.2,,,,0,0,333.185,5.055,0,0.3,,-0.009,2,278,22.868,88.858,2.602,55.295,,,,,0
2026-10-05T16:00Z,2026-10-05T22:00Z,6160493,6,4.6,4.6,,,,h,4.6,,,,0,0,298.947,4.674,0,0.3,,-0.009,5,278,22.229,89.388,2.384,52.527,,,,,0
2026-10-05T16:00Z,2026-10-06T04:00Z,6160493,12,8.1,8,,,,h,8,,,,0,0,846.874,4.658,0,0.3,,-0.009,11,279,26.892,70.236,3.493,54.562,,,,,0
2026-10-05T16:00Z,2026-10-06T16:00Z,6160493,24,12.1,12,,,,h,12,,,,0,0,383.262,5.989,0,0.3,,-0.009,23,279,22.671,75.239,3.285,62.413,,,,,0
2026-10-05T16:00Z,2026-10-07T16:00Z,6160493,48,18.9,18.8,,,,h,18.8,,,,0,0,334.442,5.572,0,0.3,,-0.009,23,280,23.344,74.136,2.746,59.746,,,,,0
2026-10-05T16:00Z,2026-10-05T17:00Z,6160761,1,8.4,2.2,,,,h,2.2,,,,0,0,20.09,0.237,0,6.6,,-1.125,0,278,23.315,96.433,0.105,287.003,,,,,0
2026-10-05T16:00Z,2026-10-05T19:00Z,6160761,3,7.7,2.1,,,,h,2.1,,,,0,0,39.648,0.562,0.772,6.6,,-1.125,2,278,22.732,95.612,0.234,53.7,,,,,0
2026-10-05T16:00Z,2026-10-05T22:00Z,6160761,6,3.6,0.7,,,,h,0.7,,,,0,0,75.695,1.33,1.022,6.6,,-1.125,5,278,21.69,98.039,0.531,26.354,,,,,0
2026-10-05T16:00Z,2026-10-06T04:00Z,6160761,12,7,2.4,,,,h,2.4,,,,0,0,515.511,0.231,0.365,6.6,,-1.125,11,279,25.811,80.423,0.271,216.832,,,,,0
2026-10-05T16:00Z,2026-10-06T16:00Z,6160761,24,17,8.2,,,,h,8.2,,,,0,0,27.021,0.899,0.113,6.6,,-1.125,23,279,22.756,97.818,0.344,192.548,,,,,0
2026-10-05T16:00Z,2026-10-07T16:00Z,6160761,48,20.1,13.1,,,,h,13.1,,,,0,0,48.749,1.305,0,6.6,,-1.125,23,280,23.227,95.838,0.348,209.683,,,,,0
2026-10-05T16:00Z,2026-10-05T17:00Z,6166036,1,6.9,4.9,,,,h,4.9,,,,0,0.018,128.971,2.726,0,2.9,,-0.297,0,278,22.066,94.74,1.248,38.758,,,,,0
2026-10-05T16:00Z,2026-10-05T19:00Z,6166036,3,7.4,5.4,,,,h,5.4,,,,0,0.017,203.467,3.073,0,2.9,,-0.297,2,278,21.515,96.246,1.348,31.358,,,,,0
2026-10-05T16:00Z,2026-10-05T22:00Z,6166036,6,5.6,4.1,,,,h,4.1,,,,0,0.016,208.891,3.024,0,2.9,,-0.297,5,278,21.513,94.525,1.383,30.924,,,,,0
2026-10-05T16:00Z,2026-10-06T04:00Z,6166036,12,2.2,1.6,,,,h,1.6,,,,0,0.014,1060.329,4.519,0.047,2.9,,-0.297,11,279,27.372,69.425,3.08,26.193,,,,,0
2026-10-05T16:00Z,2026-10-06T16:00Z,6166036,24,3.1,2.4,,,,h,2.4,,,,0,0.001,310.044,3.984,0,2.9,,-0.297,23,279,21.682,90.469,2.098,27.724,,,,,0
2026-10-05T16:00Z,2026-10-07T16:00Z,6166036,48,9.7,8.6,,,,h,8.6,,,,0,0,350.187,3.865,0.078,2.9,,-0.297,23,280,22.058,91.313,1.967,30.771,,,,,0
2026-10-05T16:00Z,2026-10-05T17:00Z,6182459,1,4,6.8,,,,h,6.8,,,,0,0,54.212,2.74,0.042,6.3,,0.469,0,278,19.048,96.317,1.029,55.277,,,,,0
2026-10-05T16:00Z,2026-10-05T19:00Z,6182459,3,4.2,7,,,,h,7,,,,0,0,98.559,2.731,1.378,6.3,,0.469,2,278,19.2,97.012,1.037,51.526,,,,,0
2026-10-05T16:00Z,2026-10-05T22:00Z,6182459,6,3.9,6.3,,,,h,6.3,,,,0,0,92.122,1.852,0.904,6.3,,0.469,5,278,18.791,96.652,0.812,36.034,,,,,0
2026-10-05T16:00Z,2026-10-06T04:00Z,6182459,12,6.4,9.6,,,,h,9.6,,,,0,0,1158.054,2.956,0,6.3,,0.469,11,279,23.476,64.459,2.094,88.57,,,,,0
2026-10-05T16:00Z,2026-10-06T16:00Z,6182459,24,11.4,15.4,,,,h,15.4,,,,0,0,37.458,1.451,0,6.3,,0.469,23,279,18.244,86.033,0.71,46.386,,,,,0
2026-10-05T16:00Z,2026-10-07T16:00Z,6182459,48,12.3,14.7,,,,h,14.7,,,,0,0,23.451,0.773,0,6.3,,0.469,23,280,18.795,77.445,0.391,331.257,,,,,0
2026-10-05T16:00Z,2026-10-05T17:00Z,6188057,1,3.4,11.2,,,,h,11.2,,,,0,0.001,272.057,1.401,0.638,29.7,,1.062,0,278,26.393,89.287,1.43,229.346,,,,,0
2026-10-05T16:00Z,2026-10-05T19:00Z,6188057,3,2.9,9.4,,,,h,9.4,,,,0,0,215.075,0.311,1.294,29.7,,1.062,2,278,25.53,91.114,0.784,86.872,,,,,0
2026-10-05T16:00Z,2026-10-05T22:00Z,6188057,6,2.4,7.5,,,,h,7.5,,,,0,0,243.682,2.2,1.075,29.7,,1.062,5,278,25.03,92.941,2.145,17.531,,,,,0
2026-10-05T16:00Z,2026-10-06T04:00Z,6188057,12,2.1,6,,,,h,6,,,,0,0.001,541.713,1.645,0.054,29.7,,1.062,11,279,27.682,80.776,1.361,20.144,,,,,0
2026-10-05T16:00Z,2026-10-06T16:00Z,6188057,24,4.7,9.7,,,,h,9.7,,,,0,0,305.489,1.023,0.777,29.7,,1.062,23,279,25.957,87.061,0.727,359.199,,,,,0
2026-10-05T16:00Z,2026-10-07T16:00Z,6188057,48,6,9.3,,,,h,9.3,,,,0,0,202.244,1.841,0.174,29.7,,1.062,23,280,25.842,89.053,2.362,274.145,,,,,0
2026-10-05T16:00Z,2026-10-05T17:00Z,6195103,1,40.4,31,,,,h,31,,,,0,0.009,192.47,2.137,1.748,28.1,,-0.268,0,278,24.878,96.157,0.846,57.589,,,,,0
2026-10-05T16:00Z,2026-10-05T19:00Z,6195103,3,32.8,25.4,,,,h,25.4,,,,0,0.003,123.228,1.541,1.685,28.1,,-0.268,2,278,24.593,95.49,1.007,27.532,,,,,0
2026-10-05T16:00Z,2026-10-05T22:00Z,6195103,6,23.8,18.7,,,,h,18.7,,,,0,0.002,112.798,1.368,0.036,28.1,,-0.268,5,278,24.46,96.543,0.728,1.158,,,,,0
2026-10-05T16:00Z,2026-10-06T04:00Z,6195103,12,13.2,10.6,,,,h,10.6,,,,0,0.003,913.754,2.533,0.097,28.1,,-0.268,11,279,29.314,75.824,2.036,65.759,,,,,0
2026-10-05T16:00Z,2026-10-06T16:00Z,6195103,24,48.5,41.2,,,,h,41.2,,,,0,0.001,145.514,3.01,1.098,28.1,,-0.268,23,279,24.598,97.543,1.877,317.12,,,,,0
2026-10-05T16:00Z,2026-10-07T16:00Z,6195103,48,32.4,29.3,,,,h,29.3,,,,0,0,83.067,1.926,0,28.1,,-0.268,23,280,25.949,87.477,0.746,11.797,,,,,0
2026-10-05T16:00Z,2026-10-05T17:00Z,6202299,1,20.6,35.7,,,,h,35.7,,,,0,0.006,182.742,2.116,1.732,27.3,,0.552,0,278,24.827,95.986,0.801,67.505,,,,,0
2026-10-05T16:00Z,2026-10-05T19:00Z,6202299,3,15.6,26.6,,,,h,26.6,,,,0,0.001,113.858,1.451,1.544,27.3,,0.552,2,278,24.591,95.18,0.903,33.398,,,,,0
2026-10-05T16:00Z,2026-10-05T22:00Z,6202299,6,15.1,24.9,,,,h,24.9,,,,0,0.004,146.033,1.47,0.033,27.3,,0.552,5,278,24.512,96.156,0.763,24.342,,,,,0
2026-10-05T16:00Z,2026-10-06T04:00Z,6202299,12,9,14.2,,,,h,14.2,,,,0,0.005,962.466,2.578,0.071,27.3,,0.552,11,279,29.36,74.92,2.069,72.807,,,,,0
2026-10-05T16:00Z,2026-10-06T16:00Z,6202299,24,25.3,35.5,,,,h,35.5,,,,0,0.001,150.442,2.777,1.324,27.3,,0.552,23,279,24.633,96.824,1.866,314.801,,,,,0
2026-10-05T16:00Z,2026-10-07T16:00Z,6202299,48,21.8,26.8,,,,h,26.8,,,,0,0,85.718,1.776,0,27.3,,0.552,23,280,25.91,88.105,0.711,18.911,,,,,0
2026-10-05T16:00Z,2026-10-05T17:00Z,6204360,1,20.6,20.7,,,,h,20.7,,,,0,0.003,180.32,2.42,1.542,7.9,,0.003,0,278,24.826,96.161,0.939,85.104,,,,,0
2026-10-05T16:00Z,2026-10-05T19:00Z,6204360,3,15.6,15.7,,,,h,15.7,,,,0,0.001,91.14,1.344,1.164,7.9,,0.003,2,278,24.654,95.722,0.719,53.34,,,,,0
2026-10-05T16:00Z,2026-10-05T22:00Z,6204360,6,15.1,15.1,,,,h,15.1,,,,0,0.001,96.396,1.103,0.025,7.9,,0.003,5,278,24.531,96.71,0.608,16.562,,,,,0
2026-10-05T16:00Z,2026-10-06T04:00Z,6204360,12,9,9,,,,h,9,,,,0,0.004,998.313,2.303,0.057,7.9,,0.003,11,279,29.645,74.492,1.829,77.328,,,,,0
2026-10-05T16:00Z,2026-10-06T16:00Z,6204360,24,25.3,25.4,,,,h,25.4,,,,0,0.001,133.787,2.932,1.577,7.9,,0.003,23,279,24.54,97.71,1.931,308.786,,,,,0
2026-10-05T16:00Z,2026-10-07T16:00Z,6204360,48,21.8,21.8,,,,h,21.8,,,,0,0,58.872,1.199,0,7.9,,0.003,23,280,25.992,87.757,0.31,43.907,,,,,0
2026-10-05T16:00Z,2026-10-05T17:00Z,6205698,1,40.4,27.2,,,,h,27.2,,,,0,0.028,187.847,2.223,2.26,24,,-0.402,0,278,24.727,96.434,1.014,31.971,,,,,0
2026-10-05T16:00Z,2026-10-05T19:00Z,6205698,3,32.8,22.4,,,,h,22.4,,,,0,0.007,135.322,1.719,2.417,24,,-0.402,2,278,24.382,95.384,1.212,10.65,,,,,0
2026-10-05T16:00Z,2026-10-05T22:00Z,6205698,6,23.8,16.5,,,,h,16.5,,,,0,0.003,125.829,1.42,0.051,24,,-0.402,5,278,24.345,96.447,0.74,354.773,,,,,0
2026-10-05T16:00Z,2026-10-06T04:00Z,6205698,12,13.2,9.5,,,,h,9.5,,,,0,0.004,880.743,2.466,0.117,24,,-0.402,11,279,29.153,76.212,2.001,65.504,,,,,0
2026-10-05T16:00Z,2026-10-06T16:00Z,6205698,24,48.5,38,,,,h,38,,,,0,0.001,162.294,3.247,0.973,24,,-0.402,23,279,24.541,97.447,2.037,317.751,,,,,0
2026-10-05T16:00Z,2026-10-07T16:00Z,6205698,48,32.4,27.9,,,,h,27.9,,,,0,0,98.737,2.448,0,24,,-0.402,23,280,25.963,87.813,1.072,0.026,,,,,0
2026-10-05T16:00Z,2026-10-05T17:00Z,6205700,1,29.9,23,,,,h,23,,,,0,0.003,207.166,2.273,1.519,26.1,,-0.264,0,278,25.062,95.982,0.967,47.004,,,,,0
2026-10-05T16:00Z,2026-10-05T19:00Z,6205700,3,27.6,21.4,,,,h,21.4,,,,0,0.002,147.693,1.851,1.572,26.1,,-0.264,2,278,24.719,95.295,1.166,22.008,,,,,0
2026-10-05T16:00Z,2026-10-05T22:00Z,6205700,6,19.2,15.1,,,,h,15.1,,,,0,0.002,119.783,1.655,0.033,26.1,,-0.264,5,278,24.486,96.495,0.877,354.026,,,,,0
2026-10-05T16:00Z,2026-10-06T04:00Z,6205700,12,18.9,15.3,,,,h,15.3,,,,0,0.002,852.622,2.896,0.121,26.1,,-0.264,11,279,29.093,77.062,2.329,55.673,,,,,0
2026-10-05T16:00Z,2026-10-06T16:00Z,6205700,24,27.5,23.4,,,,h,23.4,,,,0,0.001,145.442,3.064,0.743,26.1,,-0.264,23,279,24.676,97.495,1.773,322.235,,,,,0
2026-10-05T16:00Z,2026-10-07T16:00Z,6205700,48,28.9,26.2,,,,h,26.2,,,,0,0,93.469,2.405,0,26.1,,-0.264,23,280,25.868,87.141,0.98,1.667,,,,,0
2026-10-05T16:00Z,2026-10-05T17:00Z,6205764,1,14.3,14.8,,,,h,14.8,,,,0,0.002,195.921,2.426,1.338,9.6,,0.031,0,278,24.987,95.901,0.996,79.825,,,,,0
2026-10-05T16:00Z,2026-10-05T19:00Z,6205764,3,12.2,12.6,,,,h,12.6,,,,0,0.001,109.281,1.463,1.085,9.6,,0.031,2,278,24.756,95.63,0.822,45.351,,,,,0
2026-10-05T16:00Z,2026-10-05T22:00Z,6205764,6,10.9,11.2,,,,h,11.2,,,,0,0.001,100.19,1.315,0.023,9.6,,0.031,5,278,24.556,96.606,0.705,8.998,,,,,0
2026-10-05T16:00Z,2026-10-06T04:00Z,6205764,12,12.6,12.9,,,,h,12.9,,,,0,0.002,949.753,2.573,0.076,9.6,,0.031,11,279,29.485,75.247,2.049,67.683,,,,,0
2026-10-05T16:00Z,2026-10-06T16:00Z,6205764,24,16.1,16.4,,,,h,16.4,,,,0,0.001,129.873,2.725,1.226,9.6,,0.031,23,279,24.655,97.606,1.707,317.517,,,,,0
2026-10-05T16:00Z,2026-10-07T16:00Z,6205764,48,22.6,22.9,,,,h,22.9,,,,0,0,69.214,1.639,0,9.6,,0.031,23,280,25.96,87.085,0.503,32.706,,,,,0
2026-10-05T16:00Z,2026-10-05T17:00Z,6205924,1,14.3,19.6,,,,h,19.6,,,,0,0.001,206.329,2.432,1.191,19.6,,0.312,0,278,25.101,95.739,1.031,75.518,,,,,0
2026-10-05T16:00Z,2026-10-05T19:00Z,6205924,3,12.2,16.6,,,,h,16.6,,,,0,0.001,122.671,1.578,1.019,19.6,,0.312,2,278,24.83,95.549,0.91,40.382,,,,,0
2026-10-05T16:00Z,2026-10-05T22:00Z,6205924,6,10.9,14.6,,,,h,14.6,,,,0,0.001,103.267,1.474,0.021,19.6,,0.312,5,278,24.574,96.548,0.778,4.507,,,,,0
2026-10-05T16:00Z,2026-10-06T04:00Z,6205924,12,12.6,16.3,,,,h,16.3,,,,0,0.002,914.76,2.793,0.09,19.6,,0.312,11,279,29.366,75.848,2.225,61.8,,,,,0
2026-10-05T16:00Z,2026-10-06T16:00Z,6205924,24,16.1,19.6,,,,h,19.6,,,,0,0.001,127.836,2.662,0.988,19.6,,0.312,23,279,24.726,97.548,1.583,323.276,,,,,0
2026-10-05T16:00Z,2026-10-07T16:00Z,6205924,48,22.6,25.4,,,,h,25.4,,,,0,0,76.089,1.923,0,19.6,,0.312,23,280,25.929,86.693,0.625,26.309,,,,,0
2026-10-05T16:00Z,2026-10-05T17:00Z,6206920,1,2.1,3.3,,,,h,3.3,,,,0,0.002,207.876,3.261,0.318,15.8,,0.35,0,278,21.165,97.518,1.573,350.816,,,,,0
2026-10-05T16:00Z,2026-10-05T19:00Z,6206920,3,2.2,3.4,,,,h,3.4,,,,0,0.002,306.838,4.124,0.139,15.8,,0.35,2,278,20.738,98.208,2.161,348.69,,,,,0
2026-10-05T16:00Z,2026-10-05T22:00Z,6206920,6,2.3,3.5,,,,h,3.5,,,,0,0.003,245.621,2.708,1.313,15.8,,0.35,5,278,20.689,96.84,1.239,334.574,,,,,0
2026-10-05T16:00Z,2026-10-06T04:00Z,6206920,12,3.1,4.4,,,,h,4.4,,,,0,0.002,836.332,4.054,1.906,15.8,,0.35,11,279,24.916,77.472,2.676,356.12,,,,,0
2026-10-05T16:00Z,2026-10-06T16:00Z,6206920,24,3.7,4.8,,,,h,4.8,,,,0,0,245.424,3.81,0.428,15.8,,0.35,23,279,20.901,95.126,1.564,4.861,,,,,0
2026-10-05T16:00Z,2026-10-07T16:00Z,6206920,48,3.1,3.7,,,,h,3.7,,,,0,0,384.723,4.306,0.089,15.8,,0.35,23,280,21.236,94.534,1.878,9.308,,,,,0
2026-10-05T16:00Z,2026-10-05T17:00Z,6207256,1,3,0,,,,h,0,,,,0,0,46.099,0.555,0,0.2,,-1.443,0,278,22.842,96.163,0.242,340.961,,,,,0
2026-10-05T16:00Z,2026-10-05T19:00Z,6207256,3,2.2,0,,,,h,0,,,,0,0,64.76,1.352,0.267,0.2,,-1.443,2,278,22.256,96.751,0.668,43.01,,,,,0
2026-10-05T16:00Z,2026-10-05T22:00Z,6207256,6,3.7,0.4,,,,h,0.4,,,,0,0,51.765,0.602,1.409,0.2,,-1.443,5,278,21.486,98.423,0.221,30.485,,,,,0
2026-10-05T16:00Z,2026-10-06T04:00Z,6207256,12,5.3,1.1,,,,h,1.1,,,,0,0,553.71,0.46,0.849,0.2,,-1.443,11,279,24.717,88.123,0.317,199.981,,,,,0
2026-10-05T16:00Z,2026-10-06T16:00Z,6207256,24,5.9,1.9,,,,h,1.9,,,,0,0,34.746,0.996,0.33,0.2,,-1.443,23,279,22.602,93.221,0.468,272.502,,,,,0
2026-10-05T16:00Z,2026-10-07T16:00Z,6207256,48,10.2,5.7,,,,h,5.7,,,,0,0,36.928,1.3,0.063,0.2,,-1.443,23,280,23.312,93.575,0.319,239.119,,,,,0
2026-10-05T16:00Z,2026-10-05T17:00Z,6207952,1,3.4,16.2,,,,h,16.2,,,,0,0.001,276.517,1.386,0.656,32.3,,1.419,0,278,26.438,88.952,1.459,226.098,,,,,0
2026-10-05T16:00Z,2026-10-05T19:00Z,6207952,3,2.9,13.4,,,,h,13.4,,,,0,0,217.197,0.409,1.268,32.3,,1.419,2,278,25.585,90.841,0.859,81.746,,,,,0
2026-10-05T16:00Z,2026-10-05T22:00Z,6207952,6,2.4,10.6,,,,h,10.6,,,,0,0,248.86,2.29,1.08,32.3,,1.419,5,278,25.087,92.73,2.23,18.484,,,,,0
2026-10-05T16:00Z,2026-10-06T04:00Z,6207952,12,2.1,8.1,,,,h,8.1,,,,0,0.001,532.045,1.627,0.053,32.3,,1.419,11,279,27.656,80.839,1.359,18.412,,,,,0
2026-10-05T16:00Z,2026-10-06T16:00Z,6207952,24,4.7,12.2,,,,h,12.2,,,,0,0,310.181,0.927,0.801,32.3,,1.419,23,279,26.025,86.865,0.736,355.06,,,,,0
2026-10-05T16:00Z,2026-10-07T16:00Z,6207952,48,6,10.7,,,,h,10.7,,,,0,0,206.155,1.899,0.179,32.3,,1.419,23,280,25.859,89.174,2.433,270.375,,,,,0
2026-10-05T16:00Z,2026-10-05T17:00Z,6209697,1,5.5,18.3,,,,h,18.3,,,,0,0,247.827,2.619,2.053,22.9,,1.135,0,278,25.801,89.865,2.662,114.892,,,,,0
2026-10-05T16:00Z,2026-10-05T19:00Z,6209697,3,6,18.9,,,,h,18.9,,,,0,0,249.791,3.538,0.561,22.9,,1.135,2,278,25.202,92.154,2.95,151.724,,,,,0
2026-10-05T16:00Z,2026-10-05T22:00Z,6209697,6,3.8,11.8,,,,h,11.8,,,,0,0,255.504,2.676,0.465,22.9,,1.135,5,278,24.825,91.063,2.06,192.399,,,,,0
2026-10-05T16:00Z,2026-10-06T04:00Z,6209697,12,3.7,10.2,,,,h,10.2,,,,0,0,582.14,1.967,0.113,22.9,,1.135,11,279,28.435,75.481,1.578,218.644,,,,,0
2026-10-05T16:00Z,2026-10-06T16:00Z,6209697,24,4.8,10.4,,,,h,10.4,,,,0,0,247.768,1.964,0.248,22.9,,1.135,23,279,26.29,88.284,1.772,223.262,,,,,0
2026-10-05T16:00Z,2026-10-07T16:00Z,6209697,48,7.2,11.3,,,,h,11.3,,,,0,0,209.992,1.488,0.553,22.9,,1.135,23,280,26.016,86.981,0.955,260.771,,,,,0
2026-10-05T16:00Z,2026-10-05T17:00Z,6209698,1,20.6,22.8,,,,h,22.8,,,,0,0.008,186.717,2.141,1.753,14.2,,0.101,0,278,24.829,96.2,0.816,65.965,,,,,0
2026-10-05T16:00Z,2026-10-05T19:00Z,6209698,3,15.6,17.2,,,,h,17.2,,,,0,0.003,111.601,1.423,1.598,14.2,,0.101,2,278,24.58,95.575,0.918,33.934,,,,,0
2026-10-05T16:00Z,2026-10-05T22:00Z,6209698,6,15.1,16.6,,,,h,16.6,,,,0,0.002,108.038,1.251,0.034,14.2,,0.101,5,278,24.47,96.592,0.673,5.762,,,,,0
2026-10-05T16:00Z,2026-10-06T04:00Z,6209698,12,9,9.8,,,,h,9.8,,,,0,0.003,943.908,2.415,0.083,14.2,,0.101,11,279,29.427,75.306,1.936,70.471,,,,,0
2026-10-05T16:00Z,2026-10-06T16:00Z,6209698,24,25.3,26.9,,,,h,26.9,,,,0,0.001,143.285,2.994,1.275,14.2,,0.101,23,279,24.567,97.592,1.917,314.109,,,,,0
2026-10-05T16:00Z,2026-10-07T16:00Z,6209698,48,21.8,22.6,,,,h,22.6,,,,0,0,75.764,1.649,0,14.2,,0.101,23,280,25.973,87.627,0.603,18.895,,,,,0
2026-10-05T16:00Z,2026-10-05T17:00Z,6210633,1,9.5,13.5,,,,h,13.5,,,,0,0,191.152,3.515,0.584,13.1,,0.334,0,278,25.11,95.616,1.728,106.534,,,,,0
2026-10-05T16:00Z,2026-10-05T19:00Z,6210633,3,11.4,15.9,,,,h,15.9,,,,0,0,71.937,1.554,0,13.1,,0.334,2,278,24.972,96.186,0.492,81.977,,,,,0
2026-10-05T16:00Z,2026-10-05T22:00Z,6210633,6,12.5,17,,,,h,17,,,,0,0,71.994,1.201,0.004,13.1,,0.334,5,278,24.681,96.629,0.652,35.52,,,,,0
2026-10-05T16:00Z,2026-10-06T04:00Z,6210633,12,4.6,6.2,,,,h,6.2,,,,0,0.002,1034.762,2.531,0.041,13.1,,0.334,11,279,29.871,73.582,1.961,74.057,,,,,0
2026-10-05T16:00Z,2026-10-06T16:00Z,6210633,24,12.7,15.7,,,,h,15.7,,,,0,0,92.943,1.892,1.418,13.1,,0.334,23,279,24.789,97.728,1.231,322.367,,,,,0
2026-10-05T16:00Z,2026-10-07T16:00Z,6210633,48,14.1,16,,,,h,16,,,,0,0,41.384,2.147,0,13.1,,0.334,23,280,25.93,86.38,0.828,80.013,,,,,0
2026-10-05T16:00Z,2026-10-05T17:00Z,6210702,1,40.4,29.6,,,,h,29.6,,,,0,0.016,191.306,2.131,1.945,24.9,,-0.315,0,278,24.827,96.266,0.886,45.949,,,,,0
2026-10-05T16:00Z,2026-10-05T19:00Z,6210702,3,32.8,24.3,,,,h,24.3,,,,0,0.005,129.857,1.621,1.979,24.9,,-0.315,2,278,24.514,95.431,1.1,19.818,,,,,0
2026-10-05T16:00Z,2026-10-05T22:00Z,6210702,6,23.8,17.9,,,,h,17.9,,,,0,0.002,118.712,1.405,0.042,24.9,,-0.315,5,278,24.414,96.504,0.742,357.855,,,,,0
2026-10-05T16:00Z,2026-10-06T04:00Z,6210702,12,13.2,10.2,,,,h,10.2,,,,0,0.003,896.207,2.523,0.107,24.9,,-0.315,11,279,29.233,76.076,2.036,64.883,,,,,0
2026-10-05T16:00Z,2026-10-06T16:00Z,6210702,24,48.5,40,,,,h,40,,,,0,0.001,152.629,3.121,1.027,24.9,,-0.315,23,279,24.577,97.504,1.943,317.498,,,,,0
2026-10-05T16:00Z,2026-10-07T16:00Z,6210702,48,32.4,28.8,,,,h,28.8,,,,0,0,90.091,2.154,0,24.9,,-0.315,23,280,25.948,87.615,0.894,5.19,,,,,0
2026-10-05T16:00Z,2026-10-05T17:00Z,6218293,1,18.2,5.7,,,,h,5.7,,,,0,0.02,75.583,1.042,0.174,1,,-1.104,0,278,24.43,96.489,0.471,142.678,,,,,0
2026-10-05T16:00Z,2026-10-05T19:00Z,6218293,3,16,5.2,,,,h,5.2,,,,0,0.013,69.895,1.139,0.399,1,,-1.104,2,278,23.86,97.847,0.475,64.136,,,,,0
2026-10-05T16:00Z,2026-10-05T22:00Z,6218293,6,9.6,3.1,,,,h,3.1,,,,0,0.006,97.97,1.387,0.761,1,,-1.104,5,278,23.68,96.302,0.516,13.434,,,,,0
2026-10-05T16:00Z,2026-10-06T04:00Z,6218293,12,4.6,1.4,,,,h,1.4,,,,0,0.001,911.507,1.009,0.2,1,,-1.104,11,279,28.295,77.496,0.673,53.334,,,,,0
2026-10-05T16:00Z,2026-10-06T16:00Z,6218293,24,4.9,2.1,,,,h,2.1,,,,0,0,46.595,1.527,0.035,1,,-1.104,23,279,24.481,97.298,0.643,344.057,,,,,0
2026-10-05T16:00Z,2026-10-07T16:00Z,6218293,48,20.4,13.4,,,,h,13.4,,,,0,0,23.539,0.68,0,1,,-1.104,23,280,24.87,97.945,0.227,251.19,,,,,0
2026-10-05T16:00Z,2026-10-05T17:00Z,6218918,1,7.2,9.9,,,,h,9.9,,,,0,0,253.343,3.679,0.349,21.7,,0.295,0,278,23.435,88.702,1.792,60.157,,,,,0
2026-10-05T16:00Z,2026-10-05T19:00Z,6218918,3,6,8.2,,,,h,8.2,,,,0,0,258.865,3.999,0.245,21.7,,0.295,2,278,22.793,84.783,1.812,70.033,,,,,0
2026-10-05T16:00Z,2026-10-05T22:00Z,6218918,6,6.1,8.2,,,,h,8.2,,,,0,0,284.894,4.032,0.091,21.7,,0.295,5,278,22.299,83.956,1.934,70.092,,,,,0
2026-10-05T16:00Z,2026-10-06T04:00Z,6218918,12,6,7.8,,,,h,7.8,,,,0,0,860.003,1.934,0,21.7,,0.295,11,279,27.429,69.152,1.593,26.806,,,,,0
2026-10-05T16:00Z,2026-10-06T16:00Z,6218918,24,11.3,13.7,,,,h,13.7,,,,0,0,215.714,4.672,0,21.7,,0.295,23,279,23.676,78.175,2.415,65.985,,,,,0
2026-10-05T16:00Z,2026-10-07T16:00Z,6218918,48,10.7,12,,,,h,12,,,,0,0,140.97,3.534,0,21.7,,0.295,23,280,23.807,74.924,1.512,82.449,,,,,0
2026-10-05T16:00Z,2026-10-05T17:00Z,6222557,1,29.9,38.9,,,,h,38.9,,,,0,0.016,196.829,2.455,2.143,28.5,,0.268,0,278,24.839,96.356,1.171,24.528,,,,,0
2026-10-05T16:00Z,2026-10-05T19:00Z,6222557,3,27.6,35.6,,,,h,35.6,,,,0,0.007,153.131,1.981,2.39,28.5,,0.268,2,278,24.453,95.231,1.327,8.152,,,,,0
2026-10-05T16:00Z,2026-10-05T22:00Z,6222557,6,19.2,24.5,,,,h,24.5,,,,0,0.003,131.851,1.629,0.051,28.5,,0.268,5,278,24.354,96.419,0.852,349.878,,,,,0
2026-10-05T16:00Z,2026-10-06T04:00Z,6222557,12,18.9,23.4,,,,h,23.4,,,,0,0.003,836.641,2.691,0.135,28.5,,0.268,11,279,28.988,77.127,2.186,58.003,,,,,0
2026-10-05T16:00Z,2026-10-06T16:00Z,6222557,24,27.5,32.4,,,,h,32.4,,,,0,0.001,164.151,3.336,0.734,28.5,,0.268,23,279,24.581,97.419,2.001,320.265,,,,,0
2026-10-05T16:00Z,2026-10-07T16:00Z,6222557,48,28.9,31.9,,,,h,31.9,,,,0,0,106.573,2.84,0,28.5,,0.268,23,280,25.902,87.682,1.271,353.825,,,,,0
2026-10-05T16:00Z,2026-10-05T17:00Z,6223085,1,24.3,35.2,,,,h,35.2,,,,0,0.009,195.015,4.089,2.901,43.1,,0.374,0,278,24.614,96.884,2.249,354.399,,,,,0
2026-10-05T16:00Z,2026-10-05T19:00Z,6223085,3,22.4,32,,,,h,32,,,,0,0.009,198.043,2.941,3.68,43.1,,0.374,2,278,24.059,94.918,1.848,350.657,,,,,0
2026-10-05T16:00Z,2026-10-05T22:00Z,6223085,6,15.5,21.8,,,,h,21.8,,,,0,0.004,162.79,2.052,0.078,43.1,,0.374,5,278,24.046,96.273,1.05,338.315,,,,,0
2026-10-05T16:00Z,2026-10-06T04:00Z,6223085,12,8.7,11.9,,,,h,11.9,,,,0,0.004,706.909,2.914,0.199,43.1,,0.374,11,279,28.335,79.258,2.391,49.061,,,,,0
2026-10-05T16:00Z,2026-10-06T16:00Z,6223085,24,25,31.5,,,,h,31.5,,,,0,0,195.572,3.844,0.174,43.1,,0.374,23,279,24.401,97.25,2.226,323.727,,,,,0
2026-10-05T16:00Z,2026-10-07T16:00Z,6223085,48,15.6,18,,,,h,18,,,,0,0,144.522,4.576,0,43.1,,0.374,23,280,25.706,88.442,2.192,340.946,,,,,0
2026-10-05T16:00Z,2026-10-05T17:00Z,6224050,1,40.4,14.3,,,,h,14.3,,,,0,0.012,182.268,2.067,1.929,5.9,,-1.036,0,278,24.754,96.321,0.78,61.003,,,,,0
2026-10-05T16:00Z,2026-10-05T19:00Z,6224050,3,32.8,12,,,,h,12,,,,0,0.003,110.413,1.395,1.804,5.9,,-1.036,2,278,24.503,95.574,0.947,30.121,,,,,0
2026-10-05T16:00Z,2026-10-05T22:00Z,6224050,6,23.8,9.1,,,,h,9.1,,,,0,0.002,110.351,1.208,0.038,5.9,,-1.036,5,278,24.435,96.585,0.65,5.442,,,,,0
2026-10-05T16:00Z,2026-10-06T04:00Z,6224050,12,13.2,5.4,,,,h,5.4,,,,0,0.004,946.641,2.34,0.084,5.9,,-1.036,11,279,29.424,75.213,1.879,72.736,,,,,0
2026-10-05T16:00Z,2026-10-06T16:00Z,6224050,24,48.5,25.7,,,,h,25.7,,,,0,0.001,148.157,3.082,1.318,5.9,,-1.036,23,279,24.53,97.585,1.997,312.81,,,,,0
2026-10-05T16:00Z,2026-10-07T16:00Z,6224050,48,32.4,22,,,,h,22,,,,0,0,77.559,1.655,0,5.9,,-1.036,23,280,25.986,87.834,0.64,15.654,,,,,0
2026-10-05T16:00Z,2026-10-05T17:00Z,6226542,1,11,21.8,,,,h,21.8,,,,0,0,252.042,3.577,0.186,27.9,,0.67,0,278,25.574,94.455,1.93,98.118,,,,,0
2026-10-05T16:00Z,2026-10-05T19:00Z,6226542,3,8.5,16.6,,,,h,16.6,,,,0,0,125.286,1.593,0.059,27.9,,0.67,2,278,25.233,95.874,0.921,57.991,,,,,0
2026-10-05T16:00Z,2026-10-05T22:00Z,6226542,6,6,11.5,,,,h,11.5,,,,0,0,83.494,1.879,0.001,27.9,,0.67,5,278,24.77,96.211,0.94,12.728,,,,,0
2026-10-05T16:00Z,2026-10-06T04:00Z,6226542,12,8.3,14.5,,,,h,14.5,,,,0,0,891.471,3.635,0.092,27.9,,0.67,11,279,29.428,75.243,2.836,57.216,,,,,0
2026-10-05T16:00Z,2026-10-06T16:00Z,6226542,24,6,9.4,,,,h,9.4,,,,0,0,82.872,2.232,0.34,27.9,,0.67,23,279,25.206,97.211,0.977,17.835,,,,,0
2026-10-05T16:00Z,2026-10-07T16:00Z,6226542,48,12.3,15.9,,,,h,15.9,,,,0,0,80.629,3.69,0,27.9,,0.67,23,280,26.032,83.389,1.473,53.024,,,,,0
2026-10-05T16:00Z,2026-10-05T17:00Z,6226788,1,4,1.3,,,,h,1.3,,,,0,0,78.571,1.117,0.204,0.8,,-0.799,0,278,24.567,96.788,0.674,29.561,,,,,0
2026-10-05T16:00Z,2026-10-05T19:00Z,6226788,3,3.6,1.2,,,,h,1.2,,,,0,0,57.104,1.272,0.024,0.8,,-0.799,2,278,24.339,95.979,0.722,23.411,,,,,0
2026-10-05T16:00Z,2026-10-05T22:00Z,6226788,6,2.8,0.9,,,,h,0.9,,,,0,0,51.548,0.574,0,0.8,,-0.799,5,278,24.398,92.381,0.404,51.014,,,,,0
2026-10-05T16:00Z,2026-10-06T04:00Z,6226788,12,1.1,0.1,,,,h,0.1,,,,0,0,815.932,1.825,0.349,0.8,,-0.799,11,279,28.822,77.122,1.454,17.996,,,,,0
2026-10-05T16:00Z,2026-10-06T16:00Z,6226788,24,4.4,2.4,,,,h,2.4,,,,0,0,63.654,0.83,0.013,0.8,,-0.799,23,279,24.583,95.665,0.71,54.37,,,,,0
2026-10-05T16:00Z,2026-10-07T16:00Z,6226788,48,8.6,6.2,,,,h,6.2,,,,0,0,98.061,3.527,0,0.8,,-0.799,23,280,25.108,85.852,1.574,59.615,,,,,0
2026-10-05T16:00Z,2026-10-05T17:00Z,6229487,1,29.9,29,,,,h,29,,,,0,0.003,208.327,2.333,1.568,28.6,,-0.029,0,278,25.068,96.025,1.021,40.09,,,,,0
2026-10-05T16:00Z,2026-10-05T19:00Z,6229487,3,27.6,26.8,,,,h,26.8,,,,0,0.002,154.985,1.957,1.677,28.6,,-0.029,2,278,24.706,95.222,1.236,18.635,,,,,0
2026-10-05T16:00Z,2026-10-05T22:00Z,6229487,6,19.2,18.7,,,,h,18.7,,,,0,0.002,123.887,1.723,0.035,28.6,,-0.029,5,278,24.47,96.484,0.916,351.606,,,,,0
2026-10-05T16:00Z,2026-10-06T04:00Z,6229487,12,18.9,18.5,,,,h,18.5,,,,0,0.002,834.674,2.953,0.129,28.6,,-0.029,11,279,29.017,77.43,2.378,53.715,,,,,0
2026-10-05T16:00Z,2026-10-06T16:00Z,6229487,24,27.5,27,,,,h,27,,,,0,0.001,149.309,3.164,0.667,28.6,,-0.029,23,279,24.669,97.484,1.811,322.192,,,,,0
2026-10-05T16:00Z,2026-10-07T16:00Z,6229487,48,28.9,28.6,,,,h,28.6,,,,0,0,97.805,2.585,0,28.6,,-0.029,23,280,25.846,87.23,1.095,356.949,,,,,0
2026-10-05T16:00Z,2026-10-05T17:00Z,6229488,1,29.9,23.8,,,,h,23.8,,,,0,0.003,208.113,2.356,1.603,24,,-0.227,0,278,25.06,96.05,1.041,37.767,,,,,0
2026-10-05T16:00Z,2026-10-05T19:00Z,6229488,3,27.6,22.2,,,,h,22.2,,,,0,0.003,156.749,1.986,1.73,24,,-0.227,2,278,24.693,95.203,1.256,17.455,,,,,0
2026-10-05T16:00Z,2026-10-05T22:00Z,6229488,6,19.2,15.6,,,,h,15.6,,,,0,0.002,125.242,1.737,0.036,24,,-0.227,5,278,24.461,96.48,0.924,350.943,,,,,0
2026-10-05T16:00Z,2026-10-06T04:00Z,6229488,12,18.9,15.7,,,,h,15.7,,,,0,0.002,830.284,2.956,0.132,24,,-0.227,11,279,28.997,77.514,2.383,53.375,,,,,0
2026-10-05T16:00Z,2026-10-06T16:00Z,6229488,24,27.5,23.9,,,,h,23.9,,,,0,0,150.903,3.198,0.652,24,,-0.227,23,279,24.663,97.48,1.83,322.036,,,,,0
2026-10-05T16:00Z,2026-10-07T16:00Z,6229488,48,28.9,26.5,,,,h,26.5,,,,0,0,99.188,2.641,0,24,,-0.227,23,280,25.842,87.276,1.131,355.644,,,,,0
2026-10-05T16:00Z,2026-10-05T17:00Z,6230362,1,18.2,5.4,,,,h,5.4,,,,0,0.014,52.569,0.969,0.109,1,,-1.144,0,278,24.156,97.227,0.107,118.293,,,,,0
2026-10-05T16:00Z,2026-10-05T19:00Z,6230362,3,16,4.9,,,,h,4.9,,,,0,0.01,94.22,2.098,0.879,1,,-1.144,2,278,23.415,97.695,0.975,39.36,,,,,0
2026-10-05T16:00Z,2026-10-05T22:00Z,6230362,6,9.6,2.9,,,,h,2.9,,,,0,0.004,103.089,2.657,1.241,1,,-1.144,5,278,23.237,96.422,1.109,16.723,,,,,0
2026-10-05T16:00Z,2026-10-06T04:00Z,6230362,12,4.6,1.3,,,,h,1.3,,,,0,0.001,869.803,1.785,0.191,1,,-1.144,11,279,28.032,77.358,1.314,67.356,,,,,0
2026-10-05T16:00Z,2026-10-06T16:00Z,6230362,24,4.9,2,,,,h,2,,,,0,0,38.896,1.405,0.012,1,,-1.144,23,279,24.065,97.856,0.628,1.199,,,,,0
2026-10-05T16:00Z,2026-10-07T16:00Z,6230362,48,20.4,13.2,,,,h,13.2,,,,0,0,19.02,0.516,0,1,,-1.144,23,280,24.416,97.306,0.292,254.873,,,,,0
2026-10-05T16:00Z,2026-10-05T17:00Z,6230395,1,18.2,4.9,,,,h,4.9,,,,0,0.02,61.465,0.758,0.09,0.7,,-1.232,0,278,24.185,95.79,0.144,121.055,,,,,0
2026-10-05T16:00Z,2026-10-05T19:00Z,6230395,3,16,4.5,,,,h,4.5,,,,0,0.013,75.26,1.542,0.53,0.7,,-1.232,2,278,23.54,97.664,0.597,66.622,,,,,0
2026-10-05T16:00Z,2026-10-05T22:00Z,6230395,6,9.6,2.7,,,,h,2.7,,,,0,0.006,98.738,1.944,0.623,0.7,,-1.232,5,278,23.312,96.737,0.638,21.813,,,,,0
2026-10-05T16:00Z,2026-10-06T04:00Z,6230395,12,4.6,1.2,,,,h,1.2,,,,0,0.001,895.314,1.29,0.203,0.7,,-1.232,11,279,28.071,77.549,0.909,81.748,,,,,0
2026-10-05T16:00Z,2026-10-06T16:00Z,6230395,24,4.9,1.8,,,,h,1.8,,,,0,0,56.106,2.09,0.03,0.7,,-1.232,23,279,24.102,97.357,1.006,354.576,,,,,0
2026-10-05T16:00Z,2026-10-07T16:00Z,6230395,48,20.4,12.7,,,,h,12.7,,,,0,0,24.946,0.313,0,0.7,,-1.232,23,280,24.41,96.611,0.47,274.834,,,,,0
2026-10-05T16:00Z,2026-10-05T17:00Z,6235850,1,40.4,29.9,,,,h,29.9,,,,0,0.009,192.957,2.142,1.736,24.5,,-0.306,0,278,24.884,96.148,0.85,57.626,,,,,0
2026-10-05T16:00Z,2026-10-05T19:00Z,6235850,3,32.8,24.5,,,,h,24.5,,,,0,0.003,123.719,1.547,1.674,24.5,,-0.306,2,278,24.599,95.487,1.009,27.564,,,,,0
2026-10-05T16:00Z,2026-10-05T22:00Z,6235850,6,23.8,18,,,,h,18,,,,0,0.002,112.815,1.375,0.035,24.5,,-0.306,5,278,24.462,96.542,0.732,1.033,,,,,0
2026-10-05T16:00Z,2026-10-06T04:00Z,6235850,12,13.2,10.2,,,,h,10.2,,,,0,0.003,912.517,2.543,0.097,24.5,,-0.306,11,279,29.31,75.849,2.044,65.471,,,,,0
2026-10-05T16:00Z,2026-10-06T16:00Z,6235850,24,48.5,40.3,,,,h,40.3,,,,0,0.001,145.277,3.005,1.09,24.5,,-0.306,23,279,24.601,97.542,1.871,317.305,,,,,0
2026-10-05T16:00Z,2026-10-07T16:00Z,6235850,48,32.4,28.9,,,,h,28.9,,,,0,0,83.195,1.934,0,24.5,,-0.306,23,280,25.947,87.459,0.748,11.742,,,,,0
2026-10-05T16:00Z,2026-10-05T17:00Z,6236444,1,20.6,24.6,,,,h,24.6,,,,0,0.007,178.408,2.122,1.854,22.4,,0.178,0,278,24.742,96.324,0.774,70.593,,,,,0
2026-10-05T16:00Z,2026-10-05T19:00Z,6236444,3,15.6,18.6,,,,h,18.6,,,,0,0.002,100.461,1.319,1.626,22.4,,0.178,2,278,24.527,95.642,0.857,38.602,,,,,0
2026-10-05T16:00Z,2026-10-05T22:00Z,6236444,6,15.1,17.8,,,,h,17.8,,,,0,0.002,105.166,1.124,0.035,22.4,,0.178,5,278,24.459,96.643,0.614,10.347,,,,,0
2026-10-05T16:00Z,2026-10-06T04:00Z,6236444,12,9,10.5,,,,h,10.5,,,,0,0.004,973.156,2.275,0.071,22.4,,0.178,11,279,29.528,74.816,1.819,76.461,,,,,0
2026-10-05T16:00Z,2026-10-06T16:00Z,6236444,24,25.3,28.2,,,,h,28.2,,,,0,0.001,144.451,3.074,1.472,22.4,,0.178,23,279,24.51,97.643,2.02,310.043,,,,,0
2026-10-05T16:00Z,2026-10-07T16:00Z,6236444,48,21.8,23.3,,,,h,23.3,,,,0,0,69.65,1.382,0,22.4,,0.178,23,280,25.996,87.941,0.49,24.172,,,,,0
2026-10-05T16:00Z,2026-10-05T17:00Z,6238788,1,9.5,10.3,,,,h,10.3,,,,0,0,214.529,3.742,0.48,5.9,,0.073,0,278,25.262,95.113,1.895,105.59,,,,,0
2026-10-05T16:00Z,2026-10-05T19:00Z,6238788,3,11.4,12.3,,,,h,12.3,,,,0,0,86.404,1.597,0,5.9,,0.073,2,278,25.076,96.025,0.611,76.729,,,,,0
2026-10-05T16:00Z,2026-10-05T22:00Z,6238788,6,12.5,13.4,,,,h,13.4,,,,0,0,74.363,1.421,0.001,5.9,,0.073,5,278,24.739,96.525,0.758,25.623,,,,,0
2026-10-05T16:00Z,2026-10-06T04:00Z,6238788,12,4.6,4.9,,,,h,4.9,,,,0,0.001,998.99,2.875,0.048,5.9,,0.073,11,279,29.774,73.923,2.236,69.289,,,,,0
2026-10-05T16:00Z,2026-10-06T16:00Z,6238788,24,12.7,13.3,,,,h,13.3,,,,0,0,90.875,1.805,1.172,5.9,,0.073,23,279,24.914,97.543,1.066,340.499,,,,,0
2026-10-05T16:00Z,2026-10-07T16:00Z,6238788,48,14.1,14.5,,,,h,14.5,,,,0,0,52.237,2.651,0,5.9,,0.073,23,280,26.031,85.268,1.057,70.822,,,,,0
2026-10-05T16:00Z,2026-10-05T17:00Z,6240774,1,40.4,22.2,,,,h,22.2,,,,0,0.016,179.133,2.016,2.102,13.1,,-0.604,0,278,24.69,96.425,0.775,54.465,,,,,0
2026-10-05T16:00Z,2026-10-05T19:00Z,6240774,3,32.8,18.4,,,,h,18.4,,,,0,0.003,111.142,1.393,2.027,13.1,,-0.604,2,278,24.429,95.564,0.994,25.052,,,,,0
2026-10-05T16:00Z,2026-10-05T22:00Z,6240774,6,23.8,13.7,,,,h,13.7,,,,0,0.002,113.358,1.187,0.043,13.1,,-0.604,5,278,24.398,96.565,0.636,4.376,,,,,0
2026-10-05T16:00Z,2026-10-06T04:00Z,6240774,12,13.2,8,,,,h,8,,,,0,0.004,944.126,2.29,0.087,13.1,,-0.604,11,279,29.403,75.191,1.842,74.246,,,,,0
2026-10-05T16:00Z,2026-10-06T16:00Z,6240774,24,48.5,33.6,,,,h,33.6,,,,0,0.001,153.116,3.155,1.325,13.1,,-0.604,23,279,24.503,97.565,2.059,312.389,,,,,0
2026-10-05T16:00Z,2026-10-07T16:00Z,6240774,48,32.4,25.9,,,,h,25.9,,,,0,0,80.805,1.73,0,13.1,,-0.604,23,280,25.998,87.983,0.705,12.012,,,,,0
2026-10-05T16:00Z,2026-10-05T17:00Z,6242472,1,14.3,20.3,,,,h,20.3,,,,0,0.001,209.907,2.499,1.09,22.9,,0.343,0,278,25.149,95.648,1.084,77.532,,,,,0
2026-10-05T16:00Z,2026-10-05T19:00Z,6242472,3,12.2,17.1,,,,h,17.1,,,,0,0.001,123.98,1.598,0.913,22.9,,0.343,2,278,24.874,95.554,0.909,41.75,,,,,0
2026-10-05T16:00Z,2026-10-05T22:00Z,6242472,6,10.9,15,,,,h,15,,,,0,0.001,102.041,1.511,0.019,22.9,,0.343,5,278,24.593,96.537,0.793,4.681,,,,,0
2026-10-05T16:00Z,2026-10-06T04:00Z,6242472,12,12.6,16.7,,,,h,16.7,,,,0,0.001,910.974,2.864,0.091,22.9,,0.343,11,279,29.362,75.899,2.278,60.742,,,,,0
2026-10-05T16:00Z,2026-10-06T16:00Z,6242472,24,16.1,20,,,,h,20,,,,0,0.001,124.638,2.593,0.939,22.9,,0.343,23,279,24.757,97.537,1.516,325.5,,,,,0
2026-10-05T16:00Z,2026-10-07T16:00Z,6242472,48,22.6,25.7,,,,h,25.7,,,,0,0,76.01,1.987,0,22.9,,0.343,23,280,25.925,86.496,0.637,28.382,,,,,0
2026-10-05T16:00Z,2026-10-05T17:00Z,6244503,1,2.1,0.8,,,,h,0.8,,,,0,0,100.498,2.447,0.163,0.6,,-0.563,0,278,21.913,97.232,1.118,49.114,,,,,0
2026-10-05T16:00Z,2026-10-05T19:00Z,6244503,3,2.1,0.8,,,,h,0.8,,,,0,0,123.115,2.05,0.609,0.6,,-0.563,2,278,21.374,97.027,1.151,25.402,,,,,0
2026-10-05T16:00Z,2026-10-05T22:00Z,6244503,6,2.2,1,,,,h,1,,,,0,0,250.225,3.356,0.595,0.6,,-0.563,5,278,21.369,97.329,1.486,48.762,,,,,0
2026-10-05T16:00Z,2026-10-06T04:00Z,6244503,12,5.3,3.1,,,,h,3.1,,,,0,0,550.726,3.578,0.377,0.6,,-0.563,11,279,23.129,83.464,2.6,50.235,,,,,0
2026-10-05T16:00Z,2026-10-06T16:00Z,6244503,24,12.5,8.7,,,,h,8.7,,,,0,0,36.911,2.253,0,0.6,,-0.563,23,279,22.066,89.665,0.974,29.611,,,,,0
2026-10-05T16:00Z,2026-10-07T16:00Z,6244503,48,11.7,9.4,,,,h,9.4,,,,0,0,30.401,1.535,0,0.6,,-0.563,23,280,22.185,85.752,0.822,59.896,,,,,0
2026-10-05T16:00Z,2026-10-05T17:00Z,6245573,1,29.9,30.2,,,,h,30.2,,,,0,0.006,202.297,2.27,1.735,27.4,,0.011,0,278,24.974,96.121,0.986,40.469,,,,,0
2026-10-05T16:00Z,2026-10-05T19:00Z,6245573,3,27.6,27.9,,,,h,27.9,,,,0,0.004,147.021,1.85,1.835,27.4,,0.011,2,278,24.624,95.291,1.197,17.927,,,,,0
2026-10-05T16:00Z,2026-10-05T22:00Z,6245573,6,19.2,19.4,,,,h,19.4,,,,0,0.002,122.915,1.616,0.039,27.4,,0.011,5,278,24.442,96.48,0.854,353.228,,,,,0
2026-10-05T16:00Z,2026-10-06T04:00Z,6245573,12,18.9,19.1,,,,h,19.1,,,,0,0.002,853.746,2.79,0.123,27.4,,0.011,11,279,29.082,76.972,2.251,57.225,,,,,0
2026-10-05T16:00Z,2026-10-06T16:00Z,6245573,24,27.5,27.7,,,,h,27.7,,,,0,0.001,151.442,3.152,0.779,27.4,,0.011,23,279,24.636,97.48,1.861,320.855,,,,,0
2026-10-05T16:00Z,2026-10-07T16:00Z,6245573,48,28.9,29,,,,h,29,,,,0,0,96.364,2.476,0,27.4,,0.011,23,280,25.884,87.364,1.046,359.27,,,,,0
2026-10-05T16:00Z,2026-10-05T17:00Z,6248478,1,20.6,13.6,,,,h,13.6,,,,0,0.005,188.079,2.237,1.61,6.8,,-0.41,0,278,24.87,96.117,0.863,73.07,,,,,0
2026-10-05T16:00Z,2026-10-05T19:00Z,6248478,3,15.6,10.4,,,,h,10.4,,,,0,0.002,107.788,1.41,1.394,6.8,,-0.41,2,278,24.638,95.612,0.859,39.913,,,,,0
2026-10-05T16:00Z,2026-10-05T22:00Z,6248478,6,15.1,10.3,,,,h,10.3,,,,0,0.001,104.156,1.242,0.03,6.8,,-0.41,5,278,24.502,96.615,0.671,8.133,,,,,0
2026-10-05T16:00Z,2026-10-06T04:00Z,6248478,12,9,6.3,,,,h,6.3,,,,0,0.003,954.023,2.435,0.077,6.8,,-0.41,11,279,29.477,75.166,1.946,70.7,,,,,0
2026-10-05T16:00Z,2026-10-06T16:00Z,6248478,24,25.3,19.6,,,,h,19.6,,,,0,0.001,138.304,2.914,1.311,6.8,,-0.41,23,279,24.585,97.615,1.865,314.036,,,,,0
2026-10-05T16:00Z,2026-10-07T16:00Z,6248478,48,21.8,18.7,,,,h,18.7,,,,0,0,71.332,1.552,0,6.8,,-0.41,23,280,25.972,87.511,0.52,25.514,,,,,0
2026-10-05T16:00Z,2026-10-05T17:00Z,6256182,1,4.6,13.3,,,,h,13.3,,,,0,0,79.486,2.358,0,24.8,,0.974,0,278,24.198,96.202,0.777,53.178,,,,,0
2026-10-05T16:00Z,2026-10-05T19:00Z,6256182,3,3.5,10,,,,h,10,,,,0,0,277.163,5.209,0.478,24.8,,0.974,2,278,23.207,97.081,2.978,58.012,,,,,0
2026-10-05T16:00Z,2026-10-05T22:00Z,6256182,6,2.9,8.1,,,,h,8.1,,,,0,0,216.364,4.179,0,24.8,,0.974,5,278,22.995,95.476,1.704,61.658,,,,,0
2026-10-05T16:00Z,2026-10-06T04:00Z,6256182,12,6.9,15.6,,,,h,15.6,,,,0,0.001,1152.182,4.979,0.05,24.8,,0.974,11,279,28.64,71.099,3.875,61.368,,,,,0
2026-10-05T16:00Z,2026-10-06T16:00Z,6256182,24,8.9,16.7,,,,h,16.7,,,,0,0,67.264,3.711,0,24.8,,0.974,23,279,24.418,83.945,1.328,53.802,,,,,0
2026-10-05T16:00Z,2026-10-07T16:00Z,6256182,48,13.1,19,,,,h,19,,,,0,0,33.727,2.755,0,24.8,,0.974,23,280,23.603,78.701,0.855,50.895,,,,,0
2026-10-05T16:00Z,2026-10-05T17:00Z,6262040,1,8.4,30.7,,,,h,30.7,,,,0,0,222.692,1.776,1.803,23.9,,1.268,0,278,25.05,91.539,1.698,118.707,,,,,0
2026-10-05T16:00Z,2026-10-05T19:00Z,6262040,3,8.5,29.5,,,,h,29.5,,,,0,0,184.033,2.434,0.499,23.9,,1.268,2,278,24.511,93.139,1.843,139.946,,,,,0
2026-10-05T16:00Z,2026-10-05T22:00Z,6262040,6,2.9,10.7,,,,h,10.7,,,,0,0,234.154,1.743,0.329,23.9,,1.268,5,278,24.206,92.324,1.266,198.032,,,,,0
2026-10-05T16:00Z,2026-10-06T04:00Z,6262040,12,3.9,11.9,,,,h,11.9,,,,0,0,618.816,2.625,0.152,23.9,,1.268,11,279,28.067,77.378,2.141,222.118,,,,,0
2026-10-05T16:00Z,2026-10-06T16:00Z,6262040,24,9.7,21.7,,,,h,21.7,,,,0,0,241.427,1.304,0.133,23.9,,1.268,23,279,25.926,87.335,1.062,228.556,,,,,0
2026-10-05T16:00Z,2026-10-07T16:00Z,6262040,48,4.8,8.2,,,,h,8.2,,,,0,0,178.436,0.972,0.716,23.9,,1.268,23,280,25.208,89.375,0.349,265.022,,,,,0
2026-10-05T16:00Z,2026-10-05T17:00Z,6262415,1,20.6,40,,,,h,40,,,,0,0.01,180.027,2.064,1.896,27,,0.667,0,278,24.755,96.224,0.769,63.922,,,,,0
2026-10-05T16:00Z,2026-10-05T19:00Z,6262415,3,15.6,29.7,,,,h,29.7,,,,0,0.002,109.436,1.39,1.736,27,,0.667,2,278,24.516,95.42,0.922,31.605,,,,,0
2026-10-05T16:00Z,2026-10-05T22:00Z,6262415,6,15.1,27.7,,,,h,27.7,,,,0,0.003,125.664,1.275,0.037,27,,0.667,5,278,24.46,96.408,0.673,15.469,,,,,0
2026-10-05T16:00Z,2026-10-06T04:00Z,6262415,12,9,15.6,,,,h,15.6,,,,0,0.005,959.509,2.403,0.076,27,,0.667,11,279,29.414,74.974,1.929,74.292,,,,,0
2026-10-05T16:00Z,2026-10-06T16:00Z,6262415,24,25.3,38.1,,,,h,38.1,,,,0,0.001,150.292,2.98,1.367,27,,0.667,23,279,24.557,97.264,1.974,312.619,,,,,0
2026-10-05T16:00Z,2026-10-07T16:00Z,6262415,48,21.8,28,,,,h,28,,,,0,0,80.313,1.658,0,27,,0.667,23,280,25.96,88.05,0.657,17.326,,,,,0
2026-10-05T16:00Z,2026-10-05T17:00Z,6265530,1,18.2,7.7,,,,h,7.7,,,,0,0.021,65.353,0.762,0.098,2.2,,-0.845,0,278,24.234,95.775,0.202,127.332,,,,,0
2026-10-05T16:00Z,2026-10-05T19:00Z,6265530,3,16,6.9,,,,h,6.9,,,,0,0.014,72.669,1.439,0.49,2.2,,-0.845,2,278,23.602,97.659,0.552,68.156,,,,,0
2026-10-05T16:00Z,2026-10-05T22:00Z,6265530,6,9.6,4.2,,,,h,4.2,,,,0,0.006,98.17,1.77,0.593,2.2,,-0.845,5,278,23.384,96.679,0.549,22.257,,,,,0
2026-10-05T16:00Z,2026-10-06T04:00Z,6265530,12,4.6,2,,,,h,2,,,,0,0.001,898.962,1.197,0.2,2.2,,-0.845,11,279,28.118,77.498,0.827,78.805,,,,,0
2026-10-05T16:00Z,2026-10-06T16:00Z,6265530,24,4.9,2.6,,,,h,2.6,,,,0,0,55.627,2.021,0.034,2.2,,-0.845,23,279,24.185,97.318,0.961,353.249,,,,,0
2026-10-05T16:00Z,2026-10-07T16:00Z,6265530,48,20.4,14.9,,,,h,14.9,,,,0,0,25.225,0.359,0,2.2,,-0.845,23,280,24.499,96.804,0.434,268.273,,,,,0
2026-10-05T16:00Z,2026-10-05T17:00Z,6266678,1,18.2,4.9,,,,h,4.9,,,,0,0.021,68.605,0.827,0.117,0.9,,-1.222,0,278,24.291,95.99,0.27,133.412,,,,,0
2026-10-05T16:00Z,2026-10-05T19:00Z,6266678,3,16,4.5,,,,h,4.5,,,,0,0.014,72.11,1.353,0.477,0.9,,-1.222,2,278,23.671,97.69,0.53,65.64,,,,,0
2026-10-05T16:00Z,2026-10-05T22:00Z,6266678,6,9.6,2.7,,,,h,2.7,,,,0,0.006,98.13,1.657,0.649,0.9,,-1.222,5,278,23.469,96.561,0.521,20.711,,,,,0
2026-10-05T16:00Z,2026-10-06T04:00Z,6266678,12,4.6,1.2,,,,h,1.2,,,,0,0.001,901.292,1.139,0.197,0.9,,-1.222,11,279,28.171,77.456,0.774,71.753,,,,,0
2026-10-05T16:00Z,2026-10-06T16:00Z,6266678,24,4.9,1.9,,,,h,1.9,,,,0,0,52.614,1.848,0.035,0.9,,-1.222,23,279,24.278,97.328,0.856,351.462,,,,,0
2026-10-05T16:00Z,2026-10-07T16:00Z,6266678,48,20.4,12.8,,,,h,12.8,,,,0,0,24.674,0.453,0,0.9,,-1.222,23,280,24.612,97.154,0.363,260.082,,,,,0
2026-10-05T16:00Z,2026-10-05T17:00Z,6267732,1,6.4,17,,,,h,17,,,,0,0,285.49,4.223,0.148,24.4,,0.928,0,278,23.633,86.682,2.075,65.908,,,,,0
2026-10-05T16:00Z,2026-10-05T19:00Z,6267732,3,5.2,13.6,,,,h,13.6,,,,0,0,287.497,4.513,0.092,24.4,,0.928,2,278,22.918,81.666,2.137,71.844,,,,,0
2026-10-05T16:00Z,2026-10-05T22:00Z,6267732,6,6,14.6,,,,h,14.6,,,,0,0,307.804,4.389,0.028,24.4,,0.928,5,278,22.399,81.756,2.101,71.13,,,,,0
2026-10-05T16:00Z,2026-10-06T04:00Z,6267732,12,6.2,13.6,,,,h,13.6,,,,0,0,872.352,1.945,0,24.4,,0.928,11,279,27.554,68.862,1.601,28.564,,,,,0
2026-10-05T16:00Z,2026-10-06T16:00Z,6267732,24,12.9,23.1,,,,h,23.1,,,,0,0,244.699,5.184,0,24.4,,0.928,23,279,23.746,76.114,2.774,68.271,,,,,0
2026-10-05T16:00Z,2026-10-07T16:00Z,6267732,48,13.9,19.8,,,,h,19.8,,,,0,0,168.802,4.122,0,24.4,,0.928,23,280,23.878,73.16,1.828,81.048,,,,,0
2026-10-05T16:00Z,2026-10-05T17:00Z,6284173,1,8.4,2.2,,,,h,2.2,,,,0,0,25.386,0.311,0,3.1,,-1.123,0,278,22.258,97.176,0.213,40.102,,,,,0
2026-10-05T16:00Z,2026-10-05T19:00Z,6284173,3,7.7,2.1,,,,h,2.1,,,,0,0,44.857,0.668,0.302,3.1,,-1.123,2,278,21.972,97.157,0.576,25.269,,,,,0
2026-10-05T16:00Z,2026-10-05T22:00Z,6284173,6,3.6,0.7,,,,h,0.7,,,,0,0,46.298,1.041,0.959,3.1,,-1.123,5,278,21.064,98.602,0.238,20.331,,,,,0
2026-10-05T16:00Z,2026-10-06T04:00Z,6284173,12,7,2.4,,,,h,2.4,,,,0,0,398.018,1.461,0.915,3.1,,-1.123,11,279,23.7,91.927,1.1,194.357,,,,,0
2026-10-05T16:00Z,2026-10-06T16:00Z,6284173,24,17,8.2,,,,h,8.2,,,,0,0,26.72,0.984,0.304,3.1,,-1.123,23,279,21.735,97.788,0.6,244.397,,,,,0
2026-10-05T16:00Z,2026-10-07T16:00Z,6284173,48,20.1,13.1,,,,h,13.1,,,,0,0,31.881,1.19,0.017,3.1,,-1.123,23,280,22.319,95.194,0.409,233.847,,,,,0
2026-10-05T16:00Z,2026-10-05T17:00Z,6285048,1,2.9,0.8,,,,h,0.8,,,,0,0.001,36.011,1.533,0.083,4.2,,-0.83,0,278,21.089,99.783,0.822,90.662,,,,,0
2026-10-05T16:00Z,2026-10-05T19:00Z,6285048,3,2.5,0.6,,,,h,0.6,,,,0,0,66.738,2.154,0.473,4.2,,-0.83,2,278,20.862,99.623,1.014,53.678,,,,,0
2026-10-05T16:00Z,2026-10-05T22:00Z,6285048,6,4.4,1.6,,,,h,1.6,,,,0,0,100.07,1.557,0.386,4.2,,-0.83,5,278,20.522,98.642,0.55,58.143,,,,,0
2026-10-05T16:00Z,2026-10-06T04:00Z,6285048,12,5,2.2,,,,h,2.2,,,,0,0,781.871,2.326,0.22,4.2,,-0.83,11,279,24.628,79.798,1.713,102.765,,,,,0
2026-10-05T16:00Z,2026-10-06T16:00Z,6285048,24,4.4,2.3,,,,h,2.3,,,,0,0,33.234,0.653,0,4.2,,-0.83,23,279,20.612,98.034,0.341,353.934,,,,,0
2026-10-05T16:00Z,2026-10-07T16:00Z,6285048,48,11.1,8,,,,h,8,,,,0,0,23.646,1.435,0,4.2,,-0.83,23,280,21.616,98.959,0.394,225.162,,,,,0
2026-10-05T16:00Z,2026-10-05T17:00Z,6287521,1,8.3,5.9,,,,h,5.9,,,,0,0,19.092,0.356,0.017,7,,-0.314,0,278,22.953,97.564,0.188,86.044,,,,,0
2026-10-05T16:00Z,2026-10-05T19:00Z,6287521,3,9.3,6.7,,,,h,6.7,,,,0,0,35.891,0.761,0.784,7,,-0.314,2,278,22.454,97.218,0.272,50.868,,,,,0
2026-10-05T16:00Z,2026-10-05T22:00Z,6287521,6,4,2.8,,,,h,2.8,,,,0,0,98.694,1.334,0.771,7,,-0.314,5,278,21.673,97.723,0.608,19.066,,,,,0
2026-10-05T16:00Z,2026-10-06T04:00Z,6287521,12,5.8,4.4,,,,h,4.4,,,,0,0,578.877,0.302,0.249,7,,-0.314,11,279,25.77,81.268,0.184,33.851,,,,,0
2026-10-05T16:00Z,2026-10-06T16:00Z,6287521,24,15.2,12.4,,,,h,12.4,,,,0,0,66.865,0.601,0,7,,-0.314,23,279,22.456,97.396,0.342,234.007,,,,,0
2026-10-05T16:00Z,2026-10-07T16:00Z,6287521,48,20.8,18.5,,,,h,18.5,,,,0,0,46.401,1.467,0,7,,-0.314,23,280,23.213,96.244,0.513,211.916,,,,,0
2026-10-05T16:00Z,2026-10-05T17:00Z,6289784,1,5.2,18.3,,,,h,18.3,,,,0,0,185.571,3.384,0.776,31.1,,1.182,0,278,23.863,96.02,2.23,21.314,,,,,0
2026-10-05T16:00Z,2026-10-05T19:00Z,6289784,3,3.2,11.5,,,,h,11.5,,,,0,0,251.988,4.698,0.119,31.1,,1.182,2,278,23.447,97.006,2.459,28.829,,,,,0
2026-10-05T16:00Z,2026-10-05T22:00Z,6289784,6,2.9,9.8,,,,h,9.8,,,,0,0,237.368,3.196,0.134,31.1,,1.182,5,278,23.403,96.001,1.052,32.82,,,,,0
2026-10-05T16:00Z,2026-10-06T04:00Z,6289784,12,4.6,12.8,,,,h,12.8,,,,0,0,986.219,7.647,0.1,31.1,,1.182,11,279,27.748,72.205,5.546,59.593,,,,,0
2026-10-05T16:00Z,2026-10-06T16:00Z,6289784,24,6.4,13.9,,,,h,13.9,,,,0,0,400.875,6.469,0,31.1,,1.182,23,279,23.765,79.306,3.276,73.599,,,,,0
2026-10-05T16:00Z,2026-10-07T16:00Z,6289784,48,13.9,21.8,,,,h,21.8,,,,0,0,59.884,3.684,0,31.1,,1.182,23,280,24.242,85.972,1.3,5.296,,,,,0
2026-10-05T16:00Z,2026-10-05T17:00Z,6291584,1,4.5,13.6,,,,h,13.6,,,,0,0.002,196.885,3.127,0.249,23,,1.014,0,278,21.598,98.429,1.689,7.124,,,,,0
2026-10-05T16:00Z,2026-10-05T19:00Z,6291584,3,3.2,9.7,,,,h,9.7,,,,0,0.004,129.995,2.96,0.271,23,,1.014,2,278,20.996,97.292,1.308,6.853,,,,,0
2026-10-05T16:00Z,2026-10-05T22:00Z,6291584,6,2.2,6.7,,,,h,6.7,,,,0,0.003,141.809,2.768,2.238,23,,1.014,5,278,20.779,97.043,1.252,7.184,,,,,0
2026-10-05T16:00Z,2026-10-06T04:00Z,6291584,12,3.7,9.2,,,,h,9.2,,,,0,0,579.865,3.202,0.365,23,,1.014,11,279,23.056,87.814,2.401,30.265,,,,,0
2026-10-05T16:00Z,2026-10-06T16:00Z,6291584,24,11.6,22,,,,h,22,,,,0,0,19.258,0.781,0,23,,1.014,23,279,21.517,92.504,0.418,350.006,,,,,0
2026-10-05T16:00Z,2026-10-07T16:00Z,6291584,48,15.7,23.1,,,,h,23.1,,,,0,0,24.102,0.08,0,23,,1.014,23,280,21.912,87.416,0.383,232.238,,,,,0
2026-10-05T16:00Z,2026-10-05T17:00Z,6291933,1,7.2,8.5,,,,h,8.5,,,,0,0,97.928,1.429,0.108,9.7,,0.153,0,278,22.084,98.714,0.502,47.887,,,,,0
2026-10-05T16:00Z,2026-10-05T19:00Z,6291933,3,5.7,6.7,,,,h,6.7,,,,0,0,86.628,1.344,0.538,9.7,,0.153,2,278,21.924,96.934,0.559,47.658,,,,,0
2026-10-05T16:00Z,2026-10-05T22:00Z,6291933,6,3.3,3.9,,,,h,3.9,,,,0,0,165.65,1.82,1.622,9.7,,0.153,5,278,20.954,99.239,0.619,51.999,,,,,0
2026-10-05T16:00Z,2026-10-06T04:00Z,6291933,12,1.7,2,,,,h,2,,,,0,0,491.099,2.401,0.22,9.7,,0.153,11,279,23.33,91.127,1.818,46.937,,,,,0
2026-10-05T16:00Z,2026-10-06T16:00Z,6291933,24,10.3,11.4,,,,h,11.4,,,,0,0,27.729,1.026,0,9.7,,0.153,23,279,21.672,94.064,0.407,334.047,,,,,0
2026-10-05T16:00Z,2026-10-07T16:00Z,6291933,48,18.4,19.5,,,,h,19.5,,,,0,0,29.557,0.833,0,9.7,,0.153,23,280,22.238,84.642,0.36,224.571,,,,,0
2026-10-05T16:00Z,2026-10-05T17:00Z,6294442,1,2.6,4.1,,,,h,4.1,,,,0,0,43.2,1.462,0,6.9,,0.372,0,278,20.926,98.504,0.826,344.784,,,,,0
2026-10-05T16:00Z,2026-10-05T19:00Z,6294442,3,3.2,4.9,,,,h,4.9,,,,0,0,57.484,1.977,1.284,6.9,,0.372,2,278,20.092,98.061,0.843,8.627,,,,,0
2026-10-05T16:00Z,2026-10-05T22:00Z,6294442,6,2.3,3.6,,,,h,3.6,,,,0,0,53.816,2.069,0.187,6.9,,0.372,5,278,19.962,97.177,0.769,356.305,,,,,0
2026-10-05T16:00Z,2026-10-06T04:00Z,6294442,12,2.2,3.3,,,,h,3.3,,,,0,0,868.05,1.182,0.437,6.9,,0.372,11,279,24.883,77.771,0.854,59.082,,,,,0
2026-10-05T16:00Z,2026-10-06T16:00Z,6294442,24,3.9,5.1,,,,h,5.1,,,,0,0,43.808,1.026,0,6.9,,0.372,23,279,21.232,95.656,0.387,340.416,,,,,0
2026-10-05T16:00Z,2026-10-07T16:00Z,6294442,48,10.9,12.6,,,,h,12.6,,,,0,0,14.968,0.812,0,6.9,,0.372,23,280,21.437,97.869,0.201,198.522,,,,,0
2026-10-05T16:00Z,2026-10-05T17:00Z,6300553,1,4.5,5,,,,h,5,,,,0,0.002,218.542,3.335,0.189,6.8,,0.088,0,278,21.713,98.247,1.716,11.157,,,,,0
2026-10-05T16:00Z,2026-10-05T19:00Z,6300553,3,3.2,3.6,,,,h,3.6,,,,0,0.004,152.498,3.009,0.293,6.8,,0.088,2,278,21.113,97.619,1.244,9.543,,,,,0
2026-10-05T16:00Z,2026-10-05T22:00Z,6300553,6,2.2,2.5,,,,h,2.5,,,,0,0.003,186.692,3.358,1.828,6.8,,0.088,5,278,20.757,97.383,1.515,9.262,,,,,0
2026-10-05T16:00Z,2026-10-06T04:00Z,6300553,12,3.7,4,,,,h,4,,,,0,0,583.263,3.102,0.3,6.8,,0.088,11,279,23.395,87.111,2.351,32.353,,,,,0
2026-10-05T16:00Z,2026-10-06T16:00Z,6300553,24,11.6,12.3,,,,h,12.3,,,,0,0,18.685,0.716,0,6.8,,0.088,23,279,21.601,93.84,0.467,325.878,,,,,0
2026-10-05T16:00Z,2026-10-07T16:00Z,6300553,48,15.7,16.2,,,,h,16.2,,,,0,0,24.943,0.36,0,6.8,,0.088,23,280,22.036,86.762,0.399,222.962,,,,,0
2026-10-05T16:00Z,2026-10-05T17:00Z,6301503,1,5.5,0.2,,,,h,0.2,,,,0,0,135.982,1.887,0.147,0,,-1.79,0,278,22.007,97.96,0.801,59.164,,,,,0
2026-10-05T16:00Z,2026-10-05T19:00Z,6301503,3,4,0,,,,h,0,,,,0,0,112.52,1.71,0.331,0,,-1.79,2,278,21.679,96.623,0.723,61.711,,,,,0
2026-10-05T16:00Z,2026-10-05T22:00Z,6301503,6,2.7,0,,,,h,0,,,,0,0,151.135,2.069,0.553,0,,-1.79,5,278,20.895,98.417,0.745,59.678,,,,,0
2026-10-05T16:00Z,2026-10-06T04:00Z,6301503,12,2.7,0,,,,h,0,,,,0,0,580.663,3.144,0.133,0,,-1.79,11,279,23.149,89.607,2.309,59.201,,,,,0
2026-10-05T16:00Z,2026-10-06T16:00Z,6301503,24,12.7,3.7,,,,h,3.7,,,,0,0,22.11,0.531,0,0,,-1.79,23,279,21.305,94.486,0.309,346.138,,,,,0
2026-10-05T16:00Z,2026-10-07T16:00Z,6301503,48,15.7,7.8,,,,h,7.8,,,,0,0,27.227,0.6,0,0,,-1.79,23,280,22.137,83.722,0.263,249.685,,,,,0
2026-10-05T16:00Z,2026-10-05T17:00Z,6309947,1,14,24.1,,,,h,24.1,,,,0,0.021,60.479,0.655,0.538,25.4,,0.535,0,278,25.311,96.061,0.635,56.695,,,,,0
2026-10-05T16:00Z,2026-10-05T19:00Z,6309947,3,8.1,13.9,,,,h,13.9,,,,0,0.016,79.482,1.653,0.014,25.4,,0.535,2,278,24.871,97.656,0.852,4.677,,,,,0
2026-10-05T16:00Z,2026-10-05T22:00Z,6309947,6,5.6,9.5,,,,h,9.5,,,,0,0.011,175.653,2.719,0,25.4,,0.535,5,278,24.639,96.975,0.965,50.436,,,,,0
2026-10-05T16:00Z,2026-10-06T04:00Z,6309947,12,4.1,6.7,,,,h,6.7,,,,0,0.002,1065.252,4.394,0.079,25.4,,0.535,11,279,29.707,73.283,3.419,63.536,,,,,0
2026-10-05T16:00Z,2026-10-06T16:00Z,6309947,24,23.4,32.5,,,,h,32.5,,,,0,0,83.145,1.406,0.812,25.4,,0.535,23,279,25.219,93.374,1.209,351.418,,,,,0
2026-10-05T16:00Z,2026-10-07T16:00Z,6309947,48,14.4,17.7,,,,h,17.7,,,,0,0,90.656,3.839,0,25.4,,0.535,23,280,25.147,87.37,1.667,19.229,,,,,0
2026-10-05T16:00Z,2026-10-05T17:00Z,6318469,1,8.4,8.4,,,,h,8.4,,,,0,0,17.791,0.076,0,,,0,0,278,23.276,96.817,0.033,94.049,,,,,0
2026-10-05T16:00Z,2026-10-05T19:00Z,6318469,3,7.7,7.7,,,,h,7.7,,,,0,0,36.232,0.462,0.728,,,0,2,278,22.759,96.281,0.166,58.917,,,,,0
2026-10-05T16:00Z,2026-10-05T22:00Z,6318469,6,3.6,3.6,,,,h,3.6,,,,0,0,75.597,1.373,0.994,,,0,5,278,21.78,97.787,0.558,26.843,,,,,0
2026-10-05T16:00Z,2026-10-06T04:00Z,6318469,12,7,7,,,,h,7,,,,0,0,511.324,0.54,0.454,,,0,11,279,25.554,82.585,0.462,199.592,,,,,0
2026-10-05T16:00Z,2026-10-06T16:00Z,6318469,24,17,17,,,,h,17,,,,0,0,35.778,1.005,0.102,,,0,23,279,22.634,97.821,0.456,211.087,,,,,0
2026-10-05T16:00Z,2026-10-07T16:00Z,6318469,48,20.1,20.1,,,,h,20.1,,,,0,0,47.766,1.473,0.005,,,0,23,280,23.297,95.353,0.404,220.03,,,,,0
2026-10-05T16:00Z,2026-10-05T17:00Z,6328962,1,22.9,25,,,,h,25,,,,0,0,179.217,3.322,1.569,27.4,,0.087,0,278,24.441,97.006,1.679,5.235,,,,,0
2026-10-05T16:00Z,2026-10-05T19:00Z,6328962,3,22.9,24.9,,,,h,24.9,,,,0,0.001,187.202,2.71,1.983,27.4,,0.087,2,278,23.95,95.296,1.584,9.882,,,,,0
2026-10-05T16:00Z,2026-10-05T22:00Z,6328962,6,13.5,14.6,,,,h,14.6,,,,0,0.003,137.827,1.958,0.041,27.4,,0.087,5,278,23.603,96.882,1.092,344.156,,,,,0
2026-10-05T16:00Z,2026-10-06T04:00Z,6328962,12,10.5,11.3,,,,h,11.3,,,,0,0.002,706.467,3.224,0.181,27.4,,0.087,11,279,27.911,80.099,2.586,42.819,,,,,0
2026-10-05T16:00Z,2026-10-06T16:00Z,6328962,24,28.1,29.6,,,,h,29.6,,,,0,0,159.118,3.471,0.163,27.4,,0.087,23,279,23.803,97.782,1.915,321.729,,,,,0
2026-10-05T16:00Z,2026-10-07T16:00Z,6328962,48,21.7,22.4,,,,h,22.4,,,,0,0,111.074,3.841,0,27.4,,0.087,23,280,24.739,90.24,1.87,331.802,,,,,0
2026-10-05T16:00Z,2026-10-05T17:00Z,6410306,1,8.4,7.3,,,,h,7.3,,,,0,0,53.292,0.371,0,10.5,,-0.124,0,278,21.209,97.363,0.197,317.837,,,,,0
2026-10-05T16:00Z,2026-10-05T19:00Z,6410306,3,7.7,6.8,,,,h,6.8,,,,0,0,65.701,1.322,0.518,10.5,,-0.124,2,278,20.784,97.173,0.521,42.877,,,,,0
2026-10-05T16:00Z,2026-10-05T22:00Z,6410306,6,3.6,3.1,,,,h,3.1,,,,0,0,73.575,1.155,0.662,10.5,,-0.124,5,278,20.381,97.927,0.629,348.321,,,,,0
2026-10-05T16:00Z,2026-10-06T04:00Z,6410306,12,7,6.3,,,,h,6.3,,,,0,0,565.857,0.616,0.921,10.5,,-0.124,11,279,23.966,84.31,0.431,18.627,,,,,0
2026-10-05T16:00Z,2026-10-06T16:00Z,6410306,24,17,15.7,,,,h,15.7,,,,0,0,16.875,0.087,0.272,10.5,,-0.124,23,279,21.168,96.47,0.098,43.926,,,,,0
2026-10-05T16:00Z,2026-10-07T16:00Z,6410306,48,20.1,19.2,,,,h,19.2,,,,0,0,18.887,1.027,0,10.5,,-0.124,23,280,21.02,99.462,0.14,147.72,,,,,0
2026-10-05T16:00Z,2026-10-05T17:00Z,6419381,1,2.9,2.1,,,,h,2.1,,,,0,0.001,34.377,1.51,0.079,,,-0.252,0,278,20.811,99.432,0.924,81.972,,,,,0
2026-10-05T16:00Z,2026-10-05T19:00Z,6419381,3,2.5,1.9,,,,h,1.9,,,,0,0,60.318,2.29,0.395,,,-0.252,2,278,20.55,99.426,1.212,52.662,,,,,0
2026-10-05T16:00Z,2026-10-05T22:00Z,6419381,6,4.4,3.5,,,,h,3.5,,,,0,0,86.557,1.41,0.385,,,-0.252,5,278,20.142,99.504,0.589,70.214,,,,,0
2026-10-05T16:00Z,2026-10-06T04:00Z,6419381,12,5,4.1,,,,h,4.1,,,,0,0,726.643,2.473,0.22,,,-0.252,11,279,24.326,80.592,1.797,98.9,,,,,0
2026-10-05T16:00Z,2026-10-06T16:00Z,6419381,24,4.4,3.7,,,,h,3.7,,,,0,0,40.662,0.86,0,,,-0.252,23,279,20.373,98.422,0.398,9.05,,,,,0
2026-10-05T16:00Z,2026-10-07T16:00Z,6419381,48,11.1,10.2,,,,h,10.2,,,,0,0,25.962,1.354,0,,,-0.252,23,280,21.366,99.026,0.325,224.197,,,,,0
2026-10-05T16:00Z,2026-10-05T17:00Z,6419429,1,23.9,42.6,,,,h,42.6,,,,0,0.002,59.419,0.155,0.157,29.9,,0.585,0,278,24.234,95.632,0.251,52.955,,,,,0
2026-10-05T16:00Z,2026-10-05T19:00Z,6419429,3,21,36.7,,,,h,36.7,,,,0,0.002,102.498,0.625,0.404,29.9,,0.585,2,278,23.762,96.638,0.49,255.627,,,,,0
2026-10-05T16:00Z,2026-10-05T22:00Z,6419429,6,9,15.6,,,,h,15.6,,,,0,0.001,162.72,3.366,0.485,29.9,,0.585,5,278,22.814,97.971,2.026,347.316,,,,,0
2026-10-05T16:00Z,2026-10-06T04:00Z,6419429,12,2.8,4.9,,,,h,4.9,,,,0,0,537.73,2.492,0.329,29.9,,0.585,11,279,25.661,86.377,2.041,23.867,,,,,0
2026-10-05T16:00Z,2026-10-06T16:00Z,6419429,24,4.8,7.2,,,,h,7.2,,,,0,0,134.122,3.111,2.472,29.9,,0.585,23,279,23.089,96.029,1.756,298.102,,,,,0
2026-10-05T16:00Z,2026-10-07T16:00Z,6419429,48,9.6,12.1,,,,h,12.1,,,,0,0,84.426,3.11,0.144,29.9,,0.585,23,280,23.857,95.133,1.678,296.843,,,,,0
2026-10-05T16:00Z,2026-10-05T17:00Z,6435325,1,14.3,28.3,,,,h,28.3,,,,0,0.002,203.234,2.287,1.377,28.2,,0.678,0,278,25.044,95.883,0.937,66.572,,,,,0
2026-10-05T16:00Z,2026-10-05T19:00Z,6435325,3,12.2,23.6,,,,h,23.6,,,,0,0.002,127.563,1.608,1.27,28.2,,0.678,2,278,24.757,95.485,0.976,33.719,,,,,0
2026-10-05T16:00Z,2026-10-05T22:00Z,6435325,6,10.9,20.4,,,,h,20.4,,,,0,0.002,108.569,1.48,0.027,28.2,,0.678,5,278,24.532,96.54,0.783,1.54,,,,,0
2026-10-05T16:00Z,2026-10-06T04:00Z,6435325,12,12.6,21.8,,,,h,21.8,,,,0,0.002,902.842,2.748,0.097,28.2,,0.678,11,279,29.302,76.082,2.198,61.365,,,,,0
2026-10-05T16:00Z,2026-10-06T16:00Z,6435325,24,16.1,24.6,,,,h,24.6,,,,0,0.001,135.246,2.821,0.97,28.2,,0.678,23,279,24.685,97.54,1.689,321.379,,,,,0
2026-10-05T16:00Z,2026-10-07T16:00Z,6435325,48,22.6,29.1,,,,h,29.1,,,,0,0,80.812,1.973,0,28.2,,0.678,23,280,25.92,86.97,0.698,17.374,,,,,0
2026-10-05T16:00Z,2026-10-05T17:00Z,6472300,1,1.7,4.7,,,,h,4.7,,,,0,0.002,497.521,6.961,0,6.9,,0.778,0,278,24.559,84.864,3.968,46.083,,,,,0
2026-10-05T16:00Z,2026-10-05T19:00Z,6472300,3,1.6,4.3,,,,h,4.3,,,,0,0.002,543.692,7.088,0,6.9,,0.778,2,278,24.13,84.839,4.034,43.554,,,,,0
2026-10-05T16:00Z,2026-10-05T22:00Z,6472300,6,1.9,4.7,,,,h,4.7,,,,0,0.003,565.134,7.853,0,6.9,,0.778,5,278,23.682,81.545,4.574,49.102,,,,,0
2026-10-05T16:00Z,2026-10-06T04:00Z,6472300,12,4.4,8.8,,,,h,8.8,,,,0,0.002,1053.964,7.81,0,6.9,,0.778,11,279,28.099,67.802,5.887,49.548,,,,,0
2026-10-05T16:00Z,2026-10-06T16:00Z,6472300,24,7.1,11.9,,,,h,11.9,,,,0,0,639.877,7.998,0,6.9,,0.778,23,279,23.622,73.634,4.934,46.964,,,,,0
2026-10-05T16:00Z,2026-10-07T16:00Z,6472300,48,15.4,20.7,,,,h,20.7,,,,0,0,588.146,7.319,0,6.9,,0.778,23,280,24.463,71.536,4.206,41.419,,,,,0
2026-10-05T16:00Z,2026-10-05T17:00Z,6486693,1,4.2,3.5,,,,h,3.5,,,,0,0.154,50.221,1.838,0.015,5.3,,-0.15,0,278,21.72,94.27,0.818,39.268,,,,,0
2026-10-05T16:00Z,2026-10-05T19:00Z,6486693,3,3.8,3.2,,,,h,3.2,,,,0,0.183,55.986,1.635,0.105,5.3,,-0.15,2,278,20.962,96.808,0.734,44.301,,,,,0
2026-10-05T16:00Z,2026-10-05T22:00Z,6486693,6,5,4.3,,,,h,4.3,,,,0,0.175,38.986,2.137,0.003,5.3,,-0.15,5,278,20.678,96.022,1.252,357.041,,,,,0
2026-10-05T16:00Z,2026-10-06T04:00Z,6486693,12,6.9,6,,,,h,6,,,,0,0.148,1186.589,0.786,0.015,5.3,,-0.15,11,279,28.593,67.082,0.616,259.137,,,,,0
2026-10-05T16:00Z,2026-10-06T16:00Z,6486693,24,6.2,5.6,,,,h,5.6,,,,0,0.017,74.535,2.385,0.091,5.3,,-0.15,23,279,21.978,91.036,1.257,23.755,,,,,0
2026-10-05T16:00Z,2026-10-07T16:00Z,6486693,48,5.3,5,,,,h,5,,,,0,0,36.809,1.678,0.266,5.3,,-0.15,23,280,22.256,95.973,0.645,6.112,,,,,0
2026-10-05T16:00Z,2026-10-05T17:00Z,6502940,1,4.3,17.2,,,,h,17.2,,,,0,0,360.787,4.169,1.212,20.9,,1.284,0,278,26.926,85.055,3.413,353.413,,,,,0
2026-10-05T16:00Z,2026-10-05T19:00Z,6502940,3,3.3,13,,,,h,13,,,,0,0,315.189,0.665,0.063,20.9,,1.284,2,278,26.87,84.899,0.744,246.104,,,,,0
2026-10-05T16:00Z,2026-10-05T22:00Z,6502940,6,3,11.1,,,,h,11.1,,,,0,0,64.912,1.03,0.129,20.9,,1.284,5,278,26.435,85.614,0.651,120.798,,,,,0
2026-10-05T16:00Z,2026-10-06T04:00Z,6502940,12,3.9,12,,,,h,12,,,,0,0,473.501,2.102,0.034,20.9,,1.284,11,279,27.856,79.005,1.87,164.793,,,,,0
2026-10-05T16:00Z,2026-10-06T16:00Z,6502940,24,2.9,7.4,,,,h,7.4,,,,0,0,417.594,0.464,0.006,20.9,,1.284,23,279,27.496,82.96,0.617,272.315,,,,,0
2026-10-05T16:00Z,2026-10-07T16:00Z,6502940,48,2.5,4.6,,,,h,4.6,,,,0,0,384.315,1.707,0.011,20.9,,1.284,23,280,27.167,84.229,1.389,334.056,,,,,0
2026-10-05T16:00Z,2026-10-05T17:00Z,3133267,1,24.3,15.5,,,,h,15.5,,,,0,0.008,198.591,3.992,2.954,15.44,,-0.453,0,278,24.687,96.771,2.192,355.555,,,,,0
2026-10-05T16:00Z,2026-10-05T19:00Z,3133267,3,22.4,14.6,,,,h,14.6,,,,0,0.008,195.256,2.898,3.71,15.44,,-0.453,2,278,24.143,94.868,1.843,350.264,,,,,0
2026-10-05T16:00Z,2026-10-05T22:00Z,3133267,6,15.5,10.2,,,,h,10.2,,,,0,0.004,162.506,2.045,0.079,15.44,,-0.453,5,278,24.151,96.207,1.037,338.542,,,,,0
2026-10-05T16:00Z,2026-10-06T04:00Z,3133267,12,8.7,5.9,,,,h,5.9,,,,0,0.004,726.462,2.877,0.193,15.44,,-0.453,11,279,28.508,78.85,2.365,50.129,,,,,0
2026-10-05T16:00Z,2026-10-06T16:00Z,3133267,24,25,19,,,,h,19,,,,0,0,196.934,3.872,0.231,15.44,,-0.453,23,279,24.524,97.207,2.253,323.47,,,,,0
2026-10-05T16:00Z,2026-10-07T16:00Z,3133267,48,15.6,13.1,,,,h,13.1,,,,0,0,144.376,4.496,0,15.44,,-0.453,23,280,25.862,88.129,2.142,342.499,,,,,0
2026-10-05T16:00Z,2026-10-05T17:00Z,1236024,1,8.4,9.3,,,,h,9.3,,,,0,0,56.44,0.815,0,13.9,,0.1,0,278,22.421,96.967,0.394,286.658,,,,,0
2026-10-05T16:00Z,2026-10-05T19:00Z,1236024,3,7.7,8.5,,,,h,8.5,,,,0,0,73.841,1.195,0.748,13.9,,0.1,2,278,21.878,96.27,0.449,33.854,,,,,0
2026-10-05T16:00Z,2026-10-05T22:00Z,1236024,6,3.6,4,,,,h,4,,,,0,0,89.942,1.362,0.94,13.9,,0.1,5,278,21.317,97.553,0.667,333.487,,,,,0
2026-10-05T16:00Z,2026-10-06T04:00Z,1236024,12,7,7.6,,,,h,7.6,,,,0,0,659.128,0.903,0.428,13.9,,0.1,11,279,25.655,80.522,0.802,314.259,,,,,0
2026-10-05T16:00Z,2026-10-06T16:00Z,1236024,24,17,18.1,,,,h,18.1,,,,0,0,20.767,0.278,0.327,13.9,,0.1,23,279,22.397,95.736,0.093,263.762,,,,,0
2026-10-05T16:00Z,2026-10-07T16:00Z,1236024,48,20.1,20.9,,,,h,20.9,,,,0,0,26.967,1.052,0,13.9,,0.1,23,280,22.38,98.794,0.238,154.85,,,,,0
2026-10-05T16:00Z,2026-10-05T17:00Z,3567158,1,3.4,1.2,,,,h,1.2,,,,0,0,87.948,1.899,0.156,0.2,,-0.712,0,278,19.776,99.232,1.127,75.805,,,,,0
2026-10-05T16:00Z,2026-10-05T19:00Z,3567158,3,3.1,1.1,,,,h,1.1,,,,0,0,91.84,2.028,0.424,0.2,,-0.712,2,278,19.55,99.441,0.947,67.767,,,,,0
2026-10-05T16:00Z,2026-10-05T22:00Z,3567158,6,2.6,0.9,,,,h,0.9,,,,0,0,149.22,2.577,0.541,0.2,,-0.712,5,278,19.273,99.56,1.293,49.294,,,,,0
2026-10-05T16:00Z,2026-10-06T04:00Z,3567158,12,4.8,2.4,,,,h,2.4,,,,0,0,642.721,2.843,0.657,0.2,,-0.712,11,279,22.201,81.51,2.068,68.722,,,,,0
2026-10-05T16:00Z,2026-10-06T16:00Z,3567158,24,10.3,6.4,,,,h,6.4,,,,0,0,41.525,2.039,0,0.2,,-0.712,23,279,19.866,84.627,0.854,73.122,,,,,0
2026-10-05T16:00Z,2026-10-07T16:00Z,3567158,48,7.5,5.6,,,,h,5.6,,,,0,0,19.82,1.211,0,0.2,,-0.712,23,280,19.825,83.88,0.469,119.476,,,,,0
2026-10-05T16:00Z,2026-10-05T17:00Z,3600183,1,4,4,,,,h,4,,,,0,0.022,151.414,2.802,0,7.7,,0.001,0,278,23.232,93.369,1.206,48.304,,,,,0
2026-10-05T16:00Z,2026-10-05T19:00Z,3600183,3,3.6,3.6,,,,h,3.6,,,,0,0.019,200.417,3.043,0,7.7,,0.001,2,278,22.513,95.146,1.243,33.748,,,,,0
2026-10-05T16:00Z,2026-10-05T22:00Z,3600183,6,3.1,3.1,,,,h,3.1,,,,0,0.015,237.192,3.531,0,7.7,,0.001,5,278,22.501,93.448,1.529,34.9,,,,,0
2026-10-05T16:00Z,2026-10-06T04:00Z,3600183,12,2.6,2.6,,,,h,2.6,,,,0,0.012,1055.441,5.908,0.033,7.7,,0.001,11,279,28.042,70.395,4.055,27.272,,,,,0
2026-10-05T16:00Z,2026-10-06T16:00Z,3600183,24,3.1,3.1,,,,h,3.1,,,,0,0.001,391.658,4.251,0,7.7,,0.001,23,279,22.596,88.354,2.284,29.956,,,,,0
2026-10-05T16:00Z,2026-10-07T16:00Z,3600183,48,8.1,8.1,,,,h,8.1,,,,0,0,352.079,3.748,0.014,7.7,,0.001,23,280,23.142,89.162,1.942,34.688,,,,,0
2026-10-05T16:00Z,2026-10-05T17:00Z,3663294,1,1.4,2.1,,,,h,2.1,,,,0,0.006,325.308,5.177,0,4.5,,0.257,0,278,23.699,89.674,2.626,47.339,,,,,0
2026-10-05T16:00Z,2026-10-05T19:00Z,3663294,3,1.2,1.8,,,,h,1.8,,,,0,0.007,377.554,5.448,0,4.5,,0.257,2,278,23.15,90.045,2.715,38.793,,,,,0
2026-10-05T16:00Z,2026-10-05T22:00Z,3663294,6,1.8,2.5,,,,h,2.5,,,,0,0.007,422.676,5.934,0,4.5,,0.257,5,278,23.038,87.382,3.076,45.839,,,,,0
2026-10-05T16:00Z,2026-10-06T04:00Z,3663294,12,4.6,5.8,,,,h,5.8,,,,0,0.005,1082.867,7.864,0.006,4.5,,0.257,11,279,27.845,69.013,5.576,38.394,,,,,0
2026-10-05T16:00Z,2026-10-06T16:00Z,3663294,24,9.6,11.4,,,,h,11.4,,,,0,0,565.479,6.568,0,4.5,,0.257,23,279,22.946,81.266,3.788,42.669,,,,,0
2026-10-05T16:00Z,2026-10-07T16:00Z,3663294,48,10.3,11.4,,,,h,11.4,,,,0,0,513.775,5.962,0,4.5,,0.257,23,280,23.542,81.241,3.25,39.774,,,,,0
2026-10-05T16:00Z,2026-10-05T17:00Z,3585658,1,1.1,5.6,,,,h,5.6,,,,0,0,105.238,2.135,0.113,5.8,,1.191,0,278,18.768,94.515,1.181,64.065,,,,,0
2026-10-05T16:00Z,2026-10-05T19:00Z,3585658,3,1.1,5.3,,,,h,5.3,,,,0,0,131.057,3.568,0.009,5.8,,1.191,2,278,18.403,95.336,1.782,62.231,,,,,0
2026-10-05T16:00Z,2026-10-05T22:00Z,3585658,6,1.7,6.6,,,,h,6.6,,,,0,0,138.609,3.622,0.007,5.8,,1.191,5,278,17.7,94.612,1.928,60.965,,,,,0
2026-10-05T16:00Z,2026-10-06T04:00Z,3585658,12,4.7,13.1,,,,h,13.1,,,,0,0,961.224,1.395,0.014,5.8,,1.191,11,279,24.546,60.016,1.079,341.522,,,,,0
2026-10-05T16:00Z,2026-10-06T16:00Z,3585658,24,4.7,10.6,,,,h,10.6,,,,0,0,40.446,2.114,0,5.8,,1.191,23,279,18.217,87.546,1.826,57.205,,,,,0
2026-10-05T16:00Z,2026-10-07T16:00Z,3585658,48,6.8,11,,,,h,11,,,,0,0,21.396,0.583,0,5.8,,1.191,23,280,18.449,83.569,0.918,39.084,,,,,0
2026-10-05T16:00Z,2026-10-05T17:00Z,6152097,1,8.3,8.3,,,,h,8.3,,,,0,0,10.205,0.19,0,,,0,0,278,23.843,96.093,0.095,275.899,,,,,0
2026-10-05T16:00Z,2026-10-05T19:00Z,6152097,3,9.3,9.3,,,,h,9.3,,,,0,0,29.493,0.482,0.889,,,0,2,278,23.159,95.166,0.184,73.516,,,,,0
2026-10-05T16:00Z,2026-10-05T22:00Z,6152097,6,4,4,,,,h,4,,,,0,0,82.344,1.513,1.071,,,0,5,278,21.986,97.973,0.8,35.982,,,,,0
2026-10-05T16:00Z,2026-10-06T04:00Z,6152097,12,5.8,5.8,,,,h,5.8,,,,0,0,514.278,0.097,0.207,,,0,11,279,26.43,77.727,0.063,18.734,,,,,0
2026-10-05T16:00Z,2026-10-06T16:00Z,6152097,24,15.2,15.2,,,,h,15.2,,,,0,0,36.719,1.12,0,,,0,23,279,23.181,97.866,0.419,183.314,,,,,0
2026-10-05T16:00Z,2026-10-07T16:00Z,6152097,48,20.8,20.8,,,,h,20.8,,,,0,0,59.162,1.554,0,,,0,23,280,23.779,95.022,0.425,213.525,,,,,0
2026-10-05T16:00Z,2026-10-05T17:00Z,3591608,1,3.4,1.1,,,,h,1.1,,,,0,0,72.849,1.818,0.001,,,-0.92,0,278,15.332,96.212,0.64,41.192,,,,,0
2026-10-05T16:00Z,2026-10-05T19:00Z,3591608,3,3.5,1.2,,,,h,1.2,,,,0,0,77.435,1.949,0,,,-0.92,2,278,15.018,96.425,0.742,25.99,,,,,0
2026-10-05T16:00Z,2026-10-05T22:00Z,3591608,6,3.9,1.5,,,,h,1.5,,,,0,0,106.613,2.217,0,,,-0.92,5,278,14.53,96.068,0.92,9.667,,,,,0
2026-10-05T16:00Z,2026-10-06T04:00Z,3591608,12,5.1,2.4,,,,h,2.4,,,,0,0,936.027,0.172,0.092,,,-0.92,11,279,21.433,62.757,0.154,319.116,,,,,0
2026-10-05T16:00Z,2026-10-06T16:00Z,3591608,24,8.1,4.8,,,,h,4.8,,,,0,0,42.279,2.051,0,,,-0.92,23,279,13.817,92.961,1.057,21.313,,,,,0
2026-10-05T16:00Z,2026-10-07T16:00Z,3591608,48,9.2,6.8,,,,h,6.8,,,,0,0,25.036,1.546,0,,,-0.92,23,280,14.025,84.493,0.767,11.169,,,,,0
2026-10-05T16:00Z,2026-10-05T17:00Z,3591607,1,2.6,2.6,,,,h,2.6,,,,0,0,339.051,3.343,0.014,,,0,0,278,17.726,88.579,1.607,75.07,,,,,0
2026-10-05T16:00Z,2026-10-05T19:00Z,3591607,3,3.4,3.4,,,,h,3.4,,,,0,0,339.317,3.522,0,,,0,2,278,17.385,88.326,1.758,70.393,,,,,0
2026-10-05T16:00Z,2026-10-05T22:00Z,3591607,6,4.6,4.6,,,,h,4.6,,,,0,0,305.729,3.341,0,,,0,5,278,16.55,89.76,1.654,70.749,,,,,0
2026-10-05T16:00Z,2026-10-06T04:00Z,3591607,12,4.3,4.3,,,,h,4.3,,,,0,0,975.234,1.973,0.027,,,0,11,279,22.488,62.109,1.363,63.658,,,,,0
2026-10-05T16:00Z,2026-10-06T16:00Z,3591607,24,6.1,6.1,,,,h,6.1,,,,0,0,43.988,2.332,0,,,0,23,279,16.268,85.861,1.311,67.733,,,,,0
2026-10-05T16:00Z,2026-10-07T16:00Z,3591607,48,6.9,6.9,,,,h,6.9,,,,0,0,23.912,1.323,0,,,0,23,280,16.285,84.632,0.836,61.586,,,,,0
2026-10-05T16:00Z,2026-10-05T17:00Z,2297552,1,1.3,1.3,,,,h,1.3,,,,0,0,23.811,0.507,0,,,0,0,278,20.622,99.976,0.223,69.053,,,,,0
2026-10-05T16:00Z,2026-10-05T19:00Z,2297552,3,1.7,1.7,,,,h,1.7,,,,0,0,39.819,0.552,0,,,0,2,278,20.595,100,0.306,26.708,,,,,0
2026-10-05T16:00Z,2026-10-05T22:00Z,2297552,6,1.6,1.6,,,,h,1.6,,,,0,0,56.115,0.951,0.412,,,0,5,278,20.59,98.519,0.574,28.797,,,,,0
2026-10-05T16:00Z,2026-10-06T04:00Z,2297552,12,2.8,2.8,,,,h,2.8,,,,0,0,589.785,1.598,0.169,,,0,11,279,24.816,78.32,1.134,123.786,,,,,0
2026-10-05T16:00Z,2026-10-06T16:00Z,2297552,24,2.6,2.6,,,,h,2.6,,,,0,0,26.252,1.034,0,,,0,23,279,20.059,98.948,0.428,105.449,,,,,0
2026-10-05T16:00Z,2026-10-07T16:00Z,2297552,48,2.3,2.3,,,,h,2.3,,,,0,0,14.625,0.227,0,,,0,23,280,20.706,98.942,0.053,255.01,,,,,0
2026-10-05T16:00Z,2026-10-05T17:00Z,5755932,1,13.5,13.5,,,,h,13.5,,,,0,0.022,72.236,0.636,0.392,,,0,0,278,25.809,92.147,0.847,357.865,,,,,0
2026-10-05T16:00Z,2026-10-05T19:00Z,5755932,3,9.3,9.3,,,,h,9.3,,,,0,0.022,149.627,3.061,0,,,0,2,278,25.366,93.081,1.699,41.321,,,,,0
2026-10-05T16:00Z,2026-10-05T22:00Z,5755932,6,8.4,8.4,,,,h,8.4,,,,0,0.01,175.086,2.81,0,,,0,5,278,25.064,94.596,1.69,15.194,,,,,0
2026-10-05T16:00Z,2026-10-06T04:00Z,5755932,12,8.9,8.9,,,,h,8.9,,,,0,0.004,1127.608,2.134,0.103,,,0,11,279,31.582,65.754,1.734,13.099,,,,,0
2026-10-05T16:00Z,2026-10-06T16:00Z,5755932,24,8.8,8.8,,,,h,8.8,,,,0,0,111.427,0.655,1.944,,,0,23,279,24.069,96.13,0.062,16.267,,,,,0
2026-10-05T16:00Z,2026-10-07T16:00Z,5755932,48,9.7,9.7,,,,h,9.7,,,,0,0,182.137,2.82,0.167,,,0,23,280,24.796,96.614,1.604,290.178,,,,,0
2026-10-05T16:00Z,2026-10-05T17:00Z,3503722,1,2.1,2.1,,,,h,2.1,,,,0,0,76.888,2.092,0.19,,,0,0,278,21.578,98.585,1.138,44.568,,,,,0
2026-10-05T16:00Z,2026-10-05T19:00Z,3503722,3,2.1,2.1,,,,h,2.1,,,,0,0,62.147,1.268,0.73,,,0,2,278,21.082,97.747,0.798,22.314,,,,,0
2026-10-05T16:00Z,2026-10-05T22:00Z,3503722,6,2.2,2.2,,,,h,2.2,,,,0,0,208.45,3.1,0.727,,,0,5,278,21.059,97.975,1.374,41.45,,,,,0
2026-10-05T16:00Z,2026-10-06T04:00Z,3503722,12,5.3,5.3,,,,h,5.3,,,,0,0,490.577,2.694,0.849,,,0,11,279,22.772,87.309,1.914,42.418,,,,,0
2026-10-05T16:00Z,2026-10-06T16:00Z,3503722,24,12.5,12.5,,,,h,12.5,,,,0,0,32.864,1.892,0,,,0,23,279,21.018,90.483,1.003,33.462,,,,,0
2026-10-05T16:00Z,2026-10-07T16:00Z,3503722,48,11.7,11.7,,,,h,11.7,,,,0,0,24.151,1.124,0,,,0,23,280,20.843,88.276,0.723,64.934,,,,,0
2026-10-05T16:00Z,2026-10-05T17:00Z,6284174,1,2.9,2.9,,,,h,2.9,,,,0,0.001,33.388,1.414,0.079,,,0,0,278,20.936,99.229,0.868,77.766,,,,,0
2026-10-05T16:00Z,2026-10-05T19:00Z,6284174,3,2.5,2.5,,,,h,2.5,,,,0,0,60.994,2.224,0.412,,,0,2,278,20.655,99.254,1.19,49.239,,,,,0
2026-10-05T16:00Z,2026-10-05T22:00Z,6284174,6,4.4,4.4,,,,h,4.4,,,,0,0,90.075,1.357,0.392,,,0,5,278,20.206,99.505,0.564,64.439,,,,,0
2026-10-05T16:00Z,2026-10-06T04:00Z,6284174,12,5,5,,,,h,5,,,,0,0,701,2.27,0.221,,,0,11,279,24.362,81.165,1.621,94.667,,,,,0
2026-10-05T16:00Z,2026-10-06T16:00Z,6284174,24,4.4,4.4,,,,h,4.4,,,,0,0,48.218,0.917,0,,,0,23,279,20.529,98.154,0.391,8.398,,,,,0
2026-10-05T16:00Z,2026-10-07T16:00Z,6284174,48,11.1,11.1,,,,h,11.1,,,,0,0,27.153,1.305,0,,,0,23,280,21.471,98.708,0.321,222.19,,,,,0
2026-10-05T16:00Z,2026-10-05T17:00Z,1236063,1,20.6,20.6,,,,h,20.6,,,,0,0.009,180.345,2.081,1.854,,,0,0,278,24.769,96.18,0.775,65.619,,,,,0
2026-10-05T16:00Z,2026-10-05T19:00Z,1236063,3,15.6,15.6,,,,h,15.6,,,,0,0.002,109.286,1.394,1.679,,,0,2,278,24.534,95.388,0.909,32.905,,,,,0
2026-10-05T16:00Z,2026-10-05T22:00Z,1236063,6,15.1,15.1,,,,h,15.1,,,,0,0.003,128.156,1.297,0.036,,,0,5,278,24.472,96.375,0.684,17.483,,,,,0
2026-10-05T16:00Z,2026-10-06T04:00Z,1236063,12,9,9,,,,h,9,,,,0,0.005,962.434,2.427,0.074,,,0,11,279,29.417,74.931,1.947,74.285,,,,,0
2026-10-05T16:00Z,2026-10-06T16:00Z,1236063,24,25.3,25.3,,,,h,25.3,,,,0,0.001,149.672,2.942,1.372,,,0,23,279,24.569,97.203,1.954,312.722,,,,,0
2026-10-05T16:00Z,2026-10-07T16:00Z,1236063,48,21.8,21.8,,,,h,21.8,,,,0,0,80.262,1.648,0,,,0,23,280,25.953,88.055,0.648,18.518,,,,,0
2026-10-05T16:00Z,2026-10-05T17:00Z,3553303,1,3.1,3.1,,,,h,3.1,,,,0,0,559.495,5.679,0,,,0,0,278,19.84,78.54,2.883,92.139,,,,,0
2026-10-05T16:00Z,2026-10-05T19:00Z,3553303,3,4,4,,,,h,4,,,,0,0,533.938,5.403,0,,,0,2,278,19.182,80.68,2.651,92.431,,,,,0
2026-10-05T16:00Z,2026-10-05T22:00Z,3553303,6,5.2,5.2,,,,h,5.2,,,,0,0,461.654,3.971,0,,,0,5,278,18.412,83.382,1.715,93.016,,,,,0
2026-10-05T16:00Z,2026-10-06T04:00Z,3553303,12,5.8,5.8,,,,h,5.8,,,,0,0,1068.075,3.083,0,,,0,11,279,23.233,63.279,2.242,79.547,,,,,0
2026-10-05T16:00Z,2026-10-06T16:00Z,3553303,24,6.1,6.1,,,,h,6.1,,,,0,0,57.995,3.749,0,,,0,23,279,18.459,77.603,1.678,100.122,,,,,0
2026-10-05T16:00Z,2026-10-07T16:00Z,3553303,48,5.8,5.8,,,,h,5.8,,,,0,0,40.704,3.622,0,,,0,23,280,18.824,73.191,1.576,109.035,,,,,0
2026-10-05T16:00Z,2026-10-05T17:00Z,2843713,1,3.3,4.4,,,,h,4.4,,,,0,0,236.778,2.675,0.441,,,0.298,0,278,24.761,95.594,1.569,17.279,,,,,0
2026-10-05T16:00Z,2026-10-05T19:00Z,2843713,3,3.2,4.2,,,,h,4.2,,,,0,0.001,282.478,3.612,0.346,,,0.298,2,278,24.066,95.703,1.857,32.956,,,,,0
2026-10-05T16:00Z,2026-10-05T22:00Z,2843713,6,2.3,3.1,,,,h,3.1,,,,0,0,268.804,2.893,0.713,,,0.298,5,278,23.559,95.294,1.078,34.305,,,,,0
2026-10-05T16:00Z,2026-10-06T04:00Z,2843713,12,3.9,4.9,,,,h,4.9,,,,0,0,926.97,6.757,0.1,,,0.298,11,279,28.305,73.273,5.003,56.467,,,,,0
2026-10-05T16:00Z,2026-10-06T16:00Z,2843713,24,4.1,4.9,,,,h,4.9,,,,0,0,437.867,6.469,0,,,0.298,23,279,23.969,80.111,3.41,56.397,,,,,0
2026-10-05T16:00Z,2026-10-07T16:00Z,2843713,48,13.6,14.9,,,,h,14.9,,,,0,0,164.025,3.897,0,,,0.298,23,280,24.889,84.333,1.443,23.711,,,,,0
